ISO-10303-21;
HEADER;
FILE_DESCRIPTION (( 'STEP AP214' ),
    '1' );
FILE_NAME ('10145226-0241N13LF.STEP',
    '2022-07-17T20:44:14',
    ( '' ),
    ( '' ),
    'SwSTEP 2.0',
    'SolidWorks 2017',
    '' );
FILE_SCHEMA (( 'AUTOMOTIVE_DESIGN' ));
ENDSEC;

DATA;
#1 = EDGE_CURVE ( 'NONE', #6612, #6206, #8952, .T. ) ;
#2 = APPLICATION_CONTEXT ( 'automotive_design' ) ;
#3 = DIRECTION ( 'NONE',  ( 0.0000000000000000000, 0.0000000000000000000, 1.000000000000000000 ) ) ;
#4 = CARTESIAN_POINT ( 'NONE',  ( 87.54999999999998300, 7.554575353243456700E-015, -1.600000000000000100 ) ) ;
#5 = DIRECTION ( 'NONE',  ( -2.891205793294675400E-016, 1.000000000000000000, 0.0000000000000000000 ) ) ;
#6 = CYLINDRICAL_SURFACE ( 'NONE', #2722, 1.000000000000000900 ) ;
#7 = ORIENTED_EDGE ( 'NONE', *, *, #3354, .T. ) ;
#8 = VECTOR ( 'NONE', #2269, 1000.000000000000000 ) ;
#9 = FACE_OUTER_BOUND ( 'NONE', #6520, .T. ) ;
#10 = CARTESIAN_POINT ( 'NONE',  ( 31.44999999999998500, -6.557669535046819700E-015, -5.400000000000000400 ) ) ;
#11 =( LENGTH_UNIT ( ) NAMED_UNIT ( * ) SI_UNIT ( .MILLI., .METRE. ) );
#12 = VECTOR ( 'NONE', #55, 1000.000000000000000 ) ;
#13 =( REPRESENTATION_RELATIONSHIP ('NONE','NONE', #6135, #6228 ) REPRESENTATION_RELATIONSHIP_WITH_TRANSFORMATION ( #347 )SHAPE_REPRESENTATION_RELATIONSHIP( ) );
#14 = DIRECTION ( 'NONE',  ( 3.965082230804126700E-015, -1.000000000000000000, 0.0000000000000000000 ) ) ;
#15 = ORIENTED_EDGE ( 'NONE', *, *, #1673, .T. ) ;
#16 = ADVANCED_FACE ( 'NONE', ( #6242 ), #3701, .T. ) ;
#17 = CONTEXT_DEPENDENT_SHAPE_REPRESENTATION ( #6994, #1865 ) ;
#18 = EDGE_CURVE ( 'NONE', #8072, #1632, #4562, .T. ) ;
#19 = CONTEXT_DEPENDENT_SHAPE_REPRESENTATION ( #1532, #6813 ) ;
#20 = ORIENTED_EDGE ( 'NONE', *, *, #3702, .T. ) ;
#21 = LINE ( 'NONE', #8432, #3459 ) ;
#22 = LINE ( 'NONE', #1505, #7420 ) ;
#23 = CARTESIAN_POINT ( 'NONE',  ( -72.50000000000000000, 16.79999999999983700, 3.210000000000000000 ) ) ;
#24 = DIRECTION ( 'NONE',  ( 1.000000000000000000, 0.0000000000000000000, 0.0000000000000000000 ) ) ;
#25 = CARTESIAN_POINT ( 'NONE',  ( 70.99999999999998600, 2.550000000000016300, 1.250000000000000000 ) ) ;
#26 = ORIENTED_EDGE ( 'NONE', *, *, #3575, .T. ) ;
#27 = DIRECTION ( 'NONE',  ( 0.0000000000000000000, 0.0000000000000000000, 1.000000000000000000 ) ) ;
#28 = DIRECTION ( 'NONE',  ( 1.000000000000000000, 0.0000000000000000000, 0.0000000000000000000 ) ) ;
#29 = EDGE_CURVE ( 'NONE', #6483, #2288, #7936, .T. ) ;
#30 = CARTESIAN_POINT ( 'NONE',  ( -64.29999999999999700, 14.83999999999983100, 1.249999999999996400 ) ) ;
#31 = LINE ( 'NONE', #521, #3804 ) ;
#32 = DIRECTION ( 'NONE',  ( -0.0000000000000000000, 1.000000000000000000, 0.0000000000000000000 ) ) ;
#33 = CARTESIAN_POINT ( 'NONE',  ( -70.99999999999998600, 0.3999999999999913100, -3.249999999999990700 ) ) ;
#34 = CYLINDRICAL_SURFACE ( 'NONE', #2003, 2.000000000000001800 ) ;
#35 = EDGE_CURVE ( 'NONE', #6302, #2344, #8043, .T. ) ;
#36 = ORIENTED_EDGE ( 'NONE', *, *, #6691, .T. ) ;
#37 = ORIENTED_EDGE ( 'NONE', *, *, #1422, .F. ) ;
#38 = DIRECTION ( 'NONE',  ( 1.000000000000000000, 0.0000000000000000000, 0.0000000000000000000 ) ) ;
#39 = VECTOR ( 'NONE', #5230, 1000.000000000000000 ) ;
#40 = ITEM_DEFINED_TRANSFORMATION ( 'NONE', 'NONE', #2552,  #7076 ) ;
#41 = ORIENTED_EDGE ( 'NONE', *, *, #1509, .F. ) ;
#42 = AXIS2_PLACEMENT_3D ( 'NONE', #588, #5580, #6272 ) ;
#43 = CARTESIAN_POINT ( 'NONE',  ( 34.84999999999998000, -6.144897074977688500E-015, -5.400000000000000400 ) ) ;
#44 = DIRECTION ( 'NONE',  ( -0.0000000000000000000, -1.000000000000000000, -0.0000000000000000000 ) ) ;
#45 = ITEM_DEFINED_TRANSFORMATION ( 'NONE', 'NONE', #4057,  #7076 ) ;
#46 = CARTESIAN_POINT ( 'NONE',  ( 47.59999999999998000, -1.522684856181768500E-015, -3.800000000000000300 ) ) ;
#47 = ADVANCED_FACE ( 'NONE', ( #2539 ), #3953, .T. ) ;
#48 = FILL_AREA_STYLE ('',( #5764 ) ) ;
#49 = AXIS2_PLACEMENT_3D ( 'NONE', #8889, #3865, #4642 ) ;
#50 = VECTOR ( 'NONE', #7185, 1000.000000000000000 ) ;
#51 = ITEM_DEFINED_TRANSFORMATION ( 'NONE', 'NONE', #7838,  #7076 ) ;
#52 = ORIENTED_EDGE ( 'NONE', *, *, #1872, .T. ) ;
#53 = UNCERTAINTY_MEASURE_WITH_UNIT (LENGTH_MEASURE( 1.000000000000000100E-005 ), #3239, 'distance_accuracy_value', 'NONE');
#54 = DIRECTION ( 'NONE',  ( -0.0000000000000000000, -0.0000000000000000000, 1.000000000000000000 ) ) ;
#55 = DIRECTION ( 'NONE',  ( 0.0000000000000000000, -0.0000000000000000000, -1.000000000000000000 ) ) ;
#56 = ORIENTED_EDGE ( 'NONE', *, *, #361, .T. ) ;
#57 = CARTESIAN_POINT ( 'NONE',  ( 68.77500000000000600, -2.184533761093347500E-016, -0.8999999999999998000 ) ) ;
#58 = AXIS2_PLACEMENT_3D ( 'NONE', #4661, #4637, #1649 ) ;
#59 = VECTOR ( 'NONE', #170, 1000.000000000000000 ) ;
#60 =( REPRESENTATION_RELATIONSHIP ('NONE','NONE', #6135, #6228 ) REPRESENTATION_RELATIONSHIP_WITH_TRANSFORMATION ( #4270 )SHAPE_REPRESENTATION_RELATIONSHIP( ) );
#61 = CARTESIAN_POINT ( 'NONE',  ( -66.87500000000000000, 15.59999999999998200, 0.7900000000000089200 ) ) ;
#62 = VERTEX_POINT ( 'NONE', #7547 ) ;
#63 = PLANE ( 'NONE',  #8274 ) ;
#64 = AXIS2_PLACEMENT_3D ( 'NONE', #549, #6233, #4877 ) ;
#65 = EDGE_LOOP ( 'NONE', ( #8439, #3639, #1273, #232, #2511, #121, #8263, #6620, #4118, #7035, #5546, #3540 ) ) ;
#66 = PRODUCT_DEFINITION_SHAPE ( 'NONE', 'NONE',  #9118 ) ;
#67 = CARTESIAN_POINT ( 'NONE',  ( -71.00000000000001400, 20.89999999999983900, -3.210000000000000000 ) ) ;
#68 = AXIS2_PLACEMENT_3D ( 'NONE', #4359, #881, #8650 ) ;
#69 = EDGE_CURVE ( 'NONE', #1010, #3820, #3417, .T. ) ;
#70 = ADVANCED_FACE ( 'NONE', ( #767 ), #2549, .T. ) ;
#71 = CARTESIAN_POINT ( 'NONE',  ( 67.46999999999999900, 9.167771687820288000, -1.249999999999998700 ) ) ;
#72 = FACE_OUTER_BOUND ( 'NONE', #8415, .T. ) ;
#73 = PRODUCT_DEFINITION_SHAPE ( 'NONE', 'NONE',  #9209 ) ;
#74 = VERTEX_POINT ( 'NONE', #335 ) ;
#75 = ITEM_DEFINED_TRANSFORMATION ( 'NONE', 'NONE', #6089,  #7076 ) ;
#76 = DIRECTION ( 'NONE',  ( 0.0000000000000000000, 0.0000000000000000000, 1.000000000000000000 ) ) ;
#77 =( REPRESENTATION_RELATIONSHIP ('NONE','NONE', #6135, #6228 ) REPRESENTATION_RELATIONSHIP_WITH_TRANSFORMATION ( #7490 )SHAPE_REPRESENTATION_RELATIONSHIP( ) );
#78 = CARTESIAN_POINT ( 'NONE',  ( -70.99999999999998600, 14.79999999999983600, -1.250000000000000200 ) ) ;
#79 = PRODUCT_DEFINITION_SHAPE ( 'NONE', 'NONE',  #9247 ) ;
#80 = CIRCLE ( 'NONE', #5107, 1.000000000000000900 ) ;
#81 = EDGE_CURVE ( 'NONE', #7509, #3754, #5568, .T. ) ;
#82 = DIRECTION ( 'NONE',  ( 0.0000000000000000000, 0.0000000000000000000, 1.000000000000000000 ) ) ;
#83 = ORIENTED_EDGE ( 'NONE', *, *, #6603, .T. ) ;
#84 = CONTEXT_DEPENDENT_SHAPE_REPRESENTATION ( #862, #7312 ) ;
#85 = CARTESIAN_POINT ( 'NONE',  ( 70.20000000000001700, 6.450000000000001100, 2.500000000000000000 ) ) ;
#86 = DIRECTION ( 'NONE',  ( 0.0000000000000000000, 0.0000000000000000000, -1.000000000000000000 ) ) ;
#87 = ORIENTED_EDGE ( 'NONE', *, *, #4633, .T. ) ;
#88 = LINE ( 'NONE', #2752, #2737 ) ;
#89 = DIRECTION ( 'NONE',  ( 1.225453863971292700E-016, -1.000000000000000000, 0.0000000000000000000 ) ) ;
#90 = ORIENTED_EDGE ( 'NONE', *, *, #8742, .T. ) ;
#91 = DIRECTION ( 'NONE',  ( 0.0000000000000000000, -1.000000000000000000, 0.0000000000000000000 ) ) ;
#92 = CONTEXT_DEPENDENT_SHAPE_REPRESENTATION ( #7929, #6587 ) ;
#93 = PLANE ( 'NONE',  #7893 ) ;
#94 = EDGE_CURVE ( 'NONE', #6206, #380, #425, .T. ) ;
#95 =( REPRESENTATION_RELATIONSHIP ('NONE','NONE', #6135, #6228 ) REPRESENTATION_RELATIONSHIP_WITH_TRANSFORMATION ( #2266 )SHAPE_REPRESENTATION_RELATIONSHIP( ) );
#96 = PLANE ( 'NONE',  #6652 ) ;
#97 = DIRECTION ( 'NONE',  ( 1.000000000000000000, 0.0000000000000000000, -0.0000000000000000000 ) ) ;
#98 = DIRECTION ( 'NONE',  ( 0.0000000000000000000, -1.000000000000000000, 0.0000000000000000000 ) ) ;
#99 = ORIENTED_EDGE ( 'NONE', *, *, #1217, .F. ) ;
#100 = PRODUCT_DEFINITION_SHAPE ( 'NONE', 'NONE',  #9048 ) ;
#101 = VERTEX_POINT ( 'NONE', #8760 ) ;
#102 = CARTESIAN_POINT ( 'NONE',  ( 27.19999999999999900, 3.302179680553051100E-015, 0.0000000000000000000 ) ) ;
#103 =( REPRESENTATION_RELATIONSHIP ('NONE','NONE', #6135, #6228 ) REPRESENTATION_RELATIONSHIP_WITH_TRANSFORMATION ( #1855 )SHAPE_REPRESENTATION_RELATIONSHIP( ) );
#104 = DIRECTION ( 'NONE',  ( -0.0000000000000000000, 1.000000000000000000, -3.441911658684148300E-016 ) ) ;
#105 = VERTEX_POINT ( 'NONE', #3278 ) ;
#106 = ORIENTED_EDGE ( 'NONE', *, *, #6666, .T. ) ;
#107 = AXIS2_PLACEMENT_3D ( 'NONE', #7232, #2905, #7940 ) ;
#108 = LINE ( 'NONE', #4917, #1012 ) ;
#109 = DIRECTION ( 'NONE',  ( 0.0000000000000000000, 0.0000000000000000000, 1.000000000000000000 ) ) ;
#110 = DIRECTION ( 'NONE',  ( -0.0000000000000000000, -6.123233995736441900E-017, -1.000000000000000000 ) ) ;
#111 = ADVANCED_FACE ( 'NONE', ( #6815 ), #8235, .T. ) ;
#112 = ORIENTED_EDGE ( 'NONE', *, *, #638, .F. ) ;
#113 = AXIS2_PLACEMENT_3D ( 'NONE', #307, #3121, #3788 ) ;
#114 = ORIENTED_EDGE ( 'NONE', *, *, #2913, .T. ) ;
#115 = VECTOR ( 'NONE', #4644, 1000.000000000000000 ) ;
#116 = DIRECTION ( 'NONE',  ( -0.0000000000000000000, 0.0000000000000000000, -1.000000000000000000 ) ) ;
#117 = CARTESIAN_POINT ( 'NONE',  ( 70.99999999999998600, 4.234711976998479300, 0.9249999999999978200 ) ) ;
#118 = EDGE_CURVE ( 'NONE', #2457, #8615, #8155, .T. ) ;
#119 = CARTESIAN_POINT ( 'NONE',  ( 64.29999999999999700, 19.29999999999983000, 3.210000000000000000 ) ) ;
#120 = DIRECTION ( 'NONE',  ( 1.000000000000000000, 1.225453863971292700E-016, 0.0000000000000000000 ) ) ;
#121 = ORIENTED_EDGE ( 'NONE', *, *, #69, .T. ) ;
#122 =( REPRESENTATION_RELATIONSHIP ('NONE','NONE', #6135, #6228 ) REPRESENTATION_RELATIONSHIP_WITH_TRANSFORMATION ( #357 )SHAPE_REPRESENTATION_RELATIONSHIP( ) );
#123 = CARTESIAN_POINT ( 'NONE',  ( 5.774999999999995900, -1.000000000000007800, -1.099999999999999900 ) ) ;
#124 = ORIENTED_EDGE ( 'NONE', *, *, #2530, .F. ) ;
#125 = LINE ( 'NONE', #8399, #6614 ) ;
#126 = CYLINDRICAL_SURFACE ( 'NONE', #5796, 1.000000000000000900 ) ;
#127 = CIRCLE ( 'NONE', #5966, 1.000000000000000900 ) ;
#128 = CARTESIAN_POINT ( 'NONE',  ( 68.20000000000001700, 6.450000000000001100, 2.750000000000008900 ) ) ;
#129 = CARTESIAN_POINT ( 'NONE',  ( 5.575000000000001100, 5.399999999999975500, -4.746008088970501900 ) ) ;
#130 = ITEM_DEFINED_TRANSFORMATION ( 'NONE', 'NONE', #4963,  #7076 ) ;
#131 = VECTOR ( 'NONE', #1419, 1000.000000000000000 ) ;
#133 = ORIENTED_EDGE ( 'NONE', *, *, #8378, .T. ) ;
#132 = DIRECTION ( 'NONE',  ( 1.000000000000000000, 0.0000000000000000000, 0.0000000000000000000 ) ) ;
#134 = CIRCLE ( 'NONE', #1884, 1.000000000000000900 ) ;
#135 = CARTESIAN_POINT ( 'NONE',  ( -68.77499999999999100, -1.000000000000016900, -1.249999999999999800 ) ) ;
#136 = CONTEXT_DEPENDENT_SHAPE_REPRESENTATION ( #747, #5002 ) ;
#137 = EDGE_CURVE ( 'NONE', #6453, #6557, #2967, .T. ) ;
#138 =( REPRESENTATION_RELATIONSHIP ('NONE','NONE', #6135, #6228 ) REPRESENTATION_RELATIONSHIP_WITH_TRANSFORMATION ( #1106 )SHAPE_REPRESENTATION_RELATIONSHIP( ) );
#139 = ORIENTED_EDGE ( 'NONE', *, *, #2635, .F. ) ;
#140 = ADVANCED_FACE ( 'NONE', ( #212 ), #2932, .F. ) ;
#141 = DIRECTION ( 'NONE',  ( 0.0000000000000000000, -0.9426414910921805400, 0.3338068592337646900 ) ) ;
#142 = VECTOR ( 'NONE', #4407, 1000.000000000000000 ) ;
#143 = DIRECTION ( 'NONE',  ( 1.000000000000000000, 0.0000000000000000000, 0.0000000000000000000 ) ) ;
#144 = DIRECTION ( 'NONE',  ( 0.0000000000000000000, -1.000000000000000000, 0.0000000000000000000 ) ) ;
#145 = CARTESIAN_POINT ( 'NONE',  ( 69.99999999999998600, 3.234711976998478900, 0.9249999999999978200 ) ) ;
#146 = ORIENTED_EDGE ( 'NONE', *, *, #6144, .F. ) ;
#147 = EDGE_CURVE ( 'NONE', #7687, #6821, #1322, .T. ) ;
#148 = ITEM_DEFINED_TRANSFORMATION ( 'NONE', 'NONE', #1318,  #7076 ) ;
#149 = CARTESIAN_POINT ( 'NONE',  ( 70.99999999999998600, 5.421010862427522200E-017, -3.249999999999990700 ) ) ;
#150 = EDGE_LOOP ( 'NONE', ( #5605, #8174, #7091, #3784, #7228, #6326, #1149, #4526, #99, #8786 ) ) ;
#151 = DIRECTION ( 'NONE',  ( 1.000000000000000000, 0.0000000000000000000, 0.0000000000000000000 ) ) ;
#152 = VECTOR ( 'NONE', #5428, 1000.000000000000000 ) ;
#153 = DIRECTION ( 'NONE',  ( -0.0000000000000000000, -0.0000000000000000000, -1.000000000000000000 ) ) ;
#154 = DIRECTION ( 'NONE',  ( -1.000000000000000000, 0.0000000000000000000, 0.0000000000000000000 ) ) ;
#155 = ITEM_DEFINED_TRANSFORMATION ( 'NONE', 'NONE', #5905,  #7076 ) ;
#156 =( REPRESENTATION_RELATIONSHIP ('NONE','NONE', #6135, #6228 ) REPRESENTATION_RELATIONSHIP_WITH_TRANSFORMATION ( #6660 )SHAPE_REPRESENTATION_RELATIONSHIP( ) );
#157 = ORIENTED_EDGE ( 'NONE', *, *, #4672, .F. ) ;
#158 = CARTESIAN_POINT ( 'NONE',  ( 4.875000000000000900, 2.399999999999971900, -4.746008088970501900 ) ) ;
#159 = PRODUCT_DEFINITION_SHAPE ( 'NONE', 'NONE',  #9037 ) ;
#160 = DIRECTION ( 'NONE',  ( -0.0000000000000000000, -1.000000000000000000, -0.0000000000000000000 ) ) ;
#161 = ADVANCED_FACE ( 'NONE', ( #5893 ), #4891, .T. ) ;
#162 = PLANE ( 'NONE',  #6812 ) ;
#163 = CARTESIAN_POINT ( 'NONE',  ( 66.87500000000009900, 2.400000000000013200, 0.7899999999999919300 ) ) ;
#164 = LINE ( 'NONE', #4850, #490 ) ;
#165 = EDGE_CURVE ( 'NONE', #2938, #7241, #8732, .T. ) ;
#166 = AXIS2_PLACEMENT_3D ( 'NONE', #5722, #2092, #7727 ) ;
#167 = ORIENTED_EDGE ( 'NONE', *, *, #374, .F. ) ;
#168 = DIRECTION ( 'NONE',  ( 1.000000000000000000, 0.0000000000000000000, 0.0000000000000000000 ) ) ;
#169 = DIRECTION ( 'NONE',  ( 1.000000000000000000, 0.0000000000000000000, 0.0000000000000000000 ) ) ;
#170 = DIRECTION ( 'NONE',  ( -0.0000000000000000000, -0.0000000000000000000, -1.000000000000000000 ) ) ;
#171 = VECTOR ( 'NONE', #6870, 1000.000000000000000 ) ;
#172 = AXIS2_PLACEMENT_3D ( 'NONE', #6125, #1772, #306 ) ;
#173 = ORIENTED_EDGE ( 'NONE', *, *, #8534, .T. ) ;
#174 = ITEM_DEFINED_TRANSFORMATION ( 'NONE', 'NONE', #5789,  #7076 ) ;
#175 = ORIENTED_EDGE ( 'NONE', *, *, #2935, .F. ) ;
#176 = DIRECTION ( 'NONE',  ( -1.000000000000000000, 0.0000000000000000000, -0.0000000000000000000 ) ) ;
#177 = CARTESIAN_POINT ( 'NONE',  ( 64.29999999999999700, 6.299999999999999800, -0.7900000000000077000 ) ) ;
#178 = AXIS2_PLACEMENT_3D ( 'NONE', #6100, #7465, #1677 ) ;
#179 = DIRECTION ( 'NONE',  ( 1.000000000000000000, 0.0000000000000000000, 0.0000000000000000000 ) ) ;
#180 = LINE ( 'NONE', #2651, #8011 ) ;
#181 = VERTEX_POINT ( 'NONE', #464 ) ;
#182 = ORIENTED_EDGE ( 'NONE', *, *, #1332, .F. ) ;
#183 = DIRECTION ( 'NONE',  ( -0.0000000000000000000, -0.0000000000000000000, -1.000000000000000000 ) ) ;
#184 = DIRECTION ( 'NONE',  ( 0.0000000000000000000, -1.000000000000000000, -0.0000000000000000000 ) ) ;
#185 = CARTESIAN_POINT ( 'NONE',  ( -64.29999999999999700, 15.59999999999998500, -0.7899999999999920400 ) ) ;
#186 = CARTESIAN_POINT ( 'NONE',  ( 75.64999999999997700, -1.191627554148111300E-015, -5.400000000000000400 ) ) ;
#187 = DIRECTION ( 'NONE',  ( -7.542275982507847300E-016, 1.000000000000000000, -0.0000000000000000000 ) ) ;
#188 = AXIS2_PLACEMENT_3D ( 'NONE', #6175, #6903, #2593 ) ;
#189 =( REPRESENTATION_RELATIONSHIP ('NONE','NONE', #6135, #6228 ) REPRESENTATION_RELATIONSHIP_WITH_TRANSFORMATION ( #4961 )SHAPE_REPRESENTATION_RELATIONSHIP( ) );
#190 = PLANE ( 'NONE',  #4117 ) ;
#191 = CIRCLE ( 'NONE', #5883, 1.000000000000000900 ) ;
#192 = CARTESIAN_POINT ( 'NONE',  ( 115.5999999999999800, 1.403426364235046700E-014, 0.0000000000000000000 ) ) ;
#193 = ORIENTED_EDGE ( 'NONE', *, *, #5174, .T. ) ;
#194 = CARTESIAN_POINT ( 'NONE',  ( 72.99999999999998600, 16.79999999999983700, 3.210000000000000000 ) ) ;
#195 = ITEM_DEFINED_TRANSFORMATION ( 'NONE', 'NONE', #703,  #7076 ) ;
#196 = EDGE_CURVE ( 'NONE', #2110, #7958, #4037, .T. ) ;
#197 = CYLINDRICAL_SURFACE ( 'NONE', #501, 1.000000000000000900 ) ;
#198 = ORIENTED_EDGE ( 'NONE', *, *, #3815, .T. ) ;
#199 = EDGE_CURVE ( 'NONE', #6142, #6034, #7270, .T. ) ;
#200 = DIRECTION ( 'NONE',  ( 0.0000000000000000000, 0.3338068592337647400, 0.9426414910921806500 ) ) ;
#201 = VECTOR ( 'NONE', #5339, 1000.000000000000000 ) ;
#202 = CARTESIAN_POINT ( 'NONE',  ( 64.29999999999999700, 15.60000000000010800, 0.7899999999999921500 ) ) ;
#203 = ADVANCED_FACE ( 'NONE', ( #1976 ), #8452, .F. ) ;
#204 = ORIENTED_EDGE ( 'NONE', *, *, #8808, .F. ) ;
#205 = CARTESIAN_POINT ( 'NONE',  ( 70.20000000000001700, 0.4000000000000086300, 3.249999999999991100 ) ) ;
#206 = EDGE_CURVE ( 'NONE', #5327, #4957, #2213, .T. ) ;
#207 = PRODUCT_DEFINITION_SHAPE ( 'NONE', 'NONE',  #9167 ) ;
#208 = ORIENTED_EDGE ( 'NONE', *, *, #7892, .T. ) ;
#209 = CARTESIAN_POINT ( 'NONE',  ( -67.29999999999999700, 10.59999999999998200, 1.499999999999998700 ) ) ;
#210 = DIRECTION ( 'NONE',  ( 0.0000000000000000000, 0.0000000000000000000, -1.000000000000000000 ) ) ;
#211 = ORIENTED_EDGE ( 'NONE', *, *, #2757, .T. ) ;
#212 = FACE_OUTER_BOUND ( 'NONE', #8657, .T. ) ;
#213 = EDGE_CURVE ( 'NONE', #7719, #1484, #6588, .T. ) ;
#214 = CARTESIAN_POINT ( 'NONE',  ( 64.79999999999999700, 16.79999999999983700, -3.210000000000000000 ) ) ;
#215 = PRODUCT_DEFINITION_SHAPE ( 'NONE', 'NONE',  #9121 ) ;
#216 = ORIENTED_EDGE ( 'NONE', *, *, #6303, .T. ) ;
#217 = ORIENTED_EDGE ( 'NONE', *, *, #2733, .T. ) ;
#218 = FACE_OUTER_BOUND ( 'NONE', #1797, .T. ) ;
#219 = PRODUCT_DEFINITION_SHAPE ( 'NONE', 'NONE',  #9226 ) ;
#220 = AXIS2_PLACEMENT_3D ( 'NONE', #1471, #2914, #466 ) ;
#221 = CARTESIAN_POINT ( 'NONE',  ( 40.79999999999999700, 4.953269520829576600E-015, 0.0000000000000000000 ) ) ;
#222 = CARTESIAN_POINT ( 'NONE',  ( 38.24999999999999300, 1.569374682241050500E-015, -1.600000000000000100 ) ) ;
#223 = AXIS2_PLACEMENT_3D ( 'NONE', #2270, #2958, #8766 ) ;
#224 = ORIENTED_EDGE ( 'NONE', *, *, #8768, .F. ) ;
#225 = PRODUCT_DEFINITION_SHAPE ( 'NONE', 'NONE',  #9294 ) ;
#226 = VERTEX_POINT ( 'NONE', #6931 ) ;
#227 = FACE_OUTER_BOUND ( 'NONE', #4224, .T. ) ;
#228 = FACE_OUTER_BOUND ( 'NONE', #3276, .T. ) ;
#229 = CARTESIAN_POINT ( 'NONE',  ( 64.79999999999999700, 16.79999999999983700, 3.210000000000000000 ) ) ;
#230 = AXIS2_PLACEMENT_3D ( 'NONE', #8266, #6091, #1140 ) ;
#231 = LINE ( 'NONE', #7104, #8656 ) ;
#232 = ORIENTED_EDGE ( 'NONE', *, *, #4856, .T. ) ;
#233 = CIRCLE ( 'NONE', #2372, 1.000000000000000900 ) ;
#234 = DIRECTION ( 'NONE',  ( 1.000000000000000000, 0.0000000000000000000, -0.0000000000000000000 ) ) ;
#235 = LINE ( 'NONE', #5018, #6490 ) ;
#236 = AXIS2_PLACEMENT_3D ( 'NONE', #4739, #4113, #3302 ) ;
#237 = DIRECTION ( 'NONE',  ( -1.000000000000000000, 0.0000000000000000000, 0.0000000000000000000 ) ) ;
#238 = EDGE_CURVE ( 'NONE', #1907, #8150, #4343, .T. ) ;
#239 = CARTESIAN_POINT ( 'NONE',  ( 0.0000000000000000000, 0.0000000000000000000, 0.0000000000000000000 ) ) ;
#240 = DIRECTION ( 'NONE',  ( -5.551115123125800100E-015, 1.000000000000000000, 0.0000000000000000000 ) ) ;
#241 =( REPRESENTATION_RELATIONSHIP ('NONE','NONE', #6135, #6228 ) REPRESENTATION_RELATIONSHIP_WITH_TRANSFORMATION ( #2925 )SHAPE_REPRESENTATION_RELATIONSHIP( ) );
#242 = CARTESIAN_POINT ( 'NONE',  ( 68.77500000000000600, -3.779999999999991800, -1.049999999999998500 ) ) ;
#243 = LINE ( 'NONE', #6784, #5698 ) ;
#244 = CIRCLE ( 'NONE', #4470, 1.960000000000003500 ) ;
#245 = ORIENTED_EDGE ( 'NONE', *, *, #1975, .T. ) ;
#246 = CARTESIAN_POINT ( 'NONE',  ( 30.59999999999999800, 3.714952140622182200E-015, 0.0000000000000000000 ) ) ;
#247 = ORIENTED_EDGE ( 'NONE', *, *, #5729, .T. ) ;
#248 = EDGE_CURVE ( 'NONE', #1880, #5176, #7597, .T. ) ;
#249 = ORIENTED_EDGE ( 'NONE', *, *, #4734, .T. ) ;
#250 = VECTOR ( 'NONE', #6239, 1000.000000000000000 ) ;
#251 = CARTESIAN_POINT ( 'NONE',  ( 5.774999999999995900, -1.000000000000007800, -1.249999999999999800 ) ) ;
#252 = DIRECTION ( 'NONE',  ( 1.000000000000000000, 0.0000000000000000000, -0.0000000000000000000 ) ) ;
#253 = ORIENTED_EDGE ( 'NONE', *, *, #513, .F. ) ;
#254 = CARTESIAN_POINT ( 'NONE',  ( -67.46999999999999900, 14.54617907673292300, -3.154593947050260200 ) ) ;
#255 = DIRECTION ( 'NONE',  ( 7.542275982507847300E-016, -1.000000000000000000, 0.0000000000000000000 ) ) ;
#256 = FACE_OUTER_BOUND ( 'NONE', #4233, .T. ) ;
#257 = DIRECTION ( 'NONE',  ( 0.0000000000000000000, 0.0000000000000000000, 1.000000000000000000 ) ) ;
#258 = CONTEXT_DEPENDENT_SHAPE_REPRESENTATION ( #593, #1124 ) ;
#259 = EDGE_CURVE ( 'NONE', #5014, #6110, #2744, .T. ) ;
#260 = CLOSED_SHELL ( 'NONE', ( #8627, #161, #1364, #7764, #2741, #915, #734, #5575, #4220, #1285, #5117, #674, #3456, #2054, #2452, #8907, #5075, #3735, #8957, #7948, #7188, #3886, #140, #2177, #3600, #4187, #8045, #3413, #5735, #2787, #3644, #2835, #583, #6375, #7051, #7937, #754, #3793, #2699 ) ) ;
#261 = AXIS2_PLACEMENT_3D ( 'NONE', #356, #5648, #6403 ) ;
#262 = CARTESIAN_POINT ( 'NONE',  ( -69.17499999999998300, -1.712358942959331700E-014, 1.100000000000000300 ) ) ;
#263 = CARTESIAN_POINT ( 'NONE',  ( 69.20000000000001700, 6.450000000000001100, 2.750000000000008900 ) ) ;
#264 = CARTESIAN_POINT ( 'NONE',  ( -70.99999999999998600, 4.234711976998479300, 1.249999999999998400 ) ) ;
#265 = CONTEXT_DEPENDENT_SHAPE_REPRESENTATION ( #3078, #3178 ) ;
#266 = CARTESIAN_POINT ( 'NONE',  ( -64.29999999999999700, 9.167771687820288000, -1.249999999999998700 ) ) ;
#267 = CARTESIAN_POINT ( 'NONE',  ( -64.29999999999999700, 3.234711976998478900, 0.9249999999999978200 ) ) ;
#268 =( REPRESENTATION_RELATIONSHIP ('NONE','NONE', #6135, #6228 ) REPRESENTATION_RELATIONSHIP_WITH_TRANSFORMATION ( #2713 )SHAPE_REPRESENTATION_RELATIONSHIP( ) );
#269 = DIRECTION ( 'NONE',  ( -1.000000000000000000, 0.0000000000000000000, 0.0000000000000000000 ) ) ;
#270 = ITEM_DEFINED_TRANSFORMATION ( 'NONE', 'NONE', #7603,  #7076 ) ;
#271 = ORIENTED_EDGE ( 'NONE', *, *, #3479, .F. ) ;
#272 = CARTESIAN_POINT ( 'NONE',  ( 102.0000000000000000, 1.238317380207394200E-014, 0.0000000000000000000 ) ) ;
#273 = CARTESIAN_POINT ( 'NONE',  ( -69.20000000000001700, 0.3999999999999915300, -2.750000000000008900 ) ) ;
#274 = CARTESIAN_POINT ( 'NONE',  ( -68.77499999999999100, -3.780000000000008200, 1.049999999999999800 ) ) ;
#275 = EDGE_CURVE ( 'NONE', #5864, #8063, #4225, .T. ) ;
#276 = PRESENTATION_LAYER_ASSIGNMENT (  '', '', ( #6630 ) ) ;
#277 = VECTOR ( 'NONE', #7586, 1000.000000000000000 ) ;
#278 = ORIENTED_EDGE ( 'NONE', *, *, #7692, .T. ) ;
#279 = DIRECTION ( 'NONE',  ( 1.000000000000000000, 0.0000000000000000000, 0.0000000000000000000 ) ) ;
#280 = DIRECTION ( 'NONE',  ( 0.0000000000000000000, 0.0000000000000000000, 1.000000000000000000 ) ) ;
#281 =( REPRESENTATION_RELATIONSHIP ('NONE','NONE', #6135, #6228 ) REPRESENTATION_RELATIONSHIP_WITH_TRANSFORMATION ( #4202 )SHAPE_REPRESENTATION_RELATIONSHIP( ) );
#282 = ORIENTED_EDGE ( 'NONE', *, *, #548, .F. ) ;
#283 = DIRECTION ( 'NONE',  ( -1.000000000000000000, 0.0000000000000000000, 0.0000000000000000000 ) ) ;
#284 = DIRECTION ( 'NONE',  ( 0.0000000000000000000, 0.0000000000000000000, 1.000000000000000000 ) ) ;
#285 = AXIS2_PLACEMENT_3D ( 'NONE', #6723, #2971, #5341 ) ;
#286 = CYLINDRICAL_SURFACE ( 'NONE', #389, 2.000000000000001800 ) ;
#287 = DIRECTION ( 'NONE',  ( -0.7071067811865475700, 0.7071067811865475700, 0.0000000000000000000 ) ) ;
#288 = VERTEX_POINT ( 'NONE', #3574 ) ;
#289 = DIRECTION ( 'NONE',  ( 1.000000000000000000, 0.0000000000000000000, 0.0000000000000000000 ) ) ;
#290 = ORIENTED_EDGE ( 'NONE', *, *, #1, .T. ) ;
#291 = ORIENTED_EDGE ( 'NONE', *, *, #1474, .T. ) ;
#292 = LINE ( 'NONE', #1544, #3852 ) ;
#293 = PLANE ( 'NONE',  #8638 ) ;
#294 = ORIENTED_EDGE ( 'NONE', *, *, #374, .T. ) ;
#295 = DIRECTION ( 'NONE',  ( 0.0000000000000000000, 0.0000000000000000000, 1.000000000000000000 ) ) ;
#296 = AXIS2_PLACEMENT_3D ( 'NONE', #6731, #8211, #5279 ) ;
#297 = DIRECTION ( 'NONE',  ( 0.0000000000000000000, -1.000000000000000000, 2.675990735810954300E-016 ) ) ;
#298 = DIRECTION ( 'NONE',  ( 1.000000000000000000, 3.469446951953606000E-014, -0.0000000000000000000 ) ) ;
#299 =( REPRESENTATION_RELATIONSHIP ('NONE','NONE', #6135, #6228 ) REPRESENTATION_RELATIONSHIP_WITH_TRANSFORMATION ( #148 )SHAPE_REPRESENTATION_RELATIONSHIP( ) );
#300 = DIRECTION ( 'NONE',  ( -0.0000000000000000000, -0.0000000000000000000, -1.000000000000000000 ) ) ;
#301 = DIRECTION ( 'NONE',  ( 0.0000000000000000000, 0.0000000000000000000, 1.000000000000000000 ) ) ;
#302 = CARTESIAN_POINT ( 'NONE',  ( 70.20000000000001700, 6.450000000000001100, 2.500000000000000000 ) ) ;
#303 = VECTOR ( 'NONE', #378, 1000.000000000000000 ) ;
#304 = EDGE_CURVE ( 'NONE', #226, #8084, #3868, .T. ) ;
#305 = ORIENTED_EDGE ( 'NONE', *, *, #1931, .T. ) ;
#306 = DIRECTION ( 'NONE',  ( 1.000000000000000000, 0.0000000000000000000, 0.0000000000000000000 ) ) ;
#307 = CARTESIAN_POINT ( 'NONE',  ( 34.84999999999999400, 1.156602222171919000E-015, -1.600000000000000100 ) ) ;
#308 = VECTOR ( 'NONE', #865, 1000.000000000000000 ) ;
#309 = DIRECTION ( 'NONE',  ( 0.0000000000000000000, -1.000000000000000000, 0.0000000000000000000 ) ) ;
#310 = ORIENTED_EDGE ( 'NONE', *, *, #1268, .T. ) ;
#311 = CARTESIAN_POINT ( 'NONE',  ( 70.99999999999998600, 10.60000000000000000, -3.249999999999990700 ) ) ;
#312 = COLOUR_RGB ( '',0.2509803921568627400, 0.2509803921568627400, 0.2509803921568627400 ) ;
#313 = CARTESIAN_POINT ( 'NONE',  ( 64.29999999999999700, 9.167771687820280800, 1.249999999999998700 ) ) ;
#314 = EDGE_CURVE ( 'NONE', #6035, #3803, #3749, .T. ) ;
#315 = DIRECTION ( 'NONE',  ( 0.7071067811865474600, 0.7071067811865474600, 0.0000000000000000000 ) ) ;
#316 = DIRECTION ( 'NONE',  ( 1.000000000000000000, 0.0000000000000000000, 0.0000000000000000000 ) ) ;
#317 = DIRECTION ( 'NONE',  ( 0.0000000000000000000, 0.0000000000000000000, 1.000000000000000000 ) ) ;
#318 = ORIENTED_EDGE ( 'NONE', *, *, #7998, .T. ) ;
#319 = ORIENTED_EDGE ( 'NONE', *, *, #5922, .F. ) ;
#320 = VECTOR ( 'NONE', #8618, 1000.000000000000000 ) ;
#321 = CARTESIAN_POINT ( 'NONE',  ( -72.75000000000001400, 20.89999999999983900, -3.210000000000000000 ) ) ;
#322 = PRODUCT_DEFINITION_SHAPE ( 'NONE', 'NONE',  #9108 ) ;
#323 = DIRECTION ( 'NONE',  ( -1.000000000000000000, 1.982541115402063700E-015, 0.0000000000000000000 ) ) ;
#324 = CARTESIAN_POINT ( 'NONE',  ( -72.99999999999998600, 16.79999999999983700, -3.210000000000000900 ) ) ;
#325 = ORIENTED_EDGE ( 'NONE', *, *, #1584, .F. ) ;
#326 = EDGE_CURVE ( 'NONE', #3020, #5577, #3995, .T. ) ;
#327 =( REPRESENTATION_RELATIONSHIP ('NONE','NONE', #6135, #6228 ) REPRESENTATION_RELATIONSHIP_WITH_TRANSFORMATION ( #2918 )SHAPE_REPRESENTATION_RELATIONSHIP( ) );
#328 = DIRECTION ( 'NONE',  ( 0.0000000000000000000, 0.9426414910921805400, 0.3338068592337649100 ) ) ;
#329 = VERTEX_POINT ( 'NONE', #8815 ) ;
#330 = AXIS2_PLACEMENT_3D ( 'NONE', #5259, #2361, #8093 ) ;
#331 = LINE ( 'NONE', #2568, #115 ) ;
#332 = DIRECTION ( 'NONE',  ( 0.0000000000000000000, 0.0000000000000000000, 1.000000000000000000 ) ) ;
#333 = ADVANCED_BREP_SHAPE_REPRESENTATION ( '', ( #8020, #2716, #7076 ), #1506 ) ;
#334 = PLANE ( 'NONE',  #750 ) ;
#335 = CARTESIAN_POINT ( 'NONE',  ( -69.97499999999999400, 0.3999999999999914700, 2.250000000000000000 ) ) ;
#336 = VERTEX_POINT ( 'NONE', #1575 ) ;
#337 = DIRECTION ( 'NONE',  ( -0.0000000000000000000, -0.9426414910921805400, -0.3338068592337649100 ) ) ;
#338 = AXIS2_PLACEMENT_3D ( 'NONE', #2229, #7255, #143 ) ;
#340 = ORIENTED_EDGE ( 'NONE', *, *, #6921, .T. ) ;
#339 = CARTESIAN_POINT ( 'NONE',  ( 54.39999999999999900, 6.604359361106102100E-015, 0.0000000000000000000 ) ) ;
#341 = CYLINDRICAL_SURFACE ( 'NONE', #5498, 1.960000000000003500 ) ;
#342 = LINE ( 'NONE', #4329, #1902 ) ;
#343 = CARTESIAN_POINT ( 'NONE',  ( 51.84999999999999400, 3.220464522517576500E-015, -1.600000000000000100 ) ) ;
#344 =( REPRESENTATION_RELATIONSHIP ('NONE','NONE', #6135, #6228 ) REPRESENTATION_RELATIONSHIP_WITH_TRANSFORMATION ( #6225 )SHAPE_REPRESENTATION_RELATIONSHIP( ) );
#345 = LINE ( 'NONE', #2630, #5820 ) ;
#346 = PLANE ( 'NONE',  #6984 ) ;
#347 = ITEM_DEFINED_TRANSFORMATION ( 'NONE', 'NONE', #5457,  #7076 ) ;
#348 = DIRECTION ( 'NONE',  ( -1.000000000000000000, 0.0000000000000000000, 0.0000000000000000000 ) ) ;
#349 = FACE_OUTER_BOUND ( 'NONE', #5932, .T. ) ;
#350 = ORIENTED_EDGE ( 'NONE', *, *, #870, .T. ) ;
#351 = VECTOR ( 'NONE', #5675, 1000.000000000000000 ) ;
#352 = LINE ( 'NONE', #2427, #2904 ) ;
#353 = DIRECTION ( 'NONE',  ( -0.0000000000000000000, -0.0000000000000000000, 1.000000000000000000 ) ) ;
#354 = VERTEX_POINT ( 'NONE', #2343 ) ;
#355 = AXIS2_PLACEMENT_3D ( 'NONE', #5146, #4366, #884 ) ;
#356 = CARTESIAN_POINT ( 'NONE',  ( -69.20000000000001700, 6.450000000000001100, -2.500000000000000000 ) ) ;
#358 = PRODUCT_DEFINITION_SHAPE ( 'NONE', 'NONE',  #9170 ) ;
#357 = ITEM_DEFINED_TRANSFORMATION ( 'NONE', 'NONE', #230,  #7076 ) ;
#359 = CARTESIAN_POINT ( 'NONE',  ( 68.77500000000000600, -3.779999999999991800, -0.8999999999999984700 ) ) ;
#360 = CIRCLE ( 'NONE', #764, 1.000000000000000900 ) ;
#361 = EDGE_CURVE ( 'NONE', #7743, #8684, #5462, .T. ) ;
#362 = DIRECTION ( 'NONE',  ( 1.000000000000000000, 0.0000000000000000000, 0.0000000000000000000 ) ) ;
#363 = VERTEX_POINT ( 'NONE', #4475 ) ;
#364 = DIRECTION ( 'NONE',  ( 0.0000000000000000000, -1.000000000000000000, 0.0000000000000000000 ) ) ;
#365 = PRODUCT_DEFINITION_SHAPE ( 'NONE', 'NONE',  #9225 ) ;
#366 = CARTESIAN_POINT ( 'NONE',  ( 91.79999999999999700, 1.114485642186654800E-014, 0.0000000000000000000 ) ) ;
#367 = CARTESIAN_POINT ( 'NONE',  ( -67.29999999999998300, 2.550000000000016300, 1.250000000000000000 ) ) ;
#368 = CONTEXT_DEPENDENT_SHAPE_REPRESENTATION ( #2515, #5007 ) ;
#369 = VECTOR ( 'NONE', #8058, 1000.000000000000000 ) ;
#370 = DIRECTION ( 'NONE',  ( 1.000000000000000000, 1.225453863971292700E-016, 0.0000000000000000000 ) ) ;
#371 = CONTEXT_DEPENDENT_SHAPE_REPRESENTATION ( #4142, #1687 ) ;
#372 = ORIENTED_EDGE ( 'NONE', *, *, #1035, .F. ) ;
#373 = PRODUCT_DEFINITION_SHAPE ( 'NONE', 'NONE',  #9279 ) ;
#374 = EDGE_CURVE ( 'NONE', #6090, #2342, #6006, .T. ) ;
#375 = DIRECTION ( 'NONE',  ( 1.000000000000000000, 0.0000000000000000000, 0.0000000000000000000 ) ) ;
#376 = CARTESIAN_POINT ( 'NONE',  ( -69.20000000000001700, 6.450000000000001100, -0.9249999999999982700 ) ) ;
#377 = VECTOR ( 'NONE', #27, 1000.000000000000000 ) ;
#378 = DIRECTION ( 'NONE',  ( 1.000000000000000000, 1.225453863971293700E-016, 0.0000000000000000000 ) ) ;
#379 = ITEM_DEFINED_TRANSFORMATION ( 'NONE', 'NONE', #772,  #7076 ) ;
#380 = VERTEX_POINT ( 'NONE', #2287 ) ;
#381 = DIRECTION ( 'NONE',  ( 0.0000000000000000000, 0.0000000000000000000, 1.000000000000000000 ) ) ;
#382 = CARTESIAN_POINT ( 'NONE',  ( 4.249999999999994700, -2.558349918450262900E-015, -1.600000000000000100 ) ) ;
#384 = UNCERTAINTY_MEASURE_WITH_UNIT (LENGTH_MEASURE( 1.000000000000000100E-005 ), #7023, 'distance_accuracy_value', 'NONE');
#383 = DIRECTION ( 'NONE',  ( 0.0000000000000000000, 0.0000000000000000000, 1.000000000000000000 ) ) ;
#385 = LINE ( 'NONE', #3124, #2286 ) ;
#386 = EDGE_CURVE ( 'NONE', #3719, #5176, #5793, .T. ) ;
#387 = ORIENTED_EDGE ( 'NONE', *, *, #6807, .T. ) ;
#388 = DIRECTION ( 'NONE',  ( 0.0000000000000000000, 0.0000000000000000000, -1.000000000000000000 ) ) ;
#389 = AXIS2_PLACEMENT_3D ( 'NONE', #7808, #4256, #7019 ) ;
#390 = AXIS2_PLACEMENT_3D ( 'NONE', #3821, #1709, #6727 ) ;
#391 = ORIENTED_EDGE ( 'NONE', *, *, #3702, .F. ) ;
#392 = DIRECTION ( 'NONE',  ( 1.000000000000000000, 0.0000000000000000000, 0.0000000000000000000 ) ) ;
#393 = DIRECTION ( 'NONE',  ( 1.000000000000000000, 1.225453863971292700E-016, -0.0000000000000000000 ) ) ;
#394 = CARTESIAN_POINT ( 'NONE',  ( -71.10219790857384200, 15.44954889085436500, -1.340927669639338000 ) ) ;
#395 = CARTESIAN_POINT ( 'NONE',  ( 69.25000000000000000, 20.49999999999984000, 3.210000000000000000 ) ) ;
#396 = ADVANCED_FACE ( 'NONE', ( #7327 ), #5876, .F. ) ;
#397 = VECTOR ( 'NONE', #4974, 1000.000000000000000 ) ;
#398 = CARTESIAN_POINT ( 'NONE',  ( 103.6999999999999900, 1.258956003210850700E-014, 0.0000000000000000000 ) ) ;
#399 = VERTEX_POINT ( 'NONE', #5194 ) ;
#400 = CARTESIAN_POINT ( 'NONE',  ( -67.29999999999998300, 7.100000000000000500, -1.250000000000000000 ) ) ;
#401 = ORIENTED_EDGE ( 'NONE', *, *, #8005, .T. ) ;
#402 = CARTESIAN_POINT ( 'NONE',  ( 68.77500000000000600, -3.779999999999991800, -1.049999999999998500 ) ) ;
#403 = AXIS2_PLACEMENT_3D ( 'NONE', #3766, #2358, #879 ) ;
#404 = DIRECTION ( 'NONE',  ( -1.225453863971292700E-016, 1.000000000000000000, 0.0000000000000000000 ) ) ;
#405 = CARTESIAN_POINT ( 'NONE',  ( 57.79999999999999700, 7.017131821175233300E-015, 0.0000000000000000000 ) ) ;
#406 = CIRCLE ( 'NONE', #261, 1.000000000000000900 ) ;
#407 = DIRECTION ( 'NONE',  ( 1.000000000000000000, 0.0000000000000000000, 0.0000000000000000000 ) ) ;
#408 =( REPRESENTATION_RELATIONSHIP ('NONE','NONE', #6135, #6228 ) REPRESENTATION_RELATIONSHIP_WITH_TRANSFORMATION ( #6558 )SHAPE_REPRESENTATION_RELATIONSHIP( ) );
#409 = VERTEX_POINT ( 'NONE', #1605 ) ;
#410 = CONTEXT_DEPENDENT_SHAPE_REPRESENTATION ( #5874, #4123 ) ;
#411 = CARTESIAN_POINT ( 'NONE',  ( -67.29999999999999700, 10.59999999999998200, -3.249999999999990700 ) ) ;
#412 = CARTESIAN_POINT ( 'NONE',  ( -68.20000000000001700, 6.449999999999984200, 2.750000000000008900 ) ) ;
#413 = DIRECTION ( 'NONE',  ( 1.000000000000000000, 1.225453863971292700E-016, -0.0000000000000000000 ) ) ;
#414 = AXIS2_PLACEMENT_3D ( 'NONE', #6770, #3829, #6674 ) ;
#416 = ORIENTED_EDGE ( 'NONE', *, *, #1975, .F. ) ;
#415 = CARTESIAN_POINT ( 'NONE',  ( 70.99999999999998600, 5.401122099692563500, -0.08384057537110400900 ) ) ;
#417 = PRODUCT_DEFINITION_SHAPE ( 'NONE', 'NONE',  #9083 ) ;
#418 = CARTESIAN_POINT ( 'NONE',  ( -69.20000000000001700, 6.450000000000001100, 0.9249999999999978200 ) ) ;
#419 = CIRCLE ( 'NONE', #8840, 1.000000000000000900 ) ;
#420 = VERTEX_POINT ( 'NONE', #3005 ) ;
#421 = AXIS2_PLACEMENT_3D ( 'NONE', #2334, #2424, #973 ) ;
#422 = EDGE_CURVE ( 'NONE', #7687, #3520, #1313, .T. ) ;
#423 = DIRECTION ( 'NONE',  ( 0.0000000000000000000, 0.0000000000000000000, 1.000000000000000000 ) ) ;
#424 = DIRECTION ( 'NONE',  ( -0.0000000000000000000, -0.0000000000000000000, -1.000000000000000000 ) ) ;
#425 = LINE ( 'NONE', #6188, #3643 ) ;
#426 = ORIENTED_EDGE ( 'NONE', *, *, #5046, .F. ) ;
#427 = EDGE_LOOP ( 'NONE', ( #9006, #5282, #4641, #4675 ) ) ;
#428 =( REPRESENTATION_RELATIONSHIP ('NONE','NONE', #6135, #6228 ) REPRESENTATION_RELATIONSHIP_WITH_TRANSFORMATION ( #8900 )SHAPE_REPRESENTATION_RELATIONSHIP( ) );
#429 = CARTESIAN_POINT ( 'NONE',  ( -70.99999999999998600, 0.3999999999999913100, 3.250000000000008900 ) ) ;
#430 = CARTESIAN_POINT ( 'NONE',  ( 70.99999999999998600, 2.550000000000016300, 1.250000000000000000 ) ) ;
#431 = EDGE_CURVE ( 'NONE', #380, #3547, #8262, .T. ) ;
#432 = ORIENTED_EDGE ( 'NONE', *, *, #1639, .T. ) ;
#433 = DIRECTION ( 'NONE',  ( 1.000000000000000000, -0.0000000000000000000, 0.0000000000000000000 ) ) ;
#434 = ORIENTED_EDGE ( 'NONE', *, *, #3297, .T. ) ;
#435 = CARTESIAN_POINT ( 'NONE',  ( 76.49999999999998600, 9.287380351555456000E-015, 0.0000000000000000000 ) ) ;
#436 = DIRECTION ( 'NONE',  ( 1.000000000000000000, 0.0000000000000000000, 0.0000000000000000000 ) ) ;
#437 =( REPRESENTATION_RELATIONSHIP ('NONE','NONE', #6135, #6228 ) REPRESENTATION_RELATIONSHIP_WITH_TRANSFORMATION ( #961 )SHAPE_REPRESENTATION_RELATIONSHIP( ) );
#438 = ORIENTED_EDGE ( 'NONE', *, *, #7934, .T. ) ;
#439 = PLANE ( 'NONE',  #8682 ) ;
#440 = ADVANCED_FACE ( 'NONE', ( #2639 ), #3063, .T. ) ;
#441 = EDGE_LOOP ( 'NONE', ( #2305, #1280, #8671, #6249, #7709, #7208 ) ) ;
#442 = CARTESIAN_POINT ( 'NONE',  ( -69.20000000000001700, 6.449999999999983300, -1.500000000000000000 ) ) ;
#443 = LINE ( 'NONE', #1005, #5811 ) ;
#444 = EDGE_CURVE ( 'NONE', #6933, #2101, #5003, .T. ) ;
#445 = AXIS2_PLACEMENT_3D ( 'NONE', #3504, #4374, #2217 ) ;
#446 = DIRECTION ( 'NONE',  ( 0.0000000000000000000, 0.0000000000000000000, 1.000000000000000000 ) ) ;
#447 = VERTEX_POINT ( 'NONE', #4415 ) ;
#448 = ORIENTED_EDGE ( 'NONE', *, *, #5237, .F. ) ;
#449 = LINE ( 'NONE', #8951, #7840 ) ;
#450 = FACE_OUTER_BOUND ( 'NONE', #4249, .T. ) ;
#451 = CARTESIAN_POINT ( 'NONE',  ( 70.20000000000001700, 6.450000000000001100, -3.249999999999990700 ) ) ;
#452 = CARTESIAN_POINT ( 'NONE',  ( 5.774999999999995900, -3.779999999999999400, -1.049999999999998500 ) ) ;
#453 = PLANE ( 'NONE',  #8064 ) ;
#454 = CARTESIAN_POINT ( 'NONE',  ( -67.29999999999998300, 7.100000000000000500, 1.250000000000000000 ) ) ;
#455 = EDGE_CURVE ( 'NONE', #2078, #2283, #6806, .T. ) ;
#456 =( REPRESENTATION_RELATIONSHIP ('NONE','NONE', #6135, #6228 ) REPRESENTATION_RELATIONSHIP_WITH_TRANSFORMATION ( #4048 )SHAPE_REPRESENTATION_RELATIONSHIP( ) );
#457 = CARTESIAN_POINT ( 'NONE',  ( 64.29999999999999700, 15.60000000000000100, -3.249999999999990700 ) ) ;
#458 = AXIS2_PLACEMENT_3D ( 'NONE', #7243, #5923, #7454 ) ;
#459 = ORIENTED_EDGE ( 'NONE', *, *, #2370, .F. ) ;
#460 = EDGE_LOOP ( 'NONE', ( #1883, #1696, #797, #6805, #271 ) ) ;
#461 = FACE_BOUND ( 'NONE', #1556, .T. ) ;
#462 = LINE ( 'NONE', #4572, #5719 ) ;
#463 = CARTESIAN_POINT ( 'NONE',  ( 70.99999999999998600, 4.234711976998480200, -0.9249999999999987100 ) ) ;
#464 = CARTESIAN_POINT ( 'NONE',  ( -67.29999999999998300, 7.100000000000000500, -1.250000000000000000 ) ) ;
#465 = DIRECTION ( 'NONE',  ( 0.0000000000000000000, 0.0000000000000000000, 1.000000000000000000 ) ) ;
#466 = DIRECTION ( 'NONE',  ( 1.000000000000000000, 0.0000000000000000000, 0.0000000000000000000 ) ) ;
#467 = AXIS2_PLACEMENT_3D ( 'NONE', #8594, #1836, #3304 ) ;
#468 = ITEM_DEFINED_TRANSFORMATION ( 'NONE', 'NONE', #4361,  #7076 ) ;
#469 = DIRECTION ( 'NONE',  ( 1.000000000000000000, 0.0000000000000000000, 0.0000000000000000000 ) ) ;
#470 = VERTEX_POINT ( 'NONE', #5968 ) ;
#471 = ITEM_DEFINED_TRANSFORMATION ( 'NONE', 'NONE', #7966,  #7076 ) ;
#472 = VECTOR ( 'NONE', #1349, 1000.000000000000000 ) ;
#473 = LINE ( 'NONE', #2695, #4030 ) ;
#474 = PLANE ( 'NONE',  #5908 ) ;
#475 = ORIENTED_EDGE ( 'NONE', *, *, #762, .T. ) ;
#476 = DIRECTION ( 'NONE',  ( 1.000000000000000000, 0.0000000000000000000, -2.168404344971006900E-016 ) ) ;
#477 = DIRECTION ( 'NONE',  ( -0.0000000000000000000, -0.0000000000000000000, -1.000000000000000000 ) ) ;
#478 = B_SPLINE_CURVE_WITH_KNOTS ( 'NONE', 3,
 ( #8280, #8255, #5426, #2564, #7595, #3267, #3864, #4585, #1386, #1248, #2621, #4717, #4090, #1929 ),
 .UNSPECIFIED., .F., .F.,
 ( 4, 2, 2, 2, 2, 2, 4 ),
 ( -8.944277613693695500E-006, 0.0009296001636088656500, 0.001868144604831425100, 0.002337416825442705200, 0.002806689046053985500, 0.003275961266665261500, 0.003745233487276537400 ),
 .UNSPECIFIED. ) ;
#479 = ORIENTED_EDGE ( 'NONE', *, *, #8583, .F. ) ;
#480 = LINE ( 'NONE', #7684, #250 ) ;
#481 = AXIS2_PLACEMENT_3D ( 'NONE', #8371, #4718, #4062 ) ;
#482 = CARTESIAN_POINT ( 'NONE',  ( 88.39999999999997700, 3.430584664647807700E-015, -3.800000000000000300 ) ) ;
#483 = ITEM_DEFINED_TRANSFORMATION ( 'NONE', 'NONE', #6400,  #7076 ) ;
#484 = ORIENTED_EDGE ( 'NONE', *, *, #7337, .T. ) ;
#485 = EDGE_LOOP ( 'NONE', ( #5439, #8141, #1628, #2879 ) ) ;
#486 = CONTEXT_DEPENDENT_SHAPE_REPRESENTATION ( #5364, #6056 ) ;
#487 = EDGE_CURVE ( 'NONE', #3658, #2406, #8725, .T. ) ;
#488 = DIRECTION ( 'NONE',  ( 0.0000000000000000000, 0.0000000000000000000, 1.000000000000000000 ) ) ;
#489 = DIRECTION ( 'NONE',  ( 1.000000000000000000, 0.0000000000000000000, 0.0000000000000000000 ) ) ;
#490 = VECTOR ( 'NONE', #2102, 1000.000000000000000 ) ;
#491 =( REPRESENTATION_RELATIONSHIP ('NONE','NONE', #6135, #6228 ) REPRESENTATION_RELATIONSHIP_WITH_TRANSFORMATION ( #3007 )SHAPE_REPRESENTATION_RELATIONSHIP( ) );
#492 = CARTESIAN_POINT ( 'NONE',  ( 5.374999999999996400, -3.779999999999999400, -0.8999999999999984700 ) ) ;
#493 = ORIENTED_EDGE ( 'NONE', *, *, #3982, .T. ) ;
#494 = ITEM_DEFINED_TRANSFORMATION ( 'NONE', 'NONE', #8395,  #7076 ) ;
#495 = LINE ( 'NONE', #7701, #2612 ) ;
#496 = PLANE ( 'NONE',  #236 ) ;
#497 = CONTEXT_DEPENDENT_SHAPE_REPRESENTATION ( #6977, #1990 ) ;
#498 = EDGE_CURVE ( 'NONE', #8707, #3332, #5222, .T. ) ;
#499 =( REPRESENTATION_RELATIONSHIP ('NONE','NONE', #6135, #6228 ) REPRESENTATION_RELATIONSHIP_WITH_TRANSFORMATION ( #3959 )SHAPE_REPRESENTATION_RELATIONSHIP( ) );
#500 = ORIENTED_EDGE ( 'NONE', *, *, #2328, .F. ) ;
#501 = AXIS2_PLACEMENT_3D ( 'NONE', #3185, #2431, #6123 ) ;
#502 = CONTEXT_DEPENDENT_SHAPE_REPRESENTATION ( #8770, #4551 ) ;
#503 = FACE_OUTER_BOUND ( 'NONE', #1290, .T. ) ;
#504 = DIRECTION ( 'NONE',  ( -1.000000000000000000, 0.0000000000000000000, 0.0000000000000000000 ) ) ;
#505 = VERTEX_POINT ( 'NONE', #5381 ) ;
#506 = CARTESIAN_POINT ( 'NONE',  ( 79.89999999999997700, 2.398653514474979700E-015, -3.800000000000000300 ) ) ;
#507 = CONTEXT_DEPENDENT_SHAPE_REPRESENTATION ( #6762, #721 ) ;
#508 = VERTEX_POINT ( 'NONE', #4595 ) ;
#509 = PRODUCT_DEFINITION_SHAPE ( 'NONE', 'NONE',  #9128 ) ;
#510 = DIRECTION ( 'NONE',  ( 0.0000000000000000000, 1.000000000000000000, 0.0000000000000000000 ) ) ;
#511 = CARTESIAN_POINT ( 'NONE',  ( 113.0499999999999800, 3.348869506612333100E-015, -5.400000000000000400 ) ) ;
#512 = DIRECTION ( 'NONE',  ( -1.000000000000000000, -0.0000000000000000000, -0.0000000000000000000 ) ) ;
#513 = EDGE_CURVE ( 'NONE', #7883, #3249, #4881, .T. ) ;
#514 = LINE ( 'NONE', #8279, #2065 ) ;
#515 = CARTESIAN_POINT ( 'NONE',  ( -69.20000000000001700, 6.450000000000001100, 2.500000000000000000 ) ) ;
#516 = PRODUCT_DEFINITION_SHAPE ( 'NONE', 'NONE',  #9180 ) ;
#517 = VERTEX_POINT ( 'NONE', #3194 ) ;
#518 = DIRECTION ( 'NONE',  ( 0.0000000000000000000, -0.0000000000000000000, -1.000000000000000000 ) ) ;
#519 = ITEM_DEFINED_TRANSFORMATION ( 'NONE', 'NONE', #7712,  #7076 ) ;
#520 = DIRECTION ( 'NONE',  ( 0.0000000000000000000, 0.0000000000000000000, 1.000000000000000000 ) ) ;
#521 = CARTESIAN_POINT ( 'NONE',  ( -64.29999999999999700, 8.250000000000007100, -0.9249999999999980500 ) ) ;
#522 =( REPRESENTATION_RELATIONSHIP ('NONE','NONE', #6135, #6228 ) REPRESENTATION_RELATIONSHIP_WITH_TRANSFORMATION ( #1676 )SHAPE_REPRESENTATION_RELATIONSHIP( ) );
#523 = DIRECTION ( 'NONE',  ( -0.0000000000000000000, -0.0000000000000000000, 1.000000000000000000 ) ) ;
#524 = EDGE_LOOP ( 'NONE', ( #2149, #6200 ) ) ;
#525 = PRODUCT_DEFINITION_SHAPE ( 'NONE', 'NONE',  #9258 ) ;
#526 = DIRECTION ( 'NONE',  ( 1.000000000000000000, 0.0000000000000000000, 0.0000000000000000000 ) ) ;
#527 = AXIS2_PLACEMENT_3D ( 'NONE', #5528, #8421, #4829 ) ;
#528 = VECTOR ( 'NONE', #2223, 1000.000000000000000 ) ;
#529 = ORIENTED_EDGE ( 'NONE', *, *, #3591, .T. ) ;
#530 = CONTEXT_DEPENDENT_SHAPE_REPRESENTATION ( #8783, #6084 ) ;
#531 = CARTESIAN_POINT ( 'NONE',  ( -70.99999999999998600, 4.234711976998479300, 0.9249999999999978200 ) ) ;
#532 = AXIS2_PLACEMENT_3D ( 'NONE', #6683, #4609, #8157 ) ;
#533 = CARTESIAN_POINT ( 'NONE',  ( -72.12081501734775200, 16.61105519553129300, 2.340043898120685500 ) ) ;
#534 =( REPRESENTATION_RELATIONSHIP ('NONE','NONE', #6135, #6228 ) REPRESENTATION_RELATIONSHIP_WITH_TRANSFORMATION ( #270 )SHAPE_REPRESENTATION_RELATIONSHIP( ) );
#535 = LINE ( 'NONE', #4283, #3182 ) ;
#536 = ORIENTED_EDGE ( 'NONE', *, *, #2693, .T. ) ;
#537 = CARTESIAN_POINT ( 'NONE',  ( -64.29999999999999700, 6.299999999999984700, -0.7899999999999920400 ) ) ;
#538 = DIRECTION ( 'NONE',  ( 3.469446951953606000E-014, 1.000000000000000000, 0.0000000000000000000 ) ) ;
#539 = ADVANCED_FACE ( 'NONE', ( #875 ), #3156, .T. ) ;
#540 = AXIS2_PLACEMENT_3D ( 'NONE', #3211, #5266, #3144 ) ;
#541 = PRODUCT_DEFINITION_SHAPE ( 'NONE', 'NONE',  #9097 ) ;
#542 = ORIENTED_EDGE ( 'NONE', *, *, #4036, .T. ) ;
#543 = CARTESIAN_POINT ( 'NONE',  ( -72.75000000000000000, 21.29999999999984100, -3.210000000000000000 ) ) ;
#544 = DIRECTION ( 'NONE',  ( 0.0000000000000000000, 0.0000000000000000000, 1.000000000000000000 ) ) ;
#545 = PRODUCT ( 'body Natural-black', 'body Natural-black', '', ( #7113 ) ) ;
#546 = AXIS2_PLACEMENT_3D ( 'NONE', #5680, #4178, #4991 ) ;
#547 = VECTOR ( 'NONE', #7281, 1000.000000000000000 ) ;
#548 = EDGE_CURVE ( 'NONE', #7342, #5577, #3859, .T. ) ;
#549 = CARTESIAN_POINT ( 'NONE',  ( 97.74999999999998600, 1.491393436301242800E-015, -5.400000000000000400 ) ) ;
#550 = ORIENTED_EDGE ( 'NONE', *, *, #8720, .F. ) ;
#551 = CARTESIAN_POINT ( 'NONE',  ( -67.29999999999998300, 10.60000000000000000, -1.500000000000000000 ) ) ;
#552 = DIRECTION ( 'NONE',  ( 1.000000000000000000, 0.0000000000000000000, 0.0000000000000000000 ) ) ;
#553 = SURFACE_SIDE_STYLE ('',( #1380 ) ) ;
#554 = VERTEX_POINT ( 'NONE', #6767 ) ;
#555 =( REPRESENTATION_RELATIONSHIP ('NONE','NONE', #6135, #6228 ) REPRESENTATION_RELATIONSHIP_WITH_TRANSFORMATION ( #8887 )SHAPE_REPRESENTATION_RELATIONSHIP( ) );
#556 = ORIENTED_EDGE ( 'NONE', *, *, #6969, .T. ) ;
#557 = FACE_OUTER_BOUND ( 'NONE', #8919, .T. ) ;
#558 = EDGE_CURVE ( 'NONE', #8396, #3003, #1968, .T. ) ;
#559 = DIRECTION ( 'NONE',  ( 0.0000000000000000000, 1.000000000000000000, 1.297076659421812200E-016 ) ) ;
#560 = EDGE_LOOP ( 'NONE', ( #2944, #5815, #2754, #2957 ) ) ;
#561 = DIRECTION ( 'NONE',  ( 1.000000000000000000, 1.225453863971292700E-016, -0.0000000000000000000 ) ) ;
#562 = ORIENTED_EDGE ( 'NONE', *, *, #1557, .T. ) ;
#563 = ORIENTED_EDGE ( 'NONE', *, *, #8742, .F. ) ;
#564 = LINE ( 'NONE', #7318, #1665 ) ;
#565 = PRODUCT_DEFINITION_SHAPE ( 'NONE', 'NONE',  #9078 ) ;
#566 = CARTESIAN_POINT ( 'NONE',  ( -64.29999999999999700, 6.299999999999984700, 0.7900000000000078100 ) ) ;
#567 = ORIENTED_EDGE ( 'NONE', *, *, #2935, .T. ) ;
#568 = EDGE_CURVE ( 'NONE', #3117, #8246, #8831, .T. ) ;
#569 = DIRECTION ( 'NONE',  ( -1.000000000000000000, 5.782411586589352700E-016, 0.0000000000000000000 ) ) ;
#570 = EDGE_LOOP ( 'NONE', ( #7082, #3130, #7024, #8851, #7102 ) ) ;
#571 = FACE_OUTER_BOUND ( 'NONE', #2282, .T. ) ;
#572 = FACE_OUTER_BOUND ( 'NONE', #7698, .T. ) ;
#573 = VECTOR ( 'NONE', #7680, 1000.000000000000000 ) ;
#574 = DIRECTION ( 'NONE',  ( 0.0000000000000000000, 0.0000000000000000000, 1.000000000000000000 ) ) ;
#575 = CONTEXT_DEPENDENT_SHAPE_REPRESENTATION ( #3396, #8787 ) ;
#576 = LINE ( 'NONE', #1113, #1477 ) ;
#577 = VERTEX_POINT ( 'NONE', #2500 ) ;
#578 = VECTOR ( 'NONE', #5296, 1000.000000000000000 ) ;
#579 = LINE ( 'NONE', #3598, #2473 ) ;
#580 = DIRECTION ( 'NONE',  ( 0.0000000000000000000, 0.0000000000000000000, -1.000000000000000000 ) ) ;
#581 = DIRECTION ( 'NONE',  ( 0.0000000000000000000, 0.0000000000000000000, 1.000000000000000000 ) ) ;
#582 = ORIENTED_EDGE ( 'NONE', *, *, #2249, .T. ) ;
#583 = ADVANCED_FACE ( 'NONE', ( #759 ), #8144, .F. ) ;
#584 = AXIS2_PLACEMENT_3D ( 'NONE', #6146, #2479, #1787 ) ;
#585 = CARTESIAN_POINT ( 'NONE',  ( 68.77500000000000600, -1.000000000000000000, 1.250000000000000200 ) ) ;
#586 = CONTEXT_DEPENDENT_SHAPE_REPRESENTATION ( #1561, #3764 ) ;
#587 = VECTOR ( 'NONE', #4286, 1000.000000000000000 ) ;
#588 = CARTESIAN_POINT ( 'NONE',  ( 51.84999999999998000, -4.081034774632031000E-015, -5.400000000000000400 ) ) ;
#589 = CONTEXT_DEPENDENT_SHAPE_REPRESENTATION ( #5743, #3313 ) ;
#590 = ORIENTED_EDGE ( 'NONE', *, *, #8192, .F. ) ;
#591 = AXIS2_PLACEMENT_3D ( 'NONE', #5561, #4000, #3975 ) ;
#592 = DIRECTION ( 'NONE',  ( 0.0000000000000000000, 0.0000000000000000000, 1.000000000000000000 ) ) ;
#593 =( REPRESENTATION_RELATIONSHIP ('NONE','NONE', #6135, #6228 ) REPRESENTATION_RELATIONSHIP_WITH_TRANSFORMATION ( #2492 )SHAPE_REPRESENTATION_RELATIONSHIP( ) );
#594 = ITEM_DEFINED_TRANSFORMATION ( 'NONE', 'NONE', #1552,  #7076 ) ;
#595 = DIRECTION ( 'NONE',  ( -1.000000000000000000, 0.0000000000000000000, 0.0000000000000000000 ) ) ;
#596 = AXIS2_PLACEMENT_3D ( 'NONE', #4855, #8412, #5611 ) ;
#597 = EDGE_CURVE ( 'NONE', #2259, #8955, #4334, .T. ) ;
#598 = ITEM_DEFINED_TRANSFORMATION ( 'NONE', 'NONE', #1607,  #7076 ) ;
#599 = ORIENTED_EDGE ( 'NONE', *, *, #4619, .T. ) ;
#600 = CARTESIAN_POINT ( 'NONE',  ( -67.46999999999999900, 16.79999999999983700, -1.250000000000000200 ) ) ;
#601 = CONTEXT_DEPENDENT_SHAPE_REPRESENTATION ( #241, #2455 ) ;
#602 = DIRECTION ( 'NONE',  ( 0.0000000000000000000, 0.0000000000000000000, 1.000000000000000000 ) ) ;
#603 = PRODUCT_DEFINITION ( 'UNKNOWN', '', #5693, #6423 ) ;
#604 = VECTOR ( 'NONE', #7050, 1000.000000000000000 ) ;
#605 = CARTESIAN_POINT ( 'NONE',  ( 92.64999999999997700, 8.173734043347153800E-015, -1.600000000000000100 ) ) ;
#606 = EDGE_CURVE ( 'NONE', #7335, #3219, #4006, .T. ) ;
#607 = EDGE_LOOP ( 'NONE', ( #563, #5959, #849, #7636 ) ) ;
#608 = EDGE_CURVE ( 'NONE', #4289, #3300, #3518, .T. ) ;
#609 = CARTESIAN_POINT ( 'NONE',  ( 12.74999999999998200, -8.827918065427040800E-015, -5.400000000000000400 ) ) ;
#610 = DIRECTION ( 'NONE',  ( 1.000000000000000000, 1.225453863971292700E-016, -0.0000000000000000000 ) ) ;
#611 = ITEM_DEFINED_TRANSFORMATION ( 'NONE', 'NONE', #7135,  #7076 ) ;
#612 =( REPRESENTATION_RELATIONSHIP ('NONE','NONE', #6135, #6228 ) REPRESENTATION_RELATIONSHIP_WITH_TRANSFORMATION ( #1476 )SHAPE_REPRESENTATION_RELATIONSHIP( ) );
#613 = DIRECTION ( 'NONE',  ( 1.225453863971292700E-016, -1.000000000000000000, -0.0000000000000000000 ) ) ;
#614 = PRODUCT_DEFINITION_SHAPE ( 'NONE', 'NONE',  #9042 ) ;
#615 = VECTOR ( 'NONE', #1891, 1000.000000000000000 ) ;
#616 = ORIENTED_EDGE ( 'NONE', *, *, #7326, .F. ) ;
#617 = ORIENTED_EDGE ( 'NONE', *, *, #3881, .T. ) ;
#618 = PLANE ( 'NONE',  #4945 ) ;
#619 = DIRECTION ( 'NONE',  ( 1.000000000000000000, 1.225453863971292700E-016, 0.0000000000000000000 ) ) ;
#620 = DIRECTION ( 'NONE',  ( 0.0000000000000000000, 0.0000000000000000000, 1.000000000000000000 ) ) ;
#621 = VECTOR ( 'NONE', #3834, 1000.000000000000000 ) ;
#622 = DIRECTION ( 'NONE',  ( 0.0000000000000000000, 0.0000000000000000000, 1.000000000000000000 ) ) ;
#623 = EDGE_CURVE ( 'NONE', #732, #2767, #2428, .T. ) ;
#624 = ORIENTED_EDGE ( 'NONE', *, *, #8124, .T. ) ;
#625 = AXIS2_PLACEMENT_3D ( 'NONE', #5347, #3885, #4659 ) ;
#626 = ORIENTED_EDGE ( 'NONE', *, *, #3414, .F. ) ;
#627 = DIRECTION ( 'NONE',  ( -0.0000000000000000000, -0.0000000000000000000, 1.000000000000000000 ) ) ;
#628 = DIRECTION ( 'NONE',  ( 1.000000000000000000, 0.0000000000000000000, -0.0000000000000000000 ) ) ;
#629 = ADVANCED_FACE ( 'NONE', ( #5337 ), #6063, .F. ) ;
#630 = DIRECTION ( 'NONE',  ( 0.0000000000000000000, 0.0000000000000000000, 1.000000000000000000 ) ) ;
#631 = CARTESIAN_POINT ( 'NONE',  ( 69.17499999999999700, -1.694352215504838400E-016, -0.8999999999999998000 ) ) ;
#632 = CARTESIAN_POINT ( 'NONE',  ( 6.275000000000002100, 5.399999999999975500, -4.746008088970501900 ) ) ;
#633 = VECTOR ( 'NONE', #4793, 1000.000000000000000 ) ;
#634 = ORIENTED_EDGE ( 'NONE', *, *, #6930, .T. ) ;
#635 = CONTEXT_DEPENDENT_SHAPE_REPRESENTATION ( #4441, #1161 ) ;
#636 = CARTESIAN_POINT ( 'NONE',  ( 87.54999999999998300, 2.530760560938482200E-016, -5.400000000000000400 ) ) ;
#637 = DIRECTION ( 'NONE',  ( 0.0000000000000000000, 0.0000000000000000000, -1.000000000000000000 ) ) ;
#638 = EDGE_CURVE ( 'NONE', #6430, #8287, #6338, .T. ) ;
#639 = CARTESIAN_POINT ( 'NONE',  ( 72.55482765258742000, 16.76334133100442300, -2.769297508862719400 ) ) ;
#640 = FACE_OUTER_BOUND ( 'NONE', #4529, .T. ) ;
#641 = SURFACE_STYLE_USAGE ( .BOTH. , #4326 ) ;
#642 = ORIENTED_EDGE ( 'NONE', *, *, #4033, .F. ) ;
#643 = ITEM_DEFINED_TRANSFORMATION ( 'NONE', 'NONE', #4063,  #7076 ) ;
#644 = DIRECTION ( 'NONE',  ( 1.000000000000000000, 1.225453863971292700E-016, 0.0000000000000000000 ) ) ;
#645 = CARTESIAN_POINT ( 'NONE',  ( -69.20000000000001700, 6.449999999999983300, 2.750000000000008900 ) ) ;
#646 = AXIS2_PLACEMENT_3D ( 'NONE', #3189, #8936, #4625 ) ;
#647 = VECTOR ( 'NONE', #1296, 1000.000000000000000 ) ;
#648 = CARTESIAN_POINT ( 'NONE',  ( 69.17499999999999700, -1.000000000000000000, 1.100000000000000300 ) ) ;
#649 = ORIENTED_EDGE ( 'NONE', *, *, #4496, .F. ) ;
#650 = DIRECTION ( 'NONE',  ( 0.0000000000000000000, 0.0000000000000000000, 1.000000000000000000 ) ) ;
#651 = AXIS2_PLACEMENT_3D ( 'NONE', #7276, #6827, #2945 ) ;
#652 = SHAPE_DEFINITION_REPRESENTATION ( #9001, #6228 ) ;
#653 =( REPRESENTATION_RELATIONSHIP ('NONE','NONE', #6135, #6228 ) REPRESENTATION_RELATIONSHIP_WITH_TRANSFORMATION ( #7872 )SHAPE_REPRESENTATION_RELATIONSHIP( ) );
#654 = CARTESIAN_POINT ( 'NONE',  ( -63.14999999999999900, 0.3999999999999922500, 2.800000000000000300 ) ) ;
#655 = DIRECTION ( 'NONE',  ( -1.000000000000000000, -1.214036647262151200E-016, 0.0000000000000000000 ) ) ;
#656 = EDGE_LOOP ( 'NONE', ( #247, #6032, #2909, #529 ) ) ;
#657 = PLANE ( 'NONE',  #1118 ) ;
#658 = ADVANCED_FACE ( 'NONE', ( #8148 ), #8212, .F. ) ;
#659 = AXIS2_PLACEMENT_3D ( 'NONE', #1263, #2759, #6352 ) ;
#660 = ORIENTED_EDGE ( 'NONE', *, *, #2707, .T. ) ;
#661 = CARTESIAN_POINT ( 'NONE',  ( 67.29999999999998300, 7.100000000000000500, 1.250000000000000000 ) ) ;
#662 = VECTOR ( 'NONE', #2714, 1000.000000000000000 ) ;
#663 = DIRECTION ( 'NONE',  ( 1.000000000000000000, 1.214036647262151200E-016, -1.215927670077200900E-016 ) ) ;
#664 = PRODUCT_DEFINITION_SHAPE ( 'NONE', 'NONE',  #9111 ) ;
#665 = EDGE_CURVE ( 'NONE', #5176, #2067, #1541, .T. ) ;
#666 = DIRECTION ( 'NONE',  ( 0.0000000000000000000, 0.0000000000000000000, 1.000000000000000000 ) ) ;
#667 = CARTESIAN_POINT ( 'NONE',  ( 67.29999999999998300, 7.100000000000000500, -1.500000000000000000 ) ) ;
#668 = ORIENTED_EDGE ( 'NONE', *, *, #6078, .F. ) ;
#669 = VERTEX_POINT ( 'NONE', #1019 ) ;
#670 = VECTOR ( 'NONE', #4491, 1000.000000000000000 ) ;
#671 = PRODUCT_DEFINITION_SHAPE ( 'NONE', 'NONE',  #9191 ) ;
#672 = DIRECTION ( 'NONE',  ( 0.0000000000000000000, 0.9426414910921805400, -0.3338068592337647400 ) ) ;
#673 =( NAMED_UNIT ( * ) SI_UNIT ( $, .STERADIAN. ) SOLID_ANGLE_UNIT ( ) );
#674 = ADVANCED_FACE ( 'NONE', ( #3066 ), #439, .F. ) ;
#675 = ORIENTED_EDGE ( 'NONE', *, *, #3893, .T. ) ;
#676 = PRODUCT_DEFINITION_SHAPE ( 'NONE', 'NONE',  #9241 ) ;
#677 = ORIENTED_EDGE ( 'NONE', *, *, #4800, .T. ) ;
#678 = LINE ( 'NONE', #25, #8645 ) ;
#679 = VERTEX_POINT ( 'NONE', #2786 ) ;
#680 = VECTOR ( 'NONE', #6589, 1000.000000000000000 ) ;
#681 = EDGE_CURVE ( 'NONE', #3183, #1842, #7486, .T. ) ;
#682 = DIRECTION ( 'NONE',  ( 0.0000000000000000000, 0.0000000000000000000, 1.000000000000000000 ) ) ;
#683 = DIRECTION ( 'NONE',  ( 1.000000000000000000, 1.225453863971292700E-016, -0.0000000000000000000 ) ) ;
#684 = DIRECTION ( 'NONE',  ( 0.0000000000000000000, -1.000000000000000000, -1.147303886228049800E-016 ) ) ;
#685 = LINE ( 'NONE', #135, #4143 ) ;
#686 = ORIENTED_EDGE ( 'NONE', *, *, #213, .T. ) ;
#687 = DIRECTION ( 'NONE',  ( 0.0000000000000000000, 1.000000000000000000, -3.822843908301359300E-017 ) ) ;
#688 = ORIENTED_EDGE ( 'NONE', *, *, #6853, .F. ) ;
#689 = FACE_OUTER_BOUND ( 'NONE', #1232, .T. ) ;
#690 = EDGE_CURVE ( 'NONE', #420, #5225, #88, .T. ) ;
#691 = VECTOR ( 'NONE', #2115, 1000.000000000000000 ) ;
#692 = PLANE ( 'NONE',  #1228 ) ;
#693 = FACE_OUTER_BOUND ( 'NONE', #5879, .T. ) ;
#694 = DIRECTION ( 'NONE',  ( -0.0000000000000000000, -1.000000000000000000, -0.0000000000000000000 ) ) ;
#695 = CARTESIAN_POINT ( 'NONE',  ( 69.25000000000000000, 20.49999999999984000, 3.210000000000000000 ) ) ;
#696 = EDGE_CURVE ( 'NONE', #2648, #7517, #7149, .T. ) ;
#697 = ORIENTED_EDGE ( 'NONE', *, *, #4871, .T. ) ;
#698 = VECTOR ( 'NONE', #8103, 1000.000000000000000 ) ;
#699 = LINE ( 'NONE', #5304, #2670 ) ;
#700 = APPLICATION_CONTEXT ( 'automotive_design' ) ;
#701 = ORIENTED_EDGE ( 'NONE', *, *, #2023, .T. ) ;
#702 = CARTESIAN_POINT ( 'NONE',  ( -64.29999999999999700, 6.299999999999984700, -3.249999999999990700 ) ) ;
#703 = AXIS2_PLACEMENT_3D ( 'NONE', #1948, #5559, #1275 ) ;
#704 = ITEM_DEFINED_TRANSFORMATION ( 'NONE', 'NONE', #3707,  #7076 ) ;
#705 = LINE ( 'NONE', #4154, #587 ) ;
#706 = CARTESIAN_POINT ( 'NONE',  ( 5.774999999999995900, -7.672483266362612600E-015, 0.0000000000000000000 ) ) ;
#707 = ADVANCED_FACE ( 'NONE', ( #993 ), #657, .T. ) ;
#708 =( REPRESENTATION_RELATIONSHIP ('NONE','NONE', #6135, #6228 ) REPRESENTATION_RELATIONSHIP_WITH_TRANSFORMATION ( #7063 )SHAPE_REPRESENTATION_RELATIONSHIP( ) );
#709 = DIRECTION ( 'NONE',  ( -0.0000000000000000000, -0.0000000000000000000, 1.000000000000000000 ) ) ;
#710 = VECTOR ( 'NONE', #5845, 1000.000000000000000 ) ;
#711 = ORIENTED_EDGE ( 'NONE', *, *, #989, .F. ) ;
#712 = PRODUCT_DEFINITION_SHAPE ( 'NONE', 'NONE',  #9073 ) ;
#713 = ITEM_DEFINED_TRANSFORMATION ( 'NONE', 'NONE', #4666,  #7076 ) ;
#714 = DIRECTION ( 'NONE',  ( 0.0000000000000000000, -1.000000000000000000, -0.0000000000000000000 ) ) ;
#715 = DIRECTION ( 'NONE',  ( 0.0000000000000000000, -1.000000000000000000, -1.084202172485506300E-016 ) ) ;
#716 = FACE_OUTER_BOUND ( 'NONE', #4288, .T. ) ;
#717 = AXIS2_PLACEMENT_3D ( 'NONE', #4909, #5695, #7898 ) ;
#718 = DIRECTION ( 'NONE',  ( 1.000000000000000000, 0.0000000000000000000, 0.0000000000000000000 ) ) ;
#719 = CARTESIAN_POINT ( 'NONE',  ( 42.49999999999998600, -2.141843546285466100E-015, -3.800000000000000300 ) ) ;
#720 = ORIENTED_EDGE ( 'NONE', *, *, #8971, .T. ) ;
#721 = PRODUCT_DEFINITION_SHAPE ( 'NONE', 'NONE',  #9085 ) ;
#722 = CARTESIAN_POINT ( 'NONE',  ( -67.29999999999999700, 10.59999999999998200, -3.249999999999990700 ) ) ;
#723 = DIRECTION ( 'NONE',  ( -3.965082230804126700E-015, -1.000000000000000000, 0.0000000000000000000 ) ) ;
#724 = MECHANICAL_DESIGN_GEOMETRIC_PRESENTATION_REPRESENTATION (  '', ( #1210 ), #3204 ) ;
#725 = CARTESIAN_POINT ( 'NONE',  ( 73.50000000000000000, 20.29999999999983700, 3.210000000000000000 ) ) ;
#726 = CARTESIAN_POINT ( 'NONE',  ( 69.20000000000001700, 6.450000000000001100, 2.500000000000000000 ) ) ;
#727 = EDGE_CURVE ( 'NONE', #8794, #4422, #8614, .T. ) ;
#728 = ADVANCED_FACE ( 'NONE', ( #8946 ), #1412, .F. ) ;
#729 = CARTESIAN_POINT ( 'NONE',  ( -70.99999999999998600, 7.100000000000000500, -1.500000000000000000 ) ) ;
#730 = CARTESIAN_POINT ( 'NONE',  ( 5.774999999999995900, -3.779999999999998900, 0.8999999999999998000 ) ) ;
#731 = LINE ( 'NONE', #4814, #171 ) ;
#732 = VERTEX_POINT ( 'NONE', #7106 ) ;
#733 = DIRECTION ( 'NONE',  ( 0.0000000000000000000, 0.0000000000000000000, 1.000000000000000000 ) ) ;
#734 = ADVANCED_FACE ( 'NONE', ( #6143 ), #6539, .F. ) ;
#735 = VECTOR ( 'NONE', #1755, 1000.000000000000000 ) ;
#736 = VERTEX_POINT ( 'NONE', #6374 ) ;
#737 = CONTEXT_DEPENDENT_SHAPE_REPRESENTATION ( #1742, #2353 ) ;
#738 = EDGE_CURVE ( 'NONE', #1806, #7139, #6236, .T. ) ;
#739 = VERTEX_POINT ( 'NONE', #1625 ) ;
#740 = LINE ( 'NONE', #3337, #6574 ) ;
#741 = VERTEX_POINT ( 'NONE', #145 ) ;
#742 = CONTEXT_DEPENDENT_SHAPE_REPRESENTATION ( #1050, #3671 ) ;
#743 = CARTESIAN_POINT ( 'NONE',  ( 64.79999999999999700, 16.79999999999983700, -3.210000000000000000 ) ) ;
#744 = CARTESIAN_POINT ( 'NONE',  ( -64.29999999999999700, 17.29999999999983700, -3.210000000000000000 ) ) ;
#745 = CARTESIAN_POINT ( 'NONE',  ( -69.99999999999998600, 4.234711976998479300, -3.210000000000000000 ) ) ;
#746 = EDGE_CURVE ( 'NONE', #1484, #8287, #7928, .T. ) ;
#747 =( REPRESENTATION_RELATIONSHIP ('NONE','NONE', #6135, #6228 ) REPRESENTATION_RELATIONSHIP_WITH_TRANSFORMATION ( #1027 )SHAPE_REPRESENTATION_RELATIONSHIP( ) );
#748 = CARTESIAN_POINT ( 'NONE',  ( 72.50000000000000000, 18.79999999999983700, 3.210000000000000000 ) ) ;
#749 = CARTESIAN_POINT ( 'NONE',  ( 112.1999999999999600, 6.319991885131727200E-015, -3.800000000000000300 ) ) ;
#750 = AXIS2_PLACEMENT_3D ( 'NONE', #6885, #3243, #7578 ) ;
#751 = LINE ( 'NONE', #5256, #2312 ) ;
#752 = ORIENTED_EDGE ( 'NONE', *, *, #7326, .T. ) ;
#753 = CARTESIAN_POINT ( 'NONE',  ( 68.77500000000000600, -1.000000000000000200, -1.249999999999999800 ) ) ;
#754 = ADVANCED_FACE ( 'NONE', ( #2854 ), #5563, .T. ) ;
#755 = DIRECTION ( 'NONE',  ( 0.0000000000000000000, 0.0000000000000000000, -1.000000000000000000 ) ) ;
#756 = CARTESIAN_POINT ( 'NONE',  ( 124.0999999999999900, 1.506619479252329600E-014, 0.0000000000000000000 ) ) ;
#757 = DIRECTION ( 'NONE',  ( 1.000000000000000000, -0.0000000000000000000, 0.0000000000000000000 ) ) ;
#758 = PRODUCT_DEFINITION_SHAPE ( 'NONE', 'NONE',  #9034 ) ;
#759 = FACE_OUTER_BOUND ( 'NONE', #1833, .T. ) ;
#760 = ORIENTED_EDGE ( 'NONE', *, *, #259, .F. ) ;
#761 = DIRECTION ( 'NONE',  ( -0.0000000000000000000, -0.0000000000000000000, -1.000000000000000000 ) ) ;
#762 = EDGE_CURVE ( 'NONE', #6557, #8789, #7258, .T. ) ;
#763 = DIRECTION ( 'NONE',  ( 0.0000000000000000000, 0.0000000000000000000, -1.000000000000000000 ) ) ;
#764 = AXIS2_PLACEMENT_3D ( 'NONE', #8631, #7170, #7983 ) ;
#765 = DIRECTION ( 'NONE',  ( 1.000000000000000000, 0.0000000000000000000, 0.0000000000000000000 ) ) ;
#766 = CARTESIAN_POINT ( 'NONE',  ( 69.17499999999999700, -1.000000000000000200, -1.249999999999999800 ) ) ;
#767 = FACE_OUTER_BOUND ( 'NONE', #7956, .T. ) ;
#768 = CARTESIAN_POINT ( 'NONE',  ( 49.29999999999998300, -1.316298626147203100E-015, -3.800000000000000300 ) ) ;
#769 = CARTESIAN_POINT ( 'NONE',  ( 70.99999999999998600, 8.250000000000000000, 0.9249999999999978200 ) ) ;
#770 = ADVANCED_FACE ( 'NONE', ( #4772 ), #6343, .F. ) ;
#771 = ORIENTED_EDGE ( 'NONE', *, *, #2399, .F. ) ;
#772 = AXIS2_PLACEMENT_3D ( 'NONE', #984, #2433, #7390 ) ;
#773 = CARTESIAN_POINT ( 'NONE',  ( 1.699999999999988200, -7.095113067115042300E-015, -3.800000000000000300 ) ) ;
#774 = DIRECTION ( 'NONE',  ( -0.0000000000000000000, 1.297076659421811900E-016, -1.000000000000000000 ) ) ;
#775 = AXIS2_PLACEMENT_3D ( 'NONE', #242, #6011, #5233 ) ;
#776 = ORIENTED_EDGE ( 'NONE', *, *, #7385, .F. ) ;
#777 = CARTESIAN_POINT ( 'NONE',  ( 68.77500000000000600, -3.779999999999991400, 1.049999999999999800 ) ) ;
#778 = DIRECTION ( 'NONE',  ( -1.000000000000000000, 0.0000000000000000000, 0.0000000000000000000 ) ) ;
#779 = ORIENTED_EDGE ( 'NONE', *, *, #6065, .T. ) ;
#780 = LINE ( 'NONE', #7514, #4460 ) ;
#781 =( REPRESENTATION_RELATIONSHIP ('NONE','NONE', #6135, #6228 ) REPRESENTATION_RELATIONSHIP_WITH_TRANSFORMATION ( #6279 )SHAPE_REPRESENTATION_RELATIONSHIP( ) );
#782 = DIRECTION ( 'NONE',  ( -5.551115123125800100E-015, 1.000000000000000000, 0.0000000000000000000 ) ) ;
#783 = DIRECTION ( 'NONE',  ( -1.000000000000000000, -0.0000000000000000000, -0.0000000000000000000 ) ) ;
#784 = CARTESIAN_POINT ( 'NONE',  ( -69.95993420767852900, 7.100000000000000500, -1.500000000000000000 ) ) ;
#785 = DIRECTION ( 'NONE',  ( 0.7071067811865474600, -0.7071067811865474600, 0.0000000000000000000 ) ) ;
#786 = DIRECTION ( 'NONE',  ( 1.000000000000000000, 1.225453863971292700E-016, -1.221636250687892500E-016 ) ) ;
#787 = EDGE_LOOP ( 'NONE', ( #1623, #4240, #36, #2226 ) ) ;
#788 = EDGE_LOOP ( 'NONE', ( #2606, #5694, #8107, #6663 ) ) ;
#789 = ORIENTED_EDGE ( 'NONE', *, *, #794, .F. ) ;
#790 = CYLINDRICAL_SURFACE ( 'NONE', #7608, 1.000000000000000900 ) ;
#791 = LINE ( 'NONE', #6030, #6415 ) ;
#792 = DIRECTION ( 'NONE',  ( 1.000000000000000000, 0.0000000000000000000, 0.0000000000000000000 ) ) ;
#793 = CARTESIAN_POINT ( 'NONE',  ( 19.54999999999999400, -7.008738481391718700E-016, -1.600000000000000100 ) ) ;
#794 = EDGE_CURVE ( 'NONE', #3803, #8740, #1434, .T. ) ;
#795 = ORIENTED_EDGE ( 'NONE', *, *, #1392, .F. ) ;
#796 = CIRCLE ( 'NONE', #7716, 1.000000000000000900 ) ;
#797 = ORIENTED_EDGE ( 'NONE', *, *, #5699, .F. ) ;
#798 = DIRECTION ( 'NONE',  ( 0.0000000000000000000, 0.0000000000000000000, 1.000000000000000000 ) ) ;
#799 = FACE_OUTER_BOUND ( 'NONE', #1288, .T. ) ;
#800 = VECTOR ( 'NONE', #5734, 1000.000000000000000 ) ;
#801 = DIRECTION ( 'NONE',  ( 5.551115123125800100E-015, -1.000000000000000000, -0.0000000000000000000 ) ) ;
#802 = LINE ( 'NONE', #6778, #2896 ) ;
#803 = ADVANCED_FACE ( 'NONE', ( #4180 ), #7725, .F. ) ;
#804 = DIRECTION ( 'NONE',  ( 1.000000000000000000, 0.0000000000000000000, 0.0000000000000000000 ) ) ;
#805 = VERTEX_POINT ( 'NONE', #6311 ) ;
#806 = CARTESIAN_POINT ( 'NONE',  ( 69.20000000000001700, 6.450000000000001100, -1.250000000000000200 ) ) ;
#807 = EDGE_CURVE ( 'NONE', #4755, #8762, #535, .T. ) ;
#808 = VECTOR ( 'NONE', #5285, 1000.000000000000000 ) ;
#809 = CARTESIAN_POINT ( 'NONE',  ( 67.46999999999999900, 8.250000000000007100, -0.9249999999999980500 ) ) ;
#810 = ORIENTED_EDGE ( 'NONE', *, *, #4684, .T. ) ;
#811 = LINE ( 'NONE', #7375, #6281 ) ;
#812 = LINE ( 'NONE', #2366, #4147 ) ;
#813 = DIRECTION ( 'NONE',  ( 0.0000000000000000000, -0.0000000000000000000, -1.000000000000000000 ) ) ;
#814 = DIRECTION ( 'NONE',  ( 0.0000000000000000000, 0.0000000000000000000, 1.000000000000000000 ) ) ;
#815 = CARTESIAN_POINT ( 'NONE',  ( 69.99999999999998600, 3.234711976998478900, 3.210000000000000000 ) ) ;
#816 = ORIENTED_EDGE ( 'NONE', *, *, #2197, .T. ) ;
#817 = DIRECTION ( 'NONE',  ( -1.000000000000000000, -1.156482317317870500E-015, 1.215927670077200900E-016 ) ) ;
#818 = CARTESIAN_POINT ( 'NONE',  ( 69.20000000000001700, 6.450000000000001100, -3.249999999999990700 ) ) ;
#819 = CONTEXT_DEPENDENT_SHAPE_REPRESENTATION ( #4042, #7711 ) ;
#820 = PRODUCT_DEFINITION_SHAPE ( 'NONE', 'NONE',  #9132 ) ;
#821 = VECTOR ( 'NONE', #1237, 1000.000000000000000 ) ;
#822 = ADVANCED_FACE ( 'NONE', ( #4662 ), #197, .T. ) ;
#823 = CARTESIAN_POINT ( 'NONE',  ( 64.29999999999999700, 15.60000000000010800, -0.7900000000000078100 ) ) ;
#824 = ITEM_DEFINED_TRANSFORMATION ( 'NONE', 'NONE', #7269,  #7076 ) ;
#825 = EDGE_CURVE ( 'NONE', #8628, #1880, #2205, .T. ) ;
#826 = ORIENTED_EDGE ( 'NONE', *, *, #2880, .T. ) ;
#827 = PRODUCT_DEFINITION_SHAPE ( 'NONE', 'NONE',  #9183 ) ;
#828 = CARTESIAN_POINT ( 'NONE',  ( 69.20000000000001700, 6.450000000000001100, 2.500000000000000000 ) ) ;
#829 = VECTOR ( 'NONE', #8801, 1000.000000000000000 ) ;
#830 = ORIENTED_EDGE ( 'NONE', *, *, #7830, .F. ) ;
#831 = PRODUCT_DEFINITION_SHAPE ( 'NONE', 'NONE',  #9269 ) ;
#832 = AXIS2_PLACEMENT_3D ( 'NONE', #5352, #446, #7470 ) ;
#833 = EDGE_LOOP ( 'NONE', ( #182, #5043, #7607, #2216 ) ) ;
#834 = CARTESIAN_POINT ( 'NONE',  ( 69.17499999999999700, -3.779999999999991800, -1.049999999999998500 ) ) ;
#835 = AXIS2_PLACEMENT_3D ( 'NONE', #7645, #1838, #8299 ) ;
#836 = LINE ( 'NONE', #6540, #7773 ) ;
#837 = DIRECTION ( 'NONE',  ( 0.0000000000000000000, 0.0000000000000000000, 1.000000000000000000 ) ) ;
#838 = VECTOR ( 'NONE', #3767, 1000.000000000000000 ) ;
#839 = ORIENTED_EDGE ( 'NONE', *, *, #5343, .F. ) ;
#840 = CARTESIAN_POINT ( 'NONE',  ( 68.77500000000000600, -2.184533761093347500E-016, -1.099999999999999900 ) ) ;
#841 = CONTEXT_DEPENDENT_SHAPE_REPRESENTATION ( #5985, #5470 ) ;
#842 = DIRECTION ( 'NONE',  ( -0.0000000000000000000, 0.0000000000000000000, -1.000000000000000000 ) ) ;
#843 = DIRECTION ( 'NONE',  ( 0.0000000000000000000, -0.0000000000000000000, -1.000000000000000000 ) ) ;
#844 = CARTESIAN_POINT ( 'NONE',  ( -68.77500000000000600, -1.707457127503446500E-014, 0.8999999999999998000 ) ) ;
#845 = AXIS2_PLACEMENT_3D ( 'NONE', #186, #8800, #8312 ) ;
#846 = LINE ( 'NONE', #6283, #2401 ) ;
#847 =( REPRESENTATION_RELATIONSHIP ('NONE','NONE', #6135, #6228 ) REPRESENTATION_RELATIONSHIP_WITH_TRANSFORMATION ( #6858 )SHAPE_REPRESENTATION_RELATIONSHIP( ) );
#848 = CARTESIAN_POINT ( 'NONE',  ( 6.574999999999999300, 8.057359155611249500E-016, 2.250000000000000000 ) ) ;
#849 = ORIENTED_EDGE ( 'NONE', *, *, #1347, .F. ) ;
#850 = CARTESIAN_POINT ( 'NONE',  ( 113.8999999999999800, 6.526378115166293200E-015, -3.800000000000000300 ) ) ;
#851 = ORIENTED_EDGE ( 'NONE', *, *, #2874, .T. ) ;
#852 = DIRECTION ( 'NONE',  ( 0.0000000000000000000, 0.0000000000000000000, 1.000000000000000000 ) ) ;
#853 = PRESENTATION_LAYER_ASSIGNMENT (  '', '', ( #1210 ) ) ;
#854 = EDGE_CURVE ( 'NONE', #7958, #6168, #8030, .T. ) ;
#855 = CARTESIAN_POINT ( 'NONE',  ( 69.99999999999998600, 4.234711976998479300, -3.210000000000000000 ) ) ;
#856 = LINE ( 'NONE', #6364, #7346 ) ;
#857 = ORIENTED_EDGE ( 'NONE', *, *, #7591, .T. ) ;
#858 = CARTESIAN_POINT ( 'NONE',  ( 23.79999999999999700, 2.889407220483919500E-015, 0.0000000000000000000 ) ) ;
#859 = DIRECTION ( 'NONE',  ( 1.000000000000000000, 0.0000000000000000000, 0.0000000000000000000 ) ) ;
#860 = DIRECTION ( 'NONE',  ( -0.0000000000000000000, -0.0000000000000000000, 1.000000000000000000 ) ) ;
#861 = DIRECTION ( 'NONE',  ( 1.000000000000000000, 0.0000000000000000000, 0.0000000000000000000 ) ) ;
#862 =( REPRESENTATION_RELATIONSHIP ('NONE','NONE', #6135, #6228 ) REPRESENTATION_RELATIONSHIP_WITH_TRANSFORMATION ( #3629 )SHAPE_REPRESENTATION_RELATIONSHIP( ) );
#863 = ORIENTED_EDGE ( 'NONE', *, *, #118, .T. ) ;
#864 = CARTESIAN_POINT ( 'NONE',  ( 67.29999999999999700, 15.60000000000000000, -3.249999999999990700 ) ) ;
#865 = DIRECTION ( 'NONE',  ( 1.000000000000000000, -3.965082230804127500E-015, 0.0000000000000000000 ) ) ;
#866 = LINE ( 'NONE', #3401, #8024 ) ;
#867 = EDGE_CURVE ( 'NONE', #8841, #7003, #5884, .T. ) ;
#868 = DIRECTION ( 'NONE',  ( 0.0000000000000000000, 0.0000000000000000000, -1.000000000000000000 ) ) ;
#869 = VERTEX_POINT ( 'NONE', #3137 ) ;
#870 = EDGE_CURVE ( 'NONE', #2200, #7247, #1331, .T. ) ;
#871 = DIRECTION ( 'NONE',  ( -1.000000000000000000, 0.0000000000000000000, 0.0000000000000000000 ) ) ;
#872 = ADVANCED_FACE ( 'NONE', ( #1424 ), #8848, .T. ) ;
#873 = ORIENTED_EDGE ( 'NONE', *, *, #4432, .F. ) ;
#874 = CARTESIAN_POINT ( 'NONE',  ( 64.29999999999999700, 6.299999999999999800, -3.249999999999990700 ) ) ;
#875 = FACE_OUTER_BOUND ( 'NONE', #994, .T. ) ;
#876 = EDGE_CURVE ( 'NONE', #3229, #3996, #1861, .T. ) ;
#877 = DIRECTION ( 'NONE',  ( -0.0000000000000000000, -0.0000000000000000000, 1.000000000000000000 ) ) ;
#878 = ORIENTED_EDGE ( 'NONE', *, *, #3479, .T. ) ;
#879 = DIRECTION ( 'NONE',  ( -1.000000000000000000, 0.0000000000000000000, 0.0000000000000000000 ) ) ;
#880 = CONTEXT_DEPENDENT_SHAPE_REPRESENTATION ( #1627, #614 ) ;
#881 = DIRECTION ( 'NONE',  ( -1.000000000000000000, 0.0000000000000000000, 0.0000000000000000000 ) ) ;
#882 = DIRECTION ( 'NONE',  ( 1.000000000000000000, -3.965082230804127500E-015, 0.0000000000000000000 ) ) ;
#883 = EDGE_CURVE ( 'NONE', #6407, #8450, #4213, .T. ) ;
#884 = DIRECTION ( 'NONE',  ( 1.000000000000000000, 0.0000000000000000000, 0.0000000000000000000 ) ) ;
#885 = AXIS2_PLACEMENT_3D ( 'NONE', #2407, #3004, #1629 ) ;
#886 = DIRECTION ( 'NONE',  ( 1.000000000000000000, 0.0000000000000000000, 0.0000000000000000000 ) ) ;
#887 = CARTESIAN_POINT ( 'NONE',  ( -67.29999999999998300, 2.550000000000016300, 1.250000000000000000 ) ) ;
#888 = ORIENTED_EDGE ( 'NONE', *, *, #8681, .T. ) ;
#889 = EDGE_LOOP ( 'NONE', ( #2548, #2453, #2947, #4803, #6973, #5566, #8406, #7837, #7992, #2309, #6448, #8888, #5944, #1104, #1193, #8929, #4614, #7382, #5969, #4469 ) ) ;
#890 = DIRECTION ( 'NONE',  ( 0.0000000000000000000, 0.0000000000000000000, 1.000000000000000000 ) ) ;
#891 = CONTEXT_DEPENDENT_SHAPE_REPRESENTATION ( #6479, #1194 ) ;
#892 = DIRECTION ( 'NONE',  ( 0.0000000000000000000, 0.0000000000000000000, 1.000000000000000000 ) ) ;
#893 =( REPRESENTATION_RELATIONSHIP ('NONE','NONE', #6135, #6228 ) REPRESENTATION_RELATIONSHIP_WITH_TRANSFORMATION ( #4210 )SHAPE_REPRESENTATION_RELATIONSHIP( ) );
#894 = EDGE_LOOP ( 'NONE', ( #3532, #426, #3200, #8275 ) ) ;
#895 = DIRECTION ( 'NONE',  ( 0.0000000000000000000, 1.000000000000000000, 0.0000000000000000000 ) ) ;
#896 = ORIENTED_EDGE ( 'NONE', *, *, #3841, .F. ) ;
#897 = FACE_OUTER_BOUND ( 'NONE', #8976, .T. ) ;
#898 = DIRECTION ( 'NONE',  ( 0.0000000000000000000, -0.0000000000000000000, 1.000000000000000000 ) ) ;
#899 = DIRECTION ( 'NONE',  ( 0.0000000000000000000, -0.0000000000000000000, 1.000000000000000000 ) ) ;
#900 = DIRECTION ( 'NONE',  ( 1.000000000000000000, 1.225453863971292700E-016, -0.0000000000000000000 ) ) ;
#901 = ORIENTED_EDGE ( 'NONE', *, *, #2510, .T. ) ;
#902 = AXIS2_PLACEMENT_3D ( 'NONE', #5987, #8958, #2518 ) ;
#903 = ORIENTED_EDGE ( 'NONE', *, *, #8321, .T. ) ;
#904 = VECTOR ( 'NONE', #5774, 1000.000000000000000 ) ;
#905 = PLANE ( 'NONE',  #8749 ) ;
#906 = AXIS2_PLACEMENT_3D ( 'NONE', #4355, #7814, #7125 ) ;
#907 = EDGE_CURVE ( 'NONE', #8294, #8789, #6230, .T. ) ;
#908 = DIRECTION ( 'NONE',  ( 1.000000000000000000, 0.0000000000000000000, -0.0000000000000000000 ) ) ;
#909 = VERTEX_POINT ( 'NONE', #8190 ) ;
#910 = DIRECTION ( 'NONE',  ( -1.225453863971292700E-016, 1.000000000000000000, 0.0000000000000000000 ) ) ;
#911 = ORIENTED_EDGE ( 'NONE', *, *, #4440, .T. ) ;
#912 = VECTOR ( 'NONE', #9014, 1000.000000000000000 ) ;
#913 = LINE ( 'NONE', #3704, #2347 ) ;
#914 = CARTESIAN_POINT ( 'NONE',  ( -69.17499999999999700, -1.000000000000016700, 1.100000000000000300 ) ) ;
#915 = ADVANCED_FACE ( 'NONE', ( #7590 ), #4325, .T. ) ;
#916 = DIRECTION ( 'NONE',  ( 1.000000000000000000, 0.0000000000000000000, -0.0000000000000000000 ) ) ;
#917 = CARTESIAN_POINT ( 'NONE',  ( 5.374999999999996400, -1.000000000000007500, 1.250000000000000200 ) ) ;
#918 = LINE ( 'NONE', #1327, #6167 ) ;
#920 = ORIENTED_EDGE ( 'NONE', *, *, #7924, .F. ) ;
#919 = DIRECTION ( 'NONE',  ( 0.0000000000000000000, 0.0000000000000000000, 1.000000000000000000 ) ) ;
#921 = FACE_OUTER_BOUND ( 'NONE', #5466, .T. ) ;
#922 = LINE ( 'NONE', #3653, #1044 ) ;
#923 = EDGE_CURVE ( 'NONE', #7794, #8231, #6677, .T. ) ;
#924 =( REPRESENTATION_RELATIONSHIP ('NONE','NONE', #6135, #6228 ) REPRESENTATION_RELATIONSHIP_WITH_TRANSFORMATION ( #8728 )SHAPE_REPRESENTATION_RELATIONSHIP( ) );
#925 = DIRECTION ( 'NONE',  ( 0.0000000000000000000, -0.9974221446084792200, 0.07175698882075462500 ) ) ;
#926 = CARTESIAN_POINT ( 'NONE',  ( 5.774999999999995900, -3.779999999999999400, -0.8999999999999984700 ) ) ;
#927 = DIRECTION ( 'NONE',  ( 0.0000000000000000000, 1.000000000000000000, 0.0000000000000000000 ) ) ;
#928 = CONTEXT_DEPENDENT_SHAPE_REPRESENTATION ( #847, #827 ) ;
#929 = LINE ( 'NONE', #531, #3114 ) ;
#930 = CARTESIAN_POINT ( 'NONE',  ( 5.774999999999995900, -7.609251737371577800E-015, 1.100000000000000300 ) ) ;
#931 = CONTEXT_DEPENDENT_SHAPE_REPRESENTATION ( #4363, #4094 ) ;
#932 = VERTEX_POINT ( 'NONE', #3744 ) ;
#933 = EDGE_CURVE ( 'NONE', #8047, #5778, #80, .T. ) ;
#934 = AXIS2_PLACEMENT_3D ( 'NONE', #3277, #8326, #4017 ) ;
#935 = CARTESIAN_POINT ( 'NONE',  ( 73.50000000000000000, 21.29999999999984100, 3.210000000000000000 ) ) ;
#936 = CARTESIAN_POINT ( 'NONE',  ( -64.29999999999999700, 6.299999999999984700, -3.249999999999990700 ) ) ;
#937 = DIRECTION ( 'NONE',  ( 0.0000000000000000000, 0.0000000000000000000, -1.000000000000000000 ) ) ;
#938 = LINE ( 'NONE', #1447, #4828 ) ;
#939 = SURFACE_STYLE_USAGE ( .BOTH. , #3747 ) ;
#940 = PLANE ( 'NONE',  #3062 ) ;
#941 = PLANE ( 'NONE',  #4646 ) ;
#942 = CONTEXT_DEPENDENT_SHAPE_REPRESENTATION ( #5813, #2921 ) ;
#943 = ORIENTED_EDGE ( 'NONE', *, *, #6919, .T. ) ;
#944 = CARTESIAN_POINT ( 'NONE',  ( 72.75000000000000000, 21.29999999999984100, -3.210000000000000000 ) ) ;
#945 = ORIENTED_EDGE ( 'NONE', *, *, #825, .T. ) ;
#946 = DIRECTION ( 'NONE',  ( -0.0000000000000000000, -0.0000000000000000000, -1.000000000000000000 ) ) ;
#947 = VECTOR ( 'NONE', #8511, 1000.000000000000000 ) ;
#948 = EDGE_CURVE ( 'NONE', #8969, #1970, #751, .T. ) ;
#949 = AXIS2_PLACEMENT_3D ( 'NONE', #418, #5386, #1117 ) ;
#950 = EDGE_LOOP ( 'NONE', ( #3180, #5202, #7171, #3288 ) ) ;
#951 = ORIENTED_EDGE ( 'NONE', *, *, #7244, .T. ) ;
#952 = CARTESIAN_POINT ( 'NONE',  ( 44.19999999999999600, 5.366041980898707800E-015, 0.0000000000000000000 ) ) ;
#953 = ORIENTED_EDGE ( 'NONE', *, *, #7227, .T. ) ;
#954 = DIRECTION ( 'NONE',  ( 0.0000000000000000000, 0.0000000000000000000, 1.000000000000000000 ) ) ;
#955 =( REPRESENTATION_RELATIONSHIP ('NONE','NONE', #6135, #6228 ) REPRESENTATION_RELATIONSHIP_WITH_TRANSFORMATION ( #3402 )SHAPE_REPRESENTATION_RELATIONSHIP( ) );
#956 = VECTOR ( 'NONE', #8599, 1000.000000000000000 ) ;
#957 = DIRECTION ( 'NONE',  ( 0.0000000000000000000, -1.000000000000000000, 0.0000000000000000000 ) ) ;
#958 = LINE ( 'NONE', #8577, #50 ) ;
#959 = CARTESIAN_POINT ( 'NONE',  ( -65.75000000000000000, 19.29999999999982300, 3.210000000000000000 ) ) ;
#960 = AXIS2_PLACEMENT_3D ( 'NONE', #343, #2496, #7520 ) ;
#961 = ITEM_DEFINED_TRANSFORMATION ( 'NONE', 'NONE', #5667,  #7076 ) ;
#962 = ORIENTED_EDGE ( 'NONE', *, *, #4208, .T. ) ;
#963 = ADVANCED_FACE ( 'NONE', ( #4682 ), #3681, .T. ) ;
#964 = VECTOR ( 'NONE', #7761, 1000.000000000000000 ) ;
#965 = VERTEX_POINT ( 'NONE', #8090 ) ;
#966 = DIRECTION ( 'NONE',  ( 1.000000000000000000, 1.982541115402063700E-015, 0.0000000000000000000 ) ) ;
#967 = ORIENTED_EDGE ( 'NONE', *, *, #6356, .T. ) ;
#968 = PRODUCT_DEFINITION_SHAPE ( 'NONE', 'NONE',  #9142 ) ;
#969 = PLANE ( 'NONE',  #3118 ) ;
#970 = DIRECTION ( 'NONE',  ( 0.0000000000000000000, -0.9426414910921805400, 0.3338068592337647400 ) ) ;
#971 = CARTESIAN_POINT ( 'NONE',  ( 69.99999999999998600, 4.234711976998479300, 3.210000000000000000 ) ) ;
#972 = AXIS2_PLACEMENT_3D ( 'NONE', #511, #4121, #4813 ) ;
#973 = DIRECTION ( 'NONE',  ( -1.000000000000000000, 8.673617379884027600E-016, 0.0000000000000000000 ) ) ;
#974 = EDGE_LOOP ( 'NONE', ( #7556, #8256, #6506, #4810 ) ) ;
#975 = LINE ( 'NONE', #3988, #1094 ) ;
#976 = PRODUCT_DEFINITION_SHAPE ( 'NONE', 'NONE',  #9201 ) ;
#977 = ORIENTED_EDGE ( 'NONE', *, *, #6921, .F. ) ;
#978 = DIRECTION ( 'NONE',  ( 0.0000000000000000000, -1.000000000000000000, 0.0000000000000000000 ) ) ;
#979 = ORIENTED_EDGE ( 'NONE', *, *, #3086, .T. ) ;
#980 = EDGE_CURVE ( 'NONE', #4908, #1073, #1959, .T. ) ;
#981 = CARTESIAN_POINT ( 'NONE',  ( 67.29999999999999700, 10.60000000000000000, 3.250000000000008900 ) ) ;
#982 = PRODUCT_DEFINITION_SHAPE ( 'NONE', 'NONE',  #9266 ) ;
#983 = LINE ( 'NONE', #3383, #5452 ) ;
#984 = CARTESIAN_POINT ( 'NONE',  ( 26.34999999999999400, 1.246710719990910900E-016, -1.600000000000000100 ) ) ;
#985 =( REPRESENTATION_RELATIONSHIP ('NONE','NONE', #6135, #6228 ) REPRESENTATION_RELATIONSHIP_WITH_TRANSFORMATION ( #2631 )SHAPE_REPRESENTATION_RELATIONSHIP( ) );
#986 = ORIENTED_EDGE ( 'NONE', *, *, #8598, .T. ) ;
#987 = EDGE_CURVE ( 'NONE', #2297, #6657, #7710, .T. ) ;
#988 = CARTESIAN_POINT ( 'NONE',  ( -68.77499999999999100, -1.665989494271091600E-014, 1.100000000000000300 ) ) ;
#989 = EDGE_CURVE ( 'NONE', #447, #7431, #4794, .T. ) ;
#990 = CARTESIAN_POINT ( 'NONE',  ( 68.20000000000001700, 6.450000000000001100, 1.250000000000000200 ) ) ;
#991 = DIRECTION ( 'NONE',  ( 0.0000000000000000000, 0.0000000000000000000, 1.000000000000000000 ) ) ;
#992 = AXIS2_PLACEMENT_3D ( 'NONE', #2168, #5039, #5070 ) ;
#993 = FACE_OUTER_BOUND ( 'NONE', #5894, .T. ) ;
#994 = EDGE_LOOP ( 'NONE', ( #2916, #6537, #6301, #4922 ) ) ;
#995 = CONTEXT_DEPENDENT_SHAPE_REPRESENTATION ( #3636, #8242 ) ;
#996 = EDGE_CURVE ( 'NONE', #5145, #7826, #3058, .T. ) ;
#997 = DIRECTION ( 'NONE',  ( 1.000000000000000000, 1.225453863971292700E-016, 0.0000000000000000000 ) ) ;
#998 = DIRECTION ( 'NONE',  ( 0.0000000000000000000, -0.0000000000000000000, -1.000000000000000000 ) ) ;
#999 = EDGE_LOOP ( 'NONE', ( #3617, #2652, #1597, #2291 ) ) ;
#1000 =( LENGTH_UNIT ( ) NAMED_UNIT ( * ) SI_UNIT ( .MILLI., .METRE. ) );
#1001 = CARTESIAN_POINT ( 'NONE',  ( 69.25000000000000000, 20.09999999999984200, 3.210000000000000000 ) ) ;
#1002 = CARTESIAN_POINT ( 'NONE',  ( 67.46999999999999900, 16.79999999999983700, 0.9249999999999978200 ) ) ;
#1003 = EDGE_LOOP ( 'NONE', ( #1888, #5759, #4020, #901, #7647, #1513 ) ) ;
#1004 = EDGE_CURVE ( 'NONE', #6472, #420, #419, .T. ) ;
#1005 = CARTESIAN_POINT ( 'NONE',  ( 5.374999999999996400, -7.658269891930429100E-015, 1.100000000000000300 ) ) ;
#1006 = AXIS2_PLACEMENT_3D ( 'NONE', #5762, #868, #176 ) ;
#1007 = CARTESIAN_POINT ( 'NONE',  ( 78.19999999999998900, 9.493766581590021200E-015, 0.0000000000000000000 ) ) ;
#1008 = DIRECTION ( 'NONE',  ( 0.0000000000000000000, 0.0000000000000000000, -1.000000000000000000 ) ) ;
#1009 = CARTESIAN_POINT ( 'NONE',  ( 64.29999999999999700, 14.83999999999983100, 1.249999999999996400 ) ) ;
#1010 = VERTEX_POINT ( 'NONE', #8536 ) ;
#1011 = VERTEX_POINT ( 'NONE', #2385 ) ;
#1012 = VECTOR ( 'NONE', #613, 1000.000000000000000 ) ;
#1013 = AXIS2_PLACEMENT_3D ( 'NONE', #5453, #3132, #8273 ) ;
#1014 = DIRECTION ( 'NONE',  ( 0.0000000000000000000, 0.0000000000000000000, 1.000000000000000000 ) ) ;
#1015 = DIRECTION ( 'NONE',  ( 0.0000000000000000000, 0.0000000000000000000, 1.000000000000000000 ) ) ;
#1016 = DIRECTION ( 'NONE',  ( 0.0000000000000000000, 0.0000000000000000000, -1.000000000000000000 ) ) ;
#1017 = AXIS2_PLACEMENT_3D ( 'NONE', #2588, #7619, #6198 ) ;
#1018 = ORIENTED_EDGE ( 'NONE', *, *, #8351, .T. ) ;
#1019 = CARTESIAN_POINT ( 'NONE',  ( -69.17500000000001100, -1.712358942959332000E-014, -1.099999999999999900 ) ) ;
#1020 = ORIENTED_EDGE ( 'NONE', *, *, #3893, .F. ) ;
#1021 = DIRECTION ( 'NONE',  ( 1.000000000000000000, 0.0000000000000000000, 0.0000000000000000000 ) ) ;
#1022 = FACE_OUTER_BOUND ( 'NONE', #4015, .T. ) ;
#1023 = CIRCLE ( 'NONE', #3743, 2.000000000000000000 ) ;
#1024 = DIRECTION ( 'NONE',  ( 1.000000000000000000, 0.0000000000000000000, 0.0000000000000000000 ) ) ;
#1025 = AXIS2_PLACEMENT_3D ( 'NONE', #4714, #4153, #4869 ) ;
#1026 = ORIENTED_EDGE ( 'NONE', *, *, #4899, .T. ) ;
#1027 = ITEM_DEFINED_TRANSFORMATION ( 'NONE', 'NONE', #902,  #7076 ) ;
#1028 = ORIENTED_EDGE ( 'NONE', *, *, #7103, .F. ) ;
#1029 = LINE ( 'NONE', #2388, #1245 ) ;
#1030 = FACE_BOUND ( 'NONE', #999, .T. ) ;
#1031 = DIRECTION ( 'NONE',  ( 1.225453863971292700E-016, -1.000000000000000000, 0.0000000000000000000 ) ) ;
#1032 = VECTOR ( 'NONE', #6961, 1000.000000000000000 ) ;
#1033 = DIRECTION ( 'NONE',  ( -0.0000000000000000000, -1.000000000000000000, 0.0000000000000000000 ) ) ;
#1034 = PRESENTATION_LAYER_ASSIGNMENT (  '', '', ( #6953 ) ) ;
#1035 = EDGE_CURVE ( 'NONE', #6489, #7467, #3287, .T. ) ;
#1036 = CARTESIAN_POINT ( 'NONE',  ( 67.29999999999998300, 2.550000000000016300, -1.250000000000000000 ) ) ;
#1037 = DIRECTION ( 'NONE',  ( -0.0000000000000000000, 0.0000000000000000000, 1.000000000000000000 ) ) ;
#1038 = CONTEXT_DEPENDENT_SHAPE_REPRESENTATION ( #8544, #225 ) ;
#1039 = FACE_OUTER_BOUND ( 'NONE', #6703, .T. ) ;
#1040 = DIRECTION ( 'NONE',  ( 0.0000000000000000000, 0.0000000000000000000, 1.000000000000000000 ) ) ;
#1041 = ORIENTED_EDGE ( 'NONE', *, *, #4942, .F. ) ;
#1042 = DIRECTION ( 'NONE',  ( -0.0000000000000000000, -1.000000000000000000, -0.0000000000000000000 ) ) ;
#1043 = LINE ( 'NONE', #6288, #4040 ) ;
#1044 = VECTOR ( 'NONE', #8717, 1000.000000000000000 ) ;
#1045 = ORIENTED_EDGE ( 'NONE', *, *, #35, .T. ) ;
#1046 = DIRECTION ( 'NONE',  ( -1.215927670077200900E-016, -9.170862062490000300E-032, -1.000000000000000000 ) ) ;
#1047 = CONTEXT_DEPENDENT_SHAPE_REPRESENTATION ( #7691, #7422 ) ;
#1048 = DIRECTION ( 'NONE',  ( 0.0000000000000000000, 0.0000000000000000000, 1.000000000000000000 ) ) ;
#1049 = EDGE_CURVE ( 'NONE', #7474, #741, #6120, .T. ) ;
#1051 = ORIENTED_EDGE ( 'NONE', *, *, #5120, .F. ) ;
#1050 =( REPRESENTATION_RELATIONSHIP ('NONE','NONE', #6135, #6228 ) REPRESENTATION_RELATIONSHIP_WITH_TRANSFORMATION ( #1200 )SHAPE_REPRESENTATION_RELATIONSHIP( ) );
#1052 = LINE ( 'NONE', #3674, #7427 ) ;
#1053 = CARTESIAN_POINT ( 'NONE',  ( -72.75000000000000000, 21.29999999999984100, 3.210000000000000000 ) ) ;
#1054 = CARTESIAN_POINT ( 'NONE',  ( -67.97499999999999400, -8.330022640344861500E-015, 2.250000000000000000 ) ) ;
#1055 = ORIENTED_EDGE ( 'NONE', *, *, #7293, .F. ) ;
#1056 = DIRECTION ( 'NONE',  ( -0.0000000000000000000, -0.0000000000000000000, -1.000000000000000000 ) ) ;
#1057 = DIRECTION ( 'NONE',  ( 0.0000000000000000000, 0.0000000000000000000, 1.000000000000000000 ) ) ;
#1058 = ITEM_DEFINED_TRANSFORMATION ( 'NONE', 'NONE', #481,  #7076 ) ;
#1059 = CARTESIAN_POINT ( 'NONE',  ( 7.649999999999994100, -2.145577458381131300E-015, -1.600000000000000100 ) ) ;
#1060 = DIRECTION ( 'NONE',  ( 0.0000000000000000000, 3.822843908301359300E-017, 1.000000000000000000 ) ) ;
#1061 = LINE ( 'NONE', #4515, #7086 ) ;
#1062 = ITEM_DEFINED_TRANSFORMATION ( 'NONE', 'NONE', #220,  #7076 ) ;
#1063 = DIRECTION ( 'NONE',  ( 0.0000000000000000000, 0.0000000000000000000, 1.000000000000000000 ) ) ;
#1064 = EDGE_CURVE ( 'NONE', #2809, #6090, #4093, .T. ) ;
#1065 = ORIENTED_EDGE ( 'NONE', *, *, #738, .T. ) ;
#1066 = AXIS2_PLACEMENT_3D ( 'NONE', #2415, #3763, #6775 ) ;
#1067 = DIRECTION ( 'NONE',  ( -0.0000000000000000000, -0.9974221446084792200, 0.07175698882075462500 ) ) ;
#1068 = CARTESIAN_POINT ( 'NONE',  ( -71.00000000000001400, 20.49999999999983700, -3.210000000000000000 ) ) ;
#1069 = ITEM_DEFINED_TRANSFORMATION ( 'NONE', 'NONE', #4239,  #7076 ) ;
#1070 = DIRECTION ( 'NONE',  ( -1.000000000000000000, 0.0000000000000000000, 0.0000000000000000000 ) ) ;
#1071 = FACE_OUTER_BOUND ( 'NONE', #8166, .T. ) ;
#1072 = CONTEXT_DEPENDENT_SHAPE_REPRESENTATION ( #4771, #6350 ) ;
#1073 = VERTEX_POINT ( 'NONE', #667 ) ;
#1074 = DIRECTION ( 'NONE',  ( 1.000000000000000000, 0.0000000000000000000, 0.0000000000000000000 ) ) ;
#1075 = CARTESIAN_POINT ( 'NONE',  ( -70.20000000000001700, -1.692461876421642400E-014, 3.250000000000008900 ) ) ;
#1076 = VERTEX_POINT ( 'NONE', #5620 ) ;
#1077 = AXIS2_PLACEMENT_3D ( 'NONE', #8921, #424, #7534 ) ;
#1078 = FACE_OUTER_BOUND ( 'NONE', #3581, .T. ) ;
#1079 = DIRECTION ( 'NONE',  ( -1.000000000000000000, 0.0000000000000000000, 1.215927670077200900E-016 ) ) ;
#1080 = VERTEX_POINT ( 'NONE', #6293 ) ;
#1081 = CARTESIAN_POINT ( 'NONE',  ( 62.89999999999999900, 7.636290511278931300E-015, 0.0000000000000000000 ) ) ;
#1082 = CARTESIAN_POINT ( 'NONE',  ( 28.04999999999999400, 3.310573020336568300E-016, -1.600000000000000100 ) ) ;
#1083 = VERTEX_POINT ( 'NONE', #8604 ) ;
#1084 = AXIS2_PLACEMENT_3D ( 'NONE', #2578, #5383, #4082 ) ;
#1085 = ORIENTED_EDGE ( 'NONE', *, *, #4815, .F. ) ;
#1086 = LINE ( 'NONE', #6257, #397 ) ;
#1087 = DIRECTION ( 'NONE',  ( 1.000000000000000000, 0.0000000000000000000, 0.0000000000000000000 ) ) ;
#1088 = ORIENTED_EDGE ( 'NONE', *, *, #4214, .T. ) ;
#1089 = DIRECTION ( 'NONE',  ( 0.0000000000000000000, 0.0000000000000000000, 1.000000000000000000 ) ) ;
#1090 = ORIENTED_EDGE ( 'NONE', *, *, #6675, .F. ) ;
#1091 = VERTEX_POINT ( 'NONE', #4940 ) ;
#1092 = AXIS2_PLACEMENT_3D ( 'NONE', #5468, #7652, #8323 ) ;
#1093 = EDGE_CURVE ( 'NONE', #1619, #7043, #8372, .T. ) ;
#1094 = VECTOR ( 'NONE', #1105, 1000.000000000000000 ) ;
#1095 = CARTESIAN_POINT ( 'NONE',  ( 67.29999999999998300, 7.100000000000000500, -1.500000000000000000 ) ) ;
#1096 = EDGE_LOOP ( 'NONE', ( #1706, #5901, #7575, #3667 ) ) ;
#1097 = DIRECTION ( 'NONE',  ( 0.0000000000000000000, 1.000000000000000000, 0.0000000000000000000 ) ) ;
#1098 = CONTEXT_DEPENDENT_SHAPE_REPRESENTATION ( #2341, #4442 ) ;
#1099 =( REPRESENTATION_RELATIONSHIP ('NONE','NONE', #6135, #6228 ) REPRESENTATION_RELATIONSHIP_WITH_TRANSFORMATION ( #1058 )SHAPE_REPRESENTATION_RELATIONSHIP( ) );
#1100 = DIRECTION ( 'NONE',  ( 1.000000000000000000, 0.0000000000000000000, 0.0000000000000000000 ) ) ;
#1101 = CARTESIAN_POINT ( 'NONE',  ( -67.29999999999998300, 7.100000000000000500, -1.250000000000000000 ) ) ;
#1102 = VECTOR ( 'NONE', #2977, 1000.000000000000000 ) ;
#1103 = EDGE_CURVE ( 'NONE', #4259, #7719, #7253, .T. ) ;
#1104 = ORIENTED_EDGE ( 'NONE', *, *, #1881, .T. ) ;
#1105 = DIRECTION ( 'NONE',  ( -0.0000000000000000000, -6.123233995736441900E-017, -1.000000000000000000 ) ) ;
#1106 = ITEM_DEFINED_TRANSFORMATION ( 'NONE', 'NONE', #7737,  #7076 ) ;
#1107 = CARTESIAN_POINT ( 'NONE',  ( 6.574999999999999300, 0.4000000000000008500, 2.250000000000000000 ) ) ;
#1108 = DIRECTION ( 'NONE',  ( 1.000000000000000000, 0.0000000000000000000, 0.0000000000000000000 ) ) ;
#1109 = DIRECTION ( 'NONE',  ( 0.0000000000000000000, 0.0000000000000000000, 1.000000000000000000 ) ) ;
#1110 =( REPRESENTATION_RELATIONSHIP ('NONE','NONE', #6135, #6228 ) REPRESENTATION_RELATIONSHIP_WITH_TRANSFORMATION ( #4312 )SHAPE_REPRESENTATION_RELATIONSHIP( ) );
#1111 = ORIENTED_EDGE ( 'NONE', *, *, #3231, .F. ) ;
#1112 = ORIENTED_EDGE ( 'NONE', *, *, #5463, .F. ) ;
#1113 = CARTESIAN_POINT ( 'NONE',  ( -67.29999999999998300, 2.550000000000016300, 1.250000000000000000 ) ) ;
#1114 = CARTESIAN_POINT ( 'NONE',  ( -67.29999999999998300, 2.550000000000016300, 1.250000000000000000 ) ) ;
#1115 = EDGE_CURVE ( 'NONE', #2509, #6901, #4993, .T. ) ;
#1116 = DIRECTION ( 'NONE',  ( 1.000000000000000000, 0.0000000000000000000, 0.0000000000000000000 ) ) ;
#1117 = DIRECTION ( 'NONE',  ( 1.000000000000000000, 0.0000000000000000000, 0.0000000000000000000 ) ) ;
#1118 = AXIS2_PLACEMENT_3D ( 'NONE', #1982, #2090, #628 ) ;
#1119 = CARTESIAN_POINT ( 'NONE',  ( 5.949999999999994000, -2.351963688415697300E-015, -1.600000000000000100 ) ) ;
#1120 = ORIENTED_EDGE ( 'NONE', *, *, #3221, .F. ) ;
#1121 = ORIENTED_EDGE ( 'NONE', *, *, #8365, .T. ) ;
#1122 = FACE_OUTER_BOUND ( 'NONE', #5338, .T. ) ;
#1123 = DIRECTION ( 'NONE',  ( -1.000000000000000000, 0.0000000000000000000, 0.0000000000000000000 ) ) ;
#1124 = PRODUCT_DEFINITION_SHAPE ( 'NONE', 'NONE',  #9129 ) ;
#1125 = DIRECTION ( 'NONE',  ( 1.000000000000000000, 1.225453863971292700E-016, -0.0000000000000000000 ) ) ;
#1126 = CARTESIAN_POINT ( 'NONE',  ( -69.17499999999999700, -1.674565250124418600E-014, 0.9000000000000002400 ) ) ;
#1127 = CARTESIAN_POINT ( 'NONE',  ( 0.0000000000000000000, 0.0000000000000000000, 0.0000000000000000000 ) ) ;
#1128 = CARTESIAN_POINT ( 'NONE',  ( 64.29999999999999700, 8.250000000000000000, 0.9249999999999978200 ) ) ;
#1129 = EDGE_LOOP ( 'NONE', ( #4986, #1574, #2691, #4435 ) ) ;
#1130 = EDGE_CURVE ( 'NONE', #7941, #2231, #5216, .T. ) ;
#1131 = ORIENTED_EDGE ( 'NONE', *, *, #5404, .F. ) ;
#1132 =( GEOMETRIC_REPRESENTATION_CONTEXT ( 3 ) GLOBAL_UNCERTAINTY_ASSIGNED_CONTEXT ( ( #384 ) ) GLOBAL_UNIT_ASSIGNED_CONTEXT ( ( #7023, #4165, #5521 ) ) REPRESENTATION_CONTEXT ( 'NONE', 'WORKASPACE' ) );
#1133 = VECTOR ( 'NONE', #3175, 1000.000000000000000 ) ;
#1134 = PRODUCT_DEFINITION_SHAPE ( 'NONE', 'NONE',  #9223 ) ;
#1135 = CARTESIAN_POINT ( 'NONE',  ( 67.29999999999998300, 2.550000000000016300, 1.250000000000000000 ) ) ;
#1136 = DIRECTION ( 'NONE',  ( -1.000000000000000000, -1.225453863971292700E-016, 1.252177156955089600E-016 ) ) ;
#1137 = ORIENTED_EDGE ( 'NONE', *, *, #1509, .T. ) ;
#1138 = PRODUCT_DEFINITION_SHAPE ( 'NONE', 'NONE',  #9289 ) ;
#1139 = AXIS2_PLACEMENT_3D ( 'NONE', #5342, #6665, #4500 ) ;
#1141 = VERTEX_POINT ( 'NONE', #2886 ) ;
#1140 = DIRECTION ( 'NONE',  ( 1.000000000000000000, 0.0000000000000000000, 0.0000000000000000000 ) ) ;
#1142 = FACE_OUTER_BOUND ( 'NONE', #3134, .T. ) ;
#1143 = VECTOR ( 'NONE', #1753, 1000.000000000000000 ) ;
#1144 = DIRECTION ( 'NONE',  ( 1.000000000000000000, 0.0000000000000000000, 0.0000000000000000000 ) ) ;
#1145 = AXIS2_PLACEMENT_3D ( 'NONE', #1747, #8118, #348 ) ;
#1146 = CARTESIAN_POINT ( 'NONE',  ( -69.17499999999999700, -3.780000000000008200, 1.049999999999999800 ) ) ;
#1147 = CARTESIAN_POINT ( 'NONE',  ( -70.20000000000001700, -1.692461876421642400E-014, 2.750000000000008900 ) ) ;
#1148 = VECTOR ( 'NONE', #6134, 1000.000000000000000 ) ;
#1149 = ORIENTED_EDGE ( 'NONE', *, *, #4372, .F. ) ;
#1150 = ORIENTED_EDGE ( 'NONE', *, *, #8844, .F. ) ;
#1151 = VECTOR ( 'NONE', #8031, 1000.000000000000000 ) ;
#1152 = LINE ( 'NONE', #5720, #2783 ) ;
#1153 = AXIS2_PLACEMENT_3D ( 'NONE', #1324, #7699, #7805 ) ;
#1154 = DIRECTION ( 'NONE',  ( 1.000000000000000000, 0.0000000000000000000, 0.0000000000000000000 ) ) ;
#1155 = PRODUCT_DEFINITION_SHAPE ( 'NONE', 'NONE',  #9098 ) ;
#1156 = VECTOR ( 'NONE', #1187, 1000.000000000000000 ) ;
#1157 = CARTESIAN_POINT ( 'NONE',  ( 64.29999999999999700, 3.234711976998478900, 0.9249999999999978200 ) ) ;
#1158 = LINE ( 'NONE', #3519, #6516 ) ;
#1159 = EDGE_CURVE ( 'NONE', #6934, #6128, #5990, .T. ) ;
#1160 = CARTESIAN_POINT ( 'NONE',  ( -64.29999999999999700, 14.83999999999983100, -3.210000000000001300 ) ) ;
#1161 = PRODUCT_DEFINITION_SHAPE ( 'NONE', 'NONE',  #9047 ) ;
#1162 = CONTEXT_DEPENDENT_SHAPE_REPRESENTATION ( #4242, #6201 ) ;
#1163 =( REPRESENTATION_RELATIONSHIP ('NONE','NONE', #6135, #6228 ) REPRESENTATION_RELATIONSHIP_WITH_TRANSFORMATION ( #7877 )SHAPE_REPRESENTATION_RELATIONSHIP( ) );
#1164 = VERTEX_POINT ( 'NONE', #6553 ) ;
#1165 = PLANE ( 'NONE',  #7973 ) ;
#1166 = ADVANCED_FACE ( 'NONE', ( #1636 ), #2408, .F. ) ;
#1167 = DIRECTION ( 'NONE',  ( -0.0000000000000000000, -0.0000000000000000000, 1.000000000000000000 ) ) ;
#1168 = CONTEXT_DEPENDENT_SHAPE_REPRESENTATION ( #6911, #2889 ) ;
#1169 = VECTOR ( 'NONE', #3366, 1000.000000000000000 ) ;
#1170 = DIRECTION ( 'NONE',  ( -1.000000000000000000, -3.965082230804127500E-015, 0.0000000000000000000 ) ) ;
#1171 = EDGE_LOOP ( 'NONE', ( #6698, #6840, #3892, #951, #7320, #4347, #20, #3081, #1721, #4474, #8197, #6636, #542, #1121, #1464, #6771, #7080, #550 ) ) ;
#1172 = EDGE_CURVE ( 'NONE', #4418, #2671, #292, .T. ) ;
#1173 =( REPRESENTATION_RELATIONSHIP ('NONE','NONE', #6135, #6228 ) REPRESENTATION_RELATIONSHIP_WITH_TRANSFORMATION ( #379 )SHAPE_REPRESENTATION_RELATIONSHIP( ) );
#1174 = VECTOR ( 'NONE', #2846, 1000.000000000000000 ) ;
#1175 = ITEM_DEFINED_TRANSFORMATION ( 'NONE', 'NONE', #8816,  #7076 ) ;
#1176 = ORIENTED_EDGE ( 'NONE', *, *, #3173, .F. ) ;
#1177 = CARTESIAN_POINT ( 'NONE',  ( 64.29999999999999700, 6.299999999999999800, 3.250000000000008900 ) ) ;
#1178 = PRODUCT_DEFINITION_SHAPE ( 'NONE', 'NONE',  #9082 ) ;
#1179 = EDGE_CURVE ( 'NONE', #4628, #3249, #2849, .T. ) ;
#1180 = DIRECTION ( 'NONE',  ( 0.0000000000000000000, 0.0000000000000000000, 1.000000000000000000 ) ) ;
#1181 = FACE_OUTER_BOUND ( 'NONE', #6570, .T. ) ;
#1182 = CARTESIAN_POINT ( 'NONE',  ( 5.374999999999996400, -1.000000000000007500, 1.250000000000000200 ) ) ;
#1183 = EDGE_CURVE ( 'NONE', #4797, #3299, #5555, .T. ) ;
#1184 = ORIENTED_EDGE ( 'NONE', *, *, #1703, .T. ) ;
#1185 = CARTESIAN_POINT ( 'NONE',  ( -69.99999999999998600, 3.234711976998478900, 3.210000000000000000 ) ) ;
#1186 = CARTESIAN_POINT ( 'NONE',  ( -67.46999999999999900, 3.234711976998492700, -0.9249999999999987100 ) ) ;
#1187 = DIRECTION ( 'NONE',  ( 0.0000000000000000000, 1.000000000000000000, 0.0000000000000000000 ) ) ;
#1188 = DIRECTION ( 'NONE',  ( 0.0000000000000000000, -1.000000000000000000, 0.0000000000000000000 ) ) ;
#1189 = CARTESIAN_POINT ( 'NONE',  ( 72.75000000000001400, 20.89999999999983900, 3.210000000000000000 ) ) ;
#1190 = LINE ( 'NONE', #3348, #277 ) ;
#1191 = AXIS2_PLACEMENT_3D ( 'NONE', #3619, #814, #5797 ) ;
#1192 = EDGE_LOOP ( 'NONE', ( #4575, #340, #8098, #5739 ) ) ;
#1193 = ORIENTED_EDGE ( 'NONE', *, *, #2399, .T. ) ;
#1194 = PRODUCT_DEFINITION_SHAPE ( 'NONE', 'NONE',  #9019 ) ;
#1195 = DIRECTION ( 'NONE',  ( -1.225453863971292700E-016, 1.000000000000000000, 0.0000000000000000000 ) ) ;
#1196 = LINE ( 'NONE', #5440, #4757 ) ;
#1197 = CARTESIAN_POINT ( 'NONE',  ( 63.74999999999998600, 4.665168132759536000E-015, -1.600000000000000100 ) ) ;
#1198 = PRODUCT_DEFINITION_SHAPE ( 'NONE', 'NONE',  #9036 ) ;
#1199 = ORIENTED_EDGE ( 'NONE', *, *, #1405, .T. ) ;
#1200 = ITEM_DEFINED_TRANSFORMATION ( 'NONE', 'NONE', #5493,  #7076 ) ;
#1201 = DIRECTION ( 'NONE',  ( 1.000000000000000000, 0.0000000000000000000, -0.0000000000000000000 ) ) ;
#1202 = CARTESIAN_POINT ( 'NONE',  ( -64.29999999999999700, 14.83999999999983100, -1.250000000000000200 ) ) ;
#1203 = ORIENTED_EDGE ( 'NONE', *, *, #7567, .T. ) ;
#1204 = ADVANCED_FACE ( 'NONE', ( #4765 ), #4323, .T. ) ;
#1205 = AXIS2_PLACEMENT_3D ( 'NONE', #6131, #6096, #8442 ) ;
#1206 = CARTESIAN_POINT ( 'NONE',  ( 5.374999999999996400, -1.000000000000007500, 1.100000000000000300 ) ) ;
#1207 = VECTOR ( 'NONE', #2061, 1000.000000000000000 ) ;
#1208 = PRODUCT ( 'pins^10145226-black', 'pins^10145226-black', '', ( #2920 ) ) ;
#1209 = VERTEX_POINT ( 'NONE', #78 ) ;
#1210 = STYLED_ITEM ( 'NONE', ( #2650 ), #3347 ) ;
#1211 = EDGE_CURVE ( 'NONE', #7241, #4247, #2634, .T. ) ;
#1212 = DIRECTION ( 'NONE',  ( -0.0000000000000000000, -0.0000000000000000000, 1.000000000000000000 ) ) ;
#1213 = VECTOR ( 'NONE', #6024, 1000.000000000000000 ) ;
#1214 = CARTESIAN_POINT ( 'NONE',  ( -73.50000000000000000, 20.29999999999983700, 3.210000000000000000 ) ) ;
#1215 = ORIENTED_EDGE ( 'NONE', *, *, #867, .F. ) ;
#1216 =( REPRESENTATION_RELATIONSHIP ('NONE','NONE', #6135, #6228 ) REPRESENTATION_RELATIONSHIP_WITH_TRANSFORMATION ( #7425 )SHAPE_REPRESENTATION_RELATIONSHIP( ) );
#1217 = EDGE_CURVE ( 'NONE', #2671, #7562, #1740, .T. ) ;
#1218 = CARTESIAN_POINT ( 'NONE',  ( 70.20000000000001700, 6.450000000000001100, -2.750000000000008900 ) ) ;
#1219 = EDGE_LOOP ( 'NONE', ( #3160, #2435 ) ) ;
#1220 = ORIENTED_EDGE ( 'NONE', *, *, #2542, .F. ) ;
#1221 = CARTESIAN_POINT ( 'NONE',  ( -71.00040004000798900, 14.83999999999983100, 1.249999999999998400 ) ) ;
#1222 = CARTESIAN_POINT ( 'NONE',  ( 10.19999999999999900, 1.238317380207394100E-015, 0.0000000000000000000 ) ) ;
#1223 = DIRECTION ( 'NONE',  ( 0.0000000000000000000, 0.0000000000000000000, 1.000000000000000000 ) ) ;
#1224 = ORIENTED_EDGE ( 'NONE', *, *, #558, .F. ) ;
#1225 = ORIENTED_EDGE ( 'NONE', *, *, #2120, .T. ) ;
#1226 = VECTOR ( 'NONE', #364, 1000.000000000000000 ) ;
#1227 = EDGE_CURVE ( 'NONE', #6940, #5126, #983, .T. ) ;
#1228 = AXIS2_PLACEMENT_3D ( 'NONE', #1411, #2820, #1441 ) ;
#1229 = DIRECTION ( 'NONE',  ( 1.000000000000000000, 0.0000000000000000000, 0.0000000000000000000 ) ) ;
#1230 = CARTESIAN_POINT ( 'NONE',  ( 68.77500000000000600, -2.184533761093347500E-016, 1.100000000000000300 ) ) ;
#1231 = VERTEX_POINT ( 'NONE', #8369 ) ;
#1232 = EDGE_LOOP ( 'NONE', ( #911, #7771, #4555, #1663 ) ) ;
#1233 = FACE_OUTER_BOUND ( 'NONE', #3849, .T. ) ;
#1234 = VECTOR ( 'NONE', #1593, 1000.000000000000000 ) ;
#1235 = CARTESIAN_POINT ( 'NONE',  ( 70.99999999999998600, 10.60000000000000000, -1.500000000000000000 ) ) ;
#1236 = DIRECTION ( 'NONE',  ( 1.000000000000000000, 0.0000000000000000000, 0.0000000000000000000 ) ) ;
#1237 = DIRECTION ( 'NONE',  ( 0.0000000000000000000, 0.0000000000000000000, -1.000000000000000000 ) ) ;
#1238 = EDGE_CURVE ( 'NONE', #4908, #1091, #3397, .T. ) ;
#1239 = ADVANCED_FACE ( 'NONE', ( #640 ), #2587, .T. ) ;
#1240 = AXIS2_PLACEMENT_3D ( 'NONE', #8664, #6443, #5781 ) ;
#1241 = DIRECTION ( 'NONE',  ( 1.000000000000000000, 0.0000000000000000000, 0.0000000000000000000 ) ) ;
#1242 = ORIENTED_EDGE ( 'NONE', *, *, #2249, .F. ) ;
#1243 = ITEM_DEFINED_TRANSFORMATION ( 'NONE', 'NONE', #5974,  #7076 ) ;
#1244 = ORIENTED_EDGE ( 'NONE', *, *, #8844, .T. ) ;
#1245 = VECTOR ( 'NONE', #1688, 1000.000000000000000 ) ;
#1246 = LINE ( 'NONE', #1135, #7735 ) ;
#1247 = LINE ( 'NONE', #6147, #3672 ) ;
#1248 = CARTESIAN_POINT ( 'NONE',  ( 71.15660722728517800, 15.58902120802611600, 1.393145533952518100 ) ) ;
#1249 = AXIS2_PLACEMENT_3D ( 'NONE', #222, #1015, #3085 ) ;
#1250 = ITEM_DEFINED_TRANSFORMATION ( 'NONE', 'NONE', #3503,  #7076 ) ;
#1251 =( REPRESENTATION_RELATIONSHIP ('NONE','NONE', #6135, #6228 ) REPRESENTATION_RELATIONSHIP_WITH_TRANSFORMATION ( #2709 )SHAPE_REPRESENTATION_RELATIONSHIP( ) );
#1252 = ORIENTED_EDGE ( 'NONE', *, *, #8793, .T. ) ;
#1253 = DIRECTION ( 'NONE',  ( -1.000000000000000000, 0.0000000000000000000, 0.0000000000000000000 ) ) ;
#1254 = LINE ( 'NONE', #33, #8425 ) ;
#1255 = FACE_OUTER_BOUND ( 'NONE', #3773, .T. ) ;
#1256 = CARTESIAN_POINT ( 'NONE',  ( -68.20000000000001700, 6.450000000000001100, -0.9249999999999982700 ) ) ;
#1257 = AXIS2_PLACEMENT_3D ( 'NONE', #6656, #300, #8160 ) ;
#1258 = ORIENTED_EDGE ( 'NONE', *, *, #1657, .F. ) ;
#1259 = PLANE ( 'NONE',  #4105 ) ;
#1260 = PRODUCT_RELATED_PRODUCT_CATEGORY ( 'part', '', ( #545 ) ) ;
#1261 = PRODUCT_DEFINITION_SHAPE ( 'NONE', 'NONE',  #9163 ) ;
#1262 = LINE ( 'NONE', #1913, #6971 ) ;
#1263 = CARTESIAN_POINT ( 'NONE',  ( 90.94999999999998900, 6.658485161629797000E-016, -5.400000000000000400 ) ) ;
#1264 = CARTESIAN_POINT ( 'NONE',  ( 69.20000000000001700, 6.450000000000001100, -2.500000000000000000 ) ) ;
#1265 = CONTEXT_DEPENDENT_SHAPE_REPRESENTATION ( #3497, #4252 ) ;
#1266 = EDGE_LOOP ( 'NONE', ( #387, #8428, #7031, #5109 ) ) ;
#1267 = PRODUCT_DEFINITION_SHAPE ( 'NONE', 'NONE',  #9219 ) ;
#1268 = EDGE_CURVE ( 'NONE', #2761, #2671, #5330, .T. ) ;
#1269 = DIRECTION ( 'NONE',  ( 1.000000000000000000, -3.965082230804127500E-015, 0.0000000000000000000 ) ) ;
#1270 = VECTOR ( 'NONE', #8895, 1000.000000000000000 ) ;
#1271 =( REPRESENTATION_RELATIONSHIP ('NONE','NONE', #6135, #6228 ) REPRESENTATION_RELATIONSHIP_WITH_TRANSFORMATION ( #4281 )SHAPE_REPRESENTATION_RELATIONSHIP( ) );
#1272 = ITEM_DEFINED_TRANSFORMATION ( 'NONE', 'NONE', #3129,  #7076 ) ;
#1273 = ORIENTED_EDGE ( 'NONE', *, *, #7648, .T. ) ;
#1274 = PRODUCT_DEFINITION_SHAPE ( 'NONE', 'NONE',  #9244 ) ;
#1275 = DIRECTION ( 'NONE',  ( 1.000000000000000000, 0.0000000000000000000, 0.0000000000000000000 ) ) ;
#1276 = VECTOR ( 'NONE', #801, 1000.000000000000000 ) ;
#1277 = DIRECTION ( 'NONE',  ( 0.0000000000000000000, 0.0000000000000000000, 1.000000000000000000 ) ) ;
#1278 = DIRECTION ( 'NONE',  ( 1.000000000000000000, 0.0000000000000000000, 0.0000000000000000000 ) ) ;
#1279 = EDGE_CURVE ( 'NONE', #8608, #6302, #6455, .T. ) ;
#1280 = ORIENTED_EDGE ( 'NONE', *, *, #3564, .F. ) ;
#1281 = AXIS2_PLACEMENT_3D ( 'NONE', #726, #3412, #6285 ) ;
#1282 = ORIENTED_EDGE ( 'NONE', *, *, #81, .F. ) ;
#1283 = CARTESIAN_POINT ( 'NONE',  ( -64.29999999999999700, 6.299999999999984700, -3.249999999999990700 ) ) ;
#1284 = CONTEXT_DEPENDENT_SHAPE_REPRESENTATION ( #8803, #4703 ) ;
#1285 = ADVANCED_FACE ( 'NONE', ( #4493 ), #3739, .T. ) ;
#1286 = LINE ( 'NONE', #8392, #2717 ) ;
#1287 = DIRECTION ( 'NONE',  ( 1.405967980527444000E-032, -1.147303886228049800E-016, 1.000000000000000000 ) ) ;
#1288 = EDGE_LOOP ( 'NONE', ( #5854, #2751, #6380, #3042 ) ) ;
#1289 = ORIENTED_EDGE ( 'NONE', *, *, #1466, .T. ) ;
#1290 = EDGE_LOOP ( 'NONE', ( #56, #448, #3974, #7527 ) ) ;
#1291 = DIRECTION ( 'NONE',  ( 0.0000000000000000000, 0.0000000000000000000, 1.000000000000000000 ) ) ;
#1292 = EDGE_CURVE ( 'NONE', #6929, #1076, #2534, .T. ) ;
#1293 = CARTESIAN_POINT ( 'NONE',  ( 72.75000000000001400, 20.89999999999983900, 3.210000000000000000 ) ) ;
#1294 = AXIS2_PLACEMENT_3D ( 'NONE', #3840, #2331, #210 ) ;
#1295 = VECTOR ( 'NONE', #6905, 1000.000000000000000 ) ;
#1296 = DIRECTION ( 'NONE',  ( -0.0000000000000000000, -0.0000000000000000000, -1.000000000000000000 ) ) ;
#1297 = ORIENTED_EDGE ( 'NONE', *, *, #7407, .F. ) ;
#1298 = ITEM_DEFINED_TRANSFORMATION ( 'NONE', 'NONE', #4525,  #7076 ) ;
#1299 = ORIENTED_EDGE ( 'NONE', *, *, #1817, .F. ) ;
#1300 = FILL_AREA_STYLE_COLOUR ( '', #8445 ) ;
#1301 =( REPRESENTATION_RELATIONSHIP ('NONE','NONE', #6135, #6228 ) REPRESENTATION_RELATIONSHIP_WITH_TRANSFORMATION ( #704 )SHAPE_REPRESENTATION_RELATIONSHIP( ) );
#1302 = AXIS2_PLACEMENT_3D ( 'NONE', #1339, #6277, #4181 ) ;
#1303 = FACE_OUTER_BOUND ( 'NONE', #2640, .T. ) ;
#1305 = ORIENTED_EDGE ( 'NONE', *, *, #2749, .T. ) ;
#1304 = DIRECTION ( 'NONE',  ( 1.000000000000000000, 0.0000000000000000000, 0.0000000000000000000 ) ) ;
#1306 = CARTESIAN_POINT ( 'NONE',  ( 67.97499999999999400, 0.4000000000000083500, 2.250000000000000000 ) ) ;
#1307 = ITEM_DEFINED_TRANSFORMATION ( 'NONE', 'NONE', #8597,  #7076 ) ;
#1308 = DIRECTION ( 'NONE',  ( 1.000000000000000000, -2.602085213965208300E-015, 0.0000000000000000000 ) ) ;
#1309 = DIRECTION ( 'NONE',  ( 1.000000000000000000, 0.0000000000000000000, 0.0000000000000000000 ) ) ;
#1310 = AXIS2_PLACEMENT_3D ( 'NONE', #1283, #2052, #4116 ) ;
#1311 = CARTESIAN_POINT ( 'NONE',  ( -71.00357764687726100, 14.99884856421461000, 1.249999999999996400 ) ) ;
#1312 = DIRECTION ( 'NONE',  ( 1.000000000000000000, 0.0000000000000000000, 0.0000000000000000000 ) ) ;
#1313 = LINE ( 'NONE', #7368, #3407 ) ;
#1314 = ORIENTED_EDGE ( 'NONE', *, *, #623, .F. ) ;
#1315 = DIRECTION ( 'NONE',  ( 0.0000000000000000000, 0.0000000000000000000, 1.000000000000000000 ) ) ;
#1316 = CONTEXT_DEPENDENT_SHAPE_REPRESENTATION ( #1542, #4784 ) ;
#1317 = ADVANCED_FACE ( 'NONE', ( #3510 ), #3688, .F. ) ;
#1318 = AXIS2_PLACEMENT_3D ( 'NONE', #8119, #6737, #8839 ) ;
#1319 = CARTESIAN_POINT ( 'NONE',  ( -67.97499999999999400, 0.3999999999999917000, 2.250000000000000000 ) ) ;
#1320 = ORIENTED_EDGE ( 'NONE', *, *, #6356, .F. ) ;
#1321 = DIRECTION ( 'NONE',  ( 0.0000000000000000000, 1.000000000000000000, 0.0000000000000000000 ) ) ;
#1322 = LINE ( 'NONE', #3876, #4450 ) ;
#1323 = EDGE_CURVE ( 'NONE', #5809, #8896, #3279, .T. ) ;
#1324 = CARTESIAN_POINT ( 'NONE',  ( 92.64999999999997700, 8.722347461975454900E-016, -5.400000000000000400 ) ) ;
#1325 = ORIENTED_EDGE ( 'NONE', *, *, #6429, .F. ) ;
#1326 = DIRECTION ( 'NONE',  ( 0.0000000000000000000, 0.0000000000000000000, 1.000000000000000000 ) ) ;
#1327 = CARTESIAN_POINT ( 'NONE',  ( -68.77499999999999100, -3.780000000000008200, 0.8999999999999998000 ) ) ;
#1328 = ORIENTED_EDGE ( 'NONE', *, *, #2595, .T. ) ;
#1329 = ADVANCED_FACE ( 'NONE', ( #1303 ), #7669, .T. ) ;
#1330 = ORIENTED_EDGE ( 'NONE', *, *, #6115, .T. ) ;
#1331 = LINE ( 'NONE', #185, #2551 ) ;
#1332 = EDGE_CURVE ( 'NONE', #3996, #4943, #191, .T. ) ;
#1333 = PRODUCT_DEFINITION_SHAPE ( 'NONE', 'NONE',  #9025 ) ;
#1334 = CARTESIAN_POINT ( 'NONE',  ( -70.20000000000001700, 0.3999999999999914700, 3.250000000000008900 ) ) ;
#1335 = CARTESIAN_POINT ( 'NONE',  ( 45.04999999999997600, -4.906579694770294200E-015, -5.400000000000000400 ) ) ;
#1336 = VERTEX_POINT ( 'NONE', #5509 ) ;
#1337 = ORIENTED_EDGE ( 'NONE', *, *, #3951, .F. ) ;
#1338 = LINE ( 'NONE', #1189, #2985 ) ;
#1339 = CARTESIAN_POINT ( 'NONE',  ( 32.29999999999998300, -3.380160926492859600E-015, -3.800000000000000300 ) ) ;
#1340 = EDGE_CURVE ( 'NONE', #7867, #8268, #7802, .T. ) ;
#1341 = DIRECTION ( 'NONE',  ( 1.000000000000000000, 0.0000000000000000000, -0.0000000000000000000 ) ) ;
#1342 = CARTESIAN_POINT ( 'NONE',  ( 67.97499999999999400, 0.4000000000000083500, 2.250000000000000000 ) ) ;
#1343 = CARTESIAN_POINT ( 'NONE',  ( 18.69999999999998900, -5.031250766769385500E-015, -3.800000000000000300 ) ) ;
#1344 = CARTESIAN_POINT ( 'NONE',  ( 64.79999999999999700, 16.79999999999983700, 3.210000000000000000 ) ) ;
#1345 = CARTESIAN_POINT ( 'NONE',  ( 5.575000000000001100, 5.399999999999975500, -0.7900000000000008100 ) ) ;
#1346 = ORIENTED_EDGE ( 'NONE', *, *, #7865, .T. ) ;
#1347 = EDGE_CURVE ( 'NONE', #6821, #354, #7357, .T. ) ;
#1348 = EDGE_LOOP ( 'NONE', ( #8004, #3970, #3060, #3615 ) ) ;
#1349 = DIRECTION ( 'NONE',  ( 0.0000000000000000000, 1.000000000000000000, 1.297076659421812200E-016 ) ) ;
#1350 = VERTEX_POINT ( 'NONE', #1538 ) ;
#1351 = LINE ( 'NONE', #5081, #8752 ) ;
#1352 = LINE ( 'NONE', #2926, #8753 ) ;
#1353 = LINE ( 'NONE', #5838, #573 ) ;
#1354 = DIRECTION ( 'NONE',  ( 0.0000000000000000000, 0.0000000000000000000, 1.000000000000000000 ) ) ;
#1355 = DIRECTION ( 'NONE',  ( 1.000000000000000000, 0.0000000000000000000, 0.0000000000000000000 ) ) ;
#1356 = CONTEXT_DEPENDENT_SHAPE_REPRESENTATION ( #6397, #2317 ) ;
#1357 = CONTEXT_DEPENDENT_SHAPE_REPRESENTATION ( #8003, #5898 ) ;
#1358 = ORIENTED_EDGE ( 'NONE', *, *, #7692, .F. ) ;
#1359 = FACE_OUTER_BOUND ( 'NONE', #4648, .T. ) ;
#1360 = LINE ( 'NONE', #4494, #1589 ) ;
#1361 = CARTESIAN_POINT ( 'NONE',  ( 7.649999999999983500, -9.447076755530739600E-015, -5.400000000000000400 ) ) ;
#1362 = DIRECTION ( 'NONE',  ( 0.0000000000000000000, 0.0000000000000000000, -1.000000000000000000 ) ) ;
#1363 = CARTESIAN_POINT ( 'NONE',  ( -69.17499999999999700, -1.000000000000016700, 1.250000000000000200 ) ) ;
#1364 = ADVANCED_FACE ( 'NONE', ( #6906 ), #4246, .F. ) ;
#1365 = CARTESIAN_POINT ( 'NONE',  ( 69.20000000000001700, 6.450000000000001100, 1.250000000000000200 ) ) ;
#1366 = UNCERTAINTY_MEASURE_WITH_UNIT (LENGTH_MEASURE( 1.000000000000000100E-005 ), #7262, 'distance_accuracy_value', 'NONE');
#1367 = AXIS2_PLACEMENT_3D ( 'NONE', #5208, #1693, #7445 ) ;
#1368 = PLANE ( 'NONE',  #2476 ) ;
#1369 = FACE_OUTER_BOUND ( 'NONE', #6197, .T. ) ;
#1370 = CARTESIAN_POINT ( 'NONE',  ( 67.50000000000000000, 20.09999999999983400, 3.210000000000000000 ) ) ;
#1371 = ITEM_DEFINED_TRANSFORMATION ( 'NONE', 'NONE', #5499,  #7076 ) ;
#1372 = ORIENTED_EDGE ( 'NONE', *, *, #4294, .F. ) ;
#1373 = DIRECTION ( 'NONE',  ( -1.225453863971292700E-016, 1.000000000000000000, 0.0000000000000000000 ) ) ;
#1374 = AXIS2_PLACEMENT_3D ( 'NONE', #2426, #8928, #1698 ) ;
#1375 = PRODUCT_DEFINITION_SHAPE ( 'NONE', 'NONE',  #9105 ) ;
#1376 = EDGE_LOOP ( 'NONE', ( #8595, #4467, #6696, #6515 ) ) ;
#1377 = DIRECTION ( 'NONE',  ( -1.000000000000000000, 0.0000000000000000000, 0.0000000000000000000 ) ) ;
#1378 = CARTESIAN_POINT ( 'NONE',  ( -70.99999999999998600, 10.59999999999998200, -3.249999999999990700 ) ) ;
#1379 = AXIS2_PLACEMENT_3D ( 'NONE', #7329, #2991, #910 ) ;
#1380 = SURFACE_STYLE_FILL_AREA ( #1941 ) ;
#1381 = CARTESIAN_POINT ( 'NONE',  ( 74.50000000000000000, 21.29999999999983700, 3.210000000000000000 ) ) ;
#1382 = EDGE_CURVE ( 'NONE', #8653, #3529, #5444, .T. ) ;
#1383 = ADVANCED_FACE ( 'NONE', ( #8363 ), #3721, .F. ) ;
#1384 = DIRECTION ( 'NONE',  ( -1.000000000000000000, -1.225453863971293700E-016, 0.0000000000000000000 ) ) ;
#1385 = ORIENTED_EDGE ( 'NONE', *, *, #487, .F. ) ;
#1386 = CARTESIAN_POINT ( 'NONE',  ( 71.28834836213548000, 15.84446160858497500, 1.520902667769441700 ) ) ;
#1387 = CONTEXT_DEPENDENT_SHAPE_REPRESENTATION ( #1825, #1570 ) ;
#1388 = PRODUCT_DEFINITION ( 'UNKNOWN', '', #2215, #2952 ) ;
#1389 = LINE ( 'NONE', #4732, #4292 ) ;
#1390 = ORIENTED_EDGE ( 'NONE', *, *, #5777, .F. ) ;
#1391 = CARTESIAN_POINT ( 'NONE',  ( 72.77808431023110800, 16.79999999999983400, -2.990314680957904400 ) ) ;
#1392 = EDGE_CURVE ( 'NONE', #8644, #7238, #7013, .T. ) ;
#1393 = CARTESIAN_POINT ( 'NONE',  ( 69.17499999999999700, 5.100120229604047100E-017, 0.9000000000000002400 ) ) ;
#1394 = CARTESIAN_POINT ( 'NONE',  ( -70.99999999999998600, 10.59999999999998200, -3.249999999999990700 ) ) ;
#1395 = CARTESIAN_POINT ( 'NONE',  ( 70.20000000000001700, 6.450000000000001100, -3.249999999999990700 ) ) ;
#1396 = FACE_OUTER_BOUND ( 'NONE', #833, .T. ) ;
#1397 = CONTEXT_DEPENDENT_SHAPE_REPRESENTATION ( #5242, #8845 ) ;
#1398 = CLOSED_SHELL ( 'NONE', ( #5907, #6345, #5689, #4790, #4835, #3309, #7889, #5170, #7088, #440, #8482, #4132, #8663, #5780, #4315, #5366, #9007, #6248, #3270, #6473, #872, #963, #6487, #6399, #1413, #1204, #2307, #8721, #2877, #7815, #6304, #5642, #5671, #7012, #2000, #8806, #539, #7107, #4267, #8244, #4284, #5415, #8385, #7909, #5763, #8339, #4935, #8512, #4168, #1383, #4868, #7996, #4983, #6163, #6829, #6425, #5721, #8758, #4831, #16, #2852, #4045, #4915, #2941, #7302, #5012, #70, #1329, #4962, #2103, #1470, #2080, #8429, #3176, #1239, #8561, #5866, #1609, #707, #47, #3027, #5469, #7159, #8611, #7749, #4232, #629, #7797, #2753, #8679, #4373, #728, #6212, #3546, #8527, #396, #2982, #2202, #1508, #2623, #1839, #3945, #2586, #2025, #2264, #7643, #5321, #5587, #3128, #6785, #7344, #6966, #5823, #4888, #2117, #111, #2501, #6299, #7835, #2633, #7541, #1317, #4420 ) ) ;
#1399 = CARTESIAN_POINT ( 'NONE',  ( 68.77500000000000600, -1.000000000000000200, -1.249999999999999800 ) ) ;
#1400 = CARTESIAN_POINT ( 'NONE',  ( 8.499999999999987600, -6.269568146976779100E-015, -3.800000000000000300 ) ) ;
#1401 = DIRECTION ( 'NONE',  ( 1.000000000000000000, 1.225453863971292700E-016, -0.0000000000000000000 ) ) ;
#1402 = ITEM_DEFINED_TRANSFORMATION ( 'NONE', 'NONE', #6830,  #7076 ) ;
#1403 = EDGE_LOOP ( 'NONE', ( #1807, #3432, #3896, #3593, #6174 ) ) ;
#1404 = VECTOR ( 'NONE', #8708, 1000.000000000000000 ) ;
#1405 = EDGE_CURVE ( 'NONE', #380, #8349, #4434, .T. ) ;
#1406 = VERTEX_POINT ( 'NONE', #4317 ) ;
#1407 = CARTESIAN_POINT ( 'NONE',  ( -63.14999999999998400, -2.100000000000000100, 2.800000000000000300 ) ) ;
#1408 = ITEM_DEFINED_TRANSFORMATION ( 'NONE', 'NONE', #7902,  #7076 ) ;
#1409 = EDGE_LOOP ( 'NONE', ( #6549, #6965, #1876, #15 ) ) ;
#1410 = PRODUCT_DEFINITION_SHAPE ( 'NONE', 'NONE',  #9145 ) ;
#1411 = CARTESIAN_POINT ( 'NONE',  ( -63.14999999999998400, -2.100000000000000100, 2.800000000000000300 ) ) ;
#1412 = PLANE ( 'NONE',  #6568 ) ;
#1413 = ADVANCED_FACE ( 'NONE', ( #8254 ), #5877, .F. ) ;
#1414 = DIRECTION ( 'NONE',  ( 1.000000000000000000, 0.0000000000000000000, 0.0000000000000000000 ) ) ;
#1415 = DIRECTION ( 'NONE',  ( -1.000000000000000000, 0.0000000000000000000, 1.548860246407861400E-016 ) ) ;
#1416 = VECTOR ( 'NONE', #785, 1000.000000000000100 ) ;
#1417 = PRODUCT_DEFINITION_SHAPE ( 'NONE', 'NONE',  #9236 ) ;
#1418 = ORIENTED_EDGE ( 'NONE', *, *, #4321, .F. ) ;
#1419 = DIRECTION ( 'NONE',  ( 0.0000000000000000000, 0.0000000000000000000, -1.000000000000000000 ) ) ;
#1420 = ITEM_DEFINED_TRANSFORMATION ( 'NONE', 'NONE', #6585,  #7076 ) ;
#1421 = APPLICATION_CONTEXT ( 'automotive_design' ) ;
#1422 = EDGE_CURVE ( 'NONE', #1842, #6009, #6447, .T. ) ;
#1423 = PRODUCT_DEFINITION_SHAPE ( 'NONE', 'NONE',  #9232 ) ;
#1424 = FACE_OUTER_BOUND ( 'NONE', #1192, .T. ) ;
#1425 = DIRECTION ( 'NONE',  ( 1.000000000000000000, 0.0000000000000000000, 0.0000000000000000000 ) ) ;
#1426 = DIRECTION ( 'NONE',  ( 1.000000000000000000, 7.522539185544284900E-016, -1.224033854544382500E-016 ) ) ;
#1427 = VERTEX_POINT ( 'NONE', #2969 ) ;
#1428 = DIRECTION ( 'NONE',  ( 1.000000000000000000, 1.225453863971292700E-016, -0.0000000000000000000 ) ) ;
#1429 =( REPRESENTATION_RELATIONSHIP ('NONE','NONE', #6135, #6228 ) REPRESENTATION_RELATIONSHIP_WITH_TRANSFORMATION ( #7741 )SHAPE_REPRESENTATION_RELATIONSHIP( ) );
#1430 = CARTESIAN_POINT ( 'NONE',  ( 5.374999999999996400, -3.779999999999999400, -0.8999999999999984700 ) ) ;
#1431 = ADVANCED_FACE ( 'NONE', ( #5663 ), #5154, .F. ) ;
#1432 = PRODUCT_DEFINITION_SHAPE ( 'NONE', 'NONE',  #9257 ) ;
#1433 = AXIS2_PLACEMENT_3D ( 'NONE', #4720, #1354, #2917 ) ;
#1434 = LINE ( 'NONE', #7036, #5997 ) ;
#1435 = ORIENTED_EDGE ( 'NONE', *, *, #5807, .T. ) ;
#1436 = DIRECTION ( 'NONE',  ( 1.000000000000000000, 0.0000000000000000000, 0.0000000000000000000 ) ) ;
#1437 = DIRECTION ( 'NONE',  ( 0.0000000000000000000, -0.0000000000000000000, 1.000000000000000000 ) ) ;
#1438 = AXIS2_PLACEMENT_3D ( 'NONE', #7137, #97, #2872 ) ;
#1439 = DIRECTION ( 'NONE',  ( 1.000000000000000000, 0.0000000000000000000, 0.0000000000000000000 ) ) ;
#1440 = CARTESIAN_POINT ( 'NONE',  ( -69.17499999999999700, -3.780000000000008700, -1.049999999999998500 ) ) ;
#1441 = DIRECTION ( 'NONE',  ( 5.551115123125800100E-015, -1.000000000000000000, 0.0000000000000000000 ) ) ;
#1442 = CARTESIAN_POINT ( 'NONE',  ( -66.87500000000000000, 15.60000000000001000, -0.7899999999999919300 ) ) ;
#1443 = EDGE_LOOP ( 'NONE', ( #3000, #2429, #6308, #6215 ) ) ;
#1444 = AXIS2_PLACEMENT_3D ( 'NONE', #4481, #8181, #4605 ) ;
#1445 = ORIENTED_EDGE ( 'NONE', *, *, #8086, .F. ) ;
#1446 = DIRECTION ( 'NONE',  ( 0.0000000000000000000, -0.0000000000000000000, 1.000000000000000000 ) ) ;
#1447 = CARTESIAN_POINT ( 'NONE',  ( -67.29999999999998300, 7.100000000000000500, 1.500000000000000000 ) ) ;
#1448 = EDGE_CURVE ( 'NONE', #8584, #8602, #1630, .T. ) ;
#1449 = DIRECTION ( 'NONE',  ( 1.000000000000000000, 0.0000000000000000000, 0.0000000000000000000 ) ) ;
#1450 = ORIENTED_EDGE ( 'NONE', *, *, #7078, .F. ) ;
#1451 = DIRECTION ( 'NONE',  ( 1.000000000000000000, 0.0000000000000000000, 0.0000000000000000000 ) ) ;
#1452 = VERTEX_POINT ( 'NONE', #6659 ) ;
#1453 = FACE_OUTER_BOUND ( 'NONE', #1266, .T. ) ;
#1454 = CARTESIAN_POINT ( 'NONE',  ( -69.97499999999999400, -8.575113413139121300E-015, -2.250000000000000000 ) ) ;
#1455 = ADVANCED_FACE ( 'NONE', ( #7128 ), #162, .F. ) ;
#1456 = ORIENTED_EDGE ( 'NONE', *, *, #2816, .T. ) ;
#1457 = ORIENTED_EDGE ( 'NONE', *, *, #727, .T. ) ;
#1458 = VECTOR ( 'NONE', #970, 1000.000000000000100 ) ;
#1459 = LINE ( 'NONE', #2981, #4799 ) ;
#1460 = EDGE_CURVE ( 'NONE', #4198, #226, #8817, .T. ) ;
#1461 = AXIS2_PLACEMENT_3D ( 'NONE', #7799, #32, #1446 ) ;
#1462 = CARTESIAN_POINT ( 'NONE',  ( 67.46999999999999900, 9.167771687820280800, 1.249999999999998700 ) ) ;
#1463 = LINE ( 'NONE', #2584, #3331 ) ;
#1464 = ORIENTED_EDGE ( 'NONE', *, *, #1639, .F. ) ;
#1465 = VECTOR ( 'NONE', #5980, 1000.000000000000000 ) ;
#1466 = EDGE_CURVE ( 'NONE', #8246, #7487, #4984, .T. ) ;
#1467 = FACE_OUTER_BOUND ( 'NONE', #3373, .T. ) ;
#1468 = VECTOR ( 'NONE', #1097, 1000.000000000000000 ) ;
#1469 = DIRECTION ( 'NONE',  ( -0.0000000000000000000, 0.0000000000000000000, -1.000000000000000000 ) ) ;
#1470 = ADVANCED_FACE ( 'NONE', ( #3052 ), #4522, .T. ) ;
#1471 = CARTESIAN_POINT ( 'NONE',  ( 28.89999999999998800, -3.792933386561991200E-015, -3.800000000000000300 ) ) ;
#1472 = DIRECTION ( 'NONE',  ( 0.0000000000000000000, 0.0000000000000000000, -1.000000000000000000 ) ) ;
#1473 = CARTESIAN_POINT ( 'NONE',  ( 5.774999999999995900, -7.866427565192522200E-015, -0.8999999999999998000 ) ) ;
#1474 = EDGE_CURVE ( 'NONE', #1529, #3855, #8132, .T. ) ;
#1475 = AXIS2_PLACEMENT_3D ( 'NONE', #2199, #5167, #899 ) ;
#1476 = ITEM_DEFINED_TRANSFORMATION ( 'NONE', 'NONE', #6772,  #7076 ) ;
#1477 = VECTOR ( 'NONE', #8014, 1000.000000000000000 ) ;
#1479 = ORIENTED_EDGE ( 'NONE', *, *, #8250, .F. ) ;
#1478 = CARTESIAN_POINT ( 'NONE',  ( 20.39999999999999900, 2.476634760414788300E-015, 0.0000000000000000000 ) ) ;
#1480 = LINE ( 'NONE', #4318, #698 ) ;
#1481 = LINE ( 'NONE', #400, #8881 ) ;
#1482 =( REPRESENTATION_RELATIONSHIP ('NONE','NONE', #6135, #6228 ) REPRESENTATION_RELATIONSHIP_WITH_TRANSFORMATION ( #6690 )SHAPE_REPRESENTATION_RELATIONSHIP( ) );
#1483 = DIRECTION ( 'NONE',  ( 0.0000000000000000000, 0.0000000000000000000, -1.000000000000000000 ) ) ;
#1484 = VERTEX_POINT ( 'NONE', #7488 ) ;
#1485 = AXIS2_PLACEMENT_3D ( 'NONE', #4738, #465, #8489 ) ;
#1486 = CONTEXT_DEPENDENT_SHAPE_REPRESENTATION ( #8355, #1432 ) ;
#1487 = ORIENTED_EDGE ( 'NONE', *, *, #1217, .T. ) ;
#1488 = LINE ( 'NONE', #1319, #5062 ) ;
#1489 = CARTESIAN_POINT ( 'NONE',  ( 67.29999999999998300, 2.550000000000016300, 1.250000000000000000 ) ) ;
#1490 = AXIS2_PLACEMENT_3D ( 'NONE', #887, #1008, #3690 ) ;
#1491 = ITEM_DEFINED_TRANSFORMATION ( 'NONE', 'NONE', #3613,  #7076 ) ;
#1492 = EDGE_LOOP ( 'NONE', ( #943, #139, #7014, #7816, #7555, #1578, #1131, #8940 ) ) ;
#1493 = CARTESIAN_POINT ( 'NONE',  ( 5.775000000000002100, -7.938812719128478700E-015, -1.099999999999999900 ) ) ;
#1494 = ITEM_DEFINED_TRANSFORMATION ( 'NONE', 'NONE', #6234,  #7076 ) ;
#1495 = DIRECTION ( 'NONE',  ( -0.0000000000000000000, -0.0000000000000000000, 1.000000000000000000 ) ) ;
#1496 = DIRECTION ( 'NONE',  ( -0.0000000000000000000, -0.0000000000000000000, -1.000000000000000000 ) ) ;
#1497 = VECTOR ( 'NONE', #3076, 1000.000000000000000 ) ;
#1498 = CARTESIAN_POINT ( 'NONE',  ( 74.50000000000000000, 20.29999999999983700, -3.210000000000000000 ) ) ;
#1499 = AXIS2_PLACEMENT_3D ( 'NONE', #2412, #8147, #3064 ) ;
#1500 = ITEM_DEFINED_TRANSFORMATION ( 'NONE', 'NONE', #7369,  #7076 ) ;
#1501 =( REPRESENTATION_RELATIONSHIP ('NONE','NONE', #6135, #6228 ) REPRESENTATION_RELATIONSHIP_WITH_TRANSFORMATION ( #2792 )SHAPE_REPRESENTATION_RELATIONSHIP( ) );
#1502 = CLOSED_SHELL ( 'NONE', ( #7143, #822, #8580, #3486, #5552, #6634, #1927, #5063, #770, #2075, #7257, #1974, #658, #4464, #1166, #2715, #1565, #2214, #1431, #7212, #2667, #2897, #6590, #6442, #6544, #3224, #7708, #2806, #6328, #3530, #203, #2160, #5029, #4354, #3578, #3502, #7858, #4330, #3693 ) ) ;
#1503 = CARTESIAN_POINT ( 'NONE',  ( 68.77500000000000600, -3.779999999999991400, 1.049999999999999800 ) ) ;
#1504 = CARTESIAN_POINT ( 'NONE',  ( -67.29999999999998300, 7.100000000000000500, -1.500000000000000000 ) ) ;
#1505 = CARTESIAN_POINT ( 'NONE',  ( -67.50000000000000000, 19.69999999999983200, 3.210000000000000000 ) ) ;
#1506 =( GEOMETRIC_REPRESENTATION_CONTEXT ( 3 ) GLOBAL_UNCERTAINTY_ASSIGNED_CONTEXT ( ( #1701 ) ) GLOBAL_UNIT_ASSIGNED_CONTEXT ( ( #2329, #2482, #7503 ) ) REPRESENTATION_CONTEXT ( 'NONE', 'WORKASPACE' ) );
#1507 = ITEM_DEFINED_TRANSFORMATION ( 'NONE', 'NONE', #414,  #7076 ) ;
#1508 = ADVANCED_FACE ( 'NONE', ( #2409 ), #1643, .F. ) ;
#1509 = EDGE_CURVE ( 'NONE', #4919, #2596, #6672, .T. ) ;
#1510 = CARTESIAN_POINT ( 'NONE',  ( 67.46999999999999900, 14.83999999999983100, 3.210000000000000000 ) ) ;
#1511 = VECTOR ( 'NONE', #2895, 1000.000000000000000 ) ;
#1512 = CONTEXT_DEPENDENT_SHAPE_REPRESENTATION ( #3993, #66 ) ;
#1513 = ORIENTED_EDGE ( 'NONE', *, *, #989, .T. ) ;
#1514 = CARTESIAN_POINT ( 'NONE',  ( 25.50000000000000000, 3.095793450518485500E-015, 0.0000000000000000000 ) ) ;
#1515 = DIRECTION ( 'NONE',  ( 1.000000000000000000, 0.0000000000000000000, 0.0000000000000000000 ) ) ;
#1516 = ORIENTED_EDGE ( 'NONE', *, *, #29, .F. ) ;
#1517 = DIRECTION ( 'NONE',  ( 1.000000000000000000, 0.0000000000000000000, 0.0000000000000000000 ) ) ;
#1518 = LINE ( 'NONE', #8672, #2934 ) ;
#1519 = ORIENTED_EDGE ( 'NONE', *, *, #7444, .F. ) ;
#1520 = PLANE ( 'NONE',  #2831 ) ;
#1521 = EDGE_CURVE ( 'NONE', #1164, #7386, #2949, .T. ) ;
#1522 = ORIENTED_EDGE ( 'NONE', *, *, #4221, .F. ) ;
#1523 = CARTESIAN_POINT ( 'NONE',  ( -69.25000000000000000, 20.09999999999984200, 3.210000000000000000 ) ) ;
#1524 = CARTESIAN_POINT ( 'NONE',  ( 69.97499999999999400, -7.139891243278017400E-017, -2.250000000000000000 ) ) ;
#1525 = ADVANCED_FACE ( 'NONE', ( #3730 ), #334, .T. ) ;
#1526 = VECTOR ( 'NONE', #2035, 1000.000000000000000 ) ;
#1527 = ORIENTED_EDGE ( 'NONE', *, *, #7444, .T. ) ;
#1528 = CONTEXT_DEPENDENT_SHAPE_REPRESENTATION ( #985, #8517 ) ;
#1529 = VERTEX_POINT ( 'NONE', #3116 ) ;
#1530 = DIRECTION ( 'NONE',  ( -0.0000000000000000000, -0.0000000000000000000, -1.000000000000000000 ) ) ;
#1531 = EDGE_CURVE ( 'NONE', #8858, #8199, #1196, .T. ) ;
#1532 =( REPRESENTATION_RELATIONSHIP ('NONE','NONE', #6135, #6228 ) REPRESENTATION_RELATIONSHIP_WITH_TRANSFORMATION ( #471 )SHAPE_REPRESENTATION_RELATIONSHIP( ) );
#1533 = CARTESIAN_POINT ( 'NONE',  ( -67.29999999999998300, 2.550000000000016300, 1.250000000000000000 ) ) ;
#1534 = AXIS2_PLACEMENT_3D ( 'NONE', #4556, #4583, #8862 ) ;
#1535 = VECTOR ( 'NONE', #559, 1000.000000000000000 ) ;
#1536 = ORIENTED_EDGE ( 'NONE', *, *, #8782, .T. ) ;
#1537 = DIRECTION ( 'NONE',  ( 0.0000000000000000000, 0.0000000000000000000, 1.000000000000000000 ) ) ;
#1538 = CARTESIAN_POINT ( 'NONE',  ( 68.44006579232147700, 7.100000000000000500, 1.499999999999999600 ) ) ;
#1539 = DIRECTION ( 'NONE',  ( -2.891205793294675400E-016, -1.000000000000000000, 0.0000000000000000000 ) ) ;
#1540 = DIRECTION ( 'NONE',  ( 0.0000000000000000000, 0.0000000000000000000, 1.000000000000000000 ) ) ;
#1541 = CIRCLE ( 'NONE', #7350, 1.000000000000000900 ) ;
#1542 =( REPRESENTATION_RELATIONSHIP ('NONE','NONE', #6135, #6228 ) REPRESENTATION_RELATIONSHIP_WITH_TRANSFORMATION ( #8264 )SHAPE_REPRESENTATION_RELATIONSHIP( ) );
#1543 = ORIENTED_EDGE ( 'NONE', *, *, #3836, .T. ) ;
#1544 = CARTESIAN_POINT ( 'NONE',  ( -64.29999999999999700, 16.79999999999983700, 3.210000000000000000 ) ) ;
#1545 = DIRECTION ( 'NONE',  ( 1.000000000000000000, 0.0000000000000000000, 0.0000000000000000000 ) ) ;
#1546 = CONTEXT_DEPENDENT_SHAPE_REPRESENTATION ( #8017, #8105 ) ;
#1547 = AXIS2_PLACEMENT_3D ( 'NONE', #2866, #1437, #5678 ) ;
#1548 = CARTESIAN_POINT ( 'NONE',  ( -71.00000000000001400, 20.89999999999983900, 3.210000000000000000 ) ) ;
#1549 = VECTOR ( 'NONE', #8995, 1000.000000000000000 ) ;
#1550 = CARTESIAN_POINT ( 'NONE',  ( 5.374999999999996400, -3.779999999999998900, 1.049999999999999800 ) ) ;
#1551 = VERTEX_POINT ( 'NONE', #402 ) ;
#1552 = AXIS2_PLACEMENT_3D ( 'NONE', #4535, #3890, #8878 ) ;
#1553 = CARTESIAN_POINT ( 'NONE',  ( 69.97499999999999400, 8.575113413139121300E-015, 2.249999999999999600 ) ) ;
#1554 = DIRECTION ( 'NONE',  ( -1.000000000000000000, 0.0000000000000000000, -0.0000000000000000000 ) ) ;
#1555 = PLANE ( 'NONE',  #223 ) ;
#1556 = EDGE_LOOP ( 'NONE', ( #5231, #5477, #6224, #2999 ) ) ;
#1557 = EDGE_CURVE ( 'NONE', #2474, #1767, #975, .T. ) ;
#1558 = CARTESIAN_POINT ( 'NONE',  ( -69.17499999999999700, -3.780000000000008200, 1.049999999999999800 ) ) ;
#1559 = EDGE_LOOP ( 'NONE', ( #8079, #3724, #3206, #3627, #438, #3935, #2045, #4227, #8474, #7478 ) ) ;
#1560 = FACE_OUTER_BOUND ( 'NONE', #7273, .T. ) ;
#1561 =( REPRESENTATION_RELATIONSHIP ('NONE','NONE', #6135, #6228 ) REPRESENTATION_RELATIONSHIP_WITH_TRANSFORMATION ( #4157 )SHAPE_REPRESENTATION_RELATIONSHIP( ) );
#1562 = DIRECTION ( 'NONE',  ( 0.0000000000000000000, 0.0000000000000000000, 1.000000000000000000 ) ) ;
#1563 = PRODUCT_DEFINITION_SHAPE ( 'NONE', 'NONE',  #9141 ) ;
#1564 = CARTESIAN_POINT ( 'NONE',  ( -70.20000000000001700, 6.449999999999983300, 1.250000000000000200 ) ) ;
#1565 = ADVANCED_FACE ( 'NONE', ( #6108 ), #4650, .F. ) ;
#1566 = DIRECTION ( 'NONE',  ( -1.000000000000000000, 0.0000000000000000000, 0.0000000000000000000 ) ) ;
#1567 = VERTEX_POINT ( 'NONE', #5405 ) ;
#1568 = ORIENTED_EDGE ( 'NONE', *, *, #5600, .F. ) ;
#1569 = VECTOR ( 'NONE', #7508, 1000.000000000000000 ) ;
#1570 = PRODUCT_DEFINITION_SHAPE ( 'NONE', 'NONE',  #9229 ) ;
#1571 = PLANE ( 'NONE',  #296 ) ;
#1572 = EDGE_CURVE ( 'NONE', #8666, #6997, #2837, .T. ) ;
#1573 = PLANE ( 'NONE',  #3596 ) ;
#1574 = ORIENTED_EDGE ( 'NONE', *, *, #2423, .F. ) ;
#1575 = CARTESIAN_POINT ( 'NONE',  ( 6.275000000000002100, 5.399999999999975500, -0.7900000000000015900 ) ) ;
#1576 = ORIENTED_EDGE ( 'NONE', *, *, #3575, .F. ) ;
#1577 = PRODUCT_DEFINITION_SHAPE ( 'NONE', 'NONE',  #9273 ) ;
#1578 = ORIENTED_EDGE ( 'NONE', *, *, #4454, .F. ) ;
#1579 = CYLINDRICAL_SURFACE ( 'NONE', #2058, 2.000000000000001800 ) ;
#1580 = VECTOR ( 'NONE', #2211, 1000.000000000000000 ) ;
#1581 = PLANE ( 'NONE',  #1475 ) ;
#1582 = VECTOR ( 'NONE', #8380, 1000.000000000000000 ) ;
#1583 = CARTESIAN_POINT ( 'NONE',  ( -69.25000000000000000, 20.49999999999984000, -3.210000000000000000 ) ) ;
#1584 = EDGE_CURVE ( 'NONE', #101, #4320, #8741, .T. ) ;
#1585 = EDGE_CURVE ( 'NONE', #3741, #965, #4532, .T. ) ;
#1586 = LINE ( 'NONE', #3155, #4483 ) ;
#1587 = VERTEX_POINT ( 'NONE', #2575 ) ;
#1588 = VECTOR ( 'NONE', #1495, 1000.000000000000000 ) ;
#1589 = VECTOR ( 'NONE', #4436, 1000.000000000000000 ) ;
#1590 = DIRECTION ( 'NONE',  ( 0.0000000000000000000, 0.0000000000000000000, -1.000000000000000000 ) ) ;
#1591 = DIRECTION ( 'NONE',  ( 0.0000000000000000000, -1.000000000000000000, -1.084202172485506300E-016 ) ) ;
#1592 =( REPRESENTATION_RELATIONSHIP ('NONE','NONE', #6135, #6228 ) REPRESENTATION_RELATIONSHIP_WITH_TRANSFORMATION ( #8354 )SHAPE_REPRESENTATION_RELATIONSHIP( ) );
#1593 = DIRECTION ( 'NONE',  ( 1.000000000000000000, 1.225453863971292700E-016, -0.0000000000000000000 ) ) ;
#1594 = VECTOR ( 'NONE', #109, 1000.000000000000000 ) ;
#1595 = ITEM_DEFINED_TRANSFORMATION ( 'NONE', 'NONE', #5560,  #7076 ) ;
#1596 = EDGE_CURVE ( 'NONE', #3012, #8150, #1850, .T. ) ;
#1597 = ORIENTED_EDGE ( 'NONE', *, *, #696, .T. ) ;
#1598 = AXIS2_PLACEMENT_3D ( 'NONE', #1345, #2026, #1415 ) ;
#1599 = DIRECTION ( 'NONE',  ( 1.000000000000000000, 0.0000000000000000000, 0.0000000000000000000 ) ) ;
#1600 = CONTEXT_DEPENDENT_SHAPE_REPRESENTATION ( #4073, #3780 ) ;
#1601 = CARTESIAN_POINT ( 'NONE',  ( 22.94999999999999600, -2.881013880700403900E-016, -1.600000000000000100 ) ) ;
#1602 =( REPRESENTATION_RELATIONSHIP ('NONE','NONE', #6135, #6228 ) REPRESENTATION_RELATIONSHIP_WITH_TRANSFORMATION ( #6682 )SHAPE_REPRESENTATION_RELATIONSHIP( ) );
#1603 = LINE ( 'NONE', #3807, #1270 ) ;
#1604 = ITEM_DEFINED_TRANSFORMATION ( 'NONE', 'NONE', #1433,  #7076 ) ;
#1605 = CARTESIAN_POINT ( 'NONE',  ( 6.574999999999997500, -7.840776410010776100E-015, -2.250000000000000000 ) ) ;
#1606 = ORIENTED_EDGE ( 'NONE', *, *, #7347, .T. ) ;
#1607 = AXIS2_PLACEMENT_3D ( 'NONE', #5409, #8364, #1144 ) ;
#1608 = CONTEXT_DEPENDENT_SHAPE_REPRESENTATION ( #1792, #1423 ) ;
#1609 = ADVANCED_FACE ( 'NONE', ( #4319 ), #7690, .T. ) ;
#1610 =( GEOMETRIC_REPRESENTATION_CONTEXT ( 3 ) GLOBAL_UNCERTAINTY_ASSIGNED_CONTEXT ( ( #6347 ) ) GLOBAL_UNIT_ASSIGNED_CONTEXT ( ( #4149, #2784, #3835 ) ) REPRESENTATION_CONTEXT ( 'NONE', 'WORKASPACE' ) );
#1611 = LINE ( 'NONE', #4397, #377 ) ;
#1612 = VERTEX_POINT ( 'NONE', #5617 ) ;
#1613 = CARTESIAN_POINT ( 'NONE',  ( -4.901815455885171200E-017, 0.4000000000000000200, 0.0000000000000000000 ) ) ;
#1614 = CARTESIAN_POINT ( 'NONE',  ( 69.20000000000001700, 6.450000000000001100, 2.500000000000000000 ) ) ;
#1615 = DIRECTION ( 'NONE',  ( -1.000000000000000000, -1.214036647262151200E-016, 1.224033854544382500E-016 ) ) ;
#1616 = AXIS2_PLACEMENT_3D ( 'NONE', #7267, #1562, #4311 ) ;
#1617 =( REPRESENTATION_RELATIONSHIP ('NONE','NONE', #6135, #6228 ) REPRESENTATION_RELATIONSHIP_WITH_TRANSFORMATION ( #494 )SHAPE_REPRESENTATION_RELATIONSHIP( ) );
#1618 = CARTESIAN_POINT ( 'NONE',  ( 67.46999999999999900, 16.56629753200286700, 3.869955410773361100 ) ) ;
#1619 = VERTEX_POINT ( 'NONE', #6548 ) ;
#1620 = CARTESIAN_POINT ( 'NONE',  ( -67.29999999999999700, 15.59999999999998200, 3.250000000000008900 ) ) ;
#1621 = EDGE_CURVE ( 'NONE', #2662, #3299, #8484, .T. ) ;
#1622 = LINE ( 'NONE', #4944, #3271 ) ;
#1623 = ORIENTED_EDGE ( 'NONE', *, *, #2447, .F. ) ;
#1624 = DIRECTION ( 'NONE',  ( 0.0000000000000000000, 0.0000000000000000000, 1.000000000000000000 ) ) ;
#1625 = CARTESIAN_POINT ( 'NONE',  ( -71.00040004000798900, 14.83999999999983100, 1.249999999999998400 ) ) ;
#1626 = DIRECTION ( 'NONE',  ( 0.0000000000000000000, 0.0000000000000000000, 1.000000000000000000 ) ) ;
#1627 =( REPRESENTATION_RELATIONSHIP ('NONE','NONE', #6135, #6228 ) REPRESENTATION_RELATIONSHIP_WITH_TRANSFORMATION ( #7261 )SHAPE_REPRESENTATION_RELATIONSHIP( ) );
#1628 = ORIENTED_EDGE ( 'NONE', *, *, #6291, .T. ) ;
#1629 = DIRECTION ( 'NONE',  ( -1.000000000000000000, 3.965082230804126700E-015, 0.0000000000000000000 ) ) ;
#1630 = LINE ( 'NONE', #2191, #1416 ) ;
#1631 = EDGE_CURVE ( 'NONE', #4943, #6872, #4207, .T. ) ;
#1632 = VERTEX_POINT ( 'NONE', #4173 ) ;
#1633 = ITEM_DEFINED_TRANSFORMATION ( 'NONE', 'NONE', #6936,  #7076 ) ;
#1634 = DIRECTION ( 'NONE',  ( -0.0000000000000000000, -1.000000000000000000, -0.0000000000000000000 ) ) ;
#1635 = ORIENTED_EDGE ( 'NONE', *, *, #3074, .F. ) ;
#1636 = FACE_OUTER_BOUND ( 'NONE', #1443, .T. ) ;
#1637 = ORIENTED_EDGE ( 'NONE', *, *, #4970, .F. ) ;
#1638 = PLANE ( 'NONE',  #8581 ) ;
#1639 = EDGE_CURVE ( 'NONE', #869, #7562, #2729, .T. ) ;
#1640 = CARTESIAN_POINT ( 'NONE',  ( 64.29999999999999700, 6.299999999999999800, -3.249999999999990700 ) ) ;
#1641 = VECTOR ( 'NONE', #4531, 1000.000000000000000 ) ;
#1642 = ORIENTED_EDGE ( 'NONE', *, *, #5001, .F. ) ;
#1643 = PLANE ( 'NONE',  #6199 ) ;
#1644 = AXIS2_PLACEMENT_3D ( 'NONE', #1922, #3919, #1278 ) ;
#1645 = ORIENTED_EDGE ( 'NONE', *, *, #4672, .T. ) ;
#1646 = CARTESIAN_POINT ( 'NONE',  ( 70.20000000000001700, 6.450000000000001100, -0.9249999999999982700 ) ) ;
#1647 = VERTEX_POINT ( 'NONE', #4138 ) ;
#1648 = SHAPE_DEFINITION_REPRESENTATION ( #5821, #6135 ) ;
#1649 = DIRECTION ( 'NONE',  ( 1.000000000000000000, 0.0000000000000000000, 0.0000000000000000000 ) ) ;
#1650 = ORIENTED_EDGE ( 'NONE', *, *, #4128, .T. ) ;
#1651 = AXIS2_PLACEMENT_3D ( 'NONE', #8630, #7332, #5808 ) ;
#1652 = ORIENTED_EDGE ( 'NONE', *, *, #3074, .T. ) ;
#1653 = VECTOR ( 'NONE', #5113, 1000.000000000000000 ) ;
#1654 = CARTESIAN_POINT ( 'NONE',  ( 70.99999999999998600, 9.167771687820288000, -1.249999999999998700 ) ) ;
#1655 = CARTESIAN_POINT ( 'NONE',  ( 5.374999999999996400, -1.000000000000007800, -1.249999999999999800 ) ) ;
#1656 =( GEOMETRIC_REPRESENTATION_CONTEXT ( 3 ) GLOBAL_UNCERTAINTY_ASSIGNED_CONTEXT ( ( #53 ) ) GLOBAL_UNIT_ASSIGNED_CONTEXT ( ( #3239, #1912, #7629 ) ) REPRESENTATION_CONTEXT ( 'NONE', 'WORKASPACE' ) );
#1657 = EDGE_CURVE ( 'NONE', #8746, #8794, #740, .T. ) ;
#1658 = CARTESIAN_POINT ( 'NONE',  ( 69.25000000000000000, 20.09999999999984200, 3.210000000000000000 ) ) ;
#1659 = ORIENTED_EDGE ( 'NONE', *, *, #5633, .T. ) ;
#1660 =( REPRESENTATION_RELATIONSHIP ('NONE','NONE', #6135, #6228 ) REPRESENTATION_RELATIONSHIP_WITH_TRANSFORMATION ( #6209 )SHAPE_REPRESENTATION_RELATIONSHIP( ) );
#1661 = ORIENTED_EDGE ( 'NONE', *, *, #3146, .T. ) ;
#1662 = CARTESIAN_POINT ( 'NONE',  ( -64.29999999999999700, 15.59999999999998500, -3.249999999999990700 ) ) ;
#1663 = ORIENTED_EDGE ( 'NONE', *, *, #3869, .F. ) ;
#1664 = FACE_OUTER_BOUND ( 'NONE', #1003, .T. ) ;
#1665 = VECTOR ( 'NONE', #8028, 1000.000000000000000 ) ;
#1666 = CARTESIAN_POINT ( 'NONE',  ( 67.29999999999998300, 7.100000000000000500, 1.500000000000000000 ) ) ;
#1667 = ORIENTED_EDGE ( 'NONE', *, *, #5646, .F. ) ;
#1668 = VECTOR ( 'NONE', #9003, 1000.000000000000000 ) ;
#1670 = ORIENTED_EDGE ( 'NONE', *, *, #165, .T. ) ;
#1669 = CARTESIAN_POINT ( 'NONE',  ( 42.49999999999999300, 5.159655750864141800E-015, 0.0000000000000000000 ) ) ;
#1671 = VECTOR ( 'NONE', #3900, 1000.000000000000000 ) ;
#1672 = LINE ( 'NONE', #5088, #5148 ) ;
#1673 = EDGE_CURVE ( 'NONE', #6472, #3082, #4874, .T. ) ;
#1674 = VECTOR ( 'NONE', #3553, 1000.000000000000000 ) ;
#1675 = DIRECTION ( 'NONE',  ( -0.0000000000000000000, 0.0000000000000000000, -1.000000000000000000 ) ) ;
#1676 = ITEM_DEFINED_TRANSFORMATION ( 'NONE', 'NONE', #5329,  #7076 ) ;
#1677 = DIRECTION ( 'NONE',  ( -1.000000000000000000, 0.0000000000000000000, 0.0000000000000000000 ) ) ;
#1678 = CONTEXT_DEPENDENT_SHAPE_REPRESENTATION ( #4339, #3482 ) ;
#1679 = ORIENTED_EDGE ( 'NONE', *, *, #3709, .F. ) ;
#1680 = DIRECTION ( 'NONE',  ( 1.000000000000000000, 0.0000000000000000000, 0.0000000000000000000 ) ) ;
#1681 = LINE ( 'NONE', #163, #7419 ) ;
#1682 = LINE ( 'NONE', #2157, #7404 ) ;
#1683 = ORIENTED_EDGE ( 'NONE', *, *, #7385, .T. ) ;
#1684 = EDGE_CURVE ( 'NONE', #2662, #8633, #866, .T. ) ;
#1685 = AXIS2_PLACEMENT_3D ( 'NONE', #1264, #4097, #3316 ) ;
#1686 = ITEM_DEFINED_TRANSFORMATION ( 'NONE', 'NONE', #188,  #7076 ) ;
#1687 = PRODUCT_DEFINITION_SHAPE ( 'NONE', 'NONE',  #9137 ) ;
#1688 = DIRECTION ( 'NONE',  ( 1.000000000000000000, 1.214036647262151200E-016, -1.215927670077200900E-016 ) ) ;
#1689 = PLANE ( 'NONE',  #49 ) ;
#1690 = DIRECTION ( 'NONE',  ( 0.0000000000000000000, 0.0000000000000000000, 1.000000000000000000 ) ) ;
#1691 = LINE ( 'NONE', #3439, #2481 ) ;
#1692 =( NAMED_UNIT ( * ) PLANE_ANGLE_UNIT ( ) SI_UNIT ( $, .RADIAN. ) );
#1693 = DIRECTION ( 'NONE',  ( 0.0000000000000000000, 0.0000000000000000000, 1.000000000000000000 ) ) ;
#1694 = ITEM_DEFINED_TRANSFORMATION ( 'NONE', 'NONE', #4114,  #7076 ) ;
#1695 = ORIENTED_EDGE ( 'NONE', *, *, #6001, .F. ) ;
#1696 = ORIENTED_EDGE ( 'NONE', *, *, #1049, .F. ) ;
#1697 = PRODUCT_DEFINITION_SHAPE ( 'NONE', 'NONE',  #9189 ) ;
#1698 = DIRECTION ( 'NONE',  ( 1.000000000000000000, 0.0000000000000000000, 0.0000000000000000000 ) ) ;
#1699 = CARTESIAN_POINT ( 'NONE',  ( -68.20000000000001700, 6.449999999999984200, 2.750000000000008900 ) ) ;
#1700 = CONTEXT_DEPENDENT_SHAPE_REPRESENTATION ( #6845, #676 ) ;
#1701 = UNCERTAINTY_MEASURE_WITH_UNIT (LENGTH_MEASURE( 1.000000000000000100E-005 ), #2329, 'distance_accuracy_value', 'NONE');
#1702 = FACE_OUTER_BOUND ( 'NONE', #5367, .T. ) ;
#1703 = EDGE_CURVE ( 'NONE', #7139, #2078, #2303, .T. ) ;
#1704 = AXIS2_PLACEMENT_3D ( 'NONE', #7650, #6101, #4061 ) ;
#1705 = CONTEXT_DEPENDENT_SHAPE_REPRESENTATION ( #4182, #4839 ) ;
#1706 = ORIENTED_EDGE ( 'NONE', *, *, #1862, .F. ) ;
#1707 = PRODUCT_DEFINITION_SHAPE ( 'NONE', 'NONE',  #9265 ) ;
#1708 = EDGE_LOOP ( 'NONE', ( #3344, #3500, #4789, #1018 ) ) ;
#1709 = DIRECTION ( 'NONE',  ( 0.0000000000000000000, 0.0000000000000000000, 1.000000000000000000 ) ) ;
#1710 = CONTEXT_DEPENDENT_SHAPE_REPRESENTATION ( #6713, #5156 ) ;
#1711 = CARTESIAN_POINT ( 'NONE',  ( -69.20000000000001700, 6.449999999999983300, 1.250000000000000200 ) ) ;
#1712 = FACE_BOUND ( 'NONE', #524, .T. ) ;
#1713 = DIRECTION ( 'NONE',  ( 1.000000000000000000, 0.0000000000000000000, 0.0000000000000000000 ) ) ;
#1714 = AXIS2_PLACEMENT_3D ( 'NONE', #6798, #5316, #6761 ) ;
#1715 = CONTEXT_DEPENDENT_SHAPE_REPRESENTATION ( #5410, #215 ) ;
#1716 = ORIENTED_EDGE ( 'NONE', *, *, #6834, .F. ) ;
#1717 = DIRECTION ( 'NONE',  ( -0.0000000000000000000, -0.0000000000000000000, -1.000000000000000000 ) ) ;
#1718 = DIRECTION ( 'NONE',  ( -0.0000000000000000000, -0.0000000000000000000, 1.000000000000000000 ) ) ;
#1719 = LINE ( 'NONE', #5448, #615 ) ;
#1720 = CARTESIAN_POINT ( 'NONE',  ( 84.14999999999999100, 7.141802893174324700E-015, -1.600000000000000100 ) ) ;
#1721 = ORIENTED_EDGE ( 'NONE', *, *, #1292, .T. ) ;
#1722 = ITEM_DEFINED_TRANSFORMATION ( 'NONE', 'NONE', #8386,  #7076 ) ;
#1723 = ORIENTED_EDGE ( 'NONE', *, *, #8837, .F. ) ;
#1724 = DIRECTION ( 'NONE',  ( -0.0000000000000000000, -0.0000000000000000000, -1.000000000000000000 ) ) ;
#1725 = PLANE ( 'NONE',  #2766 ) ;
#1726 = CARTESIAN_POINT ( 'NONE',  ( 74.50000000000000000, 20.29999999999983700, 3.210000000000000000 ) ) ;
#1727 = DIRECTION ( 'NONE',  ( 1.000000000000000000, -0.0000000000000000000, -0.0000000000000000000 ) ) ;
#1728 = DIRECTION ( 'NONE',  ( 0.0000000000000000000, 0.9426414910921805400, 0.3338068592337649600 ) ) ;
#1729 =( REPRESENTATION_RELATIONSHIP ('NONE','NONE', #6135, #6228 ) REPRESENTATION_RELATIONSHIP_WITH_TRANSFORMATION ( #594 )SHAPE_REPRESENTATION_RELATIONSHIP( ) );
#1730 = CARTESIAN_POINT ( 'NONE',  ( 5.374999999999996400, -3.779999999999999400, -0.8999999999999984700 ) ) ;
#1731 = VECTOR ( 'NONE', #2449, 1000.000000000000000 ) ;
#1732 = DIRECTION ( 'NONE',  ( 1.000000000000000000, 0.0000000000000000000, 0.0000000000000000000 ) ) ;
#1733 = ORIENTED_EDGE ( 'NONE', *, *, #727, .F. ) ;
#1734 = DIRECTION ( 'NONE',  ( -0.0000000000000000000, -0.0000000000000000000, 1.000000000000000000 ) ) ;
#1735 = EDGE_CURVE ( 'NONE', #6128, #1080, #406, .T. ) ;
#1736 = ORIENTED_EDGE ( 'NONE', *, *, #6244, .F. ) ;
#1737 = CARTESIAN_POINT ( 'NONE',  ( -64.29999999999999700, 6.299999999999984700, 0.7900000000000085800 ) ) ;
#1738 = DIRECTION ( 'NONE',  ( 1.000000000000000000, 0.0000000000000000000, 0.0000000000000000000 ) ) ;
#1739 = DIRECTION ( 'NONE',  ( 1.000000000000000000, 0.0000000000000000000, 0.0000000000000000000 ) ) ;
#1740 = LINE ( 'NONE', #3999, #7809 ) ;
#1741 = DIRECTION ( 'NONE',  ( 0.0000000000000000000, 0.0000000000000000000, 1.000000000000000000 ) ) ;
#1742 =( REPRESENTATION_RELATIONSHIP ('NONE','NONE', #6135, #6228 ) REPRESENTATION_RELATIONSHIP_WITH_TRANSFORMATION ( #7240 )SHAPE_REPRESENTATION_RELATIONSHIP( ) );
#1743 = PRODUCT_DEFINITION_SHAPE ( 'NONE', 'NONE',  #9068 ) ;
#1744 = ORIENTED_EDGE ( 'NONE', *, *, #18, .F. ) ;
#1745 = CARTESIAN_POINT ( 'NONE',  ( 119.0000000000000000, 1.444703610241959500E-014, 0.0000000000000000000 ) ) ;
#1746 = EDGE_CURVE ( 'NONE', #7160, #5875, #7571, .T. ) ;
#1747 = CARTESIAN_POINT ( 'NONE',  ( -69.20000000000001700, 6.449999999999983300, -2.750000000000008900 ) ) ;
#1748 = PRODUCT_DEFINITION_SHAPE ( 'NONE', 'NONE',  #9076 ) ;
#1749 = DIRECTION ( 'NONE',  ( 1.000000000000000000, 0.0000000000000000000, 0.0000000000000000000 ) ) ;
#1750 = ORIENTED_EDGE ( 'NONE', *, *, #8378, .F. ) ;
#1751 = AXIS2_PLACEMENT_3D ( 'NONE', #3922, #7646, #538 ) ;
#1752 = VECTOR ( 'NONE', #4219, 1000.000000000000000 ) ;
#1753 = DIRECTION ( 'NONE',  ( 0.0000000000000000000, -1.836970198721009700E-016, -1.000000000000000000 ) ) ;
#1754 = VERTEX_POINT ( 'NONE', #7093 ) ;
#1755 = DIRECTION ( 'NONE',  ( -0.0000000000000000000, -0.0000000000000000000, 1.000000000000000000 ) ) ;
#1756 = CARTESIAN_POINT ( 'NONE',  ( 103.6999999999999700, 5.288060734958898800E-015, -3.800000000000000300 ) ) ;
#1757 = PLANE ( 'NONE',  #6330 ) ;
#1758 = VECTOR ( 'NONE', #4111, 1000.000000000000000 ) ;
#1759 =( LENGTH_UNIT ( ) NAMED_UNIT ( * ) SI_UNIT ( .MILLI., .METRE. ) );
#1760 = DIRECTION ( 'NONE',  ( -0.0000000000000000000, -0.0000000000000000000, -1.000000000000000000 ) ) ;
#1761 = DIRECTION ( 'NONE',  ( 1.000000000000000000, -0.0000000000000000000, -0.0000000000000000000 ) ) ;
#1762 = ORIENTED_EDGE ( 'NONE', *, *, #5393, .F. ) ;
#1763 = EDGE_CURVE ( 'NONE', #6182, #1164, #5868, .T. ) ;
#1764 = DIRECTION ( 'NONE',  ( 0.0000000000000000000, -1.000000000000000000, -0.0000000000000000000 ) ) ;
#1765 = AXIS2_PLACEMENT_3D ( 'NONE', #1160, #1070, #3941 ) ;
#1766 = CARTESIAN_POINT ( 'NONE',  ( 110.4999999999999900, 1.341510495224676800E-014, 0.0000000000000000000 ) ) ;
#1767 = VERTEX_POINT ( 'NONE', #1493 ) ;
#1768 = ORIENTED_EDGE ( 'NONE', *, *, #1621, .T. ) ;
#1769 = VECTOR ( 'NONE', #7202, 1000.000000000000000 ) ;
#1770 = CARTESIAN_POINT ( 'NONE',  ( -72.99999999999998600, 16.79999999999983700, 3.210000000000000000 ) ) ;
#1771 = AXIS2_PLACEMENT_3D ( 'NONE', #2644, #7672, #3537 ) ;
#1772 = DIRECTION ( 'NONE',  ( 0.0000000000000000000, 0.0000000000000000000, 1.000000000000000000 ) ) ;
#1773 = CARTESIAN_POINT ( 'NONE',  ( 31.44999999999999200, 7.438297621027883600E-016, -1.600000000000000100 ) ) ;
#1774 = PRODUCT_DEFINITION_CONTEXT ( 'detailed design', #2, 'design' ) ;
#1775 = DIRECTION ( 'NONE',  ( 0.0000000000000000000, 0.0000000000000000000, 1.000000000000000000 ) ) ;
#1776 = VERTEX_POINT ( 'NONE', #7130 ) ;
#1777 = CARTESIAN_POINT ( 'NONE',  ( -68.20000000000001700, 0.3999999999999915300, 2.750000000000008900 ) ) ;
#1778 = ORIENTED_EDGE ( 'NONE', *, *, #5633, .F. ) ;
#1779 = LINE ( 'NONE', #3984, #1569 ) ;
#1780 = CARTESIAN_POINT ( 'NONE',  ( -67.29999999999999700, 15.59999999999998200, -3.249999999999990700 ) ) ;
#1781 = AXIS2_PLACEMENT_3D ( 'NONE', #7468, #2381, #316 ) ;
#1782 = VERTEX_POINT ( 'NONE', #5707 ) ;
#1783 = DIRECTION ( 'NONE',  ( 1.000000000000000000, 0.0000000000000000000, 0.0000000000000000000 ) ) ;
#1784 = EDGE_LOOP ( 'NONE', ( #3031, #5590, #2057, #8449 ) ) ;
#1785 = LINE ( 'NONE', #6229, #8868 ) ;
#1786 = VECTOR ( 'NONE', #4243, 1000.000000000000000 ) ;
#1787 = DIRECTION ( 'NONE',  ( -1.000000000000000000, 0.0000000000000000000, 0.0000000000000000000 ) ) ;
#1788 = LINE ( 'NONE', #3978, #5597 ) ;
#1789 = DIRECTION ( 'NONE',  ( 0.0000000000000000000, 0.0000000000000000000, -1.000000000000000000 ) ) ;
#1790 = EDGE_CURVE ( 'NONE', #8246, #805, #6322, .T. ) ;
#1791 = DIRECTION ( 'NONE',  ( 1.000000000000000000, 0.0000000000000000000, 0.0000000000000000000 ) ) ;
#1792 =( REPRESENTATION_RELATIONSHIP ('NONE','NONE', #6135, #6228 ) REPRESENTATION_RELATIONSHIP_WITH_TRANSFORMATION ( #3475 )SHAPE_REPRESENTATION_RELATIONSHIP( ) );
#1793 = CARTESIAN_POINT ( 'NONE',  ( -68.20000000000001700, 0.3999999999999917000, 3.250000000000008400 ) ) ;
#1794 = EDGE_LOOP ( 'NONE', ( #278, #6801, #3471, #2975 ) ) ;
#1795 = FACE_OUTER_BOUND ( 'NONE', #2256, .T. ) ;
#1796 = DIRECTION ( 'NONE',  ( 0.0000000000000000000, 0.0000000000000000000, 1.000000000000000000 ) ) ;
#1797 = EDGE_LOOP ( 'NONE', ( #1645, #6367, #873, #3481 ) ) ;
#1798 = DIRECTION ( 'NONE',  ( -0.0000000000000000000, 1.000000000000000000, -0.0000000000000000000 ) ) ;
#1799 = VECTOR ( 'NONE', #4235, 1000.000000000000000 ) ;
#1800 = VECTOR ( 'NONE', #7544, 1000.000000000000000 ) ;
#1801 = CARTESIAN_POINT ( 'NONE',  ( 5.374999999999996400, -3.779999999999998900, 0.8999999999999998000 ) ) ;
#1802 = CARTESIAN_POINT ( 'NONE',  ( 70.54999999999998300, -1.810786244251808300E-015, -5.400000000000000400 ) ) ;
#1803 = CONTEXT_DEPENDENT_SHAPE_REPRESENTATION ( #4863, #5473 ) ;
#1804 = EDGE_CURVE ( 'NONE', #8072, #6157, #856, .T. ) ;
#1805 =( REPRESENTATION_RELATIONSHIP ('NONE','NONE', #6135, #6228 ) REPRESENTATION_RELATIONSHIP_WITH_TRANSFORMATION ( #6569 )SHAPE_REPRESENTATION_RELATIONSHIP( ) );
#1806 = VERTEX_POINT ( 'NONE', #5771 ) ;
#1807 = ORIENTED_EDGE ( 'NONE', *, *, #6629, .F. ) ;
#1808 = FACE_OUTER_BOUND ( 'NONE', #8304, .T. ) ;
#1809 = PLANE ( 'NONE',  #651 ) ;
#1810 = ITEM_DEFINED_TRANSFORMATION ( 'NONE', 'NONE', #3792,  #7076 ) ;
#1811 = ORIENTED_EDGE ( 'NONE', *, *, #746, .T. ) ;
#1812 = ITEM_DEFINED_TRANSFORMATION ( 'NONE', 'NONE', #2204,  #7076 ) ;
#1813 = EDGE_CURVE ( 'NONE', #6463, #3756, #4860, .T. ) ;
#1814 = VERTEX_POINT ( 'NONE', #5673 ) ;
#1815 = LINE ( 'NONE', #6710, #829 ) ;
#1816 = AXIS2_PLACEMENT_3D ( 'NONE', #272, #4677, #8260 ) ;
#1817 = EDGE_CURVE ( 'NONE', #3300, #3229, #5986, .T. ) ;
#1818 = ORIENTED_EDGE ( 'NONE', *, *, #1183, .T. ) ;
#1819 = AXIS2_PLACEMENT_3D ( 'NONE', #4007, #4726, #7624 ) ;
#1820 = DIRECTION ( 'NONE',  ( 1.225453863971292700E-016, -1.000000000000000000, -0.0000000000000000000 ) ) ;
#1821 = CARTESIAN_POINT ( 'NONE',  ( 67.29999999999999700, 15.60000000000000000, 3.250000000000008900 ) ) ;
#1822 = DIRECTION ( 'NONE',  ( 1.000000000000000000, 0.0000000000000000000, 0.0000000000000000000 ) ) ;
#1823 = CARTESIAN_POINT ( 'NONE',  ( -72.77808431023110800, 16.79999999999983400, -2.990314680957904400 ) ) ;
#1824 = VECTOR ( 'NONE', #7729, 1000.000000000000000 ) ;
#1825 =( REPRESENTATION_RELATIONSHIP ('NONE','NONE', #6135, #6228 ) REPRESENTATION_RELATIONSHIP_WITH_TRANSFORMATION ( #6543 )SHAPE_REPRESENTATION_RELATIONSHIP( ) );
#1826 = CARTESIAN_POINT ( 'NONE',  ( 64.29999999999999700, 6.299999999999999800, -3.249999999999990700 ) ) ;
#1827 = CONTEXT_DEPENDENT_SHAPE_REPRESENTATION ( #3305, #6038 ) ;
#1828 = ORIENTED_EDGE ( 'NONE', *, *, #6418, .F. ) ;
#1829 = CARTESIAN_POINT ( 'NONE',  ( 93.49999999999998600, 1.135124265190111300E-014, 0.0000000000000000000 ) ) ;
#1830 = PLANE ( 'NONE',  #3376 ) ;
#1831 = AXIS2_PLACEMENT_3D ( 'NONE', #6651, #184, #5887 ) ;
#1832 = PRESENTATION_STYLE_ASSIGNMENT (( #641 ) ) ;
#1833 = EDGE_LOOP ( 'NONE', ( #5219, #5539, #5436, #6948, #5447 ) ) ;
#1834 = DIRECTION ( 'NONE',  ( 0.0000000000000000000, 0.0000000000000000000, 1.000000000000000000 ) ) ;
#1835 = CONTEXT_DEPENDENT_SHAPE_REPRESENTATION ( #499, #7239 ) ;
#1836 = DIRECTION ( 'NONE',  ( 0.0000000000000000000, 0.0000000000000000000, 1.000000000000000000 ) ) ;
#1837 = ORIENTED_EDGE ( 'NONE', *, *, #2924, .F. ) ;
#1838 = DIRECTION ( 'NONE',  ( -0.0000000000000000000, 1.297076659421811900E-016, -1.000000000000000000 ) ) ;
#1839 = ADVANCED_FACE ( 'NONE', ( #8926 ), #1368, .F. ) ;
#1840 = AXIS2_PLACEMENT_3D ( 'NONE', #366, #8898, #5307 ) ;
#1841 = VECTOR ( 'NONE', #5517, 1000.000000000000000 ) ;
#1842 = VERTEX_POINT ( 'NONE', #5136 ) ;
#1843 = CARTESIAN_POINT ( 'NONE',  ( -68.20000000000001700, 6.450000000000001100, 2.500000000000000000 ) ) ;
#1844 = ORIENTED_EDGE ( 'NONE', *, *, #3297, .F. ) ;
#1845 = CARTESIAN_POINT ( 'NONE',  ( 83.29999999999996900, 2.811425974544110900E-015, -3.800000000000000300 ) ) ;
#1846 = EDGE_LOOP ( 'NONE', ( #1983, #4820, #6648, #1289, #3040, #8496, #6095, #173 ) ) ;
#1847 = AXIS2_PLACEMENT_3D ( 'NONE', #3010, #871, #2349 ) ;
#1848 = EDGE_CURVE ( 'NONE', #7349, #679, #3723, .T. ) ;
#1849 = PLANE ( 'NONE',  #1819 ) ;
#1850 = LINE ( 'NONE', #463, #1535 ) ;
#1851 = PRODUCT_DEFINITION_SHAPE ( 'NONE', 'NONE',  #9160 ) ;
#1852 = DIRECTION ( 'NONE',  ( 0.0000000000000000000, 0.0000000000000000000, 1.000000000000000000 ) ) ;
#1853 = ORIENTED_EDGE ( 'NONE', *, *, #6244, .T. ) ;
#1854 = CARTESIAN_POINT ( 'NONE',  ( 69.95993420767854300, 7.100000000000000500, -1.500000000000000000 ) ) ;
#1855 = ITEM_DEFINED_TRANSFORMATION ( 'NONE', 'NONE', #42,  #7076 ) ;
#1856 = DIRECTION ( 'NONE',  ( 1.000000000000000000, 0.0000000000000000000, 0.0000000000000000000 ) ) ;
#1857 = DIRECTION ( 'NONE',  ( -0.0000000000000000000, -0.0000000000000000000, -1.000000000000000000 ) ) ;
#1858 =( REPRESENTATION_RELATIONSHIP ('NONE','NONE', #6135, #6228 ) REPRESENTATION_RELATIONSHIP_WITH_TRANSFORMATION ( #713 )SHAPE_REPRESENTATION_RELATIONSHIP( ) );
#1859 = CARTESIAN_POINT ( 'NONE',  ( 71.00000000000001400, 20.89999999999983900, -3.210000000000000000 ) ) ;
#1860 = PRODUCT_DEFINITION_SHAPE ( 'NONE', 'NONE',  #9206 ) ;
#1861 = LINE ( 'NONE', #1726, #3625 ) ;
#1862 = EDGE_CURVE ( 'NONE', #8199, #8360, #2517, .T. ) ;
#1863 = ORIENTED_EDGE ( 'NONE', *, *, #4619, .F. ) ;
#1864 = CARTESIAN_POINT ( 'NONE',  ( -67.97499999999999400, 0.3999999999999917000, 2.250000000000000000 ) ) ;
#1865 = PRODUCT_DEFINITION_SHAPE ( 'NONE', 'NONE',  #9283 ) ;
#1866 =( REPRESENTATION_RELATIONSHIP ('NONE','NONE', #6135, #6228 ) REPRESENTATION_RELATIONSHIP_WITH_TRANSFORMATION ( #8458 )SHAPE_REPRESENTATION_RELATIONSHIP( ) );
#1867 = VECTOR ( 'NONE', #5903, 1000.000000000000000 ) ;
#1868 = ORIENTED_EDGE ( 'NONE', *, *, #5657, .T. ) ;
#1869 = DIRECTION ( 'NONE',  ( -0.0000000000000000000, -0.0000000000000000000, 1.000000000000000000 ) ) ;
#1870 = LINE ( 'NONE', #6359, #3253 ) ;
#1871 = DIRECTION ( 'NONE',  ( -1.000000000000000000, 0.0000000000000000000, 0.0000000000000000000 ) ) ;
#1872 = EDGE_CURVE ( 'NONE', #6489, #7777, #2943, .T. ) ;
#1873 = DIRECTION ( 'NONE',  ( -1.000000000000000000, 0.0000000000000000000, 0.0000000000000000000 ) ) ;
#1874 = AXIS2_PLACEMENT_3D ( 'NONE', #3466, #4215, #1341 ) ;
#1875 = EDGE_LOOP ( 'NONE', ( #1445, #7679, #8902, #4759 ) ) ;
#1876 = ORIENTED_EDGE ( 'NONE', *, *, #6909, .T. ) ;
#1877 = CARTESIAN_POINT ( 'NONE',  ( 84.99999999999997200, 3.017812204578676500E-015, -3.800000000000000300 ) ) ;
#1878 = DIRECTION ( 'NONE',  ( 0.0000000000000000000, 0.0000000000000000000, 1.000000000000000000 ) ) ;
#1879 = CARTESIAN_POINT ( 'NONE',  ( 74.50000000000000000, 18.79999999999983700, 3.210000000000000000 ) ) ;
#1880 = VERTEX_POINT ( 'NONE', #3738 ) ;
#1881 = EDGE_CURVE ( 'NONE', #6034, #7487, #3496, .T. ) ;
#1882 = CARTESIAN_POINT ( 'NONE',  ( -73.50000000000000000, 21.29999999999984100, -3.210000000000000000 ) ) ;
#1883 = ORIENTED_EDGE ( 'NONE', *, *, #5046, .T. ) ;
#1884 = AXIS2_PLACEMENT_3D ( 'NONE', #3618, #877, #7230 ) ;
#1885 = LINE ( 'NONE', #944, #670 ) ;
#1886 = VERTEX_POINT ( 'NONE', #205 ) ;
#1887 = AXIS2_PLACEMENT_3D ( 'NONE', #246, #3057, #6608 ) ;
#1888 = ORIENTED_EDGE ( 'NONE', *, *, #3591, .F. ) ;
#1889 = VECTOR ( 'NONE', #1496, 1000.000000000000000 ) ;
#1890 = DIRECTION ( 'NONE',  ( 0.0000000000000000000, 0.0000000000000000000, 1.000000000000000000 ) ) ;
#1891 = DIRECTION ( 'NONE',  ( -3.469446951953605400E-014, -1.000000000000000000, 0.0000000000000000000 ) ) ;
#1892 = DIRECTION ( 'NONE',  ( -1.000000000000000000, 0.0000000000000000000, 0.0000000000000000000 ) ) ;
#1893 = CARTESIAN_POINT ( 'NONE',  ( 68.77500000000000600, 3.872245171160897200E-017, 1.100000000000000300 ) ) ;
#1894 = DIRECTION ( 'NONE',  ( 2.168404344971006900E-016, 2.657279483196860500E-032, 1.000000000000000000 ) ) ;
#1895 = ITEM_DEFINED_TRANSFORMATION ( 'NONE', 'NONE', #7017,  #7076 ) ;
#1896 = ORIENTED_EDGE ( 'NONE', *, *, #7177, .F. ) ;
#1897 = PLANE ( 'NONE',  #2491 ) ;
#1898 = FACE_OUTER_BOUND ( 'NONE', #3241, .T. ) ;
#1899 = ORIENTED_EDGE ( 'NONE', *, *, #7473, .F. ) ;
#1900 = FACE_BOUND ( 'NONE', #7020, .T. ) ;
#1901 = ORIENTED_EDGE ( 'NONE', *, *, #6675, .T. ) ;
#1902 = VECTOR ( 'NONE', #7224, 1000.000000000000000 ) ;
#1903 = LINE ( 'NONE', #7376, #4250 ) ;
#1904 = AXIS2_PLACEMENT_3D ( 'NONE', #6254, #5166, #1934 ) ;
#1905 = CARTESIAN_POINT ( 'NONE',  ( 90.09999999999996600, 3.636970894682373300E-015, -3.800000000000000300 ) ) ;
#1906 = EDGE_LOOP ( 'NONE', ( #1457, #1325, #839, #8660 ) ) ;
#1907 = VERTEX_POINT ( 'NONE', #809 ) ;
#1908 = CARTESIAN_POINT ( 'NONE',  ( 67.29999999999999700, 15.60000000000000000, -3.249999999999990700 ) ) ;
#1909 = LINE ( 'NONE', #1473, #8318 ) ;
#1910 = LINE ( 'NONE', #3628, #4807 ) ;
#1911 = EDGE_CURVE ( 'NONE', #3003, #1587, #8320, .T. ) ;
#1912 =( NAMED_UNIT ( * ) PLANE_ANGLE_UNIT ( ) SI_UNIT ( $, .RADIAN. ) );
#1913 = CARTESIAN_POINT ( 'NONE',  ( -69.25000000000000000, 20.49999999999984000, 3.210000000000000000 ) ) ;
#1914 = EDGE_LOOP ( 'NONE', ( #1949, #1844, #5717, #4356 ) ) ;
#1915 = DIRECTION ( 'NONE',  ( -1.000000000000000000, 0.0000000000000000000, 0.0000000000000000000 ) ) ;
#1916 = ORIENTED_EDGE ( 'NONE', *, *, #5481, .T. ) ;
#1917 = CARTESIAN_POINT ( 'NONE',  ( 122.3999999999999800, 7.558309265339120700E-015, -3.800000000000000300 ) ) ;
#1918 = PRODUCT_DEFINITION_SHAPE ( 'NONE', 'NONE',  #603 ) ;
#1919 = VECTOR ( 'NONE', #1269, 1000.000000000000000 ) ;
#1920 = CONTEXT_DEPENDENT_SHAPE_REPRESENTATION ( #3465, #3166 ) ;
#1921 = ORIENTED_EDGE ( 'NONE', *, *, #7022, .T. ) ;
#1922 = CARTESIAN_POINT ( 'NONE',  ( 30.59999999999998700, -3.586547156527425200E-015, -3.800000000000000300 ) ) ;
#1923 = EDGE_CURVE ( 'NONE', #7285, #447, #2194, .T. ) ;
#1924 =( REPRESENTATION_RELATIONSHIP ('NONE','NONE', #6135, #6228 ) REPRESENTATION_RELATIONSHIP_WITH_TRANSFORMATION ( #4640 )SHAPE_REPRESENTATION_RELATIONSHIP( ) );
#1925 = ITEM_DEFINED_TRANSFORMATION ( 'NONE', 'NONE', #1781,  #7076 ) ;
#1926 = CARTESIAN_POINT ( 'NONE',  ( 67.46999999999999900, 3.234711976998492700, -0.9249999999999987100 ) ) ;
#1927 = ADVANCED_FACE ( 'NONE', ( #7246 ), #5978, .F. ) ;
#1928 = VERTEX_POINT ( 'NONE', #6706 ) ;
#1929 = CARTESIAN_POINT ( 'NONE',  ( 71.00040004000798900, 14.83999999999983100, 1.249999999999998400 ) ) ;
#1930 = DIRECTION ( 'NONE',  ( 1.000000000000000000, 0.0000000000000000000, 0.0000000000000000000 ) ) ;
#1931 = EDGE_CURVE ( 'NONE', #1083, #505, #2293, .T. ) ;
#1932 = CARTESIAN_POINT ( 'NONE',  ( 5.774999999999995900, -1.000000000000007800, -1.099999999999999900 ) ) ;
#1933 = CONTEXT_DEPENDENT_SHAPE_REPRESENTATION ( #7383, #7117 ) ;
#1934 = DIRECTION ( 'NONE',  ( 1.000000000000000000, 0.0000000000000000000, 0.0000000000000000000 ) ) ;
#1935 = LINE ( 'NONE', #2800, #5529 ) ;
#1936 = EDGE_CURVE ( 'NONE', #2887, #6940, #4423, .T. ) ;
#1937 = AXIS2_PLACEMENT_3D ( 'NONE', #2155, #2764, #644 ) ;
#1938 = ITEM_DEFINED_TRANSFORMATION ( 'NONE', 'NONE', #3991,  #7076 ) ;
#1939 = ORIENTED_EDGE ( 'NONE', *, *, #3827, .F. ) ;
#1940 = CARTESIAN_POINT ( 'NONE',  ( 64.29999999999999700, 19.29999999999983000, 3.210000000000000000 ) ) ;
#1941 = FILL_AREA_STYLE ('',( #1300 ) ) ;
#1942 = CONTEXT_DEPENDENT_SHAPE_REPRESENTATION ( #156, #4099 ) ;
#1943 =( REPRESENTATION_RELATIONSHIP ('NONE','NONE', #6135, #6228 ) REPRESENTATION_RELATIONSHIP_WITH_TRANSFORMATION ( #3235 )SHAPE_REPRESENTATION_RELATIONSHIP( ) );
#1944 = FACE_OUTER_BOUND ( 'NONE', #4910, .T. ) ;
#1945 = VERTEX_POINT ( 'NONE', #2597 ) ;
#1946 = AXIS2_PLACEMENT_3D ( 'NONE', #5653, #7100, #3340 ) ;
#1947 = ORIENTED_EDGE ( 'NONE', *, *, #7753, .T. ) ;
#1948 = CARTESIAN_POINT ( 'NONE',  ( 53.54999999999998300, -3.874648544597465800E-015, -5.400000000000000400 ) ) ;
#1949 = ORIENTED_EDGE ( 'NONE', *, *, #3438, .T. ) ;
#1950 = DIRECTION ( 'NONE',  ( 1.000000000000000000, 0.0000000000000000000, 0.0000000000000000000 ) ) ;
#1951 = AXIS2_PLACEMENT_3D ( 'NONE', #8041, #2398, #2276 ) ;
#1952 = CARTESIAN_POINT ( 'NONE',  ( -71.36586506177911800, 15.96069278807465600, 1.596624610791825200 ) ) ;
#1953 = FACE_OUTER_BOUND ( 'NONE', #570, .T. ) ;
#1954 = EDGE_LOOP ( 'NONE', ( #2252, #8917, #7792, #2636 ) ) ;
#1955 = CONTEXT_DEPENDENT_SHAPE_REPRESENTATION ( #3122, #2348 ) ;
#1956 = DIRECTION ( 'NONE',  ( 0.0000000000000000000, -1.000000000000000000, -1.147303886228049800E-016 ) ) ;
#1957 = AXIS2_PLACEMENT_3D ( 'NONE', #4552, #6118, #3844 ) ;
#1958 = CARTESIAN_POINT ( 'NONE',  ( -72.50000000000000000, 16.79999999999983700, 3.210000000000000000 ) ) ;
#1959 = LINE ( 'NONE', #5298, #6913 ) ;
#1960 = ORIENTED_EDGE ( 'NONE', *, *, #623, .T. ) ;
#1961 =( GEOMETRIC_REPRESENTATION_CONTEXT ( 3 ) GLOBAL_UNCERTAINTY_ASSIGNED_CONTEXT ( ( #5328 ) ) GLOBAL_UNIT_ASSIGNED_CONTEXT ( ( #8923, #7378, #2391 ) ) REPRESENTATION_CONTEXT ( 'NONE', 'WORKASPACE' ) );
#1962 = ITEM_DEFINED_TRANSFORMATION ( 'NONE', 'NONE', #5613,  #7076 ) ;
#1963 = EDGE_CURVE ( 'NONE', #7238, #8762, #514, .T. ) ;
#1964 = CARTESIAN_POINT ( 'NONE',  ( 107.9499999999999900, 2.729710816508636300E-015, -5.400000000000000400 ) ) ;
#1965 = PLANE ( 'NONE',  #2187 ) ;
#1966 = DIRECTION ( 'NONE',  ( -0.0000000000000000000, -0.0000000000000000000, -1.000000000000000000 ) ) ;
#1967 = CARTESIAN_POINT ( 'NONE',  ( 71.91440048467937600, 16.49833491157236400, -2.136081778375818800 ) ) ;
#1968 = LINE ( 'NONE', #1114, #6461 ) ;
#1969 = CARTESIAN_POINT ( 'NONE',  ( 5.774999999999995900, -1.000000000000007500, 1.100000000000000300 ) ) ;
#1970 = VERTEX_POINT ( 'NONE', #321 ) ;
#1971 = CONTEXT_DEPENDENT_SHAPE_REPRESENTATION ( #4576, #5603 ) ;
#1972 =( REPRESENTATION_RELATIONSHIP ('NONE','NONE', #6135, #6228 ) REPRESENTATION_RELATIONSHIP_WITH_TRANSFORMATION ( #6856 )SHAPE_REPRESENTATION_RELATIONSHIP( ) );
#1973 = DIRECTION ( 'NONE',  ( 0.0000000000000000000, 0.9426414910921805400, 0.3338068592337649100 ) ) ;
#1974 = ADVANCED_FACE ( 'NONE', ( #5094 ), #1849, .F. ) ;
#1975 = EDGE_CURVE ( 'NONE', #363, #6110, #7116, .T. ) ;
#1976 = FACE_OUTER_BOUND ( 'NONE', #4752, .T. ) ;
#1977 = CARTESIAN_POINT ( 'NONE',  ( -69.17499999999999700, -1.000000000000016900, -1.249999999999999800 ) ) ;
#1978 = EDGE_LOOP ( 'NONE', ( #3894, #4031, #8269, #2185 ) ) ;
#1979 = DIRECTION ( 'NONE',  ( 1.225453863971292700E-016, -1.000000000000000000, -0.0000000000000000000 ) ) ;
#1980 = DIRECTION ( 'NONE',  ( -1.214036647262151200E-016, 1.000000000000000000, 0.0000000000000000000 ) ) ;
#1981 = ORIENTED_EDGE ( 'NONE', *, *, #3039, .F. ) ;
#1982 = CARTESIAN_POINT ( 'NONE',  ( 6.574999999999999300, 0.4000000000000008500, 2.250000000000000000 ) ) ;
#1983 = ORIENTED_EDGE ( 'NONE', *, *, #5284, .F. ) ;
#1984 = DIRECTION ( 'NONE',  ( 1.000000000000000000, -0.0000000000000000000, -0.0000000000000000000 ) ) ;
#1985 = DIRECTION ( 'NONE',  ( -0.0000000000000000000, 1.000000000000000000, 0.0000000000000000000 ) ) ;
#1986 = VECTOR ( 'NONE', #4169, 1000.000000000000000 ) ;
#1987 = EDGE_CURVE ( 'NONE', #7386, #6034, #5652, .T. ) ;
#1988 = PLANE ( 'NONE',  #5121 ) ;
#1989 = AXIS2_PLACEMENT_3D ( 'NONE', #7639, #7605, #6792 ) ;
#1990 = PRODUCT_DEFINITION_SHAPE ( 'NONE', 'NONE',  #9120 ) ;
#1991 = DIRECTION ( 'NONE',  ( 1.000000000000000000, 0.0000000000000000000, 0.0000000000000000000 ) ) ;
#1992 = VERTEX_POINT ( 'NONE', #5484 ) ;
#1993 = DIRECTION ( 'NONE',  ( 0.0000000000000000000, -0.0000000000000000000, -1.000000000000000000 ) ) ;
#1994 = ORIENTED_EDGE ( 'NONE', *, *, #3951, .T. ) ;
#1995 = LINE ( 'NONE', #3298, #8747 ) ;
#1996 = PRODUCT_DEFINITION_SHAPE ( 'NONE', 'NONE',  #9194 ) ;
#1997 = CARTESIAN_POINT ( 'NONE',  ( 5.949999999999983300, -9.653462985565304800E-015, -5.400000000000000400 ) ) ;
#1998 = CARTESIAN_POINT ( 'NONE',  ( 68.20000000000001700, 6.450000000000001100, -2.500000000000000000 ) ) ;
#1999 = CARTESIAN_POINT ( 'NONE',  ( -64.29999999999999700, 19.29999999999983000, -3.210000000000000000 ) ) ;
#2000 = ADVANCED_FACE ( 'NONE', ( #6099 ), #7561, .T. ) ;
#2001 =( REPRESENTATION_RELATIONSHIP ('NONE','NONE', #6135, #6228 ) REPRESENTATION_RELATIONSHIP_WITH_TRANSFORMATION ( #6401 )SHAPE_REPRESENTATION_RELATIONSHIP( ) );
#2002 = CARTESIAN_POINT ( 'NONE',  ( 64.29999999999999700, 6.299999999999999800, 0.7899999999999920400 ) ) ;
#2003 = AXIS2_PLACEMENT_3D ( 'NONE', #4954, #7199, #2109 ) ;
#2004 = EDGE_LOOP ( 'NONE', ( #1642, #1111, #6990, #2780, #5141, #157 ) ) ;
#2005 = PRODUCT_DEFINITION_SHAPE ( 'NONE', 'NONE',  #9272 ) ;
#2006 = VERTEX_POINT ( 'NONE', #6235 ) ;
#2007 = LINE ( 'NONE', #1206, #3668 ) ;
#2008 = LINE ( 'NONE', #1395, #7852 ) ;
#2010 = VECTOR ( 'NONE', #5427, 1000.000000000000100 ) ;
#2009 = DIRECTION ( 'NONE',  ( 0.0000000000000000000, 0.0000000000000000000, 1.000000000000000000 ) ) ;
#2011 = CARTESIAN_POINT ( 'NONE',  ( -68.77499999999999100, -1.669663434668533200E-014, 0.9000000000000002400 ) ) ;
#2012 = DIRECTION ( 'NONE',  ( 1.000000000000000000, 0.0000000000000000000, 0.0000000000000000000 ) ) ;
#2013 = AXIS2_PLACEMENT_3D ( 'NONE', #2546, #6082, #1074 ) ;
#2014 = ORIENTED_EDGE ( 'NONE', *, *, #1172, .F. ) ;
#2015 =( REPRESENTATION_RELATIONSHIP ('NONE','NONE', #6135, #6228 ) REPRESENTATION_RELATIONSHIP_WITH_TRANSFORMATION ( #1694 )SHAPE_REPRESENTATION_RELATIONSHIP( ) );
#2016 = LINE ( 'NONE', #8566, #131 ) ;
#2017 = EDGE_LOOP ( 'NONE', ( #8705, #3597, #3783, #8018 ) ) ;
#2018 = LINE ( 'NONE', #6365, #351 ) ;
#2019 = CIRCLE ( 'NONE', #1951, 1.000000000000000900 ) ;
#2020 = PLANE ( 'NONE',  #3307 ) ;
#2021 =( GEOMETRIC_REPRESENTATION_CONTEXT ( 3 ) GLOBAL_UNCERTAINTY_ASSIGNED_CONTEXT ( ( #4681 ) ) GLOBAL_UNIT_ASSIGNED_CONTEXT ( ( #2074, #2861, #673 ) ) REPRESENTATION_CONTEXT ( 'NONE', 'WORKASPACE' ) );
#2022 = DIRECTION ( 'NONE',  ( 0.0000000000000000000, -1.000000000000000000, 0.0000000000000000000 ) ) ;
#2023 = EDGE_CURVE ( 'NONE', #6821, #932, #3966, .T. ) ;
#2024 = ORIENTED_EDGE ( 'NONE', *, *, #137, .T. ) ;
#2025 = ADVANCED_FACE ( 'NONE', ( #8706 ), #4667, .F. ) ;
#2026 = DIRECTION ( 'NONE',  ( -1.215927670077200900E-016, -9.170862062490000300E-032, -1.000000000000000000 ) ) ;
#2027 = CARTESIAN_POINT ( 'NONE',  ( -69.20000000000001700, 6.449999999999983300, 3.250000000000008900 ) ) ;
#2028 = ITEM_DEFINED_TRANSFORMATION ( 'NONE', 'NONE', #5916,  #7076 ) ;
#2029 = PRODUCT_DEFINITION_SHAPE ( 'NONE', 'NONE',  #9282 ) ;
#2030 = CIRCLE ( 'NONE', #1598, 0.7000000000000009500 ) ;
#2031 = DIRECTION ( 'NONE',  ( 0.0000000000000000000, 0.0000000000000000000, 1.000000000000000000 ) ) ;
#2032 = DIRECTION ( 'NONE',  ( 0.0000000000000000000, 0.0000000000000000000, -1.000000000000000000 ) ) ;
#2033 = CONTEXT_DEPENDENT_SHAPE_REPRESENTATION ( #2153, #7268 ) ;
#2034 = ORIENTED_EDGE ( 'NONE', *, *, #3564, .T. ) ;
#2035 = DIRECTION ( 'NONE',  ( 0.0000000000000000000, -1.000000000000000000, 0.0000000000000000000 ) ) ;
#2036 = ITEM_DEFINED_TRANSFORMATION ( 'NONE', 'NONE', #4780,  #7076 ) ;
#2037 = EDGE_CURVE ( 'NONE', #6121, #447, #180, .T. ) ;
#2038 = DIRECTION ( 'NONE',  ( 0.0000000000000000000, 0.0000000000000000000, 1.000000000000000000 ) ) ;
#2039 = FACE_OUTER_BOUND ( 'NONE', #7405, .T. ) ;
#2040 = CARTESIAN_POINT ( 'NONE',  ( 5.374999999999996400, -1.000000000000007500, 1.100000000000000300 ) ) ;
#2041 = UNCERTAINTY_MEASURE_WITH_UNIT (LENGTH_MEASURE( 1.000000000000000100E-005 ), #11, 'distance_accuracy_value', 'NONE');
#2042 = CONTEXT_DEPENDENT_SHAPE_REPRESENTATION ( #3847, #7697 ) ;
#2043 = EDGE_LOOP ( 'NONE', ( #6788, #1568, #590, #1242, #7129, #5072, #6863, #2902, #8978, #2526, #224, #479, #2195, #2087, #697, #3109, #1418, #5250, #7221, #8980 ) ) ;
#2044 = PRODUCT_DEFINITION_SHAPE ( 'NONE', 'NONE',  #9071 ) ;
#2045 = ORIENTED_EDGE ( 'NONE', *, *, #1422, .T. ) ;
#2046 = FACE_OUTER_BOUND ( 'NONE', #6071, .T. ) ;
#2047 = CARTESIAN_POINT ( 'NONE',  ( 37.39999999999998400, -2.761002236389162800E-015, -3.800000000000000300 ) ) ;
#2048 = EDGE_CURVE ( 'NONE', #7215, #181, #7789, .T. ) ;
#2049 = ORIENTED_EDGE ( 'NONE', *, *, #2530, .T. ) ;
#2050 = AXIS2_PLACEMENT_3D ( 'NONE', #4768, #3583, #6205 ) ;
#2051 = ORIENTED_EDGE ( 'NONE', *, *, #8959, .F. ) ;
#2052 = DIRECTION ( 'NONE',  ( 1.000000000000000000, 0.0000000000000000000, 0.0000000000000000000 ) ) ;
#2053 = CARTESIAN_POINT ( 'NONE',  ( -68.77499999999999100, -3.780000000000008700, -1.049999999999998500 ) ) ;
#2054 = ADVANCED_FACE ( 'NONE', ( #72 ), #2063, .F. ) ;
#2055 = DIRECTION ( 'NONE',  ( 1.000000000000000000, -4.785444071660135700E-015, 0.0000000000000000000 ) ) ;
#2056 = VECTOR ( 'NONE', #5073, 1000.000000000000000 ) ;
#2057 = ORIENTED_EDGE ( 'NONE', *, *, #1804, .F. ) ;
#2058 = AXIS2_PLACEMENT_3D ( 'NONE', #5359, #3167, #7923 ) ;
#2059 = VERTEX_POINT ( 'NONE', #2678 ) ;
#2060 = CARTESIAN_POINT ( 'NONE',  ( 99.44999999999998900, 1.697779666335808000E-015, -5.400000000000000400 ) ) ;
#2061 = DIRECTION ( 'NONE',  ( 1.000000000000000000, 1.225453863971292700E-016, -0.0000000000000000000 ) ) ;
#2062 = EDGE_CURVE ( 'NONE', #8349, #3020, #3158, .T. ) ;
#2063 = PLANE ( 'NONE',  #3416 ) ;
#2064 = AXIS2_PLACEMENT_3D ( 'NONE', #5093, #7213, #3566 ) ;
#2065 = VECTOR ( 'NONE', #4783, 1000.000000000000000 ) ;
#2066 = ORIENTED_EDGE ( 'NONE', *, *, #4036, .F. ) ;
#2067 = VERTEX_POINT ( 'NONE', #3446 ) ;
#2068 = CONTEXT_DEPENDENT_SHAPE_REPRESENTATION ( #1110, #3526 ) ;
#2069 = DIRECTION ( 'NONE',  ( 0.0000000000000000000, 0.0000000000000000000, 1.000000000000000000 ) ) ;
#2070 = ORIENTED_EDGE ( 'NONE', *, *, #987, .T. ) ;
#2071 = DIRECTION ( 'NONE',  ( 1.982541115402063300E-015, -1.000000000000000000, 0.0000000000000000000 ) ) ;
#2072 = CARTESIAN_POINT ( 'NONE',  ( -72.99999999999998600, 16.79999999999983700, 3.210000000000000000 ) ) ;
#2073 =( REPRESENTATION_RELATIONSHIP ('NONE','NONE', #6135, #6228 ) REPRESENTATION_RELATIONSHIP_WITH_TRANSFORMATION ( #8654 )SHAPE_REPRESENTATION_RELATIONSHIP( ) );
#2074 =( LENGTH_UNIT ( ) NAMED_UNIT ( * ) SI_UNIT ( .MILLI., .METRE. ) );
#2075 = ADVANCED_FACE ( 'NONE', ( #4199 ), #286, .T. ) ;
#2076 = AXIS2_PLACEMENT_3D ( 'NONE', #2374, #8938, #3752 ) ;
#2077 = VECTOR ( 'NONE', #1472, 1000.000000000000000 ) ;
#2078 = VERTEX_POINT ( 'NONE', #7115 ) ;
#2079 = CARTESIAN_POINT ( 'NONE',  ( 5.374999999999996400, -7.721501420921464000E-015, 0.0000000000000000000 ) ) ;
#2080 = ADVANCED_FACE ( 'NONE', ( #8051 ), #2747, .T. ) ;
#2081 = CARTESIAN_POINT ( 'NONE',  ( -70.99999999999998600, 4.234711976998479300, -0.9249999999999987100 ) ) ;
#2082 = AXIS2_PLACEMENT_3D ( 'NONE', #5323, #1056, #1116 ) ;
#2083 =( REPRESENTATION_RELATIONSHIP ('NONE','NONE', #6135, #6228 ) REPRESENTATION_RELATIONSHIP_WITH_TRANSFORMATION ( #7437 )SHAPE_REPRESENTATION_RELATIONSHIP( ) );
#2084 = DIRECTION ( 'NONE',  ( -1.000000000000000000, -1.225453863971292700E-016, 0.0000000000000000000 ) ) ;
#2085 = VECTOR ( 'NONE', #7379, 1000.000000000000000 ) ;
#2086 = CARTESIAN_POINT ( 'NONE',  ( 64.29999999999999700, 9.167771687820288000, -1.249999999999998700 ) ) ;
#2087 = ORIENTED_EDGE ( 'NONE', *, *, #2234, .T. ) ;
#2088 = DIRECTION ( 'NONE',  ( 1.000000000000000000, 0.0000000000000000000, -0.0000000000000000000 ) ) ;
#2089 =( REPRESENTATION_RELATIONSHIP ('NONE','NONE', #6135, #6228 ) REPRESENTATION_RELATIONSHIP_WITH_TRANSFORMATION ( #1250 )SHAPE_REPRESENTATION_RELATIONSHIP( ) );
#2090 = DIRECTION ( 'NONE',  ( 0.0000000000000000000, 0.0000000000000000000, 1.000000000000000000 ) ) ;
#2091 = AXIS2_PLACEMENT_3D ( 'NONE', #8403, #6320, #4096 ) ;
#2092 = DIRECTION ( 'NONE',  ( 1.000000000000000000, 0.0000000000000000000, -0.0000000000000000000 ) ) ;
#2093 = DIRECTION ( 'NONE',  ( 1.000000000000000000, -0.0000000000000000000, -0.0000000000000000000 ) ) ;
#2094 = EDGE_LOOP ( 'NONE', ( #4767, #6712, #4733, #1750 ) ) ;
#2095 = ORIENTED_EDGE ( 'NONE', *, *, #980, .F. ) ;
#2096 = EDGE_CURVE ( 'NONE', #8063, #5999, #4083, .T. ) ;
#2097 = PRODUCT_CONTEXT ( 'NONE', #7175, 'mechanical' ) ;
#2098 = ORIENTED_EDGE ( 'NONE', *, *, #558, .T. ) ;
#2099 = ITEM_DEFINED_TRANSFORMATION ( 'NONE', 'NONE', #8088,  #7076 ) ;
#2100 = CARTESIAN_POINT ( 'NONE',  ( 69.99999999999998600, 4.234711976998479300, -0.9249999999999987100 ) ) ;
#2101 = VERTEX_POINT ( 'NONE', #5636 ) ;
#2102 = DIRECTION ( 'NONE',  ( -0.0000000000000000000, -0.0000000000000000000, -1.000000000000000000 ) ) ;
#2103 = ADVANCED_FACE ( 'NONE', ( #7678 ), #8405, .T. ) ;
#2104 =( REPRESENTATION_RELATIONSHIP ('NONE','NONE', #6135, #6228 ) REPRESENTATION_RELATIONSHIP_WITH_TRANSFORMATION ( #5142 )SHAPE_REPRESENTATION_RELATIONSHIP( ) );
#2105 = DIRECTION ( 'NONE',  ( 0.0000000000000000000, -0.0000000000000000000, 1.000000000000000000 ) ) ;
#2106 = ORIENTED_EDGE ( 'NONE', *, *, #4496, .T. ) ;
#2107 = FACE_OUTER_BOUND ( 'NONE', #4599, .T. ) ;
#2108 = EDGE_CURVE ( 'NONE', #4706, #669, #1622, .T. ) ;
#2109 = DIRECTION ( 'NONE',  ( -1.000000000000000000, 0.0000000000000000000, 0.0000000000000000000 ) ) ;
#2110 = VERTEX_POINT ( 'NONE', #3361 ) ;
#2111 = VERTEX_POINT ( 'NONE', #6452 ) ;
#2112 = FACE_OUTER_BOUND ( 'NONE', #5628, .T. ) ;
#2113 = DIRECTION ( 'NONE',  ( 0.0000000000000000000, -0.0000000000000000000, -1.000000000000000000 ) ) ;
#2114 = EDGE_CURVE ( 'NONE', #3820, #4908, #1086, .T. ) ;
#2115 = DIRECTION ( 'NONE',  ( -0.0000000000000000000, -0.0000000000000000000, 1.000000000000000000 ) ) ;
#2116 = DIRECTION ( 'NONE',  ( 0.0000000000000000000, 0.0000000000000000000, 1.000000000000000000 ) ) ;
#2117 = ADVANCED_FACE ( 'NONE', ( #5765 ), #7932, .F. ) ;
#2118 = CARTESIAN_POINT ( 'NONE',  ( -64.29999999999999700, 17.29999999999983700, -3.210000000000000000 ) ) ;
#2119 = ORIENTED_EDGE ( 'NONE', *, *, #6927, .F. ) ;
#2120 = EDGE_CURVE ( 'NONE', #7003, #4198, #7464, .T. ) ;
#2121 = ORIENTED_EDGE ( 'NONE', *, *, #2799, .F. ) ;
#2122 = ORIENTED_EDGE ( 'NONE', *, *, #4440, .F. ) ;
#2123 = LINE ( 'NONE', #6432, #3774 ) ;
#2124 = FACE_OUTER_BOUND ( 'NONE', #8879, .T. ) ;
#2125 =( LENGTH_UNIT ( ) NAMED_UNIT ( * ) SI_UNIT ( .MILLI., .METRE. ) );
#2126 = DIRECTION ( 'NONE',  ( 1.000000000000000000, 0.0000000000000000000, 0.0000000000000000000 ) ) ;
#2127 = DIRECTION ( 'NONE',  ( 0.0000000000000000000, 0.9974221446084792200, 0.07175698882075430600 ) ) ;
#2128 = FACE_OUTER_BOUND ( 'NONE', #2043, .T. ) ;
#2129 = AXIS2_PLACEMENT_3D ( 'NONE', #719, #5710, #1439 ) ;
#2130 = ORIENTED_EDGE ( 'NONE', *, *, #4690, .F. ) ;
#2131 = FACE_OUTER_BOUND ( 'NONE', #4309, .T. ) ;
#2132 = VERTEX_POINT ( 'NONE', #8636 ) ;
#2133 = DIRECTION ( 'NONE',  ( 0.0000000000000000000, 0.0000000000000000000, 1.000000000000000000 ) ) ;
#2134 = DIRECTION ( 'NONE',  ( -2.891205793294675400E-016, -1.000000000000000000, -0.0000000000000000000 ) ) ;
#2135 = FACE_OUTER_BOUND ( 'NONE', #4950, .T. ) ;
#2136 = CARTESIAN_POINT ( 'NONE',  ( 70.20000000000001700, 6.450000000000001100, -3.249999999999990700 ) ) ;
#2137 = DIRECTION ( 'NONE',  ( 1.000000000000000000, 0.0000000000000000000, 0.0000000000000000000 ) ) ;
#2138 =( REPRESENTATION_RELATIONSHIP ('NONE','NONE', #6135, #6228 ) REPRESENTATION_RELATIONSHIP_WITH_TRANSFORMATION ( #6947 )SHAPE_REPRESENTATION_RELATIONSHIP( ) );
#2139 = DIRECTION ( 'NONE',  ( 0.0000000000000000000, 1.000000000000000000, 0.0000000000000000000 ) ) ;
#2140 = AXIS2_PLACEMENT_3D ( 'NONE', #6042, #1760, #2360 ) ;
#2141 = CONTEXT_DEPENDENT_SHAPE_REPRESENTATION ( #1216, #3640 ) ;
#2142 = ITEM_DEFINED_TRANSFORMATION ( 'NONE', 'NONE', #5852,  #7076 ) ;
#2143 = DIRECTION ( 'NONE',  ( 0.0000000000000000000, -0.0000000000000000000, -1.000000000000000000 ) ) ;
#2144 = LINE ( 'NONE', #600, #6962 ) ;
#2145 = FACE_OUTER_BOUND ( 'NONE', #788, .T. ) ;
#2146 = DIRECTION ( 'NONE',  ( 1.000000000000000000, -0.0000000000000000000, -0.0000000000000000000 ) ) ;
#2147 = DIRECTION ( 'NONE',  ( 1.000000000000000000, 0.0000000000000000000, 0.0000000000000000000 ) ) ;
#2148 = CARTESIAN_POINT ( 'NONE',  ( 67.29999999999999700, 15.60000000000000000, -3.249999999999990700 ) ) ;
#2149 = ORIENTED_EDGE ( 'NONE', *, *, #5165, .F. ) ;
#2150 = CARTESIAN_POINT ( 'NONE',  ( -63.14999999999999900, 0.3999999999999922500, 2.800000000000000300 ) ) ;
#2151 = AXIS2_PLACEMENT_3D ( 'NONE', #7176, #8634, #2858 ) ;
#2152 = DIRECTION ( 'NONE',  ( 0.0000000000000000000, 0.0000000000000000000, 1.000000000000000000 ) ) ;
#2153 =( REPRESENTATION_RELATIONSHIP ('NONE','NONE', #6135, #6228 ) REPRESENTATION_RELATIONSHIP_WITH_TRANSFORMATION ( #1371 )SHAPE_REPRESENTATION_RELATIONSHIP( ) );
#2154 = CARTESIAN_POINT ( 'NONE',  ( 69.17499999999999700, 2.450907727942585600E-017, 0.0000000000000000000 ) ) ;
#2155 = CARTESIAN_POINT ( 'NONE',  ( 5.374999999999996400, -1.000000000000007800, -1.249999999999999800 ) ) ;
#2156 = PRODUCT_DEFINITION_SHAPE ( 'NONE', 'NONE',  #9119 ) ;
#2157 = CARTESIAN_POINT ( 'NONE',  ( 69.97499999999999400, 0.4000000000000085700, 2.249999999999999600 ) ) ;
#2158 = AXIS2_PLACEMENT_3D ( 'NONE', #1127, #3293, #1856 ) ;
#2159 = LINE ( 'NONE', #3294, #821 ) ;
#2160 = ADVANCED_FACE ( 'NONE', ( #3614, #1953 ), #4255, .F. ) ;
#2161 = EDGE_CURVE ( 'NONE', #2231, #2474, #1518, .T. ) ;
#2162 = CONTEXT_DEPENDENT_SHAPE_REPRESENTATION ( #653, #3023 ) ;
#2163 = ORIENTED_EDGE ( 'NONE', *, *, #608, .T. ) ;
#2164 = PRODUCT_DEFINITION_SHAPE ( 'NONE', 'NONE',  #9211 ) ;
#2165 = FACE_OUTER_BOUND ( 'NONE', #4655, .T. ) ;
#2166 = CARTESIAN_POINT ( 'NONE',  ( 0.0000000000000000000, 0.0000000000000000000, 0.0000000000000000000 ) ) ;
#2167 = FACE_OUTER_BOUND ( 'NONE', #8962, .T. ) ;
#2168 = CARTESIAN_POINT ( 'NONE',  ( -67.29999999999999700, 10.59999999999998200, -3.249999999999990700 ) ) ;
#2169 = DIRECTION ( 'NONE',  ( -8.793487921733823100E-018, 0.07175698882075431900, -0.9974221446084793300 ) ) ;
#2170 = CONTEXT_DEPENDENT_SHAPE_REPRESENTATION ( #5682, #2591 ) ;
#2171 = ORIENTED_EDGE ( 'NONE', *, *, #8985, .F. ) ;
#2172 = PRODUCT_DEFINITION_SHAPE ( 'NONE', 'NONE',  #9296 ) ;
#2173 = ORIENTED_EDGE ( 'NONE', *, *, #7092, .T. ) ;
#2174 = EDGE_CURVE ( 'NONE', #3877, #3022, #2832, .T. ) ;
#2175 = PLANE ( 'NONE',  #5783 ) ;
#2176 = CARTESIAN_POINT ( 'NONE',  ( 67.50000000000000000, 19.69999999999983200, 3.210000000000000000 ) ) ;
#2177 = ADVANCED_FACE ( 'NONE', ( #6087 ), #2225, .F. ) ;
#2178 = CONTEXT_DEPENDENT_SHAPE_REPRESENTATION ( #534, #5115 ) ;
#2179 = VERTEX_POINT ( 'NONE', #3608 ) ;
#2180 = CARTESIAN_POINT ( 'NONE',  ( 72.75000000000000000, 21.29999999999984100, -3.210000000000000000 ) ) ;
#2181 = CARTESIAN_POINT ( 'NONE',  ( 69.20000000000001700, 6.450000000000001100, -0.9249999999999982700 ) ) ;
#2182 = LINE ( 'NONE', #8438, #4414 ) ;
#2183 = DIRECTION ( 'NONE',  ( 0.0000000000000000000, 0.0000000000000000000, 1.000000000000000000 ) ) ;
#2184 = EDGE_CURVE ( 'NONE', #2622, #4927, #3609, .T. ) ;
#2185 = ORIENTED_EDGE ( 'NONE', *, *, #3398, .T. ) ;
#2186 = CARTESIAN_POINT ( 'NONE',  ( 118.9999999999999700, 7.145536805269990300E-015, -3.800000000000000300 ) ) ;
#2187 = AXIS2_PLACEMENT_3D ( 'NONE', #1182, #4068, #5459 ) ;
#2188 = DIRECTION ( 'NONE',  ( 0.0000000000000000000, 0.0000000000000000000, 1.000000000000000000 ) ) ;
#2189 = ORIENTED_EDGE ( 'NONE', *, *, #6565, .T. ) ;
#2190 = DIRECTION ( 'NONE',  ( -1.000000000000000000, 3.965082230804126700E-015, 0.0000000000000000000 ) ) ;
#2191 = CARTESIAN_POINT ( 'NONE',  ( 64.29999999999999700, 17.29999999999983700, -3.210000000000000000 ) ) ;
#2192 = CARTESIAN_POINT ( 'NONE',  ( -64.29999999999999700, 6.299999999999984700, 3.250000000000008900 ) ) ;
#2193 = ORIENTED_EDGE ( 'NONE', *, *, #2855, .T. ) ;
#2194 = CIRCLE ( 'NONE', #1066, 2.000000000000000000 ) ;
#2195 = ORIENTED_EDGE ( 'NONE', *, *, #4208, .F. ) ;
#2196 = DIRECTION ( 'NONE',  ( 0.0000000000000000000, 0.0000000000000000000, 1.000000000000000000 ) ) ;
#2197 = EDGE_CURVE ( 'NONE', #679, #6868, #2508, .T. ) ;
#2198 = VECTOR ( 'NONE', #3, 1000.000000000000000 ) ;
#2199 = CARTESIAN_POINT ( 'NONE',  ( 67.29999999999999700, 10.60000000000000000, -3.249999999999990700 ) ) ;
#2200 = VERTEX_POINT ( 'NONE', #3755 ) ;
#2201 = CONTEXT_DEPENDENT_SHAPE_REPRESENTATION ( #103, #4735 ) ;
#2202 = ADVANCED_FACE ( 'NONE', ( #8123 ), #4445, .F. ) ;
#2203 = PLANE ( 'NONE',  #4603 ) ;
#2204 = AXIS2_PLACEMENT_3D ( 'NONE', #4528, #5991, #8139 ) ;
#2205 = LINE ( 'NONE', #7456, #5108 ) ;
#2206 = ORIENTED_EDGE ( 'NONE', *, *, #6879, .F. ) ;
#2207 = DIRECTION ( 'NONE',  ( 0.0000000000000000000, 0.0000000000000000000, 1.000000000000000000 ) ) ;
#2208 = DIRECTION ( 'NONE',  ( 0.0000000000000000000, 0.0000000000000000000, -1.000000000000000000 ) ) ;
#2209 = STYLED_ITEM ( 'NONE', ( #4368 ), #8020 ) ;
#2210 = CARTESIAN_POINT ( 'NONE',  ( 70.99999999999998600, 4.234711976998479300, 3.210000000000000000 ) ) ;
#2211 = DIRECTION ( 'NONE',  ( -1.000000000000000000, 5.782411586589351700E-016, -0.0000000000000000000 ) ) ;
#2212 = DIRECTION ( 'NONE',  ( 1.000000000000000000, 0.0000000000000000000, 0.0000000000000000000 ) ) ;
#2213 = CIRCLE ( 'NONE', #8306, 1.000000000000000900 ) ;
#2214 = ADVANCED_FACE ( 'NONE', ( #1944 ), #3790, .F. ) ;
#2215 = PRODUCT_DEFINITION_FORMATION_WITH_SPECIFIED_SOURCE ( 'ANY', '', #1208, .NOT_KNOWN. ) ;
#2216 = ORIENTED_EDGE ( 'NONE', *, *, #1631, .F. ) ;
#2217 = DIRECTION ( 'NONE',  ( 1.000000000000000000, 0.0000000000000000000, 0.0000000000000000000 ) ) ;
#2218 = CARTESIAN_POINT ( 'NONE',  ( 5.774999999999995900, -7.609251737371577800E-015, 1.100000000000000300 ) ) ;
#2219 = DIRECTION ( 'NONE',  ( 0.0000000000000000000, 0.0000000000000000000, 1.000000000000000000 ) ) ;
#2220 = DIRECTION ( 'NONE',  ( 0.0000000000000000000, 0.0000000000000000000, 1.000000000000000000 ) ) ;
#2221 = EDGE_CURVE ( 'NONE', #8416, #1992, #6434, .T. ) ;
#2222 = CARTESIAN_POINT ( 'NONE',  ( 126.6499999999999900, 1.230145864403846900E-014, -1.600000000000000100 ) ) ;
#2223 = DIRECTION ( 'NONE',  ( -1.000000000000000000, -0.0000000000000000000, -0.0000000000000000000 ) ) ;
#2224 = ORIENTED_EDGE ( 'NONE', *, *, #1531, .T. ) ;
#2225 = PLANE ( 'NONE',  #7651 ) ;
#2226 = ORIENTED_EDGE ( 'NONE', *, *, #948, .T. ) ;
#2227 = VECTOR ( 'NONE', #5335, 1000.000000000000000 ) ;
#2228 = DIRECTION ( 'NONE',  ( 1.000000000000000000, -0.0000000000000000000, -0.0000000000000000000 ) ) ;
#2229 = CARTESIAN_POINT ( 'NONE',  ( 50.99999999999998600, -1.109912396112636900E-015, -3.800000000000000300 ) ) ;
#2230 = DIRECTION ( 'NONE',  ( -0.0000000000000000000, -1.000000000000000000, -1.297076659421812200E-016 ) ) ;
#2231 = VERTEX_POINT ( 'NONE', #3664 ) ;
#2232 = VERTEX_POINT ( 'NONE', #1646 ) ;
#2233 = LINE ( 'NONE', #2953, #6027 ) ;
#2234 = EDGE_CURVE ( 'NONE', #2132, #3082, #3384, .T. ) ;
#2235 = AXIS2_PLACEMENT_3D ( 'NONE', #806, #4898, #7072 ) ;
#2236 = PRODUCT_DEFINITION_SHAPE ( 'NONE', 'NONE',  #9089 ) ;
#2237 = DIRECTION ( 'NONE',  ( 0.0000000000000000000, 0.0000000000000000000, -1.000000000000000000 ) ) ;
#2238 = ORIENTED_EDGE ( 'NONE', *, *, #213, .F. ) ;
#2239 =( REPRESENTATION_RELATIONSHIP ('NONE','NONE', #6135, #6228 ) REPRESENTATION_RELATIONSHIP_WITH_TRANSFORMATION ( #4391 )SHAPE_REPRESENTATION_RELATIONSHIP( ) );
#2240 = DIRECTION ( 'NONE',  ( -1.000000000000000000, 0.0000000000000000000, 0.0000000000000000000 ) ) ;
#2241 = ORIENTED_EDGE ( 'NONE', *, *, #4089, .T. ) ;
#2242 = DIRECTION ( 'NONE',  ( 0.0000000000000000000, 0.0000000000000000000, 1.000000000000000000 ) ) ;
#2243 = LINE ( 'NONE', #5203, #1465 ) ;
#2244 = ORIENTED_EDGE ( 'NONE', *, *, #7032, .F. ) ;
#2245 = VECTOR ( 'NONE', #2139, 1000.000000000000000 ) ;
#2246 = VECTOR ( 'NONE', #3169, 1000.000000000000100 ) ;
#2247 = CARTESIAN_POINT ( 'NONE',  ( -67.97499999999999400, 0.3999999999999917000, 2.250000000000000000 ) ) ;
#2248 = CARTESIAN_POINT ( 'NONE',  ( 75.64999999999997700, 6.109871743001496300E-015, -1.600000000000000100 ) ) ;
#2249 = EDGE_CURVE ( 'NONE', #3529, #7818, #2620, .T. ) ;
#2250 = PRODUCT_DEFINITION_SHAPE ( 'NONE', 'NONE',  #9187 ) ;
#2251 = LINE ( 'NONE', #3093, #6959 ) ;
#2252 = ORIENTED_EDGE ( 'NONE', *, *, #4009, .T. ) ;
#2253 = VECTOR ( 'NONE', #813, 1000.000000000000000 ) ;
#2254 = VECTOR ( 'NONE', #1798, 1000.000000000000000 ) ;
#2255 =( REPRESENTATION_RELATIONSHIP ('NONE','NONE', #6135, #6228 ) REPRESENTATION_RELATIONSHIP_WITH_TRANSFORMATION ( #3061 )SHAPE_REPRESENTATION_RELATIONSHIP( ) );
#2256 = EDGE_LOOP ( 'NONE', ( #5736, #2486, #5098, #5103 ) ) ;
#2257 = AXIS2_PLACEMENT_3D ( 'NONE', #7756, #3428, #3011 ) ;
#2258 = CONTEXT_DEPENDENT_SHAPE_REPRESENTATION ( #5491, #8639 ) ;
#2259 = VERTEX_POINT ( 'NONE', #8019 ) ;
#2260 = CONTEXT_DEPENDENT_SHAPE_REPRESENTATION ( #5773, #4404 ) ;
#2261 = CARTESIAN_POINT ( 'NONE',  ( -68.20000000000001700, 0.3999999999999915300, -2.750000000000008900 ) ) ;
#2262 = LINE ( 'NONE', #8444, #3123 ) ;
#2263 = CARTESIAN_POINT ( 'NONE',  ( 67.29999999999998300, 2.550000000000016300, 1.250000000000000000 ) ) ;
#2264 = ADVANCED_FACE ( 'NONE', ( #1078 ), #1573, .F. ) ;
#2265 = AXIS2_PLACEMENT_3D ( 'NONE', #1711, #8173, #2498 ) ;
#2266 = ITEM_DEFINED_TRANSFORMATION ( 'NONE', 'NONE', #8943,  #7076 ) ;
#2267 = EDGE_LOOP ( 'NONE', ( #7895, #4542, #4203, #1085 ) ) ;
#2268 = ITEM_DEFINED_TRANSFORMATION ( 'NONE', 'NONE', #2272,  #7076 ) ;
#2269 = DIRECTION ( 'NONE',  ( -1.000000000000000000, 0.0000000000000000000, 0.0000000000000000000 ) ) ;
#2270 = CARTESIAN_POINT ( 'NONE',  ( 64.29999999999999700, 9.167771687820288000, -1.249999999999998700 ) ) ;
#2271 = CIRCLE ( 'NONE', #8379, 1.000000000000000900 ) ;
#2272 = AXIS2_PLACEMENT_3D ( 'NONE', #4778, #7620, #3228 ) ;
#2273 =( REPRESENTATION_RELATIONSHIP ('NONE','NONE', #6135, #6228 ) REPRESENTATION_RELATIONSHIP_WITH_TRANSFORMATION ( #5935 )SHAPE_REPRESENTATION_RELATIONSHIP( ) );
#2274 = ORIENTED_EDGE ( 'NONE', *, *, #1183, .F. ) ;
#2275 = CARTESIAN_POINT ( 'NONE',  ( 69.17499999999999700, 2.450907727942585600E-017, 0.0000000000000000000 ) ) ;
#2276 = DIRECTION ( 'NONE',  ( -1.000000000000000000, -2.602085213965208300E-015, 0.0000000000000000000 ) ) ;
#2277 = AXIS2_PLACEMENT_3D ( 'NONE', #2210, #5180, #8769 ) ;
#2278 = EDGE_CURVE ( 'NONE', #739, #6407, #5536, .T. ) ;
#2279 = CARTESIAN_POINT ( 'NONE',  ( 73.94999999999998900, 5.903485512966931100E-015, -1.600000000000000100 ) ) ;
#2280 = CIRCLE ( 'NONE', #5486, 1.000000000000000900 ) ;
#2281 = CONTEXT_DEPENDENT_SHAPE_REPRESENTATION ( #6342, #664 ) ;
#2282 = EDGE_LOOP ( 'NONE', ( #5531, #8382, #26, #6575 ) ) ;
#2283 = VERTEX_POINT ( 'NONE', #4212 ) ;
#2284 = CARTESIAN_POINT ( 'NONE',  ( 99.44999999999998900, 8.999278963485416200E-015, -1.600000000000000100 ) ) ;
#2285 = CARTESIAN_POINT ( 'NONE',  ( 5.374999999999996400, -7.695009295904850000E-015, 0.9000000000000002400 ) ) ;
#2286 = VECTOR ( 'NONE', #309, 1000.000000000000000 ) ;
#2287 = CARTESIAN_POINT ( 'NONE',  ( -65.75000000000000000, 19.29999999999982300, 3.210000000000000000 ) ) ;
#2288 = VERTEX_POINT ( 'NONE', #8729 ) ;
#2289 = CONTEXT_DEPENDENT_SHAPE_REPRESENTATION ( #8334, #8593 ) ;
#2290 = EDGE_CURVE ( 'NONE', #2110, #6142, #8589, .T. ) ;
#2291 = ORIENTED_EDGE ( 'NONE', *, *, #3534, .T. ) ;
#2292 = CARTESIAN_POINT ( 'NONE',  ( 5.374999999999996400, -1.000000000000007800, -1.099999999999999900 ) ) ;
#2293 = LINE ( 'NONE', #3043, #8245 ) ;
#2294 = EDGE_LOOP ( 'NONE', ( #8689, #3833, #5033, #6105, #5417, #6216, #624, #816, #3700, #350, #8040, #4457 ) ) ;
#2295 = CARTESIAN_POINT ( 'NONE',  ( 68.20000000000001700, 6.450000000000001100, -3.249999999999990700 ) ) ;
#2296 = EDGE_CURVE ( 'NONE', #7777, #1619, #385, .T. ) ;
#2297 = VERTEX_POINT ( 'NONE', #6730 ) ;
#2298 = PLANE ( 'NONE',  #8933 ) ;
#2299 = CARTESIAN_POINT ( 'NONE',  ( 68.77500000000000600, -1.000000000000000000, 1.250000000000000200 ) ) ;
#2300 = EDGE_CURVE ( 'NONE', #4021, #1612, #5976, .T. ) ;
#2301 = DIRECTION ( 'NONE',  ( 0.0000000000000000000, 0.0000000000000000000, 1.000000000000000000 ) ) ;
#2302 = AXIS2_PLACEMENT_3D ( 'NONE', #2979, #2228, #6617 ) ;
#2303 = LINE ( 'NONE', #1306, #633 ) ;
#2304 = PRODUCT_DEFINITION_SHAPE ( 'NONE', 'NONE',  #9158 ) ;
#2305 = ORIENTED_EDGE ( 'NONE', *, *, #3646, .T. ) ;
#2306 = CONTEXT_DEPENDENT_SHAPE_REPRESENTATION ( #893, #4878 ) ;
#2307 = ADVANCED_FACE ( 'NONE', ( #8236 ), #346, .T. ) ;
#2308 = DIRECTION ( 'NONE',  ( 1.225453863971292700E-016, -1.000000000000000000, -0.0000000000000000000 ) ) ;
#2309 = ORIENTED_EDGE ( 'NONE', *, *, #8697, .F. ) ;
#2310 = PRODUCT_DEFINITION_SHAPE ( 'NONE', 'NONE',  #9233 ) ;
#2311 = CARTESIAN_POINT ( 'NONE',  ( 47.59999999999999400, 5.778814440967839000E-015, 0.0000000000000000000 ) ) ;
#2312 = VECTOR ( 'NONE', #998, 1000.000000000000000 ) ;
#2313 =( REPRESENTATION_RELATIONSHIP ('NONE','NONE', #6135, #6228 ) REPRESENTATION_RELATIONSHIP_WITH_TRANSFORMATION ( #7554 )SHAPE_REPRESENTATION_RELATIONSHIP( ) );
#2314 = ORIENTED_EDGE ( 'NONE', *, *, #5294, .T. ) ;
#2315 = DIRECTION ( 'NONE',  ( -1.000000000000000000, -1.214036647262151200E-016, 1.215927670077200900E-016 ) ) ;
#2316 = CARTESIAN_POINT ( 'NONE',  ( 70.99999999999998600, 10.60000000000000000, -3.249999999999990700 ) ) ;
#2317 = PRODUCT_DEFINITION_SHAPE ( 'NONE', 'NONE',  #9297 ) ;
#2318 = DIRECTION ( 'NONE',  ( 1.000000000000000000, 1.225453863971292700E-016, -0.0000000000000000000 ) ) ;
#2319 = ORIENTED_EDGE ( 'NONE', *, *, #8478, .T. ) ;
#2320 = VECTOR ( 'NONE', #8687, 1000.000000000000000 ) ;
#2321 = ORIENTED_EDGE ( 'NONE', *, *, #6583, .F. ) ;
#2322 = CONTEXT_DEPENDENT_SHAPE_REPRESENTATION ( #7953, #2801 ) ;
#2323 = PRODUCT_DEFINITION_SHAPE ( 'NONE', 'NONE',  #9302 ) ;
#2324 = AXIS2_PLACEMENT_3D ( 'NONE', #398, #3874, #5402 ) ;
#2325 = CARTESIAN_POINT ( 'NONE',  ( 67.50000000000000000, 20.09999999999983400, 3.210000000000000000 ) ) ;
#2326 = CARTESIAN_POINT ( 'NONE',  ( -69.20000000000001700, 6.449999999999983300, -3.249999999999990700 ) ) ;
#2327 = VERTEX_POINT ( 'NONE', #4656 ) ;
#2328 = EDGE_CURVE ( 'NONE', #1945, #7599, #6213, .T. ) ;
#2329 =( LENGTH_UNIT ( ) NAMED_UNIT ( * ) SI_UNIT ( .MILLI., .METRE. ) );
#2330 = DIRECTION ( 'NONE',  ( 0.0000000000000000000, 0.9974221446084792200, 0.07175698882075430600 ) ) ;
#2331 = DIRECTION ( 'NONE',  ( -1.000000000000000000, 0.0000000000000000000, 0.0000000000000000000 ) ) ;
#2332 = ORIENTED_EDGE ( 'NONE', *, *, #6418, .T. ) ;
#2333 = VECTOR ( 'NONE', #5083, 1000.000000000000000 ) ;
#2334 = CARTESIAN_POINT ( 'NONE',  ( 69.20000000000001700, 6.450000000000001100, -1.500000000000000000 ) ) ;
#2335 = AXIS2_PLACEMENT_3D ( 'NONE', #8568, #666, #6518 ) ;
#2336 = ORIENTED_EDGE ( 'NONE', *, *, #6498, .T. ) ;
#2337 = ORIENTED_EDGE ( 'NONE', *, *, #1238, .T. ) ;
#2338 = VECTOR ( 'NONE', #8714, 1000.000000000000000 ) ;
#2339 = DIRECTION ( 'NONE',  ( 0.0000000000000000000, 0.0000000000000000000, 1.000000000000000000 ) ) ;
#2340 = EDGE_CURVE ( 'NONE', #7172, #1427, #6314, .T. ) ;
#2341 =( REPRESENTATION_RELATIONSHIP ('NONE','NONE', #6135, #6228 ) REPRESENTATION_RELATIONSHIP_WITH_TRANSFORMATION ( #7480 )SHAPE_REPRESENTATION_RELATIONSHIP( ) );
#2342 = VERTEX_POINT ( 'NONE', #5278 ) ;
#2343 = CARTESIAN_POINT ( 'NONE',  ( 6.574999999999999300, 0.4000000000000008500, -2.250000000000000000 ) ) ;
#2344 = VERTEX_POINT ( 'NONE', #6893 ) ;
#2345 = DIRECTION ( 'NONE',  ( 1.000000000000000000, 0.0000000000000000000, -0.0000000000000000000 ) ) ;
#2346 = LINE ( 'NONE', #936, #5931 ) ;
#2347 = VECTOR ( 'NONE', #2230, 1000.000000000000000 ) ;
#2348 = PRODUCT_DEFINITION_SHAPE ( 'NONE', 'NONE',  #9064 ) ;
#2349 = DIRECTION ( 'NONE',  ( 0.0000000000000000000, 0.0000000000000000000, 1.000000000000000000 ) ) ;
#2350 = CONTEXT_DEPENDENT_SHAPE_REPRESENTATION ( #708, #1138 ) ;
#2351 = EDGE_CURVE ( 'NONE', #2327, #5809, #4075, .T. ) ;
#2352 = FACE_OUTER_BOUND ( 'NONE', #3256, .T. ) ;
#2353 = PRODUCT_DEFINITION_SHAPE ( 'NONE', 'NONE',  #9087 ) ;
#2354 = ORIENTED_EDGE ( 'NONE', *, *, #2733, .F. ) ;
#2355 = AXIS2_PLACEMENT_3D ( 'NONE', #5924, #5814, #5475 ) ;
#2356 = LINE ( 'NONE', #3551, #8307 ) ;
#2357 = LINE ( 'NONE', #5110, #5246 ) ;
#2358 = DIRECTION ( 'NONE',  ( -0.0000000000000000000, -0.0000000000000000000, -1.000000000000000000 ) ) ;
#2359 = DIRECTION ( 'NONE',  ( 1.000000000000000000, -0.0000000000000000000, -0.0000000000000000000 ) ) ;
#2360 = DIRECTION ( 'NONE',  ( -1.000000000000000000, 0.0000000000000000000, 0.0000000000000000000 ) ) ;
#2361 = DIRECTION ( 'NONE',  ( 0.0000000000000000000, 0.3338068592337647400, 0.9426414910921806500 ) ) ;
#2362 =( REPRESENTATION_RELATIONSHIP ('NONE','NONE', #6135, #6228 ) REPRESENTATION_RELATIONSHIP_WITH_TRANSFORMATION ( #3034 )SHAPE_REPRESENTATION_RELATIONSHIP( ) );
#2363 = DIRECTION ( 'NONE',  ( -1.000000000000000000, 0.0000000000000000000, -0.0000000000000000000 ) ) ;
#2364 = DIRECTION ( 'NONE',  ( 1.000000000000000000, 0.0000000000000000000, 0.0000000000000000000 ) ) ;
#2365 = CONTEXT_DEPENDENT_SHAPE_REPRESENTATION ( #3592, #7416 ) ;
#2366 = CARTESIAN_POINT ( 'NONE',  ( 70.99999999999998600, 2.550000000000016300, 1.250000000000000000 ) ) ;
#2367 = VECTOR ( 'NONE', #2773, 1000.000000000000000 ) ;
#2368 = LINE ( 'NONE', #6246, #4272 ) ;
#2369 = DIRECTION ( 'NONE',  ( 1.000000000000000000, -0.0000000000000000000, -0.0000000000000000000 ) ) ;
#2370 = EDGE_CURVE ( 'NONE', #8284, #6776, #1190, .T. ) ;
#2371 = ORIENTED_EDGE ( 'NONE', *, *, #5819, .T. ) ;
#2372 = AXIS2_PLACEMENT_3D ( 'NONE', #3679, #8736, #7878 ) ;
#2373 = CONTEXT_DEPENDENT_SHAPE_REPRESENTATION ( #1271, #4853 ) ;
#2374 = CARTESIAN_POINT ( 'NONE',  ( 33.14999999999999100, 9.502159921373537600E-016, -1.600000000000000100 ) ) ;
#2375 = PRODUCT_DEFINITION_SHAPE ( 'NONE', 'NONE',  #9028 ) ;
#2376 = LINE ( 'NONE', #4761, #5946 ) ;
#2377 = ITEM_DEFINED_TRANSFORMATION ( 'NONE', 'NONE', #4596,  #7076 ) ;
#2378 = ORIENTED_EDGE ( 'NONE', *, *, #8111, .T. ) ;
#2379 = AXIS2_PLACEMENT_3D ( 'NONE', #3960, #5445, #6093 ) ;
#2380 = ORIENTED_EDGE ( 'NONE', *, *, #2816, .F. ) ;
#2381 = DIRECTION ( 'NONE',  ( 0.0000000000000000000, 0.0000000000000000000, 1.000000000000000000 ) ) ;
#2382 = CONTEXT_DEPENDENT_SHAPE_REPRESENTATION ( #1729, #6522 ) ;
#2383 = FACE_OUTER_BOUND ( 'NONE', #8990, .T. ) ;
#2384 = CARTESIAN_POINT ( 'NONE',  ( 101.9999999999999900, 5.081674504924333600E-015, -3.800000000000000300 ) ) ;
#2385 = CARTESIAN_POINT ( 'NONE',  ( 5.374999999999991100, -7.987830873687331600E-015, -1.099999999999999900 ) ) ;
#2386 = EDGE_LOOP ( 'NONE', ( #4192, #5549, #4012, #5091, #5798, #5019 ) ) ;
#2387 = PRODUCT_DEFINITION_SHAPE ( 'NONE', 'NONE',  #9092 ) ;
#2388 = CARTESIAN_POINT ( 'NONE',  ( 66.87500000000009900, 2.400000000000013200, -0.7900000000000081400 ) ) ;
#2389 = DIRECTION ( 'NONE',  ( 1.000000000000000000, 0.0000000000000000000, 0.0000000000000000000 ) ) ;
#2390 = CARTESIAN_POINT ( 'NONE',  ( 106.2499999999999900, 2.523324586474071100E-015, -5.400000000000000400 ) ) ;
#2391 =( NAMED_UNIT ( * ) SI_UNIT ( $, .STERADIAN. ) SOLID_ANGLE_UNIT ( ) );
#2392 = CARTESIAN_POINT ( 'NONE',  ( -64.29999999999999700, 6.299999999999984700, -3.249999999999990700 ) ) ;
#2393 = AXIS2_PLACEMENT_3D ( 'NONE', #2390, #7079, #5634 ) ;
#2394 = COLOUR_RGB ( '',1.000000000000000000, 1.000000000000000000, 0.9254901960784314200 ) ;
#2395 =( REPRESENTATION_RELATIONSHIP ('NONE','NONE', #6135, #6228 ) REPRESENTATION_RELATIONSHIP_WITH_TRANSFORMATION ( #3952 )SHAPE_REPRESENTATION_RELATIONSHIP( ) );
#2396 = PRODUCT_DEFINITION_SHAPE ( 'NONE', 'NONE',  #9032 ) ;
#2397 = ORIENTED_EDGE ( 'NONE', *, *, #2642, .F. ) ;
#2398 = DIRECTION ( 'NONE',  ( -0.0000000000000000000, -0.0000000000000000000, 1.000000000000000000 ) ) ;
#2399 = EDGE_CURVE ( 'NONE', #7487, #5305, #4638, .T. ) ;
#2400 = CONTEXT_DEPENDENT_SHAPE_REPRESENTATION ( #6655, #4257 ) ;
#2401 = VECTOR ( 'NONE', #1979, 1000.000000000000000 ) ;
#2402 = ORIENTED_EDGE ( 'NONE', *, *, #7798, .F. ) ;
#2403 = DIRECTION ( 'NONE',  ( 1.000000000000000000, 0.0000000000000000000, 0.0000000000000000000 ) ) ;
#2404 = DIRECTION ( 'NONE',  ( 1.000000000000000000, 0.0000000000000000000, 0.0000000000000000000 ) ) ;
#2405 =( REPRESENTATION_RELATIONSHIP ('NONE','NONE', #6135, #6228 ) REPRESENTATION_RELATIONSHIP_WITH_TRANSFORMATION ( #3616 )SHAPE_REPRESENTATION_RELATIONSHIP( ) );
#2406 = VERTEX_POINT ( 'NONE', #4744 ) ;
#2407 = CARTESIAN_POINT ( 'NONE',  ( -69.25000000000000000, 20.09999999999984200, 3.210000000000000000 ) ) ;
#2408 = PLANE ( 'NONE',  #8000 ) ;
#2409 = FACE_OUTER_BOUND ( 'NONE', #3832, .T. ) ;
#2410 = EDGE_CURVE ( 'NONE', #6206, #1076, #1286, .T. ) ;
#2411 = ORIENTED_EDGE ( 'NONE', *, *, #5028, .F. ) ;
#2412 = CARTESIAN_POINT ( 'NONE',  ( 118.1499999999999800, 1.126952749386563800E-014, -1.600000000000000100 ) ) ;
#2413 = ITEM_DEFINED_TRANSFORMATION ( 'NONE', 'NONE', #7585,  #7076 ) ;
#2414 = CARTESIAN_POINT ( 'NONE',  ( -64.79999999999999700, 16.79999999999983700, -3.210000000000000000 ) ) ;
#2415 = CARTESIAN_POINT ( 'NONE',  ( 72.99999999999998600, 14.79999999999983600, -1.250000000000000200 ) ) ;
#2416 = VECTOR ( 'NONE', #4346, 1000.000000000000000 ) ;
#2417 = EDGE_CURVE ( 'NONE', #8360, #2179, #2182, .T. ) ;
#2418 = PLANE ( 'NONE',  #7780 ) ;
#2419 = VERTEX_POINT ( 'NONE', #4618 ) ;
#2420 = DIRECTION ( 'NONE',  ( 0.0000000000000000000, 0.0000000000000000000, -1.000000000000000000 ) ) ;
#2421 = CARTESIAN_POINT ( 'NONE',  ( 71.10219790857384200, 15.44954889085436500, -1.340927669639338000 ) ) ;
#2422 = FACE_OUTER_BOUND ( 'NONE', #2728, .T. ) ;
#2423 = EDGE_CURVE ( 'NONE', #74, #7757, #846, .T. ) ;
#2424 = DIRECTION ( 'NONE',  ( -0.0000000000000000000, -0.0000000000000000000, 1.000000000000000000 ) ) ;
#2425 = AXIS2_PLACEMENT_3D ( 'NONE', #5847, #7316, #3612 ) ;
#2426 = CARTESIAN_POINT ( 'NONE',  ( 88.39999999999999100, 1.073208396179741600E-014, 0.0000000000000000000 ) ) ;
#2427 = CARTESIAN_POINT ( 'NONE',  ( -69.17499999999999700, -1.670891309726976700E-014, 1.100000000000000300 ) ) ;
#2428 = LINE ( 'NONE', #1054, #1213 ) ;
#2429 = ORIENTED_EDGE ( 'NONE', *, *, #3932, .F. ) ;
#2430 = DIRECTION ( 'NONE',  ( 0.0000000000000000000, 0.0000000000000000000, 1.000000000000000000 ) ) ;
#2431 = DIRECTION ( 'NONE',  ( 0.0000000000000000000, -0.0000000000000000000, -1.000000000000000000 ) ) ;
#2432 = AXIS2_PLACEMENT_3D ( 'NONE', #4211, #5527, #7715 ) ;
#2433 = DIRECTION ( 'NONE',  ( 0.0000000000000000000, 0.0000000000000000000, 1.000000000000000000 ) ) ;
#2434 = VECTOR ( 'NONE', #4351, 1000.000000000000000 ) ;
#2435 = ORIENTED_EDGE ( 'NONE', *, *, #6749, .T. ) ;
#2436 = DIRECTION ( 'NONE',  ( 0.0000000000000000000, 0.0000000000000000000, 1.000000000000000000 ) ) ;
#2437 = AXIS2_PLACEMENT_3D ( 'NONE', #914, #3720, #5213 ) ;
#2438 = CARTESIAN_POINT ( 'NONE',  ( 68.77500000000000600, -3.779999999999991400, 0.8999999999999998000 ) ) ;
#2439 = DIRECTION ( 'NONE',  ( 1.000000000000000000, 0.0000000000000000000, 0.0000000000000000000 ) ) ;
#2440 = EDGE_LOOP ( 'NONE', ( #4428, #7461, #5374, #7328, #5951, #8248 ) ) ;
#2441 = AXIS2_PLACEMENT_3D ( 'NONE', #4652, #3250, #3917 ) ;
#2442 = EDGE_LOOP ( 'NONE', ( #7717, #2495, #8226, #7393, #7260, #5455, #5619, #6141 ) ) ;
#2443 = PRODUCT_DEFINITION_SHAPE ( 'NONE', 'NONE',  #9140 ) ;
#2444 = DIRECTION ( 'NONE',  ( -0.0000000000000000000, 0.0000000000000000000, -1.000000000000000000 ) ) ;
#2445 = DIRECTION ( 'NONE',  ( 0.0000000000000000000, -1.000000000000000000, -1.147303886228049800E-016 ) ) ;
#2446 = AXIS2_PLACEMENT_3D ( 'NONE', #2711, #5760, #4129 ) ;
#2447 = EDGE_CURVE ( 'NONE', #5388, #1970, #1719, .T. ) ;
#2448 = FILL_AREA_STYLE_COLOUR ( '', #312 ) ;
#2449 = DIRECTION ( 'NONE',  ( 0.0000000000000000000, 1.000000000000000000, 0.0000000000000000000 ) ) ;
#2450 = DIRECTION ( 'NONE',  ( 0.0000000000000000000, -0.0000000000000000000, -1.000000000000000000 ) ) ;
#2451 = EDGE_LOOP ( 'NONE', ( #2760, #8503, #8626, #789 ) ) ;
#2452 = ADVANCED_FACE ( 'NONE', ( #4804 ), #5315, .F. ) ;
#2453 = ORIENTED_EDGE ( 'NONE', *, *, #807, .F. ) ;
#2454 = LINE ( 'NONE', #5906, #4127 ) ;
#2455 = PRODUCT_DEFINITION_SHAPE ( 'NONE', 'NONE',  #9221 ) ;
#2456 = DIRECTION ( 'NONE',  ( 1.000000000000000000, 0.0000000000000000000, -0.0000000000000000000 ) ) ;
#2457 = VERTEX_POINT ( 'NONE', #6324 ) ;
#2458 = PRODUCT_DEFINITION_SHAPE ( 'NONE', 'NONE',  #9252 ) ;
#2460 = ORIENTED_EDGE ( 'NONE', *, *, #8178, .F. ) ;
#2459 = CARTESIAN_POINT ( 'NONE',  ( 61.19999999999999600, 7.429904281244364500E-015, 0.0000000000000000000 ) ) ;
#2461 = ORIENTED_EDGE ( 'NONE', *, *, #6115, .F. ) ;
#2462 = FACE_OUTER_BOUND ( 'NONE', #65, .T. ) ;
#2463 = FACE_OUTER_BOUND ( 'NONE', #3760, .T. ) ;
#2464 = CARTESIAN_POINT ( 'NONE',  ( 46.74999999999999300, 2.601305832413878900E-015, -1.600000000000000100 ) ) ;
#2465 = EDGE_CURVE ( 'NONE', #1782, #8788, #7235, .T. ) ;
#2466 = LINE ( 'NONE', #1185, #1582 ) ;
#2467 = DIRECTION ( 'NONE',  ( -3.469446951953605400E-014, -1.000000000000000000, 0.0000000000000000000 ) ) ;
#2468 = CONTEXT_DEPENDENT_SHAPE_REPRESENTATION ( #6329, #2742 ) ;
#2469 = LINE ( 'NONE', #6066, #6619 ) ;
#2470 = ORIENTED_EDGE ( 'NONE', *, *, #6429, .T. ) ;
#2471 = CARTESIAN_POINT ( 'NONE',  ( 107.9499999999999900, 1.003121011365824500E-014, -1.600000000000000100 ) ) ;
#2472 = LINE ( 'NONE', #8057, #578 ) ;
#2473 = VECTOR ( 'NONE', #2910, 1000.000000000000000 ) ;
#2474 = VERTEX_POINT ( 'NONE', #5621 ) ;
#2475 = EDGE_CURVE ( 'NONE', #4418, #7911, #8702, .T. ) ;
#2476 = AXIS2_PLACEMENT_3D ( 'NONE', #2079, #4426, #116 ) ;
#2477 = ITEM_DEFINED_TRANSFORMATION ( 'NONE', 'NONE', #845,  #7076 ) ;
#2478 = ITEM_DEFINED_TRANSFORMATION ( 'NONE', 'NONE', #8457,  #7076 ) ;
#2479 = DIRECTION ( 'NONE',  ( -0.0000000000000000000, -0.0000000000000000000, 1.000000000000000000 ) ) ;
#2480 = DIRECTION ( 'NONE',  ( -0.0000000000000000000, -0.0000000000000000000, 1.000000000000000000 ) ) ;
#2481 = VECTOR ( 'NONE', #2824, 1000.000000000000000 ) ;
#2482 =( NAMED_UNIT ( * ) PLANE_ANGLE_UNIT ( ) SI_UNIT ( $, .RADIAN. ) );
#2483 = CARTESIAN_POINT ( 'NONE',  ( -67.50000000000000000, 20.09999999999983400, -3.210000000000000000 ) ) ;
#2484 = ORIENTED_EDGE ( 'NONE', *, *, #5942, .F. ) ;
#2485 =( REPRESENTATION_RELATIONSHIP ('NONE','NONE', #6135, #6228 ) REPRESENTATION_RELATIONSHIP_WITH_TRANSFORMATION ( #6985 )SHAPE_REPRESENTATION_RELATIONSHIP( ) );
#2486 = ORIENTED_EDGE ( 'NONE', *, *, #4570, .F. ) ;
#2487 = DIRECTION ( 'NONE',  ( 0.0000000000000000000, -1.000000000000000000, 0.0000000000000000000 ) ) ;
#2488 = DIRECTION ( 'NONE',  ( 1.000000000000000000, 0.0000000000000000000, 0.0000000000000000000 ) ) ;
#2489 = CARTESIAN_POINT ( 'NONE',  ( 71.00000000000001400, 20.89999999999983900, 3.210000000000000000 ) ) ;
#2490 = PRODUCT_DEFINITION_SHAPE ( 'NONE', 'NONE',  #9172 ) ;
#2491 = AXIS2_PLACEMENT_3D ( 'NONE', #1147, #504, #3351 ) ;
#2492 = ITEM_DEFINED_TRANSFORMATION ( 'NONE', 'NONE', #467,  #7076 ) ;
#2493 = ORIENTED_EDGE ( 'NONE', *, *, #7044, .T. ) ;
#2494 = CARTESIAN_POINT ( 'NONE',  ( 59.50000000000000000, 7.223518051209797700E-015, 0.0000000000000000000 ) ) ;
#2495 = ORIENTED_EDGE ( 'NONE', *, *, #2114, .F. ) ;
#2496 = DIRECTION ( 'NONE',  ( 0.0000000000000000000, 0.0000000000000000000, 1.000000000000000000 ) ) ;
#2497 =( REPRESENTATION_RELATIONSHIP ('NONE','NONE', #6135, #6228 ) REPRESENTATION_RELATIONSHIP_WITH_TRANSFORMATION ( #1633 )SHAPE_REPRESENTATION_RELATIONSHIP( ) );
#2498 = DIRECTION ( 'NONE',  ( -1.000000000000000000, 0.0000000000000000000, 0.0000000000000000000 ) ) ;
#2499 = VECTOR ( 'NONE', #966, 1000.000000000000000 ) ;
#2500 = CARTESIAN_POINT ( 'NONE',  ( 70.20000000000001700, 6.450000000000001100, 0.9249999999999978200 ) ) ;
#2501 = ADVANCED_FACE ( 'NONE', ( #5310 ), #4773, .F. ) ;
#2502 = AXIS2_PLACEMENT_3D ( 'NONE', #605, #1326, #2364 ) ;
#2503 = PLANE ( 'NONE',  #2545 ) ;
#2504 = EDGE_LOOP ( 'NONE', ( #6899, #4825, #1120, #8530 ) ) ;
#2505 = DIRECTION ( 'NONE',  ( 1.000000000000000000, 0.0000000000000000000, 0.0000000000000000000 ) ) ;
#2506 = CONTEXT_DEPENDENT_SHAPE_REPRESENTATION ( #5918, #7275 ) ;
#2507 = EDGE_CURVE ( 'NONE', #2596, #5593, #7899, .T. ) ;
#2508 = LINE ( 'NONE', #6697, #7670 ) ;
#2509 = VERTEX_POINT ( 'NONE', #4996 ) ;
#2510 = EDGE_CURVE ( 'NONE', #736, #7285, #2870, .T. ) ;
#2511 = ORIENTED_EDGE ( 'NONE', *, *, #8178, .T. ) ;
#2512 = CARTESIAN_POINT ( 'NONE',  ( 68.77500000000000600, -2.184533761093347500E-016, 0.8999999999999998000 ) ) ;
#2513 = CARTESIAN_POINT ( 'NONE',  ( -64.29999999999999700, 19.29999999999983000, 3.210000000000000000 ) ) ;
#2514 = AXIS2_PLACEMENT_3D ( 'NONE', #3418, #8471, #4195 ) ;
#2515 =( REPRESENTATION_RELATIONSHIP ('NONE','NONE', #6135, #6228 ) REPRESENTATION_RELATIONSHIP_WITH_TRANSFORMATION ( #5403 )SHAPE_REPRESENTATION_RELATIONSHIP( ) );
#2516 = CARTESIAN_POINT ( 'NONE',  ( 64.29999999999999700, 6.299999999999999800, -3.249999999999990700 ) ) ;
#2517 = LINE ( 'NONE', #1553, #5435 ) ;
#2518 = DIRECTION ( 'NONE',  ( 1.000000000000000000, 0.0000000000000000000, 0.0000000000000000000 ) ) ;
#2519 = ORIENTED_EDGE ( 'NONE', *, *, #259, .T. ) ;
#2520 = ITEM_DEFINED_TRANSFORMATION ( 'NONE', 'NONE', #3056,  #7076 ) ;
#2521 = EDGE_CURVE ( 'NONE', #8182, #8608, #8809, .T. ) ;
#2522 = ORIENTED_EDGE ( 'NONE', *, *, #4864, .T. ) ;
#2523 = DIRECTION ( 'NONE',  ( 1.000000000000000000, 0.0000000000000000000, 0.0000000000000000000 ) ) ;
#2524 = VECTOR ( 'NONE', #5557, 1000.000000000000000 ) ;
#2525 = CARTESIAN_POINT ( 'NONE',  ( 58.64999999999999100, 4.046009442655838800E-015, -1.600000000000000100 ) ) ;
#2526 = ORIENTED_EDGE ( 'NONE', *, *, #2290, .F. ) ;
#2527 = PRODUCT_DEFINITION_SHAPE ( 'NONE', 'NONE',  #7631 ) ;
#2528 = DIRECTION ( 'NONE',  ( -0.0000000000000000000, 1.000000000000000000, -0.0000000000000000000 ) ) ;
#2529 = CARTESIAN_POINT ( 'NONE',  ( -69.99999999999998600, 3.234711976998478900, 0.9249999999999978200 ) ) ;
#2530 = EDGE_CURVE ( 'NONE', #1551, #5831, #3041, .T. ) ;
#2531 = CARTESIAN_POINT ( 'NONE',  ( -70.99999999999998600, 0.3999999999999913100, -3.249999999999990700 ) ) ;
#2532 = DIRECTION ( 'NONE',  ( 0.0000000000000000000, 0.0000000000000000000, 1.000000000000000000 ) ) ;
#2533 = AXIS2_PLACEMENT_3D ( 'NONE', #1107, #370, #1195 ) ;
#2534 = LINE ( 'NONE', #2668, #7365 ) ;
#2535 = ORIENTED_EDGE ( 'NONE', *, *, #7153, .F. ) ;
#2536 = DIRECTION ( 'NONE',  ( 0.0000000000000000000, 0.0000000000000000000, 1.000000000000000000 ) ) ;
#2537 = CARTESIAN_POINT ( 'NONE',  ( 69.99999999999998600, 3.234711976998492700, -0.9249999999999988200 ) ) ;
#2538 = DIRECTION ( 'NONE',  ( 0.0000000000000000000, -0.0000000000000000000, -1.000000000000000000 ) ) ;
#2539 = FACE_OUTER_BOUND ( 'NONE', #7577, .T. ) ;
#2540 = CARTESIAN_POINT ( 'NONE',  ( -71.02529845563394400, 15.15230718203025600, -1.269009157539881400 ) ) ;
#2541 = ORIENTED_EDGE ( 'NONE', *, *, #2743, .T. ) ;
#2542 = EDGE_CURVE ( 'NONE', #4112, #5041, #6773, .T. ) ;
#2543 =( REPRESENTATION_RELATIONSHIP ('NONE','NONE', #6135, #6228 ) REPRESENTATION_RELATIONSHIP_WITH_TRANSFORMATION ( #5632 )SHAPE_REPRESENTATION_RELATIONSHIP( ) );
#2544 = ADVANCED_FACE ( 'NONE', ( #8357 ), #692, .F. ) ;
#2545 = AXIS2_PLACEMENT_3D ( 'NONE', #5629, #2703, #569 ) ;
#2546 = CARTESIAN_POINT ( 'NONE',  ( 96.89999999999999100, 1.176401511197024500E-014, 0.0000000000000000000 ) ) ;
#2547 = DIRECTION ( 'NONE',  ( 0.0000000000000000000, -1.297076659421812200E-016, 1.000000000000000000 ) ) ;
#2548 = ORIENTED_EDGE ( 'NONE', *, *, #1963, .T. ) ;
#2549 = PLANE ( 'NONE',  #6068 ) ;
#2550 = ORIENTED_EDGE ( 'NONE', *, *, #7875, .F. ) ;
#2551 = VECTOR ( 'NONE', #817, 1000.000000000000000 ) ;
#2552 = AXIS2_PLACEMENT_3D ( 'NONE', #2525, #6191, #469 ) ;
#2553 = CARTESIAN_POINT ( 'NONE',  ( 6.275000000000001200, 2.399999999999971900, -0.7900000000000015900 ) ) ;
#2554 = ORIENTED_EDGE ( 'NONE', *, *, #5153, .T. ) ;
#2555 = ORIENTED_EDGE ( 'NONE', *, *, #4141, .T. ) ;
#2556 = FACE_OUTER_BOUND ( 'NONE', #2725, .T. ) ;
#2557 = DIRECTION ( 'NONE',  ( 0.0000000000000000000, 0.0000000000000000000, 1.000000000000000000 ) ) ;
#2558 = AXIS2_PLACEMENT_3D ( 'NONE', #2060, #2031, #4393 ) ;
#2559 = ORIENTED_EDGE ( 'NONE', *, *, #854, .T. ) ;
#2560 = DIRECTION ( 'NONE',  ( 1.000000000000000000, 0.0000000000000000000, 0.0000000000000000000 ) ) ;
#2561 = ORIENTED_EDGE ( 'NONE', *, *, #6666, .F. ) ;
#2562 = VECTOR ( 'NONE', #5451, 1000.000000000000100 ) ;
#2563 = LINE ( 'NONE', #3929, #5921 ) ;
#2564 = CARTESIAN_POINT ( 'NONE',  ( 72.12081501734775200, 16.61105519553129300, 2.340043898120685500 ) ) ;
#2565 = EDGE_CURVE ( 'NONE', #5324, #3663, #4307, .T. ) ;
#2566 = DIRECTION ( 'NONE',  ( 0.0000000000000000000, 0.0000000000000000000, 1.000000000000000000 ) ) ;
#2567 =( REPRESENTATION_RELATIONSHIP ('NONE','NONE', #6135, #6228 ) REPRESENTATION_RELATIONSHIP_WITH_TRANSFORMATION ( #5299 )SHAPE_REPRESENTATION_RELATIONSHIP( ) );
#2568 = CARTESIAN_POINT ( 'NONE',  ( 67.50000000000000000, 20.09999999999983400, 3.210000000000000000 ) ) ;
#2569 = ITEM_DEFINED_TRANSFORMATION ( 'NONE', 'NONE', #972,  #7076 ) ;
#2570 = VECTOR ( 'NONE', #2436, 1000.000000000000000 ) ;
#2571 = VERTEX_POINT ( 'NONE', #5804 ) ;
#2572 = VECTOR ( 'NONE', #5856, 1000.000000000000000 ) ;
#2573 = LINE ( 'NONE', #6719, #1800 ) ;
#2574 = LINE ( 'NONE', #3680, #7638 ) ;
#2575 = CARTESIAN_POINT ( 'NONE',  ( -70.99999999999998600, 2.550000000000016300, -1.250000000000000000 ) ) ;
#2576 = CARTESIAN_POINT ( 'NONE',  ( 69.20000000000001700, 6.450000000000001100, 2.500000000000000000 ) ) ;
#2577 = DIRECTION ( 'NONE',  ( -0.0000000000000000000, 1.000000000000000000, -3.441911658684148300E-016 ) ) ;
#2578 = CARTESIAN_POINT ( 'NONE',  ( 15.29999999999999900, 1.857476070311091100E-015, 0.0000000000000000000 ) ) ;
#2579 = ITEM_DEFINED_TRANSFORMATION ( 'NONE', 'NONE', #3199,  #7076 ) ;
#2580 = EDGE_CURVE ( 'NONE', #4594, #7467, #6897, .T. ) ;
#2581 =( REPRESENTATION_RELATIONSHIP ('NONE','NONE', #6135, #6228 ) REPRESENTATION_RELATIONSHIP_WITH_TRANSFORMATION ( #4520 )SHAPE_REPRESENTATION_RELATIONSHIP( ) );
#2582 = PLANE ( 'NONE',  #7542 ) ;
#2583 = FACE_OUTER_BOUND ( 'NONE', #6679, .T. ) ;
#2584 = CARTESIAN_POINT ( 'NONE',  ( 70.20000000000001700, 2.694222958124186400E-016, -2.750000000000008900 ) ) ;
#2585 = VERTEX_POINT ( 'NONE', #8460 ) ;
#2586 = ADVANCED_FACE ( 'NONE', ( #503 ), #1965, .F. ) ;
#2587 = PLANE ( 'NONE',  #6371 ) ;
#2588 = CARTESIAN_POINT ( 'NONE',  ( 5.374999999999996400, -3.779999999999998900, 1.049999999999999800 ) ) ;
#2589 = ITEM_DEFINED_TRANSFORMATION ( 'NONE', 'NONE', #3808,  #7076 ) ;
#2590 = EDGE_CURVE ( 'NONE', #3219, #1632, #731, .T. ) ;
#2591 = PRODUCT_DEFINITION_SHAPE ( 'NONE', 'NONE',  #9127 ) ;
#2592 = LINE ( 'NONE', #632, #6187 ) ;
#2593 = DIRECTION ( 'NONE',  ( 1.000000000000000000, 0.0000000000000000000, 0.0000000000000000000 ) ) ;
#2594 = ITEM_DEFINED_TRANSFORMATION ( 'NONE', 'NONE', #6890,  #7076 ) ;
#2595 = EDGE_CURVE ( 'NONE', #7371, #329, #495, .T. ) ;
#2596 = VERTEX_POINT ( 'NONE', #3290 ) ;
#2597 = CARTESIAN_POINT ( 'NONE',  ( 72.75000000000001400, 20.89999999999983900, 3.210000000000000000 ) ) ;
#2598 = STYLED_ITEM ( 'NONE', ( #1832 ), #2716 ) ;
#2599 = PRODUCT_DEFINITION_SHAPE ( 'NONE', 'NONE',  #9227 ) ;
#2600 = CARTESIAN_POINT ( 'NONE',  ( -74.50000000000000000, 20.29999999999983700, 3.210000000000000000 ) ) ;
#2601 = DIRECTION ( 'NONE',  ( 1.000000000000000000, 0.0000000000000000000, 0.0000000000000000000 ) ) ;
#2602 = DIRECTION ( 'NONE',  ( 3.965082230804126700E-015, -1.000000000000000000, 0.0000000000000000000 ) ) ;
#2603 = FACE_OUTER_BOUND ( 'NONE', #1171, .T. ) ;
#2604 = CARTESIAN_POINT ( 'NONE',  ( -68.20000000000001700, 6.450000000000001100, 0.9249999999999978200 ) ) ;
#2605 = ITEM_DEFINED_TRANSFORMATION ( 'NONE', 'NONE', #4476,  #7076 ) ;
#2606 = ORIENTED_EDGE ( 'NONE', *, *, #4643, .T. ) ;
#2607 = PRODUCT_DEFINITION_SHAPE ( 'NONE', 'NONE',  #9300 ) ;
#2608 = AXIS2_PLACEMENT_3D ( 'NONE', #7064, #592, #6976 ) ;
#2609 = CONTEXT_DEPENDENT_SHAPE_REPRESENTATION ( #8061, #2884 ) ;
#2610 = CARTESIAN_POINT ( 'NONE',  ( -67.29999999999998300, 7.100000000000000500, -1.500000000000000000 ) ) ;
#2611 = AXIS2_PLACEMENT_3D ( 'NONE', #777, #6627, #2330 ) ;
#2612 = VECTOR ( 'NONE', #4782, 1000.000000000000000 ) ;
#2613 = PRODUCT_DEFINITION_SHAPE ( 'NONE', 'NONE',  #9274 ) ;
#2614 = DIRECTION ( 'NONE',  ( 0.0000000000000000000, 0.0000000000000000000, 1.000000000000000000 ) ) ;
#2615 = ORIENTED_EDGE ( 'NONE', *, *, #147, .T. ) ;
#2616 = DIRECTION ( 'NONE',  ( 0.0000000000000000000, 0.0000000000000000000, 1.000000000000000000 ) ) ;
#2617 = EDGE_LOOP ( 'NONE', ( #8565, #6420, #4076, #7849 ) ) ;
#2618 = CARTESIAN_POINT ( 'NONE',  ( -68.44006579232149100, 7.100000000000000500, -3.249999999999990700 ) ) ;
#2619 = AXIS2_PLACEMENT_3D ( 'NONE', #5996, #3926, #1024 ) ;
#2620 = LINE ( 'NONE', #6584, #5756 ) ;
#2621 = CARTESIAN_POINT ( 'NONE',  ( 71.10219706805406800, 15.44954627373743400, 1.340926871602822900 ) ) ;
#2622 = VERTEX_POINT ( 'NONE', #4124 ) ;
#2623 = ADVANCED_FACE ( 'NONE', ( #2107 ), #8490, .F. ) ;
#2624 = ORIENTED_EDGE ( 'NONE', *, *, #3967, .F. ) ;
#2625 = AXIS2_PLACEMENT_3D ( 'NONE', #3903, #4010, #7536 ) ;
#2626 = DIRECTION ( 'NONE',  ( 0.0000000000000000000, -0.0000000000000000000, 1.000000000000000000 ) ) ;
#2627 = EDGE_CURVE ( 'NONE', #6286, #4568, #8347, .T. ) ;
#2628 = VECTOR ( 'NONE', #8994, 1000.000000000000000 ) ;
#2629 = ORIENTED_EDGE ( 'NONE', *, *, #3324, .T. ) ;
#2630 = CARTESIAN_POINT ( 'NONE',  ( -67.46999999999999900, 16.79999999999983700, 1.249999999999998000 ) ) ;
#2631 = ITEM_DEFINED_TRANSFORMATION ( 'NONE', 'NONE', #8703,  #7076 ) ;
#2632 =( REPRESENTATION_RELATIONSHIP ('NONE','NONE', #6135, #6228 ) REPRESENTATION_RELATIONSHIP_WITH_TRANSFORMATION ( #5173 )SHAPE_REPRESENTATION_RELATIONSHIP( ) );
#2633 = ADVANCED_FACE ( 'NONE', ( #7339 ), #4296, .F. ) ;
#2634 = CIRCLE ( 'NONE', #8974, 1.000000000000000900 ) ;
#2635 = EDGE_CURVE ( 'NONE', #3022, #1209, #8582, .T. ) ;
#2636 = ORIENTED_EDGE ( 'NONE', *, *, #907, .T. ) ;
#2637 = CARTESIAN_POINT ( 'NONE',  ( -68.77499999999999100, -1.000000000000016900, -1.099999999999999900 ) ) ;
#2638 = DIRECTION ( 'NONE',  ( 0.0000000000000000000, 0.0000000000000000000, 1.000000000000000000 ) ) ;
#2639 = FACE_OUTER_BOUND ( 'NONE', #4934, .T. ) ;
#2640 = EDGE_LOOP ( 'NONE', ( #8558, #1224, #3786, #4417 ) ) ;
#2641 = VERTEX_POINT ( 'NONE', #7740 ) ;
#2642 = EDGE_CURVE ( 'NONE', #1350, #7721, #4300, .T. ) ;
#2643 = DIRECTION ( 'NONE',  ( -1.000000000000000000, -0.0000000000000000000, -0.0000000000000000000 ) ) ;
#2644 = CARTESIAN_POINT ( 'NONE',  ( 9.349999999999994300, -1.939191228346566100E-015, -1.600000000000000100 ) ) ;
#2645 = CARTESIAN_POINT ( 'NONE',  ( 81.59999999999998000, 2.605039744509544900E-015, -3.800000000000000300 ) ) ;
#2646 = AXIS2_PLACEMENT_3D ( 'NONE', #3374, #6218, #7754 ) ;
#2647 = DIRECTION ( 'NONE',  ( 1.000000000000000000, 0.0000000000000000000, 0.0000000000000000000 ) ) ;
#2648 = VERTEX_POINT ( 'NONE', #1230 ) ;
#2649 = DIRECTION ( 'NONE',  ( -1.225453863971292700E-016, 1.000000000000000000, 0.0000000000000000000 ) ) ;
#2650 = PRESENTATION_STYLE_ASSIGNMENT (( #5983 ) ) ;
#2651 = CARTESIAN_POINT ( 'NONE',  ( 64.29999999999999700, 14.83999999999983100, -1.250000000000000200 ) ) ;
#2652 = ORIENTED_EDGE ( 'NONE', *, *, #8598, .F. ) ;
#2653 = EDGE_CURVE ( 'NONE', #8150, #5041, #8114, .T. ) ;
#2654 = ORIENTED_EDGE ( 'NONE', *, *, #3464, .F. ) ;
#2655 = VECTOR ( 'NONE', #561, 1000.000000000000000 ) ;
#2656 = DIRECTION ( 'NONE',  ( 0.0000000000000000000, 0.0000000000000000000, 1.000000000000000000 ) ) ;
#2657 = CARTESIAN_POINT ( 'NONE',  ( 67.29999999999999700, 10.60000000000000000, -3.249999999999990700 ) ) ;
#2658 = ORIENTED_EDGE ( 'NONE', *, *, #386, .F. ) ;
#2659 = DIRECTION ( 'NONE',  ( -0.0000000000000000000, -0.0000000000000000000, -1.000000000000000000 ) ) ;
#2660 = AXIS2_PLACEMENT_3D ( 'NONE', #6694, #3880, #2404 ) ;
#2662 = VERTEX_POINT ( 'NONE', #7123 ) ;
#2661 = DIRECTION ( 'NONE',  ( 0.0000000000000000000, 0.0000000000000000000, 1.000000000000000000 ) ) ;
#2663 = LINE ( 'NONE', #815, #1889 ) ;
#2664 = FACE_OUTER_BOUND ( 'NONE', #5144, .T. ) ;
#2665 = CARTESIAN_POINT ( 'NONE',  ( -70.99999999999998600, 10.59999999999998200, -3.249999999999990700 ) ) ;
#2666 = AXIS2_PLACEMENT_3D ( 'NONE', #5289, #3067, #255 ) ;
#2667 = ADVANCED_FACE ( 'NONE', ( #5423 ), #2175, .F. ) ;
#2668 = CARTESIAN_POINT ( 'NONE',  ( -67.50000000000000000, 19.69999999999983200, -3.210000000000000000 ) ) ;
#2669 = ORIENTED_EDGE ( 'NONE', *, *, #1323, .F. ) ;
#2670 = VECTOR ( 'NONE', #6226, 1000.000000000000000 ) ;
#2671 = VERTEX_POINT ( 'NONE', #8640 ) ;
#2672 = LINE ( 'NONE', #5418, #7961 ) ;
#2673 = VECTOR ( 'NONE', #6184, 1000.000000000000000 ) ;
#2674 = CYLINDRICAL_SURFACE ( 'NONE', #3247, 1.000000000000000900 ) ;
#2675 = DIRECTION ( 'NONE',  ( 0.0000000000000000000, 0.0000000000000000000, 1.000000000000000000 ) ) ;
#2676 = PRODUCT_DEFINITION ( 'UNKNOWN', '', #4122, #6729 ) ;
#2677 = CARTESIAN_POINT ( 'NONE',  ( -69.17499999999999700, -3.780000000000008700, -0.8999999999999984700 ) ) ;
#2678 = CARTESIAN_POINT ( 'NONE',  ( 68.20000000000001700, 6.450000000000001100, 0.9249999999999978200 ) ) ;
#2679 = ITEM_DEFINED_TRANSFORMATION ( 'NONE', 'NONE', #6412,  #7076 ) ;
#2680 = LINE ( 'NONE', #7986, #8302 ) ;
#2681 = ORIENTED_EDGE ( 'NONE', *, *, #2062, .F. ) ;
#2682 = LINE ( 'NONE', #8924, #4379 ) ;
#2683 = LINE ( 'NONE', #7855, #6171 ) ;
#2684 = EDGE_CURVE ( 'NONE', #1231, #363, #958, .T. ) ;
#2685 = ORIENTED_EDGE ( 'NONE', *, *, #7512, .T. ) ;
#2686 = ITEM_DEFINED_TRANSFORMATION ( 'NONE', 'NONE', #4836,  #7076 ) ;
#2687 = VERTEX_POINT ( 'NONE', #3576 ) ;
#2688 = DIRECTION ( 'NONE',  ( 1.000000000000000000, 0.0000000000000000000, 0.0000000000000000000 ) ) ;
#2689 = VECTOR ( 'NONE', #6313, 1000.000000000000000 ) ;
#2690 = ITEM_DEFINED_TRANSFORMATION ( 'NONE', 'NONE', #4301,  #7076 ) ;
#2691 = ORIENTED_EDGE ( 'NONE', *, *, #5416, .T. ) ;
#2692 = CARTESIAN_POINT ( 'NONE',  ( -71.62516185987756500, 16.25792213073117800, 1.851125283331778200 ) ) ;
#2693 = EDGE_CURVE ( 'NONE', #7599, #8745, #6888, .T. ) ;
#2694 = CONTEXT_DEPENDENT_SHAPE_REPRESENTATION ( #299, #5163 ) ;
#2695 = CARTESIAN_POINT ( 'NONE',  ( 5.374999999999996400, -1.000000000000007500, 1.250000000000000200 ) ) ;
#2696 = VERTEX_POINT ( 'NONE', #1454 ) ;
#2697 = LINE ( 'NONE', #4730, #4949 ) ;
#2698 = DIRECTION ( 'NONE',  ( 0.0000000000000000000, -1.000000000000000000, -0.0000000000000000000 ) ) ;
#2699 = ADVANCED_FACE ( 'NONE', ( #1396 ), #3377, .T. ) ;
#2700 = DIRECTION ( 'NONE',  ( -0.0000000000000000000, -0.0000000000000000000, -1.000000000000000000 ) ) ;
#2701 = CARTESIAN_POINT ( 'NONE',  ( -74.50000000000000000, 20.29999999999983700, -3.210000000000000000 ) ) ;
#2702 = ORIENTED_EDGE ( 'NONE', *, *, #6720, .F. ) ;
#2703 = DIRECTION ( 'NONE',  ( 5.782411586589352700E-016, 1.000000000000000000, -0.0000000000000000000 ) ) ;
#2704 = ITEM_DEFINED_TRANSFORMATION ( 'NONE', 'NONE', #8884,  #7076 ) ;
#2705 = CARTESIAN_POINT ( 'NONE',  ( 89.24999999999998600, 4.594622861284140100E-016, -5.400000000000000400 ) ) ;
#2706 = LINE ( 'NONE', #3587, #1174 ) ;
#2707 = EDGE_CURVE ( 'NONE', #8404, #8841, #4516, .T. ) ;
#2708 = AXIS2_PLACEMENT_3D ( 'NONE', #8607, #2763, #6357 ) ;
#2709 = ITEM_DEFINED_TRANSFORMATION ( 'NONE', 'NONE', #7118,  #7076 ) ;
#2710 = EDGE_LOOP ( 'NONE', ( #3837, #1695, #8013, #8053 ) ) ;
#2711 = CARTESIAN_POINT ( 'NONE',  ( 9.349999999999981900, -9.240690525496174400E-015, -5.400000000000000400 ) ) ;
#2712 = DIRECTION ( 'NONE',  ( 0.0000000000000000000, 1.000000000000000000, 0.0000000000000000000 ) ) ;
#2713 = ITEM_DEFINED_TRANSFORMATION ( 'NONE', 'NONE', #4716,  #7076 ) ;
#2714 = DIRECTION ( 'NONE',  ( 1.000000000000000000, 1.214036647262151200E-016, -1.224033854544382500E-016 ) ) ;
#2715 = ADVANCED_FACE ( 'NONE', ( #5967 ), #7907, .F. ) ;
#2716 = MANIFOLD_SOLID_BREP ( 'Mirror1', #1502 ) ;
#2717 = VECTOR ( 'NONE', #3283, 1000.000000000000000 ) ;
#2718 = AXIS2_PLACEMENT_3D ( 'NONE', #46, #7187, #8610 ) ;
#2719 = ORIENTED_EDGE ( 'NONE', *, *, #444, .T. ) ;
#2720 = ORIENTED_EDGE ( 'NONE', *, *, #455, .F. ) ;
#2721 = CARTESIAN_POINT ( 'NONE',  ( 5.774999999999995900, -7.645991141345997100E-015, 0.9000000000000002400 ) ) ;
#2722 = AXIS2_PLACEMENT_3D ( 'NONE', #2750, #5684, #3381 ) ;
#2723 = VECTOR ( 'NONE', #2901, 1000.000000000000000 ) ;
#2724 = VERTEX_POINT ( 'NONE', #8543 ) ;
#2725 = EDGE_LOOP ( 'NONE', ( #5200, #5827, #133, #4313, #779, #8810, #8459, #7292, #1661, #3676 ) ) ;
#2726 = SURFACE_SIDE_STYLE ('',( #5042 ) ) ;
#2727 = AXIS2_PLACEMENT_3D ( 'NONE', #482, #2536, #3263 ) ;
#2728 = EDGE_LOOP ( 'NONE', ( #175, #7, #4975, #8642 ) ) ;
#2729 = LINE ( 'NONE', #4827, #5101 ) ;
#2730 = PRODUCT_DEFINITION_SHAPE ( 'NONE', 'NONE',  #9157 ) ;
#2731 = EDGE_LOOP ( 'NONE', ( #1314, #4639, #4023, #8050 ) ) ;
#2732 = DIRECTION ( 'NONE',  ( -1.000000000000000000, -2.602085213965208300E-015, 0.0000000000000000000 ) ) ;
#2733 = EDGE_CURVE ( 'NONE', #5730, #2641, #7447, .T. ) ;
#2734 = CARTESIAN_POINT ( 'NONE',  ( 118.1499999999999800, 3.968028196716030700E-015, -5.400000000000000400 ) ) ;
#2735 = PRODUCT_DEFINITION_SHAPE ( 'NONE', 'NONE',  #9174 ) ;
#2736 = ORIENTED_EDGE ( 'NONE', *, *, #1347, .T. ) ;
#2737 = VECTOR ( 'NONE', #2022, 1000.000000000000000 ) ;
#2738 = ORIENTED_EDGE ( 'NONE', *, *, #933, .T. ) ;
#2739 = DIRECTION ( 'NONE',  ( -0.0000000000000000000, -0.0000000000000000000, -1.000000000000000000 ) ) ;
#2740 = CARTESIAN_POINT ( 'NONE',  ( -70.99999999999998600, 9.167771687820288000, -1.249999999999998700 ) ) ;
#2741 = ADVANCED_FACE ( 'NONE', ( #8696 ), #8509, .F. ) ;
#2742 = PRODUCT_DEFINITION_SHAPE ( 'NONE', 'NONE',  #9287 ) ;
#2743 = EDGE_CURVE ( 'NONE', #7826, #2406, #5750, .T. ) ;
#2744 = LINE ( 'NONE', #7900, #5674 ) ;
#2745 = DIRECTION ( 'NONE',  ( 0.0000000000000000000, 1.000000000000000000, 0.0000000000000000000 ) ) ;
#2746 = EDGE_LOOP ( 'NONE', ( #8373, #5184, #2122, #3727, #2654, #8734, #5702, #3192, #7254, #1576 ) ) ;
#2747 = PLANE ( 'NONE',  #5027 ) ;
#2748 =( REPRESENTATION_RELATIONSHIP ('NONE','NONE', #6135, #6228 ) REPRESENTATION_RELATIONSHIP_WITH_TRANSFORMATION ( #1272 )SHAPE_REPRESENTATION_RELATIONSHIP( ) );
#2749 = EDGE_CURVE ( 'NONE', #5126, #3012, #4967, .T. ) ;
#2750 = CARTESIAN_POINT ( 'NONE',  ( -69.20000000000001700, 6.450000000000001100, 2.500000000000000000 ) ) ;
#2751 = ORIENTED_EDGE ( 'NONE', *, *, #6303, .F. ) ;
#2752 = CARTESIAN_POINT ( 'NONE',  ( 68.20000000000001700, 6.450000000000001100, -2.750000000000008900 ) ) ;
#2753 = ADVANCED_FACE ( 'NONE', ( #3489 ), #4264, .F. ) ;
#2754 = ORIENTED_EDGE ( 'NONE', *, *, #8252, .T. ) ;
#2755 = DIRECTION ( 'NONE',  ( 0.0000000000000000000, 1.000000000000000000, 0.0000000000000000000 ) ) ;
#2756 = FACE_OUTER_BOUND ( 'NONE', #6488, .T. ) ;
#2757 = EDGE_CURVE ( 'NONE', #7451, #2288, #1935, .T. ) ;
#2758 = CARTESIAN_POINT ( 'NONE',  ( -69.20000000000001700, 6.450000000000001100, -2.500000000000000000 ) ) ;
#2759 = DIRECTION ( 'NONE',  ( 0.0000000000000000000, 0.0000000000000000000, 1.000000000000000000 ) ) ;
#2760 = ORIENTED_EDGE ( 'NONE', *, *, #8431, .T. ) ;
#2761 = VERTEX_POINT ( 'NONE', #8755 ) ;
#2762 = LINE ( 'NONE', #1730, #5368 ) ;
#2763 = DIRECTION ( 'NONE',  ( 0.0000000000000000000, 1.000000000000000000, 0.0000000000000000000 ) ) ;
#2764 = DIRECTION ( 'NONE',  ( 1.225453863971292700E-016, -1.000000000000000000, 0.0000000000000000000 ) ) ;
#2765 = DIRECTION ( 'NONE',  ( 1.000000000000000000, 0.0000000000000000000, 0.0000000000000000000 ) ) ;
#2766 = AXIS2_PLACEMENT_3D ( 'NONE', #6680, #1789, #8922 ) ;
#2767 = VERTEX_POINT ( 'NONE', #4447 ) ;
#2768 = EDGE_LOOP ( 'NONE', ( #7933, #6266, #7006, #3539 ) ) ;
#2769 = LINE ( 'NONE', #415, #2562 ) ;
#2770 = VECTOR ( 'NONE', #5794, 1000.000000000000000 ) ;
#2771 = PRODUCT_DEFINITION_SHAPE ( 'NONE', 'NONE',  #9075 ) ;
#2772 = DIRECTION ( 'NONE',  ( -0.0000000000000000000, 1.000000000000000000, -0.0000000000000000000 ) ) ;
#2773 = DIRECTION ( 'NONE',  ( -1.000000000000000000, 0.0000000000000000000, 0.0000000000000000000 ) ) ;
#2774 = DIRECTION ( 'NONE',  ( 0.0000000000000000000, 0.0000000000000000000, 1.000000000000000000 ) ) ;
#2775 = PLANE ( 'NONE',  #1547 ) ;
#2776 = CARTESIAN_POINT ( 'NONE',  ( 70.99999999999998600, 14.79999999999983600, 3.210000000000000000 ) ) ;
#2777 = AXIS2_PLACEMENT_3D ( 'NONE', #4616, #6819, #2488 ) ;
#2778 =( REPRESENTATION_RELATIONSHIP ('NONE','NONE', #6135, #6228 ) REPRESENTATION_RELATIONSHIP_WITH_TRANSFORMATION ( #6871 )SHAPE_REPRESENTATION_RELATIONSHIP( ) );
#2779 = LINE ( 'NONE', #1053, #2900 ) ;
#2780 = ORIENTED_EDGE ( 'NONE', *, *, #2743, .F. ) ;
#2781 = CARTESIAN_POINT ( 'NONE',  ( -71.00040004000798900, 14.83999999999983100, -1.250000000000000200 ) ) ;
#2782 = VECTOR ( 'NONE', #8683, 1000.000000000000000 ) ;
#2783 = VECTOR ( 'NONE', #4342, 1000.000000000000000 ) ;
#2784 =( NAMED_UNIT ( * ) PLANE_ANGLE_UNIT ( ) SI_UNIT ( $, .RADIAN. ) );
#2785 = AXIS2_PLACEMENT_3D ( 'NONE', #4299, #7189, #8678 ) ;
#2786 = CARTESIAN_POINT ( 'NONE',  ( 64.29999999999999700, 6.299999999999999800, -0.7900000000000077000 ) ) ;
#2787 = ADVANCED_FACE ( 'NONE', ( #7225 ), #3603, .F. ) ;
#2788 = EDGE_CURVE ( 'NONE', #7794, #8584, #5302, .T. ) ;
#2789 = DIRECTION ( 'NONE',  ( 1.000000000000000000, 0.0000000000000000000, 0.0000000000000000000 ) ) ;
#2790 = CARTESIAN_POINT ( 'NONE',  ( 66.87500000000009900, 2.400000000000013200, -0.7900000000000081400 ) ) ;
#2791 = CONTEXT_DEPENDENT_SHAPE_REPRESENTATION ( #6264, #1577 ) ;
#2792 = ITEM_DEFINED_TRANSFORMATION ( 'NONE', 'NONE', #8996,  #7076 ) ;
#2793 = VECTOR ( 'NONE', #1321, 1000.000000000000000 ) ;
#2794 = APPLICATION_PROTOCOL_DEFINITION ( 'draft international standard', 'automotive_design', 1998, #5692 ) ;
#2795 = PRODUCT_RELATED_PRODUCT_CATEGORY ( 'part', '', ( #5182 ) ) ;
#2796 = ITEM_DEFINED_TRANSFORMATION ( 'NONE', 'NONE', #285,  #7076 ) ;
#2797 = ORIENTED_EDGE ( 'NONE', *, *, #8808, .T. ) ;
#2798 = ITEM_DEFINED_TRANSFORMATION ( 'NONE', 'NONE', #5140,  #7076 ) ;
#2799 = EDGE_CURVE ( 'NONE', #1076, #8349, #7558, .T. ) ;
#2800 = CARTESIAN_POINT ( 'NONE',  ( 6.275000000000001200, 2.399999999999971900, 0.7900000000000001500 ) ) ;
#2801 = PRODUCT_DEFINITION_SHAPE ( 'NONE', 'NONE',  #9018 ) ;
#2802 = FACE_OUTER_BOUND ( 'NONE', #4344, .T. ) ;
#2803 = CARTESIAN_POINT ( 'NONE',  ( -70.99999999999998600, 2.550000000000016300, 1.250000000000000000 ) ) ;
#2804 =( REPRESENTATION_RELATIONSHIP ('NONE','NONE', #6135, #6228 ) REPRESENTATION_RELATIONSHIP_WITH_TRANSFORMATION ( #1895 )SHAPE_REPRESENTATION_RELATIONSHIP( ) );
#2805 = DIRECTION ( 'NONE',  ( 0.0000000000000000000, 0.0000000000000000000, 1.000000000000000000 ) ) ;
#2806 = ADVANCED_FACE ( 'NONE', ( #1181 ), #3731, .F. ) ;
#2807 = CONTEXT_DEPENDENT_SHAPE_REPRESENTATION ( #3434, #4540 ) ;
#2808 = VERTEX_POINT ( 'NONE', #766 ) ;
#2809 = VERTEX_POINT ( 'NONE', #3703 ) ;
#2810 = CARTESIAN_POINT ( 'NONE',  ( 74.50000000000000000, 18.79999999999983700, -3.210000000000000000 ) ) ;
#2811 = CONTEXT_DEPENDENT_SHAPE_REPRESENTATION ( #3943, #365 ) ;
#2812 = CARTESIAN_POINT ( 'NONE',  ( 69.17499999999999700, -1.000000000000000200, -1.249999999999999800 ) ) ;
#2813 = DIRECTION ( 'NONE',  ( -7.542275982507847300E-016, 1.000000000000000000, -0.0000000000000000000 ) ) ;
#2814 = CIRCLE ( 'NONE', #2140, 2.000000000000001800 ) ;
#2815 = LINE ( 'NONE', #2247, #5052 ) ;
#2816 = EDGE_CURVE ( 'NONE', #4534, #2808, #8802, .T. ) ;
#2817 = VERTEX_POINT ( 'NONE', #5129 ) ;
#2818 = PLANE ( 'NONE',  #6227 ) ;
#2819 = AXIS2_PLACEMENT_3D ( 'NONE', #2677, #2649, #8437 ) ;
#2820 = DIRECTION ( 'NONE',  ( -1.000000000000000000, -5.551115123125800100E-015, 0.0000000000000000000 ) ) ;
#2821 = EDGE_CURVE ( 'NONE', #7342, #4845, #7280, .T. ) ;
#2822 = CARTESIAN_POINT ( 'NONE',  ( 68.77500000000000600, -3.779999999999991400, 0.8999999999999998000 ) ) ;
#2823 = DIRECTION ( 'NONE',  ( 1.000000000000000000, 0.0000000000000000000, 0.0000000000000000000 ) ) ;
#2824 = DIRECTION ( 'NONE',  ( 0.0000000000000000000, -1.000000000000000000, -0.0000000000000000000 ) ) ;
#2825 = CONTEXT_DEPENDENT_SHAPE_REPRESENTATION ( #4054, #1375 ) ;
#2826 = ORIENTED_EDGE ( 'NONE', *, *, #606, .T. ) ;
#2827 =( REPRESENTATION_RELATIONSHIP ('NONE','NONE', #6135, #6228 ) REPRESENTATION_RELATIONSHIP_WITH_TRANSFORMATION ( #2099 )SHAPE_REPRESENTATION_RELATIONSHIP( ) );
#2828 = CARTESIAN_POINT ( 'NONE',  ( 69.20000000000001700, 6.450000000000001100, -2.750000000000008900 ) ) ;
#2829 = CONTEXT_DEPENDENT_SHAPE_REPRESENTATION ( #8038, #8012 ) ;
#2830 = EDGE_CURVE ( 'NONE', #8608, #7085, #6987, .T. ) ;
#2831 = AXIS2_PLACEMENT_3D ( 'NONE', #5567, #3472, #6349 ) ;
#2832 = LINE ( 'NONE', #6482, #4852 ) ;
#2833 = VERTEX_POINT ( 'NONE', #7284 ) ;
#2834 = ORIENTED_EDGE ( 'NONE', *, *, #5351, .T. ) ;
#2835 = ADVANCED_FACE ( 'NONE', ( #1712, #8905 ), #2950, .F. ) ;
#2836 = AXIS2_PLACEMENT_3D ( 'NONE', #3726, #4559, #3751 ) ;
#2837 = CIRCLE ( 'NONE', #934, 1.000000000000000900 ) ;
#2838 = ORIENTED_EDGE ( 'NONE', *, *, #6439, .T. ) ;
#2839 = CARTESIAN_POINT ( 'NONE',  ( 70.99999999999998600, 3.381003644422618100, 0.7992020390942024000 ) ) ;
#2840 = CONTEXT_DEPENDENT_SHAPE_REPRESENTATION ( #344, #1743 ) ;
#2841 = CARTESIAN_POINT ( 'NONE',  ( 70.99999999999998600, 7.100000000000000500, -1.250000000000000200 ) ) ;
#2842 = CARTESIAN_POINT ( 'NONE',  ( 6.799999999999987400, -6.475954377011345100E-015, -3.800000000000000300 ) ) ;
#2843 = CARTESIAN_POINT ( 'NONE',  ( -69.17499999999999700, -3.780000000000008200, 0.8999999999999998000 ) ) ;
#2844 = ORIENTED_EDGE ( 'NONE', *, *, #1466, .F. ) ;
#2845 = CARTESIAN_POINT ( 'NONE',  ( 70.99999999999998600, 7.100000000000000500, 1.500000000000000000 ) ) ;
#2846 = DIRECTION ( 'NONE',  ( -1.000000000000000000, 1.982541115402063700E-015, 0.0000000000000000000 ) ) ;
#2847 = VERTEX_POINT ( 'NONE', #1548 ) ;
#2848 = DIRECTION ( 'NONE',  ( -5.551115123125800100E-015, 1.000000000000000000, 0.0000000000000000000 ) ) ;
#2849 = LINE ( 'NONE', #988, #5668 ) ;
#2850 = ORIENTED_EDGE ( 'NONE', *, *, #4546, .F. ) ;
#2851 = VECTOR ( 'NONE', #3460, 1000.000000000000000 ) ;
#2852 = ADVANCED_FACE ( 'NONE', ( #5076 ), #6560, .T. ) ;
#2853 = AXIS2_PLACEMENT_3D ( 'NONE', #7528, #3196, #2439 ) ;
#2854 = FACE_OUTER_BOUND ( 'NONE', #7377, .T. ) ;
#2855 = EDGE_CURVE ( 'NONE', #3719, #8628, #3955, .T. ) ;
#2856 = APPLICATION_CONTEXT ( 'automotive_design' ) ;
#2857 = ORIENTED_EDGE ( 'NONE', *, *, #314, .F. ) ;
#2858 = DIRECTION ( 'NONE',  ( 1.000000000000000000, 0.0000000000000000000, 0.0000000000000000000 ) ) ;
#2859 = CARTESIAN_POINT ( 'NONE',  ( -71.00000000000001400, 20.49999999999983700, 3.210000000000000000 ) ) ;
#2860 = ORIENTED_EDGE ( 'NONE', *, *, #5096, .F. ) ;
#2861 =( NAMED_UNIT ( * ) PLANE_ANGLE_UNIT ( ) SI_UNIT ( $, .RADIAN. ) );
#2862 = ORIENTED_EDGE ( 'NONE', *, *, #4561, .T. ) ;
#2863 = EDGE_CURVE ( 'NONE', #2231, #1011, #5860, .T. ) ;
#2864 = AXIS2_PLACEMENT_3D ( 'NONE', #7617, #6250, #6980 ) ;
#2865 = DIRECTION ( 'NONE',  ( 1.000000000000000000, 1.225453863971293000E-016, -0.0000000000000000000 ) ) ;
#2866 = CARTESIAN_POINT ( 'NONE',  ( 68.77500000000000600, -1.000000000000000200, -1.099999999999999900 ) ) ;
#2867 = ORIENTED_EDGE ( 'NONE', *, *, #5474, .T. ) ;
#2868 = DIRECTION ( 'NONE',  ( 1.000000000000000000, 0.0000000000000000000, 0.0000000000000000000 ) ) ;
#2869 = ORIENTED_EDGE ( 'NONE', *, *, #568, .F. ) ;
#2870 = LINE ( 'NONE', #2776, #320 ) ;
#2871 = DIRECTION ( 'NONE',  ( 1.000000000000000000, 0.0000000000000000000, -0.0000000000000000000 ) ) ;
#2872 = DIRECTION ( 'NONE',  ( -0.0000000000000000000, 0.0000000000000000000, -1.000000000000000000 ) ) ;
#2873 = DIRECTION ( 'NONE',  ( 1.000000000000000000, 0.0000000000000000000, 0.0000000000000000000 ) ) ;
#2874 = EDGE_CURVE ( 'NONE', #3732, #732, #4506, .T. ) ;
#2875 = PRODUCT_DEFINITION_SHAPE ( 'NONE', 'NONE',  #9110 ) ;
#2876 = CARTESIAN_POINT ( 'NONE',  ( -67.29999999999998300, 2.550000000000016300, -1.250000000000000000 ) ) ;
#2877 = ADVANCED_FACE ( 'NONE', ( #716 ), #1581, .T. ) ;
#2878 = DIRECTION ( 'NONE',  ( 1.000000000000000000, 0.0000000000000000000, -0.0000000000000000000 ) ) ;
#2879 = ORIENTED_EDGE ( 'NONE', *, *, #3044, .F. ) ;
#2880 = EDGE_CURVE ( 'NONE', #2179, #8858, #8338, .T. ) ;
#2881 = ORIENTED_EDGE ( 'NONE', *, *, #7103, .T. ) ;
#2882 = VECTOR ( 'NONE', #91, 1000.000000000000000 ) ;
#2883 = LINE ( 'NONE', #834, #6841 ) ;
#2884 = PRODUCT_DEFINITION_SHAPE ( 'NONE', 'NONE',  #9216 ) ;
#2885 =( REPRESENTATION_RELATIONSHIP ('NONE','NONE', #6135, #6079 ) REPRESENTATION_RELATIONSHIP_WITH_TRANSFORMATION ( #5896 )SHAPE_REPRESENTATION_RELATIONSHIP( ) );
#2886 = CARTESIAN_POINT ( 'NONE',  ( 5.374999999999991100, -7.987830873687331600E-015, 1.100000000000000300 ) ) ;
#2887 = VERTEX_POINT ( 'NONE', #7963 ) ;
#2888 = CONTEXT_DEPENDENT_SHAPE_REPRESENTATION ( #7089, #7720 ) ;
#2890 = CONTEXT_DEPENDENT_SHAPE_REPRESENTATION ( #781, #8632 ) ;
#2889 = PRODUCT_DEFINITION_SHAPE ( 'NONE', 'NONE',  #9261 ) ;
#2891 = AXIS2_PLACEMENT_3D ( 'NONE', #7765, #6346, #6545 ) ;
#2892 = ORIENTED_EDGE ( 'NONE', *, *, #3050, .F. ) ;
#2893 = LINE ( 'NONE', #6003, #4695 ) ;
#2894 = FACE_BOUND ( 'NONE', #1219, .T. ) ;
#2895 = DIRECTION ( 'NONE',  ( 0.0000000000000000000, -1.000000000000000000, 0.0000000000000000000 ) ) ;
#2896 = VECTOR ( 'NONE', #7535, 1000.000000000000000 ) ;
#2897 = ADVANCED_FACE ( 'NONE', ( #2046 ), #7343, .F. ) ;
#2898 = AXIS2_PLACEMENT_3D ( 'NONE', #4087, #5476, #1956 ) ;
#2899 = CONTEXT_DEPENDENT_SHAPE_REPRESENTATION ( #8480, #7874 ) ;
#2900 = VECTOR ( 'NONE', #2467, 1000.000000000000000 ) ;
#2901 = DIRECTION ( 'NONE',  ( -0.0000000000000000000, -0.0000000000000000000, 1.000000000000000000 ) ) ;
#2902 = ORIENTED_EDGE ( 'NONE', *, *, #5333, .F. ) ;
#2903 = CIRCLE ( 'NONE', #6882, 1.000000000000000900 ) ;
#2904 = VECTOR ( 'NONE', #6789, 1000.000000000000000 ) ;
#2905 = DIRECTION ( 'NONE',  ( 1.000000000000000000, -0.0000000000000000000, 0.0000000000000000000 ) ) ;
#2906 = VERTEX_POINT ( 'NONE', #1523 ) ;
#2907 = AXIS2_PLACEMENT_3D ( 'NONE', #5369, #3179, #4581 ) ;
#2908 = DIRECTION ( 'NONE',  ( 1.225453863971292700E-016, -1.000000000000000000, 0.0000000000000000000 ) ) ;
#2909 = ORIENTED_EDGE ( 'NONE', *, *, #2595, .F. ) ;
#2910 = DIRECTION ( 'NONE',  ( -0.0000000000000000000, -0.0000000000000000000, 1.000000000000000000 ) ) ;
#2911 = AXIS2_PLACEMENT_3D ( 'NONE', #4101, #6296, #4164 ) ;
#2912 = VECTOR ( 'NONE', #8562, 1000.000000000000000 ) ;
#2913 = EDGE_CURVE ( 'NONE', #6157, #2585, #8455, .T. ) ;
#2914 = DIRECTION ( 'NONE',  ( 0.0000000000000000000, 0.0000000000000000000, 1.000000000000000000 ) ) ;
#2915 = CONTEXT_DEPENDENT_SHAPE_REPRESENTATION ( #5712, #2304 ) ;
#2916 = ORIENTED_EDGE ( 'NONE', *, *, #8124, .F. ) ;
#2917 = DIRECTION ( 'NONE',  ( 1.000000000000000000, 0.0000000000000000000, 0.0000000000000000000 ) ) ;
#2918 = ITEM_DEFINED_TRANSFORMATION ( 'NONE', 'NONE', #2853,  #7076 ) ;
#2919 = CARTESIAN_POINT ( 'NONE',  ( 12.74999999999999500, -1.526418768277434500E-015, -1.600000000000000100 ) ) ;
#2920 = PRODUCT_CONTEXT ( 'NONE', #5068, 'mechanical' ) ;
#2921 = PRODUCT_DEFINITION_SHAPE ( 'NONE', 'NONE',  #9054 ) ;
#2922 = VECTOR ( 'NONE', #8826, 1000.000000000000000 ) ;
#2923 = ORIENTED_EDGE ( 'NONE', *, *, #1848, .F. ) ;
#2924 = EDGE_CURVE ( 'NONE', #6157, #7794, #1389, .T. ) ;
#2925 = ITEM_DEFINED_TRANSFORMATION ( 'NONE', 'NONE', #2151,  #7076 ) ;
#2926 = CARTESIAN_POINT ( 'NONE',  ( -67.50000000000000000, 20.09999999999983400, 3.210000000000000000 ) ) ;
#2927 = VECTOR ( 'NONE', #5772, 1000.000000000000100 ) ;
#2928 = ORIENTED_EDGE ( 'NONE', *, *, #5584, .T. ) ;
#2929 = CARTESIAN_POINT ( 'NONE',  ( 64.29999999999999700, 15.60000000000000100, 3.250000000000008900 ) ) ;
#2930 = CARTESIAN_POINT ( 'NONE',  ( -67.29999999999998300, 7.100000000000000500, 1.250000000000000000 ) ) ;
#2931 = DIRECTION ( 'NONE',  ( 0.0000000000000000000, -1.000000000000000000, 0.0000000000000000000 ) ) ;
#2932 = PLANE ( 'NONE',  #8225 ) ;
#2933 = PLANE ( 'NONE',  #7414 ) ;
#2934 = VECTOR ( 'NONE', #4348, 1000.000000000000000 ) ;
#2935 = EDGE_CURVE ( 'NONE', #1886, #5954, #6194, .T. ) ;
#2936 =( REPRESENTATION_RELATIONSHIP ('NONE','NONE', #6135, #6228 ) REPRESENTATION_RELATIONSHIP_WITH_TRANSFORMATION ( #8314 )SHAPE_REPRESENTATION_RELATIONSHIP( ) );
#2937 = CARTESIAN_POINT ( 'NONE',  ( 70.20000000000001700, 6.450000000000001100, 2.500000000000000000 ) ) ;
#2938 = VERTEX_POINT ( 'NONE', #3981 ) ;
#2939 = CONTEXT_DEPENDENT_SHAPE_REPRESENTATION ( #6223, #7034 ) ;
#2940 = EDGE_LOOP ( 'NONE', ( #5767, #1635, #7539, #1487 ) ) ;
#2941 = ADVANCED_FACE ( 'NONE', ( #1071 ), #4013, .T. ) ;
#2942 = CARTESIAN_POINT ( 'NONE',  ( -67.29999999999999700, 10.59999999999998200, 3.250000000000008900 ) ) ;
#2943 = LINE ( 'NONE', #2295, #1404 ) ;
#2944 = ORIENTED_EDGE ( 'NONE', *, *, #8852, .F. ) ;
#2945 = DIRECTION ( 'NONE',  ( 1.000000000000000000, 1.225453863971292700E-016, 0.0000000000000000000 ) ) ;
#2946 = ORIENTED_EDGE ( 'NONE', *, *, #2788, .F. ) ;
#2947 = ORIENTED_EDGE ( 'NONE', *, *, #7525, .F. ) ;
#2948 = AXIS2_PLACEMENT_3D ( 'NONE', #2148, #8551, #3620 ) ;
#2949 = LINE ( 'NONE', #981, #4653 ) ;
#2950 = PLANE ( 'NONE',  #1006 ) ;
#2951 = ORIENTED_EDGE ( 'NONE', *, *, #1521, .F. ) ;
#2952 = PRODUCT_DEFINITION_CONTEXT ( 'detailed design', #2856, 'design' ) ;
#2953 = CARTESIAN_POINT ( 'NONE',  ( 68.77500000000000600, -1.000000000000000000, 1.250000000000000200 ) ) ;
#2954 = AXIS2_PLACEMENT_3D ( 'NONE', #8289, #6753, #1100 ) ;
#2955 = VECTOR ( 'NONE', #7463, 1000.000000000000000 ) ;
#2956 = CARTESIAN_POINT ( 'NONE',  ( -69.17499999999999700, -1.677214462626080000E-014, 0.0000000000000000000 ) ) ;
#2957 = ORIENTED_EDGE ( 'NONE', *, *, #7177, .T. ) ;
#2958 = DIRECTION ( 'NONE',  ( 0.0000000000000000000, 2.675990735810954300E-016, 1.000000000000000000 ) ) ;
#2959 = LINE ( 'NONE', #2553, #5385 ) ;
#2960 = EDGE_CURVE ( 'NONE', #4706, #8746, #4056, .T. ) ;
#2961 = PLANE ( 'NONE',  #2611 ) ;
#2962 = DIRECTION ( 'NONE',  ( 0.0000000000000000000, 1.000000000000000000, 0.0000000000000000000 ) ) ;
#2963 =( REPRESENTATION_RELATIONSHIP ('NONE','NONE', #6135, #6228 ) REPRESENTATION_RELATIONSHIP_WITH_TRANSFORMATION ( #7193 )SHAPE_REPRESENTATION_RELATIONSHIP( ) );
#2964 = DIRECTION ( 'NONE',  ( 1.000000000000000000, 0.0000000000000000000, 0.0000000000000000000 ) ) ;
#2965 = DIRECTION ( 'NONE',  ( 1.000000000000000000, -0.0000000000000000000, -0.0000000000000000000 ) ) ;
#2966 = PLANE ( 'NONE',  #2437 ) ;
#2967 = LINE ( 'NONE', #3990, #5116 ) ;
#2968 = VERTEX_POINT ( 'NONE', #4167 ) ;
#2969 = CARTESIAN_POINT ( 'NONE',  ( 69.17499999999999700, -1.000000000000000000, 1.100000000000000300 ) ) ;
#2970 = COLOUR_RGB ( '',0.7960784313725489700, 0.8235294117647058400, 0.9372549019607843100 ) ;
#2971 = DIRECTION ( 'NONE',  ( 0.0000000000000000000, 0.0000000000000000000, 1.000000000000000000 ) ) ;
#2972 = CARTESIAN_POINT ( 'NONE',  ( -63.14999999999999900, 0.3999999999999922500, 2.600000000000000500 ) ) ;
#2973 = EDGE_CURVE ( 'NONE', #7215, #1587, #7098, .T. ) ;
#2974 = ORIENTED_EDGE ( 'NONE', *, *, #8135, .F. ) ;
#2975 = ORIENTED_EDGE ( 'NONE', *, *, #8419, .T. ) ;
#2976 = FACE_OUTER_BOUND ( 'NONE', #2294, .T. ) ;
#2977 = DIRECTION ( 'NONE',  ( 1.000000000000000000, 4.785444071660135700E-015, 0.0000000000000000000 ) ) ;
#2978 = DIRECTION ( 'NONE',  ( 1.000000000000000000, 0.0000000000000000000, 0.0000000000000000000 ) ) ;
#2979 = CARTESIAN_POINT ( 'NONE',  ( 64.29999999999999700, 14.83999999999983100, -3.210000000000001300 ) ) ;
#2980 = DIRECTION ( 'NONE',  ( 1.000000000000000000, 0.0000000000000000000, 0.0000000000000000000 ) ) ;
#2981 = CARTESIAN_POINT ( 'NONE',  ( 5.774999999999995900, -3.779999999999998900, 0.8999999999999998000 ) ) ;
#2982 = ADVANCED_FACE ( 'NONE', ( #4177 ), #3423, .F. ) ;
#2983 = ORIENTED_EDGE ( 'NONE', *, *, #4432, .T. ) ;
#2984 = VERTEX_POINT ( 'NONE', #1394 ) ;
#2985 = VECTOR ( 'NONE', #6117, 1000.000000000000000 ) ;
#2986 = EDGE_CURVE ( 'NONE', #7757, #2696, #4843, .T. ) ;
#2987 = DIRECTION ( 'NONE',  ( 1.224033854544382500E-016, 9.232001142906599100E-032, 1.000000000000000000 ) ) ;
#2988 = CARTESIAN_POINT ( 'NONE',  ( 5.374999999999996400, -1.000000000000007800, -1.249999999999999800 ) ) ;
#2989 = VERTEX_POINT ( 'NONE', #7812 ) ;
#2990 = ORIENTED_EDGE ( 'NONE', *, *, #5699, .T. ) ;
#2991 = DIRECTION ( 'NONE',  ( 1.000000000000000000, 1.225453863971292700E-016, 0.0000000000000000000 ) ) ;
#2992 = ORIENTED_EDGE ( 'NONE', *, *, #2423, .T. ) ;
#2993 = VECTOR ( 'NONE', #1125, 1000.000000000000000 ) ;
#2994 = LINE ( 'NONE', #8083, #680 ) ;
#2995 = DIRECTION ( 'NONE',  ( 1.000000000000000000, 0.0000000000000000000, 0.0000000000000000000 ) ) ;
#2996 = EDGE_CURVE ( 'NONE', #8955, #2596, #8790, .T. ) ;
#2997 = AXIS2_PLACEMENT_3D ( 'NONE', #2027, #7696, #3415 ) ;
#2998 = CIRCLE ( 'NONE', #2082, 1.000000000000000900 ) ;
#2999 = ORIENTED_EDGE ( 'NONE', *, *, #5416, .F. ) ;
#3000 = ORIENTED_EDGE ( 'NONE', *, *, #7244, .F. ) ;
#3001 = LINE ( 'NONE', #3015, #1151 ) ;
#3002 =( REPRESENTATION_RELATIONSHIP ('NONE','NONE', #6135, #6228 ) REPRESENTATION_RELATIONSHIP_WITH_TRANSFORMATION ( #1962 )SHAPE_REPRESENTATION_RELATIONSHIP( ) );
#3003 = VERTEX_POINT ( 'NONE', #2803 ) ;
#3004 = DIRECTION ( 'NONE',  ( -3.965082230804126700E-015, -1.000000000000000000, 0.0000000000000000000 ) ) ;
#3005 = CARTESIAN_POINT ( 'NONE',  ( 68.20000000000001700, 6.450000000000001100, -2.750000000000008900 ) ) ;
#3006 = AXIS2_PLACEMENT_3D ( 'NONE', #7611, #8999, #7642 ) ;
#3007 = ITEM_DEFINED_TRANSFORMATION ( 'NONE', 'NONE', #8037,  #7076 ) ;
#3008 = CARTESIAN_POINT ( 'NONE',  ( -69.20000000000001700, 6.449999999999983300, -3.249999999999990700 ) ) ;
#3009 = VECTOR ( 'NONE', #4795, 1000.000000000000000 ) ;
#3010 = CARTESIAN_POINT ( 'NONE',  ( 64.29999999999999700, 6.299999999999999800, -3.249999999999990700 ) ) ;
#3011 = DIRECTION ( 'NONE',  ( 1.000000000000000000, 0.0000000000000000000, 0.0000000000000000000 ) ) ;
#3012 = VERTEX_POINT ( 'NONE', #4072 ) ;
#3013 = DIRECTION ( 'NONE',  ( 0.0000000000000000000, 0.0000000000000000000, 1.000000000000000000 ) ) ;
#3014 = DIRECTION ( 'NONE',  ( -0.0000000000000000000, -0.0000000000000000000, -1.000000000000000000 ) ) ;
#3015 = CARTESIAN_POINT ( 'NONE',  ( 68.20000000000001700, 6.450000000000001100, -3.250000000000008900 ) ) ;
#3016 = FACE_OUTER_BOUND ( 'NONE', #4937, .T. ) ;
#3017 = PLANE ( 'NONE',  #3234 ) ;
#3018 = AXIS2_PLACEMENT_3D ( 'NONE', #2645, #6103, #3971 ) ;
#3019 = CONTEXT_DEPENDENT_SHAPE_REPRESENTATION ( #7758, #1563 ) ;
#3020 = VERTEX_POINT ( 'NONE', #1999 ) ;
#3021 = DIRECTION ( 'NONE',  ( 0.0000000000000000000, -1.836970198721009700E-016, -1.000000000000000000 ) ) ;
#3022 = VERTEX_POINT ( 'NONE', #2740 ) ;
#3023 = PRODUCT_DEFINITION_SHAPE ( 'NONE', 'NONE',  #9154 ) ;
#3024 = DIRECTION ( 'NONE',  ( 0.0000000000000000000, 0.0000000000000000000, -1.000000000000000000 ) ) ;
#3025 = ITEM_DEFINED_TRANSFORMATION ( 'NONE', 'NONE', #3555,  #7076 ) ;
#3026 = EDGE_CURVE ( 'NONE', #8740, #5388, #4631, .T. ) ;
#3027 = ADVANCED_FACE ( 'NONE', ( #2383 ), #4205, .T. ) ;
#3028 = DIRECTION ( 'NONE',  ( 0.0000000000000000000, 0.0000000000000000000, 1.000000000000000000 ) ) ;
#3029 = VECTOR ( 'NONE', #7942, 1000.000000000000000 ) ;
#3030 = LINE ( 'NONE', #6004, #2246 ) ;
#3031 = ORIENTED_EDGE ( 'NONE', *, *, #5660, .T. ) ;
#3032 = PRODUCT_DEFINITION_SHAPE ( 'NONE', 'NONE',  #9205 ) ;
#3033 = CARTESIAN_POINT ( 'NONE',  ( 35.69999999999999600, 4.334110830725879400E-015, 0.0000000000000000000 ) ) ;
#3034 = ITEM_DEFINED_TRANSFORMATION ( 'NONE', 'NONE', #5198,  #7076 ) ;
#3035 = VECTOR ( 'NONE', #44, 1000.000000000000000 ) ;
#3036 = CARTESIAN_POINT ( 'NONE',  ( 5.374999999999996400, -1.000000000000007800, -1.099999999999999900 ) ) ;
#3037 = PRODUCT_DEFINITION_SHAPE ( 'NONE', 'NONE',  #9280 ) ;
#3038 = ITEM_DEFINED_TRANSFORMATION ( 'NONE', 'NONE', #1013,  #7076 ) ;
#3039 = EDGE_CURVE ( 'NONE', #2132, #7873, #1870, .T. ) ;
#3040 = ORIENTED_EDGE ( 'NONE', *, *, #1881, .F. ) ;
#3041 = LINE ( 'NONE', #6372, #735 ) ;
#3042 = ORIENTED_EDGE ( 'NONE', *, *, #2300, .T. ) ;
#3043 = CARTESIAN_POINT ( 'NONE',  ( 66.87500000000001400, 2.400000000000013200, 0.7899999999999919300 ) ) ;
#3044 = EDGE_CURVE ( 'NONE', #2989, #4805, #164, .T. ) ;
#3045 = ORIENTED_EDGE ( 'NONE', *, *, #4345, .T. ) ;
#3046 = CARTESIAN_POINT ( 'NONE',  ( -67.29999999999998300, 7.100000000000000500, -1.500000000000000000 ) ) ;
#3047 = CARTESIAN_POINT ( 'NONE',  ( 68.77500000000000600, 1.983047737188762900E-018, 0.9000000000000002400 ) ) ;
#3048 = DIRECTION ( 'NONE',  ( -0.0000000000000000000, -0.0000000000000000000, -1.000000000000000000 ) ) ;
#3049 = DIRECTION ( 'NONE',  ( -1.000000000000000000, 0.0000000000000000000, 0.0000000000000000000 ) ) ;
#3050 = EDGE_CURVE ( 'NONE', #5354, #4418, #6878, .T. ) ;
#3051 = PRESENTATION_LAYER_ASSIGNMENT (  '', '', ( #2598 ) ) ;
#3052 = FACE_OUTER_BOUND ( 'NONE', #4893, .T. ) ;
#3053 = EDGE_LOOP ( 'NONE', ( #7548, #2336, #7769, #2990, #3065, #5433, #4103, #979 ) ) ;
#3054 = CONTEXT_DEPENDENT_SHAPE_REPRESENTATION ( #6020, #6561 ) ;
#3055 = CARTESIAN_POINT ( 'NONE',  ( 5.374999999999996400, -3.779999999999999400, -0.8999999999999984700 ) ) ;
#3056 = AXIS2_PLACEMENT_3D ( 'NONE', #5130, #5849, #2137 ) ;
#3057 = DIRECTION ( 'NONE',  ( 0.0000000000000000000, 0.0000000000000000000, 1.000000000000000000 ) ) ;
#3058 = LINE ( 'NONE', #3047, #838 ) ;
#3059 = DIRECTION ( 'NONE',  ( 1.000000000000000000, 0.0000000000000000000, 0.0000000000000000000 ) ) ;
#3060 = ORIENTED_EDGE ( 'NONE', *, *, #5753, .T. ) ;
#3061 = ITEM_DEFINED_TRANSFORMATION ( 'NONE', 'NONE', #5152,  #7076 ) ;
#3062 = AXIS2_PLACEMENT_3D ( 'NONE', #5947, #6709, #6782 ) ;
#3063 = PLANE ( 'NONE',  #5768 ) ;
#3064 = DIRECTION ( 'NONE',  ( 1.000000000000000000, 0.0000000000000000000, 0.0000000000000000000 ) ) ;
#3065 = ORIENTED_EDGE ( 'NONE', *, *, #4994, .T. ) ;
#3066 = FACE_OUTER_BOUND ( 'NONE', #485, .T. ) ;
#3067 = DIRECTION ( 'NONE',  ( -1.000000000000000000, -7.542275982507847300E-016, 0.0000000000000000000 ) ) ;
#3068 = ORIENTED_EDGE ( 'NONE', *, *, #3275, .F. ) ;
#3069 = CONTEXT_DEPENDENT_SHAPE_REPRESENTATION ( #5004, #5379 ) ;
#3070 = AXIS2_PLACEMENT_3D ( 'NONE', #2471, #8945, #8215 ) ;
#3071 = DIRECTION ( 'NONE',  ( -0.0000000000000000000, -0.0000000000000000000, -1.000000000000000000 ) ) ;
#3072 = AXIS2_PLACEMENT_3D ( 'NONE', #5361, #6075, #1791 ) ;
#3073 = ORIENTED_EDGE ( 'NONE', *, *, #3414, .T. ) ;
#3074 = EDGE_CURVE ( 'NONE', #4845, #909, #4731, .T. ) ;
#3075 = DIRECTION ( 'NONE',  ( -0.0000000000000000000, -0.0000000000000000000, 1.000000000000000000 ) ) ;
#3076 = DIRECTION ( 'NONE',  ( 0.0000000000000000000, 1.000000000000000000, 0.0000000000000000000 ) ) ;
#3077 = ORIENTED_EDGE ( 'NONE', *, *, #8621, .F. ) ;
#3078 =( REPRESENTATION_RELATIONSHIP ('NONE','NONE', #6135, #6228 ) REPRESENTATION_RELATIONSHIP_WITH_TRANSFORMATION ( #8113 )SHAPE_REPRESENTATION_RELATIONSHIP( ) );
#3079 = CARTESIAN_POINT ( 'NONE',  ( -68.44006579232149100, 7.100000000000000500, -1.250000000000000000 ) ) ;
#3080 = CARTESIAN_POINT ( 'NONE',  ( 68.44006579232147700, 7.100000000000000500, 1.250000000000000000 ) ) ;
#3081 = ORIENTED_EDGE ( 'NONE', *, *, #8852, .T. ) ;
#3082 = VERTEX_POINT ( 'NONE', #2136 ) ;
#3083 = VECTOR ( 'NONE', #7356, 1000.000000000000000 ) ;
#3084 = DIRECTION ( 'NONE',  ( 1.000000000000000000, 0.0000000000000000000, 0.0000000000000000000 ) ) ;
#3085 = DIRECTION ( 'NONE',  ( 1.000000000000000000, 0.0000000000000000000, 0.0000000000000000000 ) ) ;
#3086 = EDGE_CURVE ( 'NONE', #5041, #7285, #7658, .T. ) ;
#3087 = ORIENTED_EDGE ( 'NONE', *, *, #3086, .F. ) ;
#3088 = DIRECTION ( 'NONE',  ( 0.0000000000000000000, -1.000000000000000000, -1.147303886228049800E-016 ) ) ;
#3089 = EDGE_LOOP ( 'NONE', ( #8476, #2238, #3295, #2470 ) ) ;
#3090 = ORIENTED_EDGE ( 'NONE', *, *, #987, .F. ) ;
#3091 = VECTOR ( 'NONE', #2931, 1000.000000000000000 ) ;
#3092 = LINE ( 'NONE', #1503, #1234 ) ;
#3093 = CARTESIAN_POINT ( 'NONE',  ( -67.29999999999999700, 10.59999999999998200, -3.249999999999990700 ) ) ;
#3094 = DIRECTION ( 'NONE',  ( 0.0000000000000000000, 0.0000000000000000000, 1.000000000000000000 ) ) ;
#3095 = EDGE_CURVE ( 'NONE', #6657, #7331, #4350, .T. ) ;
#3096 = EDGE_CURVE ( 'NONE', #4691, #5388, #8104, .T. ) ;
#3097 = ORIENTED_EDGE ( 'NONE', *, *, #2749, .F. ) ;
#3098 = FACE_OUTER_BOUND ( 'NONE', #5124, .T. ) ;
#3099 = ORIENTED_EDGE ( 'NONE', *, *, #6550, .F. ) ;
#3100 = AXIS2_PLACEMENT_3D ( 'NONE', #1344, #2755, #5749 ) ;
#3101 = FACE_OUTER_BOUND ( 'NONE', #441, .T. ) ;
#3102 = LINE ( 'NONE', #7919, #6726 ) ;
#3103 = CARTESIAN_POINT ( 'NONE',  ( 66.87500000000011400, -135.2593320108917700, 0.7899999999999919300 ) ) ;
#3104 = CIRCLE ( 'NONE', #1367, 1.000000000000000900 ) ;
#3105 = CARTESIAN_POINT ( 'NONE',  ( -63.50000000000000000, 0.3999999999999922500, 2.600000000000000500 ) ) ;
#3106 =( REPRESENTATION_RELATIONSHIP ('NONE','NONE', #6135, #6228 ) REPRESENTATION_RELATIONSHIP_WITH_TRANSFORMATION ( #611 )SHAPE_REPRESENTATION_RELATIONSHIP( ) );
#3107 = DIRECTION ( 'NONE',  ( 0.0000000000000000000, 1.000000000000000000, 0.0000000000000000000 ) ) ;
#3108 = ITEM_DEFINED_TRANSFORMATION ( 'NONE', 'NONE', #2091,  #7076 ) ;
#3109 = ORIENTED_EDGE ( 'NONE', *, *, #4926, .T. ) ;
#3110 = FACE_OUTER_BOUND ( 'NONE', #7438, .T. ) ;
#3111 = CARTESIAN_POINT ( 'NONE',  ( 108.7999999999999800, 1.320871872221220400E-014, 0.0000000000000000000 ) ) ;
#3112 = EDGE_LOOP ( 'NONE', ( #4401, #6673, #2624, #8059 ) ) ;
#3113 = DIRECTION ( 'NONE',  ( -0.0000000000000000000, 0.0000000000000000000, -1.000000000000000000 ) ) ;
#3114 = VECTOR ( 'NONE', #6972, 1000.000000000000000 ) ;
#3115 = FACE_OUTER_BOUND ( 'NONE', #2267, .T. ) ;
#3116 = CARTESIAN_POINT ( 'NONE',  ( 67.46999999999999900, 14.83999999999983100, 1.249999999999996400 ) ) ;
#3117 = VERTEX_POINT ( 'NONE', #3364 ) ;
#3118 = AXIS2_PLACEMENT_3D ( 'NONE', #3103, #8796, #6707 ) ;
#3119 = DIRECTION ( 'NONE',  ( 0.0000000000000000000, 0.0000000000000000000, 1.000000000000000000 ) ) ;
#3120 = FACE_BOUND ( 'NONE', #5795, .T. ) ;
#3121 = DIRECTION ( 'NONE',  ( 0.0000000000000000000, 0.0000000000000000000, 1.000000000000000000 ) ) ;
#3122 =( REPRESENTATION_RELATIONSHIP ('NONE','NONE', #6135, #6228 ) REPRESENTATION_RELATIONSHIP_WITH_TRANSFORMATION ( #8603 )SHAPE_REPRESENTATION_RELATIONSHIP( ) );
#3123 = VECTOR ( 'NONE', #5878, 1000.000000000000000 ) ;
#3124 = CARTESIAN_POINT ( 'NONE',  ( 68.20000000000001700, 6.450000000000001100, 2.750000000000008900 ) ) ;
#3125 = DIRECTION ( 'NONE',  ( 0.0000000000000000000, -0.0000000000000000000, -1.000000000000000000 ) ) ;
#3126 = DIRECTION ( 'NONE',  ( 1.000000000000000000, 1.225453863971292700E-016, -0.0000000000000000000 ) ) ;
#3127 = VERTEX_POINT ( 'NONE', #2040 ) ;
#3128 = ADVANCED_FACE ( 'NONE', ( #2167 ), #4266, .T. ) ;
#3129 = AXIS2_PLACEMENT_3D ( 'NONE', #8813, #8298, #3251 ) ;
#3130 = ORIENTED_EDGE ( 'NONE', *, *, #4078, .T. ) ;
#3131 = CONTEXT_DEPENDENT_SHAPE_REPRESENTATION ( #428, #7862 ) ;
#3132 = DIRECTION ( 'NONE',  ( 0.0000000000000000000, 0.0000000000000000000, 1.000000000000000000 ) ) ;
#3133 = FACE_OUTER_BOUND ( 'NONE', #150, .T. ) ;
#3134 = EDGE_LOOP ( 'NONE', ( #7943, #8855, #6768, #4484 ) ) ;
#3135 = CARTESIAN_POINT ( 'NONE',  ( 67.46999999999999900, 3.234711976998478900, 3.210000000000000000 ) ) ;
#3136 = PRODUCT_DEFINITION_SHAPE ( 'NONE', 'NONE',  #9106 ) ;
#3137 = CARTESIAN_POINT ( 'NONE',  ( -72.50000000000000000, 16.79999999999983700, -3.210000000000000900 ) ) ;
#3138 = CONTEXT_DEPENDENT_SHAPE_REPRESENTATION ( #2543, #2599 ) ;
#3139 = AXIS2_PLACEMENT_3D ( 'NONE', #2166, #7249, #6450 ) ;
#3140 = VECTOR ( 'NONE', #2318, 1000.000000000000000 ) ;
#3141 =( REPRESENTATION_RELATIONSHIP ('NONE','NONE', #6135, #6228 ) REPRESENTATION_RELATIONSHIP_WITH_TRANSFORMATION ( #3940 )SHAPE_REPRESENTATION_RELATIONSHIP( ) );
#3142 = ITEM_DEFINED_TRANSFORMATION ( 'NONE', 'NONE', #2660,  #7076 ) ;
#3143 = EDGE_LOOP ( 'NONE', ( #432, #2629, #3962, #2034, #8344 ) ) ;
#3144 = DIRECTION ( 'NONE',  ( 1.000000000000000000, 0.0000000000000000000, 0.0000000000000000000 ) ) ;
#3145 = CARTESIAN_POINT ( 'NONE',  ( 68.20000000000001700, 6.450000000000001100, 2.500000000000000000 ) ) ;
#3146 = EDGE_CURVE ( 'NONE', #2419, #7803, #2280, .T. ) ;
#3147 = VECTOR ( 'NONE', #477, 1000.000000000000000 ) ;
#3148 = VECTOR ( 'NONE', #1016, 1000.000000000000000 ) ;
#3149 = ORIENTED_EDGE ( 'NONE', *, *, #2197, .F. ) ;
#3150 = DIRECTION ( 'NONE',  ( 1.000000000000000000, 0.0000000000000000000, 0.0000000000000000000 ) ) ;
#3151 = DIRECTION ( 'NONE',  ( 0.0000000000000000000, 0.0000000000000000000, 1.000000000000000000 ) ) ;
#3152 =( REPRESENTATION_RELATIONSHIP ('NONE','NONE', #6135, #6228 ) REPRESENTATION_RELATIONSHIP_WITH_TRANSFORMATION ( #5871 )SHAPE_REPRESENTATION_RELATIONSHIP( ) );
#3153 = ORIENTED_EDGE ( 'NONE', *, *, #3095, .F. ) ;
#3154 = DIRECTION ( 'NONE',  ( 1.405967980527444000E-032, -1.147303886228049800E-016, 1.000000000000000000 ) ) ;
#3155 = CARTESIAN_POINT ( 'NONE',  ( 67.46999999999999900, 16.79999999999983700, -1.250000000000000200 ) ) ;
#3156 = PLANE ( 'NONE',  #625 ) ;
#3157 = DIRECTION ( 'NONE',  ( 0.0000000000000000000, -0.0000000000000000000, -1.000000000000000000 ) ) ;
#3158 = LINE ( 'NONE', #6321, #5199 ) ;
#3159 = EDGE_CURVE ( 'NONE', #505, #805, #7880, .T. ) ;
#3160 = ORIENTED_EDGE ( 'NONE', *, *, #3508, .T. ) ;
#3161 = CARTESIAN_POINT ( 'NONE',  ( 102.8499999999999800, 9.412051423554546600E-015, -1.600000000000000100 ) ) ;
#3162 = CONTEXT_DEPENDENT_SHAPE_REPRESENTATION ( #6826, #6859 ) ;
#3163 = DIRECTION ( 'NONE',  ( 0.0000000000000000000, 0.0000000000000000000, 1.000000000000000000 ) ) ;
#3164 = VERTEX_POINT ( 'NONE', #5741 ) ;
#3165 = VECTOR ( 'NONE', #7860, 1000.000000000000000 ) ;
#3166 = PRODUCT_DEFINITION_SHAPE ( 'NONE', 'NONE',  #9148 ) ;
#3167 = DIRECTION ( 'NONE',  ( 0.0000000000000000000, -0.0000000000000000000, -1.000000000000000000 ) ) ;
#3168 = ORIENTED_EDGE ( 'NONE', *, *, #1130, .F. ) ;
#3169 = DIRECTION ( 'NONE',  ( 0.0000000000000000000, 0.9974221446084792200, 0.07175698882075430600 ) ) ;
#3170 = ORIENTED_EDGE ( 'NONE', *, *, #5096, .T. ) ;
#3171 = DIRECTION ( 'NONE',  ( -1.000000000000000000, -1.225453863971292700E-016, 1.252177156955089600E-016 ) ) ;
#3172 = PLANE ( 'NONE',  #4162 ) ;
#3173 = EDGE_CURVE ( 'NONE', #3117, #5305, #3706, .T. ) ;
#3174 =( REPRESENTATION_RELATIONSHIP ('NONE','NONE', #6135, #6228 ) REPRESENTATION_RELATIONSHIP_WITH_TRANSFORMATION ( #7759 )SHAPE_REPRESENTATION_RELATIONSHIP( ) );
#3175 = DIRECTION ( 'NONE',  ( -1.000000000000000000, -1.214036647262151200E-016, 0.0000000000000000000 ) ) ;
#3176 = ADVANCED_FACE ( 'NONE', ( #5957 ), #93, .T. ) ;
#3177 = AXIS2_PLACEMENT_3D ( 'NONE', #5984, #3713, #3770 ) ;
#3178 = PRODUCT_DEFINITION_SHAPE ( 'NONE', 'NONE',  #9210 ) ;
#3179 = DIRECTION ( 'NONE',  ( 0.0000000000000000000, 0.0000000000000000000, 1.000000000000000000 ) ) ;
#3180 = ORIENTED_EDGE ( 'NONE', *, *, #4912, .T. ) ;
#3181 = CARTESIAN_POINT ( 'NONE',  ( 72.75000000000001400, 20.89999999999983900, -3.210000000000000000 ) ) ;
#3182 = VECTOR ( 'NONE', #1136, 1000.000000000000000 ) ;
#3183 = VERTEX_POINT ( 'NONE', #7203 ) ;
#3184 = DIRECTION ( 'NONE',  ( 0.0000000000000000000, 0.0000000000000000000, -1.000000000000000000 ) ) ;
#3185 = CARTESIAN_POINT ( 'NONE',  ( -69.20000000000001700, 6.450000000000001100, 2.500000000000000000 ) ) ;
#3186 = ORIENTED_EDGE ( 'NONE', *, *, #2417, .F. ) ;
#3187 = PRODUCT_DEFINITION_SHAPE ( 'NONE', 'NONE',  #9275 ) ;
#3188 = AXIS2_PLACEMENT_3D ( 'NONE', #6139, #3259, #6867 ) ;
#3189 = CARTESIAN_POINT ( 'NONE',  ( 71.39999999999999100, 8.668221661451758800E-015, 0.0000000000000000000 ) ) ;
#3190 =( REPRESENTATION_RELATIONSHIP ('NONE','NONE', #6135, #6228 ) REPRESENTATION_RELATIONSHIP_WITH_TRANSFORMATION ( #75 )SHAPE_REPRESENTATION_RELATIONSHIP( ) );
#3191 = VECTOR ( 'NONE', #6523, 1000.000000000000000 ) ;
#3192 = ORIENTED_EDGE ( 'NONE', *, *, #6864, .T. ) ;
#3193 = AXIS2_PLACEMENT_3D ( 'NONE', #753, #7887, #7169 ) ;
#3194 = CARTESIAN_POINT ( 'NONE',  ( 70.20000000000001700, 6.450000000000001100, 2.750000000000009300 ) ) ;
#3195 = CARTESIAN_POINT ( 'NONE',  ( -69.17499999999999700, -1.000000000000016900, -1.099999999999999900 ) ) ;
#3196 = DIRECTION ( 'NONE',  ( 0.0000000000000000000, 0.0000000000000000000, 1.000000000000000000 ) ) ;
#3197 = DIRECTION ( 'NONE',  ( 2.081668171172168500E-014, 1.000000000000000000, 0.0000000000000000000 ) ) ;
#3198 = ORIENTED_EDGE ( 'NONE', *, *, #7044, .F. ) ;
#3199 = AXIS2_PLACEMENT_3D ( 'NONE', #636, #6986, #3476 ) ;
#3200 = ORIENTED_EDGE ( 'NONE', *, *, #1936, .T. ) ;
#3201 = FACE_OUTER_BOUND ( 'NONE', #6049, .T. ) ;
#3202 = CARTESIAN_POINT ( 'NONE',  ( -70.99999999999998600, 4.234711976998479300, 3.210000000000000000 ) ) ;
#3203 = DIRECTION ( 'NONE',  ( 0.0000000000000000000, 0.0000000000000000000, 1.000000000000000000 ) ) ;
#3204 =( GEOMETRIC_REPRESENTATION_CONTEXT ( 3 ) GLOBAL_UNCERTAINTY_ASSIGNED_CONTEXT ( ( #6132 ) ) GLOBAL_UNIT_ASSIGNED_CONTEXT ( ( #1759, #1692, #6781 ) ) REPRESENTATION_CONTEXT ( 'NONE', 'WORKASPACE' ) );
#3205 = EDGE_CURVE ( 'NONE', #3572, #7247, #5851, .T. ) ;
#3206 = ORIENTED_EDGE ( 'NONE', *, *, #4871, .F. ) ;
#3207 =( REPRESENTATION_RELATIONSHIP ('NONE','NONE', #6135, #6228 ) REPRESENTATION_RELATIONSHIP_WITH_TRANSFORMATION ( #2036 )SHAPE_REPRESENTATION_RELATIONSHIP( ) );
#3208 = CARTESIAN_POINT ( 'NONE',  ( -64.29999999999999700, 19.29999999999983000, 3.210000000000000000 ) ) ;
#3209 = ORIENTED_EDGE ( 'NONE', *, *, #1862, .T. ) ;
#3210 = FACE_OUTER_BOUND ( 'NONE', #7396, .T. ) ;
#3211 = CARTESIAN_POINT ( 'NONE',  ( 90.09999999999998000, 1.093847019183198100E-014, 0.0000000000000000000 ) ) ;
#3212 = CARTESIAN_POINT ( 'NONE',  ( -67.46999999999999900, 16.79999999999983700, -3.210000000000000000 ) ) ;
#3213 = CARTESIAN_POINT ( 'NONE',  ( -67.29999999999998300, 7.100000000000000500, 1.500000000000000000 ) ) ;
#3214 = DIRECTION ( 'NONE',  ( 0.0000000000000000000, 1.000000000000000000, -0.0000000000000000000 ) ) ;
#3215 = ORIENTED_EDGE ( 'NONE', *, *, #6001, .T. ) ;
#3217 = EDGE_LOOP ( 'NONE', ( #5846, #41, #4687, #4477, #6907, #3968 ) ) ;
#3216 = DIRECTION ( 'NONE',  ( 0.0000000000000000000, 0.0000000000000000000, 1.000000000000000000 ) ) ;
#3218 = LINE ( 'NONE', #4806, #6949 ) ;
#3219 = VERTEX_POINT ( 'NONE', #5859 ) ;
#3220 = LINE ( 'NONE', #367, #4811 ) ;
#3221 = EDGE_CURVE ( 'NONE', #3658, #7606, #1611, .T. ) ;
#3222 = LINE ( 'NONE', #551, #8189 ) ;
#3223 = DIRECTION ( 'NONE',  ( 0.0000000000000000000, 0.9974221446084792200, 0.07175698882075430600 ) ) ;
#3224 = ADVANCED_FACE ( 'NONE', ( #2603 ), #5057, .F. ) ;
#3225 = ITEM_DEFINED_TRANSFORMATION ( 'NONE', 'NONE', #7859,  #7076 ) ;
#3226 = CIRCLE ( 'NONE', #835, 0.9999999999999983300 ) ;
#3227 = ORIENTED_EDGE ( 'NONE', *, *, #8731, .F. ) ;
#3228 = DIRECTION ( 'NONE',  ( 1.000000000000000000, 0.0000000000000000000, 0.0000000000000000000 ) ) ;
#3229 = VERTEX_POINT ( 'NONE', #1498 ) ;
#3230 = LINE ( 'NONE', #7030, #6851 ) ;
#3231 = EDGE_CURVE ( 'NONE', #8738, #2111, #6766, .T. ) ;
#3232 = LINE ( 'NONE', #128, #691 ) ;
#3233 = EDGE_CURVE ( 'NONE', #1452, #4021, #2706, .T. ) ;
#3234 = AXIS2_PLACEMENT_3D ( 'NONE', #4574, #5915, #5948 ) ;
#3235 = ITEM_DEFINED_TRANSFORMATION ( 'NONE', 'NONE', #7264,  #7076 ) ;
#3236 = ORIENTED_EDGE ( 'NONE', *, *, #5430, .T. ) ;
#3237 = CARTESIAN_POINT ( 'NONE',  ( -68.20000000000001700, 6.450000000000001100, -2.500000000000000000 ) ) ;
#3238 = FACE_OUTER_BOUND ( 'NONE', #8176, .T. ) ;
#3239 =( LENGTH_UNIT ( ) NAMED_UNIT ( * ) SI_UNIT ( .MILLI., .METRE. ) );
#3240 = DIRECTION ( 'NONE',  ( -1.000000000000000000, 0.0000000000000000000, 0.0000000000000000000 ) ) ;
#3241 = EDGE_LOOP ( 'NONE', ( #599, #2738 ) ) ;
#3242 = DIRECTION ( 'NONE',  ( 1.000000000000000000, 0.0000000000000000000, 0.0000000000000000000 ) ) ;
#3243 = DIRECTION ( 'NONE',  ( 0.0000000000000000000, 0.0000000000000000000, 1.000000000000000000 ) ) ;
#3244 = VECTOR ( 'NONE', #4635, 1000.000000000000000 ) ;
#3245 = CARTESIAN_POINT ( 'NONE',  ( 67.29999999999998300, 2.550000000000016300, 1.250000000000000000 ) ) ;
#3246 = DIRECTION ( 'NONE',  ( 1.000000000000000000, 0.0000000000000000000, 0.0000000000000000000 ) ) ;
#3247 = AXIS2_PLACEMENT_3D ( 'NONE', #6814, #4607, #2389 ) ;
#3248 = CONTEXT_DEPENDENT_SHAPE_REPRESENTATION ( #7136, #3626 ) ;
#3249 = VERTEX_POINT ( 'NONE', #844 ) ;
#3250 = DIRECTION ( 'NONE',  ( 0.0000000000000000000, 0.0000000000000000000, 1.000000000000000000 ) ) ;
#3251 = DIRECTION ( 'NONE',  ( 1.000000000000000000, 0.0000000000000000000, 0.0000000000000000000 ) ) ;
#3252 = CONTEXT_DEPENDENT_SHAPE_REPRESENTATION ( #3983, #219 ) ;
#3253 = VECTOR ( 'NONE', #4230, 1000.000000000000000 ) ;
#3254 = AXIS2_PLACEMENT_3D ( 'NONE', #1802, #8965, #2523 ) ;
#3255 = CONTEXT_DEPENDENT_SHAPE_REPRESENTATION ( #1866, #5149 ) ;
#3256 = EDGE_LOOP ( 'NONE', ( #8573, #1744, #5801, #2826 ) ) ;
#3257 = DIRECTION ( 'NONE',  ( -1.000000000000000000, -7.522539185544284900E-016, 1.215927670077201200E-016 ) ) ;
#3258 = DIRECTION ( 'NONE',  ( 0.0000000000000000000, 0.0000000000000000000, 1.000000000000000000 ) ) ;
#3259 = DIRECTION ( 'NONE',  ( 0.0000000000000000000, 0.0000000000000000000, 1.000000000000000000 ) ) ;
#3260 = PRESENTATION_LAYER_ASSIGNMENT (  '', '', ( #2209 ) ) ;
#3261 = DIRECTION ( 'NONE',  ( 0.0000000000000000000, 0.0000000000000000000, 1.000000000000000000 ) ) ;
#3262 = EDGE_CURVE ( 'NONE', #2833, #3887, #6077, .T. ) ;
#3263 = DIRECTION ( 'NONE',  ( 1.000000000000000000, 0.0000000000000000000, 0.0000000000000000000 ) ) ;
#3264 = CARTESIAN_POINT ( 'NONE',  ( -64.29999999999999700, 6.299999999999984700, -3.249999999999990700 ) ) ;
#3265 = ITEM_DEFINED_TRANSFORMATION ( 'NONE', 'NONE', #4047,  #7076 ) ;
#3266 = ORIENTED_EDGE ( 'NONE', *, *, #870, .F. ) ;
#3267 = CARTESIAN_POINT ( 'NONE',  ( 71.62516185987756500, 16.25792213073117800, 1.851125283331778200 ) ) ;
#3268 = CARTESIAN_POINT ( 'NONE',  ( 69.99999999999998600, 4.234711976998479300, 3.210000000000000000 ) ) ;
#3269 = CONTEXT_DEPENDENT_SHAPE_REPRESENTATION ( #3622, #1697 ) ;
#3270 = ADVANCED_FACE ( 'NONE', ( #256 ), #6466, .T. ) ;
#3271 = VECTOR ( 'NONE', #5090, 1000.000000000000000 ) ;
#3272 = ORIENTED_EDGE ( 'NONE', *, *, #2627, .F. ) ;
#3273 = VERTEX_POINT ( 'NONE', #57 ) ;
#3274 = CONTEXT_DEPENDENT_SHAPE_REPRESENTATION ( #5276, #1748 ) ;
#3275 = EDGE_CURVE ( 'NONE', #2906, #2724, #836, .T. ) ;
#3276 = EDGE_LOOP ( 'NONE', ( #1045, #1479, #4749, #8185 ) ) ;
#3277 = CARTESIAN_POINT ( 'NONE',  ( -69.20000000000001700, 6.449999999999983300, -1.250000000000000200 ) ) ;
#3278 = CARTESIAN_POINT ( 'NONE',  ( -70.20000000000001700, 6.450000000000001100, 0.9249999999999978200 ) ) ;
#3279 = LINE ( 'NONE', #729, #956 ) ;
#3280 = DIRECTION ( 'NONE',  ( 0.0000000000000000000, 0.0000000000000000000, 1.000000000000000000 ) ) ;
#3281 =( REPRESENTATION_RELATIONSHIP ('NONE','NONE', #6135, #6228 ) REPRESENTATION_RELATIONSHIP_WITH_TRANSFORMATION ( #7894 )SHAPE_REPRESENTATION_RELATIONSHIP( ) );
#3282 = ORIENTED_EDGE ( 'NONE', *, *, #4372, .T. ) ;
#3283 = DIRECTION ( 'NONE',  ( 0.0000000000000000000, -0.0000000000000000000, -1.000000000000000000 ) ) ;
#3284 = CARTESIAN_POINT ( 'NONE',  ( -70.99999999999998600, 14.79999999999983600, 3.210000000000000000 ) ) ;
#3285 = EDGE_CURVE ( 'NONE', #2259, #4919, #3477, .T. ) ;
#3286 = DIRECTION ( 'NONE',  ( -0.0000000000000000000, -1.000000000000000000, -0.0000000000000000000 ) ) ;
#3287 = CIRCLE ( 'NONE', #5937, 1.000000000000000900 ) ;
#3288 = ORIENTED_EDGE ( 'NONE', *, *, #7412, .T. ) ;
#3289 = CONTEXT_DEPENDENT_SHAPE_REPRESENTATION ( #77, #8548 ) ;
#3290 = CARTESIAN_POINT ( 'NONE',  ( -68.77499999999999100, -1.000000000000016700, 1.250000000000000200 ) ) ;
#3291 = CARTESIAN_POINT ( 'NONE',  ( -66.87500000000001400, 2.399999999999997200, 0.7900000000000082500 ) ) ;
#3292 = VECTOR ( 'NONE', #3223, 1000.000000000000100 ) ;
#3293 = DIRECTION ( 'NONE',  ( 0.0000000000000000000, 0.0000000000000000000, 1.000000000000000000 ) ) ;
#3294 = CARTESIAN_POINT ( 'NONE',  ( 66.87500000000000000, 15.60000000000011000, 0.7899999999999919300 ) ) ;
#3295 = ORIENTED_EDGE ( 'NONE', *, *, #1103, .F. ) ;
#3296 = CONTEXT_DEPENDENT_SHAPE_REPRESENTATION ( #8699, #4174 ) ;
#3297 = EDGE_CURVE ( 'NONE', #8182, #399, #3942, .T. ) ;
#3298 = CARTESIAN_POINT ( 'NONE',  ( -70.20000000000001700, 6.450000000000001100, 2.500000000000000000 ) ) ;
#3299 = VERTEX_POINT ( 'NONE', #7917 ) ;
#3300 = VERTEX_POINT ( 'NONE', #7263 ) ;
#3301 = SURFACE_STYLE_FILL_AREA ( #8131 ) ;
#3302 = DIRECTION ( 'NONE',  ( 0.0000000000000000000, 0.0000000000000000000, -1.000000000000000000 ) ) ;
#3303 = AXIS2_PLACEMENT_3D ( 'NONE', #3033, #5273, #5241 ) ;
#3304 = DIRECTION ( 'NONE',  ( 1.000000000000000000, 0.0000000000000000000, 0.0000000000000000000 ) ) ;
#3305 =( REPRESENTATION_RELATIONSHIP ('NONE','NONE', #6135, #6228 ) REPRESENTATION_RELATIONSHIP_WITH_TRANSFORMATION ( #7226 )SHAPE_REPRESENTATION_RELATIONSHIP( ) );
#3306 = CARTESIAN_POINT ( 'NONE',  ( 73.50000000000000000, 21.29999999999984100, -3.210000000000000000 ) ) ;
#3307 = AXIS2_PLACEMENT_3D ( 'NONE', #3435, #4185, #2088 ) ;
#3308 = ORIENTED_EDGE ( 'NONE', *, *, #5513, .F. ) ;
#3309 = ADVANCED_FACE ( 'NONE', ( #2039, #7989, #7435 ), #2933, .T. ) ;
#3310 = ORIENTED_EDGE ( 'NONE', *, *, #8506, .F. ) ;
#3311 = LINE ( 'NONE', #4044, #5023 ) ;
#3312 = DIRECTION ( 'NONE',  ( 1.000000000000000000, -0.0000000000000000000, -0.0000000000000000000 ) ) ;
#3313 = PRODUCT_DEFINITION_SHAPE ( 'NONE', 'NONE',  #9159 ) ;
#3314 = CARTESIAN_POINT ( 'NONE',  ( 67.29999999999999700, 10.60000000000000000, -3.249999999999990700 ) ) ;
#3315 = AXIS2_PLACEMENT_3D ( 'NONE', #5078, #4453, #179 ) ;
#3316 = DIRECTION ( 'NONE',  ( 1.000000000000000000, 0.0000000000000000000, 0.0000000000000000000 ) ) ;
#3317 = ORIENTED_EDGE ( 'NONE', *, *, #2542, .T. ) ;
#3318 = DIRECTION ( 'NONE',  ( 1.000000000000000000, 0.0000000000000000000, 0.0000000000000000000 ) ) ;
#3319 = ORIENTED_EDGE ( 'NONE', *, *, #2924, .T. ) ;
#3320 = LINE ( 'NONE', #117, #6942 ) ;
#3321 = FACE_OUTER_BOUND ( 'NONE', #3498, .T. ) ;
#3322 = DIRECTION ( 'NONE',  ( 1.000000000000000000, 1.225453863971292700E-016, -0.0000000000000000000 ) ) ;
#3323 = PRODUCT_DEFINITION_SHAPE ( 'NONE', 'NONE',  #9175 ) ;
#3324 = EDGE_CURVE ( 'NONE', #7562, #5816, #8901, .T. ) ;
#3325 = CARTESIAN_POINT ( 'NONE',  ( 19.54999999999997900, -8.002373145288780000E-015, -5.400000000000000400 ) ) ;
#3326 = CARTESIAN_POINT ( 'NONE',  ( -73.50000000000000000, 21.29999999999984100, 3.210000000000000000 ) ) ;
#3327 =( REPRESENTATION_RELATIONSHIP ('NONE','NONE', #6135, #6228 ) REPRESENTATION_RELATIONSHIP_WITH_TRANSFORMATION ( #6866 )SHAPE_REPRESENTATION_RELATIONSHIP( ) );
#3328 = PLANE ( 'NONE',  #596 ) ;
#3329 = CONTEXT_DEPENDENT_SHAPE_REPRESENTATION ( #612, #2607 ) ;
#3331 = VECTOR ( 'NONE', #6318, 1000.000000000000000 ) ;
#3330 = PRODUCT_DEFINITION_SHAPE ( 'NONE', 'NONE',  #9246 ) ;
#3332 = VERTEX_POINT ( 'NONE', #8712 ) ;
#3333 = ORIENTED_EDGE ( 'NONE', *, *, #4399, .F. ) ;
#3334 = LINE ( 'NONE', #5510, #6725 ) ;
#3335 = VECTOR ( 'NONE', #5803, 1000.000000000000000 ) ;
#3336 = FACE_OUTER_BOUND ( 'NONE', #2017, .T. ) ;
#3337 = CARTESIAN_POINT ( 'NONE',  ( -68.77499999999999100, -1.692931723852333100E-014, -1.099999999999999900 ) ) ;
#3338 = ORIENTED_EDGE ( 'NONE', *, *, #4517, .T. ) ;
#3339 = CARTESIAN_POINT ( 'NONE',  ( 56.94999999999998200, -3.461876084528334200E-015, -5.400000000000000400 ) ) ;
#3340 = DIRECTION ( 'NONE',  ( 1.000000000000000000, 0.0000000000000000000, 0.0000000000000000000 ) ) ;
#3341 = EDGE_CURVE ( 'NONE', #1083, #2571, #7325, .T. ) ;
#3342 =( REPRESENTATION_RELATIONSHIP ('NONE','NONE', #6135, #6228 ) REPRESENTATION_RELATIONSHIP_WITH_TRANSFORMATION ( #8348 )SHAPE_REPRESENTATION_RELATIONSHIP( ) );
#3343 = LINE ( 'NONE', #5533, #8082 ) ;
#3344 = ORIENTED_EDGE ( 'NONE', *, *, #6369, .F. ) ;
#3345 = LINE ( 'NONE', #2531, #7317 ) ;
#3346 = LINE ( 'NONE', #3145, #8541 ) ;
#3347 = ADVANCED_BREP_SHAPE_REPRESENTATION ( '', ( #7038, #7076 ), #1961 ) ;
#3348 = CARTESIAN_POINT ( 'NONE',  ( -70.20000000000001700, 6.449999999999983300, -3.249999999999990700 ) ) ;
#3349 = DIRECTION ( 'NONE',  ( -0.0000000000000000000, -1.000000000000000000, 0.0000000000000000000 ) ) ;
#3350 = ORIENTED_EDGE ( 'NONE', *, *, #4160, .T. ) ;
#3351 = DIRECTION ( 'NONE',  ( 0.0000000000000000000, 0.0000000000000000000, 1.000000000000000000 ) ) ;
#3352 = CARTESIAN_POINT ( 'NONE',  ( 72.50000000000000000, 16.79999999999983700, -3.210000000000000900 ) ) ;
#3353 = CONTEXT_DEPENDENT_SHAPE_REPRESENTATION ( #7707, #5312 ) ;
#3354 = EDGE_CURVE ( 'NONE', #1886, #2419, #8686, .T. ) ;
#3355 = ORIENTED_EDGE ( 'NONE', *, *, #4994, .F. ) ;
#3356 = VECTOR ( 'NONE', #7766, 1000.000000000000000 ) ;
#3357 = DIRECTION ( 'NONE',  ( 0.0000000000000000000, 0.0000000000000000000, 1.000000000000000000 ) ) ;
#3358 =( REPRESENTATION_RELATIONSHIP ('NONE','NONE', #6135, #6228 ) REPRESENTATION_RELATIONSHIP_WITH_TRANSFORMATION ( #6497 )SHAPE_REPRESENTATION_RELATIONSHIP( ) );
#3359 = EDGE_CURVE ( 'NONE', #2767, #7757, #6869, .T. ) ;
#3360 = VERTEX_POINT ( 'NONE', #2299 ) ;
#3361 = CARTESIAN_POINT ( 'NONE',  ( 67.29999999999999700, 10.60000000000000000, -3.249999999999990700 ) ) ;
#3362 = AXIS2_PLACEMENT_3D ( 'NONE', #585, #6422, #5010 ) ;
#3363 = CARTESIAN_POINT ( 'NONE',  ( 71.00000000000001400, 0.4000000000000087400, 3.249999999999991100 ) ) ;
#3364 = CARTESIAN_POINT ( 'NONE',  ( 64.29999999999999700, 6.299999999999999800, 0.7899999999999920400 ) ) ;
#3365 = DIRECTION ( 'NONE',  ( 0.0000000000000000000, 0.0000000000000000000, 1.000000000000000000 ) ) ;
#3366 = DIRECTION ( 'NONE',  ( -0.0000000000000000000, -0.0000000000000000000, 1.000000000000000000 ) ) ;
#3367 = PRODUCT_DEFINITION_SHAPE ( 'NONE', 'NONE',  #9051 ) ;
#3368 = LINE ( 'NONE', #5890, #6979 ) ;
#3369 = ADVANCED_FACE ( 'NONE', ( #7762 ), #3017, .F. ) ;
#3370 = CONTEXT_DEPENDENT_SHAPE_REPRESENTATION ( #6370, #7409 ) ;
#3371 = ORIENTED_EDGE ( 'NONE', *, *, #5600, .T. ) ;
#3372 = AXIS2_PLACEMENT_3D ( 'NONE', #7497, #2557, #3860 ) ;
#3373 = EDGE_LOOP ( 'NONE', ( #3380, #3350, #5697, #3872, #5257, #1659, #6671, #4276, #878, #4725 ) ) ;
#3374 = CARTESIAN_POINT ( 'NONE',  ( -69.20000000000001700, 6.449999999999983300, 1.250000000000000200 ) ) ;
#3375 = ORIENTED_EDGE ( 'NONE', *, *, #2296, .T. ) ;
#3376 = AXIS2_PLACEMENT_3D ( 'NONE', #6850, #2547, #8290 ) ;
#3377 = CYLINDRICAL_SURFACE ( 'NONE', #6752, 1.000000000000000900 ) ;
#3378 = CARTESIAN_POINT ( 'NONE',  ( -71.28834836213548000, 15.84446160858497500, 1.520902667769441700 ) ) ;
#3379 = CONTEXT_DEPENDENT_SHAPE_REPRESENTATION ( #3281, #6649 ) ;
#3380 = ORIENTED_EDGE ( 'NONE', *, *, #7821, .T. ) ;
#3381 = DIRECTION ( 'NONE',  ( 1.000000000000000000, 0.0000000000000000000, 0.0000000000000000000 ) ) ;
#3382 = AXIS2_PLACEMENT_3D ( 'NONE', #4705, #6884, #886 ) ;
#3383 = CARTESIAN_POINT ( 'NONE',  ( 64.29999999999999700, 3.234711976998492700, -0.9249999999999987100 ) ) ;
#3384 = LINE ( 'NONE', #7392, #4189 ) ;
#3385 = ORIENTED_EDGE ( 'NONE', *, *, #248, .T. ) ;
#3386 = CONTEXT_DEPENDENT_SHAPE_REPRESENTATION ( #3152, #6140 ) ;
#3387 = ORIENTED_EDGE ( 'NONE', *, *, #4089, .F. ) ;
#3388 = EDGE_CURVE ( 'NONE', #1080, #6128, #2271, .T. ) ;
#3389 = CARTESIAN_POINT ( 'NONE',  ( 109.6499999999999800, 2.936097046543201900E-015, -5.400000000000000400 ) ) ;
#3390 = VECTOR ( 'NONE', #7912, 1000.000000000000000 ) ;
#3391 = ORIENTED_EDGE ( 'NONE', *, *, #3967, .T. ) ;
#3392 = CONTEXT_DEPENDENT_SHAPE_REPRESENTATION ( #7460, #4889 ) ;
#3393 = EDGE_LOOP ( 'NONE', ( #2163, #4452, #2550, #7959 ) ) ;
#3394 = DIRECTION ( 'NONE',  ( 0.0000000000000000000, -1.000000000000000000, 0.0000000000000000000 ) ) ;
#3395 = CARTESIAN_POINT ( 'NONE',  ( 64.29999999999999700, 6.299999999999999800, -3.249999999999990700 ) ) ;
#3396 =( REPRESENTATION_RELATIONSHIP ('NONE','NONE', #6135, #6228 ) REPRESENTATION_RELATIONSHIP_WITH_TRANSFORMATION ( #8078 )SHAPE_REPRESENTATION_RELATIONSHIP( ) );
#3397 = LINE ( 'NONE', #4027, #7138 ) ;
#3398 = EDGE_CURVE ( 'NONE', #6463, #6982, #4622, .T. ) ;
#3400 = ORIENTED_EDGE ( 'NONE', *, *, #6954, .T. ) ;
#3399 = DIRECTION ( 'NONE',  ( 0.0000000000000000000, 0.0000000000000000000, 1.000000000000000000 ) ) ;
#3401 = CARTESIAN_POINT ( 'NONE',  ( -68.20000000000001700, 6.449999999999983300, -3.249999999999990700 ) ) ;
#3402 = ITEM_DEFINED_TRANSFORMATION ( 'NONE', 'NONE', #7251,  #7076 ) ;
#3403 = CARTESIAN_POINT ( 'NONE',  ( -69.17499999999998300, -1.712358942959331700E-014, -0.8999999999999998000 ) ) ;
#3404 = CARTESIAN_POINT ( 'NONE',  ( 55.24999999999997900, -3.668262314562899800E-015, -5.400000000000000400 ) ) ;
#3405 = CARTESIAN_POINT ( 'NONE',  ( -69.17499999999999700, -3.780000000000008200, 0.8999999999999998000 ) ) ;
#3406 =( REPRESENTATION_RELATIONSHIP ('NONE','NONE', #6135, #6228 ) REPRESENTATION_RELATIONSHIP_WITH_TRANSFORMATION ( #1491 )SHAPE_REPRESENTATION_RELATIONSHIP( ) );
#3407 = VECTOR ( 'NONE', #3729, 1000.000000000000000 ) ;
#3408 = DIRECTION ( 'NONE',  ( 1.000000000000000000, -0.0000000000000000000, -0.0000000000000000000 ) ) ;
#3409 = ORIENTED_EDGE ( 'NONE', *, *, #2590, .F. ) ;
#3410 = CARTESIAN_POINT ( 'NONE',  ( 64.29999999999999700, 2.400000000000000800, -3.249999999999990700 ) ) ;
#3411 = CONTEXT_DEPENDENT_SHAPE_REPRESENTATION ( #924, #758 ) ;
#3412 = DIRECTION ( 'NONE',  ( -0.0000000000000000000, -0.0000000000000000000, -1.000000000000000000 ) ) ;
#3413 = ADVANCED_FACE ( 'NONE', ( #7219 ), #4488, .F. ) ;
#3414 = EDGE_CURVE ( 'NONE', #6340, #4679, #5069, .T. ) ;
#3415 = DIRECTION ( 'NONE',  ( -1.000000000000000000, 0.0000000000000000000, 0.0000000000000000000 ) ) ;
#3416 = AXIS2_PLACEMENT_3D ( 'NONE', #1293, #6988, #1993 ) ;
#3417 = LINE ( 'NONE', #3245, #4110 ) ;
#3418 = CARTESIAN_POINT ( 'NONE',  ( 121.5500000000000000, 4.380800656785162600E-015, -5.400000000000000400 ) ) ;
#3419 = ORIENTED_EDGE ( 'NONE', *, *, #8985, .T. ) ;
#3420 = CARTESIAN_POINT ( 'NONE',  ( 17.84999999999998000, -8.208759375323345200E-015, -5.400000000000000400 ) ) ;
#3421 = CARTESIAN_POINT ( 'NONE',  ( -69.17499999999999700, -1.000000000000016700, 1.100000000000000300 ) ) ;
#3422 = ORIENTED_EDGE ( 'NONE', *, *, #6138, .F. ) ;
#3423 = PLANE ( 'NONE',  #1937 ) ;
#3424 = PLANE ( 'NONE',  #3436 ) ;
#3425 = ORIENTED_EDGE ( 'NONE', *, *, #5483, .T. ) ;
#3426 = LINE ( 'NONE', #492, #5802 ) ;
#3427 = DIRECTION ( 'NONE',  ( 0.0000000000000000000, 0.0000000000000000000, 1.000000000000000000 ) ) ;
#3428 = DIRECTION ( 'NONE',  ( 0.0000000000000000000, 0.0000000000000000000, 1.000000000000000000 ) ) ;
#3429 = ORIENTED_EDGE ( 'NONE', *, *, #8092, .F. ) ;
#3430 = DIRECTION ( 'NONE',  ( -7.542275982507847300E-016, 1.000000000000000000, -0.0000000000000000000 ) ) ;
#3431 = AXIS2_PLACEMENT_3D ( 'NONE', #8162, #332, #6787 ) ;
#3432 = ORIENTED_EDGE ( 'NONE', *, *, #5982, .T. ) ;
#3433 = CIRCLE ( 'NONE', #1092, 1.000000000000000900 ) ;
#3434 =( REPRESENTATION_RELATIONSHIP ('NONE','NONE', #6135, #6228 ) REPRESENTATION_RELATIONSHIP_WITH_TRANSFORMATION ( #3809 )SHAPE_REPRESENTATION_RELATIONSHIP( ) );
#3435 = CARTESIAN_POINT ( 'NONE',  ( 0.0000000000000000000, 0.0000000000000000000, -3.249999999999990700 ) ) ;
#3436 = AXIS2_PLACEMENT_3D ( 'NONE', #8384, #4074, #4131 ) ;
#3437 = DIRECTION ( 'NONE',  ( 0.0000000000000000000, 0.0000000000000000000, -1.000000000000000000 ) ) ;
#3438 = EDGE_CURVE ( 'NONE', #6445, #399, #1061, .T. ) ;
#3439 = CARTESIAN_POINT ( 'NONE',  ( -70.99999999999998600, 7.100000000000000500, 1.500000000000000000 ) ) ;
#3440 = ORIENTED_EDGE ( 'NONE', *, *, #3932, .T. ) ;
#3441 = DIRECTION ( 'NONE',  ( -0.0000000000000000000, -0.0000000000000000000, -1.000000000000000000 ) ) ;
#3442 = ORIENTED_EDGE ( 'NONE', *, *, #1790, .T. ) ;
#3443 = CIRCLE ( 'NONE', #6016, 1.000000000000000900 ) ;
#3444 = LINE ( 'NONE', #2392, #7370 ) ;
#3445 = DIRECTION ( 'NONE',  ( 0.0000000000000000000, 0.0000000000000000000, 1.000000000000000000 ) ) ;
#3446 = CARTESIAN_POINT ( 'NONE',  ( -70.20000000000001700, 6.449999999999983300, -3.250000000000008900 ) ) ;
#3447 = ORIENTED_EDGE ( 'NONE', *, *, #3657, .F. ) ;
#3448 = VECTOR ( 'NONE', #6022, 1000.000000000000000 ) ;
#3449 = ORIENTED_EDGE ( 'NONE', *, *, #2757, .F. ) ;
#3450 = LINE ( 'NONE', #5579, #2572 ) ;
#3451 = VECTOR ( 'NONE', #946, 1000.000000000000000 ) ;
#3452 = EDGE_CURVE ( 'NONE', #5014, #6081, #3368, .T. ) ;
#3453 = DIRECTION ( 'NONE',  ( 0.0000000000000000000, 0.0000000000000000000, 1.000000000000000000 ) ) ;
#3454 = CARTESIAN_POINT ( 'NONE',  ( 73.50000000000000000, 20.29999999999983700, 3.210000000000000000 ) ) ;
#3455 =( REPRESENTATION_RELATIONSHIP ('NONE','NONE', #6135, #6228 ) REPRESENTATION_RELATIONSHIP_WITH_TRANSFORMATION ( #7967 )SHAPE_REPRESENTATION_RELATIONSHIP( ) );
#3456 = ADVANCED_FACE ( 'NONE', ( #1702 ), #941, .F. ) ;
#3457 = CARTESIAN_POINT ( 'NONE',  ( 95.19999999999997400, 4.256129584786071300E-015, -3.800000000000000300 ) ) ;
#3458 = ITEM_DEFINED_TRANSFORMATION ( 'NONE', 'NONE', #2441,  #7076 ) ;
#3459 = VECTOR ( 'NONE', #2093, 1000.000000000000000 ) ;
#3460 = DIRECTION ( 'NONE',  ( -0.0000000000000000000, -0.0000000000000000000, -1.000000000000000000 ) ) ;
#3461 = CONTEXT_DEPENDENT_SHAPE_REPRESENTATION ( #5024, #5460 ) ;
#3462 = ORIENTED_EDGE ( 'NONE', *, *, #3285, .T. ) ;
#3463 = DIRECTION ( 'NONE',  ( 1.000000000000000000, 0.0000000000000000000, 0.0000000000000000000 ) ) ;
#3464 = EDGE_CURVE ( 'NONE', #3299, #8096, #1815, .T. ) ;
#3465 =( REPRESENTATION_RELATIONSHIP ('NONE','NONE', #6135, #6228 ) REPRESENTATION_RELATIONSHIP_WITH_TRANSFORMATION ( #7214 )SHAPE_REPRESENTATION_RELATIONSHIP( ) );
#3466 = CARTESIAN_POINT ( 'NONE',  ( -69.17499999999999700, -1.000000000000016900, -1.099999999999999900 ) ) ;
#3467 = VECTOR ( 'NONE', #7598, 1000.000000000000000 ) ;
#3468 = DIRECTION ( 'NONE',  ( -1.225453863971292700E-016, 1.000000000000000000, 0.0000000000000000000 ) ) ;
#3469 = DIRECTION ( 'NONE',  ( -1.000000000000000000, -0.0000000000000000000, -0.0000000000000000000 ) ) ;
#3470 = CARTESIAN_POINT ( 'NONE',  ( 114.7499999999999900, 3.555255736646899500E-015, -5.400000000000000400 ) ) ;
#3471 = ORIENTED_EDGE ( 'NONE', *, *, #5226, .F. ) ;
#3472 = DIRECTION ( 'NONE',  ( 1.000000000000000000, 0.0000000000000000000, 0.0000000000000000000 ) ) ;
#3473 = ORIENTED_EDGE ( 'NONE', *, *, #746, .F. ) ;
#3474 = PRODUCT_DEFINITION_SHAPE ( 'NONE', 'NONE',  #9124 ) ;
#3475 = ITEM_DEFINED_TRANSFORMATION ( 'NONE', 'NONE', #8272,  #7076 ) ;
#3476 = DIRECTION ( 'NONE',  ( 1.000000000000000000, 0.0000000000000000000, 0.0000000000000000000 ) ) ;
#3477 = LINE ( 'NONE', #1558, #3029 ) ;
#3478 = CARTESIAN_POINT ( 'NONE',  ( 96.04999999999998300, 8.586506503416284200E-015, -1.600000000000000100 ) ) ;
#3479 = EDGE_CURVE ( 'NONE', #2887, #470, #5522, .T. ) ;
#3480 = EDGE_CURVE ( 'NONE', #5145, #3658, #5902, .T. ) ;
#3481 = ORIENTED_EDGE ( 'NONE', *, *, #2340, .T. ) ;
#3482 = PRODUCT_DEFINITION_SHAPE ( 'NONE', 'NONE',  #9176 ) ;
#3483 =( NAMED_UNIT ( * ) PLANE_ANGLE_UNIT ( ) SI_UNIT ( $, .RADIAN. ) );
#3484 = ITEM_DEFINED_TRANSFORMATION ( 'NONE', 'NONE', #1025,  #7076 ) ;
#3485 = DIRECTION ( 'NONE',  ( -1.000000000000000000, 0.0000000000000000000, 0.0000000000000000000 ) ) ;
#3486 = ADVANCED_FACE ( 'NONE', ( #3133 ), #8158, .F. ) ;
#3487 =( REPRESENTATION_RELATIONSHIP ('NONE','NONE', #6135, #6228 ) REPRESENTATION_RELATIONSHIP_WITH_TRANSFORMATION ( #2679 )SHAPE_REPRESENTATION_RELATIONSHIP( ) );
#3488 = CARTESIAN_POINT ( 'NONE',  ( -72.99999999999998600, 16.79999999999983700, -3.210000000000000000 ) ) ;
#3489 = FACE_OUTER_BOUND ( 'NONE', #5761, .T. ) ;
#3490 = PRODUCT_DEFINITION_SHAPE ( 'NONE', 'NONE',  #9298 ) ;
#3491 = AXIS2_PLACEMENT_3D ( 'NONE', #6019, #8170, #3059 ) ;
#3492 = CONTEXT_DEPENDENT_SHAPE_REPRESENTATION ( #5501, #5421 ) ;
#3493 = ORIENTED_EDGE ( 'NONE', *, *, #7567, .F. ) ;
#3494 = DIRECTION ( 'NONE',  ( 0.0000000000000000000, -0.0000000000000000000, -1.000000000000000000 ) ) ;
#3495 = AXIS2_PLACEMENT_3D ( 'NONE', #4588, #1046, #1079 ) ;
#3496 = LINE ( 'NONE', #2929, #7004 ) ;
#3497 =( REPRESENTATION_RELATIONSHIP ('NONE','NONE', #6135, #6228 ) REPRESENTATION_RELATIONSHIP_WITH_TRANSFORMATION ( #8329 )SHAPE_REPRESENTATION_RELATIONSHIP( ) );
#3498 = EDGE_LOOP ( 'NONE', ( #5022, #830, #810, #851 ) ) ;
#3499 = CARTESIAN_POINT ( 'NONE',  ( -69.97499999999999400, -8.575113413139121300E-015, 2.250000000000000000 ) ) ;
#3500 = ORIENTED_EDGE ( 'NONE', *, *, #4864, .F. ) ;
#3501 = DIRECTION ( 'NONE',  ( 0.0000000000000000000, 0.9974221446084792200, 0.07175698882075430600 ) ) ;
#3502 = ADVANCED_FACE ( 'NONE', ( #4166 ), #3586, .T. ) ;
#3503 = AXIS2_PLACEMENT_3D ( 'NONE', #5543, #574, #8535 ) ;
#3504 = CARTESIAN_POINT ( 'NONE',  ( -69.20000000000001700, 6.449999999999983300, -3.249999999999990700 ) ) ;
#3505 = VECTOR ( 'NONE', #8008, 1000.000000000000000 ) ;
#3506 = ORIENTED_EDGE ( 'NONE', *, *, #3746, .T. ) ;
#3507 = CONTEXT_DEPENDENT_SHAPE_REPRESENTATION ( #2405, #2044 ) ;
#3508 = EDGE_CURVE ( 'NONE', #6934, #4901, #3931, .T. ) ;
#3509 = APPLICATION_PROTOCOL_DEFINITION ( 'draft international standard', 'automotive_design', 1998, #7175 ) ;
#3510 = FACE_OUTER_BOUND ( 'NONE', #8637, .T. ) ;
#3511 = CARTESIAN_POINT ( 'NONE',  ( 26.34999999999998000, -7.176828225150517700E-015, -5.400000000000000400 ) ) ;
#3512 = CARTESIAN_POINT ( 'NONE',  ( 68.20000000000001700, 6.450000000000001100, -3.250000000000008900 ) ) ;
#3513 = ORIENTED_EDGE ( 'NONE', *, *, #238, .T. ) ;
#3514 = CONTEXT_DEPENDENT_SHAPE_REPRESENTATION ( #138, #8792 ) ;
#3515 = CARTESIAN_POINT ( 'NONE',  ( 70.99999999999998600, 4.234711976998478500, -1.249999999999996700 ) ) ;
#3516 = DIRECTION ( 'NONE',  ( -1.000000000000000000, -3.965082230804127500E-015, 0.0000000000000000000 ) ) ;
#3517 = EDGE_CURVE ( 'NONE', #5886, #3754, #1603, .T. ) ;
#3518 = CIRCLE ( 'NONE', #5287, 2.000000000000001800 ) ;
#3519 = CARTESIAN_POINT ( 'NONE',  ( 67.29999999999998300, 7.100000000000000500, 1.500000000000000000 ) ) ;
#3520 = VERTEX_POINT ( 'NONE', #8850 ) ;
#3521 = DIRECTION ( 'NONE',  ( 0.0000000000000000000, 0.0000000000000000000, 1.000000000000000000 ) ) ;
#3522 = ITEM_DEFINED_TRANSFORMATION ( 'NONE', 'NONE', #2158,  #7076 ) ;
#3523 = CARTESIAN_POINT ( 'NONE',  ( 67.29999999999998300, 10.60000000000000000, 1.500000000000000000 ) ) ;
#3524 = DIRECTION ( 'NONE',  ( 0.0000000000000000000, 0.0000000000000000000, 1.000000000000000000 ) ) ;
#3525 =( REPRESENTATION_RELATIONSHIP ('NONE','NONE', #6135, #6228 ) REPRESENTATION_RELATIONSHIP_WITH_TRANSFORMATION ( #6062 )SHAPE_REPRESENTATION_RELATIONSHIP( ) );
#3526 = PRODUCT_DEFINITION_SHAPE ( 'NONE', 'NONE',  #9088 ) ;
#3527 = EDGE_CURVE ( 'NONE', #1842, #4791, #7546, .T. ) ;
#3528 = CARTESIAN_POINT ( 'NONE',  ( 68.20000000000001700, 0.4000000000000083500, -3.250000000000007500 ) ) ;
#3529 = VERTEX_POINT ( 'NONE', #4674 ) ;
#3530 = ADVANCED_FACE ( 'NONE', ( #9009 ), #5406, .F. ) ;
#3531 = CARTESIAN_POINT ( 'NONE',  ( 22.09999999999998700, -4.618478306700253600E-015, -3.800000000000000300 ) ) ;
#3532 = ORIENTED_EDGE ( 'NONE', *, *, #5526, .F. ) ;
#3533 = CARTESIAN_POINT ( 'NONE',  ( -67.29999999999998300, 7.100000000000000500, -1.250000000000000000 ) ) ;
#3534 = EDGE_CURVE ( 'NONE', #7517, #7826, #5842, .T. ) ;
#3535 = AXIS2_PLACEMENT_3D ( 'NONE', #6586, #200, #141 ) ;
#3536 = DIRECTION ( 'NONE',  ( 0.0000000000000000000, 0.0000000000000000000, 1.000000000000000000 ) ) ;
#3537 = DIRECTION ( 'NONE',  ( 1.000000000000000000, 0.0000000000000000000, 0.0000000000000000000 ) ) ;
#3538 = CARTESIAN_POINT ( 'NONE',  ( 5.374999999999996400, -3.779999999999999400, -1.049999999999998500 ) ) ;
#3539 = ORIENTED_EDGE ( 'NONE', *, *, #1931, .F. ) ;
#3540 = ORIENTED_EDGE ( 'NONE', *, *, #199, .T. ) ;
#3541 = LINE ( 'NONE', #7632, #6758 ) ;
#3542 = AXIS2_PLACEMENT_3D ( 'NONE', #4308, #2183, #3590 ) ;
#3543 = DIRECTION ( 'NONE',  ( 1.000000000000000000, 0.0000000000000000000, 0.0000000000000000000 ) ) ;
#3544 = CARTESIAN_POINT ( 'NONE',  ( 66.87500000000000000, 15.60000000000011000, 0.7899999999999919300 ) ) ;
#3545 = DIRECTION ( 'NONE',  ( -1.000000000000000000, 0.0000000000000000000, 0.0000000000000000000 ) ) ;
#3546 = ADVANCED_FACE ( 'NONE', ( #2165 ), #3172, .F. ) ;
#3547 = VERTEX_POINT ( 'NONE', #2513 ) ;
#3548 = ORIENTED_EDGE ( 'NONE', *, *, #3753, .F. ) ;
#3549 = LINE ( 'NONE', #7162, #4487 ) ;
#3550 = ORIENTED_EDGE ( 'NONE', *, *, #8731, .T. ) ;
#3551 = CARTESIAN_POINT ( 'NONE',  ( 74.50000000000000000, 21.29999999999983700, 3.210000000000000000 ) ) ;
#3552 = CARTESIAN_POINT ( 'NONE',  ( 5.099999999999987200, -6.682340607045911100E-015, -3.800000000000000300 ) ) ;
#3553 = DIRECTION ( 'NONE',  ( 0.0000000000000000000, 0.0000000000000000000, 1.000000000000000000 ) ) ;
#3554 = DIRECTION ( 'NONE',  ( 0.0000000000000000000, 0.0000000000000000000, 1.000000000000000000 ) ) ;
#3555 = AXIS2_PLACEMENT_3D ( 'NONE', #8911, #1089, #6067 ) ;
#3556 =( REPRESENTATION_RELATIONSHIP ('NONE','NONE', #6135, #6228 ) REPRESENTATION_RELATIONSHIP_WITH_TRANSFORMATION ( #8773 )SHAPE_REPRESENTATION_RELATIONSHIP( ) );
#3557 = ORIENTED_EDGE ( 'NONE', *, *, #948, .F. ) ;
#3558 = CARTESIAN_POINT ( 'NONE',  ( -69.17499999999998300, -1.712358942959331700E-014, 0.8999999999999998000 ) ) ;
#3559 = DIRECTION ( 'NONE',  ( 1.000000000000000000, 0.0000000000000000000, 0.0000000000000000000 ) ) ;
#3560 = FACE_BOUND ( 'NONE', #4680, .T. ) ;
#3561 = LINE ( 'NONE', #7823, #8661 ) ;
#3562 = FACE_OUTER_BOUND ( 'NONE', #1978, .T. ) ;
#3563 = AXIS2_PLACEMENT_3D ( 'NONE', #5520, #2038, #552 ) ;
#3564 = EDGE_CURVE ( 'NONE', #7750, #6268, #5630, .T. ) ;
#3565 = DIRECTION ( 'NONE',  ( 1.000000000000000000, 0.0000000000000000000, 0.0000000000000000000 ) ) ;
#3566 = DIRECTION ( 'NONE',  ( 0.0000000000000000000, 0.0000000000000000000, -1.000000000000000000 ) ) ;
#3567 = CONTEXT_DEPENDENT_SHAPE_REPRESENTATION ( #1943, #373 ) ;
#3568 = DIRECTION ( 'NONE',  ( 1.000000000000000000, 0.0000000000000000000, -0.0000000000000000000 ) ) ;
#3569 = ORIENTED_EDGE ( 'NONE', *, *, #2417, .T. ) ;
#3570 = LINE ( 'NONE', #6604, #7196 ) ;
#3571 = LINE ( 'NONE', #8557, #7197 ) ;
#3572 = VERTEX_POINT ( 'NONE', #6816 ) ;
#3573 = DIRECTION ( 'NONE',  ( 0.0000000000000000000, 0.0000000000000000000, 1.000000000000000000 ) ) ;
#3574 = CARTESIAN_POINT ( 'NONE',  ( 68.20000000000001700, 6.450000000000001100, -1.250000000000000200 ) ) ;
#3575 = EDGE_CURVE ( 'NONE', #5875, #5387, #3699, .T. ) ;
#3576 = CARTESIAN_POINT ( 'NONE',  ( 71.00000000000001400, 0.4000000000000087400, -3.250000000000008000 ) ) ;
#3577 = FACE_OUTER_BOUND ( 'NONE', #1784, .T. ) ;
#3578 = ADVANCED_FACE ( 'NONE', ( #5290 ), #6844, .T. ) ;
#3579 = CARTESIAN_POINT ( 'NONE',  ( -68.77499999999999100, -1.000000000000016700, 1.100000000000000300 ) ) ;
#3580 = VECTOR ( 'NONE', #7787, 1000.000000000000000 ) ;
#3581 = EDGE_LOOP ( 'NONE', ( #249, #6883, #5485, #634 ) ) ;
#3582 = CONTEXT_DEPENDENT_SHAPE_REPRESENTATION ( #1858, #3330 ) ;
#3583 = DIRECTION ( 'NONE',  ( 0.0000000000000000000, 0.3338068592337649600, -0.9426414910921805400 ) ) ;
#3584 = CARTESIAN_POINT ( 'NONE',  ( 63.74999999999998600, -2.636331164390071500E-015, -5.400000000000000400 ) ) ;
#3585 = CARTESIAN_POINT ( 'NONE',  ( -70.99999999999998600, 10.59999999999998200, -3.249999999999990700 ) ) ;
#3586 = CYLINDRICAL_SURFACE ( 'NONE', #3177, 1.000000000000000900 ) ;
#3587 = CARTESIAN_POINT ( 'NONE',  ( 71.00000000000001400, 20.49999999999983700, 3.210000000000000000 ) ) ;
#3588 = CONTEXT_DEPENDENT_SHAPE_REPRESENTATION ( #4833, #5892 ) ;
#3589 = CARTESIAN_POINT ( 'NONE',  ( 64.29999999999999700, 19.29999999999983000, 3.210000000000000000 ) ) ;
#3590 = DIRECTION ( 'NONE',  ( 1.000000000000000000, 0.0000000000000000000, 0.0000000000000000000 ) ) ;
#3591 = EDGE_CURVE ( 'NONE', #7371, #7431, #5179, .T. ) ;
#3592 =( REPRESENTATION_RELATIONSHIP ('NONE','NONE', #6135, #6228 ) REPRESENTATION_RELATIONSHIP_WITH_TRANSFORMATION ( #5853 )SHAPE_REPRESENTATION_RELATIONSHIP( ) );
#3593 = ORIENTED_EDGE ( 'NONE', *, *, #2278, .T. ) ;
#3594 = CARTESIAN_POINT ( 'NONE',  ( -74.50000000000000000, 21.29999999999983700, 3.210000000000000000 ) ) ;
#3595 = DIRECTION ( 'NONE',  ( -8.793487921733858600E-018, 0.07175698882075463900, 0.9974221446084793300 ) ) ;
#3596 = AXIS2_PLACEMENT_3D ( 'NONE', #2285, #3154, #8143 ) ;
#3597 = ORIENTED_EDGE ( 'NONE', *, *, #8009, .F. ) ;
#3598 = CARTESIAN_POINT ( 'NONE',  ( 69.17499999999999700, -3.779999999999991800, -0.8999999999999984700 ) ) ;
#3599 = CONTEXT_DEPENDENT_SHAPE_REPRESENTATION ( #4613, #6662 ) ;
#3600 = ADVANCED_FACE ( 'NONE', ( #6756 ), #8925, .T. ) ;
#3601 = CARTESIAN_POINT ( 'NONE',  ( 6.275000000000001200, 2.399999999999971900, -4.746008088970501900 ) ) ;
#3602 = DIRECTION ( 'NONE',  ( -0.0000000000000000000, -0.0000000000000000000, 1.000000000000000000 ) ) ;
#3603 = CYLINDRICAL_SURFACE ( 'NONE', #2302, 1.960000000000003100 ) ;
#3604 = EDGE_LOOP ( 'NONE', ( #5927, #2685, #6838, #4201 ) ) ;
#3605 =( NAMED_UNIT ( * ) SI_UNIT ( $, .STERADIAN. ) SOLID_ANGLE_UNIT ( ) );
#3606 = CONTEXT_DEPENDENT_SHAPE_REPRESENTATION ( #7448, #6963 ) ;
#3607 = DIRECTION ( 'NONE',  ( 0.0000000000000000000, 0.0000000000000000000, 1.000000000000000000 ) ) ;
#3608 = CARTESIAN_POINT ( 'NONE',  ( 67.97499999999999400, 8.330022640344861500E-015, 2.250000000000000000 ) ) ;
#3609 = LINE ( 'NONE', #6521, #6555 ) ;
#3610 = VERTEX_POINT ( 'NONE', #8954 ) ;
#3611 = ORIENTED_EDGE ( 'NONE', *, *, #4262, .F. ) ;
#3612 = DIRECTION ( 'NONE',  ( 0.0000000000000000000, -0.0000000000000000000, 1.000000000000000000 ) ) ;
#3613 = AXIS2_PLACEMENT_3D ( 'NONE', #8362, #2661, #4115 ) ;
#3614 = FACE_BOUND ( 'NONE', #7201, .T. ) ;
#3615 = ORIENTED_EDGE ( 'NONE', *, *, #6386, .T. ) ;
#3616 = ITEM_DEFINED_TRANSFORMATION ( 'NONE', 'NONE', #7423,  #7076 ) ;
#3617 = ORIENTED_EDGE ( 'NONE', *, *, #996, .F. ) ;
#3618 = CARTESIAN_POINT ( 'NONE',  ( 69.20000000000001700, 6.450000000000001100, -1.250000000000000200 ) ) ;
#3619 = CARTESIAN_POINT ( 'NONE',  ( 13.59999999999998700, -5.650409456873081900E-015, -3.800000000000000300 ) ) ;
#3620 = DIRECTION ( 'NONE',  ( -0.0000000000000000000, 0.0000000000000000000, -1.000000000000000000 ) ) ;
#3621 = AXIS2_PLACEMENT_3D ( 'NONE', #7908, #7836, #3545 ) ;
#3622 =( REPRESENTATION_RELATIONSHIP ('NONE','NONE', #6135, #6228 ) REPRESENTATION_RELATIONSHIP_WITH_TRANSFORMATION ( #4523 )SHAPE_REPRESENTATION_RELATIONSHIP( ) );
#3623 = DIRECTION ( 'NONE',  ( 1.000000000000000000, 0.0000000000000000000, -0.0000000000000000000 ) ) ;
#3624 = DIRECTION ( 'NONE',  ( 1.000000000000000000, 0.0000000000000000000, 0.0000000000000000000 ) ) ;
#3625 = VECTOR ( 'NONE', #8798, 1000.000000000000000 ) ;
#3626 = PRODUCT_DEFINITION_SHAPE ( 'NONE', 'NONE',  #9150 ) ;
#3627 = ORIENTED_EDGE ( 'NONE', *, *, #1673, .F. ) ;
#3628 = CARTESIAN_POINT ( 'NONE',  ( -70.99999999999998600, 2.550000000000016300, -1.250000000000000000 ) ) ;
#3629 = ITEM_DEFINED_TRANSFORMATION ( 'NONE', 'NONE', #4172,  #7076 ) ;
#3630 = AXIS2_PLACEMENT_3D ( 'NONE', #7150, #733, #7218 ) ;
#3631 = CARTESIAN_POINT ( 'NONE',  ( 70.99999999999998600, 9.167771687820280800, 1.249999999999998700 ) ) ;
#3632 = PRODUCT_DEFINITION_SHAPE ( 'NONE', 'NONE',  #9199 ) ;
#3633 = DIRECTION ( 'NONE',  ( 0.0000000000000000000, 0.0000000000000000000, 1.000000000000000000 ) ) ;
#3634 = VECTOR ( 'NONE', #8526, 1000.000000000000000 ) ;
#3635 = EDGE_CURVE ( 'NONE', #8969, #2847, #6298, .T. ) ;
#3636 =( REPRESENTATION_RELATIONSHIP ('NONE','NONE', #6135, #6228 ) REPRESENTATION_RELATIONSHIP_WITH_TRANSFORMATION ( #7600 )SHAPE_REPRESENTATION_RELATIONSHIP( ) );
#3637 = ORIENTED_EDGE ( 'NONE', *, *, #5657, .F. ) ;
#3638 = CONTEXT_DEPENDENT_SHAPE_REPRESENTATION ( #4473, #159 ) ;
#3639 = ORIENTED_EDGE ( 'NONE', *, *, #4786, .F. ) ;
#3640 = PRODUCT_DEFINITION_SHAPE ( 'NONE', 'NONE',  #9268 ) ;
#3641 = CARTESIAN_POINT ( 'NONE',  ( -63.49999999999998600, -2.100000000000000100, 2.600000000000000500 ) ) ;
#3642 = DIRECTION ( 'NONE',  ( -0.0000000000000000000, -0.0000000000000000000, -1.000000000000000000 ) ) ;
#3643 = VECTOR ( 'NONE', #6916, 1000.000000000000000 ) ;
#3644 = ADVANCED_FACE ( 'NONE', ( #3016 ), #453, .F. ) ;
#3645 = ORIENTED_EDGE ( 'NONE', *, *, #4505, .F. ) ;
#3646 = EDGE_CURVE ( 'NONE', #5354, #6268, #2697, .T. ) ;
#3647 = DIRECTION ( 'NONE',  ( 1.000000000000000000, 0.0000000000000000000, 0.0000000000000000000 ) ) ;
#3648 = DIRECTION ( 'NONE',  ( -1.000000000000000000, 0.0000000000000000000, 0.0000000000000000000 ) ) ;
#3649 = ORIENTED_EDGE ( 'NONE', *, *, #7738, .T. ) ;
#3650 = ORIENTED_EDGE ( 'NONE', *, *, #5873, .F. ) ;
#3651 = LINE ( 'NONE', #7718, #6823 ) ;
#3652 = CARTESIAN_POINT ( 'NONE',  ( 64.29999999999999700, 15.60000000000000100, -3.249999999999990700 ) ) ;
#3653 = CARTESIAN_POINT ( 'NONE',  ( -63.14999999999998400, -2.100000000000000100, 2.800000000000000300 ) ) ;
#3654 = PRODUCT_DEFINITION_SHAPE ( 'NONE', 'NONE',  #9044 ) ;
#3655 = DIRECTION ( 'NONE',  ( 1.000000000000000000, 0.0000000000000000000, 0.0000000000000000000 ) ) ;
#3656 = ORIENTED_EDGE ( 'NONE', *, *, #5711, .T. ) ;
#3657 = EDGE_CURVE ( 'NONE', #1880, #6997, #4396, .T. ) ;
#3658 = VERTEX_POINT ( 'NONE', #8410 ) ;
#3659 = CIRCLE ( 'NONE', #4776, 2.000000000000000000 ) ;
#3660 = DIRECTION ( 'NONE',  ( 0.0000000000000000000, 0.0000000000000000000, -1.000000000000000000 ) ) ;
#3661 =( REPRESENTATION_RELATIONSHIP ('NONE','NONE', #6135, #6228 ) REPRESENTATION_RELATIONSHIP_WITH_TRANSFORMATION ( #7804 )SHAPE_REPRESENTATION_RELATIONSHIP( ) );
#3662 = CARTESIAN_POINT ( 'NONE',  ( 101.1499999999999900, 9.205665193519981400E-015, -1.600000000000000100 ) ) ;
#3663 = VERTEX_POINT ( 'NONE', #1998 ) ;
#3664 = CARTESIAN_POINT ( 'NONE',  ( 5.374999999999991100, -7.987830873687331600E-015, -0.8999999999999998000 ) ) ;
#3665 = EDGE_LOOP ( 'NONE', ( #7730, #2461, #5177, #7352 ) ) ;
#3666 = AXIS2_PLACEMENT_3D ( 'NONE', #2919, #5812, #4381 ) ;
#3667 = ORIENTED_EDGE ( 'NONE', *, *, #4245, .T. ) ;
#3668 = VECTOR ( 'NONE', #6166, 1000.000000000000000 ) ;
#3669 = EDGE_LOOP ( 'NONE', ( #4443, #5267, #8149, #5331 ) ) ;
#3670 = CIRCLE ( 'NONE', #2785, 1.000000000000000400 ) ;
#3671 = PRODUCT_DEFINITION_SHAPE ( 'NONE', 'NONE',  #9069 ) ;
#3672 = VECTOR ( 'NONE', #6111, 1000.000000000000000 ) ;
#3673 = MECHANICAL_DESIGN_GEOMETRIC_PRESENTATION_REPRESENTATION (  '', ( #4658 ), #1610 ) ;
#3674 = CARTESIAN_POINT ( 'NONE',  ( 67.50000000000000000, 19.69999999999983200, -3.210000000000000000 ) ) ;
#3675 = LINE ( 'NONE', #8873, #6735 ) ;
#3676 = ORIENTED_EDGE ( 'NONE', *, *, #7288, .F. ) ;
#3677 = VECTOR ( 'NONE', #2865, 1000.000000000000000 ) ;
#3678 = LINE ( 'NONE', #1699, #8201 ) ;
#3679 = CARTESIAN_POINT ( 'NONE',  ( 69.20000000000001700, 6.450000000000001100, -3.249999999999990700 ) ) ;
#3680 = CARTESIAN_POINT ( 'NONE',  ( -69.17499999999999700, -1.696608892509070800E-014, -0.8999999999999998000 ) ) ;
#3681 = PLANE ( 'NONE',  #68 ) ;
#3682 = DIRECTION ( 'NONE',  ( 1.000000000000000000, -0.0000000000000000000, -0.0000000000000000000 ) ) ;
#3683 = AXIS2_PLACEMENT_3D ( 'NONE', #2384, #8885, #8122 ) ;
#3684 = MANIFOLD_SOLID_BREP ( 'LPattern2', #1398 ) ;
#3685 =( REPRESENTATION_RELATIONSHIP ('NONE','NONE', #6135, #6228 ) REPRESENTATION_RELATIONSHIP_WITH_TRANSFORMATION ( #7443 )SHAPE_REPRESENTATION_RELATIONSHIP( ) );
#3686 = CARTESIAN_POINT ( 'NONE',  ( -63.49999999999998600, -2.100000000000000100, 2.800000000000000300 ) ) ;
#3687 = DIRECTION ( 'NONE',  ( 0.0000000000000000000, 0.0000000000000000000, 1.000000000000000000 ) ) ;
#3688 = PLANE ( 'NONE',  #5420 ) ;
#3689 = CONTEXT_DEPENDENT_SHAPE_REPRESENTATION ( #2963, #8779 ) ;
#3690 = DIRECTION ( 'NONE',  ( -1.000000000000000000, 0.0000000000000000000, -0.0000000000000000000 ) ) ;
#3691 = VECTOR ( 'NONE', #2745, 1000.000000000000000 ) ;
#3692 = EDGE_CURVE ( 'NONE', #554, #3300, #8891, .T. ) ;
#3693 = ADVANCED_FACE ( 'NONE', ( #6411 ), #5512, .T. ) ;
#3694 = CARTESIAN_POINT ( 'NONE',  ( -64.29999999999999700, 15.59999999999998500, -3.249999999999990700 ) ) ;
#3695 = ORIENTED_EDGE ( 'NONE', *, *, #3480, .F. ) ;
#3696 = ORIENTED_EDGE ( 'NONE', *, *, #498, .T. ) ;
#3697 = CONTEXT_DEPENDENT_SHAPE_REPRESENTATION ( #5431, #7282 ) ;
#3698 = DIRECTION ( 'NONE',  ( 0.0000000000000000000, 0.0000000000000000000, 1.000000000000000000 ) ) ;
#3699 = LINE ( 'NONE', #7504, #3467 ) ;
#3700 = ORIENTED_EDGE ( 'NONE', *, *, #6196, .T. ) ;
#3701 = PLANE ( 'NONE',  #6245 ) ;
#3702 = EDGE_CURVE ( 'NONE', #5999, #6280, #8327, .T. ) ;
#3703 = CARTESIAN_POINT ( 'NONE',  ( 5.374999999999996400, -3.779999999999999400, -1.049999999999998500 ) ) ;
#3704 = CARTESIAN_POINT ( 'NONE',  ( -67.46999999999999900, 16.79999999999983700, -0.9249999999999970500 ) ) ;
#3705 = ORIENTED_EDGE ( 'NONE', *, *, #762, .F. ) ;
#3706 = LINE ( 'NONE', #3395, #7333 ) ;
#3707 = AXIS2_PLACEMENT_3D ( 'NONE', #3457, #837, #5824 ) ;
#3708 = ORIENTED_EDGE ( 'NONE', *, *, #2300, .F. ) ;
#3709 = EDGE_CURVE ( 'NONE', #8684, #4085, #5277, .T. ) ;
#3710 = DIRECTION ( 'NONE',  ( -1.214036647262151200E-016, 1.000000000000000000, 0.0000000000000000000 ) ) ;
#3711 = CONTEXT_DEPENDENT_SHAPE_REPRESENTATION ( #2395, #1860 ) ;
#3712 = CARTESIAN_POINT ( 'NONE',  ( -64.29999999999999700, 6.299999999999984700, -0.7899999999999920400 ) ) ;
#3713 = DIRECTION ( 'NONE',  ( 0.0000000000000000000, -0.0000000000000000000, -1.000000000000000000 ) ) ;
#3714 = CYLINDRICAL_SURFACE ( 'NONE', #6460, 1.000000000000000900 ) ;
#3715 = EDGE_CURVE ( 'NONE', #2622, #5593, #5837, .T. ) ;
#3716 = CARTESIAN_POINT ( 'NONE',  ( -72.99999999999998600, 14.79999999999983600, -1.250000000000000200 ) ) ;
#3717 = EDGE_LOOP ( 'NONE', ( #8867, #4365, #6000, #2173, #3391, #5615 ) ) ;
#3718 = CONTEXT_DEPENDENT_SHAPE_REPRESENTATION ( #4742, #8216 ) ;
#3719 = VERTEX_POINT ( 'NONE', #7746 ) ;
#3720 = DIRECTION ( 'NONE',  ( 0.0000000000000000000, 0.0000000000000000000, -1.000000000000000000 ) ) ;
#3721 = PLANE ( 'NONE',  #4753 ) ;
#3722 = ITEM_DEFINED_TRANSFORMATION ( 'NONE', 'NONE', #2954,  #7076 ) ;
#3723 = LINE ( 'NONE', #874, #6564 ) ;
#3724 = ORIENTED_EDGE ( 'NONE', *, *, #5271, .T. ) ;
#3725 = ORIENTED_EDGE ( 'NONE', *, *, #2973, .F. ) ;
#3726 = CARTESIAN_POINT ( 'NONE',  ( 32.29999999999999700, 3.921338370656748200E-015, 0.0000000000000000000 ) ) ;
#3727 = ORIENTED_EDGE ( 'NONE', *, *, #7022, .F. ) ;
#3728 = AXIS2_PLACEMENT_3D ( 'NONE', #6039, #3938, #2444 ) ;
#3729 = DIRECTION ( 'NONE',  ( 1.225453863971292700E-016, -1.000000000000000000, -0.0000000000000000000 ) ) ;
#3730 = FACE_OUTER_BOUND ( 'NONE', #8049, .T. ) ;
#3731 = PLANE ( 'NONE',  #3535 ) ;
#3732 = VERTEX_POINT ( 'NONE', #4071 ) ;
#3733 = CONTEXT_DEPENDENT_SHAPE_REPRESENTATION ( #4501, #3654 ) ;
#3734 = DIRECTION ( 'NONE',  ( -1.000000000000000000, 0.0000000000000000000, 0.0000000000000000000 ) ) ;
#3735 = ADVANCED_FACE ( 'NONE', ( #2802 ), #6263, .F. ) ;
#3736 = AXIS2_PLACEMENT_3D ( 'NONE', #7452, #301, #6048 ) ;
#3737 = DIRECTION ( 'NONE',  ( 1.000000000000000000, 0.0000000000000000000, 0.0000000000000000000 ) ) ;
#3738 = CARTESIAN_POINT ( 'NONE',  ( -68.20000000000001700, 6.449999999999984200, -2.750000000000008900 ) ) ;
#3739 = CYLINDRICAL_SURFACE ( 'NONE', #3972, 2.000000000000001800 ) ;
#3740 = DIRECTION ( 'NONE',  ( 0.0000000000000000000, 1.000000000000000000, -0.0000000000000000000 ) ) ;
#3741 = VERTEX_POINT ( 'NONE', #7630 ) ;
#3742 = DIRECTION ( 'NONE',  ( 0.0000000000000000000, 1.000000000000000000, 0.0000000000000000000 ) ) ;
#3743 = AXIS2_PLACEMENT_3D ( 'NONE', #8882, #1060, #3197 ) ;
#3744 = CARTESIAN_POINT ( 'NONE',  ( 4.574999999999999300, 5.606451427668663500E-016, -2.250000000000000000 ) ) ;
#3745 = ITEM_DEFINED_TRANSFORMATION ( 'NONE', 'NONE', #2446,  #7076 ) ;
#3746 = EDGE_CURVE ( 'NONE', #7247, #8404, #2376, .T. ) ;
#3747 = SURFACE_SIDE_STYLE ('',( #6699 ) ) ;
#3748 = CARTESIAN_POINT ( 'NONE',  ( 6.275000000000002100, 5.399999999999975500, 0.7900000000000001500 ) ) ;
#3749 = CIRCLE ( 'NONE', #4455, 1.000000000000000900 ) ;
#3750 = EDGE_LOOP ( 'NONE', ( #1811, #112, #8727, #686 ) ) ;
#3751 = DIRECTION ( 'NONE',  ( 1.000000000000000000, 0.0000000000000000000, 0.0000000000000000000 ) ) ;
#3752 = DIRECTION ( 'NONE',  ( 1.000000000000000000, 0.0000000000000000000, 0.0000000000000000000 ) ) ;
#3753 = EDGE_CURVE ( 'NONE', #4567, #2906, #1262, .T. ) ;
#3754 = VERTEX_POINT ( 'NONE', #4883 ) ;
#3755 = CARTESIAN_POINT ( 'NONE',  ( -64.29999999999998300, 15.60000000000001200, -0.7899999999999921500 ) ) ;
#3756 = VERTEX_POINT ( 'NONE', #1186 ) ;
#3757 = DIRECTION ( 'NONE',  ( 1.000000000000000000, 0.0000000000000000000, -0.0000000000000000000 ) ) ;
#3758 = DIRECTION ( 'NONE',  ( 0.0000000000000000000, 0.0000000000000000000, 1.000000000000000000 ) ) ;
#3759 = VERTEX_POINT ( 'NONE', #7704 ) ;
#3760 = EDGE_LOOP ( 'NONE', ( #4624, #1863, #1203, #3884 ) ) ;
#3761 = FACE_OUTER_BOUND ( 'NONE', #2617, .T. ) ;
#3762 = EDGE_CURVE ( 'NONE', #6901, #3877, #31, .T. ) ;
#3763 = DIRECTION ( 'NONE',  ( -0.0000000000000000000, -2.675990735810954300E-016, -1.000000000000000000 ) ) ;
#3764 = PRODUCT_DEFINITION_SHAPE ( 'NONE', 'NONE',  #9169 ) ;
#3765 = PLANE ( 'NONE',  #5553 ) ;
#3766 = CARTESIAN_POINT ( 'NONE',  ( -69.20000000000001700, 6.449999999999983300, 2.750000000000008900 ) ) ;
#3767 = DIRECTION ( 'NONE',  ( 1.000000000000000000, 1.225453863971292700E-016, -0.0000000000000000000 ) ) ;
#3768 = DIRECTION ( 'NONE',  ( 0.0000000000000000000, 0.0000000000000000000, 1.000000000000000000 ) ) ;
#3769 = CARTESIAN_POINT ( 'NONE',  ( 74.50000000000000000, 21.29999999999983700, -3.210000000000000000 ) ) ;
#3770 = DIRECTION ( 'NONE',  ( 1.000000000000000000, 0.0000000000000000000, 0.0000000000000000000 ) ) ;
#3771 = VERTEX_POINT ( 'NONE', #6908 ) ;
#3772 = CARTESIAN_POINT ( 'NONE',  ( -67.29999999999998300, 10.60000000000000000, -1.500000000000000000 ) ) ;
#3773 = EDGE_LOOP ( 'NONE', ( #556, #5606, #1768, #2274, #7930, #2098, #1939, #5502 ) ) ;
#3774 = VECTOR ( 'NONE', #4237, 1000.000000000000000 ) ;
#3775 = LINE ( 'NONE', #3594, #6943 ) ;
#3776 = PRODUCT_DEFINITION_SHAPE ( 'NONE', 'NONE',  #9195 ) ;
#3777 = CARTESIAN_POINT ( 'NONE',  ( 68.20000000000001700, 6.450000000000001100, -3.249999999999990700 ) ) ;
#3778 = EDGE_CURVE ( 'NONE', #805, #2571, #2159, .T. ) ;
#3779 = AXIS2_PLACEMENT_3D ( 'NONE', #4156, #2602, #7657 ) ;
#3781 = COLOUR_RGB ( '',0.7960784313725489700, 0.8235294117647058400, 0.9372549019607843100 ) ;
#3780 = PRODUCT_DEFINITION_SHAPE ( 'NONE', 'NONE',  #9267 ) ;
#3783 = ORIENTED_EDGE ( 'NONE', *, *, #455, .T. ) ;
#3782 = DIRECTION ( 'NONE',  ( 0.0000000000000000000, 0.0000000000000000000, 1.000000000000000000 ) ) ;
#3784 = ORIENTED_EDGE ( 'NONE', *, *, #1813, .T. ) ;
#3785 = LINE ( 'NONE', #7198, #1588 ) ;
#3786 = ORIENTED_EDGE ( 'NONE', *, *, #7702, .T. ) ;
#3787 = FACE_OUTER_BOUND ( 'NONE', #1559, .T. ) ;
#3788 = DIRECTION ( 'NONE',  ( 1.000000000000000000, 0.0000000000000000000, 0.0000000000000000000 ) ) ;
#3789 = FACE_OUTER_BOUND ( 'NONE', #4796, .T. ) ;
#3790 = PLANE ( 'NONE',  #885 ) ;
#3791 = DIRECTION ( 'NONE',  ( -0.0000000000000000000, 0.0000000000000000000, -1.000000000000000000 ) ) ;
#3792 = AXIS2_PLACEMENT_3D ( 'NONE', #8108, #892, #7424 ) ;
#3793 = ADVANCED_FACE ( 'NONE', ( #1122 ), #5651, .F. ) ;
#3794 = CARTESIAN_POINT ( 'NONE',  ( -68.20000000000001700, 6.449999999999984200, 3.250000000000008900 ) ) ;
#3795 = CARTESIAN_POINT ( 'NONE',  ( 67.50000000000000000, 20.09999999999983400, -3.210000000000000000 ) ) ;
#3796 = FACE_OUTER_BOUND ( 'NONE', #9012, .T. ) ;
#3797 = VECTOR ( 'NONE', #6410, 1000.000000000000100 ) ;
#3798 = CARTESIAN_POINT ( 'NONE',  ( -68.77499999999999100, -3.780000000000008700, -1.049999999999998500 ) ) ;
#3799 = AXIS2_PLACEMENT_3D ( 'NONE', #6510, #723, #2190 ) ;
#3800 = ORIENTED_EDGE ( 'NONE', *, *, #4194, .F. ) ;
#3801 = CONTEXT_DEPENDENT_SHAPE_REPRESENTATION ( #7660, #1707 ) ;
#3802 = DIRECTION ( 'NONE',  ( 0.0000000000000000000, -0.0000000000000000000, -1.000000000000000000 ) ) ;
#3803 = VERTEX_POINT ( 'NONE', #3326 ) ;
#3804 = VECTOR ( 'NONE', #6992, 1000.000000000000000 ) ;
#3805 = SURFACE_SIDE_STYLE ('',( #3301 ) ) ;
#3806 = PLANE ( 'NONE',  #5015 ) ;
#3807 = CARTESIAN_POINT ( 'NONE',  ( -70.99999999999998600, 0.3999999999999913100, -3.249999999999990700 ) ) ;
#3808 = AXIS2_PLACEMENT_3D ( 'NONE', #1756, #4507, #6705 ) ;
#3809 = ITEM_DEFINED_TRANSFORMATION ( 'NONE', 'NONE', #1084,  #7076 ) ;
#3810 =( REPRESENTATION_RELATIONSHIP ('NONE','NONE', #6135, #6228 ) REPRESENTATION_RELATIONSHIP_WITH_TRANSFORMATION ( #5973 )SHAPE_REPRESENTATION_RELATIONSHIP( ) );
#3811 = ORIENTED_EDGE ( 'NONE', *, *, #5646, .T. ) ;
#3812 = CARTESIAN_POINT ( 'NONE',  ( 5.774999999999995900, -1.000000000000007500, 1.100000000000000300 ) ) ;
#3813 = CARTESIAN_POINT ( 'NONE',  ( -70.20000000000001700, 0.3999999999999914200, -2.750000000000008900 ) ) ;
#3814 = CONTEXT_DEPENDENT_SHAPE_REPRESENTATION ( #6880, #79 ) ;
#3815 = EDGE_CURVE ( 'NONE', #7873, #5225, #8677, .T. ) ;
#3816 = DIRECTION ( 'NONE',  ( 0.0000000000000000000, 0.0000000000000000000, 1.000000000000000000 ) ) ;
#3817 = ITEM_DEFINED_TRANSFORMATION ( 'NONE', 'NONE', #3006,  #7076 ) ;
#3818 = ORIENTED_EDGE ( 'NONE', *, *, #8583, .T. ) ;
#3819 = CARTESIAN_POINT ( 'NONE',  ( 51.00000000000000000, 6.191586901036970900E-015, 0.0000000000000000000 ) ) ;
#3820 = VERTEX_POINT ( 'NONE', #6932 ) ;
#3821 = CARTESIAN_POINT ( 'NONE',  ( 50.14999999999999100, 3.014078292483010500E-015, -1.600000000000000100 ) ) ;
#3822 = EDGE_LOOP ( 'NONE', ( #7181, #3282, #1026, #6606, #7985 ) ) ;
#3823 = DIRECTION ( 'NONE',  ( -2.081668171172168500E-014, 1.000000000000000000, 0.0000000000000000000 ) ) ;
#3824 = CARTESIAN_POINT ( 'NONE',  ( 64.29999999999999700, 6.299999999999999800, 0.7899999999999920400 ) ) ;
#3825 = CARTESIAN_POINT ( 'NONE',  ( -67.29999999999998300, 7.100000000000000500, 1.250000000000000000 ) ) ;
#3826 = ITEM_DEFINED_TRANSFORMATION ( 'NONE', 'NONE', #1249,  #7076 ) ;
#3827 = EDGE_CURVE ( 'NONE', #8293, #3003, #480, .T. ) ;
#3828 = ORIENTED_EDGE ( 'NONE', *, *, #5153, .F. ) ;
#3829 = DIRECTION ( 'NONE',  ( 0.0000000000000000000, 0.0000000000000000000, 1.000000000000000000 ) ) ;
#3830 = PLANE ( 'NONE',  #2666 ) ;
#3831 = VECTOR ( 'NONE', #7522, 1000.000000000000000 ) ;
#3832 = EDGE_LOOP ( 'NONE', ( #294, #5408, #6366, #7067 ) ) ;
#3833 = ORIENTED_EDGE ( 'NONE', *, *, #4033, .T. ) ;
#3834 = DIRECTION ( 'NONE',  ( -0.0000000000000000000, -0.0000000000000000000, -1.000000000000000000 ) ) ;
#3835 =( NAMED_UNIT ( * ) SI_UNIT ( $, .STERADIAN. ) SOLID_ANGLE_UNIT ( ) );
#3836 = EDGE_CURVE ( 'NONE', #4534, #1551, #7211, .T. ) ;
#3837 = ORIENTED_EDGE ( 'NONE', *, *, #7078, .T. ) ;
#3838 = CARTESIAN_POINT ( 'NONE',  ( -67.29999999999998300, 7.100000000000000500, 1.250000000000000000 ) ) ;
#3839 = DIRECTION ( 'NONE',  ( 0.0000000000000000000, -1.000000000000000000, 3.822843908301359300E-017 ) ) ;
#3840 = CARTESIAN_POINT ( 'NONE',  ( -67.46999999999999900, 16.79999999999983700, 3.210000000000000000 ) ) ;
#3841 = EDGE_CURVE ( 'NONE', #1619, #5954, #2262, .T. ) ;
#3842 = AXIS2_PLACEMENT_3D ( 'NONE', #4479, #7935, #4636 ) ;
#3843 = VECTOR ( 'NONE', #2772, 1000.000000000000000 ) ;
#3844 = DIRECTION ( 'NONE',  ( 1.000000000000000000, 0.0000000000000000000, 0.0000000000000000000 ) ) ;
#3845 = VERTEX_POINT ( 'NONE', #3512 ) ;
#3846 = CARTESIAN_POINT ( 'NONE',  ( 5.774999999999995900, -1.000000000000007500, 1.250000000000000200 ) ) ;
#3847 =( REPRESENTATION_RELATIONSHIP ('NONE','NONE', #6135, #6228 ) REPRESENTATION_RELATIONSHIP_WITH_TRANSFORMATION ( #483 )SHAPE_REPRESENTATION_RELATIONSHIP( ) );
#3848 = DIRECTION ( 'NONE',  ( 1.000000000000000000, 0.0000000000000000000, 0.0000000000000000000 ) ) ;
#3849 = EDGE_LOOP ( 'NONE', ( #7705, #5245, #5134, #4079 ) ) ;
#3850 = AXIS2_PLACEMENT_3D ( 'NONE', #4084, #3524, #8590 ) ;
#3851 = CARTESIAN_POINT ( 'NONE',  ( 56.09999999999999400, 6.810745591140667300E-015, 0.0000000000000000000 ) ) ;
#3852 = VECTOR ( 'NONE', #5283, 1000.000000000000000 ) ;
#3853 = CARTESIAN_POINT ( 'NONE',  ( 41.64999999999999100, 1.982147142310182100E-015, -1.600000000000000100 ) ) ;
#3854 =( REPRESENTATION_RELATIONSHIP ('NONE','NONE', #6135, #6228 ) REPRESENTATION_RELATIONSHIP_WITH_TRANSFORMATION ( #1062 )SHAPE_REPRESENTATION_RELATIONSHIP( ) );
#3855 = VERTEX_POINT ( 'NONE', #4762 ) ;
#3856 = CONTEXT_DEPENDENT_SHAPE_REPRESENTATION ( #6610, #100 ) ;
#3857 = CARTESIAN_POINT ( 'NONE',  ( 70.99999999999998600, 10.60000000000000000, 1.500000000000000000 ) ) ;
#3858 = DIRECTION ( 'NONE',  ( 0.0000000000000000000, 0.0000000000000000000, -1.000000000000000000 ) ) ;
#3859 = LINE ( 'NONE', #7494, #2955 ) ;
#3860 = DIRECTION ( 'NONE',  ( 1.000000000000000000, 0.0000000000000000000, 0.0000000000000000000 ) ) ;
#3861 = CARTESIAN_POINT ( 'NONE',  ( 69.97499999999999400, 8.575113413139121300E-015, 2.249999999999999600 ) ) ;
#3862 = ORIENTED_EDGE ( 'NONE', *, *, #2996, .F. ) ;
#3863 = AXIS2_PLACEMENT_3D ( 'NONE', #4462, #5965, #8172 ) ;
#3864 = CARTESIAN_POINT ( 'NONE',  ( 71.53351551801493700, 16.16639233337265900, 1.760994875883686600 ) ) ;
#3865 = DIRECTION ( 'NONE',  ( -1.225453863971292700E-016, 1.000000000000000000, 0.0000000000000000000 ) ) ;
#3866 = AXIS2_PLACEMENT_3D ( 'NONE', #609, #520, #8443 ) ;
#3867 = DIRECTION ( 'NONE',  ( 1.000000000000000000, 0.0000000000000000000, 0.0000000000000000000 ) ) ;
#3868 = LINE ( 'NONE', #7991, #6130 ) ;
#3869 = EDGE_CURVE ( 'NONE', #62, #1928, #938, .T. ) ;
#3870 = DIRECTION ( 'NONE',  ( 1.000000000000000000, 0.0000000000000000000, 0.0000000000000000000 ) ) ;
#3871 = DIRECTION ( 'NONE',  ( 1.000000000000000000, 0.0000000000000000000, 0.0000000000000000000 ) ) ;
#3872 = ORIENTED_EDGE ( 'NONE', *, *, #4194, .T. ) ;
#3873 = CARTESIAN_POINT ( 'NONE',  ( 71.00000000000001400, 0.4000000000000087400, 3.249999999999991100 ) ) ;
#3874 = DIRECTION ( 'NONE',  ( 0.0000000000000000000, 0.0000000000000000000, 1.000000000000000000 ) ) ;
#3875 = ORIENTED_EDGE ( 'NONE', *, *, #6603, .F. ) ;
#3876 = CARTESIAN_POINT ( 'NONE',  ( 4.574999999999999300, 0.4000000000000005800, 2.250000000000000000 ) ) ;
#3877 = VERTEX_POINT ( 'NONE', #4903 ) ;
#3878 = LINE ( 'NONE', #2002, #662 ) ;
#3879 = DIRECTION ( 'NONE',  ( 1.000000000000000000, 0.0000000000000000000, 0.0000000000000000000 ) ) ;
#3880 = DIRECTION ( 'NONE',  ( 0.0000000000000000000, 0.0000000000000000000, 1.000000000000000000 ) ) ;
#3881 = EDGE_CURVE ( 'NONE', #5730, #3741, #705, .T. ) ;
#3882 =( REPRESENTATION_RELATIONSHIP ('NONE','NONE', #6135, #6228 ) REPRESENTATION_RELATIONSHIP_WITH_TRANSFORMATION ( #5201 )SHAPE_REPRESENTATION_RELATIONSHIP( ) );
#3883 = DIRECTION ( 'NONE',  ( 1.000000000000000000, 0.0000000000000000000, 0.0000000000000000000 ) ) ;
#3884 = ORIENTED_EDGE ( 'NONE', *, *, #5165, .T. ) ;
#3885 = DIRECTION ( 'NONE',  ( -1.000000000000000000, 0.0000000000000000000, 0.0000000000000000000 ) ) ;
#3886 = ADVANCED_FACE ( 'NONE', ( #3577 ), #2582, .F. ) ;
#3887 = VERTEX_POINT ( 'NONE', #2701 ) ;
#3888 = LINE ( 'NONE', #6751, #4911 ) ;
#3889 = CARTESIAN_POINT ( 'NONE',  ( 69.20000000000001700, 6.450000000000001100, -2.750000000000008900 ) ) ;
#3890 = DIRECTION ( 'NONE',  ( 0.0000000000000000000, 0.0000000000000000000, 1.000000000000000000 ) ) ;
#3891 = DIRECTION ( 'NONE',  ( 1.000000000000000000, 0.0000000000000000000, 0.0000000000000000000 ) ) ;
#3892 = ORIENTED_EDGE ( 'NONE', *, *, #8092, .T. ) ;
#3893 = EDGE_CURVE ( 'NONE', #4568, #1928, #1691, .T. ) ;
#3894 = ORIENTED_EDGE ( 'NONE', *, *, #6126, .T. ) ;
#3895 = DIRECTION ( 'NONE',  ( 0.0000000000000000000, -0.0000000000000000000, 1.000000000000000000 ) ) ;
#3896 = ORIENTED_EDGE ( 'NONE', *, *, #7153, .T. ) ;
#3897 = AXIS2_PLACEMENT_3D ( 'NONE', #4530, #5125, #925 ) ;
#3898 = LINE ( 'NONE', #6865, #6505 ) ;
#3899 = LINE ( 'NONE', #4231, #800 ) ;
#3900 = DIRECTION ( 'NONE',  ( 1.000000000000000000, -0.0000000000000000000, -0.0000000000000000000 ) ) ;
#3901 = VECTOR ( 'NONE', #8408, 1000.000000000000000 ) ;
#3902 = DIRECTION ( 'NONE',  ( 0.0000000000000000000, 0.0000000000000000000, -1.000000000000000000 ) ) ;
#3903 = CARTESIAN_POINT ( 'NONE',  ( 0.0000000000000000000, 0.0000000000000000000, 0.0000000000000000000 ) ) ;
#3904 = CARTESIAN_POINT ( 'NONE',  ( -71.00357766110127500, 14.99884927527510200, -1.249999999999998200 ) ) ;
#3905 =( REPRESENTATION_RELATIONSHIP ('NONE','NONE', #6135, #6228 ) REPRESENTATION_RELATIONSHIP_WITH_TRANSFORMATION ( #6763 )SHAPE_REPRESENTATION_RELATIONSHIP( ) );
#3906 = DIRECTION ( 'NONE',  ( 0.0000000000000000000, -1.000000000000000000, 0.0000000000000000000 ) ) ;
#3907 = CONTEXT_DEPENDENT_SHAPE_REPRESENTATION ( #6426, #6363 ) ;
#3908 = FACE_OUTER_BOUND ( 'NONE', #4171, .T. ) ;
#3909 = DIRECTION ( 'NONE',  ( 0.0000000000000000000, 0.0000000000000000000, 1.000000000000000000 ) ) ;
#3910 = ORIENTED_EDGE ( 'NONE', *, *, #1049, .T. ) ;
#3911 = CARTESIAN_POINT ( 'NONE',  ( 4.574999999999999300, 0.4000000000000005800, 2.250000000000000000 ) ) ;
#3912 = EDGE_LOOP ( 'NONE', ( #459, #2493, #8724, #5118, #6379, #6960, #688, #4521, #8305, #776 ) ) ;
#3913 = CIRCLE ( 'NONE', #5071, 1.000000000000000900 ) ;
#3914 = LINE ( 'NONE', #5185, #8668 ) ;
#3915 = ORIENTED_EDGE ( 'NONE', *, *, #5807, .F. ) ;
#3916 = AXIS2_PLACEMENT_3D ( 'NONE', #7097, #8616, #7819 ) ;
#3917 = DIRECTION ( 'NONE',  ( 1.000000000000000000, 0.0000000000000000000, 0.0000000000000000000 ) ) ;
#3918 =( REPRESENTATION_RELATIONSHIP ('NONE','NONE', #6135, #6228 ) REPRESENTATION_RELATIONSHIP_WITH_TRANSFORMATION ( #8015 )SHAPE_REPRESENTATION_RELATIONSHIP( ) );
#3919 = DIRECTION ( 'NONE',  ( 0.0000000000000000000, 0.0000000000000000000, 1.000000000000000000 ) ) ;
#3920 = LINE ( 'NONE', #5589, #8435 ) ;
#3921 = CARTESIAN_POINT ( 'NONE',  ( 5.374999999999996400, -3.779999999999998900, 1.049999999999999800 ) ) ;
#3922 = CARTESIAN_POINT ( 'NONE',  ( -72.75000000000000000, 21.29999999999984100, 3.210000000000000000 ) ) ;
#3923 = ORIENTED_EDGE ( 'NONE', *, *, #6780, .F. ) ;
#3924 = AXIS2_PLACEMENT_3D ( 'NONE', #2248, #5895, #4584 ) ;
#3925 = PLANE ( 'NONE',  #7429 ) ;
#3926 = DIRECTION ( 'NONE',  ( 0.0000000000000000000, 0.0000000000000000000, 1.000000000000000000 ) ) ;
#3927 = CONTEXT_DEPENDENT_SHAPE_REPRESENTATION ( #3174, #8935 ) ;
#3928 = CARTESIAN_POINT ( 'NONE',  ( 62.89999999999998400, 3.347912141293228700E-016, -3.800000000000000300 ) ) ;
#3929 = CARTESIAN_POINT ( 'NONE',  ( 68.44006579232147700, 7.100000000000000500, -3.249999999999990700 ) ) ;
#3930 = AXIS2_PLACEMENT_3D ( 'NONE', #645, #6211, #1915 ) ;
#3931 = CIRCLE ( 'NONE', #5662, 0.9999999999999983300 ) ;
#3932 = EDGE_CURVE ( 'NONE', #2847, #3164, #7871, .T. ) ;
#3933 = DIRECTION ( 'NONE',  ( 0.0000000000000000000, 0.0000000000000000000, 1.000000000000000000 ) ) ;
#3934 = ITEM_DEFINED_TRANSFORMATION ( 'NONE', 'NONE', #591,  #7076 ) ;
#3935 = ORIENTED_EDGE ( 'NONE', *, *, #681, .T. ) ;
#3936 = DIRECTION ( 'NONE',  ( -0.0000000000000000000, 1.000000000000000000, -0.0000000000000000000 ) ) ;
#3937 = PRODUCT_DEFINITION_SHAPE ( 'NONE', 'NONE',  #9165 ) ;
#3938 = DIRECTION ( 'NONE',  ( 1.000000000000000000, 0.0000000000000000000, -0.0000000000000000000 ) ) ;
#3939 = CARTESIAN_POINT ( 'NONE',  ( -69.25000000000000000, 20.09999999999984200, 3.210000000000000000 ) ) ;
#3940 = ITEM_DEFINED_TRANSFORMATION ( 'NONE', 'NONE', #3070,  #7076 ) ;
#3941 = DIRECTION ( 'NONE',  ( 0.0000000000000000000, 0.0000000000000000000, -1.000000000000000000 ) ) ;
#3942 = LINE ( 'NONE', #2150, #5623 ) ;
#3943 =( REPRESENTATION_RELATIONSHIP ('NONE','NONE', #6135, #6228 ) REPRESENTATION_RELATIONSHIP_WITH_TRANSFORMATION ( #8694 )SHAPE_REPRESENTATION_RELATIONSHIP( ) );
#3944 = DIRECTION ( 'NONE',  ( -0.0000000000000000000, -0.0000000000000000000, -1.000000000000000000 ) ) ;
#3945 = ADVANCED_FACE ( 'NONE', ( #7653 ), #4966, .T. ) ;
#3946 = CONTEXT_DEPENDENT_SHAPE_REPRESENTATION ( #6160, #8774 ) ;
#3947 = ORIENTED_EDGE ( 'NONE', *, *, #2048, .F. ) ;
#3948 = PRODUCT_DEFINITION_SHAPE ( 'NONE', 'NONE',  #9204 ) ;
#3949 = DIRECTION ( 'NONE',  ( 0.0000000000000000000, 0.0000000000000000000, 1.000000000000000000 ) ) ;
#3950 = DIRECTION ( 'NONE',  ( -0.0000000000000000000, -0.0000000000000000000, -1.000000000000000000 ) ) ;
#3951 = EDGE_CURVE ( 'NONE', #336, #7451, #2592, .T. ) ;
#3952 = ITEM_DEFINED_TRANSFORMATION ( 'NONE', 'NONE', #1205,  #7076 ) ;
#3953 = PLANE ( 'NONE',  #2533 ) ;
#3954 = CARTESIAN_POINT ( 'NONE',  ( -63.14999999999998400, -2.100000000000000100, 2.800000000000000300 ) ) ;
#3955 = LINE ( 'NONE', #2261, #2056 ) ;
#3956 = PRODUCT_DEFINITION_SHAPE ( 'NONE', 'NONE',  #9248 ) ;
#3957 = VERTEX_POINT ( 'NONE', #730 ) ;
#3958 = DIRECTION ( 'NONE',  ( 0.0000000000000000000, 0.0000000000000000000, 1.000000000000000000 ) ) ;
#3959 = ITEM_DEFINED_TRANSFORMATION ( 'NONE', 'NONE', #3666,  #7076 ) ;
#3960 = CARTESIAN_POINT ( 'NONE',  ( 60.34999999999999400, 4.252395672690404000E-015, -1.600000000000000100 ) ) ;
#3961 =( REPRESENTATION_RELATIONSHIP ('NONE','NONE', #6135, #6228 ) REPRESENTATION_RELATIONSHIP_WITH_TRANSFORMATION ( #2520 )SHAPE_REPRESENTATION_RELATIONSHIP( ) );
#3962 = ORIENTED_EDGE ( 'NONE', *, *, #6981, .T. ) ;
#3963 = CARTESIAN_POINT ( 'NONE',  ( -72.99999999999998600, 14.79999999999983600, 1.249999999999998400 ) ) ;
#3964 = DIRECTION ( 'NONE',  ( 1.000000000000000000, 1.225453863971292700E-016, -0.0000000000000000000 ) ) ;
#3965 = ORIENTED_EDGE ( 'NONE', *, *, #3231, .T. ) ;
#3966 = LINE ( 'NONE', #8253, #1295 ) ;
#3967 = EDGE_CURVE ( 'NONE', #6430, #1782, #8209, .T. ) ;
#3968 = ORIENTED_EDGE ( 'NONE', *, *, #7988, .F. ) ;
#3969 = PLANE ( 'NONE',  #2948 ) ;
#3970 = ORIENTED_EDGE ( 'NONE', *, *, #6344, .F. ) ;
#3971 = DIRECTION ( 'NONE',  ( 1.000000000000000000, 0.0000000000000000000, 0.0000000000000000000 ) ) ;
#3972 = AXIS2_PLACEMENT_3D ( 'NONE', #6294, #4777, #1871 ) ;
#3973 = CONTEXT_DEPENDENT_SHAPE_REPRESENTATION ( #8208, #417 ) ;
#3974 = ORIENTED_EDGE ( 'NONE', *, *, #6799, .F. ) ;
#3975 = DIRECTION ( 'NONE',  ( 1.000000000000000000, 0.0000000000000000000, 0.0000000000000000000 ) ) ;
#3976 = VECTOR ( 'NONE', #7982, 1000.000000000000000 ) ;
#3977 = EDGE_LOOP ( 'NONE', ( #5056, #5786, #167, #668, #6050, #3310 ) ) ;
#3978 = CARTESIAN_POINT ( 'NONE',  ( -71.00000000000001400, 20.89999999999983900, 3.210000000000000000 ) ) ;
#3979 = DIRECTION ( 'NONE',  ( 0.0000000000000000000, 0.0000000000000000000, 1.000000000000000000 ) ) ;
#3980 = ORIENTED_EDGE ( 'NONE', *, *, #5001, .T. ) ;
#3981 = CARTESIAN_POINT ( 'NONE',  ( -69.95993420767852900, 7.100000000000000500, -1.250000000000000000 ) ) ;
#3982 = EDGE_CURVE ( 'NONE', #7055, #74, #1488, .T. ) ;
#3983 =( REPRESENTATION_RELATIONSHIP ('NONE','NONE', #6135, #6228 ) REPRESENTATION_RELATIONSHIP_WITH_TRANSFORMATION ( #1069 )SHAPE_REPRESENTATION_RELATIONSHIP( ) );
#3984 = CARTESIAN_POINT ( 'NONE',  ( 6.574999999999999300, 0.4000000000000008500, 2.250000000000000000 ) ) ;
#3985 = CARTESIAN_POINT ( 'NONE',  ( 6.574999999999999300, 0.4000000000000008500, 2.250000000000000000 ) ) ;
#3986 = VECTOR ( 'NONE', #2700, 1000.000000000000000 ) ;
#3987 = ORIENTED_EDGE ( 'NONE', *, *, #4245, .F. ) ;
#3988 = CARTESIAN_POINT ( 'NONE',  ( 5.774999999999995900, -7.878674033183994800E-015, -1.099999999999999900 ) ) ;
#3989 = CONTEXT_DEPENDENT_SHAPE_REPRESENTATION ( #6551, #1198 ) ;
#3990 = CARTESIAN_POINT ( 'NONE',  ( 69.25000000000000000, 20.09999999999984200, -3.210000000000000000 ) ) ;
#3991 = AXIS2_PLACEMENT_3D ( 'NONE', #1082, #280, #6059 ) ;
#3992 = CARTESIAN_POINT ( 'NONE',  ( 74.79999999999999700, 9.080994121520889200E-015, 0.0000000000000000000 ) ) ;
#3993 =( REPRESENTATION_RELATIONSHIP ('NONE','NONE', #6135, #6228 ) REPRESENTATION_RELATIONSHIP_WITH_TRANSFORMATION ( #4632 )SHAPE_REPRESENTATION_RELATIONSHIP( ) );
#3994 = ORIENTED_EDGE ( 'NONE', *, *, #2351, .F. ) ;
#3995 = LINE ( 'NONE', #7394, #710 ) ;
#3996 = VERTEX_POINT ( 'NONE', #6377 ) ;
#3997 = AXIS2_PLACEMENT_3D ( 'NONE', #4463, #4553, #2995 ) ;
#3998 = ORIENTED_EDGE ( 'NONE', *, *, #5481, .F. ) ;
#3999 = CARTESIAN_POINT ( 'NONE',  ( -67.46999999999999900, 16.79999999999983700, 3.210000000000000000 ) ) ;
#4000 = DIRECTION ( 'NONE',  ( 0.0000000000000000000, 0.0000000000000000000, 1.000000000000000000 ) ) ;
#4001 = ORIENTED_EDGE ( 'NONE', *, *, #5303, .F. ) ;
#4002 = AXIS2_PLACEMENT_3D ( 'NONE', #2705, #3445, #4906 ) ;
#4003 = ORIENTED_EDGE ( 'NONE', *, *, #206, .F. ) ;
#4004 = DIRECTION ( 'NONE',  ( 1.000000000000000000, 0.0000000000000000000, 0.0000000000000000000 ) ) ;
#4005 = DIRECTION ( 'NONE',  ( 1.000000000000000000, 0.0000000000000000000, 0.0000000000000000000 ) ) ;
#4006 = LINE ( 'NONE', #5889, #2333 ) ;
#4007 = CARTESIAN_POINT ( 'NONE',  ( -74.50000000000000000, 21.29999999999983700, 3.210000000000000000 ) ) ;
#4008 = DIRECTION ( 'NONE',  ( 0.0000000000000000000, 0.0000000000000000000, -1.000000000000000000 ) ) ;
#4009 = EDGE_CURVE ( 'NONE', #8789, #3219, #1052, .T. ) ;
#4010 = DIRECTION ( 'NONE',  ( 0.0000000000000000000, 0.0000000000000000000, 1.000000000000000000 ) ) ;
#4011 = DIRECTION ( 'NONE',  ( 0.0000000000000000000, 0.0000000000000000000, 1.000000000000000000 ) ) ;
#4012 = ORIENTED_EDGE ( 'NONE', *, *, #7538, .T. ) ;
#4013 = PLANE ( 'NONE',  #4817 ) ;
#4014 =( REPRESENTATION_RELATIONSHIP ('NONE','NONE', #6135, #6228 ) REPRESENTATION_RELATIONSHIP_WITH_TRANSFORMATION ( #2589 )SHAPE_REPRESENTATION_RELATIONSHIP( ) );
#4015 = EDGE_LOOP ( 'NONE', ( #3375, #5494, #3338, #8836 ) ) ;
#4016 = FACE_OUTER_BOUND ( 'NONE', #2004, .T. ) ;
#4017 = DIRECTION ( 'NONE',  ( 1.000000000000000000, -2.602085213965208300E-015, 0.0000000000000000000 ) ) ;
#4018 = DIRECTION ( 'NONE',  ( 1.000000000000000000, 0.0000000000000000000, 0.0000000000000000000 ) ) ;
#4019 = ORIENTED_EDGE ( 'NONE', *, *, #1703, .F. ) ;
#4020 = ORIENTED_EDGE ( 'NONE', *, *, #8291, .T. ) ;
#4021 = VERTEX_POINT ( 'NONE', #695 ) ;
#4022 = LINE ( 'NONE', #2843, #1674 ) ;
#4023 = ORIENTED_EDGE ( 'NONE', *, *, #6256, .T. ) ;
#4024 = VECTOR ( 'NONE', #5197, 1000.000000000000000 ) ;
#4025 = DIRECTION ( 'NONE',  ( 1.000000000000000000, 0.0000000000000000000, 0.0000000000000000000 ) ) ;
#4026 = EDGE_CURVE ( 'NONE', #470, #7974, #3920, .T. ) ;
#4027 = CARTESIAN_POINT ( 'NONE',  ( 67.29999999999998300, 7.100000000000000500, -1.250000000000000000 ) ) ;
#4028 = CARTESIAN_POINT ( 'NONE',  ( -64.29999999999999700, 8.250000000000000000, 0.9249999999999978200 ) ) ;
#4029 = DIRECTION ( 'NONE',  ( 1.000000000000000000, 1.982541115402063700E-015, 0.0000000000000000000 ) ) ;
#4030 = VECTOR ( 'NONE', #4960, 1000.000000000000000 ) ;
#4031 = ORIENTED_EDGE ( 'NONE', *, *, #5294, .F. ) ;
#4032 = VECTOR ( 'NONE', #7843, 1000.000000000000000 ) ;
#4033 = EDGE_CURVE ( 'NONE', #363, #336, #2030, .T. ) ;
#4034 = CYLINDRICAL_SURFACE ( 'NONE', #3621, 1.000000000000000900 ) ;
#4035 = VECTOR ( 'NONE', #7323, 1000.000000000000000 ) ;
#4036 = EDGE_CURVE ( 'NONE', #5577, #909, #6526, .T. ) ;
#4037 = LINE ( 'NONE', #2657, #8501 ) ;
#4038 = CONTEXT_DEPENDENT_SHAPE_REPRESENTATION ( #2273, #516 ) ;
#4039 = CARTESIAN_POINT ( 'NONE',  ( 67.46999999999999900, 14.83999999999983100, -1.250000000000000200 ) ) ;
#4040 = VECTOR ( 'NONE', #6252, 1000.000000000000000 ) ;
#4041 = LINE ( 'NONE', #5622, #3797 ) ;
#4042 =( REPRESENTATION_RELATIONSHIP ('NONE','NONE', #6135, #6228 ) REPRESENTATION_RELATIONSHIP_WITH_TRANSFORMATION ( #4606 )SHAPE_REPRESENTATION_RELATIONSHIP( ) );
#4043 = ORIENTED_EDGE ( 'NONE', *, *, #1735, .T. ) ;
#4044 = CARTESIAN_POINT ( 'NONE',  ( 67.46999999999999900, 16.79999999999983700, 3.210000000000000000 ) ) ;
#4045 = ADVANCED_FACE ( 'NONE', ( #8091 ), #5691, .T. ) ;
#4046 = DIRECTION ( 'NONE',  ( 0.0000000000000000000, 0.0000000000000000000, 1.000000000000000000 ) ) ;
#4047 = AXIS2_PLACEMENT_3D ( 'NONE', #8081, #3758, #2980 ) ;
#4048 = ITEM_DEFINED_TRANSFORMATION ( 'NONE', 'NONE', #8528,  #7076 ) ;
#4049 = EDGE_LOOP ( 'NONE', ( #7663, #8804, #5079, #4779 ) ) ;
#4050 = VECTOR ( 'NONE', #2712, 1000.000000000000000 ) ;
#4051 = VERTEX_POINT ( 'NONE', #7039 ) ;
#4052 = DIRECTION ( 'NONE',  ( 0.0000000000000000000, 0.0000000000000000000, 1.000000000000000000 ) ) ;
#4053 = CARTESIAN_POINT ( 'NONE',  ( 1.700000000000000000, 2.063862300345656900E-016, 0.0000000000000000000 ) ) ;
#4054 =( REPRESENTATION_RELATIONSHIP ('NONE','NONE', #6135, #6228 ) REPRESENTATION_RELATIONSHIP_WITH_TRANSFORMATION ( #5424 )SHAPE_REPRESENTATION_RELATIONSHIP( ) );
#4055 = ITEM_DEFINED_TRANSFORMATION ( 'NONE', 'NONE', #6106,  #7076 ) ;
#4056 = LINE ( 'NONE', #7087, #8229 ) ;
#4057 = AXIS2_PLACEMENT_3D ( 'NONE', #7559, #423, #2560 ) ;
#4058 = ITEM_DEFINED_TRANSFORMATION ( 'NONE', 'NONE', #960,  #7076 ) ;
#4059 = EDGE_LOOP ( 'NONE', ( #5318, #3308 ) ) ;
#4060 = CARTESIAN_POINT ( 'NONE',  ( 70.20000000000001700, 6.450000000000001100, -2.500000000000000000 ) ) ;
#4061 = DIRECTION ( 'NONE',  ( -1.000000000000000000, -1.214036647262151200E-016, 0.0000000000000000000 ) ) ;
#4062 = DIRECTION ( 'NONE',  ( 1.000000000000000000, 0.0000000000000000000, 0.0000000000000000000 ) ) ;
#4063 = AXIS2_PLACEMENT_3D ( 'NONE', #8352, #6910, #2601 ) ;
#4064 = CARTESIAN_POINT ( 'NONE',  ( 72.75000000000000000, 21.29999999999984100, 3.210000000000000000 ) ) ;
#4065 = DIRECTION ( 'NONE',  ( -0.0000000000000000000, -0.0000000000000000000, 1.000000000000000000 ) ) ;
#4066 = EDGE_CURVE ( 'NONE', #105, #8751, #360, .T. ) ;
#4067 = SURFACE_STYLE_FILL_AREA ( #6456 ) ;
#4068 = DIRECTION ( 'NONE',  ( 1.225453863971292700E-016, -1.000000000000000000, 0.0000000000000000000 ) ) ;
#4069 = AXIS2_PLACEMENT_3D ( 'NONE', #6435, #2152, #7882 ) ;
#4070 = EDGE_LOOP ( 'NONE', ( #7825, #1994, #211, #1516 ) ) ;
#4071 = CARTESIAN_POINT ( 'NONE',  ( -67.97499999999999400, 0.3999999999999917000, -2.250000000000000000 ) ) ;
#4072 = CARTESIAN_POINT ( 'NONE',  ( 70.99999999999998600, 4.234711976998479300, -0.9249999999999987100 ) ) ;
#4073 =( REPRESENTATION_RELATIONSHIP ('NONE','NONE', #6135, #6228 ) REPRESENTATION_RELATIONSHIP_WITH_TRANSFORMATION ( #4719 )SHAPE_REPRESENTATION_RELATIONSHIP( ) );
#4074 = DIRECTION ( 'NONE',  ( 1.000000000000000000, 0.0000000000000000000, -0.0000000000000000000 ) ) ;
#4075 = LINE ( 'NONE', #4563, #3148 ) ;
#4076 = ORIENTED_EDGE ( 'NONE', *, *, #7288, .T. ) ;
#4077 = ITEM_DEFINED_TRANSFORMATION ( 'NONE', 'NONE', #7566,  #7076 ) ;
#4078 = EDGE_CURVE ( 'NONE', #6463, #3771, #4608, .T. ) ;
#4079 = ORIENTED_EDGE ( 'NONE', *, *, #1684, .F. ) ;
#4080 = CARTESIAN_POINT ( 'NONE',  ( 124.0999999999999800, 7.764695495373685900E-015, -3.800000000000000300 ) ) ;
#4081 = CARTESIAN_POINT ( 'NONE',  ( -71.15660722728517800, 15.58902120802611600, 1.393145533952518100 ) ) ;
#4082 = DIRECTION ( 'NONE',  ( 1.000000000000000000, 0.0000000000000000000, 0.0000000000000000000 ) ) ;
#4083 = LINE ( 'NONE', #4816, #1526 ) ;
#4084 = CARTESIAN_POINT ( 'NONE',  ( 40.79999999999998300, -2.348229776320031300E-015, -3.800000000000000300 ) ) ;
#4085 = VERTEX_POINT ( 'NONE', #2218 ) ;
#4086 = CONTEXT_DEPENDENT_SHAPE_REPRESENTATION ( #5930, #6394 ) ;
#4087 = CARTESIAN_POINT ( 'NONE',  ( -69.17499999999999700, -1.674565250124418600E-014, 0.9000000000000002400 ) ) ;
#4088 = CARTESIAN_POINT ( 'NONE',  ( -69.17499999999999700, -1.696608892509070800E-014, -0.8999999999999998000 ) ) ;
#4089 = EDGE_CURVE ( 'NONE', #8877, #8277, #4282, .T. ) ;
#4091 = ORIENTED_EDGE ( 'NONE', *, *, #3836, .F. ) ;
#4090 = CARTESIAN_POINT ( 'NONE',  ( 71.00357764687726100, 14.99884856421461000, 1.249999999999996400 ) ) ;
#4092 = CARTESIAN_POINT ( 'NONE',  ( 68.77500000000000600, -1.000000000000000000, 1.100000000000000300 ) ) ;
#4093 = LINE ( 'NONE', #3538, #1207 ) ;
#4094 = PRODUCT_DEFINITION_SHAPE ( 'NONE', 'NONE',  #9162 ) ;
#4095 = VERTEX_POINT ( 'NONE', #3631 ) ;
#4096 = DIRECTION ( 'NONE',  ( 1.000000000000000000, 0.0000000000000000000, 0.0000000000000000000 ) ) ;
#4097 = DIRECTION ( 'NONE',  ( 0.0000000000000000000, 0.0000000000000000000, 1.000000000000000000 ) ) ;
#4098 = DIRECTION ( 'NONE',  ( 1.225453863971292700E-016, -1.000000000000000000, 0.0000000000000000000 ) ) ;
#4099 = PRODUCT_DEFINITION_SHAPE ( 'NONE', 'NONE',  #9193 ) ;
#4100 = LINE ( 'NONE', #6746, #1731 ) ;
#4101 = CARTESIAN_POINT ( 'NONE',  ( 11.04999999999998100, -9.034304295461607600E-015, -5.400000000000000400 ) ) ;
#4102 = CARTESIAN_POINT ( 'NONE',  ( 68.77500000000000600, -3.779999999999991800, -1.049999999999998500 ) ) ;
#4103 = ORIENTED_EDGE ( 'NONE', *, *, #2653, .T. ) ;
#4104 = ORIENTED_EDGE ( 'NONE', *, *, #5584, .F. ) ;
#4105 = AXIS2_PLACEMENT_3D ( 'NONE', #2758, #544, #4155 ) ;
#4106 = ORIENTED_EDGE ( 'NONE', *, *, #1115, .T. ) ;
#4107 = PRODUCT_DEFINITION_SHAPE ( 'NONE', 'NONE',  #9254 ) ;
#4108 = CARTESIAN_POINT ( 'NONE',  ( 125.7999999999999700, 7.971081725408252700E-015, -3.800000000000000300 ) ) ;
#4109 = DIRECTION ( 'NONE',  ( 0.0000000000000000000, 0.0000000000000000000, -1.000000000000000000 ) ) ;
#4110 = VECTOR ( 'NONE', #4737, 1000.000000000000000 ) ;
#4111 = DIRECTION ( 'NONE',  ( 0.0000000000000000000, 0.0000000000000000000, -1.000000000000000000 ) ) ;
#4112 = VERTEX_POINT ( 'NONE', #71 ) ;
#4113 = DIRECTION ( 'NONE',  ( 0.0000000000000000000, -1.000000000000000000, -0.0000000000000000000 ) ) ;
#4114 = AXIS2_PLACEMENT_3D ( 'NONE', #1478, #3536, #132 ) ;
#4115 = DIRECTION ( 'NONE',  ( 1.000000000000000000, 0.0000000000000000000, 0.0000000000000000000 ) ) ;
#4116 = DIRECTION ( 'NONE',  ( 0.0000000000000000000, 0.0000000000000000000, -1.000000000000000000 ) ) ;
#4117 = AXIS2_PLACEMENT_3D ( 'NONE', #2275, #7204, #7976 ) ;
#4118 = ORIENTED_EDGE ( 'NONE', *, *, #8276, .T. ) ;
#4119 = VERTEX_POINT ( 'NONE', #8695 ) ;
#4120 = VECTOR ( 'NONE', #684, 1000.000000000000000 ) ;
#4121 = DIRECTION ( 'NONE',  ( 0.0000000000000000000, 0.0000000000000000000, 1.000000000000000000 ) ) ;
#4122 = PRODUCT_DEFINITION_FORMATION_WITH_SPECIFIED_SOURCE ( 'ANY', '', #5182, .NOT_KNOWN. ) ;
#4123 = PRODUCT_DEFINITION_SHAPE ( 'NONE', 'NONE',  #9045 ) ;
#4124 = CARTESIAN_POINT ( 'NONE',  ( -69.17499999999999700, -1.000000000000016700, 1.100000000000000300 ) ) ;
#4125 = ORIENTED_EDGE ( 'NONE', *, *, #3388, .T. ) ;
#4126 = ORIENTED_EDGE ( 'NONE', *, *, #1382, .T. ) ;
#4127 = VECTOR ( 'NONE', #804, 1000.000000000000000 ) ;
#4128 = EDGE_CURVE ( 'NONE', #505, #2288, #1681, .T. ) ;
#4129 = DIRECTION ( 'NONE',  ( 1.000000000000000000, 0.0000000000000000000, 0.0000000000000000000 ) ) ;
#4130 = CARTESIAN_POINT ( 'NONE',  ( -68.20000000000001700, 6.449999999999983300, -3.249999999999990700 ) ) ;
#4131 = DIRECTION ( 'NONE',  ( -0.0000000000000000000, 0.0000000000000000000, -1.000000000000000000 ) ) ;
#4132 = ADVANCED_FACE ( 'NONE', ( #2422 ), #5031, .F. ) ;
#4133 = ORIENTED_EDGE ( 'NONE', *, *, #196, .T. ) ;
#4134 = ORIENTED_EDGE ( 'NONE', *, *, #1064, .F. ) ;
#4135 = LINE ( 'NONE', #4668, #7518 ) ;
#4136 = VECTOR ( 'NONE', #3516, 1000.000000000000000 ) ;
#4137 = LINE ( 'NONE', #3712, #8756 ) ;
#4138 = CARTESIAN_POINT ( 'NONE',  ( -69.97499999999999400, 0.3999999999999914700, -2.250000000000000000 ) ) ;
#4139 = CARTESIAN_POINT ( 'NONE',  ( 67.29999999999999700, 15.60000000000000000, -3.249999999999990700 ) ) ;
#4140 = DIRECTION ( 'NONE',  ( 0.0000000000000000000, 0.0000000000000000000, 1.000000000000000000 ) ) ;
#4141 = EDGE_CURVE ( 'NONE', #2342, #2474, #1909, .T. ) ;
#4142 =( REPRESENTATION_RELATIONSHIP ('NONE','NONE', #6135, #6228 ) REPRESENTATION_RELATIONSHIP_WITH_TRANSFORMATION ( #598 )SHAPE_REPRESENTATION_RELATIONSHIP( ) );
#4143 = VECTOR ( 'NONE', #8966, 1000.000000000000000 ) ;
#4144 = ORIENTED_EDGE ( 'NONE', *, *, #5526, .T. ) ;
#4145 = AXIS2_PLACEMENT_3D ( 'NONE', #971, #5206, #237 ) ;
#4146 = LINE ( 'NONE', #2721, #7851 ) ;
#4147 = VECTOR ( 'NONE', #160, 1000.000000000000000 ) ;
#4148 = CARTESIAN_POINT ( 'NONE',  ( 67.29999999999998300, 7.100000000000000500, 1.250000000000000000 ) ) ;
#4149 =( LENGTH_UNIT ( ) NAMED_UNIT ( * ) SI_UNIT ( .MILLI., .METRE. ) );
#4150 = DIRECTION ( 'NONE',  ( -0.0000000000000000000, 0.0000000000000000000, -1.000000000000000000 ) ) ;
#4151 = ORIENTED_EDGE ( 'NONE', *, *, #2627, .T. ) ;
#4152 = CARTESIAN_POINT ( 'NONE',  ( -63.50000000000000000, 0.3999999999999922500, 2.800000000000000300 ) ) ;
#4153 = DIRECTION ( 'NONE',  ( 0.0000000000000000000, 0.0000000000000000000, 1.000000000000000000 ) ) ;
#4154 = CARTESIAN_POINT ( 'NONE',  ( 68.77500000000000600, -2.306998441008084300E-016, -1.099999999999999900 ) ) ;
#4155 = DIRECTION ( 'NONE',  ( -1.000000000000000000, 0.0000000000000000000, 0.0000000000000000000 ) ) ;
#4156 = CARTESIAN_POINT ( 'NONE',  ( 69.25000000000000000, 20.09999999999984200, 3.210000000000000000 ) ) ;
#4157 = ITEM_DEFINED_TRANSFORMATION ( 'NONE', 'NONE', #7495,  #7076 ) ;
#4158 = LINE ( 'NONE', #1036, #4600 ) ;
#4159 = CARTESIAN_POINT ( 'NONE',  ( 111.3499999999999800, 3.142483276577767900E-015, -5.400000000000000400 ) ) ;
#4160 = EDGE_CURVE ( 'NONE', #1529, #6169, #244, .T. ) ;
#4161 = ORIENTED_EDGE ( 'NONE', *, *, #6799, .T. ) ;
#4162 = AXIS2_PLACEMENT_3D ( 'NONE', #5398, #6783, #7537 ) ;
#4163 = CONTEXT_DEPENDENT_SHAPE_REPRESENTATION ( #1099, #1274 ) ;
#4164 = DIRECTION ( 'NONE',  ( 1.000000000000000000, 0.0000000000000000000, 0.0000000000000000000 ) ) ;
#4165 =( NAMED_UNIT ( * ) PLANE_ANGLE_UNIT ( ) SI_UNIT ( $, .RADIAN. ) );
#4166 = FACE_OUTER_BOUND ( 'NONE', #8184, .T. ) ;
#4167 = CARTESIAN_POINT ( 'NONE',  ( 70.99999999999998600, 7.100000000000000500, -1.500000000000000000 ) ) ;
#4168 = ADVANCED_FACE ( 'NONE', ( #3796 ), #8667, .T. ) ;
#4169 = DIRECTION ( 'NONE',  ( -0.0000000000000000000, -0.0000000000000000000, -1.000000000000000000 ) ) ;
#4170 = ITEM_DEFINED_TRANSFORMATION ( 'NONE', 'NONE', #2379,  #7076 ) ;
#4171 = EDGE_LOOP ( 'NONE', ( #6015, #967, #7623, #5236, #2554, #8485 ) ) ;
#4172 = AXIS2_PLACEMENT_3D ( 'NONE', #3339, #6938, #1309 ) ;
#4173 = CARTESIAN_POINT ( 'NONE',  ( 65.75000000000000000, 19.29999999999982300, -3.210000000000000000 ) ) ;
#4174 = PRODUCT_DEFINITION_SHAPE ( 'NONE', 'NONE',  #9023 ) ;
#4175 = CARTESIAN_POINT ( 'NONE',  ( -68.20000000000001700, 6.449999999999984200, -2.750000000000008900 ) ) ;
#4176 = DIRECTION ( 'NONE',  ( 1.000000000000000000, 0.0000000000000000000, 0.0000000000000000000 ) ) ;
#4177 = FACE_OUTER_BOUND ( 'NONE', #7901, .T. ) ;
#4178 = DIRECTION ( 'NONE',  ( 4.217903941582330800E-032, -3.441911658684148800E-016, -1.000000000000000000 ) ) ;
#4179 = CARTESIAN_POINT ( 'NONE',  ( 69.20000000000001700, 6.450000000000001100, 3.250000000000008900 ) ) ;
#4180 = FACE_OUTER_BOUND ( 'NONE', #1376, .T. ) ;
#4181 = DIRECTION ( 'NONE',  ( 1.000000000000000000, 0.0000000000000000000, 0.0000000000000000000 ) ) ;
#4182 =( REPRESENTATION_RELATIONSHIP ('NONE','NONE', #6135, #6228 ) REPRESENTATION_RELATIONSHIP_WITH_TRANSFORMATION ( #4623 )SHAPE_REPRESENTATION_RELATIONSHIP( ) );
#4183 = ORIENTED_EDGE ( 'NONE', *, *, #3359, .T. ) ;
#4184 = CARTESIAN_POINT ( 'NONE',  ( 68.77500000000000600, -3.779999999999991800, -0.8999999999999984700 ) ) ;
#4185 = DIRECTION ( 'NONE',  ( 0.0000000000000000000, -0.0000000000000000000, 1.000000000000000000 ) ) ;
#4186 = CARTESIAN_POINT ( 'NONE',  ( -69.20000000000001700, 6.449999999999983300, -3.249999999999990700 ) ) ;
#4187 = ADVANCED_FACE ( 'NONE', ( #4822 ), #5155, .F. ) ;
#4188 = AXIS2_PLACEMENT_3D ( 'NONE', #6563, #6592, #3737 ) ;
#4189 = VECTOR ( 'NONE', #895, 1000.000000000000000 ) ;
#4190 = VERTEX_POINT ( 'NONE', #8722 ) ;
#4191 = PRODUCT_DEFINITION_SHAPE ( 'NONE', 'NONE',  #9030 ) ;
#4192 = ORIENTED_EDGE ( 'NONE', *, *, #5922, .T. ) ;
#4193 = PRESENTATION_LAYER_ASSIGNMENT (  '', '', ( #7441 ) ) ;
#4194 = EDGE_CURVE ( 'NONE', #1754, #6121, #8880, .T. ) ;
#4195 = DIRECTION ( 'NONE',  ( 1.000000000000000000, 0.0000000000000000000, 0.0000000000000000000 ) ) ;
#4196 = DIRECTION ( 'NONE',  ( 0.0000000000000000000, 0.0000000000000000000, 1.000000000000000000 ) ) ;
#4197 = CARTESIAN_POINT ( 'NONE',  ( -69.97499999999999400, 0.3999999999999914700, 2.250000000000000000 ) ) ;
#4198 = VERTEX_POINT ( 'NONE', #2192 ) ;
#4199 = FACE_OUTER_BOUND ( 'NONE', #1708, .T. ) ;
#4200 = DIRECTION ( 'NONE',  ( -1.000000000000000000, 0.0000000000000000000, 0.0000000000000000000 ) ) ;
#4201 = ORIENTED_EDGE ( 'NONE', *, *, #7934, .F. ) ;
#4202 = ITEM_DEFINED_TRANSFORMATION ( 'NONE', 'NONE', #1302,  #7076 ) ;
#4203 = ORIENTED_EDGE ( 'NONE', *, *, #8301, .T. ) ;
#4204 = CARTESIAN_POINT ( 'NONE',  ( 68.77500000000000600, -1.000000000000000200, -1.099999999999999900 ) ) ;
#4205 = PLANE ( 'NONE',  #4519 ) ;
#4206 = CARTESIAN_POINT ( 'NONE',  ( 67.97499999999999400, 8.330022640344861500E-015, -2.250000000000000000 ) ) ;
#4207 = LINE ( 'NONE', #7059, #8937 ) ;
#4208 = EDGE_CURVE ( 'NONE', #2132, #2687, #1254, .T. ) ;
#4209 = EDGE_LOOP ( 'NONE', ( #87, #2380, #1372, #2332 ) ) ;
#4210 = ITEM_DEFINED_TRANSFORMATION ( 'NONE', 'NONE', #2432,  #7076 ) ;
#4211 = CARTESIAN_POINT ( 'NONE',  ( 46.74999999999997900, -4.700193464735729000E-015, -5.400000000000000400 ) ) ;
#4212 = CARTESIAN_POINT ( 'NONE',  ( 69.97499999999999400, 0.4000000000000085700, -2.250000000000000000 ) ) ;
#4213 = LINE ( 'NONE', #264, #8605 ) ;
#4214 = EDGE_CURVE ( 'NONE', #7335, #8072, #4271, .T. ) ;
#4215 = DIRECTION ( 'NONE',  ( 0.0000000000000000000, -0.0000000000000000000, 1.000000000000000000 ) ) ;
#4216 = VERTEX_POINT ( 'NONE', #823 ) ;
#4217 = FILL_AREA_STYLE ('',( #8525 ) ) ;
#4218 = CONTEXT_DEPENDENT_SHAPE_REPRESENTATION ( #7311, #8259 ) ;
#4219 = DIRECTION ( 'NONE',  ( 1.000000000000000000, 1.225453863971292700E-016, -0.0000000000000000000 ) ) ;
#4220 = ADVANCED_FACE ( 'NONE', ( #7644 ), #5867, .F. ) ;
#4221 = EDGE_CURVE ( 'NONE', #8268, #3741, #1480, .T. ) ;
#4222 = DIRECTION ( 'NONE',  ( 0.0000000000000000000, -1.000000000000000000, -1.147303886228049800E-016 ) ) ;
#4223 = AXIS2_PLACEMENT_3D ( 'NONE', #6076, #4011, #3240 ) ;
#4224 = EDGE_LOOP ( 'NONE', ( #3266, #6358, #4126, #8387, #6231, #8520, #6755, #5690 ) ) ;
#4225 = LINE ( 'NONE', #4384, #2434 ) ;
#4226 = CARTESIAN_POINT ( 'NONE',  ( 102.8499999999999800, 2.110552126404939500E-015, -5.400000000000000400 ) ) ;
#4227 = ORIENTED_EDGE ( 'NONE', *, *, #8564, .T. ) ;
#4228 = DIRECTION ( 'NONE',  ( 0.0000000000000000000, -1.297076659421811900E-016, 1.000000000000000000 ) ) ;
#4229 = ORIENTED_EDGE ( 'NONE', *, *, #4160, .F. ) ;
#4230 = DIRECTION ( 'NONE',  ( 0.0000000000000000000, 0.0000000000000000000, 1.000000000000000000 ) ) ;
#4231 = CARTESIAN_POINT ( 'NONE',  ( -64.79999999999999700, 16.79999999999983700, 3.210000000000000000 ) ) ;
#4232 = ADVANCED_FACE ( 'NONE', ( #6404 ), #6476, .F. ) ;
#4233 = EDGE_LOOP ( 'NONE', ( #2658, #2193, #945, #3385 ) ) ;
#4234 = CARTESIAN_POINT ( 'NONE',  ( 66.87500000000000000, 15.60000000000011000, 0.7899999999999919300 ) ) ;
#4235 = DIRECTION ( 'NONE',  ( 0.0000000000000000000, -1.000000000000000000, -1.147303886228049800E-016 ) ) ;
#4236 = DIRECTION ( 'NONE',  ( 1.000000000000000000, 0.0000000000000000000, 0.0000000000000000000 ) ) ;
#4237 = DIRECTION ( 'NONE',  ( 0.0000000000000000000, 0.0000000000000000000, -1.000000000000000000 ) ) ;
#4238 = ORIENTED_EDGE ( 'NONE', *, *, #6309, .F. ) ;
#4239 = AXIS2_PLACEMENT_3D ( 'NONE', #2284, #3607, #1517 ) ;
#4240 = ORIENTED_EDGE ( 'NONE', *, *, #3096, .F. ) ;
#4241 = LINE ( 'NONE', #8097, #6935 ) ;
#4242 =( REPRESENTATION_RELATIONSHIP ('NONE','NONE', #6135, #6228 ) REPRESENTATION_RELATIONSHIP_WITH_TRANSFORMATION ( #7767 )SHAPE_REPRESENTATION_RELATIONSHIP( ) );
#4243 = DIRECTION ( 'NONE',  ( 0.0000000000000000000, -1.000000000000000000, 0.0000000000000000000 ) ) ;
#4244 = AXIS2_PLACEMENT_3D ( 'NONE', #3314, #510, #2626 ) ;
#4245 = EDGE_CURVE ( 'NONE', #1806, #8360, #3570, .T. ) ;
#4246 = PLANE ( 'NONE',  #3100 ) ;
#4247 = VERTEX_POINT ( 'NONE', #8303 ) ;
#4248 = EDGE_LOOP ( 'NONE', ( #1137, #3862, #6258, #3462 ) ) ;
#4249 = EDGE_LOOP ( 'NONE', ( #7616, #8330, #3506, #4590 ) ) ;
#4250 = VECTOR ( 'NONE', #3648, 1000.000000000000000 ) ;
#4251 = FACE_BOUND ( 'NONE', #4059, .T. ) ;
#4252 = PRODUCT_DEFINITION_SHAPE ( 'NONE', 'NONE',  #9152 ) ;
#4253 = DIRECTION ( 'NONE',  ( 0.0000000000000000000, 0.0000000000000000000, 1.000000000000000000 ) ) ;
#4254 = DIRECTION ( 'NONE',  ( 1.000000000000000000, 0.0000000000000000000, 0.0000000000000000000 ) ) ;
#4255 = PLANE ( 'NONE',  #7475 ) ;
#4256 = DIRECTION ( 'NONE',  ( 0.0000000000000000000, -0.0000000000000000000, -1.000000000000000000 ) ) ;
#4258 = FACE_OUTER_BOUND ( 'NONE', #5314, .T. ) ;
#4257 = PRODUCT_DEFINITION_SHAPE ( 'NONE', 'NONE',  #9197 ) ;
#4259 = VERTEX_POINT ( 'NONE', #7589 ) ;
#4260 = VECTOR ( 'NONE', #2237, 1000.000000000000000 ) ;
#4261 = LINE ( 'NONE', #3777, #5391 ) ;
#4262 = EDGE_CURVE ( 'NONE', #8751, #105, #4495, .T. ) ;
#4263 = CARTESIAN_POINT ( 'NONE',  ( 29.74999999999998200, -6.764055765081385700E-015, -5.400000000000000400 ) ) ;
#4264 = PLANE ( 'NONE',  #3362 ) ;
#4265 = FACE_OUTER_BOUND ( 'NONE', #4409, .T. ) ;
#4266 = PLANE ( 'NONE',  #7987 ) ;
#4267 = ADVANCED_FACE ( 'NONE', ( #5503 ), #5419, .T. ) ;
#4268 = PRODUCT_DEFINITION_SHAPE ( 'NONE', 'NONE',  #9240 ) ;
#4269 = CONTEXT_DEPENDENT_SHAPE_REPRESENTATION ( #7685, #3037 ) ;
#4270 = ITEM_DEFINED_TRANSFORMATION ( 'NONE', 'NONE', #6164,  #7076 ) ;
#4271 = LINE ( 'NONE', #7926, #7863 ) ;
#4272 = VECTOR ( 'NONE', #8393, 1000.000000000000000 ) ;
#4273 = DIRECTION ( 'NONE',  ( -0.0000000000000000000, 0.0000000000000000000, -1.000000000000000000 ) ) ;
#4274 = DIRECTION ( 'NONE',  ( 1.000000000000000000, 0.0000000000000000000, 0.0000000000000000000 ) ) ;
#4275 = CARTESIAN_POINT ( 'NONE',  ( -69.17499999999999700, -1.697833539308218300E-014, -1.099999999999999900 ) ) ;
#4276 = ORIENTED_EDGE ( 'NONE', *, *, #1936, .F. ) ;
#4277 = CARTESIAN_POINT ( 'NONE',  ( -64.29999999999999700, 17.29999999999983700, 3.210000000000000000 ) ) ;
#4278 = PRODUCT_DEFINITION_SHAPE ( 'NONE', 'NONE',  #9305 ) ;
#4279 = EDGE_CURVE ( 'NONE', #6542, #5387, #8776, .T. ) ;
#4280 = AXIS2_PLACEMENT_3D ( 'NONE', #3202, #8222, #8151 ) ;
#4281 = ITEM_DEFINED_TRANSFORMATION ( 'NONE', 'NONE', #355,  #7076 ) ;
#4282 = LINE ( 'NONE', #661, #142 ) ;
#4283 = CARTESIAN_POINT ( 'NONE',  ( 71.00000000000001400, 0.4000000000000087400, 3.249999999999991100 ) ) ;
#4284 = ADVANCED_FACE ( 'NONE', ( #5938 ), #2503, .T. ) ;
#4285 = DIRECTION ( 'NONE',  ( 0.0000000000000000000, 0.0000000000000000000, 1.000000000000000000 ) ) ;
#4286 = DIRECTION ( 'NONE',  ( 1.000000000000000000, 1.225453863971292700E-016, -0.0000000000000000000 ) ) ;
#4287 = ITEM_DEFINED_TRANSFORMATION ( 'NONE', 'NONE', #6221,  #7076 ) ;
#4288 = EDGE_LOOP ( 'NONE', ( #3090, #5344, #2951, #2561 ) ) ;
#4289 = VERTEX_POINT ( 'NONE', #3352 ) ;
#4290 = EDGE_CURVE ( 'NONE', #8231, #6169, #7827, .T. ) ;
#4291 = APPLICATION_PROTOCOL_DEFINITION ( 'draft international standard', 'automotive_design', 1998, #700 ) ;
#4292 = VECTOR ( 'NONE', #1188, 1000.000000000000000 ) ;
#4293 = DIRECTION ( 'NONE',  ( -0.0000000000000000000, 0.0000000000000000000, -1.000000000000000000 ) ) ;
#4294 = EDGE_CURVE ( 'NONE', #2641, #4534, #4938, .T. ) ;
#4295 = AXIS2_PLACEMENT_3D ( 'NONE', #855, #890, #6546 ) ;
#4296 = PLANE ( 'NONE',  #2819 ) ;
#4297 = DIRECTION ( 'NONE',  ( 1.000000000000000000, -0.0000000000000000000, -0.0000000000000000000 ) ) ;
#4298 = ORIENTED_EDGE ( 'NONE', *, *, #2161, .T. ) ;
#4299 = CARTESIAN_POINT ( 'NONE',  ( -69.99999999999998600, 4.234711976998479300, -0.9249999999999987100 ) ) ;
#4300 = CIRCLE ( 'NONE', #2355, 1.000000000000000900 ) ;
#4301 = AXIS2_PLACEMENT_3D ( 'NONE', #221, #1014, #5215 ) ;
#4302 = CONTEXT_DEPENDENT_SHAPE_REPRESENTATION ( #437, #3136 ) ;
#4303 = ORIENTED_EDGE ( 'NONE', *, *, #7293, .T. ) ;
#4304 = CARTESIAN_POINT ( 'NONE',  ( 6.574999999999999300, 8.057359155611249500E-016, -2.250000000000000000 ) ) ;
#4305 = DIRECTION ( 'NONE',  ( 0.0000000000000000000, 0.0000000000000000000, 1.000000000000000000 ) ) ;
#4306 = DIRECTION ( 'NONE',  ( -0.0000000000000000000, -0.0000000000000000000, -1.000000000000000000 ) ) ;
#4307 = CIRCLE ( 'NONE', #1685, 1.000000000000000900 ) ;
#4308 = CARTESIAN_POINT ( 'NONE',  ( 45.89999999999998400, -1.729071086216334500E-015, -3.800000000000000300 ) ) ;
#4309 = EDGE_LOOP ( 'NONE', ( #2106, #3419, #3387, #6741 ) ) ;
#4310 = CARTESIAN_POINT ( 'NONE',  ( 68.20000000000001700, 6.450000000000001100, 3.250000000000008900 ) ) ;
#4311 = DIRECTION ( 'NONE',  ( 1.000000000000000000, 0.0000000000000000000, 0.0000000000000000000 ) ) ;
#4312 = ITEM_DEFINED_TRANSFORMATION ( 'NONE', 'NONE', #2718,  #7076 ) ;
#4313 = ORIENTED_EDGE ( 'NONE', *, *, #2642, .T. ) ;
#4314 = DIRECTION ( 'NONE',  ( -0.0000000000000000000, -0.0000000000000000000, 1.000000000000000000 ) ) ;
#4315 = ADVANCED_FACE ( 'NONE', ( #5397 ), #1520, .F. ) ;
#4316 = AXIS2_PLACEMENT_3D ( 'NONE', #4332, #4324, #5757 ) ;
#4317 = CARTESIAN_POINT ( 'NONE',  ( 70.99999999999998600, 10.60000000000000000, -3.249999999999990700 ) ) ;
#4318 = CARTESIAN_POINT ( 'NONE',  ( 69.17499999999999700, -1.816816895419567300E-016, -1.099999999999999900 ) ) ;
#4319 = FACE_OUTER_BOUND ( 'NONE', #7906, .T. ) ;
#4320 = VERTEX_POINT ( 'NONE', #4905 ) ;
#4321 = EDGE_CURVE ( 'NONE', #3719, #7156, #3345, .T. ) ;
#4322 = DIRECTION ( 'NONE',  ( 0.0000000000000000000, 0.0000000000000000000, 1.000000000000000000 ) ) ;
#4323 = PLANE ( 'NONE',  #992 ) ;
#4324 = DIRECTION ( 'NONE',  ( 0.0000000000000000000, 0.0000000000000000000, 1.000000000000000000 ) ) ;
#4325 = CYLINDRICAL_SURFACE ( 'NONE', #4145, 1.000000000000000900 ) ;
#4326 = SURFACE_SIDE_STYLE ('',( #4067 ) ) ;
#4327 = ORIENTED_EDGE ( 'NONE', *, *, #8419, .F. ) ;
#4328 = CONTEXT_DEPENDENT_SHAPE_REPRESENTATION ( #6667, #4385 ) ;
#4329 = CARTESIAN_POINT ( 'NONE',  ( 67.97499999999999400, 0.4000000000000083500, -2.250000000000000000 ) ) ;
#4330 = ADVANCED_FACE ( 'NONE', ( #1808 ), #1259, .F. ) ;
#4331 = EDGE_CURVE ( 'NONE', #5516, #3877, #8080, .T. ) ;
#4332 = CARTESIAN_POINT ( 'NONE',  ( 72.24999999999998600, -1.604400014217242700E-015, -5.400000000000000400 ) ) ;
#4333 = AXIS2_PLACEMENT_3D ( 'NONE', #3036, #898, #252 ) ;
#4334 = LINE ( 'NONE', #1146, #3292 ) ;
#4335 = CARTESIAN_POINT ( 'NONE',  ( 67.29999999999998300, 7.100000000000000500, 1.250000000000000000 ) ) ;
#4336 = ORIENTED_EDGE ( 'NONE', *, *, #3233, .F. ) ;
#4337 = ITEM_DEFINED_TRANSFORMATION ( 'NONE', 'NONE', #2625,  #7076 ) ;
#4338 = DIRECTION ( 'NONE',  ( -1.000000000000000000, -1.225453863971292700E-016, 0.0000000000000000000 ) ) ;
#4339 =( REPRESENTATION_RELATIONSHIP ('NONE','NONE', #6135, #6228 ) REPRESENTATION_RELATIONSHIP_WITH_TRANSFORMATION ( #3458 )SHAPE_REPRESENTATION_RELATIONSHIP( ) );
#4340 = CARTESIAN_POINT ( 'NONE',  ( 80.74999999999998600, -5.724688640444143500E-016, -5.400000000000000400 ) ) ;
#4341 = EDGE_CURVE ( 'NONE', #329, #6169, #1043, .T. ) ;
#4342 = DIRECTION ( 'NONE',  ( 0.0000000000000000000, 1.000000000000000000, 0.0000000000000000000 ) ) ;
#4343 = LINE ( 'NONE', #4844, #7817 ) ;
#4344 = EDGE_LOOP ( 'NONE', ( #2024, #1041, #626, #216 ) ) ;
#4345 = EDGE_CURVE ( 'NONE', #1231, #5014, #5168, .T. ) ;
#4346 = DIRECTION ( 'NONE',  ( 0.0000000000000000000, -0.0000000000000000000, -1.000000000000000000 ) ) ;
#4347 = ORIENTED_EDGE ( 'NONE', *, *, #2096, .T. ) ;
#4348 = DIRECTION ( 'NONE',  ( 1.000000000000000000, 1.225453863971292700E-016, -0.0000000000000000000 ) ) ;
#4349 = ORIENTED_EDGE ( 'NONE', *, *, #2221, .T. ) ;
#4350 = LINE ( 'NONE', #2845, #1769 ) ;
#4351 = DIRECTION ( 'NONE',  ( 1.000000000000000000, 1.982541115402063700E-015, 0.0000000000000000000 ) ) ;
#4352 = AXIS2_PLACEMENT_3D ( 'NONE', #4894, #650, #2012 ) ;
#4353 = CARTESIAN_POINT ( 'NONE',  ( 67.97499999999999400, 8.330022640344861500E-015, 2.250000000000000000 ) ) ;
#4354 = ADVANCED_FACE ( 'NONE', ( #1369 ), #5725, .F. ) ;
#4355 = CARTESIAN_POINT ( 'NONE',  ( 64.29999999999999700, 3.234711976998492700, -0.9249999999999987100 ) ) ;
#4356 = ORIENTED_EDGE ( 'NONE', *, *, #6474, .T. ) ;
#4357 = EDGE_LOOP ( 'NONE', ( #6642, #3077, #5011, #903 ) ) ;
#4358 = VECTOR ( 'NONE', #3734, 1000.000000000000000 ) ;
#4359 = CARTESIAN_POINT ( 'NONE',  ( 70.20000000000001700, 2.694222958124186400E-016, -2.750000000000008900 ) ) ;
#4360 = CARTESIAN_POINT ( 'NONE',  ( -74.50000000000000000, 18.79999999999983700, -3.210000000000000000 ) ) ;
#4361 = AXIS2_PLACEMENT_3D ( 'NONE', #8237, #6417, #5122 ) ;
#4362 = ORIENTED_EDGE ( 'NONE', *, *, #1093, .T. ) ;
#4363 =( REPRESENTATION_RELATIONSHIP ('NONE','NONE', #6135, #6228 ) REPRESENTATION_RELATIONSHIP_WITH_TRANSFORMATION ( #5171 )SHAPE_REPRESENTATION_RELATIONSHIP( ) );
#4364 = LINE ( 'NONE', #2665, #5713 ) ;
#4365 = ORIENTED_EDGE ( 'NONE', *, *, #5343, .T. ) ;
#4366 = DIRECTION ( 'NONE',  ( 0.0000000000000000000, 0.0000000000000000000, 1.000000000000000000 ) ) ;
#4367 = LINE ( 'NONE', #7649, #3147 ) ;
#4368 = PRESENTATION_STYLE_ASSIGNMENT (( #6486 ) ) ;
#4369 = FACE_OUTER_BOUND ( 'NONE', #2094, .T. ) ;
#4370 = PLANE ( 'NONE',  #3799 ) ;
#4371 = AXIS2_PLACEMENT_3D ( 'NONE', #3420, #3453, #8508 ) ;
#4372 = EDGE_CURVE ( 'NONE', #5816, #2509, #2144, .T. ) ;
#4373 = ADVANCED_FACE ( 'NONE', ( #7077 ), #5661, .F. ) ;
#4374 = DIRECTION ( 'NONE',  ( -0.0000000000000000000, -0.0000000000000000000, 1.000000000000000000 ) ) ;
#4375 = DIRECTION ( 'NONE',  ( 0.0000000000000000000, 0.0000000000000000000, -1.000000000000000000 ) ) ;
#4376 = CONTEXT_DEPENDENT_SHAPE_REPRESENTATION ( #4851, #6638 ) ;
#4377 = CYLINDRICAL_SURFACE ( 'NONE', #6895, 1.000000000000000900 ) ;
#4378 = ORIENTED_EDGE ( 'NONE', *, *, #4946, .T. ) ;
#4379 = VECTOR ( 'NONE', #3171, 1000.000000000000000 ) ;
#4380 = VECTOR ( 'NONE', #1167, 1000.000000000000000 ) ;
#4381 = DIRECTION ( 'NONE',  ( 1.000000000000000000, 0.0000000000000000000, 0.0000000000000000000 ) ) ;
#4382 = EDGE_LOOP ( 'NONE', ( #3569, #826, #2224, #3209 ) ) ;
#4383 = CARTESIAN_POINT ( 'NONE',  ( 64.29999999999999700, 17.29999999999983700, 3.210000000000000000 ) ) ;
#4384 = CARTESIAN_POINT ( 'NONE',  ( -71.00000000000001400, 20.49999999999983700, -3.210000000000000000 ) ) ;
#4385 = PRODUCT_DEFINITION_SHAPE ( 'NONE', 'NONE',  #9043 ) ;
#4386 = EDGE_CURVE ( 'NONE', #6483, #1083, #5825, .T. ) ;
#4387 = CARTESIAN_POINT ( 'NONE',  ( 68.77500000000000600, -1.000000000000000200, -1.099999999999999900 ) ) ;
#4388 = DIRECTION ( 'NONE',  ( 1.225453863971292700E-016, -1.000000000000000000, -0.0000000000000000000 ) ) ;
#4389 = VECTOR ( 'NONE', #3048, 1000.000000000000000 ) ;
#4390 = CARTESIAN_POINT ( 'NONE',  ( 65.75000000000000000, 19.29999999999982300, 3.210000000000000000 ) ) ;
#4391 = ITEM_DEFINED_TRANSFORMATION ( 'NONE', 'NONE', #7191,  #7076 ) ;
#4392 = ORIENTED_EDGE ( 'NONE', *, *, #807, .T. ) ;
#4393 = DIRECTION ( 'NONE',  ( 1.000000000000000000, 0.0000000000000000000, 0.0000000000000000000 ) ) ;
#4394 = CARTESIAN_POINT ( 'NONE',  ( 67.29999999999998300, 2.550000000000016300, -1.250000000000000000 ) ) ;
#4395 = DIRECTION ( 'NONE',  ( 0.0000000000000000000, 0.0000000000000000000, 1.000000000000000000 ) ) ;
#4396 = LINE ( 'NONE', #4130, #1169 ) ;
#4397 = CARTESIAN_POINT ( 'NONE',  ( 68.77500000000000600, -3.779999999999991400, 0.8999999999999998000 ) ) ;
#4398 = CONTEXT_DEPENDENT_SHAPE_REPRESENTATION ( #6127, #3474 ) ;
#4399 = EDGE_CURVE ( 'NONE', #6009, #2968, #21, .T. ) ;
#4400 =( REPRESENTATION_RELATIONSHIP ('NONE','NONE', #6135, #6228 ) REPRESENTATION_RELATIONSHIP_WITH_TRANSFORMATION ( #2478 )SHAPE_REPRESENTATION_RELATIONSHIP( ) );
#4401 = ORIENTED_EDGE ( 'NONE', *, *, #7760, .T. ) ;
#4402 = DIRECTION ( 'NONE',  ( -0.0000000000000000000, -0.0000000000000000000, -1.000000000000000000 ) ) ;
#4403 = AXIS2_PLACEMENT_3D ( 'NONE', #4197, #8440, #4098 ) ;
#4404 = PRODUCT_DEFINITION_SHAPE ( 'NONE', 'NONE',  #9168 ) ;
#4405 = CARTESIAN_POINT ( 'NONE',  ( 70.99999999999998600, 14.79999999999983600, -1.250000000000000200 ) ) ;
#4406 = CONTEXT_DEPENDENT_SHAPE_REPRESENTATION ( #6044, #6207 ) ;
#4407 = DIRECTION ( 'NONE',  ( 1.000000000000000000, -0.0000000000000000000, -0.0000000000000000000 ) ) ;
#4408 = VECTOR ( 'NONE', #110, 1000.000000000000000 ) ;
#4409 = EDGE_LOOP ( 'NONE', ( #4161, #5664, #6736, #2719, #8842, #6597 ) ) ;
#4410 = ORIENTED_EDGE ( 'NONE', *, *, #1279, .F. ) ;
#4411 = PRODUCT_DEFINITION_SHAPE ( 'NONE', 'NONE',  #9224 ) ;
#4412 = DIRECTION ( 'NONE',  ( 1.000000000000000000, 0.0000000000000000000, 0.0000000000000000000 ) ) ;
#4413 = ITEM_DEFINED_TRANSFORMATION ( 'NONE', 'NONE', #6467,  #7076 ) ;
#4414 = VECTOR ( 'NONE', #5564, 1000.000000000000000 ) ;
#4415 = CARTESIAN_POINT ( 'NONE',  ( 71.00040004000798900, 14.83999999999983100, -1.250000000000000200 ) ) ;
#4416 = PRODUCT_DEFINITION_SHAPE ( 'NONE', 'NONE',  #9278 ) ;
#4417 = ORIENTED_EDGE ( 'NONE', *, *, #2973, .T. ) ;
#4418 = VERTEX_POINT ( 'NONE', #1958 ) ;
#4419 = DIRECTION ( 'NONE',  ( -0.0000000000000000000, -0.0000000000000000000, 1.000000000000000000 ) ) ;
#4420 = ADVANCED_FACE ( 'NONE', ( #3238 ), #1988, .T. ) ;
#4421 = AXIS2_PLACEMENT_3D ( 'NONE', #3662, #1057, #5249 ) ;
#4422 = VERTEX_POINT ( 'NONE', #4872 ) ;
#4423 = LINE ( 'NONE', #3135, #621 ) ;
#4424 = ORIENTED_EDGE ( 'NONE', *, *, #5226, .T. ) ;
#4425 = ORIENTED_EDGE ( 'NONE', *, *, #3635, .T. ) ;
#4426 = DIRECTION ( 'NONE',  ( 1.000000000000000000, 0.0000000000000000000, -0.0000000000000000000 ) ) ;
#4427 = ITEM_DEFINED_TRANSFORMATION ( 'NONE', 'NONE', #5128,  #7076 ) ;
#4428 = ORIENTED_EDGE ( 'NONE', *, *, #2863, .T. ) ;
#4429 = DIRECTION ( 'NONE',  ( 0.0000000000000000000, 0.0000000000000000000, -1.000000000000000000 ) ) ;
#4430 = CARTESIAN_POINT ( 'NONE',  ( 68.20000000000001700, 6.450000000000001100, 3.250000000000008900 ) ) ;
#4431 = AXIS2_PLACEMENT_3D ( 'NONE', #7570, #7602, #8956 ) ;
#4432 = EDGE_CURVE ( 'NONE', #7172, #2648, #8549, .T. ) ;
#4433 = PLANE ( 'NONE',  #1379 ) ;
#4434 = LINE ( 'NONE', #7303, #3505 ) ;
#4435 = ORIENTED_EDGE ( 'NONE', *, *, #7830, .T. ) ;
#4436 = DIRECTION ( 'NONE',  ( 0.0000000000000000000, -0.0000000000000000000, -1.000000000000000000 ) ) ;
#4437 = CARTESIAN_POINT ( 'NONE',  ( 28.89999999999999900, 3.508565910587616700E-015, 0.0000000000000000000 ) ) ;
#4438 = VECTOR ( 'NONE', #694, 1000.000000000000000 ) ;
#4439 = DIRECTION ( 'NONE',  ( 1.000000000000000000, 0.0000000000000000000, 0.0000000000000000000 ) ) ;
#4440 = EDGE_CURVE ( 'NONE', #62, #6481, #6178, .T. ) ;
#4441 =( REPRESENTATION_RELATIONSHIP ('NONE','NONE', #6135, #6228 ) REPRESENTATION_RELATIONSHIP_WITH_TRANSFORMATION ( #8719 )SHAPE_REPRESENTATION_RELATIONSHIP( ) );
#4442 = PRODUCT_DEFINITION_SHAPE ( 'NONE', 'NONE',  #9057 ) ;
#4443 = ORIENTED_EDGE ( 'NONE', *, *, #7988, .T. ) ;
#4444 = ITEM_DEFINED_TRANSFORMATION ( 'NONE', 'NONE', #7141,  #7076 ) ;
#4445 = PLANE ( 'NONE',  #3897 ) ;
#4446 = CARTESIAN_POINT ( 'NONE',  ( -73.50000000000000000, 20.29999999999983700, 3.210000000000000000 ) ) ;
#4447 = CARTESIAN_POINT ( 'NONE',  ( -67.97499999999999400, -8.330022640344861500E-015, 2.250000000000000000 ) ) ;
#4448 = PRODUCT_DEFINITION_SHAPE ( 'NONE', 'NONE',  #9065 ) ;
#4449 = ORIENTED_EDGE ( 'NONE', *, *, #2048, .T. ) ;
#4450 = VECTOR ( 'NONE', #8265, 1000.000000000000000 ) ;
#4451 = CARTESIAN_POINT ( 'NONE',  ( 70.99999999999998600, 8.250000000000007100, -0.9249999999999980500 ) ) ;
#4452 = ORIENTED_EDGE ( 'NONE', *, *, #3692, .F. ) ;
#4453 = DIRECTION ( 'NONE',  ( 0.0000000000000000000, 0.0000000000000000000, 1.000000000000000000 ) ) ;
#4454 = EDGE_CURVE ( 'NONE', #4977, #2817, #929, .T. ) ;
#4455 = AXIS2_PLACEMENT_3D ( 'NONE', #4446, #8785, #6669 ) ;
#4456 = CARTESIAN_POINT ( 'NONE',  ( 71.00000000000001400, 0.4000000000000087400, -3.250000000000008000 ) ) ;
#4457 = ORIENTED_EDGE ( 'NONE', *, *, #5058, .T. ) ;
#4458 = CARTESIAN_POINT ( 'NONE',  ( -65.75000000000000000, 19.69999999999982500, 3.210000000000000000 ) ) ;
#4459 = ORIENTED_EDGE ( 'NONE', *, *, #5217, .F. ) ;
#4460 = VECTOR ( 'NONE', #8934, 1000.000000000000000 ) ;
#4461 = DIRECTION ( 'NONE',  ( 5.551115123125782700E-014, -1.000000000000000000, 2.168404344971008900E-016 ) ) ;
#4462 = CARTESIAN_POINT ( 'NONE',  ( 117.2999999999999800, 1.424064987238503200E-014, 0.0000000000000000000 ) ) ;
#4463 = CARTESIAN_POINT ( 'NONE',  ( -69.20000000000001700, 6.449999999999983300, -1.250000000000000200 ) ) ;
#4464 = ADVANCED_FACE ( 'NONE', ( #2583 ), #618, .F. ) ;
#4465 = DIRECTION ( 'NONE',  ( -1.000000000000000000, 0.0000000000000000000, 0.0000000000000000000 ) ) ;
#4466 = DIRECTION ( 'NONE',  ( 1.000000000000000000, 0.0000000000000000000, 0.0000000000000000000 ) ) ;
#4467 = ORIENTED_EDGE ( 'NONE', *, *, #6474, .F. ) ;
#4468 = EDGE_CURVE ( 'NONE', #3771, #4977, #4713, .T. ) ;
#4469 = ORIENTED_EDGE ( 'NONE', *, *, #1392, .T. ) ;
#4470 = AXIS2_PLACEMENT_3D ( 'NONE', #1510, #2878, #4375 ) ;
#4471 = FACE_OUTER_BOUND ( 'NONE', #7306, .T. ) ;
#4472 = CARTESIAN_POINT ( 'NONE',  ( 39.09999999999999400, 4.746883290795009800E-015, 0.0000000000000000000 ) ) ;
#4473 =( REPRESENTATION_RELATIONSHIP ('NONE','NONE', #6135, #6228 ) REPRESENTATION_RELATIONSHIP_WITH_TRANSFORMATION ( #824 )SHAPE_REPRESENTATION_RELATIONSHIP( ) );
#4474 = ORIENTED_EDGE ( 'NONE', *, *, #2799, .T. ) ;
#4475 = CARTESIAN_POINT ( 'NONE',  ( 4.875000000000000000, 5.399999999999975500, -0.7900000000000008100 ) ) ;
#4476 = AXIS2_PLACEMENT_3D ( 'NONE', #2464, #3151, #5962 ) ;
#4477 = ORIENTED_EDGE ( 'NONE', *, *, #4643, .F. ) ;
#4478 = LINE ( 'NONE', #8370, #5594 ) ;
#4479 = CARTESIAN_POINT ( 'NONE',  ( -65.75000000000000000, 19.29999999999982300, 3.210000000000000000 ) ) ;
#4480 = AXIS2_PLACEMENT_3D ( 'NONE', #6341, #627, #2732 ) ;
#4481 = CARTESIAN_POINT ( 'NONE',  ( 100.2999999999999700, 4.875288274889767600E-015, -3.800000000000000300 ) ) ;
#4482 = CONTEXT_DEPENDENT_SHAPE_REPRESENTATION ( #3487, #7127 ) ;
#4483 = VECTOR ( 'NONE', #4630, 1000.000000000000000 ) ;
#4484 = ORIENTED_EDGE ( 'NONE', *, *, #3692, .T. ) ;
#4485 = VECTOR ( 'NONE', #183, 1000.000000000000000 ) ;
#4486 = LINE ( 'NONE', #5437, #2254 ) ;
#4487 = VECTOR ( 'NONE', #2813, 1000.000000000000000 ) ;
#4488 = PLANE ( 'NONE',  #330 ) ;
#4489 = AXIS2_PLACEMENT_3D ( 'NONE', #4226, #6955, #5598 ) ;
#4490 =( REPRESENTATION_RELATIONSHIP ('NONE','NONE', #6135, #6228 ) REPRESENTATION_RELATIONSHIP_WITH_TRANSFORMATION ( #1243 )SHAPE_REPRESENTATION_RELATIONSHIP( ) );
#4491 = DIRECTION ( 'NONE',  ( 3.469446951953605400E-014, -1.000000000000000000, 0.0000000000000000000 ) ) ;
#4492 = ITEM_DEFINED_TRANSFORMATION ( 'NONE', 'NONE', #6711,  #7076 ) ;
#4493 = FACE_OUTER_BOUND ( 'NONE', #3393, .T. ) ;
#4494 = CARTESIAN_POINT ( 'NONE',  ( -70.99999999999998600, 4.234711976998479300, 3.210000000000000000 ) ) ;
#4495 = CIRCLE ( 'NONE', #949, 1.000000000000000900 ) ;
#4496 = EDGE_CURVE ( 'NONE', #7721, #7331, #1158, .T. ) ;
#4497 = ITEM_DEFINED_TRANSFORMATION ( 'NONE', 'NONE', #6531,  #7076 ) ;
#4498 = ORIENTED_EDGE ( 'NONE', *, *, #4009, .F. ) ;
#4499 = CONTEXT_DEPENDENT_SHAPE_REPRESENTATION ( #555, #525 ) ;
#4500 = DIRECTION ( 'NONE',  ( 1.000000000000000000, 0.0000000000000000000, 0.0000000000000000000 ) ) ;
#4502 = ORIENTED_EDGE ( 'NONE', *, *, #2580, .T. ) ;
#4501 =( REPRESENTATION_RELATIONSHIP ('NONE','NONE', #6135, #6228 ) REPRESENTATION_RELATIONSHIP_WITH_TRANSFORMATION ( #8027 )SHAPE_REPRESENTATION_RELATIONSHIP( ) );
#4503 = ITEM_DEFINED_TRANSFORMATION ( 'NONE', 'NONE', #2836,  #7076 ) ;
#4504 = ORIENTED_EDGE ( 'NONE', *, *, #1179, .T. ) ;
#4505 = EDGE_CURVE ( 'NONE', #8877, #7398, #2903, .T. ) ;
#4506 = LINE ( 'NONE', #8025, #8569 ) ;
#4507 = DIRECTION ( 'NONE',  ( 0.0000000000000000000, 0.0000000000000000000, 1.000000000000000000 ) ) ;
#4508 = CONTEXT_DEPENDENT_SHAPE_REPRESENTATION ( #8366, #8624 ) ;
#4509 = ORIENTED_EDGE ( 'NONE', *, *, #8697, .T. ) ;
#4510 = DIRECTION ( 'NONE',  ( 1.000000000000000000, 0.0000000000000000000, 0.0000000000000000000 ) ) ;
#4511 = CARTESIAN_POINT ( 'NONE',  ( 67.46999999999999900, 14.54617907673292300, -3.154593947050260200 ) ) ;
#4512 = CARTESIAN_POINT ( 'NONE',  ( 71.00357766110127500, 14.99884927527510200, -1.249999999999998200 ) ) ;
#4513 = CONTEXT_DEPENDENT_SHAPE_REPRESENTATION ( #2362, #73 ) ;
#4514 = CARTESIAN_POINT ( 'NONE',  ( 68.77500000000000600, -3.779999999999991800, -0.8999999999999984700 ) ) ;
#4515 = CARTESIAN_POINT ( 'NONE',  ( -63.14999999999998400, -2.100000000000000100, 2.600000000000000500 ) ) ;
#4516 = LINE ( 'NONE', #3544, #6203 ) ;
#4517 = EDGE_CURVE ( 'NONE', #5954, #517, #6738, .T. ) ;
#4518 = CARTESIAN_POINT ( 'NONE',  ( -67.29999999999999700, 10.59999999999998200, 3.250000000000008900 ) ) ;
#4519 = AXIS2_PLACEMENT_3D ( 'NONE', #4914, #7026, #3485 ) ;
#4520 = ITEM_DEFINED_TRANSFORMATION ( 'NONE', 'NONE', #3188,  #7076 ) ;
#4521 = ORIENTED_EDGE ( 'NONE', *, *, #1211, .F. ) ;
#4522 = PLANE ( 'NONE',  #1534 ) ;
#4523 = ITEM_DEFINED_TRANSFORMATION ( 'NONE', 'NONE', #1840,  #7076 ) ;
#4524 = VECTOR ( 'NONE', #7428, 1000.000000000000000 ) ;
#4525 = AXIS2_PLACEMENT_3D ( 'NONE', #3584, #5677, #7844 ) ;
#4526 = ORIENTED_EDGE ( 'NONE', *, *, #3324, .F. ) ;
#4527 = CONTEXT_DEPENDENT_SHAPE_REPRESENTATION ( #3918, #7322 ) ;
#4528 = CARTESIAN_POINT ( 'NONE',  ( 45.04999999999999000, 2.394919602379313700E-015, -1.600000000000000100 ) ) ;
#4529 = EDGE_LOOP ( 'NONE', ( #3186, #3987, #1065, #3811 ) ) ;
#4530 = CARTESIAN_POINT ( 'NONE',  ( 5.374999999999996400, -3.779999999999999400, -1.049999999999998500 ) ) ;
#4531 = DIRECTION ( 'NONE',  ( 0.0000000000000000000, 1.000000000000000000, 0.0000000000000000000 ) ) ;
#4532 = LINE ( 'NONE', #6085, #2628 ) ;
#4533 = CARTESIAN_POINT ( 'NONE',  ( -69.17499999999999700, -3.780000000000008700, -1.049999999999998500 ) ) ;
#4534 = VERTEX_POINT ( 'NONE', #1399 ) ;
#4535 = CARTESIAN_POINT ( 'NONE',  ( 119.8499999999999800, 1.147591372390020300E-014, -1.600000000000000100 ) ) ;
#4536 = ITEM_DEFINED_TRANSFORMATION ( 'NONE', 'NONE', #6454,  #7076 ) ;
#4537 = AXIS2_PLACEMENT_3D ( 'NONE', #3992, #8617, #4711 ) ;
#4538 = ORIENTED_EDGE ( 'NONE', *, *, #5404, .T. ) ;
#4539 = VECTOR ( 'NONE', #4545, 1000.000000000000000 ) ;
#4540 = PRODUCT_DEFINITION_SHAPE ( 'NONE', 'NONE',  #9143 ) ;
#4541 = DIRECTION ( 'NONE',  ( 0.0000000000000000000, -3.822843908301359300E-017, -1.000000000000000000 ) ) ;
#4542 = ORIENTED_EDGE ( 'NONE', *, *, #8351, .F. ) ;
#4543 = CARTESIAN_POINT ( 'NONE',  ( -70.99999999999998600, 0.3999999999999913100, -3.249999999999990700 ) ) ;
#4544 = AXIS2_PLACEMENT_3D ( 'NONE', #5548, #6262, #7184 ) ;
#4545 = DIRECTION ( 'NONE',  ( -0.0000000000000000000, -0.0000000000000000000, -1.000000000000000000 ) ) ;
#4546 = EDGE_CURVE ( 'NONE', #1011, #1767, #6633, .T. ) ;
#4547 =( NAMED_UNIT ( * ) SI_UNIT ( $, .STERADIAN. ) SOLID_ANGLE_UNIT ( ) );
#4548 = DIRECTION ( 'NONE',  ( 1.000000000000000000, -0.0000000000000000000, -0.0000000000000000000 ) ) ;
#4549 = DIRECTION ( 'NONE',  ( -3.469446951953606000E-014, 1.000000000000000000, 0.0000000000000000000 ) ) ;
#4550 = DIRECTION ( 'NONE',  ( 0.0000000000000000000, 0.0000000000000000000, -1.000000000000000000 ) ) ;
#4551 = PRODUCT_DEFINITION_SHAPE ( 'NONE', 'NONE',  #9200 ) ;
#4552 = CARTESIAN_POINT ( 'NONE',  ( 81.59999999999999400, 9.906539041659153200E-015, 0.0000000000000000000 ) ) ;
#4553 = DIRECTION ( 'NONE',  ( -0.0000000000000000000, -0.0000000000000000000, -1.000000000000000000 ) ) ;
#4554 = VECTOR ( 'NONE', #413, 1000.000000000000000 ) ;
#4555 = ORIENTED_EDGE ( 'NONE', *, *, #4561, .F. ) ;
#4556 = CARTESIAN_POINT ( 'NONE',  ( -67.97499999999999400, 0.3999999999999917000, 2.250000000000000000 ) ) ;
#4557 = CARTESIAN_POINT ( 'NONE',  ( -64.29999999999999700, 14.83999999999983100, 3.210000000000000000 ) ) ;
#4558 = PRODUCT_DEFINITION_SHAPE ( 'NONE', 'NONE',  #9253 ) ;
#4559 = DIRECTION ( 'NONE',  ( 0.0000000000000000000, 0.0000000000000000000, 1.000000000000000000 ) ) ;
#4560 = DIRECTION ( 'NONE',  ( 1.000000000000000000, 0.0000000000000000000, 0.0000000000000000000 ) ) ;
#4561 = EDGE_CURVE ( 'NONE', #1928, #8293, #7307, .T. ) ;
#4562 = LINE ( 'NONE', #7252, #7491 ) ;
#4563 = CARTESIAN_POINT ( 'NONE',  ( -70.99999999999998600, 7.100000000000000500, -1.250000000000000000 ) ) ;
#4564 = ORIENTED_EDGE ( 'NONE', *, *, #5106, .T. ) ;
#4565 = DIRECTION ( 'NONE',  ( -1.000000000000000000, -0.0000000000000000000, -0.0000000000000000000 ) ) ;
#4566 = DIRECTION ( 'NONE',  ( 0.0000000000000000000, -0.0000000000000000000, -1.000000000000000000 ) ) ;
#4567 = VERTEX_POINT ( 'NONE', #7095 ) ;
#4568 = VERTEX_POINT ( 'NONE', #5649 ) ;
#4569 = VECTOR ( 'NONE', #6465, 1000.000000000000100 ) ;
#4570 = EDGE_CURVE ( 'NONE', #3547, #3020, #3230, .T. ) ;
#4571 = AXIS2_PLACEMENT_3D ( 'NONE', #5788, #2169, #2127 ) ;
#4572 = CARTESIAN_POINT ( 'NONE',  ( 68.44006579232147700, 7.100000000000000500, -3.249999999999990700 ) ) ;
#4573 = DIRECTION ( 'NONE',  ( 0.0000000000000000000, 2.675990735810954300E-016, 1.000000000000000000 ) ) ;
#4574 = CARTESIAN_POINT ( 'NONE',  ( -63.14999999999999900, 0.3999999999999922500, 2.800000000000000300 ) ) ;
#4575 = ORIENTED_EDGE ( 'NONE', *, *, #690, .T. ) ;
#4576 =( REPRESENTATION_RELATIONSHIP ('NONE','NONE', #6135, #6228 ) REPRESENTATION_RELATIONSHIP_WITH_TRANSFORMATION ( #2704 )SHAPE_REPRESENTATION_RELATIONSHIP( ) );
#4577 = CARTESIAN_POINT ( 'NONE',  ( -63.50000000000000000, 0.3999999999999922500, 2.800000000000000300 ) ) ;
#4578 = EDGE_LOOP ( 'NONE', ( #305, #8023, #4857, #8814 ) ) ;
#4579 = CIRCLE ( 'NONE', #7126, 0.9999999999999983300 ) ;
#4580 = VECTOR ( 'NONE', #1634, 1000.000000000000000 ) ;
#4581 = DIRECTION ( 'NONE',  ( 1.000000000000000000, 0.0000000000000000000, 0.0000000000000000000 ) ) ;
#4582 = DIRECTION ( 'NONE',  ( 1.000000000000000000, -0.0000000000000000000, -0.0000000000000000000 ) ) ;
#4583 = DIRECTION ( 'NONE',  ( 0.0000000000000000000, 0.0000000000000000000, 1.000000000000000000 ) ) ;
#4584 = DIRECTION ( 'NONE',  ( 1.000000000000000000, 0.0000000000000000000, 0.0000000000000000000 ) ) ;
#4585 = CARTESIAN_POINT ( 'NONE',  ( 71.36586506177911800, 15.96069278807465600, 1.596624610791825200 ) ) ;
#4586 = AXIS2_PLACEMENT_3D ( 'NONE', #6305, #3014, #4892 ) ;
#4587 = ORIENTED_EDGE ( 'NONE', *, *, #4341, .F. ) ;
#4588 = CARTESIAN_POINT ( 'NONE',  ( 66.87500000000011400, -135.2593320108917700, -0.7900000000000081400 ) ) ;
#4589 = VECTOR ( 'NONE', #8345, 1000.000000000000000 ) ;
#4590 = ORIENTED_EDGE ( 'NONE', *, *, #5483, .F. ) ;
#4591 = LINE ( 'NONE', #451, #5251 ) ;
#4592 = LINE ( 'NONE', #8554, #1786 ) ;
#4593 = VECTOR ( 'NONE', #323, 1000.000000000000000 ) ;
#4594 = VERTEX_POINT ( 'NONE', #6405 ) ;
#4595 = CARTESIAN_POINT ( 'NONE',  ( -64.29999999999999700, 6.299999999999984700, -3.249999999999990700 ) ) ;
#4596 = AXIS2_PLACEMENT_3D ( 'NONE', #102, #3633, #7364 ) ;
#4597 = PLANE ( 'NONE',  #6765 ) ;
#4598 = VECTOR ( 'NONE', #381, 1000.000000000000000 ) ;
#4599 = EDGE_LOOP ( 'NONE', ( #2555, #8358, #3168, #8510 ) ) ;
#4600 = VECTOR ( 'NONE', #4548, 1000.000000000000000 ) ;
#4601 = DIRECTION ( 'NONE',  ( 1.000000000000000000, 0.0000000000000000000, 0.0000000000000000000 ) ) ;
#4602 = LINE ( 'NONE', #273, #6392 ) ;
#4603 = AXIS2_PLACEMENT_3D ( 'NONE', #1489, #2105, #8545 ) ;
#4604 = ORIENTED_EDGE ( 'NONE', *, *, #6253, .T. ) ;
#4605 = DIRECTION ( 'NONE',  ( 1.000000000000000000, 0.0000000000000000000, 0.0000000000000000000 ) ) ;
#4606 = ITEM_DEFINED_TRANSFORMATION ( 'NONE', 'NONE', #3683,  #7076 ) ;
#4607 = DIRECTION ( 'NONE',  ( -0.0000000000000000000, -0.0000000000000000000, 1.000000000000000000 ) ) ;
#4608 = LINE ( 'NONE', #8464, #2689 ) ;
#4609 = DIRECTION ( 'NONE',  ( 1.000000000000000000, -0.0000000000000000000, 0.0000000000000000000 ) ) ;
#4610 = CARTESIAN_POINT ( 'NONE',  ( -71.53351946560776800, 16.16639661556418900, -1.760998753739085900 ) ) ;
#4611 = PRODUCT_DEFINITION_FORMATION_WITH_SPECIFIED_SOURCE ( 'ANY', '', #7676, .NOT_KNOWN. ) ;
#4612 = CONTEXT_DEPENDENT_SHAPE_REPRESENTATION ( #3525, #2730 ) ;
#4613 =( REPRESENTATION_RELATIONSHIP ('NONE','NONE', #6135, #6228 ) REPRESENTATION_RELATIONSHIP_WITH_TRANSFORMATION ( #6644 )SHAPE_REPRESENTATION_RELATIONSHIP( ) );
#4614 = ORIENTED_EDGE ( 'NONE', *, *, #1460, .T. ) ;
#4615 = CARTESIAN_POINT ( 'NONE',  ( -68.20000000000001700, 6.449999999999984200, 2.750000000000009300 ) ) ;
#4616 = CARTESIAN_POINT ( 'NONE',  ( 83.29999999999998300, 1.011292527169372000E-014, 0.0000000000000000000 ) ) ;
#4617 = CARTESIAN_POINT ( 'NONE',  ( 68.77500000000000600, -3.779999999999991400, 1.049999999999999800 ) ) ;
#4618 = CARTESIAN_POINT ( 'NONE',  ( 70.20000000000001700, 6.450000000000001100, 3.250000000000008900 ) ) ;
#4619 = EDGE_CURVE ( 'NONE', #5778, #8047, #3913, .T. ) ;
#4620 = ORIENTED_EDGE ( 'NONE', *, *, #1911, .T. ) ;
#4621 = CARTESIAN_POINT ( 'NONE',  ( 79.04999999999998300, 6.522644203070627500E-015, -1.600000000000000100 ) ) ;
#4622 = LINE ( 'NONE', #267, #2922 ) ;
#4623 = ITEM_DEFINED_TRANSFORMATION ( 'NONE', 'NONE', #5244,  #7076 ) ;
#4624 = ORIENTED_EDGE ( 'NONE', *, *, #7591, .F. ) ;
#4625 = DIRECTION ( 'NONE',  ( 1.000000000000000000, 0.0000000000000000000, 0.0000000000000000000 ) ) ;
#4626 = CARTESIAN_POINT ( 'NONE',  ( 48.44999999999999600, 2.807692062448444900E-015, -1.600000000000000100 ) ) ;
#4627 = PRODUCT_DEFINITION_SHAPE ( 'NONE', 'NONE',  #9029 ) ;
#4628 = VERTEX_POINT ( 'NONE', #4740 ) ;
#4629 = DIRECTION ( 'NONE',  ( 0.0000000000000000000, -3.822843908301359300E-017, -1.000000000000000000 ) ) ;
#4630 = DIRECTION ( 'NONE',  ( 0.0000000000000000000, -1.000000000000000000, 2.675990735810954300E-016 ) ) ;
#4631 = LINE ( 'NONE', #7124, #2499 ) ;
#4632 = ITEM_DEFINED_TRANSFORMATION ( 'NONE', 'NONE', #1714,  #7076 ) ;
#4633 = EDGE_CURVE ( 'NONE', #965, #2808, #5607, .T. ) ;
#4634 = ORIENTED_EDGE ( 'NONE', *, *, #7109, .T. ) ;
#4635 = DIRECTION ( 'NONE',  ( 1.000000000000000000, 1.225453863971292700E-016, -0.0000000000000000000 ) ) ;
#4636 = DIRECTION ( 'NONE',  ( -1.000000000000000000, -4.785444071660135700E-015, 0.0000000000000000000 ) ) ;
#4637 = DIRECTION ( 'NONE',  ( 0.0000000000000000000, 0.0000000000000000000, 1.000000000000000000 ) ) ;
#4638 = LINE ( 'NONE', #6161, #8465 ) ;
#4639 = ORIENTED_EDGE ( 'NONE', *, *, #2874, .F. ) ;
#4640 = ITEM_DEFINED_TRANSFORMATION ( 'NONE', 'NONE', #5313,  #7076 ) ;
#4641 = ORIENTED_EDGE ( 'NONE', *, *, #923, .F. ) ;
#4642 = DIRECTION ( 'NONE',  ( -1.000000000000000000, -1.225453863971292700E-016, 0.0000000000000000000 ) ) ;
#4643 = EDGE_CURVE ( 'NONE', #3249, #4051, #6170, .T. ) ;
#4644 = DIRECTION ( 'NONE',  ( 0.0000000000000000000, -1.000000000000000000, 0.0000000000000000000 ) ) ;
#4645 = ORIENTED_EDGE ( 'NONE', *, *, #3869, .T. ) ;
#4646 = AXIS2_PLACEMENT_3D ( 'NONE', #6628, #298, #4549 ) ;
#4647 = VECTOR ( 'NONE', #7194, 1000.000000000000000 ) ;
#4648 = EDGE_LOOP ( 'NONE', ( #4183, #5869, #5372, #1960 ) ) ;
#4649 = ORIENTED_EDGE ( 'NONE', *, *, #1, .F. ) ;
#4650 = PLANE ( 'NONE',  #1989 ) ;
#4651 = AXIS2_PLACEMENT_3D ( 'NONE', #5054, #2774, #1436 ) ;
#4652 = CARTESIAN_POINT ( 'NONE',  ( 71.39999999999997700, 1.366722364302151000E-015, -3.800000000000000300 ) ) ;
#4653 = VECTOR ( 'NONE', #6689, 1000.000000000000000 ) ;
#4654 =( REPRESENTATION_RELATIONSHIP ('NONE','NONE', #6135, #6228 ) REPRESENTATION_RELATIONSHIP_WITH_TRANSFORMATION ( #4979 )SHAPE_REPRESENTATION_RELATIONSHIP( ) );
#4655 = EDGE_LOOP ( 'NONE', ( #1916, #2983, #986, #5939, #4978, #4634 ) ) ;
#4656 = CARTESIAN_POINT ( 'NONE',  ( -70.99999999999998600, 7.100000000000000500, -1.250000000000000000 ) ) ;
#4657 = CARTESIAN_POINT ( 'NONE',  ( 5.374999999999996400, -1.000000000000007500, 1.250000000000000200 ) ) ;
#4658 = STYLED_ITEM ( 'NONE', ( #5492 ), #7038 ) ;
#4659 = DIRECTION ( 'NONE',  ( 0.0000000000000000000, 0.0000000000000000000, 1.000000000000000000 ) ) ;
#4660 = PLANE ( 'NONE',  #178 ) ;
#4661 = CARTESIAN_POINT ( 'NONE',  ( 111.3499999999999800, 1.044398257372737600E-014, -1.600000000000000100 ) ) ;
#4662 = FACE_OUTER_BOUND ( 'NONE', #6810, .T. ) ;
#4663 = DIRECTION ( 'NONE',  ( 1.000000000000000000, 0.0000000000000000000, 0.0000000000000000000 ) ) ;
#4664 = ORIENTED_EDGE ( 'NONE', *, *, #6237, .F. ) ;
#4665 = CONTEXT_DEPENDENT_SHAPE_REPRESENTATION ( #1602, #7362 ) ;
#4666 = AXIS2_PLACEMENT_3D ( 'NONE', #506, #2532, #1930 ) ;
#4667 = PLANE ( 'NONE',  #6676 ) ;
#4668 = CARTESIAN_POINT ( 'NONE',  ( 6.574999999999999300, 0.4000000000000008500, -2.250000000000000000 ) ) ;
#4669 = CARTESIAN_POINT ( 'NONE',  ( -70.20000000000001700, -1.692461876421642400E-014, 2.750000000000008900 ) ) ;
#4670 = AXIS2_PLACEMENT_3D ( 'NONE', #6180, #3979, #8257 ) ;
#4671 = VECTOR ( 'NONE', #8487, 1000.000000000000000 ) ;
#4672 = EDGE_CURVE ( 'NONE', #1427, #7517, #8073, .T. ) ;
#4673 = DIRECTION ( 'NONE',  ( 1.000000000000000000, 0.0000000000000000000, 0.0000000000000000000 ) ) ;
#4674 = CARTESIAN_POINT ( 'NONE',  ( -67.29999999999999700, 15.59999999999998200, -3.249999999999990700 ) ) ;
#4675 = ORIENTED_EDGE ( 'NONE', *, *, #2788, .T. ) ;
#4676 = AXIS2_PLACEMENT_3D ( 'NONE', #2576, #7450, #7640 ) ;
#4677 = DIRECTION ( 'NONE',  ( 0.0000000000000000000, 0.0000000000000000000, 1.000000000000000000 ) ) ;
#4678 = CARTESIAN_POINT ( 'NONE',  ( 6.574999999999999300, 8.057359155611249500E-016, 2.250000000000000000 ) ) ;
#4679 = VERTEX_POINT ( 'NONE', #1370 ) ;
#4680 = EDGE_LOOP ( 'NONE', ( #5570, #6715, #2720, #4019 ) ) ;
#4681 = UNCERTAINTY_MEASURE_WITH_UNIT (LENGTH_MEASURE( 1.000000000000000100E-005 ), #2074, 'distance_accuracy_value', 'NONE');
#4682 = FACE_OUTER_BOUND ( 'NONE', #1409, .T. ) ;
#4683 = CARTESIAN_POINT ( 'NONE',  ( 64.59999999999998000, 5.411774441638882200E-016, -3.800000000000000300 ) ) ;
#4684 = EDGE_CURVE ( 'NONE', #1647, #3732, #2018, .T. ) ;
#4685 = DIRECTION ( 'NONE',  ( 0.0000000000000000000, 1.000000000000000000, -0.0000000000000000000 ) ) ;
#4686 = DIRECTION ( 'NONE',  ( 1.000000000000000000, 1.225453863971292700E-016, -0.0000000000000000000 ) ) ;
#4687 = ORIENTED_EDGE ( 'NONE', *, *, #6565, .F. ) ;
#4688 = EDGE_LOOP ( 'NONE', ( #2850, #5751, #4298, #562 ) ) ;
#4689 = FACE_OUTER_BOUND ( 'NONE', #1096, .T. ) ;
#4690 = EDGE_CURVE ( 'NONE', #1406, #6168, #5389, .T. ) ;
#4691 = VERTEX_POINT ( 'NONE', #8550 ) ;
#4692 = EDGE_CURVE ( 'NONE', #6997, #6776, #5828, .T. ) ;
#4693 = ORIENTED_EDGE ( 'NONE', *, *, #7998, .F. ) ;
#4694 =( GEOMETRIC_REPRESENTATION_CONTEXT ( 3 ) GLOBAL_UNCERTAINTY_ASSIGNED_CONTEXT ( ( #2041 ) ) GLOBAL_UNIT_ASSIGNED_CONTEXT ( ( #11, #3483, #5047 ) ) REPRESENTATION_CONTEXT ( 'NONE', 'WORKASPACE' ) );
#4695 = VECTOR ( 'NONE', #1724, 1000.000000000000000 ) ;
#4696 = VECTOR ( 'NONE', #5059, 1000.000000000000000 ) ;
#4697 = PRODUCT_DEFINITION_SHAPE ( 'NONE', 'NONE',  #9125 ) ;
#4698 = CARTESIAN_POINT ( 'NONE',  ( 67.46999999999999900, 16.79999999999983700, 3.210000000000000000 ) ) ;
#4699 = CARTESIAN_POINT ( 'NONE',  ( 69.17499999999999700, 8.774060627046068400E-017, 1.100000000000000300 ) ) ;
#4700 =( REPRESENTATION_RELATIONSHIP ('NONE','NONE', #6135, #6228 ) REPRESENTATION_RELATIONSHIP_WITH_TRANSFORMATION ( #7552 )SHAPE_REPRESENTATION_RELATIONSHIP( ) );
#4701 = CARTESIAN_POINT ( 'NONE',  ( -68.77499999999999100, -3.780000000000008700, -0.8999999999999984700 ) ) ;
#4702 = ORIENTED_EDGE ( 'NONE', *, *, #6444, .T. ) ;
#4704 = FACE_OUTER_BOUND ( 'NONE', #5472, .T. ) ;
#4703 = PRODUCT_DEFINITION_SHAPE ( 'NONE', 'NONE',  #9190 ) ;
#4705 = CARTESIAN_POINT ( 'NONE',  ( 112.1999999999999900, 1.362149118228133500E-014, 0.0000000000000000000 ) ) ;
#4706 = VERTEX_POINT ( 'NONE', #3403 ) ;
#4707 = VECTOR ( 'NONE', #927, 1000.000000000000000 ) ;
#4708 = VECTOR ( 'NONE', #98, 1000.000000000000000 ) ;
#4709 = AXIS2_PLACEMENT_3D ( 'NONE', #4785, #6177, #518 ) ;
#4710 = PRODUCT_DEFINITION_SHAPE ( 'NONE', 'NONE',  #9299 ) ;
#4711 = DIRECTION ( 'NONE',  ( 1.000000000000000000, 0.0000000000000000000, 0.0000000000000000000 ) ) ;
#4712 =( REPRESENTATION_RELATIONSHIP ('NONE','NONE', #6135, #6228 ) REPRESENTATION_RELATIONSHIP_WITH_TRANSFORMATION ( #8468 )SHAPE_REPRESENTATION_RELATIONSHIP( ) );
#4713 = LINE ( 'NONE', #4028, #2367 ) ;
#4714 = CARTESIAN_POINT ( 'NONE',  ( 122.3999999999999800, 1.485980856248872900E-014, 0.0000000000000000000 ) ) ;
#4715 = ORIENTED_EDGE ( 'NONE', *, *, #5571, .T. ) ;
#4716 = AXIS2_PLACEMENT_3D ( 'NONE', #2279, #1540, #4466 ) ;
#4717 = CARTESIAN_POINT ( 'NONE',  ( 71.02529826347566200, 15.15230580749784700, 1.269008989787222300 ) ) ;
#4718 = DIRECTION ( 'NONE',  ( 0.0000000000000000000, 0.0000000000000000000, 1.000000000000000000 ) ) ;
#4719 = ITEM_DEFINED_TRANSFORMATION ( 'NONE', 'NONE', #7381,  #7076 ) ;
#4720 = CARTESIAN_POINT ( 'NONE',  ( 18.69999999999999900, 2.270248530380222300E-015, 0.0000000000000000000 ) ) ;
#4721 = ORIENTED_EDGE ( 'NONE', *, *, #8735, .F. ) ;
#4722 = VECTOR ( 'NONE', #610, 1000.000000000000000 ) ;
#4723 = EDGE_CURVE ( 'NONE', #6481, #8293, #3450, .T. ) ;
#4724 = EDGE_CURVE ( 'NONE', #3127, #1141, #4792, .T. ) ;
#4725 = ORIENTED_EDGE ( 'NONE', *, *, #8635, .T. ) ;
#4726 = DIRECTION ( 'NONE',  ( 1.982541115402063300E-015, -1.000000000000000000, 0.0000000000000000000 ) ) ;
#4727 = CARTESIAN_POINT ( 'NONE',  ( 82.44999999999998900, -3.660826340098486100E-016, -5.400000000000000400 ) ) ;
#4728 = CARTESIAN_POINT ( 'NONE',  ( 69.95993420767854300, 7.100000000000000500, -3.249999999999990700 ) ) ;
#4729 = CYLINDRICAL_SURFACE ( 'NONE', #6939, 1.000000000000000900 ) ;
#4730 = CARTESIAN_POINT ( 'NONE',  ( -72.99999999999998600, 16.79999999999983700, 3.210000000000000000 ) ) ;
#4731 = LINE ( 'NONE', #4886, #5187 ) ;
#4732 = CARTESIAN_POINT ( 'NONE',  ( 64.29999999999999700, 19.29999999999983000, 3.210000000000000000 ) ) ;
#4733 = ORIENTED_EDGE ( 'NONE', *, *, #7459, .T. ) ;
#4734 = EDGE_CURVE ( 'NONE', #6862, #3957, #4146, .T. ) ;
#4735 = PRODUCT_DEFINITION_SHAPE ( 'NONE', 'NONE',  #9053 ) ;
#4736 = CONTEXT_DEPENDENT_SHAPE_REPRESENTATION ( #5143, #3948 ) ;
#4737 = DIRECTION ( 'NONE',  ( 0.0000000000000000000, 0.0000000000000000000, -1.000000000000000000 ) ) ;
#4738 = CARTESIAN_POINT ( 'NONE',  ( 41.64999999999997700, -5.319352154839425300E-015, -5.400000000000000400 ) ) ;
#4739 = CARTESIAN_POINT ( 'NONE',  ( 67.29999999999998300, 2.550000000000016300, 1.250000000000000000 ) ) ;
#4740 = CARTESIAN_POINT ( 'NONE',  ( -68.77499999999999100, -1.665989494271091600E-014, 1.100000000000000300 ) ) ;
#4741 = DIRECTION ( 'NONE',  ( 1.000000000000000000, 0.0000000000000000000, 0.0000000000000000000 ) ) ;
#4742 =( REPRESENTATION_RELATIONSHIP ('NONE','NONE', #6135, #6228 ) REPRESENTATION_RELATIONSHIP_WITH_TRANSFORMATION ( #5645 )SHAPE_REPRESENTATION_RELATIONSHIP( ) );
#4743 = VERTEX_POINT ( 'NONE', #7289 ) ;
#4744 = CARTESIAN_POINT ( 'NONE',  ( 69.17499999999999700, -3.779999999999991400, 0.8999999999999998000 ) ) ;
#4745 = PLANE ( 'NONE',  #2898 ) ;
#4746 = ITEM_DEFINED_TRANSFORMATION ( 'NONE', 'NONE', #2324,  #7076 ) ;
#4747 = VECTOR ( 'NONE', #2965, 1000.000000000000000 ) ;
#4748 = EDGE_CURVE ( 'NONE', #288, #3183, #134, .T. ) ;
#4749 = ORIENTED_EDGE ( 'NONE', *, *, #2830, .F. ) ;
#4750 = CARTESIAN_POINT ( 'NONE',  ( 64.29999999999999700, 6.299999999999999800, 3.250000000000008900 ) ) ;
#4751 = PRODUCT_DEFINITION_SHAPE ( 'NONE', 'NONE',  #9077 ) ;
#4752 = EDGE_LOOP ( 'NONE', ( #6808, #720, #5032, #4538 ) ) ;
#4753 = AXIS2_PLACEMENT_3D ( 'NONE', #3601, #7242, #1539 ) ;
#4754 = ITEM_DEFINED_TRANSFORMATION ( 'NONE', 'NONE', #2129,  #7076 ) ;
#4755 = VERTEX_POINT ( 'NONE', #1334 ) ;
#4756 = CARTESIAN_POINT ( 'NONE',  ( 67.29999999999999700, 15.60000000000000000, 3.250000000000008900 ) ) ;
#4757 = VECTOR ( 'NONE', #8960, 1000.000000000000000 ) ;
#4758 = EDGE_LOOP ( 'NONE', ( #291, #7857, #1328, #8778, #4229 ) ) ;
#4759 = ORIENTED_EDGE ( 'NONE', *, *, #3388, .F. ) ;
#4760 = CARTESIAN_POINT ( 'NONE',  ( 2.549999999999983400, -1.006623544563443700E-014, -5.400000000000000400 ) ) ;
#4761 = CARTESIAN_POINT ( 'NONE',  ( -66.87500000000000000, 15.60000000000001000, 0.7900000000000082500 ) ) ;
#4762 = CARTESIAN_POINT ( 'NONE',  ( 71.00040004000798900, 14.83999999999983100, 1.249999999999998400 ) ) ;
#4763 = EDGE_CURVE ( 'NONE', #3520, #932, #7529, .T. ) ;
#4764 = AXIS2_PLACEMENT_3D ( 'NONE', #5830, #54, #3647 ) ;
#4765 = FACE_OUTER_BOUND ( 'NONE', #2710, .T. ) ;
#4766 = EDGE_LOOP ( 'NONE', ( #3828, #2095, #2337, #8716 ) ) ;
#4767 = ORIENTED_EDGE ( 'NONE', *, *, #2580, .F. ) ;
#4768 = CARTESIAN_POINT ( 'NONE',  ( -64.29999999999999700, 8.250000000000000000, 0.9249999999999978200 ) ) ;
#4769 = AXIS2_PLACEMENT_3D ( 'NONE', #1669, #6693, #3084 ) ;
#4770 = DIRECTION ( 'NONE',  ( 0.0000000000000000000, 0.0000000000000000000, 1.000000000000000000 ) ) ;
#4771 =( REPRESENTATION_RELATIONSHIP ('NONE','NONE', #6135, #6228 ) REPRESENTATION_RELATIONSHIP_WITH_TRANSFORMATION ( #7334 )SHAPE_REPRESENTATION_RELATIONSHIP( ) );
#4772 = FACE_OUTER_BOUND ( 'NONE', #6721, .T. ) ;
#4773 = PLANE ( 'NONE',  #1874 ) ;
#4774 = VERTEX_POINT ( 'NONE', #5080 ) ;
#4775 = DIRECTION ( 'NONE',  ( -2.891205793294675400E-016, -1.000000000000000000, 1.268635918644450100E-031 ) ) ;
#4776 = AXIS2_PLACEMENT_3D ( 'NONE', #3716, #8771, #4461 ) ;
#4777 = DIRECTION ( 'NONE',  ( -0.0000000000000000000, -0.0000000000000000000, -1.000000000000000000 ) ) ;
#4778 = CARTESIAN_POINT ( 'NONE',  ( 78.19999999999997400, 2.192267284440413700E-015, -3.800000000000000300 ) ) ;
#4779 = ORIENTED_EDGE ( 'NONE', *, *, #1159, .F. ) ;
#4780 = AXIS2_PLACEMENT_3D ( 'NONE', #1905, #3933, #8311 ) ;
#4781 = ORIENTED_EDGE ( 'NONE', *, *, #7892, .F. ) ;
#4782 = DIRECTION ( 'NONE',  ( -1.000000000000000000, 0.0000000000000000000, 0.0000000000000000000 ) ) ;
#4783 = DIRECTION ( 'NONE',  ( 0.0000000000000000000, -1.000000000000000000, 0.0000000000000000000 ) ) ;
#4784 = PRODUCT_DEFINITION_SHAPE ( 'NONE', 'NONE',  #9033 ) ;
#4785 = CARTESIAN_POINT ( 'NONE',  ( 67.29999999999998300, 7.100000000000000500, 1.250000000000000000 ) ) ;
#4786 = EDGE_CURVE ( 'NONE', #2297, #7386, #4931, .T. ) ;
#4787 = DIRECTION ( 'NONE',  ( 0.0000000000000000000, 0.0000000000000000000, 1.000000000000000000 ) ) ;
#4788 = DIRECTION ( 'NONE',  ( -1.000000000000000000, -1.225453863971292700E-016, 0.0000000000000000000 ) ) ;
#4789 = ORIENTED_EDGE ( 'NONE', *, *, #2475, .T. ) ;
#4790 = ADVANCED_FACE ( 'NONE', ( #921 ), #7635, .F. ) ;
#4791 = VERTEX_POINT ( 'NONE', #2841 ) ;
#4792 = LINE ( 'NONE', #8422, #6362 ) ;
#4793 = DIRECTION ( 'NONE',  ( 0.0000000000000000000, 0.0000000000000000000, -1.000000000000000000 ) ) ;
#4794 = B_SPLINE_CURVE_WITH_KNOTS ( 'NONE', 3,
 ( #8824, #4512, #5178, #2421, #6626, #7353, #6113, #6261, #4847, #1967, #8575, #639, #1391, #6390 ),
 .UNSPECIFIED., .F., .F.,
 ( 4, 2, 2, 2, 2, 2, 4 ),
 ( 0.0000000000000000000, 0.0004683942772038965700, 0.0009367885544077931400, 0.001405182831611689700, 0.001873577108815586300, 0.002810365663223373400, 0.003747154217631160900 ),
 .UNSPECIFIED. ) ;
#4795 = DIRECTION ( 'NONE',  ( 0.0000000000000000000, 0.0000000000000000000, -1.000000000000000000 ) ) ;
#4796 = EDGE_LOOP ( 'NONE', ( #5644, #5988, #3087, #1220, #5087 ) ) ;
#4797 = VERTEX_POINT ( 'NONE', #2930 ) ;
#4798 = CIRCLE ( 'NONE', #403, 1.000000000000000900 ) ;
#4799 = VECTOR ( 'NONE', #5850, 1000.000000000000000 ) ;
#4800 = EDGE_CURVE ( 'NONE', #4943, #2989, #2356, .T. ) ;
#4801 = CARTESIAN_POINT ( 'NONE',  ( -69.20000000000001700, 6.449999999999983300, -2.750000000000008900 ) ) ;
#4802 = CARTESIAN_POINT ( 'NONE',  ( 71.00000000000001400, 20.89999999999983900, 3.210000000000000000 ) ) ;
#4803 = ORIENTED_EDGE ( 'NONE', *, *, #4279, .F. ) ;
#4804 = FACE_OUTER_BOUND ( 'NONE', #1794, .T. ) ;
#4805 = VERTEX_POINT ( 'NONE', #2180 ) ;
#4806 = CARTESIAN_POINT ( 'NONE',  ( -70.99999999999998600, 5.401122099692563500, -0.08384057537110400900 ) ) ;
#4807 = VECTOR ( 'NONE', #7210, 1000.000000000000000 ) ;
#4808 = ORIENTED_EDGE ( 'NONE', *, *, #8837, .T. ) ;
#4809 = CIRCLE ( 'NONE', #584, 1.000000000000000900 ) ;
#4810 = ORIENTED_EDGE ( 'NONE', *, *, #5873, .T. ) ;
#4811 = VECTOR ( 'NONE', #7453, 1000.000000000000000 ) ;
#4812 = LINE ( 'NONE', #7565, #2010 ) ;
#4813 = DIRECTION ( 'NONE',  ( 1.000000000000000000, 0.0000000000000000000, 0.0000000000000000000 ) ) ;
#4814 = CARTESIAN_POINT ( 'NONE',  ( 65.75000000000000000, 19.69999999999982500, -3.210000000000000000 ) ) ;
#4815 = EDGE_CURVE ( 'NONE', #3887, #6035, #3785, .T. ) ;
#4816 = CARTESIAN_POINT ( 'NONE',  ( -69.25000000000000000, 20.49999999999984000, -3.210000000000000000 ) ) ;
#4817 = AXIS2_PLACEMENT_3D ( 'NONE', #454, #5467, #581 ) ;
#4818 = ITEM_DEFINED_TRANSFORMATION ( 'NONE', 'NONE', #2393,  #7076 ) ;
#4819 = CIRCLE ( 'NONE', #8336, 0.9999999999999983300 ) ;
#4820 = ORIENTED_EDGE ( 'NONE', *, *, #3778, .F. ) ;
#4821 = CARTESIAN_POINT ( 'NONE',  ( -71.00000000000001400, 20.49999999999983700, 3.210000000000000000 ) ) ;
#4822 = FACE_OUTER_BOUND ( 'NONE', #5400, .T. ) ;
#4823 = LINE ( 'NONE', #1620, #6517 ) ;
#4824 = SURFACE_STYLE_USAGE ( .BOTH. , #553 ) ;
#4825 = ORIENTED_EDGE ( 'NONE', *, *, #8478, .F. ) ;
#4826 = AXIS2_PLACEMENT_3D ( 'NONE', #3928, #8975, #8308 ) ;
#4827 = CARTESIAN_POINT ( 'NONE',  ( -64.29999999999999700, 16.79999999999983700, -3.210000000000000000 ) ) ;
#4828 = VECTOR ( 'NONE', #3469, 1000.000000000000000 ) ;
#4829 = DIRECTION ( 'NONE',  ( 1.000000000000000000, 0.0000000000000000000, 0.0000000000000000000 ) ) ;
#4830 = AXIS2_PLACEMENT_3D ( 'NONE', #2154, #3623, #7168 ) ;
#4831 = ADVANCED_FACE ( 'NONE', ( #3201 ), #496, .F. ) ;
#4832 = ORIENTED_EDGE ( 'NONE', *, *, #3452, .F. ) ;
#4833 =( REPRESENTATION_RELATIONSHIP ('NONE','NONE', #6135, #6228 ) REPRESENTATION_RELATIONSHIP_WITH_TRANSFORMATION ( #5524 )SHAPE_REPRESENTATION_RELATIONSHIP( ) );
#4834 = VECTOR ( 'NONE', #362, 1000.000000000000000 ) ;
#4835 = ADVANCED_FACE ( 'NONE', ( #1359, #1900, #5495 ), #7914, .T. ) ;
#4836 = AXIS2_PLACEMENT_3D ( 'NONE', #6600, #5114, #5089 ) ;
#4837 = ORIENTED_EDGE ( 'NONE', *, *, #4570, .T. ) ;
#4838 = DIRECTION ( 'NONE',  ( 0.0000000000000000000, -1.000000000000000000, 2.675990735810954300E-016 ) ) ;
#4839 = PRODUCT_DEFINITION_SHAPE ( 'NONE', 'NONE',  #9130 ) ;
#4840 = AXIS2_PLACEMENT_3D ( 'NONE', #1361, #8409, #6238 ) ;
#4841 = EDGE_CURVE ( 'NONE', #932, #409, #6391, .T. ) ;
#4842 = CARTESIAN_POINT ( 'NONE',  ( 116.4499999999999900, 3.761641966681464700E-015, -5.400000000000000400 ) ) ;
#4843 = LINE ( 'NONE', #5701, #6646 ) ;
#4844 = CARTESIAN_POINT ( 'NONE',  ( 64.29999999999999700, 8.250000000000007100, -0.9249999999999980500 ) ) ;
#4845 = VERTEX_POINT ( 'NONE', #6492 ) ;
#4846 = PRODUCT_DEFINITION_SHAPE ( 'NONE', 'NONE',  #9188 ) ;
#4847 = CARTESIAN_POINT ( 'NONE',  ( 71.62516648033818000, 16.25792652012933500, -1.851129829625861600 ) ) ;
#4848 = DIRECTION ( 'NONE',  ( 1.000000000000000000, 0.0000000000000000000, 0.0000000000000000000 ) ) ;
#4849 = DIRECTION ( 'NONE',  ( -0.0000000000000000000, -0.9974221446084792200, 0.07175698882075462500 ) ) ;
#4850 = CARTESIAN_POINT ( 'NONE',  ( 72.75000000000000000, 21.29999999999984100, 3.210000000000000000 ) ) ;
#4851 =( REPRESENTATION_RELATIONSHIP ('NONE','NONE', #6135, #6228 ) REPRESENTATION_RELATIONSHIP_WITH_TRANSFORMATION ( #8874 )SHAPE_REPRESENTATION_RELATIONSHIP( ) );
#4852 = VECTOR ( 'NONE', #7955, 1000.000000000000100 ) ;
#4853 = PRODUCT_DEFINITION_SHAPE ( 'NONE', 'NONE',  #9262 ) ;
#4854 = ORIENTED_EDGE ( 'NONE', *, *, #6289, .T. ) ;
#4855 = CARTESIAN_POINT ( 'NONE',  ( 71.00000000000001400, 20.49999999999983700, 3.210000000000000000 ) ) ;
#4856 = EDGE_CURVE ( 'NONE', #1814, #4594, #7068, .T. ) ;
#4857 = ORIENTED_EDGE ( 'NONE', *, *, #3778, .T. ) ;
#4858 = DIRECTION ( 'NONE',  ( 0.0000000000000000000, 0.0000000000000000000, 1.000000000000000000 ) ) ;
#4859 = CARTESIAN_POINT ( 'NONE',  ( 66.87500000000011400, -135.2593320108917700, 0.7899999999999919300 ) ) ;
#4860 = LINE ( 'NONE', #7842, #6786 ) ;
#4861 =( REPRESENTATION_RELATIONSHIP ('NONE','NONE', #6135, #6228 ) REPRESENTATION_RELATIONSHIP_WITH_TRANSFORMATION ( #4287 )SHAPE_REPRESENTATION_RELATIONSHIP( ) );
#4862 = ORIENTED_EDGE ( 'NONE', *, *, #8959, .T. ) ;
#4863 =( REPRESENTATION_RELATIONSHIP ('NONE','NONE', #6135, #6228 ) REPRESENTATION_RELATIONSHIP_WITH_TRANSFORMATION ( #2477 )SHAPE_REPRESENTATION_RELATIONSHIP( ) );
#4864 = EDGE_CURVE ( 'NONE', #4418, #869, #5160, .T. ) ;
#4865 = ORIENTED_EDGE ( 'NONE', *, *, #3762, .F. ) ;
#4866 = CARTESIAN_POINT ( 'NONE',  ( 68.20000000000001700, 0.4000000000000084000, 3.249999999999991600 ) ) ;
#4867 = DIRECTION ( 'NONE',  ( -1.982541115402063300E-015, -1.000000000000000000, 0.0000000000000000000 ) ) ;
#4868 = ADVANCED_FACE ( 'NONE', ( #6051 ), #8710, .F. ) ;
#4869 = DIRECTION ( 'NONE',  ( 1.000000000000000000, 0.0000000000000000000, 0.0000000000000000000 ) ) ;
#4870 = DIRECTION ( 'NONE',  ( 0.0000000000000000000, -0.0000000000000000000, 1.000000000000000000 ) ) ;
#4871 = EDGE_CURVE ( 'NONE', #3082, #3845, #233, .T. ) ;
#4872 = CARTESIAN_POINT ( 'NONE',  ( -68.77499999999999100, -1.000000000000016900, -1.099999999999999900 ) ) ;
#4873 = AXIS2_PLACEMENT_3D ( 'NONE', #3963, #4629, #3823 ) ;
#4874 = LINE ( 'NONE', #1218, #2524 ) ;
#4875 = ORIENTED_EDGE ( 'NONE', *, *, #8052, .T. ) ;
#4876 = CARTESIAN_POINT ( 'NONE',  ( 79.04999999999998300, -7.788550940789801400E-016, -5.400000000000000400 ) ) ;
#4877 = DIRECTION ( 'NONE',  ( 1.000000000000000000, 0.0000000000000000000, 0.0000000000000000000 ) ) ;
#4878 = PRODUCT_DEFINITION_SHAPE ( 'NONE', 'NONE',  #9050 ) ;
#4879 = CARTESIAN_POINT ( 'NONE',  ( 69.20000000000001700, 6.450000000000001100, 1.250000000000000200 ) ) ;
#4880 = DIRECTION ( 'NONE',  ( 0.0000000000000000000, 0.0000000000000000000, 1.000000000000000000 ) ) ;
#4881 = LINE ( 'NONE', #9005, #4554 ) ;
#4882 = DIRECTION ( 'NONE',  ( 1.000000000000000000, 0.0000000000000000000, 0.0000000000000000000 ) ) ;
#4883 = CARTESIAN_POINT ( 'NONE',  ( -70.20000000000001700, 0.3999999999999914200, -3.249999999999990700 ) ) ;
#4884 = EDGE_LOOP ( 'NONE', ( #2371, #5658, #2206, #3198 ) ) ;
#4885 = CONTEXT_DEPENDENT_SHAPE_REPRESENTATION ( #4939, #4627 ) ;
#4886 = CARTESIAN_POINT ( 'NONE',  ( -64.79999999999999700, 16.79999999999983700, 3.210000000000000000 ) ) ;
#4887 = PLANE ( 'NONE',  #3930 ) ;
#4888 = ADVANCED_FACE ( 'NONE', ( #8540 ), #8647, .F. ) ;
#4889 = PRODUCT_DEFINITION_SHAPE ( 'NONE', 'NONE',  #9070 ) ;
#4890 = DIRECTION ( 'NONE',  ( -1.000000000000000000, -1.225453863971292700E-016, 0.0000000000000000000 ) ) ;
#4891 = CYLINDRICAL_SURFACE ( 'NONE', #4676, 1.000000000000000900 ) ;
#4892 = DIRECTION ( 'NONE',  ( 1.000000000000000000, 0.0000000000000000000, 0.0000000000000000000 ) ) ;
#4893 = EDGE_LOOP ( 'NONE', ( #6591, #5676, #493, #2992 ) ) ;
#4894 = CARTESIAN_POINT ( 'NONE',  ( 43.34999999999998000, -5.112965924804860100E-015, -5.400000000000000400 ) ) ;
#4895 = AXIS2_PLACEMENT_3D ( 'NONE', #6718, #8989, #8860 ) ;
#4896 =( REPRESENTATION_RELATIONSHIP ('NONE','NONE', #6135, #6228 ) REPRESENTATION_RELATIONSHIP_WITH_TRANSFORMATION ( #1604 )SHAPE_REPRESENTATION_RELATIONSHIP( ) );
#4897 = ORIENTED_EDGE ( 'NONE', *, *, #238, .F. ) ;
#4898 = DIRECTION ( 'NONE',  ( -0.0000000000000000000, -0.0000000000000000000, 1.000000000000000000 ) ) ;
#4899 = EDGE_CURVE ( 'NONE', #2509, #3022, #8763, .T. ) ;
#4900 = CARTESIAN_POINT ( 'NONE',  ( 16.99999999999998600, -5.237636996803950700E-015, -3.800000000000000300 ) ) ;
#4901 = VERTEX_POINT ( 'NONE', #6571 ) ;
#4902 = DIRECTION ( 'NONE',  ( 0.0000000000000000000, 0.0000000000000000000, 1.000000000000000000 ) ) ;
#4903 = CARTESIAN_POINT ( 'NONE',  ( -70.99999999999998600, 8.250000000000007100, -0.9249999999999980500 ) ) ;
#4904 = VECTOR ( 'NONE', #153, 1000.000000000000000 ) ;
#4905 = CARTESIAN_POINT ( 'NONE',  ( 5.374999999999996400, -1.000000000000007800, -1.249999999999999800 ) ) ;
#4906 = DIRECTION ( 'NONE',  ( 1.000000000000000000, 0.0000000000000000000, 0.0000000000000000000 ) ) ;
#4907 = AXIS2_PLACEMENT_3D ( 'NONE', #2222, #4253, #1449 ) ;
#4908 = VERTEX_POINT ( 'NONE', #6462 ) ;
#4909 = CARTESIAN_POINT ( 'NONE',  ( 85.84999999999998000, 7.348189123208889900E-015, -1.600000000000000100 ) ) ;
#4910 = EDGE_LOOP ( 'NONE', ( #391, #3650, #7111, #2867 ) ) ;
#4911 = VECTOR ( 'NONE', #8193, 1000.000000000000000 ) ;
#4912 = EDGE_CURVE ( 'NONE', #8602, #1754, #6621, .T. ) ;
#4913 = DIRECTION ( 'NONE',  ( -1.000000000000000000, -1.982541115402063300E-015, 0.0000000000000000000 ) ) ;
#4914 = CARTESIAN_POINT ( 'NONE',  ( 6.574999999999999300, 0.4000000000000008500, -2.250000000000000000 ) ) ;
#4915 = ADVANCED_FACE ( 'NONE', ( #689 ), #293, .T. ) ;
#4916 =( REPRESENTATION_RELATIONSHIP ('NONE','NONE', #6135, #6228 ) REPRESENTATION_RELATIONSHIP_WITH_TRANSFORMATION ( #2569 )SHAPE_REPRESENTATION_RELATIONSHIP( ) );
#4917 = CARTESIAN_POINT ( 'NONE',  ( 69.97499999999999400, 0.4000000000000085700, -2.250000000000000000 ) ) ;
#4918 = ORIENTED_EDGE ( 'NONE', *, *, #8321, .F. ) ;
#4919 = VERTEX_POINT ( 'NONE', #5885 ) ;
#4920 = ORIENTED_EDGE ( 'NONE', *, *, #1572, .T. ) ;
#4921 = FACE_OUTER_BOUND ( 'NONE', #5212, .T. ) ;
#4922 = ORIENTED_EDGE ( 'NONE', *, *, #1848, .T. ) ;
#4923 = LINE ( 'NONE', #930, #1143 ) ;
#4924 = PRODUCT_DEFINITION_SHAPE ( 'NONE', 'NONE',  #9035 ) ;
#4925 = FACE_OUTER_BOUND ( 'NONE', #7195, .T. ) ;
#4926 = EDGE_CURVE ( 'NONE', #3845, #7156, #3001, .T. ) ;
#4927 = VERTEX_POINT ( 'NONE', #262 ) ;
#4928 = LINE ( 'NONE', #2618, #1148 ) ;
#4929 = ORIENTED_EDGE ( 'NONE', *, *, #8111, .F. ) ;
#4930 = AXIS2_PLACEMENT_3D ( 'NONE', #3954, #3214, #6794 ) ;
#4931 = LINE ( 'NONE', #7259, #2782 ) ;
#4932 = VECTOR ( 'NONE', #6119, 1000.000000000000000 ) ;
#4933 = DIRECTION ( 'NONE',  ( 1.000000000000000000, 0.0000000000000000000, -0.0000000000000000000 ) ) ;
#4934 = EDGE_LOOP ( 'NONE', ( #8620, #3637, #3818, #6319, #1320, #7700, #5425, #4104, #1519, #2171, #3153, #106 ) ) ;
#4935 = ADVANCED_FACE ( 'NONE', ( #5716 ), #969, .F. ) ;
#4936 = DIRECTION ( 'NONE',  ( 1.000000000000000000, 0.0000000000000000000, 0.0000000000000000000 ) ) ;
#4937 = EDGE_LOOP ( 'NONE', ( #6892, #4001, #2119, #8054 ) ) ;
#4938 = LINE ( 'NONE', #7770, #5269 ) ;
#4939 =( REPRESENTATION_RELATIONSHIP ('NONE','NONE', #6135, #6228 ) REPRESENTATION_RELATIONSHIP_WITH_TRANSFORMATION ( #6915 )SHAPE_REPRESENTATION_RELATIONSHIP( ) );
#4940 = CARTESIAN_POINT ( 'NONE',  ( 68.44006579232147700, 7.100000000000000500, -1.250000000000000200 ) ) ;
#4941 = CARTESIAN_POINT ( 'NONE',  ( 97.74999999999998600, 8.792892733450849400E-015, -1.600000000000000100 ) ) ;
#4942 = EDGE_CURVE ( 'NONE', #4679, #6557, #8992, .T. ) ;
#4943 = VERTEX_POINT ( 'NONE', #935 ) ;
#4944 = CARTESIAN_POINT ( 'NONE',  ( -69.17499999999999700, -1.697833539308218300E-014, -1.099999999999999900 ) ) ;
#4945 = AXIS2_PLACEMENT_3D ( 'NONE', #8488, #714, #4273 ) ;
#4946 = EDGE_CURVE ( 'NONE', #4743, #4051, #5127, .T. ) ;
#4947 = CARTESIAN_POINT ( 'NONE',  ( 28.04999999999998300, -6.970441995115951700E-015, -5.400000000000000400 ) ) ;
#4948 = DIRECTION ( 'NONE',  ( -1.000000000000000000, 0.0000000000000000000, 0.0000000000000000000 ) ) ;
#4949 = VECTOR ( 'NONE', #2450, 1000.000000000000000 ) ;
#4950 = EDGE_LOOP ( 'NONE', ( #760, #8117, #3425, #660, #7165, #4862, #5705, #3442, #8068, #1650, #3449, #1055 ) ) ;
#4951 = AXIS2_PLACEMENT_3D ( 'NONE', #1197, #3280, #407 ) ;
#4952 = CARTESIAN_POINT ( 'NONE',  ( -70.20000000000001700, 6.449999999999983300, -3.249999999999990700 ) ) ;
#4953 = CONTEXT_DEPENDENT_SHAPE_REPRESENTATION ( #2567, #2310 ) ;
#4954 = CARTESIAN_POINT ( 'NONE',  ( 72.99999999999998600, 14.79999999999983600, 3.210000000000000000 ) ) ;
#4955 = AXIS2_PLACEMENT_3D ( 'NONE', #4184, #5655, #2084 ) ;
#4956 = VECTOR ( 'NONE', #3430, 1000.000000000000000 ) ;
#4957 = VERTEX_POINT ( 'NONE', #7579 ) ;
#4958 =( REPRESENTATION_RELATIONSHIP ('NONE','NONE', #6135, #6228 ) REPRESENTATION_RELATIONSHIP_WITH_TRANSFORMATION ( #1810 )SHAPE_REPRESENTATION_RELATIONSHIP( ) );
#4959 = ORIENTED_EDGE ( 'NONE', *, *, #94, .F. ) ;
#4960 = DIRECTION ( 'NONE',  ( 1.000000000000000000, 1.225453863971292700E-016, -0.0000000000000000000 ) ) ;
#4961 = ITEM_DEFINED_TRANSFORMATION ( 'NONE', 'NONE', #5021,  #7076 ) ;
#4962 = ADVANCED_FACE ( 'NONE', ( #5928, #3560, #461, #7970 ), #6650, .T. ) ;
#4963 = AXIS2_PLACEMENT_3D ( 'NONE', #1964, #602, #5514 ) ;
#4964 = CARTESIAN_POINT ( 'NONE',  ( 15.29999999999998600, -5.444023226838516700E-015, -3.800000000000000300 ) ) ;
#4965 = CARTESIAN_POINT ( 'NONE',  ( 125.8000000000000000, 1.527258102255786300E-014, 0.0000000000000000000 ) ) ;
#4966 = PLANE ( 'NONE',  #166 ) ;
#4967 = CIRCLE ( 'NONE', #5953, 1.000000000000000400 ) ;
#4968 = CONTEXT_DEPENDENT_SHAPE_REPRESENTATION ( #1924, #1155 ) ;
#4969 = ORIENTED_EDGE ( 'NONE', *, *, #8044, .T. ) ;
#4970 = EDGE_CURVE ( 'NONE', #4289, #1754, #811, .T. ) ;
#4971 = PRODUCT_CONTEXT ( 'NONE', #1421, 'mechanical' ) ;
#4972 = CARTESIAN_POINT ( 'NONE',  ( 68.20000000000001700, 0.4000000000000088500, 2.750000000000008900 ) ) ;
#4973 = CONTEXT_DEPENDENT_SHAPE_REPRESENTATION ( #3342, #8433 ) ;
#4974 = DIRECTION ( 'NONE',  ( 0.0000000000000000000, 1.000000000000000000, 0.0000000000000000000 ) ) ;
#4975 = ORIENTED_EDGE ( 'NONE', *, *, #8892, .F. ) ;
#4976 = VECTOR ( 'NONE', #1377, 1000.000000000000000 ) ;
#4977 = VERTEX_POINT ( 'NONE', #8087 ) ;
#4978 = ORIENTED_EDGE ( 'NONE', *, *, #3221, .T. ) ;
#4979 = ITEM_DEFINED_TRANSFORMATION ( 'NONE', 'NONE', #8205,  #7076 ) ;
#4980 = DIRECTION ( 'NONE',  ( 0.0000000000000000000, 0.0000000000000000000, 1.000000000000000000 ) ) ;
#4981 = EDGE_LOOP ( 'NONE', ( #4969, #52, #7625, #1051 ) ) ;
#4982 = DIRECTION ( 'NONE',  ( -1.000000000000000000, 0.0000000000000000000, 0.0000000000000000000 ) ) ;
#4983 = ADVANCED_FACE ( 'NONE', ( #2131 ), #3765, .F. ) ;
#4984 = LINE ( 'NONE', #5214, #8715 ) ;
#4985 = EDGE_CURVE ( 'NONE', #1907, #6940, #2472, .T. ) ;
#4986 = ORIENTED_EDGE ( 'NONE', *, *, #2986, .F. ) ;
#4987 = ITEM_DEFINED_TRANSFORMATION ( 'NONE', 'NONE', #5960,  #7076 ) ;
#4988 = CARTESIAN_POINT ( 'NONE',  ( 70.20000000000001700, 2.694222958124186400E-016, 2.750000000000008900 ) ) ;
#4989 = DIRECTION ( 'NONE',  ( 1.000000000000000000, 0.0000000000000000000, 0.0000000000000000000 ) ) ;
#4990 = DIRECTION ( 'NONE',  ( 0.0000000000000000000, 0.0000000000000000000, -1.000000000000000000 ) ) ;
#4991 = DIRECTION ( 'NONE',  ( 0.0000000000000000000, 1.000000000000000000, -3.441911658684148800E-016 ) ) ;
#4992 =( REPRESENTATION_RELATIONSHIP ('NONE','NONE', #6135, #6228 ) REPRESENTATION_RELATIONSHIP_WITH_TRANSFORMATION ( #2796 )SHAPE_REPRESENTATION_RELATIONSHIP( ) );
#4993 = LINE ( 'NONE', #254, #7576 ) ;
#4994 = EDGE_CURVE ( 'NONE', #7474, #3012, #2893, .T. ) ;
#4995 = PRODUCT_DEFINITION_SHAPE ( 'NONE', 'NONE',  #9126 ) ;
#4996 = CARTESIAN_POINT ( 'NONE',  ( -67.46999999999999900, 9.167771687820288000, -1.249999999999998700 ) ) ;
#4997 = EDGE_LOOP ( 'NONE', ( #6457, #5573, #2834, #5005 ) ) ;
#4998 = CONTEXT_DEPENDENT_SHAPE_REPRESENTATION ( #2313, #2396 ) ;
#4999 = DIRECTION ( 'NONE',  ( 1.000000000000000000, 0.0000000000000000000, 0.0000000000000000000 ) ) ;
#5000 = CARTESIAN_POINT ( 'NONE',  ( 65.75000000000000000, 19.29999999999982300, 3.210000000000000000 ) ) ;
#5001 = EDGE_CURVE ( 'NONE', #2111, #1427, #2243, .T. ) ;
#5002 = PRODUCT_DEFINITION_SHAPE ( 'NONE', 'NONE',  #9186 ) ;
#5003 = LINE ( 'NONE', #8942, #6687 ) ;
#5004 =( REPRESENTATION_RELATIONSHIP ('NONE','NONE', #6135, #6228 ) REPRESENTATION_RELATIONSHIP_WITH_TRANSFORMATION ( #6925 )SHAPE_REPRESENTATION_RELATIONSHIP( ) );
#5005 = ORIENTED_EDGE ( 'NONE', *, *, #6186, .T. ) ;
#5006 = DIRECTION ( 'NONE',  ( 0.0000000000000000000, 1.000000000000000000, -2.675990735810954300E-016 ) ) ;
#5007 = PRODUCT_DEFINITION_SHAPE ( 'NONE', 'NONE',  #9250 ) ;
#5008 = AXIS2_PLACEMENT_3D ( 'NONE', #3404, #8454, #8519 ) ;
#5009 = DIRECTION ( 'NONE',  ( 0.0000000000000000000, 0.0000000000000000000, 1.000000000000000000 ) ) ;
#5010 = DIRECTION ( 'NONE',  ( 1.000000000000000000, 1.225453863971292700E-016, 0.0000000000000000000 ) ) ;
#5011 = ORIENTED_EDGE ( 'NONE', *, *, #6834, .T. ) ;
#5012 = ADVANCED_FACE ( 'NONE', ( #8295 ), #2418, .T. ) ;
#5013 = CARTESIAN_POINT ( 'NONE',  ( -74.50000000000000000, 18.79999999999983700, 3.210000000000000000 ) ) ;
#5014 = VERTEX_POINT ( 'NONE', #5175 ) ;
#5015 = AXIS2_PLACEMENT_3D ( 'NONE', #266, #4573, #297 ) ;
#5016 = DIRECTION ( 'NONE',  ( -1.000000000000000000, 4.785444071660135700E-015, 0.0000000000000000000 ) ) ;
#5017 = DIRECTION ( 'NONE',  ( 1.000000000000000000, -0.0000000000000000000, 0.0000000000000000000 ) ) ;
#5018 = CARTESIAN_POINT ( 'NONE',  ( 68.20000000000001700, 6.450000000000001100, 2.500000000000000000 ) ) ;
#5019 = ORIENTED_EDGE ( 'NONE', *, *, #597, .T. ) ;
#5020 = DIRECTION ( 'NONE',  ( 0.0000000000000000000, 0.0000000000000000000, 1.000000000000000000 ) ) ;
#5021 = AXIS2_PLACEMENT_3D ( 'NONE', #1745, #8210, #3883 ) ;
#5022 = ORIENTED_EDGE ( 'NONE', *, *, #8056, .F. ) ;
#5023 = VECTOR ( 'NONE', #3944, 1000.000000000000000 ) ;
#5024 =( REPRESENTATION_RELATIONSHIP ('NONE','NONE', #6135, #6228 ) REPRESENTATION_RELATIONSHIP_WITH_TRANSFORMATION ( #5399 )SHAPE_REPRESENTATION_RELATIONSHIP( ) );
#5025 = DIRECTION ( 'NONE',  ( 0.0000000000000000000, 0.0000000000000000000, 1.000000000000000000 ) ) ;
#5026 = DIRECTION ( 'NONE',  ( -1.000000000000000000, 0.0000000000000000000, 0.0000000000000000000 ) ) ;
#5027 = AXIS2_PLACEMENT_3D ( 'NONE', #1864, #619, #1373 ) ;
#5028 = EDGE_CURVE ( 'NONE', #4957, #5327, #3443, .T. ) ;
#5029 = ADVANCED_FACE ( 'NONE', ( #5817 ), #8846, .F. ) ;
#5030 = DIRECTION ( 'NONE',  ( 1.000000000000000000, 0.0000000000000000000, 0.0000000000000000000 ) ) ;
#5031 = PLANE ( 'NONE',  #5434 ) ;
#5032 = ORIENTED_EDGE ( 'NONE', *, *, #6629, .T. ) ;
#5033 = ORIENTED_EDGE ( 'NONE', *, *, #6811, .T. ) ;
#5034 = ORIENTED_EDGE ( 'NONE', *, *, #6579, .F. ) ;
#5035 = VECTOR ( 'NONE', #2445, 1000.000000000000000 ) ;
#5036 = ITEM_DEFINED_TRANSFORMATION ( 'NONE', 'NONE', #1374,  #7076 ) ;
#5037 = APPLICATION_PROTOCOL_DEFINITION ( 'draft international standard', 'automotive_design', 1998, #2856 ) ;
#5038 = UNCERTAINTY_MEASURE_WITH_UNIT (LENGTH_MEASURE( 1.000000000000000100E-005 ), #1000, 'distance_accuracy_value', 'NONE');
#5039 = DIRECTION ( 'NONE',  ( 0.0000000000000000000, 1.000000000000000000, -0.0000000000000000000 ) ) ;
#5040 = ITEM_DEFINED_TRANSFORMATION ( 'NONE', 'NONE', #2335,  #7076 ) ;
#5041 = VERTEX_POINT ( 'NONE', #1654 ) ;
#5042 = SURFACE_STYLE_FILL_AREA ( #4217 ) ;
#5043 = ORIENTED_EDGE ( 'NONE', *, *, #876, .F. ) ;
#5044 = LINE ( 'NONE', #6136, #7056 ) ;
#5045 = VECTOR ( 'NONE', #2848, 1000.000000000000000 ) ;
#5046 = EDGE_CURVE ( 'NONE', #2887, #741, #6269, .T. ) ;
#5047 =( NAMED_UNIT ( * ) SI_UNIT ( $, .STERADIAN. ) SOLID_ANGLE_UNIT ( ) );
#5048 = VECTOR ( 'NONE', #4008, 1000.000000000000000 ) ;
#5049 = CIRCLE ( 'NONE', #2265, 1.000000000000000900 ) ;
#5050 = ORIENTED_EDGE ( 'NONE', *, *, #2108, .F. ) ;
#5051 = VECTOR ( 'NONE', #663, 1000.000000000000000 ) ;
#5052 = VECTOR ( 'NONE', #7979, 1000.000000000000000 ) ;
#5053 = DIRECTION ( 'NONE',  ( -1.000000000000000000, 1.982541115402063700E-015, 0.0000000000000000000 ) ) ;
#5054 = CARTESIAN_POINT ( 'NONE',  ( 62.04999999999998300, -2.842717394424636700E-015, -5.400000000000000400 ) ) ;
#5055 = DIRECTION ( 'NONE',  ( -0.0000000000000000000, -0.0000000000000000000, -1.000000000000000000 ) ) ;
#5056 = ORIENTED_EDGE ( 'NONE', *, *, #1557, .F. ) ;
#5057 = PLANE ( 'NONE',  #8856 ) ;
#5058 = EDGE_CURVE ( 'NONE', #3572, #1231, #1029, .T. ) ;
#5059 = DIRECTION ( 'NONE',  ( 3.469446951953605400E-014, -1.000000000000000000, 0.0000000000000000000 ) ) ;
#5060 = CARTESIAN_POINT ( 'NONE',  ( 70.20000000000001700, 0.4000000000000089600, -2.750000000000008900 ) ) ;
#5061 = CARTESIAN_POINT ( 'NONE',  ( -70.99999999999998600, 10.59999999999998200, 3.250000000000008900 ) ) ;
#5062 = VECTOR ( 'NONE', #1384, 1000.000000000000000 ) ;
#5063 = ADVANCED_FACE ( 'NONE', ( #3101 ), #1579, .F. ) ;
#5064 = DIRECTION ( 'NONE',  ( -0.0000000000000000000, 1.000000000000000000, -3.441911658684148300E-016 ) ) ;
#5065 = ORIENTED_EDGE ( 'NONE', *, *, #6253, .F. ) ;
#5066 = CONTEXT_DEPENDENT_SHAPE_REPRESENTATION ( #327, #4268 ) ;
#5067 = CARTESIAN_POINT ( 'NONE',  ( 16.14999999999999500, -1.113646308208303000E-015, -1.600000000000000100 ) ) ;
#5068 = APPLICATION_CONTEXT ( 'automotive_design' ) ;
#5069 = LINE ( 'NONE', #7446, #369 ) ;
#5070 = DIRECTION ( 'NONE',  ( 0.0000000000000000000, 0.0000000000000000000, 1.000000000000000000 ) ) ;
#5071 = AXIS2_PLACEMENT_3D ( 'NONE', #8453, #4140, #7785 ) ;
#5072 = ORIENTED_EDGE ( 'NONE', *, *, #5753, .F. ) ;
#5073 = DIRECTION ( 'NONE',  ( 0.0000000000000000000, 0.0000000000000000000, 1.000000000000000000 ) ) ;
#5074 = CONTEXT_DEPENDENT_SHAPE_REPRESENTATION ( #6010, #7573 ) ;
#5075 = ADVANCED_FACE ( 'NONE', ( #799 ), #8223, .F. ) ;
#5076 = FACE_OUTER_BOUND ( 'NONE', #6822, .T. ) ;
#5077 = AXIS2_PLACEMENT_3D ( 'NONE', #339, #7581, #1108 ) ;
#5078 = CARTESIAN_POINT ( 'NONE',  ( 98.59999999999998000, 4.668902044855202400E-015, -3.800000000000000300 ) ) ;
#5079 = ORIENTED_EDGE ( 'NONE', *, *, #1735, .F. ) ;
#5080 = CARTESIAN_POINT ( 'NONE',  ( 6.574999999999999300, 8.057359155611249500E-016, 2.250000000000000000 ) ) ;
#5081 = CARTESIAN_POINT ( 'NONE',  ( -69.17499999999999700, -1.670891309726976700E-014, 1.100000000000000300 ) ) ;
#5082 = MECHANICAL_DESIGN_GEOMETRIC_PRESENTATION_REPRESENTATION (  '', ( #2209 ), #2021 ) ;
#5083 = DIRECTION ( 'NONE',  ( -0.0000000000000000000, -0.0000000000000000000, -1.000000000000000000 ) ) ;
#5084 = DIRECTION ( 'NONE',  ( 0.0000000000000000000, 0.0000000000000000000, 1.000000000000000000 ) ) ;
#5085 = VECTOR ( 'NONE', #5345, 1000.000000000000000 ) ;
#5086 =( REPRESENTATION_RELATIONSHIP ('NONE','NONE', #6135, #6228 ) REPRESENTATION_RELATIONSHIP_WITH_TRANSFORMATION ( #6748 )SHAPE_REPRESENTATION_RELATIONSHIP( ) );
#5087 = ORIENTED_EDGE ( 'NONE', *, *, #6733, .F. ) ;
#5088 = CARTESIAN_POINT ( 'NONE',  ( 5.374999999999996400, -3.779999999999998900, 0.8999999999999998000 ) ) ;
#5089 = DIRECTION ( 'NONE',  ( 1.000000000000000000, 0.0000000000000000000, 0.0000000000000000000 ) ) ;
#5090 = DIRECTION ( 'NONE',  ( -0.0000000000000000000, -6.123233995736441900E-017, -1.000000000000000000 ) ) ;
#5091 = ORIENTED_EDGE ( 'NONE', *, *, #5766, .T. ) ;
#5092 = PLANE ( 'NONE',  #7062 ) ;
#5093 = CARTESIAN_POINT ( 'NONE',  ( 67.46999999999999900, 14.83999999999983100, -3.210000000000001300 ) ) ;
#5094 = FACE_OUTER_BOUND ( 'NONE', #2451, .T. ) ;
#5095 = ORIENTED_EDGE ( 'NONE', *, *, #422, .F. ) ;
#5096 = EDGE_CURVE ( 'NONE', #1551, #6724, #8186, .T. ) ;
#5097 =( REPRESENTATION_RELATIONSHIP ('NONE','NONE', #6135, #6228 ) REPRESENTATION_RELATIONSHIP_WITH_TRANSFORMATION ( #5220 )SHAPE_REPRESENTATION_RELATIONSHIP( ) );
#5098 = ORIENTED_EDGE ( 'NONE', *, *, #8735, .T. ) ;
#5099 = DIRECTION ( 'NONE',  ( 0.7071067811865475700, 0.7071067811865475700, -0.0000000000000000000 ) ) ;
#5100 = DIRECTION ( 'NONE',  ( 0.0000000000000000000, 0.0000000000000000000, 1.000000000000000000 ) ) ;
#5101 = VECTOR ( 'NONE', #6937, 1000.000000000000000 ) ;
#5102 = CARTESIAN_POINT ( 'NONE',  ( 64.29999999999999700, 17.29999999999983700, 3.210000000000000000 ) ) ;
#5103 = ORIENTED_EDGE ( 'NONE', *, *, #548, .T. ) ;
#5104 = ITEM_DEFINED_TRANSFORMATION ( 'NONE', 'NONE', #4651,  #7076 ) ;
#5105 = CARTESIAN_POINT ( 'NONE',  ( -68.44006579232149100, 7.100000000000000500, 1.500000000000000000 ) ) ;
#5106 = EDGE_CURVE ( 'NONE', #354, #409, #4135, .T. ) ;
#5107 = AXIS2_PLACEMENT_3D ( 'NONE', #1614, #1690, #3867 ) ;
#5108 = VECTOR ( 'NONE', #7001, 1000.000000000000000 ) ;
#5109 = ORIENTED_EDGE ( 'NONE', *, *, #5571, .F. ) ;
#5110 = CARTESIAN_POINT ( 'NONE',  ( 65.75000000000000000, 19.29999999999982300, -3.210000000000000000 ) ) ;
#5111 = CARTESIAN_POINT ( 'NONE',  ( 67.97499999999999400, 0.4000000000000083500, 2.250000000000000000 ) ) ;
#5112 =( REPRESENTATION_RELATIONSHIP ('NONE','NONE', #6135, #6228 ) REPRESENTATION_RELATIONSHIP_WITH_TRANSFORMATION ( #8547 )SHAPE_REPRESENTATION_RELATIONSHIP( ) );
#5113 = DIRECTION ( 'NONE',  ( -0.0000000000000000000, -1.000000000000000000, -0.0000000000000000000 ) ) ;
#5114 = DIRECTION ( 'NONE',  ( 0.0000000000000000000, 0.0000000000000000000, 1.000000000000000000 ) ) ;
#5115 = PRODUCT_DEFINITION_SHAPE ( 'NONE', 'NONE',  #9109 ) ;
#5116 = VECTOR ( 'NONE', #1170, 1000.000000000000000 ) ;
#5117 = ADVANCED_FACE ( 'NONE', ( #1142 ), #1757, .F. ) ;
#5118 = ORIENTED_EDGE ( 'NONE', *, *, #248, .F. ) ;
#5119 = DIRECTION ( 'NONE',  ( 0.0000000000000000000, 0.0000000000000000000, -1.000000000000000000 ) ) ;
#5120 = EDGE_CURVE ( 'NONE', #7398, #517, #4591, .T. ) ;
#5121 = AXIS2_PLACEMENT_3D ( 'NONE', #6983, #3568, #8466 ) ;
#5122 = DIRECTION ( 'NONE',  ( 1.000000000000000000, 0.0000000000000000000, 0.0000000000000000000 ) ) ;
#5123 = CARTESIAN_POINT ( 'NONE',  ( 17.84999999999999400, -9.072600781737375600E-016, -1.600000000000000100 ) ) ;
#5124 = EDGE_LOOP ( 'NONE', ( #1215, #5919, #6247, #6582 ) ) ;
#5125 = DIRECTION ( 'NONE',  ( -8.793487921733858600E-018, 0.07175698882075463900, 0.9974221446084793300 ) ) ;
#5126 = VERTEX_POINT ( 'NONE', #2537 ) ;
#5127 = LINE ( 'NONE', #3405, #2655 ) ;
#5128 = AXIS2_PLACEMENT_3D ( 'NONE', #773, #3521, #4236 ) ;
#5129 = CARTESIAN_POINT ( 'NONE',  ( -70.99999999999998600, 4.234711976998479300, 0.9249999999999978200 ) ) ;
#5130 = CARTESIAN_POINT ( 'NONE',  ( 52.69999999999998200, -9.035261660780715200E-016, -3.800000000000000300 ) ) ;
#5131 = DIRECTION ( 'NONE',  ( -0.0000000000000000000, -0.9974221446084792200, 0.07175698882075462500 ) ) ;
#5132 = PRESENTATION_LAYER_ASSIGNMENT (  '', '', ( #4658 ) ) ;
#5133 = EDGE_LOOP ( 'NONE', ( #5686, #6914, #5638, #6524 ) ) ;
#5134 = ORIENTED_EDGE ( 'NONE', *, *, #5711, .F. ) ;
#5135 = LINE ( 'NONE', #1826, #1133 ) ;
#5136 = CARTESIAN_POINT ( 'NONE',  ( 69.95993420767854300, 7.100000000000000500, -1.250000000000000000 ) ) ;
#5137 = DIRECTION ( 'NONE',  ( 1.000000000000000000, 1.225453863971292700E-016, 0.0000000000000000000 ) ) ;
#5138 = DIRECTION ( 'NONE',  ( 0.0000000000000000000, -1.000000000000000000, 0.0000000000000000000 ) ) ;
#5139 = CARTESIAN_POINT ( 'NONE',  ( 70.99999999999998600, 5.421010862427522200E-017, -3.249999999999990700 ) ) ;
#5140 = AXIS2_PLACEMENT_3D ( 'NONE', #8949, #257, #5975 ) ;
#5141 = ORIENTED_EDGE ( 'NONE', *, *, #3534, .F. ) ;
#5142 = ITEM_DEFINED_TRANSFORMATION ( 'NONE', 'NONE', #8219,  #7076 ) ;
#5143 =( REPRESENTATION_RELATIONSHIP ('NONE','NONE', #6135, #6228 ) REPRESENTATION_RELATIONSHIP_WITH_TRANSFORMATION ( #5650 )SHAPE_REPRESENTATION_RELATIONSHIP( ) );
#5144 = EDGE_LOOP ( 'NONE', ( #2869, #6530, #771, #2844 ) ) ;
#5145 = VERTEX_POINT ( 'NONE', #2512 ) ;
#5146 = CARTESIAN_POINT ( 'NONE',  ( 107.0999999999999700, 5.700833195028030800E-015, -3.800000000000000300 ) ) ;
#5147 = VECTOR ( 'NONE', #4990, 1000.000000000000000 ) ;
#5148 = VECTOR ( 'NONE', #5025, 1000.000000000000000 ) ;
#5149 = PRODUCT_DEFINITION_SHAPE ( 'NONE', 'NONE',  #9117 ) ;
#5150 = VECTOR ( 'NONE', #5396, 1000.000000000000000 ) ;
#5151 = CARTESIAN_POINT ( 'NONE',  ( 5.575000000000001100, 5.399999999999975500, 0.7900000000000001500 ) ) ;
#5152 = AXIS2_PLACEMENT_3D ( 'NONE', #4947, #2133, #5700 ) ;
#5153 = EDGE_CURVE ( 'NONE', #1073, #8388, #8659, .T. ) ;
#5154 = PLANE ( 'NONE',  #6002 ) ;
#5155 = PLANE ( 'NONE',  #4295 ) ;
#5157 = VECTOR ( 'NONE', #3660, 1000.000000000000000 ) ;
#5156 = PRODUCT_DEFINITION_SHAPE ( 'NONE', 'NONE',  #9213 ) ;
#5159 = ORIENTED_EDGE ( 'NONE', *, *, #1323, .T. ) ;
#5158 = CARTESIAN_POINT ( 'NONE',  ( 33.99999999999999300, 4.127724600691313400E-015, 0.0000000000000000000 ) ) ;
#5160 = LINE ( 'NONE', #23, #2253 ) ;
#5161 = VECTOR ( 'NONE', #1042, 1000.000000000000000 ) ;
#5162 = CARTESIAN_POINT ( 'NONE',  ( -68.20000000000001700, 6.449999999999984200, -3.250000000000008900 ) ) ;
#5163 = PRODUCT_DEFINITION_SHAPE ( 'NONE', 'NONE',  #9239 ) ;
#5164 = CONTEXT_DEPENDENT_SHAPE_REPRESENTATION ( #6802, #6967 ) ;
#5165 = EDGE_CURVE ( 'NONE', #2059, #577, #4809, .T. ) ;
#5166 = DIRECTION ( 'NONE',  ( 0.0000000000000000000, 0.0000000000000000000, 1.000000000000000000 ) ) ;
#5167 = DIRECTION ( 'NONE',  ( 0.0000000000000000000, 1.000000000000000000, 0.0000000000000000000 ) ) ;
#5168 = LINE ( 'NONE', #7041, #6860 ) ;
#5169 = DIRECTION ( 'NONE',  ( 1.000000000000000000, 1.225453863971293700E-016, -0.0000000000000000000 ) ) ;
#5170 = ADVANCED_FACE ( 'NONE', ( #4921 ), #8982, .T. ) ;
#5171 = ITEM_DEFINED_TRANSFORMATION ( 'NONE', 'NONE', #8145,  #7076 ) ;
#5172 = ORIENTED_EDGE ( 'NONE', *, *, #6720, .T. ) ;
#5173 = ITEM_DEFINED_TRANSFORMATION ( 'NONE', 'NONE', #8346,  #7076 ) ;
#5174 = EDGE_CURVE ( 'NONE', #6872, #3229, #8417, .T. ) ;
#5175 = CARTESIAN_POINT ( 'NONE',  ( 4.875000000000000900, 2.399999999999971900, 0.7900000000000001500 ) ) ;
#5176 = VERTEX_POINT ( 'NONE', #5461 ) ;
#5177 = ORIENTED_EDGE ( 'NONE', *, *, #8164, .F. ) ;
#5178 = CARTESIAN_POINT ( 'NONE',  ( 71.02529845563394400, 15.15230718203025600, -1.269009157539881400 ) ) ;
#5179 = LINE ( 'NONE', #5465, #152 ) ;
#5180 = DIRECTION ( 'NONE',  ( -1.000000000000000000, 0.0000000000000000000, 0.0000000000000000000 ) ) ;
#5181 = CARTESIAN_POINT ( 'NONE',  ( -67.97499999999999400, -8.330022640344861500E-015, 2.250000000000000000 ) ) ;
#5182 = PRODUCT ( '10145226-0241N13LF', '10145226-0241N13LF', '', ( #4971 ) ) ;
#5183 = EDGE_CURVE ( 'NONE', #4320, #2809, #8531, .T. ) ;
#5184 = ORIENTED_EDGE ( 'NONE', *, *, #6969, .F. ) ;
#5185 = CARTESIAN_POINT ( 'NONE',  ( 69.25000000000000000, 20.49999999999984000, -3.210000000000000000 ) ) ;
#5186 = CARTESIAN_POINT ( 'NONE',  ( -70.99999999999998600, 4.234711976998480200, -0.9249999999999987100 ) ) ;
#5187 = VECTOR ( 'NONE', #7748, 1000.000000000000000 ) ;
#5188 = CONTEXT_DEPENDENT_SHAPE_REPRESENTATION ( #1173, #6508 ) ;
#5189 = ORIENTED_EDGE ( 'NONE', *, *, #7622, .T. ) ;
#5190 = AXIS2_PLACEMENT_3D ( 'NONE', #7310, #8016, #8726 ) ;
#5191 = DIRECTION ( 'NONE',  ( 1.000000000000000000, 0.0000000000000000000, 0.0000000000000000000 ) ) ;
#5192 = PRODUCT_DEFINITION_SHAPE ( 'NONE', 'NONE',  #9060 ) ;
#5193 = VECTOR ( 'NONE', #3642, 1000.000000000000000 ) ;
#5194 = CARTESIAN_POINT ( 'NONE',  ( -63.14999999999999900, 0.3999999999999922500, 2.600000000000000500 ) ) ;
#5195 = CARTESIAN_POINT ( 'NONE',  ( -69.17499999999999700, -1.000000000000016900, -1.099999999999999900 ) ) ;
#5196 = ORIENTED_EDGE ( 'NONE', *, *, #5058, .F. ) ;
#5197 = DIRECTION ( 'NONE',  ( -0.0000000000000000000, -0.0000000000000000000, -1.000000000000000000 ) ) ;
#5198 = AXIS2_PLACEMENT_3D ( 'NONE', #4965, #7147, #4999 ) ;
#5199 = VECTOR ( 'NONE', #7775, 1000.000000000000000 ) ;
#5200 = ORIENTED_EDGE ( 'NONE', *, *, #1872, .F. ) ;
#5201 = ITEM_DEFINED_TRANSFORMATION ( 'NONE', 'NONE', #3850,  #7076 ) ;
#5202 = ORIENTED_EDGE ( 'NONE', *, *, #8832, .F. ) ;
#5203 = CARTESIAN_POINT ( 'NONE',  ( 69.17499999999999700, -1.000000000000000000, 1.250000000000000200 ) ) ;
#5204 = DIRECTION ( 'NONE',  ( -0.0000000000000000000, -0.0000000000000000000, 1.000000000000000000 ) ) ;
#5205 = AXIS2_PLACEMENT_3D ( 'NONE', #1365, #6360, #2765 ) ;
#5206 = DIRECTION ( 'NONE',  ( -0.0000000000000000000, -0.0000000000000000000, -1.000000000000000000 ) ) ;
#5207 = EDGE_CURVE ( 'NONE', #7371, #3855, #478, .T. ) ;
#5208 = CARTESIAN_POINT ( 'NONE',  ( 69.20000000000001700, 6.450000000000001100, -2.500000000000000000 ) ) ;
#5209 = CARTESIAN_POINT ( 'NONE',  ( -69.20000000000001700, 6.450000000000001100, -0.9249999999999982700 ) ) ;
#5210 = PLANE ( 'NONE',  #8649 ) ;
#5211 = VECTOR ( 'NONE', #6013, 1000.000000000000000 ) ;
#5212 = EDGE_LOOP ( 'NONE', ( #3371, #6072, #8032, #1028, #675, #2862, #8772, #4620, #8469, #5900, #5159, #1450 ) ) ;
#5213 = DIRECTION ( 'NONE',  ( -1.000000000000000000, 0.0000000000000000000, 0.0000000000000000000 ) ) ;
#5214 = CARTESIAN_POINT ( 'NONE',  ( 64.29999999999999700, 15.60000000000000100, -3.249999999999990700 ) ) ;
#5215 = DIRECTION ( 'NONE',  ( 1.000000000000000000, 0.0000000000000000000, 0.0000000000000000000 ) ) ;
#5216 = LINE ( 'NONE', #8115, #8138 ) ;
#5217 = EDGE_CURVE ( 'NONE', #2344, #6445, #3334, .T. ) ;
#5218 =( REPRESENTATION_RELATIONSHIP ('NONE','NONE', #6135, #6228 ) REPRESENTATION_RELATIONSHIP_WITH_TRANSFORMATION ( #7360 )SHAPE_REPRESENTATION_RELATIONSHIP( ) );
#5219 = ORIENTED_EDGE ( 'NONE', *, *, #6927, .T. ) ;
#5220 = ITEM_DEFINED_TRANSFORMATION ( 'NONE', 'NONE', #3866,  #7076 ) ;
#5221 = CARTESIAN_POINT ( 'NONE',  ( 5.774999999999995900, -1.000000000000007500, 1.250000000000000200 ) ) ;
#5222 = LINE ( 'NONE', #1777, #7693 ) ;
#5223 = DIRECTION ( 'NONE',  ( -1.000000000000000000, 0.0000000000000000000, 0.0000000000000000000 ) ) ;
#5224 = EDGE_LOOP ( 'NONE', ( #7163, #1667, #1184, #7499 ) ) ;
#5225 = VERTEX_POINT ( 'NONE', #6307 ) ;
#5226 = EDGE_CURVE ( 'NONE', #7689, #1452, #3898, .T. ) ;
#5227 = CARTESIAN_POINT ( 'NONE',  ( 64.29999999999999700, 2.400000000000000800, -3.249999999999990700 ) ) ;
#5228 = ORIENTED_EDGE ( 'NONE', *, *, #7738, .F. ) ;
#5229 = DIRECTION ( 'NONE',  ( -1.000000000000000000, 1.982541115402063700E-015, 0.0000000000000000000 ) ) ;
#5230 = DIRECTION ( 'NONE',  ( 0.0000000000000000000, 1.000000000000000000, 0.0000000000000000000 ) ) ;
#5231 = ORIENTED_EDGE ( 'NONE', *, *, #3982, .F. ) ;
#5232 = PRESENTATION_STYLE_ASSIGNMENT (( #939 ) ) ;
#5233 = DIRECTION ( 'NONE',  ( 0.0000000000000000000, -0.9974221446084792200, 0.07175698882075462500 ) ) ;
#5234 = CARTESIAN_POINT ( 'NONE',  ( 70.20000000000001700, 6.450000000000001100, 1.250000000000000200 ) ) ;
#5235 = DIRECTION ( 'NONE',  ( -1.000000000000000000, -1.225453863971292700E-016, 0.0000000000000000000 ) ) ;
#5236 = ORIENTED_EDGE ( 'NONE', *, *, #8276, .F. ) ;
#5237 = EDGE_CURVE ( 'NONE', #3127, #8684, #2007, .T. ) ;
#5238 = EDGE_LOOP ( 'NONE', ( #6923, #4134, #6353, #1435 ) ) ;
#5239 = AXIS2_PLACEMENT_3D ( 'NONE', #149, #89, #5137 ) ;
#5240 = LINE ( 'NONE', #1618, #8288 ) ;
#5241 = DIRECTION ( 'NONE',  ( 1.000000000000000000, 0.0000000000000000000, 0.0000000000000000000 ) ) ;
#5242 =( REPRESENTATION_RELATIONSHIP ('NONE','NONE', #6135, #6228 ) REPRESENTATION_RELATIONSHIP_WITH_TRANSFORMATION ( #3038 )SHAPE_REPRESENTATION_RELATIONSHIP( ) );
#5243 = ORIENTED_EDGE ( 'NONE', *, *, #5106, .F. ) ;
#5244 = AXIS2_PLACEMENT_3D ( 'NONE', #6918, #1109, #436 ) ;
#5245 = ORIENTED_EDGE ( 'NONE', *, *, #1746, .T. ) ;
#5246 = VECTOR ( 'NONE', #6625, 1000.000000000000000 ) ;
#5247 = LINE ( 'NONE', #6500, #7627 ) ;
#5248 = CARTESIAN_POINT ( 'NONE',  ( -67.46999999999999900, 3.234711976998478900, 0.9249999999999978200 ) ) ;
#5249 = DIRECTION ( 'NONE',  ( 1.000000000000000000, 0.0000000000000000000, 0.0000000000000000000 ) ) ;
#5250 = ORIENTED_EDGE ( 'NONE', *, *, #386, .T. ) ;
#5251 = VECTOR ( 'NONE', #6109, 1000.000000000000000 ) ;
#5252 = FACE_OUTER_BOUND ( 'NONE', #6791, .T. ) ;
#5253 = DIRECTION ( 'NONE',  ( 0.0000000000000000000, 1.000000000000000000, -3.822843908301359300E-017 ) ) ;
#5254 = LINE ( 'NONE', #4821, #6842 ) ;
#5255 = CARTESIAN_POINT ( 'NONE',  ( 68.20000000000001700, 6.450000000000001100, 2.500000000000000000 ) ) ;
#5256 = CARTESIAN_POINT ( 'NONE',  ( -72.75000000000001400, 20.89999999999983900, 3.210000000000000000 ) ) ;
#5257 = ORIENTED_EDGE ( 'NONE', *, *, #6733, .T. ) ;
#5258 = CARTESIAN_POINT ( 'NONE',  ( 64.29999999999999700, 14.83999999999983100, 3.210000000000000000 ) ) ;
#5259 = CARTESIAN_POINT ( 'NONE',  ( 64.29999999999999700, 8.250000000000007100, -0.9249999999999980500 ) ) ;
#5260 = AXIS2_PLACEMENT_3D ( 'NONE', #1845, #8376, #1154 ) ;
#5261 =( REPRESENTATION_RELATIONSHIP ('NONE','NONE', #6135, #6228 ) REPRESENTATION_RELATIONSHIP_WITH_TRANSFORMATION ( #8578 )SHAPE_REPRESENTATION_RELATIONSHIP( ) );
#5262 = CARTESIAN_POINT ( 'NONE',  ( 68.20000000000001700, 6.450000000000001100, 2.750000000000008900 ) ) ;
#5263 = ORIENTED_EDGE ( 'NONE', *, *, #3646, .F. ) ;
#5264 = CONTEXT_DEPENDENT_SHAPE_REPRESENTATION ( #1972, #2613 ) ;
#5265 = FACE_OUTER_BOUND ( 'NONE', #5363, .T. ) ;
#5266 = DIRECTION ( 'NONE',  ( 0.0000000000000000000, 0.0000000000000000000, 1.000000000000000000 ) ) ;
#5267 = ORIENTED_EDGE ( 'NONE', *, *, #5430, .F. ) ;
#5268 = CARTESIAN_POINT ( 'NONE',  ( 64.29999999999999700, 15.60000000000000100, 3.250000000000008900 ) ) ;
#5269 = VECTOR ( 'NONE', #3441, 1000.000000000000000 ) ;
#5270 = VECTOR ( 'NONE', #5026, 1000.000000000000000 ) ;
#5271 = EDGE_CURVE ( 'NONE', #420, #3845, #4367, .T. ) ;
#5272 = EDGE_LOOP ( 'NONE', ( #204, #4151, #2881, #795 ) ) ;
#5273 = DIRECTION ( 'NONE',  ( 0.0000000000000000000, 0.0000000000000000000, 1.000000000000000000 ) ) ;
#5274 = VECTOR ( 'NONE', #6747, 1000.000000000000000 ) ;
#5275 = DIRECTION ( 'NONE',  ( 1.000000000000000000, 0.0000000000000000000, 0.0000000000000000000 ) ) ;
#5276 =( REPRESENTATION_RELATIONSHIP ('NONE','NONE', #6135, #6228 ) REPRESENTATION_RELATIONSHIP_WITH_TRANSFORMATION ( #7674 )SHAPE_REPRESENTATION_RELATIONSHIP( ) );
#5277 = LINE ( 'NONE', #1969, #4050 ) ;
#5278 = CARTESIAN_POINT ( 'NONE',  ( 5.774999999999995900, -3.779999999999999400, -0.8999999999999984700 ) ) ;
#5279 = DIRECTION ( 'NONE',  ( 0.0000000000000000000, 0.0000000000000000000, -1.000000000000000000 ) ) ;
#5280 = CONTEXT_DEPENDENT_SHAPE_REPRESENTATION ( #3406, #968 ) ;
#5281 = CARTESIAN_POINT ( 'NONE',  ( -69.17499999999999700, -3.780000000000008700, -1.049999999999998500 ) ) ;
#5282 = ORIENTED_EDGE ( 'NONE', *, *, #7412, .F. ) ;
#5283 = DIRECTION ( 'NONE',  ( 1.000000000000000000, -0.0000000000000000000, -0.0000000000000000000 ) ) ;
#5284 = EDGE_CURVE ( 'NONE', #2571, #4216, #4478, .T. ) ;
#5285 = DIRECTION ( 'NONE',  ( 1.000000000000000000, 1.225453863971292700E-016, -0.0000000000000000000 ) ) ;
#5286 = DIRECTION ( 'NONE',  ( 0.0000000000000000000, 0.0000000000000000000, 1.000000000000000000 ) ) ;
#5287 = AXIS2_PLACEMENT_3D ( 'NONE', #6700, #284, #1713 ) ;
#5288 = CONTEXT_DEPENDENT_SHAPE_REPRESENTATION ( #7507, #8332 ) ;
#5289 = CARTESIAN_POINT ( 'NONE',  ( -66.87499999999988600, -135.2593320108918800, 0.7900000000000082500 ) ) ;
#5290 = FACE_OUTER_BOUND ( 'NONE', #6416, .T. ) ;
#5291 = AXIS2_PLACEMENT_3D ( 'NONE', #3686, #5834, #782 ) ;
#5292 = ORIENTED_EDGE ( 'NONE', *, *, #2410, .T. ) ;
#5293 = ORIENTED_EDGE ( 'NONE', *, *, #8044, .F. ) ;
#5294 = EDGE_CURVE ( 'NONE', #3756, #1336, #125, .T. ) ;
#5295 = PRODUCT_DEFINITION_SHAPE ( 'NONE', 'NONE',  #9146 ) ;
#5296 = DIRECTION ( 'NONE',  ( 0.0000000000000000000, -1.000000000000000000, -1.297076659421812200E-016 ) ) ;
#5297 = DIRECTION ( 'NONE',  ( 1.000000000000000000, 1.225453863971292700E-016, -0.0000000000000000000 ) ) ;
#5298 = CARTESIAN_POINT ( 'NONE',  ( 67.29999999999998300, 7.100000000000000500, -1.250000000000000000 ) ) ;
#5299 = ITEM_DEFINED_TRANSFORMATION ( 'NONE', 'NONE', #58,  #7076 ) ;
#5300 = CARTESIAN_POINT ( 'NONE',  ( -67.97499999999999400, 0.3999999999999917000, 2.250000000000000000 ) ) ;
#5301 = DIRECTION ( 'NONE',  ( 0.0000000000000000000, -1.297076659421811900E-016, 1.000000000000000000 ) ) ;
#5302 = LINE ( 'NONE', #5102, #5193 ) ;
#5303 = EDGE_CURVE ( 'NONE', #4095, #7974, #2769, .T. ) ;
#5304 = CARTESIAN_POINT ( 'NONE',  ( -67.29999999999998300, 7.100000000000000500, 1.500000000000000000 ) ) ;
#5305 = VERTEX_POINT ( 'NONE', #1177 ) ;
#5306 = PRODUCT_DEFINITION_SHAPE ( 'NONE', 'NONE',  #9203 ) ;
#5307 = DIRECTION ( 'NONE',  ( 1.000000000000000000, 0.0000000000000000000, 0.0000000000000000000 ) ) ;
#5308 = CARTESIAN_POINT ( 'NONE',  ( 71.00000000000001400, 20.89999999999983900, -3.210000000000000000 ) ) ;
#5309 = CONTEXT_DEPENDENT_SHAPE_REPRESENTATION ( #6684, #1996 ) ;
#5310 = FACE_OUTER_BOUND ( 'NONE', #1906, .T. ) ;
#5311 = DIRECTION ( 'NONE',  ( -0.0000000000000000000, -0.0000000000000000000, 1.000000000000000000 ) ) ;
#5312 = PRODUCT_DEFINITION_SHAPE ( 'NONE', 'NONE',  #9256 ) ;
#5313 = AXIS2_PLACEMENT_3D ( 'NONE', #5390, #3163, #4663 ) ;
#5314 = EDGE_LOOP ( 'NONE', ( #7296, #1896, #290, #5292 ) ) ;
#5315 = PLANE ( 'NONE',  #8126 ) ;
#5316 = DIRECTION ( 'NONE',  ( 0.0000000000000000000, 0.0000000000000000000, 1.000000000000000000 ) ) ;
#5317 =( REPRESENTATION_RELATIONSHIP ('NONE','NONE', #6135, #6228 ) REPRESENTATION_RELATIONSHIP_WITH_TRANSFORMATION ( #6438 )SHAPE_REPRESENTATION_RELATIONSHIP( ) );
#5318 = ORIENTED_EDGE ( 'NONE', *, *, #6807, .F. ) ;
#5319 = CARTESIAN_POINT ( 'NONE',  ( 70.99999999999998600, 2.550000000000016300, -1.250000000000000000 ) ) ;
#5320 = AXIS2_PLACEMENT_3D ( 'NONE', #8328, #8688, #4018 ) ;
#5321 = ADVANCED_FACE ( 'NONE', ( #7182 ), #8230, .F. ) ;
#5322 = VECTOR ( 'NONE', #86, 1000.000000000000000 ) ;
#5323 = CARTESIAN_POINT ( 'NONE',  ( 69.20000000000001700, 6.450000000000001100, 2.750000000000008900 ) ) ;
#5324 = VERTEX_POINT ( 'NONE', #4060 ) ;
#5325 = CARTESIAN_POINT ( 'NONE',  ( 73.09999999999996600, 1.573108594336716800E-015, -3.800000000000000300 ) ) ;
#5326 = DIRECTION ( 'NONE',  ( 1.000000000000000000, 0.0000000000000000000, 0.0000000000000000000 ) ) ;
#5327 = VERTEX_POINT ( 'NONE', #1843 ) ;
#5328 = UNCERTAINTY_MEASURE_WITH_UNIT (LENGTH_MEASURE( 1.000000000000000100E-005 ), #8923, 'distance_accuracy_value', 'NONE');
#5329 = AXIS2_PLACEMENT_3D ( 'NONE', #4876, #6595, #5353 ) ;
#5330 = CIRCLE ( 'NONE', #2864, 1.960000000000003500 ) ;
#5331 = ORIENTED_EDGE ( 'NONE', *, *, #3715, .T. ) ;
#5332 = MECHANICAL_DESIGN_GEOMETRIC_PRESENTATION_REPRESENTATION (  '', ( #7441 ), #1656 ) ;
#5333 = EDGE_CURVE ( 'NONE', #8795, #7349, #2672, .T. ) ;
#5334 = CARTESIAN_POINT ( 'NONE',  ( -72.99999999999998600, 16.79999999999983700, -3.210000000000000900 ) ) ;
#5335 = DIRECTION ( 'NONE',  ( 1.000000000000000000, 0.0000000000000000000, 0.0000000000000000000 ) ) ;
#5336 = DIRECTION ( 'NONE',  ( 0.0000000000000000000, 0.0000000000000000000, 1.000000000000000000 ) ) ;
#5337 = FACE_OUTER_BOUND ( 'NONE', #8006, .T. ) ;
#5338 = EDGE_LOOP ( 'NONE', ( #4664, #8967 ) ) ;
#5339 = DIRECTION ( 'NONE',  ( 5.551115123125800100E-015, -1.000000000000000000, -0.0000000000000000000 ) ) ;
#5340 = PLANE ( 'NONE',  #3495 ) ;
#5341 = DIRECTION ( 'NONE',  ( 1.000000000000000000, 0.0000000000000000000, 0.0000000000000000000 ) ) ;
#5342 = CARTESIAN_POINT ( 'NONE',  ( 24.64999999999999500, -8.171515803547465000E-017, -1.600000000000000100 ) ) ;
#5343 = EDGE_CURVE ( 'NONE', #669, #4259, #6185, .T. ) ;
#5344 = ORIENTED_EDGE ( 'NONE', *, *, #4786, .T. ) ;
#5345 = DIRECTION ( 'NONE',  ( -0.0000000000000000000, -0.0000000000000000000, -1.000000000000000000 ) ) ;
#5346 = ORIENTED_EDGE ( 'NONE', *, *, #2037, .F. ) ;
#5347 = CARTESIAN_POINT ( 'NONE',  ( 64.29999999999999700, 6.299999999999999800, -3.249999999999990700 ) ) ;
#5348 = DIRECTION ( 'NONE',  ( -0.0000000000000000000, -0.0000000000000000000, -1.000000000000000000 ) ) ;
#5349 = CARTESIAN_POINT ( 'NONE',  ( 6.275000000000001200, 2.399999999999971900, -0.7900000000000008100 ) ) ;
#5350 = CARTESIAN_POINT ( 'NONE',  ( 106.2499999999999900, 9.824823883623678600E-015, -1.600000000000000100 ) ) ;
#5351 = EDGE_CURVE ( 'NONE', #1776, #4567, #1785, .T. ) ;
#5352 = CARTESIAN_POINT ( 'NONE',  ( 57.79999999999998300, -2.843674759743747500E-016, -3.800000000000000300 ) ) ;
#5353 = DIRECTION ( 'NONE',  ( 1.000000000000000000, 0.0000000000000000000, 0.0000000000000000000 ) ) ;
#5354 = VERTEX_POINT ( 'NONE', #8343 ) ;
#5355 = ORIENTED_EDGE ( 'NONE', *, *, #1448, .F. ) ;
#5356 = VECTOR ( 'NONE', #6494, 1000.000000000000000 ) ;
#5357 = EDGE_CURVE ( 'NONE', #181, #8666, #5044, .T. ) ;
#5358 = AXIS2_PLACEMENT_3D ( 'NONE', #6339, #2739, #7070 ) ;
#5359 = CARTESIAN_POINT ( 'NONE',  ( -72.99999999999998600, 14.79999999999983600, 3.210000000000000000 ) ) ;
#5360 = CARTESIAN_POINT ( 'NONE',  ( 70.99999999999998600, 2.550000000000016300, -1.250000000000000000 ) ) ;
#5361 = CARTESIAN_POINT ( 'NONE',  ( 4.249999999999983100, -9.859849215599871500E-015, -5.400000000000000400 ) ) ;
#5362 = DIRECTION ( 'NONE',  ( 1.000000000000000000, 0.0000000000000000000, -0.0000000000000000000 ) ) ;
#5363 = EDGE_LOOP ( 'NONE', ( #2066, #282, #6458, #1652 ) ) ;
#5364 =( REPRESENTATION_RELATIONSHIP ('NONE','NONE', #6135, #6228 ) REPRESENTATION_RELATIONSHIP_WITH_TRANSFORMATION ( #1494 )SHAPE_REPRESENTATION_RELATIONSHIP( ) );
#5365 = CARTESIAN_POINT ( 'NONE',  ( 69.17499999999999700, -3.779999999999991400, 1.049999999999999800 ) ) ;
#5366 = ADVANCED_FACE ( 'NONE', ( #571 ), #1897, .F. ) ;
#5367 = EDGE_LOOP ( 'NONE', ( #6436, #500, #6217, #5703 ) ) ;
#5368 = VECTOR ( 'NONE', #5952, 1000.000000000000000 ) ;
#5369 = CARTESIAN_POINT ( 'NONE',  ( 100.2999999999999800, 1.217678757203937700E-014, 0.0000000000000000000 ) ) ;
#5370 = DIRECTION ( 'NONE',  ( 0.0000000000000000000, 0.0000000000000000000, -1.000000000000000000 ) ) ;
#5371 = AXIS2_PLACEMENT_3D ( 'NONE', #263, #295, #8129 ) ;
#5372 = ORIENTED_EDGE ( 'NONE', *, *, #8056, .T. ) ;
#5373 = CARTESIAN_POINT ( 'NONE',  ( -69.99999999999998600, 4.234711976998479300, 0.9249999999999978200 ) ) ;
#5374 = ORIENTED_EDGE ( 'NONE', *, *, #1584, .T. ) ;
#5375 = ORIENTED_EDGE ( 'NONE', *, *, #4942, .T. ) ;
#5376 = LINE ( 'NONE', #8587, #5147 ) ;
#5377 = SURFACE_STYLE_FILL_AREA ( #48 ) ;
#5378 = LINE ( 'NONE', #6874, #3901 ) ;
#5379 = PRODUCT_DEFINITION_SHAPE ( 'NONE', 'NONE',  #9024 ) ;
#5380 = DIRECTION ( 'NONE',  ( 0.0000000000000000000, -1.297076659421811900E-016, 1.000000000000000000 ) ) ;
#5381 = CARTESIAN_POINT ( 'NONE',  ( 66.87500000000001400, 2.400000000000013200, 0.7899999999999919300 ) ) ;
#5382 = AXIS2_PLACEMENT_3D ( 'NONE', #5350, #991, #289 ) ;
#5383 = DIRECTION ( 'NONE',  ( 0.0000000000000000000, 0.0000000000000000000, 1.000000000000000000 ) ) ;
#5384 = CARTESIAN_POINT ( 'NONE',  ( 67.50000000000000000, 20.09999999999983400, -3.210000000000000000 ) ) ;
#5385 = VECTOR ( 'NONE', #4775, 1000.000000000000000 ) ;
#5386 = DIRECTION ( 'NONE',  ( 0.0000000000000000000, 0.0000000000000000000, -1.000000000000000000 ) ) ;
#5387 = VERTEX_POINT ( 'NONE', #6926 ) ;
#5388 = VERTEX_POINT ( 'NONE', #543 ) ;
#5389 = LINE ( 'NONE', #7132, #4032 ) ;
#5390 = CARTESIAN_POINT ( 'NONE',  ( 2.549999999999994900, -2.764736148484828500E-015, -1.600000000000000100 ) ) ;
#5391 = VECTOR ( 'NONE', #1734, 1000.000000000000000 ) ;
#5392 = AXIS2_PLACEMENT_3D ( 'NONE', #5401, #1764, #8286 ) ;
#5393 = EDGE_CURVE ( 'NONE', #5305, #4198, #7733, .T. ) ;
#5394 = CONTEXT_DEPENDENT_SHAPE_REPRESENTATION ( #5112, #2735 ) ;
#5395 = CARTESIAN_POINT ( 'NONE',  ( 68.77500000000000600, -3.779999999999991800, -1.049999999999998500 ) ) ;
#5396 = DIRECTION ( 'NONE',  ( 0.0000000000000000000, -0.0000000000000000000, -1.000000000000000000 ) ) ;
#5397 = FACE_OUTER_BOUND ( 'NONE', #5133, .T. ) ;
#5398 = CARTESIAN_POINT ( 'NONE',  ( 68.77500000000000600, -2.450907727942585600E-017, 0.0000000000000000000 ) ) ;
#5399 = ITEM_DEFINED_TRANSFORMATION ( 'NONE', 'NONE', #5077,  #7076 ) ;
#5400 = EDGE_LOOP ( 'NONE', ( #7500, #193, #1299, #5909, #8089, #7052, #5355, #8322, #8394, #3409, #4498, #3705, #8217, #1297, #6817, #1358, #8730, #6295 ) ) ;
#5401 = CARTESIAN_POINT ( 'NONE',  ( 67.29999999999998300, 7.100000000000000500, -1.250000000000000000 ) ) ;
#5402 = DIRECTION ( 'NONE',  ( 1.000000000000000000, 0.0000000000000000000, 0.0000000000000000000 ) ) ;
#5403 = ITEM_DEFINED_TRANSFORMATION ( 'NONE', 'NONE', #9010,  #7076 ) ;
#5404 = EDGE_CURVE ( 'NONE', #8450, #4977, #3218, .T. ) ;
#5405 = CARTESIAN_POINT ( 'NONE',  ( 5.774999999999995900, -3.779999999999998900, 1.049999999999999800 ) ) ;
#5406 = CYLINDRICAL_SURFACE ( 'NONE', #1765, 1.960000000000003100 ) ;
#5407 = CONTEXT_DEPENDENT_SHAPE_REPRESENTATION ( #7723, #5746 ) ;
#5408 = ORIENTED_EDGE ( 'NONE', *, *, #8904, .F. ) ;
#5409 = CARTESIAN_POINT ( 'NONE',  ( 5.099999999999999600, 6.191586901036970700E-016, 0.0000000000000000000 ) ) ;
#5410 =( REPRESENTATION_RELATIONSHIP ('NONE','NONE', #6135, #6228 ) REPRESENTATION_RELATIONSHIP_WITH_TRANSFORMATION ( #51 )SHAPE_REPRESENTATION_RELATIONSHIP( ) );
#5411 = CARTESIAN_POINT ( 'NONE',  ( 72.75000000000001400, 20.89999999999983900, 3.210000000000000000 ) ) ;
#5412 = CARTESIAN_POINT ( 'NONE',  ( 68.20000000000001700, 0.4000000000000088500, -2.750000000000008900 ) ) ;
#5413 = VECTOR ( 'NONE', #5799, 1000.000000000000000 ) ;
#5414 = DIRECTION ( 'NONE',  ( 0.0000000000000000000, 1.000000000000000000, -9.232001142906600200E-032 ) ) ;
#5415 = ADVANCED_FACE ( 'NONE', ( #2462 ), #3969, .T. ) ;
#5416 = EDGE_CURVE ( 'NONE', #74, #1647, #5376, .T. ) ;
#5417 = ORIENTED_EDGE ( 'NONE', *, *, #3341, .T. ) ;
#5418 = CARTESIAN_POINT ( 'NONE',  ( 64.29999999999999700, 6.299999999999999800, -3.249999999999990700 ) ) ;
#5419 = PLANE ( 'NONE',  #1704 ) ;
#5420 = AXIS2_PLACEMENT_3D ( 'NONE', #4088, #5535, #5625 ) ;
#5421 = PRODUCT_DEFINITION_SHAPE ( 'NONE', 'NONE',  #9100 ) ;
#5422 = ITEM_DEFINED_TRANSFORMATION ( 'NONE', 'NONE', #7436,  #7076 ) ;
#5423 = FACE_OUTER_BOUND ( 'NONE', #7831, .T. ) ;
#5424 = ITEM_DEFINED_TRANSFORMATION ( 'NONE', 'NONE', #5190,  #7076 ) ;
#5425 = ORIENTED_EDGE ( 'NONE', *, *, #5934, .F. ) ;
#5426 = CARTESIAN_POINT ( 'NONE',  ( 72.55481764262509600, 16.76333894772761100, 2.769287602886591600 ) ) ;
#5427 = DIRECTION ( 'NONE',  ( -0.0000000000000000000, -0.9974221446084792200, 0.07175698882075462500 ) ) ;
#5428 = DIRECTION ( 'NONE',  ( -0.0000000000000000000, -0.0000000000000000000, -1.000000000000000000 ) ) ;
#5429 = CONTEXT_DEPENDENT_SHAPE_REPRESENTATION ( #7236, #4846 ) ;
#5430 = EDGE_CURVE ( 'NONE', #4927, #4628, #1351, .T. ) ;
#5431 =( REPRESENTATION_RELATIONSHIP ('NONE','NONE', #6135, #6228 ) REPRESENTATION_RELATIONSHIP_WITH_TRANSFORMATION ( #2268 )SHAPE_REPRESENTATION_RELATIONSHIP( ) );
#5432 = CARTESIAN_POINT ( 'NONE',  ( -68.77500000000000600, -1.707457127503446500E-014, -1.099999999999999900 ) ) ;
#5433 = ORIENTED_EDGE ( 'NONE', *, *, #1596, .T. ) ;
#5434 = AXIS2_PLACEMENT_3D ( 'NONE', #7274, #757, #5119 ) ;
#5435 = VECTOR ( 'NONE', #6567, 1000.000000000000000 ) ;
#5436 = ORIENTED_EDGE ( 'NONE', *, *, #8291, .F. ) ;
#5437 = CARTESIAN_POINT ( 'NONE',  ( -68.20000000000001700, 6.449999999999984200, 3.250000000000008900 ) ) ;
#5438 = CONTEXT_DEPENDENT_SHAPE_REPRESENTATION ( #281, #8973 ) ;
#5439 = ORIENTED_EDGE ( 'NONE', *, *, #4800, .F. ) ;
#5440 = CARTESIAN_POINT ( 'NONE',  ( 67.97499999999999400, 8.330022640344861500E-015, -2.250000000000000000 ) ) ;
#5441 = DIRECTION ( 'NONE',  ( 0.0000000000000000000, 1.000000000000000000, 0.0000000000000000000 ) ) ;
#5442 = CARTESIAN_POINT ( 'NONE',  ( 5.774999999999995900, -3.779999999999998900, 1.049999999999999800 ) ) ;
#5443 = AXIS2_PLACEMENT_3D ( 'NONE', #4053, #1890, #4025 ) ;
#5444 = LINE ( 'NONE', #3694, #3976 ) ;
#5445 = DIRECTION ( 'NONE',  ( 0.0000000000000000000, 0.0000000000000000000, 1.000000000000000000 ) ) ;
#5446 =( REPRESENTATION_RELATIONSHIP ('NONE','NONE', #6135, #6228 ) REPRESENTATION_RELATIONSHIP_WITH_TRANSFORMATION ( #6204 )SHAPE_REPRESENTATION_RELATIONSHIP( ) );
#5447 = ORIENTED_EDGE ( 'NONE', *, *, #7821, .F. ) ;
#5448 = CARTESIAN_POINT ( 'NONE',  ( -72.75000000000000000, 21.29999999999984100, -3.210000000000000000 ) ) ;
#5449 = DIRECTION ( 'NONE',  ( 1.000000000000000000, -0.0000000000000000000, -0.0000000000000000000 ) ) ;
#5450 = AXIS2_PLACEMENT_3D ( 'NONE', #5970, #287, #315 ) ;
#5451 = DIRECTION ( 'NONE',  ( 0.0000000000000000000, -0.9426414910921805400, -0.3338068592337649100 ) ) ;
#5452 = VECTOR ( 'NONE', #8340, 1000.000000000000000 ) ;
#5453 = CARTESIAN_POINT ( 'NONE',  ( 56.09999999999998000, -4.907537060089401400E-016, -3.800000000000000300 ) ) ;
#5454 = PRODUCT_DEFINITION_SHAPE ( 'NONE', 'NONE',  #9161 ) ;
#5455 = ORIENTED_EDGE ( 'NONE', *, *, #681, .F. ) ;
#5456 = CONTEXT_DEPENDENT_SHAPE_REPRESENTATION ( #7391, #4924 ) ;
#5457 = AXIS2_PLACEMENT_3D ( 'NONE', #3389, #1291, #1355 ) ;
#5458 = DIRECTION ( 'NONE',  ( 0.0000000000000000000, 0.0000000000000000000, 1.000000000000000000 ) ) ;
#5459 = DIRECTION ( 'NONE',  ( 1.000000000000000000, 1.225453863971292700E-016, 0.0000000000000000000 ) ) ;
#5460 = PRODUCT_DEFINITION_SHAPE ( 'NONE', 'NONE',  #9166 ) ;
#5461 = CARTESIAN_POINT ( 'NONE',  ( -68.20000000000001700, 6.449999999999983300, -3.249999999999990700 ) ) ;
#5462 = LINE ( 'NONE', #5221, #547 ) ;
#5463 = EDGE_CURVE ( 'NONE', #669, #8794, #6839, .T. ) ;
#5464 = SURFACE_STYLE_USAGE ( .BOTH. , #6148 ) ;
#5465 = CARTESIAN_POINT ( 'NONE',  ( 72.99999999999998600, 16.79999999999983700, 3.210000000000000000 ) ) ;
#5466 = EDGE_LOOP ( 'NONE', ( #1947, #6688, #8467, #3447 ) ) ;
#5467 = DIRECTION ( 'NONE',  ( 0.0000000000000000000, 1.000000000000000000, -0.0000000000000000000 ) ) ;
#5468 = CARTESIAN_POINT ( 'NONE',  ( -73.50000000000000000, 20.29999999999983700, -3.210000000000000000 ) ) ;
#5469 = ADVANCED_FACE ( 'NONE', ( #693 ), #2775, .F. ) ;
#5470 = PRODUCT_DEFINITION_SHAPE ( 'NONE', 'NONE',  #9208 ) ;
#5471 = ORIENTED_EDGE ( 'NONE', *, *, #8227, .T. ) ;
#5472 = EDGE_LOOP ( 'NONE', ( #8833, #8529, #6155, #920, #6941, #4721, #6999, #4959, #4649, #7829, #3068, #3548, #6566, #146, #8818, #7348, #6877, #2857 ) ) ;
#5473 = PRODUCT_DEFINITION_SHAPE ( 'NONE', 'NONE',  #9276 ) ;
#5474 = EDGE_CURVE ( 'NONE', #2724, #6280, #7626, .T. ) ;
#5475 = DIRECTION ( 'NONE',  ( 1.000000000000000000, 8.673617379884027600E-016, 0.0000000000000000000 ) ) ;
#5476 = DIRECTION ( 'NONE',  ( 1.405967980527444000E-032, -1.147303886228049800E-016, 1.000000000000000000 ) ) ;
#5477 = ORIENTED_EDGE ( 'NONE', *, *, #6256, .F. ) ;
#5478 = ORIENTED_EDGE ( 'NONE', *, *, #7637, .T. ) ;
#5479 = LINE ( 'NONE', #7686, #8055 ) ;
#5480 = DIRECTION ( 'NONE',  ( -1.000000000000000000, -1.214036647262151200E-016, 0.0000000000000000000 ) ) ;
#5481 = EDGE_CURVE ( 'NONE', #3360, #7172, #2123, .T. ) ;
#5482 = EDGE_LOOP ( 'NONE', ( #3513, #5525, #3097, #7939, #6014 ) ) ;
#5483 = EDGE_CURVE ( 'NONE', #6081, #8404, #3549, .T. ) ;
#5484 = CARTESIAN_POINT ( 'NONE',  ( 5.774999999999995900, -1.000000000000007800, -1.249999999999999800 ) ) ;
#5485 = ORIENTED_EDGE ( 'NONE', *, *, #444, .F. ) ;
#5486 = AXIS2_PLACEMENT_3D ( 'NONE', #4179, #620, #2868 ) ;
#5487 = VECTOR ( 'NONE', #2420, 1000.000000000000000 ) ;
#5488 = VERTEX_POINT ( 'NONE', #1462 ) ;
#5489 = DIRECTION ( 'NONE',  ( 1.000000000000000000, 0.0000000000000000000, 0.0000000000000000000 ) ) ;
#5490 = DIRECTION ( 'NONE',  ( -0.0000000000000000000, -0.0000000000000000000, 1.000000000000000000 ) ) ;
#5491 =( REPRESENTATION_RELATIONSHIP ('NONE','NONE', #6135, #6228 ) REPRESENTATION_RELATIONSHIP_WITH_TRANSFORMATION ( #7415 )SHAPE_REPRESENTATION_RELATIONSHIP( ) );
#5492 = PRESENTATION_STYLE_ASSIGNMENT (( #7724 ) ) ;
#5493 = AXIS2_PLACEMENT_3D ( 'NONE', #4964, #5588, #2789 ) ;
#5494 = ORIENTED_EDGE ( 'NONE', *, *, #3841, .T. ) ;
#5495 = FACE_BOUND ( 'NONE', #7358, .T. ) ;
#5496 = LINE ( 'NONE', #6437, #1580 ) ;
#5497 = LINE ( 'NONE', #1126, #5035 ) ;
#5498 = AXIS2_PLACEMENT_3D ( 'NONE', #5258, #1727, #7481 ) ;
#5499 = AXIS2_PLACEMENT_3D ( 'NONE', #3819, #8866, #279 ) ;
#5500 = DIRECTION ( 'NONE',  ( 1.000000000000000000, 0.0000000000000000000, 0.0000000000000000000 ) ) ;
#5501 =( REPRESENTATION_RELATIONSHIP ('NONE','NONE', #6135, #6228 ) REPRESENTATION_RELATIONSHIP_WITH_TRANSFORMATION ( #174 )SHAPE_REPRESENTATION_RELATIONSHIP( ) );
#5502 = ORIENTED_EDGE ( 'NONE', *, *, #4723, .F. ) ;
#5503 = FACE_OUTER_BOUND ( 'NONE', #7921, .T. ) ;
#5504 = FACE_OUTER_BOUND ( 'NONE', #2768, .T. ) ;
#5505 = CARTESIAN_POINT ( 'NONE',  ( -69.17499999999999700, -3.780000000000008700, -0.8999999999999984700 ) ) ;
#5506 = CARTESIAN_POINT ( 'NONE',  ( 4.574999999999999300, 0.4000000000000005800, -2.250000000000000000 ) ) ;
#5507 = ORIENTED_EDGE ( 'NONE', *, *, #7583, .T. ) ;
#5508 = AXIS2_PLACEMENT_3D ( 'NONE', #435, #7574, #3242 ) ;
#5509 = CARTESIAN_POINT ( 'NONE',  ( -69.99999999999998600, 3.234711976998492700, -0.9249999999999988200 ) ) ;
#5510 = CARTESIAN_POINT ( 'NONE',  ( -63.14999999999998400, -2.100000000000000100, 2.600000000000000500 ) ) ;
#5511 = B_SPLINE_CURVE_WITH_KNOTS ( 'NONE', 3,
 ( #1770, #6795, #6274, #533, #6917, #2692, #6219, #1952, #3378, #4081, #8361, #6974, #1311, #1221 ),
 .UNSPECIFIED., .F., .F.,
 ( 4, 2, 2, 2, 2, 2, 4 ),
 ( -8.944277613693695500E-006, 0.0009296001636088656500, 0.001868144604831425100, 0.002337416825442705200, 0.002806689046053985500, 0.003275961266665261500, 0.003745233487276537400 ),
 .UNSPECIFIED. ) ;
#5512 = CYLINDRICAL_SURFACE ( 'NONE', #6995, 1.000000000000000900 ) ;
#5513 = EDGE_CURVE ( 'NONE', #2232, #6532, #4579, .T. ) ;
#5514 = DIRECTION ( 'NONE',  ( 1.000000000000000000, 0.0000000000000000000, 0.0000000000000000000 ) ) ;
#5515 = ORIENTED_EDGE ( 'NONE', *, *, #4841, .F. ) ;
#5516 = VERTEX_POINT ( 'NONE', #2081 ) ;
#5517 = DIRECTION ( 'NONE',  ( -0.0000000000000000000, -0.0000000000000000000, 1.000000000000000000 ) ) ;
#5518 = CARTESIAN_POINT ( 'NONE',  ( 4.875000000000000000, 5.399999999999975500, 0.7900000000000001500 ) ) ;
#5519 = CONTEXT_DEPENDENT_SHAPE_REPRESENTATION ( #4896, #1410 ) ;
#5520 = CARTESIAN_POINT ( 'NONE',  ( 16.14999999999998400, -8.415145605357910400E-015, -5.400000000000000400 ) ) ;
#5521 =( NAMED_UNIT ( * ) SI_UNIT ( $, .STERADIAN. ) SOLID_ANGLE_UNIT ( ) );
#5522 = LINE ( 'NONE', #1002, #1497 ) ;
#5523 = CARTESIAN_POINT ( 'NONE',  ( 67.50000000000000000, 19.69999999999983200, -3.210000000000000000 ) ) ;
#5524 = ITEM_DEFINED_TRANSFORMATION ( 'NONE', 'NONE', #4951,  #7076 ) ;
#5525 = ORIENTED_EDGE ( 'NONE', *, *, #1596, .F. ) ;
#5526 = EDGE_CURVE ( 'NONE', #741, #5126, #2663, .T. ) ;
#5527 = DIRECTION ( 'NONE',  ( 0.0000000000000000000, 0.0000000000000000000, 1.000000000000000000 ) ) ;
#5528 = CARTESIAN_POINT ( 'NONE',  ( 50.14999999999997700, -4.287421004666597000E-015, -5.400000000000000400 ) ) ;
#5529 = VECTOR ( 'NONE', #2134, 1000.000000000000000 ) ;
#5530 = VECTOR ( 'NONE', #5572, 1000.000000000000000 ) ;
#5531 = ORIENTED_EDGE ( 'NONE', *, *, #6173, .F. ) ;
#5532 = DIRECTION ( 'NONE',  ( 0.0000000000000000000, 0.0000000000000000000, -1.000000000000000000 ) ) ;
#5533 = CARTESIAN_POINT ( 'NONE',  ( -70.20000000000001700, -1.692461876421642400E-014, -3.250000000000008900 ) ) ;
#5534 = ITEM_DEFINED_TRANSFORMATION ( 'NONE', 'NONE', #3736,  #7076 ) ;
#5535 = DIRECTION ( 'NONE',  ( 4.217903941582330800E-032, -3.441911658684148800E-016, -1.000000000000000000 ) ) ;
#5536 = CIRCLE ( 'NONE', #4873, 2.000000000000000000 ) ;
#5537 = EDGE_CURVE ( 'NONE', #4743, #2259, #4022, .T. ) ;
#5538 = DIRECTION ( 'NONE',  ( -0.0000000000000000000, -0.0000000000000000000, 1.000000000000000000 ) ) ;
#5539 = ORIENTED_EDGE ( 'NONE', *, *, #6498, .F. ) ;
#5540 = CONTEXT_DEPENDENT_SHAPE_REPRESENTATION ( #6094, #2236 ) ;
#5541 = ORIENTED_EDGE ( 'NONE', *, *, #4331, .T. ) ;
#5542 = PRODUCT_DEFINITION_SHAPE ( 'NONE', 'NONE',  #9094 ) ;
#5543 = CARTESIAN_POINT ( 'NONE',  ( 101.1499999999999900, 1.904165896370374300E-015, -5.400000000000000400 ) ) ;
#5544 = ORIENTED_EDGE ( 'NONE', *, *, #1657, .T. ) ;
#5545 = VECTOR ( 'NONE', #3573, 1000.000000000000000 ) ;
#5546 = ORIENTED_EDGE ( 'NONE', *, *, #2290, .T. ) ;
#5547 = CARTESIAN_POINT ( 'NONE',  ( 69.20000000000001700, 6.450000000000001100, 0.9249999999999978200 ) ) ;
#5548 = CARTESIAN_POINT ( 'NONE',  ( 22.94999999999998200, -7.589600685219648000E-015, -5.400000000000000400 ) ) ;
#5549 = ORIENTED_EDGE ( 'NONE', *, *, #2184, .T. ) ;
#5550 =( REPRESENTATION_RELATIONSHIP ('NONE','NONE', #6135, #6228 ) REPRESENTATION_RELATIONSHIP_WITH_TRANSFORMATION ( #7313 )SHAPE_REPRESENTATION_RELATIONSHIP( ) );
#5551 = CARTESIAN_POINT ( 'NONE',  ( -67.46999999999999900, 16.56629753200286700, 3.869955410773361100 ) ) ;
#5552 = ADVANCED_FACE ( 'NONE', ( #3562 ), #7845, .F. ) ;
#5553 = AXIS2_PLACEMENT_3D ( 'NONE', #7439, #5913, #3802 ) ;
#5554 = ORIENTED_EDGE ( 'NONE', *, *, #7361, .F. ) ;
#5555 = LINE ( 'NONE', #3825, #528 ) ;
#5556 = VERTEX_POINT ( 'NONE', #917 ) ;
#5557 = DIRECTION ( 'NONE',  ( -0.0000000000000000000, -0.0000000000000000000, -1.000000000000000000 ) ) ;
#5558 = DIRECTION ( 'NONE',  ( -0.0000000000000000000, -6.123233995736441900E-017, -1.000000000000000000 ) ) ;
#5559 = DIRECTION ( 'NONE',  ( 0.0000000000000000000, 0.0000000000000000000, 1.000000000000000000 ) ) ;
#5560 = AXIS2_PLACEMENT_3D ( 'NONE', #3851, #6796, #6018 ) ;
#5561 = CARTESIAN_POINT ( 'NONE',  ( 16.99999999999999600, 2.063862300345656700E-015, 0.0000000000000000000 ) ) ;
#5562 =( REPRESENTATION_RELATIONSHIP ('NONE','NONE', #6135, #6228 ) REPRESENTATION_RELATIONSHIP_WITH_TRANSFORMATION ( #1500 )SHAPE_REPRESENTATION_RELATIONSHIP( ) );
#5563 = CYLINDRICAL_SURFACE ( 'NONE', #1281, 1.000000000000000900 ) ;
#5564 = DIRECTION ( 'NONE',  ( -1.000000000000000000, -1.225453863971293700E-016, 2.168404344971006900E-016 ) ) ;
#5565 = ORIENTED_EDGE ( 'NONE', *, *, #2465, .T. ) ;
#5566 = ORIENTED_EDGE ( 'NONE', *, *, #6315, .F. ) ;
#5567 = CARTESIAN_POINT ( 'NONE',  ( -68.20000000000001700, 6.449999999999984200, 2.750000000000008900 ) ) ;
#5568 = LINE ( 'NONE', #6793, #1549 ) ;
#5569 = DIRECTION ( 'NONE',  ( 1.000000000000000000, 0.0000000000000000000, 0.0000000000000000000 ) ) ;
#5570 = ORIENTED_EDGE ( 'NONE', *, *, #738, .F. ) ;
#5571 = EDGE_CURVE ( 'NONE', #6532, #3663, #235, .T. ) ;
#5572 = DIRECTION ( 'NONE',  ( -0.0000000000000000000, -0.0000000000000000000, -1.000000000000000000 ) ) ;
#5573 = ORIENTED_EDGE ( 'NONE', *, *, #6210, .F. ) ;
#5574 = DIRECTION ( 'NONE',  ( 0.0000000000000000000, 1.000000000000000000, -2.675990735810954300E-016 ) ) ;
#5575 = ADVANCED_FACE ( 'NONE', ( #1664 ), #34, .F. ) ;
#5576 = CARTESIAN_POINT ( 'NONE',  ( -69.17499999999999700, -1.000000000000016700, 1.250000000000000200 ) ) ;
#5577 = VERTEX_POINT ( 'NONE', #744 ) ;
#5578 = LINE ( 'NONE', #6088, #6484 ) ;
#5579 = CARTESIAN_POINT ( 'NONE',  ( -67.29999999999998300, 7.100000000000000500, 1.250000000000000000 ) ) ;
#5580 = DIRECTION ( 'NONE',  ( 0.0000000000000000000, 0.0000000000000000000, 1.000000000000000000 ) ) ;
#5581 = EDGE_LOOP ( 'NONE', ( #1637, #8238, #711, #5346, #3800 ) ) ;
#5582 = ORIENTED_EDGE ( 'NONE', *, *, #6909, .F. ) ;
#5583 = CARTESIAN_POINT ( 'NONE',  ( 35.69999999999998200, -2.967388466423728400E-015, -3.800000000000000300 ) ) ;
#5584 = EDGE_CURVE ( 'NONE', #7572, #6594, #678, .T. ) ;
#5585 = PLANE ( 'NONE',  #7372 ) ;
#5586 = DIRECTION ( 'NONE',  ( -0.0000000000000000000, -0.9974221446084792200, 0.07175698882075462500 ) ) ;
#5587 = ADVANCED_FACE ( 'NONE', ( #4265 ), #5770, .F. ) ;
#5588 = DIRECTION ( 'NONE',  ( 0.0000000000000000000, 0.0000000000000000000, 1.000000000000000000 ) ) ;
#5589 = CARTESIAN_POINT ( 'NONE',  ( 64.29999999999999700, 8.250000000000000000, 0.9249999999999978200 ) ) ;
#5590 = ORIENTED_EDGE ( 'NONE', *, *, #2913, .F. ) ;
#5591 = CONTEXT_DEPENDENT_SHAPE_REPRESENTATION ( #2804, #8791 ) ;
#5592 = DIRECTION ( 'NONE',  ( -1.000000000000000000, 0.0000000000000000000, 0.0000000000000000000 ) ) ;
#5593 = VERTEX_POINT ( 'NONE', #7915 ) ;
#5594 = VECTOR ( 'NONE', #3257, 1000.000000000000000 ) ;
#5595 = FACE_OUTER_BOUND ( 'NONE', #8424, .T. ) ;
#5596 = PRODUCT_DEFINITION_SHAPE ( 'NONE', 'NONE',  #9113 ) ;
#5597 = VECTOR ( 'NONE', #8317, 1000.000000000000000 ) ;
#5598 = DIRECTION ( 'NONE',  ( 1.000000000000000000, 0.0000000000000000000, 0.0000000000000000000 ) ) ;
#5599 = DIRECTION ( 'NONE',  ( 1.000000000000000000, 0.0000000000000000000, 0.0000000000000000000 ) ) ;
#5600 = EDGE_CURVE ( 'NONE', #2984, #5886, #7173, .T. ) ;
#5601 = ITEM_DEFINED_TRANSFORMATION ( 'NONE', 'NONE', #1904,  #7076 ) ;
#5602 = ORIENTED_EDGE ( 'NONE', *, *, #5537, .F. ) ;
#5604 = VECTOR ( 'NONE', #7462, 1000.000000000000000 ) ;
#5603 = PRODUCT_DEFINITION_SHAPE ( 'NONE', 'NONE',  #9228 ) ;
#5605 = ORIENTED_EDGE ( 'NONE', *, *, #5982, .F. ) ;
#5606 = ORIENTED_EDGE ( 'NONE', *, *, #6616, .T. ) ;
#5607 = LINE ( 'NONE', #2812, #2851 ) ;
#5608 = LINE ( 'NONE', #302, #6282 ) ;
#5609 = CARTESIAN_POINT ( 'NONE',  ( -72.75000000000000000, 21.29999999999984100, 3.210000000000000000 ) ) ;
#5610 = ORIENTED_EDGE ( 'NONE', *, *, #3527, .T. ) ;
#5611 = DIRECTION ( 'NONE',  ( 1.000000000000000000, -1.982541115402063300E-015, 0.0000000000000000000 ) ) ;
#5612 = PRODUCT_DEFINITION_SHAPE ( 'NONE', 'NONE',  #9270 ) ;
#5613 = AXIS2_PLACEMENT_3D ( 'NONE', #7786, #2638, #4176 ) ;
#5614 = CONTEXT_DEPENDENT_SHAPE_REPRESENTATION ( #2936, #7094 ) ;
#5615 = ORIENTED_EDGE ( 'NONE', *, *, #5777, .T. ) ;
#5616 = DIRECTION ( 'NONE',  ( 1.000000000000000000, 0.0000000000000000000, 0.0000000000000000000 ) ) ;
#5617 = CARTESIAN_POINT ( 'NONE',  ( 69.25000000000000000, 20.49999999999984000, -3.210000000000000000 ) ) ;
#5618 = CONTEXT_DEPENDENT_SHAPE_REPRESENTATION ( #95, #5454 ) ;
#5619 = ORIENTED_EDGE ( 'NONE', *, *, #4748, .F. ) ;
#5620 = CARTESIAN_POINT ( 'NONE',  ( -65.75000000000000000, 19.69999999999982500, -3.210000000000000000 ) ) ;
#5621 = CARTESIAN_POINT ( 'NONE',  ( 5.774999999999995900, -7.866427565192522200E-015, -0.8999999999999998000 ) ) ;
#5622 = CARTESIAN_POINT ( 'NONE',  ( -69.17499999999999700, -3.780000000000008700, -1.049999999999998500 ) ) ;
#5623 = VECTOR ( 'NONE', #4306, 1000.000000000000000 ) ;
#5624 = AXIS2_PLACEMENT_3D ( 'NONE', #8220, #3258, #6137 ) ;
#5625 = DIRECTION ( 'NONE',  ( 0.0000000000000000000, 1.000000000000000000, -3.441911658684148800E-016 ) ) ;
#5626 = DIRECTION ( 'NONE',  ( -0.0000000000000000000, -0.0000000000000000000, 1.000000000000000000 ) ) ;
#5627 = EDGE_LOOP ( 'NONE', ( #5979, #3875, #7515, #4459 ) ) ;
#5628 = EDGE_LOOP ( 'NONE', ( #6975, #3045, #2519, #416 ) ) ;
#5629 = CARTESIAN_POINT ( 'NONE',  ( 64.29999999999999700, 15.60000000000000100, -3.249999999999990700 ) ) ;
#5630 = B_SPLINE_CURVE_WITH_KNOTS ( 'NONE', 3,
 ( #6149, #3904, #2540, #394, #9011, #7779, #6043, #4610, #6876, #6116, #7482, #8984, #1823, #5334 ),
 .UNSPECIFIED., .F., .F.,
 ( 4, 2, 2, 2, 2, 2, 4 ),
 ( 0.0000000000000000000, 0.0004683942772038965700, 0.0009367885544077931400, 0.001405182831611689700, 0.001873577108815586300, 0.002810365663223373400, 0.003747154217631160900 ),
 .UNSPECIFIED. ) ;
#5631 = AXIS2_PLACEMENT_3D ( 'NONE', #4263, #4980, #1425 ) ;
#5632 = ITEM_DEFINED_TRANSFORMATION ( 'NONE', 'NONE', #4421,  #7076 ) ;
#5633 = EDGE_CURVE ( 'NONE', #4112, #1907, #6158, .T. ) ;
#5634 = DIRECTION ( 'NONE',  ( 1.000000000000000000, 0.0000000000000000000, 0.0000000000000000000 ) ) ;
#5635 = VECTOR ( 'NONE', #7834, 1000.000000000000000 ) ;
#5636 = CARTESIAN_POINT ( 'NONE',  ( 5.374999999999996400, -3.779999999999998900, 0.8999999999999998000 ) ) ;
#5637 = CONTEXT_DEPENDENT_SHAPE_REPRESENTATION ( #6920, #2156 ) ;
#5638 = ORIENTED_EDGE ( 'NONE', *, *, #6864, .F. ) ;
#5639 = CARTESIAN_POINT ( 'NONE',  ( 21.24999999999998200, -7.795986915254213200E-015, -5.400000000000000400 ) ) ;
#5640 = CONTEXT_DEPENDENT_SHAPE_REPRESENTATION ( #268, #2164 ) ;
#5641 = DIRECTION ( 'NONE',  ( 0.0000000000000000000, 0.0000000000000000000, -1.000000000000000000 ) ) ;
#5642 = ADVANCED_FACE ( 'NONE', ( #2135 ), #905, .F. ) ;
#5643 = VECTOR ( 'NONE', #512, 1000.000000000000000 ) ;
#5644 = ORIENTED_EDGE ( 'NONE', *, *, #2037, .T. ) ;
#5645 = ITEM_DEFINED_TRANSFORMATION ( 'NONE', 'NONE', #6267,  #7076 ) ;
#5646 = EDGE_CURVE ( 'NONE', #7139, #2179, #6424, .T. ) ;
#5647 = ORIENTED_EDGE ( 'NONE', *, *, #8005, .F. ) ;
#5648 = DIRECTION ( 'NONE',  ( -0.0000000000000000000, -0.0000000000000000000, -1.000000000000000000 ) ) ;
#5649 = CARTESIAN_POINT ( 'NONE',  ( -70.99999999999998600, 10.60000000000000000, 1.500000000000000000 ) ) ;
#5650 = ITEM_DEFINED_TRANSFORMATION ( 'NONE', 'NONE', #3863,  #7076 ) ;
#5651 = PLANE ( 'NONE',  #8890 ) ;
#5652 = LINE ( 'NONE', #4756, #8473 ) ;
#5653 = CARTESIAN_POINT ( 'NONE',  ( 39.09999999999998000, -2.554616006354597600E-015, -3.800000000000000300 ) ) ;
#5654 = ORIENTED_EDGE ( 'NONE', *, *, #4692, .T. ) ;
#5655 = DIRECTION ( 'NONE',  ( -1.225453863971292700E-016, 1.000000000000000000, 0.0000000000000000000 ) ) ;
#5656 = CONTEXT_DEPENDENT_SHAPE_REPRESENTATION ( #5963, #565 ) ;
#5657 = EDGE_CURVE ( 'NONE', #2687, #6182, #8076, .T. ) ;
#5658 = ORIENTED_EDGE ( 'NONE', *, *, #81, .T. ) ;
#5659 = DIRECTION ( 'NONE',  ( -1.000000000000000000, 0.0000000000000000000, 0.0000000000000000000 ) ) ;
#5660 = EDGE_CURVE ( 'NONE', #1632, #2585, #2357, .T. ) ;
#5661 = PLANE ( 'NONE',  #8507 ) ;
#5662 = AXIS2_PLACEMENT_3D ( 'NONE', #5209, #5301, #1591 ) ;
#5663 = FACE_OUTER_BOUND ( 'NONE', #560, .T. ) ;
#5664 = ORIENTED_EDGE ( 'NONE', *, *, #4724, .T. ) ;
#5665 = ITEM_DEFINED_TRANSFORMATION ( 'NONE', 'NONE', #5320,  #7076 ) ;
#5666 = CARTESIAN_POINT ( 'NONE',  ( 69.99999999999998600, 4.234711976998479300, 0.9249999999999978200 ) ) ;
#5667 = AXIS2_PLACEMENT_3D ( 'NONE', #5067, #7277, #4412 ) ;
#5668 = VECTOR ( 'NONE', #6480, 1000.000000000000000 ) ;
#5669 = DIRECTION ( 'NONE',  ( 0.0000000000000000000, -1.000000000000000000, -1.084202172485503900E-016 ) ) ;
#5670 = ORIENTED_EDGE ( 'NONE', *, *, #2960, .T. ) ;
#5671 = ADVANCED_FACE ( 'NONE', ( #8857 ), #2298, .T. ) ;
#5672 =( REPRESENTATION_RELATIONSHIP ('NONE','NONE', #6135, #6228 ) REPRESENTATION_RELATIONSHIP_WITH_TRANSFORMATION ( #5040 )SHAPE_REPRESENTATION_RELATIONSHIP( ) );
#5673 = CARTESIAN_POINT ( 'NONE',  ( 67.29999999999998300, 7.100000000000000500, 1.500000000000000000 ) ) ;
#5674 = VECTOR ( 'NONE', #5, 1000.000000000000000 ) ;
#5675 = DIRECTION ( 'NONE',  ( 1.000000000000000000, 1.225453863971293700E-016, -0.0000000000000000000 ) ) ;
#5676 = ORIENTED_EDGE ( 'NONE', *, *, #7271, .F. ) ;
#5677 = DIRECTION ( 'NONE',  ( 0.0000000000000000000, 0.0000000000000000000, 1.000000000000000000 ) ) ;
#5678 = DIRECTION ( 'NONE',  ( 1.000000000000000000, 0.0000000000000000000, -0.0000000000000000000 ) ) ;
#5679 = CONTEXT_DEPENDENT_SHAPE_REPRESENTATION ( #456, #4107 ) ;
#5680 = CARTESIAN_POINT ( 'NONE',  ( 5.374999999999996400, -7.915445719751373600E-015, -0.8999999999999998000 ) ) ;
#5681 = AXIS2_PLACEMENT_3D ( 'NONE', #4941, #6385, #1545 ) ;
#5682 =( REPRESENTATION_RELATIONSHIP ('NONE','NONE', #6135, #6228 ) REPRESENTATION_RELATIONSHIP_WITH_TRANSFORMATION ( #4058 )SHAPE_REPRESENTATION_RELATIONSHIP( ) );
#5683 = PLANE ( 'NONE',  #4830 ) ;
#5684 = DIRECTION ( 'NONE',  ( 0.0000000000000000000, -0.0000000000000000000, -1.000000000000000000 ) ) ;
#5685 = AXIS2_PLACEMENT_3D ( 'NONE', #2176, #14, #6398 ) ;
#5686 = ORIENTED_EDGE ( 'NONE', *, *, #498, .F. ) ;
#5687 = CARTESIAN_POINT ( 'NONE',  ( 67.97499999999999400, 0.4000000000000083500, 2.250000000000000000 ) ) ;
#5688 = EDGE_CURVE ( 'NONE', #7803, #7043, #8065, .T. ) ;
#5689 = ADVANCED_FACE ( 'NONE', ( #1233 ), #790, .F. ) ;
#5690 = ORIENTED_EDGE ( 'NONE', *, *, #3746, .F. ) ;
#5691 = PLANE ( 'NONE',  #7832 ) ;
#5692 = APPLICATION_CONTEXT ( 'automotive_design' ) ;
#5693 = PRODUCT_DEFINITION_FORMATION_WITH_SPECIFIED_SOURCE ( 'ANY', '', #545, .NOT_KNOWN. ) ;
#5694 = ORIENTED_EDGE ( 'NONE', *, *, #4946, .F. ) ;
#5695 = DIRECTION ( 'NONE',  ( 0.0000000000000000000, 0.0000000000000000000, 1.000000000000000000 ) ) ;
#5696 = DIRECTION ( 'NONE',  ( 1.000000000000000000, 0.0000000000000000000, 0.0000000000000000000 ) ) ;
#5697 = ORIENTED_EDGE ( 'NONE', *, *, #8832, .T. ) ;
#5698 = VECTOR ( 'NONE', #8258, 1000.000000000000000 ) ;
#5699 = EDGE_CURVE ( 'NONE', #7974, #7474, #3320, .T. ) ;
#5700 = DIRECTION ( 'NONE',  ( 1.000000000000000000, 0.0000000000000000000, 0.0000000000000000000 ) ) ;
#5701 = CARTESIAN_POINT ( 'NONE',  ( -69.97499999999999400, -8.575113413139121300E-015, 2.250000000000000000 ) ) ;
#5702 = ORIENTED_EDGE ( 'NONE', *, *, #1684, .T. ) ;
#5703 = ORIENTED_EDGE ( 'NONE', *, *, #3044, .T. ) ;
#5704 = ITEM_DEFINED_TRANSFORMATION ( 'NONE', 'NONE', #540,  #7076 ) ;
#5705 = ORIENTED_EDGE ( 'NONE', *, *, #568, .T. ) ;
#5706 = LINE ( 'NONE', #5998, #8177 ) ;
#5707 = CARTESIAN_POINT ( 'NONE',  ( -69.17499999999999700, -3.780000000000008700, -0.8999999999999984700 ) ) ;
#5708 = DIRECTION ( 'NONE',  ( -0.0000000000000000000, 0.0000000000000000000, -1.000000000000000000 ) ) ;
#5709 = CARTESIAN_POINT ( 'NONE',  ( -67.50000000000000000, 20.09999999999983400, 3.210000000000000000 ) ) ;
#5710 = DIRECTION ( 'NONE',  ( 0.0000000000000000000, 0.0000000000000000000, 1.000000000000000000 ) ) ;
#5711 = EDGE_CURVE ( 'NONE', #8633, #5875, #4798, .T. ) ;
#5712 =( REPRESENTATION_RELATIONSHIP ('NONE','NONE', #6135, #6228 ) REPRESENTATION_RELATIONSHIP_WITH_TRANSFORMATION ( #2690 )SHAPE_REPRESENTATION_RELATIONSHIP( ) );
#5713 = VECTOR ( 'NONE', #8427, 1000.000000000000000 ) ;
#5714 = ORIENTED_EDGE ( 'NONE', *, *, #5237, .T. ) ;
#5715 = CARTESIAN_POINT ( 'NONE',  ( -69.97499999999999400, 0.3999999999999914700, -2.250000000000000000 ) ) ;
#5716 = FACE_OUTER_BOUND ( 'NONE', #4578, .T. ) ;
#5717 = ORIENTED_EDGE ( 'NONE', *, *, #7865, .F. ) ;
#5718 = LINE ( 'NONE', #5308, #5818 ) ;
#5719 = VECTOR ( 'NONE', #2480, 1000.000000000000000 ) ;
#5720 = CARTESIAN_POINT ( 'NONE',  ( 74.50000000000000000, 18.79999999999983700, 3.210000000000000000 ) ) ;
#5721 = ADVANCED_FACE ( 'NONE', ( #6716 ), #6535, .F. ) ;
#5722 = CARTESIAN_POINT ( 'NONE',  ( 5.774999999999995900, -7.672483266362612600E-015, 0.0000000000000000000 ) ) ;
#5723 = ITEM_DEFINED_TRANSFORMATION ( 'NONE', 'NONE', #6596,  #7076 ) ;
#5724 = CONTEXT_DEPENDENT_SHAPE_REPRESENTATION ( #3556, #8927 ) ;
#5725 = CYLINDRICAL_SURFACE ( 'NONE', #6692, 1.960000000000003500 ) ;
#5726 = VECTOR ( 'NONE', #6310, 1000.000000000000000 ) ;
#5727 = CARTESIAN_POINT ( 'NONE',  ( 123.2499999999999900, 4.587186886819727800E-015, -5.400000000000000400 ) ) ;
#5728 = DIRECTION ( 'NONE',  ( 0.0000000000000000000, 0.0000000000000000000, 1.000000000000000000 ) ) ;
#5729 = EDGE_CURVE ( 'NONE', #7431, #4289, #1903, .T. ) ;
#5730 = VERTEX_POINT ( 'NONE', #840 ) ;
#5731 = AXIS2_PLACEMENT_3D ( 'NONE', #4394, #1590, #1554 ) ;
#5732 = ORIENTED_EDGE ( 'NONE', *, *, #7473, .T. ) ;
#5733 = VECTOR ( 'NONE', #7861, 1000.000000000000100 ) ;
#5734 = DIRECTION ( 'NONE',  ( -1.000000000000000000, 0.0000000000000000000, 0.0000000000000000000 ) ) ;
#5735 = ADVANCED_FACE ( 'NONE', ( #3789 ), #1555, .F. ) ;
#5736 = ORIENTED_EDGE ( 'NONE', *, *, #326, .F. ) ;
#5737 = AXIS2_PLACEMENT_3D ( 'NONE', #858, #2196, #792 ) ;
#5738 = CARTESIAN_POINT ( 'NONE',  ( 70.99999999999998600, 10.60000000000000000, 3.250000000000008900 ) ) ;
#5739 = ORIENTED_EDGE ( 'NONE', *, *, #5271, .F. ) ;
#5740 = DIRECTION ( 'NONE',  ( 1.000000000000000000, 0.0000000000000000000, 0.0000000000000000000 ) ) ;
#5741 = CARTESIAN_POINT ( 'NONE',  ( -71.00000000000001400, 20.89999999999983900, -3.210000000000000000 ) ) ;
#5742 = CONTEXT_DEPENDENT_SHAPE_REPRESENTATION ( #2083, #4995 ) ;
#5743 =( REPRESENTATION_RELATIONSHIP ('NONE','NONE', #6135, #6228 ) REPRESENTATION_RELATIONSHIP_WITH_TRANSFORMATION ( #6529 )SHAPE_REPRESENTATION_RELATIONSHIP( ) );
#5744 = EDGE_LOOP ( 'NONE', ( #2541, #1385, #3695, #6613 ) ) ;
#5745 = DIRECTION ( 'NONE',  ( 0.0000000000000000000, 0.0000000000000000000, 1.000000000000000000 ) ) ;
#5746 = PRODUCT_DEFINITION_SHAPE ( 'NONE', 'NONE',  #9139 ) ;
#5747 = CARTESIAN_POINT ( 'NONE',  ( 65.75000000000000000, 19.69999999999982500, 3.210000000000000000 ) ) ;
#5748 = AXIS2_PLACEMENT_3D ( 'NONE', #850, #2242, #3624 ) ;
#5749 = DIRECTION ( 'NONE',  ( 0.0000000000000000000, -0.0000000000000000000, 1.000000000000000000 ) ) ;
#5750 = LINE ( 'NONE', #1393, #7108 ) ;
#5751 = ORIENTED_EDGE ( 'NONE', *, *, #2863, .F. ) ;
#5752 = PRODUCT_DEFINITION_SHAPE ( 'NONE', 'NONE',  #9181 ) ;
#5753 = EDGE_CURVE ( 'NONE', #508, #8653, #2346, .T. ) ;
#5754 = APPLICATION_PROTOCOL_DEFINITION ( 'draft international standard', 'automotive_design', 1998, #1421 ) ;
#5755 = EDGE_CURVE ( 'NONE', #329, #4289, #3651, .T. ) ;
#5756 = VECTOR ( 'NONE', #957, 1000.000000000000000 ) ;
#5757 = DIRECTION ( 'NONE',  ( 1.000000000000000000, 0.0000000000000000000, 0.0000000000000000000 ) ) ;
#5758 = PRODUCT_DEFINITION_SHAPE ( 'NONE', 'NONE',  #9288 ) ;
#5759 = ORIENTED_EDGE ( 'NONE', *, *, #5207, .T. ) ;
#5760 = DIRECTION ( 'NONE',  ( 0.0000000000000000000, 0.0000000000000000000, 1.000000000000000000 ) ) ;
#5761 = EDGE_LOOP ( 'NONE', ( #3980, #8109, #3998, #5471 ) ) ;
#5762 = CARTESIAN_POINT ( 'NONE',  ( 64.29999999999999700, 3.234711976998478900, 0.9249999999999978200 ) ) ;
#5763 = ADVANCED_FACE ( 'NONE', ( #227 ), #1638, .T. ) ;
#5764 = FILL_AREA_STYLE_COLOUR ( '', #5929 ) ;
#5765 = FACE_OUTER_BOUND ( 'NONE', #4248, .T. ) ;
#5766 = EDGE_CURVE ( 'NONE', #7883, #4743, #5497, .T. ) ;
#5767 = ORIENTED_EDGE ( 'NONE', *, *, #8365, .F. ) ;
#5768 = AXIS2_PLACEMENT_3D ( 'NONE', #2316, #3757, #3791 ) ;
#5769 = LINE ( 'NONE', #30, #5270 ) ;
#5770 = PLANE ( 'NONE',  #107 ) ;
#5771 = CARTESIAN_POINT ( 'NONE',  ( 69.97499999999999400, 0.4000000000000085700, 2.249999999999999600 ) ) ;
#5772 = DIRECTION ( 'NONE',  ( 0.0000000000000000000, 0.9974221446084792200, 0.07175698882075430600 ) ) ;
#5773 =( REPRESENTATION_RELATIONSHIP ('NONE','NONE', #6135, #6228 ) REPRESENTATION_RELATIONSHIP_WITH_TRANSFORMATION ( #4497 )SHAPE_REPRESENTATION_RELATIONSHIP( ) );
#5774 = DIRECTION ( 'NONE',  ( -0.0000000000000000000, -0.0000000000000000000, 1.000000000000000000 ) ) ;
#5775 = CARTESIAN_POINT ( 'NONE',  ( -69.20000000000001700, 6.450000000000001100, 2.500000000000000000 ) ) ;
#5776 = VECTOR ( 'NONE', #6681, 1000.000000000000100 ) ;
#5777 = EDGE_CURVE ( 'NONE', #1782, #4706, #2574, .T. ) ;
#5778 = VERTEX_POINT ( 'NONE', #5255 ) ;
#5779 = CONTEXT_DEPENDENT_SHAPE_REPRESENTATION ( #8112, #8046 ) ;
#5780 = ADVANCED_FACE ( 'NONE', ( #1022 ), #8154, .T. ) ;
#5781 = DIRECTION ( 'NONE',  ( 0.0000000000000000000, -0.0000000000000000000, -1.000000000000000000 ) ) ;
#5782 = EDGE_CURVE ( 'NONE', #8388, #1091, #462, .T. ) ;
#5783 = AXIS2_PLACEMENT_3D ( 'NONE', #7155, #4948, #1362 ) ;
#5784 = VECTOR ( 'NONE', #3964, 1000.000000000000000 ) ;
#5785 =( REPRESENTATION_RELATIONSHIP ('NONE','NONE', #6135, #6228 ) REPRESENTATION_RELATIONSHIP_WITH_TRANSFORMATION ( #3745 )SHAPE_REPRESENTATION_RELATIONSHIP( ) );
#5786 = ORIENTED_EDGE ( 'NONE', *, *, #4141, .F. ) ;
#5787 = ITEM_DEFINED_TRANSFORMATION ( 'NONE', 'NONE', #8401,  #7076 ) ;
#5788 = CARTESIAN_POINT ( 'NONE',  ( -69.17499999999999700, -3.780000000000008200, 1.049999999999999800 ) ) ;
#5789 = AXIS2_PLACEMENT_3D ( 'NONE', #1119, #8912, #4601 ) ;
#5790 = CARTESIAN_POINT ( 'NONE',  ( 6.275000000000001200, 2.399999999999971900, -4.746008088970501900 ) ) ;
#5791 = CARTESIAN_POINT ( 'NONE',  ( 36.54999999999997600, -5.938510844943122500E-015, -5.400000000000000400 ) ) ;
#5792 = DIRECTION ( 'NONE',  ( 0.0000000000000000000, 0.0000000000000000000, -1.000000000000000000 ) ) ;
#5793 = LINE ( 'NONE', #5162, #1641 ) ;
#5794 = DIRECTION ( 'NONE',  ( 0.0000000000000000000, -1.000000000000000000, 9.170862062490001400E-032 ) ) ;
#5795 = EDGE_LOOP ( 'NONE', ( #6243, #1736, #6475, #8704 ) ) ;
#5796 = AXIS2_PLACEMENT_3D ( 'NONE', #818, #8691, #169 ) ;
#5797 = DIRECTION ( 'NONE',  ( 1.000000000000000000, 0.0000000000000000000, 0.0000000000000000000 ) ) ;
#5798 = ORIENTED_EDGE ( 'NONE', *, *, #5537, .T. ) ;
#5799 = DIRECTION ( 'NONE',  ( -7.542275982507847300E-016, 1.000000000000000000, -0.0000000000000000000 ) ) ;
#5800 = AXIS2_PLACEMENT_3D ( 'NONE', #3470, #7677, #6292 ) ;
#5801 = ORIENTED_EDGE ( 'NONE', *, *, #4214, .F. ) ;
#5802 = VECTOR ( 'NONE', #7751, 1000.000000000000000 ) ;
#5803 = DIRECTION ( 'NONE',  ( 1.225453863971292700E-016, -1.000000000000000000, -0.0000000000000000000 ) ) ;
#5804 = CARTESIAN_POINT ( 'NONE',  ( 66.87500000000000000, 15.60000000000011000, -0.7900000000000081400 ) ) ;
#5805 = DIRECTION ( 'NONE',  ( 1.000000000000000000, 0.0000000000000000000, -0.0000000000000000000 ) ) ;
#5806 = AXIS2_PLACEMENT_3D ( 'NONE', #4760, #488, #5489 ) ;
#5807 = EDGE_CURVE ( 'NONE', #4320, #1992, #6172, .T. ) ;
#5808 = DIRECTION ( 'NONE',  ( 1.000000000000000000, 0.0000000000000000000, 0.0000000000000000000 ) ) ;
#5809 = VERTEX_POINT ( 'NONE', #7440 ) ;
#5810 = ORIENTED_EDGE ( 'NONE', *, *, #7945, .T. ) ;
#5811 = VECTOR ( 'NONE', #3021, 1000.000000000000000 ) ;
#5812 = DIRECTION ( 'NONE',  ( 0.0000000000000000000, 0.0000000000000000000, 1.000000000000000000 ) ) ;
#5813 =( REPRESENTATION_RELATIONSHIP ('NONE','NONE', #6135, #6228 ) REPRESENTATION_RELATIONSHIP_WITH_TRANSFORMATION ( #195 )SHAPE_REPRESENTATION_RELATIONSHIP( ) );
#5814 = DIRECTION ( 'NONE',  ( -0.0000000000000000000, 0.0000000000000000000, -1.000000000000000000 ) ) ;
#5815 = ORIENTED_EDGE ( 'NONE', *, *, #5474, .F. ) ;
#5816 = VERTEX_POINT ( 'NONE', #7502 ) ;
#5817 = FACE_OUTER_BOUND ( 'NONE', #1403, .T. ) ;
#5818 = VECTOR ( 'NONE', #8261, 1000.000000000000000 ) ;
#5819 = EDGE_CURVE ( 'NONE', #8284, #7509, #449, .T. ) ;
#5820 = VECTOR ( 'NONE', #7628, 1000.000000000000000 ) ;
#5821 = PRODUCT_DEFINITION_SHAPE ( 'NONE', 'NONE',  #2676 ) ;
#5822 = CARTESIAN_POINT ( 'NONE',  ( -67.29999999999999700, 10.59999999999998200, -3.249999999999990700 ) ) ;
#5823 = ADVANCED_FACE ( 'NONE', ( #5920 ), #1689, .F. ) ;
#5824 = DIRECTION ( 'NONE',  ( 1.000000000000000000, 0.0000000000000000000, 0.0000000000000000000 ) ) ;
#5825 = LINE ( 'NONE', #2790, #5051 ) ;
#5826 = LINE ( 'NONE', #1780, #4598 ) ;
#5827 = ORIENTED_EDGE ( 'NONE', *, *, #1035, .T. ) ;
#5828 = CIRCLE ( 'NONE', #4586, 1.000000000000000900 ) ;
#5829 = FACE_OUTER_BOUND ( 'NONE', #3669, .T. ) ;
#5830 = CARTESIAN_POINT ( 'NONE',  ( -69.20000000000001700, 6.449999999999983300, -3.249999999999990700 ) ) ;
#5831 = VERTEX_POINT ( 'NONE', #359 ) ;
#5832 =( NAMED_UNIT ( * ) PLANE_ANGLE_UNIT ( ) SI_UNIT ( $, .RADIAN. ) );
#5833 = EDGE_CURVE ( 'NONE', #8762, #5886, #7397, .T. ) ;
#5834 = DIRECTION ( 'NONE',  ( 1.000000000000000000, 5.551115123125800100E-015, -0.0000000000000000000 ) ) ;
#5835 = DIRECTION ( 'NONE',  ( 0.0000000000000000000, 0.0000000000000000000, 1.000000000000000000 ) ) ;
#5836 = CONTEXT_DEPENDENT_SHAPE_REPRESENTATION ( #60, #7703 ) ;
#5837 = LINE ( 'NONE', #3421, #4722 ) ;
#5838 = CARTESIAN_POINT ( 'NONE',  ( -69.20000000000001700, 0.3999999999999915300, 2.750000000000008900 ) ) ;
#5839 = ORIENTED_EDGE ( 'NONE', *, *, #4734, .F. ) ;
#5840 = PLANE ( 'NONE',  #7200 ) ;
#5841 = CARTESIAN_POINT ( 'NONE',  ( 21.24999999999999300, -4.944876181046061800E-016, -1.600000000000000100 ) ) ;
#5842 = LINE ( 'NONE', #4699, #5274 ) ;
#5843 = AXIS2_PLACEMENT_3D ( 'NONE', #8153, #4541, #5253 ) ;
#5844 = ORIENTED_EDGE ( 'NONE', *, *, #1405, .F. ) ;
#5845 = DIRECTION ( 'NONE',  ( 0.0000000000000000000, -1.000000000000000000, 0.0000000000000000000 ) ) ;
#5846 = ORIENTED_EDGE ( 'NONE', *, *, #2507, .F. ) ;
#5847 = CARTESIAN_POINT ( 'NONE',  ( -67.29999999999998300, 7.100000000000000500, -1.250000000000000000 ) ) ;
#5848 = CONTEXT_DEPENDENT_SHAPE_REPRESENTATION ( #2485, #6818 ) ;
#5849 = DIRECTION ( 'NONE',  ( 0.0000000000000000000, 0.0000000000000000000, 1.000000000000000000 ) ) ;
#5850 = DIRECTION ( 'NONE',  ( 0.0000000000000000000, 0.0000000000000000000, 1.000000000000000000 ) ) ;
#5851 = LINE ( 'NONE', #7881, #5413 ) ;
#5852 = AXIS2_PLACEMENT_3D ( 'NONE', #1007, #1796, #1732 ) ;
#5853 = ITEM_DEFINED_TRANSFORMATION ( 'NONE', 'NONE', #3254,  #7076 ) ;
#5854 = ORIENTED_EDGE ( 'NONE', *, *, #7407, .T. ) ;
#5855 = DIRECTION ( 'NONE',  ( -1.000000000000000000, 5.782411586589351700E-016, -0.0000000000000000000 ) ) ;
#5856 = DIRECTION ( 'NONE',  ( -1.000000000000000000, -0.0000000000000000000, -0.0000000000000000000 ) ) ;
#5857 = CONTEXT_DEPENDENT_SHAPE_REPRESENTATION ( #5261, #8161 ) ;
#5858 = EDGE_CURVE ( 'NONE', #2101, #3957, #7736, .T. ) ;
#5859 = CARTESIAN_POINT ( 'NONE',  ( 65.75000000000000000, 19.69999999999982500, -3.210000000000000000 ) ) ;
#5860 = LINE ( 'NONE', #6525, #4408 ) ;
#5861 = CARTESIAN_POINT ( 'NONE',  ( -67.97499999999999400, 0.3999999999999917000, -2.250000000000000000 ) ) ;
#5862 = ORIENTED_EDGE ( 'NONE', *, *, #4763, .F. ) ;
#5863 = CONTEXT_DEPENDENT_SHAPE_REPRESENTATION ( #5446, #8886 ) ;
#5864 = VERTEX_POINT ( 'NONE', #1068 ) ;
#5865 = DIRECTION ( 'NONE',  ( 0.0000000000000000000, 0.0000000000000000000, 1.000000000000000000 ) ) ;
#5866 = ADVANCED_FACE ( 'NONE', ( #3336 ), #1725, .T. ) ;
#5867 = PLANE ( 'NONE',  #1240 ) ;
#5868 = LINE ( 'NONE', #5738, #3843 ) ;
#5869 = ORIENTED_EDGE ( 'NONE', *, *, #2986, .T. ) ;
#5870 = DIRECTION ( 'NONE',  ( 0.0000000000000000000, 0.0000000000000000000, 1.000000000000000000 ) ) ;
#5871 = ITEM_DEFINED_TRANSFORMATION ( 'NONE', 'NONE', #338,  #7076 ) ;
#5872 = DIRECTION ( 'NONE',  ( 1.000000000000000000, 0.0000000000000000000, 0.0000000000000000000 ) ) ;
#5873 = EDGE_CURVE ( 'NONE', #2906, #5999, #6728, .T. ) ;
#5874 =( REPRESENTATION_RELATIONSHIP ('NONE','NONE', #6135, #6228 ) REPRESENTATION_RELATIONSHIP_WITH_TRANSFORMATION ( #1307 )SHAPE_REPRESENTATION_RELATIONSHIP( ) );
#5875 = VERTEX_POINT ( 'NONE', #6743 ) ;
#5876 = PLANE ( 'NONE',  #4333 ) ;
#5877 = CYLINDRICAL_SURFACE ( 'NONE', #445, 1.000000000000000900 ) ;
#5878 = DIRECTION ( 'NONE',  ( 1.000000000000000000, 1.225453863971292700E-016, -0.0000000000000000000 ) ) ;
#5879 = EDGE_LOOP ( 'NONE', ( #7458, #1828, #2354, #617 ) ) ;
#5880 = CONTEXT_DEPENDENT_SHAPE_REPRESENTATION ( #3002, #3367 ) ;
#5881 = DIRECTION ( 'NONE',  ( -0.0000000000000000000, -1.000000000000000000, -0.0000000000000000000 ) ) ;
#5882 = EDGE_CURVE ( 'NONE', #3759, #1612, #6509, .T. ) ;
#5883 = AXIS2_PLACEMENT_3D ( 'NONE', #725, #4902, #1414 ) ;
#5884 = LINE ( 'NONE', #1737, #7920 ) ;
#5885 = CARTESIAN_POINT ( 'NONE',  ( -68.77499999999999100, -3.780000000000008200, 1.049999999999999800 ) ) ;
#5886 = VERTEX_POINT ( 'NONE', #4543 ) ;
#5887 = DIRECTION ( 'NONE',  ( 0.0000000000000000000, 0.0000000000000000000, -1.000000000000000000 ) ) ;
#5888 = ITEM_DEFINED_TRANSFORMATION ( 'NONE', 'NONE', #6290,  #7076 ) ;
#5889 = CARTESIAN_POINT ( 'NONE',  ( 65.75000000000000000, 19.69999999999982500, 3.210000000000000000 ) ) ;
#5890 = CARTESIAN_POINT ( 'NONE',  ( 66.87500000000009900, 2.400000000000013200, 0.7899999999999919300 ) ) ;
#5891 = PLANE ( 'NONE',  #5291 ) ;
#5892 = PRODUCT_DEFINITION_SHAPE ( 'NONE', 'NONE',  #9134 ) ;
#5893 = FACE_OUTER_BOUND ( 'NONE', #6559, .T. ) ;
#5894 = EDGE_LOOP ( 'NONE', ( #6152, #4781, #90, #7367 ) ) ;
#5895 = DIRECTION ( 'NONE',  ( 0.0000000000000000000, 0.0000000000000000000, 1.000000000000000000 ) ) ;
#5896 = ITEM_DEFINED_TRANSFORMATION ( 'NONE', 'NONE', #4670,  #7076 ) ;
#5897 = EDGE_CURVE ( 'NONE', #8213, #5556, #3030, .T. ) ;
#5898 = PRODUCT_DEFINITION_SHAPE ( 'NONE', 'NONE',  #9184 ) ;
#5899 = DIRECTION ( 'NONE',  ( 1.000000000000000000, 0.0000000000000000000, 0.0000000000000000000 ) ) ;
#5900 = ORIENTED_EDGE ( 'NONE', *, *, #2351, .T. ) ;
#5901 = ORIENTED_EDGE ( 'NONE', *, *, #8916, .F. ) ;
#5902 = LINE ( 'NONE', #7164, #4120 ) ;
#5903 = DIRECTION ( 'NONE',  ( -0.0000000000000000000, -0.0000000000000000000, 1.000000000000000000 ) ) ;
#5904 = PRODUCT_DEFINITION_SHAPE ( 'NONE', 'NONE',  #9260 ) ;
#5905 = AXIS2_PLACEMENT_3D ( 'NONE', #8391, #2614, #6275 ) ;
#5906 = CARTESIAN_POINT ( 'NONE',  ( -72.75000000000001400, 20.89999999999983900, -3.210000000000000000 ) ) ;
#5907 = ADVANCED_FACE ( 'NONE', ( #7521 ), #2674, .F. ) ;
#5908 = AXIS2_PLACEMENT_3D ( 'NONE', #7587, #8270, #6924 ) ;
#5909 = ORIENTED_EDGE ( 'NONE', *, *, #608, .F. ) ;
#5910 = ORIENTED_EDGE ( 'NONE', *, *, #7702, .F. ) ;
#5911 = FACE_OUTER_BOUND ( 'NONE', #2940, .T. ) ;
#5912 = CARTESIAN_POINT ( 'NONE',  ( -70.99999999999998600, 2.550000000000016300, 1.250000000000000000 ) ) ;
#5913 = DIRECTION ( 'NONE',  ( 0.0000000000000000000, -1.000000000000000000, 0.0000000000000000000 ) ) ;
#5914 = FILL_AREA_STYLE ('',( #8035 ) ) ;
#5915 = DIRECTION ( 'NONE',  ( 0.0000000000000000000, -1.000000000000000000, 0.0000000000000000000 ) ) ;
#5916 = AXIS2_PLACEMENT_3D ( 'NONE', #4727, #6777, #6124 ) ;
#5917 = ORIENTED_EDGE ( 'NONE', *, *, #3762, .T. ) ;
#5918 =( REPRESENTATION_RELATIONSHIP ('NONE','NONE', #6135, #6228 ) REPRESENTATION_RELATIONSHIP_WITH_TRANSFORMATION ( #3484 )SHAPE_REPRESENTATION_RELATIONSHIP( ) );
#5919 = ORIENTED_EDGE ( 'NONE', *, *, #8060, .T. ) ;
#5920 = FACE_OUTER_BOUND ( 'NONE', #7614, .T. ) ;
#5921 = VECTOR ( 'NONE', #353, 1000.000000000000000 ) ;
#5922 = EDGE_CURVE ( 'NONE', #8955, #2622, #7186, .T. ) ;
#5923 = DIRECTION ( 'NONE',  ( 4.217903941582330800E-032, -3.441911658684148800E-016, -1.000000000000000000 ) ) ;
#5924 = CARTESIAN_POINT ( 'NONE',  ( 69.20000000000001700, 6.450000000000001100, 1.499999999999999600 ) ) ;
#5925 = LINE ( 'NONE', #1378, #5726 ) ;
#5927 = ORIENTED_EDGE ( 'NONE', *, *, #1004, .T. ) ;
#5926 = CARTESIAN_POINT ( 'NONE',  ( 49.29999999999999700, 5.985200671002404900E-015, 0.0000000000000000000 ) ) ;
#5928 = FACE_BOUND ( 'NONE', #607, .T. ) ;
#5929 = COLOUR_RGB ( '',1.000000000000000000, 1.000000000000000000, 0.9254901960784314200 ) ;
#5930 =( REPRESENTATION_RELATIONSHIP ('NONE','NONE', #6135, #6228 ) REPRESENTATION_RELATIONSHIP_WITH_TRANSFORMATION ( #4427 )SHAPE_REPRESENTATION_RELATIONSHIP( ) );
#5931 = VECTOR ( 'NONE', #3742, 1000.000000000000000 ) ;
#5932 = EDGE_LOOP ( 'NONE', ( #1899, #8961, #8521, #8221 ) ) ;
#5933 = CONTEXT_DEPENDENT_SHAPE_REPRESENTATION ( #6964, #5612 ) ;
#5934 = EDGE_CURVE ( 'NONE', #6594, #4791, #6271, .T. ) ;
#5935 = ITEM_DEFINED_TRANSFORMATION ( 'NONE', 'NONE', #5508,  #7076 ) ;
#5936 = DIRECTION ( 'NONE',  ( 1.000000000000000000, 0.0000000000000000000, 0.0000000000000000000 ) ) ;
#5937 = AXIS2_PLACEMENT_3D ( 'NONE', #4879, #4293, #4254 ) ;
#5938 = FACE_OUTER_BOUND ( 'NONE', #1846, .T. ) ;
#5939 = ORIENTED_EDGE ( 'NONE', *, *, #3480, .T. ) ;
#5940 = PRODUCT_DEFINITION_SHAPE ( 'NONE', 'NONE',  #9086 ) ;
#5941 = CONTEXT_DEPENDENT_SHAPE_REPRESENTATION ( #2632, #8021 ) ;
#5942 = EDGE_CURVE ( 'NONE', #3273, #8268, #802, .T. ) ;
#5943 = DIRECTION ( 'NONE',  ( 0.0000000000000000000, 0.0000000000000000000, 1.000000000000000000 ) ) ;
#5944 = ORIENTED_EDGE ( 'NONE', *, *, #1987, .T. ) ;
#5945 = CARTESIAN_POINT ( 'NONE',  ( 67.97499999999999400, 0.4000000000000083500, 2.250000000000000000 ) ) ;
#5946 = VECTOR ( 'NONE', #5490, 1000.000000000000000 ) ;
#5947 = CARTESIAN_POINT ( 'NONE',  ( -69.17499999999999700, -1.000000000000016900, -1.249999999999999800 ) ) ;
#5948 = DIRECTION ( 'NONE',  ( 0.0000000000000000000, -0.0000000000000000000, -1.000000000000000000 ) ) ;
#5949 = CONTEXT_DEPENDENT_SHAPE_REPRESENTATION ( #8492, #7853 ) ;
#5950 = EDGE_CURVE ( 'NONE', #5875, #4190, #8662, .T. ) ;
#5951 = ORIENTED_EDGE ( 'NONE', *, *, #8669, .T. ) ;
#5952 = DIRECTION ( 'NONE',  ( -0.0000000000000000000, -0.0000000000000000000, 1.000000000000000000 ) ) ;
#5953 = AXIS2_PLACEMENT_3D ( 'NONE', #2100, #4228, #5669 ) ;
#5954 = VERTEX_POINT ( 'NONE', #7656 ) ;
#5955 = CARTESIAN_POINT ( 'NONE',  ( 113.8999999999999900, 1.382787741231590000E-014, 0.0000000000000000000 ) ) ;
#5956 = DIRECTION ( 'NONE',  ( 1.000000000000000000, 1.225453863971292700E-016, 0.0000000000000000000 ) ) ;
#5957 = FACE_OUTER_BOUND ( 'NONE', #5224, .T. ) ;
#5958 = CARTESIAN_POINT ( 'NONE',  ( 68.44006579232147700, 7.100000000000000500, -1.500000000000000000 ) ) ;
#5959 = ORIENTED_EDGE ( 'NONE', *, *, #7622, .F. ) ;
#5960 = AXIS2_PLACEMENT_3D ( 'NONE', #8586, #8648, #2147 ) ;
#5961 = DIRECTION ( 'NONE',  ( 0.0000000000000000000, 0.0000000000000000000, 1.000000000000000000 ) ) ;
#5962 = DIRECTION ( 'NONE',  ( 1.000000000000000000, 0.0000000000000000000, 0.0000000000000000000 ) ) ;
#5963 =( REPRESENTATION_RELATIONSHIP ('NONE','NONE', #6135, #6228 ) REPRESENTATION_RELATIONSHIP_WITH_TRANSFORMATION ( #8812 )SHAPE_REPRESENTATION_RELATIONSHIP( ) );
#5964 = CONTEXT_DEPENDENT_SHAPE_REPRESENTATION ( #1617, #1267 ) ;
#5965 = DIRECTION ( 'NONE',  ( 0.0000000000000000000, 0.0000000000000000000, 1.000000000000000000 ) ) ;
#5966 = AXIS2_PLACEMENT_3D ( 'NONE', #5547, #1212, #6843 ) ;
#5967 = FACE_OUTER_BOUND ( 'NONE', #4997, .T. ) ;
#5968 = CARTESIAN_POINT ( 'NONE',  ( 67.46999999999999900, 8.250000000000000000, 0.9249999999999978200 ) ) ;
#5969 = ORIENTED_EDGE ( 'NONE', *, *, #7361, .T. ) ;
#5970 = CARTESIAN_POINT ( 'NONE',  ( -64.29999999999999700, 17.29999999999983700, 3.210000000000000000 ) ) ;
#5971 = CARTESIAN_POINT ( 'NONE',  ( 109.6499999999999800, 1.023759634369280900E-014, -1.600000000000000100 ) ) ;
#5972 = CARTESIAN_POINT ( 'NONE',  ( -70.20000000000001700, 6.449999999999983300, -2.750000000000008900 ) ) ;
#5973 = ITEM_DEFINED_TRANSFORMATION ( 'NONE', 'NONE', #3382,  #7076 ) ;
#5974 = AXIS2_PLACEMENT_3D ( 'NONE', #7484, #3949, #8196 ) ;
#5975 = DIRECTION ( 'NONE',  ( 1.000000000000000000, 0.0000000000000000000, 0.0000000000000000000 ) ) ;
#5976 = LINE ( 'NONE', #6021, #5085 ) ;
#5977 = ORIENTED_EDGE ( 'NONE', *, *, #7144, .F. ) ;
#5978 = PLANE ( 'NONE',  #4280 ) ;
#5979 = ORIENTED_EDGE ( 'NONE', *, *, #35, .F. ) ;
#5980 = DIRECTION ( 'NONE',  ( 0.0000000000000000000, 0.0000000000000000000, -1.000000000000000000 ) ) ;
#5981 = CARTESIAN_POINT ( 'NONE',  ( 73.94999999999998900, -1.398013784182676900E-015, -5.400000000000000400 ) ) ;
#5982 = EDGE_CURVE ( 'NONE', #2006, #2761, #345, .T. ) ;
#5983 = SURFACE_STYLE_USAGE ( .BOTH. , #3805 ) ;
#5984 = CARTESIAN_POINT ( 'NONE',  ( -69.20000000000001700, 6.450000000000001100, 2.500000000000000000 ) ) ;
#5985 =( REPRESENTATION_RELATIONSHIP ('NONE','NONE', #6135, #6228 ) REPRESENTATION_RELATIONSHIP_WITH_TRANSFORMATION ( #4413 )SHAPE_REPRESENTATION_RELATIONSHIP( ) );
#5986 = LINE ( 'NONE', #2810, #3390 ) ;
#5987 = CARTESIAN_POINT ( 'NONE',  ( 86.69999999999998900, 1.052569773176285000E-014, 0.0000000000000000000 ) ) ;
#5988 = ORIENTED_EDGE ( 'NONE', *, *, #1923, .F. ) ;
#5989 = CARTESIAN_POINT ( 'NONE',  ( -67.29999999999998300, 7.100000000000000500, 1.250000000000000000 ) ) ;
#5990 = LINE ( 'NONE', #6451, #2416 ) ;
#5991 = DIRECTION ( 'NONE',  ( 0.0000000000000000000, 0.0000000000000000000, 1.000000000000000000 ) ) ;
#5992 = EDGE_CURVE ( 'NONE', #5327, #8751, #5378, .T. ) ;
#5993 = EDGE_LOOP ( 'NONE', ( #5582, #198, #6774, #8134 ) ) ;
#5994 = CARTESIAN_POINT ( 'NONE',  ( 68.77500000000000600, -1.000000000000000000, 1.100000000000000300 ) ) ;
#5995 = DIRECTION ( 'NONE',  ( 0.0000000000000000000, 0.0000000000000000000, 1.000000000000000000 ) ) ;
#5996 = CARTESIAN_POINT ( 'NONE',  ( 104.5499999999999800, 9.618437653589113400E-015, -1.600000000000000100 ) ) ;
#5997 = VECTOR ( 'NONE', #3437, 1000.000000000000000 ) ;
#5998 = CARTESIAN_POINT ( 'NONE',  ( -74.50000000000000000, 18.79999999999983700, 3.210000000000000000 ) ) ;
#5999 = VERTEX_POINT ( 'NONE', #7897 ) ;
#6000 = ORIENTED_EDGE ( 'NONE', *, *, #1103, .T. ) ;
#6001 = EDGE_CURVE ( 'NONE', #8615, #8896, #3222, .T. ) ;
#6002 = AXIS2_PLACEMENT_3D ( 'NONE', #8048, #4465, #755 ) ;
#6003 = CARTESIAN_POINT ( 'NONE',  ( 70.99999999999998600, 4.234711976998479300, 3.210000000000000000 ) ) ;
#6004 = CARTESIAN_POINT ( 'NONE',  ( 5.374999999999996400, -3.779999999999998900, 1.049999999999999800 ) ) ;
#6005 = DIRECTION ( 'NONE',  ( -0.0000000000000000000, 0.0000000000000000000, -1.000000000000000000 ) ) ;
#6006 = LINE ( 'NONE', #926, #1867 ) ;
#6007 = PLANE ( 'NONE',  #532 ) ;
#6008 = DIRECTION ( 'NONE',  ( 0.0000000000000000000, 0.3338068592337649600, -0.9426414910921805400 ) ) ;
#6009 = VERTEX_POINT ( 'NONE', #1854 ) ;
#6010 =( REPRESENTATION_RELATIONSHIP ('NONE','NONE', #6135, #6228 ) REPRESENTATION_RELATIONSHIP_WITH_TRANSFORMATION ( #3025 )SHAPE_REPRESENTATION_RELATIONSHIP( ) );
#6011 = DIRECTION ( 'NONE',  ( -8.793487921733858600E-018, 0.07175698882075463900, 0.9974221446084793300 ) ) ;
#6012 = DIRECTION ( 'NONE',  ( 1.000000000000000000, 0.0000000000000000000, 0.0000000000000000000 ) ) ;
#6013 = DIRECTION ( 'NONE',  ( 0.0000000000000000000, 1.000000000000000000, 0.0000000000000000000 ) ) ;
#6014 = ORIENTED_EDGE ( 'NONE', *, *, #4985, .F. ) ;
#6015 = ORIENTED_EDGE ( 'NONE', *, *, #4399, .T. ) ;
#6016 = AXIS2_PLACEMENT_3D ( 'NONE', #6678, #3071, #8128 ) ;
#6017 = VECTOR ( 'NONE', #1973, 1000.000000000000100 ) ;
#6018 = DIRECTION ( 'NONE',  ( 1.000000000000000000, 0.0000000000000000000, 0.0000000000000000000 ) ) ;
#6019 = CARTESIAN_POINT ( 'NONE',  ( 39.94999999999999600, 1.775760912275615900E-015, -1.600000000000000100 ) ) ;
#6020 =( REPRESENTATION_RELATIONSHIP ('NONE','NONE', #6135, #6228 ) REPRESENTATION_RELATIONSHIP_WITH_TRANSFORMATION ( #1420 )SHAPE_REPRESENTATION_RELATIONSHIP( ) );
#6021 = CARTESIAN_POINT ( 'NONE',  ( 69.25000000000000000, 20.49999999999984000, 3.210000000000000000 ) ) ;
#6022 = DIRECTION ( 'NONE',  ( 0.0000000000000000000, 0.0000000000000000000, 1.000000000000000000 ) ) ;
#6023 = ORIENTED_EDGE ( 'NONE', *, *, #5357, .T. ) ;
#6024 = DIRECTION ( 'NONE',  ( -0.0000000000000000000, -0.0000000000000000000, 1.000000000000000000 ) ) ;
#6025 = AXIS2_PLACEMENT_3D ( 'NONE', #1222, #4052, #1312 ) ;
#6026 = ORIENTED_EDGE ( 'NONE', *, *, #5992, .F. ) ;
#6027 = VECTOR ( 'NONE', #900, 1000.000000000000000 ) ;
#6028 = DIRECTION ( 'NONE',  ( 1.000000000000000000, 0.0000000000000000000, 0.0000000000000000000 ) ) ;
#6029 = DIRECTION ( 'NONE',  ( 0.0000000000000000000, 0.0000000000000000000, 1.000000000000000000 ) ) ;
#6030 = CARTESIAN_POINT ( 'NONE',  ( -74.50000000000000000, 18.79999999999983700, 3.210000000000000000 ) ) ;
#6031 = AXIS2_PLACEMENT_3D ( 'NONE', #5861, #8743, #2240 ) ;
#6032 = ORIENTED_EDGE ( 'NONE', *, *, #5755, .F. ) ;
#6033 = ITEM_DEFINED_TRANSFORMATION ( 'NONE', 'NONE', #3630,  #7076 ) ;
#6034 = VERTEX_POINT ( 'NONE', #1821 ) ;
#6035 = VERTEX_POINT ( 'NONE', #2600 ) ;
#6036 = FACE_OUTER_BOUND ( 'NONE', #3822, .T. ) ;
#6037 = FACE_OUTER_BOUND ( 'NONE', #1954, .T. ) ;
#6038 = PRODUCT_DEFINITION_SHAPE ( 'NONE', 'NONE',  #9122 ) ;
#6039 = CARTESIAN_POINT ( 'NONE',  ( 69.25000000000000000, 20.49999999999984000, 3.210000000000000000 ) ) ;
#6040 = VECTOR ( 'NONE', #5297, 1000.000000000000000 ) ;
#6041 = FILL_AREA_STYLE_COLOUR ( '', #2970 ) ;
#6042 = CARTESIAN_POINT ( 'NONE',  ( -72.50000000000000000, 18.79999999999983700, -3.210000000000000000 ) ) ;
#6043 = CARTESIAN_POINT ( 'NONE',  ( -71.36586786834121200, 15.96069679290378400, -1.596627354942123900 ) ) ;
#6044 =( REPRESENTATION_RELATIONSHIP ('NONE','NONE', #6135, #6228 ) REPRESENTATION_RELATIONSHIP_WITH_TRANSFORMATION ( #8451 )SHAPE_REPRESENTATION_RELATIONSHIP( ) );
#6045 = CARTESIAN_POINT ( 'NONE',  ( -67.50000000000000000, 20.09999999999983400, -3.210000000000000000 ) ) ;
#6047 = VECTOR ( 'NONE', #1717, 1000.000000000000000 ) ;
#6046 = PRODUCT_DEFINITION_SHAPE ( 'NONE', 'NONE',  #9202 ) ;
#6048 = DIRECTION ( 'NONE',  ( 1.000000000000000000, 0.0000000000000000000, 0.0000000000000000000 ) ) ;
#6049 = EDGE_LOOP ( 'NONE', ( #2928, #4238, #6668, #3649 ) ) ;
#6050 = ORIENTED_EDGE ( 'NONE', *, *, #2221, .F. ) ;
#6051 = FACE_OUTER_BOUND ( 'NONE', #2442, .T. ) ;
#6052 = CIRCLE ( 'NONE', #3997, 1.000000000000000900 ) ;
#6053 = EDGE_CURVE ( 'NONE', #577, #2059, #127, .T. ) ;
#6054 = CARTESIAN_POINT ( 'NONE',  ( -68.77499999999999100, -1.672312647170194900E-014, 0.0000000000000000000 ) ) ;
#6055 = EDGE_LOOP ( 'NONE', ( #567, #896, #4362, #6849, #3696, #6323, #7046, #4392, #8413, #8709, #1282, #5732, #8251, #7417, #977, #7671, #1981, #962, #1868, #4509 ) ) ;
#6056 = PRODUCT_DEFINITION_SHAPE ( 'NONE', 'NONE',  #9242 ) ;
#6057 = DIRECTION ( 'NONE',  ( 0.0000000000000000000, 0.0000000000000000000, 1.000000000000000000 ) ) ;
#6058 = CONTEXT_DEPENDENT_SHAPE_REPRESENTATION ( #6181, #831 ) ;
#6059 = DIRECTION ( 'NONE',  ( 1.000000000000000000, 0.0000000000000000000, 0.0000000000000000000 ) ) ;
#6060 = LINE ( 'NONE', #7314, #1594 ) ;
#6061 = CARTESIAN_POINT ( 'NONE',  ( -70.20000000000001700, 6.449999999999983300, -1.250000000000000200 ) ) ;
#6062 = ITEM_DEFINED_TRANSFORMATION ( 'NONE', 'NONE', #8022,  #7076 ) ;
#6063 = PLANE ( 'NONE',  #8494 ) ;
#6064 = ORIENTED_EDGE ( 'NONE', *, *, #4763, .T. ) ;
#6065 = EDGE_CURVE ( 'NONE', #7721, #8877, #8872, .T. ) ;
#6066 = CARTESIAN_POINT ( 'NONE',  ( 70.99999999999998600, 4.234711976998479300, 1.249999999999998400 ) ) ;
#6067 = DIRECTION ( 'NONE',  ( 1.000000000000000000, 0.0000000000000000000, 0.0000000000000000000 ) ) ;
#6068 = AXIS2_PLACEMENT_3D ( 'NONE', #3213, #3184, #6854 ) ;
#6069 = VECTOR ( 'NONE', #187, 1000.000000000000000 ) ;
#6070 = CONTEXT_DEPENDENT_SHAPE_REPRESENTATION ( #7791, #820 ) ;
#6071 = EDGE_LOOP ( 'NONE', ( #2681, #5844, #6704, #4837 ) ) ;
#6072 = ORIENTED_EDGE ( 'NONE', *, *, #5833, .F. ) ;
#6073 = CARTESIAN_POINT ( 'NONE',  ( 71.00000000000001400, 20.49999999999983700, -3.210000000000000000 ) ) ;
#6074 = LINE ( 'NONE', #8651, #2320 ) ;
#6075 = DIRECTION ( 'NONE',  ( 0.0000000000000000000, 0.0000000000000000000, 1.000000000000000000 ) ) ;
#6076 = CARTESIAN_POINT ( 'NONE',  ( -69.20000000000001700, 6.450000000000001100, 2.500000000000000000 ) ) ;
#6077 = LINE ( 'NONE', #4360, #6306 ) ;
#6078 = EDGE_CURVE ( 'NONE', #1992, #6090, #4812, .T. ) ;
#6079 = SHAPE_REPRESENTATION ( 'Ejector Natural-black_N', ( #7076 ), #1506 ) ;
#6080 = ITEM_DEFINED_TRANSFORMATION ( 'NONE', 'NONE', #3491,  #7076 ) ;
#6081 = VERTEX_POINT ( 'NONE', #3291 ) ;
#6082 = DIRECTION ( 'NONE',  ( 0.0000000000000000000, 0.0000000000000000000, 1.000000000000000000 ) ) ;
#6083 = CARTESIAN_POINT ( 'NONE',  ( 69.17499999999999700, 8.774060627046068400E-017, 1.100000000000000300 ) ) ;
#6084 = PRODUCT_DEFINITION_SHAPE ( 'NONE', 'NONE',  #9052 ) ;
#6085 = CARTESIAN_POINT ( 'NONE',  ( 69.17499999999999700, -1.000000000000000200, -1.099999999999999900 ) ) ;
#6086 = CONTEXT_DEPENDENT_SHAPE_REPRESENTATION ( #8095, #8475 ) ;
#6087 = FACE_OUTER_BOUND ( 'NONE', #427, .T. ) ;
#6088 = CARTESIAN_POINT ( 'NONE',  ( -68.77499999999999100, -1.691707077053185700E-014, -0.8999999999999998000 ) ) ;
#6089 = AXIS2_PLACEMENT_3D ( 'NONE', #3552, #4305, #6493 ) ;
#6090 = VERTEX_POINT ( 'NONE', #452 ) ;
#6091 = DIRECTION ( 'NONE',  ( 0.0000000000000000000, 0.0000000000000000000, 1.000000000000000000 ) ) ;
#6092 = ITEM_DEFINED_TRANSFORMATION ( 'NONE', 'NONE', #4826,  #7076 ) ;
#6093 = DIRECTION ( 'NONE',  ( 1.000000000000000000, 0.0000000000000000000, 0.0000000000000000000 ) ) ;
#6094 =( REPRESENTATION_RELATIONSHIP ('NONE','NONE', #6135, #6228 ) REPRESENTATION_RELATIONSHIP_WITH_TRANSFORMATION ( #1722 )SHAPE_REPRESENTATION_RELATIONSHIP( ) );
#6095 = ORIENTED_EDGE ( 'NONE', *, *, #7810, .T. ) ;
#6096 = DIRECTION ( 'NONE',  ( 0.0000000000000000000, 0.0000000000000000000, 1.000000000000000000 ) ) ;
#6097 = DIRECTION ( 'NONE',  ( 0.0000000000000000000, -1.000000000000000000, -1.084202172485506300E-016 ) ) ;
#6098 = DIRECTION ( 'NONE',  ( 0.0000000000000000000, 1.000000000000000000, -3.822843908301359300E-017 ) ) ;
#6099 = FACE_OUTER_BOUND ( 'NONE', #1348, .T. ) ;
#6100 = CARTESIAN_POINT ( 'NONE',  ( -69.99999999999998600, 4.234711976998479300, 3.210000000000000000 ) ) ;
#6101 = DIRECTION ( 'NONE',  ( -1.214036647262151200E-016, 1.000000000000000000, 0.0000000000000000000 ) ) ;
#6102 = ORIENTED_EDGE ( 'NONE', *, *, #8227, .F. ) ;
#6103 = DIRECTION ( 'NONE',  ( 0.0000000000000000000, 0.0000000000000000000, 1.000000000000000000 ) ) ;
#6104 = CONTEXT_DEPENDENT_SHAPE_REPRESENTATION ( #5317, #5940 ) ;
#6105 = ORIENTED_EDGE ( 'NONE', *, *, #4386, .T. ) ;
#6106 = AXIS2_PLACEMENT_3D ( 'NONE', #1877, #383, #4004 ) ;
#6107 = DIRECTION ( 'NONE',  ( 1.000000000000000000, -0.0000000000000000000, -0.0000000000000000000 ) ) ;
#6108 = FACE_OUTER_BOUND ( 'NONE', #974, .T. ) ;
#6109 = DIRECTION ( 'NONE',  ( -0.0000000000000000000, -0.0000000000000000000, 1.000000000000000000 ) ) ;
#6110 = VERTEX_POINT ( 'NONE', #5518 ) ;
#6111 = DIRECTION ( 'NONE',  ( 1.000000000000000000, 1.225453863971292700E-016, -0.0000000000000000000 ) ) ;
#6112 = AXIS2_PLACEMENT_3D ( 'NONE', #10, #82, #7222 ) ;
#6113 = CARTESIAN_POINT ( 'NONE',  ( 71.36586786834121200, 15.96069679290378400, -1.596627354942123900 ) ) ;
#6114 = ITEM_DEFINED_TRANSFORMATION ( 'NONE', 'NONE', #4352,  #7076 ) ;
#6115 = EDGE_CURVE ( 'NONE', #101, #8416, #1247, .T. ) ;
#6116 = CARTESIAN_POINT ( 'NONE',  ( -71.91440048467937600, 16.49833491157236400, -2.136081778375818800 ) ) ;
#6117 = DIRECTION ( 'NONE',  ( -1.000000000000000000, 0.0000000000000000000, 0.0000000000000000000 ) ) ;
#6118 = DIRECTION ( 'NONE',  ( 0.0000000000000000000, 0.0000000000000000000, 1.000000000000000000 ) ) ;
#6119 = DIRECTION ( 'NONE',  ( -1.000000000000000000, -1.225453863971293000E-016, 0.0000000000000000000 ) ) ;
#6120 = CIRCLE ( 'NONE', #7033, 1.000000000000000900 ) ;
#6121 = VERTEX_POINT ( 'NONE', #4039 ) ;
#6122 = FACE_OUTER_BOUND ( 'NONE', #6150, .T. ) ;
#6123 = DIRECTION ( 'NONE',  ( 1.000000000000000000, 0.0000000000000000000, 0.0000000000000000000 ) ) ;
#6124 = DIRECTION ( 'NONE',  ( 1.000000000000000000, 0.0000000000000000000, 0.0000000000000000000 ) ) ;
#6125 = CARTESIAN_POINT ( 'NONE',  ( 64.59999999999999400, 7.842676741313496500E-015, 0.0000000000000000000 ) ) ;
#6126 = EDGE_CURVE ( 'NONE', #6982, #1336, #2466, .T. ) ;
#6127 =( REPRESENTATION_RELATIONSHIP ('NONE','NONE', #6135, #6228 ) REPRESENTATION_RELATIONSHIP_WITH_TRANSFORMATION ( #2605 )SHAPE_REPRESENTATION_RELATIONSHIP( ) );
#6128 = VERTEX_POINT ( 'NONE', #3237 ) ;
#6129 = PRODUCT_DEFINITION_SHAPE ( 'NONE', 'NONE',  #9020 ) ;
#6130 = VECTOR ( 'NONE', #6641, 1000.000000000000000 ) ;
#6131 = CARTESIAN_POINT ( 'NONE',  ( 120.6999999999999900, 1.465342233245416200E-014, 0.0000000000000000000 ) ) ;
#6132 = UNCERTAINTY_MEASURE_WITH_UNIT (LENGTH_MEASURE( 1.000000000000000100E-005 ), #1759, 'distance_accuracy_value', 'NONE');
#6133 = VERTEX_POINT ( 'NONE', #8281 ) ;
#6134 = DIRECTION ( 'NONE',  ( -0.0000000000000000000, -0.0000000000000000000, 1.000000000000000000 ) ) ;
#6135 = SHAPE_REPRESENTATION ( '10145226-0241N13LF', ( #3139, #2158, #2625, #4670, #8088, #6779, #4063, #5806, #3072, #8401, #4840, #2446, #2911, #3866, #7566, #3563, #4371, #8042, #6290, #4544, #7269, #7737, #5152, #5631, #6112, #8533, #7141, #7621, #8597, #5320, #1485, #4352, #6154, #2432, #5613, #527, #42, #703, #5008, #4172, #2257, #7251, #4651, #4525, #5128, #5960, #6089, #8070, #6760, #6585, #7712, #1191, #5493, #6454, #7423, #8703, #6936, #2891, #7585, #8865, #220, #1644, #1302, #2608, #7902, #8205, #1946, #3850, #2129, #4069, #3542, #2718, #8386, #338, #3056, #4047, #1013, #832, #3188, #3372, #4826, #5313, #7054, #5789, #6267, #1771, #7550, #3666, #5190, #5667, #6637, #7118, #7603, #8574, #1139, #772, #3991, #2660, #8516, #2076, #113, #1714, #1249, #3491, #7838, #8333, #2204, #4476, #8816, #390, #960, #3129, #467, #5244, #2552, #2379, #3006, #4951, #5443, #7664, #1607, #7369, #6701, #6025, #5905, #3613, #1084, #591, #1433, #4114, #6400, #5737, #6221, #4596, #6890, #1887, #2836, #7002, #3303, #3792, #8022, #4301, #4769, #7191, #8943, #8145, #8643, #5499, #285, #5077, #5560, #6531, #7495, #8996, #7966, #8457, #172, #646, #230, #2441, #3254, #6164, #4537, #5508, #5852, #8085, #1957, #2777, #3431, #902, #1374, #540, #1840, #6830, #5974, #2013, #4895, #2907, #1816, #2324, #3736, #2954, #6647, #6336, #3382, #6946, #8588, #3863, #5021, #1205, #1025, #6467, #5198, #1651, #4716, #3924, #7321, #7135, #7436, #4057, #7918, #717, #8395, #7615, #2151, #2502, #7142, #7788, #5681, #4239, #4421, #8884, #2619, #5382, #3070, #8272, #58, #3555, #8759, #414, #1499, #1552, #1318, #2853, #1781, #6234, #5624, #481, #2272, #4666, #3018, #5260, #6106, #9010, #2727, #4780, #188, #8528, #3707, #4188, #3315, #1444, #3683, #3808, #5140, #355, #8346, #4836, #7726, #5748, #7381, #1616, #6711, #6596, #6287, #7073, #7557, #4316, #8037, #845, #8827, #5329, #7264, #5916, #4361, #6902, #3199, #4002, #659, #1153, #1904, #2091, #64, #2558, #3503, #4489, #6412, #2393, #4963, #5457, #7859, #972, #5800, #6772, #8219, #8713, #2514, #7017, #2335, #3630, #4907 ), #7981 ) ;
#6136 = CARTESIAN_POINT ( 'NONE',  ( -67.29999999999998300, 7.100000000000000500, -1.250000000000000000 ) ) ;
#6137 = DIRECTION ( 'NONE',  ( 1.000000000000000000, 0.0000000000000000000, 0.0000000000000000000 ) ) ;
#6138 = EDGE_CURVE ( 'NONE', #3332, #4190, #1353, .T. ) ;
#6139 = CARTESIAN_POINT ( 'NONE',  ( 59.49999999999998600, -7.798124593980937500E-017, -3.800000000000000300 ) ) ;
#6140 = PRODUCT_DEFINITION_SHAPE ( 'NONE', 'NONE',  #9090 ) ;
#6141 = ORIENTED_EDGE ( 'NONE', *, *, #7400, .F. ) ;
#6142 = VERTEX_POINT ( 'NONE', #1908 ) ;
#6143 = FACE_OUTER_BOUND ( 'NONE', #3053, .T. ) ;
#6144 = EDGE_CURVE ( 'NONE', #2847, #1776, #1788, .T. ) ;
#6145 = DIRECTION ( 'NONE',  ( 0.0000000000000000000, 0.0000000000000000000, -1.000000000000000000 ) ) ;
#6146 = CARTESIAN_POINT ( 'NONE',  ( 69.20000000000001700, 6.450000000000001100, 0.9249999999999978200 ) ) ;
#6147 = CARTESIAN_POINT ( 'NONE',  ( 5.374999999999996400, -1.000000000000007800, -1.099999999999999900 ) ) ;
#6148 = SURFACE_SIDE_STYLE ('',( #6477 ) ) ;
#6149 = CARTESIAN_POINT ( 'NONE',  ( -71.00040004000798900, 14.83999999999983100, -1.250000000000000200 ) ) ;
#6150 = EDGE_LOOP ( 'NONE', ( #7472, #5065, #124, #3170 ) ) ;
#6151 = DIRECTION ( 'NONE',  ( -1.214036647262151200E-016, 1.000000000000000000, 0.0000000000000000000 ) ) ;
#6152 = ORIENTED_EDGE ( 'NONE', *, *, #7659, .F. ) ;
#6153 = CIRCLE ( 'NONE', #421, 1.000000000000000900 ) ;
#6154 = AXIS2_PLACEMENT_3D ( 'NONE', #1335, #7061, #1950 ) ;
#6155 = ORIENTED_EDGE ( 'NONE', *, *, #1172, .T. ) ;
#6156 = EDGE_LOOP ( 'NONE', ( #7675, #2402, #863, #3215, #2669, #4929 ) ) ;
#6157 = VERTEX_POINT ( 'NONE', #1940 ) ;
#6158 = LINE ( 'NONE', #4511, #1458 ) ;
#6159 = LINE ( 'NONE', #5822, #4358 ) ;
#6160 =( REPRESENTATION_RELATIONSHIP ('NONE','NONE', #6135, #6228 ) REPRESENTATION_RELATIONSHIP_WITH_TRANSFORMATION ( #3142 )SHAPE_REPRESENTATION_RELATIONSHIP( ) );
#6161 = CARTESIAN_POINT ( 'NONE',  ( 64.29999999999999700, 6.299999999999999800, 3.250000000000008900 ) ) ;
#6162 = CARTESIAN_POINT ( 'NONE',  ( 5.374999999999996400, -7.658269891930429100E-015, 1.100000000000000300 ) ) ;
#6163 = ADVANCED_FACE ( 'NONE', ( #4369 ), #7596, .F. ) ;
#6164 = AXIS2_PLACEMENT_3D ( 'NONE', #7551, #3216, #8997 ) ;
#6165 = ITEM_DEFINED_TRANSFORMATION ( 'NONE', 'NONE', #2558,  #7076 ) ;
#6166 = DIRECTION ( 'NONE',  ( 1.000000000000000000, 1.225453863971292700E-016, -0.0000000000000000000 ) ) ;
#6167 = VECTOR ( 'NONE', #8754, 1000.000000000000000 ) ;
#6168 = VERTEX_POINT ( 'NONE', #1235 ) ;
#6169 = VERTEX_POINT ( 'NONE', #4698 ) ;
#6170 = LINE ( 'NONE', #2011, #1799 ) ;
#6171 = VECTOR ( 'NONE', #3024, 1000.000000000000000 ) ;
#6172 = LINE ( 'NONE', #1655, #7854 ) ;
#6173 = EDGE_CURVE ( 'NONE', #4190, #4755, #7300, .T. ) ;
#6174 = ORIENTED_EDGE ( 'NONE', *, *, #883, .T. ) ;
#6175 = CARTESIAN_POINT ( 'NONE',  ( 91.79999999999998300, 3.843357124716939300E-015, -3.800000000000000300 ) ) ;
#6176 = CONTEXT_DEPENDENT_SHAPE_REPRESENTATION ( #1501, #358 ) ;
#6177 = DIRECTION ( 'NONE',  ( 0.0000000000000000000, -1.000000000000000000, 0.0000000000000000000 ) ) ;
#6178 = LINE ( 'NONE', #6316, #3009 ) ;
#6179 = VECTOR ( 'NONE', #5449, 1000.000000000000000 ) ;
#6180 = CARTESIAN_POINT ( 'NONE',  ( 0.0000000000000000000, 0.0000000000000000000, 0.0000000000000000000 ) ) ;
#6181 =( REPRESENTATION_RELATIONSHIP ('NONE','NONE', #6135, #6228 ) REPRESENTATION_RELATIONSHIP_WITH_TRANSFORMATION ( #4492 )SHAPE_REPRESENTATION_RELATIONSHIP( ) );
#6182 = VERTEX_POINT ( 'NONE', #3363 ) ;
#6183 = DIRECTION ( 'NONE',  ( 0.0000000000000000000, 0.0000000000000000000, 1.000000000000000000 ) ) ;
#6184 = DIRECTION ( 'NONE',  ( 1.225453863971292700E-016, -1.000000000000000000, -0.0000000000000000000 ) ) ;
#6185 = LINE ( 'NONE', #5195, #8979 ) ;
#6186 = EDGE_CURVE ( 'NONE', #4567, #8063, #6952, .T. ) ;
#6187 = VECTOR ( 'NONE', #5626, 1000.000000000000000 ) ;
#6188 = CARTESIAN_POINT ( 'NONE',  ( -65.75000000000000000, 19.69999999999982500, 3.210000000000000000 ) ) ;
#6189 = CONTEXT_DEPENDENT_SHAPE_REPRESENTATION ( #7065, #8152 ) ;
#6190 = ORIENTED_EDGE ( 'NONE', *, *, #907, .F. ) ;
#6191 = DIRECTION ( 'NONE',  ( 0.0000000000000000000, 0.0000000000000000000, 1.000000000000000000 ) ) ;
#6192 = AXIS2_PLACEMENT_3D ( 'NONE', #8518, #4890, #7713 ) ;
#6193 = DIRECTION ( 'NONE',  ( -0.0000000000000000000, 0.0000000000000000000, -1.000000000000000000 ) ) ;
#6194 = LINE ( 'NONE', #8948, #1824 ) ;
#6195 = CONTEXT_DEPENDENT_SHAPE_REPRESENTATION ( #7101, #8007 ) ;
#6196 = EDGE_CURVE ( 'NONE', #6868, #2200, #4137, .T. ) ;
#6197 = EDGE_LOOP ( 'NONE', ( #2535, #310, #2014, #2892, #4854 ) ) ;
#6198 = DIRECTION ( 'NONE',  ( 0.0000000000000000000, 0.9974221446084792200, 0.07175698882075430600 ) ) ;
#6199 = AXIS2_PLACEMENT_3D ( 'NONE', #3055, #8101, #5235 ) ;
#6200 = ORIENTED_EDGE ( 'NONE', *, *, #6053, .F. ) ;
#6201 = PRODUCT_DEFINITION_SHAPE ( 'NONE', 'NONE',  #9155 ) ;
#6202 = ITEM_DEFINED_TRANSFORMATION ( 'NONE', 'NONE', #7918,  #7076 ) ;
#6203 = VECTOR ( 'NONE', #1426, 1000.000000000000000 ) ;
#6204 = ITEM_DEFINED_TRANSFORMATION ( 'NONE', 'NONE', #7550,  #7076 ) ;
#6205 = DIRECTION ( 'NONE',  ( 0.0000000000000000000, 0.9426414910921805400, 0.3338068592337649600 ) ) ;
#6206 = VERTEX_POINT ( 'NONE', #4458 ) ;
#6207 = PRODUCT_DEFINITION_SHAPE ( 'NONE', 'NONE',  #9222 ) ;
#6208 = DIRECTION ( 'NONE',  ( -1.000000000000000000, -0.0000000000000000000, -0.0000000000000000000 ) ) ;
#6209 = ITEM_DEFINED_TRANSFORMATION ( 'NONE', 'NONE', #2013,  #7076 ) ;
#6210 = EDGE_CURVE ( 'NONE', #1776, #5864, #5254, .T. ) ;
#6211 = DIRECTION ( 'NONE',  ( -0.0000000000000000000, 0.0000000000000000000, -1.000000000000000000 ) ) ;
#6212 = ADVANCED_FACE ( 'NONE', ( #4925 ), #2961, .F. ) ;
#6213 = LINE ( 'NONE', #5411, #4524 ) ;
#6214 = PRODUCT_DEFINITION_SHAPE ( 'NONE', 'NONE',  #9291 ) ;
#6215 = ORIENTED_EDGE ( 'NONE', *, *, #6210, .T. ) ;
#6216 = ORIENTED_EDGE ( 'NONE', *, *, #5284, .T. ) ;
#6217 = ORIENTED_EDGE ( 'NONE', *, *, #8402, .F. ) ;
#6218 = DIRECTION ( 'NONE',  ( -0.0000000000000000000, -0.0000000000000000000, 1.000000000000000000 ) ) ;
#6219 = CARTESIAN_POINT ( 'NONE',  ( -71.53351551801493700, 16.16639233337265900, 1.760994875883686600 ) ) ;
#6220 = PRODUCT_DEFINITION_SHAPE ( 'NONE', 'NONE',  #9307 ) ;
#6221 = AXIS2_PLACEMENT_3D ( 'NONE', #1514, #2219, #7952 ) ;
#6222 = LINE ( 'NONE', #5300, #6797 ) ;
#6223 =( REPRESENTATION_RELATIONSHIP ('NONE','NONE', #6135, #6228 ) REPRESENTATION_RELATIONSHIP_WITH_TRANSFORMATION ( #8918 )SHAPE_REPRESENTATION_RELATIONSHIP( ) );
#6224 = ORIENTED_EDGE ( 'NONE', *, *, #4684, .F. ) ;
#6225 = ITEM_DEFINED_TRANSFORMATION ( 'NONE', 'NONE', #1191,  #7076 ) ;
#6226 = DIRECTION ( 'NONE',  ( -1.000000000000000000, -0.0000000000000000000, -0.0000000000000000000 ) ) ;
#6227 = AXIS2_PLACEMENT_3D ( 'NONE', #8658, #2908, #7850 ) ;
#6228 = SHAPE_REPRESENTATION ( 'pins^10145226-black', ( #7076 ), #1961 ) ;
#6229 = CARTESIAN_POINT ( 'NONE',  ( -71.00000000000001400, 20.49999999999983700, 3.210000000000000000 ) ) ;
#6230 = LINE ( 'NONE', #7479, #4539 ) ;
#6231 = ORIENTED_EDGE ( 'NONE', *, *, #304, .F. ) ;
#6232 = PLANE ( 'NONE',  #4244 ) ;
#6233 = DIRECTION ( 'NONE',  ( 0.0000000000000000000, 0.0000000000000000000, 1.000000000000000000 ) ) ;
#6234 = AXIS2_PLACEMENT_3D ( 'NONE', #5325, #6029, #1749 ) ;
#6235 = CARTESIAN_POINT ( 'NONE',  ( -67.46999999999999900, 9.167771687820280800, 1.249999999999998700 ) ) ;
#6236 = LINE ( 'NONE', #5687, #3634 ) ;
#6237 = EDGE_CURVE ( 'NONE', #3663, #5324, #3104, .T. ) ;
#6238 = DIRECTION ( 'NONE',  ( 1.000000000000000000, 0.0000000000000000000, 0.0000000000000000000 ) ) ;
#6239 = DIRECTION ( 'NONE',  ( 0.0000000000000000000, -1.000000000000000000, -0.0000000000000000000 ) ) ;
#6240 = ORIENTED_EDGE ( 'NONE', *, *, #8546, .T. ) ;
#6241 = PRODUCT_DEFINITION_SHAPE ( 'NONE', 'NONE',  #9063 ) ;
#6242 = FACE_OUTER_BOUND ( 'NONE', #7037, .T. ) ;
#6243 = ORIENTED_EDGE ( 'NONE', *, *, #3881, .F. ) ;
#6244 = EDGE_CURVE ( 'NONE', #3273, #5730, #6074, .T. ) ;
#6245 = AXIS2_PLACEMENT_3D ( 'NONE', #7340, #5100, #2345 ) ;
#6246 = CARTESIAN_POINT ( 'NONE',  ( 5.374999999999996400, -7.695009295904850000E-015, 0.9000000000000002400 ) ) ;
#6247 = ORIENTED_EDGE ( 'NONE', *, *, #1460, .F. ) ;
#6248 = ADVANCED_FACE ( 'NONE', ( #7964 ), #6007, .T. ) ;
#6249 = ORIENTED_EDGE ( 'NONE', *, *, #6919, .F. ) ;
#6250 = DIRECTION ( 'NONE',  ( 1.000000000000000000, -0.0000000000000000000, -0.0000000000000000000 ) ) ;
#6251 = CIRCLE ( 'NONE', #7324, 1.000000000000000900 ) ;
#6252 = DIRECTION ( 'NONE',  ( -1.000000000000000000, 0.0000000000000000000, 0.0000000000000000000 ) ) ;
#6253 = EDGE_CURVE ( 'NONE', #5831, #7867, #8381, .T. ) ;
#6254 = CARTESIAN_POINT ( 'NONE',  ( 94.34999999999999400, 1.078620976232111200E-015, -5.400000000000000400 ) ) ;
#6255 = ORIENTED_EDGE ( 'NONE', *, *, #6622, .F. ) ;
#6256 = EDGE_CURVE ( 'NONE', #3732, #7055, #6222, .T. ) ;
#6257 = CARTESIAN_POINT ( 'NONE',  ( 67.29999999999998300, 2.550000000000016300, -1.250000000000000000 ) ) ;
#6258 = ORIENTED_EDGE ( 'NONE', *, *, #597, .F. ) ;
#6259 = AXIS2_PLACEMENT_3D ( 'NONE', #6495, #154, #3554 ) ;
#6260 = LINE ( 'NONE', #2414, #8859 ) ;
#6261 = CARTESIAN_POINT ( 'NONE',  ( 71.53351946560776800, 16.16639661556418900, -1.760998753739085900 ) ) ;
#6262 = DIRECTION ( 'NONE',  ( 0.0000000000000000000, 0.0000000000000000000, 1.000000000000000000 ) ) ;
#6263 = PLANE ( 'NONE',  #3779 ) ;
#6264 =( REPRESENTATION_RELATIONSHIP ('NONE','NONE', #6135, #6228 ) REPRESENTATION_RELATIONSHIP_WITH_TRANSFORMATION ( #6631 )SHAPE_REPRESENTATION_RELATIONSHIP( ) );
#6265 = CARTESIAN_POINT ( 'NONE',  ( -72.75000000000001400, 20.89999999999983900, 3.210000000000000000 ) ) ;
#6266 = ORIENTED_EDGE ( 'NONE', *, *, #29, .T. ) ;
#6267 = AXIS2_PLACEMENT_3D ( 'NONE', #1059, #317, #5326 ) ;
#6268 = VERTEX_POINT ( 'NONE', #324 ) ;
#6269 = LINE ( 'NONE', #1157, #1671 ) ;
#6270 = CIRCLE ( 'NONE', #8767, 2.000000000000001800 ) ;
#6271 = LINE ( 'NONE', #5360, #1468 ) ;
#6272 = DIRECTION ( 'NONE',  ( 1.000000000000000000, 0.0000000000000000000, 0.0000000000000000000 ) ) ;
#6273 = AXIS2_PLACEMENT_3D ( 'NONE', #3410, #1980, #655 ) ;
#6274 = CARTESIAN_POINT ( 'NONE',  ( -72.55481764262509600, 16.76333894772761100, 2.769287602886591600 ) ) ;
#6275 = DIRECTION ( 'NONE',  ( 1.000000000000000000, 0.0000000000000000000, 0.0000000000000000000 ) ) ;
#6276 = CIRCLE ( 'NONE', #4480, 1.000000000000000900 ) ;
#6277 = DIRECTION ( 'NONE',  ( 0.0000000000000000000, 0.0000000000000000000, 1.000000000000000000 ) ) ;
#6278 =( REPRESENTATION_RELATIONSHIP ('NONE','NONE', #6135, #6228 ) REPRESENTATION_RELATIONSHIP_WITH_TRANSFORMATION ( #40 )SHAPE_REPRESENTATION_RELATIONSHIP( ) );
#6279 = ITEM_DEFINED_TRANSFORMATION ( 'NONE', 'NONE', #3431,  #7076 ) ;
#6280 = VERTEX_POINT ( 'NONE', #2483 ) ;
#6281 = VECTOR ( 'NONE', #8765, 1000.000000000000000 ) ;
#6282 = VECTOR ( 'NONE', #3950, 1000.000000000000000 ) ;
#6283 = CARTESIAN_POINT ( 'NONE',  ( -69.97499999999999400, 0.3999999999999914700, 2.250000000000000000 ) ) ;
#6284 = PLANE ( 'NONE',  #6273 ) ;
#6285 = DIRECTION ( 'NONE',  ( -1.000000000000000000, 0.0000000000000000000, 0.0000000000000000000 ) ) ;
#6286 = VERTEX_POINT ( 'NONE', #209 ) ;
#6287 = AXIS2_PLACEMENT_3D ( 'NONE', #1917, #2656, #2688 ) ;
#6288 = CARTESIAN_POINT ( 'NONE',  ( 64.29999999999999700, 16.79999999999983700, 3.210000000000000000 ) ) ;
#6289 = EDGE_CURVE ( 'NONE', #5354, #739, #5511, .T. ) ;
#6290 = AXIS2_PLACEMENT_3D ( 'NONE', #5639, #2069, #1236 ) ;
#6291 = EDGE_CURVE ( 'NONE', #6872, #4805, #6996, .T. ) ;
#6292 = DIRECTION ( 'NONE',  ( 1.000000000000000000, 0.0000000000000000000, 0.0000000000000000000 ) ) ;
#6293 = CARTESIAN_POINT ( 'NONE',  ( -70.20000000000001700, 6.450000000000001100, -2.500000000000000000 ) ) ;
#6294 = CARTESIAN_POINT ( 'NONE',  ( 72.50000000000000000, 18.79999999999983700, 3.210000000000000000 ) ) ;
#6295 = ORIENTED_EDGE ( 'NONE', *, *, #8606, .F. ) ;
#6296 = DIRECTION ( 'NONE',  ( 0.0000000000000000000, 0.0000000000000000000, 1.000000000000000000 ) ) ;
#6297 = CARTESIAN_POINT ( 'NONE',  ( -69.25000000000000000, 20.09999999999984200, -3.210000000000000000 ) ) ;
#6298 = LINE ( 'NONE', #8319, #4834 ) ;
#6299 = ADVANCED_FACE ( 'NONE', ( #7910 ), #940, .F. ) ;
#6300 = CONTEXT_DEPENDENT_SHAPE_REPRESENTATION ( #5562, #7563 ) ;
#6301 = ORIENTED_EDGE ( 'NONE', *, *, #5333, .T. ) ;
#6302 = VERTEX_POINT ( 'NONE', #3105 ) ;
#6303 = EDGE_CURVE ( 'NONE', #6340, #6453, #8559, .T. ) ;
#6304 = ADVANCED_FACE ( 'NONE', ( #2976 ), #5340, .F. ) ;
#6305 = CARTESIAN_POINT ( 'NONE',  ( -69.20000000000001700, 6.449999999999983300, -1.250000000000000200 ) ) ;
#6306 = VECTOR ( 'NONE', #2962, 1000.000000000000000 ) ;
#6307 = CARTESIAN_POINT ( 'NONE',  ( 68.20000000000001700, 0.4000000000000088500, -2.750000000000008900 ) ) ;
#6308 = ORIENTED_EDGE ( 'NONE', *, *, #6144, .T. ) ;
#6309 = EDGE_CURVE ( 'NONE', #3820, #6594, #4158, .T. ) ;
#6310 = DIRECTION ( 'NONE',  ( 0.0000000000000000000, 0.0000000000000000000, 1.000000000000000000 ) ) ;
#6311 = CARTESIAN_POINT ( 'NONE',  ( 66.87500000000000000, 15.60000000000011000, 0.7899999999999919300 ) ) ;
#6312 = DIRECTION ( 'NONE',  ( 1.000000000000000000, 0.0000000000000000000, 0.0000000000000000000 ) ) ;
#6313 = DIRECTION ( 'NONE',  ( 0.0000000000000000000, 1.000000000000000000, 0.0000000000000000000 ) ) ;
#6314 = LINE ( 'NONE', #5994, #3831 ) ;
#6315 = EDGE_CURVE ( 'NONE', #7043, #8707, #2682, .T. ) ;
#6316 = CARTESIAN_POINT ( 'NONE',  ( -69.95993420767852900, 7.100000000000000500, -3.249999999999990700 ) ) ;
#6317 = ORIENTED_EDGE ( 'NONE', *, *, #8768, .T. ) ;
#6318 = DIRECTION ( 'NONE',  ( 0.0000000000000000000, 1.000000000000000000, 0.0000000000000000000 ) ) ;
#6319 = ORIENTED_EDGE ( 'NONE', *, *, #4690, .T. ) ;
#6320 = DIRECTION ( 'NONE',  ( 0.0000000000000000000, 0.0000000000000000000, 1.000000000000000000 ) ) ;
#6321 = CARTESIAN_POINT ( 'NONE',  ( -65.75000000000000000, 19.29999999999982300, -3.210000000000000000 ) ) ;
#6322 = LINE ( 'NONE', #4234, #4647 ) ;
#6323 = ORIENTED_EDGE ( 'NONE', *, *, #6138, .T. ) ;
#6324 = CARTESIAN_POINT ( 'NONE',  ( -67.29999999999998300, 7.100000000000000500, -1.500000000000000000 ) ) ;
#6325 = CARTESIAN_POINT ( 'NONE',  ( 14.44999999999998200, -8.621531835392475600E-015, -5.400000000000000400 ) ) ;
#6326 = ORIENTED_EDGE ( 'NONE', *, *, #1115, .F. ) ;
#6327 = DIRECTION ( 'NONE',  ( 0.0000000000000000000, 0.0000000000000000000, -1.000000000000000000 ) ) ;
#6328 = ADVANCED_FACE ( 'NONE', ( #6036 ), #3806, .F. ) ;
#6329 =( REPRESENTATION_RELATIONSHIP ('NONE','NONE', #6135, #6228 ) REPRESENTATION_RELATIONSHIP_WITH_TRANSFORMATION ( #5601 )SHAPE_REPRESENTATION_RELATIONSHIP( ) );
#6330 = AXIS2_PLACEMENT_3D ( 'NONE', #8950, #8316, #3203 ) ;
#6331 = ORIENTED_EDGE ( 'NONE', *, *, #8491, .F. ) ;
#6332 = VECTOR ( 'NONE', #8165, 1000.000000000000100 ) ;
#6333 = ORIENTED_EDGE ( 'NONE', *, *, #4724, .F. ) ;
#6334 = ITEM_DEFINED_TRANSFORMATION ( 'NONE', 'NONE', #527,  #7076 ) ;
#6335 = DIRECTION ( 'NONE',  ( 1.000000000000000000, 1.225453863971292700E-016, -0.0000000000000000000 ) ) ;
#6336 = AXIS2_PLACEMENT_3D ( 'NONE', #1766, #4046, #526 ) ;
#6337 = DIRECTION ( 'NONE',  ( 1.000000000000000000, 0.0000000000000000000, 0.0000000000000000000 ) ) ;
#6338 = LINE ( 'NONE', #5281, #6581 ) ;
#6339 = CARTESIAN_POINT ( 'NONE',  ( -72.50000000000000000, 18.79999999999983700, 3.210000000000000000 ) ) ;
#6340 = VERTEX_POINT ( 'NONE', #1001 ) ;
#6341 = CARTESIAN_POINT ( 'NONE',  ( -69.20000000000001700, 6.449999999999983300, 1.250000000000000200 ) ) ;
#6342 =( REPRESENTATION_RELATIONSHIP ('NONE','NONE', #6135, #6228 ) REPRESENTATION_RELATIONSHIP_WITH_TRANSFORMATION ( #7665 )SHAPE_REPRESENTATION_RELATIONSHIP( ) );
#6343 = PLANE ( 'NONE',  #8179 ) ;
#6344 = EDGE_CURVE ( 'NONE', #508, #6868, #3444, .T. ) ;
#6345 = ADVANCED_FACE ( 'NONE', ( #7410 ), #4729, .F. ) ;
#6346 = DIRECTION ( 'NONE',  ( 0.0000000000000000000, 0.0000000000000000000, 1.000000000000000000 ) ) ;
#6347 = UNCERTAINTY_MEASURE_WITH_UNIT (LENGTH_MEASURE( 1.000000000000000100E-005 ), #4149, 'distance_accuracy_value', 'NONE');
#6348 = DIRECTION ( 'NONE',  ( 0.0000000000000000000, 0.0000000000000000000, 1.000000000000000000 ) ) ;
#6349 = DIRECTION ( 'NONE',  ( 0.0000000000000000000, 0.0000000000000000000, -1.000000000000000000 ) ) ;
#6350 = PRODUCT_DEFINITION_SHAPE ( 'NONE', 'NONE',  #9115 ) ;
#6351 = VECTOR ( 'NONE', #3322, 1000.000000000000000 ) ;
#6352 = DIRECTION ( 'NONE',  ( 1.000000000000000000, 0.0000000000000000000, 0.0000000000000000000 ) ) ;
#6353 = ORIENTED_EDGE ( 'NONE', *, *, #5183, .F. ) ;
#6354 = DIRECTION ( 'NONE',  ( 1.000000000000000000, 0.0000000000000000000, 0.0000000000000000000 ) ) ;
#6355 = PRODUCT_DEFINITION_SHAPE ( 'NONE', 'NONE',  #9231 ) ;
#6356 = EDGE_CURVE ( 'NONE', #2968, #6168, #4100, .T. ) ;
#6357 = DIRECTION ( 'NONE',  ( 0.0000000000000000000, -0.0000000000000000000, 1.000000000000000000 ) ) ;
#6358 = ORIENTED_EDGE ( 'NONE', *, *, #6386, .F. ) ;
#6359 = CARTESIAN_POINT ( 'NONE',  ( 70.20000000000001700, 0.4000000000000086300, -2.750000000000008900 ) ) ;
#6360 = DIRECTION ( 'NONE',  ( -0.0000000000000000000, 0.0000000000000000000, -1.000000000000000000 ) ) ;
#6361 = ORIENTED_EDGE ( 'NONE', *, *, #2521, .T. ) ;
#6362 = VECTOR ( 'NONE', #8456, 1000.000000000000000 ) ;
#6363 = PRODUCT_DEFINITION_SHAPE ( 'NONE', 'NONE',  #9295 ) ;
#6364 = CARTESIAN_POINT ( 'NONE',  ( 65.75000000000000000, 19.29999999999982300, 3.210000000000000000 ) ) ;
#6365 = CARTESIAN_POINT ( 'NONE',  ( -67.97499999999999400, 0.3999999999999917000, -2.250000000000000000 ) ) ;
#6366 = ORIENTED_EDGE ( 'NONE', *, *, #8669, .F. ) ;
#6367 = ORIENTED_EDGE ( 'NONE', *, *, #696, .F. ) ;
#6368 = VECTOR ( 'NONE', #2487, 1000.000000000000000 ) ;
#6369 = EDGE_CURVE ( 'NONE', #869, #2833, #2814, .T. ) ;
#6370 =( REPRESENTATION_RELATIONSHIP ('NONE','NONE', #6135, #6228 ) REPRESENTATION_RELATIONSHIP_WITH_TRANSFORMATION ( #6541 )SHAPE_REPRESENTATION_RELATIONSHIP( ) );
#6371 = AXIS2_PLACEMENT_3D ( 'NONE', #8430, #1894, #476 ) ;
#6372 = CARTESIAN_POINT ( 'NONE',  ( 68.77500000000000600, -3.779999999999991800, -0.8999999999999984700 ) ) ;
#6373 = PLANE ( 'NONE',  #1310 ) ;
#6374 = CARTESIAN_POINT ( 'NONE',  ( 70.99999999999998600, 14.79999999999983600, 1.249999999999998400 ) ) ;
#6375 = ADVANCED_FACE ( 'NONE', ( #7457 ), #341, .F. ) ;
#6376 = PRODUCT_DEFINITION_SHAPE ( 'NONE', 'NONE',  #9099 ) ;
#6377 = CARTESIAN_POINT ( 'NONE',  ( 74.50000000000000000, 20.29999999999983700, 3.210000000000000000 ) ) ;
#6378 = ORIENTED_EDGE ( 'NONE', *, *, #8052, .F. ) ;
#6379 = ORIENTED_EDGE ( 'NONE', *, *, #3657, .T. ) ;
#6380 = ORIENTED_EDGE ( 'NONE', *, *, #8793, .F. ) ;
#6381 = VECTOR ( 'NONE', #1067, 1000.000000000000100 ) ;
#6382 = VECTOR ( 'NONE', #5881, 1000.000000000000000 ) ;
#6383 = APPLICATION_CONTEXT ( 'automotive_design' ) ;
#6384 = PRODUCT_DEFINITION_SHAPE ( 'NONE', 'NONE',  #9049 ) ;
#6385 = DIRECTION ( 'NONE',  ( 0.0000000000000000000, 0.0000000000000000000, 1.000000000000000000 ) ) ;
#6386 = EDGE_CURVE ( 'NONE', #8653, #2200, #6060, .T. ) ;
#6387 = CARTESIAN_POINT ( 'NONE',  ( 6.799999999999999800, 8.255449201382627600E-016, 0.0000000000000000000 ) ) ;
#6388 = LINE ( 'NONE', #8875, #6047 ) ;
#6389 = ORIENTED_EDGE ( 'NONE', *, *, #6237, .T. ) ;
#6390 = CARTESIAN_POINT ( 'NONE',  ( 72.99999999999998600, 16.79999999999983700, -3.210000000000000900 ) ) ;
#6391 = LINE ( 'NONE', #4304, #3677 ) ;
#6392 = VECTOR ( 'NONE', #5956, 1000.000000000000000 ) ;
#6393 = DIRECTION ( 'NONE',  ( 0.0000000000000000000, -1.000000000000000000, -1.147303886228049800E-016 ) ) ;
#6394 = PRODUCT_DEFINITION_SHAPE ( 'NONE', 'NONE',  #9061 ) ;
#6395 = CONTEXT_DEPENDENT_SHAPE_REPRESENTATION ( #6499, #2250 ) ;
#6396 = CARTESIAN_POINT ( 'NONE',  ( -67.29999999999998300, 2.550000000000016300, -1.250000000000000000 ) ) ;
#6397 =( REPRESENTATION_RELATIONSHIP ('NONE','NONE', #6135, #6228 ) REPRESENTATION_RELATIONSHIP_WITH_TRANSFORMATION ( #3225 )SHAPE_REPRESENTATION_RELATIONSHIP( ) );
#6398 = DIRECTION ( 'NONE',  ( 1.000000000000000000, 3.965082230804126700E-015, 0.0000000000000000000 ) ) ;
#6399 = ADVANCED_FACE ( 'NONE', ( #7997 ), #3714, .F. ) ;
#6400 = AXIS2_PLACEMENT_3D ( 'NONE', #6478, #7927, #8723 ) ;
#6401 = ITEM_DEFINED_TRANSFORMATION ( 'NONE', 'NONE', #7073,  #7076 ) ;
#6402 = CONTEXT_DEPENDENT_SHAPE_REPRESENTATION ( #7975, #5752 ) ;
#6403 = DIRECTION ( 'NONE',  ( -1.000000000000000000, 0.0000000000000000000, 0.0000000000000000000 ) ) ;
#6404 = FACE_OUTER_BOUND ( 'NONE', #6605, .T. ) ;
#6405 = CARTESIAN_POINT ( 'NONE',  ( 67.29999999999998300, 7.100000000000000500, 1.250000000000000000 ) ) ;
#6406 = AXIS2_PLACEMENT_3D ( 'NONE', #5151, #8775, #8805 ) ;
#6407 = VERTEX_POINT ( 'NONE', #6734 ) ;
#6408 = CARTESIAN_POINT ( 'NONE',  ( -67.29999999999999700, 15.59999999999998200, -3.249999999999990700 ) ) ;
#6409 = CONTEXT_DEPENDENT_SHAPE_REPRESENTATION ( #3207, #2458 ) ;
#6410 = DIRECTION ( 'NONE',  ( -0.0000000000000000000, -0.9974221446084792200, 0.07175698882075462500 ) ) ;
#6411 = FACE_OUTER_BOUND ( 'NONE', #7811, .T. ) ;
#6412 = AXIS2_PLACEMENT_3D ( 'NONE', #8436, #1277, #2647 ) ;
#6413 = DIRECTION ( 'NONE',  ( 0.0000000000000000000, 0.0000000000000000000, 1.000000000000000000 ) ) ;
#6414 = DIRECTION ( 'NONE',  ( -1.000000000000000000, -3.965082230804127500E-015, 0.0000000000000000000 ) ) ;
#6415 = VECTOR ( 'NONE', #8120, 1000.000000000000000 ) ;
#6416 = EDGE_LOOP ( 'NONE', ( #4003, #2411 ) ) ;
#6417 = DIRECTION ( 'NONE',  ( 0.0000000000000000000, 0.0000000000000000000, 1.000000000000000000 ) ) ;
#6418 = EDGE_CURVE ( 'NONE', #2641, #965, #8821, .T. ) ;
#6419 = VECTOR ( 'NONE', #5574, 1000.000000000000000 ) ;
#6420 = ORIENTED_EDGE ( 'NONE', *, *, #2296, .F. ) ;
#6421 = DIRECTION ( 'NONE',  ( 0.0000000000000000000, 0.0000000000000000000, 1.000000000000000000 ) ) ;
#6422 = DIRECTION ( 'NONE',  ( 1.225453863971292700E-016, -1.000000000000000000, 0.0000000000000000000 ) ) ;
#6423 = PRODUCT_DEFINITION_CONTEXT ( 'detailed design', #5692, 'design' ) ;
#6424 = LINE ( 'NONE', #5945, #4035 ) ;
#6425 = ADVANCED_FACE ( 'NONE', ( #3908 ), #3925, .F. ) ;
#6426 =( REPRESENTATION_RELATIONSHIP ('NONE','NONE', #6135, #6228 ) REPRESENTATION_RELATIONSHIP_WITH_TRANSFORMATION ( #130 )SHAPE_REPRESENTATION_RELATIONSHIP( ) );
#6427 = VECTOR ( 'NONE', #4982, 1000.000000000000000 ) ;
#6428 = CONTEXT_DEPENDENT_SHAPE_REPRESENTATION ( #8140, #2387 ) ;
#6429 = EDGE_CURVE ( 'NONE', #4259, #4422, #8665, .T. ) ;
#6430 = VERTEX_POINT ( 'NONE', #4533 ) ;
#6431 = CARTESIAN_POINT ( 'NONE',  ( -70.99999999999998600, 7.100000000000000500, 1.250000000000000000 ) ) ;
#6432 = CARTESIAN_POINT ( 'NONE',  ( 68.77500000000000600, -1.000000000000000000, 1.250000000000000200 ) ) ;
#6433 = DIRECTION ( 'NONE',  ( 0.0000000000000000000, 0.0000000000000000000, 1.000000000000000000 ) ) ;
#6434 = LINE ( 'NONE', #251, #59 ) ;
#6435 = CARTESIAN_POINT ( 'NONE',  ( 44.19999999999998200, -1.935457316250900100E-015, -3.800000000000000300 ) ) ;
#6436 = ORIENTED_EDGE ( 'NONE', *, *, #8606, .T. ) ;
#6437 = CARTESIAN_POINT ( 'NONE',  ( 64.29999999999999700, 15.60000000000000100, -3.249999999999990700 ) ) ;
#6438 = ITEM_DEFINED_TRANSFORMATION ( 'NONE', 'NONE', #4069,  #7076 ) ;
#6439 = EDGE_CURVE ( 'NONE', #5831, #3273, #6514, .T. ) ;
#6440 = ORIENTED_EDGE ( 'NONE', *, *, #794, .T. ) ;
#6441 = CARTESIAN_POINT ( 'NONE',  ( 70.99999999999998600, 7.100000000000000500, 1.500000000000000000 ) ) ;
#6442 = ADVANCED_FACE ( 'NONE', ( #5265 ), #6769, .F. ) ;
#6443 = DIRECTION ( 'NONE',  ( 0.0000000000000000000, -1.000000000000000000, 0.0000000000000000000 ) ) ;
#6444 = EDGE_CURVE ( 'NONE', #7818, #8615, #2251, .T. ) ;
#6445 = VERTEX_POINT ( 'NONE', #8944 ) ;
#6446 = MECHANICAL_DESIGN_GEOMETRIC_PRESENTATION_REPRESENTATION (  '', ( #2598 ), #4694 ) ;
#6447 = LINE ( 'NONE', #6577, #2077 ) ;
#6448 = ORIENTED_EDGE ( 'NONE', *, *, #1763, .T. ) ;
#6449 = CONTEXT_DEPENDENT_SHAPE_REPRESENTATION ( #1805, #4448 ) ;
#6450 = DIRECTION ( 'NONE',  ( 1.000000000000000000, 0.0000000000000000000, 0.0000000000000000000 ) ) ;
#6451 = CARTESIAN_POINT ( 'NONE',  ( -68.20000000000001700, 6.450000000000001100, 2.500000000000000000 ) ) ;
#6452 = CARTESIAN_POINT ( 'NONE',  ( 69.17499999999999700, -1.000000000000000000, 1.250000000000000200 ) ) ;
#6453 = VERTEX_POINT ( 'NONE', #8146 ) ;
#6454 = AXIS2_PLACEMENT_3D ( 'NONE', #4900, #6413, #8498 ) ;
#6455 = LINE ( 'NONE', #4152, #3986 ) ;
#6456 = FILL_AREA_STYLE ('',( #7084 ) ) ;
#6457 = ORIENTED_EDGE ( 'NONE', *, *, #275, .F. ) ;
#6458 = ORIENTED_EDGE ( 'NONE', *, *, #2821, .T. ) ;
#6459 = SURFACE_SIDE_STYLE ('',( #5377 ) ) ;
#6460 = AXIS2_PLACEMENT_3D ( 'NONE', #3008, #4419, #2978 ) ;
#6461 = VECTOR ( 'NONE', #4565, 1000.000000000000000 ) ;
#6462 = CARTESIAN_POINT ( 'NONE',  ( 67.29999999999998300, 7.100000000000000500, -1.250000000000000000 ) ) ;
#6463 = VERTEX_POINT ( 'NONE', #5248 ) ;
#6464 = DIRECTION ( 'NONE',  ( 0.0000000000000000000, 0.0000000000000000000, 1.000000000000000000 ) ) ;
#6465 = DIRECTION ( 'NONE',  ( -0.7071067811865474600, -0.7071067811865474600, 0.0000000000000000000 ) ) ;
#6466 = PLANE ( 'NONE',  #6259 ) ;
#6467 = AXIS2_PLACEMENT_3D ( 'NONE', #756, #6348, #718 ) ;
#6468 = CARTESIAN_POINT ( 'NONE',  ( 0.0000000000000000000, 0.0000000000000000000, 3.250000000000008900 ) ) ;
#6469 = DIRECTION ( 'NONE',  ( 1.000000000000000000, 0.0000000000000000000, 0.0000000000000000000 ) ) ;
#6470 = DIRECTION ( 'NONE',  ( 0.0000000000000000000, -0.0000000000000000000, -1.000000000000000000 ) ) ;
#6471 = MECHANICAL_DESIGN_GEOMETRIC_PRESENTATION_REPRESENTATION (  '', ( #6953 ), #8718 ) ;
#6472 = VERTEX_POINT ( 'NONE', #8214 ) ;
#6473 = ADVANCED_FACE ( 'NONE', ( #349 ), #6833, .F. ) ;
#6474 = EDGE_CURVE ( 'NONE', #4119, #6445, #6388, .T. ) ;
#6475 = ORIENTED_EDGE ( 'NONE', *, *, #5942, .T. ) ;
#6476 = PLANE ( 'NONE',  #458 ) ;
#6477 = SURFACE_STYLE_FILL_AREA ( #5914 ) ;
#6478 = CARTESIAN_POINT ( 'NONE',  ( 22.09999999999999800, 2.683020990449353900E-015, 0.0000000000000000000 ) ) ;
#6479 =( REPRESENTATION_RELATIONSHIP ('NONE','NONE', #6135, #6228 ) REPRESENTATION_RELATIONSHIP_WITH_TRANSFORMATION ( #4337 )SHAPE_REPRESENTATION_RELATIONSHIP( ) );
#6480 = DIRECTION ( 'NONE',  ( 0.0000000000000000000, -1.836970198721009700E-016, -1.000000000000000000 ) ) ;
#6481 = VERTEX_POINT ( 'NONE', #7496 ) ;
#6482 = CARTESIAN_POINT ( 'NONE',  ( -70.99999999999998600, 3.381003644422618100, 0.7992020390942024000 ) ) ;
#6483 = VERTEX_POINT ( 'NONE', #5349 ) ;
#6484 = VECTOR ( 'NONE', #2577, 1000.000000000000000 ) ;
#6485 = EDGE_CURVE ( 'NONE', #517, #7777, #2998, .T. ) ;
#6486 = SURFACE_STYLE_USAGE ( .BOTH. , #6459 ) ;
#6487 = ADVANCED_FACE ( 'NONE', ( #7742 ), #4597, .T. ) ;
#6488 = EDGE_LOOP ( 'NONE', ( #3422, #5478, #3656, #8591 ) ) ;
#6489 = VERTEX_POINT ( 'NONE', #990 ) ;
#6490 = VECTOR ( 'NONE', #5055, 1000.000000000000000 ) ;
#6491 = VECTOR ( 'NONE', #5169, 1000.000000000000000 ) ;
#6492 = CARTESIAN_POINT ( 'NONE',  ( -64.79999999999999700, 16.79999999999983700, 3.210000000000000000 ) ) ;
#6493 = DIRECTION ( 'NONE',  ( 1.000000000000000000, 0.0000000000000000000, 0.0000000000000000000 ) ) ;
#6494 = DIRECTION ( 'NONE',  ( 1.000000000000000000, -0.0000000000000000000, -0.0000000000000000000 ) ) ;
#6495 = CARTESIAN_POINT ( 'NONE',  ( -68.20000000000001700, 6.449999999999984200, -2.750000000000008900 ) ) ;
#6496 = ORIENTED_EDGE ( 'NONE', *, *, #1340, .T. ) ;
#6497 = ITEM_DEFINED_TRANSFORMATION ( 'NONE', 'NONE', #2514,  #7076 ) ;
#6498 = EDGE_CURVE ( 'NONE', #736, #4095, #2469, .T. ) ;
#6499 =( REPRESENTATION_RELATIONSHIP ('NONE','NONE', #6135, #6228 ) REPRESENTATION_RELATIONSHIP_WITH_TRANSFORMATION ( #5036 )SHAPE_REPRESENTATION_RELATIONSHIP( ) );
#6500 = CARTESIAN_POINT ( 'NONE',  ( 71.00000000000001400, 20.89999999999983900, 3.210000000000000000 ) ) ;
#6501 = LINE ( 'NONE', #5412, #4589 ) ;
#6502 = ORIENTED_EDGE ( 'NONE', *, *, #118, .F. ) ;
#6503 = CARTESIAN_POINT ( 'NONE',  ( 64.29999999999999700, 17.29999999999983700, 3.210000000000000000 ) ) ;
#6504 = CARTESIAN_POINT ( 'NONE',  ( 108.7999999999999800, 5.907219425062596000E-015, -3.800000000000000300 ) ) ;
#6505 = VECTOR ( 'NONE', #7588, 1000.000000000000000 ) ;
#6506 = ORIENTED_EDGE ( 'NONE', *, *, #3753, .T. ) ;
#6507 = LINE ( 'NONE', #1504, #8870 ) ;
#6508 = PRODUCT_DEFINITION_SHAPE ( 'NONE', 'NONE',  #9112 ) ;
#6509 = LINE ( 'NONE', #6073, #4593 ) ;
#6510 = CARTESIAN_POINT ( 'NONE',  ( -67.50000000000000000, 19.69999999999983200, 3.210000000000000000 ) ) ;
#6511 = CARTESIAN_POINT ( 'NONE',  ( 27.19999999999998900, -3.999319616596556400E-015, -3.800000000000000300 ) ) ;
#6512 = CONTEXT_DEPENDENT_SHAPE_REPRESENTATION ( #1429, #8169 ) ;
#6514 = LINE ( 'NONE', #7433, #8761 ) ;
#6513 = PRODUCT_DEFINITION_SHAPE ( 'NONE', 'NONE',  #9220 ) ;
#6515 = ORIENTED_EDGE ( 'NONE', *, *, #8250, .T. ) ;
#6516 = VECTOR ( 'NONE', #2146, 1000.000000000000000 ) ;
#6517 = VECTOR ( 'NONE', #8744, 1000.000000000000000 ) ;
#6518 = DIRECTION ( 'NONE',  ( 1.000000000000000000, 0.0000000000000000000, 0.0000000000000000000 ) ) ;
#6519 = DIRECTION ( 'NONE',  ( -1.000000000000000000, 0.0000000000000000000, 0.0000000000000000000 ) ) ;
#6520 = EDGE_LOOP ( 'NONE', ( #4865, #7950, #2314, #318, #5541 ) ) ;
#6521 = CARTESIAN_POINT ( 'NONE',  ( -69.17499999999999700, -1.000000000000016700, 1.100000000000000300 ) ) ;
#6522 = PRODUCT_DEFINITION_SHAPE ( 'NONE', 'NONE',  #9238 ) ;
#6523 = DIRECTION ( 'NONE',  ( -0.0000000000000000000, -0.0000000000000000000, 1.000000000000000000 ) ) ;
#6524 = ORIENTED_EDGE ( 'NONE', *, *, #7637, .F. ) ;
#6525 = CARTESIAN_POINT ( 'NONE',  ( 5.374999999999996400, -7.927692187742847700E-015, -1.099999999999999900 ) ) ;
#6526 = LINE ( 'NONE', #2118, #5733 ) ;
#6527 = DIRECTION ( 'NONE',  ( 1.000000000000000000, 0.0000000000000000000, 0.0000000000000000000 ) ) ;
#6528 = CARTESIAN_POINT ( 'NONE',  ( 70.99999999999998600, 7.100000000000000500, 1.250000000000000000 ) ) ;
#6529 = ITEM_DEFINED_TRANSFORMATION ( 'NONE', 'NONE', #4769,  #7076 ) ;
#6530 = ORIENTED_EDGE ( 'NONE', *, *, #3173, .T. ) ;
#6531 = AXIS2_PLACEMENT_3D ( 'NONE', #405, #3958, #7516 ) ;
#6532 = VERTEX_POINT ( 'NONE', #8972 ) ;
#6533 = ITEM_DEFINED_TRANSFORMATION ( 'NONE', 'NONE', #3018,  #7076 ) ;
#6534 = CARTESIAN_POINT ( 'NONE',  ( 4.574999999999999300, 5.606451427668663500E-016, 2.250000000000000000 ) ) ;
#6535 = PLANE ( 'NONE',  #1831 ) ;
#6536 = AXIS2_PLACEMENT_3D ( 'NONE', #5262, #2363, #1037 ) ;
#6537 = ORIENTED_EDGE ( 'NONE', *, *, #8534, .F. ) ;
#6538 = VECTOR ( 'NONE', #7354, 1000.000000000000000 ) ;
#6539 = PLANE ( 'NONE',  #2277 ) ;
#6540 = CARTESIAN_POINT ( 'NONE',  ( -69.25000000000000000, 20.09999999999984200, 3.210000000000000000 ) ) ;
#6541 = ITEM_DEFINED_TRANSFORMATION ( 'NONE', 'NONE', #7664,  #7076 ) ;
#6542 = VERTEX_POINT ( 'NONE', #3794 ) ;
#6543 = ITEM_DEFINED_TRANSFORMATION ( 'NONE', 'NONE', #2619,  #7076 ) ;
#6544 = ADVANCED_FACE ( 'NONE', ( #4704 ), #4660, .T. ) ;
#6545 = DIRECTION ( 'NONE',  ( 1.000000000000000000, 0.0000000000000000000, 0.0000000000000000000 ) ) ;
#6546 = DIRECTION ( 'NONE',  ( 1.000000000000000000, 0.0000000000000000000, -0.0000000000000000000 ) ) ;
#6547 = VECTOR ( 'NONE', #8446, 1000.000000000000000 ) ;
#6548 = CARTESIAN_POINT ( 'NONE',  ( 68.20000000000001700, 0.4000000000000087400, 2.750000000000008900 ) ) ;
#6549 = ORIENTED_EDGE ( 'NONE', *, *, #2234, .F. ) ;
#6550 = EDGE_CURVE ( 'NONE', #3529, #8084, #5826, .T. ) ;
#6551 =( REPRESENTATION_RELATIONSHIP ('NONE','NONE', #6135, #6228 ) REPRESENTATION_RELATIONSHIP_WITH_TRANSFORMATION ( #8375 )SHAPE_REPRESENTATION_RELATIONSHIP( ) );
#6552 = PRODUCT_DEFINITION_SHAPE ( 'NONE', 'NONE',  #9058 ) ;
#6553 = CARTESIAN_POINT ( 'NONE',  ( 70.99999999999998600, 10.60000000000000000, 3.250000000000008900 ) ) ;
#6554 = ITEM_DEFINED_TRANSFORMATION ( 'NONE', 'NONE', #7615,  #7076 ) ;
#6555 = VECTOR ( 'NONE', #8748, 1000.000000000000000 ) ;
#6556 = CARTESIAN_POINT ( 'NONE',  ( 67.97499999999999400, 0.4000000000000083500, -2.250000000000000000 ) ) ;
#6557 = VERTEX_POINT ( 'NONE', #5384 ) ;
#6558 = ITEM_DEFINED_TRANSFORMATION ( 'NONE', 'NONE', #7054,  #7076 ) ;
#6559 = EDGE_LOOP ( 'NONE', ( #8241, #857, #7506, #3493 ) ) ;
#6560 = PLANE ( 'NONE',  #2425 ) ;
#6561 = PRODUCT_DEFINITION_SHAPE ( 'NONE', 'NONE',  #9066 ) ;
#6562 = DIRECTION ( 'NONE',  ( 0.0000000000000000000, 0.0000000000000000000, 1.000000000000000000 ) ) ;
#6563 = CARTESIAN_POINT ( 'NONE',  ( 96.89999999999997700, 4.462515814820636400E-015, -3.800000000000000300 ) ) ;
#6564 = VECTOR ( 'NONE', #3013, 1000.000000000000000 ) ;
#6565 = EDGE_CURVE ( 'NONE', #4051, #4919, #918, .T. ) ;
#6566 = ORIENTED_EDGE ( 'NONE', *, *, #5351, .F. ) ;
#6567 = DIRECTION ( 'NONE',  ( -0.0000000000000000000, -0.0000000000000000000, 1.000000000000000000 ) ) ;
#6568 = AXIS2_PLACEMENT_3D ( 'NONE', #2822, #3468, #7856 ) ;
#6569 = ITEM_DEFINED_TRANSFORMATION ( 'NONE', 'NONE', #6760,  #7076 ) ;
#6570 = EDGE_LOOP ( 'NONE', ( #6928, #4106, #5917, #8931 ) ) ;
#6571 = CARTESIAN_POINT ( 'NONE',  ( -70.20000000000001700, 6.450000000000001100, -0.9249999999999982700 ) ) ;
#6572 = DIRECTION ( 'NONE',  ( -1.000000000000000000, -1.214036647262151200E-016, 0.0000000000000000000 ) ) ;
#6573 = CARTESIAN_POINT ( 'NONE',  ( 66.87500000000011400, -135.2593320108917700, -0.7900000000000081400 ) ) ;
#6574 = VECTOR ( 'NONE', #5558, 1000.000000000000000 ) ;
#6575 = ORIENTED_EDGE ( 'NONE', *, *, #7525, .T. ) ;
#6576 = CONTEXT_DEPENDENT_SHAPE_REPRESENTATION ( #5218, #8202 ) ;
#6577 = CARTESIAN_POINT ( 'NONE',  ( 69.95993420767854300, 7.100000000000000500, -3.249999999999990700 ) ) ;
#6578 = DIRECTION ( 'NONE',  ( 0.0000000000000000000, -1.000000000000000000, 0.0000000000000000000 ) ) ;
#6579 = EDGE_CURVE ( 'NONE', #6081, #3572, #2016, .T. ) ;
#6580 = ORIENTED_EDGE ( 'NONE', *, *, #2521, .F. ) ;
#6581 = VECTOR ( 'NONE', #3126, 1000.000000000000000 ) ;
#6582 = ORIENTED_EDGE ( 'NONE', *, *, #2120, .F. ) ;
#6583 = EDGE_CURVE ( 'NONE', #2817, #6982, #6251, .T. ) ;
#6584 = CARTESIAN_POINT ( 'NONE',  ( -67.29999999999999700, 15.59999999999998200, -3.249999999999990700 ) ) ;
#6585 = AXIS2_PLACEMENT_3D ( 'NONE', #7879, #2207, #5740 ) ;
#6586 = CARTESIAN_POINT ( 'NONE',  ( -64.29999999999999700, 8.250000000000007100, -0.9249999999999980500 ) ) ;
#6587 = PRODUCT_DEFINITION_SHAPE ( 'NONE', 'NONE',  #9026 ) ;
#6588 = LINE ( 'NONE', #1977, #6351 ) ;
#6589 = DIRECTION ( 'NONE',  ( 0.0000000000000000000, 0.0000000000000000000, 1.000000000000000000 ) ) ;
#6590 = ADVANCED_FACE ( 'NONE', ( #1795 ), #1571, .F. ) ;
#6591 = ORIENTED_EDGE ( 'NONE', *, *, #3359, .F. ) ;
#6592 = DIRECTION ( 'NONE',  ( 0.0000000000000000000, 0.0000000000000000000, 1.000000000000000000 ) ) ;
#6593 = CARTESIAN_POINT ( 'NONE',  ( -64.29999999999999700, 9.167771687820288000, -1.249999999999998700 ) ) ;
#6594 = VERTEX_POINT ( 'NONE', #5319 ) ;
#6595 = DIRECTION ( 'NONE',  ( 0.0000000000000000000, 0.0000000000000000000, 1.000000000000000000 ) ) ;
#6596 = AXIS2_PLACEMENT_3D ( 'NONE', #6970, #4858, #7000 ) ;
#6597 = ORIENTED_EDGE ( 'NONE', *, *, #5897, .T. ) ;
#6598 = VECTOR ( 'NONE', #6889, 1000.000000000000100 ) ;
#6599 =( REPRESENTATION_RELATIONSHIP ('NONE','NONE', #6135, #6228 ) REPRESENTATION_RELATIONSHIP_WITH_TRANSFORMATION ( #6993 )SHAPE_REPRESENTATION_RELATIONSHIP( ) );
#6600 = CARTESIAN_POINT ( 'NONE',  ( 110.4999999999999700, 6.113605655097161200E-015, -3.800000000000000300 ) ) ;
#6601 = CARTESIAN_POINT ( 'NONE',  ( 67.29999999999999700, 10.60000000000000000, 3.250000000000008900 ) ) ;
#6602 =( GEOMETRIC_REPRESENTATION_CONTEXT ( 3 ) GLOBAL_UNCERTAINTY_ASSIGNED_CONTEXT ( ( #1366 ) ) GLOBAL_UNIT_ASSIGNED_CONTEXT ( ( #7262, #5832, #8156 ) ) REPRESENTATION_CONTEXT ( 'NONE', 'WORKASPACE' ) );
#6603 = EDGE_CURVE ( 'NONE', #399, #6302, #7526, .T. ) ;
#6604 = CARTESIAN_POINT ( 'NONE',  ( 69.97499999999999400, 0.4000000000000085700, 2.249999999999999600 ) ) ;
#6605 = EDGE_LOOP ( 'NONE', ( #6496, #2484, #8822, #4604 ) ) ;
#6606 = ORIENTED_EDGE ( 'NONE', *, *, #2635, .T. ) ;
#6607 = LINE ( 'NONE', #395, #6368 ) ;
#6608 = DIRECTION ( 'NONE',  ( 1.000000000000000000, 0.0000000000000000000, 0.0000000000000000000 ) ) ;
#6609 = DIRECTION ( 'NONE',  ( 0.0000000000000000000, 0.0000000000000000000, 1.000000000000000000 ) ) ;
#6610 =( REPRESENTATION_RELATIONSHIP ('NONE','NONE', #6135, #6228 ) REPRESENTATION_RELATIONSHIP_WITH_TRANSFORMATION ( #6114 )SHAPE_REPRESENTATION_RELATIONSHIP( ) );
#6611 = ORIENTED_EDGE ( 'NONE', *, *, #1332, .T. ) ;
#6612 = VERTEX_POINT ( 'NONE', #7308 ) ;
#6613 = ORIENTED_EDGE ( 'NONE', *, *, #996, .T. ) ;
#6614 = VECTOR ( 'NONE', #1873, 1000.000000000000000 ) ;
#6615 = FACE_OUTER_BOUND ( 'NONE', #889, .T. ) ;
#6616 = EDGE_CURVE ( 'NONE', #7160, #2662, #5049, .T. ) ;
#6617 = DIRECTION ( 'NONE',  ( 0.0000000000000000000, 0.0000000000000000000, -1.000000000000000000 ) ) ;
#6618 = ITEM_DEFINED_TRANSFORMATION ( 'NONE', 'NONE', #5800,  #7076 ) ;
#6619 = VECTOR ( 'NONE', #8247, 1000.000000000000000 ) ;
#6620 = ORIENTED_EDGE ( 'NONE', *, *, #980, .T. ) ;
#6621 = LINE ( 'NONE', #743, #7406 ) ;
#6622 = EDGE_CURVE ( 'NONE', #4797, #8396, #576, .T. ) ;
#6623 = LINE ( 'NONE', #3985, #4380 ) ;
#6624 = DIRECTION ( 'NONE',  ( 0.0000000000000000000, 0.0000000000000000000, 1.000000000000000000 ) ) ;
#6625 = DIRECTION ( 'NONE',  ( -1.000000000000000000, 4.785444071660135700E-015, 0.0000000000000000000 ) ) ;
#6626 = CARTESIAN_POINT ( 'NONE',  ( 71.15660848472821000, 15.58902425117814200, -1.393146743523371300 ) ) ;
#6627 = DIRECTION ( 'NONE',  ( -8.793487921733823100E-018, 0.07175698882075431900, -0.9974221446084793300 ) ) ;
#6628 = CARTESIAN_POINT ( 'NONE',  ( 72.75000000000000000, 21.29999999999984100, 3.210000000000000000 ) ) ;
#6629 = EDGE_CURVE ( 'NONE', #2006, #8450, #3675, .T. ) ;
#6630 = STYLED_ITEM ( 'NONE', ( #8784 ), #3684 ) ;
#6631 = ITEM_DEFINED_TRANSFORMATION ( 'NONE', 'NONE', #7557,  #7076 ) ;
#6632 = ITEM_DEFINED_TRANSFORMATION ( 'NONE', 'NONE', #2777,  #7076 ) ;
#6633 = LINE ( 'NONE', #7060, #9002 ) ;
#6634 = ADVANCED_FACE ( 'NONE', ( #3110 ), #4377, .T. ) ;
#6635 = CONTEXT_DEPENDENT_SHAPE_REPRESENTATION ( #7265, #207 ) ;
#6636 = ORIENTED_EDGE ( 'NONE', *, *, #326, .T. ) ;
#6637 = AXIS2_PLACEMENT_3D ( 'NONE', #5123, #2220, #8781 ) ;
#6638 = PRODUCT_DEFINITION_SHAPE ( 'NONE', 'NONE',  #9285 ) ;
#6639 = AXIS2_PLACEMENT_3D ( 'NONE', #7477, #7564, #1852 ) ;
#6640 = CONTEXT_DEPENDENT_SHAPE_REPRESENTATION ( #4861, #6951 ) ;
#6641 = DIRECTION ( 'NONE',  ( -1.000000000000000000, -1.156482317317870300E-015, 0.0000000000000000000 ) ) ;
#6642 = ORIENTED_EDGE ( 'NONE', *, *, #6930, .F. ) ;
#6643 = CARTESIAN_POINT ( 'NONE',  ( -67.50000000000000000, 19.69999999999983200, 3.210000000000000000 ) ) ;
#6644 = ITEM_DEFINED_TRANSFORMATION ( 'NONE', 'NONE', #8759,  #7076 ) ;
#6645 = CARTESIAN_POINT ( 'NONE',  ( -67.97499999999999400, -8.330022640344861500E-015, -2.250000000000000000 ) ) ;
#6646 = VECTOR ( 'NONE', #5641, 1000.000000000000000 ) ;
#6647 = AXIS2_PLACEMENT_3D ( 'NONE', #3111, #1040, #6012 ) ;
#6648 = ORIENTED_EDGE ( 'NONE', *, *, #1790, .F. ) ;
#6649 = PRODUCT_DEFINITION_SHAPE ( 'NONE', 'NONE',  #9116 ) ;
#6650 = PLANE ( 'NONE',  #7047 ) ;
#6651 = CARTESIAN_POINT ( 'NONE',  ( 67.29999999999998300, 7.100000000000000500, -1.250000000000000000 ) ) ;
#6652 = AXIS2_PLACEMENT_3D ( 'NONE', #6468, #7266, #2871 ) ;
#6653 = EDGE_CURVE ( 'NONE', #2406, #8738, #7968, .T. ) ;
#6654 = CARTESIAN_POINT ( 'NONE',  ( 69.20000000000001700, 6.450000000000001100, -3.249999999999990700 ) ) ;
#6655 =( REPRESENTATION_RELATIONSHIP ('NONE','NONE', #6135, #6228 ) REPRESENTATION_RELATIONSHIP_WITH_TRANSFORMATION ( #5534 )SHAPE_REPRESENTATION_RELATIONSHIP( ) );
#6656 = CARTESIAN_POINT ( 'NONE',  ( 69.20000000000001700, 6.450000000000001100, 2.500000000000000000 ) ) ;
#6657 = VERTEX_POINT ( 'NONE', #3857 ) ;
#6658 = PRODUCT_DEFINITION_SHAPE ( 'NONE', 'NONE',  #9192 ) ;
#6659 = CARTESIAN_POINT ( 'NONE',  ( 71.00000000000001400, 20.49999999999983700, 3.210000000000000000 ) ) ;
#6660 = ITEM_DEFINED_TRANSFORMATION ( 'NONE', 'NONE', #4895,  #7076 ) ;
#6661 = VECTOR ( 'NONE', #3408, 1000.000000000000000 ) ;
#6662 = PRODUCT_DEFINITION_SHAPE ( 'NONE', 'NONE',  #9235 ) ;
#6663 = ORIENTED_EDGE ( 'NONE', *, *, #513, .T. ) ;
#6664 = CONTEXT_DEPENDENT_SHAPE_REPRESENTATION ( #3882, #7466 ) ;
#6665 = DIRECTION ( 'NONE',  ( 0.0000000000000000000, 0.0000000000000000000, 1.000000000000000000 ) ) ;
#6666 = EDGE_CURVE ( 'NONE', #6657, #1164, #8423, .T. ) ;
#6667 =( REPRESENTATION_RELATIONSHIP ('NONE','NONE', #6135, #6228 ) REPRESENTATION_RELATIONSHIP_WITH_TRANSFORMATION ( #4444 )SHAPE_REPRESENTATION_RELATIONSHIP( ) );
#6668 = ORIENTED_EDGE ( 'NONE', *, *, #69, .F. ) ;
#6669 = DIRECTION ( 'NONE',  ( -1.000000000000000000, 0.0000000000000000000, 0.0000000000000000000 ) ) ;
#6670 = PRODUCT_DEFINITION_SHAPE ( 'NONE', 'NONE',  #9243 ) ;
#6671 = ORIENTED_EDGE ( 'NONE', *, *, #4985, .T. ) ;
#6672 = LINE ( 'NONE', #274, #6332 ) ;
#6673 = ORIENTED_EDGE ( 'NONE', *, *, #2465, .F. ) ;
#6674 = DIRECTION ( 'NONE',  ( 1.000000000000000000, 0.0000000000000000000, 0.0000000000000000000 ) ) ;
#6675 = EDGE_CURVE ( 'NONE', #8213, #1567, #8988, .T. ) ;
#6676 = AXIS2_PLACEMENT_3D ( 'NONE', #6873, #388, #1123 ) ;
#6677 = LINE ( 'NONE', #8130, #5776 ) ;
#6678 = CARTESIAN_POINT ( 'NONE',  ( -69.20000000000001700, 6.450000000000001100, 2.500000000000000000 ) ) ;
#6679 = EDGE_LOOP ( 'NONE', ( #3429, #3557, #4425, #3440 ) ) ;
#6680 = CARTESIAN_POINT ( 'NONE',  ( 67.97499999999999400, 0.4000000000000083500, -2.250000000000000000 ) ) ;
#6681 = DIRECTION ( 'NONE',  ( 0.7071067811865474600, -0.7071067811865474600, 0.0000000000000000000 ) ) ;
#6682 = ITEM_DEFINED_TRANSFORMATION ( 'NONE', 'NONE', #5631,  #7076 ) ;
#6683 = CARTESIAN_POINT ( 'NONE',  ( -70.20000000000001700, -1.692461876421642400E-014, -2.750000000000008900 ) ) ;
#6684 =( REPRESENTATION_RELATIONSHIP ('NONE','NONE', #6135, #6228 ) REPRESENTATION_RELATIONSHIP_WITH_TRANSFORMATION ( #6896 )SHAPE_REPRESENTATION_RELATIONSHIP( ) );
#6685 = DIRECTION ( 'NONE',  ( 0.0000000000000000000, 0.0000000000000000000, 1.000000000000000000 ) ) ;
#6686 = CARTESIAN_POINT ( 'NONE',  ( 70.99999999999998600, 4.234711976998479300, 0.9249999999999978200 ) ) ;
#6687 = VECTOR ( 'NONE', #3088, 1000.000000000000000 ) ;
#6688 = ORIENTED_EDGE ( 'NONE', *, *, #2370, .T. ) ;
#6689 = DIRECTION ( 'NONE',  ( -1.000000000000000000, -0.0000000000000000000, -0.0000000000000000000 ) ) ;
#6690 = ITEM_DEFINED_TRANSFORMATION ( 'NONE', 'NONE', #3072,  #7076 ) ;
#6691 = EDGE_CURVE ( 'NONE', #4691, #8969, #2779, .T. ) ;
#6692 = AXIS2_PLACEMENT_3D ( 'NONE', #4557, #5592, #8500 ) ;
#6693 = DIRECTION ( 'NONE',  ( 0.0000000000000000000, 0.0000000000000000000, 1.000000000000000000 ) ) ;
#6694 = CARTESIAN_POINT ( 'NONE',  ( 29.74999999999999600, 5.374435320682221800E-016, -1.600000000000000100 ) ) ;
#6695 =( REPRESENTATION_RELATIONSHIP ('NONE','NONE', #6135, #6228 ) REPRESENTATION_RELATIONSHIP_WITH_TRANSFORMATION ( #519 )SHAPE_REPRESENTATION_RELATIONSHIP( ) );
#6696 = ORIENTED_EDGE ( 'NONE', *, *, #7283, .F. ) ;
#6697 = CARTESIAN_POINT ( 'NONE',  ( 64.29999999999999700, 6.299999999999999800, -0.7900000000000077000 ) ) ;
#6698 = ORIENTED_EDGE ( 'NONE', *, *, #3026, .T. ) ;
#6699 = SURFACE_STYLE_FILL_AREA ( #8893 ) ;
#6700 = CARTESIAN_POINT ( 'NONE',  ( 72.50000000000000000, 18.79999999999983700, -3.210000000000000000 ) ) ;
#6701 = AXIS2_PLACEMENT_3D ( 'NONE', #6944, #1223, #7666 ) ;
#6702 = CARTESIAN_POINT ( 'NONE',  ( 114.7499999999999900, 1.085675503379650600E-014, -1.600000000000000100 ) ) ;
#6703 = EDGE_LOOP ( 'NONE', ( #8026, #7278, #2070, #7294, #649, #2397 ) ) ;
#6704 = ORIENTED_EDGE ( 'NONE', *, *, #431, .T. ) ;
#6705 = DIRECTION ( 'NONE',  ( 1.000000000000000000, 0.0000000000000000000, 0.0000000000000000000 ) ) ;
#6706 = CARTESIAN_POINT ( 'NONE',  ( -70.99999999999998600, 7.100000000000000500, 1.500000000000000000 ) ) ;
#6707 = DIRECTION ( 'NONE',  ( -7.542275982507847300E-016, 1.000000000000000000, 0.0000000000000000000 ) ) ;
#6708 = CARTESIAN_POINT ( 'NONE',  ( -70.99999999999998600, 0.3999999999999913100, 3.250000000000008900 ) ) ;
#6709 = DIRECTION ( 'NONE',  ( 1.225453863971292700E-016, -1.000000000000000000, 0.0000000000000000000 ) ) ;
#6710 = CARTESIAN_POINT ( 'NONE',  ( -68.44006579232149100, 7.100000000000000500, -3.249999999999990700 ) ) ;
#6711 = AXIS2_PLACEMENT_3D ( 'NONE', #2186, #7206, #2873 ) ;
#6712 = ORIENTED_EDGE ( 'NONE', *, *, #4856, .F. ) ;
#6713 =( REPRESENTATION_RELATIONSHIP ('NONE','NONE', #6135, #6228 ) REPRESENTATION_RELATIONSHIP_WITH_TRANSFORMATION ( #8799 )SHAPE_REPRESENTATION_RELATIONSHIP( ) );
#6714 = CARTESIAN_POINT ( 'NONE',  ( -68.20000000000001700, 0.3999999999999916400, -2.750000000000008900 ) ) ;
#6715 = ORIENTED_EDGE ( 'NONE', *, *, #7167, .F. ) ;
#6716 = FACE_OUTER_BOUND ( 'NONE', #7673, .T. ) ;
#6717 = VECTOR ( 'NONE', #7531, 1000.000000000000000 ) ;
#6718 = CARTESIAN_POINT ( 'NONE',  ( 98.59999999999999400, 1.197040134200481000E-014, 0.0000000000000000000 ) ) ;
#6719 = CARTESIAN_POINT ( 'NONE',  ( 67.29999999999998300, 7.100000000000000500, 1.500000000000000000 ) ) ;
#6720 = EDGE_CURVE ( 'NONE', #6286, #3610, #2680, .T. ) ;
#6721 = EDGE_LOOP ( 'NONE', ( #7421, #5263, #8267, #2522 ) ) ;
#6722 = CONTEXT_DEPENDENT_SHAPE_REPRESENTATION ( #2073, #6220 ) ;
#6724 = VERTEX_POINT ( 'NONE', #7493 ) ;
#6723 = CARTESIAN_POINT ( 'NONE',  ( 52.69999999999999600, 6.397973131071536100E-015, 0.0000000000000000000 ) ) ;
#6725 = VECTOR ( 'NONE', #3312, 1000.000000000000000 ) ;
#6726 = VECTOR ( 'NONE', #687, 1000.000000000000000 ) ;
#6727 = DIRECTION ( 'NONE',  ( 1.000000000000000000, 0.0000000000000000000, 0.0000000000000000000 ) ) ;
#6728 = LINE ( 'NONE', #3939, #5150 ) ;
#6729 = PRODUCT_DEFINITION_CONTEXT ( 'detailed design', #6383, 'design' ) ;
#6730 = CARTESIAN_POINT ( 'NONE',  ( 67.29999999999998300, 10.60000000000000000, 1.500000000000000000 ) ) ;
#6731 = CARTESIAN_POINT ( 'NONE',  ( -64.29999999999999700, 19.29999999999983000, 3.210000000000000000 ) ) ;
#6732 = CONTEXT_DEPENDENT_SHAPE_REPRESENTATION ( #2089, #6214 ) ;
#6733 = EDGE_CURVE ( 'NONE', #6121, #4112, #1586, .T. ) ;
#6734 = CARTESIAN_POINT ( 'NONE',  ( -70.99999999999998600, 14.79999999999983600, 1.249999999999998400 ) ) ;
#6735 = VECTOR ( 'NONE', #283, 1000.000000000000000 ) ;
#6736 = ORIENTED_EDGE ( 'NONE', *, *, #8621, .T. ) ;
#6737 = DIRECTION ( 'NONE',  ( 0.0000000000000000000, 0.0000000000000000000, 1.000000000000000000 ) ) ;
#6738 = LINE ( 'NONE', #4988, #3691 ) ;
#6739 = FACE_OUTER_BOUND ( 'NONE', #3717, .T. ) ;
#6740 = CARTESIAN_POINT ( 'NONE',  ( -65.75000000000000000, 19.29999999999982300, -3.210000000000000000 ) ) ;
#6741 = ORIENTED_EDGE ( 'NONE', *, *, #6065, .F. ) ;
#6742 = ITEM_DEFINED_TRANSFORMATION ( 'NONE', 'NONE', #7726,  #7076 ) ;
#6743 = CARTESIAN_POINT ( 'NONE',  ( -70.20000000000001700, 6.449999999999983300, 2.750000000000008900 ) ) ;
#6744 = VECTOR ( 'NONE', #4788, 1000.000000000000000 ) ;
#6745 = CARTESIAN_POINT ( 'NONE',  ( 0.0000000000000000000, 0.0000000000000000000, 0.0000000000000000000 ) ) ;
#6746 = CARTESIAN_POINT ( 'NONE',  ( 70.99999999999998600, 7.100000000000000500, -1.500000000000000000 ) ) ;
#6747 = DIRECTION ( 'NONE',  ( 0.0000000000000000000, -1.836970198721009700E-016, -1.000000000000000000 ) ) ;
#6748 = ITEM_DEFINED_TRANSFORMATION ( 'NONE', 'NONE', #8643,  #7076 ) ;
#6749 = EDGE_CURVE ( 'NONE', #4901, #6934, #4819, .T. ) ;
#6750 = ORIENTED_EDGE ( 'NONE', *, *, #361, .F. ) ;
#6751 = CARTESIAN_POINT ( 'NONE',  ( 71.00000000000001400, 20.49999999999983700, 3.210000000000000000 ) ) ;
#6752 = AXIS2_PLACEMENT_3D ( 'NONE', #3454, #6327, #7870 ) ;
#6753 = DIRECTION ( 'NONE',  ( 0.0000000000000000000, 0.0000000000000000000, 1.000000000000000000 ) ) ;
#6754 = ITEM_DEFINED_TRANSFORMATION ( 'NONE', 'NONE', #5260,  #7076 ) ;
#6755 = ORIENTED_EDGE ( 'NONE', *, *, #2707, .F. ) ;
#6756 = FACE_OUTER_BOUND ( 'NONE', #8947, .T. ) ;
#6757 = DIRECTION ( 'NONE',  ( 0.0000000000000000000, -1.000000000000000000, 9.232001142906600200E-032 ) ) ;
#6758 = VECTOR ( 'NONE', #6183, 1000.000000000000000 ) ;
#6759 = ORIENTED_EDGE ( 'NONE', *, *, #1585, .F. ) ;
#6760 = AXIS2_PLACEMENT_3D ( 'NONE', #1400, #7133, #24 ) ;
#6761 = DIRECTION ( 'NONE',  ( 1.000000000000000000, 0.0000000000000000000, 0.0000000000000000000 ) ) ;
#6762 =( REPRESENTATION_RELATIONSHIP ('NONE','NONE', #6135, #6228 ) REPRESENTATION_RELATIONSHIP_WITH_TRANSFORMATION ( #4754 )SHAPE_REPRESENTATION_RELATIONSHIP( ) );
#6763 = ITEM_DEFINED_TRANSFORMATION ( 'NONE', 'NONE', #7788,  #7076 ) ;
#6764 = DIRECTION ( 'NONE',  ( 1.000000000000000000, 1.225453863971292700E-016, -0.0000000000000000000 ) ) ;
#6765 = AXIS2_PLACEMENT_3D ( 'NONE', #3889, #7401, #1087 ) ;
#6766 = LINE ( 'NONE', #8619, #2927 ) ;
#6767 = CARTESIAN_POINT ( 'NONE',  ( 74.50000000000000000, 18.79999999999983700, 3.210000000000000000 ) ) ;
#6768 = ORIENTED_EDGE ( 'NONE', *, *, #7227, .F. ) ;
#6769 = PLANE ( 'NONE',  #5450 ) ;
#6770 = CARTESIAN_POINT ( 'NONE',  ( 116.4499999999999900, 1.106314126383107300E-014, -1.600000000000000100 ) ) ;
#6771 = ORIENTED_EDGE ( 'NONE', *, *, #6369, .T. ) ;
#6772 = AXIS2_PLACEMENT_3D ( 'NONE', #4842, #7739, #7042 ) ;
#6773 = LINE ( 'NONE', #2086, #6661 ) ;
#6774 = ORIENTED_EDGE ( 'NONE', *, *, #690, .F. ) ;
#6775 = DIRECTION ( 'NONE',  ( -5.551115123125782700E-014, -1.000000000000000000, 2.168404344971008900E-016 ) ) ;
#6776 = VERTEX_POINT ( 'NONE', #6061 ) ;
#6777 = DIRECTION ( 'NONE',  ( 0.0000000000000000000, 0.0000000000000000000, 1.000000000000000000 ) ) ;
#6778 = CARTESIAN_POINT ( 'NONE',  ( 68.77500000000000600, -2.184533761093355100E-016, -0.8999999999999998000 ) ) ;
#6779 = AXIS2_PLACEMENT_3D ( 'NONE', #7793, #1878, #8953 ) ;
#6780 = EDGE_CURVE ( 'NONE', #4422, #1484, #685, .T. ) ;
#6781 =( NAMED_UNIT ( * ) SI_UNIT ( $, .STERADIAN. ) SOLID_ANGLE_UNIT ( ) );
#6782 = DIRECTION ( 'NONE',  ( 1.000000000000000000, 1.225453863971292700E-016, 0.0000000000000000000 ) ) ;
#6783 = DIRECTION ( 'NONE',  ( 1.000000000000000000, -0.0000000000000000000, 0.0000000000000000000 ) ) ;
#6784 = CARTESIAN_POINT ( 'NONE',  ( 67.29999999999999700, 10.60000000000000000, -3.249999999999990700 ) ) ;
#6785 = ADVANCED_FACE ( 'NONE', ( #8538 ), #1809, .F. ) ;
#6786 = VECTOR ( 'NONE', #2143, 1000.000000000000000 ) ;
#6787 = DIRECTION ( 'NONE',  ( 1.000000000000000000, 0.0000000000000000000, 0.0000000000000000000 ) ) ;
#6788 = ORIENTED_EDGE ( 'NONE', *, *, #3517, .F. ) ;
#6789 = DIRECTION ( 'NONE',  ( 0.0000000000000000000, -1.836970198721009700E-016, -1.000000000000000000 ) ) ;
#6790 = CARTESIAN_POINT ( 'NONE',  ( -68.77499999999999100, -1.691707077053185700E-014, -0.8999999999999998000 ) ) ;
#6791 = EDGE_LOOP ( 'NONE', ( #1522, #7592, #7949, #2974, #6831, #6759 ) ) ;
#6792 = DIRECTION ( 'NONE',  ( 0.0000000000000000000, 0.0000000000000000000, -1.000000000000000000 ) ) ;
#6793 = CARTESIAN_POINT ( 'NONE',  ( -70.20000000000001700, 0.3999999999999914200, -2.750000000000008900 ) ) ;
#6794 = DIRECTION ( 'NONE',  ( 0.0000000000000000000, 0.0000000000000000000, 1.000000000000000000 ) ) ;
#6795 = CARTESIAN_POINT ( 'NONE',  ( -72.77766835848632400, 16.79999999999984100, 2.989902909749512400 ) ) ;
#6796 = DIRECTION ( 'NONE',  ( 0.0000000000000000000, 0.0000000000000000000, 1.000000000000000000 ) ) ;
#6797 = VECTOR ( 'NONE', #8849, 1000.000000000000000 ) ;
#6798 = CARTESIAN_POINT ( 'NONE',  ( 36.54999999999999000, 1.362988452206485100E-015, -1.600000000000000100 ) ) ;
#6799 = EDGE_CURVE ( 'NONE', #5556, #3127, #7066, .T. ) ;
#6800 =( REPRESENTATION_RELATIONSHIP ('NONE','NONE', #6135, #6228 ) REPRESENTATION_RELATIONSHIP_WITH_TRANSFORMATION ( #4987 )SHAPE_REPRESENTATION_RELATIONSHIP( ) );
#6801 = ORIENTED_EDGE ( 'NONE', *, *, #8681, .F. ) ;
#6802 =( REPRESENTATION_RELATIONSHIP ('NONE','NONE', #6135, #6228 ) REPRESENTATION_RELATIONSHIP_WITH_TRANSFORMATION ( #8313 )SHAPE_REPRESENTATION_RELATIONSHIP( ) );
#6803 = DIRECTION ( 'NONE',  ( 0.0000000000000000000, -1.000000000000000000, -0.0000000000000000000 ) ) ;
#6804 = DIRECTION ( 'NONE',  ( -1.000000000000000000, 0.0000000000000000000, -0.0000000000000000000 ) ) ;
#6805 = ORIENTED_EDGE ( 'NONE', *, *, #4026, .F. ) ;
#6806 = LINE ( 'NONE', #6556, #303 ) ;
#6807 = EDGE_CURVE ( 'NONE', #6532, #2232, #3226, .T. ) ;
#6808 = ORIENTED_EDGE ( 'NONE', *, *, #4468, .F. ) ;
#6809 = CONTEXT_DEPENDENT_SHAPE_REPRESENTATION ( #5785, #2375 ) ;
#6810 = EDGE_LOOP ( 'NONE', ( #8159, #4808, #3611, #6026 ) ) ;
#6811 = EDGE_CURVE ( 'NONE', #336, #6483, #2959, .T. ) ;
#6812 = AXIS2_PLACEMENT_3D ( 'NONE', #8932, #3816, #916 ) ;
#6813 = PRODUCT_DEFINITION_SHAPE ( 'NONE', 'NONE',  #9171 ) ;
#6814 = CARTESIAN_POINT ( 'NONE',  ( 69.20000000000001700, 6.450000000000001100, -3.249999999999990700 ) ) ;
#6815 = FACE_OUTER_BOUND ( 'NONE', #3217, .T. ) ;
#6816 = CARTESIAN_POINT ( 'NONE',  ( -66.87500000000001400, 2.399999999999997200, -0.7899999999999919300 ) ) ;
#6817 = ORIENTED_EDGE ( 'NONE', *, *, #5882, .F. ) ;
#6818 = PRODUCT_DEFINITION_SHAPE ( 'NONE', 'NONE',  #9230 ) ;
#6819 = DIRECTION ( 'NONE',  ( 0.0000000000000000000, 0.0000000000000000000, 1.000000000000000000 ) ) ;
#6820 = DIRECTION ( 'NONE',  ( -0.0000000000000000000, -0.0000000000000000000, -1.000000000000000000 ) ) ;
#6821 = VERTEX_POINT ( 'NONE', #5506 ) ;
#6822 = EDGE_LOOP ( 'NONE', ( #1670, #2378, #3994, #8125 ) ) ;
#6823 = VECTOR ( 'NONE', #2659, 1000.000000000000000 ) ;
#6824 = PRODUCT_DEFINITION_SHAPE ( 'NONE', 'NONE',  #9281 ) ;
#6825 = DIRECTION ( 'NONE',  ( 1.000000000000000000, 0.0000000000000000000, 0.0000000000000000000 ) ) ;
#6826 =( REPRESENTATION_RELATIONSHIP ('NONE','NONE', #6135, #6228 ) REPRESENTATION_RELATIONSHIP_WITH_TRANSFORMATION ( #8368 )SHAPE_REPRESENTATION_RELATIONSHIP( ) );
#6827 = DIRECTION ( 'NONE',  ( 1.225453863971292700E-016, -1.000000000000000000, 0.0000000000000000000 ) ) ;
#6828 = ORIENTED_EDGE ( 'NONE', *, *, #5882, .T. ) ;
#6829 = ADVANCED_FACE ( 'NONE', ( #1039 ), #474, .F. ) ;
#6830 = AXIS2_PLACEMENT_3D ( 'NONE', #1829, #5336, #6848 ) ;
#6831 = ORIENTED_EDGE ( 'NONE', *, *, #4633, .F. ) ;
#6832 = LINE ( 'NONE', #123, #1653 ) ;
#6833 = PLANE ( 'NONE',  #1145 ) ;
#6834 = EDGE_CURVE ( 'NONE', #1141, #4085, #6847, .T. ) ;
#6835 = CARTESIAN_POINT ( 'NONE',  ( 86.69999999999997400, 3.224198434613242500E-015, -3.800000000000000300 ) ) ;
#6836 = ORIENTED_EDGE ( 'NONE', *, *, #7283, .T. ) ;
#6837 = CARTESIAN_POINT ( 'NONE',  ( 80.74999999999998600, 6.729030433105192700E-015, -1.600000000000000100 ) ) ;
#6838 = ORIENTED_EDGE ( 'NONE', *, *, #4748, .T. ) ;
#6839 = LINE ( 'NONE', #4275, #8407 ) ;
#6840 = ORIENTED_EDGE ( 'NONE', *, *, #2447, .T. ) ;
#6841 = VECTOR ( 'NONE', #5131, 1000.000000000000100 ) ;
#6842 = VECTOR ( 'NONE', #2538, 1000.000000000000000 ) ;
#6843 = DIRECTION ( 'NONE',  ( -1.000000000000000000, 0.0000000000000000000, 0.0000000000000000000 ) ) ;
#6844 = PLANE ( 'NONE',  #4223 ) ;
#6845 =( REPRESENTATION_RELATIONSHIP ('NONE','NONE', #6135, #6228 ) REPRESENTATION_RELATIONSHIP_WITH_TRANSFORMATION ( #1925 )SHAPE_REPRESENTATION_RELATIONSHIP( ) );
#6846 = CONTEXT_DEPENDENT_SHAPE_REPRESENTATION ( #4916, #3490 ) ;
#6847 = LINE ( 'NONE', #6162, #8195 ) ;
#6848 = DIRECTION ( 'NONE',  ( 1.000000000000000000, 0.0000000000000000000, 0.0000000000000000000 ) ) ;
#6849 = ORIENTED_EDGE ( 'NONE', *, *, #6315, .T. ) ;
#6850 = CARTESIAN_POINT ( 'NONE',  ( -64.29999999999999700, 3.234711976998492700, -0.9249999999999987100 ) ) ;
#6851 = VECTOR ( 'NONE', #3494, 1000.000000000000000 ) ;
#6852 = LINE ( 'NONE', #1101, #7530 ) ;
#6853 = EDGE_CURVE ( 'NONE', #4247, #8666, #4928, .T. ) ;
#6854 = DIRECTION ( 'NONE',  ( -1.000000000000000000, 0.0000000000000000000, -0.0000000000000000000 ) ) ;
#6855 = CARTESIAN_POINT ( 'NONE',  ( 5.775000000000002100, -7.938812719128478700E-015, 0.8999999999999998000 ) ) ;
#6856 = ITEM_DEFINED_TRANSFORMATION ( 'NONE', 'NONE', #4316,  #7076 ) ;
#6857 =( REPRESENTATION_RELATIONSHIP ('NONE','NONE', #6135, #6228 ) REPRESENTATION_RELATIONSHIP_WITH_TRANSFORMATION ( #1175 )SHAPE_REPRESENTATION_RELATIONSHIP( ) );
#6858 = ITEM_DEFINED_TRANSFORMATION ( 'NONE', 'NONE', #1957,  #7076 ) ;
#6859 = PRODUCT_DEFINITION_SHAPE ( 'NONE', 'NONE',  #9074 ) ;
#6860 = VECTOR ( 'NONE', #5538, 1000.000000000000000 ) ;
#6861 = CARTESIAN_POINT ( 'NONE',  ( 64.29999999999999700, 9.167771687820280800, 1.249999999999998700 ) ) ;
#6862 = VERTEX_POINT ( 'NONE', #6855 ) ;
#6863 = ORIENTED_EDGE ( 'NONE', *, *, #8782, .F. ) ;
#6864 = EDGE_CURVE ( 'NONE', #8633, #6542, #8069, .T. ) ;
#6865 = CARTESIAN_POINT ( 'NONE',  ( 71.00000000000001400, 20.89999999999983900, 3.210000000000000000 ) ) ;
#6866 = ITEM_DEFINED_TRANSFORMATION ( 'NONE', 'NONE', #5748,  #7076 ) ;
#6867 = DIRECTION ( 'NONE',  ( 1.000000000000000000, 0.0000000000000000000, 0.0000000000000000000 ) ) ;
#6868 = VERTEX_POINT ( 'NONE', #537 ) ;
#6869 = LINE ( 'NONE', #5181, #6538 ) ;
#6870 = DIRECTION ( 'NONE',  ( 0.0000000000000000000, -1.000000000000000000, 0.0000000000000000000 ) ) ;
#6871 = ITEM_DEFINED_TRANSFORMATION ( 'NONE', 'NONE', #6025,  #7076 ) ;
#6872 = VERTEX_POINT ( 'NONE', #3306 ) ;
#6873 = CARTESIAN_POINT ( 'NONE',  ( 5.374999999999996400, -1.000000000000007500, 1.100000000000000300 ) ) ;
#6874 = CARTESIAN_POINT ( 'NONE',  ( -68.20000000000001700, 6.450000000000001100, 2.500000000000000000 ) ) ;
#6875 = CONTEXT_DEPENDENT_SHAPE_REPRESENTATION ( #8828, #6513 ) ;
#6876 = CARTESIAN_POINT ( 'NONE',  ( -71.62516648033818000, 16.25792652012933500, -1.851129829625861600 ) ) ;
#6877 = ORIENTED_EDGE ( 'NONE', *, *, #8431, .F. ) ;
#6878 = LINE ( 'NONE', #2072, #5635 ) ;
#6879 = EDGE_CURVE ( 'NONE', #2067, #3754, #3343, .T. ) ;
#6880 =( REPRESENTATION_RELATIONSHIP ('NONE','NONE', #6135, #6228 ) REPRESENTATION_RELATIONSHIP_WITH_TRANSFORMATION ( #6533 )SHAPE_REPRESENTATION_RELATIONSHIP( ) );
#6881 = DIRECTION ( 'NONE',  ( -1.000000000000000000, -1.214036647262151200E-016, 0.0000000000000000000 ) ) ;
#6882 = AXIS2_PLACEMENT_3D ( 'NONE', #8585, #5708, #1308 ) ;
#6883 = ORIENTED_EDGE ( 'NONE', *, *, #5858, .F. ) ;
#6884 = DIRECTION ( 'NONE',  ( 0.0000000000000000000, 0.0000000000000000000, 1.000000000000000000 ) ) ;
#6885 = CARTESIAN_POINT ( 'NONE',  ( 0.0000000000000000000, 0.0000000000000000000, 2.800000000000000300 ) ) ;
#6886 = CONTEXT_DEPENDENT_SHAPE_REPRESENTATION ( #3685, #8324 ) ;
#6887 = CARTESIAN_POINT ( 'NONE',  ( 38.24999999999997900, -5.732124614908557300E-015, -5.400000000000000400 ) ) ;
#6888 = LINE ( 'NONE', #7049, #6427 ) ;
#6889 = DIRECTION ( 'NONE',  ( 0.0000000000000000000, 0.9974221446084792200, 0.07175698882075430600 ) ) ;
#6890 = AXIS2_PLACEMENT_3D ( 'NONE', #4437, #5961, #168 ) ;
#6891 = CONTEXT_DEPENDENT_SHAPE_REPRESENTATION ( #3961, #7209 ) ;
#6892 = ORIENTED_EDGE ( 'NONE', *, *, #4026, .T. ) ;
#6893 = CARTESIAN_POINT ( 'NONE',  ( -63.49999999999998600, -2.100000000000000100, 2.600000000000000500 ) ) ;
#6894 = CARTESIAN_POINT ( 'NONE',  ( -67.46999999999999900, 8.250000000000007100, -0.9249999999999980500 ) ) ;
#6895 = AXIS2_PLACEMENT_3D ( 'NONE', #8243, #3125, #859 ) ;
#6896 = ITEM_DEFINED_TRANSFORMATION ( 'NONE', 'NONE', #2907,  #7076 ) ;
#6897 = LINE ( 'NONE', #4148, #4747 ) ;
#6898 = ORIENTED_EDGE ( 'NONE', *, *, #7538, .F. ) ;
#6899 = ORIENTED_EDGE ( 'NONE', *, *, #6653, .T. ) ;
#6900 = CONTEXT_DEPENDENT_SHAPE_REPRESENTATION ( #8171, #2771 ) ;
#6901 = VERTEX_POINT ( 'NONE', #6894 ) ;
#6902 = AXIS2_PLACEMENT_3D ( 'NONE', #8077, #7734, #1229 ) ;
#6903 = DIRECTION ( 'NONE',  ( 0.0000000000000000000, 0.0000000000000000000, 1.000000000000000000 ) ) ;
#6904 = CARTESIAN_POINT ( 'NONE',  ( 77.34999999999999400, -9.852413241135457300E-016, -5.400000000000000400 ) ) ;
#6905 = DIRECTION ( 'NONE',  ( 1.225453863971292700E-016, -1.000000000000000000, -0.0000000000000000000 ) ) ;
#6906 = FACE_OUTER_BOUND ( 'NONE', #950, .T. ) ;
#6907 = ORIENTED_EDGE ( 'NONE', *, *, #1179, .F. ) ;
#6908 = CARTESIAN_POINT ( 'NONE',  ( -67.46999999999999900, 8.250000000000000000, 0.9249999999999978200 ) ) ;
#6909 = EDGE_CURVE ( 'NONE', #7873, #6472, #1463, .T. ) ;
#6910 = DIRECTION ( 'NONE',  ( 0.0000000000000000000, 0.0000000000000000000, 1.000000000000000000 ) ) ;
#6911 =( REPRESENTATION_RELATIONSHIP ('NONE','NONE', #6135, #6228 ) REPRESENTATION_RELATIONSHIP_WITH_TRANSFORMATION ( #2798 )SHAPE_REPRESENTATION_RELATIONSHIP( ) );
#6912 = PLANE ( 'NONE',  #5392 ) ;
#6913 = VECTOR ( 'NONE', #937, 1000.000000000000000 ) ;
#6914 = ORIENTED_EDGE ( 'NONE', *, *, #7593, .T. ) ;
#6915 = ITEM_DEFINED_TRANSFORMATION ( 'NONE', 'NONE', #2911,  #7076 ) ;
#6916 = DIRECTION ( 'NONE',  ( 0.0000000000000000000, -1.000000000000000000, 0.0000000000000000000 ) ) ;
#6917 = CARTESIAN_POINT ( 'NONE',  ( -71.91439418915652500, 16.49833077658864500, 2.136075564534575000 ) ) ;
#6918 = CARTESIAN_POINT ( 'NONE',  ( 56.94999999999999600, 3.839623212621273600E-015, -1.600000000000000100 ) ) ;
#6919 = EDGE_CURVE ( 'NONE', #6407, #1209, #8864, .T. ) ;
#6920 =( REPRESENTATION_RELATIONSHIP ('NONE','NONE', #6135, #6228 ) REPRESENTATION_RELATIONSHIP_WITH_TRANSFORMATION ( #3826 )SHAPE_REPRESENTATION_RELATIONSHIP( ) );
#6921 = EDGE_CURVE ( 'NONE', #5225, #7156, #6501, .T. ) ;
#6922 = VECTOR ( 'NONE', #5586, 1000.000000000000100 ) ;
#6923 = ORIENTED_EDGE ( 'NONE', *, *, #6078, .T. ) ;
#6924 = DIRECTION ( 'NONE',  ( 1.000000000000000000, 0.0000000000000000000, -0.0000000000000000000 ) ) ;
#6925 = ITEM_DEFINED_TRANSFORMATION ( 'NONE', 'NONE', #5806,  #7076 ) ;
#6926 = CARTESIAN_POINT ( 'NONE',  ( -70.20000000000001700, 6.449999999999983300, 3.250000000000008900 ) ) ;
#6927 = EDGE_CURVE ( 'NONE', #5488, #4095, #7848, .T. ) ;
#6928 = ORIENTED_EDGE ( 'NONE', *, *, #4899, .F. ) ;
#6929 = VERTEX_POINT ( 'NONE', #7220 ) ;
#6930 = EDGE_CURVE ( 'NONE', #6933, #6862, #2368, .T. ) ;
#6931 = CARTESIAN_POINT ( 'NONE',  ( -64.29999999999999700, 15.59999999999998500, 3.250000000000008900 ) ) ;
#6932 = CARTESIAN_POINT ( 'NONE',  ( 67.29999999999998300, 2.550000000000016300, -1.250000000000000000 ) ) ;
#6933 = VERTEX_POINT ( 'NONE', #6945 ) ;
#6934 = VERTEX_POINT ( 'NONE', #1256 ) ;
#6935 = VECTOR ( 'NONE', #7413, 1000.000000000000000 ) ;
#6936 = AXIS2_PLACEMENT_3D ( 'NONE', #3531, #4285, #3565 ) ;
#6937 = DIRECTION ( 'NONE',  ( 1.000000000000000000, -0.0000000000000000000, -0.0000000000000000000 ) ) ;
#6938 = DIRECTION ( 'NONE',  ( 0.0000000000000000000, 0.0000000000000000000, 1.000000000000000000 ) ) ;
#6939 = AXIS2_PLACEMENT_3D ( 'NONE', #6654, #3075, #8191 ) ;
#6940 = VERTEX_POINT ( 'NONE', #1926 ) ;
#6941 = ORIENTED_EDGE ( 'NONE', *, *, #2821, .F. ) ;
#6942 = VECTOR ( 'NONE', #5138, 1000.000000000000000 ) ;
#6943 = VECTOR ( 'NONE', #8655, 1000.000000000000000 ) ;
#6944 = CARTESIAN_POINT ( 'NONE',  ( 8.499999999999998200, 1.031931150172828400E-015, 0.0000000000000000000 ) ) ;
#6945 = CARTESIAN_POINT ( 'NONE',  ( 5.374999999999991100, -7.987830873687331600E-015, 0.8999999999999998000 ) ) ;
#6946 = AXIS2_PLACEMENT_3D ( 'NONE', #5955, #5865, #8133 ) ;
#6947 = ITEM_DEFINED_TRANSFORMATION ( 'NONE', 'NONE', #8713,  #7076 ) ;
#6948 = ORIENTED_EDGE ( 'NONE', *, *, #1474, .F. ) ;
#6949 = VECTOR ( 'NONE', #337, 1000.000000000000100 ) ;
#6950 = FACE_OUTER_BOUND ( 'NONE', #3750, .T. ) ;
#6951 = PRODUCT_DEFINITION_SHAPE ( 'NONE', 'NONE',  #9149 ) ;
#6952 = LINE ( 'NONE', #6957, #8983 ) ;
#6953 = STYLED_ITEM ( 'NONE', ( #5232 ), #6991 ) ;
#6954 = EDGE_CURVE ( 'NONE', #3610, #8096, #699, .T. ) ;
#6955 = DIRECTION ( 'NONE',  ( 0.0000000000000000000, 0.0000000000000000000, 1.000000000000000000 ) ) ;
#6956 = CARTESIAN_POINT ( 'NONE',  ( -67.29999999999998300, 10.60000000000000000, 1.500000000000000000 ) ) ;
#6957 = CARTESIAN_POINT ( 'NONE',  ( -69.25000000000000000, 20.49999999999984000, 3.210000000000000000 ) ) ;
#6959 = VECTOR ( 'NONE', #5995, 1000.000000000000000 ) ;
#6958 = PRODUCT_DEFINITION_SHAPE ( 'NONE', 'NONE',  #9214 ) ;
#6960 = ORIENTED_EDGE ( 'NONE', *, *, #1572, .F. ) ;
#6961 = DIRECTION ( 'NONE',  ( -0.0000000000000000000, -1.000000000000000000, -0.0000000000000000000 ) ) ;
#6962 = VECTOR ( 'NONE', #4838, 1000.000000000000000 ) ;
#6963 = PRODUCT_DEFINITION_SHAPE ( 'NONE', 'NONE',  #9198 ) ;
#6964 =( REPRESENTATION_RELATIONSHIP ('NONE','NONE', #6135, #6228 ) REPRESENTATION_RELATIONSHIP_WITH_TRANSFORMATION ( #5723 )SHAPE_REPRESENTATION_RELATIONSHIP( ) );
#6965 = ORIENTED_EDGE ( 'NONE', *, *, #3039, .T. ) ;
#6966 = ADVANCED_FACE ( 'NONE', ( #2145 ), #4745, .F. ) ;
#6967 = PRODUCT_DEFINITION_SHAPE ( 'NONE', 'NONE',  #9271 ) ;
#6968 = CONTEXT_DEPENDENT_SHAPE_REPRESENTATION ( #8986, #4558 ) ;
#6969 = EDGE_CURVE ( 'NONE', #6481, #7160, #6276, .T. ) ;
#6970 = CARTESIAN_POINT ( 'NONE',  ( 120.6999999999999700, 7.351923035304555500E-015, -3.800000000000000300 ) ) ;
#6971 = VECTOR ( 'NONE', #3394, 1000.000000000000000 ) ;
#6972 = DIRECTION ( 'NONE',  ( 0.0000000000000000000, -1.000000000000000000, 0.0000000000000000000 ) ) ;
#6973 = ORIENTED_EDGE ( 'NONE', *, *, #7593, .F. ) ;
#6974 = CARTESIAN_POINT ( 'NONE',  ( -71.02529826347566200, 15.15230580749784700, 1.269008989787222300 ) ) ;
#6975 = ORIENTED_EDGE ( 'NONE', *, *, #2684, .F. ) ;
#6976 = DIRECTION ( 'NONE',  ( 1.000000000000000000, 0.0000000000000000000, 0.0000000000000000000 ) ) ;
#6977 =( REPRESENTATION_RELATIONSHIP ('NONE','NONE', #6135, #6228 ) REPRESENTATION_RELATIONSHIP_WITH_TRANSFORMATION ( #6080 )SHAPE_REPRESENTATION_RELATIONSHIP( ) );
#6978 = DIRECTION ( 'NONE',  ( -0.0000000000000000000, -0.0000000000000000000, -1.000000000000000000 ) ) ;
#6979 = VECTOR ( 'NONE', #1615, 1000.000000000000000 ) ;
#6980 = DIRECTION ( 'NONE',  ( 0.0000000000000000000, 0.0000000000000000000, -1.000000000000000000 ) ) ;
#6981 = EDGE_CURVE ( 'NONE', #5816, #7750, #7864, .T. ) ;
#6982 = VERTEX_POINT ( 'NONE', #2529 ) ;
#6983 = CARTESIAN_POINT ( 'NONE',  ( -68.77499999999999100, -1.672312647170194900E-014, 0.0000000000000000000 ) ) ;
#6984 = AXIS2_PLACEMENT_3D ( 'NONE', #411, #4685, #1775 ) ;
#6985 = ITEM_DEFINED_TRANSFORMATION ( 'NONE', 'NONE', #5382,  #7076 ) ;
#6986 = DIRECTION ( 'NONE',  ( 0.0000000000000000000, 0.0000000000000000000, 1.000000000000000000 ) ) ;
#6987 = LINE ( 'NONE', #8675, #1276 ) ;
#6988 = DIRECTION ( 'NONE',  ( 0.0000000000000000000, -1.000000000000000000, 0.0000000000000000000 ) ) ;
#6989 = ITEM_DEFINED_TRANSFORMATION ( 'NONE', 'NONE', #8574,  #7076 ) ;
#6990 = ORIENTED_EDGE ( 'NONE', *, *, #6653, .F. ) ;
#6991 = ADVANCED_BREP_SHAPE_REPRESENTATION ( '', ( #3684, #7076 ), #6602 ) ;
#6992 = DIRECTION ( 'NONE',  ( -1.000000000000000000, 0.0000000000000000000, 0.0000000000000000000 ) ) ;
#6993 = ITEM_DEFINED_TRANSFORMATION ( 'NONE', 'NONE', #8588,  #7076 ) ;
#6994 =( REPRESENTATION_RELATIONSHIP ('NONE','NONE', #6135, #6228 ) REPRESENTATION_RELATIONSHIP_WITH_TRANSFORMATION ( #2579 )SHAPE_REPRESENTATION_RELATIONSHIP( ) );
#6995 = AXIS2_PLACEMENT_3D ( 'NONE', #1214, #580, #489 ) ;
#6996 = LINE ( 'NONE', #3769, #7781 ) ;
#6997 = VERTEX_POINT ( 'NONE', #8461 ) ;
#6998 = CONTEXT_DEPENDENT_SHAPE_REPRESENTATION ( #408, #6376 ) ;
#6999 = ORIENTED_EDGE ( 'NONE', *, *, #431, .F. ) ;
#7000 = DIRECTION ( 'NONE',  ( 1.000000000000000000, 0.0000000000000000000, 0.0000000000000000000 ) ) ;
#7001 = DIRECTION ( 'NONE',  ( 0.0000000000000000000, 1.000000000000000000, 0.0000000000000000000 ) ) ;
#7002 = AXIS2_PLACEMENT_3D ( 'NONE', #5158, #919, #2403 ) ;
#7003 = VERTEX_POINT ( 'NONE', #566 ) ;
#7004 = VECTOR ( 'NONE', #5855, 1000.000000000000000 ) ;
#7005 = PRODUCT_DEFINITION_SHAPE ( 'NONE', 'NONE',  #9081 ) ;
#7006 = ORIENTED_EDGE ( 'NONE', *, *, #4128, .F. ) ;
#7007 = DIRECTION ( 'NONE',  ( 1.000000000000000000, 0.0000000000000000000, 0.0000000000000000000 ) ) ;
#7008 = ORIENTED_EDGE ( 'NONE', *, *, #94, .T. ) ;
#7009 = CARTESIAN_POINT ( 'NONE',  ( -68.77499999999999100, -1.000000000000016700, 1.250000000000000200 ) ) ;
#7010 = CARTESIAN_POINT ( 'NONE',  ( -69.20000000000001700, 6.449999999999983300, 1.499999999999999600 ) ) ;
#7011 = CARTESIAN_POINT ( 'NONE',  ( -72.99999999999998600, 16.79999999999983700, 3.210000000000000000 ) ) ;
#7012 = ADVANCED_FACE ( 'NONE', ( #5504 ), #6284, .T. ) ;
#7013 = LINE ( 'NONE', #2942, #7984 ) ;
#7014 = ORIENTED_EDGE ( 'NONE', *, *, #2174, .F. ) ;
#7015 = ORIENTED_EDGE ( 'NONE', *, *, #3233, .T. ) ;
#7016 = DIRECTION ( 'NONE',  ( 0.0000000000000000000, 0.0000000000000000000, 1.000000000000000000 ) ) ;
#7017 = AXIS2_PLACEMENT_3D ( 'NONE', #5727, #4322, #38 ) ;
#7018 = DIRECTION ( 'NONE',  ( 1.000000000000000000, 0.0000000000000000000, 0.0000000000000000000 ) ) ;
#7019 = DIRECTION ( 'NONE',  ( 1.000000000000000000, 0.0000000000000000000, 0.0000000000000000000 ) ) ;
#7020 = EDGE_LOOP ( 'NONE', ( #253, #6898, #3236, #4504 ) ) ;
#7021 = VECTOR ( 'NONE', #7763, 1000.000000000000000 ) ;
#7022 = EDGE_CURVE ( 'NONE', #8096, #62, #796, .T. ) ;
#7023 =( LENGTH_UNIT ( ) NAMED_UNIT ( * ) SI_UNIT ( .MILLI., .METRE. ) );
#7024 = ORIENTED_EDGE ( 'NONE', *, *, #4468, .T. ) ;
#7025 = ITEM_DEFINED_TRANSFORMATION ( 'NONE', 'NONE', #6112,  #7076 ) ;
#7026 = DIRECTION ( 'NONE',  ( 0.0000000000000000000, 0.0000000000000000000, -1.000000000000000000 ) ) ;
#7027 = PRODUCT_DEFINITION_SHAPE ( 'NONE', 'NONE',  #9021 ) ;
#7028 = VECTOR ( 'NONE', #5441, 1000.000000000000000 ) ;
#7029 = CARTESIAN_POINT ( 'NONE',  ( -69.95993420767852900, 7.100000000000000500, -3.249999999999990700 ) ) ;
#7030 = CARTESIAN_POINT ( 'NONE',  ( -64.29999999999999700, 19.29999999999983000, 3.210000000000000000 ) ) ;
#7031 = ORIENTED_EDGE ( 'NONE', *, *, #2565, .T. ) ;
#7032 = EDGE_CURVE ( 'NONE', #5556, #7743, #473, .T. ) ;
#7033 = AXIS2_PLACEMENT_3D ( 'NONE', #5666, #637, #8570 ) ;
#7034 = PRODUCT_DEFINITION_SHAPE ( 'NONE', 'NONE',  #9096 ) ;
#7035 = ORIENTED_EDGE ( 'NONE', *, *, #196, .F. ) ;
#7036 = CARTESIAN_POINT ( 'NONE',  ( -73.50000000000000000, 21.29999999999984100, 3.210000000000000000 ) ) ;
#7037 = EDGE_LOOP ( 'NONE', ( #4920, #5654, #1683, #7969, #5977, #3725, #4449, #6023 ) ) ;
#7038 = MANIFOLD_SOLID_BREP ( 'Boss-Extrude1', #7654 ) ;
#7039 = CARTESIAN_POINT ( 'NONE',  ( -68.77499999999999100, -3.780000000000008200, 0.8999999999999998000 ) ) ;
#7040 = LINE ( 'NONE', #5551, #6017 ) ;
#7041 = CARTESIAN_POINT ( 'NONE',  ( 4.875000000000000900, 2.399999999999971900, -4.746008088970501900 ) ) ;
#7042 = DIRECTION ( 'NONE',  ( 1.000000000000000000, 0.0000000000000000000, 0.0000000000000000000 ) ) ;
#7043 = VERTEX_POINT ( 'NONE', #4866 ) ;
#7044 = EDGE_CURVE ( 'NONE', #8284, #2067, #3571, .T. ) ;
#7045 = CARTESIAN_POINT ( 'NONE',  ( -67.29999999999998300, 2.550000000000016300, -1.250000000000000000 ) ) ;
#7046 = ORIENTED_EDGE ( 'NONE', *, *, #6173, .T. ) ;
#7047 = AXIS2_PLACEMENT_3D ( 'NONE', #1613, #1031, #997 ) ;
#7048 = LINE ( 'NONE', #3873, #3083 ) ;
#7049 = CARTESIAN_POINT ( 'NONE',  ( 72.75000000000001400, 20.89999999999983900, -3.210000000000000000 ) ) ;
#7050 = DIRECTION ( 'NONE',  ( 0.0000000000000000000, -0.0000000000000000000, -1.000000000000000000 ) ) ;
#7051 = ADVANCED_FACE ( 'NONE', ( #1898 ), #5585, .T. ) ;
#7052 = ORIENTED_EDGE ( 'NONE', *, *, #4912, .F. ) ;
#7053 = CONTEXT_DEPENDENT_SHAPE_REPRESENTATION ( #2104, #7868 ) ;
#7054 = AXIS2_PLACEMENT_3D ( 'NONE', #382, #1180, #3891 ) ;
#7055 = VERTEX_POINT ( 'NONE', #7795 ) ;
#7056 = VECTOR ( 'NONE', #2643, 1000.000000000000000 ) ;
#7057 = LINE ( 'NONE', #3579, #2245 ) ;
#7058 = VECTOR ( 'NONE', #8350, 1000.000000000000000 ) ;
#7059 = CARTESIAN_POINT ( 'NONE',  ( 73.50000000000000000, 21.29999999999984100, 3.210000000000000000 ) ) ;
#7060 = CARTESIAN_POINT ( 'NONE',  ( 5.374999999999996400, -7.927692187742847700E-015, -1.099999999999999900 ) ) ;
#7061 = DIRECTION ( 'NONE',  ( 0.0000000000000000000, 0.0000000000000000000, 1.000000000000000000 ) ) ;
#7062 = AXIS2_PLACEMENT_3D ( 'NONE', #5747, #8596, #1469 ) ;
#7063 = ITEM_DEFINED_TRANSFORMATION ( 'NONE', 'NONE', #64,  #7076 ) ;
#7064 = CARTESIAN_POINT ( 'NONE',  ( 33.99999999999997900, -3.173774696458294400E-015, -3.800000000000000300 ) ) ;
#7065 =( REPRESENTATION_RELATIONSHIP ('NONE','NONE', #6135, #6228 ) REPRESENTATION_RELATIONSHIP_WITH_TRANSFORMATION ( #4503 )SHAPE_REPRESENTATION_RELATIONSHIP( ) );
#7066 = LINE ( 'NONE', #4657, #5157 ) ;
#7067 = ORIENTED_EDGE ( 'NONE', *, *, #1064, .T. ) ;
#7068 = LINE ( 'NONE', #4335, #7744 ) ;
#7069 = LINE ( 'NONE', #7418, #3451 ) ;
#7070 = DIRECTION ( 'NONE',  ( -1.000000000000000000, 0.0000000000000000000, 0.0000000000000000000 ) ) ;
#7071 = CARTESIAN_POINT ( 'NONE',  ( 6.574999999999999300, 0.4000000000000008500, 2.250000000000000000 ) ) ;
#7072 = DIRECTION ( 'NONE',  ( -1.000000000000000000, 0.0000000000000000000, 0.0000000000000000000 ) ) ;
#7073 = AXIS2_PLACEMENT_3D ( 'NONE', #4080, #3399, #1304 ) ;
#7074 = CONTEXT_DEPENDENT_SHAPE_REPRESENTATION ( #522, #4416 ) ;
#7075 = EDGE_CURVE ( 'NONE', #8788, #8746, #5578, .T. ) ;
#7076 = AXIS2_PLACEMENT_3D ( 'NONE', #239, #3768, #3870 ) ;
#7077 = FACE_OUTER_BOUND ( 'NONE', #5744, .T. ) ;
#7078 = EDGE_CURVE ( 'NONE', #2984, #8896, #5925, .T. ) ;
#7079 = DIRECTION ( 'NONE',  ( 0.0000000000000000000, 0.0000000000000000000, 1.000000000000000000 ) ) ;
#7080 = ORIENTED_EDGE ( 'NONE', *, *, #3262, .T. ) ;
#7081 = DIRECTION ( 'NONE',  ( 0.0000000000000000000, 0.0000000000000000000, 1.000000000000000000 ) ) ;
#7082 = ORIENTED_EDGE ( 'NONE', *, *, #3398, .F. ) ;
#7083 = ITEM_DEFINED_TRANSFORMATION ( 'NONE', 'NONE', #3315,  #7076 ) ;
#7084 = FILL_AREA_STYLE_COLOUR ( '', #2394 ) ;
#7085 = VERTEX_POINT ( 'NONE', #8497 ) ;
#7086 = VECTOR ( 'NONE', #240, 1000.000000000000000 ) ;
#7087 = CARTESIAN_POINT ( 'NONE',  ( -69.17499999999999700, -1.696608892509070800E-014, -0.8999999999999998000 ) ) ;
#7088 = ADVANCED_FACE ( 'NONE', ( #2128 ), #2020, .F. ) ;
#7089 =( REPRESENTATION_RELATIONSHIP ('NONE','NONE', #6135, #6228 ) REPRESENTATION_RELATIONSHIP_WITH_TRANSFORMATION ( #6033 )SHAPE_REPRESENTATION_RELATIONSHIP( ) );
#7090 = AXIS2_PLACEMENT_3D ( 'NONE', #1801, #404, #8903 ) ;
#7091 = ORIENTED_EDGE ( 'NONE', *, *, #4078, .F. ) ;
#7092 = EDGE_CURVE ( 'NONE', #7719, #6430, #4041, .T. ) ;
#7093 = CARTESIAN_POINT ( 'NONE',  ( 67.46999999999999900, 16.79999999999983700, -3.210000000000000000 ) ) ;
#7094 = PRODUCT_DEFINITION_SHAPE ( 'NONE', 'NONE',  #9173 ) ;
#7095 = CARTESIAN_POINT ( 'NONE',  ( -69.25000000000000000, 20.49999999999984000, 3.210000000000000000 ) ) ;
#7096 = CARTESIAN_POINT ( 'NONE',  ( 11.89999999999998600, -5.856795686907647900E-015, -3.800000000000000300 ) ) ;
#7097 = CARTESIAN_POINT ( 'NONE',  ( -67.46999999999999900, 3.234711976998478900, 3.210000000000000000 ) ) ;
#7098 = LINE ( 'NONE', #6396, #6547 ) ;
#7099 = CONTEXT_DEPENDENT_SHAPE_REPRESENTATION ( #7612, #2875 ) ;
#7100 = DIRECTION ( 'NONE',  ( 0.0000000000000000000, 0.0000000000000000000, 1.000000000000000000 ) ) ;
#7101 =( REPRESENTATION_RELATIONSHIP ('NONE','NONE', #6135, #6228 ) REPRESENTATION_RELATIONSHIP_WITH_TRANSFORMATION ( #3817 )SHAPE_REPRESENTATION_RELATIONSHIP( ) );
#7102 = ORIENTED_EDGE ( 'NONE', *, *, #6583, .T. ) ;
#7103 = EDGE_CURVE ( 'NONE', #4568, #7238, #4364, .T. ) ;
#7104 = CARTESIAN_POINT ( 'NONE',  ( 68.77500000000000600, -3.779999999999991400, 1.049999999999999800 ) ) ;
#7105 = CONTEXT_DEPENDENT_SHAPE_REPRESENTATION ( #189, #3032 ) ;
#7106 = CARTESIAN_POINT ( 'NONE',  ( -67.97500000000000900, -1.697653496591676600E-014, -2.250000000000000000 ) ) ;
#7107 = ADVANCED_FACE ( 'NONE', ( #3098 ), #6373, .T. ) ;
#7108 = VECTOR ( 'NONE', #6393, 1000.000000000000000 ) ;
#7109 = EDGE_CURVE ( 'NONE', #7606, #3360, #231, .T. ) ;
#7110 = AXIS2_PLACEMENT_3D ( 'NONE', #2859, #2071, #4913 ) ;
#7111 = ORIENTED_EDGE ( 'NONE', *, *, #3275, .T. ) ;
#7112 = PRODUCT_DEFINITION_SHAPE ( 'NONE', 'NONE',  #9131 ) ;
#7113 = PRODUCT_CONTEXT ( 'NONE', #700, 'mechanical' ) ;
#7114 = CONTEXT_DEPENDENT_SHAPE_REPRESENTATION ( #1592, #3632 ) ;
#7115 = CARTESIAN_POINT ( 'NONE',  ( 67.97499999999999400, 0.4000000000000083500, -2.250000000000000000 ) ) ;
#7116 = LINE ( 'NONE', #9013, #1841 ) ;
#7117 = PRODUCT_DEFINITION_SHAPE ( 'NONE', 'NONE',  #9215 ) ;
#7118 = AXIS2_PLACEMENT_3D ( 'NONE', #793, #1626, #861 ) ;
#7119 = ORIENTED_EDGE ( 'NONE', *, *, #2328, .T. ) ;
#7120 = CONTEXT_DEPENDENT_SHAPE_REPRESENTATION ( #4654, #1178 ) ;
#7121 = CARTESIAN_POINT ( 'NONE',  ( 24.64999999999998100, -7.383214455185082800E-015, -5.400000000000000400 ) ) ;
#7122 = ORIENTED_EDGE ( 'NONE', *, *, #4290, .T. ) ;
#7123 = CARTESIAN_POINT ( 'NONE',  ( -68.20000000000001700, 6.449999999999983300, 1.250000000000000200 ) ) ;
#7124 = CARTESIAN_POINT ( 'NONE',  ( -74.50000000000000000, 21.29999999999983700, -3.210000000000000000 ) ) ;
#7125 = DIRECTION ( 'NONE',  ( 0.0000000000000000000, -1.000000000000000000, -1.297076659421812200E-016 ) ) ;
#7126 = AXIS2_PLACEMENT_3D ( 'NONE', #2181, #774, #715 ) ;
#7127 = PRODUCT_DEFINITION_SHAPE ( 'NONE', 'NONE',  #9293 ) ;
#7128 = FACE_OUTER_BOUND ( 'NONE', #5627, .T. ) ;
#7129 = ORIENTED_EDGE ( 'NONE', *, *, #1382, .F. ) ;
#7130 = CARTESIAN_POINT ( 'NONE',  ( -71.00000000000001400, 20.49999999999983700, 3.210000000000000000 ) ) ;
#7131 = DIRECTION ( 'NONE',  ( -0.0000000000000000000, -1.000000000000000000, -0.0000000000000000000 ) ) ;
#7132 = CARTESIAN_POINT ( 'NONE',  ( 70.99999999999998600, 10.60000000000000000, -3.249999999999990700 ) ) ;
#7133 = DIRECTION ( 'NONE',  ( 0.0000000000000000000, 0.0000000000000000000, 1.000000000000000000 ) ) ;
#7134 = PRODUCT_DEFINITION_SHAPE ( 'NONE', 'NONE',  #9303 ) ;
#7135 = AXIS2_PLACEMENT_3D ( 'NONE', #4621, #1063, #1783 ) ;
#7136 =( REPRESENTATION_RELATIONSHIP ('NONE','NONE', #6135, #6228 ) REPRESENTATION_RELATIONSHIP_WITH_TRANSFORMATION ( #2377 )SHAPE_REPRESENTATION_RELATIONSHIP( ) );
#7137 = CARTESIAN_POINT ( 'NONE',  ( 67.46999999999999900, 16.79999999999983700, 3.210000000000000000 ) ) ;
#7138 = VECTOR ( 'NONE', #1984, 1000.000000000000000 ) ;
#7139 = VERTEX_POINT ( 'NONE', #1342 ) ;
#7140 = CARTESIAN_POINT ( 'NONE',  ( -74.50000000000000000, 18.79999999999983700, 3.210000000000000000 ) ) ;
#7141 = AXIS2_PLACEMENT_3D ( 'NONE', #43, #5009, #3543 ) ;
#7142 = AXIS2_PLACEMENT_3D ( 'NONE', #7774, #8504, #6354 ) ;
#7143 = ADVANCED_FACE ( 'NONE', ( #7633 ), #6, .T. ) ;
#7144 = EDGE_CURVE ( 'NONE', #1587, #2327, #1910, .T. ) ;
#7145 = DIRECTION ( 'NONE',  ( 0.0000000000000000000, 0.0000000000000000000, 1.000000000000000000 ) ) ;
#7146 = DIRECTION ( 'NONE',  ( -0.0000000000000000000, 1.000000000000000000, -3.441911658684148300E-016 ) ) ;
#7147 = DIRECTION ( 'NONE',  ( 0.0000000000000000000, 0.0000000000000000000, 1.000000000000000000 ) ) ;
#7148 = DIRECTION ( 'NONE',  ( -4.785444071660135700E-015, -1.000000000000000000, 0.0000000000000000000 ) ) ;
#7149 = LINE ( 'NONE', #1893, #1752 ) ;
#7150 = CARTESIAN_POINT ( 'NONE',  ( 126.6499999999999900, 4.999959346888859800E-015, -5.400000000000000400 ) ) ;
#7151 = ORIENTED_EDGE ( 'NONE', *, *, #8402, .T. ) ;
#7152 = CONTEXT_DEPENDENT_SHAPE_REPRESENTATION ( #2827, #7027 ) ;
#7153 = EDGE_CURVE ( 'NONE', #2761, #739, #5769, .T. ) ;
#7154 = DIRECTION ( 'NONE',  ( 0.0000000000000000000, 0.0000000000000000000, 1.000000000000000000 ) ) ;
#7155 = CARTESIAN_POINT ( 'NONE',  ( -65.75000000000000000, 19.69999999999982500, 3.210000000000000000 ) ) ;
#7156 = VERTEX_POINT ( 'NONE', #3528 ) ;
#7157 = DIRECTION ( 'NONE',  ( 1.000000000000000000, -0.0000000000000000000, 0.0000000000000000000 ) ) ;
#7158 = CARTESIAN_POINT ( 'NONE',  ( 67.50000000000000000, 19.69999999999983200, 3.210000000000000000 ) ) ;
#7159 = ADVANCED_FACE ( 'NONE', ( #8414 ), #8693, .F. ) ;
#7160 = VERTEX_POINT ( 'NONE', #1564 ) ;
#7161 = CARTESIAN_POINT ( 'NONE',  ( 93.49999999999997200, 4.049743354751504500E-015, -3.800000000000000300 ) ) ;
#7162 = CARTESIAN_POINT ( 'NONE',  ( -66.87499999999988600, -135.2593320108918800, 0.7900000000000082500 ) ) ;
#7163 = ORIENTED_EDGE ( 'NONE', *, *, #2880, .F. ) ;
#7164 = CARTESIAN_POINT ( 'NONE',  ( 68.77500000000000600, 1.983047737188762900E-018, 0.9000000000000002400 ) ) ;
#7165 = ORIENTED_EDGE ( 'NONE', *, *, #867, .T. ) ;
#7166 = LINE ( 'NONE', #3652, #2338 ) ;
#7167 = EDGE_CURVE ( 'NONE', #2283, #1806, #1682, .T. ) ;
#7168 = DIRECTION ( 'NONE',  ( -0.0000000000000000000, 0.0000000000000000000, -1.000000000000000000 ) ) ;
#7169 = DIRECTION ( 'NONE',  ( 1.000000000000000000, 1.225453863971292700E-016, 0.0000000000000000000 ) ) ;
#7170 = DIRECTION ( 'NONE',  ( 0.0000000000000000000, 0.0000000000000000000, -1.000000000000000000 ) ) ;
#7171 = ORIENTED_EDGE ( 'NONE', *, *, #4290, .F. ) ;
#7172 = VERTEX_POINT ( 'NONE', #8625 ) ;
#7173 = LINE ( 'NONE', #3585, #2882 ) ;
#7174 = LINE ( 'NONE', #2263, #4580 ) ;
#7175 = APPLICATION_CONTEXT ( 'automotive_design' ) ;
#7176 = CARTESIAN_POINT ( 'NONE',  ( 90.94999999999998900, 7.967347813312588600E-015, -1.600000000000000100 ) ) ;
#7177 = EDGE_CURVE ( 'NONE', #6612, #6929, #22, .T. ) ;
#7178 = CARTESIAN_POINT ( 'NONE',  ( -64.29999999999999700, 3.234711976998478900, 0.9249999999999978200 ) ) ;
#7179 = AXIS2_PLACEMENT_3D ( 'NONE', #2956, #5017, #4429 ) ;
#7180 = CONTEXT_DEPENDENT_SHAPE_REPRESENTATION ( #5672, #4278 ) ;
#7181 = ORIENTED_EDGE ( 'NONE', *, *, #6981, .F. ) ;
#7182 = FACE_OUTER_BOUND ( 'NONE', #8869, .T. ) ;
#7183 = LINE ( 'NONE', #7071, #2673 ) ;
#7184 = DIRECTION ( 'NONE',  ( 1.000000000000000000, 0.0000000000000000000, 0.0000000000000000000 ) ) ;
#7185 = DIRECTION ( 'NONE',  ( -2.891205793294675400E-016, 1.000000000000000000, -5.655364938535500000E-032 ) ) ;
#7186 = LINE ( 'NONE', #8847, #8420 ) ;
#7187 = DIRECTION ( 'NONE',  ( 0.0000000000000000000, 0.0000000000000000000, 1.000000000000000000 ) ) ;
#7188 = ADVANCED_FACE ( 'NONE', ( #2352 ), #5092, .F. ) ;
#7189 = DIRECTION ( 'NONE',  ( -0.0000000000000000000, 1.297076659421811900E-016, -1.000000000000000000 ) ) ;
#7190 = ORIENTED_EDGE ( 'NONE', *, *, #7583, .F. ) ;
#7191 = AXIS2_PLACEMENT_3D ( 'NONE', #952, #2339, #1599 ) ;
#7192 = CONTEXT_DEPENDENT_SHAPE_REPRESENTATION ( #8411, #6824 ) ;
#7193 = ITEM_DEFINED_TRANSFORMATION ( 'NONE', 'NONE', #4537,  #7076 ) ;
#7194 = DIRECTION ( 'NONE',  ( 1.000000000000000000, 7.522539185544284900E-016, -1.224033854544382500E-016 ) ) ;
#7195 = EDGE_LOOP ( 'NONE', ( #3965, #6102, #7667, #2319 ) ) ;
#7196 = VECTOR ( 'NONE', #2308, 1000.000000000000000 ) ;
#7197 = VECTOR ( 'NONE', #6978, 1000.000000000000000 ) ;
#7198 = CARTESIAN_POINT ( 'NONE',  ( -74.50000000000000000, 20.29999999999983700, 3.210000000000000000 ) ) ;
#7199 = DIRECTION ( 'NONE',  ( -0.0000000000000000000, -0.0000000000000000000, -1.000000000000000000 ) ) ;
#7200 = AXIS2_PLACEMENT_3D ( 'NONE', #6408, #7938, #2805 ) ;
#7201 = EDGE_LOOP ( 'NONE', ( #7999, #7363 ) ) ;
#7202 = DIRECTION ( 'NONE',  ( -0.0000000000000000000, -1.000000000000000000, -0.0000000000000000000 ) ) ;
#7203 = CARTESIAN_POINT ( 'NONE',  ( 70.20000000000001700, 6.450000000000001100, -1.250000000000000200 ) ) ;
#7204 = DIRECTION ( 'NONE',  ( 1.000000000000000000, -0.0000000000000000000, 0.0000000000000000000 ) ) ;
#7205 = DIRECTION ( 'NONE',  ( 0.0000000000000000000, -0.9974221446084792200, 0.07175698882075462500 ) ) ;
#7206 = DIRECTION ( 'NONE',  ( 0.0000000000000000000, 0.0000000000000000000, 1.000000000000000000 ) ) ;
#7207 = CONTEXT_DEPENDENT_SHAPE_REPRESENTATION ( #1301, #8483 ) ;
#7208 = ORIENTED_EDGE ( 'NONE', *, *, #6289, .F. ) ;
#7209 = PRODUCT_DEFINITION_SHAPE ( 'NONE', 'NONE',  #9091 ) ;
#7210 = DIRECTION ( 'NONE',  ( 0.0000000000000000000, 1.000000000000000000, 0.0000000000000000000 ) ) ;
#7211 = LINE ( 'NONE', #4102, #7980 ) ;
#7212 = ADVANCED_FACE ( 'NONE', ( #4258 ), #4370, .F. ) ;
#7213 = DIRECTION ( 'NONE',  ( 1.000000000000000000, 0.0000000000000000000, -0.0000000000000000000 ) ) ;
#7214 = ITEM_DEFINED_TRANSFORMATION ( 'NONE', 'NONE', #5737,  #7076 ) ;
#7215 = VERTEX_POINT ( 'NONE', #2876 ) ;
#7216 = CONTEXT_DEPENDENT_SHAPE_REPRESENTATION ( #7601, #3956 ) ;
#7217 = EDGE_CURVE ( 'NONE', #6724, #7867, #579, .T. ) ;
#7218 = DIRECTION ( 'NONE',  ( 1.000000000000000000, 0.0000000000000000000, 0.0000000000000000000 ) ) ;
#7219 = FACE_OUTER_BOUND ( 'NONE', #7250, .T. ) ;
#7220 = CARTESIAN_POINT ( 'NONE',  ( -67.50000000000000000, 19.69999999999983200, -3.210000000000000000 ) ) ;
#7221 = ORIENTED_EDGE ( 'NONE', *, *, #665, .T. ) ;
#7222 = DIRECTION ( 'NONE',  ( 1.000000000000000000, 0.0000000000000000000, 0.0000000000000000000 ) ) ;
#7223 = CARTESIAN_POINT ( 'NONE',  ( -65.75000000000000000, 19.69999999999982500, -3.210000000000000000 ) ) ;
#7224 = DIRECTION ( 'NONE',  ( 1.225453863971292700E-016, -1.000000000000000000, -0.0000000000000000000 ) ) ;
#7225 = FACE_OUTER_BOUND ( 'NONE', #5581, .T. ) ;
#7226 = ITEM_DEFINED_TRANSFORMATION ( 'NONE', 'NONE', #8333,  #7076 ) ;
#7227 = EDGE_CURVE ( 'NONE', #554, #3996, #1152, .T. ) ;
#7228 = ORIENTED_EDGE ( 'NONE', *, *, #8240, .F. ) ;
#7229 = AXIS2_PLACEMENT_3D ( 'NONE', #313, #8906, #6098 ) ;
#7230 = DIRECTION ( 'NONE',  ( -1.000000000000000000, 0.0000000000000000000, 0.0000000000000000000 ) ) ;
#7231 = DIRECTION ( 'NONE',  ( 1.000000000000000000, 0.0000000000000000000, 0.0000000000000000000 ) ) ;
#7232 = CARTESIAN_POINT ( 'NONE',  ( 5.374999999999996400, -7.721501420921464000E-015, 0.0000000000000000000 ) ) ;
#7233 = ITEM_DEFINED_TRANSFORMATION ( 'NONE', 'NONE', #6336,  #7076 ) ;
#7234 = DIRECTION ( 'NONE',  ( 1.225453863971292700E-016, -1.000000000000000000, 0.0000000000000000000 ) ) ;
#7235 = LINE ( 'NONE', #5505, #964 ) ;
#7236 =( REPRESENTATION_RELATIONSHIP ('NONE','NONE', #6135, #6228 ) REPRESENTATION_RELATIONSHIP_WITH_TRANSFORMATION ( #5704 )SHAPE_REPRESENTATION_RELATIONSHIP( ) );
#7237 = DIRECTION ( 'NONE',  ( -0.0000000000000000000, -0.0000000000000000000, -1.000000000000000000 ) ) ;
#7238 = VERTEX_POINT ( 'NONE', #5061 ) ;
#7239 = PRODUCT_DEFINITION_SHAPE ( 'NONE', 'NONE',  #9104 ) ;
#7240 = ITEM_DEFINED_TRANSFORMATION ( 'NONE', 'NONE', #3542,  #7076 ) ;
#7241 = VERTEX_POINT ( 'NONE', #784 ) ;
#7242 = DIRECTION ( 'NONE',  ( -1.000000000000000000, 2.891205793294675400E-016, 0.0000000000000000000 ) ) ;
#7243 = CARTESIAN_POINT ( 'NONE',  ( 68.77500000000000600, -2.184533761093355100E-016, -0.8999999999999998000 ) ) ;
#7244 = EDGE_CURVE ( 'NONE', #3164, #5864, #7971, .T. ) ;
#7245 = ORIENTED_EDGE ( 'NONE', *, *, #3709, .T. ) ;
#7246 = FACE_OUTER_BOUND ( 'NONE', #1492, .T. ) ;
#7247 = VERTEX_POINT ( 'NONE', #1442 ) ;
#7248 = ORIENTED_EDGE ( 'NONE', *, *, #7798, .T. ) ;
#7249 = DIRECTION ( 'NONE',  ( 0.0000000000000000000, 0.0000000000000000000, 1.000000000000000000 ) ) ;
#7250 = EDGE_LOOP ( 'NONE', ( #3317, #8342, #4897, #1778 ) ) ;
#7251 = AXIS2_PLACEMENT_3D ( 'NONE', #8389, #682, #4989 ) ;
#7252 = CARTESIAN_POINT ( 'NONE',  ( 65.75000000000000000, 19.29999999999982300, 3.210000000000000000 ) ) ;
#7253 = LINE ( 'NONE', #7806, #7476 ) ;
#7254 = ORIENTED_EDGE ( 'NONE', *, *, #4279, .T. ) ;
#7255 = DIRECTION ( 'NONE',  ( 0.0000000000000000000, 0.0000000000000000000, 1.000000000000000000 ) ) ;
#7256 = CARTESIAN_POINT ( 'NONE',  ( -63.49999999999998600, -2.100000000000000100, 2.800000000000000300 ) ) ;
#7257 = ADVANCED_FACE ( 'NONE', ( #3115 ), #7947, .F. ) ;
#7258 = LINE ( 'NONE', #3795, #7021 ) ;
#7259 = CARTESIAN_POINT ( 'NONE',  ( 67.29999999999999700, 10.60000000000000000, -3.249999999999990700 ) ) ;
#7260 = ORIENTED_EDGE ( 'NONE', *, *, #3527, .F. ) ;
#7261 = ITEM_DEFINED_TRANSFORMATION ( 'NONE', 'NONE', #8533,  #7076 ) ;
#7262 =( LENGTH_UNIT ( ) NAMED_UNIT ( * ) SI_UNIT ( .MILLI., .METRE. ) );
#7263 = CARTESIAN_POINT ( 'NONE',  ( 74.50000000000000000, 18.79999999999983700, -3.210000000000000000 ) ) ;
#7264 = AXIS2_PLACEMENT_3D ( 'NONE', #4340, #3261, #392 ) ;
#7265 =( REPRESENTATION_RELATIONSHIP ('NONE','NONE', #6135, #6228 ) REPRESENTATION_RELATIONSHIP_WITH_TRANSFORMATION ( #1595 )SHAPE_REPRESENTATION_RELATIONSHIP( ) );
#7266 = DIRECTION ( 'NONE',  ( 0.0000000000000000000, -0.0000000000000000000, 1.000000000000000000 ) ) ;
#7267 = CARTESIAN_POINT ( 'NONE',  ( 117.2999999999999700, 6.939150575235423600E-015, -3.800000000000000300 ) ) ;
#7268 = PRODUCT_DEFINITION_SHAPE ( 'NONE', 'NONE',  #9164 ) ;
#7269 = AXIS2_PLACEMENT_3D ( 'NONE', #7121, #7905, #765 ) ;
#7270 = LINE ( 'NONE', #4139, #4671 ) ;
#7271 = EDGE_CURVE ( 'NONE', #7055, #2767, #2815, .T. ) ;
#7272 = DIRECTION ( 'NONE',  ( 0.0000000000000000000, 0.0000000000000000000, 1.000000000000000000 ) ) ;
#7273 = EDGE_LOOP ( 'NONE', ( #6828, #3708, #4336, #888 ) ) ;
#7274 = CARTESIAN_POINT ( 'NONE',  ( 70.20000000000001700, 2.694222958124186400E-016, 2.750000000000008900 ) ) ;
#7275 = PRODUCT_DEFINITION_SHAPE ( 'NONE', 'NONE',  #9207 ) ;
#7276 = CARTESIAN_POINT ( 'NONE',  ( -69.17499999999999700, -1.000000000000016700, 1.250000000000000200 ) ) ;
#7277 = DIRECTION ( 'NONE',  ( 0.0000000000000000000, 0.0000000000000000000, 1.000000000000000000 ) ) ;
#7278 = ORIENTED_EDGE ( 'NONE', *, *, #7648, .F. ) ;
#7279 = EDGE_LOOP ( 'NONE', ( #7374, #8750, #319, #8337 ) ) ;
#7280 = LINE ( 'NONE', #4277, #4569 ) ;
#7281 = DIRECTION ( 'NONE',  ( 0.0000000000000000000, 0.0000000000000000000, -1.000000000000000000 ) ) ;
#7282 = PRODUCT_DEFINITION_SHAPE ( 'NONE', 'NONE',  #9245 ) ;
#7283 = EDGE_CURVE ( 'NONE', #7085, #4119, #922, .T. ) ;
#7284 = CARTESIAN_POINT ( 'NONE',  ( -74.50000000000000000, 18.79999999999983700, -3.210000000000000000 ) ) ;
#7285 = VERTEX_POINT ( 'NONE', #4405 ) ;
#7286 = ORIENTED_EDGE ( 'NONE', *, *, #4066, .F. ) ;
#7287 = VECTOR ( 'NONE', #4402, 1000.000000000000000 ) ;
#7288 = EDGE_CURVE ( 'NONE', #7777, #7803, #3232, .T. ) ;
#7289 = CARTESIAN_POINT ( 'NONE',  ( -69.17499999999999700, -3.780000000000008200, 0.8999999999999998000 ) ) ;
#7290 = DIRECTION ( 'NONE',  ( 0.0000000000000000000, 1.000000000000000000, -9.170862062490001400E-032 ) ) ;
#7291 = CARTESIAN_POINT ( 'NONE',  ( 70.20000000000001700, 2.694222958124186400E-016, 3.250000000000008900 ) ) ;
#7292 = ORIENTED_EDGE ( 'NONE', *, *, #8892, .T. ) ;
#7293 = EDGE_CURVE ( 'NONE', #6110, #7451, #7309, .T. ) ;
#7294 = ORIENTED_EDGE ( 'NONE', *, *, #3095, .T. ) ;
#7295 = DIRECTION ( 'NONE',  ( -2.891205793294675400E-016, 1.000000000000000000, 0.0000000000000000000 ) ) ;
#7296 = ORIENTED_EDGE ( 'NONE', *, *, #1292, .F. ) ;
#7297 = AXIS2_PLACEMENT_3D ( 'NONE', #3264, #3318, #6145 ) ;
#7298 = VECTOR ( 'NONE', #5480, 1000.000000000000000 ) ;
#7299 = LINE ( 'NONE', #1407, #5045 ) ;
#7300 = LINE ( 'NONE', #9015, #7058 ) ;
#7301 = PLANE ( 'NONE',  #1490 ) ;
#7302 = ADVANCED_FACE ( 'NONE', ( #1255 ), #7301, .T. ) ;
#7303 = CARTESIAN_POINT ( 'NONE',  ( -65.75000000000000000, 19.29999999999982300, 3.210000000000000000 ) ) ;
#7304 = DIRECTION ( 'NONE',  ( -1.000000000000000000, -1.214036647262151200E-016, 1.224033854544382500E-016 ) ) ;
#7305 = VECTOR ( 'NONE', #6764, 1000.000000000000000 ) ;
#7306 = EDGE_LOOP ( 'NONE', ( #3149, #2923, #1536, #7728 ) ) ;
#7307 = LINE ( 'NONE', #6431, #8200 ) ;
#7308 = CARTESIAN_POINT ( 'NONE',  ( -67.50000000000000000, 19.69999999999983200, 3.210000000000000000 ) ) ;
#7309 = CIRCLE ( 'NONE', #6406, 0.7000000000000009500 ) ;
#7310 = CARTESIAN_POINT ( 'NONE',  ( 14.44999999999999400, -1.320032538242868700E-015, -1.600000000000000100 ) ) ;
#7311 =( REPRESENTATION_RELATIONSHIP ('NONE','NONE', #6135, #6228 ) REPRESENTATION_RELATIONSHIP_WITH_TRANSFORMATION ( #4077 )SHAPE_REPRESENTATION_RELATIONSHIP( ) );
#7312 = PRODUCT_DEFINITION_SHAPE ( 'NONE', 'NONE',  #9056 ) ;
#7313 = ITEM_DEFINED_TRANSFORMATION ( 'NONE', 'NONE', #6902,  #7076 ) ;
#7314 = CARTESIAN_POINT ( 'NONE',  ( -64.29999999999999700, 15.59999999999998500, -3.249999999999990700 ) ) ;
#7315 = CONTEXT_DEPENDENT_SHAPE_REPRESENTATION ( #4400, #2490 ) ;
#7316 = DIRECTION ( 'NONE',  ( -0.0000000000000000000, 1.000000000000000000, 0.0000000000000000000 ) ) ;
#7317 = VECTOR ( 'NONE', #7731, 1000.000000000000000 ) ;
#7318 = CARTESIAN_POINT ( 'NONE',  ( -67.29999999999998300, 7.100000000000000500, -1.500000000000000000 ) ) ;
#7319 = CONTEXT_DEPENDENT_SHAPE_REPRESENTATION ( #5086, #1261 ) ;
#7320 = ORIENTED_EDGE ( 'NONE', *, *, #275, .T. ) ;
#7321 = AXIS2_PLACEMENT_3D ( 'NONE', #8102, #2430, #7489 ) ;
#7322 = PRODUCT_DEFINITION_SHAPE ( 'NONE', 'NONE',  #9080 ) ;
#7323 = DIRECTION ( 'NONE',  ( 1.225453863971292700E-016, -1.000000000000000000, -0.0000000000000000000 ) ) ;
#7324 = AXIS2_PLACEMENT_3D ( 'NONE', #5373, #5311, #1738 ) ;
#7325 = LINE ( 'NONE', #6573, #6069 ) ;
#7326 = EDGE_CURVE ( 'NONE', #3610, #4797, #8074, .T. ) ;
#7327 = FACE_OUTER_BOUND ( 'NONE', #3665, .T. ) ;
#7328 = ORIENTED_EDGE ( 'NONE', *, *, #5183, .T. ) ;
#7329 = CARTESIAN_POINT ( 'NONE',  ( 69.97499999999999400, 0.4000000000000085700, 2.249999999999999600 ) ) ;
#7330 = CONTEXT_DEPENDENT_SHAPE_REPRESENTATION ( #3141, #6355 ) ;
#7331 = VERTEX_POINT ( 'NONE', #6441 ) ;
#7332 = DIRECTION ( 'NONE',  ( 0.0000000000000000000, 0.0000000000000000000, 1.000000000000000000 ) ) ;
#7333 = VECTOR ( 'NONE', #5020, 1000.000000000000000 ) ;
#7334 = ITEM_DEFINED_TRANSFORMATION ( 'NONE', 'NONE', #8516,  #7076 ) ;
#7335 = VERTEX_POINT ( 'NONE', #7384 ) ;
#7336 = CARTESIAN_POINT ( 'NONE',  ( 11.04999999999999400, -1.732804998312000100E-015, -1.600000000000000100 ) ) ;
#7337 = EDGE_CURVE ( 'NONE', #4791, #2968, #2683, .T. ) ;
#7338 = CARTESIAN_POINT ( 'NONE',  ( 3.399999999999999900, 4.127724600691313800E-016, 0.0000000000000000000 ) ) ;
#7339 = FACE_OUTER_BOUND ( 'NONE', #3112, .T. ) ;
#7340 = CARTESIAN_POINT ( 'NONE',  ( -67.29999999999998300, 2.550000000000016300, -1.250000000000000000 ) ) ;
#7341 = CONTEXT_DEPENDENT_SHAPE_REPRESENTATION ( #9000, #541 ) ;
#7342 = VERTEX_POINT ( 'NONE', #8830 ) ;
#7343 = PLANE ( 'NONE',  #3842 ) ;
#7344 = ADVANCED_FACE ( 'NONE', ( #5829 ), #2966, .F. ) ;
#7345 = CONTEXT_DEPENDENT_SHAPE_REPRESENTATION ( #4490, #671 ) ;
#7346 = VECTOR ( 'NONE', #5016, 1000.000000000000000 ) ;
#7347 = EDGE_CURVE ( 'NONE', #2817, #5516, #1360, .T. ) ;
#7348 = ORIENTED_EDGE ( 'NONE', *, *, #6691, .F. ) ;
#7349 = VERTEX_POINT ( 'NONE', #1640 ) ;
#7350 = AXIS2_PLACEMENT_3D ( 'NONE', #4186, #2116, #5659 ) ;
#7351 = CONTEXT_DEPENDENT_SHAPE_REPRESENTATION ( #3854, #4751 ) ;
#7352 = ORIENTED_EDGE ( 'NONE', *, *, #4546, .T. ) ;
#7353 = CARTESIAN_POINT ( 'NONE',  ( 71.28835064300848500, 15.84446542605952700, -1.520904889512234800 ) ) ;
#7354 = DIRECTION ( 'NONE',  ( -1.000000000000000000, -1.225453863971293700E-016, 0.0000000000000000000 ) ) ;
#7355 =( REPRESENTATION_RELATIONSHIP ('NONE','NONE', #6135, #6228 ) REPRESENTATION_RELATIONSHIP_WITH_TRANSFORMATION ( #8325 )SHAPE_REPRESENTATION_RELATIONSHIP( ) );
#7356 = DIRECTION ( 'NONE',  ( -1.000000000000000000, -1.225453863971292700E-016, 1.252177156955089600E-016 ) ) ;
#7357 = LINE ( 'NONE', #8629, #3165 ) ;
#7358 = EDGE_LOOP ( 'NONE', ( #5544, #1112, #5050, #5670 ) ) ;
#7359 = DIRECTION ( 'NONE',  ( 0.0000000000000000000, -0.0000000000000000000, -1.000000000000000000 ) ) ;
#7360 = ITEM_DEFINED_TRANSFORMATION ( 'NONE', 'NONE', #5008,  #7076 ) ;
#7361 = EDGE_CURVE ( 'NONE', #8084, #8644, #4823, .T. ) ;
#7362 = PRODUCT_DEFINITION_SHAPE ( 'NONE', 'NONE',  #9040 ) ;
#7363 = ORIENTED_EDGE ( 'NONE', *, *, #4066, .T. ) ;
#7364 = DIRECTION ( 'NONE',  ( 1.000000000000000000, 0.0000000000000000000, 0.0000000000000000000 ) ) ;
#7365 = VECTOR ( 'NONE', #8397, 1000.000000000000000 ) ;
#7366 =( REPRESENTATION_RELATIONSHIP ('NONE','NONE', #6135, #6228 ) REPRESENTATION_RELATIONSHIP_WITH_TRANSFORMATION ( #5104 )SHAPE_REPRESENTATION_RELATIONSHIP( ) );
#7367 = ORIENTED_EDGE ( 'NONE', *, *, #422, .T. ) ;
#7368 = CARTESIAN_POINT ( 'NONE',  ( 4.574999999999999300, 0.4000000000000005800, 2.250000000000000000 ) ) ;
#7369 = AXIS2_PLACEMENT_3D ( 'NONE', #6387, #4770, #5500 ) ;
#7370 = VECTOR ( 'NONE', #8894, 1000.000000000000000 ) ;
#7371 = VERTEX_POINT ( 'NONE', #194 ) ;
#7372 = AXIS2_PLACEMENT_3D ( 'NONE', #828, #1315, #4933 ) ;
#7373 = CONTEXT_DEPENDENT_SHAPE_REPRESENTATION ( #2885, #6129 ) ;
#7374 = ORIENTED_EDGE ( 'NONE', *, *, #2507, .T. ) ;
#7375 = CARTESIAN_POINT ( 'NONE',  ( 64.29999999999999700, 16.79999999999983700, -3.210000000000000000 ) ) ;
#7376 = CARTESIAN_POINT ( 'NONE',  ( 72.99999999999998600, 16.79999999999983700, -3.210000000000000000 ) ) ;
#7377 = EDGE_LOOP ( 'NONE', ( #6331, #7904, #4715, #6389 ) ) ;
#7378 =( NAMED_UNIT ( * ) PLANE_ANGLE_UNIT ( ) SI_UNIT ( $, .RADIAN. ) );
#7379 = DIRECTION ( 'NONE',  ( 1.000000000000000000, 1.225453863971292700E-016, -0.0000000000000000000 ) ) ;
#7380 = DIRECTION ( 'NONE',  ( -0.0000000000000000000, -0.0000000000000000000, -1.000000000000000000 ) ) ;
#7381 = AXIS2_PLACEMENT_3D ( 'NONE', #8623, #5835, #8692 ) ;
#7382 = ORIENTED_EDGE ( 'NONE', *, *, #304, .T. ) ;
#7383 =( REPRESENTATION_RELATIONSHIP ('NONE','NONE', #6135, #6228 ) REPRESENTATION_RELATIONSHIP_WITH_TRANSFORMATION ( #5422 )SHAPE_REPRESENTATION_RELATIONSHIP( ) );
#7384 = CARTESIAN_POINT ( 'NONE',  ( 65.75000000000000000, 19.69999999999982500, 3.210000000000000000 ) ) ;
#7385 = EDGE_CURVE ( 'NONE', #6776, #2938, #6052, .T. ) ;
#7386 = VERTEX_POINT ( 'NONE', #6601 ) ;
#7387 = ORIENTED_EDGE ( 'NONE', *, *, #8135, .T. ) ;
#7388 = FACE_OUTER_BOUND ( 'NONE', #4766, .T. ) ;
#7389 = DIRECTION ( 'NONE',  ( 1.000000000000000000, 0.0000000000000000000, 0.0000000000000000000 ) ) ;
#7390 = DIRECTION ( 'NONE',  ( 1.000000000000000000, 0.0000000000000000000, 0.0000000000000000000 ) ) ;
#7391 =( REPRESENTATION_RELATIONSHIP ('NONE','NONE', #6135, #6228 ) REPRESENTATION_RELATIONSHIP_WITH_TRANSFORMATION ( #5888 )SHAPE_REPRESENTATION_RELATIONSHIP( ) );
#7392 = CARTESIAN_POINT ( 'NONE',  ( 70.20000000000001700, 2.694222958124186400E-016, -3.250000000000008900 ) ) ;
#7393 = ORIENTED_EDGE ( 'NONE', *, *, #5934, .T. ) ;
#7394 = CARTESIAN_POINT ( 'NONE',  ( -64.29999999999999700, 19.29999999999983000, -3.210000000000000000 ) ) ;
#7395 = ORIENTED_EDGE ( 'NONE', *, *, #6853, .T. ) ;
#7396 = EDGE_LOOP ( 'NONE', ( #7387, #2860, #4091, #1456 ) ) ;
#7397 = LINE ( 'NONE', #6708, #5487 ) ;
#7398 = VERTEX_POINT ( 'NONE', #5234 ) ;
#7399 = LINE ( 'NONE', #4064, #4696 ) ;
#7400 = EDGE_CURVE ( 'NONE', #1091, #288, #2019, .T. ) ;
#7401 = DIRECTION ( 'NONE',  ( 0.0000000000000000000, 0.0000000000000000000, -1.000000000000000000 ) ) ;
#7402 = CARTESIAN_POINT ( 'NONE',  ( 67.29999999999998300, 7.100000000000000500, -1.500000000000000000 ) ) ;
#7403 = CONTEXT_DEPENDENT_SHAPE_REPRESENTATION ( #2138, #2323 ) ;
#7404 = VECTOR ( 'NONE', #4314, 1000.000000000000000 ) ;
#7405 = EDGE_LOOP ( 'NONE', ( #7634, #6064, #8167, #6240 ) ) ;
#7406 = VECTOR ( 'NONE', #4510, 1000.000000000000000 ) ;
#7407 = EDGE_CURVE ( 'NONE', #1612, #6453, #3914, .T. ) ;
#7408 = CIRCLE ( 'NONE', #7846, 1.000000000000000900 ) ;
#7409 = PRODUCT_DEFINITION_SHAPE ( 'NONE', 'NONE',  #9136 ) ;
#7410 = FACE_OUTER_BOUND ( 'NONE', #4981, .T. ) ;
#7411 = CARTESIAN_POINT ( 'NONE',  ( 68.20000000000001700, 6.450000000000001100, -2.750000000000008900 ) ) ;
#7412 = EDGE_CURVE ( 'NONE', #8231, #8602, #7069, .T. ) ;
#7413 = DIRECTION ( 'NONE',  ( 0.0000000000000000000, -1.836970198721009700E-016, -1.000000000000000000 ) ) ;
#7414 = AXIS2_PLACEMENT_3D ( 'NONE', #5139, #8652, #120 ) ;
#7415 = ITEM_DEFINED_TRANSFORMATION ( 'NONE', 'NONE', #8827,  #7076 ) ;
#7416 = PRODUCT_DEFINITION_SHAPE ( 'NONE', 'NONE',  #9177 ) ;
#7417 = ORIENTED_EDGE ( 'NONE', *, *, #4321, .T. ) ;
#7418 = CARTESIAN_POINT ( 'NONE',  ( 64.79999999999999700, 16.79999999999983700, 3.210000000000000000 ) ) ;
#7419 = VECTOR ( 'NONE', #7304, 1000.000000000000000 ) ;
#7420 = VECTOR ( 'NONE', #6470, 1000.000000000000000 ) ;
#7421 = ORIENTED_EDGE ( 'NONE', *, *, #9016, .F. ) ;
#7422 = PRODUCT_DEFINITION_SHAPE ( 'NONE', 'NONE',  #9264 ) ;
#7423 = AXIS2_PLACEMENT_3D ( 'NONE', #1343, #630, #6312 ) ;
#7424 = DIRECTION ( 'NONE',  ( 1.000000000000000000, 0.0000000000000000000, 0.0000000000000000000 ) ) ;
#7425 = ITEM_DEFINED_TRANSFORMATION ( 'NONE', 'NONE', #1616,  #7076 ) ;
#7426 = DIRECTION ( 'NONE',  ( 0.0000000000000000000, 0.0000000000000000000, 1.000000000000000000 ) ) ;
#7427 = VECTOR ( 'NONE', #6414, 1000.000000000000000 ) ;
#7428 = DIRECTION ( 'NONE',  ( -0.0000000000000000000, -0.0000000000000000000, -1.000000000000000000 ) ) ;
#7429 = AXIS2_PLACEMENT_3D ( 'NONE', #8838, #3858, #6804 ) ;
#7430 = CONTEXT_DEPENDENT_SHAPE_REPRESENTATION ( #2015, #5295 ) ;
#7431 = VERTEX_POINT ( 'NONE', #8861 ) ;
#7432 = CARTESIAN_POINT ( 'NONE',  ( -71.00000000000001400, 20.89999999999983900, 3.210000000000000000 ) ) ;
#7433 = CARTESIAN_POINT ( 'NONE',  ( 68.77500000000000600, -2.184533761093355100E-016, -0.8999999999999998000 ) ) ;
#7434 = DIRECTION ( 'NONE',  ( 1.000000000000000000, 0.0000000000000000000, 0.0000000000000000000 ) ) ;
#7435 = FACE_BOUND ( 'NONE', #4357, .T. ) ;
#7436 = AXIS2_PLACEMENT_3D ( 'NONE', #6837, #8977, #4005 ) ;
#7437 = ITEM_DEFINED_TRANSFORMATION ( 'NONE', 'NONE', #390,  #7076 ) ;
#7438 = EDGE_LOOP ( 'NONE', ( #1606, #4693, #7532, #2321 ) ) ;
#7439 = CARTESIAN_POINT ( 'NONE',  ( 67.29999999999998300, 7.100000000000000500, 1.250000000000000000 ) ) ;
#7440 = CARTESIAN_POINT ( 'NONE',  ( -70.99999999999998600, 7.100000000000000500, -1.500000000000000000 ) ) ;
#7441 = STYLED_ITEM ( 'NONE', ( #7609 ), #333 ) ;
#7442 = DIRECTION ( 'NONE',  ( 1.000000000000000000, 0.0000000000000000000, -0.0000000000000000000 ) ) ;
#7443 = ITEM_DEFINED_TRANSFORMATION ( 'NONE', 'NONE', #717,  #7076 ) ;
#7444 = EDGE_CURVE ( 'NONE', #8277, #7572, #812, .T. ) ;
#7445 = DIRECTION ( 'NONE',  ( 1.000000000000000000, 0.0000000000000000000, 0.0000000000000000000 ) ) ;
#7446 = CARTESIAN_POINT ( 'NONE',  ( 69.25000000000000000, 20.09999999999984200, 3.210000000000000000 ) ) ;
#7447 = LINE ( 'NONE', #4204, #3035 ) ;
#7448 =( REPRESENTATION_RELATIONSHIP ('NONE','NONE', #6135, #6228 ) REPRESENTATION_RELATIONSHIP_WITH_TRANSFORMATION ( #3722 )SHAPE_REPRESENTATION_RELATIONSHIP( ) );
#7449 = PLANE ( 'NONE',  #6536 ) ;
#7450 = DIRECTION ( 'NONE',  ( -0.0000000000000000000, -0.0000000000000000000, -1.000000000000000000 ) ) ;
#7451 = VERTEX_POINT ( 'NONE', #3748 ) ;
#7452 = CARTESIAN_POINT ( 'NONE',  ( 105.3999999999999900, 1.279594626214307200E-014, 0.0000000000000000000 ) ) ;
#7453 = DIRECTION ( 'NONE',  ( 0.0000000000000000000, 0.0000000000000000000, -1.000000000000000000 ) ) ;
#7454 = DIRECTION ( 'NONE',  ( 0.0000000000000000000, 1.000000000000000000, -3.441911658684148800E-016 ) ) ;
#7455 = ITEM_DEFINED_TRANSFORMATION ( 'NONE', 'NONE', #6946,  #7076 ) ;
#7456 = CARTESIAN_POINT ( 'NONE',  ( -68.20000000000001700, 6.449999999999984200, -2.750000000000008900 ) ) ;
#7457 = FACE_OUTER_BOUND ( 'NONE', #4758, .T. ) ;
#7458 = ORIENTED_EDGE ( 'NONE', *, *, #1585, .T. ) ;
#7459 = EDGE_CURVE ( 'NONE', #1814, #1350, #8993, .T. ) ;
#7460 =( REPRESENTATION_RELATIONSHIP ('NONE','NONE', #6135, #6228 ) REPRESENTATION_RELATIONSHIP_WITH_TRANSFORMATION ( #4536 )SHAPE_REPRESENTATION_RELATIONSHIP( ) );
#7461 = ORIENTED_EDGE ( 'NONE', *, *, #8164, .T. ) ;
#7462 = DIRECTION ( 'NONE',  ( -1.000000000000000000, 0.0000000000000000000, 0.0000000000000000000 ) ) ;
#7463 = DIRECTION ( 'NONE',  ( 0.0000000000000000000, -0.0000000000000000000, -1.000000000000000000 ) ) ;
#7464 = LINE ( 'NONE', #702, #5545 ) ;
#7465 = DIRECTION ( 'NONE',  ( 0.0000000000000000000, 0.0000000000000000000, 1.000000000000000000 ) ) ;
#7466 = PRODUCT_DEFINITION_SHAPE ( 'NONE', 'NONE',  #9084 ) ;
#7467 = VERTEX_POINT ( 'NONE', #3080 ) ;
#7468 = CARTESIAN_POINT ( 'NONE',  ( 124.9499999999999700, 1.209507241400390200E-014, -1.600000000000000100 ) ) ;
#7469 = CONTEXT_DEPENDENT_SHAPE_REPRESENTATION ( #6800, #7604 ) ;
#7470 = DIRECTION ( 'NONE',  ( 1.000000000000000000, 0.0000000000000000000, 0.0000000000000000000 ) ) ;
#7471 = CARTESIAN_POINT ( 'NONE',  ( 69.17499999999999700, -1.694352215504838400E-016, -0.8999999999999998000 ) ) ;
#7472 = ORIENTED_EDGE ( 'NONE', *, *, #7217, .T. ) ;
#7473 = EDGE_CURVE ( 'NONE', #7509, #8628, #4602, .T. ) ;
#7474 = VERTEX_POINT ( 'NONE', #6686 ) ;
#7475 = AXIS2_PLACEMENT_3D ( 'NONE', #7178, #763, #5696 ) ;
#7476 = VECTOR ( 'NONE', #761, 1000.000000000000000 ) ;
#7477 = CARTESIAN_POINT ( 'NONE',  ( -70.99999999999998600, 10.59999999999998200, -3.249999999999990700 ) ) ;
#7478 = ORIENTED_EDGE ( 'NONE', *, *, #7400, .T. ) ;
#7479 = CARTESIAN_POINT ( 'NONE',  ( 67.50000000000000000, 19.69999999999983200, 3.210000000000000000 ) ) ;
#7480 = ITEM_DEFINED_TRANSFORMATION ( 'NONE', 'NONE', #2257,  #7076 ) ;
#7481 = DIRECTION ( 'NONE',  ( 0.0000000000000000000, 0.0000000000000000000, -1.000000000000000000 ) ) ;
#7482 = CARTESIAN_POINT ( 'NONE',  ( -72.12082249209497300, 16.61105894728057600, -2.340051285131160300 ) ) ;
#7483 = CARTESIAN_POINT ( 'NONE',  ( 68.77500000000000600, -1.000000000000000000, 1.100000000000000300 ) ) ;
#7484 = CARTESIAN_POINT ( 'NONE',  ( 95.19999999999998900, 1.155762888193567800E-014, 0.0000000000000000000 ) ) ;
#7485 = CARTESIAN_POINT ( 'NONE',  ( -69.17499999999999700, -1.677214462626080000E-014, 0.0000000000000000000 ) ) ;
#7486 = CIRCLE ( 'NONE', #2235, 1.000000000000000900 ) ;
#7487 = VERTEX_POINT ( 'NONE', #5268 ) ;
#7488 = CARTESIAN_POINT ( 'NONE',  ( -68.77499999999999100, -1.000000000000016900, -1.249999999999999800 ) ) ;
#7489 = DIRECTION ( 'NONE',  ( 1.000000000000000000, 0.0000000000000000000, 0.0000000000000000000 ) ) ;
#7490 = ITEM_DEFINED_TRANSFORMATION ( 'NONE', 'NONE', #4840,  #7076 ) ;
#7491 = VECTOR ( 'NONE', #7960, 1000.000000000000000 ) ;
#7492 = ORIENTED_EDGE ( 'NONE', *, *, #5897, .F. ) ;
#7493 = CARTESIAN_POINT ( 'NONE',  ( 69.17499999999999700, -3.779999999999991800, -1.049999999999998500 ) ) ;
#7494 = CARTESIAN_POINT ( 'NONE',  ( -64.29999999999999700, 17.29999999999983700, 3.210000000000000000 ) ) ;
#7495 = AXIS2_PLACEMENT_3D ( 'NONE', #2494, #3119, #1739 ) ;
#7496 = CARTESIAN_POINT ( 'NONE',  ( -69.95993420767852900, 7.100000000000000500, 1.250000000000000200 ) ) ;
#7497 = CARTESIAN_POINT ( 'NONE',  ( 61.19999999999998200, 1.284049840947575200E-016, -3.800000000000000300 ) ) ;
#7498 = AXIS2_PLACEMENT_3D ( 'NONE', #7483, #4550, #269 ) ;
#7499 = ORIENTED_EDGE ( 'NONE', *, *, #8009, .T. ) ;
#7500 = ORIENTED_EDGE ( 'NONE', *, *, #6291, .F. ) ;
#7501 = LINE ( 'NONE', #8331, #8515 ) ;
#7502 = CARTESIAN_POINT ( 'NONE',  ( -67.46999999999999900, 14.83999999999983100, -1.250000000000000200 ) ) ;
#7503 =( NAMED_UNIT ( * ) SI_UNIT ( $, .STERADIAN. ) SOLID_ANGLE_UNIT ( ) );
#7504 = CARTESIAN_POINT ( 'NONE',  ( -70.20000000000001700, 6.449999999999983300, 2.750000000000008900 ) ) ;
#7505 = PRODUCT_RELATED_PRODUCT_CATEGORY ( 'part', '', ( #7676 ) ) ;
#7506 = ORIENTED_EDGE ( 'NONE', *, *, #6053, .T. ) ;
#7507 =( REPRESENTATION_RELATIONSHIP ('NONE','NONE', #6135, #6228 ) REPRESENTATION_RELATIONSHIP_WITH_TRANSFORMATION ( #4055 )SHAPE_REPRESENTATION_RELATIONSHIP( ) );
#7508 = DIRECTION ( 'NONE',  ( -1.000000000000000000, -1.225453863971293000E-016, 0.0000000000000000000 ) ) ;
#7509 = VERTEX_POINT ( 'NONE', #3813 ) ;
#7510 = VECTOR ( 'NONE', #3906, 1000.000000000000000 ) ;
#7511 = DIRECTION ( 'NONE',  ( -1.000000000000000000, -0.0000000000000000000, -0.0000000000000000000 ) ) ;
#7512 = EDGE_CURVE ( 'NONE', #420, #288, #4261, .T. ) ;
#7513 = ORIENTED_EDGE ( 'NONE', *, *, #7885, .T. ) ;
#7514 = CARTESIAN_POINT ( 'NONE',  ( -70.20000000000001700, 6.450000000000001100, 2.500000000000000000 ) ) ;
#7515 = ORIENTED_EDGE ( 'NONE', *, *, #3438, .F. ) ;
#7517 = VERTEX_POINT ( 'NONE', #6083 ) ;
#7516 = DIRECTION ( 'NONE',  ( 1.000000000000000000, 0.0000000000000000000, 0.0000000000000000000 ) ) ;
#7518 = VECTOR ( 'NONE', #1820, 1000.000000000000000 ) ;
#7519 = FACE_OUTER_BOUND ( 'NONE', #4382, .T. ) ;
#7520 = DIRECTION ( 'NONE',  ( 1.000000000000000000, 0.0000000000000000000, 0.0000000000000000000 ) ) ;
#7521 = FACE_OUTER_BOUND ( 'NONE', #3604, .T. ) ;
#7522 = DIRECTION ( 'NONE',  ( 1.000000000000000000, 1.225453863971292700E-016, -0.0000000000000000000 ) ) ;
#7523 = DIRECTION ( 'NONE',  ( 1.000000000000000000, 0.0000000000000000000, -0.0000000000000000000 ) ) ;
#7524 = CONTEXT_DEPENDENT_SHAPE_REPRESENTATION ( #13, #2172 ) ;
#7525 = EDGE_CURVE ( 'NONE', #5387, #4755, #8309, .T. ) ;
#7526 = LINE ( 'NONE', #2972, #5604 ) ;
#7527 = ORIENTED_EDGE ( 'NONE', *, *, #7032, .T. ) ;
#7528 = CARTESIAN_POINT ( 'NONE',  ( 123.2499999999999900, 1.188868618396933500E-014, -1.600000000000000100 ) ) ;
#7529 = LINE ( 'NONE', #6534, #4260 ) ;
#7530 = VECTOR ( 'NONE', #8198, 1000.000000000000000 ) ;
#7531 = DIRECTION ( 'NONE',  ( 0.0000000000000000000, 1.000000000000000000, 0.0000000000000000000 ) ) ;
#7532 = ORIENTED_EDGE ( 'NONE', *, *, #6126, .F. ) ;
#7533 = CONTEXT_DEPENDENT_SHAPE_REPRESENTATION ( #2001, #2005 ) ;
#7534 = DIRECTION ( 'NONE',  ( 1.000000000000000000, 0.0000000000000000000, 0.0000000000000000000 ) ) ;
#7535 = DIRECTION ( 'NONE',  ( 1.000000000000000000, 1.225453863971292700E-016, -0.0000000000000000000 ) ) ;
#7536 = DIRECTION ( 'NONE',  ( 1.000000000000000000, 0.0000000000000000000, 0.0000000000000000000 ) ) ;
#7537 = DIRECTION ( 'NONE',  ( 0.0000000000000000000, 0.0000000000000000000, -1.000000000000000000 ) ) ;
#7538 = EDGE_CURVE ( 'NONE', #4927, #7883, #352, .T. ) ;
#7539 = ORIENTED_EDGE ( 'NONE', *, *, #7924, .T. ) ;
#7540 = CARTESIAN_POINT ( 'NONE',  ( -70.99999999999998600, 10.60000000000000000, -1.500000000000000000 ) ) ;
#7541 = ADVANCED_FACE ( 'NONE', ( #6739 ), #8991, .F. ) ;
#7542 = AXIS2_PLACEMENT_3D ( 'NONE', #5000, #7148, #2055 ) ;
#7543 = DIRECTION ( 'NONE',  ( 1.000000000000000000, 0.0000000000000000000, 0.0000000000000000000 ) ) ;
#7544 = DIRECTION ( 'NONE',  ( -0.0000000000000000000, -1.000000000000000000, -0.0000000000000000000 ) ) ;
#7545 = CONTEXT_DEPENDENT_SHAPE_REPRESENTATION ( #8285, #1417 ) ;
#7546 = LINE ( 'NONE', #7568, #8218 ) ;
#7547 = CARTESIAN_POINT ( 'NONE',  ( -69.95993420767852900, 7.100000000000000500, 1.500000000000000000 ) ) ;
#7548 = ORIENTED_EDGE ( 'NONE', *, *, #2510, .F. ) ;
#7549 = PLANE ( 'NONE',  #7090 ) ;
#7550 = AXIS2_PLACEMENT_3D ( 'NONE', #7336, #76, #5872 ) ;
#7551 = CARTESIAN_POINT ( 'NONE',  ( 73.09999999999998000, 8.874607891486324000E-015, 0.0000000000000000000 ) ) ;
#7552 = ITEM_DEFINED_TRANSFORMATION ( 'NONE', 'NONE', #7142,  #7076 ) ;
#7553 = VECTOR ( 'NONE', #1857, 1000.000000000000000 ) ;
#7554 = ITEM_DEFINED_TRANSFORMATION ( 'NONE', 'NONE', #3563,  #7076 ) ;
#7555 = ORIENTED_EDGE ( 'NONE', *, *, #7347, .F. ) ;
#7556 = ORIENTED_EDGE ( 'NONE', *, *, #2096, .F. ) ;
#7557 = AXIS2_PLACEMENT_3D ( 'NONE', #4108, #2009, #5616 ) ;
#7558 = LINE ( 'NONE', #7223, #1511 ) ;
#7559 = CARTESIAN_POINT ( 'NONE',  ( 82.44999999999998900, 6.935416663139758700E-015, -1.600000000000000100 ) ) ;
#7560 = EDGE_LOOP ( 'NONE', ( #3355, #3910, #4144, #1305 ) ) ;
#7561 = PLANE ( 'NONE',  #7297 ) ;
#7562 = VERTEX_POINT ( 'NONE', #3212 ) ;
#7563 = PRODUCT_DEFINITION_SHAPE ( 'NONE', 'NONE',  #9138 ) ;
#7564 = DIRECTION ( 'NONE',  ( -1.000000000000000000, 0.0000000000000000000, 0.0000000000000000000 ) ) ;
#7565 = CARTESIAN_POINT ( 'NONE',  ( 5.774999999999995900, -3.779999999999999400, -1.049999999999998500 ) ) ;
#7566 = AXIS2_PLACEMENT_3D ( 'NONE', #6325, #4787, #4882 ) ;
#7567 = EDGE_CURVE ( 'NONE', #5778, #2059, #3346, .T. ) ;
#7568 = CARTESIAN_POINT ( 'NONE',  ( 67.29999999999998300, 7.100000000000000500, -1.250000000000000000 ) ) ;
#7569 = CONTEXT_DEPENDENT_SHAPE_REPRESENTATION ( #6599, #5306 ) ;
#7570 = CARTESIAN_POINT ( 'NONE',  ( 69.20000000000001700, 6.450000000000001100, -3.249999999999990700 ) ) ;
#7571 = LINE ( 'NONE', #4952, #2723 ) ;
#7572 = VERTEX_POINT ( 'NONE', #430 ) ;
#7573 = PRODUCT_DEFINITION_SHAPE ( 'NONE', 'NONE',  #9234 ) ;
#7574 = DIRECTION ( 'NONE',  ( 0.0000000000000000000, 0.0000000000000000000, 1.000000000000000000 ) ) ;
#7575 = ORIENTED_EDGE ( 'NONE', *, *, #7167, .T. ) ;
#7576 = VECTOR ( 'NONE', #8700, 1000.000000000000100 ) ;
#7577 = EDGE_LOOP ( 'NONE', ( #8883, #5243, #5189, #208 ) ) ;
#7578 = DIRECTION ( 'NONE',  ( 1.000000000000000000, 0.0000000000000000000, -0.0000000000000000000 ) ) ;
#7579 = CARTESIAN_POINT ( 'NONE',  ( -70.20000000000001700, 6.450000000000001100, 2.500000000000000000 ) ) ;
#7580 = PRODUCT_DEFINITION_SHAPE ( 'NONE', 'NONE',  #9286 ) ;
#7581 = DIRECTION ( 'NONE',  ( 0.0000000000000000000, 0.0000000000000000000, 1.000000000000000000 ) ) ;
#7582 = VECTOR ( 'NONE', #7146, 1000.000000000000000 ) ;
#7583 = EDGE_CURVE ( 'NONE', #181, #2457, #6852, .T. ) ;
#7584 = ORIENTED_EDGE ( 'NONE', *, *, #2023, .F. ) ;
#7585 = AXIS2_PLACEMENT_3D ( 'NONE', #7925, #8136, #3848 ) ;
#7586 = DIRECTION ( 'NONE',  ( -0.0000000000000000000, -0.0000000000000000000, 1.000000000000000000 ) ) ;
#7587 = CARTESIAN_POINT ( 'NONE',  ( 67.29999999999998300, 7.100000000000000500, 1.500000000000000000 ) ) ;
#7588 = DIRECTION ( 'NONE',  ( 0.0000000000000000000, -1.000000000000000000, 0.0000000000000000000 ) ) ;
#7589 = CARTESIAN_POINT ( 'NONE',  ( -69.17499999999999700, -1.000000000000016900, -1.099999999999999900 ) ) ;
#7590 = FACE_OUTER_BOUND ( 'NONE', #7560, .T. ) ;
#7591 = EDGE_CURVE ( 'NONE', #8047, #577, #5608, .T. ) ;
#7592 = ORIENTED_EDGE ( 'NONE', *, *, #1340, .F. ) ;
#7593 = EDGE_CURVE ( 'NONE', #8707, #6542, #4486, .T. ) ;
#7594 = AXIS2_PLACEMENT_3D ( 'NONE', #3268, #8283, #5362 ) ;
#7595 = CARTESIAN_POINT ( 'NONE',  ( 71.91439418915652500, 16.49833077658864500, 2.136075564534575000 ) ) ;
#7596 = PLANE ( 'NONE',  #4709 ) ;
#7597 = LINE ( 'NONE', #4175, #647 ) ;
#7598 = DIRECTION ( 'NONE',  ( -0.0000000000000000000, -0.0000000000000000000, 1.000000000000000000 ) ) ;
#7599 = VERTEX_POINT ( 'NONE', #3181 ) ;
#7600 = ITEM_DEFINED_TRANSFORMATION ( 'NONE', 'NONE', #6779,  #7076 ) ;
#7601 =( REPRESENTATION_RELATIONSHIP ('NONE','NONE', #6135, #6228 ) REPRESENTATION_RELATIONSHIP_WITH_TRANSFORMATION ( #6754 )SHAPE_REPRESENTATION_RELATIONSHIP( ) );
#7602 = DIRECTION ( 'NONE',  ( -0.0000000000000000000, -0.0000000000000000000, 1.000000000000000000 ) ) ;
#7603 = AXIS2_PLACEMENT_3D ( 'NONE', #5841, #3698, #4439 ) ;
#7604 = PRODUCT_DEFINITION_SHAPE ( 'NONE', 'NONE',  #9062 ) ;
#7605 = DIRECTION ( 'NONE',  ( -1.000000000000000000, 0.0000000000000000000, 0.0000000000000000000 ) ) ;
#7606 = VERTEX_POINT ( 'NONE', #4617 ) ;
#7607 = ORIENTED_EDGE ( 'NONE', *, *, #5174, .F. ) ;
#7608 = AXIS2_PLACEMENT_3D ( 'NONE', #2326, #5204, #151 ) ;
#7609 = PRESENTATION_STYLE_ASSIGNMENT (( #5464 ) ) ;
#7610 = DIRECTION ( 'NONE',  ( -0.0000000000000000000, 1.000000000000000000, -0.0000000000000000000 ) ) ;
#7611 = CARTESIAN_POINT ( 'NONE',  ( 62.04999999999999700, 4.458781902724970800E-015, -1.600000000000000100 ) ) ;
#7612 =( REPRESENTATION_RELATIONSHIP ('NONE','NONE', #6135, #6228 ) REPRESENTATION_RELATIONSHIP_WITH_TRANSFORMATION ( #6989 )SHAPE_REPRESENTATION_RELATIONSHIP( ) );
#7613 = DIRECTION ( 'NONE',  ( -0.0000000000000000000, -1.000000000000000000, -0.0000000000000000000 ) ) ;
#7614 = EDGE_LOOP ( 'NONE', ( #2189, #7839, #5602, #4378 ) ) ;
#7615 = AXIS2_PLACEMENT_3D ( 'NONE', #7807, #4880, #1451 ) ;
#7616 = ORIENTED_EDGE ( 'NONE', *, *, #6579, .T. ) ;
#7617 = CARTESIAN_POINT ( 'NONE',  ( -67.46999999999999900, 14.83999999999983100, 3.210000000000000000 ) ) ;
#7618 = LINE ( 'NONE', #3208, #1226 ) ;
#7619 = DIRECTION ( 'NONE',  ( -8.793487921733823100E-018, 0.07175698882075431900, -0.9974221446084793300 ) ) ;
#7620 = DIRECTION ( 'NONE',  ( 0.0000000000000000000, 0.0000000000000000000, 1.000000000000000000 ) ) ;
#7621 = AXIS2_PLACEMENT_3D ( 'NONE', #5791, #8542, #3246 ) ;
#7622 = EDGE_CURVE ( 'NONE', #354, #6133, #6623, .T. ) ;
#7623 = ORIENTED_EDGE ( 'NONE', *, *, #854, .F. ) ;
#7624 = DIRECTION ( 'NONE',  ( -1.000000000000000000, -1.982541115402063300E-015, 0.0000000000000000000 ) ) ;
#7625 = ORIENTED_EDGE ( 'NONE', *, *, #6485, .F. ) ;
#7626 = LINE ( 'NONE', #5709, #12 ) ;
#7627 = VECTOR ( 'NONE', #7237, 1000.000000000000000 ) ;
#7628 = DIRECTION ( 'NONE',  ( 0.0000000000000000000, 1.000000000000000000, -3.822843908301359300E-017 ) ) ;
#7629 =( NAMED_UNIT ( * ) SI_UNIT ( $, .STERADIAN. ) SOLID_ANGLE_UNIT ( ) );
#7630 = CARTESIAN_POINT ( 'NONE',  ( 69.17499999999999700, -1.694352215504831500E-016, -1.099999999999999900 ) ) ;
#7631 = PRODUCT_DEFINITION ( 'UNKNOWN', '', #4611, #1774 ) ;
#7632 = CARTESIAN_POINT ( 'NONE',  ( -67.29999999999999700, 10.59999999999998200, -3.249999999999990700 ) ) ;
#7633 = FACE_OUTER_BOUND ( 'NONE', #4049, .T. ) ;
#7634 = ORIENTED_EDGE ( 'NONE', *, *, #7659, .T. ) ;
#7635 = CYLINDRICAL_SURFACE ( 'NONE', #4764, 1.000000000000000900 ) ;
#7636 = ORIENTED_EDGE ( 'NONE', *, *, #147, .F. ) ;
#7637 = EDGE_CURVE ( 'NONE', #3332, #8633, #3678, .T. ) ;
#7638 = VECTOR ( 'NONE', #8823, 1000.000000000000000 ) ;
#7639 = CARTESIAN_POINT ( 'NONE',  ( -69.25000000000000000, 20.49999999999984000, 3.210000000000000000 ) ) ;
#7640 = DIRECTION ( 'NONE',  ( -1.000000000000000000, 0.0000000000000000000, 0.0000000000000000000 ) ) ;
#7641 = CONTEXT_DEPENDENT_SHAPE_REPRESENTATION ( #5550, #2029 ) ;
#7642 = DIRECTION ( 'NONE',  ( 1.000000000000000000, 0.0000000000000000000, 0.0000000000000000000 ) ) ;
#7643 = ADVANCED_FACE ( 'NONE', ( #897 ), #7549, .F. ) ;
#7644 = FACE_OUTER_BOUND ( 'NONE', #656, .T. ) ;
#7645 = CARTESIAN_POINT ( 'NONE',  ( 69.20000000000001700, 6.450000000000001100, -0.9249999999999982700 ) ) ;
#7646 = DIRECTION ( 'NONE',  ( -1.000000000000000000, 3.469446951953606000E-014, 0.0000000000000000000 ) ) ;
#7647 = ORIENTED_EDGE ( 'NONE', *, *, #1923, .T. ) ;
#7648 = EDGE_CURVE ( 'NONE', #2297, #1814, #2573, .T. ) ;
#7649 = CARTESIAN_POINT ( 'NONE',  ( 68.20000000000001700, 6.450000000000001100, -2.750000000000008900 ) ) ;
#7650 = CARTESIAN_POINT ( 'NONE',  ( 64.29999999999999700, 6.299999999999999800, -3.249999999999990700 ) ) ;
#7651 = AXIS2_PLACEMENT_3D ( 'NONE', #4383, #5099, #8571 ) ;
#7652 = DIRECTION ( 'NONE',  ( 0.0000000000000000000, 0.0000000000000000000, 1.000000000000000000 ) ) ;
#7653 = FACE_OUTER_BOUND ( 'NONE', #3977, .T. ) ;
#7654 = CLOSED_SHELL ( 'NONE', ( #8463, #803, #2544, #3369, #1525, #1455 ) ) ;
#7655 = EDGE_LOOP ( 'NONE', ( #83, #4410, #6580, #434 ) ) ;
#7656 = CARTESIAN_POINT ( 'NONE',  ( 70.20000000000001700, 0.4000000000000089600, 2.750000000000008900 ) ) ;
#7657 = DIRECTION ( 'NONE',  ( 1.000000000000000000, 3.965082230804126700E-015, 0.0000000000000000000 ) ) ;
#7658 = LINE ( 'NONE', #3515, #6419 ) ;
#7659 = EDGE_CURVE ( 'NONE', #4774, #3520, #8426, .T. ) ;
#7660 =( REPRESENTATION_RELATIONSHIP ('NONE','NONE', #6135, #6228 ) REPRESENTATION_RELATIONSHIP_WITH_TRANSFORMATION ( #6742 )SHAPE_REPRESENTATION_RELATIONSHIP( ) );
#7661 = CONTEXT_DEPENDENT_SHAPE_REPRESENTATION ( #6278, #7112 ) ;
#7662 = ORIENTED_EDGE ( 'NONE', *, *, #923, .T. ) ;
#7663 = ORIENTED_EDGE ( 'NONE', *, *, #6749, .F. ) ;
#7664 = AXIS2_PLACEMENT_3D ( 'NONE', #7338, #2616, #4741 ) ;
#7665 = ITEM_DEFINED_TRANSFORMATION ( 'NONE', 'NONE', #1139,  #7076 ) ;
#7666 = DIRECTION ( 'NONE',  ( 1.000000000000000000, 0.0000000000000000000, 0.0000000000000000000 ) ) ;
#7667 = ORIENTED_EDGE ( 'NONE', *, *, #7109, .F. ) ;
#7668 = AXIS2_PLACEMENT_3D ( 'NONE', #158, #8690, #7295 ) ;
#7669 = PLANE ( 'NONE',  #1461 ) ;
#7670 = VECTOR ( 'NONE', #2315, 1000.000000000000000 ) ;
#7671 = ORIENTED_EDGE ( 'NONE', *, *, #3815, .F. ) ;
#7672 = DIRECTION ( 'NONE',  ( 0.0000000000000000000, 0.0000000000000000000, 1.000000000000000000 ) ) ;
#7673 = EDGE_LOOP ( 'NONE', ( #5610, #484, #3333, #37 ) ) ;
#7674 = ITEM_DEFINED_TRANSFORMATION ( 'NONE', 'NONE', #8865,  #7076 ) ;
#7675 = ORIENTED_EDGE ( 'NONE', *, *, #1211, .T. ) ;
#7676 = PRODUCT ( 'Ejector Natural-black_N', 'Ejector Natural-black_N', '', ( #2097 ) ) ;
#7677 = DIRECTION ( 'NONE',  ( 0.0000000000000000000, 0.0000000000000000000, 1.000000000000000000 ) ) ;
#7678 = FACE_OUTER_BOUND ( 'NONE', #1129, .T. ) ;
#7679 = ORIENTED_EDGE ( 'NONE', *, *, #3508, .F. ) ;
#7680 = DIRECTION ( 'NONE',  ( -1.000000000000000000, -1.225453863971292700E-016, 0.0000000000000000000 ) ) ;
#7681 = CONTEXT_DEPENDENT_SHAPE_REPRESENTATION ( #7366, #7747 ) ;
#7682 = EDGE_CURVE ( 'NONE', #2938, #2327, #1481, .T. ) ;
#7683 = UNCERTAINTY_MEASURE_WITH_UNIT (LENGTH_MEASURE( 1.000000000000000100E-005 ), #2125, 'distance_accuracy_value', 'NONE');
#7684 = CARTESIAN_POINT ( 'NONE',  ( -70.99999999999998600, 2.550000000000016300, 1.250000000000000000 ) ) ;
#7685 =( REPRESENTATION_RELATIONSHIP ('NONE','NONE', #6135, #6228 ) REPRESENTATION_RELATIONSHIP_WITH_TRANSFORMATION ( #2028 )SHAPE_REPRESENTATION_RELATIONSHIP( ) );
#7686 = CARTESIAN_POINT ( 'NONE',  ( 70.20000000000001700, 6.450000000000001100, 2.750000000000008900 ) ) ;
#7687 = VERTEX_POINT ( 'NONE', #3911 ) ;
#7688 = VECTOR ( 'NONE', #2359, 1000.000000000000000 ) ;
#7689 = VERTEX_POINT ( 'NONE', #2489 ) ;
#7690 = PLANE ( 'NONE',  #6192 ) ;
#7691 =( REPRESENTATION_RELATIONSHIP ('NONE','NONE', #6135, #6228 ) REPRESENTATION_RELATIONSHIP_WITH_TRANSFORMATION ( #2686 )SHAPE_REPRESENTATION_RELATIONSHIP( ) );
#7692 = EDGE_CURVE ( 'NONE', #8745, #3759, #5718, .T. ) ;
#7693 = VECTOR ( 'NONE', #8968, 1000.000000000000000 ) ;
#7694 = ORIENTED_EDGE ( 'NONE', *, *, #2830, .T. ) ;
#7695 = CONTEXT_DEPENDENT_SHAPE_REPRESENTATION ( #1482, #1333 ) ;
#7696 = DIRECTION ( 'NONE',  ( 0.0000000000000000000, 0.0000000000000000000, 1.000000000000000000 ) ) ;
#7697 = PRODUCT_DEFINITION_SHAPE ( 'NONE', 'NONE',  #9147 ) ;
#7698 = EDGE_LOOP ( 'NONE', ( #5554, #3099, #582, #4702, #6502, #7190, #3947, #5910, #6255, #616, #2702, #2797 ) ) ;
#7699 = DIRECTION ( 'NONE',  ( 0.0000000000000000000, 0.0000000000000000000, 1.000000000000000000 ) ) ;
#7700 = ORIENTED_EDGE ( 'NONE', *, *, #7337, .F. ) ;
#7701 = CARTESIAN_POINT ( 'NONE',  ( 72.99999999999998600, 16.79999999999983700, 3.210000000000000000 ) ) ;
#7702 = EDGE_CURVE ( 'NONE', #8396, #7215, #3220, .T. ) ;
#7703 = PRODUCT_DEFINITION_SHAPE ( 'NONE', 'NONE',  #9178 ) ;
#7704 = CARTESIAN_POINT ( 'NONE',  ( 71.00000000000001400, 20.49999999999983700, -3.210000000000000000 ) ) ;
#7705 = ORIENTED_EDGE ( 'NONE', *, *, #6616, .F. ) ;
#7706 = DIRECTION ( 'NONE',  ( 0.0000000000000000000, 0.0000000000000000000, -1.000000000000000000 ) ) ;
#7707 =( REPRESENTATION_RELATIONSHIP ('NONE','NONE', #6135, #6228 ) REPRESENTATION_RELATIONSHIP_WITH_TRANSFORMATION ( #8780 )SHAPE_REPRESENTATION_RELATIONSHIP( ) );
#7708 = ADVANCED_FACE ( 'NONE', ( #2894, #9 ), #1830, .F. ) ;
#7709 = ORIENTED_EDGE ( 'NONE', *, *, #2278, .F. ) ;
#7710 = LINE ( 'NONE', #3523, #5356 ) ;
#7711 = PRODUCT_DEFINITION_SHAPE ( 'NONE', 'NONE',  #9259 ) ;
#7712 = AXIS2_PLACEMENT_3D ( 'NONE', #7096, #6464, #7231 ) ;
#7713 = DIRECTION ( 'NONE',  ( 1.225453863971292700E-016, -1.000000000000000000, 0.0000000000000000000 ) ) ;
#7714 = DIRECTION ( 'NONE',  ( 0.0000000000000000000, -0.0000000000000000000, -1.000000000000000000 ) ) ;
#7715 = DIRECTION ( 'NONE',  ( 1.000000000000000000, 0.0000000000000000000, 0.0000000000000000000 ) ) ;
#7716 = AXIS2_PLACEMENT_3D ( 'NONE', #7010, #1718, #595 ) ;
#7717 = ORIENTED_EDGE ( 'NONE', *, *, #1238, .F. ) ;
#7718 = CARTESIAN_POINT ( 'NONE',  ( 72.50000000000000000, 16.79999999999983700, 3.210000000000000000 ) ) ;
#7719 = VERTEX_POINT ( 'NONE', #8233 ) ;
#7720 = PRODUCT_DEFINITION_SHAPE ( 'NONE', 'NONE',  #9306 ) ;
#7721 = VERTEX_POINT ( 'NONE', #8899 ) ;
#7722 = LINE ( 'NONE', #6045, #7510 ) ;
#7723 =( REPRESENTATION_RELATIONSHIP ('NONE','NONE', #6135, #6228 ) REPRESENTATION_RELATIONSHIP_WITH_TRANSFORMATION ( #7990 )SHAPE_REPRESENTATION_RELATIONSHIP( ) );
#7724 = SURFACE_STYLE_USAGE ( .BOTH. , #2726 ) ;
#7725 = PLANE ( 'NONE',  #4930 ) ;
#7726 = AXIS2_PLACEMENT_3D ( 'NONE', #749, #2301, #3559 ) ;
#7727 = DIRECTION ( 'NONE',  ( -0.0000000000000000000, 0.0000000000000000000, -1.000000000000000000 ) ) ;
#7728 = ORIENTED_EDGE ( 'NONE', *, *, #6344, .T. ) ;
#7729 = DIRECTION ( 'NONE',  ( 0.0000000000000000000, 0.0000000000000000000, -1.000000000000000000 ) ) ;
#7730 = ORIENTED_EDGE ( 'NONE', *, *, #8506, .T. ) ;
#7731 = DIRECTION ( 'NONE',  ( 1.000000000000000000, 1.225453863971292700E-016, -1.221636250687892500E-016 ) ) ;
#7732 = ORIENTED_EDGE ( 'NONE', *, *, #4815, .T. ) ;
#7733 = LINE ( 'NONE', #4750, #7298 ) ;
#7734 = DIRECTION ( 'NONE',  ( 0.0000000000000000000, 0.0000000000000000000, 1.000000000000000000 ) ) ;
#7735 = VECTOR ( 'NONE', #4582, 1000.000000000000000 ) ;
#7736 = LINE ( 'NONE', #8224, #6040 ) ;
#7737 = AXIS2_PLACEMENT_3D ( 'NONE', #3511, #6421, #8576 ) ;
#7738 = EDGE_CURVE ( 'NONE', #1010, #7572, #1246, .T. ) ;
#7739 = DIRECTION ( 'NONE',  ( 0.0000000000000000000, 0.0000000000000000000, 1.000000000000000000 ) ) ;
#7740 = CARTESIAN_POINT ( 'NONE',  ( 68.77500000000000600, -1.000000000000000200, -1.099999999999999900 ) ) ;
#7741 = ITEM_DEFINED_TRANSFORMATION ( 'NONE', 'NONE', #4489,  #7076 ) ;
#7742 = FACE_OUTER_BOUND ( 'NONE', #5993, .T. ) ;
#7743 = VERTEX_POINT ( 'NONE', #3846 ) ;
#7744 = VECTOR ( 'NONE', #1530, 1000.000000000000000 ) ;
#7745 = VECTOR ( 'NONE', #7359, 1000.000000000000000 ) ;
#7746 = CARTESIAN_POINT ( 'NONE',  ( -68.20000000000001700, 0.3999999999999916400, -3.249999999999991100 ) ) ;
#7747 = PRODUCT_DEFINITION_SHAPE ( 'NONE', 'NONE',  #9059 ) ;
#7748 = DIRECTION ( 'NONE',  ( 0.0000000000000000000, -0.0000000000000000000, -1.000000000000000000 ) ) ;
#7749 = ADVANCED_FACE ( 'NONE', ( #6122 ), #8493, .F. ) ;
#7750 = VERTEX_POINT ( 'NONE', #2781 ) ;
#7751 = DIRECTION ( 'NONE',  ( 1.000000000000000000, 1.225453863971292700E-016, -0.0000000000000000000 ) ) ;
#7752 = CONTEXT_DEPENDENT_SHAPE_REPRESENTATION ( #491, #3187 ) ;
#7753 = EDGE_CURVE ( 'NONE', #1880, #8284, #7408, .T. ) ;
#7754 = DIRECTION ( 'NONE',  ( -1.000000000000000000, 0.0000000000000000000, 0.0000000000000000000 ) ) ;
#7755 = DIRECTION ( 'NONE',  ( 0.0000000000000000000, -1.000000000000000000, -1.147303886228049800E-016 ) ) ;
#7756 = CARTESIAN_POINT ( 'NONE',  ( 58.64999999999997700, -3.255489854493769000E-015, -5.400000000000000400 ) ) ;
#7757 = VERTEX_POINT ( 'NONE', #3499 ) ;
#7758 =( REPRESENTATION_RELATIONSHIP ('NONE','NONE', #6135, #6228 ) REPRESENTATION_RELATIONSHIP_WITH_TRANSFORMATION ( #155 )SHAPE_REPRESENTATION_RELATIONSHIP( ) );
#7759 = ITEM_DEFINED_TRANSFORMATION ( 'NONE', 'NONE', #2727,  #7076 ) ;
#7760 = EDGE_CURVE ( 'NONE', #8287, #8788, #3561, .T. ) ;
#7761 = DIRECTION ( 'NONE',  ( 1.000000000000000000, 1.225453863971292700E-016, -0.0000000000000000000 ) ) ;
#7762 = FACE_OUTER_BOUND ( 'NONE', #7655, .T. ) ;
#7763 = DIRECTION ( 'NONE',  ( 0.0000000000000000000, -1.000000000000000000, 0.0000000000000000000 ) ) ;
#7764 = ADVANCED_FACE ( 'NONE', ( #1467 ), #8592, .F. ) ;
#7765 = CARTESIAN_POINT ( 'NONE',  ( 23.79999999999998600, -4.412092076665688400E-015, -3.800000000000000300 ) ) ;
#7766 = DIRECTION ( 'NONE',  ( 0.0000000000000000000, -0.0000000000000000000, -1.000000000000000000 ) ) ;
#7767 = ITEM_DEFINED_TRANSFORMATION ( 'NONE', 'NONE', #3303,  #7076 ) ;
#7768 = EDGE_CURVE ( 'NONE', #2101, #8213, #1672, .T. ) ;
#7769 = ORIENTED_EDGE ( 'NONE', *, *, #5303, .T. ) ;
#7770 = CARTESIAN_POINT ( 'NONE',  ( 68.77500000000000600, -1.000000000000000200, -1.249999999999999800 ) ) ;
#7771 = ORIENTED_EDGE ( 'NONE', *, *, #4723, .T. ) ;
#7772 = DIRECTION ( 'NONE',  ( 1.000000000000000000, 0.0000000000000000000, 0.0000000000000000000 ) ) ;
#7773 = VECTOR ( 'NONE', #882, 1000.000000000000000 ) ;
#7774 = CARTESIAN_POINT ( 'NONE',  ( 94.34999999999999400, 8.380120273381719000E-015, -1.600000000000000100 ) ) ;
#7775 = DIRECTION ( 'NONE',  ( 1.000000000000000000, 4.785444071660135700E-015, 0.0000000000000000000 ) ) ;
#7776 = CONTEXT_DEPENDENT_SHAPE_REPRESENTATION ( #8567, #5596 ) ;
#7777 = VERTEX_POINT ( 'NONE', #7977 ) ;
#7778 = ORIENTED_EDGE ( 'NONE', *, *, #8720, .T. ) ;
#7779 = CARTESIAN_POINT ( 'NONE',  ( -71.28835064300848500, 15.84446542605952700, -1.520904889512234800 ) ) ;
#7780 = AXIS2_PLACEMENT_3D ( 'NONE', #3046, #5943, #234 ) ;
#7781 = VECTOR ( 'NONE', #5229, 1000.000000000000000 ) ;
#7782 = ORIENTED_EDGE ( 'NONE', *, *, #7768, .F. ) ;
#7783 = CONTEXT_DEPENDENT_SHAPE_REPRESENTATION ( #2581, #8400 ) ;
#7784 = ORIENTED_EDGE ( 'NONE', *, *, #7075, .F. ) ;
#7785 = DIRECTION ( 'NONE',  ( 1.000000000000000000, 0.0000000000000000000, 0.0000000000000000000 ) ) ;
#7786 = CARTESIAN_POINT ( 'NONE',  ( 48.44999999999998200, -4.493807234701163000E-015, -5.400000000000000400 ) ) ;
#7787 = DIRECTION ( 'NONE',  ( 1.000000000000000000, 0.0000000000000000000, 0.0000000000000000000 ) ) ;
#7788 = AXIS2_PLACEMENT_3D ( 'NONE', #3478, #4196, #1241 ) ;
#7789 = LINE ( 'NONE', #7045, #1156 ) ;
#7790 = DIRECTION ( 'NONE',  ( 0.0000000000000000000, 0.0000000000000000000, 1.000000000000000000 ) ) ;
#7791 =( REPRESENTATION_RELATIONSHIP ('NONE','NONE', #6135, #6228 ) REPRESENTATION_RELATIONSHIP_WITH_TRANSFORMATION ( #4170 )SHAPE_REPRESENTATION_RELATIONSHIP( ) );
#7792 = ORIENTED_EDGE ( 'NONE', *, *, #7945, .F. ) ;
#7793 = CARTESIAN_POINT ( 'NONE',  ( 0.8499999999999832100, -1.027262167566900200E-014, -5.400000000000000400 ) ) ;
#7794 = VERTEX_POINT ( 'NONE', #6503 ) ;
#7795 = CARTESIAN_POINT ( 'NONE',  ( -67.97499999999999400, 0.3999999999999917000, 2.250000000000000000 ) ) ;
#7796 = AXIS2_PLACEMENT_3D ( 'NONE', #5775, #2113, #28 ) ;
#7797 = ADVANCED_FACE ( 'NONE', ( #5252 ), #5683, .T. ) ;
#7798 = EDGE_CURVE ( 'NONE', #2457, #4247, #6507, .T. ) ;
#7799 = CARTESIAN_POINT ( 'NONE',  ( -67.29999999999998300, 2.550000000000016300, 1.250000000000000000 ) ) ;
#7800 = CARTESIAN_POINT ( 'NONE',  ( -69.17499999999999700, -3.780000000000008700, -0.8999999999999984700 ) ) ;
#7801 = CARTESIAN_POINT ( 'NONE',  ( 68.77500000000000600, 1.983047737188762900E-018, 0.9000000000000002400 ) ) ;
#7802 = LINE ( 'NONE', #631, #7582 ) ;
#7803 = VERTEX_POINT ( 'NONE', #4310 ) ;
#7804 = ITEM_DEFINED_TRANSFORMATION ( 'NONE', 'NONE', #6154,  #7076 ) ;
#7805 = DIRECTION ( 'NONE',  ( 1.000000000000000000, 0.0000000000000000000, 0.0000000000000000000 ) ) ;
#7806 = CARTESIAN_POINT ( 'NONE',  ( -69.17499999999999700, -1.000000000000016900, -1.249999999999999800 ) ) ;
#7807 = CARTESIAN_POINT ( 'NONE',  ( 89.24999999999998600, 7.760961583278021900E-015, -1.600000000000000100 ) ) ;
#7808 = CARTESIAN_POINT ( 'NONE',  ( -72.50000000000000000, 18.79999999999983700, 3.210000000000000000 ) ) ;
#7809 = VECTOR ( 'NONE', #3157, 1000.000000000000000 ) ;
#7810 = EDGE_CURVE ( 'NONE', #6142, #8795, #5496, .T. ) ;
#7811 = EDGE_LOOP ( 'NONE', ( #8479, #6440, #7778, #7732 ) ) ;
#7812 = CARTESIAN_POINT ( 'NONE',  ( 72.75000000000000000, 21.29999999999984100, 3.210000000000000000 ) ) ;
#7813 =( REPRESENTATION_RELATIONSHIP ('NONE','NONE', #6135, #6228 ) REPRESENTATION_RELATIONSHIP_WITH_TRANSFORMATION ( #6618 )SHAPE_REPRESENTATION_RELATIONSHIP( ) );
#7814 = DIRECTION ( 'NONE',  ( 0.0000000000000000000, -1.297076659421812200E-016, 1.000000000000000000 ) ) ;
#7815 = ADVANCED_FACE ( 'NONE', ( #3787 ), #126, .F. ) ;
#7816 = ORIENTED_EDGE ( 'NONE', *, *, #4331, .F. ) ;
#7817 = VECTOR ( 'NONE', #4297, 1000.000000000000000 ) ;
#7818 = VERTEX_POINT ( 'NONE', #722 ) ;
#7819 = DIRECTION ( 'NONE',  ( 0.0000000000000000000, 0.0000000000000000000, 1.000000000000000000 ) ) ;
#7820 = SHAPE_DEFINITION_REPRESENTATION ( #1918, #8180 ) ;
#7821 = EDGE_CURVE ( 'NONE', #5488, #1529, #3102, .T. ) ;
#7822 =( REPRESENTATION_RELATIONSHIP ('NONE','NONE', #6135, #6228 ) REPRESENTATION_RELATIONSHIP_WITH_TRANSFORMATION ( #2594 )SHAPE_REPRESENTATION_RELATIONSHIP( ) );
#7823 = CARTESIAN_POINT ( 'NONE',  ( -68.77499999999999100, -3.780000000000008700, -0.8999999999999984700 ) ) ;
#7824 = AXIS2_PLACEMENT_3D ( 'NONE', #7411, #7442, #6005 ) ;
#7825 = ORIENTED_EDGE ( 'NONE', *, *, #6811, .F. ) ;
#7826 = VERTEX_POINT ( 'NONE', #8622 ) ;
#7827 = LINE ( 'NONE', #8390, #3580 ) ;
#7828 =( NAMED_UNIT ( * ) PLANE_ANGLE_UNIT ( ) SI_UNIT ( $, .RADIAN. ) );
#7829 = ORIENTED_EDGE ( 'NONE', *, *, #8252, .F. ) ;
#7830 = EDGE_CURVE ( 'NONE', #1647, #2696, #8981, .T. ) ;
#7831 = EDGE_LOOP ( 'NONE', ( #2121, #7903, #7008, #1199 ) ) ;
#7832 = AXIS2_PLACEMENT_3D ( 'NONE', #3533, #1985, #4870 ) ;
#7833 = CYLINDRICAL_SURFACE ( 'NONE', #1257, 1.000000000000000900 ) ;
#7834 = DIRECTION ( 'NONE',  ( 1.000000000000000000, 0.0000000000000000000, 0.0000000000000000000 ) ) ;
#7835 = ADVANCED_FACE ( 'NONE', ( #6950 ), #63, .F. ) ;
#7836 = DIRECTION ( 'NONE',  ( -0.0000000000000000000, -0.0000000000000000000, -1.000000000000000000 ) ) ;
#7837 = ORIENTED_EDGE ( 'NONE', *, *, #3146, .F. ) ;
#7838 = AXIS2_PLACEMENT_3D ( 'NONE', #3853, #954, #8871 ) ;
#7839 = ORIENTED_EDGE ( 'NONE', *, *, #3285, .F. ) ;
#7840 = VECTOR ( 'NONE', #1033, 1000.000000000000000 ) ;
#7841 = LINE ( 'NONE', #7402, #6717 ) ;
#7842 = CARTESIAN_POINT ( 'NONE',  ( -67.46999999999999900, 3.234711976998478900, 3.210000000000000000 ) ) ;
#7843 = DIRECTION ( 'NONE',  ( 0.0000000000000000000, 0.0000000000000000000, 1.000000000000000000 ) ) ;
#7844 = DIRECTION ( 'NONE',  ( 1.000000000000000000, 0.0000000000000000000, 0.0000000000000000000 ) ) ;
#7845 = PLANE ( 'NONE',  #3916 ) ;
#7846 = AXIS2_PLACEMENT_3D ( 'NONE', #4801, #5532, #1253 ) ;
#7847 = DIRECTION ( 'NONE',  ( 1.000000000000000000, 0.0000000000000000000, -0.0000000000000000000 ) ) ;
#7848 = LINE ( 'NONE', #6861, #6179 ) ;
#7849 = ORIENTED_EDGE ( 'NONE', *, *, #5688, .T. ) ;
#7850 = DIRECTION ( 'NONE',  ( 1.000000000000000000, 1.225453863971292700E-016, 0.0000000000000000000 ) ) ;
#7851 = VECTOR ( 'NONE', #7755, 1000.000000000000000 ) ;
#7852 = VECTOR ( 'NONE', #709, 1000.000000000000000 ) ;
#7853 = PRODUCT_DEFINITION_SHAPE ( 'NONE', 'NONE',  #9144 ) ;
#7854 = VECTOR ( 'NONE', #393, 1000.000000000000000 ) ;
#7855 = CARTESIAN_POINT ( 'NONE',  ( 70.99999999999998600, 7.100000000000000500, -1.250000000000000000 ) ) ;
#7856 = DIRECTION ( 'NONE',  ( -1.000000000000000000, -1.225453863971292700E-016, 0.0000000000000000000 ) ) ;
#7857 = ORIENTED_EDGE ( 'NONE', *, *, #5207, .F. ) ;
#7858 = ADVANCED_FACE ( 'NONE', ( #8187 ), #8418, .T. ) ;
#7859 = AXIS2_PLACEMENT_3D ( 'NONE', #4159, #2675, #1991 ) ;
#7860 = DIRECTION ( 'NONE',  ( 1.000000000000000000, 1.225453863971293000E-016, -0.0000000000000000000 ) ) ;
#7861 = DIRECTION ( 'NONE',  ( -0.7071067811865474600, -0.7071067811865474600, 0.0000000000000000000 ) ) ;
#7862 = PRODUCT_DEFINITION_SHAPE ( 'NONE', 'NONE',  #9237 ) ;
#7863 = VECTOR ( 'NONE', #6578, 1000.000000000000000 ) ;
#7864 = LINE ( 'NONE', #1202, #8183 ) ;
#7865 = EDGE_CURVE ( 'NONE', #4119, #8182, #7299, .T. ) ;
#7866 = APPLICATION_PROTOCOL_DEFINITION ( 'draft international standard', 'automotive_design', 1998, #6383 ) ;
#7867 = VERTEX_POINT ( 'NONE', #7884 ) ;
#7868 = PRODUCT_DEFINITION_SHAPE ( 'NONE', 'NONE',  #9301 ) ;
#7869 = DIRECTION ( 'NONE',  ( 1.000000000000000000, 0.0000000000000000000, 0.0000000000000000000 ) ) ;
#7870 = DIRECTION ( 'NONE',  ( -1.000000000000000000, 0.0000000000000000000, 0.0000000000000000000 ) ) ;
#7871 = LINE ( 'NONE', #8600, #3356 ) ;
#7872 = ITEM_DEFINED_TRANSFORMATION ( 'NONE', 'NONE', #7002,  #7076 ) ;
#7873 = VERTEX_POINT ( 'NONE', #5060 ) ;
#7874 = PRODUCT_DEFINITION_SHAPE ( 'NONE', 'NONE',  #9290 ) ;
#7875 = EDGE_CURVE ( 'NONE', #329, #554, #6270, .T. ) ;
#7876 = AXIS2_PLACEMENT_3D ( 'NONE', #6054, #433, #5370 ) ;
#7877 = ITEM_DEFINED_TRANSFORMATION ( 'NONE', 'NONE', #5624,  #7076 ) ;
#7878 = DIRECTION ( 'NONE',  ( 1.000000000000000000, 0.0000000000000000000, 0.0000000000000000000 ) ) ;
#7879 = CARTESIAN_POINT ( 'NONE',  ( 10.19999999999998700, -6.063181916942213900E-015, -3.800000000000000300 ) ) ;
#7880 = LINE ( 'NONE', #4859, #4956 ) ;
#7881 = CARTESIAN_POINT ( 'NONE',  ( -66.87499999999988600, -135.2593320108918800, -0.7899999999999919300 ) ) ;
#7882 = DIRECTION ( 'NONE',  ( 1.000000000000000000, 0.0000000000000000000, 0.0000000000000000000 ) ) ;
#7883 = VERTEX_POINT ( 'NONE', #3558 ) ;
#7884 = CARTESIAN_POINT ( 'NONE',  ( 69.17499999999999700, -3.779999999999991800, -0.8999999999999984700 ) ) ;
#7885 = EDGE_CURVE ( 'NONE', #2585, #8584, #4592, .T. ) ;
#7886 = DIRECTION ( 'NONE',  ( 0.0000000000000000000, 0.0000000000000000000, 1.000000000000000000 ) ) ;
#7887 = DIRECTION ( 'NONE',  ( 1.225453863971292700E-016, -1.000000000000000000, 0.0000000000000000000 ) ) ;
#7888 = CONTEXT_DEPENDENT_SHAPE_REPRESENTATION ( #6695, #8676 ) ;
#7889 = ADVANCED_FACE ( 'NONE', ( #7519, #3120, #1030 ), #2818, .T. ) ;
#7890 = CARTESIAN_POINT ( 'NONE',  ( 20.39999999999998800, -4.824864536734819600E-015, -3.800000000000000300 ) ) ;
#7891 = VECTOR ( 'NONE', #672, 1000.000000000000100 ) ;
#7892 = EDGE_CURVE ( 'NONE', #6133, #4774, #7183, .T. ) ;
#7893 = AXIS2_PLACEMENT_3D ( 'NONE', #5111, #4338, #7234 ) ;
#7894 = ITEM_DEFINED_TRANSFORMATION ( 'NONE', 'NONE', #2076,  #7076 ) ;
#7895 = ORIENTED_EDGE ( 'NONE', *, *, #3262, .F. ) ;
#7896 = APPLICATION_PROTOCOL_DEFINITION ( 'draft international standard', 'automotive_design', 1998, #5068 ) ;
#7897 = CARTESIAN_POINT ( 'NONE',  ( -69.25000000000000000, 20.09999999999984200, -3.210000000000000000 ) ) ;
#7898 = DIRECTION ( 'NONE',  ( 1.000000000000000000, 0.0000000000000000000, 0.0000000000000000000 ) ) ;
#7899 = LINE ( 'NONE', #7009, #8002 ) ;
#7900 = CARTESIAN_POINT ( 'NONE',  ( 4.875000000000000900, 2.399999999999971900, 0.7900000000000001500 ) ) ;
#7901 = EDGE_LOOP ( 'NONE', ( #4349, #3915, #325, #1330 ) ) ;
#7902 = AXIS2_PLACEMENT_3D ( 'NONE', #5583, #622, #6337 ) ;
#7903 = ORIENTED_EDGE ( 'NONE', *, *, #2410, .F. ) ;
#7904 = ORIENTED_EDGE ( 'NONE', *, *, #5513, .T. ) ;
#7905 = DIRECTION ( 'NONE',  ( 0.0000000000000000000, 0.0000000000000000000, 1.000000000000000000 ) ) ;
#7906 = EDGE_LOOP ( 'NONE', ( #5862, #5095, #2615, #701 ) ) ;
#7907 = PLANE ( 'NONE',  #7110 ) ;
#7908 = CARTESIAN_POINT ( 'NONE',  ( 69.20000000000001700, 6.450000000000001100, 2.500000000000000000 ) ) ;
#7909 = ADVANCED_FACE ( 'NONE', ( #572 ), #5840, .T. ) ;
#7910 = FACE_OUTER_BOUND ( 'NONE', #3089, .T. ) ;
#7911 = VERTEX_POINT ( 'NONE', #5013 ) ;
#7912 = DIRECTION ( 'NONE',  ( 0.0000000000000000000, 1.000000000000000000, 0.0000000000000000000 ) ) ;
#7913 = CONTEXT_DEPENDENT_SHAPE_REPRESENTATION ( #8075, #5192 ) ;
#7914 = PLANE ( 'NONE',  #5239 ) ;
#7915 = CARTESIAN_POINT ( 'NONE',  ( -68.77499999999999100, -1.000000000000016700, 1.100000000000000300 ) ) ;
#7916 = CARTESIAN_POINT ( 'NONE',  ( 69.20000000000001700, 6.450000000000001100, -2.500000000000000000 ) ) ;
#7917 = CARTESIAN_POINT ( 'NONE',  ( -68.44006579232149100, 7.100000000000000500, 1.250000000000000200 ) ) ;
#7918 = AXIS2_PLACEMENT_3D ( 'NONE', #1720, #7081, #2126 ) ;
#7919 = CARTESIAN_POINT ( 'NONE',  ( 67.46999999999999900, 16.79999999999983700, 1.249999999999998000 ) ) ;
#7920 = VECTOR ( 'NONE', #6757, 1000.000000000000000 ) ;
#7921 = EDGE_LOOP ( 'NONE', ( #2051, #1225, #1762, #1176 ) ) ;
#7922 = AXIS2_PLACEMENT_3D ( 'NONE', #6745, #8282, #1822 ) ;
#7923 = DIRECTION ( 'NONE',  ( 1.000000000000000000, 0.0000000000000000000, 0.0000000000000000000 ) ) ;
#7924 = EDGE_CURVE ( 'NONE', #4845, #2671, #3899, .T. ) ;
#7925 = CARTESIAN_POINT ( 'NONE',  ( 25.49999999999998900, -4.205705846631122400E-015, -3.800000000000000300 ) ) ;
#7926 = CARTESIAN_POINT ( 'NONE',  ( 65.75000000000000000, 19.69999999999982500, 3.210000000000000000 ) ) ;
#7927 = DIRECTION ( 'NONE',  ( 0.0000000000000000000, 0.0000000000000000000, 1.000000000000000000 ) ) ;
#7928 = LINE ( 'NONE', #2053, #6922 ) ;
#7929 =( REPRESENTATION_RELATIONSHIP ('NONE','NONE', #6135, #6228 ) REPRESENTATION_RELATIONSHIP_WITH_TRANSFORMATION ( #5787 )SHAPE_REPRESENTATION_RELATIONSHIP( ) );
#7930 = ORIENTED_EDGE ( 'NONE', *, *, #6622, .T. ) ;
#7931 = SHAPE_DEFINITION_REPRESENTATION ( #2527, #6079 ) ;
#7932 = PLANE ( 'NONE',  #4571 ) ;
#7933 = ORIENTED_EDGE ( 'NONE', *, *, #4386, .F. ) ;
#7934 = EDGE_CURVE ( 'NONE', #6472, #3183, #2008, .T. ) ;
#7935 = DIRECTION ( 'NONE',  ( 4.785444071660135700E-015, -1.000000000000000000, 0.0000000000000000000 ) ) ;
#7936 = LINE ( 'NONE', #5790, #3191 ) ;
#7937 = ADVANCED_FACE ( 'NONE', ( #2463 ), #4034, .T. ) ;
#7938 = DIRECTION ( 'NONE',  ( -1.000000000000000000, 0.0000000000000000000, 0.0000000000000000000 ) ) ;
#7939 = ORIENTED_EDGE ( 'NONE', *, *, #1227, .F. ) ;
#7940 = DIRECTION ( 'NONE',  ( 0.0000000000000000000, 0.0000000000000000000, -1.000000000000000000 ) ) ;
#7941 = VERTEX_POINT ( 'NONE', #1430 ) ;
#7942 = DIRECTION ( 'NONE',  ( 1.000000000000000000, 1.225453863971292700E-016, -0.0000000000000000000 ) ) ;
#7943 = ORIENTED_EDGE ( 'NONE', *, *, #1817, .T. ) ;
#7944 = LINE ( 'NONE', #5442, #6598 ) ;
#7945 = EDGE_CURVE ( 'NONE', #8294, #7335, #7962, .T. ) ;
#7946 = PLANE ( 'NONE',  #6031 ) ;
#7947 = PLANE ( 'NONE',  #8029 ) ;
#7948 = ADVANCED_FACE ( 'NONE', ( #6037 ), #8579, .F. ) ;
#7949 = ORIENTED_EDGE ( 'NONE', *, *, #7217, .F. ) ;
#7950 = ORIENTED_EDGE ( 'NONE', *, *, #8240, .T. ) ;
#7951 = LINE ( 'NONE', #177, #2770 ) ;
#7952 = DIRECTION ( 'NONE',  ( 1.000000000000000000, 0.0000000000000000000, 0.0000000000000000000 ) ) ;
#7953 =( REPRESENTATION_RELATIONSHIP ('NONE','NONE', #6135, #8180 ) REPRESENTATION_RELATIONSHIP_WITH_TRANSFORMATION ( #3522 )SHAPE_REPRESENTATION_RELATIONSHIP( ) );
#7954 = PRODUCT_DEFINITION_SHAPE ( 'NONE', 'NONE',  #9039 ) ;
#7955 = DIRECTION ( 'NONE',  ( 0.0000000000000000000, 0.9426414910921805400, -0.3338068592337647400 ) ) ;
#7956 = EDGE_LOOP ( 'NONE', ( #1921, #4645, #1020, #3272, #5172, #3400 ) ) ;
#7957 = ORIENTED_EDGE ( 'NONE', *, *, #5858, .T. ) ;
#7958 = VERTEX_POINT ( 'NONE', #8641 ) ;
#7959 = ORIENTED_EDGE ( 'NONE', *, *, #5755, .T. ) ;
#7960 = DIRECTION ( 'NONE',  ( -0.0000000000000000000, -0.0000000000000000000, -1.000000000000000000 ) ) ;
#7961 = VECTOR ( 'NONE', #3286, 1000.000000000000000 ) ;
#7962 = LINE ( 'NONE', #7158, #4136 ) ;
#7963 = CARTESIAN_POINT ( 'NONE',  ( 67.46999999999999900, 3.234711976998478900, 0.9249999999999978200 ) ) ;
#7964 = FACE_OUTER_BOUND ( 'NONE', #4884, .T. ) ;
#7965 = CARTESIAN_POINT ( 'NONE',  ( -70.99999999999998600, 7.100000000000000500, 1.250000000000000000 ) ) ;
#7966 = AXIS2_PLACEMENT_3D ( 'NONE', #1081, #8206, #3879 ) ;
#7967 = ITEM_DEFINED_TRANSFORMATION ( 'NONE', 'NONE', #1153,  #7076 ) ;
#7968 = LINE ( 'NONE', #8941, #3448 ) ;
#7969 = ORIENTED_EDGE ( 'NONE', *, *, #7682, .T. ) ;
#7970 = FACE_OUTER_BOUND ( 'NONE', #6055, .T. ) ;
#7971 = LINE ( 'NONE', #67, #4708 ) ;
#7972 = CARTESIAN_POINT ( 'NONE',  ( 66.87500000000011400, -135.2593320108917700, 0.7899999999999919300 ) ) ;
#7973 = AXIS2_PLACEMENT_3D ( 'NONE', #2516, #6151, #6881 ) ;
#7974 = VERTEX_POINT ( 'NONE', #769 ) ;
#7975 =( REPRESENTATION_RELATIONSHIP ('NONE','NONE', #6135, #6228 ) REPRESENTATION_RELATIONSHIP_WITH_TRANSFORMATION ( #2142 )SHAPE_REPRESENTATION_RELATIONSHIP( ) );
#7976 = DIRECTION ( 'NONE',  ( 0.0000000000000000000, 0.0000000000000000000, -1.000000000000000000 ) ) ;
#7977 = CARTESIAN_POINT ( 'NONE',  ( 68.20000000000001700, 6.450000000000001100, 2.750000000000008900 ) ) ;
#7978 = CONTEXT_DEPENDENT_SHAPE_REPRESENTATION ( #122, #3323 ) ;
#7979 = DIRECTION ( 'NONE',  ( 1.225453863971292700E-016, -1.000000000000000000, -0.0000000000000000000 ) ) ;
#7980 = VECTOR ( 'NONE', #4849, 1000.000000000000100 ) ;
#7981 =( GEOMETRIC_REPRESENTATION_CONTEXT ( 3 ) GLOBAL_UNCERTAINTY_ASSIGNED_CONTEXT ( ( #7683 ) ) GLOBAL_UNIT_ASSIGNED_CONTEXT ( ( #2125, #7828, #3605 ) ) REPRESENTATION_CONTEXT ( 'NONE', 'WORKASPACE' ) );
#7982 = DIRECTION ( 'NONE',  ( -1.000000000000000000, -1.156482317317870300E-015, 0.0000000000000000000 ) ) ;
#7983 = DIRECTION ( 'NONE',  ( 1.000000000000000000, 0.0000000000000000000, 0.0000000000000000000 ) ) ;
#7984 = VECTOR ( 'NONE', #1566, 1000.000000000000000 ) ;
#7985 = ORIENTED_EDGE ( 'NONE', *, *, #8556, .T. ) ;
#7986 = CARTESIAN_POINT ( 'NONE',  ( -67.29999999999998300, 7.100000000000000500, 1.500000000000000000 ) ) ;
#7987 = AXIS2_PLACEMENT_3D ( 'NONE', #706, #7157, #7706 ) ;
#7988 = EDGE_CURVE ( 'NONE', #5593, #4628, #7057, .T. ) ;
#7989 = FACE_BOUND ( 'NONE', #4688, .T. ) ;
#7990 = ITEM_DEFINED_TRANSFORMATION ( 'NONE', 'NONE', #6701,  #7076 ) ;
#7991 = CARTESIAN_POINT ( 'NONE',  ( -64.29999999999999700, 15.59999999999998500, 3.250000000000008900 ) ) ;
#7992 = ORIENTED_EDGE ( 'NONE', *, *, #3354, .F. ) ;
#7993 = CARTESIAN_POINT ( 'NONE',  ( 68.77500000000000600, -1.000000000000000200, -1.249999999999999800 ) ) ;
#7994 = CONTEXT_DEPENDENT_SHAPE_REPRESENTATION ( #4700, #1134 ) ;
#7995 = PLANE ( 'NONE',  #1847 ) ;
#7996 = ADVANCED_FACE ( 'NONE', ( #5595 ), #2203, .F. ) ;
#7997 = FACE_OUTER_BOUND ( 'NONE', #3912, .T. ) ;
#7998 = EDGE_CURVE ( 'NONE', #1336, #5516, #3670, .T. ) ;
#7999 = ORIENTED_EDGE ( 'NONE', *, *, #4262, .T. ) ;
#8000 = AXIS2_PLACEMENT_3D ( 'NONE', #7432, #6519, #1483 ) ;
#8001 = CARTESIAN_POINT ( 'NONE',  ( -67.46999999999999900, 14.83999999999983100, -3.210000000000001300 ) ) ;
#8002 = VECTOR ( 'NONE', #8524, 1000.000000000000000 ) ;
#8003 =( REPRESENTATION_RELATIONSHIP ('NONE','NONE', #6135, #6228 ) REPRESENTATION_RELATIONSHIP_WITH_TRANSFORMATION ( #6632 )SHAPE_REPRESENTATION_RELATIONSHIP( ) );
#8004 = ORIENTED_EDGE ( 'NONE', *, *, #6196, .F. ) ;
#8005 = EDGE_CURVE ( 'NONE', #1567, #7743, #7944, .T. ) ;
#8006 = EDGE_LOOP ( 'NONE', ( #1853, #217, #8127, #1543, #2049, #2838 ) ) ;
#8007 = PRODUCT_DEFINITION_SHAPE ( 'NONE', 'NONE',  #9133 ) ;
#8008 = DIRECTION ( 'NONE',  ( 0.0000000000000000000, -0.0000000000000000000, -1.000000000000000000 ) ) ;
#8009 = EDGE_CURVE ( 'NONE', #2078, #8858, #342, .T. ) ;
#8010 = AXIS2_PLACEMENT_3D ( 'NONE', #129, #3602, #3655 ) ;
#8011 = VECTOR ( 'NONE', #6107, 1000.000000000000000 ) ;
#8012 = PRODUCT_DEFINITION_SHAPE ( 'NONE', 'NONE',  #9196 ) ;
#8013 = ORIENTED_EDGE ( 'NONE', *, *, #6444, .F. ) ;
#8014 = DIRECTION ( 'NONE',  ( 0.0000000000000000000, -1.000000000000000000, -0.0000000000000000000 ) ) ;
#8015 = ITEM_DEFINED_TRANSFORMATION ( 'NONE', 'NONE', #2608,  #7076 ) ;
#8016 = DIRECTION ( 'NONE',  ( 0.0000000000000000000, 0.0000000000000000000, 1.000000000000000000 ) ) ;
#8017 =( REPRESENTATION_RELATIONSHIP ('NONE','NONE', #6135, #6228 ) REPRESENTATION_RELATIONSHIP_WITH_TRANSFORMATION ( #7025 )SHAPE_REPRESENTATION_RELATIONSHIP( ) );
#8018 = ORIENTED_EDGE ( 'NONE', *, *, #8916, .T. ) ;
#8019 = CARTESIAN_POINT ( 'NONE',  ( -69.17499999999999700, -3.780000000000008200, 1.049999999999999800 ) ) ;
#8020 = MANIFOLD_SOLID_BREP ( 'Fillet1', #260 ) ;
#8021 = PRODUCT_DEFINITION_SHAPE ( 'NONE', 'NONE',  #9263 ) ;
#8022 = AXIS2_PLACEMENT_3D ( 'NONE', #4472, #3782, #7389 ) ;
#8023 = ORIENTED_EDGE ( 'NONE', *, *, #3159, .T. ) ;
#8024 = VECTOR ( 'NONE', #4065, 1000.000000000000000 ) ;
#8025 = CARTESIAN_POINT ( 'NONE',  ( -67.97499999999999400, 0.3999999999999917000, -2.250000000000000000 ) ) ;
#8026 = ORIENTED_EDGE ( 'NONE', *, *, #7459, .F. ) ;
#8027 = ITEM_DEFINED_TRANSFORMATION ( 'NONE', 'NONE', #7621,  #7076 ) ;
#8028 = DIRECTION ( 'NONE',  ( -1.000000000000000000, -0.0000000000000000000, -0.0000000000000000000 ) ) ;
#8029 = AXIS2_PLACEMENT_3D ( 'NONE', #7140, #5805, #1537 ) ;
#8030 = LINE ( 'NONE', #8963, #7688 ) ;
#8031 = DIRECTION ( 'NONE',  ( 0.0000000000000000000, -1.000000000000000000, 0.0000000000000000000 ) ) ;
#8032 = ORIENTED_EDGE ( 'NONE', *, *, #1963, .F. ) ;
#8033 = DIRECTION ( 'NONE',  ( 1.000000000000000000, 0.0000000000000000000, -1.224033854544382500E-016 ) ) ;
#8034 = CONTEXT_DEPENDENT_SHAPE_REPRESENTATION ( #5097, #4191 ) ;
#8035 = FILL_AREA_STYLE_COLOUR ( '', #8505 ) ;
#8036 = CARTESIAN_POINT ( 'NONE',  ( -69.20000000000001700, 6.450000000000001100, -2.500000000000000000 ) ) ;
#8037 = AXIS2_PLACEMENT_3D ( 'NONE', #5981, #798, #6028 ) ;
#8038 =( REPRESENTATION_RELATIONSHIP ('NONE','NONE', #6135, #6228 ) REPRESENTATION_RELATIONSHIP_WITH_TRANSFORMATION ( #4746 )SHAPE_REPRESENTATION_RELATIONSHIP( ) );
#8039 = PLANE ( 'NONE',  #7668 ) ;
#8040 = ORIENTED_EDGE ( 'NONE', *, *, #3205, .F. ) ;
#8041 = CARTESIAN_POINT ( 'NONE',  ( 69.20000000000001700, 6.450000000000001100, -1.250000000000000200 ) ) ;
#8042 = AXIS2_PLACEMENT_3D ( 'NONE', #3325, #2188, #4936 ) ;
#8043 = LINE ( 'NONE', #3641, #201 ) ;
#8044 = EDGE_CURVE ( 'NONE', #7398, #6489, #9017, .T. ) ;
#8045 = ADVANCED_FACE ( 'NONE', ( #4251, #8297 ), #8612, .F. ) ;
#8046 = PRODUCT_DEFINITION_SHAPE ( 'NONE', 'NONE',  #9046 ) ;
#8047 = VERTEX_POINT ( 'NONE', #85 ) ;
#8048 = CARTESIAN_POINT ( 'NONE',  ( -67.50000000000000000, 20.09999999999983400, 3.210000000000000000 ) ) ;
#8049 = EDGE_LOOP ( 'NONE', ( #7694, #6836, #1346, #6361 ) ) ;
#8050 = ORIENTED_EDGE ( 'NONE', *, *, #7271, .T. ) ;
#8051 = FACE_OUTER_BOUND ( 'NONE', #2731, .T. ) ;
#8052 = EDGE_CURVE ( 'NONE', #3957, #1567, #1459, .T. ) ;
#8053 = ORIENTED_EDGE ( 'NONE', *, *, #8192, .T. ) ;
#8054 = ORIENTED_EDGE ( 'NONE', *, *, #8635, .F. ) ;
#8055 = VECTOR ( 'NONE', #523, 1000.000000000000000 ) ;
#8056 = EDGE_CURVE ( 'NONE', #2696, #732, #8646, .T. ) ;
#8057 = CARTESIAN_POINT ( 'NONE',  ( 67.46999999999999900, 16.79999999999983700, -0.9249999999999970500 ) ) ;
#8058 = DIRECTION ( 'NONE',  ( -1.000000000000000000, -3.965082230804127500E-015, 0.0000000000000000000 ) ) ;
#8059 = ORIENTED_EDGE ( 'NONE', *, *, #638, .T. ) ;
#8060 = EDGE_CURVE ( 'NONE', #8841, #226, #2994, .T. ) ;
#8061 =( REPRESENTATION_RELATIONSHIP ('NONE','NONE', #6135, #6228 ) REPRESENTATION_RELATIONSHIP_WITH_TRANSFORMATION ( #45 )SHAPE_REPRESENTATION_RELATIONSHIP( ) );
#8062 = PLANE ( 'NONE',  #775 ) ;
#8063 = VERTEX_POINT ( 'NONE', #1583 ) ;
#8064 = AXIS2_PLACEMENT_3D ( 'NONE', #1128, #6008, #1728 ) ;
#8065 = LINE ( 'NONE', #4430, #3091 ) ;
#8066 = LINE ( 'NONE', #2292, #6382 ) ;
#8067 = CONTEXT_DEPENDENT_SHAPE_REPRESENTATION ( #3455, #7580 ) ;
#8068 = ORIENTED_EDGE ( 'NONE', *, *, #3159, .F. ) ;
#8069 = LINE ( 'NONE', #412, #8876 ) ;
#8070 = AXIS2_PLACEMENT_3D ( 'NONE', #2842, #8685, #4274 ) ;
#8072 = VERTEX_POINT ( 'NONE', #4390 ) ;
#8071 = DIRECTION ( 'NONE',  ( 0.0000000000000000000, 0.0000000000000000000, 1.000000000000000000 ) ) ;
#8073 = LINE ( 'NONE', #648, #4707 ) ;
#8074 = LINE ( 'NONE', #5989, #7745 ) ;
#8075 =( REPRESENTATION_RELATIONSHIP ('NONE','NONE', #6135, #6228 ) REPRESENTATION_RELATIONSHIP_WITH_TRANSFORMATION ( #1298 )SHAPE_REPRESENTATION_RELATIONSHIP( ) );
#8076 = LINE ( 'NONE', #4456, #8310 ) ;
#8077 = CARTESIAN_POINT ( 'NONE',  ( 85.84999999999998000, 4.668982605928287500E-017, -5.400000000000000400 ) ) ;
#8078 = ITEM_DEFINED_TRANSFORMATION ( 'NONE', 'NONE', #4002,  #7076 ) ;
#8079 = ORIENTED_EDGE ( 'NONE', *, *, #7512, .F. ) ;
#8080 = LINE ( 'NONE', #5186, #472 ) ;
#8081 = CARTESIAN_POINT ( 'NONE',  ( 54.39999999999998400, -6.971399360435054400E-016, -3.800000000000000300 ) ) ;
#8082 = VECTOR ( 'NONE', #3349, 1000.000000000000000 ) ;
#8083 = CARTESIAN_POINT ( 'NONE',  ( -64.29999999999999700, 15.59999999999998500, -3.249999999999990700 ) ) ;
#8084 = VERTEX_POINT ( 'NONE', #8757 ) ;
#8085 = AXIS2_PLACEMENT_3D ( 'NONE', #8232, #3909, #7543 ) ;
#8086 = EDGE_CURVE ( 'NONE', #4901, #1080, #780, .T. ) ;
#8087 = CARTESIAN_POINT ( 'NONE',  ( -70.99999999999998600, 8.250000000000000000, 0.9249999999999978200 ) ) ;
#8088 = AXIS2_PLACEMENT_3D ( 'NONE', #8228, #2566, #4673 ) ;
#8089 = ORIENTED_EDGE ( 'NONE', *, *, #4970, .T. ) ;
#8090 = CARTESIAN_POINT ( 'NONE',  ( 69.17499999999999700, -1.000000000000000200, -1.099999999999999900 ) ) ;
#8091 = FACE_OUTER_BOUND ( 'NONE', #8698, .T. ) ;
#8092 = EDGE_CURVE ( 'NONE', #1970, #3164, #2454, .T. ) ;
#8093 = DIRECTION ( 'NONE',  ( 0.0000000000000000000, -0.9426414910921805400, 0.3338068592337646900 ) ) ;
#8094 = CONTEXT_DEPENDENT_SHAPE_REPRESENTATION ( #7822, #8470 ) ;
#8095 =( REPRESENTATION_RELATIONSHIP ('NONE','NONE', #6135, #6228 ) REPRESENTATION_RELATIONSHIP_WITH_TRANSFORMATION ( #6202 )SHAPE_REPRESENTATION_RELATIONSHIP( ) );
#8096 = VERTEX_POINT ( 'NONE', #5105 ) ;
#8097 = CARTESIAN_POINT ( 'NONE',  ( 68.77500000000000600, 3.872245171160897200E-017, 1.100000000000000300 ) ) ;
#8098 = ORIENTED_EDGE ( 'NONE', *, *, #4926, .F. ) ;
#8099 = DIRECTION ( 'NONE',  ( 1.000000000000000000, -0.0000000000000000000, -0.0000000000000000000 ) ) ;
#8100 = CONTEXT_DEPENDENT_SHAPE_REPRESENTATION ( #1163, #6670 ) ;
#8101 = DIRECTION ( 'NONE',  ( -1.225453863971292700E-016, 1.000000000000000000, 0.0000000000000000000 ) ) ;
#8102 = CARTESIAN_POINT ( 'NONE',  ( 77.34999999999999400, 6.316257973036062300E-015, -1.600000000000000100 ) ) ;
#8103 = DIRECTION ( 'NONE',  ( -0.0000000000000000000, -6.123233995736441900E-017, -1.000000000000000000 ) ) ;
#8104 = LINE ( 'NONE', #5609, #604 ) ;
#8105 = PRODUCT_DEFINITION_SHAPE ( 'NONE', 'NONE',  #9041 ) ;
#8106 = CONTEXT_DEPENDENT_SHAPE_REPRESENTATION ( #2748, #509 ) ;
#8107 = ORIENTED_EDGE ( 'NONE', *, *, #5766, .F. ) ;
#8108 = CARTESIAN_POINT ( 'NONE',  ( 37.39999999999999900, 4.540497060760444600E-015, 0.0000000000000000000 ) ) ;
#8109 = ORIENTED_EDGE ( 'NONE', *, *, #2340, .F. ) ;
#8110 = CARTESIAN_POINT ( 'NONE',  ( 43.34999999999999400, 2.188533372344747300E-015, -1.600000000000000100 ) ) ;
#8111 = EDGE_CURVE ( 'NONE', #7241, #5809, #564, .T. ) ;
#8112 =( REPRESENTATION_RELATIONSHIP ('NONE','NONE', #6135, #6228 ) REPRESENTATION_RELATIONSHIP_WITH_TRANSFORMATION ( #5665 )SHAPE_REPRESENTATION_RELATIONSHIP( ) );
#8113 = ITEM_DEFINED_TRANSFORMATION ( 'NONE', 'NONE', #1651,  #7076 ) ;
#8114 = LINE ( 'NONE', #2839, #7891 ) ;
#8115 = CARTESIAN_POINT ( 'NONE',  ( 5.374999999999996400, -7.915445719751373600E-015, -0.8999999999999998000 ) ) ;
#8116 = ITEM_DEFINED_TRANSFORMATION ( 'NONE', 'NONE', #1771,  #7076 ) ;
#8117 = ORIENTED_EDGE ( 'NONE', *, *, #3452, .T. ) ;
#8118 = DIRECTION ( 'NONE',  ( 0.0000000000000000000, -0.0000000000000000000, 1.000000000000000000 ) ) ;
#8119 = CARTESIAN_POINT ( 'NONE',  ( 121.5500000000000000, 1.168229995393477000E-014, -1.600000000000000100 ) ) ;
#8120 = DIRECTION ( 'NONE',  ( 0.0000000000000000000, 1.000000000000000000, 0.0000000000000000000 ) ) ;
#8121 = CONTEXT_DEPENDENT_SHAPE_REPRESENTATION ( #7355, #3776 ) ;
#8122 = DIRECTION ( 'NONE',  ( 1.000000000000000000, 0.0000000000000000000, 0.0000000000000000000 ) ) ;
#8123 = FACE_OUTER_BOUND ( 'NONE', #5238, .T. ) ;
#8124 = EDGE_CURVE ( 'NONE', #4216, #679, #7951, .T. ) ;
#8125 = ORIENTED_EDGE ( 'NONE', *, *, #7682, .F. ) ;
#8126 = AXIS2_PLACEMENT_3D ( 'NONE', #4802, #1201, #6193 ) ;
#8127 = ORIENTED_EDGE ( 'NONE', *, *, #4294, .T. ) ;
#8128 = DIRECTION ( 'NONE',  ( -1.000000000000000000, 0.0000000000000000000, 0.0000000000000000000 ) ) ;
#8129 = DIRECTION ( 'NONE',  ( 1.000000000000000000, 0.0000000000000000000, -0.0000000000000000000 ) ) ;
#8130 = CARTESIAN_POINT ( 'NONE',  ( 64.29999999999999700, 17.29999999999983700, 3.210000000000000000 ) ) ;
#8131 = FILL_AREA_STYLE ('',( #6041 ) ) ;
#8132 = LINE ( 'NONE', #1009, #8601 ) ;
#8133 = DIRECTION ( 'NONE',  ( 1.000000000000000000, 0.0000000000000000000, 0.0000000000000000000 ) ) ;
#8134 = ORIENTED_EDGE ( 'NONE', *, *, #1004, .F. ) ;
#8135 = EDGE_CURVE ( 'NONE', #2808, #6724, #2883, .T. ) ;
#8136 = DIRECTION ( 'NONE',  ( 0.0000000000000000000, 0.0000000000000000000, 1.000000000000000000 ) ) ;
#8137 = CARTESIAN_POINT ( 'NONE',  ( 45.89999999999999900, 5.572428210933273000E-015, 0.0000000000000000000 ) ) ;
#8138 = VECTOR ( 'NONE', #104, 1000.000000000000000 ) ;
#8139 = DIRECTION ( 'NONE',  ( 1.000000000000000000, 0.0000000000000000000, 0.0000000000000000000 ) ) ;
#8140 =( REPRESENTATION_RELATIONSHIP ('NONE','NONE', #6135, #6228 ) REPRESENTATION_RELATIONSHIP_WITH_TRANSFORMATION ( #3265 )SHAPE_REPRESENTATION_RELATIONSHIP( ) );
#8141 = ORIENTED_EDGE ( 'NONE', *, *, #1631, .T. ) ;
#8142 = CONTEXT_DEPENDENT_SHAPE_REPRESENTATION ( #3661, #6384 ) ;
#8143 = DIRECTION ( 'NONE',  ( 0.0000000000000000000, -1.000000000000000000, -1.147303886228049800E-016 ) ) ;
#8144 = PLANE ( 'NONE',  #7229 ) ;
#8145 = AXIS2_PLACEMENT_3D ( 'NONE', #2311, #8071, #5899 ) ;
#8146 = CARTESIAN_POINT ( 'NONE',  ( 69.25000000000000000, 20.09999999999984200, -3.210000000000000000 ) ) ;
#8147 = DIRECTION ( 'NONE',  ( 0.0000000000000000000, 0.0000000000000000000, 1.000000000000000000 ) ) ;
#8148 = FACE_OUTER_BOUND ( 'NONE', #787, .T. ) ;
#8149 = ORIENTED_EDGE ( 'NONE', *, *, #2184, .F. ) ;
#8150 = VERTEX_POINT ( 'NONE', #4451 ) ;
#8151 = DIRECTION ( 'NONE',  ( 0.0000000000000000000, 0.0000000000000000000, 1.000000000000000000 ) ) ;
#8152 = PRODUCT_DEFINITION_SHAPE ( 'NONE', 'NONE',  #9153 ) ;
#8153 = CARTESIAN_POINT ( 'NONE',  ( -64.29999999999999700, 9.167771687820280800, 1.249999999999998700 ) ) ;
#8154 = PLANE ( 'NONE',  #5371 ) ;
#8155 = LINE ( 'NONE', #2610, #7028 ) ;
#8156 =( NAMED_UNIT ( * ) SI_UNIT ( $, .STERADIAN. ) SOLID_ANGLE_UNIT ( ) );
#8157 = DIRECTION ( 'NONE',  ( 0.0000000000000000000, 0.0000000000000000000, -1.000000000000000000 ) ) ;
#8158 = PLANE ( 'NONE',  #1294 ) ;
#8159 = ORIENTED_EDGE ( 'NONE', *, *, #206, .T. ) ;
#8160 = DIRECTION ( 'NONE',  ( -1.000000000000000000, 0.0000000000000000000, 0.0000000000000000000 ) ) ;
#8161 = PRODUCT_DEFINITION_SHAPE ( 'NONE', 'NONE',  #9212 ) ;
#8162 = CARTESIAN_POINT ( 'NONE',  ( 84.99999999999998600, 1.031931150172828500E-014, 0.0000000000000000000 ) ) ;
#8163 = DIRECTION ( 'NONE',  ( -0.0000000000000000000, 1.000000000000000000, -0.0000000000000000000 ) ) ;
#8164 = EDGE_CURVE ( 'NONE', #1011, #101, #8066, .T. ) ;
#8165 = DIRECTION ( 'NONE',  ( 0.0000000000000000000, 0.9974221446084792200, 0.07175698882075430600 ) ) ;
#8166 = EDGE_LOOP ( 'NONE', ( #8909, #8539, #752, #1818 ) ) ;
#8167 = ORIENTED_EDGE ( 'NONE', *, *, #4841, .T. ) ;
#8168 = SHAPE_REPRESENTATION_RELATIONSHIP ( 'NONE' , 'NONE' ,  #6228, #3347 ) ;
#8169 = PRODUCT_DEFINITION_SHAPE ( 'NONE', 'NONE',  #9292 ) ;
#8170 = DIRECTION ( 'NONE',  ( 0.0000000000000000000, 0.0000000000000000000, 1.000000000000000000 ) ) ;
#8171 =( REPRESENTATION_RELATIONSHIP ('NONE','NONE', #6135, #6228 ) REPRESENTATION_RELATIONSHIP_WITH_TRANSFORMATION ( #2413 )SHAPE_REPRESENTATION_RELATIONSHIP( ) );
#8172 = DIRECTION ( 'NONE',  ( 1.000000000000000000, 0.0000000000000000000, 0.0000000000000000000 ) ) ;
#8173 = DIRECTION ( 'NONE',  ( -0.0000000000000000000, -0.0000000000000000000, 1.000000000000000000 ) ) ;
#8174 = ORIENTED_EDGE ( 'NONE', *, *, #8971, .F. ) ;
#8175 = ORIENTED_EDGE ( 'NONE', *, *, #7875, .T. ) ;
#8176 = EDGE_LOOP ( 'NONE', ( #1258, #7784, #8680, #3473, #3923, #1733 ) ) ;
#8177 = VECTOR ( 'NONE', #4566, 1000.000000000000000 ) ;
#8178 = EDGE_CURVE ( 'NONE', #4594, #1010, #7174, .T. ) ;
#8179 = AXIS2_PLACEMENT_3D ( 'NONE', #7011, #2698, #4150 ) ;
#8180 = SHAPE_REPRESENTATION ( 'body Natural-black', ( #7076 ), #6602 ) ;
#8181 = DIRECTION ( 'NONE',  ( 0.0000000000000000000, 0.0000000000000000000, 1.000000000000000000 ) ) ;
#8182 = VERTEX_POINT ( 'NONE', #8733 ) ;
#8183 = VECTOR ( 'NONE', #1892, 1000.000000000000000 ) ;
#8184 = EDGE_LOOP ( 'NONE', ( #1723, #8835, #8441, #7286 ) ) ;
#8185 = ORIENTED_EDGE ( 'NONE', *, *, #1279, .T. ) ;
#8186 = LINE ( 'NONE', #5395, #2993 ) ;
#8187 = FACE_OUTER_BOUND ( 'NONE', #1875, .T. ) ;
#8188 = CARTESIAN_POINT ( 'NONE',  ( 5.374999999999996400, -3.779999999999999400, -1.049999999999998500 ) ) ;
#8189 = VECTOR ( 'NONE', #6208, 1000.000000000000000 ) ;
#8190 = CARTESIAN_POINT ( 'NONE',  ( -64.79999999999999700, 16.79999999999983700, -3.210000000000000000 ) ) ;
#8191 = DIRECTION ( 'NONE',  ( 1.000000000000000000, 0.0000000000000000000, 0.0000000000000000000 ) ) ;
#8192 = EDGE_CURVE ( 'NONE', #7818, #2984, #6159, .T. ) ;
#8193 = DIRECTION ( 'NONE',  ( -0.0000000000000000000, -0.0000000000000000000, -1.000000000000000000 ) ) ;
#8194 = AXIS2_PLACEMENT_3D ( 'NONE', #8001, #3682, #8739 ) ;
#8195 = VECTOR ( 'NONE', #4686, 1000.000000000000000 ) ;
#8196 = DIRECTION ( 'NONE',  ( 1.000000000000000000, 0.0000000000000000000, 0.0000000000000000000 ) ) ;
#8197 = ORIENTED_EDGE ( 'NONE', *, *, #2062, .T. ) ;
#8198 = DIRECTION ( 'NONE',  ( 0.0000000000000000000, 0.0000000000000000000, -1.000000000000000000 ) ) ;
#8199 = VERTEX_POINT ( 'NONE', #1524 ) ;
#8200 = VECTOR ( 'NONE', #7714, 1000.000000000000000 ) ;
#8201 = VECTOR ( 'NONE', #8163, 1000.000000000000000 ) ;
#8202 = PRODUCT_DEFINITION_SHAPE ( 'NONE', 'NONE',  #9055 ) ;
#8203 = CARTESIAN_POINT ( 'NONE',  ( -64.29999999999999700, 6.299999999999984700, 3.250000000000008900 ) ) ;
#8204 = EDGE_LOOP ( 'NONE', ( #4832, #9008, #5196, #5034 ) ) ;
#8205 = AXIS2_PLACEMENT_3D ( 'NONE', #2047, #7790, #3463 ) ;
#8206 = DIRECTION ( 'NONE',  ( 0.0000000000000000000, 0.0000000000000000000, 1.000000000000000000 ) ) ;
#8207 = CONTEXT_DEPENDENT_SHAPE_REPRESENTATION ( #8939, #7005 ) ;
#8208 =( REPRESENTATION_RELATIONSHIP ('NONE','NONE', #6135, #6228 ) REPRESENTATION_RELATIONSHIP_WITH_TRANSFORMATION ( #8359 )SHAPE_REPRESENTATION_RELATIONSHIP( ) );
#8209 = LINE ( 'NONE', #7800, #2912 ) ;
#8210 = DIRECTION ( 'NONE',  ( 0.0000000000000000000, 0.0000000000000000000, 1.000000000000000000 ) ) ;
#8211 = DIRECTION ( 'NONE',  ( -1.000000000000000000, 0.0000000000000000000, 0.0000000000000000000 ) ) ;
#8212 = PLANE ( 'NONE',  #1751 ) ;
#8213 = VERTEX_POINT ( 'NONE', #1550 ) ;
#8214 = CARTESIAN_POINT ( 'NONE',  ( 70.20000000000001700, 6.450000000000001100, -2.750000000000008900 ) ) ;
#8215 = DIRECTION ( 'NONE',  ( 1.000000000000000000, 0.0000000000000000000, 0.0000000000000000000 ) ) ;
#8216 = PRODUCT_DEFINITION_SHAPE ( 'NONE', 'NONE',  #9101 ) ;
#8217 = ORIENTED_EDGE ( 'NONE', *, *, #137, .F. ) ;
#8218 = VECTOR ( 'NONE', #1761, 1000.000000000000000 ) ;
#8219 = AXIS2_PLACEMENT_3D ( 'NONE', #2734, #3357, #5569 ) ;
#8220 = CARTESIAN_POINT ( 'NONE',  ( 74.79999999999998300, 1.779494824371282200E-015, -3.800000000000000300 ) ) ;
#8221 = ORIENTED_EDGE ( 'NONE', *, *, #825, .F. ) ;
#8222 = DIRECTION ( 'NONE',  ( 1.000000000000000000, 0.0000000000000000000, -0.0000000000000000000 ) ) ;
#8223 = PLANE ( 'NONE',  #3728 ) ;
#8224 = CARTESIAN_POINT ( 'NONE',  ( 5.374999999999996400, -3.779999999999998900, 0.8999999999999998000 ) ) ;
#8225 = AXIS2_PLACEMENT_3D ( 'NONE', #119, #908, #842 ) ;
#8226 = ORIENTED_EDGE ( 'NONE', *, *, #6309, .T. ) ;
#8227 = EDGE_CURVE ( 'NONE', #3360, #2111, #2233, .T. ) ;
#8228 = CARTESIAN_POINT ( 'NONE',  ( 0.8499999999999949800, -2.971122378519394500E-015, -1.600000000000000100 ) ) ;
#8229 = VECTOR ( 'NONE', #1428, 1000.000000000000000 ) ;
#8230 = PLANE ( 'NONE',  #1017 ) ;
#8231 = VERTEX_POINT ( 'NONE', #229 ) ;
#8232 = CARTESIAN_POINT ( 'NONE',  ( 79.89999999999999100, 9.700152811624588000E-015, 0.0000000000000000000 ) ) ;
#8233 = CARTESIAN_POINT ( 'NONE',  ( -69.17499999999999700, -1.000000000000016900, -1.249999999999999800 ) ) ;
#8234 = CONTEXT_DEPENDENT_SHAPE_REPRESENTATION ( #3106, #6958 ) ;
#8235 = PLANE ( 'NONE',  #7876 ) ;
#8236 = FACE_OUTER_BOUND ( 'NONE', #5272, .T. ) ;
#8237 = CARTESIAN_POINT ( 'NONE',  ( 84.14999999999999100, -1.596964039752828700E-016, -5.400000000000000400 ) ) ;
#8238 = ORIENTED_EDGE ( 'NONE', *, *, #5729, .F. ) ;
#8239 = CONTEXT_DEPENDENT_SHAPE_REPRESENTATION ( #4712, #5542 ) ;
#8240 = EDGE_CURVE ( 'NONE', #6901, #3756, #913, .T. ) ;
#8241 = ORIENTED_EDGE ( 'NONE', *, *, #933, .F. ) ;
#8242 = PRODUCT_DEFINITION_SHAPE ( 'NONE', 'NONE',  #9022 ) ;
#8243 = CARTESIAN_POINT ( 'NONE',  ( -69.99999999999998600, 4.234711976998479300, 3.210000000000000000 ) ) ;
#8244 = ADVANCED_FACE ( 'NONE', ( #2664 ), #7995, .T. ) ;
#8245 = VECTOR ( 'NONE', #3895, 1000.000000000000000 ) ;
#8246 = VERTEX_POINT ( 'NONE', #202 ) ;
#8247 = DIRECTION ( 'NONE',  ( 0.0000000000000000000, -1.000000000000000000, 3.822843908301359300E-017 ) ) ;
#8248 = ORIENTED_EDGE ( 'NONE', *, *, #1130, .T. ) ;
#8249 = DIRECTION ( 'NONE',  ( 0.0000000000000000000, 0.0000000000000000000, 1.000000000000000000 ) ) ;
#8250 = EDGE_CURVE ( 'NONE', #7085, #2344, #8532, .T. ) ;
#8251 = ORIENTED_EDGE ( 'NONE', *, *, #2855, .F. ) ;
#8252 = EDGE_CURVE ( 'NONE', #2724, #6612, #1352, .T. ) ;
#8253 = CARTESIAN_POINT ( 'NONE',  ( 4.574999999999999300, 0.4000000000000005800, -2.250000000000000000 ) ) ;
#8254 = FACE_OUTER_BOUND ( 'NONE', #2746, .T. ) ;
#8255 = CARTESIAN_POINT ( 'NONE',  ( 72.77766835848632400, 16.79999999999984100, 2.989902909749512400 ) ) ;
#8256 = ORIENTED_EDGE ( 'NONE', *, *, #6186, .F. ) ;
#8257 = DIRECTION ( 'NONE',  ( 1.000000000000000000, 0.0000000000000000000, 0.0000000000000000000 ) ) ;
#8258 = DIRECTION ( 'NONE',  ( -1.000000000000000000, -0.0000000000000000000, -0.0000000000000000000 ) ) ;
#8259 = PRODUCT_DEFINITION_SHAPE ( 'NONE', 'NONE',  #9031 ) ;
#8260 = DIRECTION ( 'NONE',  ( 1.000000000000000000, 0.0000000000000000000, 0.0000000000000000000 ) ) ;
#8261 = DIRECTION ( 'NONE',  ( 0.0000000000000000000, -1.000000000000000000, 0.0000000000000000000 ) ) ;
#8262 = LINE ( 'NONE', #959, #1102 ) ;
#8263 = ORIENTED_EDGE ( 'NONE', *, *, #2114, .T. ) ;
#8264 = ITEM_DEFINED_TRANSFORMATION ( 'NONE', 'NONE', #4371,  #7076 ) ;
#8265 = DIRECTION ( 'NONE',  ( 0.0000000000000000000, 0.0000000000000000000, -1.000000000000000000 ) ) ;
#8266 = CARTESIAN_POINT ( 'NONE',  ( 70.54999999999998300, 5.490713052897799200E-015, -1.600000000000000100 ) ) ;
#8267 = ORIENTED_EDGE ( 'NONE', *, *, #3050, .T. ) ;
#8268 = VERTEX_POINT ( 'NONE', #7471 ) ;
#8269 = ORIENTED_EDGE ( 'NONE', *, *, #1813, .F. ) ;
#8270 = DIRECTION ( 'NONE',  ( 0.0000000000000000000, -0.0000000000000000000, 1.000000000000000000 ) ) ;
#8271 = CARTESIAN_POINT ( 'NONE',  ( 68.77500000000000600, -2.450907727942585600E-017, 0.0000000000000000000 ) ) ;
#8272 = AXIS2_PLACEMENT_3D ( 'NONE', #5971, #3094, #5936 ) ;
#8273 = DIRECTION ( 'NONE',  ( 1.000000000000000000, 0.0000000000000000000, 0.0000000000000000000 ) ) ;
#8274 = AXIS2_PLACEMENT_3D ( 'NONE', #1440, #3595, #7205 ) ;
#8275 = ORIENTED_EDGE ( 'NONE', *, *, #1227, .T. ) ;
#8276 = EDGE_CURVE ( 'NONE', #1073, #7958, #7841, .T. ) ;
#8277 = VERTEX_POINT ( 'NONE', #6528 ) ;
#8278 = SHAPE_REPRESENTATION_RELATIONSHIP ( 'NONE' , 'NONE' ,  #8180, #6991 ) ;
#8279 = CARTESIAN_POINT ( 'NONE',  ( -70.99999999999998600, 10.59999999999998200, 3.250000000000008900 ) ) ;
#8280 = CARTESIAN_POINT ( 'NONE',  ( 72.99999999999998600, 16.79999999999983700, 3.210000000000000000 ) ) ;
#8281 = CARTESIAN_POINT ( 'NONE',  ( 6.574999999999999300, 0.4000000000000008500, 2.250000000000000000 ) ) ;
#8282 = DIRECTION ( 'NONE',  ( 0.0000000000000000000, 0.0000000000000000000, 1.000000000000000000 ) ) ;
#8283 = DIRECTION ( 'NONE',  ( 0.0000000000000000000, 0.0000000000000000000, 1.000000000000000000 ) ) ;
#8284 = VERTEX_POINT ( 'NONE', #5972 ) ;
#8285 =( REPRESENTATION_RELATIONSHIP ('NONE','NONE', #6135, #6228 ) REPRESENTATION_RELATIONSHIP_WITH_TRANSFORMATION ( #1507 )SHAPE_REPRESENTATION_RELATIONSHIP( ) );
#8286 = DIRECTION ( 'NONE',  ( 0.0000000000000000000, 0.0000000000000000000, -1.000000000000000000 ) ) ;
#8287 = VERTEX_POINT ( 'NONE', #3798 ) ;
#8288 = VECTOR ( 'NONE', #328, 1000.000000000000100 ) ;
#8289 = CARTESIAN_POINT ( 'NONE',  ( 107.0999999999999800, 1.300233249217763700E-014, 0.0000000000000000000 ) ) ;
#8290 = DIRECTION ( 'NONE',  ( -0.0000000000000000000, -1.000000000000000000, -1.297076659421812200E-016 ) ) ;
#8291 = EDGE_CURVE ( 'NONE', #3855, #736, #1023, .T. ) ;
#8292 = DIRECTION ( 'NONE',  ( 0.0000000000000000000, 0.0000000000000000000, 1.000000000000000000 ) ) ;
#8293 = VERTEX_POINT ( 'NONE', #7965 ) ;
#8294 = VERTEX_POINT ( 'NONE', #8913 ) ;
#8295 = FACE_OUTER_BOUND ( 'NONE', #6156, .T. ) ;
#8296 = ORIENTED_EDGE ( 'NONE', *, *, #1804, .T. ) ;
#8297 = FACE_OUTER_BOUND ( 'NONE', #5482, .T. ) ;
#8298 = DIRECTION ( 'NONE',  ( 0.0000000000000000000, 0.0000000000000000000, 1.000000000000000000 ) ) ;
#8299 = DIRECTION ( 'NONE',  ( 0.0000000000000000000, -1.000000000000000000, -1.084202172485506300E-016 ) ) ;
#8300 = CONTEXT_DEPENDENT_SHAPE_REPRESENTATION ( #7813, #4710 ) ;
#8301 = EDGE_CURVE ( 'NONE', #7911, #6035, #791, .T. ) ;
#8302 = VECTOR ( 'NONE', #6803, 1000.000000000000000 ) ;
#8303 = CARTESIAN_POINT ( 'NONE',  ( -68.44006579232149100, 7.100000000000000500, -1.500000000000000000 ) ) ;
#8304 = EDGE_LOOP ( 'NONE', ( #4043, #4125 ) ) ;
#8305 = ORIENTED_EDGE ( 'NONE', *, *, #165, .F. ) ;
#8306 = AXIS2_PLACEMENT_3D ( 'NONE', #515, #1966, #4200 ) ;
#8307 = VECTOR ( 'NONE', #5053, 1000.000000000000000 ) ;
#8308 = DIRECTION ( 'NONE',  ( 1.000000000000000000, 0.0000000000000000000, 0.0000000000000000000 ) ) ;
#8309 = LINE ( 'NONE', #1075, #5161 ) ;
#8310 = VECTOR ( 'NONE', #4395, 1000.000000000000000 ) ;
#8311 = DIRECTION ( 'NONE',  ( 1.000000000000000000, 0.0000000000000000000, 0.0000000000000000000 ) ) ;
#8312 = DIRECTION ( 'NONE',  ( 1.000000000000000000, 0.0000000000000000000, 0.0000000000000000000 ) ) ;
#8313 = ITEM_DEFINED_TRANSFORMATION ( 'NONE', 'NONE', #6287,  #7076 ) ;
#8315 = PRODUCT_DEFINITION_SHAPE ( 'NONE', 'NONE',  #9135 ) ;
#8314 = ITEM_DEFINED_TRANSFORMATION ( 'NONE', 'NONE', #172,  #7076 ) ;
#8316 = DIRECTION ( 'NONE',  ( -1.000000000000000000, 0.0000000000000000000, 0.0000000000000000000 ) ) ;
#8317 = DIRECTION ( 'NONE',  ( 0.0000000000000000000, -1.000000000000000000, 0.0000000000000000000 ) ) ;
#8318 = VECTOR ( 'NONE', #5064, 1000.000000000000000 ) ;
#8319 = CARTESIAN_POINT ( 'NONE',  ( -72.75000000000001400, 20.89999999999983900, 3.210000000000000000 ) ) ;
#8320 = LINE ( 'NONE', #5912, #5322 ) ;
#8321 = EDGE_CURVE ( 'NONE', #4085, #6862, #4923, .T. ) ;
#8322 = ORIENTED_EDGE ( 'NONE', *, *, #7885, .F. ) ;
#8323 = DIRECTION ( 'NONE',  ( -1.000000000000000000, 0.0000000000000000000, 0.0000000000000000000 ) ) ;
#8324 = PRODUCT_DEFINITION_SHAPE ( 'NONE', 'NONE',  #9218 ) ;
#8325 = ITEM_DEFINED_TRANSFORMATION ( 'NONE', 'NONE', #1816,  #7076 ) ;
#8326 = DIRECTION ( 'NONE',  ( -0.0000000000000000000, -0.0000000000000000000, -1.000000000000000000 ) ) ;
#8327 = LINE ( 'NONE', #6297, #1919 ) ;
#8328 = CARTESIAN_POINT ( 'NONE',  ( 39.94999999999998200, -5.525738384873992100E-015, -5.400000000000000400 ) ) ;
#8329 = ITEM_DEFINED_TRANSFORMATION ( 'NONE', 'NONE', #1887,  #7076 ) ;
#8330 = ORIENTED_EDGE ( 'NONE', *, *, #3205, .T. ) ;
#8331 = CARTESIAN_POINT ( 'NONE',  ( 70.99999999999998600, 10.60000000000000000, -3.249999999999990700 ) ) ;
#8332 = PRODUCT_DEFINITION_SHAPE ( 'NONE', 'NONE',  #9249 ) ;
#8333 = AXIS2_PLACEMENT_3D ( 'NONE', #8110, #1741, #8834 ) ;
#8334 =( REPRESENTATION_RELATIONSHIP ('NONE','NONE', #6135, #6228 ) REPRESENTATION_RELATIONSHIP_WITH_TRANSFORMATION ( #8116 )SHAPE_REPRESENTATION_RELATIONSHIP( ) );
#8335 = CONTEXT_DEPENDENT_SHAPE_REPRESENTATION ( #3905, #4411 ) ;
#8336 = AXIS2_PLACEMENT_3D ( 'NONE', #376, #5380, #6097 ) ;
#8337 = ORIENTED_EDGE ( 'NONE', *, *, #2996, .T. ) ;
#8338 = LINE ( 'NONE', #4353, #8998 ) ;
#8339 = ADVANCED_FACE ( 'NONE', ( #450 ), #3830, .F. ) ;
#8340 = DIRECTION ( 'NONE',  ( 1.000000000000000000, -0.0000000000000000000, -0.0000000000000000000 ) ) ;
#8341 = ITEM_DEFINED_TRANSFORMATION ( 'NONE', 'NONE', #5443,  #7076 ) ;
#8342 = ORIENTED_EDGE ( 'NONE', *, *, #2653, .F. ) ;
#8343 = CARTESIAN_POINT ( 'NONE',  ( -72.99999999999998600, 16.79999999999983700, 3.210000000000000000 ) ) ;
#8344 = ORIENTED_EDGE ( 'NONE', *, *, #9016, .T. ) ;
#8345 = DIRECTION ( 'NONE',  ( 0.0000000000000000000, 0.0000000000000000000, -1.000000000000000000 ) ) ;
#8346 = AXIS2_PLACEMENT_3D ( 'NONE', #6504, #3687, #2212 ) ;
#8347 = LINE ( 'NONE', #6956, #5643 ) ;
#8348 = ITEM_DEFINED_TRANSFORMATION ( 'NONE', 'NONE', #6637,  #7076 ) ;
#8349 = VERTEX_POINT ( 'NONE', #6740 ) ;
#8350 = DIRECTION ( 'NONE',  ( 0.0000000000000000000, 0.0000000000000000000, 1.000000000000000000 ) ) ;
#8351 = EDGE_CURVE ( 'NONE', #7911, #2833, #5706, .T. ) ;
#8352 = CARTESIAN_POINT ( 'NONE',  ( -1.171902081548776500E-014, -7.301499297149608200E-015, -3.800000000000000300 ) ) ;
#8353 = CARTESIAN_POINT ( 'NONE',  ( 69.20000000000001700, 0.4000000000000088500, -2.750000000000008900 ) ) ;
#8354 = ITEM_DEFINED_TRANSFORMATION ( 'NONE', 'NONE', #6647,  #7076 ) ;
#8355 =( REPRESENTATION_RELATIONSHIP ('NONE','NONE', #6135, #6228 ) REPRESENTATION_RELATIONSHIP_WITH_TRANSFORMATION ( #7083 )SHAPE_REPRESENTATION_RELATIONSHIP( ) );
#8356 = DIRECTION ( 'NONE',  ( 0.0000000000000000000, -0.0000000000000000000, -1.000000000000000000 ) ) ;
#8357 = FACE_OUTER_BOUND ( 'NONE', #1914, .T. ) ;
#8358 = ORIENTED_EDGE ( 'NONE', *, *, #2161, .F. ) ;
#8359 = ITEM_DEFINED_TRANSFORMATION ( 'NONE', 'NONE', #1946,  #7076 ) ;
#8360 = VERTEX_POINT ( 'NONE', #3861 ) ;
#8361 = CARTESIAN_POINT ( 'NONE',  ( -71.10219706805406800, 15.44954627373743400, 1.340926871602822900 ) ) ;
#8362 = CARTESIAN_POINT ( 'NONE',  ( 13.60000000000000000, 1.651089840276525500E-015, 0.0000000000000000000 ) ) ;
#8363 = FACE_OUTER_BOUND ( 'NONE', #4070, .T. ) ;
#8364 = DIRECTION ( 'NONE',  ( 0.0000000000000000000, 0.0000000000000000000, 1.000000000000000000 ) ) ;
#8365 = EDGE_CURVE ( 'NONE', #909, #7562, #6260, .T. ) ;
#8366 =( REPRESENTATION_RELATIONSHIP ('NONE','NONE', #6135, #6228 ) REPRESENTATION_RELATIONSHIP_WITH_TRANSFORMATION ( #1812 )SHAPE_REPRESENTATION_RELATIONSHIP( ) );
#8367 = ORIENTED_EDGE ( 'NONE', *, *, #7075, .T. ) ;
#8368 = ITEM_DEFINED_TRANSFORMATION ( 'NONE', 'NONE', #2891,  #7076 ) ;
#8369 = CARTESIAN_POINT ( 'NONE',  ( 4.875000000000000900, 2.399999999999971900, -0.7900000000000008100 ) ) ;
#8370 = CARTESIAN_POINT ( 'NONE',  ( 66.87500000000000000, 15.60000000000011000, -0.7900000000000081400 ) ) ;
#8371 = CARTESIAN_POINT ( 'NONE',  ( 76.49999999999997200, 1.985881054405848200E-015, -3.800000000000000300 ) ) ;
#8372 = LINE ( 'NONE', #4972, #2198 ) ;
#8373 = ORIENTED_EDGE ( 'NONE', *, *, #1746, .F. ) ;
#8374 = CARTESIAN_POINT ( 'NONE',  ( -70.99999999999998600, 9.167771687820280800, 1.249999999999998700 ) ) ;
#8375 = ITEM_DEFINED_TRANSFORMATION ( 'NONE', 'NONE', #4544,  #7076 ) ;
#8376 = DIRECTION ( 'NONE',  ( 0.0000000000000000000, 0.0000000000000000000, 1.000000000000000000 ) ) ;
#8377 = CARTESIAN_POINT ( 'NONE',  ( -70.99999999999998600, 4.234711976998478500, -1.249999999999996700 ) ) ;
#8378 = EDGE_CURVE ( 'NONE', #7467, #1350, #2563, .T. ) ;
#8379 = AXIS2_PLACEMENT_3D ( 'NONE', #8036, #7380, #3049 ) ;
#8380 = DIRECTION ( 'NONE',  ( 0.0000000000000000000, -0.0000000000000000000, -1.000000000000000000 ) ) ;
#8381 = LINE ( 'NONE', #4514, #2085 ) ;
#8382 = ORIENTED_EDGE ( 'NONE', *, *, #5950, .F. ) ;
#8383 = SHAPE_REPRESENTATION_RELATIONSHIP ( 'NONE' , 'NONE' ,  #6079, #333 ) ;
#8384 = CARTESIAN_POINT ( 'NONE',  ( 67.50000000000000000, 20.09999999999983400, 3.210000000000000000 ) ) ;
#8385 = ADVANCED_FACE ( 'NONE', ( #2124 ), #6232, .T. ) ;
#8386 = AXIS2_PLACEMENT_3D ( 'NONE', #768, #6562, #6527 ) ;
#8387 = ORIENTED_EDGE ( 'NONE', *, *, #6550, .T. ) ;
#8388 = VERTEX_POINT ( 'NONE', #5958 ) ;
#8389 = CARTESIAN_POINT ( 'NONE',  ( 60.34999999999998000, -3.049103624459203800E-015, -5.400000000000000400 ) ) ;
#8390 = CARTESIAN_POINT ( 'NONE',  ( 64.79999999999999700, 16.79999999999983700, 3.210000000000000000 ) ) ;
#8391 = CARTESIAN_POINT ( 'NONE',  ( 11.89999999999999900, 1.444703610241959700E-015, 0.0000000000000000000 ) ) ;
#8392 = CARTESIAN_POINT ( 'NONE',  ( -65.75000000000000000, 19.69999999999982500, 3.210000000000000000 ) ) ;
#8393 = DIRECTION ( 'NONE',  ( 1.000000000000000000, 1.225453863971292700E-016, -0.0000000000000000000 ) ) ;
#8394 = ORIENTED_EDGE ( 'NONE', *, *, #5660, .F. ) ;
#8395 = AXIS2_PLACEMENT_3D ( 'NONE', #4, #5728, #5599 ) ;
#8396 = VERTEX_POINT ( 'NONE', #1533 ) ;
#8397 = DIRECTION ( 'NONE',  ( 1.000000000000000000, -3.965082230804127500E-015, 0.0000000000000000000 ) ) ;
#8398 = LINE ( 'NONE', #3488, #2227 ) ;
#8399 = CARTESIAN_POINT ( 'NONE',  ( -64.29999999999999700, 3.234711976998492700, -0.9249999999999987100 ) ) ;
#8400 = PRODUCT_DEFINITION_SHAPE ( 'NONE', 'NONE',  #9095 ) ;
#8401 = AXIS2_PLACEMENT_3D ( 'NONE', #1997, #3365, #4848 ) ;
#8402 = EDGE_CURVE ( 'NONE', #2989, #1945, #7399, .T. ) ;
#8403 = CARTESIAN_POINT ( 'NONE',  ( 96.04999999999998300, 1.285007206266677000E-015, -5.400000000000000400 ) ) ;
#8404 = VERTEX_POINT ( 'NONE', #61 ) ;
#8405 = PLANE ( 'NONE',  #4403 ) ;
#8406 = ORIENTED_EDGE ( 'NONE', *, *, #5688, .F. ) ;
#8407 = VECTOR ( 'NONE', #1401, 1000.000000000000000 ) ;
#8408 = DIRECTION ( 'NONE',  ( 0.0000000000000000000, -0.0000000000000000000, -1.000000000000000000 ) ) ;
#8409 = DIRECTION ( 'NONE',  ( 0.0000000000000000000, 0.0000000000000000000, 1.000000000000000000 ) ) ;
#8410 = CARTESIAN_POINT ( 'NONE',  ( 68.77500000000000600, -3.779999999999991400, 0.8999999999999998000 ) ) ;
#8411 =( REPRESENTATION_RELATIONSHIP ('NONE','NONE', #6135, #6228 ) REPRESENTATION_RELATIONSHIP_WITH_TRANSFORMATION ( #468 )SHAPE_REPRESENTATION_RELATIONSHIP( ) );
#8412 = DIRECTION ( 'NONE',  ( -1.982541115402063300E-015, -1.000000000000000000, 0.0000000000000000000 ) ) ;
#8413 = ORIENTED_EDGE ( 'NONE', *, *, #5833, .T. ) ;
#8414 = FACE_OUTER_BOUND ( 'NONE', #4209, .T. ) ;
#8415 = EDGE_LOOP ( 'NONE', ( #536, #4327, #3227, #7119 ) ) ;
#8416 = VERTEX_POINT ( 'NONE', #1932 ) ;
#8417 = CIRCLE ( 'NONE', #1077, 1.000000000000000900 ) ;
#8418 = CYLINDRICAL_SURFACE ( 'NONE', #7796, 1.000000000000000900 ) ;
#8419 = EDGE_CURVE ( 'NONE', #7689, #8745, #5247, .T. ) ;
#8420 = VECTOR ( 'NONE', #3902, 1000.000000000000000 ) ;
#8421 = DIRECTION ( 'NONE',  ( 0.0000000000000000000, 0.0000000000000000000, 1.000000000000000000 ) ) ;
#8422 = CARTESIAN_POINT ( 'NONE',  ( 5.374999999999996400, -1.000000000000007500, 1.100000000000000300 ) ) ;
#8423 = LINE ( 'NONE', #311, #2570 ) ;
#8424 = EDGE_LOOP ( 'NONE', ( #2241, #1527, #5228, #2460, #4502, #372, #5293, #3645 ) ) ;
#8425 = VECTOR ( 'NONE', #786, 1000.000000000000000 ) ;
#8426 = LINE ( 'NONE', #4678, #4932 ) ;
#8427 = DIRECTION ( 'NONE',  ( 0.0000000000000000000, 0.0000000000000000000, 1.000000000000000000 ) ) ;
#8428 = ORIENTED_EDGE ( 'NONE', *, *, #8491, .T. ) ;
#8429 = ADVANCED_FACE ( 'NONE', ( #3321 ), #7946, .T. ) ;
#8430 = CARTESIAN_POINT ( 'NONE',  ( 67.97499999999999400, 0.4000000000000083500, 2.250000000000000000 ) ) ;
#8431 = EDGE_CURVE ( 'NONE', #3803, #4691, #3775, .T. ) ;
#8432 = CARTESIAN_POINT ( 'NONE',  ( 67.29999999999998300, 7.100000000000000500, -1.500000000000000000 ) ) ;
#8433 = PRODUCT_DEFINITION_SHAPE ( 'NONE', 'NONE',  #9107 ) ;
#8434 = CONTEXT_DEPENDENT_SHAPE_REPRESENTATION ( #3327, #982 ) ;
#8435 = VECTOR ( 'NONE', #8499, 1000.000000000000000 ) ;
#8436 = CARTESIAN_POINT ( 'NONE',  ( 104.5499999999999800, 2.316938356439504700E-015, -5.400000000000000400 ) ) ;
#8437 = DIRECTION ( 'NONE',  ( -1.000000000000000000, -1.225453863971292700E-016, 0.0000000000000000000 ) ) ;
#8438 = CARTESIAN_POINT ( 'NONE',  ( 67.97499999999999400, 8.330022640344861500E-015, 2.250000000000000000 ) ) ;
#8439 = ORIENTED_EDGE ( 'NONE', *, *, #1987, .F. ) ;
#8440 = DIRECTION ( 'NONE',  ( -1.000000000000000000, -1.225453863971292700E-016, 0.0000000000000000000 ) ) ;
#8441 = ORIENTED_EDGE ( 'NONE', *, *, #5992, .T. ) ;
#8442 = DIRECTION ( 'NONE',  ( 1.000000000000000000, 0.0000000000000000000, 0.0000000000000000000 ) ) ;
#8443 = DIRECTION ( 'NONE',  ( 1.000000000000000000, 0.0000000000000000000, 0.0000000000000000000 ) ) ;
#8444 = CARTESIAN_POINT ( 'NONE',  ( 69.20000000000001700, 0.4000000000000088500, 2.750000000000008900 ) ) ;
#8445 = COLOUR_RGB ( '',0.2509803921568627400, 0.2509803921568627400, 0.2509803921568627400 ) ;
#8446 = DIRECTION ( 'NONE',  ( -1.000000000000000000, -0.0000000000000000000, -0.0000000000000000000 ) ) ;
#8447 = CARTESIAN_POINT ( 'NONE',  ( 69.95993420767854300, 7.100000000000000500, 1.250000000000000000 ) ) ;
#8448 = CONTEXT_DEPENDENT_SHAPE_REPRESENTATION ( #8523, #8315 ) ;
#8449 = ORIENTED_EDGE ( 'NONE', *, *, #18, .T. ) ;
#8450 = VERTEX_POINT ( 'NONE', #8374 ) ;
#8451 = ITEM_DEFINED_TRANSFORMATION ( 'NONE', 'NONE', #2502,  #7076 ) ;
#8452 = PLANE ( 'NONE',  #2050 ) ;
#8453 = CARTESIAN_POINT ( 'NONE',  ( 69.20000000000001700, 6.450000000000001100, 2.500000000000000000 ) ) ;
#8454 = DIRECTION ( 'NONE',  ( 0.0000000000000000000, 0.0000000000000000000, 1.000000000000000000 ) ) ;
#8455 = LINE ( 'NONE', #3589, #7553 ) ;
#8456 = DIRECTION ( 'NONE',  ( 0.0000000000000000000, 1.000000000000000000, 0.0000000000000000000 ) ) ;
#8457 = AXIS2_PLACEMENT_3D ( 'NONE', #4683, #6057, #6825 ) ;
#8458 = ITEM_DEFINED_TRANSFORMATION ( 'NONE', 'NONE', #113,  #7076 ) ;
#8459 = ORIENTED_EDGE ( 'NONE', *, *, #5120, .T. ) ;
#8460 = CARTESIAN_POINT ( 'NONE',  ( 64.29999999999999700, 19.29999999999983000, -3.210000000000000000 ) ) ;
#8461 = CARTESIAN_POINT ( 'NONE',  ( -68.20000000000001700, 6.449999999999983300, -1.250000000000000200 ) ) ;
#8462 = ORIENTED_EDGE ( 'NONE', *, *, #2960, .F. ) ;
#8463 = ADVANCED_FACE ( 'NONE', ( #228 ), #5891, .F. ) ;
#8464 = CARTESIAN_POINT ( 'NONE',  ( -67.46999999999999900, 16.79999999999983700, 0.9249999999999978200 ) ) ;
#8465 = VECTOR ( 'NONE', #7613, 1000.000000000000000 ) ;
#8466 = DIRECTION ( 'NONE',  ( -0.0000000000000000000, 0.0000000000000000000, -1.000000000000000000 ) ) ;
#8467 = ORIENTED_EDGE ( 'NONE', *, *, #4692, .F. ) ;
#8468 = ITEM_DEFINED_TRANSFORMATION ( 'NONE', 'NONE', #832,  #7076 ) ;
#8469 = ORIENTED_EDGE ( 'NONE', *, *, #7144, .T. ) ;
#8470 = PRODUCT_DEFINITION_SHAPE ( 'NONE', 'NONE',  #9151 ) ;
#8471 = DIRECTION ( 'NONE',  ( 0.0000000000000000000, 0.0000000000000000000, 1.000000000000000000 ) ) ;
#8472 = PRODUCT_RELATED_PRODUCT_CATEGORY ( 'part', '', ( #1208 ) ) ;
#8473 = VECTOR ( 'NONE', #3936, 1000.000000000000000 ) ;
#8474 = ORIENTED_EDGE ( 'NONE', *, *, #5782, .T. ) ;
#8475 = PRODUCT_DEFINITION_SHAPE ( 'NONE', 'NONE',  #9217 ) ;
#8476 = ORIENTED_EDGE ( 'NONE', *, *, #6780, .T. ) ;
#8477 = CONTEXT_DEPENDENT_SHAPE_REPRESENTATION ( #3190, #6241 ) ;
#8478 = EDGE_CURVE ( 'NONE', #7606, #8738, #3092, .T. ) ;
#8479 = ORIENTED_EDGE ( 'NONE', *, *, #314, .T. ) ;
#8480 =( REPRESENTATION_RELATIONSHIP ('NONE','NONE', #6135, #6228 ) REPRESENTATION_RELATIONSHIP_WITH_TRANSFORMATION ( #6165 )SHAPE_REPRESENTATION_RELATIONSHIP( ) );
#8481 = CARTESIAN_POINT ( 'NONE',  ( 70.99999999999998600, 7.100000000000000500, 1.250000000000000000 ) ) ;
#8482 = ADVANCED_FACE ( 'NONE', ( #6615 ), #96, .T. ) ;
#8483 = PRODUCT_DEFINITION_SHAPE ( 'NONE', 'NONE',  #9255 ) ;
#8484 = CIRCLE ( 'NONE', #2646, 1.000000000000000900 ) ;
#8485 = ORIENTED_EDGE ( 'NONE', *, *, #8564, .F. ) ;
#8486 = CONTEXT_DEPENDENT_SHAPE_REPRESENTATION ( #955, #6552 ) ;
#8487 = DIRECTION ( 'NONE',  ( 0.0000000000000000000, 0.0000000000000000000, 1.000000000000000000 ) ) ;
#8488 = CARTESIAN_POINT ( 'NONE',  ( -72.75000000000001400, 20.89999999999983900, 3.210000000000000000 ) ) ;
#8489 = DIRECTION ( 'NONE',  ( 1.000000000000000000, 0.0000000000000000000, 0.0000000000000000000 ) ) ;
#8490 = PLANE ( 'NONE',  #546 ) ;
#8491 = EDGE_CURVE ( 'NONE', #2232, #5324, #8970, .T. ) ;
#8492 =( REPRESENTATION_RELATIONSHIP ('NONE','NONE', #6135, #6228 ) REPRESENTATION_RELATIONSHIP_WITH_TRANSFORMATION ( #3934 )SHAPE_REPRESENTATION_RELATIONSHIP( ) );
#8493 = PLANE ( 'NONE',  #4955 ) ;
#8494 = AXIS2_PLACEMENT_3D ( 'NONE', #8271, #7523, #1675 ) ;
#8495 = VECTOR ( 'NONE', #5414, 1000.000000000000000 ) ;
#8496 = ORIENTED_EDGE ( 'NONE', *, *, #199, .F. ) ;
#8497 = CARTESIAN_POINT ( 'NONE',  ( -63.49999999999998600, -2.100000000000000100, 2.800000000000000300 ) ) ;
#8498 = DIRECTION ( 'NONE',  ( 1.000000000000000000, 0.0000000000000000000, 0.0000000000000000000 ) ) ;
#8499 = DIRECTION ( 'NONE',  ( 1.000000000000000000, -0.0000000000000000000, -0.0000000000000000000 ) ) ;
#8500 = DIRECTION ( 'NONE',  ( 0.0000000000000000000, 0.0000000000000000000, -1.000000000000000000 ) ) ;
#8501 = VECTOR ( 'NONE', #3427, 1000.000000000000000 ) ;
#8502 = CARTESIAN_POINT ( 'NONE',  ( 119.8499999999999800, 4.174414426750595900E-015, -5.400000000000000400 ) ) ;
#8503 = ORIENTED_EDGE ( 'NONE', *, *, #3096, .T. ) ;
#8504 = DIRECTION ( 'NONE',  ( 0.0000000000000000000, 0.0000000000000000000, 1.000000000000000000 ) ) ;
#8505 = COLOUR_RGB ( '',1.000000000000000000, 1.000000000000000000, 0.9254901960784314200 ) ;
#8506 = EDGE_CURVE ( 'NONE', #1767, #8416, #6832, .T. ) ;
#8507 = AXIS2_PLACEMENT_3D ( 'NONE', #7801, #1287, #4222 ) ;
#8508 = DIRECTION ( 'NONE',  ( 1.000000000000000000, 0.0000000000000000000, 0.0000000000000000000 ) ) ;
#8509 = PLANE ( 'NONE',  #2708 ) ;
#8510 = ORIENTED_EDGE ( 'NONE', *, *, #8904, .T. ) ;
#8511 = DIRECTION ( 'NONE',  ( 1.000000000000000000, 1.225453863971292700E-016, -0.0000000000000000000 ) ) ;
#8512 = ADVANCED_FACE ( 'NONE', ( #2112 ), #8039, .F. ) ;
#8513 =( REPRESENTATION_RELATIONSHIP ('NONE','NONE', #6135, #6228 ) REPRESENTATION_RELATIONSHIP_WITH_TRANSFORMATION ( #3108 )SHAPE_REPRESENTATION_RELATIONSHIP( ) );
#8514 = ORIENTED_EDGE ( 'NONE', *, *, #5357, .F. ) ;
#8515 = VECTOR ( 'NONE', #7610, 1000.000000000000000 ) ;
#8516 = AXIS2_PLACEMENT_3D ( 'NONE', #1773, #1048, #5275 ) ;
#8517 = PRODUCT_DEFINITION_SHAPE ( 'NONE', 'NONE',  #9072 ) ;
#8518 = CARTESIAN_POINT ( 'NONE',  ( 4.574999999999999300, 0.4000000000000005800, 2.250000000000000000 ) ) ;
#8519 = DIRECTION ( 'NONE',  ( 1.000000000000000000, 0.0000000000000000000, 0.0000000000000000000 ) ) ;
#8520 = ORIENTED_EDGE ( 'NONE', *, *, #8060, .F. ) ;
#8521 = ORIENTED_EDGE ( 'NONE', *, *, #7753, .F. ) ;
#8522 = CYLINDRICAL_SURFACE ( 'NONE', #4431, 1.000000000000000900 ) ;
#8523 =( REPRESENTATION_RELATIONSHIP ('NONE','NONE', #6135, #6228 ) REPRESENTATION_RELATIONSHIP_WITH_TRANSFORMATION ( #8341 )SHAPE_REPRESENTATION_RELATIONSHIP( ) );
#8524 = DIRECTION ( 'NONE',  ( 0.0000000000000000000, 0.0000000000000000000, -1.000000000000000000 ) ) ;
#8525 = FILL_AREA_STYLE_COLOUR ( '', #3781 ) ;
#8526 = DIRECTION ( 'NONE',  ( -1.000000000000000000, -1.225453863971293700E-016, 2.168404344971006900E-016 ) ) ;
#8527 = ADVANCED_FACE ( 'NONE', ( #4016 ), #190, .T. ) ;
#8528 = AXIS2_PLACEMENT_3D ( 'NONE', #7161, #8613, #375 ) ;
#8529 = ORIENTED_EDGE ( 'NONE', *, *, #2475, .F. ) ;
#8530 = ORIENTED_EDGE ( 'NONE', *, *, #487, .T. ) ;
#8531 = LINE ( 'NONE', #8188, #6381 ) ;
#8532 = LINE ( 'NONE', #7256, #4024 ) ;
#8533 = AXIS2_PLACEMENT_3D ( 'NONE', #8674, #7154, #7869 ) ;
#8534 = EDGE_CURVE ( 'NONE', #8795, #4216, #7166, .T. ) ;
#8535 = DIRECTION ( 'NONE',  ( 1.000000000000000000, 0.0000000000000000000, 0.0000000000000000000 ) ) ;
#8536 = CARTESIAN_POINT ( 'NONE',  ( 67.29999999999998300, 2.550000000000016300, 1.250000000000000000 ) ) ;
#8537 = CONTEXT_DEPENDENT_SHAPE_REPRESENTATION ( #8513, #5758 ) ;
#8538 = FACE_OUTER_BOUND ( 'NONE', #7279, .T. ) ;
#8539 = ORIENTED_EDGE ( 'NONE', *, *, #6954, .F. ) ;
#8540 = FACE_OUTER_BOUND ( 'NONE', #2386, .T. ) ;
#8541 = VECTOR ( 'NONE', #6820, 1000.000000000000000 ) ;
#8542 = DIRECTION ( 'NONE',  ( 0.0000000000000000000, 0.0000000000000000000, 1.000000000000000000 ) ) ;
#8543 = CARTESIAN_POINT ( 'NONE',  ( -67.50000000000000000, 20.09999999999983400, 3.210000000000000000 ) ) ;
#8544 =( REPRESENTATION_RELATIONSHIP ('NONE','NONE', #6135, #6228 ) REPRESENTATION_RELATIONSHIP_WITH_TRANSFORMATION ( #4818 )SHAPE_REPRESENTATION_RELATIONSHIP( ) );
#8545 = DIRECTION ( 'NONE',  ( 1.000000000000000000, 0.0000000000000000000, -0.0000000000000000000 ) ) ;
#8546 = EDGE_CURVE ( 'NONE', #409, #4774, #8843, .T. ) ;
#8547 = ITEM_DEFINED_TRANSFORMATION ( 'NONE', 'NONE', #646,  #7076 ) ;
#8548 = PRODUCT_DEFINITION_SHAPE ( 'NONE', 'NONE',  #9027 ) ;
#8549 = LINE ( 'NONE', #4092, #2793 ) ;
#8550 = CARTESIAN_POINT ( 'NONE',  ( -72.75000000000000000, 21.29999999999984100, 3.210000000000000000 ) ) ;
#8551 = DIRECTION ( 'NONE',  ( 1.000000000000000000, 0.0000000000000000000, -0.0000000000000000000 ) ) ;
#8552 = CONTEXT_DEPENDENT_SHAPE_REPRESENTATION ( #4958, #8920 ) ;
#8553 = EDGE_LOOP ( 'NONE', ( #7245, #1716, #6333, #5714 ) ) ;
#8554 = CARTESIAN_POINT ( 'NONE',  ( 64.29999999999999700, 19.29999999999983000, -3.210000000000000000 ) ) ;
#8555 = CONTEXT_DEPENDENT_SHAPE_REPRESENTATION ( #4014, #5904 ) ;
#8556 = EDGE_CURVE ( 'NONE', #1209, #7750, #3659, .T. ) ;
#8557 = CARTESIAN_POINT ( 'NONE',  ( -70.20000000000001700, 6.449999999999983300, -2.750000000000008900 ) ) ;
#8558 = ORIENTED_EDGE ( 'NONE', *, *, #1911, .F. ) ;
#8559 = LINE ( 'NONE', #1658, #4389 ) ;
#8560 = DIRECTION ( 'NONE',  ( 1.000000000000000000, -1.982541115402063300E-015, 0.0000000000000000000 ) ) ;
#8561 = ADVANCED_FACE ( 'NONE', ( #4689 ), #4433, .T. ) ;
#8562 = DIRECTION ( 'NONE',  ( -0.0000000000000000000, -0.0000000000000000000, 1.000000000000000000 ) ) ;
#8563 = CONTEXT_DEPENDENT_SHAPE_REPRESENTATION ( #2778, #2443 ) ;
#8564 = EDGE_CURVE ( 'NONE', #6009, #8388, #6153, .T. ) ;
#8565 = ORIENTED_EDGE ( 'NONE', *, *, #1093, .F. ) ;
#8566 = CARTESIAN_POINT ( 'NONE',  ( -66.87499999999998600, 2.399999999999985300, 0.7900000000000082500 ) ) ;
#8567 =( REPRESENTATION_RELATIONSHIP ('NONE','NONE', #6135, #6228 ) REPRESENTATION_RELATIONSHIP_WITH_TRANSFORMATION ( #1938 )SHAPE_REPRESENTATION_RELATIONSHIP( ) );
#8568 = CARTESIAN_POINT ( 'NONE',  ( 124.9499999999999700, 4.793573116854293800E-015, -5.400000000000000400 ) ) ;
#8569 = VECTOR ( 'NONE', #4388, 1000.000000000000000 ) ;
#8570 = DIRECTION ( 'NONE',  ( -1.000000000000000000, 0.0000000000000000000, 0.0000000000000000000 ) ) ;
#8571 = DIRECTION ( 'NONE',  ( -0.7071067811865474600, 0.7071067811865474600, 0.0000000000000000000 ) ) ;
#8572 = CONTEXT_DEPENDENT_SHAPE_REPRESENTATION ( #6857, #4697 ) ;
#8573 = ORIENTED_EDGE ( 'NONE', *, *, #2590, .T. ) ;
#8574 = AXIS2_PLACEMENT_3D ( 'NONE', #1601, #6609, #1515 ) ;
#8575 = CARTESIAN_POINT ( 'NONE',  ( 72.12082249209497300, 16.61105894728057600, -2.340051285131160300 ) ) ;
#8576 = DIRECTION ( 'NONE',  ( 1.000000000000000000, 0.0000000000000000000, 0.0000000000000000000 ) ) ;
#8577 = CARTESIAN_POINT ( 'NONE',  ( 4.875000000000000900, 2.399999999999971900, -0.7900000000000008100 ) ) ;
#8578 = ITEM_DEFINED_TRANSFORMATION ( 'NONE', 'NONE', #3924,  #7076 ) ;
#8579 = PLANE ( 'NONE',  #5685 ) ;
#8580 = ADVANCED_FACE ( 'NONE', ( #5911 ), #5210, .F. ) ;
#8581 = AXIS2_PLACEMENT_3D ( 'NONE', #8737, #8711, #8797 ) ;
#8582 = LINE ( 'NONE', #8377, #8673 ) ;
#8583 = EDGE_CURVE ( 'NONE', #2687, #1406, #7501, .T. ) ;
#8584 = VERTEX_POINT ( 'NONE', #8829 ) ;
#8585 = CARTESIAN_POINT ( 'NONE',  ( 69.20000000000001700, 6.450000000000001100, 1.250000000000000200 ) ) ;
#8586 = CARTESIAN_POINT ( 'NONE',  ( 3.399999999999987900, -6.888726837080476300E-015, -3.800000000000000300 ) ) ;
#8587 = CARTESIAN_POINT ( 'NONE',  ( -69.97499999999999400, 0.3999999999999914700, 2.250000000000000000 ) ) ;
#8588 = AXIS2_PLACEMENT_3D ( 'NONE', #192, #852, #2964 ) ;
#8589 = LINE ( 'NONE', #864, #8915 ) ;
#8590 = DIRECTION ( 'NONE',  ( 1.000000000000000000, 0.0000000000000000000, 0.0000000000000000000 ) ) ;
#8591 = ORIENTED_EDGE ( 'NONE', *, *, #5950, .T. ) ;
#8592 = PLANE ( 'NONE',  #1438 ) ;
#8593 = PRODUCT_DEFINITION_SHAPE ( 'NONE', 'NONE',  #9102 ) ;
#8594 = CARTESIAN_POINT ( 'NONE',  ( 55.24999999999999300, 3.633236982586707600E-015, -1.600000000000000100 ) ) ;
#8595 = ORIENTED_EDGE ( 'NONE', *, *, #5217, .T. ) ;
#8596 = DIRECTION ( 'NONE',  ( 1.000000000000000000, 0.0000000000000000000, -0.0000000000000000000 ) ) ;
#8597 = AXIS2_PLACEMENT_3D ( 'NONE', #6887, #8292, #7434 ) ;
#8598 = EDGE_CURVE ( 'NONE', #2648, #5145, #4241, .T. ) ;
#8599 = DIRECTION ( 'NONE',  ( 0.0000000000000000000, 1.000000000000000000, 0.0000000000000000000 ) ) ;
#8600 = CARTESIAN_POINT ( 'NONE',  ( -71.00000000000001400, 20.89999999999983900, 3.210000000000000000 ) ) ;
#8601 = VECTOR ( 'NONE', #2369, 1000.000000000000000 ) ;
#8602 = VERTEX_POINT ( 'NONE', #214 ) ;
#8603 = ITEM_DEFINED_TRANSFORMATION ( 'NONE', 'NONE', #8070,  #7076 ) ;
#8604 = CARTESIAN_POINT ( 'NONE',  ( 66.87500000000001400, 2.400000000000013200, -0.7900000000000081400 ) ) ;
#8605 = VECTOR ( 'NONE', #3839, 1000.000000000000000 ) ;
#8606 = EDGE_CURVE ( 'NONE', #4805, #7599, #1885, .T. ) ;
#8607 = CARTESIAN_POINT ( 'NONE',  ( 67.46999999999999900, 3.234711976998478900, 3.210000000000000000 ) ) ;
#8608 = VERTEX_POINT ( 'NONE', #4577 ) ;
#8609 = CONTEXT_DEPENDENT_SHAPE_REPRESENTATION ( #2255, #7954 ) ;
#8610 = DIRECTION ( 'NONE',  ( 1.000000000000000000, 0.0000000000000000000, 0.0000000000000000000 ) ) ;
#8611 = ADVANCED_FACE ( 'NONE', ( #3210 ), #8062, .F. ) ;
#8612 = PLANE ( 'NONE',  #906 ) ;
#8613 = DIRECTION ( 'NONE',  ( 0.0000000000000000000, 0.0000000000000000000, 1.000000000000000000 ) ) ;
#8614 = LINE ( 'NONE', #2637, #4438 ) ;
#8615 = VERTEX_POINT ( 'NONE', #3772 ) ;
#8616 = DIRECTION ( 'NONE',  ( 0.0000000000000000000, 1.000000000000000000, 0.0000000000000000000 ) ) ;
#8617 = DIRECTION ( 'NONE',  ( 0.0000000000000000000, 0.0000000000000000000, 1.000000000000000000 ) ) ;
#8618 = DIRECTION ( 'NONE',  ( -0.0000000000000000000, -0.0000000000000000000, -1.000000000000000000 ) ) ;
#8619 = CARTESIAN_POINT ( 'NONE',  ( 69.17499999999999700, -3.779999999999991400, 1.049999999999999800 ) ) ;
#8620 = ORIENTED_EDGE ( 'NONE', *, *, #1763, .F. ) ;
#8621 = EDGE_CURVE ( 'NONE', #1141, #6933, #443, .T. ) ;
#8622 = CARTESIAN_POINT ( 'NONE',  ( 69.17499999999999700, -1.694352215504831500E-016, 0.8999999999999998000 ) ) ;
#8623 = CARTESIAN_POINT ( 'NONE',  ( 115.5999999999999800, 6.732764345200859200E-015, -3.800000000000000300 ) ) ;
#8624 = PRODUCT_DEFINITION_SHAPE ( 'NONE', 'NONE',  #9123 ) ;
#8625 = CARTESIAN_POINT ( 'NONE',  ( 68.77500000000000600, -1.000000000000000000, 1.100000000000000300 ) ) ;
#8626 = ORIENTED_EDGE ( 'NONE', *, *, #3026, .F. ) ;
#8627 = ADVANCED_FACE ( 'NONE', ( #1453 ), #7833, .T. ) ;
#8628 = VERTEX_POINT ( 'NONE', #6714 ) ;
#8629 = CARTESIAN_POINT ( 'NONE',  ( 6.574999999999999300, 0.4000000000000008500, -2.250000000000000000 ) ) ;
#8630 = CARTESIAN_POINT ( 'NONE',  ( 72.24999999999998600, 5.697099282932364400E-015, -1.600000000000000100 ) ) ;
#8631 = CARTESIAN_POINT ( 'NONE',  ( -69.20000000000001700, 6.450000000000001100, 0.9249999999999978200 ) ) ;
#8632 = PRODUCT_DEFINITION_SHAPE ( 'NONE', 'NONE',  #9185 ) ;
#8633 = VERTEX_POINT ( 'NONE', #4615 ) ;
#8634 = DIRECTION ( 'NONE',  ( 0.0000000000000000000, 0.0000000000000000000, 1.000000000000000000 ) ) ;
#8635 = EDGE_CURVE ( 'NONE', #470, #5488, #5240, .T. ) ;
#8636 = CARTESIAN_POINT ( 'NONE',  ( 70.20000000000001700, 0.4000000000000085700, -3.250000000000008000 ) ) ;
#8637 = EDGE_LOOP ( 'NONE', ( #8367, #8462, #1390, #5565 ) ) ;
#8638 = AXIS2_PLACEMENT_3D ( 'NONE', #3838, #3740, #6624 ) ;
#8639 = PRODUCT_DEFINITION_SHAPE ( 'NONE', 'NONE',  #9277 ) ;
#8640 = CARTESIAN_POINT ( 'NONE',  ( -67.46999999999999900, 16.79999999999983700, 3.210000000000000000 ) ) ;
#8641 = CARTESIAN_POINT ( 'NONE',  ( 67.29999999999998300, 10.60000000000000000, -1.500000000000000000 ) ) ;
#8642 = ORIENTED_EDGE ( 'NONE', *, *, #4517, .F. ) ;
#8643 = AXIS2_PLACEMENT_3D ( 'NONE', #5926, #1624, #8811 ) ;
#8644 = VERTEX_POINT ( 'NONE', #4518 ) ;
#8645 = VECTOR ( 'NONE', #2208, 1000.000000000000000 ) ;
#8646 = LINE ( 'NONE', #6645, #6491 ) ;
#8647 = PLANE ( 'NONE',  #7179 ) ;
#8648 = DIRECTION ( 'NONE',  ( 0.0000000000000000000, 0.0000000000000000000, 1.000000000000000000 ) ) ;
#8649 = AXIS2_PLACEMENT_3D ( 'NONE', #8897, #3107, #6685 ) ;
#8650 = DIRECTION ( 'NONE',  ( 0.0000000000000000000, 0.0000000000000000000, 1.000000000000000000 ) ) ;
#8651 = CARTESIAN_POINT ( 'NONE',  ( 68.77500000000000600, -2.306998441008084300E-016, -1.099999999999999900 ) ) ;
#8652 = DIRECTION ( 'NONE',  ( 1.225453863971292700E-016, -1.000000000000000000, 0.0000000000000000000 ) ) ;
#8653 = VERTEX_POINT ( 'NONE', #1662 ) ;
#8654 = ITEM_DEFINED_TRANSFORMATION ( 'NONE', 'NONE', #4907,  #7076 ) ;
#8655 = DIRECTION ( 'NONE',  ( 1.000000000000000000, 1.982541115402063700E-015, 0.0000000000000000000 ) ) ;
#8656 = VECTOR ( 'NONE', #3501, 1000.000000000000100 ) ;
#8657 = EDGE_LOOP ( 'NONE', ( #7513, #2946, #1837, #114 ) ) ;
#8658 = CARTESIAN_POINT ( 'NONE',  ( 70.99999999999998600, 5.421010862427522200E-017, -3.249999999999990700 ) ) ;
#8659 = LINE ( 'NONE', #1095, #912 ) ;
#8660 = ORIENTED_EDGE ( 'NONE', *, *, #5463, .T. ) ;
#8661 = VECTOR ( 'NONE', #860, 1000.000000000000000 ) ;
#8662 = LINE ( 'NONE', #4669, #1032 ) ;
#8663 = ADVANCED_FACE ( 'NONE', ( #3761 ), #7449, .F. ) ;
#8664 = CARTESIAN_POINT ( 'NONE',  ( 72.99999999999998600, 16.79999999999983700, 3.210000000000000000 ) ) ;
#8665 = LINE ( 'NONE', #3195, #808 ) ;
#8666 = VERTEX_POINT ( 'NONE', #3079 ) ;
#8667 = CYLINDRICAL_SURFACE ( 'NONE', #8010, 0.7000000000000009500 ) ;
#8668 = VECTOR ( 'NONE', #978, 1000.000000000000000 ) ;
#8669 = EDGE_CURVE ( 'NONE', #2809, #7941, #2762, .T. ) ;
#8670 = APPLICATION_PROTOCOL_DEFINITION ( 'draft international standard', 'automotive_design', 1998, #2 ) ;
#8671 = ORIENTED_EDGE ( 'NONE', *, *, #8556, .F. ) ;
#8672 = CARTESIAN_POINT ( 'NONE',  ( 5.374999999999996400, -7.915445719751373600E-015, -0.8999999999999998000 ) ) ;
#8673 = VECTOR ( 'NONE', #5006, 1000.000000000000000 ) ;
#8674 = CARTESIAN_POINT ( 'NONE',  ( 33.14999999999997700, -6.351283305012253700E-015, -5.400000000000000400 ) ) ;
#8675 = CARTESIAN_POINT ( 'NONE',  ( -63.49999999999998600, -2.100000000000000100, 2.800000000000000300 ) ) ;
#8676 = PRODUCT_DEFINITION_SHAPE ( 'NONE', 'NONE',  #9067 ) ;
#8677 = LINE ( 'NONE', #8353, #6744 ) ;
#8678 = DIRECTION ( 'NONE',  ( 0.0000000000000000000, -1.000000000000000000, -1.084202172485503900E-016 ) ) ;
#8679 = ADVANCED_FACE ( 'NONE', ( #218 ), #8854, .F. ) ;
#8680 = ORIENTED_EDGE ( 'NONE', *, *, #7760, .F. ) ;
#8681 = EDGE_CURVE ( 'NONE', #1452, #3759, #3888, .T. ) ;
#8682 = AXIS2_PLACEMENT_3D ( 'NONE', #1381, #4867, #8560 ) ;
#8683 = DIRECTION ( 'NONE',  ( 0.0000000000000000000, 0.0000000000000000000, 1.000000000000000000 ) ) ;
#8684 = VERTEX_POINT ( 'NONE', #3812 ) ;
#8685 = DIRECTION ( 'NONE',  ( 0.0000000000000000000, 0.0000000000000000000, 1.000000000000000000 ) ) ;
#8686 = LINE ( 'NONE', #7291, #39 ) ;
#8687 = DIRECTION ( 'NONE',  ( -0.0000000000000000000, -6.123233995736441900E-017, -1.000000000000000000 ) ) ;
#8688 = DIRECTION ( 'NONE',  ( 0.0000000000000000000, 0.0000000000000000000, 1.000000000000000000 ) ) ;
#8689 = ORIENTED_EDGE ( 'NONE', *, *, #2684, .T. ) ;
#8690 = DIRECTION ( 'NONE',  ( 1.000000000000000000, 2.891205793294675400E-016, 0.0000000000000000000 ) ) ;
#8691 = DIRECTION ( 'NONE',  ( -0.0000000000000000000, -0.0000000000000000000, 1.000000000000000000 ) ) ;
#8692 = DIRECTION ( 'NONE',  ( 1.000000000000000000, 0.0000000000000000000, 0.0000000000000000000 ) ) ;
#8693 = PLANE ( 'NONE',  #3193 ) ;
#8694 = ITEM_DEFINED_TRANSFORMATION ( 'NONE', 'NONE', #5681,  #7076 ) ;
#8695 = CARTESIAN_POINT ( 'NONE',  ( -63.14999999999998400, -2.100000000000000100, 2.800000000000000300 ) ) ;
#8696 = FACE_OUTER_BOUND ( 'NONE', #894, .T. ) ;
#8697 = EDGE_CURVE ( 'NONE', #6182, #1886, #7048, .T. ) ;
#8698 = EDGE_LOOP ( 'NONE', ( #7395, #8514, #5507, #7248 ) ) ;
#8699 =( REPRESENTATION_RELATIONSHIP ('NONE','NONE', #6135, #6228 ) REPRESENTATION_RELATIONSHIP_WITH_TRANSFORMATION ( #643 )SHAPE_REPRESENTATION_RELATIONSHIP( ) );
#8700 = DIRECTION ( 'NONE',  ( 0.0000000000000000000, -0.9426414910921805400, 0.3338068592337647400 ) ) ;
#8701 = CONTEXT_DEPENDENT_SHAPE_REPRESENTATION ( #3810, #976 ) ;
#8702 = CIRCLE ( 'NONE', #5358, 2.000000000000001800 ) ;
#8703 = AXIS2_PLACEMENT_3D ( 'NONE', #7890, #7145, #2823 ) ;
#8704 = ORIENTED_EDGE ( 'NONE', *, *, #4221, .T. ) ;
#8705 = ORIENTED_EDGE ( 'NONE', *, *, #1531, .F. ) ;
#8706 = FACE_OUTER_BOUND ( 'NONE', #8553, .T. ) ;
#8707 = VERTEX_POINT ( 'NONE', #1793 ) ;
#8708 = DIRECTION ( 'NONE',  ( -0.0000000000000000000, -0.0000000000000000000, 1.000000000000000000 ) ) ;
#8709 = ORIENTED_EDGE ( 'NONE', *, *, #3517, .T. ) ;
#8710 = PLANE ( 'NONE',  #5731 ) ;
#8711 = DIRECTION ( 'NONE',  ( -1.156482317317870500E-015, 1.000000000000000000, 0.0000000000000000000 ) ) ;
#8712 = CARTESIAN_POINT ( 'NONE',  ( -68.20000000000001700, 0.3999999999999916400, 2.750000000000008900 ) ) ;
#8713 = AXIS2_PLACEMENT_3D ( 'NONE', #8502, #7016, #7772 ) ;
#8714 = DIRECTION ( 'NONE',  ( 0.0000000000000000000, 0.0000000000000000000, 1.000000000000000000 ) ) ;
#8715 = VECTOR ( 'NONE', #3028, 1000.000000000000000 ) ;
#8716 = ORIENTED_EDGE ( 'NONE', *, *, #5782, .F. ) ;
#8717 = DIRECTION ( 'NONE',  ( 1.000000000000000000, -0.0000000000000000000, -0.0000000000000000000 ) ) ;
#8718 =( GEOMETRIC_REPRESENTATION_CONTEXT ( 3 ) GLOBAL_UNCERTAINTY_ASSIGNED_CONTEXT ( ( #5038 ) ) GLOBAL_UNIT_ASSIGNED_CONTEXT ( ( #1000, #8825, #4547 ) ) REPRESENTATION_CONTEXT ( 'NONE', 'WORKASPACE' ) );
#8719 = ITEM_DEFINED_TRANSFORMATION ( 'NONE', 'NONE', #1485,  #7076 ) ;
#8720 = EDGE_CURVE ( 'NONE', #8740, #3887, #3433, .T. ) ;
#8721 = ADVANCED_FACE ( 'NONE', ( #2556 ), #8522, .F. ) ;
#8722 = CARTESIAN_POINT ( 'NONE',  ( -70.20000000000001700, 0.3999999999999914200, 2.750000000000008900 ) ) ;
#8723 = DIRECTION ( 'NONE',  ( 1.000000000000000000, 0.0000000000000000000, 0.0000000000000000000 ) ) ;
#8724 = ORIENTED_EDGE ( 'NONE', *, *, #665, .F. ) ;
#8725 = LINE ( 'NONE', #2438, #5784 ) ;
#8726 = DIRECTION ( 'NONE',  ( 1.000000000000000000, 0.0000000000000000000, 0.0000000000000000000 ) ) ;
#8727 = ORIENTED_EDGE ( 'NONE', *, *, #7092, .F. ) ;
#8728 = ITEM_DEFINED_TRANSFORMATION ( 'NONE', 'NONE', #8042,  #7076 ) ;
#8729 = CARTESIAN_POINT ( 'NONE',  ( 6.275000000000003000, 2.400000000000005700, 0.7899999999999992600 ) ) ;
#8730 = ORIENTED_EDGE ( 'NONE', *, *, #2693, .F. ) ;
#8731 = EDGE_CURVE ( 'NONE', #1945, #7689, #1338, .T. ) ;
#8732 = LINE ( 'NONE', #7029, #1758 ) ;
#8733 = CARTESIAN_POINT ( 'NONE',  ( -63.14999999999999900, 0.3999999999999922500, 2.800000000000000300 ) ) ;
#8734 = ORIENTED_EDGE ( 'NONE', *, *, #1621, .F. ) ;
#8735 = EDGE_CURVE ( 'NONE', #3547, #7342, #7618, .T. ) ;
#8736 = DIRECTION ( 'NONE',  ( 0.0000000000000000000, 0.0000000000000000000, 1.000000000000000000 ) ) ;
#8737 = CARTESIAN_POINT ( 'NONE',  ( -64.29999999999999700, 15.59999999999998500, -3.249999999999990700 ) ) ;
#8738 = VERTEX_POINT ( 'NONE', #5365 ) ;
#8739 = DIRECTION ( 'NONE',  ( 0.0000000000000000000, 0.0000000000000000000, -1.000000000000000000 ) ) ;
#8740 = VERTEX_POINT ( 'NONE', #1882 ) ;
#8741 = LINE ( 'NONE', #2988, #4904 ) ;
#8742 = EDGE_CURVE ( 'NONE', #6133, #7687, #1779, .T. ) ;
#8743 = DIRECTION ( 'NONE',  ( 0.0000000000000000000, 0.0000000000000000000, -1.000000000000000000 ) ) ;
#8744 = DIRECTION ( 'NONE',  ( 0.0000000000000000000, -1.000000000000000000, 0.0000000000000000000 ) ) ;
#8745 = VERTEX_POINT ( 'NONE', #1859 ) ;
#8746 = VERTEX_POINT ( 'NONE', #6790 ) ;
#8747 = VECTOR ( 'NONE', #8356, 1000.000000000000000 ) ;
#8748 = DIRECTION ( 'NONE',  ( 0.0000000000000000000, 1.000000000000000000, 0.0000000000000000000 ) ) ;
#8749 = AXIS2_PLACEMENT_3D ( 'NONE', #7972, #2987, #8033 ) ;
#8750 = ORIENTED_EDGE ( 'NONE', *, *, #3715, .F. ) ;
#8751 = VERTEX_POINT ( 'NONE', #2604 ) ;
#8752 = VECTOR ( 'NONE', #683, 1000.000000000000000 ) ;
#8753 = VECTOR ( 'NONE', #144, 1000.000000000000000 ) ;
#8754 = DIRECTION ( 'NONE',  ( 0.0000000000000000000, 0.0000000000000000000, 1.000000000000000000 ) ) ;
#8755 = CARTESIAN_POINT ( 'NONE',  ( -67.46999999999999900, 14.83999999999983100, 1.249999999999996400 ) ) ;
#8756 = VECTOR ( 'NONE', #7290, 1000.000000000000000 ) ;
#8757 = CARTESIAN_POINT ( 'NONE',  ( -67.29999999999999700, 15.59999999999998200, 3.250000000000008900 ) ) ;
#8758 = ADVANCED_FACE ( 'NONE', ( #7388 ), #6912, .F. ) ;
#8759 = AXIS2_PLACEMENT_3D ( 'NONE', #6702, #8249, #2505 ) ;
#8760 = CARTESIAN_POINT ( 'NONE',  ( 5.374999999999996400, -1.000000000000007800, -1.099999999999999900 ) ) ;
#8761 = VECTOR ( 'NONE', #8910, 1000.000000000000000 ) ;
#8762 = VERTEX_POINT ( 'NONE', #429 ) ;
#8763 = LINE ( 'NONE', #6593, #8 ) ;
#8764 = VECTOR ( 'NONE', #8099, 1000.000000000000000 ) ;
#8765 = DIRECTION ( 'NONE',  ( -1.000000000000000000, 0.0000000000000000000, 0.0000000000000000000 ) ) ;
#8766 = DIRECTION ( 'NONE',  ( 0.0000000000000000000, -1.000000000000000000, 2.675990735810954300E-016 ) ) ;
#8767 = AXIS2_PLACEMENT_3D ( 'NONE', #748, #5745, #6469 ) ;
#8768 = EDGE_CURVE ( 'NONE', #1406, #2110, #243, .T. ) ;
#8769 = DIRECTION ( 'NONE',  ( 0.0000000000000000000, 0.0000000000000000000, 1.000000000000000000 ) ) ;
#8770 =( REPRESENTATION_RELATIONSHIP ('NONE','NONE', #6135, #6228 ) REPRESENTATION_RELATIONSHIP_WITH_TRANSFORMATION ( #7233 )SHAPE_REPRESENTATION_RELATIONSHIP( ) );
#8771 = DIRECTION ( 'NONE',  ( 0.0000000000000000000, 2.675990735810954300E-016, 1.000000000000000000 ) ) ;
#8772 = ORIENTED_EDGE ( 'NONE', *, *, #3827, .T. ) ;
#8774 = PRODUCT_DEFINITION_SHAPE ( 'NONE', 'NONE',  #9114 ) ;
#8773 = ITEM_DEFINED_TRANSFORMATION ( 'NONE', 'NONE', #8085,  #7076 ) ;
#8775 = DIRECTION ( 'NONE',  ( 0.0000000000000000000, 0.0000000000000000000, -1.000000000000000000 ) ) ;
#8776 = CIRCLE ( 'NONE', #2997, 1.000000000000000900 ) ;
#8777 = CONTEXT_DEPENDENT_SHAPE_REPRESENTATION ( #2239, #1851 ) ;
#8778 = ORIENTED_EDGE ( 'NONE', *, *, #4341, .T. ) ;
#8779 = PRODUCT_DEFINITION_SHAPE ( 'NONE', 'NONE',  #9179 ) ;
#8780 = ITEM_DEFINED_TRANSFORMATION ( 'NONE', 'NONE', #4188,  #7076 ) ;
#8781 = DIRECTION ( 'NONE',  ( 1.000000000000000000, 0.0000000000000000000, 0.0000000000000000000 ) ) ;
#8782 = EDGE_CURVE ( 'NONE', #7349, #508, #5135, .T. ) ;
#8783 =( REPRESENTATION_RELATIONSHIP ('NONE','NONE', #6135, #6228 ) REPRESENTATION_RELATIONSHIP_WITH_TRANSFORMATION ( #6334 )SHAPE_REPRESENTATION_RELATIONSHIP( ) );
#8784 = PRESENTATION_STYLE_ASSIGNMENT (( #4824 ) ) ;
#8785 = DIRECTION ( 'NONE',  ( -0.0000000000000000000, -0.0000000000000000000, -1.000000000000000000 ) ) ;
#8786 = ORIENTED_EDGE ( 'NONE', *, *, #1268, .F. ) ;
#8787 = PRODUCT_DEFINITION_SHAPE ( 'NONE', 'NONE',  #9284 ) ;
#8788 = VERTEX_POINT ( 'NONE', #4701 ) ;
#8789 = VERTEX_POINT ( 'NONE', #5523 ) ;
#8790 = LINE ( 'NONE', #1363, #947 ) ;
#8791 = PRODUCT_DEFINITION_SHAPE ( 'NONE', 'NONE',  #9304 ) ;
#8792 = PRODUCT_DEFINITION_SHAPE ( 'NONE', 'NONE',  #9038 ) ;
#8793 = EDGE_CURVE ( 'NONE', #4021, #6340, #6607, .T. ) ;
#8794 = VERTEX_POINT ( 'NONE', #5432 ) ;
#8795 = VERTEX_POINT ( 'NONE', #457 ) ;
#8796 = DIRECTION ( 'NONE',  ( 1.000000000000000000, 7.542275982507847300E-016, 0.0000000000000000000 ) ) ;
#8797 = DIRECTION ( 'NONE',  ( -1.000000000000000000, -1.156482317317870500E-015, 0.0000000000000000000 ) ) ;
#8798 = DIRECTION ( 'NONE',  ( -0.0000000000000000000, -0.0000000000000000000, 1.000000000000000000 ) ) ;
#8799 = ITEM_DEFINED_TRANSFORMATION ( 'NONE', 'NONE', #7321,  #7076 ) ;
#8800 = DIRECTION ( 'NONE',  ( 0.0000000000000000000, 0.0000000000000000000, 1.000000000000000000 ) ) ;
#8801 = DIRECTION ( 'NONE',  ( -0.0000000000000000000, -0.0000000000000000000, 1.000000000000000000 ) ) ;
#8802 = LINE ( 'NONE', #7993, #3140 ) ;
#8803 =( REPRESENTATION_RELATIONSHIP ('NONE','NONE', #6135, #6228 ) REPRESENTATION_RELATIONSHIP_WITH_TRANSFORMATION ( #1402 )SHAPE_REPRESENTATION_RELATIONSHIP( ) );
#8804 = ORIENTED_EDGE ( 'NONE', *, *, #8086, .T. ) ;
#8805 = DIRECTION ( 'NONE',  ( -1.000000000000000000, 0.0000000000000000000, 0.0000000000000000000 ) ) ;
#8806 = ADVANCED_FACE ( 'NONE', ( #4471 ), #1165, .T. ) ;
#8807 = CONTEXT_DEPENDENT_SHAPE_REPRESENTATION ( #1660, #6658 ) ;
#8808 = EDGE_CURVE ( 'NONE', #6286, #8644, #3541, .T. ) ;
#8809 = LINE ( 'NONE', #654, #4976 ) ;
#8810 = ORIENTED_EDGE ( 'NONE', *, *, #4505, .T. ) ;
#8811 = DIRECTION ( 'NONE',  ( 1.000000000000000000, 0.0000000000000000000, 0.0000000000000000000 ) ) ;
#8812 = ITEM_DEFINED_TRANSFORMATION ( 'NONE', 'NONE', #1644,  #7076 ) ;
#8813 = CARTESIAN_POINT ( 'NONE',  ( 53.54999999999999000, 3.426850752552141700E-015, -1.600000000000000100 ) ) ;
#8814 = ORIENTED_EDGE ( 'NONE', *, *, #3341, .F. ) ;
#8815 = CARTESIAN_POINT ( 'NONE',  ( 72.50000000000000000, 16.79999999999983700, 3.210000000000000000 ) ) ;
#8816 = AXIS2_PLACEMENT_3D ( 'NONE', #4626, #7426, #4560 ) ;
#8817 = LINE ( 'NONE', #8203, #5211 ) ;
#8818 = ORIENTED_EDGE ( 'NONE', *, *, #3635, .F. ) ;
#8819 = CONTEXT_DEPENDENT_SHAPE_REPRESENTATION ( #2497, #712 ) ;
#8820 = AXIS2_PLACEMENT_3D ( 'NONE', #7485, #2456, #3113 ) ;
#8821 = LINE ( 'NONE', #4387, #3244 ) ;
#8822 = ORIENTED_EDGE ( 'NONE', *, *, #6439, .F. ) ;
#8823 = DIRECTION ( 'NONE',  ( -0.0000000000000000000, 1.000000000000000000, -3.441911658684148300E-016 ) ) ;
#8824 = CARTESIAN_POINT ( 'NONE',  ( 71.00040004000798900, 14.83999999999983100, -1.250000000000000200 ) ) ;
#8825 =( NAMED_UNIT ( * ) PLANE_ANGLE_UNIT ( ) SI_UNIT ( $, .RADIAN. ) );
#8826 = DIRECTION ( 'NONE',  ( -1.000000000000000000, 0.0000000000000000000, 0.0000000000000000000 ) ) ;
#8827 = AXIS2_PLACEMENT_3D ( 'NONE', #6904, #7886, #3871 ) ;
#8828 =( REPRESENTATION_RELATIONSHIP ('NONE','NONE', #6135, #6228 ) REPRESENTATION_RELATIONSHIP_WITH_TRANSFORMATION ( #6554 )SHAPE_REPRESENTATION_RELATIONSHIP( ) );
#8829 = CARTESIAN_POINT ( 'NONE',  ( 64.29999999999999700, 17.29999999999983700, -3.210000000000000000 ) ) ;
#8830 = CARTESIAN_POINT ( 'NONE',  ( -64.29999999999999700, 17.29999999999983700, 3.210000000000000000 ) ) ;
#8831 = LINE ( 'NONE', #3824, #8495 ) ;
#8832 = EDGE_CURVE ( 'NONE', #6169, #1754, #3311, .T. ) ;
#8833 = ORIENTED_EDGE ( 'NONE', *, *, #8301, .F. ) ;
#8834 = DIRECTION ( 'NONE',  ( 1.000000000000000000, 0.0000000000000000000, 0.0000000000000000000 ) ) ;
#8835 = ORIENTED_EDGE ( 'NONE', *, *, #5028, .T. ) ;
#8836 = ORIENTED_EDGE ( 'NONE', *, *, #6485, .T. ) ;
#8837 = EDGE_CURVE ( 'NONE', #4957, #105, #1995, .T. ) ;
#8838 = CARTESIAN_POINT ( 'NONE',  ( 67.29999999999998300, 7.100000000000000500, -1.500000000000000000 ) ) ;
#8839 = DIRECTION ( 'NONE',  ( 1.000000000000000000, 0.0000000000000000000, 0.0000000000000000000 ) ) ;
#8840 = AXIS2_PLACEMENT_3D ( 'NONE', #2828, #2032, #7018 ) ;
#8841 = VERTEX_POINT ( 'NONE', #8930 ) ;
#8842 = ORIENTED_EDGE ( 'NONE', *, *, #7768, .T. ) ;
#8843 = LINE ( 'NONE', #848, #904 ) ;
#8844 = EDGE_CURVE ( 'NONE', #4679, #8294, #331, .T. ) ;
#8845 = PRODUCT_DEFINITION_SHAPE ( 'NONE', 'NONE',  #9093 ) ;
#8846 = PLANE ( 'NONE',  #5843 ) ;
#8847 = CARTESIAN_POINT ( 'NONE',  ( -69.17499999999999700, -1.000000000000016700, 1.250000000000000200 ) ) ;
#8848 = PLANE ( 'NONE',  #7824 ) ;
#8849 = DIRECTION ( 'NONE',  ( -0.0000000000000000000, -0.0000000000000000000, 1.000000000000000000 ) ) ;
#8850 = CARTESIAN_POINT ( 'NONE',  ( 4.574999999999999300, 5.606451427668663500E-016, 2.250000000000000000 ) ) ;
#8851 = ORIENTED_EDGE ( 'NONE', *, *, #4454, .T. ) ;
#8852 = EDGE_CURVE ( 'NONE', #6280, #6929, #7722, .T. ) ;
#8853 =( REPRESENTATION_RELATIONSHIP ('NONE','NONE', #6135, #6228 ) REPRESENTATION_RELATIONSHIP_WITH_TRANSFORMATION ( #7455 )SHAPE_REPRESENTATION_RELATIONSHIP( ) );
#8854 = PLANE ( 'NONE',  #7498 ) ;
#8855 = ORIENTED_EDGE ( 'NONE', *, *, #876, .T. ) ;
#8856 = AXIS2_PLACEMENT_3D ( 'NONE', #745, #5084, #778 ) ;
#8857 = FACE_OUTER_BOUND ( 'NONE', #8204, .T. ) ;
#8858 = VERTEX_POINT ( 'NONE', #4206 ) ;
#8859 = VECTOR ( 'NONE', #5223, 1000.000000000000000 ) ;
#8860 = DIRECTION ( 'NONE',  ( 1.000000000000000000, 0.0000000000000000000, 0.0000000000000000000 ) ) ;
#8861 = CARTESIAN_POINT ( 'NONE',  ( 72.99999999999998600, 16.79999999999983700, -3.210000000000000900 ) ) ;
#8862 = DIRECTION ( 'NONE',  ( 1.000000000000000000, 0.0000000000000000000, -0.0000000000000000000 ) ) ;
#8863 = CONTEXT_DEPENDENT_SHAPE_REPRESENTATION ( #3358, #7134 ) ;
#8864 = LINE ( 'NONE', #3284, #1668 ) ;
#8865 = AXIS2_PLACEMENT_3D ( 'NONE', #6511, #7272, #5030 ) ;
#8867 = ORIENTED_EDGE ( 'NONE', *, *, #2108, .T. ) ;
#8866 = DIRECTION ( 'NONE',  ( 0.0000000000000000000, 0.0000000000000000000, 1.000000000000000000 ) ) ;
#8868 = VECTOR ( 'NONE', #4029, 1000.000000000000000 ) ;
#8869 = EDGE_LOOP ( 'NONE', ( #401, #2244, #7492, #1901 ) ) ;
#8870 = VECTOR ( 'NONE', #783, 1000.000000000000000 ) ;
#8871 = DIRECTION ( 'NONE',  ( 1.000000000000000000, 0.0000000000000000000, 0.0000000000000000000 ) ) ;
#8872 = LINE ( 'NONE', #4728, #5048 ) ;
#8873 = CARTESIAN_POINT ( 'NONE',  ( -64.29999999999999700, 9.167771687820280800, 1.249999999999998700 ) ) ;
#8874 = ITEM_DEFINED_TRANSFORMATION ( 'NONE', 'NONE', #659,  #7076 ) ;
#8875 = CARTESIAN_POINT ( 'NONE',  ( -63.14999999999998400, -2.100000000000000100, 2.800000000000000300 ) ) ;
#8876 = VECTOR ( 'NONE', #1869, 1000.000000000000000 ) ;
#8877 = VERTEX_POINT ( 'NONE', #8447 ) ;
#8878 = DIRECTION ( 'NONE',  ( 1.000000000000000000, 0.0000000000000000000, 0.0000000000000000000 ) ) ;
#8879 = EDGE_LOOP ( 'NONE', ( #2559, #2130, #6317, #4133 ) ) ;
#8880 = CIRCLE ( 'NONE', #2064, 1.960000000000003100 ) ;
#8881 = VECTOR ( 'NONE', #7511, 1000.000000000000000 ) ;
#8882 = CARTESIAN_POINT ( 'NONE',  ( 72.99999999999998600, 14.79999999999983600, 1.249999999999998400 ) ) ;
#8883 = ORIENTED_EDGE ( 'NONE', *, *, #8546, .F. ) ;
#8884 = AXIS2_PLACEMENT_3D ( 'NONE', #3161, #5286, #1680 ) ;
#8885 = DIRECTION ( 'NONE',  ( 0.0000000000000000000, 0.0000000000000000000, 1.000000000000000000 ) ) ;
#8886 = PRODUCT_DEFINITION_SHAPE ( 'NONE', 'NONE',  #9103 ) ;
#8887 = ITEM_DEFINED_TRANSFORMATION ( 'NONE', 'NONE', #1444,  #7076 ) ;
#8888 = ORIENTED_EDGE ( 'NONE', *, *, #1521, .T. ) ;
#8889 = CARTESIAN_POINT ( 'NONE',  ( -69.17499999999999700, -3.780000000000008200, 0.8999999999999998000 ) ) ;
#8890 = AXIS2_PLACEMENT_3D ( 'NONE', #7916, #6433, #7847 ) ;
#8891 = LINE ( 'NONE', #1879, #5530 ) ;
#8892 = EDGE_CURVE ( 'NONE', #517, #2419, #5479, .T. ) ;
#8893 = FILL_AREA_STYLE ('',( #2448 ) ) ;
#8894 = DIRECTION ( 'NONE',  ( 0.0000000000000000000, 0.0000000000000000000, 1.000000000000000000 ) ) ;
#8895 = DIRECTION ( 'NONE',  ( 1.000000000000000000, 1.225453863971292700E-016, -1.221636250687892500E-016 ) ) ;
#8896 = VERTEX_POINT ( 'NONE', #7540 ) ;
#8897 = CARTESIAN_POINT ( 'NONE',  ( -64.79999999999999700, 16.79999999999983700, 3.210000000000000000 ) ) ;
#8898 = DIRECTION ( 'NONE',  ( 0.0000000000000000000, 0.0000000000000000000, 1.000000000000000000 ) ) ;
#8899 = CARTESIAN_POINT ( 'NONE',  ( 69.95993420767854300, 7.100000000000000500, 1.499999999999999600 ) ) ;
#8900 = ITEM_DEFINED_TRANSFORMATION ( 'NONE', 'NONE', #1499,  #7076 ) ;
#8901 = CIRCLE ( 'NONE', #8194, 1.960000000000003100 ) ;
#8902 = ORIENTED_EDGE ( 'NONE', *, *, #1159, .T. ) ;
#8903 = DIRECTION ( 'NONE',  ( -1.000000000000000000, -1.225453863971292700E-016, 0.0000000000000000000 ) ) ;
#8904 = EDGE_CURVE ( 'NONE', #7941, #2342, #3426, .T. ) ;
#8905 = FACE_OUTER_BOUND ( 'NONE', #460, .T. ) ;
#8906 = DIRECTION ( 'NONE',  ( 0.0000000000000000000, -3.822843908301359300E-017, -1.000000000000000000 ) ) ;
#8907 = ADVANCED_FACE ( 'NONE', ( #1560 ), #3328, .F. ) ;
#8908 = CONTEXT_DEPENDENT_SHAPE_REPRESENTATION ( #1251, #322 ) ;
#8909 = ORIENTED_EDGE ( 'NONE', *, *, #3464, .T. ) ;
#8910 = DIRECTION ( 'NONE',  ( -0.0000000000000000000, 1.000000000000000000, -3.441911658684148300E-016 ) ) ;
#8911 = CARTESIAN_POINT ( 'NONE',  ( 113.0499999999999800, 1.065036880376194100E-014, -1.600000000000000100 ) ) ;
#8912 = DIRECTION ( 'NONE',  ( 0.0000000000000000000, 0.0000000000000000000, 1.000000000000000000 ) ) ;
#8913 = CARTESIAN_POINT ( 'NONE',  ( 67.50000000000000000, 19.69999999999983200, 3.210000000000000000 ) ) ;
#8914 = CONTEXT_DEPENDENT_SHAPE_REPRESENTATION ( #8853, #6046 ) ;
#8915 = VECTOR ( 'NONE', #2528, 1000.000000000000000 ) ;
#8916 = EDGE_CURVE ( 'NONE', #2283, #8199, #108, .T. ) ;
#8917 = ORIENTED_EDGE ( 'NONE', *, *, #606, .F. ) ;
#8918 = ITEM_DEFINED_TRANSFORMATION ( 'NONE', 'NONE', #3372,  #7076 ) ;
#8919 = EDGE_LOOP ( 'NONE', ( #475, #6190, #1150, #5375 ) ) ;
#8920 = PRODUCT_DEFINITION_SHAPE ( 'NONE', 'NONE',  #9156 ) ;
#8921 = CARTESIAN_POINT ( 'NONE',  ( 73.50000000000000000, 20.29999999999983700, -3.210000000000000000 ) ) ;
#8922 = DIRECTION ( 'NONE',  ( -1.000000000000000000, 0.0000000000000000000, -0.0000000000000000000 ) ) ;
#8923 =( LENGTH_UNIT ( ) NAMED_UNIT ( * ) SI_UNIT ( .MILLI., .METRE. ) );
#8924 = CARTESIAN_POINT ( 'NONE',  ( 71.00000000000001400, 0.4000000000000087400, 3.249999999999991100 ) ) ;
#8925 = PLANE ( 'NONE',  #7594 ) ;
#8926 = FACE_OUTER_BOUND ( 'NONE', #2440, .T. ) ;
#8927 = PRODUCT_DEFINITION_SHAPE ( 'NONE', 'NONE',  #9182 ) ;
#8928 = DIRECTION ( 'NONE',  ( 0.0000000000000000000, 0.0000000000000000000, 1.000000000000000000 ) ) ;
#8929 = ORIENTED_EDGE ( 'NONE', *, *, #5393, .T. ) ;
#8930 = CARTESIAN_POINT ( 'NONE',  ( -64.29999999999998300, 15.60000000000001200, 0.7900000000000079200 ) ) ;
#8931 = ORIENTED_EDGE ( 'NONE', *, *, #2174, .T. ) ;
#8932 = CARTESIAN_POINT ( 'NONE',  ( 0.0000000000000000000, 0.0000000000000000000, 2.600000000000000500 ) ) ;
#8933 = AXIS2_PLACEMENT_3D ( 'NONE', #5227, #3710, #6572 ) ;
#8934 = DIRECTION ( 'NONE',  ( 0.0000000000000000000, -0.0000000000000000000, -1.000000000000000000 ) ) ;
#8935 = PRODUCT_DEFINITION_SHAPE ( 'NONE', 'NONE',  #9251 ) ;
#8936 = DIRECTION ( 'NONE',  ( 0.0000000000000000000, 0.0000000000000000000, 1.000000000000000000 ) ) ;
#8937 = VECTOR ( 'NONE', #4109, 1000.000000000000000 ) ;
#8938 = DIRECTION ( 'NONE',  ( 0.0000000000000000000, 0.0000000000000000000, 1.000000000000000000 ) ) ;
#8939 =( REPRESENTATION_RELATIONSHIP ('NONE','NONE', #6135, #6228 ) REPRESENTATION_RELATIONSHIP_WITH_TRANSFORMATION ( #1408 )SHAPE_REPRESENTATION_RELATIONSHIP( ) );
#8940 = ORIENTED_EDGE ( 'NONE', *, *, #883, .F. ) ;
#8941 = CARTESIAN_POINT ( 'NONE',  ( 69.17499999999999700, -3.779999999999991400, 0.8999999999999998000 ) ) ;
#8942 = CARTESIAN_POINT ( 'NONE',  ( 5.374999999999996400, -7.695009295904850000E-015, 0.9000000000000002400 ) ) ;
#8943 = AXIS2_PLACEMENT_3D ( 'NONE', #8137, #5870, #5191 ) ;
#8944 = CARTESIAN_POINT ( 'NONE',  ( -63.14999999999998400, -2.100000000000000100, 2.600000000000000500 ) ) ;
#8945 = DIRECTION ( 'NONE',  ( 0.0000000000000000000, 0.0000000000000000000, 1.000000000000000000 ) ) ;
#8946 = FACE_OUTER_BOUND ( 'NONE', #2504, .T. ) ;
#8947 = EDGE_LOOP ( 'NONE', ( #953, #6611, #677, #7151, #3550, #4424, #7015, #1252, #3073, #1244, #5810, #1088, #8296, #3319, #7662, #7122, #4587, #8175 ) ) ;
#8948 = CARTESIAN_POINT ( 'NONE',  ( 70.20000000000001700, 0.4000000000000086300, 2.750000000000008900 ) ) ;
#8949 = CARTESIAN_POINT ( 'NONE',  ( 105.3999999999999600, 5.494446964993464800E-015, -3.800000000000000300 ) ) ;
#8950 = CARTESIAN_POINT ( 'NONE',  ( 74.50000000000000000, 18.79999999999983700, 3.210000000000000000 ) ) ;
#8951 = CARTESIAN_POINT ( 'NONE',  ( -70.20000000000001700, -1.692461876421642400E-014, -2.750000000000008900 ) ) ;
#8952 = LINE ( 'NONE', #6643, #308 ) ;
#8953 = DIRECTION ( 'NONE',  ( 1.000000000000000000, 0.0000000000000000000, 0.0000000000000000000 ) ) ;
#8954 = CARTESIAN_POINT ( 'NONE',  ( -67.29999999999998300, 7.100000000000000500, 1.500000000000000000 ) ) ;
#8955 = VERTEX_POINT ( 'NONE', #5576 ) ;
#8956 = DIRECTION ( 'NONE',  ( 1.000000000000000000, 0.0000000000000000000, 0.0000000000000000000 ) ) ;
#8957 = ADVANCED_FACE ( 'NONE', ( #557 ), #3424, .F. ) ;
#8958 = DIRECTION ( 'NONE',  ( 0.0000000000000000000, 0.0000000000000000000, 1.000000000000000000 ) ) ;
#8959 = EDGE_CURVE ( 'NONE', #7003, #3117, #3878, .T. ) ;
#8960 = DIRECTION ( 'NONE',  ( 1.000000000000000000, 1.225453863971293700E-016, 0.0000000000000000000 ) ) ;
#8961 = ORIENTED_EDGE ( 'NONE', *, *, #5819, .F. ) ;
#8962 = EDGE_LOOP ( 'NONE', ( #6750, #5647, #6378, #5839, #4918, #1679 ) ) ;
#8963 = CARTESIAN_POINT ( 'NONE',  ( 67.29999999999998300, 10.60000000000000000, -1.500000000000000000 ) ) ;
#8964 = LINE ( 'NONE', #8481, #1986 ) ;
#8965 = DIRECTION ( 'NONE',  ( 0.0000000000000000000, 0.0000000000000000000, 1.000000000000000000 ) ) ;
#8966 = DIRECTION ( 'NONE',  ( -0.0000000000000000000, -0.0000000000000000000, -1.000000000000000000 ) ) ;
#8967 = ORIENTED_EDGE ( 'NONE', *, *, #2565, .F. ) ;
#8968 = DIRECTION ( 'NONE',  ( 0.0000000000000000000, 0.0000000000000000000, -1.000000000000000000 ) ) ;
#8969 = VERTEX_POINT ( 'NONE', #6265 ) ;
#8970 = LINE ( 'NONE', #2937, #7287 ) ;
#8971 = EDGE_CURVE ( 'NONE', #3771, #2006, #7040, .T. ) ;
#8972 = CARTESIAN_POINT ( 'NONE',  ( 68.20000000000001700, 6.450000000000001100, -0.9249999999999982700 ) ) ;
#8973 = PRODUCT_DEFINITION_SHAPE ( 'NONE', 'NONE',  #9079 ) ;
#8974 = AXIS2_PLACEMENT_3D ( 'NONE', #442, #5348, #1021 ) ;
#8975 = DIRECTION ( 'NONE',  ( 0.0000000000000000000, 0.0000000000000000000, 1.000000000000000000 ) ) ;
#8976 = EDGE_LOOP ( 'NONE', ( #4875, #1090, #7782, #7957 ) ) ;
#8977 = DIRECTION ( 'NONE',  ( 0.0000000000000000000, 0.0000000000000000000, 1.000000000000000000 ) ) ;
#8978 = ORIENTED_EDGE ( 'NONE', *, *, #7810, .F. ) ;
#8979 = VECTOR ( 'NONE', #7131, 1000.000000000000000 ) ;
#8980 = ORIENTED_EDGE ( 'NONE', *, *, #6879, .T. ) ;
#8981 = LINE ( 'NONE', #5715, #3335 ) ;
#8982 = PLANE ( 'NONE',  #6639 ) ;
#8983 = VECTOR ( 'NONE', #843, 1000.000000000000000 ) ;
#8984 = CARTESIAN_POINT ( 'NONE',  ( -72.55482765258742000, 16.76334133100442300, -2.769297508862719400 ) ) ;
#8985 = EDGE_CURVE ( 'NONE', #7331, #8277, #8964, .T. ) ;
#8986 =( REPRESENTATION_RELATIONSHIP ('NONE','NONE', #6135, #6228 ) REPRESENTATION_RELATIONSHIP_WITH_TRANSFORMATION ( #1686 )SHAPE_REPRESENTATION_RELATIONSHIP( ) );
#8987 = MECHANICAL_DESIGN_GEOMETRIC_PRESENTATION_REPRESENTATION (  '', ( #6630 ), #1132 ) ;
#8988 = LINE ( 'NONE', #3921, #7305 ) ;
#8989 = DIRECTION ( 'NONE',  ( 0.0000000000000000000, 0.0000000000000000000, 1.000000000000000000 ) ) ;
#8990 = EDGE_LOOP ( 'NONE', ( #5515, #7584, #2736, #4564 ) ) ;
#8991 = PLANE ( 'NONE',  #8820 ) ;
#8992 = LINE ( 'NONE', #2325, #4485 ) ;
#8993 = LINE ( 'NONE', #1666, #8764 ) ;
#8994 = DIRECTION ( 'NONE',  ( -0.0000000000000000000, -1.000000000000000000, -0.0000000000000000000 ) ) ;
#8995 = DIRECTION ( 'NONE',  ( 0.0000000000000000000, 0.0000000000000000000, -1.000000000000000000 ) ) ;
#8996 = AXIS2_PLACEMENT_3D ( 'NONE', #2459, #1834, #3150 ) ;
#8997 = DIRECTION ( 'NONE',  ( 1.000000000000000000, 0.0000000000000000000, 0.0000000000000000000 ) ) ;
#8998 = VECTOR ( 'NONE', #5792, 1000.000000000000000 ) ;
#8999 = DIRECTION ( 'NONE',  ( 0.0000000000000000000, 0.0000000000000000000, 1.000000000000000000 ) ) ;
#9000 =( REPRESENTATION_RELATIONSHIP ('NONE','NONE', #6135, #6228 ) REPRESENTATION_RELATIONSHIP_WITH_TRANSFORMATION ( #6092 )SHAPE_REPRESENTATION_RELATIONSHIP( ) );
#9001 = PRODUCT_DEFINITION_SHAPE ( 'NONE', 'NONE',  #1388 ) ;
#9002 = VECTOR ( 'NONE', #6335, 1000.000000000000000 ) ;
#9003 = DIRECTION ( 'NONE',  ( 0.0000000000000000000, -0.0000000000000000000, -1.000000000000000000 ) ) ;
#9004 = CONTEXT_DEPENDENT_SHAPE_REPRESENTATION ( #4992, #3937 ) ;
#9005 = CARTESIAN_POINT ( 'NONE',  ( -69.17499999999999700, -1.674565250124418600E-014, 0.9000000000000002400 ) ) ;
#9006 = ORIENTED_EDGE ( 'NONE', *, *, #1448, .T. ) ;
#9007 = ADVANCED_FACE ( 'NONE', ( #2756 ), #4887, .F. ) ;
#9008 = ORIENTED_EDGE ( 'NONE', *, *, #4345, .F. ) ;
#9009 = FACE_OUTER_BOUND ( 'NONE', #3143, .T. ) ;
#9010 = AXIS2_PLACEMENT_3D ( 'NONE', #6835, #5458, #7007 ) ;
#9011 = CARTESIAN_POINT ( 'NONE',  ( -71.15660848472821000, 15.58902425117814200, -1.393146743523371300 ) ) ;
#9012 = EDGE_LOOP ( 'NONE', ( #642, #245, #4303, #1337 ) ) ;
#9013 = CARTESIAN_POINT ( 'NONE',  ( 4.875000000000000000, 5.399999999999975500, -4.746008088970501900 ) ) ;
#9014 = DIRECTION ( 'NONE',  ( 1.000000000000000000, -0.0000000000000000000, -0.0000000000000000000 ) ) ;
#9015 = CARTESIAN_POINT ( 'NONE',  ( -70.20000000000001700, 0.3999999999999914200, 2.750000000000008900 ) ) ;
#9016 = EDGE_CURVE ( 'NONE', #6268, #869, #8398, .T. ) ;
#9017 = CIRCLE ( 'NONE', #5205, 1.000000000000000900 ) ;
#9018 = NEXT_ASSEMBLY_USAGE_OCCURRENCE ( 'NAUO1', ' ', ' ', #2676, #603, $ ) ;
#9019 = NEXT_ASSEMBLY_USAGE_OCCURRENCE ( 'NAUO2', ' ', ' ', #2676, #1388, $ ) ;
#9020 = NEXT_ASSEMBLY_USAGE_OCCURRENCE ( 'NAUO3', ' ', ' ', #2676, #7631, $ ) ;
#9021 = NEXT_ASSEMBLY_USAGE_OCCURRENCE ( 'NAUO4', ' ', ' ', #2676, #1388, $ ) ;
#9022 = NEXT_ASSEMBLY_USAGE_OCCURRENCE ( 'NAUO5', ' ', ' ', #2676, #1388, $ ) ;
#9023 = NEXT_ASSEMBLY_USAGE_OCCURRENCE ( 'NAUO6', ' ', ' ', #2676, #1388, $ ) ;
#9024 = NEXT_ASSEMBLY_USAGE_OCCURRENCE ( 'NAUO7', ' ', ' ', #2676, #1388, $ ) ;
#9025 = NEXT_ASSEMBLY_USAGE_OCCURRENCE ( 'NAUO8', ' ', ' ', #2676, #1388, $ ) ;
#9026 = NEXT_ASSEMBLY_USAGE_OCCURRENCE ( 'NAUO9', ' ', ' ', #2676, #1388, $ ) ;
#9027 = NEXT_ASSEMBLY_USAGE_OCCURRENCE ( 'NAUO10', ' ', ' ', #2676, #1388, $ ) ;
#9028 = NEXT_ASSEMBLY_USAGE_OCCURRENCE ( 'NAUO11', ' ', ' ', #2676, #1388, $ ) ;
#9029 = NEXT_ASSEMBLY_USAGE_OCCURRENCE ( 'NAUO12', ' ', ' ', #2676, #1388, $ ) ;
#9030 = NEXT_ASSEMBLY_USAGE_OCCURRENCE ( 'NAUO13', ' ', ' ', #2676, #1388, $ ) ;
#9031 = NEXT_ASSEMBLY_USAGE_OCCURRENCE ( 'NAUO14', ' ', ' ', #2676, #1388, $ ) ;
#9032 = NEXT_ASSEMBLY_USAGE_OCCURRENCE ( 'NAUO15', ' ', ' ', #2676, #1388, $ ) ;
#9033 = NEXT_ASSEMBLY_USAGE_OCCURRENCE ( 'NAUO16', ' ', ' ', #2676, #1388, $ ) ;
#9034 = NEXT_ASSEMBLY_USAGE_OCCURRENCE ( 'NAUO17', ' ', ' ', #2676, #1388, $ ) ;
#9035 = NEXT_ASSEMBLY_USAGE_OCCURRENCE ( 'NAUO18', ' ', ' ', #2676, #1388, $ ) ;
#9036 = NEXT_ASSEMBLY_USAGE_OCCURRENCE ( 'NAUO19', ' ', ' ', #2676, #1388, $ ) ;
#9037 = NEXT_ASSEMBLY_USAGE_OCCURRENCE ( 'NAUO20', ' ', ' ', #2676, #1388, $ ) ;
#9038 = NEXT_ASSEMBLY_USAGE_OCCURRENCE ( 'NAUO21', ' ', ' ', #2676, #1388, $ ) ;
#9039 = NEXT_ASSEMBLY_USAGE_OCCURRENCE ( 'NAUO22', ' ', ' ', #2676, #1388, $ ) ;
#9040 = NEXT_ASSEMBLY_USAGE_OCCURRENCE ( 'NAUO23', ' ', ' ', #2676, #1388, $ ) ;
#9041 = NEXT_ASSEMBLY_USAGE_OCCURRENCE ( 'NAUO24', ' ', ' ', #2676, #1388, $ ) ;
#9042 = NEXT_ASSEMBLY_USAGE_OCCURRENCE ( 'NAUO25', ' ', ' ', #2676, #1388, $ ) ;
#9043 = NEXT_ASSEMBLY_USAGE_OCCURRENCE ( 'NAUO26', ' ', ' ', #2676, #1388, $ ) ;
#9044 = NEXT_ASSEMBLY_USAGE_OCCURRENCE ( 'NAUO27', ' ', ' ', #2676, #1388, $ ) ;
#9045 = NEXT_ASSEMBLY_USAGE_OCCURRENCE ( 'NAUO28', ' ', ' ', #2676, #1388, $ ) ;
#9046 = NEXT_ASSEMBLY_USAGE_OCCURRENCE ( 'NAUO29', ' ', ' ', #2676, #1388, $ ) ;
#9047 = NEXT_ASSEMBLY_USAGE_OCCURRENCE ( 'NAUO30', ' ', ' ', #2676, #1388, $ ) ;
#9048 = NEXT_ASSEMBLY_USAGE_OCCURRENCE ( 'NAUO31', ' ', ' ', #2676, #1388, $ ) ;
#9049 = NEXT_ASSEMBLY_USAGE_OCCURRENCE ( 'NAUO32', ' ', ' ', #2676, #1388, $ ) ;
#9050 = NEXT_ASSEMBLY_USAGE_OCCURRENCE ( 'NAUO33', ' ', ' ', #2676, #1388, $ ) ;
#9051 = NEXT_ASSEMBLY_USAGE_OCCURRENCE ( 'NAUO34', ' ', ' ', #2676, #1388, $ ) ;
#9052 = NEXT_ASSEMBLY_USAGE_OCCURRENCE ( 'NAUO35', ' ', ' ', #2676, #1388, $ ) ;
#9053 = NEXT_ASSEMBLY_USAGE_OCCURRENCE ( 'NAUO36', ' ', ' ', #2676, #1388, $ ) ;
#9054 = NEXT_ASSEMBLY_USAGE_OCCURRENCE ( 'NAUO37', ' ', ' ', #2676, #1388, $ ) ;
#9055 = NEXT_ASSEMBLY_USAGE_OCCURRENCE ( 'NAUO38', ' ', ' ', #2676, #1388, $ ) ;
#9056 = NEXT_ASSEMBLY_USAGE_OCCURRENCE ( 'NAUO39', ' ', ' ', #2676, #1388, $ ) ;
#9057 = NEXT_ASSEMBLY_USAGE_OCCURRENCE ( 'NAUO40', ' ', ' ', #2676, #1388, $ ) ;
#9058 = NEXT_ASSEMBLY_USAGE_OCCURRENCE ( 'NAUO41', ' ', ' ', #2676, #1388, $ ) ;
#9059 = NEXT_ASSEMBLY_USAGE_OCCURRENCE ( 'NAUO42', ' ', ' ', #2676, #1388, $ ) ;
#9060 = NEXT_ASSEMBLY_USAGE_OCCURRENCE ( 'NAUO43', ' ', ' ', #2676, #1388, $ ) ;
#9061 = NEXT_ASSEMBLY_USAGE_OCCURRENCE ( 'NAUO44', ' ', ' ', #2676, #1388, $ ) ;
#9062 = NEXT_ASSEMBLY_USAGE_OCCURRENCE ( 'NAUO45', ' ', ' ', #2676, #1388, $ ) ;
#9063 = NEXT_ASSEMBLY_USAGE_OCCURRENCE ( 'NAUO46', ' ', ' ', #2676, #1388, $ ) ;
#9064 = NEXT_ASSEMBLY_USAGE_OCCURRENCE ( 'NAUO47', ' ', ' ', #2676, #1388, $ ) ;
#9065 = NEXT_ASSEMBLY_USAGE_OCCURRENCE ( 'NAUO48', ' ', ' ', #2676, #1388, $ ) ;
#9066 = NEXT_ASSEMBLY_USAGE_OCCURRENCE ( 'NAUO49', ' ', ' ', #2676, #1388, $ ) ;
#9067 = NEXT_ASSEMBLY_USAGE_OCCURRENCE ( 'NAUO50', ' ', ' ', #2676, #1388, $ ) ;
#9068 = NEXT_ASSEMBLY_USAGE_OCCURRENCE ( 'NAUO51', ' ', ' ', #2676, #1388, $ ) ;
#9069 = NEXT_ASSEMBLY_USAGE_OCCURRENCE ( 'NAUO52', ' ', ' ', #2676, #1388, $ ) ;
#9070 = NEXT_ASSEMBLY_USAGE_OCCURRENCE ( 'NAUO53', ' ', ' ', #2676, #1388, $ ) ;
#9071 = NEXT_ASSEMBLY_USAGE_OCCURRENCE ( 'NAUO54', ' ', ' ', #2676, #1388, $ ) ;
#9072 = NEXT_ASSEMBLY_USAGE_OCCURRENCE ( 'NAUO55', ' ', ' ', #2676, #1388, $ ) ;
#9073 = NEXT_ASSEMBLY_USAGE_OCCURRENCE ( 'NAUO56', ' ', ' ', #2676, #1388, $ ) ;
#9074 = NEXT_ASSEMBLY_USAGE_OCCURRENCE ( 'NAUO57', ' ', ' ', #2676, #1388, $ ) ;
#9075 = NEXT_ASSEMBLY_USAGE_OCCURRENCE ( 'NAUO58', ' ', ' ', #2676, #1388, $ ) ;
#9076 = NEXT_ASSEMBLY_USAGE_OCCURRENCE ( 'NAUO59', ' ', ' ', #2676, #1388, $ ) ;
#9077 = NEXT_ASSEMBLY_USAGE_OCCURRENCE ( 'NAUO60', ' ', ' ', #2676, #1388, $ ) ;
#9078 = NEXT_ASSEMBLY_USAGE_OCCURRENCE ( 'NAUO61', ' ', ' ', #2676, #1388, $ ) ;
#9079 = NEXT_ASSEMBLY_USAGE_OCCURRENCE ( 'NAUO62', ' ', ' ', #2676, #1388, $ ) ;
#9080 = NEXT_ASSEMBLY_USAGE_OCCURRENCE ( 'NAUO63', ' ', ' ', #2676, #1388, $ ) ;
#9081 = NEXT_ASSEMBLY_USAGE_OCCURRENCE ( 'NAUO64', ' ', ' ', #2676, #1388, $ ) ;
#9082 = NEXT_ASSEMBLY_USAGE_OCCURRENCE ( 'NAUO65', ' ', ' ', #2676, #1388, $ ) ;
#9083 = NEXT_ASSEMBLY_USAGE_OCCURRENCE ( 'NAUO66', ' ', ' ', #2676, #1388, $ ) ;
#9084 = NEXT_ASSEMBLY_USAGE_OCCURRENCE ( 'NAUO67', ' ', ' ', #2676, #1388, $ ) ;
#9085 = NEXT_ASSEMBLY_USAGE_OCCURRENCE ( 'NAUO68', ' ', ' ', #2676, #1388, $ ) ;
#9086 = NEXT_ASSEMBLY_USAGE_OCCURRENCE ( 'NAUO69', ' ', ' ', #2676, #1388, $ ) ;
#9087 = NEXT_ASSEMBLY_USAGE_OCCURRENCE ( 'NAUO70', ' ', ' ', #2676, #1388, $ ) ;
#9088 = NEXT_ASSEMBLY_USAGE_OCCURRENCE ( 'NAUO71', ' ', ' ', #2676, #1388, $ ) ;
#9089 = NEXT_ASSEMBLY_USAGE_OCCURRENCE ( 'NAUO72', ' ', ' ', #2676, #1388, $ ) ;
#9090 = NEXT_ASSEMBLY_USAGE_OCCURRENCE ( 'NAUO73', ' ', ' ', #2676, #1388, $ ) ;
#9091 = NEXT_ASSEMBLY_USAGE_OCCURRENCE ( 'NAUO74', ' ', ' ', #2676, #1388, $ ) ;
#9092 = NEXT_ASSEMBLY_USAGE_OCCURRENCE ( 'NAUO75', ' ', ' ', #2676, #1388, $ ) ;
#9093 = NEXT_ASSEMBLY_USAGE_OCCURRENCE ( 'NAUO76', ' ', ' ', #2676, #1388, $ ) ;
#9094 = NEXT_ASSEMBLY_USAGE_OCCURRENCE ( 'NAUO77', ' ', ' ', #2676, #1388, $ ) ;
#9095 = NEXT_ASSEMBLY_USAGE_OCCURRENCE ( 'NAUO78', ' ', ' ', #2676, #1388, $ ) ;
#9096 = NEXT_ASSEMBLY_USAGE_OCCURRENCE ( 'NAUO79', ' ', ' ', #2676, #1388, $ ) ;
#9097 = NEXT_ASSEMBLY_USAGE_OCCURRENCE ( 'NAUO80', ' ', ' ', #2676, #1388, $ ) ;
#9098 = NEXT_ASSEMBLY_USAGE_OCCURRENCE ( 'NAUO81', ' ', ' ', #2676, #1388, $ ) ;
#9099 = NEXT_ASSEMBLY_USAGE_OCCURRENCE ( 'NAUO82', ' ', ' ', #2676, #1388, $ ) ;
#9100 = NEXT_ASSEMBLY_USAGE_OCCURRENCE ( 'NAUO83', ' ', ' ', #2676, #1388, $ ) ;
#9101 = NEXT_ASSEMBLY_USAGE_OCCURRENCE ( 'NAUO84', ' ', ' ', #2676, #1388, $ ) ;
#9102 = NEXT_ASSEMBLY_USAGE_OCCURRENCE ( 'NAUO85', ' ', ' ', #2676, #1388, $ ) ;
#9103 = NEXT_ASSEMBLY_USAGE_OCCURRENCE ( 'NAUO86', ' ', ' ', #2676, #1388, $ ) ;
#9104 = NEXT_ASSEMBLY_USAGE_OCCURRENCE ( 'NAUO87', ' ', ' ', #2676, #1388, $ ) ;
#9105 = NEXT_ASSEMBLY_USAGE_OCCURRENCE ( 'NAUO88', ' ', ' ', #2676, #1388, $ ) ;
#9106 = NEXT_ASSEMBLY_USAGE_OCCURRENCE ( 'NAUO89', ' ', ' ', #2676, #1388, $ ) ;
#9107 = NEXT_ASSEMBLY_USAGE_OCCURRENCE ( 'NAUO90', ' ', ' ', #2676, #1388, $ ) ;
#9108 = NEXT_ASSEMBLY_USAGE_OCCURRENCE ( 'NAUO91', ' ', ' ', #2676, #1388, $ ) ;
#9109 = NEXT_ASSEMBLY_USAGE_OCCURRENCE ( 'NAUO92', ' ', ' ', #2676, #1388, $ ) ;
#9110 = NEXT_ASSEMBLY_USAGE_OCCURRENCE ( 'NAUO93', ' ', ' ', #2676, #1388, $ ) ;
#9111 = NEXT_ASSEMBLY_USAGE_OCCURRENCE ( 'NAUO94', ' ', ' ', #2676, #1388, $ ) ;
#9112 = NEXT_ASSEMBLY_USAGE_OCCURRENCE ( 'NAUO95', ' ', ' ', #2676, #1388, $ ) ;
#9113 = NEXT_ASSEMBLY_USAGE_OCCURRENCE ( 'NAUO96', ' ', ' ', #2676, #1388, $ ) ;
#9114 = NEXT_ASSEMBLY_USAGE_OCCURRENCE ( 'NAUO97', ' ', ' ', #2676, #1388, $ ) ;
#9115 = NEXT_ASSEMBLY_USAGE_OCCURRENCE ( 'NAUO98', ' ', ' ', #2676, #1388, $ ) ;
#9116 = NEXT_ASSEMBLY_USAGE_OCCURRENCE ( 'NAUO99', ' ', ' ', #2676, #1388, $ ) ;
#9117 = NEXT_ASSEMBLY_USAGE_OCCURRENCE ( 'NAUO100', ' ', ' ', #2676, #1388, $ ) ;
#9118 = NEXT_ASSEMBLY_USAGE_OCCURRENCE ( 'NAUO101', ' ', ' ', #2676, #1388, $ ) ;
#9119 = NEXT_ASSEMBLY_USAGE_OCCURRENCE ( 'NAUO102', ' ', ' ', #2676, #1388, $ ) ;
#9120 = NEXT_ASSEMBLY_USAGE_OCCURRENCE ( 'NAUO103', ' ', ' ', #2676, #1388, $ ) ;
#9121 = NEXT_ASSEMBLY_USAGE_OCCURRENCE ( 'NAUO104', ' ', ' ', #2676, #1388, $ ) ;
#9122 = NEXT_ASSEMBLY_USAGE_OCCURRENCE ( 'NAUO105', ' ', ' ', #2676, #1388, $ ) ;
#9123 = NEXT_ASSEMBLY_USAGE_OCCURRENCE ( 'NAUO106', ' ', ' ', #2676, #1388, $ ) ;
#9124 = NEXT_ASSEMBLY_USAGE_OCCURRENCE ( 'NAUO107', ' ', ' ', #2676, #1388, $ ) ;
#9125 = NEXT_ASSEMBLY_USAGE_OCCURRENCE ( 'NAUO108', ' ', ' ', #2676, #1388, $ ) ;
#9126 = NEXT_ASSEMBLY_USAGE_OCCURRENCE ( 'NAUO109', ' ', ' ', #2676, #1388, $ ) ;
#9127 = NEXT_ASSEMBLY_USAGE_OCCURRENCE ( 'NAUO110', ' ', ' ', #2676, #1388, $ ) ;
#9128 = NEXT_ASSEMBLY_USAGE_OCCURRENCE ( 'NAUO111', ' ', ' ', #2676, #1388, $ ) ;
#9129 = NEXT_ASSEMBLY_USAGE_OCCURRENCE ( 'NAUO112', ' ', ' ', #2676, #1388, $ ) ;
#9130 = NEXT_ASSEMBLY_USAGE_OCCURRENCE ( 'NAUO113', ' ', ' ', #2676, #1388, $ ) ;
#9131 = NEXT_ASSEMBLY_USAGE_OCCURRENCE ( 'NAUO114', ' ', ' ', #2676, #1388, $ ) ;
#9132 = NEXT_ASSEMBLY_USAGE_OCCURRENCE ( 'NAUO115', ' ', ' ', #2676, #1388, $ ) ;
#9133 = NEXT_ASSEMBLY_USAGE_OCCURRENCE ( 'NAUO116', ' ', ' ', #2676, #1388, $ ) ;
#9134 = NEXT_ASSEMBLY_USAGE_OCCURRENCE ( 'NAUO117', ' ', ' ', #2676, #1388, $ ) ;
#9135 = NEXT_ASSEMBLY_USAGE_OCCURRENCE ( 'NAUO118', ' ', ' ', #2676, #1388, $ ) ;
#9136 = NEXT_ASSEMBLY_USAGE_OCCURRENCE ( 'NAUO119', ' ', ' ', #2676, #1388, $ ) ;
#9137 = NEXT_ASSEMBLY_USAGE_OCCURRENCE ( 'NAUO120', ' ', ' ', #2676, #1388, $ ) ;
#9138 = NEXT_ASSEMBLY_USAGE_OCCURRENCE ( 'NAUO121', ' ', ' ', #2676, #1388, $ ) ;
#9139 = NEXT_ASSEMBLY_USAGE_OCCURRENCE ( 'NAUO122', ' ', ' ', #2676, #1388, $ ) ;
#9140 = NEXT_ASSEMBLY_USAGE_OCCURRENCE ( 'NAUO123', ' ', ' ', #2676, #1388, $ ) ;
#9141 = NEXT_ASSEMBLY_USAGE_OCCURRENCE ( 'NAUO124', ' ', ' ', #2676, #1388, $ ) ;
#9142 = NEXT_ASSEMBLY_USAGE_OCCURRENCE ( 'NAUO125', ' ', ' ', #2676, #1388, $ ) ;
#9143 = NEXT_ASSEMBLY_USAGE_OCCURRENCE ( 'NAUO126', ' ', ' ', #2676, #1388, $ ) ;
#9144 = NEXT_ASSEMBLY_USAGE_OCCURRENCE ( 'NAUO127', ' ', ' ', #2676, #1388, $ ) ;
#9145 = NEXT_ASSEMBLY_USAGE_OCCURRENCE ( 'NAUO128', ' ', ' ', #2676, #1388, $ ) ;
#9146 = NEXT_ASSEMBLY_USAGE_OCCURRENCE ( 'NAUO129', ' ', ' ', #2676, #1388, $ ) ;
#9147 = NEXT_ASSEMBLY_USAGE_OCCURRENCE ( 'NAUO130', ' ', ' ', #2676, #1388, $ ) ;
#9148 = NEXT_ASSEMBLY_USAGE_OCCURRENCE ( 'NAUO131', ' ', ' ', #2676, #1388, $ ) ;
#9149 = NEXT_ASSEMBLY_USAGE_OCCURRENCE ( 'NAUO132', ' ', ' ', #2676, #1388, $ ) ;
#9150 = NEXT_ASSEMBLY_USAGE_OCCURRENCE ( 'NAUO133', ' ', ' ', #2676, #1388, $ ) ;
#9151 = NEXT_ASSEMBLY_USAGE_OCCURRENCE ( 'NAUO134', ' ', ' ', #2676, #1388, $ ) ;
#9152 = NEXT_ASSEMBLY_USAGE_OCCURRENCE ( 'NAUO135', ' ', ' ', #2676, #1388, $ ) ;
#9153 = NEXT_ASSEMBLY_USAGE_OCCURRENCE ( 'NAUO136', ' ', ' ', #2676, #1388, $ ) ;
#9154 = NEXT_ASSEMBLY_USAGE_OCCURRENCE ( 'NAUO137', ' ', ' ', #2676, #1388, $ ) ;
#9155 = NEXT_ASSEMBLY_USAGE_OCCURRENCE ( 'NAUO138', ' ', ' ', #2676, #1388, $ ) ;
#9156 = NEXT_ASSEMBLY_USAGE_OCCURRENCE ( 'NAUO139', ' ', ' ', #2676, #1388, $ ) ;
#9157 = NEXT_ASSEMBLY_USAGE_OCCURRENCE ( 'NAUO140', ' ', ' ', #2676, #1388, $ ) ;
#9158 = NEXT_ASSEMBLY_USAGE_OCCURRENCE ( 'NAUO141', ' ', ' ', #2676, #1388, $ ) ;
#9159 = NEXT_ASSEMBLY_USAGE_OCCURRENCE ( 'NAUO142', ' ', ' ', #2676, #1388, $ ) ;
#9160 = NEXT_ASSEMBLY_USAGE_OCCURRENCE ( 'NAUO143', ' ', ' ', #2676, #1388, $ ) ;
#9161 = NEXT_ASSEMBLY_USAGE_OCCURRENCE ( 'NAUO144', ' ', ' ', #2676, #1388, $ ) ;
#9162 = NEXT_ASSEMBLY_USAGE_OCCURRENCE ( 'NAUO145', ' ', ' ', #2676, #1388, $ ) ;
#9163 = NEXT_ASSEMBLY_USAGE_OCCURRENCE ( 'NAUO146', ' ', ' ', #2676, #1388, $ ) ;
#9164 = NEXT_ASSEMBLY_USAGE_OCCURRENCE ( 'NAUO147', ' ', ' ', #2676, #1388, $ ) ;
#9165 = NEXT_ASSEMBLY_USAGE_OCCURRENCE ( 'NAUO148', ' ', ' ', #2676, #1388, $ ) ;
#9166 = NEXT_ASSEMBLY_USAGE_OCCURRENCE ( 'NAUO149', ' ', ' ', #2676, #1388, $ ) ;
#9167 = NEXT_ASSEMBLY_USAGE_OCCURRENCE ( 'NAUO150', ' ', ' ', #2676, #1388, $ ) ;
#9168 = NEXT_ASSEMBLY_USAGE_OCCURRENCE ( 'NAUO151', ' ', ' ', #2676, #1388, $ ) ;
#9169 = NEXT_ASSEMBLY_USAGE_OCCURRENCE ( 'NAUO152', ' ', ' ', #2676, #1388, $ ) ;
#9170 = NEXT_ASSEMBLY_USAGE_OCCURRENCE ( 'NAUO153', ' ', ' ', #2676, #1388, $ ) ;
#9171 = NEXT_ASSEMBLY_USAGE_OCCURRENCE ( 'NAUO154', ' ', ' ', #2676, #1388, $ ) ;
#9172 = NEXT_ASSEMBLY_USAGE_OCCURRENCE ( 'NAUO155', ' ', ' ', #2676, #1388, $ ) ;
#9173 = NEXT_ASSEMBLY_USAGE_OCCURRENCE ( 'NAUO156', ' ', ' ', #2676, #1388, $ ) ;
#9174 = NEXT_ASSEMBLY_USAGE_OCCURRENCE ( 'NAUO157', ' ', ' ', #2676, #1388, $ ) ;
#9175 = NEXT_ASSEMBLY_USAGE_OCCURRENCE ( 'NAUO158', ' ', ' ', #2676, #1388, $ ) ;
#9176 = NEXT_ASSEMBLY_USAGE_OCCURRENCE ( 'NAUO159', ' ', ' ', #2676, #1388, $ ) ;
#9177 = NEXT_ASSEMBLY_USAGE_OCCURRENCE ( 'NAUO160', ' ', ' ', #2676, #1388, $ ) ;
#9178 = NEXT_ASSEMBLY_USAGE_OCCURRENCE ( 'NAUO161', ' ', ' ', #2676, #1388, $ ) ;
#9179 = NEXT_ASSEMBLY_USAGE_OCCURRENCE ( 'NAUO162', ' ', ' ', #2676, #1388, $ ) ;
#9180 = NEXT_ASSEMBLY_USAGE_OCCURRENCE ( 'NAUO163', ' ', ' ', #2676, #1388, $ ) ;
#9181 = NEXT_ASSEMBLY_USAGE_OCCURRENCE ( 'NAUO164', ' ', ' ', #2676, #1388, $ ) ;
#9182 = NEXT_ASSEMBLY_USAGE_OCCURRENCE ( 'NAUO165', ' ', ' ', #2676, #1388, $ ) ;
#9183 = NEXT_ASSEMBLY_USAGE_OCCURRENCE ( 'NAUO166', ' ', ' ', #2676, #1388, $ ) ;
#9184 = NEXT_ASSEMBLY_USAGE_OCCURRENCE ( 'NAUO167', ' ', ' ', #2676, #1388, $ ) ;
#9185 = NEXT_ASSEMBLY_USAGE_OCCURRENCE ( 'NAUO168', ' ', ' ', #2676, #1388, $ ) ;
#9186 = NEXT_ASSEMBLY_USAGE_OCCURRENCE ( 'NAUO169', ' ', ' ', #2676, #1388, $ ) ;
#9187 = NEXT_ASSEMBLY_USAGE_OCCURRENCE ( 'NAUO170', ' ', ' ', #2676, #1388, $ ) ;
#9188 = NEXT_ASSEMBLY_USAGE_OCCURRENCE ( 'NAUO171', ' ', ' ', #2676, #1388, $ ) ;
#9189 = NEXT_ASSEMBLY_USAGE_OCCURRENCE ( 'NAUO172', ' ', ' ', #2676, #1388, $ ) ;
#9190 = NEXT_ASSEMBLY_USAGE_OCCURRENCE ( 'NAUO173', ' ', ' ', #2676, #1388, $ ) ;
#9191 = NEXT_ASSEMBLY_USAGE_OCCURRENCE ( 'NAUO174', ' ', ' ', #2676, #1388, $ ) ;
#9192 = NEXT_ASSEMBLY_USAGE_OCCURRENCE ( 'NAUO175', ' ', ' ', #2676, #1388, $ ) ;
#9193 = NEXT_ASSEMBLY_USAGE_OCCURRENCE ( 'NAUO176', ' ', ' ', #2676, #1388, $ ) ;
#9194 = NEXT_ASSEMBLY_USAGE_OCCURRENCE ( 'NAUO177', ' ', ' ', #2676, #1388, $ ) ;
#9195 = NEXT_ASSEMBLY_USAGE_OCCURRENCE ( 'NAUO178', ' ', ' ', #2676, #1388, $ ) ;
#9196 = NEXT_ASSEMBLY_USAGE_OCCURRENCE ( 'NAUO179', ' ', ' ', #2676, #1388, $ ) ;
#9197 = NEXT_ASSEMBLY_USAGE_OCCURRENCE ( 'NAUO180', ' ', ' ', #2676, #1388, $ ) ;
#9198 = NEXT_ASSEMBLY_USAGE_OCCURRENCE ( 'NAUO181', ' ', ' ', #2676, #1388, $ ) ;
#9199 = NEXT_ASSEMBLY_USAGE_OCCURRENCE ( 'NAUO182', ' ', ' ', #2676, #1388, $ ) ;
#9200 = NEXT_ASSEMBLY_USAGE_OCCURRENCE ( 'NAUO183', ' ', ' ', #2676, #1388, $ ) ;
#9201 = NEXT_ASSEMBLY_USAGE_OCCURRENCE ( 'NAUO184', ' ', ' ', #2676, #1388, $ ) ;
#9202 = NEXT_ASSEMBLY_USAGE_OCCURRENCE ( 'NAUO185', ' ', ' ', #2676, #1388, $ ) ;
#9203 = NEXT_ASSEMBLY_USAGE_OCCURRENCE ( 'NAUO186', ' ', ' ', #2676, #1388, $ ) ;
#9204 = NEXT_ASSEMBLY_USAGE_OCCURRENCE ( 'NAUO187', ' ', ' ', #2676, #1388, $ ) ;
#9205 = NEXT_ASSEMBLY_USAGE_OCCURRENCE ( 'NAUO188', ' ', ' ', #2676, #1388, $ ) ;
#9206 = NEXT_ASSEMBLY_USAGE_OCCURRENCE ( 'NAUO189', ' ', ' ', #2676, #1388, $ ) ;
#9207 = NEXT_ASSEMBLY_USAGE_OCCURRENCE ( 'NAUO190', ' ', ' ', #2676, #1388, $ ) ;
#9208 = NEXT_ASSEMBLY_USAGE_OCCURRENCE ( 'NAUO191', ' ', ' ', #2676, #1388, $ ) ;
#9209 = NEXT_ASSEMBLY_USAGE_OCCURRENCE ( 'NAUO192', ' ', ' ', #2676, #1388, $ ) ;
#9210 = NEXT_ASSEMBLY_USAGE_OCCURRENCE ( 'NAUO193', ' ', ' ', #2676, #1388, $ ) ;
#9211 = NEXT_ASSEMBLY_USAGE_OCCURRENCE ( 'NAUO194', ' ', ' ', #2676, #1388, $ ) ;
#9212 = NEXT_ASSEMBLY_USAGE_OCCURRENCE ( 'NAUO195', ' ', ' ', #2676, #1388, $ ) ;
#9213 = NEXT_ASSEMBLY_USAGE_OCCURRENCE ( 'NAUO196', ' ', ' ', #2676, #1388, $ ) ;
#9214 = NEXT_ASSEMBLY_USAGE_OCCURRENCE ( 'NAUO197', ' ', ' ', #2676, #1388, $ ) ;
#9215 = NEXT_ASSEMBLY_USAGE_OCCURRENCE ( 'NAUO198', ' ', ' ', #2676, #1388, $ ) ;
#9216 = NEXT_ASSEMBLY_USAGE_OCCURRENCE ( 'NAUO199', ' ', ' ', #2676, #1388, $ ) ;
#9217 = NEXT_ASSEMBLY_USAGE_OCCURRENCE ( 'NAUO200', ' ', ' ', #2676, #1388, $ ) ;
#9218 = NEXT_ASSEMBLY_USAGE_OCCURRENCE ( 'NAUO201', ' ', ' ', #2676, #1388, $ ) ;
#9219 = NEXT_ASSEMBLY_USAGE_OCCURRENCE ( 'NAUO202', ' ', ' ', #2676, #1388, $ ) ;
#9220 = NEXT_ASSEMBLY_USAGE_OCCURRENCE ( 'NAUO203', ' ', ' ', #2676, #1388, $ ) ;
#9221 = NEXT_ASSEMBLY_USAGE_OCCURRENCE ( 'NAUO204', ' ', ' ', #2676, #1388, $ ) ;
#9222 = NEXT_ASSEMBLY_USAGE_OCCURRENCE ( 'NAUO205', ' ', ' ', #2676, #1388, $ ) ;
#9223 = NEXT_ASSEMBLY_USAGE_OCCURRENCE ( 'NAUO206', ' ', ' ', #2676, #1388, $ ) ;
#9224 = NEXT_ASSEMBLY_USAGE_OCCURRENCE ( 'NAUO207', ' ', ' ', #2676, #1388, $ ) ;
#9225 = NEXT_ASSEMBLY_USAGE_OCCURRENCE ( 'NAUO208', ' ', ' ', #2676, #1388, $ ) ;
#9226 = NEXT_ASSEMBLY_USAGE_OCCURRENCE ( 'NAUO209', ' ', ' ', #2676, #1388, $ ) ;
#9227 = NEXT_ASSEMBLY_USAGE_OCCURRENCE ( 'NAUO210', ' ', ' ', #2676, #1388, $ ) ;
#9228 = NEXT_ASSEMBLY_USAGE_OCCURRENCE ( 'NAUO211', ' ', ' ', #2676, #1388, $ ) ;
#9229 = NEXT_ASSEMBLY_USAGE_OCCURRENCE ( 'NAUO212', ' ', ' ', #2676, #1388, $ ) ;
#9230 = NEXT_ASSEMBLY_USAGE_OCCURRENCE ( 'NAUO213', ' ', ' ', #2676, #1388, $ ) ;
#9231 = NEXT_ASSEMBLY_USAGE_OCCURRENCE ( 'NAUO214', ' ', ' ', #2676, #1388, $ ) ;
#9232 = NEXT_ASSEMBLY_USAGE_OCCURRENCE ( 'NAUO215', ' ', ' ', #2676, #1388, $ ) ;
#9233 = NEXT_ASSEMBLY_USAGE_OCCURRENCE ( 'NAUO216', ' ', ' ', #2676, #1388, $ ) ;
#9234 = NEXT_ASSEMBLY_USAGE_OCCURRENCE ( 'NAUO217', ' ', ' ', #2676, #1388, $ ) ;
#9235 = NEXT_ASSEMBLY_USAGE_OCCURRENCE ( 'NAUO218', ' ', ' ', #2676, #1388, $ ) ;
#9236 = NEXT_ASSEMBLY_USAGE_OCCURRENCE ( 'NAUO219', ' ', ' ', #2676, #1388, $ ) ;
#9237 = NEXT_ASSEMBLY_USAGE_OCCURRENCE ( 'NAUO220', ' ', ' ', #2676, #1388, $ ) ;
#9238 = NEXT_ASSEMBLY_USAGE_OCCURRENCE ( 'NAUO221', ' ', ' ', #2676, #1388, $ ) ;
#9239 = NEXT_ASSEMBLY_USAGE_OCCURRENCE ( 'NAUO222', ' ', ' ', #2676, #1388, $ ) ;
#9240 = NEXT_ASSEMBLY_USAGE_OCCURRENCE ( 'NAUO223', ' ', ' ', #2676, #1388, $ ) ;
#9241 = NEXT_ASSEMBLY_USAGE_OCCURRENCE ( 'NAUO224', ' ', ' ', #2676, #1388, $ ) ;
#9242 = NEXT_ASSEMBLY_USAGE_OCCURRENCE ( 'NAUO225', ' ', ' ', #2676, #1388, $ ) ;
#9243 = NEXT_ASSEMBLY_USAGE_OCCURRENCE ( 'NAUO226', ' ', ' ', #2676, #1388, $ ) ;
#9244 = NEXT_ASSEMBLY_USAGE_OCCURRENCE ( 'NAUO227', ' ', ' ', #2676, #1388, $ ) ;
#9245 = NEXT_ASSEMBLY_USAGE_OCCURRENCE ( 'NAUO228', ' ', ' ', #2676, #1388, $ ) ;
#9246 = NEXT_ASSEMBLY_USAGE_OCCURRENCE ( 'NAUO229', ' ', ' ', #2676, #1388, $ ) ;
#9247 = NEXT_ASSEMBLY_USAGE_OCCURRENCE ( 'NAUO230', ' ', ' ', #2676, #1388, $ ) ;
#9248 = NEXT_ASSEMBLY_USAGE_OCCURRENCE ( 'NAUO231', ' ', ' ', #2676, #1388, $ ) ;
#9249 = NEXT_ASSEMBLY_USAGE_OCCURRENCE ( 'NAUO232', ' ', ' ', #2676, #1388, $ ) ;
#9250 = NEXT_ASSEMBLY_USAGE_OCCURRENCE ( 'NAUO233', ' ', ' ', #2676, #1388, $ ) ;
#9251 = NEXT_ASSEMBLY_USAGE_OCCURRENCE ( 'NAUO234', ' ', ' ', #2676, #1388, $ ) ;
#9252 = NEXT_ASSEMBLY_USAGE_OCCURRENCE ( 'NAUO235', ' ', ' ', #2676, #1388, $ ) ;
#9253 = NEXT_ASSEMBLY_USAGE_OCCURRENCE ( 'NAUO236', ' ', ' ', #2676, #1388, $ ) ;
#9254 = NEXT_ASSEMBLY_USAGE_OCCURRENCE ( 'NAUO237', ' ', ' ', #2676, #1388, $ ) ;
#9255 = NEXT_ASSEMBLY_USAGE_OCCURRENCE ( 'NAUO238', ' ', ' ', #2676, #1388, $ ) ;
#9256 = NEXT_ASSEMBLY_USAGE_OCCURRENCE ( 'NAUO239', ' ', ' ', #2676, #1388, $ ) ;
#9257 = NEXT_ASSEMBLY_USAGE_OCCURRENCE ( 'NAUO240', ' ', ' ', #2676, #1388, $ ) ;
#9258 = NEXT_ASSEMBLY_USAGE_OCCURRENCE ( 'NAUO241', ' ', ' ', #2676, #1388, $ ) ;
#9259 = NEXT_ASSEMBLY_USAGE_OCCURRENCE ( 'NAUO242', ' ', ' ', #2676, #1388, $ ) ;
#9260 = NEXT_ASSEMBLY_USAGE_OCCURRENCE ( 'NAUO243', ' ', ' ', #2676, #1388, $ ) ;
#9261 = NEXT_ASSEMBLY_USAGE_OCCURRENCE ( 'NAUO244', ' ', ' ', #2676, #1388, $ ) ;
#9262 = NEXT_ASSEMBLY_USAGE_OCCURRENCE ( 'NAUO245', ' ', ' ', #2676, #1388, $ ) ;
#9263 = NEXT_ASSEMBLY_USAGE_OCCURRENCE ( 'NAUO246', ' ', ' ', #2676, #1388, $ ) ;
#9264 = NEXT_ASSEMBLY_USAGE_OCCURRENCE ( 'NAUO247', ' ', ' ', #2676, #1388, $ ) ;
#9265 = NEXT_ASSEMBLY_USAGE_OCCURRENCE ( 'NAUO248', ' ', ' ', #2676, #1388, $ ) ;
#9266 = NEXT_ASSEMBLY_USAGE_OCCURRENCE ( 'NAUO249', ' ', ' ', #2676, #1388, $ ) ;
#9267 = NEXT_ASSEMBLY_USAGE_OCCURRENCE ( 'NAUO250', ' ', ' ', #2676, #1388, $ ) ;
#9268 = NEXT_ASSEMBLY_USAGE_OCCURRENCE ( 'NAUO251', ' ', ' ', #2676, #1388, $ ) ;
#9269 = NEXT_ASSEMBLY_USAGE_OCCURRENCE ( 'NAUO252', ' ', ' ', #2676, #1388, $ ) ;
#9270 = NEXT_ASSEMBLY_USAGE_OCCURRENCE ( 'NAUO253', ' ', ' ', #2676, #1388, $ ) ;
#9271 = NEXT_ASSEMBLY_USAGE_OCCURRENCE ( 'NAUO254', ' ', ' ', #2676, #1388, $ ) ;
#9272 = NEXT_ASSEMBLY_USAGE_OCCURRENCE ( 'NAUO255', ' ', ' ', #2676, #1388, $ ) ;
#9273 = NEXT_ASSEMBLY_USAGE_OCCURRENCE ( 'NAUO256', ' ', ' ', #2676, #1388, $ ) ;
#9274 = NEXT_ASSEMBLY_USAGE_OCCURRENCE ( 'NAUO257', ' ', ' ', #2676, #1388, $ ) ;
#9275 = NEXT_ASSEMBLY_USAGE_OCCURRENCE ( 'NAUO258', ' ', ' ', #2676, #1388, $ ) ;
#9276 = NEXT_ASSEMBLY_USAGE_OCCURRENCE ( 'NAUO259', ' ', ' ', #2676, #1388, $ ) ;
#9277 = NEXT_ASSEMBLY_USAGE_OCCURRENCE ( 'NAUO260', ' ', ' ', #2676, #1388, $ ) ;
#9278 = NEXT_ASSEMBLY_USAGE_OCCURRENCE ( 'NAUO261', ' ', ' ', #2676, #1388, $ ) ;
#9279 = NEXT_ASSEMBLY_USAGE_OCCURRENCE ( 'NAUO262', ' ', ' ', #2676, #1388, $ ) ;
#9280 = NEXT_ASSEMBLY_USAGE_OCCURRENCE ( 'NAUO263', ' ', ' ', #2676, #1388, $ ) ;
#9281 = NEXT_ASSEMBLY_USAGE_OCCURRENCE ( 'NAUO264', ' ', ' ', #2676, #1388, $ ) ;
#9282 = NEXT_ASSEMBLY_USAGE_OCCURRENCE ( 'NAUO265', ' ', ' ', #2676, #1388, $ ) ;
#9283 = NEXT_ASSEMBLY_USAGE_OCCURRENCE ( 'NAUO266', ' ', ' ', #2676, #1388, $ ) ;
#9284 = NEXT_ASSEMBLY_USAGE_OCCURRENCE ( 'NAUO267', ' ', ' ', #2676, #1388, $ ) ;
#9285 = NEXT_ASSEMBLY_USAGE_OCCURRENCE ( 'NAUO268', ' ', ' ', #2676, #1388, $ ) ;
#9286 = NEXT_ASSEMBLY_USAGE_OCCURRENCE ( 'NAUO269', ' ', ' ', #2676, #1388, $ ) ;
#9287 = NEXT_ASSEMBLY_USAGE_OCCURRENCE ( 'NAUO270', ' ', ' ', #2676, #1388, $ ) ;
#9288 = NEXT_ASSEMBLY_USAGE_OCCURRENCE ( 'NAUO271', ' ', ' ', #2676, #1388, $ ) ;
#9289 = NEXT_ASSEMBLY_USAGE_OCCURRENCE ( 'NAUO272', ' ', ' ', #2676, #1388, $ ) ;
#9290 = NEXT_ASSEMBLY_USAGE_OCCURRENCE ( 'NAUO273', ' ', ' ', #2676, #1388, $ ) ;
#9291 = NEXT_ASSEMBLY_USAGE_OCCURRENCE ( 'NAUO274', ' ', ' ', #2676, #1388, $ ) ;
#9292 = NEXT_ASSEMBLY_USAGE_OCCURRENCE ( 'NAUO275', ' ', ' ', #2676, #1388, $ ) ;
#9293 = NEXT_ASSEMBLY_USAGE_OCCURRENCE ( 'NAUO276', ' ', ' ', #2676, #1388, $ ) ;
#9294 = NEXT_ASSEMBLY_USAGE_OCCURRENCE ( 'NAUO277', ' ', ' ', #2676, #1388, $ ) ;
#9295 = NEXT_ASSEMBLY_USAGE_OCCURRENCE ( 'NAUO278', ' ', ' ', #2676, #1388, $ ) ;
#9296 = NEXT_ASSEMBLY_USAGE_OCCURRENCE ( 'NAUO279', ' ', ' ', #2676, #1388, $ ) ;
#9297 = NEXT_ASSEMBLY_USAGE_OCCURRENCE ( 'NAUO280', ' ', ' ', #2676, #1388, $ ) ;
#9298 = NEXT_ASSEMBLY_USAGE_OCCURRENCE ( 'NAUO281', ' ', ' ', #2676, #1388, $ ) ;
#9299 = NEXT_ASSEMBLY_USAGE_OCCURRENCE ( 'NAUO282', ' ', ' ', #2676, #1388, $ ) ;
#9300 = NEXT_ASSEMBLY_USAGE_OCCURRENCE ( 'NAUO283', ' ', ' ', #2676, #1388, $ ) ;
#9301 = NEXT_ASSEMBLY_USAGE_OCCURRENCE ( 'NAUO284', ' ', ' ', #2676, #1388, $ ) ;
#9302 = NEXT_ASSEMBLY_USAGE_OCCURRENCE ( 'NAUO285', ' ', ' ', #2676, #1388, $ ) ;
#9303 = NEXT_ASSEMBLY_USAGE_OCCURRENCE ( 'NAUO286', ' ', ' ', #2676, #1388, $ ) ;
#9304 = NEXT_ASSEMBLY_USAGE_OCCURRENCE ( 'NAUO287', ' ', ' ', #2676, #1388, $ ) ;
#9305 = NEXT_ASSEMBLY_USAGE_OCCURRENCE ( 'NAUO288', ' ', ' ', #2676, #1388, $ ) ;
#9306 = NEXT_ASSEMBLY_USAGE_OCCURRENCE ( 'NAUO289', ' ', ' ', #2676, #1388, $ ) ;
#9307 = NEXT_ASSEMBLY_USAGE_OCCURRENCE ( 'NAUO290', ' ', ' ', #2676, #1388, $ ) ;
ENDSEC;
END-ISO-10303-21;
