ISO-10303-21;
HEADER;
FILE_DESCRIPTION(('FreeCAD Model'),'2;1');
FILE_NAME('Open CASCADE Shape Model','2025-02-24T14:13:58',(''),(''),
  'Open CASCADE STEP processor 7.8','FreeCAD','Unknown');
FILE_SCHEMA(('AUTOMOTIVE_DESIGN { 1 0 10303 214 1 1 1 1 }'));
ENDSEC;
DATA;
#1 = APPLICATION_PROTOCOL_DEFINITION('international standard',
  'automotive_design',2000,#2);
#2 = APPLICATION_CONTEXT(
  'core data for automotive mechanical design processes');
#3 = SHAPE_DEFINITION_REPRESENTATION(#4,#10);
#4 = PRODUCT_DEFINITION_SHAPE('','',#5);
#5 = PRODUCT_DEFINITION('design','',#6,#9);
#6 = PRODUCT_DEFINITION_FORMATION('','',#7);
#7 = PRODUCT('Unnamed','Unnamed','',(#8));
#8 = PRODUCT_CONTEXT('',#2,'mechanical');
#9 = PRODUCT_DEFINITION_CONTEXT('part definition',#2,'design');
#10 = SHAPE_REPRESENTATION('',(#11,#15,#19,#23,#27,#31,#35),#39);
#11 = AXIS2_PLACEMENT_3D('',#12,#13,#14);
#12 = CARTESIAN_POINT('',(0.,0.,0.));
#13 = DIRECTION('',(0.,0.,1.));
#14 = DIRECTION('',(1.,0.,-0.));
#15 = AXIS2_PLACEMENT_3D('',#16,#17,#18);
#16 = CARTESIAN_POINT('',(0.,0.,-5.));
#17 = DIRECTION('',(0.,0.,1.));
#18 = DIRECTION('',(1.,0.,0.));
#19 = AXIS2_PLACEMENT_3D('',#20,#21,#22);
#20 = CARTESIAN_POINT('',(0.,0.,0.));
#21 = DIRECTION('',(0.,0.,1.));
#22 = DIRECTION('',(1.,0.,0.));
#23 = AXIS2_PLACEMENT_3D('',#24,#25,#26);
#24 = CARTESIAN_POINT('',(0.,0.,2.5));
#25 = DIRECTION('',(0.,0.,1.));
#26 = DIRECTION('',(1.,0.,0.));
#27 = AXIS2_PLACEMENT_3D('',#28,#29,#30);
#28 = CARTESIAN_POINT('',(0.,0.,0.));
#29 = DIRECTION('',(0.,0.,1.));
#30 = DIRECTION('',(1.,0.,0.));
#31 = AXIS2_PLACEMENT_3D('',#32,#33,#34);
#32 = CARTESIAN_POINT('',(0.,0.,0.));
#33 = DIRECTION('',(0.,0.,1.));
#34 = DIRECTION('',(1.,0.,0.));
#35 = AXIS2_PLACEMENT_3D('',#36,#37,#38);
#36 = CARTESIAN_POINT('',(0.,0.,0.));
#37 = DIRECTION('',(0.,0.,1.));
#38 = DIRECTION('',(1.,0.,0.));
#39 = ( GEOMETRIC_REPRESENTATION_CONTEXT(3) 
GLOBAL_UNCERTAINTY_ASSIGNED_CONTEXT((#43)) GLOBAL_UNIT_ASSIGNED_CONTEXT(
(#40,#41,#42)) REPRESENTATION_CONTEXT('Context #1',
  '3D Context with UNIT and UNCERTAINTY') );
#40 = ( LENGTH_UNIT() NAMED_UNIT(*) SI_UNIT(.MILLI.,.METRE.) );
#41 = ( NAMED_UNIT(*) PLANE_ANGLE_UNIT() SI_UNIT($,.RADIAN.) );
#42 = ( NAMED_UNIT(*) SI_UNIT($,.STERADIAN.) SOLID_ANGLE_UNIT() );
#43 = UNCERTAINTY_MEASURE_WITH_UNIT(LENGTH_MEASURE(2.E-07),#40,
  'distance_accuracy_value','confusion accuracy');
#44 = PRODUCT_RELATED_PRODUCT_CATEGORY('part',$,(#7));
#45 = SHAPE_DEFINITION_REPRESENTATION(#46,#52);
#46 = PRODUCT_DEFINITION_SHAPE('','',#47);
#47 = PRODUCT_DEFINITION('design','',#48,#51);
#48 = PRODUCT_DEFINITION_FORMATION('','',#49);
#49 = PRODUCT('Body003','Body003','',(#50));
#50 = PRODUCT_CONTEXT('',#2,'mechanical');
#51 = PRODUCT_DEFINITION_CONTEXT('part definition',#2,'design');
#52 = ADVANCED_BREP_SHAPE_REPRESENTATION('',(#11,#53),#611);
#53 = MANIFOLD_SOLID_BREP('',#54);
#54 = CLOSED_SHELL('',(#55,#111,#142,#166,#190,#300,#410,#427,#446,#463,
    #480,#497,#514,#531,#548,#565,#582,#599));
#55 = ADVANCED_FACE('',(#56),#106,.T.);
#56 = FACE_BOUND('',#57,.T.);
#57 = EDGE_LOOP('',(#58,#68,#76,#84,#92,#100));
#58 = ORIENTED_EDGE('',*,*,#59,.T.);
#59 = EDGE_CURVE('',#60,#62,#64,.T.);
#60 = VERTEX_POINT('',#61);
#61 = CARTESIAN_POINT('',(6.022835988174,-3.394345434565,2.25));
#62 = VERTEX_POINT('',#63);
#63 = CARTESIAN_POINT('',(6.022835988174,-3.394345434565,2.75));
#64 = LINE('',#65,#66);
#65 = CARTESIAN_POINT('',(6.022835988174,-3.394345434565,2.));
#66 = VECTOR('',#67,1.);
#67 = DIRECTION('',(0.,0.,1.));
#68 = ORIENTED_EDGE('',*,*,#69,.T.);
#69 = EDGE_CURVE('',#62,#70,#72,.T.);
#70 = VERTEX_POINT('',#71);
#71 = CARTESIAN_POINT('',(6.313119520967,-2.771830389575,3.));
#72 = LINE('',#73,#74);
#73 = CARTESIAN_POINT('',(6.044471787196,-3.347947313831,2.768633333085)
  );
#74 = VECTOR('',#75,1.);
#75 = DIRECTION('',(0.397131261964,0.85165073964,0.342020143326));
#76 = ORIENTED_EDGE('',*,*,#77,.T.);
#77 = EDGE_CURVE('',#70,#78,#80,.T.);
#78 = VERTEX_POINT('',#79);
#79 = CARTESIAN_POINT('',(6.788288473375,-1.752827282718,3.));
#80 = LINE('',#81,#82);
#81 = CARTESIAN_POINT('',(6.022835988174,-3.394345434565,3.));
#82 = VECTOR('',#83,1.);
#83 = DIRECTION('',(0.422618261738,0.906307787038,0.));
#84 = ORIENTED_EDGE('',*,*,#85,.F.);
#85 = EDGE_CURVE('',#86,#78,#88,.T.);
#86 = VERTEX_POINT('',#87);
#87 = CARTESIAN_POINT('',(6.788288473375,-1.752827282718,2.));
#88 = LINE('',#89,#90);
#89 = CARTESIAN_POINT('',(6.788288473375,-1.752827282718,2.));
#90 = VECTOR('',#91,1.);
#91 = DIRECTION('',(0.,0.,1.));
#92 = ORIENTED_EDGE('',*,*,#93,.F.);
#93 = EDGE_CURVE('',#94,#86,#96,.T.);
#94 = VERTEX_POINT('',#95);
#95 = CARTESIAN_POINT('',(6.313119520967,-2.771830389575,2.));
#96 = LINE('',#97,#98);
#97 = CARTESIAN_POINT('',(6.022835988174,-3.394345434565,2.));
#98 = VECTOR('',#99,1.);
#99 = DIRECTION('',(0.422618261738,0.906307787038,0.));
#100 = ORIENTED_EDGE('',*,*,#101,.F.);
#101 = EDGE_CURVE('',#60,#94,#102,.T.);
#102 = LINE('',#103,#104);
#103 = CARTESIAN_POINT('',(6.112385232764,-3.202306459813,2.172877777695
    ));
#104 = VECTOR('',#105,1.);
#105 = DIRECTION('',(0.397131261964,0.85165073964,-0.342020143326));
#106 = PLANE('',#107);
#107 = AXIS2_PLACEMENT_3D('',#108,#109,#110);
#108 = CARTESIAN_POINT('',(6.022835988174,-3.394345434565,2.));
#109 = DIRECTION('',(-0.906307787038,0.422618261738,0.));
#110 = DIRECTION('',(0.422618261738,0.906307787038,0.));
#111 = ADVANCED_FACE('',(#112),#137,.F.);
#112 = FACE_BOUND('',#113,.F.);
#113 = EDGE_LOOP('',(#114,#115,#123,#131));
#114 = ORIENTED_EDGE('',*,*,#59,.T.);
#115 = ORIENTED_EDGE('',*,*,#116,.T.);
#116 = EDGE_CURVE('',#62,#117,#119,.T.);
#117 = VERTEX_POINT('',#118);
#118 = CARTESIAN_POINT('',(6.249412934933,-3.5,2.75));
#119 = LINE('',#120,#121);
#120 = CARTESIAN_POINT('',(6.022835988174,-3.394345434565,2.75));
#121 = VECTOR('',#122,1.);
#122 = DIRECTION('',(0.906307787038,-0.422618261738,0.));
#123 = ORIENTED_EDGE('',*,*,#124,.F.);
#124 = EDGE_CURVE('',#125,#117,#127,.T.);
#125 = VERTEX_POINT('',#126);
#126 = CARTESIAN_POINT('',(6.249412934933,-3.5,2.25));
#127 = LINE('',#128,#129);
#128 = CARTESIAN_POINT('',(6.249412934933,-3.5,2.));
#129 = VECTOR('',#130,1.);
#130 = DIRECTION('',(0.,0.,1.));
#131 = ORIENTED_EDGE('',*,*,#132,.F.);
#132 = EDGE_CURVE('',#60,#125,#133,.T.);
#133 = LINE('',#134,#135);
#134 = CARTESIAN_POINT('',(6.022835988174,-3.394345434565,2.25));
#135 = VECTOR('',#136,1.);
#136 = DIRECTION('',(0.906307787038,-0.422618261738,0.));
#137 = PLANE('',#138);
#138 = AXIS2_PLACEMENT_3D('',#139,#140,#141);
#139 = CARTESIAN_POINT('',(6.022835988174,-3.394345434565,2.));
#140 = DIRECTION('',(0.422618261738,0.906307787038,0.));
#141 = DIRECTION('',(0.906307787038,-0.422618261738,0.));
#142 = ADVANCED_FACE('',(#143),#161,.T.);
#143 = FACE_BOUND('',#144,.F.);
#144 = EDGE_LOOP('',(#145,#146,#147,#155));
#145 = ORIENTED_EDGE('',*,*,#101,.F.);
#146 = ORIENTED_EDGE('',*,*,#132,.T.);
#147 = ORIENTED_EDGE('',*,*,#148,.T.);
#148 = EDGE_CURVE('',#125,#149,#151,.T.);
#149 = VERTEX_POINT('',#150);
#150 = CARTESIAN_POINT('',(6.539696467728,-2.87748495501,2.));
#151 = LINE('',#152,#153);
#152 = CARTESIAN_POINT('',(6.338962179524,-3.307961025248,2.172877777695
    ));
#153 = VECTOR('',#154,1.);
#154 = DIRECTION('',(0.397131261967,0.851650739639,-0.342020143326));
#155 = ORIENTED_EDGE('',*,*,#156,.F.);
#156 = EDGE_CURVE('',#94,#149,#157,.T.);
#157 = LINE('',#158,#159);
#158 = CARTESIAN_POINT('',(6.313119520967,-2.771830389575,2.));
#159 = VECTOR('',#160,1.);
#160 = DIRECTION('',(0.906307787038,-0.422618261738,0.));
#161 = PLANE('',#162);
#162 = AXIS2_PLACEMENT_3D('',#163,#164,#165);
#163 = CARTESIAN_POINT('',(6.16797775457,-3.08308791207,2.125));
#164 = DIRECTION('',(-0.144543958452,-0.30997551922,-0.939692620786));
#165 = DIRECTION('',(-0.906307787038,0.422618261738,1.387778780781E-17)
  );
#166 = ADVANCED_FACE('',(#167),#185,.F.);
#167 = FACE_BOUND('',#168,.T.);
#168 = EDGE_LOOP('',(#169,#170,#171,#179));
#169 = ORIENTED_EDGE('',*,*,#69,.F.);
#170 = ORIENTED_EDGE('',*,*,#116,.T.);
#171 = ORIENTED_EDGE('',*,*,#172,.T.);
#172 = EDGE_CURVE('',#117,#173,#175,.T.);
#173 = VERTEX_POINT('',#174);
#174 = CARTESIAN_POINT('',(6.539696467728,-2.87748495501,3.));
#175 = LINE('',#176,#177);
#176 = CARTESIAN_POINT('',(6.271048733956,-3.453601879266,2.768633333085
    ));
#177 = VECTOR('',#178,1.);
#178 = DIRECTION('',(0.397131261967,0.851650739639,0.342020143326));
#179 = ORIENTED_EDGE('',*,*,#180,.F.);
#180 = EDGE_CURVE('',#70,#173,#181,.T.);
#181 = LINE('',#182,#183);
#182 = CARTESIAN_POINT('',(6.313119520967,-2.771830389575,3.));
#183 = VECTOR('',#184,1.);
#184 = DIRECTION('',(0.906307787038,-0.422618261738,0.));
#185 = PLANE('',#186);
#186 = AXIS2_PLACEMENT_3D('',#187,#188,#189);
#187 = CARTESIAN_POINT('',(6.16797775457,-3.08308791207,2.875));
#188 = DIRECTION('',(0.144543958452,0.30997551922,-0.939692620786));
#189 = DIRECTION('',(-0.906307787038,0.422618261738,-1.387778780781E-17)
  );
#190 = ADVANCED_FACE('',(#191),#295,.F.);
#191 = FACE_BOUND('',#192,.F.);
#192 = EDGE_LOOP('',(#193,#194,#195,#203,#212,#220,#229,#237,#246,#254,
    #263,#271,#280,#288));
#193 = ORIENTED_EDGE('',*,*,#93,.F.);
#194 = ORIENTED_EDGE('',*,*,#156,.T.);
#195 = ORIENTED_EDGE('',*,*,#196,.T.);
#196 = EDGE_CURVE('',#149,#197,#199,.T.);
#197 = VERTEX_POINT('',#198);
#198 = CARTESIAN_POINT('',(7.014865420138,-1.858481848154,2.));
#199 = LINE('',#200,#201);
#200 = CARTESIAN_POINT('',(6.249412934933,-3.5,2.));
#201 = VECTOR('',#202,1.);
#202 = DIRECTION('',(0.42261826174,0.906307787037,0.));
#203 = ORIENTED_EDGE('',*,*,#204,.T.);
#204 = EDGE_CURVE('',#197,#205,#207,.T.);
#205 = VERTEX_POINT('',#206);
#206 = CARTESIAN_POINT('',(6.990754216993,-1.497702510021,2.));
#207 = CIRCLE('',#208,0.375000000002);
#208 = AXIS2_PLACEMENT_3D('',#209,#210,#211);
#209 = CARTESIAN_POINT('',(6.674999999998,-1.7,2.));
#210 = DIRECTION('',(0.,0.,1.));
#211 = DIRECTION('',(1.,0.,0.));
#212 = ORIENTED_EDGE('',*,*,#213,.T.);
#213 = EDGE_CURVE('',#205,#214,#216,.T.);
#214 = VERTEX_POINT('',#215);
#215 = CARTESIAN_POINT('',(6.394748594337,-0.567432496658,2.));
#216 = LINE('',#217,#218);
#217 = CARTESIAN_POINT('',(6.990754216993,-1.497702510021,2.));
#218 = VECTOR('',#219,1.);
#219 = DIRECTION('',(-0.539459973274,0.842011245314,0.));
#220 = ORIENTED_EDGE('',*,*,#221,.F.);
#221 = EDGE_CURVE('',#222,#214,#224,.T.);
#222 = VERTEX_POINT('',#223);
#223 = CARTESIAN_POINT('',(6.375000000002,-0.5,2.));
#224 = CIRCLE('',#225,0.124999999998);
#225 = AXIS2_PLACEMENT_3D('',#226,#227,#228);
#226 = CARTESIAN_POINT('',(6.5,-0.5,2.));
#227 = DIRECTION('',(0.,0.,1.));
#228 = DIRECTION('',(1.,0.,0.));
#229 = ORIENTED_EDGE('',*,*,#230,.T.);
#230 = EDGE_CURVE('',#222,#231,#233,.T.);
#231 = VERTEX_POINT('',#232);
#232 = CARTESIAN_POINT('',(6.375000000002,0.875000000002,2.));
#233 = LINE('',#234,#235);
#234 = CARTESIAN_POINT('',(6.375000000002,-0.5,2.));
#235 = VECTOR('',#236,1.);
#236 = DIRECTION('',(0.,1.,0.));
#237 = ORIENTED_EDGE('',*,*,#238,.T.);
#238 = EDGE_CURVE('',#231,#239,#241,.T.);
#239 = VERTEX_POINT('',#240);
#240 = CARTESIAN_POINT('',(6.,1.250000000004,2.));
#241 = CIRCLE('',#242,0.375000000002);
#242 = AXIS2_PLACEMENT_3D('',#243,#244,#245);
#243 = CARTESIAN_POINT('',(6.,0.875000000002,2.));
#244 = DIRECTION('',(0.,0.,1.));
#245 = DIRECTION('',(1.,0.,0.));
#246 = ORIENTED_EDGE('',*,*,#247,.T.);
#247 = EDGE_CURVE('',#239,#248,#250,.T.);
#248 = VERTEX_POINT('',#249);
#249 = CARTESIAN_POINT('',(6.,1.,2.));
#250 = LINE('',#251,#252);
#251 = CARTESIAN_POINT('',(6.,1.250000000004,2.));
#252 = VECTOR('',#253,1.);
#253 = DIRECTION('',(0.,-1.,0.));
#254 = ORIENTED_EDGE('',*,*,#255,.F.);
#255 = EDGE_CURVE('',#256,#248,#258,.T.);
#256 = VERTEX_POINT('',#257);
#257 = CARTESIAN_POINT('',(6.124999999998,0.875000000002,2.));
#258 = CIRCLE('',#259,0.124999999998);
#259 = AXIS2_PLACEMENT_3D('',#260,#261,#262);
#260 = CARTESIAN_POINT('',(6.,0.875000000002,2.));
#261 = DIRECTION('',(0.,0.,1.));
#262 = DIRECTION('',(1.,0.,0.));
#263 = ORIENTED_EDGE('',*,*,#264,.F.);
#264 = EDGE_CURVE('',#265,#256,#267,.T.);
#265 = VERTEX_POINT('',#266);
#266 = CARTESIAN_POINT('',(6.124999999998,-0.5,2.));
#267 = LINE('',#268,#269);
#268 = CARTESIAN_POINT('',(6.124999999998,-0.5,2.));
#269 = VECTOR('',#270,1.);
#270 = DIRECTION('',(0.,1.,0.));
#271 = ORIENTED_EDGE('',*,*,#272,.T.);
#272 = EDGE_CURVE('',#265,#273,#275,.T.);
#273 = VERTEX_POINT('',#274);
#274 = CARTESIAN_POINT('',(6.184245783005,-0.702297489979,2.));
#275 = CIRCLE('',#276,0.375000000002);
#276 = AXIS2_PLACEMENT_3D('',#277,#278,#279);
#277 = CARTESIAN_POINT('',(6.5,-0.5,2.));
#278 = DIRECTION('',(0.,0.,1.));
#279 = DIRECTION('',(1.,0.,0.));
#280 = ORIENTED_EDGE('',*,*,#281,.F.);
#281 = EDGE_CURVE('',#282,#273,#284,.T.);
#282 = VERTEX_POINT('',#283);
#283 = CARTESIAN_POINT('',(6.780251405661,-1.632567503342,2.));
#284 = LINE('',#285,#286);
#285 = CARTESIAN_POINT('',(6.780251405661,-1.632567503342,2.));
#286 = VECTOR('',#287,1.);
#287 = DIRECTION('',(-0.539459973273,0.842011245314,0.));
#288 = ORIENTED_EDGE('',*,*,#289,.F.);
#289 = EDGE_CURVE('',#86,#282,#290,.T.);
#290 = CIRCLE('',#291,0.124999999998);
#291 = AXIS2_PLACEMENT_3D('',#292,#293,#294);
#292 = CARTESIAN_POINT('',(6.674999999998,-1.7,2.));
#293 = DIRECTION('',(0.,0.,1.));
#294 = DIRECTION('',(1.,0.,0.));
#295 = PLANE('',#296);
#296 = AXIS2_PLACEMENT_3D('',#297,#298,#299);
#297 = CARTESIAN_POINT('',(6.43167666887,-1.145024611515,2.));
#298 = DIRECTION('',(0.,0.,1.));
#299 = DIRECTION('',(1.,0.,0.));
#300 = ADVANCED_FACE('',(#301),#405,.T.);
#301 = FACE_BOUND('',#302,.T.);
#302 = EDGE_LOOP('',(#303,#304,#305,#313,#322,#330,#339,#347,#356,#364,
    #373,#381,#390,#398));
#303 = ORIENTED_EDGE('',*,*,#77,.F.);
#304 = ORIENTED_EDGE('',*,*,#180,.T.);
#305 = ORIENTED_EDGE('',*,*,#306,.T.);
#306 = EDGE_CURVE('',#173,#307,#309,.T.);
#307 = VERTEX_POINT('',#308);
#308 = CARTESIAN_POINT('',(7.014865420138,-1.858481848154,3.));
#309 = LINE('',#310,#311);
#310 = CARTESIAN_POINT('',(6.249412934933,-3.5,3.));
#311 = VECTOR('',#312,1.);
#312 = DIRECTION('',(0.42261826174,0.906307787037,0.));
#313 = ORIENTED_EDGE('',*,*,#314,.T.);
#314 = EDGE_CURVE('',#307,#315,#317,.T.);
#315 = VERTEX_POINT('',#316);
#316 = CARTESIAN_POINT('',(6.990754216993,-1.497702510021,3.));
#317 = CIRCLE('',#318,0.375000000002);
#318 = AXIS2_PLACEMENT_3D('',#319,#320,#321);
#319 = CARTESIAN_POINT('',(6.674999999998,-1.7,3.));
#320 = DIRECTION('',(0.,0.,1.));
#321 = DIRECTION('',(1.,0.,0.));
#322 = ORIENTED_EDGE('',*,*,#323,.T.);
#323 = EDGE_CURVE('',#315,#324,#326,.T.);
#324 = VERTEX_POINT('',#325);
#325 = CARTESIAN_POINT('',(6.394748594337,-0.567432496658,3.));
#326 = LINE('',#327,#328);
#327 = CARTESIAN_POINT('',(6.990754216993,-1.497702510021,3.));
#328 = VECTOR('',#329,1.);
#329 = DIRECTION('',(-0.539459973274,0.842011245314,0.));
#330 = ORIENTED_EDGE('',*,*,#331,.F.);
#331 = EDGE_CURVE('',#332,#324,#334,.T.);
#332 = VERTEX_POINT('',#333);
#333 = CARTESIAN_POINT('',(6.375000000002,-0.5,3.));
#334 = CIRCLE('',#335,0.124999999998);
#335 = AXIS2_PLACEMENT_3D('',#336,#337,#338);
#336 = CARTESIAN_POINT('',(6.5,-0.5,3.));
#337 = DIRECTION('',(0.,0.,1.));
#338 = DIRECTION('',(1.,0.,0.));
#339 = ORIENTED_EDGE('',*,*,#340,.T.);
#340 = EDGE_CURVE('',#332,#341,#343,.T.);
#341 = VERTEX_POINT('',#342);
#342 = CARTESIAN_POINT('',(6.375000000002,0.875000000002,3.));
#343 = LINE('',#344,#345);
#344 = CARTESIAN_POINT('',(6.375000000002,-0.5,3.));
#345 = VECTOR('',#346,1.);
#346 = DIRECTION('',(0.,1.,0.));
#347 = ORIENTED_EDGE('',*,*,#348,.T.);
#348 = EDGE_CURVE('',#341,#349,#351,.T.);
#349 = VERTEX_POINT('',#350);
#350 = CARTESIAN_POINT('',(6.,1.250000000004,3.));
#351 = CIRCLE('',#352,0.375000000002);
#352 = AXIS2_PLACEMENT_3D('',#353,#354,#355);
#353 = CARTESIAN_POINT('',(6.,0.875000000002,3.));
#354 = DIRECTION('',(0.,0.,1.));
#355 = DIRECTION('',(1.,0.,0.));
#356 = ORIENTED_EDGE('',*,*,#357,.T.);
#357 = EDGE_CURVE('',#349,#358,#360,.T.);
#358 = VERTEX_POINT('',#359);
#359 = CARTESIAN_POINT('',(6.,1.,3.));
#360 = LINE('',#361,#362);
#361 = CARTESIAN_POINT('',(6.,1.250000000004,3.));
#362 = VECTOR('',#363,1.);
#363 = DIRECTION('',(0.,-1.,0.));
#364 = ORIENTED_EDGE('',*,*,#365,.F.);
#365 = EDGE_CURVE('',#366,#358,#368,.T.);
#366 = VERTEX_POINT('',#367);
#367 = CARTESIAN_POINT('',(6.124999999998,0.875000000002,3.));
#368 = CIRCLE('',#369,0.124999999998);
#369 = AXIS2_PLACEMENT_3D('',#370,#371,#372);
#370 = CARTESIAN_POINT('',(6.,0.875000000002,3.));
#371 = DIRECTION('',(0.,0.,1.));
#372 = DIRECTION('',(1.,0.,0.));
#373 = ORIENTED_EDGE('',*,*,#374,.F.);
#374 = EDGE_CURVE('',#375,#366,#377,.T.);
#375 = VERTEX_POINT('',#376);
#376 = CARTESIAN_POINT('',(6.124999999998,-0.5,3.));
#377 = LINE('',#378,#379);
#378 = CARTESIAN_POINT('',(6.124999999998,-0.5,3.));
#379 = VECTOR('',#380,1.);
#380 = DIRECTION('',(0.,1.,0.));
#381 = ORIENTED_EDGE('',*,*,#382,.T.);
#382 = EDGE_CURVE('',#375,#383,#385,.T.);
#383 = VERTEX_POINT('',#384);
#384 = CARTESIAN_POINT('',(6.184245783005,-0.702297489979,3.));
#385 = CIRCLE('',#386,0.375000000002);
#386 = AXIS2_PLACEMENT_3D('',#387,#388,#389);
#387 = CARTESIAN_POINT('',(6.5,-0.5,3.));
#388 = DIRECTION('',(0.,0.,1.));
#389 = DIRECTION('',(1.,0.,0.));
#390 = ORIENTED_EDGE('',*,*,#391,.F.);
#391 = EDGE_CURVE('',#392,#383,#394,.T.);
#392 = VERTEX_POINT('',#393);
#393 = CARTESIAN_POINT('',(6.780251405661,-1.632567503342,3.));
#394 = LINE('',#395,#396);
#395 = CARTESIAN_POINT('',(6.780251405661,-1.632567503342,3.));
#396 = VECTOR('',#397,1.);
#397 = DIRECTION('',(-0.539459973273,0.842011245314,0.));
#398 = ORIENTED_EDGE('',*,*,#399,.F.);
#399 = EDGE_CURVE('',#78,#392,#400,.T.);
#400 = CIRCLE('',#401,0.124999999998);
#401 = AXIS2_PLACEMENT_3D('',#402,#403,#404);
#402 = CARTESIAN_POINT('',(6.674999999998,-1.7,3.));
#403 = DIRECTION('',(0.,0.,1.));
#404 = DIRECTION('',(1.,0.,0.));
#405 = PLANE('',#406);
#406 = AXIS2_PLACEMENT_3D('',#407,#408,#409);
#407 = CARTESIAN_POINT('',(6.43167666887,-1.145024611515,3.));
#408 = DIRECTION('',(0.,0.,1.));
#409 = DIRECTION('',(1.,0.,0.));
#410 = ADVANCED_FACE('',(#411),#422,.F.);
#411 = FACE_BOUND('',#412,.T.);
#412 = EDGE_LOOP('',(#413,#414,#415,#421));
#413 = ORIENTED_EDGE('',*,*,#85,.T.);
#414 = ORIENTED_EDGE('',*,*,#399,.T.);
#415 = ORIENTED_EDGE('',*,*,#416,.F.);
#416 = EDGE_CURVE('',#282,#392,#417,.T.);
#417 = LINE('',#418,#419);
#418 = CARTESIAN_POINT('',(6.780251405661,-1.632567503342,2.));
#419 = VECTOR('',#420,1.);
#420 = DIRECTION('',(0.,0.,1.));
#421 = ORIENTED_EDGE('',*,*,#289,.F.);
#422 = CYLINDRICAL_SURFACE('',#423,0.124999999998);
#423 = AXIS2_PLACEMENT_3D('',#424,#425,#426);
#424 = CARTESIAN_POINT('',(6.674999999998,-1.7,2.));
#425 = DIRECTION('',(-0.,-0.,-1.));
#426 = DIRECTION('',(1.,0.,0.));
#427 = ADVANCED_FACE('',(#428),#441,.F.);
#428 = FACE_BOUND('',#429,.F.);
#429 = EDGE_LOOP('',(#430,#431,#432,#433,#439,#440));
#430 = ORIENTED_EDGE('',*,*,#124,.T.);
#431 = ORIENTED_EDGE('',*,*,#172,.T.);
#432 = ORIENTED_EDGE('',*,*,#306,.T.);
#433 = ORIENTED_EDGE('',*,*,#434,.F.);
#434 = EDGE_CURVE('',#197,#307,#435,.T.);
#435 = LINE('',#436,#437);
#436 = CARTESIAN_POINT('',(7.014865420138,-1.858481848154,2.));
#437 = VECTOR('',#438,1.);
#438 = DIRECTION('',(0.,0.,1.));
#439 = ORIENTED_EDGE('',*,*,#196,.F.);
#440 = ORIENTED_EDGE('',*,*,#148,.F.);
#441 = PLANE('',#442);
#442 = AXIS2_PLACEMENT_3D('',#443,#444,#445);
#443 = CARTESIAN_POINT('',(6.249412934933,-3.5,2.));
#444 = DIRECTION('',(-0.906307787037,0.42261826174,0.));
#445 = DIRECTION('',(0.42261826174,0.906307787037,0.));
#446 = ADVANCED_FACE('',(#447),#458,.T.);
#447 = FACE_BOUND('',#448,.T.);
#448 = EDGE_LOOP('',(#449,#450,#451,#457));
#449 = ORIENTED_EDGE('',*,*,#416,.T.);
#450 = ORIENTED_EDGE('',*,*,#391,.T.);
#451 = ORIENTED_EDGE('',*,*,#452,.F.);
#452 = EDGE_CURVE('',#273,#383,#453,.T.);
#453 = LINE('',#454,#455);
#454 = CARTESIAN_POINT('',(6.184245783005,-0.702297489979,2.));
#455 = VECTOR('',#456,1.);
#456 = DIRECTION('',(0.,0.,1.));
#457 = ORIENTED_EDGE('',*,*,#281,.F.);
#458 = PLANE('',#459);
#459 = AXIS2_PLACEMENT_3D('',#460,#461,#462);
#460 = CARTESIAN_POINT('',(6.780251405661,-1.632567503342,2.));
#461 = DIRECTION('',(-0.842011245314,-0.539459973273,0.));
#462 = DIRECTION('',(-0.539459973273,0.842011245314,0.));
#463 = ADVANCED_FACE('',(#464),#475,.T.);
#464 = FACE_BOUND('',#465,.F.);
#465 = EDGE_LOOP('',(#466,#467,#468,#474));
#466 = ORIENTED_EDGE('',*,*,#434,.T.);
#467 = ORIENTED_EDGE('',*,*,#314,.T.);
#468 = ORIENTED_EDGE('',*,*,#469,.F.);
#469 = EDGE_CURVE('',#205,#315,#470,.T.);
#470 = LINE('',#471,#472);
#471 = CARTESIAN_POINT('',(6.990754216993,-1.497702510021,2.));
#472 = VECTOR('',#473,1.);
#473 = DIRECTION('',(0.,0.,1.));
#474 = ORIENTED_EDGE('',*,*,#204,.F.);
#475 = CYLINDRICAL_SURFACE('',#476,0.375000000002);
#476 = AXIS2_PLACEMENT_3D('',#477,#478,#479);
#477 = CARTESIAN_POINT('',(6.674999999998,-1.7,2.));
#478 = DIRECTION('',(-0.,-0.,-1.));
#479 = DIRECTION('',(1.,0.,0.));
#480 = ADVANCED_FACE('',(#481),#492,.T.);
#481 = FACE_BOUND('',#482,.F.);
#482 = EDGE_LOOP('',(#483,#489,#490,#491));
#483 = ORIENTED_EDGE('',*,*,#484,.T.);
#484 = EDGE_CURVE('',#265,#375,#485,.T.);
#485 = LINE('',#486,#487);
#486 = CARTESIAN_POINT('',(6.124999999998,-0.5,2.));
#487 = VECTOR('',#488,1.);
#488 = DIRECTION('',(0.,0.,1.));
#489 = ORIENTED_EDGE('',*,*,#382,.T.);
#490 = ORIENTED_EDGE('',*,*,#452,.F.);
#491 = ORIENTED_EDGE('',*,*,#272,.F.);
#492 = CYLINDRICAL_SURFACE('',#493,0.375000000002);
#493 = AXIS2_PLACEMENT_3D('',#494,#495,#496);
#494 = CARTESIAN_POINT('',(6.5,-0.5,2.));
#495 = DIRECTION('',(-0.,-0.,-1.));
#496 = DIRECTION('',(1.,0.,0.));
#497 = ADVANCED_FACE('',(#498),#509,.F.);
#498 = FACE_BOUND('',#499,.F.);
#499 = EDGE_LOOP('',(#500,#501,#502,#508));
#500 = ORIENTED_EDGE('',*,*,#469,.T.);
#501 = ORIENTED_EDGE('',*,*,#323,.T.);
#502 = ORIENTED_EDGE('',*,*,#503,.F.);
#503 = EDGE_CURVE('',#214,#324,#504,.T.);
#504 = LINE('',#505,#506);
#505 = CARTESIAN_POINT('',(6.394748594337,-0.567432496658,2.));
#506 = VECTOR('',#507,1.);
#507 = DIRECTION('',(0.,0.,1.));
#508 = ORIENTED_EDGE('',*,*,#213,.F.);
#509 = PLANE('',#510);
#510 = AXIS2_PLACEMENT_3D('',#511,#512,#513);
#511 = CARTESIAN_POINT('',(6.990754216993,-1.497702510021,2.));
#512 = DIRECTION('',(-0.842011245314,-0.539459973274,0.));
#513 = DIRECTION('',(-0.539459973274,0.842011245314,0.));
#514 = ADVANCED_FACE('',(#515),#526,.T.);
#515 = FACE_BOUND('',#516,.T.);
#516 = EDGE_LOOP('',(#517,#518,#519,#525));
#517 = ORIENTED_EDGE('',*,*,#484,.T.);
#518 = ORIENTED_EDGE('',*,*,#374,.T.);
#519 = ORIENTED_EDGE('',*,*,#520,.F.);
#520 = EDGE_CURVE('',#256,#366,#521,.T.);
#521 = LINE('',#522,#523);
#522 = CARTESIAN_POINT('',(6.124999999998,0.875000000002,2.));
#523 = VECTOR('',#524,1.);
#524 = DIRECTION('',(0.,0.,1.));
#525 = ORIENTED_EDGE('',*,*,#264,.F.);
#526 = PLANE('',#527);
#527 = AXIS2_PLACEMENT_3D('',#528,#529,#530);
#528 = CARTESIAN_POINT('',(6.124999999998,-0.5,2.));
#529 = DIRECTION('',(-1.,0.,0.));
#530 = DIRECTION('',(0.,1.,0.));
#531 = ADVANCED_FACE('',(#532),#543,.F.);
#532 = FACE_BOUND('',#533,.T.);
#533 = EDGE_LOOP('',(#534,#540,#541,#542));
#534 = ORIENTED_EDGE('',*,*,#535,.T.);
#535 = EDGE_CURVE('',#222,#332,#536,.T.);
#536 = LINE('',#537,#538);
#537 = CARTESIAN_POINT('',(6.375000000002,-0.5,2.));
#538 = VECTOR('',#539,1.);
#539 = DIRECTION('',(0.,0.,1.));
#540 = ORIENTED_EDGE('',*,*,#331,.T.);
#541 = ORIENTED_EDGE('',*,*,#503,.F.);
#542 = ORIENTED_EDGE('',*,*,#221,.F.);
#543 = CYLINDRICAL_SURFACE('',#544,0.124999999998);
#544 = AXIS2_PLACEMENT_3D('',#545,#546,#547);
#545 = CARTESIAN_POINT('',(6.5,-0.5,2.));
#546 = DIRECTION('',(-0.,-0.,-1.));
#547 = DIRECTION('',(1.,0.,0.));
#548 = ADVANCED_FACE('',(#549),#560,.F.);
#549 = FACE_BOUND('',#550,.T.);
#550 = EDGE_LOOP('',(#551,#552,#553,#559));
#551 = ORIENTED_EDGE('',*,*,#520,.T.);
#552 = ORIENTED_EDGE('',*,*,#365,.T.);
#553 = ORIENTED_EDGE('',*,*,#554,.F.);
#554 = EDGE_CURVE('',#248,#358,#555,.T.);
#555 = LINE('',#556,#557);
#556 = CARTESIAN_POINT('',(6.,1.,2.));
#557 = VECTOR('',#558,1.);
#558 = DIRECTION('',(0.,0.,1.));
#559 = ORIENTED_EDGE('',*,*,#255,.F.);
#560 = CYLINDRICAL_SURFACE('',#561,0.124999999998);
#561 = AXIS2_PLACEMENT_3D('',#562,#563,#564);
#562 = CARTESIAN_POINT('',(6.,0.875000000002,2.));
#563 = DIRECTION('',(-0.,-0.,-1.));
#564 = DIRECTION('',(1.,0.,0.));
#565 = ADVANCED_FACE('',(#566),#577,.F.);
#566 = FACE_BOUND('',#567,.F.);
#567 = EDGE_LOOP('',(#568,#569,#570,#576));
#568 = ORIENTED_EDGE('',*,*,#535,.T.);
#569 = ORIENTED_EDGE('',*,*,#340,.T.);
#570 = ORIENTED_EDGE('',*,*,#571,.F.);
#571 = EDGE_CURVE('',#231,#341,#572,.T.);
#572 = LINE('',#573,#574);
#573 = CARTESIAN_POINT('',(6.375000000002,0.875000000002,2.));
#574 = VECTOR('',#575,1.);
#575 = DIRECTION('',(0.,0.,1.));
#576 = ORIENTED_EDGE('',*,*,#230,.F.);
#577 = PLANE('',#578);
#578 = AXIS2_PLACEMENT_3D('',#579,#580,#581);
#579 = CARTESIAN_POINT('',(6.375000000002,-0.5,2.));
#580 = DIRECTION('',(-1.,0.,0.));
#581 = DIRECTION('',(0.,1.,0.));
#582 = ADVANCED_FACE('',(#583),#594,.F.);
#583 = FACE_BOUND('',#584,.F.);
#584 = EDGE_LOOP('',(#585,#591,#592,#593));
#585 = ORIENTED_EDGE('',*,*,#586,.T.);
#586 = EDGE_CURVE('',#239,#349,#587,.T.);
#587 = LINE('',#588,#589);
#588 = CARTESIAN_POINT('',(6.,1.250000000004,2.));
#589 = VECTOR('',#590,1.);
#590 = DIRECTION('',(0.,0.,1.));
#591 = ORIENTED_EDGE('',*,*,#357,.T.);
#592 = ORIENTED_EDGE('',*,*,#554,.F.);
#593 = ORIENTED_EDGE('',*,*,#247,.F.);
#594 = PLANE('',#595);
#595 = AXIS2_PLACEMENT_3D('',#596,#597,#598);
#596 = CARTESIAN_POINT('',(6.,1.250000000004,2.));
#597 = DIRECTION('',(1.,0.,0.));
#598 = DIRECTION('',(0.,-1.,0.));
#599 = ADVANCED_FACE('',(#600),#606,.T.);
#600 = FACE_BOUND('',#601,.F.);
#601 = EDGE_LOOP('',(#602,#603,#604,#605));
#602 = ORIENTED_EDGE('',*,*,#571,.T.);
#603 = ORIENTED_EDGE('',*,*,#348,.T.);
#604 = ORIENTED_EDGE('',*,*,#586,.F.);
#605 = ORIENTED_EDGE('',*,*,#238,.F.);
#606 = CYLINDRICAL_SURFACE('',#607,0.375000000002);
#607 = AXIS2_PLACEMENT_3D('',#608,#609,#610);
#608 = CARTESIAN_POINT('',(6.,0.875000000002,2.));
#609 = DIRECTION('',(-0.,-0.,-1.));
#610 = DIRECTION('',(1.,0.,0.));
#611 = ( GEOMETRIC_REPRESENTATION_CONTEXT(3) 
GLOBAL_UNCERTAINTY_ASSIGNED_CONTEXT((#615)) GLOBAL_UNIT_ASSIGNED_CONTEXT
((#612,#613,#614)) REPRESENTATION_CONTEXT('Context #1',
  '3D Context with UNIT and UNCERTAINTY') );
#612 = ( LENGTH_UNIT() NAMED_UNIT(*) SI_UNIT(.MILLI.,.METRE.) );
#613 = ( NAMED_UNIT(*) PLANE_ANGLE_UNIT() SI_UNIT($,.RADIAN.) );
#614 = ( NAMED_UNIT(*) SI_UNIT($,.STERADIAN.) SOLID_ANGLE_UNIT() );
#615 = UNCERTAINTY_MEASURE_WITH_UNIT(LENGTH_MEASURE(1.E-07),#612,
  'distance_accuracy_value','confusion accuracy');
#616 = CONTEXT_DEPENDENT_SHAPE_REPRESENTATION(#617,#619);
#617 = ( REPRESENTATION_RELATIONSHIP('','',#52,#10) 
REPRESENTATION_RELATIONSHIP_WITH_TRANSFORMATION(#618) 
SHAPE_REPRESENTATION_RELATIONSHIP() );
#618 = ITEM_DEFINED_TRANSFORMATION('','',#11,#15);
#619 = PRODUCT_DEFINITION_SHAPE('Placement','Placement of an item',#620
  );
#620 = NEXT_ASSEMBLY_USAGE_OCCURRENCE('1','Body003','',#5,#47,$);
#621 = PRODUCT_RELATED_PRODUCT_CATEGORY('part',$,(#49));
#622 = SHAPE_DEFINITION_REPRESENTATION(#623,#629);
#623 = PRODUCT_DEFINITION_SHAPE('','',#624);
#624 = PRODUCT_DEFINITION('design','',#625,#628);
#625 = PRODUCT_DEFINITION_FORMATION('','',#626);
#626 = PRODUCT('Body003 (Mirror #2)','Body003 (Mirror #2)','',(#627));
#627 = PRODUCT_CONTEXT('',#2,'mechanical');
#628 = PRODUCT_DEFINITION_CONTEXT('part definition',#2,'design');
#629 = ADVANCED_BREP_SHAPE_REPRESENTATION('',(#11,#630),#1188);
#630 = MANIFOLD_SOLID_BREP('',#631);
#631 = CLOSED_SHELL('',(#632,#688,#719,#743,#767,#877,#987,#1004,#1023,
    #1040,#1057,#1074,#1091,#1108,#1125,#1142,#1159,#1176));
#632 = ADVANCED_FACE('',(#633),#683,.T.);
#633 = FACE_BOUND('',#634,.F.);
#634 = EDGE_LOOP('',(#635,#645,#653,#661,#669,#677));
#635 = ORIENTED_EDGE('',*,*,#636,.T.);
#636 = EDGE_CURVE('',#637,#639,#641,.T.);
#637 = VERTEX_POINT('',#638);
#638 = CARTESIAN_POINT('',(-6.022835988174,-3.394345434565,-2.75));
#639 = VERTEX_POINT('',#640);
#640 = CARTESIAN_POINT('',(-6.022835988174,-3.394345434565,-2.25));
#641 = LINE('',#642,#643);
#642 = CARTESIAN_POINT('',(-6.022835988174,-3.394345434565,-3.));
#643 = VECTOR('',#644,1.);
#644 = DIRECTION('',(0.,0.,1.));
#645 = ORIENTED_EDGE('',*,*,#646,.T.);
#646 = EDGE_CURVE('',#639,#647,#649,.T.);
#647 = VERTEX_POINT('',#648);
#648 = CARTESIAN_POINT('',(-6.313119520967,-2.771830389575,-2.));
#649 = LINE('',#650,#651);
#650 = CARTESIAN_POINT('',(-6.044471787196,-3.347947313831,
    -2.231366666915));
#651 = VECTOR('',#652,1.);
#652 = DIRECTION('',(-0.397131261964,0.85165073964,0.342020143326));
#653 = ORIENTED_EDGE('',*,*,#654,.T.);
#654 = EDGE_CURVE('',#647,#655,#657,.T.);
#655 = VERTEX_POINT('',#656);
#656 = CARTESIAN_POINT('',(-6.788288473375,-1.752827282718,-2.));
#657 = LINE('',#658,#659);
#658 = CARTESIAN_POINT('',(-6.022835988174,-3.394345434565,-2.));
#659 = VECTOR('',#660,1.);
#660 = DIRECTION('',(-0.422618261738,0.906307787038,0.));
#661 = ORIENTED_EDGE('',*,*,#662,.F.);
#662 = EDGE_CURVE('',#663,#655,#665,.T.);
#663 = VERTEX_POINT('',#664);
#664 = CARTESIAN_POINT('',(-6.788288473375,-1.752827282718,-3.));
#665 = LINE('',#666,#667);
#666 = CARTESIAN_POINT('',(-6.788288473375,-1.752827282718,-3.));
#667 = VECTOR('',#668,1.);
#668 = DIRECTION('',(0.,0.,1.));
#669 = ORIENTED_EDGE('',*,*,#670,.F.);
#670 = EDGE_CURVE('',#671,#663,#673,.T.);
#671 = VERTEX_POINT('',#672);
#672 = CARTESIAN_POINT('',(-6.313119520967,-2.771830389575,-3.));
#673 = LINE('',#674,#675);
#674 = CARTESIAN_POINT('',(-6.022835988174,-3.394345434565,-3.));
#675 = VECTOR('',#676,1.);
#676 = DIRECTION('',(-0.422618261738,0.906307787038,0.));
#677 = ORIENTED_EDGE('',*,*,#678,.F.);
#678 = EDGE_CURVE('',#637,#671,#679,.T.);
#679 = LINE('',#680,#681);
#680 = CARTESIAN_POINT('',(-6.112385232764,-3.202306459813,
    -2.827122222305));
#681 = VECTOR('',#682,1.);
#682 = DIRECTION('',(-0.397131261964,0.85165073964,-0.342020143326));
#683 = PLANE('',#684);
#684 = AXIS2_PLACEMENT_3D('',#685,#686,#687);
#685 = CARTESIAN_POINT('',(-6.022835988174,-3.394345434565,-3.));
#686 = DIRECTION('',(0.906307787038,0.422618261738,0.));
#687 = DIRECTION('',(0.422618261738,-0.906307787038,0.));
#688 = ADVANCED_FACE('',(#689),#714,.F.);
#689 = FACE_BOUND('',#690,.T.);
#690 = EDGE_LOOP('',(#691,#692,#700,#708));
#691 = ORIENTED_EDGE('',*,*,#636,.T.);
#692 = ORIENTED_EDGE('',*,*,#693,.T.);
#693 = EDGE_CURVE('',#639,#694,#696,.T.);
#694 = VERTEX_POINT('',#695);
#695 = CARTESIAN_POINT('',(-6.249412934933,-3.5,-2.25));
#696 = LINE('',#697,#698);
#697 = CARTESIAN_POINT('',(-6.022835988174,-3.394345434565,-2.25));
#698 = VECTOR('',#699,1.);
#699 = DIRECTION('',(-0.906307787038,-0.422618261738,-0.));
#700 = ORIENTED_EDGE('',*,*,#701,.F.);
#701 = EDGE_CURVE('',#702,#694,#704,.T.);
#702 = VERTEX_POINT('',#703);
#703 = CARTESIAN_POINT('',(-6.249412934933,-3.5,-2.75));
#704 = LINE('',#705,#706);
#705 = CARTESIAN_POINT('',(-6.249412934933,-3.5,-3.));
#706 = VECTOR('',#707,1.);
#707 = DIRECTION('',(0.,0.,1.));
#708 = ORIENTED_EDGE('',*,*,#709,.F.);
#709 = EDGE_CURVE('',#637,#702,#710,.T.);
#710 = LINE('',#711,#712);
#711 = CARTESIAN_POINT('',(-6.022835988174,-3.394345434565,-2.75));
#712 = VECTOR('',#713,1.);
#713 = DIRECTION('',(-0.906307787038,-0.422618261738,-0.));
#714 = PLANE('',#715);
#715 = AXIS2_PLACEMENT_3D('',#716,#717,#718);
#716 = CARTESIAN_POINT('',(-6.022835988174,-3.394345434565,-3.));
#717 = DIRECTION('',(-0.422618261738,0.906307787038,0.));
#718 = DIRECTION('',(0.906307787038,0.422618261738,0.));
#719 = ADVANCED_FACE('',(#720),#738,.T.);
#720 = FACE_BOUND('',#721,.T.);
#721 = EDGE_LOOP('',(#722,#723,#724,#732));
#722 = ORIENTED_EDGE('',*,*,#678,.F.);
#723 = ORIENTED_EDGE('',*,*,#709,.T.);
#724 = ORIENTED_EDGE('',*,*,#725,.T.);
#725 = EDGE_CURVE('',#702,#726,#728,.T.);
#726 = VERTEX_POINT('',#727);
#727 = CARTESIAN_POINT('',(-6.539696467728,-2.87748495501,-3.));
#728 = LINE('',#729,#730);
#729 = CARTESIAN_POINT('',(-6.338962179524,-3.307961025248,
    -2.827122222305));
#730 = VECTOR('',#731,1.);
#731 = DIRECTION('',(-0.397131261967,0.851650739639,-0.342020143326));
#732 = ORIENTED_EDGE('',*,*,#733,.F.);
#733 = EDGE_CURVE('',#671,#726,#734,.T.);
#734 = LINE('',#735,#736);
#735 = CARTESIAN_POINT('',(-6.313119520967,-2.771830389575,-3.));
#736 = VECTOR('',#737,1.);
#737 = DIRECTION('',(-0.906307787038,-0.422618261738,-0.));
#738 = PLANE('',#739);
#739 = AXIS2_PLACEMENT_3D('',#740,#741,#742);
#740 = CARTESIAN_POINT('',(-6.16797775457,-3.08308791207,-2.875));
#741 = DIRECTION('',(0.144543958452,-0.30997551922,-0.939692620786));
#742 = DIRECTION('',(-0.906307787038,-0.422618261738,-1.387778780781E-17
    ));
#743 = ADVANCED_FACE('',(#744),#762,.F.);
#744 = FACE_BOUND('',#745,.F.);
#745 = EDGE_LOOP('',(#746,#747,#748,#756));
#746 = ORIENTED_EDGE('',*,*,#646,.F.);
#747 = ORIENTED_EDGE('',*,*,#693,.T.);
#748 = ORIENTED_EDGE('',*,*,#749,.T.);
#749 = EDGE_CURVE('',#694,#750,#752,.T.);
#750 = VERTEX_POINT('',#751);
#751 = CARTESIAN_POINT('',(-6.539696467728,-2.87748495501,-2.));
#752 = LINE('',#753,#754);
#753 = CARTESIAN_POINT('',(-6.271048733956,-3.453601879266,
    -2.231366666915));
#754 = VECTOR('',#755,1.);
#755 = DIRECTION('',(-0.397131261967,0.851650739639,0.342020143326));
#756 = ORIENTED_EDGE('',*,*,#757,.F.);
#757 = EDGE_CURVE('',#647,#750,#758,.T.);
#758 = LINE('',#759,#760);
#759 = CARTESIAN_POINT('',(-6.313119520967,-2.771830389575,-2.));
#760 = VECTOR('',#761,1.);
#761 = DIRECTION('',(-0.906307787038,-0.422618261738,-0.));
#762 = PLANE('',#763);
#763 = AXIS2_PLACEMENT_3D('',#764,#765,#766);
#764 = CARTESIAN_POINT('',(-6.16797775457,-3.08308791207,-2.125));
#765 = DIRECTION('',(-0.144543958452,0.30997551922,-0.939692620786));
#766 = DIRECTION('',(-0.906307787038,-0.422618261738,1.387778780781E-17)
  );
#767 = ADVANCED_FACE('',(#768),#872,.F.);
#768 = FACE_BOUND('',#769,.T.);
#769 = EDGE_LOOP('',(#770,#771,#772,#780,#789,#797,#806,#814,#823,#831,
    #840,#848,#857,#865));
#770 = ORIENTED_EDGE('',*,*,#670,.F.);
#771 = ORIENTED_EDGE('',*,*,#733,.T.);
#772 = ORIENTED_EDGE('',*,*,#773,.T.);
#773 = EDGE_CURVE('',#726,#774,#776,.T.);
#774 = VERTEX_POINT('',#775);
#775 = CARTESIAN_POINT('',(-7.014865420138,-1.858481848154,-3.));
#776 = LINE('',#777,#778);
#777 = CARTESIAN_POINT('',(-6.249412934933,-3.5,-3.));
#778 = VECTOR('',#779,1.);
#779 = DIRECTION('',(-0.42261826174,0.906307787037,0.));
#780 = ORIENTED_EDGE('',*,*,#781,.T.);
#781 = EDGE_CURVE('',#774,#782,#784,.T.);
#782 = VERTEX_POINT('',#783);
#783 = CARTESIAN_POINT('',(-6.990754216993,-1.497702510021,-3.));
#784 = CIRCLE('',#785,0.375000000002);
#785 = AXIS2_PLACEMENT_3D('',#786,#787,#788);
#786 = CARTESIAN_POINT('',(-6.674999999998,-1.7,-3.));
#787 = DIRECTION('',(0.,0.,-1.));
#788 = DIRECTION('',(-1.,-0.,-0.));
#789 = ORIENTED_EDGE('',*,*,#790,.T.);
#790 = EDGE_CURVE('',#782,#791,#793,.T.);
#791 = VERTEX_POINT('',#792);
#792 = CARTESIAN_POINT('',(-6.394748594337,-0.567432496658,-3.));
#793 = LINE('',#794,#795);
#794 = CARTESIAN_POINT('',(-6.990754216993,-1.497702510021,-3.));
#795 = VECTOR('',#796,1.);
#796 = DIRECTION('',(0.539459973274,0.842011245314,0.));
#797 = ORIENTED_EDGE('',*,*,#798,.F.);
#798 = EDGE_CURVE('',#799,#791,#801,.T.);
#799 = VERTEX_POINT('',#800);
#800 = CARTESIAN_POINT('',(-6.375000000002,-0.5,-3.));
#801 = CIRCLE('',#802,0.124999999998);
#802 = AXIS2_PLACEMENT_3D('',#803,#804,#805);
#803 = CARTESIAN_POINT('',(-6.5,-0.5,-3.));
#804 = DIRECTION('',(0.,0.,-1.));
#805 = DIRECTION('',(-1.,-0.,-0.));
#806 = ORIENTED_EDGE('',*,*,#807,.T.);
#807 = EDGE_CURVE('',#799,#808,#810,.T.);
#808 = VERTEX_POINT('',#809);
#809 = CARTESIAN_POINT('',(-6.375000000002,0.875000000002,-3.));
#810 = LINE('',#811,#812);
#811 = CARTESIAN_POINT('',(-6.375000000002,-0.5,-3.));
#812 = VECTOR('',#813,1.);
#813 = DIRECTION('',(0.,1.,0.));
#814 = ORIENTED_EDGE('',*,*,#815,.T.);
#815 = EDGE_CURVE('',#808,#816,#818,.T.);
#816 = VERTEX_POINT('',#817);
#817 = CARTESIAN_POINT('',(-6.,1.250000000004,-3.));
#818 = CIRCLE('',#819,0.375000000002);
#819 = AXIS2_PLACEMENT_3D('',#820,#821,#822);
#820 = CARTESIAN_POINT('',(-6.,0.875000000002,-3.));
#821 = DIRECTION('',(0.,0.,-1.));
#822 = DIRECTION('',(-1.,-0.,-0.));
#823 = ORIENTED_EDGE('',*,*,#824,.T.);
#824 = EDGE_CURVE('',#816,#825,#827,.T.);
#825 = VERTEX_POINT('',#826);
#826 = CARTESIAN_POINT('',(-6.,1.,-3.));
#827 = LINE('',#828,#829);
#828 = CARTESIAN_POINT('',(-6.,1.250000000004,-3.));
#829 = VECTOR('',#830,1.);
#830 = DIRECTION('',(-0.,-1.,-0.));
#831 = ORIENTED_EDGE('',*,*,#832,.F.);
#832 = EDGE_CURVE('',#833,#825,#835,.T.);
#833 = VERTEX_POINT('',#834);
#834 = CARTESIAN_POINT('',(-6.124999999998,0.875000000002,-3.));
#835 = CIRCLE('',#836,0.124999999998);
#836 = AXIS2_PLACEMENT_3D('',#837,#838,#839);
#837 = CARTESIAN_POINT('',(-6.,0.875000000002,-3.));
#838 = DIRECTION('',(0.,0.,-1.));
#839 = DIRECTION('',(-1.,-0.,-0.));
#840 = ORIENTED_EDGE('',*,*,#841,.F.);
#841 = EDGE_CURVE('',#842,#833,#844,.T.);
#842 = VERTEX_POINT('',#843);
#843 = CARTESIAN_POINT('',(-6.124999999998,-0.5,-3.));
#844 = LINE('',#845,#846);
#845 = CARTESIAN_POINT('',(-6.124999999998,-0.5,-3.));
#846 = VECTOR('',#847,1.);
#847 = DIRECTION('',(0.,1.,0.));
#848 = ORIENTED_EDGE('',*,*,#849,.T.);
#849 = EDGE_CURVE('',#842,#850,#852,.T.);
#850 = VERTEX_POINT('',#851);
#851 = CARTESIAN_POINT('',(-6.184245783005,-0.702297489979,-3.));
#852 = CIRCLE('',#853,0.375000000002);
#853 = AXIS2_PLACEMENT_3D('',#854,#855,#856);
#854 = CARTESIAN_POINT('',(-6.5,-0.5,-3.));
#855 = DIRECTION('',(0.,0.,-1.));
#856 = DIRECTION('',(-1.,-0.,-0.));
#857 = ORIENTED_EDGE('',*,*,#858,.F.);
#858 = EDGE_CURVE('',#859,#850,#861,.T.);
#859 = VERTEX_POINT('',#860);
#860 = CARTESIAN_POINT('',(-6.780251405661,-1.632567503342,-3.));
#861 = LINE('',#862,#863);
#862 = CARTESIAN_POINT('',(-6.780251405661,-1.632567503342,-3.));
#863 = VECTOR('',#864,1.);
#864 = DIRECTION('',(0.539459973273,0.842011245314,0.));
#865 = ORIENTED_EDGE('',*,*,#866,.F.);
#866 = EDGE_CURVE('',#663,#859,#867,.T.);
#867 = CIRCLE('',#868,0.124999999998);
#868 = AXIS2_PLACEMENT_3D('',#869,#870,#871);
#869 = CARTESIAN_POINT('',(-6.674999999998,-1.7,-3.));
#870 = DIRECTION('',(0.,0.,-1.));
#871 = DIRECTION('',(-1.,-0.,-0.));
#872 = PLANE('',#873);
#873 = AXIS2_PLACEMENT_3D('',#874,#875,#876);
#874 = CARTESIAN_POINT('',(-6.43167666887,-1.145024611515,-3.));
#875 = DIRECTION('',(0.,0.,1.));
#876 = DIRECTION('',(1.,0.,0.));
#877 = ADVANCED_FACE('',(#878),#982,.T.);
#878 = FACE_BOUND('',#879,.F.);
#879 = EDGE_LOOP('',(#880,#881,#882,#890,#899,#907,#916,#924,#933,#941,
    #950,#958,#967,#975));
#880 = ORIENTED_EDGE('',*,*,#654,.F.);
#881 = ORIENTED_EDGE('',*,*,#757,.T.);
#882 = ORIENTED_EDGE('',*,*,#883,.T.);
#883 = EDGE_CURVE('',#750,#884,#886,.T.);
#884 = VERTEX_POINT('',#885);
#885 = CARTESIAN_POINT('',(-7.014865420138,-1.858481848154,-2.));
#886 = LINE('',#887,#888);
#887 = CARTESIAN_POINT('',(-6.249412934933,-3.5,-2.));
#888 = VECTOR('',#889,1.);
#889 = DIRECTION('',(-0.42261826174,0.906307787037,0.));
#890 = ORIENTED_EDGE('',*,*,#891,.T.);
#891 = EDGE_CURVE('',#884,#892,#894,.T.);
#892 = VERTEX_POINT('',#893);
#893 = CARTESIAN_POINT('',(-6.990754216993,-1.497702510021,-2.));
#894 = CIRCLE('',#895,0.375000000002);
#895 = AXIS2_PLACEMENT_3D('',#896,#897,#898);
#896 = CARTESIAN_POINT('',(-6.674999999998,-1.7,-2.));
#897 = DIRECTION('',(0.,0.,-1.));
#898 = DIRECTION('',(-1.,-0.,-0.));
#899 = ORIENTED_EDGE('',*,*,#900,.T.);
#900 = EDGE_CURVE('',#892,#901,#903,.T.);
#901 = VERTEX_POINT('',#902);
#902 = CARTESIAN_POINT('',(-6.394748594337,-0.567432496658,-2.));
#903 = LINE('',#904,#905);
#904 = CARTESIAN_POINT('',(-6.990754216993,-1.497702510021,-2.));
#905 = VECTOR('',#906,1.);
#906 = DIRECTION('',(0.539459973274,0.842011245314,0.));
#907 = ORIENTED_EDGE('',*,*,#908,.F.);
#908 = EDGE_CURVE('',#909,#901,#911,.T.);
#909 = VERTEX_POINT('',#910);
#910 = CARTESIAN_POINT('',(-6.375000000002,-0.5,-2.));
#911 = CIRCLE('',#912,0.124999999998);
#912 = AXIS2_PLACEMENT_3D('',#913,#914,#915);
#913 = CARTESIAN_POINT('',(-6.5,-0.5,-2.));
#914 = DIRECTION('',(0.,0.,-1.));
#915 = DIRECTION('',(-1.,-0.,-0.));
#916 = ORIENTED_EDGE('',*,*,#917,.T.);
#917 = EDGE_CURVE('',#909,#918,#920,.T.);
#918 = VERTEX_POINT('',#919);
#919 = CARTESIAN_POINT('',(-6.375000000002,0.875000000002,-2.));
#920 = LINE('',#921,#922);
#921 = CARTESIAN_POINT('',(-6.375000000002,-0.5,-2.));
#922 = VECTOR('',#923,1.);
#923 = DIRECTION('',(0.,1.,0.));
#924 = ORIENTED_EDGE('',*,*,#925,.T.);
#925 = EDGE_CURVE('',#918,#926,#928,.T.);
#926 = VERTEX_POINT('',#927);
#927 = CARTESIAN_POINT('',(-6.,1.250000000004,-2.));
#928 = CIRCLE('',#929,0.375000000002);
#929 = AXIS2_PLACEMENT_3D('',#930,#931,#932);
#930 = CARTESIAN_POINT('',(-6.,0.875000000002,-2.));
#931 = DIRECTION('',(0.,0.,-1.));
#932 = DIRECTION('',(-1.,-0.,-0.));
#933 = ORIENTED_EDGE('',*,*,#934,.T.);
#934 = EDGE_CURVE('',#926,#935,#937,.T.);
#935 = VERTEX_POINT('',#936);
#936 = CARTESIAN_POINT('',(-6.,1.,-2.));
#937 = LINE('',#938,#939);
#938 = CARTESIAN_POINT('',(-6.,1.250000000004,-2.));
#939 = VECTOR('',#940,1.);
#940 = DIRECTION('',(-0.,-1.,-0.));
#941 = ORIENTED_EDGE('',*,*,#942,.F.);
#942 = EDGE_CURVE('',#943,#935,#945,.T.);
#943 = VERTEX_POINT('',#944);
#944 = CARTESIAN_POINT('',(-6.124999999998,0.875000000002,-2.));
#945 = CIRCLE('',#946,0.124999999998);
#946 = AXIS2_PLACEMENT_3D('',#947,#948,#949);
#947 = CARTESIAN_POINT('',(-6.,0.875000000002,-2.));
#948 = DIRECTION('',(0.,0.,-1.));
#949 = DIRECTION('',(-1.,-0.,-0.));
#950 = ORIENTED_EDGE('',*,*,#951,.F.);
#951 = EDGE_CURVE('',#952,#943,#954,.T.);
#952 = VERTEX_POINT('',#953);
#953 = CARTESIAN_POINT('',(-6.124999999998,-0.5,-2.));
#954 = LINE('',#955,#956);
#955 = CARTESIAN_POINT('',(-6.124999999998,-0.5,-2.));
#956 = VECTOR('',#957,1.);
#957 = DIRECTION('',(0.,1.,0.));
#958 = ORIENTED_EDGE('',*,*,#959,.T.);
#959 = EDGE_CURVE('',#952,#960,#962,.T.);
#960 = VERTEX_POINT('',#961);
#961 = CARTESIAN_POINT('',(-6.184245783005,-0.702297489979,-2.));
#962 = CIRCLE('',#963,0.375000000002);
#963 = AXIS2_PLACEMENT_3D('',#964,#965,#966);
#964 = CARTESIAN_POINT('',(-6.5,-0.5,-2.));
#965 = DIRECTION('',(0.,0.,-1.));
#966 = DIRECTION('',(-1.,-0.,-0.));
#967 = ORIENTED_EDGE('',*,*,#968,.F.);
#968 = EDGE_CURVE('',#969,#960,#971,.T.);
#969 = VERTEX_POINT('',#970);
#970 = CARTESIAN_POINT('',(-6.780251405661,-1.632567503342,-2.));
#971 = LINE('',#972,#973);
#972 = CARTESIAN_POINT('',(-6.780251405661,-1.632567503342,-2.));
#973 = VECTOR('',#974,1.);
#974 = DIRECTION('',(0.539459973273,0.842011245314,0.));
#975 = ORIENTED_EDGE('',*,*,#976,.F.);
#976 = EDGE_CURVE('',#655,#969,#977,.T.);
#977 = CIRCLE('',#978,0.124999999998);
#978 = AXIS2_PLACEMENT_3D('',#979,#980,#981);
#979 = CARTESIAN_POINT('',(-6.674999999998,-1.7,-2.));
#980 = DIRECTION('',(0.,0.,-1.));
#981 = DIRECTION('',(-1.,-0.,-0.));
#982 = PLANE('',#983);
#983 = AXIS2_PLACEMENT_3D('',#984,#985,#986);
#984 = CARTESIAN_POINT('',(-6.43167666887,-1.145024611515,-2.));
#985 = DIRECTION('',(0.,0.,1.));
#986 = DIRECTION('',(1.,0.,0.));
#987 = ADVANCED_FACE('',(#988),#999,.F.);
#988 = FACE_BOUND('',#989,.F.);
#989 = EDGE_LOOP('',(#990,#991,#992,#998));
#990 = ORIENTED_EDGE('',*,*,#662,.T.);
#991 = ORIENTED_EDGE('',*,*,#976,.T.);
#992 = ORIENTED_EDGE('',*,*,#993,.F.);
#993 = EDGE_CURVE('',#859,#969,#994,.T.);
#994 = LINE('',#995,#996);
#995 = CARTESIAN_POINT('',(-6.780251405661,-1.632567503342,-3.));
#996 = VECTOR('',#997,1.);
#997 = DIRECTION('',(0.,0.,1.));
#998 = ORIENTED_EDGE('',*,*,#866,.F.);
#999 = CYLINDRICAL_SURFACE('',#1000,0.124999999998);
#1000 = AXIS2_PLACEMENT_3D('',#1001,#1002,#1003);
#1001 = CARTESIAN_POINT('',(-6.674999999998,-1.7,-3.));
#1002 = DIRECTION('',(0.,0.,-1.));
#1003 = DIRECTION('',(-1.,-0.,-0.));
#1004 = ADVANCED_FACE('',(#1005),#1018,.F.);
#1005 = FACE_BOUND('',#1006,.T.);
#1006 = EDGE_LOOP('',(#1007,#1008,#1009,#1010,#1016,#1017));
#1007 = ORIENTED_EDGE('',*,*,#701,.T.);
#1008 = ORIENTED_EDGE('',*,*,#749,.T.);
#1009 = ORIENTED_EDGE('',*,*,#883,.T.);
#1010 = ORIENTED_EDGE('',*,*,#1011,.F.);
#1011 = EDGE_CURVE('',#774,#884,#1012,.T.);
#1012 = LINE('',#1013,#1014);
#1013 = CARTESIAN_POINT('',(-7.014865420138,-1.858481848154,-3.));
#1014 = VECTOR('',#1015,1.);
#1015 = DIRECTION('',(0.,0.,1.));
#1016 = ORIENTED_EDGE('',*,*,#773,.F.);
#1017 = ORIENTED_EDGE('',*,*,#725,.F.);
#1018 = PLANE('',#1019);
#1019 = AXIS2_PLACEMENT_3D('',#1020,#1021,#1022);
#1020 = CARTESIAN_POINT('',(-6.249412934933,-3.5,-3.));
#1021 = DIRECTION('',(0.906307787037,0.42261826174,0.));
#1022 = DIRECTION('',(0.42261826174,-0.906307787037,0.));
#1023 = ADVANCED_FACE('',(#1024),#1035,.T.);
#1024 = FACE_BOUND('',#1025,.F.);
#1025 = EDGE_LOOP('',(#1026,#1027,#1028,#1034));
#1026 = ORIENTED_EDGE('',*,*,#993,.T.);
#1027 = ORIENTED_EDGE('',*,*,#968,.T.);
#1028 = ORIENTED_EDGE('',*,*,#1029,.F.);
#1029 = EDGE_CURVE('',#850,#960,#1030,.T.);
#1030 = LINE('',#1031,#1032);
#1031 = CARTESIAN_POINT('',(-6.184245783005,-0.702297489979,-3.));
#1032 = VECTOR('',#1033,1.);
#1033 = DIRECTION('',(0.,0.,1.));
#1034 = ORIENTED_EDGE('',*,*,#858,.F.);
#1035 = PLANE('',#1036);
#1036 = AXIS2_PLACEMENT_3D('',#1037,#1038,#1039);
#1037 = CARTESIAN_POINT('',(-6.780251405661,-1.632567503342,-3.));
#1038 = DIRECTION('',(0.842011245314,-0.539459973273,0.));
#1039 = DIRECTION('',(-0.539459973273,-0.842011245314,0.));
#1040 = ADVANCED_FACE('',(#1041),#1052,.T.);
#1041 = FACE_BOUND('',#1042,.T.);
#1042 = EDGE_LOOP('',(#1043,#1044,#1045,#1051));
#1043 = ORIENTED_EDGE('',*,*,#1011,.T.);
#1044 = ORIENTED_EDGE('',*,*,#891,.T.);
#1045 = ORIENTED_EDGE('',*,*,#1046,.F.);
#1046 = EDGE_CURVE('',#782,#892,#1047,.T.);
#1047 = LINE('',#1048,#1049);
#1048 = CARTESIAN_POINT('',(-6.990754216993,-1.497702510021,-3.));
#1049 = VECTOR('',#1050,1.);
#1050 = DIRECTION('',(0.,0.,1.));
#1051 = ORIENTED_EDGE('',*,*,#781,.F.);
#1052 = CYLINDRICAL_SURFACE('',#1053,0.375000000002);
#1053 = AXIS2_PLACEMENT_3D('',#1054,#1055,#1056);
#1054 = CARTESIAN_POINT('',(-6.674999999998,-1.7,-3.));
#1055 = DIRECTION('',(0.,0.,-1.));
#1056 = DIRECTION('',(-1.,-0.,-0.));
#1057 = ADVANCED_FACE('',(#1058),#1069,.T.);
#1058 = FACE_BOUND('',#1059,.T.);
#1059 = EDGE_LOOP('',(#1060,#1066,#1067,#1068));
#1060 = ORIENTED_EDGE('',*,*,#1061,.T.);
#1061 = EDGE_CURVE('',#842,#952,#1062,.T.);
#1062 = LINE('',#1063,#1064);
#1063 = CARTESIAN_POINT('',(-6.124999999998,-0.5,-3.));
#1064 = VECTOR('',#1065,1.);
#1065 = DIRECTION('',(0.,0.,1.));
#1066 = ORIENTED_EDGE('',*,*,#959,.T.);
#1067 = ORIENTED_EDGE('',*,*,#1029,.F.);
#1068 = ORIENTED_EDGE('',*,*,#849,.F.);
#1069 = CYLINDRICAL_SURFACE('',#1070,0.375000000002);
#1070 = AXIS2_PLACEMENT_3D('',#1071,#1072,#1073);
#1071 = CARTESIAN_POINT('',(-6.5,-0.5,-3.));
#1072 = DIRECTION('',(0.,0.,-1.));
#1073 = DIRECTION('',(-1.,-0.,-0.));
#1074 = ADVANCED_FACE('',(#1075),#1086,.F.);
#1075 = FACE_BOUND('',#1076,.T.);
#1076 = EDGE_LOOP('',(#1077,#1078,#1079,#1085));
#1077 = ORIENTED_EDGE('',*,*,#1046,.T.);
#1078 = ORIENTED_EDGE('',*,*,#900,.T.);
#1079 = ORIENTED_EDGE('',*,*,#1080,.F.);
#1080 = EDGE_CURVE('',#791,#901,#1081,.T.);
#1081 = LINE('',#1082,#1083);
#1082 = CARTESIAN_POINT('',(-6.394748594337,-0.567432496658,-3.));
#1083 = VECTOR('',#1084,1.);
#1084 = DIRECTION('',(0.,0.,1.));
#1085 = ORIENTED_EDGE('',*,*,#790,.F.);
#1086 = PLANE('',#1087);
#1087 = AXIS2_PLACEMENT_3D('',#1088,#1089,#1090);
#1088 = CARTESIAN_POINT('',(-6.990754216993,-1.497702510021,-3.));
#1089 = DIRECTION('',(0.842011245314,-0.539459973274,0.));
#1090 = DIRECTION('',(-0.539459973274,-0.842011245314,0.));
#1091 = ADVANCED_FACE('',(#1092),#1103,.T.);
#1092 = FACE_BOUND('',#1093,.F.);
#1093 = EDGE_LOOP('',(#1094,#1095,#1096,#1102));
#1094 = ORIENTED_EDGE('',*,*,#1061,.T.);
#1095 = ORIENTED_EDGE('',*,*,#951,.T.);
#1096 = ORIENTED_EDGE('',*,*,#1097,.F.);
#1097 = EDGE_CURVE('',#833,#943,#1098,.T.);
#1098 = LINE('',#1099,#1100);
#1099 = CARTESIAN_POINT('',(-6.124999999998,0.875000000002,-3.));
#1100 = VECTOR('',#1101,1.);
#1101 = DIRECTION('',(0.,0.,1.));
#1102 = ORIENTED_EDGE('',*,*,#841,.F.);
#1103 = PLANE('',#1104);
#1104 = AXIS2_PLACEMENT_3D('',#1105,#1106,#1107);
#1105 = CARTESIAN_POINT('',(-6.124999999998,-0.5,-3.));
#1106 = DIRECTION('',(1.,0.,0.));
#1107 = DIRECTION('',(0.,-1.,0.));
#1108 = ADVANCED_FACE('',(#1109),#1120,.F.);
#1109 = FACE_BOUND('',#1110,.F.);
#1110 = EDGE_LOOP('',(#1111,#1117,#1118,#1119));
#1111 = ORIENTED_EDGE('',*,*,#1112,.T.);
#1112 = EDGE_CURVE('',#799,#909,#1113,.T.);
#1113 = LINE('',#1114,#1115);
#1114 = CARTESIAN_POINT('',(-6.375000000002,-0.5,-3.));
#1115 = VECTOR('',#1116,1.);
#1116 = DIRECTION('',(0.,0.,1.));
#1117 = ORIENTED_EDGE('',*,*,#908,.T.);
#1118 = ORIENTED_EDGE('',*,*,#1080,.F.);
#1119 = ORIENTED_EDGE('',*,*,#798,.F.);
#1120 = CYLINDRICAL_SURFACE('',#1121,0.124999999998);
#1121 = AXIS2_PLACEMENT_3D('',#1122,#1123,#1124);
#1122 = CARTESIAN_POINT('',(-6.5,-0.5,-3.));
#1123 = DIRECTION('',(0.,0.,-1.));
#1124 = DIRECTION('',(-1.,-0.,-0.));
#1125 = ADVANCED_FACE('',(#1126),#1137,.F.);
#1126 = FACE_BOUND('',#1127,.F.);
#1127 = EDGE_LOOP('',(#1128,#1129,#1130,#1136));
#1128 = ORIENTED_EDGE('',*,*,#1097,.T.);
#1129 = ORIENTED_EDGE('',*,*,#942,.T.);
#1130 = ORIENTED_EDGE('',*,*,#1131,.F.);
#1131 = EDGE_CURVE('',#825,#935,#1132,.T.);
#1132 = LINE('',#1133,#1134);
#1133 = CARTESIAN_POINT('',(-6.,1.,-3.));
#1134 = VECTOR('',#1135,1.);
#1135 = DIRECTION('',(0.,0.,1.));
#1136 = ORIENTED_EDGE('',*,*,#832,.F.);
#1137 = CYLINDRICAL_SURFACE('',#1138,0.124999999998);
#1138 = AXIS2_PLACEMENT_3D('',#1139,#1140,#1141);
#1139 = CARTESIAN_POINT('',(-6.,0.875000000002,-3.));
#1140 = DIRECTION('',(0.,0.,-1.));
#1141 = DIRECTION('',(-1.,-0.,-0.));
#1142 = ADVANCED_FACE('',(#1143),#1154,.F.);
#1143 = FACE_BOUND('',#1144,.T.);
#1144 = EDGE_LOOP('',(#1145,#1146,#1147,#1153));
#1145 = ORIENTED_EDGE('',*,*,#1112,.T.);
#1146 = ORIENTED_EDGE('',*,*,#917,.T.);
#1147 = ORIENTED_EDGE('',*,*,#1148,.F.);
#1148 = EDGE_CURVE('',#808,#918,#1149,.T.);
#1149 = LINE('',#1150,#1151);
#1150 = CARTESIAN_POINT('',(-6.375000000002,0.875000000002,-3.));
#1151 = VECTOR('',#1152,1.);
#1152 = DIRECTION('',(0.,0.,1.));
#1153 = ORIENTED_EDGE('',*,*,#807,.F.);
#1154 = PLANE('',#1155);
#1155 = AXIS2_PLACEMENT_3D('',#1156,#1157,#1158);
#1156 = CARTESIAN_POINT('',(-6.375000000002,-0.5,-3.));
#1157 = DIRECTION('',(1.,0.,0.));
#1158 = DIRECTION('',(0.,-1.,0.));
#1159 = ADVANCED_FACE('',(#1160),#1171,.F.);
#1160 = FACE_BOUND('',#1161,.T.);
#1161 = EDGE_LOOP('',(#1162,#1168,#1169,#1170));
#1162 = ORIENTED_EDGE('',*,*,#1163,.T.);
#1163 = EDGE_CURVE('',#816,#926,#1164,.T.);
#1164 = LINE('',#1165,#1166);
#1165 = CARTESIAN_POINT('',(-6.,1.250000000004,-3.));
#1166 = VECTOR('',#1167,1.);
#1167 = DIRECTION('',(0.,0.,1.));
#1168 = ORIENTED_EDGE('',*,*,#934,.T.);
#1169 = ORIENTED_EDGE('',*,*,#1131,.F.);
#1170 = ORIENTED_EDGE('',*,*,#824,.F.);
#1171 = PLANE('',#1172);
#1172 = AXIS2_PLACEMENT_3D('',#1173,#1174,#1175);
#1173 = CARTESIAN_POINT('',(-6.,1.250000000004,-3.));
#1174 = DIRECTION('',(-1.,-0.,-0.));
#1175 = DIRECTION('',(0.,1.,0.));
#1176 = ADVANCED_FACE('',(#1177),#1183,.T.);
#1177 = FACE_BOUND('',#1178,.T.);
#1178 = EDGE_LOOP('',(#1179,#1180,#1181,#1182));
#1179 = ORIENTED_EDGE('',*,*,#1148,.T.);
#1180 = ORIENTED_EDGE('',*,*,#925,.T.);
#1181 = ORIENTED_EDGE('',*,*,#1163,.F.);
#1182 = ORIENTED_EDGE('',*,*,#815,.F.);
#1183 = CYLINDRICAL_SURFACE('',#1184,0.375000000002);
#1184 = AXIS2_PLACEMENT_3D('',#1185,#1186,#1187);
#1185 = CARTESIAN_POINT('',(-6.,0.875000000002,-3.));
#1186 = DIRECTION('',(0.,0.,-1.));
#1187 = DIRECTION('',(-1.,-0.,-0.));
#1188 = ( GEOMETRIC_REPRESENTATION_CONTEXT(3) 
GLOBAL_UNCERTAINTY_ASSIGNED_CONTEXT((#1192)) 
GLOBAL_UNIT_ASSIGNED_CONTEXT((#1189,#1190,#1191)) REPRESENTATION_CONTEXT
('Context #1','3D Context with UNIT and UNCERTAINTY') );
#1189 = ( LENGTH_UNIT() NAMED_UNIT(*) SI_UNIT(.MILLI.,.METRE.) );
#1190 = ( NAMED_UNIT(*) PLANE_ANGLE_UNIT() SI_UNIT($,.RADIAN.) );
#1191 = ( NAMED_UNIT(*) SI_UNIT($,.STERADIAN.) SOLID_ANGLE_UNIT() );
#1192 = UNCERTAINTY_MEASURE_WITH_UNIT(LENGTH_MEASURE(1.E-07),#1189,
  'distance_accuracy_value','confusion accuracy');
#1193 = CONTEXT_DEPENDENT_SHAPE_REPRESENTATION(#1194,#1196);
#1194 = ( REPRESENTATION_RELATIONSHIP('','',#629,#10) 
REPRESENTATION_RELATIONSHIP_WITH_TRANSFORMATION(#1195) 
SHAPE_REPRESENTATION_RELATIONSHIP() );
#1195 = ITEM_DEFINED_TRANSFORMATION('','',#11,#19);
#1196 = PRODUCT_DEFINITION_SHAPE('Placement','Placement of an item',
  #1197);
#1197 = NEXT_ASSEMBLY_USAGE_OCCURRENCE('2','Body003 (Mirror #2)','',#5,
  #624,$);
#1198 = PRODUCT_RELATED_PRODUCT_CATEGORY('part',$,(#626));
#1199 = SHAPE_DEFINITION_REPRESENTATION(#1200,#1206);
#1200 = PRODUCT_DEFINITION_SHAPE('','',#1201);
#1201 = PRODUCT_DEFINITION('design','',#1202,#1205);
#1202 = PRODUCT_DEFINITION_FORMATION('','',#1203);
#1203 = PRODUCT('Body002','Body002','',(#1204));
#1204 = PRODUCT_CONTEXT('',#2,'mechanical');
#1205 = PRODUCT_DEFINITION_CONTEXT('part definition',#2,'design');
#1206 = ADVANCED_BREP_SHAPE_REPRESENTATION('',(#11,#1207),#1765);
#1207 = MANIFOLD_SOLID_BREP('',#1208);
#1208 = CLOSED_SHELL('',(#1209,#1265,#1296,#1320,#1344,#1454,#1564,#1581
    ,#1600,#1617,#1634,#1651,#1668,#1685,#1702,#1719,#1736,#1753));
#1209 = ADVANCED_FACE('',(#1210),#1260,.T.);
#1210 = FACE_BOUND('',#1211,.T.);
#1211 = EDGE_LOOP('',(#1212,#1222,#1230,#1238,#1246,#1254));
#1212 = ORIENTED_EDGE('',*,*,#1213,.T.);
#1213 = EDGE_CURVE('',#1214,#1216,#1218,.T.);
#1214 = VERTEX_POINT('',#1215);
#1215 = CARTESIAN_POINT('',(6.022835988174,-3.394345434565,-0.25));
#1216 = VERTEX_POINT('',#1217);
#1217 = CARTESIAN_POINT('',(6.022835988174,-3.394345434565,0.25));
#1218 = LINE('',#1219,#1220);
#1219 = CARTESIAN_POINT('',(6.022835988174,-3.394345434565,-0.5));
#1220 = VECTOR('',#1221,1.);
#1221 = DIRECTION('',(0.,0.,1.));
#1222 = ORIENTED_EDGE('',*,*,#1223,.T.);
#1223 = EDGE_CURVE('',#1216,#1224,#1226,.T.);
#1224 = VERTEX_POINT('',#1225);
#1225 = CARTESIAN_POINT('',(6.313119520967,-2.771830389575,0.5));
#1226 = LINE('',#1227,#1228);
#1227 = CARTESIAN_POINT('',(6.044471787196,-3.347947313831,
    0.268633333085));
#1228 = VECTOR('',#1229,1.);
#1229 = DIRECTION('',(0.397131261964,0.85165073964,0.342020143326));
#1230 = ORIENTED_EDGE('',*,*,#1231,.T.);
#1231 = EDGE_CURVE('',#1224,#1232,#1234,.T.);
#1232 = VERTEX_POINT('',#1233);
#1233 = CARTESIAN_POINT('',(6.788288473375,-1.752827282718,0.5));
#1234 = LINE('',#1235,#1236);
#1235 = CARTESIAN_POINT('',(6.022835988174,-3.394345434565,0.5));
#1236 = VECTOR('',#1237,1.);
#1237 = DIRECTION('',(0.422618261738,0.906307787038,0.));
#1238 = ORIENTED_EDGE('',*,*,#1239,.F.);
#1239 = EDGE_CURVE('',#1240,#1232,#1242,.T.);
#1240 = VERTEX_POINT('',#1241);
#1241 = CARTESIAN_POINT('',(6.788288473375,-1.752827282718,-0.5));
#1242 = LINE('',#1243,#1244);
#1243 = CARTESIAN_POINT('',(6.788288473375,-1.752827282718,-0.5));
#1244 = VECTOR('',#1245,1.);
#1245 = DIRECTION('',(0.,0.,1.));
#1246 = ORIENTED_EDGE('',*,*,#1247,.F.);
#1247 = EDGE_CURVE('',#1248,#1240,#1250,.T.);
#1248 = VERTEX_POINT('',#1249);
#1249 = CARTESIAN_POINT('',(6.313119520967,-2.771830389575,-0.5));
#1250 = LINE('',#1251,#1252);
#1251 = CARTESIAN_POINT('',(6.022835988174,-3.394345434565,-0.5));
#1252 = VECTOR('',#1253,1.);
#1253 = DIRECTION('',(0.422618261738,0.906307787038,0.));
#1254 = ORIENTED_EDGE('',*,*,#1255,.F.);
#1255 = EDGE_CURVE('',#1214,#1248,#1256,.T.);
#1256 = LINE('',#1257,#1258);
#1257 = CARTESIAN_POINT('',(6.112385232764,-3.202306459813,
    -0.327122222305));
#1258 = VECTOR('',#1259,1.);
#1259 = DIRECTION('',(0.397131261964,0.85165073964,-0.342020143326));
#1260 = PLANE('',#1261);
#1261 = AXIS2_PLACEMENT_3D('',#1262,#1263,#1264);
#1262 = CARTESIAN_POINT('',(6.022835988174,-3.394345434565,-0.5));
#1263 = DIRECTION('',(-0.906307787038,0.422618261738,0.));
#1264 = DIRECTION('',(0.422618261738,0.906307787038,0.));
#1265 = ADVANCED_FACE('',(#1266),#1291,.F.);
#1266 = FACE_BOUND('',#1267,.F.);
#1267 = EDGE_LOOP('',(#1268,#1269,#1277,#1285));
#1268 = ORIENTED_EDGE('',*,*,#1213,.T.);
#1269 = ORIENTED_EDGE('',*,*,#1270,.T.);
#1270 = EDGE_CURVE('',#1216,#1271,#1273,.T.);
#1271 = VERTEX_POINT('',#1272);
#1272 = CARTESIAN_POINT('',(6.249412934933,-3.5,0.25));
#1273 = LINE('',#1274,#1275);
#1274 = CARTESIAN_POINT('',(6.022835988174,-3.394345434565,0.25));
#1275 = VECTOR('',#1276,1.);
#1276 = DIRECTION('',(0.906307787038,-0.422618261738,0.));
#1277 = ORIENTED_EDGE('',*,*,#1278,.F.);
#1278 = EDGE_CURVE('',#1279,#1271,#1281,.T.);
#1279 = VERTEX_POINT('',#1280);
#1280 = CARTESIAN_POINT('',(6.249412934933,-3.5,-0.25));
#1281 = LINE('',#1282,#1283);
#1282 = CARTESIAN_POINT('',(6.249412934933,-3.5,-0.5));
#1283 = VECTOR('',#1284,1.);
#1284 = DIRECTION('',(0.,0.,1.));
#1285 = ORIENTED_EDGE('',*,*,#1286,.F.);
#1286 = EDGE_CURVE('',#1214,#1279,#1287,.T.);
#1287 = LINE('',#1288,#1289);
#1288 = CARTESIAN_POINT('',(6.022835988174,-3.394345434565,-0.25));
#1289 = VECTOR('',#1290,1.);
#1290 = DIRECTION('',(0.906307787038,-0.422618261738,0.));
#1291 = PLANE('',#1292);
#1292 = AXIS2_PLACEMENT_3D('',#1293,#1294,#1295);
#1293 = CARTESIAN_POINT('',(6.022835988174,-3.394345434565,-0.5));
#1294 = DIRECTION('',(0.422618261738,0.906307787038,0.));
#1295 = DIRECTION('',(0.906307787038,-0.422618261738,0.));
#1296 = ADVANCED_FACE('',(#1297),#1315,.T.);
#1297 = FACE_BOUND('',#1298,.F.);
#1298 = EDGE_LOOP('',(#1299,#1300,#1301,#1309));
#1299 = ORIENTED_EDGE('',*,*,#1255,.F.);
#1300 = ORIENTED_EDGE('',*,*,#1286,.T.);
#1301 = ORIENTED_EDGE('',*,*,#1302,.T.);
#1302 = EDGE_CURVE('',#1279,#1303,#1305,.T.);
#1303 = VERTEX_POINT('',#1304);
#1304 = CARTESIAN_POINT('',(6.539696467728,-2.87748495501,-0.5));
#1305 = LINE('',#1306,#1307);
#1306 = CARTESIAN_POINT('',(6.338962179524,-3.307961025248,
    -0.327122222305));
#1307 = VECTOR('',#1308,1.);
#1308 = DIRECTION('',(0.397131261967,0.851650739639,-0.342020143326));
#1309 = ORIENTED_EDGE('',*,*,#1310,.F.);
#1310 = EDGE_CURVE('',#1248,#1303,#1311,.T.);
#1311 = LINE('',#1312,#1313);
#1312 = CARTESIAN_POINT('',(6.313119520967,-2.771830389575,-0.5));
#1313 = VECTOR('',#1314,1.);
#1314 = DIRECTION('',(0.906307787038,-0.422618261738,0.));
#1315 = PLANE('',#1316);
#1316 = AXIS2_PLACEMENT_3D('',#1317,#1318,#1319);
#1317 = CARTESIAN_POINT('',(6.16797775457,-3.08308791207,-0.375));
#1318 = DIRECTION('',(-0.144543958452,-0.30997551922,-0.939692620786));
#1319 = DIRECTION('',(-0.906307787038,0.422618261738,1.387778780781E-17)
  );
#1320 = ADVANCED_FACE('',(#1321),#1339,.F.);
#1321 = FACE_BOUND('',#1322,.T.);
#1322 = EDGE_LOOP('',(#1323,#1324,#1325,#1333));
#1323 = ORIENTED_EDGE('',*,*,#1223,.F.);
#1324 = ORIENTED_EDGE('',*,*,#1270,.T.);
#1325 = ORIENTED_EDGE('',*,*,#1326,.T.);
#1326 = EDGE_CURVE('',#1271,#1327,#1329,.T.);
#1327 = VERTEX_POINT('',#1328);
#1328 = CARTESIAN_POINT('',(6.539696467728,-2.87748495501,0.5));
#1329 = LINE('',#1330,#1331);
#1330 = CARTESIAN_POINT('',(6.271048733956,-3.453601879266,
    0.268633333085));
#1331 = VECTOR('',#1332,1.);
#1332 = DIRECTION('',(0.397131261967,0.851650739639,0.342020143326));
#1333 = ORIENTED_EDGE('',*,*,#1334,.F.);
#1334 = EDGE_CURVE('',#1224,#1327,#1335,.T.);
#1335 = LINE('',#1336,#1337);
#1336 = CARTESIAN_POINT('',(6.313119520967,-2.771830389575,0.5));
#1337 = VECTOR('',#1338,1.);
#1338 = DIRECTION('',(0.906307787038,-0.422618261738,0.));
#1339 = PLANE('',#1340);
#1340 = AXIS2_PLACEMENT_3D('',#1341,#1342,#1343);
#1341 = CARTESIAN_POINT('',(6.16797775457,-3.08308791207,0.375));
#1342 = DIRECTION('',(0.144543958452,0.30997551922,-0.939692620786));
#1343 = DIRECTION('',(-0.906307787038,0.422618261738,-1.387778780781E-17
    ));
#1344 = ADVANCED_FACE('',(#1345),#1449,.F.);
#1345 = FACE_BOUND('',#1346,.F.);
#1346 = EDGE_LOOP('',(#1347,#1348,#1349,#1357,#1366,#1374,#1383,#1391,
    #1400,#1408,#1417,#1425,#1434,#1442));
#1347 = ORIENTED_EDGE('',*,*,#1247,.F.);
#1348 = ORIENTED_EDGE('',*,*,#1310,.T.);
#1349 = ORIENTED_EDGE('',*,*,#1350,.T.);
#1350 = EDGE_CURVE('',#1303,#1351,#1353,.T.);
#1351 = VERTEX_POINT('',#1352);
#1352 = CARTESIAN_POINT('',(7.014865420138,-1.858481848154,-0.5));
#1353 = LINE('',#1354,#1355);
#1354 = CARTESIAN_POINT('',(6.249412934933,-3.5,-0.5));
#1355 = VECTOR('',#1356,1.);
#1356 = DIRECTION('',(0.42261826174,0.906307787037,0.));
#1357 = ORIENTED_EDGE('',*,*,#1358,.T.);
#1358 = EDGE_CURVE('',#1351,#1359,#1361,.T.);
#1359 = VERTEX_POINT('',#1360);
#1360 = CARTESIAN_POINT('',(6.990754216993,-1.497702510021,-0.5));
#1361 = CIRCLE('',#1362,0.375000000002);
#1362 = AXIS2_PLACEMENT_3D('',#1363,#1364,#1365);
#1363 = CARTESIAN_POINT('',(6.674999999998,-1.7,-0.5));
#1364 = DIRECTION('',(0.,0.,1.));
#1365 = DIRECTION('',(1.,0.,0.));
#1366 = ORIENTED_EDGE('',*,*,#1367,.T.);
#1367 = EDGE_CURVE('',#1359,#1368,#1370,.T.);
#1368 = VERTEX_POINT('',#1369);
#1369 = CARTESIAN_POINT('',(6.394748594337,-0.567432496658,-0.5));
#1370 = LINE('',#1371,#1372);
#1371 = CARTESIAN_POINT('',(6.990754216993,-1.497702510021,-0.5));
#1372 = VECTOR('',#1373,1.);
#1373 = DIRECTION('',(-0.539459973274,0.842011245314,0.));
#1374 = ORIENTED_EDGE('',*,*,#1375,.F.);
#1375 = EDGE_CURVE('',#1376,#1368,#1378,.T.);
#1376 = VERTEX_POINT('',#1377);
#1377 = CARTESIAN_POINT('',(6.375000000002,-0.5,-0.5));
#1378 = CIRCLE('',#1379,0.124999999998);
#1379 = AXIS2_PLACEMENT_3D('',#1380,#1381,#1382);
#1380 = CARTESIAN_POINT('',(6.5,-0.5,-0.5));
#1381 = DIRECTION('',(0.,0.,1.));
#1382 = DIRECTION('',(1.,0.,0.));
#1383 = ORIENTED_EDGE('',*,*,#1384,.T.);
#1384 = EDGE_CURVE('',#1376,#1385,#1387,.T.);
#1385 = VERTEX_POINT('',#1386);
#1386 = CARTESIAN_POINT('',(6.375000000002,0.875000000002,-0.5));
#1387 = LINE('',#1388,#1389);
#1388 = CARTESIAN_POINT('',(6.375000000002,-0.5,-0.5));
#1389 = VECTOR('',#1390,1.);
#1390 = DIRECTION('',(0.,1.,0.));
#1391 = ORIENTED_EDGE('',*,*,#1392,.T.);
#1392 = EDGE_CURVE('',#1385,#1393,#1395,.T.);
#1393 = VERTEX_POINT('',#1394);
#1394 = CARTESIAN_POINT('',(6.,1.250000000004,-0.5));
#1395 = CIRCLE('',#1396,0.375000000002);
#1396 = AXIS2_PLACEMENT_3D('',#1397,#1398,#1399);
#1397 = CARTESIAN_POINT('',(6.,0.875000000002,-0.5));
#1398 = DIRECTION('',(0.,0.,1.));
#1399 = DIRECTION('',(1.,0.,0.));
#1400 = ORIENTED_EDGE('',*,*,#1401,.T.);
#1401 = EDGE_CURVE('',#1393,#1402,#1404,.T.);
#1402 = VERTEX_POINT('',#1403);
#1403 = CARTESIAN_POINT('',(6.,1.,-0.5));
#1404 = LINE('',#1405,#1406);
#1405 = CARTESIAN_POINT('',(6.,1.250000000004,-0.5));
#1406 = VECTOR('',#1407,1.);
#1407 = DIRECTION('',(0.,-1.,0.));
#1408 = ORIENTED_EDGE('',*,*,#1409,.F.);
#1409 = EDGE_CURVE('',#1410,#1402,#1412,.T.);
#1410 = VERTEX_POINT('',#1411);
#1411 = CARTESIAN_POINT('',(6.124999999998,0.875000000002,-0.5));
#1412 = CIRCLE('',#1413,0.124999999998);
#1413 = AXIS2_PLACEMENT_3D('',#1414,#1415,#1416);
#1414 = CARTESIAN_POINT('',(6.,0.875000000002,-0.5));
#1415 = DIRECTION('',(0.,0.,1.));
#1416 = DIRECTION('',(1.,0.,0.));
#1417 = ORIENTED_EDGE('',*,*,#1418,.F.);
#1418 = EDGE_CURVE('',#1419,#1410,#1421,.T.);
#1419 = VERTEX_POINT('',#1420);
#1420 = CARTESIAN_POINT('',(6.124999999998,-0.5,-0.5));
#1421 = LINE('',#1422,#1423);
#1422 = CARTESIAN_POINT('',(6.124999999998,-0.5,-0.5));
#1423 = VECTOR('',#1424,1.);
#1424 = DIRECTION('',(0.,1.,0.));
#1425 = ORIENTED_EDGE('',*,*,#1426,.T.);
#1426 = EDGE_CURVE('',#1419,#1427,#1429,.T.);
#1427 = VERTEX_POINT('',#1428);
#1428 = CARTESIAN_POINT('',(6.184245783005,-0.702297489979,-0.5));
#1429 = CIRCLE('',#1430,0.375000000002);
#1430 = AXIS2_PLACEMENT_3D('',#1431,#1432,#1433);
#1431 = CARTESIAN_POINT('',(6.5,-0.5,-0.5));
#1432 = DIRECTION('',(0.,0.,1.));
#1433 = DIRECTION('',(1.,0.,0.));
#1434 = ORIENTED_EDGE('',*,*,#1435,.F.);
#1435 = EDGE_CURVE('',#1436,#1427,#1438,.T.);
#1436 = VERTEX_POINT('',#1437);
#1437 = CARTESIAN_POINT('',(6.780251405661,-1.632567503342,-0.5));
#1438 = LINE('',#1439,#1440);
#1439 = CARTESIAN_POINT('',(6.780251405661,-1.632567503342,-0.5));
#1440 = VECTOR('',#1441,1.);
#1441 = DIRECTION('',(-0.539459973273,0.842011245314,0.));
#1442 = ORIENTED_EDGE('',*,*,#1443,.F.);
#1443 = EDGE_CURVE('',#1240,#1436,#1444,.T.);
#1444 = CIRCLE('',#1445,0.124999999998);
#1445 = AXIS2_PLACEMENT_3D('',#1446,#1447,#1448);
#1446 = CARTESIAN_POINT('',(6.674999999998,-1.7,-0.5));
#1447 = DIRECTION('',(0.,0.,1.));
#1448 = DIRECTION('',(1.,0.,0.));
#1449 = PLANE('',#1450);
#1450 = AXIS2_PLACEMENT_3D('',#1451,#1452,#1453);
#1451 = CARTESIAN_POINT('',(6.43167666887,-1.145024611515,-0.5));
#1452 = DIRECTION('',(0.,0.,1.));
#1453 = DIRECTION('',(1.,0.,0.));
#1454 = ADVANCED_FACE('',(#1455),#1559,.T.);
#1455 = FACE_BOUND('',#1456,.T.);
#1456 = EDGE_LOOP('',(#1457,#1458,#1459,#1467,#1476,#1484,#1493,#1501,
    #1510,#1518,#1527,#1535,#1544,#1552));
#1457 = ORIENTED_EDGE('',*,*,#1231,.F.);
#1458 = ORIENTED_EDGE('',*,*,#1334,.T.);
#1459 = ORIENTED_EDGE('',*,*,#1460,.T.);
#1460 = EDGE_CURVE('',#1327,#1461,#1463,.T.);
#1461 = VERTEX_POINT('',#1462);
#1462 = CARTESIAN_POINT('',(7.014865420138,-1.858481848154,0.5));
#1463 = LINE('',#1464,#1465);
#1464 = CARTESIAN_POINT('',(6.249412934933,-3.5,0.5));
#1465 = VECTOR('',#1466,1.);
#1466 = DIRECTION('',(0.42261826174,0.906307787037,0.));
#1467 = ORIENTED_EDGE('',*,*,#1468,.T.);
#1468 = EDGE_CURVE('',#1461,#1469,#1471,.T.);
#1469 = VERTEX_POINT('',#1470);
#1470 = CARTESIAN_POINT('',(6.990754216993,-1.497702510021,0.5));
#1471 = CIRCLE('',#1472,0.375000000002);
#1472 = AXIS2_PLACEMENT_3D('',#1473,#1474,#1475);
#1473 = CARTESIAN_POINT('',(6.674999999998,-1.7,0.5));
#1474 = DIRECTION('',(0.,0.,1.));
#1475 = DIRECTION('',(1.,0.,0.));
#1476 = ORIENTED_EDGE('',*,*,#1477,.T.);
#1477 = EDGE_CURVE('',#1469,#1478,#1480,.T.);
#1478 = VERTEX_POINT('',#1479);
#1479 = CARTESIAN_POINT('',(6.394748594337,-0.567432496658,0.5));
#1480 = LINE('',#1481,#1482);
#1481 = CARTESIAN_POINT('',(6.990754216993,-1.497702510021,0.5));
#1482 = VECTOR('',#1483,1.);
#1483 = DIRECTION('',(-0.539459973274,0.842011245314,0.));
#1484 = ORIENTED_EDGE('',*,*,#1485,.F.);
#1485 = EDGE_CURVE('',#1486,#1478,#1488,.T.);
#1486 = VERTEX_POINT('',#1487);
#1487 = CARTESIAN_POINT('',(6.375000000002,-0.5,0.5));
#1488 = CIRCLE('',#1489,0.124999999998);
#1489 = AXIS2_PLACEMENT_3D('',#1490,#1491,#1492);
#1490 = CARTESIAN_POINT('',(6.5,-0.5,0.5));
#1491 = DIRECTION('',(0.,0.,1.));
#1492 = DIRECTION('',(1.,0.,0.));
#1493 = ORIENTED_EDGE('',*,*,#1494,.T.);
#1494 = EDGE_CURVE('',#1486,#1495,#1497,.T.);
#1495 = VERTEX_POINT('',#1496);
#1496 = CARTESIAN_POINT('',(6.375000000002,0.875000000002,0.5));
#1497 = LINE('',#1498,#1499);
#1498 = CARTESIAN_POINT('',(6.375000000002,-0.5,0.5));
#1499 = VECTOR('',#1500,1.);
#1500 = DIRECTION('',(0.,1.,0.));
#1501 = ORIENTED_EDGE('',*,*,#1502,.T.);
#1502 = EDGE_CURVE('',#1495,#1503,#1505,.T.);
#1503 = VERTEX_POINT('',#1504);
#1504 = CARTESIAN_POINT('',(6.,1.250000000004,0.5));
#1505 = CIRCLE('',#1506,0.375000000002);
#1506 = AXIS2_PLACEMENT_3D('',#1507,#1508,#1509);
#1507 = CARTESIAN_POINT('',(6.,0.875000000002,0.5));
#1508 = DIRECTION('',(0.,0.,1.));
#1509 = DIRECTION('',(1.,0.,0.));
#1510 = ORIENTED_EDGE('',*,*,#1511,.T.);
#1511 = EDGE_CURVE('',#1503,#1512,#1514,.T.);
#1512 = VERTEX_POINT('',#1513);
#1513 = CARTESIAN_POINT('',(6.,1.,0.5));
#1514 = LINE('',#1515,#1516);
#1515 = CARTESIAN_POINT('',(6.,1.250000000004,0.5));
#1516 = VECTOR('',#1517,1.);
#1517 = DIRECTION('',(0.,-1.,0.));
#1518 = ORIENTED_EDGE('',*,*,#1519,.F.);
#1519 = EDGE_CURVE('',#1520,#1512,#1522,.T.);
#1520 = VERTEX_POINT('',#1521);
#1521 = CARTESIAN_POINT('',(6.124999999998,0.875000000002,0.5));
#1522 = CIRCLE('',#1523,0.124999999998);
#1523 = AXIS2_PLACEMENT_3D('',#1524,#1525,#1526);
#1524 = CARTESIAN_POINT('',(6.,0.875000000002,0.5));
#1525 = DIRECTION('',(0.,0.,1.));
#1526 = DIRECTION('',(1.,0.,0.));
#1527 = ORIENTED_EDGE('',*,*,#1528,.F.);
#1528 = EDGE_CURVE('',#1529,#1520,#1531,.T.);
#1529 = VERTEX_POINT('',#1530);
#1530 = CARTESIAN_POINT('',(6.124999999998,-0.5,0.5));
#1531 = LINE('',#1532,#1533);
#1532 = CARTESIAN_POINT('',(6.124999999998,-0.5,0.5));
#1533 = VECTOR('',#1534,1.);
#1534 = DIRECTION('',(0.,1.,0.));
#1535 = ORIENTED_EDGE('',*,*,#1536,.T.);
#1536 = EDGE_CURVE('',#1529,#1537,#1539,.T.);
#1537 = VERTEX_POINT('',#1538);
#1538 = CARTESIAN_POINT('',(6.184245783005,-0.702297489979,0.5));
#1539 = CIRCLE('',#1540,0.375000000002);
#1540 = AXIS2_PLACEMENT_3D('',#1541,#1542,#1543);
#1541 = CARTESIAN_POINT('',(6.5,-0.5,0.5));
#1542 = DIRECTION('',(0.,0.,1.));
#1543 = DIRECTION('',(1.,0.,0.));
#1544 = ORIENTED_EDGE('',*,*,#1545,.F.);
#1545 = EDGE_CURVE('',#1546,#1537,#1548,.T.);
#1546 = VERTEX_POINT('',#1547);
#1547 = CARTESIAN_POINT('',(6.780251405661,-1.632567503342,0.5));
#1548 = LINE('',#1549,#1550);
#1549 = CARTESIAN_POINT('',(6.780251405661,-1.632567503342,0.5));
#1550 = VECTOR('',#1551,1.);
#1551 = DIRECTION('',(-0.539459973273,0.842011245314,0.));
#1552 = ORIENTED_EDGE('',*,*,#1553,.F.);
#1553 = EDGE_CURVE('',#1232,#1546,#1554,.T.);
#1554 = CIRCLE('',#1555,0.124999999998);
#1555 = AXIS2_PLACEMENT_3D('',#1556,#1557,#1558);
#1556 = CARTESIAN_POINT('',(6.674999999998,-1.7,0.5));
#1557 = DIRECTION('',(0.,0.,1.));
#1558 = DIRECTION('',(1.,0.,0.));
#1559 = PLANE('',#1560);
#1560 = AXIS2_PLACEMENT_3D('',#1561,#1562,#1563);
#1561 = CARTESIAN_POINT('',(6.43167666887,-1.145024611515,0.5));
#1562 = DIRECTION('',(0.,0.,1.));
#1563 = DIRECTION('',(1.,0.,0.));
#1564 = ADVANCED_FACE('',(#1565),#1576,.F.);
#1565 = FACE_BOUND('',#1566,.T.);
#1566 = EDGE_LOOP('',(#1567,#1568,#1569,#1575));
#1567 = ORIENTED_EDGE('',*,*,#1239,.T.);
#1568 = ORIENTED_EDGE('',*,*,#1553,.T.);
#1569 = ORIENTED_EDGE('',*,*,#1570,.F.);
#1570 = EDGE_CURVE('',#1436,#1546,#1571,.T.);
#1571 = LINE('',#1572,#1573);
#1572 = CARTESIAN_POINT('',(6.780251405661,-1.632567503342,-0.5));
#1573 = VECTOR('',#1574,1.);
#1574 = DIRECTION('',(0.,0.,1.));
#1575 = ORIENTED_EDGE('',*,*,#1443,.F.);
#1576 = CYLINDRICAL_SURFACE('',#1577,0.124999999998);
#1577 = AXIS2_PLACEMENT_3D('',#1578,#1579,#1580);
#1578 = CARTESIAN_POINT('',(6.674999999998,-1.7,-0.5));
#1579 = DIRECTION('',(-0.,-0.,-1.));
#1580 = DIRECTION('',(1.,0.,0.));
#1581 = ADVANCED_FACE('',(#1582),#1595,.F.);
#1582 = FACE_BOUND('',#1583,.F.);
#1583 = EDGE_LOOP('',(#1584,#1585,#1586,#1587,#1593,#1594));
#1584 = ORIENTED_EDGE('',*,*,#1278,.T.);
#1585 = ORIENTED_EDGE('',*,*,#1326,.T.);
#1586 = ORIENTED_EDGE('',*,*,#1460,.T.);
#1587 = ORIENTED_EDGE('',*,*,#1588,.F.);
#1588 = EDGE_CURVE('',#1351,#1461,#1589,.T.);
#1589 = LINE('',#1590,#1591);
#1590 = CARTESIAN_POINT('',(7.014865420138,-1.858481848154,-0.5));
#1591 = VECTOR('',#1592,1.);
#1592 = DIRECTION('',(0.,0.,1.));
#1593 = ORIENTED_EDGE('',*,*,#1350,.F.);
#1594 = ORIENTED_EDGE('',*,*,#1302,.F.);
#1595 = PLANE('',#1596);
#1596 = AXIS2_PLACEMENT_3D('',#1597,#1598,#1599);
#1597 = CARTESIAN_POINT('',(6.249412934933,-3.5,-0.5));
#1598 = DIRECTION('',(-0.906307787037,0.42261826174,0.));
#1599 = DIRECTION('',(0.42261826174,0.906307787037,0.));
#1600 = ADVANCED_FACE('',(#1601),#1612,.T.);
#1601 = FACE_BOUND('',#1602,.T.);
#1602 = EDGE_LOOP('',(#1603,#1604,#1605,#1611));
#1603 = ORIENTED_EDGE('',*,*,#1570,.T.);
#1604 = ORIENTED_EDGE('',*,*,#1545,.T.);
#1605 = ORIENTED_EDGE('',*,*,#1606,.F.);
#1606 = EDGE_CURVE('',#1427,#1537,#1607,.T.);
#1607 = LINE('',#1608,#1609);
#1608 = CARTESIAN_POINT('',(6.184245783005,-0.702297489979,-0.5));
#1609 = VECTOR('',#1610,1.);
#1610 = DIRECTION('',(0.,0.,1.));
#1611 = ORIENTED_EDGE('',*,*,#1435,.F.);
#1612 = PLANE('',#1613);
#1613 = AXIS2_PLACEMENT_3D('',#1614,#1615,#1616);
#1614 = CARTESIAN_POINT('',(6.780251405661,-1.632567503342,-0.5));
#1615 = DIRECTION('',(-0.842011245314,-0.539459973273,0.));
#1616 = DIRECTION('',(-0.539459973273,0.842011245314,0.));
#1617 = ADVANCED_FACE('',(#1618),#1629,.T.);
#1618 = FACE_BOUND('',#1619,.F.);
#1619 = EDGE_LOOP('',(#1620,#1621,#1622,#1628));
#1620 = ORIENTED_EDGE('',*,*,#1588,.T.);
#1621 = ORIENTED_EDGE('',*,*,#1468,.T.);
#1622 = ORIENTED_EDGE('',*,*,#1623,.F.);
#1623 = EDGE_CURVE('',#1359,#1469,#1624,.T.);
#1624 = LINE('',#1625,#1626);
#1625 = CARTESIAN_POINT('',(6.990754216993,-1.497702510021,-0.5));
#1626 = VECTOR('',#1627,1.);
#1627 = DIRECTION('',(0.,0.,1.));
#1628 = ORIENTED_EDGE('',*,*,#1358,.F.);
#1629 = CYLINDRICAL_SURFACE('',#1630,0.375000000002);
#1630 = AXIS2_PLACEMENT_3D('',#1631,#1632,#1633);
#1631 = CARTESIAN_POINT('',(6.674999999998,-1.7,-0.5));
#1632 = DIRECTION('',(-0.,-0.,-1.));
#1633 = DIRECTION('',(1.,0.,0.));
#1634 = ADVANCED_FACE('',(#1635),#1646,.T.);
#1635 = FACE_BOUND('',#1636,.F.);
#1636 = EDGE_LOOP('',(#1637,#1643,#1644,#1645));
#1637 = ORIENTED_EDGE('',*,*,#1638,.T.);
#1638 = EDGE_CURVE('',#1419,#1529,#1639,.T.);
#1639 = LINE('',#1640,#1641);
#1640 = CARTESIAN_POINT('',(6.124999999998,-0.5,-0.5));
#1641 = VECTOR('',#1642,1.);
#1642 = DIRECTION('',(0.,0.,1.));
#1643 = ORIENTED_EDGE('',*,*,#1536,.T.);
#1644 = ORIENTED_EDGE('',*,*,#1606,.F.);
#1645 = ORIENTED_EDGE('',*,*,#1426,.F.);
#1646 = CYLINDRICAL_SURFACE('',#1647,0.375000000002);
#1647 = AXIS2_PLACEMENT_3D('',#1648,#1649,#1650);
#1648 = CARTESIAN_POINT('',(6.5,-0.5,-0.5));
#1649 = DIRECTION('',(-0.,-0.,-1.));
#1650 = DIRECTION('',(1.,0.,0.));
#1651 = ADVANCED_FACE('',(#1652),#1663,.F.);
#1652 = FACE_BOUND('',#1653,.F.);
#1653 = EDGE_LOOP('',(#1654,#1655,#1656,#1662));
#1654 = ORIENTED_EDGE('',*,*,#1623,.T.);
#1655 = ORIENTED_EDGE('',*,*,#1477,.T.);
#1656 = ORIENTED_EDGE('',*,*,#1657,.F.);
#1657 = EDGE_CURVE('',#1368,#1478,#1658,.T.);
#1658 = LINE('',#1659,#1660);
#1659 = CARTESIAN_POINT('',(6.394748594337,-0.567432496658,-0.5));
#1660 = VECTOR('',#1661,1.);
#1661 = DIRECTION('',(0.,0.,1.));
#1662 = ORIENTED_EDGE('',*,*,#1367,.F.);
#1663 = PLANE('',#1664);
#1664 = AXIS2_PLACEMENT_3D('',#1665,#1666,#1667);
#1665 = CARTESIAN_POINT('',(6.990754216993,-1.497702510021,-0.5));
#1666 = DIRECTION('',(-0.842011245314,-0.539459973274,0.));
#1667 = DIRECTION('',(-0.539459973274,0.842011245314,0.));
#1668 = ADVANCED_FACE('',(#1669),#1680,.T.);
#1669 = FACE_BOUND('',#1670,.T.);
#1670 = EDGE_LOOP('',(#1671,#1672,#1673,#1679));
#1671 = ORIENTED_EDGE('',*,*,#1638,.T.);
#1672 = ORIENTED_EDGE('',*,*,#1528,.T.);
#1673 = ORIENTED_EDGE('',*,*,#1674,.F.);
#1674 = EDGE_CURVE('',#1410,#1520,#1675,.T.);
#1675 = LINE('',#1676,#1677);
#1676 = CARTESIAN_POINT('',(6.124999999998,0.875000000002,-0.5));
#1677 = VECTOR('',#1678,1.);
#1678 = DIRECTION('',(0.,0.,1.));
#1679 = ORIENTED_EDGE('',*,*,#1418,.F.);
#1680 = PLANE('',#1681);
#1681 = AXIS2_PLACEMENT_3D('',#1682,#1683,#1684);
#1682 = CARTESIAN_POINT('',(6.124999999998,-0.5,-0.5));
#1683 = DIRECTION('',(-1.,0.,0.));
#1684 = DIRECTION('',(0.,1.,0.));
#1685 = ADVANCED_FACE('',(#1686),#1697,.F.);
#1686 = FACE_BOUND('',#1687,.T.);
#1687 = EDGE_LOOP('',(#1688,#1694,#1695,#1696));
#1688 = ORIENTED_EDGE('',*,*,#1689,.T.);
#1689 = EDGE_CURVE('',#1376,#1486,#1690,.T.);
#1690 = LINE('',#1691,#1692);
#1691 = CARTESIAN_POINT('',(6.375000000002,-0.5,-0.5));
#1692 = VECTOR('',#1693,1.);
#1693 = DIRECTION('',(0.,0.,1.));
#1694 = ORIENTED_EDGE('',*,*,#1485,.T.);
#1695 = ORIENTED_EDGE('',*,*,#1657,.F.);
#1696 = ORIENTED_EDGE('',*,*,#1375,.F.);
#1697 = CYLINDRICAL_SURFACE('',#1698,0.124999999998);
#1698 = AXIS2_PLACEMENT_3D('',#1699,#1700,#1701);
#1699 = CARTESIAN_POINT('',(6.5,-0.5,-0.5));
#1700 = DIRECTION('',(-0.,-0.,-1.));
#1701 = DIRECTION('',(1.,0.,0.));
#1702 = ADVANCED_FACE('',(#1703),#1714,.F.);
#1703 = FACE_BOUND('',#1704,.T.);
#1704 = EDGE_LOOP('',(#1705,#1706,#1707,#1713));
#1705 = ORIENTED_EDGE('',*,*,#1674,.T.);
#1706 = ORIENTED_EDGE('',*,*,#1519,.T.);
#1707 = ORIENTED_EDGE('',*,*,#1708,.F.);
#1708 = EDGE_CURVE('',#1402,#1512,#1709,.T.);
#1709 = LINE('',#1710,#1711);
#1710 = CARTESIAN_POINT('',(6.,1.,-0.5));
#1711 = VECTOR('',#1712,1.);
#1712 = DIRECTION('',(0.,0.,1.));
#1713 = ORIENTED_EDGE('',*,*,#1409,.F.);
#1714 = CYLINDRICAL_SURFACE('',#1715,0.124999999998);
#1715 = AXIS2_PLACEMENT_3D('',#1716,#1717,#1718);
#1716 = CARTESIAN_POINT('',(6.,0.875000000002,-0.5));
#1717 = DIRECTION('',(-0.,-0.,-1.));
#1718 = DIRECTION('',(1.,0.,0.));
#1719 = ADVANCED_FACE('',(#1720),#1731,.F.);
#1720 = FACE_BOUND('',#1721,.F.);
#1721 = EDGE_LOOP('',(#1722,#1723,#1724,#1730));
#1722 = ORIENTED_EDGE('',*,*,#1689,.T.);
#1723 = ORIENTED_EDGE('',*,*,#1494,.T.);
#1724 = ORIENTED_EDGE('',*,*,#1725,.F.);
#1725 = EDGE_CURVE('',#1385,#1495,#1726,.T.);
#1726 = LINE('',#1727,#1728);
#1727 = CARTESIAN_POINT('',(6.375000000002,0.875000000002,-0.5));
#1728 = VECTOR('',#1729,1.);
#1729 = DIRECTION('',(0.,0.,1.));
#1730 = ORIENTED_EDGE('',*,*,#1384,.F.);
#1731 = PLANE('',#1732);
#1732 = AXIS2_PLACEMENT_3D('',#1733,#1734,#1735);
#1733 = CARTESIAN_POINT('',(6.375000000002,-0.5,-0.5));
#1734 = DIRECTION('',(-1.,0.,0.));
#1735 = DIRECTION('',(0.,1.,0.));
#1736 = ADVANCED_FACE('',(#1737),#1748,.F.);
#1737 = FACE_BOUND('',#1738,.F.);
#1738 = EDGE_LOOP('',(#1739,#1745,#1746,#1747));
#1739 = ORIENTED_EDGE('',*,*,#1740,.T.);
#1740 = EDGE_CURVE('',#1393,#1503,#1741,.T.);
#1741 = LINE('',#1742,#1743);
#1742 = CARTESIAN_POINT('',(6.,1.250000000004,-0.5));
#1743 = VECTOR('',#1744,1.);
#1744 = DIRECTION('',(0.,0.,1.));
#1745 = ORIENTED_EDGE('',*,*,#1511,.T.);
#1746 = ORIENTED_EDGE('',*,*,#1708,.F.);
#1747 = ORIENTED_EDGE('',*,*,#1401,.F.);
#1748 = PLANE('',#1749);
#1749 = AXIS2_PLACEMENT_3D('',#1750,#1751,#1752);
#1750 = CARTESIAN_POINT('',(6.,1.250000000004,-0.5));
#1751 = DIRECTION('',(1.,0.,0.));
#1752 = DIRECTION('',(0.,-1.,0.));
#1753 = ADVANCED_FACE('',(#1754),#1760,.T.);
#1754 = FACE_BOUND('',#1755,.F.);
#1755 = EDGE_LOOP('',(#1756,#1757,#1758,#1759));
#1756 = ORIENTED_EDGE('',*,*,#1725,.T.);
#1757 = ORIENTED_EDGE('',*,*,#1502,.T.);
#1758 = ORIENTED_EDGE('',*,*,#1740,.F.);
#1759 = ORIENTED_EDGE('',*,*,#1392,.F.);
#1760 = CYLINDRICAL_SURFACE('',#1761,0.375000000002);
#1761 = AXIS2_PLACEMENT_3D('',#1762,#1763,#1764);
#1762 = CARTESIAN_POINT('',(6.,0.875000000002,-0.5));
#1763 = DIRECTION('',(-0.,-0.,-1.));
#1764 = DIRECTION('',(1.,0.,0.));
#1765 = ( GEOMETRIC_REPRESENTATION_CONTEXT(3) 
GLOBAL_UNCERTAINTY_ASSIGNED_CONTEXT((#1769)) 
GLOBAL_UNIT_ASSIGNED_CONTEXT((#1766,#1767,#1768)) REPRESENTATION_CONTEXT
('Context #1','3D Context with UNIT and UNCERTAINTY') );
#1766 = ( LENGTH_UNIT() NAMED_UNIT(*) SI_UNIT(.MILLI.,.METRE.) );
#1767 = ( NAMED_UNIT(*) PLANE_ANGLE_UNIT() SI_UNIT($,.RADIAN.) );
#1768 = ( NAMED_UNIT(*) SI_UNIT($,.STERADIAN.) SOLID_ANGLE_UNIT() );
#1769 = UNCERTAINTY_MEASURE_WITH_UNIT(LENGTH_MEASURE(1.E-07),#1766,
  'distance_accuracy_value','confusion accuracy');
#1770 = CONTEXT_DEPENDENT_SHAPE_REPRESENTATION(#1771,#1773);
#1771 = ( REPRESENTATION_RELATIONSHIP('','',#1206,#10) 
REPRESENTATION_RELATIONSHIP_WITH_TRANSFORMATION(#1772) 
SHAPE_REPRESENTATION_RELATIONSHIP() );
#1772 = ITEM_DEFINED_TRANSFORMATION('','',#11,#23);
#1773 = PRODUCT_DEFINITION_SHAPE('Placement','Placement of an item',
  #1774);
#1774 = NEXT_ASSEMBLY_USAGE_OCCURRENCE('3','Body002','',#5,#1201,$);
#1775 = PRODUCT_RELATED_PRODUCT_CATEGORY('part',$,(#1203));
#1776 = SHAPE_DEFINITION_REPRESENTATION(#1777,#1783);
#1777 = PRODUCT_DEFINITION_SHAPE('','',#1778);
#1778 = PRODUCT_DEFINITION('design','',#1779,#1782);
#1779 = PRODUCT_DEFINITION_FORMATION('','',#1780);
#1780 = PRODUCT('Body002 (Mirror #1)','Body002 (Mirror #1)','',(#1781));
#1781 = PRODUCT_CONTEXT('',#2,'mechanical');
#1782 = PRODUCT_DEFINITION_CONTEXT('part definition',#2,'design');
#1783 = ADVANCED_BREP_SHAPE_REPRESENTATION('',(#11,#1784),#2342);
#1784 = MANIFOLD_SOLID_BREP('',#1785);
#1785 = CLOSED_SHELL('',(#1786,#1842,#1873,#1897,#1921,#2031,#2141,#2158
    ,#2177,#2194,#2211,#2228,#2245,#2262,#2279,#2296,#2313,#2330));
#1786 = ADVANCED_FACE('',(#1787),#1837,.T.);
#1787 = FACE_BOUND('',#1788,.F.);
#1788 = EDGE_LOOP('',(#1789,#1799,#1807,#1815,#1823,#1831));
#1789 = ORIENTED_EDGE('',*,*,#1790,.T.);
#1790 = EDGE_CURVE('',#1791,#1793,#1795,.T.);
#1791 = VERTEX_POINT('',#1792);
#1792 = CARTESIAN_POINT('',(-6.022835988174,-3.394345434565,2.25));
#1793 = VERTEX_POINT('',#1794);
#1794 = CARTESIAN_POINT('',(-6.022835988174,-3.394345434565,2.75));
#1795 = LINE('',#1796,#1797);
#1796 = CARTESIAN_POINT('',(-6.022835988174,-3.394345434565,2.));
#1797 = VECTOR('',#1798,1.);
#1798 = DIRECTION('',(0.,0.,1.));
#1799 = ORIENTED_EDGE('',*,*,#1800,.T.);
#1800 = EDGE_CURVE('',#1793,#1801,#1803,.T.);
#1801 = VERTEX_POINT('',#1802);
#1802 = CARTESIAN_POINT('',(-6.313119520967,-2.771830389575,3.));
#1803 = LINE('',#1804,#1805);
#1804 = CARTESIAN_POINT('',(-6.044471787196,-3.347947313831,
    2.768633333085));
#1805 = VECTOR('',#1806,1.);
#1806 = DIRECTION('',(-0.397131261964,0.85165073964,0.342020143326));
#1807 = ORIENTED_EDGE('',*,*,#1808,.T.);
#1808 = EDGE_CURVE('',#1801,#1809,#1811,.T.);
#1809 = VERTEX_POINT('',#1810);
#1810 = CARTESIAN_POINT('',(-6.788288473375,-1.752827282718,3.));
#1811 = LINE('',#1812,#1813);
#1812 = CARTESIAN_POINT('',(-6.022835988174,-3.394345434565,3.));
#1813 = VECTOR('',#1814,1.);
#1814 = DIRECTION('',(-0.422618261738,0.906307787038,0.));
#1815 = ORIENTED_EDGE('',*,*,#1816,.F.);
#1816 = EDGE_CURVE('',#1817,#1809,#1819,.T.);
#1817 = VERTEX_POINT('',#1818);
#1818 = CARTESIAN_POINT('',(-6.788288473375,-1.752827282718,2.));
#1819 = LINE('',#1820,#1821);
#1820 = CARTESIAN_POINT('',(-6.788288473375,-1.752827282718,2.));
#1821 = VECTOR('',#1822,1.);
#1822 = DIRECTION('',(0.,0.,1.));
#1823 = ORIENTED_EDGE('',*,*,#1824,.F.);
#1824 = EDGE_CURVE('',#1825,#1817,#1827,.T.);
#1825 = VERTEX_POINT('',#1826);
#1826 = CARTESIAN_POINT('',(-6.313119520967,-2.771830389575,2.));
#1827 = LINE('',#1828,#1829);
#1828 = CARTESIAN_POINT('',(-6.022835988174,-3.394345434565,2.));
#1829 = VECTOR('',#1830,1.);
#1830 = DIRECTION('',(-0.422618261738,0.906307787038,0.));
#1831 = ORIENTED_EDGE('',*,*,#1832,.F.);
#1832 = EDGE_CURVE('',#1791,#1825,#1833,.T.);
#1833 = LINE('',#1834,#1835);
#1834 = CARTESIAN_POINT('',(-6.112385232764,-3.202306459813,
    2.172877777695));
#1835 = VECTOR('',#1836,1.);
#1836 = DIRECTION('',(-0.397131261964,0.85165073964,-0.342020143326));
#1837 = PLANE('',#1838);
#1838 = AXIS2_PLACEMENT_3D('',#1839,#1840,#1841);
#1839 = CARTESIAN_POINT('',(-6.022835988174,-3.394345434565,2.));
#1840 = DIRECTION('',(0.906307787038,0.422618261738,0.));
#1841 = DIRECTION('',(0.422618261738,-0.906307787038,0.));
#1842 = ADVANCED_FACE('',(#1843),#1868,.F.);
#1843 = FACE_BOUND('',#1844,.T.);
#1844 = EDGE_LOOP('',(#1845,#1846,#1854,#1862));
#1845 = ORIENTED_EDGE('',*,*,#1790,.T.);
#1846 = ORIENTED_EDGE('',*,*,#1847,.T.);
#1847 = EDGE_CURVE('',#1793,#1848,#1850,.T.);
#1848 = VERTEX_POINT('',#1849);
#1849 = CARTESIAN_POINT('',(-6.249412934933,-3.5,2.75));
#1850 = LINE('',#1851,#1852);
#1851 = CARTESIAN_POINT('',(-6.022835988174,-3.394345434565,2.75));
#1852 = VECTOR('',#1853,1.);
#1853 = DIRECTION('',(-0.906307787038,-0.422618261738,-0.));
#1854 = ORIENTED_EDGE('',*,*,#1855,.F.);
#1855 = EDGE_CURVE('',#1856,#1848,#1858,.T.);
#1856 = VERTEX_POINT('',#1857);
#1857 = CARTESIAN_POINT('',(-6.249412934933,-3.5,2.25));
#1858 = LINE('',#1859,#1860);
#1859 = CARTESIAN_POINT('',(-6.249412934933,-3.5,2.));
#1860 = VECTOR('',#1861,1.);
#1861 = DIRECTION('',(0.,0.,1.));
#1862 = ORIENTED_EDGE('',*,*,#1863,.F.);
#1863 = EDGE_CURVE('',#1791,#1856,#1864,.T.);
#1864 = LINE('',#1865,#1866);
#1865 = CARTESIAN_POINT('',(-6.022835988174,-3.394345434565,2.25));
#1866 = VECTOR('',#1867,1.);
#1867 = DIRECTION('',(-0.906307787038,-0.422618261738,-0.));
#1868 = PLANE('',#1869);
#1869 = AXIS2_PLACEMENT_3D('',#1870,#1871,#1872);
#1870 = CARTESIAN_POINT('',(-6.022835988174,-3.394345434565,2.));
#1871 = DIRECTION('',(-0.422618261738,0.906307787038,0.));
#1872 = DIRECTION('',(0.906307787038,0.422618261738,0.));
#1873 = ADVANCED_FACE('',(#1874),#1892,.T.);
#1874 = FACE_BOUND('',#1875,.T.);
#1875 = EDGE_LOOP('',(#1876,#1877,#1878,#1886));
#1876 = ORIENTED_EDGE('',*,*,#1832,.F.);
#1877 = ORIENTED_EDGE('',*,*,#1863,.T.);
#1878 = ORIENTED_EDGE('',*,*,#1879,.T.);
#1879 = EDGE_CURVE('',#1856,#1880,#1882,.T.);
#1880 = VERTEX_POINT('',#1881);
#1881 = CARTESIAN_POINT('',(-6.539696467728,-2.87748495501,2.));
#1882 = LINE('',#1883,#1884);
#1883 = CARTESIAN_POINT('',(-6.338962179524,-3.307961025248,
    2.172877777695));
#1884 = VECTOR('',#1885,1.);
#1885 = DIRECTION('',(-0.397131261967,0.851650739639,-0.342020143326));
#1886 = ORIENTED_EDGE('',*,*,#1887,.F.);
#1887 = EDGE_CURVE('',#1825,#1880,#1888,.T.);
#1888 = LINE('',#1889,#1890);
#1889 = CARTESIAN_POINT('',(-6.313119520967,-2.771830389575,2.));
#1890 = VECTOR('',#1891,1.);
#1891 = DIRECTION('',(-0.906307787038,-0.422618261738,-0.));
#1892 = PLANE('',#1893);
#1893 = AXIS2_PLACEMENT_3D('',#1894,#1895,#1896);
#1894 = CARTESIAN_POINT('',(-6.16797775457,-3.08308791207,2.125));
#1895 = DIRECTION('',(0.144543958452,-0.30997551922,-0.939692620786));
#1896 = DIRECTION('',(-0.906307787038,-0.422618261738,
    -1.387778780781E-17));
#1897 = ADVANCED_FACE('',(#1898),#1916,.F.);
#1898 = FACE_BOUND('',#1899,.F.);
#1899 = EDGE_LOOP('',(#1900,#1901,#1902,#1910));
#1900 = ORIENTED_EDGE('',*,*,#1800,.F.);
#1901 = ORIENTED_EDGE('',*,*,#1847,.T.);
#1902 = ORIENTED_EDGE('',*,*,#1903,.T.);
#1903 = EDGE_CURVE('',#1848,#1904,#1906,.T.);
#1904 = VERTEX_POINT('',#1905);
#1905 = CARTESIAN_POINT('',(-6.539696467728,-2.87748495501,3.));
#1906 = LINE('',#1907,#1908);
#1907 = CARTESIAN_POINT('',(-6.271048733956,-3.453601879266,
    2.768633333085));
#1908 = VECTOR('',#1909,1.);
#1909 = DIRECTION('',(-0.397131261967,0.851650739639,0.342020143326));
#1910 = ORIENTED_EDGE('',*,*,#1911,.F.);
#1911 = EDGE_CURVE('',#1801,#1904,#1912,.T.);
#1912 = LINE('',#1913,#1914);
#1913 = CARTESIAN_POINT('',(-6.313119520967,-2.771830389575,3.));
#1914 = VECTOR('',#1915,1.);
#1915 = DIRECTION('',(-0.906307787038,-0.422618261738,-0.));
#1916 = PLANE('',#1917);
#1917 = AXIS2_PLACEMENT_3D('',#1918,#1919,#1920);
#1918 = CARTESIAN_POINT('',(-6.16797775457,-3.08308791207,2.875));
#1919 = DIRECTION('',(-0.144543958452,0.30997551922,-0.939692620786));
#1920 = DIRECTION('',(-0.906307787038,-0.422618261738,1.387778780781E-17
    ));
#1921 = ADVANCED_FACE('',(#1922),#2026,.F.);
#1922 = FACE_BOUND('',#1923,.T.);
#1923 = EDGE_LOOP('',(#1924,#1925,#1926,#1934,#1943,#1951,#1960,#1968,
    #1977,#1985,#1994,#2002,#2011,#2019));
#1924 = ORIENTED_EDGE('',*,*,#1824,.F.);
#1925 = ORIENTED_EDGE('',*,*,#1887,.T.);
#1926 = ORIENTED_EDGE('',*,*,#1927,.T.);
#1927 = EDGE_CURVE('',#1880,#1928,#1930,.T.);
#1928 = VERTEX_POINT('',#1929);
#1929 = CARTESIAN_POINT('',(-7.014865420138,-1.858481848154,2.));
#1930 = LINE('',#1931,#1932);
#1931 = CARTESIAN_POINT('',(-6.249412934933,-3.5,2.));
#1932 = VECTOR('',#1933,1.);
#1933 = DIRECTION('',(-0.42261826174,0.906307787037,0.));
#1934 = ORIENTED_EDGE('',*,*,#1935,.T.);
#1935 = EDGE_CURVE('',#1928,#1936,#1938,.T.);
#1936 = VERTEX_POINT('',#1937);
#1937 = CARTESIAN_POINT('',(-6.990754216993,-1.497702510021,2.));
#1938 = CIRCLE('',#1939,0.375000000002);
#1939 = AXIS2_PLACEMENT_3D('',#1940,#1941,#1942);
#1940 = CARTESIAN_POINT('',(-6.674999999998,-1.7,2.));
#1941 = DIRECTION('',(0.,0.,-1.));
#1942 = DIRECTION('',(-1.,-0.,-0.));
#1943 = ORIENTED_EDGE('',*,*,#1944,.T.);
#1944 = EDGE_CURVE('',#1936,#1945,#1947,.T.);
#1945 = VERTEX_POINT('',#1946);
#1946 = CARTESIAN_POINT('',(-6.394748594337,-0.567432496658,2.));
#1947 = LINE('',#1948,#1949);
#1948 = CARTESIAN_POINT('',(-6.990754216993,-1.497702510021,2.));
#1949 = VECTOR('',#1950,1.);
#1950 = DIRECTION('',(0.539459973274,0.842011245314,0.));
#1951 = ORIENTED_EDGE('',*,*,#1952,.F.);
#1952 = EDGE_CURVE('',#1953,#1945,#1955,.T.);
#1953 = VERTEX_POINT('',#1954);
#1954 = CARTESIAN_POINT('',(-6.375000000002,-0.5,2.));
#1955 = CIRCLE('',#1956,0.124999999998);
#1956 = AXIS2_PLACEMENT_3D('',#1957,#1958,#1959);
#1957 = CARTESIAN_POINT('',(-6.5,-0.5,2.));
#1958 = DIRECTION('',(0.,0.,-1.));
#1959 = DIRECTION('',(-1.,-0.,-0.));
#1960 = ORIENTED_EDGE('',*,*,#1961,.T.);
#1961 = EDGE_CURVE('',#1953,#1962,#1964,.T.);
#1962 = VERTEX_POINT('',#1963);
#1963 = CARTESIAN_POINT('',(-6.375000000002,0.875000000002,2.));
#1964 = LINE('',#1965,#1966);
#1965 = CARTESIAN_POINT('',(-6.375000000002,-0.5,2.));
#1966 = VECTOR('',#1967,1.);
#1967 = DIRECTION('',(0.,1.,0.));
#1968 = ORIENTED_EDGE('',*,*,#1969,.T.);
#1969 = EDGE_CURVE('',#1962,#1970,#1972,.T.);
#1970 = VERTEX_POINT('',#1971);
#1971 = CARTESIAN_POINT('',(-6.,1.250000000004,2.));
#1972 = CIRCLE('',#1973,0.375000000002);
#1973 = AXIS2_PLACEMENT_3D('',#1974,#1975,#1976);
#1974 = CARTESIAN_POINT('',(-6.,0.875000000002,2.));
#1975 = DIRECTION('',(0.,0.,-1.));
#1976 = DIRECTION('',(-1.,-0.,-0.));
#1977 = ORIENTED_EDGE('',*,*,#1978,.T.);
#1978 = EDGE_CURVE('',#1970,#1979,#1981,.T.);
#1979 = VERTEX_POINT('',#1980);
#1980 = CARTESIAN_POINT('',(-6.,1.,2.));
#1981 = LINE('',#1982,#1983);
#1982 = CARTESIAN_POINT('',(-6.,1.250000000004,2.));
#1983 = VECTOR('',#1984,1.);
#1984 = DIRECTION('',(-0.,-1.,-0.));
#1985 = ORIENTED_EDGE('',*,*,#1986,.F.);
#1986 = EDGE_CURVE('',#1987,#1979,#1989,.T.);
#1987 = VERTEX_POINT('',#1988);
#1988 = CARTESIAN_POINT('',(-6.124999999998,0.875000000002,2.));
#1989 = CIRCLE('',#1990,0.124999999998);
#1990 = AXIS2_PLACEMENT_3D('',#1991,#1992,#1993);
#1991 = CARTESIAN_POINT('',(-6.,0.875000000002,2.));
#1992 = DIRECTION('',(0.,0.,-1.));
#1993 = DIRECTION('',(-1.,-0.,-0.));
#1994 = ORIENTED_EDGE('',*,*,#1995,.F.);
#1995 = EDGE_CURVE('',#1996,#1987,#1998,.T.);
#1996 = VERTEX_POINT('',#1997);
#1997 = CARTESIAN_POINT('',(-6.124999999998,-0.5,2.));
#1998 = LINE('',#1999,#2000);
#1999 = CARTESIAN_POINT('',(-6.124999999998,-0.5,2.));
#2000 = VECTOR('',#2001,1.);
#2001 = DIRECTION('',(0.,1.,0.));
#2002 = ORIENTED_EDGE('',*,*,#2003,.T.);
#2003 = EDGE_CURVE('',#1996,#2004,#2006,.T.);
#2004 = VERTEX_POINT('',#2005);
#2005 = CARTESIAN_POINT('',(-6.184245783005,-0.702297489979,2.));
#2006 = CIRCLE('',#2007,0.375000000002);
#2007 = AXIS2_PLACEMENT_3D('',#2008,#2009,#2010);
#2008 = CARTESIAN_POINT('',(-6.5,-0.5,2.));
#2009 = DIRECTION('',(0.,0.,-1.));
#2010 = DIRECTION('',(-1.,-0.,-0.));
#2011 = ORIENTED_EDGE('',*,*,#2012,.F.);
#2012 = EDGE_CURVE('',#2013,#2004,#2015,.T.);
#2013 = VERTEX_POINT('',#2014);
#2014 = CARTESIAN_POINT('',(-6.780251405661,-1.632567503342,2.));
#2015 = LINE('',#2016,#2017);
#2016 = CARTESIAN_POINT('',(-6.780251405661,-1.632567503342,2.));
#2017 = VECTOR('',#2018,1.);
#2018 = DIRECTION('',(0.539459973273,0.842011245314,0.));
#2019 = ORIENTED_EDGE('',*,*,#2020,.F.);
#2020 = EDGE_CURVE('',#1817,#2013,#2021,.T.);
#2021 = CIRCLE('',#2022,0.124999999998);
#2022 = AXIS2_PLACEMENT_3D('',#2023,#2024,#2025);
#2023 = CARTESIAN_POINT('',(-6.674999999998,-1.7,2.));
#2024 = DIRECTION('',(0.,0.,-1.));
#2025 = DIRECTION('',(-1.,-0.,-0.));
#2026 = PLANE('',#2027);
#2027 = AXIS2_PLACEMENT_3D('',#2028,#2029,#2030);
#2028 = CARTESIAN_POINT('',(-6.43167666887,-1.145024611515,2.));
#2029 = DIRECTION('',(0.,0.,1.));
#2030 = DIRECTION('',(1.,0.,0.));
#2031 = ADVANCED_FACE('',(#2032),#2136,.T.);
#2032 = FACE_BOUND('',#2033,.F.);
#2033 = EDGE_LOOP('',(#2034,#2035,#2036,#2044,#2053,#2061,#2070,#2078,
    #2087,#2095,#2104,#2112,#2121,#2129));
#2034 = ORIENTED_EDGE('',*,*,#1808,.F.);
#2035 = ORIENTED_EDGE('',*,*,#1911,.T.);
#2036 = ORIENTED_EDGE('',*,*,#2037,.T.);
#2037 = EDGE_CURVE('',#1904,#2038,#2040,.T.);
#2038 = VERTEX_POINT('',#2039);
#2039 = CARTESIAN_POINT('',(-7.014865420138,-1.858481848154,3.));
#2040 = LINE('',#2041,#2042);
#2041 = CARTESIAN_POINT('',(-6.249412934933,-3.5,3.));
#2042 = VECTOR('',#2043,1.);
#2043 = DIRECTION('',(-0.42261826174,0.906307787037,0.));
#2044 = ORIENTED_EDGE('',*,*,#2045,.T.);
#2045 = EDGE_CURVE('',#2038,#2046,#2048,.T.);
#2046 = VERTEX_POINT('',#2047);
#2047 = CARTESIAN_POINT('',(-6.990754216993,-1.497702510021,3.));
#2048 = CIRCLE('',#2049,0.375000000002);
#2049 = AXIS2_PLACEMENT_3D('',#2050,#2051,#2052);
#2050 = CARTESIAN_POINT('',(-6.674999999998,-1.7,3.));
#2051 = DIRECTION('',(0.,0.,-1.));
#2052 = DIRECTION('',(-1.,-0.,-0.));
#2053 = ORIENTED_EDGE('',*,*,#2054,.T.);
#2054 = EDGE_CURVE('',#2046,#2055,#2057,.T.);
#2055 = VERTEX_POINT('',#2056);
#2056 = CARTESIAN_POINT('',(-6.394748594337,-0.567432496658,3.));
#2057 = LINE('',#2058,#2059);
#2058 = CARTESIAN_POINT('',(-6.990754216993,-1.497702510021,3.));
#2059 = VECTOR('',#2060,1.);
#2060 = DIRECTION('',(0.539459973274,0.842011245314,0.));
#2061 = ORIENTED_EDGE('',*,*,#2062,.F.);
#2062 = EDGE_CURVE('',#2063,#2055,#2065,.T.);
#2063 = VERTEX_POINT('',#2064);
#2064 = CARTESIAN_POINT('',(-6.375000000002,-0.5,3.));
#2065 = CIRCLE('',#2066,0.124999999998);
#2066 = AXIS2_PLACEMENT_3D('',#2067,#2068,#2069);
#2067 = CARTESIAN_POINT('',(-6.5,-0.5,3.));
#2068 = DIRECTION('',(0.,0.,-1.));
#2069 = DIRECTION('',(-1.,-0.,-0.));
#2070 = ORIENTED_EDGE('',*,*,#2071,.T.);
#2071 = EDGE_CURVE('',#2063,#2072,#2074,.T.);
#2072 = VERTEX_POINT('',#2073);
#2073 = CARTESIAN_POINT('',(-6.375000000002,0.875000000002,3.));
#2074 = LINE('',#2075,#2076);
#2075 = CARTESIAN_POINT('',(-6.375000000002,-0.5,3.));
#2076 = VECTOR('',#2077,1.);
#2077 = DIRECTION('',(0.,1.,0.));
#2078 = ORIENTED_EDGE('',*,*,#2079,.T.);
#2079 = EDGE_CURVE('',#2072,#2080,#2082,.T.);
#2080 = VERTEX_POINT('',#2081);
#2081 = CARTESIAN_POINT('',(-6.,1.250000000004,3.));
#2082 = CIRCLE('',#2083,0.375000000002);
#2083 = AXIS2_PLACEMENT_3D('',#2084,#2085,#2086);
#2084 = CARTESIAN_POINT('',(-6.,0.875000000002,3.));
#2085 = DIRECTION('',(0.,0.,-1.));
#2086 = DIRECTION('',(-1.,-0.,-0.));
#2087 = ORIENTED_EDGE('',*,*,#2088,.T.);
#2088 = EDGE_CURVE('',#2080,#2089,#2091,.T.);
#2089 = VERTEX_POINT('',#2090);
#2090 = CARTESIAN_POINT('',(-6.,1.,3.));
#2091 = LINE('',#2092,#2093);
#2092 = CARTESIAN_POINT('',(-6.,1.250000000004,3.));
#2093 = VECTOR('',#2094,1.);
#2094 = DIRECTION('',(-0.,-1.,-0.));
#2095 = ORIENTED_EDGE('',*,*,#2096,.F.);
#2096 = EDGE_CURVE('',#2097,#2089,#2099,.T.);
#2097 = VERTEX_POINT('',#2098);
#2098 = CARTESIAN_POINT('',(-6.124999999998,0.875000000002,3.));
#2099 = CIRCLE('',#2100,0.124999999998);
#2100 = AXIS2_PLACEMENT_3D('',#2101,#2102,#2103);
#2101 = CARTESIAN_POINT('',(-6.,0.875000000002,3.));
#2102 = DIRECTION('',(0.,0.,-1.));
#2103 = DIRECTION('',(-1.,-0.,-0.));
#2104 = ORIENTED_EDGE('',*,*,#2105,.F.);
#2105 = EDGE_CURVE('',#2106,#2097,#2108,.T.);
#2106 = VERTEX_POINT('',#2107);
#2107 = CARTESIAN_POINT('',(-6.124999999998,-0.5,3.));
#2108 = LINE('',#2109,#2110);
#2109 = CARTESIAN_POINT('',(-6.124999999998,-0.5,3.));
#2110 = VECTOR('',#2111,1.);
#2111 = DIRECTION('',(0.,1.,0.));
#2112 = ORIENTED_EDGE('',*,*,#2113,.T.);
#2113 = EDGE_CURVE('',#2106,#2114,#2116,.T.);
#2114 = VERTEX_POINT('',#2115);
#2115 = CARTESIAN_POINT('',(-6.184245783005,-0.702297489979,3.));
#2116 = CIRCLE('',#2117,0.375000000002);
#2117 = AXIS2_PLACEMENT_3D('',#2118,#2119,#2120);
#2118 = CARTESIAN_POINT('',(-6.5,-0.5,3.));
#2119 = DIRECTION('',(0.,0.,-1.));
#2120 = DIRECTION('',(-1.,-0.,-0.));
#2121 = ORIENTED_EDGE('',*,*,#2122,.F.);
#2122 = EDGE_CURVE('',#2123,#2114,#2125,.T.);
#2123 = VERTEX_POINT('',#2124);
#2124 = CARTESIAN_POINT('',(-6.780251405661,-1.632567503342,3.));
#2125 = LINE('',#2126,#2127);
#2126 = CARTESIAN_POINT('',(-6.780251405661,-1.632567503342,3.));
#2127 = VECTOR('',#2128,1.);
#2128 = DIRECTION('',(0.539459973273,0.842011245314,0.));
#2129 = ORIENTED_EDGE('',*,*,#2130,.F.);
#2130 = EDGE_CURVE('',#1809,#2123,#2131,.T.);
#2131 = CIRCLE('',#2132,0.124999999998);
#2132 = AXIS2_PLACEMENT_3D('',#2133,#2134,#2135);
#2133 = CARTESIAN_POINT('',(-6.674999999998,-1.7,3.));
#2134 = DIRECTION('',(0.,0.,-1.));
#2135 = DIRECTION('',(-1.,-0.,-0.));
#2136 = PLANE('',#2137);
#2137 = AXIS2_PLACEMENT_3D('',#2138,#2139,#2140);
#2138 = CARTESIAN_POINT('',(-6.43167666887,-1.145024611515,3.));
#2139 = DIRECTION('',(0.,0.,1.));
#2140 = DIRECTION('',(1.,0.,0.));
#2141 = ADVANCED_FACE('',(#2142),#2153,.F.);
#2142 = FACE_BOUND('',#2143,.F.);
#2143 = EDGE_LOOP('',(#2144,#2145,#2146,#2152));
#2144 = ORIENTED_EDGE('',*,*,#1816,.T.);
#2145 = ORIENTED_EDGE('',*,*,#2130,.T.);
#2146 = ORIENTED_EDGE('',*,*,#2147,.F.);
#2147 = EDGE_CURVE('',#2013,#2123,#2148,.T.);
#2148 = LINE('',#2149,#2150);
#2149 = CARTESIAN_POINT('',(-6.780251405661,-1.632567503342,2.));
#2150 = VECTOR('',#2151,1.);
#2151 = DIRECTION('',(0.,0.,1.));
#2152 = ORIENTED_EDGE('',*,*,#2020,.F.);
#2153 = CYLINDRICAL_SURFACE('',#2154,0.124999999998);
#2154 = AXIS2_PLACEMENT_3D('',#2155,#2156,#2157);
#2155 = CARTESIAN_POINT('',(-6.674999999998,-1.7,2.));
#2156 = DIRECTION('',(0.,0.,-1.));
#2157 = DIRECTION('',(-1.,-0.,-0.));
#2158 = ADVANCED_FACE('',(#2159),#2172,.F.);
#2159 = FACE_BOUND('',#2160,.T.);
#2160 = EDGE_LOOP('',(#2161,#2162,#2163,#2164,#2170,#2171));
#2161 = ORIENTED_EDGE('',*,*,#1855,.T.);
#2162 = ORIENTED_EDGE('',*,*,#1903,.T.);
#2163 = ORIENTED_EDGE('',*,*,#2037,.T.);
#2164 = ORIENTED_EDGE('',*,*,#2165,.F.);
#2165 = EDGE_CURVE('',#1928,#2038,#2166,.T.);
#2166 = LINE('',#2167,#2168);
#2167 = CARTESIAN_POINT('',(-7.014865420138,-1.858481848154,2.));
#2168 = VECTOR('',#2169,1.);
#2169 = DIRECTION('',(0.,0.,1.));
#2170 = ORIENTED_EDGE('',*,*,#1927,.F.);
#2171 = ORIENTED_EDGE('',*,*,#1879,.F.);
#2172 = PLANE('',#2173);
#2173 = AXIS2_PLACEMENT_3D('',#2174,#2175,#2176);
#2174 = CARTESIAN_POINT('',(-6.249412934933,-3.5,2.));
#2175 = DIRECTION('',(0.906307787037,0.42261826174,0.));
#2176 = DIRECTION('',(0.42261826174,-0.906307787037,0.));
#2177 = ADVANCED_FACE('',(#2178),#2189,.T.);
#2178 = FACE_BOUND('',#2179,.F.);
#2179 = EDGE_LOOP('',(#2180,#2181,#2182,#2188));
#2180 = ORIENTED_EDGE('',*,*,#2147,.T.);
#2181 = ORIENTED_EDGE('',*,*,#2122,.T.);
#2182 = ORIENTED_EDGE('',*,*,#2183,.F.);
#2183 = EDGE_CURVE('',#2004,#2114,#2184,.T.);
#2184 = LINE('',#2185,#2186);
#2185 = CARTESIAN_POINT('',(-6.184245783005,-0.702297489979,2.));
#2186 = VECTOR('',#2187,1.);
#2187 = DIRECTION('',(0.,0.,1.));
#2188 = ORIENTED_EDGE('',*,*,#2012,.F.);
#2189 = PLANE('',#2190);
#2190 = AXIS2_PLACEMENT_3D('',#2191,#2192,#2193);
#2191 = CARTESIAN_POINT('',(-6.780251405661,-1.632567503342,2.));
#2192 = DIRECTION('',(0.842011245314,-0.539459973273,0.));
#2193 = DIRECTION('',(-0.539459973273,-0.842011245314,0.));
#2194 = ADVANCED_FACE('',(#2195),#2206,.T.);
#2195 = FACE_BOUND('',#2196,.T.);
#2196 = EDGE_LOOP('',(#2197,#2198,#2199,#2205));
#2197 = ORIENTED_EDGE('',*,*,#2165,.T.);
#2198 = ORIENTED_EDGE('',*,*,#2045,.T.);
#2199 = ORIENTED_EDGE('',*,*,#2200,.F.);
#2200 = EDGE_CURVE('',#1936,#2046,#2201,.T.);
#2201 = LINE('',#2202,#2203);
#2202 = CARTESIAN_POINT('',(-6.990754216993,-1.497702510021,2.));
#2203 = VECTOR('',#2204,1.);
#2204 = DIRECTION('',(0.,0.,1.));
#2205 = ORIENTED_EDGE('',*,*,#1935,.F.);
#2206 = CYLINDRICAL_SURFACE('',#2207,0.375000000002);
#2207 = AXIS2_PLACEMENT_3D('',#2208,#2209,#2210);
#2208 = CARTESIAN_POINT('',(-6.674999999998,-1.7,2.));
#2209 = DIRECTION('',(0.,0.,-1.));
#2210 = DIRECTION('',(-1.,-0.,-0.));
#2211 = ADVANCED_FACE('',(#2212),#2223,.T.);
#2212 = FACE_BOUND('',#2213,.T.);
#2213 = EDGE_LOOP('',(#2214,#2220,#2221,#2222));
#2214 = ORIENTED_EDGE('',*,*,#2215,.T.);
#2215 = EDGE_CURVE('',#1996,#2106,#2216,.T.);
#2216 = LINE('',#2217,#2218);
#2217 = CARTESIAN_POINT('',(-6.124999999998,-0.5,2.));
#2218 = VECTOR('',#2219,1.);
#2219 = DIRECTION('',(0.,0.,1.));
#2220 = ORIENTED_EDGE('',*,*,#2113,.T.);
#2221 = ORIENTED_EDGE('',*,*,#2183,.F.);
#2222 = ORIENTED_EDGE('',*,*,#2003,.F.);
#2223 = CYLINDRICAL_SURFACE('',#2224,0.375000000002);
#2224 = AXIS2_PLACEMENT_3D('',#2225,#2226,#2227);
#2225 = CARTESIAN_POINT('',(-6.5,-0.5,2.));
#2226 = DIRECTION('',(0.,0.,-1.));
#2227 = DIRECTION('',(-1.,-0.,-0.));
#2228 = ADVANCED_FACE('',(#2229),#2240,.F.);
#2229 = FACE_BOUND('',#2230,.T.);
#2230 = EDGE_LOOP('',(#2231,#2232,#2233,#2239));
#2231 = ORIENTED_EDGE('',*,*,#2200,.T.);
#2232 = ORIENTED_EDGE('',*,*,#2054,.T.);
#2233 = ORIENTED_EDGE('',*,*,#2234,.F.);
#2234 = EDGE_CURVE('',#1945,#2055,#2235,.T.);
#2235 = LINE('',#2236,#2237);
#2236 = CARTESIAN_POINT('',(-6.394748594337,-0.567432496658,2.));
#2237 = VECTOR('',#2238,1.);
#2238 = DIRECTION('',(0.,0.,1.));
#2239 = ORIENTED_EDGE('',*,*,#1944,.F.);
#2240 = PLANE('',#2241);
#2241 = AXIS2_PLACEMENT_3D('',#2242,#2243,#2244);
#2242 = CARTESIAN_POINT('',(-6.990754216993,-1.497702510021,2.));
#2243 = DIRECTION('',(0.842011245314,-0.539459973274,0.));
#2244 = DIRECTION('',(-0.539459973274,-0.842011245314,0.));
#2245 = ADVANCED_FACE('',(#2246),#2257,.T.);
#2246 = FACE_BOUND('',#2247,.F.);
#2247 = EDGE_LOOP('',(#2248,#2249,#2250,#2256));
#2248 = ORIENTED_EDGE('',*,*,#2215,.T.);
#2249 = ORIENTED_EDGE('',*,*,#2105,.T.);
#2250 = ORIENTED_EDGE('',*,*,#2251,.F.);
#2251 = EDGE_CURVE('',#1987,#2097,#2252,.T.);
#2252 = LINE('',#2253,#2254);
#2253 = CARTESIAN_POINT('',(-6.124999999998,0.875000000002,2.));
#2254 = VECTOR('',#2255,1.);
#2255 = DIRECTION('',(0.,0.,1.));
#2256 = ORIENTED_EDGE('',*,*,#1995,.F.);
#2257 = PLANE('',#2258);
#2258 = AXIS2_PLACEMENT_3D('',#2259,#2260,#2261);
#2259 = CARTESIAN_POINT('',(-6.124999999998,-0.5,2.));
#2260 = DIRECTION('',(1.,0.,0.));
#2261 = DIRECTION('',(0.,-1.,0.));
#2262 = ADVANCED_FACE('',(#2263),#2274,.F.);
#2263 = FACE_BOUND('',#2264,.F.);
#2264 = EDGE_LOOP('',(#2265,#2271,#2272,#2273));
#2265 = ORIENTED_EDGE('',*,*,#2266,.T.);
#2266 = EDGE_CURVE('',#1953,#2063,#2267,.T.);
#2267 = LINE('',#2268,#2269);
#2268 = CARTESIAN_POINT('',(-6.375000000002,-0.5,2.));
#2269 = VECTOR('',#2270,1.);
#2270 = DIRECTION('',(0.,0.,1.));
#2271 = ORIENTED_EDGE('',*,*,#2062,.T.);
#2272 = ORIENTED_EDGE('',*,*,#2234,.F.);
#2273 = ORIENTED_EDGE('',*,*,#1952,.F.);
#2274 = CYLINDRICAL_SURFACE('',#2275,0.124999999998);
#2275 = AXIS2_PLACEMENT_3D('',#2276,#2277,#2278);
#2276 = CARTESIAN_POINT('',(-6.5,-0.5,2.));
#2277 = DIRECTION('',(0.,0.,-1.));
#2278 = DIRECTION('',(-1.,-0.,-0.));
#2279 = ADVANCED_FACE('',(#2280),#2291,.F.);
#2280 = FACE_BOUND('',#2281,.F.);
#2281 = EDGE_LOOP('',(#2282,#2283,#2284,#2290));
#2282 = ORIENTED_EDGE('',*,*,#2251,.T.);
#2283 = ORIENTED_EDGE('',*,*,#2096,.T.);
#2284 = ORIENTED_EDGE('',*,*,#2285,.F.);
#2285 = EDGE_CURVE('',#1979,#2089,#2286,.T.);
#2286 = LINE('',#2287,#2288);
#2287 = CARTESIAN_POINT('',(-6.,1.,2.));
#2288 = VECTOR('',#2289,1.);
#2289 = DIRECTION('',(0.,0.,1.));
#2290 = ORIENTED_EDGE('',*,*,#1986,.F.);
#2291 = CYLINDRICAL_SURFACE('',#2292,0.124999999998);
#2292 = AXIS2_PLACEMENT_3D('',#2293,#2294,#2295);
#2293 = CARTESIAN_POINT('',(-6.,0.875000000002,2.));
#2294 = DIRECTION('',(0.,0.,-1.));
#2295 = DIRECTION('',(-1.,-0.,-0.));
#2296 = ADVANCED_FACE('',(#2297),#2308,.F.);
#2297 = FACE_BOUND('',#2298,.T.);
#2298 = EDGE_LOOP('',(#2299,#2300,#2301,#2307));
#2299 = ORIENTED_EDGE('',*,*,#2266,.T.);
#2300 = ORIENTED_EDGE('',*,*,#2071,.T.);
#2301 = ORIENTED_EDGE('',*,*,#2302,.F.);
#2302 = EDGE_CURVE('',#1962,#2072,#2303,.T.);
#2303 = LINE('',#2304,#2305);
#2304 = CARTESIAN_POINT('',(-6.375000000002,0.875000000002,2.));
#2305 = VECTOR('',#2306,1.);
#2306 = DIRECTION('',(0.,0.,1.));
#2307 = ORIENTED_EDGE('',*,*,#1961,.F.);
#2308 = PLANE('',#2309);
#2309 = AXIS2_PLACEMENT_3D('',#2310,#2311,#2312);
#2310 = CARTESIAN_POINT('',(-6.375000000002,-0.5,2.));
#2311 = DIRECTION('',(1.,0.,0.));
#2312 = DIRECTION('',(0.,-1.,0.));
#2313 = ADVANCED_FACE('',(#2314),#2325,.F.);
#2314 = FACE_BOUND('',#2315,.T.);
#2315 = EDGE_LOOP('',(#2316,#2322,#2323,#2324));
#2316 = ORIENTED_EDGE('',*,*,#2317,.T.);
#2317 = EDGE_CURVE('',#1970,#2080,#2318,.T.);
#2318 = LINE('',#2319,#2320);
#2319 = CARTESIAN_POINT('',(-6.,1.250000000004,2.));
#2320 = VECTOR('',#2321,1.);
#2321 = DIRECTION('',(0.,0.,1.));
#2322 = ORIENTED_EDGE('',*,*,#2088,.T.);
#2323 = ORIENTED_EDGE('',*,*,#2285,.F.);
#2324 = ORIENTED_EDGE('',*,*,#1978,.F.);
#2325 = PLANE('',#2326);
#2326 = AXIS2_PLACEMENT_3D('',#2327,#2328,#2329);
#2327 = CARTESIAN_POINT('',(-6.,1.250000000004,2.));
#2328 = DIRECTION('',(-1.,-0.,-0.));
#2329 = DIRECTION('',(0.,1.,0.));
#2330 = ADVANCED_FACE('',(#2331),#2337,.T.);
#2331 = FACE_BOUND('',#2332,.T.);
#2332 = EDGE_LOOP('',(#2333,#2334,#2335,#2336));
#2333 = ORIENTED_EDGE('',*,*,#2302,.T.);
#2334 = ORIENTED_EDGE('',*,*,#2079,.T.);
#2335 = ORIENTED_EDGE('',*,*,#2317,.F.);
#2336 = ORIENTED_EDGE('',*,*,#1969,.F.);
#2337 = CYLINDRICAL_SURFACE('',#2338,0.375000000002);
#2338 = AXIS2_PLACEMENT_3D('',#2339,#2340,#2341);
#2339 = CARTESIAN_POINT('',(-6.,0.875000000002,2.));
#2340 = DIRECTION('',(0.,0.,-1.));
#2341 = DIRECTION('',(-1.,-0.,-0.));
#2342 = ( GEOMETRIC_REPRESENTATION_CONTEXT(3) 
GLOBAL_UNCERTAINTY_ASSIGNED_CONTEXT((#2346)) 
GLOBAL_UNIT_ASSIGNED_CONTEXT((#2343,#2344,#2345)) REPRESENTATION_CONTEXT
('Context #1','3D Context with UNIT and UNCERTAINTY') );
#2343 = ( LENGTH_UNIT() NAMED_UNIT(*) SI_UNIT(.MILLI.,.METRE.) );
#2344 = ( NAMED_UNIT(*) PLANE_ANGLE_UNIT() SI_UNIT($,.RADIAN.) );
#2345 = ( NAMED_UNIT(*) SI_UNIT($,.STERADIAN.) SOLID_ANGLE_UNIT() );
#2346 = UNCERTAINTY_MEASURE_WITH_UNIT(LENGTH_MEASURE(1.E-07),#2343,
  'distance_accuracy_value','confusion accuracy');
#2347 = CONTEXT_DEPENDENT_SHAPE_REPRESENTATION(#2348,#2350);
#2348 = ( REPRESENTATION_RELATIONSHIP('','',#1783,#10) 
REPRESENTATION_RELATIONSHIP_WITH_TRANSFORMATION(#2349) 
SHAPE_REPRESENTATION_RELATIONSHIP() );
#2349 = ITEM_DEFINED_TRANSFORMATION('','',#11,#27);
#2350 = PRODUCT_DEFINITION_SHAPE('Placement','Placement of an item',
  #2351);
#2351 = NEXT_ASSEMBLY_USAGE_OCCURRENCE('4','Body002 (Mirror #1)','',#5,
  #1778,$);
#2352 = PRODUCT_RELATED_PRODUCT_CATEGORY('part',$,(#1780));
#2353 = SHAPE_DEFINITION_REPRESENTATION(#2354,#2360);
#2354 = PRODUCT_DEFINITION_SHAPE('','',#2355);
#2355 = PRODUCT_DEFINITION('design','',#2356,#2359);
#2356 = PRODUCT_DEFINITION_FORMATION('','',#2357);
#2357 = PRODUCT('Body001','Body001','',(#2358));
#2358 = PRODUCT_CONTEXT('',#2,'mechanical');
#2359 = PRODUCT_DEFINITION_CONTEXT('part definition',#2,'design');
#2360 = ADVANCED_BREP_SHAPE_REPRESENTATION('',(#11,#2361),#2838);
#2361 = MANIFOLD_SOLID_BREP('',#2362);
#2362 = CLOSED_SHELL('',(#2363,#2403,#2521,#2545,#2569,#2673,#2690,#2707
    ,#2724,#2741,#2753,#2770,#2787,#2804,#2821));
#2363 = ADVANCED_FACE('',(#2364),#2398,.F.);
#2364 = FACE_BOUND('',#2365,.F.);
#2365 = EDGE_LOOP('',(#2366,#2376,#2384,#2392));
#2366 = ORIENTED_EDGE('',*,*,#2367,.F.);
#2367 = EDGE_CURVE('',#2368,#2370,#2372,.T.);
#2368 = VERTEX_POINT('',#2369);
#2369 = CARTESIAN_POINT('',(5.75,3.42,5.));
#2370 = VERTEX_POINT('',#2371);
#2371 = CARTESIAN_POINT('',(5.75,3.42,-5.));
#2372 = LINE('',#2373,#2374);
#2373 = CARTESIAN_POINT('',(5.75,3.42,5.75));
#2374 = VECTOR('',#2375,1.);
#2375 = DIRECTION('',(0.,2.22044604925E-16,-1.));
#2376 = ORIENTED_EDGE('',*,*,#2377,.T.);
#2377 = EDGE_CURVE('',#2368,#2378,#2380,.T.);
#2378 = VERTEX_POINT('',#2379);
#2379 = CARTESIAN_POINT('',(5.75,3.92,5.));
#2380 = LINE('',#2381,#2382);
#2381 = CARTESIAN_POINT('',(5.75,3.42,5.));
#2382 = VECTOR('',#2383,1.);
#2383 = DIRECTION('',(0.,1.,2.269537636124E-16));
#2384 = ORIENTED_EDGE('',*,*,#2385,.T.);
#2385 = EDGE_CURVE('',#2378,#2386,#2388,.T.);
#2386 = VERTEX_POINT('',#2387);
#2387 = CARTESIAN_POINT('',(5.75,3.92,-5.));
#2388 = LINE('',#2389,#2390);
#2389 = CARTESIAN_POINT('',(5.75,3.92,5.75));
#2390 = VECTOR('',#2391,1.);
#2391 = DIRECTION('',(0.,2.22044604925E-16,-1.));
#2392 = ORIENTED_EDGE('',*,*,#2393,.F.);
#2393 = EDGE_CURVE('',#2370,#2386,#2394,.T.);
#2394 = LINE('',#2395,#2396);
#2395 = CARTESIAN_POINT('',(5.75,3.42,-5.));
#2396 = VECTOR('',#2397,1.);
#2397 = DIRECTION('',(0.,1.,2.269537636124E-16));
#2398 = PLANE('',#2399);
#2399 = AXIS2_PLACEMENT_3D('',#2400,#2401,#2402);
#2400 = CARTESIAN_POINT('',(5.75,3.42,5.75));
#2401 = DIRECTION('',(-1.,0.,0.));
#2402 = DIRECTION('',(0.,2.22044604925E-16,-1.));
#2403 = ADVANCED_FACE('',(#2404,#2461,#2472,#2483,#2494,#2505),#2516,.F.
  );
#2404 = FACE_BOUND('',#2405,.F.);
#2405 = EDGE_LOOP('',(#2406,#2407,#2415,#2423,#2431,#2439,#2447,#2455));
#2406 = ORIENTED_EDGE('',*,*,#2367,.T.);
#2407 = ORIENTED_EDGE('',*,*,#2408,.T.);
#2408 = EDGE_CURVE('',#2370,#2409,#2411,.T.);
#2409 = VERTEX_POINT('',#2410);
#2410 = CARTESIAN_POINT('',(5.,3.42,-5.75));
#2411 = LINE('',#2412,#2413);
#2412 = CARTESIAN_POINT('',(5.375,3.42,-5.375));
#2413 = VECTOR('',#2414,1.);
#2414 = DIRECTION('',(-0.707106781187,1.604805452661E-16,-0.707106781187
    ));
#2415 = ORIENTED_EDGE('',*,*,#2416,.T.);
#2416 = EDGE_CURVE('',#2409,#2417,#2419,.T.);
#2417 = VERTEX_POINT('',#2418);
#2418 = CARTESIAN_POINT('',(-5.,3.42,-5.75));
#2419 = LINE('',#2420,#2421);
#2420 = CARTESIAN_POINT('',(5.75,3.42,-5.75));
#2421 = VECTOR('',#2422,1.);
#2422 = DIRECTION('',(-1.,0.,0.));
#2423 = ORIENTED_EDGE('',*,*,#2424,.T.);
#2424 = EDGE_CURVE('',#2417,#2425,#2427,.T.);
#2425 = VERTEX_POINT('',#2426);
#2426 = CARTESIAN_POINT('',(-5.75,3.42,-5.));
#2427 = LINE('',#2428,#2429);
#2428 = CARTESIAN_POINT('',(-5.375,3.42,-5.375));
#2429 = VECTOR('',#2430,1.);
#2430 = DIRECTION('',(-0.707106781187,-1.604805452661E-16,0.707106781187
    ));
#2431 = ORIENTED_EDGE('',*,*,#2432,.T.);
#2432 = EDGE_CURVE('',#2425,#2433,#2435,.T.);
#2433 = VERTEX_POINT('',#2434);
#2434 = CARTESIAN_POINT('',(-5.75,3.42,5.));
#2435 = LINE('',#2436,#2437);
#2436 = CARTESIAN_POINT('',(-5.75,3.42,-5.75));
#2437 = VECTOR('',#2438,1.);
#2438 = DIRECTION('',(0.,-2.22044604925E-16,1.));
#2439 = ORIENTED_EDGE('',*,*,#2440,.F.);
#2440 = EDGE_CURVE('',#2441,#2433,#2443,.T.);
#2441 = VERTEX_POINT('',#2442);
#2442 = CARTESIAN_POINT('',(-5.,3.42,5.75));
#2443 = LINE('',#2444,#2445);
#2444 = CARTESIAN_POINT('',(-5.375,3.42,5.375));
#2445 = VECTOR('',#2446,1.);
#2446 = DIRECTION('',(-0.707106781187,1.604805452661E-16,-0.707106781187
    ));
#2447 = ORIENTED_EDGE('',*,*,#2448,.T.);
#2448 = EDGE_CURVE('',#2441,#2449,#2451,.T.);
#2449 = VERTEX_POINT('',#2450);
#2450 = CARTESIAN_POINT('',(5.,3.42,5.75));
#2451 = LINE('',#2452,#2453);
#2452 = CARTESIAN_POINT('',(-5.75,3.42,5.75));
#2453 = VECTOR('',#2454,1.);
#2454 = DIRECTION('',(1.,0.,0.));
#2455 = ORIENTED_EDGE('',*,*,#2456,.F.);
#2456 = EDGE_CURVE('',#2368,#2449,#2457,.T.);
#2457 = LINE('',#2458,#2459);
#2458 = CARTESIAN_POINT('',(5.375,3.42,5.375));
#2459 = VECTOR('',#2460,1.);
#2460 = DIRECTION('',(-0.707106781187,-1.604805452661E-16,0.707106781187
    ));
#2461 = FACE_BOUND('',#2462,.F.);
#2462 = EDGE_LOOP('',(#2463));
#2463 = ORIENTED_EDGE('',*,*,#2464,.T.);
#2464 = EDGE_CURVE('',#2465,#2465,#2467,.T.);
#2465 = VERTEX_POINT('',#2466);
#2466 = CARTESIAN_POINT('',(-3.6,3.42,-4.5));
#2467 = CIRCLE('',#2468,0.9);
#2468 = AXIS2_PLACEMENT_3D('',#2469,#2470,#2471);
#2469 = CARTESIAN_POINT('',(-4.5,3.42,-4.5));
#2470 = DIRECTION('',(0.,-1.,-2.22044604925E-16));
#2471 = DIRECTION('',(1.,0.,0.));
#2472 = FACE_BOUND('',#2473,.F.);
#2473 = EDGE_LOOP('',(#2474));
#2474 = ORIENTED_EDGE('',*,*,#2475,.T.);
#2475 = EDGE_CURVE('',#2476,#2476,#2478,.T.);
#2476 = VERTEX_POINT('',#2477);
#2477 = CARTESIAN_POINT('',(-3.6,3.42,4.5));
#2478 = CIRCLE('',#2479,0.9);
#2479 = AXIS2_PLACEMENT_3D('',#2480,#2481,#2482);
#2480 = CARTESIAN_POINT('',(-4.5,3.42,4.5));
#2481 = DIRECTION('',(0.,-1.,-2.22044604925E-16));
#2482 = DIRECTION('',(1.,0.,0.));
#2483 = FACE_BOUND('',#2484,.F.);
#2484 = EDGE_LOOP('',(#2485));
#2485 = ORIENTED_EDGE('',*,*,#2486,.T.);
#2486 = EDGE_CURVE('',#2487,#2487,#2489,.T.);
#2487 = VERTEX_POINT('',#2488);
#2488 = CARTESIAN_POINT('',(5.4,3.42,-4.5));
#2489 = CIRCLE('',#2490,0.9);
#2490 = AXIS2_PLACEMENT_3D('',#2491,#2492,#2493);
#2491 = CARTESIAN_POINT('',(4.5,3.42,-4.5));
#2492 = DIRECTION('',(0.,-1.,-2.22044604925E-16));
#2493 = DIRECTION('',(1.,0.,0.));
#2494 = FACE_BOUND('',#2495,.F.);
#2495 = EDGE_LOOP('',(#2496));
#2496 = ORIENTED_EDGE('',*,*,#2497,.F.);
#2497 = EDGE_CURVE('',#2498,#2498,#2500,.T.);
#2498 = VERTEX_POINT('',#2499);
#2499 = CARTESIAN_POINT('',(3.35,3.42,-1.110223024625E-16));
#2500 = CIRCLE('',#2501,3.35);
#2501 = AXIS2_PLACEMENT_3D('',#2502,#2503,#2504);
#2502 = CARTESIAN_POINT('',(-7.848666566731E-24,3.42,-1.110223024625E-16
    ));
#2503 = DIRECTION('',(-0.,1.,2.22044604925E-16));
#2504 = DIRECTION('',(1.,0.,0.));
#2505 = FACE_BOUND('',#2506,.F.);
#2506 = EDGE_LOOP('',(#2507));
#2507 = ORIENTED_EDGE('',*,*,#2508,.T.);
#2508 = EDGE_CURVE('',#2509,#2509,#2511,.T.);
#2509 = VERTEX_POINT('',#2510);
#2510 = CARTESIAN_POINT('',(5.4,3.42,4.5));
#2511 = CIRCLE('',#2512,0.9);
#2512 = AXIS2_PLACEMENT_3D('',#2513,#2514,#2515);
#2513 = CARTESIAN_POINT('',(4.5,3.42,4.5));
#2514 = DIRECTION('',(0.,-1.,-2.22044604925E-16));
#2515 = DIRECTION('',(1.,0.,0.));
#2516 = PLANE('',#2517);
#2517 = AXIS2_PLACEMENT_3D('',#2518,#2519,#2520);
#2518 = CARTESIAN_POINT('',(1.40075523245E-16,3.42,-1.295100169175E-16)
  );
#2519 = DIRECTION('',(0.,1.,2.269537636124E-16));
#2520 = DIRECTION('',(0.,-2.269537636124E-16,1.));
#2521 = ADVANCED_FACE('',(#2522),#2540,.T.);
#2522 = FACE_BOUND('',#2523,.T.);
#2523 = EDGE_LOOP('',(#2524,#2525,#2526,#2534));
#2524 = ORIENTED_EDGE('',*,*,#2456,.F.);
#2525 = ORIENTED_EDGE('',*,*,#2377,.T.);
#2526 = ORIENTED_EDGE('',*,*,#2527,.T.);
#2527 = EDGE_CURVE('',#2378,#2528,#2530,.T.);
#2528 = VERTEX_POINT('',#2529);
#2529 = CARTESIAN_POINT('',(5.,3.92,5.75));
#2530 = LINE('',#2531,#2532);
#2531 = CARTESIAN_POINT('',(5.375,3.92,5.375));
#2532 = VECTOR('',#2533,1.);
#2533 = DIRECTION('',(-0.707106781187,-1.604805452661E-16,0.707106781187
    ));
#2534 = ORIENTED_EDGE('',*,*,#2535,.F.);
#2535 = EDGE_CURVE('',#2449,#2528,#2536,.T.);
#2536 = LINE('',#2537,#2538);
#2537 = CARTESIAN_POINT('',(5.,3.42,5.75));
#2538 = VECTOR('',#2539,1.);
#2539 = DIRECTION('',(0.,1.,2.269537636124E-16));
#2540 = PLANE('',#2541);
#2541 = AXIS2_PLACEMENT_3D('',#2542,#2543,#2544);
#2542 = CARTESIAN_POINT('',(5.375,3.42,5.375));
#2543 = DIRECTION('',(0.707106781187,-1.884010325353E-16,0.707106781187)
  );
#2544 = DIRECTION('',(1.974276588207E-17,1.,2.466965294944E-16));
#2545 = ADVANCED_FACE('',(#2546),#2564,.T.);
#2546 = FACE_BOUND('',#2547,.F.);
#2547 = EDGE_LOOP('',(#2548,#2549,#2550,#2558));
#2548 = ORIENTED_EDGE('',*,*,#2408,.F.);
#2549 = ORIENTED_EDGE('',*,*,#2393,.T.);
#2550 = ORIENTED_EDGE('',*,*,#2551,.T.);
#2551 = EDGE_CURVE('',#2386,#2552,#2554,.T.);
#2552 = VERTEX_POINT('',#2553);
#2553 = CARTESIAN_POINT('',(5.,3.92,-5.75));
#2554 = LINE('',#2555,#2556);
#2555 = CARTESIAN_POINT('',(5.375,3.92,-5.375));
#2556 = VECTOR('',#2557,1.);
#2557 = DIRECTION('',(-0.707106781187,1.604805452661E-16,-0.707106781187
    ));
#2558 = ORIENTED_EDGE('',*,*,#2559,.F.);
#2559 = EDGE_CURVE('',#2409,#2552,#2560,.T.);
#2560 = LINE('',#2561,#2562);
#2561 = CARTESIAN_POINT('',(5.,3.42,-5.75));
#2562 = VECTOR('',#2563,1.);
#2563 = DIRECTION('',(0.,1.,2.269537636124E-16));
#2564 = PLANE('',#2565);
#2565 = AXIS2_PLACEMENT_3D('',#2566,#2567,#2568);
#2566 = CARTESIAN_POINT('',(5.375,3.42,-5.375));
#2567 = DIRECTION('',(0.707106781187,1.884010325353E-16,-0.707106781187)
  );
#2568 = DIRECTION('',(1.974276588207E-17,-1.,-2.466965294944E-16));
#2569 = ADVANCED_FACE('',(#2570,#2613,#2624,#2635,#2646,#2657),#2668,.T.
  );
#2570 = FACE_BOUND('',#2571,.T.);
#2571 = EDGE_LOOP('',(#2572,#2573,#2574,#2582,#2590,#2598,#2606,#2612));
#2572 = ORIENTED_EDGE('',*,*,#2385,.T.);
#2573 = ORIENTED_EDGE('',*,*,#2551,.T.);
#2574 = ORIENTED_EDGE('',*,*,#2575,.T.);
#2575 = EDGE_CURVE('',#2552,#2576,#2578,.T.);
#2576 = VERTEX_POINT('',#2577);
#2577 = CARTESIAN_POINT('',(-5.,3.92,-5.75));
#2578 = LINE('',#2579,#2580);
#2579 = CARTESIAN_POINT('',(5.75,3.92,-5.75));
#2580 = VECTOR('',#2581,1.);
#2581 = DIRECTION('',(-1.,0.,0.));
#2582 = ORIENTED_EDGE('',*,*,#2583,.T.);
#2583 = EDGE_CURVE('',#2576,#2584,#2586,.T.);
#2584 = VERTEX_POINT('',#2585);
#2585 = CARTESIAN_POINT('',(-5.75,3.92,-5.));
#2586 = LINE('',#2587,#2588);
#2587 = CARTESIAN_POINT('',(-5.375,3.92,-5.375));
#2588 = VECTOR('',#2589,1.);
#2589 = DIRECTION('',(-0.707106781187,-1.604805452661E-16,0.707106781187
    ));
#2590 = ORIENTED_EDGE('',*,*,#2591,.T.);
#2591 = EDGE_CURVE('',#2584,#2592,#2594,.T.);
#2592 = VERTEX_POINT('',#2593);
#2593 = CARTESIAN_POINT('',(-5.75,3.92,5.));
#2594 = LINE('',#2595,#2596);
#2595 = CARTESIAN_POINT('',(-5.75,3.92,-5.75));
#2596 = VECTOR('',#2597,1.);
#2597 = DIRECTION('',(0.,-2.22044604925E-16,1.));
#2598 = ORIENTED_EDGE('',*,*,#2599,.F.);
#2599 = EDGE_CURVE('',#2600,#2592,#2602,.T.);
#2600 = VERTEX_POINT('',#2601);
#2601 = CARTESIAN_POINT('',(-5.,3.92,5.75));
#2602 = LINE('',#2603,#2604);
#2603 = CARTESIAN_POINT('',(-5.375,3.92,5.375));
#2604 = VECTOR('',#2605,1.);
#2605 = DIRECTION('',(-0.707106781187,1.604805452661E-16,-0.707106781187
    ));
#2606 = ORIENTED_EDGE('',*,*,#2607,.T.);
#2607 = EDGE_CURVE('',#2600,#2528,#2608,.T.);
#2608 = LINE('',#2609,#2610);
#2609 = CARTESIAN_POINT('',(-5.75,3.92,5.75));
#2610 = VECTOR('',#2611,1.);
#2611 = DIRECTION('',(1.,0.,0.));
#2612 = ORIENTED_EDGE('',*,*,#2527,.F.);
#2613 = FACE_BOUND('',#2614,.T.);
#2614 = EDGE_LOOP('',(#2615));
#2615 = ORIENTED_EDGE('',*,*,#2616,.T.);
#2616 = EDGE_CURVE('',#2617,#2617,#2619,.T.);
#2617 = VERTEX_POINT('',#2618);
#2618 = CARTESIAN_POINT('',(-3.6,3.92,-4.5));
#2619 = CIRCLE('',#2620,0.9);
#2620 = AXIS2_PLACEMENT_3D('',#2621,#2622,#2623);
#2621 = CARTESIAN_POINT('',(-4.5,3.92,-4.5));
#2622 = DIRECTION('',(0.,-1.,-2.22044604925E-16));
#2623 = DIRECTION('',(1.,0.,0.));
#2624 = FACE_BOUND('',#2625,.T.);
#2625 = EDGE_LOOP('',(#2626));
#2626 = ORIENTED_EDGE('',*,*,#2627,.T.);
#2627 = EDGE_CURVE('',#2628,#2628,#2630,.T.);
#2628 = VERTEX_POINT('',#2629);
#2629 = CARTESIAN_POINT('',(-3.6,3.92,4.5));
#2630 = CIRCLE('',#2631,0.9);
#2631 = AXIS2_PLACEMENT_3D('',#2632,#2633,#2634);
#2632 = CARTESIAN_POINT('',(-4.5,3.92,4.5));
#2633 = DIRECTION('',(0.,-1.,-2.22044604925E-16));
#2634 = DIRECTION('',(1.,0.,0.));
#2635 = FACE_BOUND('',#2636,.T.);
#2636 = EDGE_LOOP('',(#2637));
#2637 = ORIENTED_EDGE('',*,*,#2638,.T.);
#2638 = EDGE_CURVE('',#2639,#2639,#2641,.T.);
#2639 = VERTEX_POINT('',#2640);
#2640 = CARTESIAN_POINT('',(5.4,3.92,-4.5));
#2641 = CIRCLE('',#2642,0.9);
#2642 = AXIS2_PLACEMENT_3D('',#2643,#2644,#2645);
#2643 = CARTESIAN_POINT('',(4.5,3.92,-4.5));
#2644 = DIRECTION('',(0.,-1.,-2.22044604925E-16));
#2645 = DIRECTION('',(1.,0.,0.));
#2646 = FACE_BOUND('',#2647,.T.);
#2647 = EDGE_LOOP('',(#2648));
#2648 = ORIENTED_EDGE('',*,*,#2649,.F.);
#2649 = EDGE_CURVE('',#2650,#2650,#2652,.T.);
#2650 = VERTEX_POINT('',#2651);
#2651 = CARTESIAN_POINT('',(3.35,3.92,2.454579343668E-18));
#2652 = CIRCLE('',#2653,3.35);
#2653 = AXIS2_PLACEMENT_3D('',#2654,#2655,#2656);
#2654 = CARTESIAN_POINT('',(-7.848666566731E-24,3.92,2.454579343668E-18)
  );
#2655 = DIRECTION('',(-0.,1.,2.22044604925E-16));
#2656 = DIRECTION('',(1.,0.,0.));
#2657 = FACE_BOUND('',#2658,.T.);
#2658 = EDGE_LOOP('',(#2659));
#2659 = ORIENTED_EDGE('',*,*,#2660,.T.);
#2660 = EDGE_CURVE('',#2661,#2661,#2663,.T.);
#2661 = VERTEX_POINT('',#2662);
#2662 = CARTESIAN_POINT('',(5.4,3.92,4.5));
#2663 = CIRCLE('',#2664,0.9);
#2664 = AXIS2_PLACEMENT_3D('',#2665,#2666,#2667);
#2665 = CARTESIAN_POINT('',(4.5,3.92,4.5));
#2666 = DIRECTION('',(0.,-1.,-2.22044604925E-16));
#2667 = DIRECTION('',(1.,0.,0.));
#2668 = PLANE('',#2669);
#2669 = AXIS2_PLACEMENT_3D('',#2670,#2671,#2672);
#2670 = CARTESIAN_POINT('',(1.40075523245E-16,3.92,-1.603313511127E-17)
  );
#2671 = DIRECTION('',(0.,1.,2.269537636124E-16));
#2672 = DIRECTION('',(0.,-2.269537636124E-16,1.));
#2673 = ADVANCED_FACE('',(#2674),#2685,.F.);
#2674 = FACE_BOUND('',#2675,.F.);
#2675 = EDGE_LOOP('',(#2676,#2677,#2683,#2684));
#2676 = ORIENTED_EDGE('',*,*,#2448,.F.);
#2677 = ORIENTED_EDGE('',*,*,#2678,.T.);
#2678 = EDGE_CURVE('',#2441,#2600,#2679,.T.);
#2679 = LINE('',#2680,#2681);
#2680 = CARTESIAN_POINT('',(-5.,3.42,5.75));
#2681 = VECTOR('',#2682,1.);
#2682 = DIRECTION('',(0.,1.,2.269537636124E-16));
#2683 = ORIENTED_EDGE('',*,*,#2607,.T.);
#2684 = ORIENTED_EDGE('',*,*,#2535,.F.);
#2685 = PLANE('',#2686);
#2686 = AXIS2_PLACEMENT_3D('',#2687,#2688,#2689);
#2687 = CARTESIAN_POINT('',(-5.75,3.42,5.75));
#2688 = DIRECTION('',(0.,2.269537636124E-16,-1.));
#2689 = DIRECTION('',(1.,0.,0.));
#2690 = ADVANCED_FACE('',(#2691),#2702,.F.);
#2691 = FACE_BOUND('',#2692,.F.);
#2692 = EDGE_LOOP('',(#2693,#2694,#2695,#2696));
#2693 = ORIENTED_EDGE('',*,*,#2416,.F.);
#2694 = ORIENTED_EDGE('',*,*,#2559,.T.);
#2695 = ORIENTED_EDGE('',*,*,#2575,.T.);
#2696 = ORIENTED_EDGE('',*,*,#2697,.F.);
#2697 = EDGE_CURVE('',#2417,#2576,#2698,.T.);
#2698 = LINE('',#2699,#2700);
#2699 = CARTESIAN_POINT('',(-5.,3.42,-5.75));
#2700 = VECTOR('',#2701,1.);
#2701 = DIRECTION('',(0.,1.,2.269537636124E-16));
#2702 = PLANE('',#2703);
#2703 = AXIS2_PLACEMENT_3D('',#2704,#2705,#2706);
#2704 = CARTESIAN_POINT('',(5.75,3.42,-5.75));
#2705 = DIRECTION('',(0.,-2.269537636124E-16,1.));
#2706 = DIRECTION('',(-1.,0.,0.));
#2707 = ADVANCED_FACE('',(#2708),#2719,.T.);
#2708 = FACE_BOUND('',#2709,.T.);
#2709 = EDGE_LOOP('',(#2710,#2711,#2712,#2713));
#2710 = ORIENTED_EDGE('',*,*,#2440,.F.);
#2711 = ORIENTED_EDGE('',*,*,#2678,.T.);
#2712 = ORIENTED_EDGE('',*,*,#2599,.T.);
#2713 = ORIENTED_EDGE('',*,*,#2714,.F.);
#2714 = EDGE_CURVE('',#2433,#2592,#2715,.T.);
#2715 = LINE('',#2716,#2717);
#2716 = CARTESIAN_POINT('',(-5.75,3.42,5.));
#2717 = VECTOR('',#2718,1.);
#2718 = DIRECTION('',(0.,1.,2.269537636124E-16));
#2719 = PLANE('',#2720);
#2720 = AXIS2_PLACEMENT_3D('',#2721,#2722,#2723);
#2721 = CARTESIAN_POINT('',(-5.375,3.42,5.375));
#2722 = DIRECTION('',(-0.707106781187,-1.884010325353E-16,0.707106781187
    ));
#2723 = DIRECTION('',(-1.974276588207E-17,1.,2.466965294944E-16));
#2724 = ADVANCED_FACE('',(#2725),#2736,.T.);
#2725 = FACE_BOUND('',#2726,.F.);
#2726 = EDGE_LOOP('',(#2727,#2728,#2729,#2730));
#2727 = ORIENTED_EDGE('',*,*,#2424,.F.);
#2728 = ORIENTED_EDGE('',*,*,#2697,.T.);
#2729 = ORIENTED_EDGE('',*,*,#2583,.T.);
#2730 = ORIENTED_EDGE('',*,*,#2731,.F.);
#2731 = EDGE_CURVE('',#2425,#2584,#2732,.T.);
#2732 = LINE('',#2733,#2734);
#2733 = CARTESIAN_POINT('',(-5.75,3.42,-5.));
#2734 = VECTOR('',#2735,1.);
#2735 = DIRECTION('',(0.,1.,2.269537636124E-16));
#2736 = PLANE('',#2737);
#2737 = AXIS2_PLACEMENT_3D('',#2738,#2739,#2740);
#2738 = CARTESIAN_POINT('',(-5.375,3.42,-5.375));
#2739 = DIRECTION('',(-0.707106781187,1.884010325353E-16,-0.707106781187
    ));
#2740 = DIRECTION('',(-1.974276588207E-17,-1.,-2.466965294944E-16));
#2741 = ADVANCED_FACE('',(#2742),#2748,.F.);
#2742 = FACE_BOUND('',#2743,.F.);
#2743 = EDGE_LOOP('',(#2744,#2745,#2746,#2747));
#2744 = ORIENTED_EDGE('',*,*,#2432,.F.);
#2745 = ORIENTED_EDGE('',*,*,#2731,.T.);
#2746 = ORIENTED_EDGE('',*,*,#2591,.T.);
#2747 = ORIENTED_EDGE('',*,*,#2714,.F.);
#2748 = PLANE('',#2749);
#2749 = AXIS2_PLACEMENT_3D('',#2750,#2751,#2752);
#2750 = CARTESIAN_POINT('',(-5.75,3.42,-5.75));
#2751 = DIRECTION('',(1.,0.,0.));
#2752 = DIRECTION('',(0.,-2.22044604925E-16,1.));
#2753 = ADVANCED_FACE('',(#2754),#2765,.F.);
#2754 = FACE_BOUND('',#2755,.F.);
#2755 = EDGE_LOOP('',(#2756,#2762,#2763,#2764));
#2756 = ORIENTED_EDGE('',*,*,#2757,.T.);
#2757 = EDGE_CURVE('',#2465,#2617,#2758,.T.);
#2758 = LINE('',#2759,#2760);
#2759 = CARTESIAN_POINT('',(-3.6,3.42,-4.5));
#2760 = VECTOR('',#2761,1.);
#2761 = DIRECTION('',(0.,1.,2.269537636124E-16));
#2762 = ORIENTED_EDGE('',*,*,#2616,.T.);
#2763 = ORIENTED_EDGE('',*,*,#2757,.F.);
#2764 = ORIENTED_EDGE('',*,*,#2464,.F.);
#2765 = CYLINDRICAL_SURFACE('',#2766,0.9);
#2766 = AXIS2_PLACEMENT_3D('',#2767,#2768,#2769);
#2767 = CARTESIAN_POINT('',(-4.5,3.42,-4.5));
#2768 = DIRECTION('',(0.,-1.,-2.22044604925E-16));
#2769 = DIRECTION('',(1.,0.,0.));
#2770 = ADVANCED_FACE('',(#2771),#2782,.F.);
#2771 = FACE_BOUND('',#2772,.F.);
#2772 = EDGE_LOOP('',(#2773,#2779,#2780,#2781));
#2773 = ORIENTED_EDGE('',*,*,#2774,.T.);
#2774 = EDGE_CURVE('',#2476,#2628,#2775,.T.);
#2775 = LINE('',#2776,#2777);
#2776 = CARTESIAN_POINT('',(-3.6,3.42,4.5));
#2777 = VECTOR('',#2778,1.);
#2778 = DIRECTION('',(0.,1.,2.269537636124E-16));
#2779 = ORIENTED_EDGE('',*,*,#2627,.T.);
#2780 = ORIENTED_EDGE('',*,*,#2774,.F.);
#2781 = ORIENTED_EDGE('',*,*,#2475,.F.);
#2782 = CYLINDRICAL_SURFACE('',#2783,0.9);
#2783 = AXIS2_PLACEMENT_3D('',#2784,#2785,#2786);
#2784 = CARTESIAN_POINT('',(-4.5,3.42,4.5));
#2785 = DIRECTION('',(0.,-1.,-2.22044604925E-16));
#2786 = DIRECTION('',(1.,0.,0.));
#2787 = ADVANCED_FACE('',(#2788),#2799,.F.);
#2788 = FACE_BOUND('',#2789,.F.);
#2789 = EDGE_LOOP('',(#2790,#2796,#2797,#2798));
#2790 = ORIENTED_EDGE('',*,*,#2791,.T.);
#2791 = EDGE_CURVE('',#2487,#2639,#2792,.T.);
#2792 = LINE('',#2793,#2794);
#2793 = CARTESIAN_POINT('',(5.4,3.42,-4.5));
#2794 = VECTOR('',#2795,1.);
#2795 = DIRECTION('',(0.,1.,2.269537636124E-16));
#2796 = ORIENTED_EDGE('',*,*,#2638,.T.);
#2797 = ORIENTED_EDGE('',*,*,#2791,.F.);
#2798 = ORIENTED_EDGE('',*,*,#2486,.F.);
#2799 = CYLINDRICAL_SURFACE('',#2800,0.9);
#2800 = AXIS2_PLACEMENT_3D('',#2801,#2802,#2803);
#2801 = CARTESIAN_POINT('',(4.5,3.42,-4.5));
#2802 = DIRECTION('',(0.,-1.,-2.22044604925E-16));
#2803 = DIRECTION('',(1.,0.,0.));
#2804 = ADVANCED_FACE('',(#2805),#2816,.F.);
#2805 = FACE_BOUND('',#2806,.T.);
#2806 = EDGE_LOOP('',(#2807,#2813,#2814,#2815));
#2807 = ORIENTED_EDGE('',*,*,#2808,.T.);
#2808 = EDGE_CURVE('',#2498,#2650,#2809,.T.);
#2809 = LINE('',#2810,#2811);
#2810 = CARTESIAN_POINT('',(3.35,3.42,-1.110223024625E-16));
#2811 = VECTOR('',#2812,1.);
#2812 = DIRECTION('',(0.,1.,2.269537636124E-16));
#2813 = ORIENTED_EDGE('',*,*,#2649,.T.);
#2814 = ORIENTED_EDGE('',*,*,#2808,.F.);
#2815 = ORIENTED_EDGE('',*,*,#2497,.F.);
#2816 = CYLINDRICAL_SURFACE('',#2817,3.35);
#2817 = AXIS2_PLACEMENT_3D('',#2818,#2819,#2820);
#2818 = CARTESIAN_POINT('',(-7.848666566731E-24,3.42,-1.110223024625E-16
    ));
#2819 = DIRECTION('',(0.,-1.,-2.22044604925E-16));
#2820 = DIRECTION('',(1.,0.,0.));
#2821 = ADVANCED_FACE('',(#2822),#2833,.F.);
#2822 = FACE_BOUND('',#2823,.F.);
#2823 = EDGE_LOOP('',(#2824,#2830,#2831,#2832));
#2824 = ORIENTED_EDGE('',*,*,#2825,.T.);
#2825 = EDGE_CURVE('',#2509,#2661,#2826,.T.);
#2826 = LINE('',#2827,#2828);
#2827 = CARTESIAN_POINT('',(5.4,3.42,4.5));
#2828 = VECTOR('',#2829,1.);
#2829 = DIRECTION('',(0.,1.,2.269537636124E-16));
#2830 = ORIENTED_EDGE('',*,*,#2660,.T.);
#2831 = ORIENTED_EDGE('',*,*,#2825,.F.);
#2832 = ORIENTED_EDGE('',*,*,#2508,.F.);
#2833 = CYLINDRICAL_SURFACE('',#2834,0.9);
#2834 = AXIS2_PLACEMENT_3D('',#2835,#2836,#2837);
#2835 = CARTESIAN_POINT('',(4.5,3.42,4.5));
#2836 = DIRECTION('',(0.,-1.,-2.22044604925E-16));
#2837 = DIRECTION('',(1.,0.,0.));
#2838 = ( GEOMETRIC_REPRESENTATION_CONTEXT(3) 
GLOBAL_UNCERTAINTY_ASSIGNED_CONTEXT((#2842)) 
GLOBAL_UNIT_ASSIGNED_CONTEXT((#2839,#2840,#2841)) REPRESENTATION_CONTEXT
('Context #1','3D Context with UNIT and UNCERTAINTY') );
#2839 = ( LENGTH_UNIT() NAMED_UNIT(*) SI_UNIT(.MILLI.,.METRE.) );
#2840 = ( NAMED_UNIT(*) PLANE_ANGLE_UNIT() SI_UNIT($,.RADIAN.) );
#2841 = ( NAMED_UNIT(*) SI_UNIT($,.STERADIAN.) SOLID_ANGLE_UNIT() );
#2842 = UNCERTAINTY_MEASURE_WITH_UNIT(LENGTH_MEASURE(1.E-07),#2839,
  'distance_accuracy_value','confusion accuracy');
#2843 = CONTEXT_DEPENDENT_SHAPE_REPRESENTATION(#2844,#2846);
#2844 = ( REPRESENTATION_RELATIONSHIP('','',#2360,#10) 
REPRESENTATION_RELATIONSHIP_WITH_TRANSFORMATION(#2845) 
SHAPE_REPRESENTATION_RELATIONSHIP() );
#2845 = ITEM_DEFINED_TRANSFORMATION('','',#11,#31);
#2846 = PRODUCT_DEFINITION_SHAPE('Placement','Placement of an item',
  #2847);
#2847 = NEXT_ASSEMBLY_USAGE_OCCURRENCE('5','Body001','',#5,#2355,$);
#2848 = PRODUCT_RELATED_PRODUCT_CATEGORY('part',$,(#2357));
#2849 = SHAPE_DEFINITION_REPRESENTATION(#2850,#2856);
#2850 = PRODUCT_DEFINITION_SHAPE('','',#2851);
#2851 = PRODUCT_DEFINITION('design','',#2852,#2855);
#2852 = PRODUCT_DEFINITION_FORMATION('','',#2853);
#2853 = PRODUCT('Body','Body','',(#2854));
#2854 = PRODUCT_CONTEXT('',#2,'mechanical');
#2855 = PRODUCT_DEFINITION_CONTEXT('part definition',#2,'design');
#2856 = ADVANCED_BREP_SHAPE_REPRESENTATION('',(#11,#2857),#3605);
#2857 = MANIFOLD_SOLID_BREP('',#2858);
#2858 = CLOSED_SHELL('',(#2859,#2887,#2911,#2936,#3023,#3066,#3097,#3121
    ,#3145,#3162,#3187,#3212,#3237,#3262,#3293,#3317,#3341,#3358,#3404,
    #3413,#3422,#3431,#3440,#3463,#3494,#3518,#3542,#3559,#3584,#3596));
#2859 = ADVANCED_FACE('',(#2860,#2871),#2882,.T.);
#2860 = FACE_BOUND('',#2861,.T.);
#2861 = EDGE_LOOP('',(#2862));
#2862 = ORIENTED_EDGE('',*,*,#2863,.T.);
#2863 = EDGE_CURVE('',#2864,#2864,#2866,.T.);
#2864 = VERTEX_POINT('',#2865);
#2865 = CARTESIAN_POINT('',(3.35,4.6,-1.972152263053E-30));
#2866 = CIRCLE('',#2867,3.35);
#2867 = AXIS2_PLACEMENT_3D('',#2868,#2869,#2870);
#2868 = CARTESIAN_POINT('',(-7.848666566731E-24,4.6,-1.666468662279E-30)
  );
#2869 = DIRECTION('',(-0.,1.,2.22044604925E-16));
#2870 = DIRECTION('',(1.,0.,0.));
#2871 = FACE_BOUND('',#2872,.T.);
#2872 = EDGE_LOOP('',(#2873));
#2873 = ORIENTED_EDGE('',*,*,#2874,.F.);
#2874 = EDGE_CURVE('',#2875,#2875,#2877,.T.);
#2875 = VERTEX_POINT('',#2876);
#2876 = CARTESIAN_POINT('',(1.5,4.6,-1.577721810442E-30));
#2877 = CIRCLE('',#2878,1.5);
#2878 = AXIS2_PLACEMENT_3D('',#2879,#2880,#2881);
#2879 = CARTESIAN_POINT('',(0.,4.6,0.));
#2880 = DIRECTION('',(-0.,1.,2.22044604925E-16));
#2881 = DIRECTION('',(1.,0.,0.));
#2882 = PLANE('',#2883);
#2883 = AXIS2_PLACEMENT_3D('',#2884,#2885,#2886);
#2884 = CARTESIAN_POINT('',(0.,4.6,-8.881784197001E-16));
#2885 = DIRECTION('',(0.,1.,-3.451266460342E-31));
#2886 = DIRECTION('',(0.,3.451266460342E-31,1.));
#2887 = ADVANCED_FACE('',(#2888),#2906,.T.);
#2888 = FACE_BOUND('',#2889,.T.);
#2889 = EDGE_LOOP('',(#2890,#2891,#2898,#2905));
#2890 = ORIENTED_EDGE('',*,*,#2863,.F.);
#2891 = ORIENTED_EDGE('',*,*,#2892,.F.);
#2892 = EDGE_CURVE('',#2893,#2864,#2895,.T.);
#2893 = VERTEX_POINT('',#2894);
#2894 = CARTESIAN_POINT('',(3.35,3.42,-1.110223024625E-16));
#2895 = B_SPLINE_CURVE_WITH_KNOTS('',1,(#2896,#2897),.UNSPECIFIED.,.F.,
  .F.,(2,2),(-0.5,0.68),.PIECEWISE_BEZIER_KNOTS.);
#2896 = CARTESIAN_POINT('',(3.35,3.42,7.094910529662E-16));
#2897 = CARTESIAN_POINT('',(3.35,4.6,9.715036867777E-16));
#2898 = ORIENTED_EDGE('',*,*,#2899,.T.);
#2899 = EDGE_CURVE('',#2893,#2893,#2900,.T.);
#2900 = CIRCLE('',#2901,3.35);
#2901 = AXIS2_PLACEMENT_3D('',#2902,#2903,#2904);
#2902 = CARTESIAN_POINT('',(-7.848666566731E-24,3.42,-1.110223024625E-16
    ));
#2903 = DIRECTION('',(-0.,1.,2.22044604925E-16));
#2904 = DIRECTION('',(1.,0.,0.));
#2905 = ORIENTED_EDGE('',*,*,#2892,.T.);
#2906 = CYLINDRICAL_SURFACE('',#2907,3.35);
#2907 = AXIS2_PLACEMENT_3D('',#2908,#2909,#2910);
#2908 = CARTESIAN_POINT('',(-7.848666566731E-24,3.92,-1.368673670558E-30
    ));
#2909 = DIRECTION('',(0.,1.,2.22044604925E-16));
#2910 = DIRECTION('',(1.,0.,0.));
#2911 = ADVANCED_FACE('',(#2912),#2931,.T.);
#2912 = FACE_BOUND('',#2913,.F.);
#2913 = EDGE_LOOP('',(#2914,#2915,#2923,#2930));
#2914 = ORIENTED_EDGE('',*,*,#2874,.F.);
#2915 = ORIENTED_EDGE('',*,*,#2916,.T.);
#2916 = EDGE_CURVE('',#2875,#2917,#2919,.T.);
#2917 = VERTEX_POINT('',#2918);
#2918 = CARTESIAN_POINT('',(1.5,5.56,2.13162820728E-16));
#2919 = LINE('',#2920,#2921);
#2920 = CARTESIAN_POINT('',(1.5,4.6,-1.636886378334E-30));
#2921 = VECTOR('',#2922,1.);
#2922 = DIRECTION('',(0.,1.,2.22044604925E-16));
#2923 = ORIENTED_EDGE('',*,*,#2924,.F.);
#2924 = EDGE_CURVE('',#2917,#2917,#2925,.T.);
#2925 = CIRCLE('',#2926,1.5);
#2926 = AXIS2_PLACEMENT_3D('',#2927,#2928,#2929);
#2927 = CARTESIAN_POINT('',(0.,5.56,2.13162820728E-16));
#2928 = DIRECTION('',(0.,-1.,-2.22044604925E-16));
#2929 = DIRECTION('',(1.,0.,0.));
#2930 = ORIENTED_EDGE('',*,*,#2916,.F.);
#2931 = CYLINDRICAL_SURFACE('',#2932,1.5);
#2932 = AXIS2_PLACEMENT_3D('',#2933,#2934,#2935);
#2933 = CARTESIAN_POINT('',(0.,4.6,-1.636886378334E-30));
#2934 = DIRECTION('',(0.,-1.,-2.22044604925E-16));
#2935 = DIRECTION('',(1.,0.,0.));
#2936 = ADVANCED_FACE('',(#2937,#2971,#2982,#2993,#3004,#3007),#3018,.T.
  );
#2937 = FACE_BOUND('',#2938,.T.);
#2938 = EDGE_LOOP('',(#2939,#2949,#2957,#2965));
#2939 = ORIENTED_EDGE('',*,*,#2940,.T.);
#2940 = EDGE_CURVE('',#2941,#2943,#2945,.T.);
#2941 = VERTEX_POINT('',#2942);
#2942 = CARTESIAN_POINT('',(5.75,3.42,5.75));
#2943 = VERTEX_POINT('',#2944);
#2944 = CARTESIAN_POINT('',(5.75,3.42,-5.75));
#2945 = LINE('',#2946,#2947);
#2946 = CARTESIAN_POINT('',(5.75,3.42,5.75));
#2947 = VECTOR('',#2948,1.);
#2948 = DIRECTION('',(0.,2.22044604925E-16,-1.));
#2949 = ORIENTED_EDGE('',*,*,#2950,.T.);
#2950 = EDGE_CURVE('',#2943,#2951,#2953,.T.);
#2951 = VERTEX_POINT('',#2952);
#2952 = CARTESIAN_POINT('',(-5.75,3.42,-5.75));
#2953 = LINE('',#2954,#2955);
#2954 = CARTESIAN_POINT('',(5.75,3.42,-5.75));
#2955 = VECTOR('',#2956,1.);
#2956 = DIRECTION('',(-1.,0.,-0.));
#2957 = ORIENTED_EDGE('',*,*,#2958,.T.);
#2958 = EDGE_CURVE('',#2951,#2959,#2961,.T.);
#2959 = VERTEX_POINT('',#2960);
#2960 = CARTESIAN_POINT('',(-5.75,3.42,5.75));
#2961 = LINE('',#2962,#2963);
#2962 = CARTESIAN_POINT('',(-5.75,3.42,-5.75));
#2963 = VECTOR('',#2964,1.);
#2964 = DIRECTION('',(0.,-2.22044604925E-16,1.));
#2965 = ORIENTED_EDGE('',*,*,#2966,.T.);
#2966 = EDGE_CURVE('',#2959,#2941,#2967,.T.);
#2967 = LINE('',#2968,#2969);
#2968 = CARTESIAN_POINT('',(-5.75,3.42,5.75));
#2969 = VECTOR('',#2970,1.);
#2970 = DIRECTION('',(1.,0.,0.));
#2971 = FACE_BOUND('',#2972,.T.);
#2972 = EDGE_LOOP('',(#2973));
#2973 = ORIENTED_EDGE('',*,*,#2974,.T.);
#2974 = EDGE_CURVE('',#2975,#2975,#2977,.T.);
#2975 = VERTEX_POINT('',#2976);
#2976 = CARTESIAN_POINT('',(-3.6,3.42,-4.5));
#2977 = CIRCLE('',#2978,0.9);
#2978 = AXIS2_PLACEMENT_3D('',#2979,#2980,#2981);
#2979 = CARTESIAN_POINT('',(-4.5,3.42,-4.5));
#2980 = DIRECTION('',(0.,-1.,-2.22044604925E-16));
#2981 = DIRECTION('',(1.,0.,0.));
#2982 = FACE_BOUND('',#2983,.T.);
#2983 = EDGE_LOOP('',(#2984));
#2984 = ORIENTED_EDGE('',*,*,#2985,.T.);
#2985 = EDGE_CURVE('',#2986,#2986,#2988,.T.);
#2986 = VERTEX_POINT('',#2987);
#2987 = CARTESIAN_POINT('',(-3.6,3.42,4.5));
#2988 = CIRCLE('',#2989,0.9);
#2989 = AXIS2_PLACEMENT_3D('',#2990,#2991,#2992);
#2990 = CARTESIAN_POINT('',(-4.5,3.42,4.5));
#2991 = DIRECTION('',(0.,-1.,-2.22044604925E-16));
#2992 = DIRECTION('',(1.,0.,0.));
#2993 = FACE_BOUND('',#2994,.T.);
#2994 = EDGE_LOOP('',(#2995));
#2995 = ORIENTED_EDGE('',*,*,#2996,.T.);
#2996 = EDGE_CURVE('',#2997,#2997,#2999,.T.);
#2997 = VERTEX_POINT('',#2998);
#2998 = CARTESIAN_POINT('',(5.4,3.42,-4.5));
#2999 = CIRCLE('',#3000,0.9);
#3000 = AXIS2_PLACEMENT_3D('',#3001,#3002,#3003);
#3001 = CARTESIAN_POINT('',(4.5,3.42,-4.5));
#3002 = DIRECTION('',(0.,-1.,-2.22044604925E-16));
#3003 = DIRECTION('',(1.,0.,0.));
#3004 = FACE_BOUND('',#3005,.T.);
#3005 = EDGE_LOOP('',(#3006));
#3006 = ORIENTED_EDGE('',*,*,#2899,.F.);
#3007 = FACE_BOUND('',#3008,.T.);
#3008 = EDGE_LOOP('',(#3009));
#3009 = ORIENTED_EDGE('',*,*,#3010,.T.);
#3010 = EDGE_CURVE('',#3011,#3011,#3013,.T.);
#3011 = VERTEX_POINT('',#3012);
#3012 = CARTESIAN_POINT('',(5.4,3.42,4.5));
#3013 = CIRCLE('',#3014,0.9);
#3014 = AXIS2_PLACEMENT_3D('',#3015,#3016,#3017);
#3015 = CARTESIAN_POINT('',(4.5,3.42,4.5));
#3016 = DIRECTION('',(0.,-1.,-2.22044604925E-16));
#3017 = DIRECTION('',(1.,0.,0.));
#3018 = PLANE('',#3019);
#3019 = AXIS2_PLACEMENT_3D('',#3020,#3021,#3022);
#3020 = CARTESIAN_POINT('',(1.40075523245E-16,3.42,-1.110223024625E-16)
  );
#3021 = DIRECTION('',(0.,1.,2.269537636124E-16));
#3022 = DIRECTION('',(0.,-2.269537636124E-16,1.));
#3023 = ADVANCED_FACE('',(#3024,#3058),#3061,.F.);
#3024 = FACE_BOUND('',#3025,.F.);
#3025 = EDGE_LOOP('',(#3026,#3036,#3044,#3052));
#3026 = ORIENTED_EDGE('',*,*,#3027,.T.);
#3027 = EDGE_CURVE('',#3028,#3030,#3032,.T.);
#3028 = VERTEX_POINT('',#3029);
#3029 = CARTESIAN_POINT('',(1.905,5.56,1.905));
#3030 = VERTEX_POINT('',#3031);
#3031 = CARTESIAN_POINT('',(1.905,5.56,-1.905));
#3032 = LINE('',#3033,#3034);
#3033 = CARTESIAN_POINT('',(1.905,5.56,1.905));
#3034 = VECTOR('',#3035,1.);
#3035 = DIRECTION('',(0.,2.22044604925E-16,-1.));
#3036 = ORIENTED_EDGE('',*,*,#3037,.T.);
#3037 = EDGE_CURVE('',#3030,#3038,#3040,.T.);
#3038 = VERTEX_POINT('',#3039);
#3039 = CARTESIAN_POINT('',(-1.905,5.56,-1.905));
#3040 = LINE('',#3041,#3042);
#3041 = CARTESIAN_POINT('',(1.905,5.56,-1.905));
#3042 = VECTOR('',#3043,1.);
#3043 = DIRECTION('',(-1.,0.,-0.));
#3044 = ORIENTED_EDGE('',*,*,#3045,.T.);
#3045 = EDGE_CURVE('',#3038,#3046,#3048,.T.);
#3046 = VERTEX_POINT('',#3047);
#3047 = CARTESIAN_POINT('',(-1.905,5.56,1.905));
#3048 = LINE('',#3049,#3050);
#3049 = CARTESIAN_POINT('',(-1.905,5.56,-1.905));
#3050 = VECTOR('',#3051,1.);
#3051 = DIRECTION('',(0.,-2.22044604925E-16,1.));
#3052 = ORIENTED_EDGE('',*,*,#3053,.T.);
#3053 = EDGE_CURVE('',#3046,#3028,#3054,.T.);
#3054 = LINE('',#3055,#3056);
#3055 = CARTESIAN_POINT('',(-1.905,5.56,1.905));
#3056 = VECTOR('',#3057,1.);
#3057 = DIRECTION('',(1.,0.,0.));
#3058 = FACE_BOUND('',#3059,.F.);
#3059 = EDGE_LOOP('',(#3060));
#3060 = ORIENTED_EDGE('',*,*,#2924,.T.);
#3061 = PLANE('',#3062);
#3062 = AXIS2_PLACEMENT_3D('',#3063,#3064,#3065);
#3063 = CARTESIAN_POINT('',(-5.827942386484E-17,5.56,-4.440892098501E-16
    ));
#3064 = DIRECTION('',(0.,1.,-9.860761315263E-32));
#3065 = DIRECTION('',(0.,9.860761315263E-32,1.));
#3066 = ADVANCED_FACE('',(#3067),#3092,.F.);
#3067 = FACE_BOUND('',#3068,.F.);
#3068 = EDGE_LOOP('',(#3069,#3077,#3078,#3086));
#3069 = ORIENTED_EDGE('',*,*,#3070,.T.);
#3070 = EDGE_CURVE('',#3071,#2941,#3073,.T.);
#3071 = VERTEX_POINT('',#3072);
#3072 = CARTESIAN_POINT('',(5.75,3.92,5.75));
#3073 = LINE('',#3074,#3075);
#3074 = CARTESIAN_POINT('',(5.75,3.92,5.75));
#3075 = VECTOR('',#3076,1.);
#3076 = DIRECTION('',(0.,-1.,-2.22044604925E-16));
#3077 = ORIENTED_EDGE('',*,*,#2940,.T.);
#3078 = ORIENTED_EDGE('',*,*,#3079,.F.);
#3079 = EDGE_CURVE('',#3080,#2943,#3082,.T.);
#3080 = VERTEX_POINT('',#3081);
#3081 = CARTESIAN_POINT('',(5.75,3.92,-5.75));
#3082 = LINE('',#3083,#3084);
#3083 = CARTESIAN_POINT('',(5.75,3.92,-5.75));
#3084 = VECTOR('',#3085,1.);
#3085 = DIRECTION('',(0.,-1.,-2.22044604925E-16));
#3086 = ORIENTED_EDGE('',*,*,#3087,.F.);
#3087 = EDGE_CURVE('',#3071,#3080,#3088,.T.);
#3088 = LINE('',#3089,#3090);
#3089 = CARTESIAN_POINT('',(5.75,3.92,5.75));
#3090 = VECTOR('',#3091,1.);
#3091 = DIRECTION('',(0.,2.22044604925E-16,-1.));
#3092 = PLANE('',#3093);
#3093 = AXIS2_PLACEMENT_3D('',#3094,#3095,#3096);
#3094 = CARTESIAN_POINT('',(5.75,3.92,5.75));
#3095 = DIRECTION('',(1.,0.,0.));
#3096 = DIRECTION('',(0.,2.22044604925E-16,-1.));
#3097 = ADVANCED_FACE('',(#3098),#3116,.F.);
#3098 = FACE_BOUND('',#3099,.F.);
#3099 = EDGE_LOOP('',(#3100,#3108,#3109,#3110));
#3100 = ORIENTED_EDGE('',*,*,#3101,.T.);
#3101 = EDGE_CURVE('',#3102,#2959,#3104,.T.);
#3102 = VERTEX_POINT('',#3103);
#3103 = CARTESIAN_POINT('',(-5.75,3.92,5.75));
#3104 = LINE('',#3105,#3106);
#3105 = CARTESIAN_POINT('',(-5.75,3.92,5.75));
#3106 = VECTOR('',#3107,1.);
#3107 = DIRECTION('',(0.,-1.,-2.22044604925E-16));
#3108 = ORIENTED_EDGE('',*,*,#2966,.T.);
#3109 = ORIENTED_EDGE('',*,*,#3070,.F.);
#3110 = ORIENTED_EDGE('',*,*,#3111,.F.);
#3111 = EDGE_CURVE('',#3102,#3071,#3112,.T.);
#3112 = LINE('',#3113,#3114);
#3113 = CARTESIAN_POINT('',(-5.75,3.92,5.75));
#3114 = VECTOR('',#3115,1.);
#3115 = DIRECTION('',(1.,0.,0.));
#3116 = PLANE('',#3117);
#3117 = AXIS2_PLACEMENT_3D('',#3118,#3119,#3120);
#3118 = CARTESIAN_POINT('',(-5.75,3.92,5.75));
#3119 = DIRECTION('',(0.,-2.22044604925E-16,1.));
#3120 = DIRECTION('',(1.,0.,0.));
#3121 = ADVANCED_FACE('',(#3122),#3140,.F.);
#3122 = FACE_BOUND('',#3123,.F.);
#3123 = EDGE_LOOP('',(#3124,#3125,#3126,#3134));
#3124 = ORIENTED_EDGE('',*,*,#3079,.T.);
#3125 = ORIENTED_EDGE('',*,*,#2950,.T.);
#3126 = ORIENTED_EDGE('',*,*,#3127,.F.);
#3127 = EDGE_CURVE('',#3128,#2951,#3130,.T.);
#3128 = VERTEX_POINT('',#3129);
#3129 = CARTESIAN_POINT('',(-5.75,3.92,-5.75));
#3130 = LINE('',#3131,#3132);
#3131 = CARTESIAN_POINT('',(-5.75,3.92,-5.75));
#3132 = VECTOR('',#3133,1.);
#3133 = DIRECTION('',(0.,-1.,-2.22044604925E-16));
#3134 = ORIENTED_EDGE('',*,*,#3135,.F.);
#3135 = EDGE_CURVE('',#3080,#3128,#3136,.T.);
#3136 = LINE('',#3137,#3138);
#3137 = CARTESIAN_POINT('',(5.75,3.92,-5.75));
#3138 = VECTOR('',#3139,1.);
#3139 = DIRECTION('',(-1.,0.,-0.));
#3140 = PLANE('',#3141);
#3141 = AXIS2_PLACEMENT_3D('',#3142,#3143,#3144);
#3142 = CARTESIAN_POINT('',(5.75,3.92,-5.75));
#3143 = DIRECTION('',(0.,2.22044604925E-16,-1.));
#3144 = DIRECTION('',(-1.,0.,0.));
#3145 = ADVANCED_FACE('',(#3146),#3157,.F.);
#3146 = FACE_BOUND('',#3147,.F.);
#3147 = EDGE_LOOP('',(#3148,#3149,#3150,#3151));
#3148 = ORIENTED_EDGE('',*,*,#3127,.T.);
#3149 = ORIENTED_EDGE('',*,*,#2958,.T.);
#3150 = ORIENTED_EDGE('',*,*,#3101,.F.);
#3151 = ORIENTED_EDGE('',*,*,#3152,.F.);
#3152 = EDGE_CURVE('',#3128,#3102,#3153,.T.);
#3153 = LINE('',#3154,#3155);
#3154 = CARTESIAN_POINT('',(-5.75,3.92,-5.75));
#3155 = VECTOR('',#3156,1.);
#3156 = DIRECTION('',(0.,-2.22044604925E-16,1.));
#3157 = PLANE('',#3158);
#3158 = AXIS2_PLACEMENT_3D('',#3159,#3160,#3161);
#3159 = CARTESIAN_POINT('',(-5.75,3.92,-5.75));
#3160 = DIRECTION('',(-1.,0.,0.));
#3161 = DIRECTION('',(0.,-2.22044604925E-16,1.));
#3162 = ADVANCED_FACE('',(#3163),#3182,.T.);
#3163 = FACE_BOUND('',#3164,.F.);
#3164 = EDGE_LOOP('',(#3165,#3166,#3174,#3181));
#3165 = ORIENTED_EDGE('',*,*,#2974,.T.);
#3166 = ORIENTED_EDGE('',*,*,#3167,.T.);
#3167 = EDGE_CURVE('',#2975,#3168,#3170,.T.);
#3168 = VERTEX_POINT('',#3169);
#3169 = CARTESIAN_POINT('',(-3.6,4.42,-4.5));
#3170 = LINE('',#3171,#3172);
#3171 = CARTESIAN_POINT('',(-3.6,2.92,-4.5));
#3172 = VECTOR('',#3173,1.);
#3173 = DIRECTION('',(0.,1.,2.22044604925E-16));
#3174 = ORIENTED_EDGE('',*,*,#3175,.T.);
#3175 = EDGE_CURVE('',#3168,#3168,#3176,.T.);
#3176 = CIRCLE('',#3177,0.9);
#3177 = AXIS2_PLACEMENT_3D('',#3178,#3179,#3180);
#3178 = CARTESIAN_POINT('',(-4.5,4.42,-4.5));
#3179 = DIRECTION('',(-0.,1.,2.22044604925E-16));
#3180 = DIRECTION('',(1.,0.,0.));
#3181 = ORIENTED_EDGE('',*,*,#3167,.F.);
#3182 = CYLINDRICAL_SURFACE('',#3183,0.9);
#3183 = AXIS2_PLACEMENT_3D('',#3184,#3185,#3186);
#3184 = CARTESIAN_POINT('',(-4.5,2.92,-4.5));
#3185 = DIRECTION('',(0.,-1.,-2.22044604925E-16));
#3186 = DIRECTION('',(1.,0.,0.));
#3187 = ADVANCED_FACE('',(#3188),#3207,.T.);
#3188 = FACE_BOUND('',#3189,.F.);
#3189 = EDGE_LOOP('',(#3190,#3191,#3199,#3206));
#3190 = ORIENTED_EDGE('',*,*,#2985,.T.);
#3191 = ORIENTED_EDGE('',*,*,#3192,.T.);
#3192 = EDGE_CURVE('',#2986,#3193,#3195,.T.);
#3193 = VERTEX_POINT('',#3194);
#3194 = CARTESIAN_POINT('',(-3.6,4.42,4.5));
#3195 = LINE('',#3196,#3197);
#3196 = CARTESIAN_POINT('',(-3.6,2.92,4.5));
#3197 = VECTOR('',#3198,1.);
#3198 = DIRECTION('',(0.,1.,2.22044604925E-16));
#3199 = ORIENTED_EDGE('',*,*,#3200,.T.);
#3200 = EDGE_CURVE('',#3193,#3193,#3201,.T.);
#3201 = CIRCLE('',#3202,0.9);
#3202 = AXIS2_PLACEMENT_3D('',#3203,#3204,#3205);
#3203 = CARTESIAN_POINT('',(-4.5,4.42,4.5));
#3204 = DIRECTION('',(-0.,1.,2.22044604925E-16));
#3205 = DIRECTION('',(1.,0.,0.));
#3206 = ORIENTED_EDGE('',*,*,#3192,.F.);
#3207 = CYLINDRICAL_SURFACE('',#3208,0.9);
#3208 = AXIS2_PLACEMENT_3D('',#3209,#3210,#3211);
#3209 = CARTESIAN_POINT('',(-4.5,2.92,4.5));
#3210 = DIRECTION('',(0.,-1.,-2.22044604925E-16));
#3211 = DIRECTION('',(1.,0.,0.));
#3212 = ADVANCED_FACE('',(#3213),#3232,.T.);
#3213 = FACE_BOUND('',#3214,.F.);
#3214 = EDGE_LOOP('',(#3215,#3216,#3224,#3231));
#3215 = ORIENTED_EDGE('',*,*,#2996,.T.);
#3216 = ORIENTED_EDGE('',*,*,#3217,.T.);
#3217 = EDGE_CURVE('',#2997,#3218,#3220,.T.);
#3218 = VERTEX_POINT('',#3219);
#3219 = CARTESIAN_POINT('',(5.4,4.42,-4.5));
#3220 = LINE('',#3221,#3222);
#3221 = CARTESIAN_POINT('',(5.4,2.92,-4.5));
#3222 = VECTOR('',#3223,1.);
#3223 = DIRECTION('',(0.,1.,2.22044604925E-16));
#3224 = ORIENTED_EDGE('',*,*,#3225,.T.);
#3225 = EDGE_CURVE('',#3218,#3218,#3226,.T.);
#3226 = CIRCLE('',#3227,0.9);
#3227 = AXIS2_PLACEMENT_3D('',#3228,#3229,#3230);
#3228 = CARTESIAN_POINT('',(4.5,4.42,-4.5));
#3229 = DIRECTION('',(-0.,1.,2.22044604925E-16));
#3230 = DIRECTION('',(1.,0.,0.));
#3231 = ORIENTED_EDGE('',*,*,#3217,.F.);
#3232 = CYLINDRICAL_SURFACE('',#3233,0.9);
#3233 = AXIS2_PLACEMENT_3D('',#3234,#3235,#3236);
#3234 = CARTESIAN_POINT('',(4.5,2.92,-4.5));
#3235 = DIRECTION('',(0.,-1.,-2.22044604925E-16));
#3236 = DIRECTION('',(1.,0.,0.));
#3237 = ADVANCED_FACE('',(#3238),#3257,.T.);
#3238 = FACE_BOUND('',#3239,.F.);
#3239 = EDGE_LOOP('',(#3240,#3241,#3249,#3256));
#3240 = ORIENTED_EDGE('',*,*,#3010,.T.);
#3241 = ORIENTED_EDGE('',*,*,#3242,.T.);
#3242 = EDGE_CURVE('',#3011,#3243,#3245,.T.);
#3243 = VERTEX_POINT('',#3244);
#3244 = CARTESIAN_POINT('',(5.4,4.42,4.5));
#3245 = LINE('',#3246,#3247);
#3246 = CARTESIAN_POINT('',(5.4,2.92,4.5));
#3247 = VECTOR('',#3248,1.);
#3248 = DIRECTION('',(0.,1.,2.22044604925E-16));
#3249 = ORIENTED_EDGE('',*,*,#3250,.T.);
#3250 = EDGE_CURVE('',#3243,#3243,#3251,.T.);
#3251 = CIRCLE('',#3252,0.9);
#3252 = AXIS2_PLACEMENT_3D('',#3253,#3254,#3255);
#3253 = CARTESIAN_POINT('',(4.5,4.42,4.5));
#3254 = DIRECTION('',(-0.,1.,2.22044604925E-16));
#3255 = DIRECTION('',(1.,0.,0.));
#3256 = ORIENTED_EDGE('',*,*,#3242,.F.);
#3257 = CYLINDRICAL_SURFACE('',#3258,0.9);
#3258 = AXIS2_PLACEMENT_3D('',#3259,#3260,#3261);
#3259 = CARTESIAN_POINT('',(4.5,2.92,4.5));
#3260 = DIRECTION('',(0.,-1.,-2.22044604925E-16));
#3261 = DIRECTION('',(1.,0.,0.));
#3262 = ADVANCED_FACE('',(#3263),#3288,.T.);
#3263 = FACE_BOUND('',#3264,.T.);
#3264 = EDGE_LOOP('',(#3265,#3273,#3274,#3282));
#3265 = ORIENTED_EDGE('',*,*,#3266,.T.);
#3266 = EDGE_CURVE('',#3267,#3028,#3269,.T.);
#3267 = VERTEX_POINT('',#3268);
#3268 = CARTESIAN_POINT('',(1.905,7.36,1.905));
#3269 = LINE('',#3270,#3271);
#3270 = CARTESIAN_POINT('',(1.905,7.36,1.905));
#3271 = VECTOR('',#3272,1.);
#3272 = DIRECTION('',(0.,-1.,-2.22044604925E-16));
#3273 = ORIENTED_EDGE('',*,*,#3027,.T.);
#3274 = ORIENTED_EDGE('',*,*,#3275,.F.);
#3275 = EDGE_CURVE('',#3276,#3030,#3278,.T.);
#3276 = VERTEX_POINT('',#3277);
#3277 = CARTESIAN_POINT('',(1.905,7.36,-1.905));
#3278 = LINE('',#3279,#3280);
#3279 = CARTESIAN_POINT('',(1.905,7.36,-1.905));
#3280 = VECTOR('',#3281,1.);
#3281 = DIRECTION('',(0.,-1.,-2.22044604925E-16));
#3282 = ORIENTED_EDGE('',*,*,#3283,.F.);
#3283 = EDGE_CURVE('',#3267,#3276,#3284,.T.);
#3284 = LINE('',#3285,#3286);
#3285 = CARTESIAN_POINT('',(1.905,7.36,1.905));
#3286 = VECTOR('',#3287,1.);
#3287 = DIRECTION('',(0.,2.22044604925E-16,-1.));
#3288 = PLANE('',#3289);
#3289 = AXIS2_PLACEMENT_3D('',#3290,#3291,#3292);
#3290 = CARTESIAN_POINT('',(1.905,7.36,1.905));
#3291 = DIRECTION('',(1.,0.,0.));
#3292 = DIRECTION('',(0.,2.22044604925E-16,-1.));
#3293 = ADVANCED_FACE('',(#3294),#3312,.T.);
#3294 = FACE_BOUND('',#3295,.T.);
#3295 = EDGE_LOOP('',(#3296,#3304,#3305,#3306));
#3296 = ORIENTED_EDGE('',*,*,#3297,.T.);
#3297 = EDGE_CURVE('',#3298,#3046,#3300,.T.);
#3298 = VERTEX_POINT('',#3299);
#3299 = CARTESIAN_POINT('',(-1.905,7.36,1.905));
#3300 = LINE('',#3301,#3302);
#3301 = CARTESIAN_POINT('',(-1.905,7.36,1.905));
#3302 = VECTOR('',#3303,1.);
#3303 = DIRECTION('',(0.,-1.,-2.22044604925E-16));
#3304 = ORIENTED_EDGE('',*,*,#3053,.T.);
#3305 = ORIENTED_EDGE('',*,*,#3266,.F.);
#3306 = ORIENTED_EDGE('',*,*,#3307,.F.);
#3307 = EDGE_CURVE('',#3298,#3267,#3308,.T.);
#3308 = LINE('',#3309,#3310);
#3309 = CARTESIAN_POINT('',(-1.905,7.36,1.905));
#3310 = VECTOR('',#3311,1.);
#3311 = DIRECTION('',(1.,0.,0.));
#3312 = PLANE('',#3313);
#3313 = AXIS2_PLACEMENT_3D('',#3314,#3315,#3316);
#3314 = CARTESIAN_POINT('',(-1.905,7.36,1.905));
#3315 = DIRECTION('',(0.,-2.22044604925E-16,1.));
#3316 = DIRECTION('',(1.,0.,0.));
#3317 = ADVANCED_FACE('',(#3318),#3336,.T.);
#3318 = FACE_BOUND('',#3319,.T.);
#3319 = EDGE_LOOP('',(#3320,#3321,#3322,#3330));
#3320 = ORIENTED_EDGE('',*,*,#3275,.T.);
#3321 = ORIENTED_EDGE('',*,*,#3037,.T.);
#3322 = ORIENTED_EDGE('',*,*,#3323,.F.);
#3323 = EDGE_CURVE('',#3324,#3038,#3326,.T.);
#3324 = VERTEX_POINT('',#3325);
#3325 = CARTESIAN_POINT('',(-1.905,7.36,-1.905));
#3326 = LINE('',#3327,#3328);
#3327 = CARTESIAN_POINT('',(-1.905,7.36,-1.905));
#3328 = VECTOR('',#3329,1.);
#3329 = DIRECTION('',(0.,-1.,-2.22044604925E-16));
#3330 = ORIENTED_EDGE('',*,*,#3331,.F.);
#3331 = EDGE_CURVE('',#3276,#3324,#3332,.T.);
#3332 = LINE('',#3333,#3334);
#3333 = CARTESIAN_POINT('',(1.905,7.36,-1.905));
#3334 = VECTOR('',#3335,1.);
#3335 = DIRECTION('',(-1.,0.,-0.));
#3336 = PLANE('',#3337);
#3337 = AXIS2_PLACEMENT_3D('',#3338,#3339,#3340);
#3338 = CARTESIAN_POINT('',(1.905,7.36,-1.905));
#3339 = DIRECTION('',(0.,2.22044604925E-16,-1.));
#3340 = DIRECTION('',(-1.,0.,0.));
#3341 = ADVANCED_FACE('',(#3342),#3353,.T.);
#3342 = FACE_BOUND('',#3343,.T.);
#3343 = EDGE_LOOP('',(#3344,#3345,#3346,#3347));
#3344 = ORIENTED_EDGE('',*,*,#3323,.T.);
#3345 = ORIENTED_EDGE('',*,*,#3045,.T.);
#3346 = ORIENTED_EDGE('',*,*,#3297,.F.);
#3347 = ORIENTED_EDGE('',*,*,#3348,.F.);
#3348 = EDGE_CURVE('',#3324,#3298,#3349,.T.);
#3349 = LINE('',#3350,#3351);
#3350 = CARTESIAN_POINT('',(-1.905,7.36,-1.905));
#3351 = VECTOR('',#3352,1.);
#3352 = DIRECTION('',(0.,-2.22044604925E-16,1.));
#3353 = PLANE('',#3354);
#3354 = AXIS2_PLACEMENT_3D('',#3355,#3356,#3357);
#3355 = CARTESIAN_POINT('',(-1.905,7.36,-1.905));
#3356 = DIRECTION('',(-1.,0.,0.));
#3357 = DIRECTION('',(0.,-2.22044604925E-16,1.));
#3358 = ADVANCED_FACE('',(#3359,#3393),#3399,.T.);
#3359 = FACE_BOUND('',#3360,.T.);
#3360 = EDGE_LOOP('',(#3361,#3371,#3379,#3387));
#3361 = ORIENTED_EDGE('',*,*,#3362,.F.);
#3362 = EDGE_CURVE('',#3363,#3365,#3367,.T.);
#3363 = VERTEX_POINT('',#3364);
#3364 = CARTESIAN_POINT('',(6.,3.92,-6.));
#3365 = VERTEX_POINT('',#3366);
#3366 = CARTESIAN_POINT('',(6.,3.92,6.));
#3367 = LINE('',#3368,#3369);
#3368 = CARTESIAN_POINT('',(6.,3.92,-6.));
#3369 = VECTOR('',#3370,1.);
#3370 = DIRECTION('',(0.,2.22044604925E-16,1.));
#3371 = ORIENTED_EDGE('',*,*,#3372,.F.);
#3372 = EDGE_CURVE('',#3373,#3363,#3375,.T.);
#3373 = VERTEX_POINT('',#3374);
#3374 = CARTESIAN_POINT('',(-6.,3.92,-6.));
#3375 = LINE('',#3376,#3377);
#3376 = CARTESIAN_POINT('',(-6.,3.92,-6.));
#3377 = VECTOR('',#3378,1.);
#3378 = DIRECTION('',(1.,0.,0.));
#3379 = ORIENTED_EDGE('',*,*,#3380,.F.);
#3380 = EDGE_CURVE('',#3381,#3373,#3383,.T.);
#3381 = VERTEX_POINT('',#3382);
#3382 = CARTESIAN_POINT('',(-6.,3.92,6.));
#3383 = LINE('',#3384,#3385);
#3384 = CARTESIAN_POINT('',(-6.,3.92,6.));
#3385 = VECTOR('',#3386,1.);
#3386 = DIRECTION('',(0.,-2.22044604925E-16,-1.));
#3387 = ORIENTED_EDGE('',*,*,#3388,.F.);
#3388 = EDGE_CURVE('',#3365,#3381,#3389,.T.);
#3389 = LINE('',#3390,#3391);
#3390 = CARTESIAN_POINT('',(6.,3.92,6.));
#3391 = VECTOR('',#3392,1.);
#3392 = DIRECTION('',(-1.,0.,0.));
#3393 = FACE_BOUND('',#3394,.T.);
#3394 = EDGE_LOOP('',(#3395,#3396,#3397,#3398));
#3395 = ORIENTED_EDGE('',*,*,#3087,.F.);
#3396 = ORIENTED_EDGE('',*,*,#3111,.F.);
#3397 = ORIENTED_EDGE('',*,*,#3152,.F.);
#3398 = ORIENTED_EDGE('',*,*,#3135,.F.);
#3399 = PLANE('',#3400);
#3400 = AXIS2_PLACEMENT_3D('',#3401,#3402,#3403);
#3401 = CARTESIAN_POINT('',(0.,3.92,-8.881784197001E-16));
#3402 = DIRECTION('',(0.,1.,-3.451266460342E-31));
#3403 = DIRECTION('',(0.,3.451266460342E-31,1.));
#3404 = ADVANCED_FACE('',(#3405),#3408,.T.);
#3405 = FACE_BOUND('',#3406,.T.);
#3406 = EDGE_LOOP('',(#3407));
#3407 = ORIENTED_EDGE('',*,*,#3175,.T.);
#3408 = PLANE('',#3409);
#3409 = AXIS2_PLACEMENT_3D('',#3410,#3411,#3412);
#3410 = CARTESIAN_POINT('',(2.848833609457E-16,4.42,4.440892098501E-16)
  );
#3411 = DIRECTION('',(0.,1.,2.313393592161E-16));
#3412 = DIRECTION('',(0.,-2.313393592161E-16,1.));
#3413 = ADVANCED_FACE('',(#3414),#3417,.T.);
#3414 = FACE_BOUND('',#3415,.T.);
#3415 = EDGE_LOOP('',(#3416));
#3416 = ORIENTED_EDGE('',*,*,#3200,.T.);
#3417 = PLANE('',#3418);
#3418 = AXIS2_PLACEMENT_3D('',#3419,#3420,#3421);
#3419 = CARTESIAN_POINT('',(2.848833609457E-16,4.42,4.440892098501E-16)
  );
#3420 = DIRECTION('',(0.,1.,2.313393592161E-16));
#3421 = DIRECTION('',(0.,-2.313393592161E-16,1.));
#3422 = ADVANCED_FACE('',(#3423),#3426,.T.);
#3423 = FACE_BOUND('',#3424,.T.);
#3424 = EDGE_LOOP('',(#3425));
#3425 = ORIENTED_EDGE('',*,*,#3225,.T.);
#3426 = PLANE('',#3427);
#3427 = AXIS2_PLACEMENT_3D('',#3428,#3429,#3430);
#3428 = CARTESIAN_POINT('',(2.848833609457E-16,4.42,4.440892098501E-16)
  );
#3429 = DIRECTION('',(0.,1.,2.313393592161E-16));
#3430 = DIRECTION('',(0.,-2.313393592161E-16,1.));
#3431 = ADVANCED_FACE('',(#3432),#3435,.T.);
#3432 = FACE_BOUND('',#3433,.T.);
#3433 = EDGE_LOOP('',(#3434));
#3434 = ORIENTED_EDGE('',*,*,#3250,.T.);
#3435 = PLANE('',#3436);
#3436 = AXIS2_PLACEMENT_3D('',#3437,#3438,#3439);
#3437 = CARTESIAN_POINT('',(2.848833609457E-16,4.42,4.440892098501E-16)
  );
#3438 = DIRECTION('',(0.,1.,2.313393592161E-16));
#3439 = DIRECTION('',(0.,-2.313393592161E-16,1.));
#3440 = ADVANCED_FACE('',(#3441,#3447),#3458,.T.);
#3441 = FACE_BOUND('',#3442,.T.);
#3442 = EDGE_LOOP('',(#3443,#3444,#3445,#3446));
#3443 = ORIENTED_EDGE('',*,*,#3283,.T.);
#3444 = ORIENTED_EDGE('',*,*,#3331,.T.);
#3445 = ORIENTED_EDGE('',*,*,#3348,.T.);
#3446 = ORIENTED_EDGE('',*,*,#3307,.T.);
#3447 = FACE_BOUND('',#3448,.T.);
#3448 = EDGE_LOOP('',(#3449));
#3449 = ORIENTED_EDGE('',*,*,#3450,.F.);
#3450 = EDGE_CURVE('',#3451,#3451,#3453,.T.);
#3451 = VERTEX_POINT('',#3452);
#3452 = CARTESIAN_POINT('',(0.5,7.36,1.634248292248E-15));
#3453 = CIRCLE('',#3454,0.5);
#3454 = AXIS2_PLACEMENT_3D('',#3455,#3456,#3457);
#3455 = CARTESIAN_POINT('',(0.,7.36,1.7763568394E-15));
#3456 = DIRECTION('',(-0.,1.,2.22044604925E-16));
#3457 = DIRECTION('',(1.,0.,0.));
#3458 = PLANE('',#3459);
#3459 = AXIS2_PLACEMENT_3D('',#3460,#3461,#3462);
#3460 = CARTESIAN_POINT('',(-5.827942386484E-17,7.36,1.772626956273E-16)
  );
#3461 = DIRECTION('',(0.,1.,2.22044604925E-16));
#3462 = DIRECTION('',(-1.,0.,0.));
#3463 = ADVANCED_FACE('',(#3464),#3489,.T.);
#3464 = FACE_BOUND('',#3465,.T.);
#3465 = EDGE_LOOP('',(#3466,#3474,#3475,#3483));
#3466 = ORIENTED_EDGE('',*,*,#3467,.T.);
#3467 = EDGE_CURVE('',#3468,#3363,#3470,.T.);
#3468 = VERTEX_POINT('',#3469);
#3469 = CARTESIAN_POINT('',(6.,-1.33226762955E-15,-6.));
#3470 = LINE('',#3471,#3472);
#3471 = CARTESIAN_POINT('',(6.,-1.33226762955E-15,-6.));
#3472 = VECTOR('',#3473,1.);
#3473 = DIRECTION('',(0.,1.,-2.22044604925E-16));
#3474 = ORIENTED_EDGE('',*,*,#3362,.T.);
#3475 = ORIENTED_EDGE('',*,*,#3476,.F.);
#3476 = EDGE_CURVE('',#3477,#3365,#3479,.T.);
#3477 = VERTEX_POINT('',#3478);
#3478 = CARTESIAN_POINT('',(6.,1.33226762955E-15,6.));
#3479 = LINE('',#3480,#3481);
#3480 = CARTESIAN_POINT('',(6.,1.33226762955E-15,6.));
#3481 = VECTOR('',#3482,1.);
#3482 = DIRECTION('',(0.,1.,-2.22044604925E-16));
#3483 = ORIENTED_EDGE('',*,*,#3484,.F.);
#3484 = EDGE_CURVE('',#3468,#3477,#3485,.T.);
#3485 = LINE('',#3486,#3487);
#3486 = CARTESIAN_POINT('',(6.,-1.33226762955E-15,-6.));
#3487 = VECTOR('',#3488,1.);
#3488 = DIRECTION('',(0.,2.22044604925E-16,1.));
#3489 = PLANE('',#3490);
#3490 = AXIS2_PLACEMENT_3D('',#3491,#3492,#3493);
#3491 = CARTESIAN_POINT('',(6.,-1.33226762955E-15,-6.));
#3492 = DIRECTION('',(1.,0.,0.));
#3493 = DIRECTION('',(0.,2.22044604925E-16,1.));
#3494 = ADVANCED_FACE('',(#3495),#3513,.T.);
#3495 = FACE_BOUND('',#3496,.T.);
#3496 = EDGE_LOOP('',(#3497,#3505,#3506,#3507));
#3497 = ORIENTED_EDGE('',*,*,#3498,.T.);
#3498 = EDGE_CURVE('',#3499,#3373,#3501,.T.);
#3499 = VERTEX_POINT('',#3500);
#3500 = CARTESIAN_POINT('',(-6.,-1.33226762955E-15,-6.));
#3501 = LINE('',#3502,#3503);
#3502 = CARTESIAN_POINT('',(-6.,-1.33226762955E-15,-6.));
#3503 = VECTOR('',#3504,1.);
#3504 = DIRECTION('',(0.,1.,-2.22044604925E-16));
#3505 = ORIENTED_EDGE('',*,*,#3372,.T.);
#3506 = ORIENTED_EDGE('',*,*,#3467,.F.);
#3507 = ORIENTED_EDGE('',*,*,#3508,.F.);
#3508 = EDGE_CURVE('',#3499,#3468,#3509,.T.);
#3509 = LINE('',#3510,#3511);
#3510 = CARTESIAN_POINT('',(-6.,-1.33226762955E-15,-6.));
#3511 = VECTOR('',#3512,1.);
#3512 = DIRECTION('',(1.,0.,0.));
#3513 = PLANE('',#3514);
#3514 = AXIS2_PLACEMENT_3D('',#3515,#3516,#3517);
#3515 = CARTESIAN_POINT('',(-6.,-1.33226762955E-15,-6.));
#3516 = DIRECTION('',(0.,-2.22044604925E-16,-1.));
#3517 = DIRECTION('',(1.,0.,0.));
#3518 = ADVANCED_FACE('',(#3519),#3537,.T.);
#3519 = FACE_BOUND('',#3520,.T.);
#3520 = EDGE_LOOP('',(#3521,#3522,#3523,#3531));
#3521 = ORIENTED_EDGE('',*,*,#3476,.T.);
#3522 = ORIENTED_EDGE('',*,*,#3388,.T.);
#3523 = ORIENTED_EDGE('',*,*,#3524,.F.);
#3524 = EDGE_CURVE('',#3525,#3381,#3527,.T.);
#3525 = VERTEX_POINT('',#3526);
#3526 = CARTESIAN_POINT('',(-6.,1.33226762955E-15,6.));
#3527 = LINE('',#3528,#3529);
#3528 = CARTESIAN_POINT('',(-6.,1.33226762955E-15,6.));
#3529 = VECTOR('',#3530,1.);
#3530 = DIRECTION('',(0.,1.,-2.22044604925E-16));
#3531 = ORIENTED_EDGE('',*,*,#3532,.F.);
#3532 = EDGE_CURVE('',#3477,#3525,#3533,.T.);
#3533 = LINE('',#3534,#3535);
#3534 = CARTESIAN_POINT('',(6.,1.33226762955E-15,6.));
#3535 = VECTOR('',#3536,1.);
#3536 = DIRECTION('',(-1.,0.,0.));
#3537 = PLANE('',#3538);
#3538 = AXIS2_PLACEMENT_3D('',#3539,#3540,#3541);
#3539 = CARTESIAN_POINT('',(6.,1.33226762955E-15,6.));
#3540 = DIRECTION('',(0.,2.22044604925E-16,1.));
#3541 = DIRECTION('',(-1.,0.,0.));
#3542 = ADVANCED_FACE('',(#3543),#3554,.T.);
#3543 = FACE_BOUND('',#3544,.T.);
#3544 = EDGE_LOOP('',(#3545,#3546,#3547,#3548));
#3545 = ORIENTED_EDGE('',*,*,#3524,.T.);
#3546 = ORIENTED_EDGE('',*,*,#3380,.T.);
#3547 = ORIENTED_EDGE('',*,*,#3498,.F.);
#3548 = ORIENTED_EDGE('',*,*,#3549,.F.);
#3549 = EDGE_CURVE('',#3525,#3499,#3550,.T.);
#3550 = LINE('',#3551,#3552);
#3551 = CARTESIAN_POINT('',(-6.,1.33226762955E-15,6.));
#3552 = VECTOR('',#3553,1.);
#3553 = DIRECTION('',(0.,-2.22044604925E-16,-1.));
#3554 = PLANE('',#3555);
#3555 = AXIS2_PLACEMENT_3D('',#3556,#3557,#3558);
#3556 = CARTESIAN_POINT('',(-6.,1.33226762955E-15,6.));
#3557 = DIRECTION('',(-1.,0.,0.));
#3558 = DIRECTION('',(0.,-2.22044604925E-16,-1.));
#3559 = ADVANCED_FACE('',(#3560),#3579,.F.);
#3560 = FACE_BOUND('',#3561,.F.);
#3561 = EDGE_LOOP('',(#3562,#3570,#3577,#3578));
#3562 = ORIENTED_EDGE('',*,*,#3563,.T.);
#3563 = EDGE_CURVE('',#3451,#3564,#3566,.T.);
#3564 = VERTEX_POINT('',#3565);
#3565 = CARTESIAN_POINT('',(0.5,6.86,1.523225989786E-15));
#3566 = LINE('',#3567,#3568);
#3567 = CARTESIAN_POINT('',(0.5,7.36,1.634248292248E-15));
#3568 = VECTOR('',#3569,1.);
#3569 = DIRECTION('',(0.,-1.,-2.22044604925E-16));
#3570 = ORIENTED_EDGE('',*,*,#3571,.T.);
#3571 = EDGE_CURVE('',#3564,#3564,#3572,.T.);
#3572 = CIRCLE('',#3573,0.5);
#3573 = AXIS2_PLACEMENT_3D('',#3574,#3575,#3576);
#3574 = CARTESIAN_POINT('',(0.,6.86,1.7763568394E-15));
#3575 = DIRECTION('',(-0.,1.,2.22044604925E-16));
#3576 = DIRECTION('',(1.,0.,0.));
#3577 = ORIENTED_EDGE('',*,*,#3563,.F.);
#3578 = ORIENTED_EDGE('',*,*,#3450,.F.);
#3579 = CYLINDRICAL_SURFACE('',#3580,0.5);
#3580 = AXIS2_PLACEMENT_3D('',#3581,#3582,#3583);
#3581 = CARTESIAN_POINT('',(0.,7.36,1.634248292248E-15));
#3582 = DIRECTION('',(0.,1.,2.22044604925E-16));
#3583 = DIRECTION('',(1.,0.,0.));
#3584 = ADVANCED_FACE('',(#3585),#3591,.F.);
#3585 = FACE_BOUND('',#3586,.T.);
#3586 = EDGE_LOOP('',(#3587,#3588,#3589,#3590));
#3587 = ORIENTED_EDGE('',*,*,#3484,.T.);
#3588 = ORIENTED_EDGE('',*,*,#3532,.T.);
#3589 = ORIENTED_EDGE('',*,*,#3549,.T.);
#3590 = ORIENTED_EDGE('',*,*,#3508,.T.);
#3591 = PLANE('',#3592);
#3592 = AXIS2_PLACEMENT_3D('',#3593,#3594,#3595);
#3593 = CARTESIAN_POINT('',(0.,0.,0.));
#3594 = DIRECTION('',(0.,1.,-3.451266460342E-31));
#3595 = DIRECTION('',(0.,3.451266460342E-31,1.));
#3596 = ADVANCED_FACE('',(#3597),#3600,.T.);
#3597 = FACE_BOUND('',#3598,.T.);
#3598 = EDGE_LOOP('',(#3599));
#3599 = ORIENTED_EDGE('',*,*,#3571,.T.);
#3600 = PLANE('',#3601);
#3601 = AXIS2_PLACEMENT_3D('',#3602,#3603,#3604);
#3602 = CARTESIAN_POINT('',(-3.204937810639E-17,6.86,1.498801083244E-15)
  );
#3603 = DIRECTION('',(0.,1.,-4.930380657631E-32));
#3604 = DIRECTION('',(0.,4.930380657631E-32,1.));
#3605 = ( GEOMETRIC_REPRESENTATION_CONTEXT(3) 
GLOBAL_UNCERTAINTY_ASSIGNED_CONTEXT((#3609)) 
GLOBAL_UNIT_ASSIGNED_CONTEXT((#3606,#3607,#3608)) REPRESENTATION_CONTEXT
('Context #1','3D Context with UNIT and UNCERTAINTY') );
#3606 = ( LENGTH_UNIT() NAMED_UNIT(*) SI_UNIT(.MILLI.,.METRE.) );
#3607 = ( NAMED_UNIT(*) PLANE_ANGLE_UNIT() SI_UNIT($,.RADIAN.) );
#3608 = ( NAMED_UNIT(*) SI_UNIT($,.STERADIAN.) SOLID_ANGLE_UNIT() );
#3609 = UNCERTAINTY_MEASURE_WITH_UNIT(LENGTH_MEASURE(5.E-07),#3606,
  'distance_accuracy_value','confusion accuracy');
#3610 = CONTEXT_DEPENDENT_SHAPE_REPRESENTATION(#3611,#3613);
#3611 = ( REPRESENTATION_RELATIONSHIP('','',#2856,#10) 
REPRESENTATION_RELATIONSHIP_WITH_TRANSFORMATION(#3612) 
SHAPE_REPRESENTATION_RELATIONSHIP() );
#3612 = ITEM_DEFINED_TRANSFORMATION('','',#11,#35);
#3613 = PRODUCT_DEFINITION_SHAPE('Placement','Placement of an item',
  #3614);
#3614 = NEXT_ASSEMBLY_USAGE_OCCURRENCE('6','Body','',#5,#2851,$);
#3615 = PRODUCT_RELATED_PRODUCT_CATEGORY('part',$,(#2853));
#3616 = MECHANICAL_DESIGN_GEOMETRIC_PRESENTATION_REPRESENTATION('',(
    #3617),#1765);
#3617 = STYLED_ITEM('color',(#3618),#1207);
#3618 = PRESENTATION_STYLE_ASSIGNMENT((#3619,#3625));
#3619 = SURFACE_STYLE_USAGE(.BOTH.,#3620);
#3620 = SURFACE_SIDE_STYLE('',(#3621));
#3621 = SURFACE_STYLE_FILL_AREA(#3622);
#3622 = FILL_AREA_STYLE('',(#3623));
#3623 = FILL_AREA_STYLE_COLOUR('',#3624);
#3624 = COLOUR_RGB('',0.796078452645,0.823529417451,0.937254901616);
#3625 = CURVE_STYLE('',#3626,POSITIVE_LENGTH_MEASURE(0.1),#3627);
#3626 = DRAUGHTING_PRE_DEFINED_CURVE_FONT('continuous');
#3627 = COLOUR_RGB('',9.803921802644E-02,9.803921802644E-02,
  9.803921802644E-02);
#3628 = MECHANICAL_DESIGN_GEOMETRIC_PRESENTATION_REPRESENTATION('',(
    #3629),#1188);
#3629 = STYLED_ITEM('color',(#3630),#630);
#3630 = PRESENTATION_STYLE_ASSIGNMENT((#3631,#3636));
#3631 = SURFACE_STYLE_USAGE(.BOTH.,#3632);
#3632 = SURFACE_SIDE_STYLE('',(#3633));
#3633 = SURFACE_STYLE_FILL_AREA(#3634);
#3634 = FILL_AREA_STYLE('',(#3635));
#3635 = FILL_AREA_STYLE_COLOUR('',#3624);
#3636 = CURVE_STYLE('',#3637,POSITIVE_LENGTH_MEASURE(0.1),#3627);
#3637 = DRAUGHTING_PRE_DEFINED_CURVE_FONT('continuous');
#3638 = MECHANICAL_DESIGN_GEOMETRIC_PRESENTATION_REPRESENTATION('',(
    #3639),#3605);
#3639 = STYLED_ITEM('color',(#3640),#2857);
#3640 = PRESENTATION_STYLE_ASSIGNMENT((#3641,#3647));
#3641 = SURFACE_STYLE_USAGE(.BOTH.,#3642);
#3642 = SURFACE_SIDE_STYLE('',(#3643));
#3643 = SURFACE_STYLE_FILL_AREA(#3644);
#3644 = FILL_AREA_STYLE('',(#3645));
#3645 = FILL_AREA_STYLE_COLOUR('',#3646);
#3646 = COLOUR_RGB('',0.250980406631,0.250980406631,0.250980406631);
#3647 = CURVE_STYLE('',#3648,POSITIVE_LENGTH_MEASURE(0.1),#3627);
#3648 = DRAUGHTING_PRE_DEFINED_CURVE_FONT('continuous');
#3649 = MECHANICAL_DESIGN_GEOMETRIC_PRESENTATION_REPRESENTATION('',(
    #3650),#2838);
#3650 = STYLED_ITEM('color',(#3651),#2361);
#3651 = PRESENTATION_STYLE_ASSIGNMENT((#3652,#3658));
#3652 = SURFACE_STYLE_USAGE(.BOTH.,#3653);
#3653 = SURFACE_SIDE_STYLE('',(#3654));
#3654 = SURFACE_STYLE_FILL_AREA(#3655);
#3655 = FILL_AREA_STYLE('',(#3656));
#3656 = FILL_AREA_STYLE_COLOUR('',#3657);
#3657 = DRAUGHTING_PRE_DEFINED_COLOUR('white');
#3658 = CURVE_STYLE('',#3659,POSITIVE_LENGTH_MEASURE(0.1),#3627);
#3659 = DRAUGHTING_PRE_DEFINED_CURVE_FONT('continuous');
#3660 = MECHANICAL_DESIGN_GEOMETRIC_PRESENTATION_REPRESENTATION('',(
    #3661),#2342);
#3661 = STYLED_ITEM('color',(#3662),#1784);
#3662 = PRESENTATION_STYLE_ASSIGNMENT((#3663,#3668));
#3663 = SURFACE_STYLE_USAGE(.BOTH.,#3664);
#3664 = SURFACE_SIDE_STYLE('',(#3665));
#3665 = SURFACE_STYLE_FILL_AREA(#3666);
#3666 = FILL_AREA_STYLE('',(#3667));
#3667 = FILL_AREA_STYLE_COLOUR('',#3624);
#3668 = CURVE_STYLE('',#3669,POSITIVE_LENGTH_MEASURE(0.1),#3627);
#3669 = DRAUGHTING_PRE_DEFINED_CURVE_FONT('continuous');
#3670 = MECHANICAL_DESIGN_GEOMETRIC_PRESENTATION_REPRESENTATION('',(
    #3671),#611);
#3671 = STYLED_ITEM('color',(#3672),#53);
#3672 = PRESENTATION_STYLE_ASSIGNMENT((#3673,#3679));
#3673 = SURFACE_STYLE_USAGE(.BOTH.,#3674);
#3674 = SURFACE_SIDE_STYLE('',(#3675));
#3675 = SURFACE_STYLE_FILL_AREA(#3676);
#3676 = FILL_AREA_STYLE('',(#3677));
#3677 = FILL_AREA_STYLE_COLOUR('',#3678);
#3678 = COLOUR_RGB('',0.447059003357,0.474510015008,0.501960993452);
#3679 = CURVE_STYLE('',#3680,POSITIVE_LENGTH_MEASURE(0.1),#3627);
#3680 = DRAUGHTING_PRE_DEFINED_CURVE_FONT('continuous');
ENDSEC;
END-ISO-10303-21;
