ISO-10303-21;
HEADER;
FILE_DESCRIPTION (( 'STEP AP214' ),
    '1' );
FILE_NAME ('500SSP1S1M7QEA.STEP',
    '2023-10-18T14:37:55',
    ( '' ),
    ( '' ),
    'SwSTEP 2.0',
    'SolidWorks 2021',
    '' );
FILE_SCHEMA (( 'AUTOMOTIVE_DESIGN' ));
ENDSEC;

DATA;
#1 = DIRECTION ( 'NONE',  ( 0.000000000000000000, -1.000000000000000000, 0.000000000000000000 ) ) ;
#2 = VECTOR ( 'NONE', #4510, 1000.000000000000000 ) ;
#3 = VECTOR ( 'NONE', #706, 1000.000000000000000 ) ;
#4 = DIRECTION ( 'NONE',  ( 6.938893903907228378E-17, -1.000000000000000000, -5.551115123125782702E-17 ) ) ;
#5 = EDGE_LOOP ( 'NONE', ( #7645, #3859, #7025, #5140 ) ) ;
#6 = AXIS2_PLACEMENT_3D ( 'NONE', #781, #4432, #7554 ) ;
#7 = CARTESIAN_POINT ( 'NONE',  ( 2.825517787701965045, -1.256422025682699894, -0.2105054671414369749 ) ) ;
#8 = AXIS2_PLACEMENT_3D ( 'NONE', #2709, #7065, #5781 ) ;
#9 = DIRECTION ( 'NONE',  ( 0.000000000000000000, 1.000000000000000000, 0.000000000000000000 ) ) ;
#10 = CARTESIAN_POINT ( 'NONE',  ( -0.7249999999999999778, -3.140000000000000124, 2.429999999999999716 ) ) ;
#11 = CARTESIAN_POINT ( 'NONE',  ( -5.017500000000000071, -2.939999999999999947, 3.972500000000000142 ) ) ;
#12 = ORIENTED_EDGE ( 'NONE', *, *, #250, .T. ) ;
#13 = CYLINDRICAL_SURFACE ( 'NONE', #7405, 0.7249999999999999778 ) ;
#14 = VERTEX_POINT ( 'NONE', #4684 ) ;
#15 = VECTOR ( 'NONE', #3293, 1000.000000000000114 ) ;
#16 = DIRECTION ( 'NONE',  ( 0.000000000000000000, 0.000000000000000000, -1.000000000000000000 ) ) ;
#17 = CARTESIAN_POINT ( 'NONE',  ( 2.600000000000000089, 2.939999999999999947, 3.449999999999999734 ) ) ;
#18 = CARTESIAN_POINT ( 'NONE',  ( -0.3799999988219774916, 1.014999980130167900, -0.5232012072668159597 ) ) ;
#19 = CARTESIAN_POINT ( 'NONE',  ( -6.349999999999999645, 2.339999999999999858, 0.000000000000000000 ) ) ;
#20 = EDGE_CURVE ( 'NONE', #7008, #61, #6548, .T. ) ;
#21 = CARTESIAN_POINT ( 'NONE',  ( 5.580000000000000071, -0.8249999999999999556, -3.109999999999999876 ) ) ;
#22 = VECTOR ( 'NONE', #2416, 1000.000000000000000 ) ;
#23 = CARTESIAN_POINT ( 'NONE',  ( 0.000000000000000000, 0.000000000000000000, 28.24000000000000199 ) ) ;
#24 = EDGE_LOOP ( 'NONE', ( #533, #5079, #846, #1343 ) ) ;
#25 = ADVANCED_FACE ( 'NONE', ( #3516 ), #465, .F. ) ;
#26 = ORIENTED_EDGE ( 'NONE', *, *, #4567, .F. ) ;
#27 = ORIENTED_EDGE ( 'NONE', *, *, #7664, .T. ) ;
#28 = DIRECTION ( 'NONE',  ( -1.000000000000000000, 0.000000000000000000, 0.000000000000000000 ) ) ;
#29 = VECTOR ( 'NONE', #2579, 1000.000000000000000 ) ;
#30 = LINE ( 'NONE', #7240, #4845 ) ;
#31 = LINE ( 'NONE', #7440, #261 ) ;
#32 = EDGE_CURVE ( 'NONE', #5530, #1084, #3366, .T. ) ;
#33 = PLANE ( 'NONE',  #5966 ) ;
#34 = ADVANCED_FACE ( 'NONE', ( #2806, #993 ), #7047, .T. ) ;
#35 = CIRCLE ( 'NONE', #421, 0.7249999999999999778 ) ;
#36 = ORIENTED_EDGE ( 'NONE', *, *, #1721, .F. ) ;
#37 = DIRECTION ( 'NONE',  ( -1.000000000000000000, 0.000000000000000000, 0.000000000000000000 ) ) ;
#38 = CARTESIAN_POINT ( 'NONE',  ( -1.280535862868720010, -1.277259645338034044, -0.2724219540487030078 ) ) ;
#39 = DIRECTION ( 'NONE',  ( 1.000000000000000000, 0.000000000000000000, 0.000000000000000000 ) ) ;
#40 = VECTOR ( 'NONE', #2770, 1000.000000000000000 ) ;
#41 = ORIENTED_EDGE ( 'NONE', *, *, #7850, .T. ) ;
#42 = ORIENTED_EDGE ( 'NONE', *, *, #1868, .F. ) ;
#43 = CARTESIAN_POINT ( 'NONE',  ( -4.799666214021650390, -1.015000000000000124, -0.5806964507600719250 ) ) ;
#44 = VERTEX_POINT ( 'NONE', #1709 ) ;
#45 = CARTESIAN_POINT ( 'NONE',  ( 0.4021483574660149607, -1.099880710401210049, -0.4617313851366529609 ) ) ;
#46 = B_SPLINE_CURVE_WITH_KNOTS ( 'NONE', 3,
 ( #5852, #2120, #6482, #3989, #1525, #5178 ),
 .UNSPECIFIED., .F., .F.,
 ( 4, 2, 4 ),
 ( 9.999963730000000327E-07, 0.007714922735154998434, 0.01391134352180401976 ),
 .UNSPECIFIED. ) ;
#47 = CARTESIAN_POINT ( 'NONE',  ( 5.079998504918450841, -0.9118526045594088636, -0.5126895366387231867 ) ) ;
#48 = CARTESIAN_POINT ( 'NONE',  ( -4.320000000000000284, -1.015000000000000124, -0.6499999999999909184 ) ) ;
#49 = CARTESIAN_POINT ( 'NONE',  ( 5.200000000000000178, -2.339999999999999858, 4.989999999999999325 ) ) ;
#50 = ORIENTED_EDGE ( 'NONE', *, *, #5150, .T. ) ;
#51 = CARTESIAN_POINT ( 'NONE',  ( 3.444179040000000062E-15, -1.930000000000000160, 11.42999999999999972 ) ) ;
#52 = ORIENTED_EDGE ( 'NONE', *, *, #4301, .F. ) ;
#53 = CARTESIAN_POINT ( 'NONE',  ( 3.550000000000000266, 2.050000000000000266, 5.989999999999999325 ) ) ;
#54 = CARTESIAN_POINT ( 'NONE',  ( -0.7828678246082599879, 1.930000000000000160, 11.29681751662950084 ) ) ;
#55 = DIRECTION ( 'NONE',  ( 0.000000000000000000, -1.000000000000000000, 0.000000000000000000 ) ) ;
#56 = CARTESIAN_POINT ( 'NONE',  ( -4.700000000000000178, -2.339999999999999858, 4.989999999999999325 ) ) ;
#57 = DIRECTION ( 'NONE',  ( -1.964000422322595044E-19, 1.000000000000000000, -2.706565559890040099E-12 ) ) ;
#58 = LINE ( 'NONE', #6103, #4321 ) ;
#59 = CARTESIAN_POINT ( 'NONE',  ( 2.799999999999999822, 2.000000000000000000, 4.989999999999999325 ) ) ;
#60 = ORIENTED_EDGE ( 'NONE', *, *, #335, .T. ) ;
#61 = VERTEX_POINT ( 'NONE', #2221 ) ;
#62 = ORIENTED_EDGE ( 'NONE', *, *, #5461, .F. ) ;
#63 = CARTESIAN_POINT ( 'NONE',  ( -5.080000000000000071, 0.6350000000000000089, -10.73000000000000043 ) ) ;
#64 = EDGE_CURVE ( 'NONE', #6980, #5812, #1074, .T. ) ;
#65 = LINE ( 'NONE', #2486, #5605 ) ;
#66 = DIRECTION ( 'NONE',  ( 0.000000000000000000, 1.000000000000000000, 0.000000000000000000 ) ) ;
#67 = DIRECTION ( 'NONE',  ( 0.000000000000000000, -0.9615239476408231623, 0.2747211278973781257 ) ) ;
#68 = EDGE_LOOP ( 'NONE', ( #1359, #5058, #1328, #2934, #3001 ) ) ;
#69 = CARTESIAN_POINT ( 'NONE',  ( 5.079953741466574968, 0.7212287875555128958, -0.5822494164143401374 ) ) ;
#70 = CARTESIAN_POINT ( 'NONE',  ( -1.325569641461104009, -1.145507536218546063, -0.2957820417233544830 ) ) ;
#71 = FACE_OUTER_BOUND ( 'NONE', #6913, .T. ) ;
#72 = EDGE_CURVE ( 'NONE', #7491, #6645, #4123, .T. ) ;
#73 = EDGE_CURVE ( 'NONE', #1227, #6935, #309, .T. ) ;
#74 = ORIENTED_EDGE ( 'NONE', *, *, #1695, .T. ) ;
#75 = ORIENTED_EDGE ( 'NONE', *, *, #2190, .T. ) ;
#76 = CARTESIAN_POINT ( 'NONE',  ( -5.292567162024144345, 0.8870968213643448674, -0.3231033754867219110 ) ) ;
#77 = ADVANCED_FACE ( 'NONE', ( #2765 ), #4008, .T. ) ;
#78 = CARTESIAN_POINT ( 'NONE',  ( -4.684578429721609538, 1.007253033265546049, -0.6122152122364439286 ) ) ;
#79 = ADVANCED_FACE ( 'NONE', ( #4650, #4568 ), #7002, .F. ) ;
#80 = ORIENTED_EDGE ( 'NONE', *, *, #1841, .T. ) ;
#81 = CARTESIAN_POINT ( 'NONE',  ( 1.900440113366985040, -1.482914121207304037, -0.1584198560372515052 ) ) ;
#82 = LINE ( 'NONE', #3100, #3157 ) ;
#83 = CARTESIAN_POINT ( 'NONE',  ( 0.8800000000000109956, -0.6350000000058929617, -7.419999999998291074 ) ) ;
#84 = CARTESIAN_POINT ( 'NONE',  ( -3.550000000000000266, -2.000000000000000000, 6.709999999999999964 ) ) ;
#85 = ORIENTED_EDGE ( 'NONE', *, *, #1560, .T. ) ;
#86 = CARTESIAN_POINT ( 'NONE',  ( -4.850000000000000533, 3.140000000000000124, 2.449999999999999734 ) ) ;
#87 = ORIENTED_EDGE ( 'NONE', *, *, #2071, .T. ) ;
#88 = B_SPLINE_CURVE_WITH_KNOTS ( 'NONE', 3,
 ( #2497, #805, #3693, #2581 ),
 .UNSPECIFIED., .F., .F.,
 ( 4, 4 ),
 ( 0.000000000000000000, 1.000000000000000000 ),
 .UNSPECIFIED. ) ;
#89 = CARTESIAN_POINT ( 'NONE',  ( 6.349999999999999645, -3.299999999999999822, 6.709999999999999964 ) ) ;
#90 = CARTESIAN_POINT ( 'NONE',  ( 8.429999999999999716, -2.834999999999999964, 6.349999999999999645 ) ) ;
#91 = CARTESIAN_POINT ( 'NONE',  ( -2.799999999999999822, 2.000000000000000000, 4.989999999999999325 ) ) ;
#92 = LINE ( 'NONE', #2513, #3049 ) ;
#93 = PLANE ( 'NONE',  #4963 ) ;
#94 = DIRECTION ( 'NONE',  ( 0.7071067811865474617, 0.000000000000000000, -0.7071067811865474617 ) ) ;
#95 = ORIENTED_EDGE ( 'NONE', *, *, #6543, .F. ) ;
#96 = CARTESIAN_POINT ( 'NONE',  ( -4.389707965125134947, 1.015000015627709917, -0.5368071375022980263 ) ) ;
#97 = EDGE_LOOP ( 'NONE', ( #7378, #326, #3226, #4750, #4245, #3078, #1492, #364, #590, #2430 ) ) ;
#98 = VERTEX_POINT ( 'NONE', #5834 ) ;
#99 = ORIENTED_EDGE ( 'NONE', *, *, #1593, .T. ) ;
#100 = DIRECTION ( 'NONE',  ( -0.000000000000000000, 1.000000000000000000, 0.000000000000000000 ) ) ;
#101 = DIRECTION ( 'NONE',  ( -1.000000000000000000, 0.000000000000000000, 0.000000000000000000 ) ) ;
#102 = LINE ( 'NONE', #5011, #3043 ) ;
#103 = DIRECTION ( 'NONE',  ( 0.000000000000000000, -1.000000000000000000, 0.000000000000000000 ) ) ;
#104 = CARTESIAN_POINT ( 'NONE',  ( 4.559374824886289979, 0.6398870290634129931, -0.7101781727591529592 ) ) ;
#105 = ORIENTED_EDGE ( 'NONE', *, *, #1640, .F. ) ;
#106 = DIRECTION ( 'NONE',  ( 0.000000000000000000, 0.000000000000000000, 1.000000000000000000 ) ) ;
#107 = CARTESIAN_POINT ( 'NONE',  ( -0.9278233824397190688, -1.064517455392961942, -0.3838817534645995178 ) ) ;
#108 = FACE_OUTER_BOUND ( 'NONE', #887, .T. ) ;
#109 = EDGE_LOOP ( 'NONE', ( #4606, #4894, #4036, #4397, #7183, #5734, #4761, #7500 ) ) ;
#110 = DIRECTION ( 'NONE',  ( 0.000000000000000000, 1.000000000000000000, 0.000000000000000000 ) ) ;
#111 = EDGE_LOOP ( 'NONE', ( #1233, #5921, #2328, #3949 ) ) ;
#112 = ORIENTED_EDGE ( 'NONE', *, *, #4300, .F. ) ;
#113 = CARTESIAN_POINT ( 'NONE',  ( -0.9710995989701970421, -1.930000000000000160, 10.97280578029042175 ) ) ;
#114 = EDGE_CURVE ( 'NONE', #5774, #5477, #1627, .T. ) ;
#115 = VECTOR ( 'NONE', #4902, 1000.000000000000000 ) ;
#116 = VECTOR ( 'NONE', #4651, 1000.000000000000000 ) ;
#117 = CARTESIAN_POINT ( 'NONE',  ( -5.854675406737367638, -1.665400557168329909, -0.02796771069676783766 ) ) ;
#118 = ORIENTED_EDGE ( 'NONE', *, *, #3086, .T. ) ;
#119 = CARTESIAN_POINT ( 'NONE',  ( 1.237013294359420090, -1.323717977562154147, -0.2557370037172735366 ) ) ;
#120 = DIRECTION ( 'NONE',  ( 0.000000000000000000, 0.000000000000000000, -1.000000000000000000 ) ) ;
#121 = AXIS2_PLACEMENT_3D ( 'NONE', #3730, #7325, #6885 ) ;
#122 = DIRECTION ( 'NONE',  ( 0.000000000000000000, 0.000000000000000000, 1.000000000000000000 ) ) ;
#123 = ADVANCED_FACE ( 'NONE', ( #3598 ), #2918, .F. ) ;
#124 = AXIS2_PLACEMENT_3D ( 'NONE', #5906, #2869, #4715 ) ;
#125 = CARTESIAN_POINT ( 'NONE',  ( -0.4618952601246760215, 2.122999999999999776, 11.06485719378548005 ) ) ;
#126 = EDGE_CURVE ( 'NONE', #1881, #4614, #4158, .T. ) ;
#127 = ORIENTED_EDGE ( 'NONE', *, *, #3419, .F. ) ;
#128 = DIRECTION ( 'NONE',  ( 1.000000000000000000, 0.000000000000000000, 0.000000000000000000 ) ) ;
#129 = ORIENTED_EDGE ( 'NONE', *, *, #661, .F. ) ;
#130 = VECTOR ( 'NONE', #7284, 1000.000000000000000 ) ;
#131 = CARTESIAN_POINT ( 'NONE',  ( -4.899999999999999467, 2.939999999999999947, 2.449999999999999734 ) ) ;
#132 = VECTOR ( 'NONE', #2203, 1000.000000000000000 ) ;
#133 = CARTESIAN_POINT ( 'NONE',  ( 5.576005067367970192, 1.678183594361505104, -0.05450789998454080160 ) ) ;
#134 = CARTESIAN_POINT ( 'NONE',  ( 0.1887301014381785047, 1.930000000000000160, 11.10513047107099993 ) ) ;
#135 = LINE ( 'NONE', #4875, #7379 ) ;
#136 = SHAPE_REPRESENTATION ( '500SSP1S1M7QEA', ( #2530, #1678 ), #6350 ) ;
#137 = PLANE ( 'NONE',  #2048 ) ;
#138 = AXIS2_PLACEMENT_3D ( 'NONE', #6828, #1385, #1345 ) ;
#139 = CARTESIAN_POINT ( 'NONE',  ( -0.3799999988219774916, 1.014999980130167900, -0.5232012072668159597 ) ) ;
#140 = VERTEX_POINT ( 'NONE', #3074 ) ;
#141 = CARTESIAN_POINT ( 'NONE',  ( -5.080000000000000071, -1.015000000000000124, -0.6499999999999909184 ) ) ;
#142 = VECTOR ( 'NONE', #6208, 1000.000000000000000 ) ;
#143 = VERTEX_POINT ( 'NONE', #4240 ) ;
#144 = ORIENTED_EDGE ( 'NONE', *, *, #7315, .T. ) ;
#145 = CIRCLE ( 'NONE', #517, 0.1999999999999875211 ) ;
#146 = CARTESIAN_POINT ( 'NONE',  ( -2.600000000000000089, 2.939999999999999947, 2.449999999999999734 ) ) ;
#147 = CARTESIAN_POINT ( 'NONE',  ( 9.039999999999999147, 0.6985000000000000098, -4.407999999999999474 ) ) ;
#148 = LINE ( 'NONE', #5484, #4962 ) ;
#149 = EDGE_CURVE ( 'NONE', #6116, #1544, #6581, .T. ) ;
#150 = VECTOR ( 'NONE', #5647, 1000.000000000000114 ) ;
#151 = CARTESIAN_POINT ( 'NONE',  ( 5.696526316297429560, -1.559499305567110028, -0.06490083089734199895 ) ) ;
#152 = CARTESIAN_POINT ( 'NONE',  ( 2.862837437312025113, 1.317954077816873903, -0.2123454500187665073 ) ) ;
#153 = ORIENTED_EDGE ( 'NONE', *, *, #5827, .T. ) ;
#154 = CARTESIAN_POINT ( 'NONE',  ( 5.079976851471034394, 0.6706608617596563349, -0.5930481658973164594 ) ) ;
#155 = VECTOR ( 'NONE', #4416, 1000.000000000000000 ) ;
#156 = CARTESIAN_POINT ( 'NONE',  ( 9.342999999999999972, 0.6985000000021589495, -7.420000000001889973 ) ) ;
#157 = CARTESIAN_POINT ( 'NONE',  ( 5.080000000000000071, -0.5927730585616969305, -0.5999999999999878764 ) ) ;
#158 = DIRECTION ( 'NONE',  ( 0.000000000000000000, -1.000000000000000000, 0.000000000000000000 ) ) ;
#159 = VERTEX_POINT ( 'NONE', #6100 ) ;
#160 = LINE ( 'NONE', #4457, #155 ) ;
#161 = VECTOR ( 'NONE', #1884, 1000.000000000000000 ) ;
#162 = EDGE_LOOP ( 'NONE', ( #3536, #5938, #3421, #7408 ) ) ;
#163 = CARTESIAN_POINT ( 'NONE',  ( -2.799999999999999822, 2.000000000000000000, 4.839999999999999858 ) ) ;
#164 = VECTOR ( 'NONE', #3565, 1000.000000000000000 ) ;
#165 = CARTESIAN_POINT ( 'NONE',  ( -4.840698856935960137, 1.034828844246147961, -0.5456276153925739836 ) ) ;
#166 = ADVANCED_FACE ( 'NONE', ( #1298 ), #658, .F. ) ;
#167 = ORIENTED_EDGE ( 'NONE', *, *, #7486, .T. ) ;
#168 = CARTESIAN_POINT ( 'NONE',  ( -5.017500000000000071, 3.318000000000000060, 2.449999999999999734 ) ) ;
#169 = DIRECTION ( 'NONE',  ( 0.000000000000000000, -1.000000000000000000, 6.011929000000000040E-12 ) ) ;
#170 = LINE ( 'NONE', #1879, #1049 ) ;
#171 = VERTEX_POINT ( 'NONE', #552 ) ;
#172 = CARTESIAN_POINT ( 'NONE',  ( -4.899999999999999467, -2.939999999999999947, 3.899999999999999911 ) ) ;
#173 = ORIENTED_EDGE ( 'NONE', *, *, #229, .F. ) ;
#174 = ADVANCED_FACE ( 'NONE', ( #5360 ), #4876, .F. ) ;
#175 = CARTESIAN_POINT ( 'NONE',  ( 9.039999999999999147, -0.6350000000000000089, -3.609999999999999876 ) ) ;
#176 = CARTESIAN_POINT ( 'NONE',  ( 5.972822156621430345, 1.828801918321514952, -0.007319563852486400332 ) ) ;
#177 = LINE ( 'NONE', #4911, #2780 ) ;
#178 = DIRECTION ( 'NONE',  ( 0.000000000000000000, -1.000000000000000000, 0.000000000000000000 ) ) ;
#179 = ADVANCED_FACE ( 'NONE', ( #5951 ), #6622, .F. ) ;
#181 = ADVANCED_FACE ( 'NONE', ( #1817 ), #586, .T. ) ;
#180 = CARTESIAN_POINT ( 'NONE',  ( 3.905000000000000249, -1.997500000000000053, 6.349999999999999645 ) ) ;
#182 = CARTESIAN_POINT ( 'NONE',  ( -4.748005869534469348, -1.015003008829572062, -0.5906512320816350581 ) ) ;
#183 = EDGE_LOOP ( 'NONE', ( #1009, #1969, #6679, #6863 ) ) ;
#184 = DIRECTION ( 'NONE',  ( -1.000000000000000000, 0.000000000000000000, 0.000000000000000000 ) ) ;
#185 = ORIENTED_EDGE ( 'NONE', *, *, #4015, .F. ) ;
#186 = ORIENTED_EDGE ( 'NONE', *, *, #3977, .T. ) ;
#187 = DIRECTION ( 'NONE',  ( 0.000000000000000000, -1.000000000000000000, 0.000000000000000000 ) ) ;
#188 = EDGE_CURVE ( 'NONE', #1016, #557, #1187, .T. ) ;
#189 = FACE_OUTER_BOUND ( 'NONE', #7870, .T. ) ;
#190 = DIRECTION ( 'NONE',  ( 0.2562207112933960751, 0.000000000000000000, -0.9666183047637294523 ) ) ;
#191 = CARTESIAN_POINT ( 'NONE',  ( 5.897687012819510244, -1.904047779437920029, -0.007727389968658799312 ) ) ;
#192 = CARTESIAN_POINT ( 'NONE',  ( 4.266997732274259825, 0.8923322380194330661, -0.5567465721549970104 ) ) ;
#193 = ORIENTED_EDGE ( 'NONE', *, *, #7713, .T. ) ;
#194 = PLANE ( 'NONE',  #4737 ) ;
#195 = DIRECTION ( 'NONE',  ( 1.000000000000000000, 0.000000000000000000, 0.000000000000000000 ) ) ;
#196 = DIRECTION ( 'NONE',  ( 0.000000000000000000, -1.000000000000000000, 0.000000000000000000 ) ) ;
#197 = LINE ( 'NONE', #1994, #3294 ) ;
#198 = CARTESIAN_POINT ( 'NONE',  ( -1.703557601043285130, 1.930000000000000160, 10.66765478544072110 ) ) ;
#199 = VERTEX_POINT ( 'NONE', #1888 ) ;
#200 = ORIENTED_EDGE ( 'NONE', *, *, #2740, .T. ) ;
#201 = DIRECTION ( 'NONE',  ( 0.000000000000000000, 0.000000000000000000, 1.000000000000000000 ) ) ;
#202 = CARTESIAN_POINT ( 'NONE',  ( -6.061113921681259953, 2.017306901219174886, 0.0002362976428977999963 ) ) ;
#203 = ORIENTED_EDGE ( 'NONE', *, *, #5392, .F. ) ;
#204 = CARTESIAN_POINT ( 'NONE',  ( -1.648357546917337491, -1.194035951015574248, -0.2431254092692678725 ) ) ;
#205 = B_SPLINE_CURVE_WITH_KNOTS ( 'NONE', 3,
 ( #5305, #7148, #2243, #6536 ),
 .UNSPECIFIED., .F., .F.,
 ( 4, 4 ),
 ( 0.000000000000000000, 1.000000000000000000 ),
 .UNSPECIFIED. ) ;
#206 = DIRECTION ( 'NONE',  ( 0.000000000000000000, 1.000000000000000000, 0.000000000000000000 ) ) ;
#207 = DIRECTION ( 'NONE',  ( 0.000000000000000000, -1.000000000000000000, 0.000000000000000000 ) ) ;
#208 = ORIENTED_EDGE ( 'NONE', *, *, #7436, .F. ) ;
#209 = CARTESIAN_POINT ( 'NONE',  ( 5.200000000000000178, -2.339999999999999858, 5.190000000000000391 ) ) ;
#210 = ORIENTED_EDGE ( 'NONE', *, *, #1002, .F. ) ;
#211 = LINE ( 'NONE', #3264, #1312 ) ;
#212 = FACE_OUTER_BOUND ( 'NONE', #417, .T. ) ;
#213 = DIRECTION ( 'NONE',  ( 0.000000000000000000, 0.000000000000000000, -1.000000000000000000 ) ) ;
#214 = LINE ( 'NONE', #2677, #2537 ) ;
#215 = DIRECTION ( 'NONE',  ( 0.000000000000000000, 1.000000000000000000, 0.000000000000000000 ) ) ;
#216 = CARTESIAN_POINT ( 'NONE',  ( -6.379999999999999893, -2.945250000000000146, 5.989999999999999325 ) ) ;
#217 = ORIENTED_EDGE ( 'NONE', *, *, #3433, .T. ) ;
#218 = CARTESIAN_POINT ( 'NONE',  ( -4.532651853472219550, 1.015000007626607914, -0.5619455824472269212 ) ) ;
#219 = ORIENTED_EDGE ( 'NONE', *, *, #5617, .F. ) ;
#220 = VERTEX_POINT ( 'NONE', #5399 ) ;
#221 = EDGE_CURVE ( 'NONE', #6788, #7491, #6741, .T. ) ;
#222 = CARTESIAN_POINT ( 'NONE',  ( -0.2665656002365164867, 0.7619676687823671024, -0.6450653521017419845 ) ) ;
#223 = CARTESIAN_POINT ( 'NONE',  ( -6.080000000000000071, 2.000000000000000000, -0.0006094550547221999279 ) ) ;
#224 = CARTESIAN_POINT ( 'NONE',  ( 6.365000000000000213, 1.802750000000000075, 6.349999999999999645 ) ) ;
#225 = CARTESIAN_POINT ( 'NONE',  ( 3.550000000000000266, -2.000000000000000000, 6.349999999999999645 ) ) ;
#226 = CARTESIAN_POINT ( 'NONE',  ( 4.229682260086634393, 0.7915034386512730391, -0.5580814281896739892 ) ) ;
#227 = ORIENTED_EDGE ( 'NONE', *, *, #674, .T. ) ;
#228 = CARTESIAN_POINT ( 'NONE',  ( 5.079999931757481768, 0.8059763338163705715, -0.5559739118608396646 ) ) ;
#229 = EDGE_CURVE ( 'NONE', #5450, #4137, #4197, .T. ) ;
#230 = DIRECTION ( 'NONE',  ( -0.2562207112933979625, 0.000000000000000000, -0.9666183047637288972 ) ) ;
#231 = CARTESIAN_POINT ( 'NONE',  ( -6.077022151852009557, -1.997048788437894906, -1.128131601999999910E-18 ) ) ;
#232 = CARTESIAN_POINT ( 'NONE',  ( -2.638459494384638226, -1.510586761190164440, -0.1441145847004149660 ) ) ;
#233 = PLANE ( 'NONE',  #3580 ) ;
#234 = B_SPLINE_CURVE_WITH_KNOTS ( 'NONE', 3,
 ( #1491, #1532, #6419, #7699 ),
 .UNSPECIFIED., .F., .F.,
 ( 4, 4 ),
 ( 0.000000000000000000, 1.000000000000000000 ),
 .UNSPECIFIED. ) ;
#235 = ORIENTED_EDGE ( 'NONE', *, *, #4662, .T. ) ;
#236 = ORIENTED_EDGE ( 'NONE', *, *, #3270, .T. ) ;
#237 = PLANE ( 'NONE',  #660 ) ;
#238 = CARTESIAN_POINT ( 'NONE',  ( -5.740282883924710866, 1.786777682836494741, -0.02808848286777840264 ) ) ;
#239 = ORIENTED_EDGE ( 'NONE', *, *, #6066, .T. ) ;
#240 = DIRECTION ( 'NONE',  ( 0.000000000000000000, 0.000000000000000000, -1.000000000000000000 ) ) ;
#241 = LINE ( 'NONE', #2663, #4193 ) ;
#242 = VECTOR ( 'NONE', #7370, 1000.000000000000114 ) ;
#243 = ORIENTED_EDGE ( 'NONE', *, *, #6533, .T. ) ;
#244 = CYLINDRICAL_SURFACE ( 'NONE', #3180, 0.2999999999999942712 ) ;
#245 = ORIENTED_EDGE ( 'NONE', *, *, #3520, .T. ) ;
#246 = CARTESIAN_POINT ( 'NONE',  ( 6.080000765345319635, 1.977389356558564737, 1.723320911999999803E-08 ) ) ;
#247 = ORIENTED_EDGE ( 'NONE', *, *, #7626, .F. ) ;
#248 = AXIS2_PLACEMENT_3D ( 'NONE', #1873, #4294, #3694 ) ;
#249 = LINE ( 'NONE', #7426, #6237 ) ;
#250 = EDGE_CURVE ( 'NONE', #3592, #5437, #2334, .T. ) ;
#251 = VERTEX_POINT ( 'NONE', #7832 ) ;
#252 = VECTOR ( 'NONE', #3245, 1000.000000000000000 ) ;
#253 = CARTESIAN_POINT ( 'NONE',  ( -7.527730385200000092E-06, -1.024803899836437937, -0.5751104655464919224 ) ) ;
#254 = DIRECTION ( 'NONE',  ( 1.000000000000000000, 0.000000000000000000, 0.000000000000000000 ) ) ;
#255 = CARTESIAN_POINT ( 'NONE',  ( 4.724360944167240284, 1.063092866005570070, -0.5294166342961349470 ) ) ;
#256 = VERTEX_POINT ( 'NONE', #3555 ) ;
#257 = CARTESIAN_POINT ( 'NONE',  ( -0.7800000000000000266, -2.922000000000000153, 1.247000000000016096 ) ) ;
#258 = ORIENTED_EDGE ( 'NONE', *, *, #3661, .F. ) ;
#259 = ORIENTED_EDGE ( 'NONE', *, *, #6343, .F. ) ;
#260 =( REPRESENTATION_RELATIONSHIP ('NONE','NONE', #136, #3948 ) REPRESENTATION_RELATIONSHIP_WITH_TRANSFORMATION ( #2352 )SHAPE_REPRESENTATION_RELATIONSHIP( ) );
#261 = VECTOR ( 'NONE', #6672, 1000.000000000000000 ) ;
#262 = VECTOR ( 'NONE', #457, 1000.000000000000000 ) ;
#263 = CARTESIAN_POINT ( 'NONE',  ( 1.199999999999999956, 0.000000000000000000, 4.040000000000000036 ) ) ;
#264 = CARTESIAN_POINT ( 'NONE',  ( 5.750000000000000000, -2.939999999999999947, 5.190000000000000391 ) ) ;
#265 = AXIS2_PLACEMENT_3D ( 'NONE', #4910, #656, #6579 ) ;
#266 = DIRECTION ( 'NONE',  ( 0.000000000000000000, 0.000000000000000000, 1.000000000000000000 ) ) ;
#267 = PRESENTATION_LAYER_ASSIGNMENT (  '', '', ( #3685 ) ) ;
#268 = CARTESIAN_POINT ( 'NONE',  ( -0.7249999999999999778, 3.140000000000000124, 2.429999999999999716 ) ) ;
#269 = EDGE_CURVE ( 'NONE', #5328, #2903, #2367, .T. ) ;
#270 = VECTOR ( 'NONE', #184, 1000.000000000000000 ) ;
#271 = CARTESIAN_POINT ( 'NONE',  ( 4.439813640783789594, 0.6855322198781830245, -0.6516224793552539696 ) ) ;
#272 = ORIENTED_EDGE ( 'NONE', *, *, #2083, .T. ) ;
#273 = CARTESIAN_POINT ( 'NONE',  ( 4.320000000000000284, -0.6350000000000000089, -0.6499999999999909184 ) ) ;
#274 = DIRECTION ( 'NONE',  ( 0.000000000000000000, 1.000000000000000000, 0.000000000000000000 ) ) ;
#275 = VECTOR ( 'NONE', #6889, 1000.000000000000227 ) ;
#276 = CARTESIAN_POINT ( 'NONE',  ( 5.740617449015856799, -1.507474141814431512, -0.05583455849484424832 ) ) ;
#277 = ADVANCED_FACE ( 'NONE', ( #1256 ), #4799, .F. ) ;
#278 = CARTESIAN_POINT ( 'NONE',  ( -6.349999999999999645, 2.939999999999999947, 0.000000000000000000 ) ) ;
#279 = CARTESIAN_POINT ( 'NONE',  ( 3.464827745954374816, -1.368286750945080010, -0.2261419955632630041 ) ) ;
#280 = CYLINDRICAL_SURFACE ( 'NONE', #3836, 0.5850000000000004086 ) ;
#281 = EDGE_CURVE ( 'NONE', #6135, #7008, #5433, .T. ) ;
#282 = AXIS2_PLACEMENT_3D ( 'NONE', #2529, #7404, #2574 ) ;
#283 = VERTEX_POINT ( 'NONE', #3030 ) ;
#284 = VERTEX_POINT ( 'NONE', #4835 ) ;
#285 = FACE_OUTER_BOUND ( 'NONE', #4236, .T. ) ;
#286 = CARTESIAN_POINT ( 'NONE',  ( -1.280822920200802129, 1.930000000000000160, 11.10885853320217898 ) ) ;
#287 = VECTOR ( 'NONE', #5285, 1000.000000000000000 ) ;
#288 = ORIENTED_EDGE ( 'NONE', *, *, #1193, .F. ) ;
#289 = LINE ( 'NONE', #2823, #6717 ) ;
#290 = PLANE ( 'NONE',  #8 ) ;
#291 = VERTEX_POINT ( 'NONE', #7386 ) ;
#292 = CARTESIAN_POINT ( 'NONE',  ( 0.7249999999999999778, -2.939999999999999947, 3.504999999999999893 ) ) ;
#293 = CIRCLE ( 'NONE', #1951, 0.6099999999999998757 ) ;
#294 = ORIENTED_EDGE ( 'NONE', *, *, #3379, .F. ) ;
#295 = DIRECTION ( 'NONE',  ( 1.000000000000000000, 0.000000000000000000, 0.000000000000000000 ) ) ;
#296 = CARTESIAN_POINT ( 'NONE',  ( -2.932428839189900049, -1.228198379775264026, -0.2250848033304330142 ) ) ;
#297 = CARTESIAN_POINT ( 'NONE',  ( 4.892720333099860319, 0.8937450859135179781, -0.6722220311789030012 ) ) ;
#298 = VERTEX_POINT ( 'NONE', #5586 ) ;
#299 = FACE_OUTER_BOUND ( 'NONE', #3856, .T. ) ;
#300 = CARTESIAN_POINT ( 'NONE',  ( 6.349999999999999645, -1.614999999999999991, 5.989999999999999325 ) ) ;
#301 = CARTESIAN_POINT ( 'NONE',  ( 2.285146681498788634, 1.520774289520037792, -0.1389479213515275036 ) ) ;
#302 = CARTESIAN_POINT ( 'NONE',  ( 9.039999999999999147, -0.6350000000000000089, -4.370000000000000107 ) ) ;
#303 = ORIENTED_EDGE ( 'NONE', *, *, #1451, .T. ) ;
#304 = VERTEX_POINT ( 'NONE', #698 ) ;
#305 = EDGE_CURVE ( 'NONE', #6669, #1526, #3872, .T. ) ;
#306 = CARTESIAN_POINT ( 'NONE',  ( -2.862042963075624780, 1.446761621301578149, -0.1755098261099989898 ) ) ;
#307 = PLANE ( 'NONE',  #1046 ) ;
#308 = DIRECTION ( 'NONE',  ( 0.000000000000000000, 1.000000000000000000, 0.000000000000000000 ) ) ;
#309 = LINE ( 'NONE', #5797, #5474 ) ;
#310 = DIRECTION ( 'NONE',  ( 0.000000000000000000, -1.000000000000000000, 0.000000000000000000 ) ) ;
#311 = CARTESIAN_POINT ( 'NONE',  ( 3.411861378042259751, 1.399692272502440105, -0.2058034421971184913 ) ) ;
#312 = ORIENTED_EDGE ( 'NONE', *, *, #4165, .F. ) ;
#313 = CARTESIAN_POINT ( 'NONE',  ( 5.022300018793870890, -1.015000000000000124, -0.4924160918679039711 ) ) ;
#314 = ADVANCED_FACE ( 'NONE', ( #3233 ), #5037, .T. ) ;
#315 = LINE ( 'NONE', #5054, #551 ) ;
#316 = CARTESIAN_POINT ( 'NONE',  ( 8.326673719999999992E-16, -2.939999999999999947, 3.409999999999999698 ) ) ;
#317 = DIRECTION ( 'NONE',  ( 0.000000000000000000, -1.000000000000000000, 0.000000000000000000 ) ) ;
#318 = CARTESIAN_POINT ( 'NONE',  ( 3.889191918734439923, -1.023510153917534193, -0.4167202909143424838 ) ) ;
#319 = LINE ( 'NONE', #7653, #3674 ) ;
#320 = EDGE_LOOP ( 'NONE', ( #6125, #6854, #288, #4787 ) ) ;
#321 = VERTEX_POINT ( 'NONE', #5668 ) ;
#322 = DIRECTION ( 'NONE',  ( -0.5023269556814750070, 0.000000000000000000, 0.8646777605534801125 ) ) ;
#323 = EDGE_CURVE ( 'NONE', #2839, #1340, #5074, .T. ) ;
#324 = EDGE_CURVE ( 'NONE', #596, #3424, #6861, .T. ) ;
#325 = CARTESIAN_POINT ( 'NONE',  ( -0.3799999988219774916, 1.014999980130167900, -0.5232012072668159597 ) ) ;
#326 = ORIENTED_EDGE ( 'NONE', *, *, #4160, .F. ) ;
#327 = ADVANCED_FACE ( 'NONE', ( #6950 ), #4394, .T. ) ;
#328 = LINE ( 'NONE', #2157, #2280 ) ;
#329 = CARTESIAN_POINT ( 'NONE',  ( 0.3800000000000000044, 0.6350000000000000089, -0.6499999999999909184 ) ) ;
#330 = VERTEX_POINT ( 'NONE', #1420 ) ;
#331 = DIRECTION ( 'NONE',  ( 1.000000000000000000, 0.000000000000000000, 0.000000000000000000 ) ) ;
#332 = EDGE_CURVE ( 'NONE', #7008, #5068, #7750, .T. ) ;
#333 = ORIENTED_EDGE ( 'NONE', *, *, #6404, .F. ) ;
#334 = CARTESIAN_POINT ( 'NONE',  ( -4.320000171323655103, -1.014999970166001964, -0.5232071289427039362 ) ) ;
#335 = EDGE_CURVE ( 'NONE', #7077, #3660, #1335, .T. ) ;
#336 = PRESENTATION_STYLE_ASSIGNMENT (( #2831 ) ) ;
#337 = ORIENTED_EDGE ( 'NONE', *, *, #5950, .T. ) ;
#338 = CARTESIAN_POINT ( 'NONE',  ( -0.3799979123597544972, -0.7329615389980950191, -0.5999615025111210143 ) ) ;
#339 = DIRECTION ( 'NONE',  ( 1.000000000000000000, 0.000000000000000000, 0.000000000000000000 ) ) ;
#340 = CARTESIAN_POINT ( 'NONE',  ( 4.320000000000000284, 0.6350000000000000089, -0.6499999999999909184 ) ) ;
#341 = CARTESIAN_POINT ( 'NONE',  ( 6.079999999999999183, 2.010015271659618907, -0.0003760321879470411707 ) ) ;
#342 = ORIENTED_EDGE ( 'NONE', *, *, #4221, .F. ) ;
#343 = ORIENTED_EDGE ( 'NONE', *, *, #5510, .F. ) ;
#344 = CARTESIAN_POINT ( 'NONE',  ( -3.383153635654430058, 1.148817244957865968, -0.2901646592183145246 ) ) ;
#345 = DIRECTION ( 'NONE',  ( 0.000000000000000000, -1.000000000000000000, 0.000000000000000000 ) ) ;
#346 = CARTESIAN_POINT ( 'NONE',  ( 5.022306777319469617, 1.015000000000000124, -0.4924124378369090227 ) ) ;
#347 = ORIENTED_EDGE ( 'NONE', *, *, #149, .T. ) ;
#348 = CARTESIAN_POINT ( 'NONE',  ( -0.7800000000000000266, -2.939999999999999947, 1.350000000000000089 ) ) ;
#349 = CARTESIAN_POINT ( 'NONE',  ( 0.7238316655897050200, 1.257882690658211899, -0.3119565678460939906 ) ) ;
#350 = EDGE_LOOP ( 'NONE', ( #7333, #5639, #5264, #1225 ) ) ;
#351 = CARTESIAN_POINT ( 'NONE',  ( 8.326673719999999992E-16, -3.140000000000000124, 3.409999999999999698 ) ) ;
#352 = CARTESIAN_POINT ( 'NONE',  ( -2.600000000000000089, 2.939999999999999947, 3.449999999999999734 ) ) ;
#353 = CARTESIAN_POINT ( 'NONE',  ( -4.112306432292679226, -1.222686880223620598, -0.3388484998403706872 ) ) ;
#354 = CARTESIAN_POINT ( 'NONE',  ( 3.910147376311655432, -1.073842063123947810, -0.4076040760111220296 ) ) ;
#355 = ADVANCED_FACE ( 'NONE', ( #6142 ), #6301, .F. ) ;
#356 = DIRECTION ( 'NONE',  ( 1.000000000000000000, 0.000000000000000000, 0.000000000000000000 ) ) ;
#357 = ORIENTED_EDGE ( 'NONE', *, *, #6300, .T. ) ;
#358 = LINE ( 'NONE', #5849, #5114 ) ;
#359 = PLANE ( 'NONE',  #5214 ) ;
#360 = EDGE_LOOP ( 'NONE', ( #6865, #3717, #3500, #4607, #4840, #508, #3256, #1568 ) ) ;
#361 = DIRECTION ( 'NONE',  ( 0.000000000000000000, 0.000000000000000000, 1.000000000000000000 ) ) ;
#362 = CARTESIAN_POINT ( 'NONE',  ( 0.4770000000000229612, 0.6985000000003049880, -8.179999999999999716 ) ) ;
#363 = ADVANCED_FACE ( 'NONE', ( #4480 ), #93, .T. ) ;
#364 = ORIENTED_EDGE ( 'NONE', *, *, #6501, .T. ) ;
#365 = CARTESIAN_POINT ( 'NONE',  ( 4.899999999999999467, 3.299999999999999822, 3.899999999999999911 ) ) ;
#366 = ORIENTED_EDGE ( 'NONE', *, *, #7243, .F. ) ;
#367 = CARTESIAN_POINT ( 'NONE',  ( 6.349999999999999645, -1.614999999999999991, 5.989999999999999325 ) ) ;
#368 = CARTESIAN_POINT ( 'NONE',  ( 4.747024693200359913, 1.052729047678333973, -0.5387280519778350207 ) ) ;
#369 = VERTEX_POINT ( 'NONE', #3268 ) ;
#370 = CARTESIAN_POINT ( 'NONE',  ( 25.39999999999999858, 0.000000000000000000, 28.24000000000000199 ) ) ;
#371 = ADVANCED_FACE ( 'NONE', ( #5703 ), #4950, .F. ) ;
#372 = CARTESIAN_POINT ( 'NONE',  ( -3.819999999999999840, 0.6349999999823470187, -11.23000000000381959 ) ) ;
#373 = VECTOR ( 'NONE', #7796, 1000.000000000000000 ) ;
#374 = DIRECTION ( 'NONE',  ( 0.000000000000000000, -1.000000000000000000, 0.000000000000000000 ) ) ;
#375 = EDGE_CURVE ( 'NONE', #487, #98, #733, .T. ) ;
#376 = DIRECTION ( 'NONE',  ( 0.000000000000000000, 1.874593999999999878E-11, 1.000000000000000000 ) ) ;
#377 = ORIENTED_EDGE ( 'NONE', *, *, #7773, .T. ) ;
#378 = VERTEX_POINT ( 'NONE', #2012 ) ;
#379 = B_SPLINE_CURVE_WITH_KNOTS ( 'NONE', 3,
 ( #5766, #313, #6878, #3511, #497, #5723 ),
 .UNSPECIFIED., .F., .F.,
 ( 4, 2, 4 ),
 ( 9.999962610000000500E-07, 0.007716286485243999647, 0.01390362875184800000 ),
 .UNSPECIFIED. ) ;
#380 = VECTOR ( 'NONE', #3109, 1000.000000000000000 ) ;
#381 = AXIS2_PLACEMENT_3D ( 'NONE', #5772, #3412, #4741 ) ;
#382 = CARTESIAN_POINT ( 'NONE',  ( -2.422233265679815339, 1.298721145186677806, -0.1914746568983330122 ) ) ;
#383 = DIRECTION ( 'NONE',  ( 0.000000000000000000, 0.000000000000000000, -1.000000000000000000 ) ) ;
#384 = DIRECTION ( 'NONE',  ( 0.000000000000000000, 8.108098999999999579E-12, 1.000000000000000000 ) ) ;
#385 = ORIENTED_EDGE ( 'NONE', *, *, #7871, .F. ) ;
#386 = DIRECTION ( 'NONE',  ( 0.000000000000000000, 0.000000000000000000, 1.000000000000000000 ) ) ;
#387 = VECTOR ( 'NONE', #158, 1000.000000000000000 ) ;
#388 = CARTESIAN_POINT ( 'NONE',  ( 0.1224536074478451836, 1.025243807002213847, -0.5634543450522010444 ) ) ;
#389 = VECTOR ( 'NONE', #1031, 1000.000000000000000 ) ;
#390 = AXIS2_PLACEMENT_3D ( 'NONE', #941, #6327, #3349 ) ;
#391 = VERTEX_POINT ( 'NONE', #4356 ) ;
#392 = LINE ( 'NONE', #6588, #164 ) ;
#393 = ADVANCED_FACE ( 'NONE', ( #7465 ), #137, .F. ) ;
#394 = VECTOR ( 'NONE', #5949, 1000.000000000000114 ) ;
#395 = DIRECTION ( 'NONE',  ( 0.000000000000000000, 0.000000000000000000, -1.000000000000000000 ) ) ;
#396 = VECTOR ( 'NONE', #3834, 1000.000000000000000 ) ;
#397 = PLANE ( 'NONE',  #7005 ) ;
#398 = VECTOR ( 'NONE', #376, 1000.000000000000000 ) ;
#399 = CARTESIAN_POINT ( 'NONE',  ( 4.761430150621190016, -1.030913280254152076, -0.5748137172738730927 ) ) ;
#400 = LINE ( 'NONE', #7722, #5087 ) ;
#401 = ORIENTED_EDGE ( 'NONE', *, *, #3854, .T. ) ;
#402 = DIRECTION ( 'NONE',  ( 0.000000000000000000, -1.000000000000000000, 0.000000000000000000 ) ) ;
#403 = VECTOR ( 'NONE', #1614, 1000.000000000000000 ) ;
#404 = VECTOR ( 'NONE', #7163, 1000.000000000000000 ) ;
#405 = CARTESIAN_POINT ( 'NONE',  ( -0.3799999823313718883, 0.8287688997762915344, -0.6000613869737718709 ) ) ;
#406 = VERTEX_POINT ( 'NONE', #7429 ) ;
#407 = AXIS2_PLACEMENT_3D ( 'NONE', #3067, #3705, #7858 ) ;
#408 = LINE ( 'NONE', #2708, #4576 ) ;
#409 = CARTESIAN_POINT ( 'NONE',  ( -4.748039598022890218, 1.015008227025129939, -0.5906267399443609900 ) ) ;
#410 = VERTEX_POINT ( 'NONE', #5119 ) ;
#411 = DIRECTION ( 'NONE',  ( 0.9666183047637284531, 0.000000000000000000, -0.2562207112934001829 ) ) ;
#412 = ORIENTED_EDGE ( 'NONE', *, *, #2165, .T. ) ;
#413 = EDGE_CURVE ( 'NONE', #1338, #7611, #6218, .T. ) ;
#414 = VECTOR ( 'NONE', #6971, 1000.000000000000000 ) ;
#415 = AXIS2_PLACEMENT_3D ( 'NONE', #21, #4124, #4800 ) ;
#416 = CARTESIAN_POINT ( 'NONE',  ( 0.000000000000000000, 0.000000000000000000, 0.000000000000000000 ) ) ;
#417 = EDGE_LOOP ( 'NONE', ( #4700, #7587, #5861, #227 ) ) ;
#418 = CARTESIAN_POINT ( 'NONE',  ( -0.3800000000000000044, -1.014999999999927960, -0.5232649591462460448 ) ) ;
#419 = CARTESIAN_POINT ( 'NONE',  ( 2.799999999999999822, 2.000000000000000000, 4.839999999999999858 ) ) ;
#420 = CARTESIAN_POINT ( 'NONE',  ( -5.750000000000000000, 2.939999999999999947, 5.989999999999999325 ) ) ;
#421 = AXIS2_PLACEMENT_3D ( 'NONE', #7517, #5045, #2521 ) ;
#422 = CARTESIAN_POINT ( 'NONE',  ( 8.455000000000000071, 1.639999999999999902, 6.349999999999999645 ) ) ;
#423 = ORIENTED_EDGE ( 'NONE', *, *, #3132, .F. ) ;
#424 = ORIENTED_EDGE ( 'NONE', *, *, #7565, .F. ) ;
#425 = EDGE_CURVE ( 'NONE', #3940, #369, #2395, .T. ) ;
#426 = CARTESIAN_POINT ( 'NONE',  ( -2.831448367569535218, 1.291920332197322052, -0.2100480585987754834 ) ) ;
#427 = ADVANCED_FACE ( 'NONE', ( #3192 ), #7037, .F. ) ;
#428 = VECTOR ( 'NONE', #2192, 1000.000000000000000 ) ;
#429 = EDGE_CURVE ( 'NONE', #5706, #4234, #5267, .T. ) ;
#430 = PLANE ( 'NONE',  #1281 ) ;
#431 = DIRECTION ( 'NONE',  ( -1.000000000000000000, 0.000000000000000000, 0.000000000000000000 ) ) ;
#432 = CARTESIAN_POINT ( 'NONE',  ( 6.985000000000000320, 3.629999999999999893, 6.709999999999999964 ) ) ;
#433 = LINE ( 'NONE', #2845, #5711 ) ;
#434 = CARTESIAN_POINT ( 'NONE',  ( 2.023415982268885305, 1.492074714664642032, -0.1538566514231660132 ) ) ;
#435 = EDGE_LOOP ( 'NONE', ( #3519, #6451, #4918, #529, #5549, #1059, #85, #1630 ) ) ;
#436 = ADVANCED_FACE ( 'NONE', ( #4558 ), #4714, .F. ) ;
#437 = LINE ( 'NONE', #7646, #7161 ) ;
#438 = EDGE_CURVE ( 'NONE', #487, #3504, #3299, .T. ) ;
#439 = PLANE ( 'NONE',  #5890 ) ;
#440 = CARTESIAN_POINT ( 'NONE',  ( -5.119266304424459513, -1.105366898176793899, -0.3802011322319019948 ) ) ;
#441 = CARTESIAN_POINT ( 'NONE',  ( 4.445997191843384932, -1.111307210990632122, -0.4633690062223640438 ) ) ;
#442 = CARTESIAN_POINT ( 'NONE',  ( 8.429999999999999716, -2.225000000000000089, 5.971999999999999531 ) ) ;
#443 = VERTEX_POINT ( 'NONE', #419 ) ;
#444 = CARTESIAN_POINT ( 'NONE',  ( 4.772042303028023902, 1.097532793291071673, -0.4822963767267551272 ) ) ;
#445 = CARTESIAN_POINT ( 'NONE',  ( -2.940113127807829851, -1.264947571642140112, -0.2249300081009584784 ) ) ;
#446 = FACE_OUTER_BOUND ( 'NONE', #3443, .T. ) ;
#447 = ORIENTED_EDGE ( 'NONE', *, *, #72, .T. ) ;
#448 = CARTESIAN_POINT ( 'NONE',  ( -1.930000000000000160, -1.930000000000000160, 5.989999999999999325 ) ) ;
#449 = CARTESIAN_POINT ( 'NONE',  ( -0.6123385083052179656, 3.140000000000000124, 3.893157894736865021 ) ) ;
#450 = VERTEX_POINT ( 'NONE', #7593 ) ;
#451 = DIRECTION ( 'NONE',  ( -1.000000000000000000, 0.000000000000000000, 0.000000000000000000 ) ) ;
#452 = ORIENTED_EDGE ( 'NONE', *, *, #6944, .T. ) ;
#453 =( NAMED_UNIT ( * ) SI_UNIT ( $, .STERADIAN. ) SOLID_ANGLE_UNIT ( ) );
#454 = ORIENTED_EDGE ( 'NONE', *, *, #3284, .T. ) ;
#455 = CARTESIAN_POINT ( 'NONE',  ( 6.985000000000000320, 2.939999999999999947, 5.141999999999999460 ) ) ;
#456 = CARTESIAN_POINT ( 'NONE',  ( -3.550000000000000266, 2.254999999999999893, 6.746000000000000441 ) ) ;
#457 = DIRECTION ( 'NONE',  ( -2.081667999999999977E-16, -1.000000000000000000, 2.706723999999999888E-12 ) ) ;
#458 = CARTESIAN_POINT ( 'NONE',  ( -2.550000000000000266, -2.939999999999999947, 3.899999999999999911 ) ) ;
#459 = VERTEX_POINT ( 'NONE', #5868 ) ;
#460 = FACE_OUTER_BOUND ( 'NONE', #7846, .T. ) ;
#461 = ORIENTED_EDGE ( 'NONE', *, *, #4166, .F. ) ;
#462 = CARTESIAN_POINT ( 'NONE',  ( -1.723175732607785227, 1.476163276850980033, -0.1625298584559649873 ) ) ;
#463 = LINE ( 'NONE', #3479, #3048 ) ;
#464 = FACE_OUTER_BOUND ( 'NONE', #7035, .T. ) ;
#465 = PLANE ( 'NONE',  #7514 ) ;
#466 = EDGE_CURVE ( 'NONE', #1088, #7338, #984, .T. ) ;
#467 = CARTESIAN_POINT ( 'NONE',  ( -4.700000000000000178, 2.674999999999999822, 5.989999999999999325 ) ) ;
#468 = CARTESIAN_POINT ( 'NONE',  ( 1.239125719494911904, 1.069539042887994063, -0.3146323910891029585 ) ) ;
#469 = VERTEX_POINT ( 'NONE', #1500 ) ;
#470 = EDGE_CURVE ( 'NONE', #1759, #3562, #2868, .T. ) ;
#471 = ORIENTED_EDGE ( 'NONE', *, *, #5818, .T. ) ;
#472 = ORIENTED_EDGE ( 'NONE', *, *, #4938, .F. ) ;
#473 = ADVANCED_FACE ( 'NONE', ( #3910 ), #5190, .T. ) ;
#474 = LINE ( 'NONE', #5957, #1693 ) ;
#475 = CARTESIAN_POINT ( 'NONE',  ( -0.7863160642608659767, 2.122999999999999776, 11.30982634620684202 ) ) ;
#476 = CARTESIAN_POINT ( 'NONE',  ( -5.217632486340169073, -1.000066857266145970, -0.3714304357765555453 ) ) ;
#477 = B_SPLINE_CURVE_WITH_KNOTS ( 'NONE', 3,
 ( #1360, #7532, #1481, #3290, #1520, #2536, #6804, #3768 ),
 .UNSPECIFIED., .F., .F.,
 ( 4, 2, 2, 4 ),
 ( -0.001251478107752876162, -0.0006569813047779227925, -2.318100779748113321E-07, 0.0003206729958419999357 ),
 .UNSPECIFIED. ) ;
#478 = LINE ( 'NONE', #4660, #1659 ) ;
#479 = CARTESIAN_POINT ( 'NONE',  ( 2.600000000000000089, 3.140000000000000124, 2.750000000000000000 ) ) ;
#480 = EDGE_CURVE ( 'NONE', #5496, #6648, #2834, .T. ) ;
#481 = EDGE_LOOP ( 'NONE', ( #1959, #4993, #771, #3093 ) ) ;
#482 = LINE ( 'NONE', #3530, #7534 ) ;
#483 = CARTESIAN_POINT ( 'NONE',  ( -4.446399936209775028, -0.9010853433020870051, -0.6069542635266119701 ) ) ;
#484 = CARTESIAN_POINT ( 'NONE',  ( -0.7508396645960013771, 0.8799682916936144572, -0.4467298095608949748 ) ) ;
#485 = VERTEX_POINT ( 'NONE', #5825 ) ;
#486 = CARTESIAN_POINT ( 'NONE',  ( 4.666939200955609657, 0.9182343227272499186, -0.6648898877080660075 ) ) ;
#487 = VERTEX_POINT ( 'NONE', #372 ) ;
#488 = LINE ( 'NONE', #6015, #4849 ) ;
#489 = ORIENTED_EDGE ( 'NONE', *, *, #6412, .T. ) ;
#490 = APPLICATION_PROTOCOL_DEFINITION ( 'draft international standard', 'automotive_design', 1998, #7737 ) ;
#491 = VERTEX_POINT ( 'NONE', #5270 ) ;
#492 = SURFACE_STYLE_FILL_AREA ( #1096 ) ;
#493 = CARTESIAN_POINT ( 'NONE',  ( 5.080015672760957557, -0.7895033857299841307, -0.5616716014976045335 ) ) ;
#494 = CARTESIAN_POINT ( 'NONE',  ( 6.349999999999999645, 2.939999999999999947, 6.150000000000000355 ) ) ;
#495 = FACE_OUTER_BOUND ( 'NONE', #3179, .T. ) ;
#496 = EDGE_LOOP ( 'NONE', ( #2635, #7294, #4381, #1901 ) ) ;
#497 = CARTESIAN_POINT ( 'NONE',  ( 4.799724051743820219, -1.015000000000000124, -0.5806664763129090190 ) ) ;
#498 = ORIENTED_EDGE ( 'NONE', *, *, #6382, .F. ) ;
#499 = ADVANCED_FACE ( 'NONE', ( #7705 ), #5231, .T. ) ;
#500 = CARTESIAN_POINT ( 'NONE',  ( 6.078078686886160042, 1.993830621719705043, -4.481238180000000199E-13 ) ) ;
#501 = CARTESIAN_POINT ( 'NONE',  ( -1.232125074759680139, 2.122999999999999776, 10.87352055669347983 ) ) ;
#502 = DIRECTION ( 'NONE',  ( 0.000000000000000000, 0.000000000000000000, -1.000000000000000000 ) ) ;
#503 = CARTESIAN_POINT ( 'NONE',  ( -0.1887301014381785047, 1.930000000000000160, 11.10513047107099993 ) ) ;
#504 = CARTESIAN_POINT ( 'NONE',  ( 1.467349297390000196, -1.930000000000000160, 10.78778237296842057 ) ) ;
#505 = LINE ( 'NONE', #3558, #4965 ) ;
#506 = ORIENTED_EDGE ( 'NONE', *, *, #5392, .T. ) ;
#507 = ORIENTED_EDGE ( 'NONE', *, *, #3031, .F. ) ;
#508 = ORIENTED_EDGE ( 'NONE', *, *, #1914, .T. ) ;
#509 = VECTOR ( 'NONE', #3737, 1000.000000000000000 ) ;
#510 = VECTOR ( 'NONE', #595, 1000.000000000000000 ) ;
#511 = EDGE_CURVE ( 'NONE', #636, #6675, #6499, .T. ) ;
#512 = DIRECTION ( 'NONE',  ( 0.000000000000000000, 1.000000000000000000, 0.000000000000000000 ) ) ;
#513 = ADVANCED_FACE ( 'NONE', ( #2244 ), #1065, .F. ) ;
#514 = DIRECTION ( 'NONE',  ( 0.000000000000000000, 0.000000000000000000, 1.000000000000000000 ) ) ;
#515 = CARTESIAN_POINT ( 'NONE',  ( -4.892716529934089564, -0.8937415513812679846, -0.6722279247000089164 ) ) ;
#516 = EDGE_CURVE ( 'NONE', #6477, #6410, #2279, .T. ) ;
#517 = AXIS2_PLACEMENT_3D ( 'NONE', #2084, #3459, #2659 ) ;
#518 = CARTESIAN_POINT ( 'NONE',  ( -3.819999999999999840, -0.8250000000307619041, -10.72999999999504084 ) ) ;
#519 = AXIS2_PLACEMENT_3D ( 'NONE', #7508, #6912, #6303 ) ;
#520 = EDGE_LOOP ( 'NONE', ( #5809, #50, #2215, #7698, #7042, #1237, #1744 ) ) ;
#521 = AXIS2_PLACEMENT_3D ( 'NONE', #4912, #7344, #178 ) ;
#522 = ADVANCED_FACE ( 'NONE', ( #5157 ), #2133, .F. ) ;
#523 = AXIS2_PLACEMENT_3D ( 'NONE', #7274, #6664, #5512 ) ;
#524 = VECTOR ( 'NONE', #2246, 1000.000000000000000 ) ;
#525 = CARTESIAN_POINT ( 'NONE',  ( -2.638459494384709725, -1.510586761190719995, -0.1441145847001245872 ) ) ;
#526 = LINE ( 'NONE', #1163, #7371 ) ;
#527 = EDGE_CURVE ( 'NONE', #5161, #2447, #7627, .T. ) ;
#528 = ADVANCED_FACE ( 'NONE', ( #7185 ), #4822, .T. ) ;
#529 = ORIENTED_EDGE ( 'NONE', *, *, #3241, .T. ) ;
#530 = AXIS2_PLACEMENT_3D ( 'NONE', #147, #3880, #5010 ) ;
#531 = LINE ( 'NONE', #5381, #2800 ) ;
#532 = VECTOR ( 'NONE', #1801, 1000.000000000000000 ) ;
#533 = ORIENTED_EDGE ( 'NONE', *, *, #6008, .T. ) ;
#534 = DIRECTION ( 'NONE',  ( 1.000000000000000000, 0.000000000000000000, 0.000000000000000000 ) ) ;
#535 = EDGE_CURVE ( 'NONE', #7296, #2256, #6052, .T. ) ;
#536 = VECTOR ( 'NONE', #1, 1000.000000000000000 ) ;
#537 = VECTOR ( 'NONE', #4729, 1000.000000000000000 ) ;
#538 = EDGE_LOOP ( 'NONE', ( #5188, #7567, #5030, #6455, #2818, #710 ) ) ;
#539 = DIRECTION ( 'NONE',  ( 0.000000000000000000, 1.000000000000000000, 0.000000000000000000 ) ) ;
#540 = B_SPLINE_CURVE_WITH_KNOTS ( 'NONE', 3,
 ( #684, #5569, #117, #7062, #1641, #5777, #4543 ),
 .UNSPECIFIED., .F., .F.,
 ( 4, 1, 1, 1, 4 ),
 ( 0.000000000000000000, 0.1375028212169396025, 0.4250898425377638845, 0.7126768638585887494, 1.000000000000000000 ),
 .UNSPECIFIED. ) ;
#541 = DIRECTION ( 'NONE',  ( 0.000000000000000000, -1.000000000000000000, 3.007593999999999998E-12 ) ) ;
#542 = DIRECTION ( 'NONE',  ( 1.000000000000000000, 0.000000000000000000, 0.000000000000000000 ) ) ;
#543 = LINE ( 'NONE', #5391, #5988 ) ;
#544 = VECTOR ( 'NONE', #5559, 1000.000000000000000 ) ;
#545 = VERTEX_POINT ( 'NONE', #1176 ) ;
#546 = CARTESIAN_POINT ( 'NONE',  ( -4.899999999999999467, -3.299999999999999822, 2.449999999999999734 ) ) ;
#547 = VERTEX_POINT ( 'NONE', #3588 ) ;
#548 = CARTESIAN_POINT ( 'NONE',  ( -6.325000000000000178, -2.339999999999999858, 5.419500000000000206 ) ) ;
#549 = LINE ( 'NONE', #17, #6366 ) ;
#550 = CARTESIAN_POINT ( 'NONE',  ( -4.700000000000000178, 2.339999999999999858, 5.190000000000000391 ) ) ;
#551 = VECTOR ( 'NONE', #1478, 1000.000000000000000 ) ;
#552 = CARTESIAN_POINT ( 'NONE',  ( 0.3799999996909624866, -1.014999981579237875, -0.5232730450455179705 ) ) ;
#553 = CARTESIAN_POINT ( 'NONE',  ( -1.930000000000000160, 1.930000000000000160, 10.52999999999999936 ) ) ;
#554 = CARTESIAN_POINT ( 'NONE',  ( 2.600000000000000089, -2.939999999999999947, 2.449999999999999734 ) ) ;
#555 = ORIENTED_EDGE ( 'NONE', *, *, #2988, .T. ) ;
#556 = VERTEX_POINT ( 'NONE', #607 ) ;
#557 = VERTEX_POINT ( 'NONE', #4788 ) ;
#558 = VECTOR ( 'NONE', #6619, 1000.000000000000000 ) ;
#559 = DIRECTION ( 'NONE',  ( 1.000000000000000000, 0.000000000000000000, 0.000000000000000000 ) ) ;
#560 = CARTESIAN_POINT ( 'NONE',  ( 6.349999999999999645, -1.614999999999999991, 6.049999999999999822 ) ) ;
#561 = LINE ( 'NONE', #7805, #6359 ) ;
#562 = FACE_OUTER_BOUND ( 'NONE', #3135, .T. ) ;
#563 = VERTEX_POINT ( 'NONE', #4183 ) ;
#564 = LINE ( 'NONE', #1085, #3058 ) ;
#565 = CARTESIAN_POINT ( 'NONE',  ( -3.404788447998740253, -1.110076375208721933, -0.2961530869111329567 ) ) ;
#566 = B_SPLINE_SURFACE_WITH_KNOTS ( 'NONE', 3, 3, ( 
 ( #4781, #2094, #4100, #4135, #1755, #7208, #2893, #7769, #2939 ),
 ( #2714, #7727, #3307, #6945, #483, #4174, #4517, #6524, #6562 ),
 ( #4744, #6596, #1050, #1162, #7590, #5332, #5154, #1086, #7176 ),
 ( #3575, #565, #2266, #1495, #3495, #1722, #5930, #1123, #3531 ),
 ( #296, #7810, #445, #3458, #2310, #6985, #2975, #2130, #5411 ),
 ( #5893, #3904, #6481, #4698, #6333, #894, #5965, #5747, #525 ),
 ( #5376, #4553, #5295, #1536, #4054, #2857, #7131, #1683, #4256 ),
 ( #3164, #3051, #1202, #4926, #4890, #2421, #7247, #2379, #5562 ),
 ( #1357, #5526, #4812, #598, #5492, #1794, #2459, #4218, #6160 ),
 ( #6801, #3010, #70, #1865, #7324, #38, #1905, #7844, #2532 ),
 ( #7357, #633, #3764, #107, #6677, #7291, #7881, #2493, #6639 ),
 ( #4288, #6194, #3613, #3091, #750, #6042, #4333, #5447, #6710 ),
 ( #3729, #1272, #4856, #1832, #1235, #3687, #3646, #6077, #6119 ),
 ( #712, #678, #7406, #6759, #1955, #1315, #3126, #4971, #4373 ) ),
 .UNSPECIFIED., .F., .F., .F.,
 ( 4, 1, 1, 1, 1, 1, 1, 1, 1, 1, 1, 4 ),
 ( 4, 1, 1, 1, 1, 1, 4 ),
 ( 0.1690314178532389966, 0.2404976662216810057, 0.3206635549622420256, 0.3741074807892819654, 0.4008294437028019908, 0.4275514066163220162, 0.4809953324433620114, 0.5077172953568819258, 0.5344392582704030614, 0.5878831840974430012, 0.6413271099244830520, 0.6855637407220129820 ),
 ( 0.000000000000000000, 0.1428571428571430157, 0.2857142857142860315, 0.4285714285714289917, 0.5714285714285709528, 0.7857142857142859205, 1.000000000000000000 ),
 .UNSPECIFIED. ) ;
#567 = LINE ( 'NONE', #1236, #3673 ) ;
#568 = ORIENTED_EDGE ( 'NONE', *, *, #758, .T. ) ;
#569 = CARTESIAN_POINT ( 'NONE',  ( -0.1887301014381785047, -1.930000000000000160, 11.10513047107099993 ) ) ;
#570 = ORIENTED_EDGE ( 'NONE', *, *, #2996, .F. ) ;
#571 = LINE ( 'NONE', #2863, #536 ) ;
#572 = ADVANCED_FACE ( 'NONE', ( #2356 ), #6611, .F. ) ;
#573 = EDGE_CURVE ( 'NONE', #5151, #7799, #1244, .T. ) ;
#574 = ORIENTED_EDGE ( 'NONE', *, *, #930, .T. ) ;
#575 = CARTESIAN_POINT ( 'NONE',  ( 1.906547372127550100, -1.451067658468784272, -0.1732972869118704906 ) ) ;
#576 = LINE ( 'NONE', #647, #4184 ) ;
#577 = CARTESIAN_POINT ( 'NONE',  ( 6.049999999999999822, 1.639999999999999902, 6.349999999999999645 ) ) ;
#578 = DIRECTION ( 'NONE',  ( 0.000000000000000000, 0.000000000000000000, 1.000000000000000000 ) ) ;
#579 = EDGE_CURVE ( 'NONE', #5176, #256, #576, .T. ) ;
#580 = EDGE_LOOP ( 'NONE', ( #1775, #3638, #1342, #1449 ) ) ;
#581 = CARTESIAN_POINT ( 'NONE',  ( -6.078078594053430095, 1.993830433222750109, 3.018419159999999607E-15 ) ) ;
#582 = ORIENTED_EDGE ( 'NONE', *, *, #6132, .T. ) ;
#583 = DIRECTION ( 'NONE',  ( -1.000000000000000000, 0.000000000000000000, 0.000000000000000000 ) ) ;
#584 = DIRECTION ( 'NONE',  ( 0.000000000000000000, 0.000000000000000000, -1.000000000000000000 ) ) ;
#585 = DIRECTION ( 'NONE',  ( 1.000000000000000000, 0.000000000000000000, 0.000000000000000000 ) ) ;
#586 = PLANE ( 'NONE',  #1547 ) ;
#587 = FACE_OUTER_BOUND ( 'NONE', #6497, .T. ) ;
#588 = CARTESIAN_POINT ( 'NONE',  ( -0.03981373773291899815, 1.059195743242351995, -0.5347789023027440525 ) ) ;
#589 = VERTEX_POINT ( 'NONE', #2985 ) ;
#590 = ORIENTED_EDGE ( 'NONE', *, *, #1294, .T. ) ;
#591 = ORIENTED_EDGE ( 'NONE', *, *, #1064, .F. ) ;
#592 = CARTESIAN_POINT ( 'NONE',  ( -4.962499999999999467, 3.149999999999999911, 2.714999999999999858 ) ) ;
#593 = CARTESIAN_POINT ( 'NONE',  ( -0.7800000000000000266, 3.299999999999999822, 3.409999999999999698 ) ) ;
#594 = CARTESIAN_POINT ( 'NONE',  ( -6.069272814483840151, -2.009164402292545226, -2.646174006599999716E-06 ) ) ;
#595 = DIRECTION ( 'NONE',  ( 0.000000000000000000, 0.000000000000000000, -1.000000000000000000 ) ) ;
#596 = VERTEX_POINT ( 'NONE', #1805 ) ;
#597 = FACE_OUTER_BOUND ( 'NONE', #737, .T. ) ;
#598 = CARTESIAN_POINT ( 'NONE',  ( -1.629612920570609802, -1.270522058984278058, -0.2399582976104615017 ) ) ;
#599 = EDGE_CURVE ( 'NONE', #7359, #563, #1653, .T. ) ;
#600 = DIRECTION ( 'NONE',  ( -1.000000000000000000, 0.000000000000000000, 0.000000000000000000 ) ) ;
#601 = VERTEX_POINT ( 'NONE', #3623 ) ;
#602 = EDGE_LOOP ( 'NONE', ( #412, #1800, #1503, #1724, #685, #1305, #7071, #6955 ) ) ;
#603 = CARTESIAN_POINT ( 'NONE',  ( -5.022316515899610145, -1.015000000000000124, -0.4924434415399259746 ) ) ;
#604 = ORIENTED_EDGE ( 'NONE', *, *, #3346, .T. ) ;
#605 = CARTESIAN_POINT ( 'NONE',  ( 2.341078636432905036, -1.516167319854039963, -0.1413874652716972102 ) ) ;
#606 = EDGE_CURVE ( 'NONE', #283, #7851, #4230, .T. ) ;
#607 = CARTESIAN_POINT ( 'NONE',  ( 9.039999999999999147, 0.6350000000000000089, -4.370000000000000107 ) ) ;
#608 = CARTESIAN_POINT ( 'NONE',  ( 0.7800000000000000266, 2.939999999999999947, 3.409999999999999698 ) ) ;
#609 = LINE ( 'NONE', #2358, #5980 ) ;
#610 = B_SPLINE_CURVE_WITH_KNOTS ( 'NONE', 3,
 ( #6572, #1763, #1844, #6688, #3061, #5502, #47, #7149, #1698, #4113, #5941, #1731, #4146, #493, #6537, #1097, #4756, #3506, #1132, #2905 ),
 .UNSPECIFIED., .F., .F.,
 ( 4, 2, 1, 2, 2, 2, 2, 1, 2, 2, 4 ),
 ( 0.000000000000000000, 0.1250000000000001110, 0.1875000000000001665, 0.2187500000000001943, 0.2500000000000002220, 0.3750000000000001110, 0.4374999999999999445, 0.4687499999999998335, 0.4843749999999998335, 0.4999999999999997780, 1.000000000000000000 ),
 .UNSPECIFIED. ) ;
#611 = ORIENTED_EDGE ( 'NONE', *, *, #3062, .F. ) ;
#612 = DIRECTION ( 'NONE',  ( -1.000000000000000000, 0.000000000000000000, 0.000000000000000000 ) ) ;
#613 = ORIENTED_EDGE ( 'NONE', *, *, #3379, .T. ) ;
#614 = EDGE_CURVE ( 'NONE', #6040, #4752, #4866, .T. ) ;
#615 = CARTESIAN_POINT ( 'NONE',  ( -4.723479029876870072, 0.9880666728783230601, -0.6216636311606500431 ) ) ;
#616 = LINE ( 'NONE', #2332, #1166 ) ;
#617 = CARTESIAN_POINT ( 'NONE',  ( -5.952101550054601731, 1.949792758305384899, -0.005589641950494565227 ) ) ;
#618 = EDGE_CURVE ( 'NONE', #2370, #7063, #610, .T. ) ;
#619 = DIRECTION ( 'NONE',  ( 0.000000000000000000, 1.000000000000000000, 0.000000000000000000 ) ) ;
#620 = CARTESIAN_POINT ( 'NONE',  ( 5.080000000000000071, 0.6350000000000000089, -3.109999999999999876 ) ) ;
#621 = PLANE ( 'NONE',  #2932 ) ;
#622 = ORIENTED_EDGE ( 'NONE', *, *, #4450, .F. ) ;
#623 = ORIENTED_EDGE ( 'NONE', *, *, #7861, .T. ) ;
#624 = VERTEX_POINT ( 'NONE', #5348 ) ;
#625 = DIRECTION ( 'NONE',  ( 0.000000000000000000, 0.000000000000000000, 1.000000000000000000 ) ) ;
#626 = CARTESIAN_POINT ( 'NONE',  ( 4.724379384795990511, -1.063104568947009998, -0.5294005867914259866 ) ) ;
#627 = PLANE ( 'NONE',  #2175 ) ;
#628 = DIRECTION ( 'NONE',  ( 0.000000000000000000, -1.000000000000000000, 0.000000000000000000 ) ) ;
#629 = VECTOR ( 'NONE', #2583, 1000.000000000000000 ) ;
#630 = ORIENTED_EDGE ( 'NONE', *, *, #1871, .T. ) ;
#631 = CARTESIAN_POINT ( 'NONE',  ( -4.899999999999999467, 3.318000000000000060, 3.972500000000000142 ) ) ;
#632 = AXIS2_PLACEMENT_3D ( 'NONE', #3336, #7015, #5841 ) ;
#633 = CARTESIAN_POINT ( 'NONE',  ( -0.9575022207754980696, -0.9821415201911620763, -0.3859417985207774793 ) ) ;
#634 = AXIS2_PLACEMENT_3D ( 'NONE', #518, #4211, #6673 ) ;
#635 = DIRECTION ( 'NONE',  ( 0.000000000000000000, 1.000000000000000000, 0.000000000000000000 ) ) ;
#636 = VERTEX_POINT ( 'NONE', #7785 ) ;
#637 = AXIS2_PLACEMENT_3D ( 'NONE', #1626, #431, #6547 ) ;
#638 = ORIENTED_EDGE ( 'NONE', *, *, #1155, .T. ) ;
#639 = CARTESIAN_POINT ( 'NONE',  ( 3.794623629576646007, 0.9424127255495283739, -0.3993660853596122662 ) ) ;
#640 = AXIS2_PLACEMENT_3D ( 'NONE', #6143, #5704, #94 ) ;
#641 = AXIS2_PLACEMENT_3D ( 'NONE', #501, #5358, #345 ) ;
#642 = AXIS2_PLACEMENT_3D ( 'NONE', #7464, #2053, #899 ) ;
#643 = SHAPE_DEFINITION_REPRESENTATION ( #895, #3948 ) ;
#644 = ORIENTED_EDGE ( 'NONE', *, *, #7153, .F. ) ;
#645 = CARTESIAN_POINT ( 'NONE',  ( 2.862489176175144756, -1.446702292619600039, -0.1755181380443019967 ) ) ;
#646 = AXIS2_PLACEMENT_3D ( 'NONE', #3635, #3715, #2965 ) ;
#647 = CARTESIAN_POINT ( 'NONE',  ( 5.200000000000000178, 2.339999999999999858, 4.989999999999999325 ) ) ;
#648 = LINE ( 'NONE', #7372, #6735 ) ;
#649 = LINE ( 'NONE', #6656, #6875 ) ;
#650 = EDGE_CURVE ( 'NONE', #3319, #485, #3541, .T. ) ;
#651 = EDGE_LOOP ( 'NONE', ( #989, #7714, #7362, #7632 ) ) ;
#652 = FACE_OUTER_BOUND ( 'NONE', #4653, .T. ) ;
#653 = ORIENTED_EDGE ( 'NONE', *, *, #480, .F. ) ;
#654 = VECTOR ( 'NONE', #7221, 1000.000000000000000 ) ;
#655 = DIRECTION ( 'NONE',  ( 0.000000000000000000, -1.000000000000000000, 0.000000000000000000 ) ) ;
#656 = DIRECTION ( 'NONE',  ( 1.000000000000000000, 0.000000000000000000, 0.000000000000000000 ) ) ;
#657 = DIRECTION ( 'NONE',  ( -0.000000000000000000, 1.000000000000000000, 0.000000000000000000 ) ) ;
#658 = PLANE ( 'NONE',  #4200 ) ;
#659 = DIRECTION ( 'NONE',  ( 0.000000000000000000, 1.000000000000000000, 0.000000000000000000 ) ) ;
#660 = AXIS2_PLACEMENT_3D ( 'NONE', #5142, #7577, #2119 ) ;
#661 = EDGE_CURVE ( 'NONE', #7359, #220, #2953, .T. ) ;
#662 = CARTESIAN_POINT ( 'NONE',  ( 0.1709197062299064873, 0.6770235790426919475, -0.6953597081503199995 ) ) ;
#663 = VERTEX_POINT ( 'NONE', #4469 ) ;
#664 = ORIENTED_EDGE ( 'NONE', *, *, #4216, .F. ) ;
#665 = VERTEX_POINT ( 'NONE', #5535 ) ;
#666 = ADVANCED_FACE ( 'NONE', ( #2547 ), #6897, .T. ) ;
#667 = EDGE_CURVE ( 'NONE', #6943, #3560, #1450, .T. ) ;
#668 = DIRECTION ( 'NONE',  ( 1.000000000000000000, 0.000000000000000000, 0.000000000000000000 ) ) ;
#669 = AXIS2_PLACEMENT_3D ( 'NONE', #351, #4654, #2227 ) ;
#670 = FACE_OUTER_BOUND ( 'NONE', #4421, .T. ) ;
#671 = LINE ( 'NONE', #3085, #7130 ) ;
#672 = CARTESIAN_POINT ( 'NONE',  ( 0.9710995989701970421, -1.930000000000000160, 10.97280578029042175 ) ) ;
#673 = CIRCLE ( 'NONE', #1442, 0.5000000000000066613 ) ;
#674 = EDGE_CURVE ( 'NONE', #5244, #4003, #82, .T. ) ;
#675 = ORIENTED_EDGE ( 'NONE', *, *, #1985, .T. ) ;
#676 = DIRECTION ( 'NONE',  ( -0.9666183047637287862, 0.000000000000000000, -0.2562207112933989617 ) ) ;
#677 = EDGE_CURVE ( 'NONE', #3617, #3789, #765, .T. ) ;
#678 = CARTESIAN_POINT ( 'NONE',  ( -0.1709124780371744923, -0.6770002719380490142, -0.6952920455526249155 ) ) ;
#679 = CARTESIAN_POINT ( 'NONE',  ( -1.222729189295125973, 1.930000000000000160, 10.88969411280078070 ) ) ;
#680 = ORIENTED_EDGE ( 'NONE', *, *, #7323, .T. ) ;
#681 = ORIENTED_EDGE ( 'NONE', *, *, #4666, .F. ) ;
#682 = ORIENTED_EDGE ( 'NONE', *, *, #4450, .T. ) ;
#683 = LINE ( 'NONE', #1320, #275 ) ;
#684 = CARTESIAN_POINT ( 'NONE',  ( -6.079999812363260148, -1.977388391028439774, -2.085823107999999845E-09 ) ) ;
#685 = ORIENTED_EDGE ( 'NONE', *, *, #5237, .T. ) ;
#686 = CARTESIAN_POINT ( 'NONE',  ( 1.914605366957834898, -1.406721561404945975, -0.1884727032190164908 ) ) ;
#687 = CARTESIAN_POINT ( 'NONE',  ( -0.9629421952248581329, -0.9655605842862169386, -0.3844184903196822822 ) ) ;
#688 = CARTESIAN_POINT ( 'NONE',  ( -6.325000000000000178, 2.310000000000000053, 5.190000000000000391 ) ) ;
#689 = LINE ( 'NONE', #3863, #5864 ) ;
#690 = ORIENTED_EDGE ( 'NONE', *, *, #3075, .F. ) ;
#691 = DIRECTION ( 'NONE',  ( 1.000000000000000000, 0.000000000000000000, 0.000000000000000000 ) ) ;
#692 = VERTEX_POINT ( 'NONE', #1876 ) ;
#693 = LINE ( 'NONE', #5699, #4355 ) ;
#694 = CARTESIAN_POINT ( 'NONE',  ( -0.7800000000000000266, -3.299999999999999822, 3.409999999999999698 ) ) ;
#695 = CARTESIAN_POINT ( 'NONE',  ( 3.550000000000000266, -2.050000000000000266, 6.349999999999999645 ) ) ;
#696 = DIRECTION ( 'NONE',  ( 1.000000000000000000, 0.000000000000000000, 0.000000000000000000 ) ) ;
#697 =( BOUNDED_CURVE ( )  B_SPLINE_CURVE ( 3, ( #7169, #7119, #7011, #4620 ),
 .UNSPECIFIED., .F., .F. ) 
 B_SPLINE_CURVE_WITH_KNOTS ( ( 4, 4 ),
 ( 0.1567770305534645636, 0.2197047768779636923 ),
 .UNSPECIFIED. ) 
 CURVE ( )  GEOMETRIC_REPRESENTATION_ITEM ( )  RATIONAL_B_SPLINE_CURVE ( ( 1.000000000000000000, 0.9996700354512872977, 0.9996700354512872977, 1.000000000000000000 ) ) 
 REPRESENTATION_ITEM ( '' )  );
#698 = CARTESIAN_POINT ( 'NONE',  ( -5.750000000000000000, -2.939999999999999947, 5.989999999999999325 ) ) ;
#699 = DIRECTION ( 'NONE',  ( 0.000000000000000000, 1.000000000000000000, 0.000000000000000000 ) ) ;
#700 = DIRECTION ( 'NONE',  ( 1.000000000000000000, 0.000000000000000000, 0.000000000000000000 ) ) ;
#701 = ORIENTED_EDGE ( 'NONE', *, *, #2463, .T. ) ;
#702 = ORIENTED_EDGE ( 'NONE', *, *, #5251, .F. ) ;
#703 = ORIENTED_EDGE ( 'NONE', *, *, #7425, .F. ) ;
#704 = DIRECTION ( 'NONE',  ( 1.000000000000000000, 0.000000000000000000, 0.000000000000000000 ) ) ;
#705 = CARTESIAN_POINT ( 'NONE',  ( -0.3800000000000000044, 1.015000000000000124, -0.6499999999999909184 ) ) ;
#706 = DIRECTION ( 'NONE',  ( 0.000000000000000000, 0.000000000000000000, 1.000000000000000000 ) ) ;
#707 = CARTESIAN_POINT ( 'NONE',  ( 5.056101916678130692, -1.046175692195229878, -0.4521112341375729815 ) ) ;
#708 = EDGE_CURVE ( 'NONE', #7640, #3704, #2504, .T. ) ;
#709 = DIRECTION ( 'NONE',  ( 0.2562207112934029585, 0.000000000000000000, 0.9666183047637276760 ) ) ;
#710 = ORIENTED_EDGE ( 'NONE', *, *, #2751, .T. ) ;
#711 = DIRECTION ( 'NONE',  ( -0.9666183047637282311, 0.000000000000000000, -0.2562207112934010711 ) ) ;
#712 = CARTESIAN_POINT ( 'NONE',  ( -0.1774356543639989681, -0.6539430278838970212, -0.6921436534393380358 ) ) ;
#713 = DIRECTION ( 'NONE',  ( -0.5023269556814750070, 0.000000000000000000, 0.8646777605534800015 ) ) ;
#714 = EDGE_CURVE ( 'NONE', #4924, #3735, #2585, .T. ) ;
#715 = ORIENTED_EDGE ( 'NONE', *, *, #3719, .T. ) ;
#716 = ADVANCED_FACE ( 'NONE', ( #4422 ), #3181, .T. ) ;
#717 = ORIENTED_EDGE ( 'NONE', *, *, #3270, .F. ) ;
#718 = ORIENTED_EDGE ( 'NONE', *, *, #3468, .T. ) ;
#719 = CARTESIAN_POINT ( 'NONE',  ( -5.080000000000000071, 0.5927730585616969305, -0.5999999999999878764 ) ) ;
#720 = CARTESIAN_POINT ( 'NONE',  ( -5.976675821011320444, 1.962907418049730124, -0.003617281364203599973 ) ) ;
#721 = VERTEX_POINT ( 'NONE', #3821 ) ;
#722 = CARTESIAN_POINT ( 'NONE',  ( 0.8031175068556780650, -1.278827849557143903, -0.2947113956801700185 ) ) ;
#723 = CARTESIAN_POINT ( 'NONE',  ( -0.4526139057434789836, 1.930000000000000160, 11.08083360243817950 ) ) ;
#724 = FACE_OUTER_BOUND ( 'NONE', #3658, .T. ) ;
#725 = CARTESIAN_POINT ( 'NONE',  ( -1.199999999999999956, -1.469576158976823553E-16, 4.879999999999999893 ) ) ;
#726 = ORIENTED_EDGE ( 'NONE', *, *, #4291, .T. ) ;
#727 = CARTESIAN_POINT ( 'NONE',  ( -4.648244205433080367, -1.015000062695585958, -0.5790530145477630342 ) ) ;
#728 = ORIENTED_EDGE ( 'NONE', *, *, #1946, .F. ) ;
#729 = CARTESIAN_POINT ( 'NONE',  ( 0.3800237854546935079, 0.7329839495380340297, -0.5999651526700640058 ) ) ;
#730 = CARTESIAN_POINT ( 'NONE',  ( 5.648551175703120819, 1.607544506808164853, -0.06676504674835420650 ) ) ;
#731 = DIRECTION ( 'NONE',  ( -0.7071067805519559712, 8.659560554583427742E-17, 0.7071067818211389522 ) ) ;
#732 = DIRECTION ( 'NONE',  ( 0.000000000000000000, -1.000000000000000000, 0.000000000000000000 ) ) ;
#733 = LINE ( 'NONE', #1462, #5838 ) ;
#734 = CARTESIAN_POINT ( 'NONE',  ( -6.349999999999999645, -2.939999999999999947, 1.350000000000000089 ) ) ;
#735 = ORIENTED_EDGE ( 'NONE', *, *, #6881, .F. ) ;
#736 = LINE ( 'NONE', #6305, #270 ) ;
#737 = EDGE_LOOP ( 'NONE', ( #2797, #5366, #3997, #6844 ) ) ;
#738 = EDGE_LOOP ( 'NONE', ( #1137, #7321, #4880, #6050 ) ) ;
#739 = CARTESIAN_POINT ( 'NONE',  ( 2.550000000000000266, -3.299999999999999822, 3.899999999999999911 ) ) ;
#740 = PLANE ( 'NONE',  #1552 ) ;
#741 = CARTESIAN_POINT ( 'NONE',  ( 3.550000000000000266, -2.000000000000000000, 6.709999999999999964 ) ) ;
#742 = CARTESIAN_POINT ( 'NONE',  ( 5.193267907741129896, -1.380595927156014202, -0.2072354054179970095 ) ) ;
#743 = CARTESIAN_POINT ( 'NONE',  ( 2.289436996364705212, 1.360461346265539939, -0.1897113746099690079 ) ) ;
#744 = VERTEX_POINT ( 'NONE', #2001 ) ;
#745 = CARTESIAN_POINT ( 'NONE',  ( 5.079991318639766718, 0.6559467225149733238, -0.5952894094642026124 ) ) ;
#746 = ADVANCED_FACE ( 'NONE', ( #1922 ), #6848, .F. ) ;
#747 = EDGE_CURVE ( 'NONE', #6341, #2079, #5619, .T. ) ;
#748 = LINE ( 'NONE', #6358, #1308 ) ;
#749 = B_SPLINE_CURVE_WITH_KNOTS ( 'NONE', 3,
 ( #1561, #5923, #1598, #6555 ),
 .UNSPECIFIED., .F., .F.,
 ( 4, 4 ),
 ( 0.000000000000000000, 1.000000000000000000 ),
 .UNSPECIFIED. ) ;
#750 = CARTESIAN_POINT ( 'NONE',  ( -0.4842171260622359918, -0.9748582983967499782, -0.5138321254216290379 ) ) ;
#751 = PLANE ( 'NONE',  #5972 ) ;
#752 = VECTOR ( 'NONE', #4274, 1000.000000000000000 ) ;
#753 = ORIENTED_EDGE ( 'NONE', *, *, #7823, .F. ) ;
#754 = ADVANCED_FACE ( 'NONE', ( #3860 ), #7455, .F. ) ;
#755 = DIRECTION ( 'NONE',  ( 0.5023269556814738968, 0.000000000000000000, -0.8646777605534807787 ) ) ;
#756 = ORIENTED_EDGE ( 'NONE', *, *, #5633, .F. ) ;
#757 = CARTESIAN_POINT ( 'NONE',  ( -6.079999812459170094, 1.977388391055314942, -2.084755038000000091E-09 ) ) ;
#758 = EDGE_CURVE ( 'NONE', #5062, #1215, #1965, .T. ) ;
#759 = VECTOR ( 'NONE', #4546, 1000.000000000000000 ) ;
#760 = VECTOR ( 'NONE', #1555, 1000.000000000000000 ) ;
#761 = EDGE_CURVE ( 'NONE', #3866, #624, #844, .T. ) ;
#762 = EDGE_CURVE ( 'NONE', #3381, #1435, #7335, .T. ) ;
#763 = CARTESIAN_POINT ( 'NONE',  ( -5.363278463950679864, 1.506428980179699950, -0.1282131242899517964 ) ) ;
#764 = ORIENTED_EDGE ( 'NONE', *, *, #7144, .T. ) ;
#765 = LINE ( 'NONE', #5026, #3930 ) ;
#766 = VECTOR ( 'NONE', #7579, 1000.000000000000114 ) ;
#767 = DIRECTION ( 'NONE',  ( -0.2562207112933979625, 0.000000000000000000, 0.9666183047637288972 ) ) ;
#768 = VECTOR ( 'NONE', #6744, 1000.000000000000000 ) ;
#769 = LINE ( 'NONE', #812, #3445 ) ;
#770 = EDGE_CURVE ( 'NONE', #2138, #3617, #1585, .T. ) ;
#771 = ORIENTED_EDGE ( 'NONE', *, *, #1155, .F. ) ;
#772 = DIRECTION ( 'NONE',  ( 0.000000000000000000, 0.000000000000000000, 1.000000000000000000 ) ) ;
#773 = ORIENTED_EDGE ( 'NONE', *, *, #6646, .T. ) ;
#774 = VECTOR ( 'NONE', #1265, 1000.000000000000000 ) ;
#775 = VECTOR ( 'NONE', #7218, 1000.000000000000000 ) ;
#776 = CARTESIAN_POINT ( 'NONE',  ( 6.349999999999999645, 3.299999999999999822, 1.350000000000000089 ) ) ;
#777 = VECTOR ( 'NONE', #6954, 1000.000000000000000 ) ;
#778 = CARTESIAN_POINT ( 'NONE',  ( 5.236556902023869142, 1.346737305771842141, -0.2247541605398780118 ) ) ;
#779 = LINE ( 'NONE', #2594, #4823 ) ;
#780 = CARTESIAN_POINT ( 'NONE',  ( 0.7249999999999999778, 2.939999999999999947, 3.504999999999999893 ) ) ;
#781 = CARTESIAN_POINT ( 'NONE',  ( 0.8800000000000109956, -0.6350000000169669923, -6.919999999998279527 ) ) ;
#782 = VECTOR ( 'NONE', #5163, 1000.000000000000000 ) ;
#783 = LINE ( 'NONE', #3873, #6150 ) ;
#784 = ORIENTED_EDGE ( 'NONE', *, *, #4759, .T. ) ;
#785 = CARTESIAN_POINT ( 'NONE',  ( -4.561556493542890500, 1.015000009595742103, -0.5665575820949140251 ) ) ;
#786 = AXIS2_PLACEMENT_3D ( 'NONE', #2981, #1839, #6603 ) ;
#787 = ORIENTED_EDGE ( 'NONE', *, *, #4940, .T. ) ;
#788 = ORIENTED_EDGE ( 'NONE', *, *, #73, .F. ) ;
#789 = CARTESIAN_POINT ( 'NONE',  ( 6.080000000000000071, 2.014999999999999680, 6.579920799999999695E-15 ) ) ;
#790 = CARTESIAN_POINT ( 'NONE',  ( -3.279373212639999418E-05, -1.069236470509624004, -0.5210077773899559617 ) ) ;
#791 = CARTESIAN_POINT ( 'NONE',  ( -2.550000000000000266, 3.299999999999999822, 3.899999999999999911 ) ) ;
#792 = CARTESIAN_POINT ( 'NONE',  ( 5.927817636513380783, -1.874094466966484962, -0.009622775930050999835 ) ) ;
#794 = B_SPLINE_CURVE_WITH_KNOTS ( 'NONE', 3,
 ( #3279, #2687, #2184, #5129, #7563, #2106, #4612, #4529, #6960, #1510, #6349, #7600 ),
 .UNSPECIFIED., .F., .F.,
 ( 4, 1, 1, 1, 1, 1, 1, 1, 1, 4 ),
 ( 0.000000000000000000, 0.1361637654092803518, 0.2940927261808244930, 0.3993787000285204947, 0.5046646738762184947, 0.5573076608000664400, 0.6099506477239143853, 0.7152366215716103870, 0.9258085692670043887, 1.000000000000000000 ),
 .UNSPECIFIED. ) ;
#793 = CARTESIAN_POINT ( 'NONE',  ( 2.888118190809980224, 1.439000268482530043, -0.1805732821902799878 ) ) ;
#795 = EDGE_LOOP ( 'NONE', ( #4244, #5756, #4078, #3263 ) ) ;
#796 = PLANE ( 'NONE',  #282 ) ;
#797 = VECTOR ( 'NONE', #2575, 1000.000000000000000 ) ;
#798 = DIRECTION ( 'NONE',  ( 0.000000000000000000, 0.000000000000000000, -1.000000000000000000 ) ) ;
#799 = DIRECTION ( 'NONE',  ( 1.000000000000000000, 0.000000000000000000, 0.000000000000000000 ) ) ;
#800 = CARTESIAN_POINT ( 'NONE',  ( 4.899999999999999467, 2.939999999999999947, 2.449999999999999734 ) ) ;
#801 = ORIENTED_EDGE ( 'NONE', *, *, #1640, .T. ) ;
#802 = LINE ( 'NONE', #3214, #3454 ) ;
#803 = VECTOR ( 'NONE', #1428, 1000.000000000000000 ) ;
#804 = ORIENTED_EDGE ( 'NONE', *, *, #6832, .T. ) ;
#805 = CARTESIAN_POINT ( 'NONE',  ( -6.080000000000012506, 2.010000000000000231, 0.000000000000000000 ) ) ;
#806 = VECTOR ( 'NONE', #4366, 1000.000000000000114 ) ;
#807 = CARTESIAN_POINT ( 'NONE',  ( -4.892716526529749643, 0.8937415292309439652, -0.6722279553683750963 ) ) ;
#808 = VERTEX_POINT ( 'NONE', #5740 ) ;
#809 = DIRECTION ( 'NONE',  ( 0.000000000000000000, 0.000000000000000000, 1.000000000000000000 ) ) ;
#810 = LINE ( 'NONE', #2002, #2169 ) ;
#811 = EDGE_CURVE ( 'NONE', #1145, #3142, #7064, .T. ) ;
#812 = CARTESIAN_POINT ( 'NONE',  ( -2.600000000000000089, -2.939999999999999947, 2.449999999999999734 ) ) ;
#813 = ORIENTED_EDGE ( 'NONE', *, *, #811, .F. ) ;
#814 = CARTESIAN_POINT ( 'NONE',  ( 5.017500000000000071, -2.922000000000000153, 3.899999999999999911 ) ) ;
#815 = EDGE_LOOP ( 'NONE', ( #3716, #5837, #2614, #3825, #3726, #2046, #6108, #824, #3115, #41 ) ) ;
#816 = EDGE_CURVE ( 'NONE', #4127, #4793, #3297, .T. ) ;
#817 = CARTESIAN_POINT ( 'NONE',  ( 5.566227505524984132, -1.671106318715586125, -0.05813001553375431174 ) ) ;
#818 = CARTESIAN_POINT ( 'NONE',  ( 6.061112738651300624, 2.017307101377680212, 0.0002362771146432000044 ) ) ;
#819 = CARTESIAN_POINT ( 'NONE',  ( 8.939999999999999503, -0.6350000000061720717, -8.179999999998301519 ) ) ;
#820 = CARTESIAN_POINT ( 'NONE',  ( -2.550000000000000266, 3.299999999999999822, 3.899999999999999911 ) ) ;
#821 = DIRECTION ( 'NONE',  ( 1.000000000000000000, 0.000000000000000000, 0.000000000000000000 ) ) ;
#822 = DIRECTION ( 'NONE',  ( 0.000000000000000000, 0.000000000000000000, -1.000000000000000000 ) ) ;
#823 = EDGE_CURVE ( 'NONE', #6840, #1925, #5146, .T. ) ;
#824 = ORIENTED_EDGE ( 'NONE', *, *, #1106, .T. ) ;
#825 = DIRECTION ( 'NONE',  ( 1.000000000000000000, 0.000000000000000000, 0.000000000000000000 ) ) ;
#826 = ORIENTED_EDGE ( 'NONE', *, *, #5664, .T. ) ;
#827 = ORIENTED_EDGE ( 'NONE', *, *, #903, .F. ) ;
#828 = CARTESIAN_POINT ( 'NONE',  ( -5.080000000000000071, -0.6350000000000000089, -10.73000000000000043 ) ) ;
#829 = CARTESIAN_POINT ( 'NONE',  ( 4.641438309886243729, -1.084050815224040010, -0.5007240372331200895 ) ) ;
#830 = LINE ( 'NONE', #7638, #1909 ) ;
#831 = LINE ( 'NONE', #225, #2036 ) ;
#832 = CARTESIAN_POINT ( 'NONE',  ( 4.460802876226265035, 0.7523856976738049207, -0.6576447355169919851 ) ) ;
#833 = VERTEX_POINT ( 'NONE', #4631 ) ;
#834 = CARTESIAN_POINT ( 'NONE',  ( 6.080000000000000071, -2.014999999999999680, 6.168677019999999634E-15 ) ) ;
#835 = DIRECTION ( 'NONE',  ( 0.2562207112934001274, 0.000000000000000000, -0.9666183047637283421 ) ) ;
#836 = CARTESIAN_POINT ( 'NONE',  ( 5.080000000000000071, -0.5927730585616969305, -0.5999999999999878764 ) ) ;
#837 = CARTESIAN_POINT ( 'NONE',  ( -0.3857531096061743714, -1.168999118472560106, -0.3976021794742741200 ) ) ;
#838 = LINE ( 'NONE', #3252, #1179 ) ;
#839 = ORIENTED_EDGE ( 'NONE', *, *, #6742, .T. ) ;
#840 = DIRECTION ( 'NONE',  ( 0.000000000000000000, -1.000000000000000000, 0.000000000000000000 ) ) ;
#841 = EDGE_CURVE ( 'NONE', #1925, #556, #328, .T. ) ;
#842 = CARTESIAN_POINT ( 'NONE',  ( -5.787572784873010079, 1.740220960987895138, -0.03333557943642940363 ) ) ;
#843 = EDGE_LOOP ( 'NONE', ( #7460, #3692, #1847, #6599 ) ) ;
#844 = LINE ( 'NONE', #6169, #1267 ) ;
#845 = CARTESIAN_POINT ( 'NONE',  ( 6.080000000000000071, 2.000000000000000000, -0.0006094550547221999279 ) ) ;
#846 = ORIENTED_EDGE ( 'NONE', *, *, #6312, .F. ) ;
#847 = LINE ( 'NONE', #2506, #7528 ) ;
#848 = EDGE_LOOP ( 'NONE', ( #1726, #2315, #1761, #3461, #2163, #4711, #6587, #4810, #5919, #5969, #2128 ) ) ;
#849 = CARTESIAN_POINT ( 'NONE',  ( 3.550000000000000266, 2.254999999999999893, 5.953999999999999737 ) ) ;
#850 = ORIENTED_EDGE ( 'NONE', *, *, #6938, .F. ) ;
#851 = EDGE_CURVE ( 'NONE', #879, #5247, #2743, .T. ) ;
#852 = LINE ( 'NONE', #6734, #5498 ) ;
#853 = EDGE_CURVE ( 'NONE', #6477, #4956, #289, .T. ) ;
#854 = CARTESIAN_POINT ( 'NONE',  ( 1.703557601043285130, 1.930000000000000160, 10.66765478544072110 ) ) ;
#855 = CARTESIAN_POINT ( 'NONE',  ( -4.320000000000000284, 0.6350000000000000089, -0.6499999999999909184 ) ) ;
#856 = CARTESIAN_POINT ( 'NONE',  ( 5.750000000000000000, -2.939999999999999947, 5.190000000000000391 ) ) ;
#857 = CARTESIAN_POINT ( 'NONE',  ( 9.169000000000000483, -2.834999999999999964, 5.971999999999999531 ) ) ;
#858 = LINE ( 'NONE', #4481, #6924 ) ;
#859 = ORIENTED_EDGE ( 'NONE', *, *, #7781, .T. ) ;
#860 = CARTESIAN_POINT ( 'NONE',  ( -4.619402104859250180, 1.015000161169099968, -0.5751062959182040579 ) ) ;
#861 = EDGE_LOOP ( 'NONE', ( #4978, #7076, #5652, #6211 ) ) ;
#862 = ORIENTED_EDGE ( 'NONE', *, *, #1788, .T. ) ;
#863 = EDGE_CURVE ( 'NONE', #5829, #4303, #408, .T. ) ;
#864 = CARTESIAN_POINT ( 'NONE',  ( -0.6605917846899119761, 0.9068233804531169451, -0.4718260446780779827 ) ) ;
#865 = ADVANCED_FACE ( 'NONE', ( #883 ), #7617, .F. ) ;
#866 = CARTESIAN_POINT ( 'NONE',  ( 3.472554612034719934, -1.385751832695010011, -0.2146119047913594979 ) ) ;
#867 = CARTESIAN_POINT ( 'NONE',  ( 6.349999999999999645, -2.939999999999999947, 1.350000000000000089 ) ) ;
#868 = CARTESIAN_POINT ( 'NONE',  ( 5.213769009487050354, -0.8481004841890860124, -0.4105491659577605312 ) ) ;
#869 = CARTESIAN_POINT ( 'NONE',  ( 3.354536093256660134, 1.248936476712450006, -0.2687749461827895203 ) ) ;
#870 = ORIENTED_EDGE ( 'NONE', *, *, #4897, .F. ) ;
#871 = CARTESIAN_POINT ( 'NONE',  ( -4.850000000000000533, 3.140000000000000124, 2.449999999999999734 ) ) ;
#872 = DIRECTION ( 'NONE',  ( 0.000000000000000000, 1.000000000000000000, 0.000000000000000000 ) ) ;
#873 = LINE ( 'NONE', #1392, #5256 ) ;
#874 = B_SPLINE_CURVE_WITH_KNOTS ( 'NONE', 3,
 ( #6810, #2230, #6364, #4623, #928, #2194, #4659, #2150, #7090, #3337, #3774, #7417, #1964, #5771 ),
 .UNSPECIFIED., .F., .F.,
 ( 4, 1, 1, 1, 1, 1, 1, 1, 1, 1, 1, 4 ),
 ( 0.000000000000000000, 0.03573479742214367288, 0.1513073341379092829, 0.2668798708536747055, 0.3246661392115565148, 0.3824524075694381575, 0.4980249442852037189, 0.6135974810009693359, 0.7291700177167348418, 0.9025288227903823790, 0.9892082253272057590, 1.000000000000000000 ),
 .UNSPECIFIED. ) ;
#875 = DIRECTION ( 'NONE',  ( 0.000000000000000000, -1.000000000000000000, 0.000000000000000000 ) ) ;
#876 = CARTESIAN_POINT ( 'NONE',  ( 4.414373124437694251, -1.068422339865652049, -0.5025179860990260927 ) ) ;
#877 = CARTESIAN_POINT ( 'NONE',  ( 5.200000000000000178, -2.674999999999999822, 5.989999999999999325 ) ) ;
#878 = EDGE_LOOP ( 'NONE', ( #5279, #6636, #1545, #5168 ) ) ;
#879 = VERTEX_POINT ( 'NONE', #5896 ) ;
#880 = CARTESIAN_POINT ( 'NONE',  ( -2.550000000000000266, -2.939999999999999947, 2.449999999999999734 ) ) ;
#881 = CARTESIAN_POINT ( 'NONE',  ( -6.075434093160269278, -1.999999998400869838, -4.472355800000000058E-11 ) ) ;
#882 = ORIENTED_EDGE ( 'NONE', *, *, #1433, .T. ) ;
#883 = FACE_OUTER_BOUND ( 'NONE', #3963, .T. ) ;
#884 = DIRECTION ( 'NONE',  ( 0.000000000000000000, -1.000000000000000000, 0.000000000000000000 ) ) ;
#885 = ADVANCED_FACE ( 'NONE', ( #5261 ), #4587, .T. ) ;
#886 = VECTOR ( 'NONE', #3991, 1000.000000000000000 ) ;
#887 = EDGE_LOOP ( 'NONE', ( #982, #5565, #2911, #2269 ) ) ;
#888 = PLANE ( 'NONE',  #6883 ) ;
#889 = B_SPLINE_CURVE_WITH_KNOTS ( 'NONE', 3,
 ( #5207, #5137, #837, #1601, #5094, #6927, #2814, #5727, #232, #4014, #1480, #353, #5253, #7056 ),
 .UNSPECIFIED., .F., .F.,
 ( 4, 1, 1, 1, 1, 1, 1, 1, 1, 1, 1, 4 ),
 ( 0.000000000000000000, 0.07840115038694776828, 0.1841392089850731884, 0.2898772675831983725, 0.3427462968822633238, 0.3956153261813257771, 0.5013533847794511278, 0.5542224140785138031, 0.6070914433775764785, 0.7128295019757017181, 0.8714365898728917426, 1.000000000000000000 ),
 .UNSPECIFIED. ) ;
#890 = AXIS2_PLACEMENT_3D ( 'NONE', #1677, #1083, #5255 ) ;
#891 = EDGE_LOOP ( 'NONE', ( #2103, #1091, #2848, #7868 ) ) ;
#892 = CARTESIAN_POINT ( 'NONE',  ( 5.720000000000000639, -2.945250000000000146, 5.989999999999999325 ) ) ;
#893 = MECHANICAL_DESIGN_GEOMETRIC_PRESENTATION_REPRESENTATION (  '', ( #7003 ), #7145 ) ;
#894 = CARTESIAN_POINT ( 'NONE',  ( -2.627486639091500376, -1.420551416651326004, -0.1810746320719065217 ) ) ;
#895 = PRODUCT_DEFINITION_SHAPE ( 'NONE', 'NONE',  #3388 ) ;
#896 = VECTOR ( 'NONE', #713, 1000.000000000000227 ) ;
#897 = CARTESIAN_POINT ( 'NONE',  ( 5.893876102156100139, 1.907748713690040177, -0.007327484308781599676 ) ) ;
#898 = ORIENTED_EDGE ( 'NONE', *, *, #1773, .T. ) ;
#899 = DIRECTION ( 'NONE',  ( 0.000000000000000000, 1.000000000000000000, 0.000000000000000000 ) ) ;
#900 = CARTESIAN_POINT ( 'NONE',  ( 4.850000000000000533, 2.929999999999999716, 3.500000000000000000 ) ) ;
#901 = ADVANCED_FACE ( 'NONE', ( #7542 ), #1006, .T. ) ;
#902 = CARTESIAN_POINT ( 'NONE',  ( 3.550000000000000266, 2.050000000000000266, 6.349999999999999645 ) ) ;
#903 = EDGE_CURVE ( 'NONE', #3105, #721, #7581, .T. ) ;
#904 = VERTEX_POINT ( 'NONE', #6978 ) ;
#905 = PLANE ( 'NONE',  #919 ) ;
#906 = EDGE_LOOP ( 'NONE', ( #5696, #4704, #3671, #4252 ) ) ;
#907 = ORIENTED_EDGE ( 'NONE', *, *, #4300, .T. ) ;
#908 = VECTOR ( 'NONE', #3526, 1000.000000000000000 ) ;
#909 = VECTOR ( 'NONE', #5992, 1000.000000000000000 ) ;
#910 = VECTOR ( 'NONE', #4186, 1000.000000000000000 ) ;
#911 = CARTESIAN_POINT ( 'NONE',  ( -2.869090982733379924, 1.478792004348125966, -0.1604550068335155177 ) ) ;
#912 = CARTESIAN_POINT ( 'NONE',  ( 9.039999999999999147, -0.6350000000000000089, -11.22999999999617948 ) ) ;
#913 = VECTOR ( 'NONE', #2251, 1000.000000000000000 ) ;
#914 = CARTESIAN_POINT ( 'NONE',  ( 4.852523636597120493, 1.014999999999546043, -0.5635421297506210125 ) ) ;
#915 = UNCERTAINTY_MEASURE_WITH_UNIT (LENGTH_MEASURE( 1.000000000000000082E-05 ), #5418, 'distance_accuracy_value', 'NONE');
#916 = AXIS2_PLACEMENT_3D ( 'NONE', #2754, #3313, #4600 ) ;
#917 = EDGE_CURVE ( 'NONE', #6258, #2102, #1574, .T. ) ;
#918 = LINE ( 'NONE', #4085, #4706 ) ;
#919 = AXIS2_PLACEMENT_3D ( 'NONE', #7674, #4643, #2172 ) ;
#920 = CARTESIAN_POINT ( 'NONE',  ( 3.340927066311699889, 1.208258957813930001, -0.2757079290925895099 ) ) ;
#921 = EDGE_CURVE ( 'NONE', #5475, #2839, #5813, .T. ) ;
#922 = VERTEX_POINT ( 'NONE', #1055 ) ;
#923 = CARTESIAN_POINT ( 'NONE',  ( -0.7828678246082599879, 1.930000000000000160, 11.29681751662950084 ) ) ;
#924 = DIRECTION ( 'NONE',  ( 1.000000000000000000, 0.000000000000000000, 0.000000000000000000 ) ) ;
#925 = AXIS2_PLACEMENT_3D ( 'NONE', #4751, #3501, #534 ) ;
#926 = DIRECTION ( 'NONE',  ( 0.000000000000000000, 0.000000000000000000, -1.000000000000000000 ) ) ;
#927 = CYLINDRICAL_SURFACE ( 'NONE', #632, 5.000000000000001776 ) ;
#928 = CARTESIAN_POINT ( 'NONE',  ( 1.316719179701915987, -1.095210521728602115, -0.2992172561282230303 ) ) ;
#929 = CARTESIAN_POINT ( 'NONE',  ( -3.550000000000000266, 2.050000000000000266, 5.989999999999999325 ) ) ;
#930 = EDGE_CURVE ( 'NONE', #5701, #5496, #4023, .T. ) ;
#931 = EDGE_CURVE ( 'NONE', #3563, #2715, #4057, .T. ) ;
#932 = AXIS2_PLACEMENT_3D ( 'NONE', #6965, #3248, #1704 ) ;
#933 = ORIENTED_EDGE ( 'NONE', *, *, #6156, .T. ) ;
#934 = ORIENTED_EDGE ( 'NONE', *, *, #3520, .F. ) ;
#935 = CARTESIAN_POINT ( 'NONE',  ( 4.319999999877819796, -1.015000000204754116, -0.5232819823221819266 ) ) ;
#936 = CARTESIAN_POINT ( 'NONE',  ( 6.349999999999999645, -2.939999999999999947, 0.000000000000000000 ) ) ;
#937 = VECTOR ( 'NONE', #2129, 1000.000000000000000 ) ;
#938 = VECTOR ( 'NONE', #699, 1000.000000000000000 ) ;
#939 = VERTEX_POINT ( 'NONE', #6486 ) ;
#940 = CARTESIAN_POINT ( 'NONE',  ( -4.850000000000000533, 3.140000000000000124, 2.449999999999999734 ) ) ;
#941 = CARTESIAN_POINT ( 'NONE',  ( 0.000000000000000000, 0.000000000000000000, 4.040000000000000036 ) ) ;
#942 = ORIENTED_EDGE ( 'NONE', *, *, #2651, .F. ) ;
#943 = PLANE ( 'NONE',  #6495 ) ;
#944 = CIRCLE ( 'NONE', #6011, 1.260000000000000231 ) ;
#945 = ORIENTED_EDGE ( 'NONE', *, *, #921, .T. ) ;
#946 = LINE ( 'NONE', #7069, #1437 ) ;
#947 = CARTESIAN_POINT ( 'NONE',  ( 5.178560970346549830, 1.391149629563654067, -0.2005949408745180129 ) ) ;
#948 = ORIENTED_EDGE ( 'NONE', *, *, #425, .T. ) ;
#949 = CARTESIAN_POINT ( 'NONE',  ( -0.3800000458018977789, -0.9253574087876826892, -0.5737605734478531394 ) ) ;
#950 = CARTESIAN_POINT ( 'NONE',  ( 3.905000000000000249, 2.050000000000000266, 6.368000000000000327 ) ) ;
#951 = CARTESIAN_POINT ( 'NONE',  ( -5.118000000000000327, 1.034000000000000030, -0.6499999999999909184 ) ) ;
#952 = LINE ( 'NONE', #1068, #5476 ) ;
#953 = ORIENTED_EDGE ( 'NONE', *, *, #7238, .F. ) ;
#954 = ORIENTED_EDGE ( 'NONE', *, *, #7713, .F. ) ;
#955 = CARTESIAN_POINT ( 'NONE',  ( -2.872615050937759928, 1.494356340682711837, -0.1520822390565799986 ) ) ;
#956 = CARTESIAN_POINT ( 'NONE',  ( 3.079999999999999627, -2.000000000000000000, 4.832499999999999574 ) ) ;
#957 = DIRECTION ( 'NONE',  ( 0.000000000000000000, 0.000000000000000000, 1.000000000000000000 ) ) ;
#958 = ORIENTED_EDGE ( 'NONE', *, *, #4552, .F. ) ;
#959 = DIRECTION ( 'NONE',  ( 0.000000000000000000, 0.000000000000000000, 1.000000000000000000 ) ) ;
#960 = CARTESIAN_POINT ( 'NONE',  ( 2.038743714486660252, 1.377696914003835760, -0.1927176507611335077 ) ) ;
#961 = ORIENTED_EDGE ( 'NONE', *, *, #7290, .F. ) ;
#962 = DIRECTION ( 'NONE',  ( 0.9666183047637287862, 0.000000000000000000, -0.2562207112933989617 ) ) ;
#963 = CARTESIAN_POINT ( 'NONE',  ( -4.899999999999999467, 2.939999999999999947, 3.899999999999999911 ) ) ;
#964 = DIRECTION ( 'NONE',  ( 1.000000000000000000, 0.000000000000000000, 0.000000000000000000 ) ) ;
#965 = CARTESIAN_POINT ( 'NONE',  ( 4.320000000000000284, 1.015000000000000124, -0.6499999999999909184 ) ) ;
#966 = EDGE_CURVE ( 'NONE', #556, #2350, #7098, .T. ) ;
#967 = B_SPLINE_CURVE_WITH_KNOTS ( 'NONE', 3,
 ( #6058, #7267, #581, #4304, #2958, #5506 ),
 .UNSPECIFIED., .F., .F.,
 ( 4, 2, 4 ),
 ( 3.371457000000000138E-09, 0.001005377653393999936, 0.002319218012144999910 ),
 .UNSPECIFIED. ) ;
#968 = CARTESIAN_POINT ( 'NONE',  ( 3.989976929186115129, -1.232219413011744091, -0.3322855214951665470 ) ) ;
#969 = CYLINDRICAL_SURFACE ( 'NONE', #1027, 0.7799999999999999156 ) ;
#970 = EDGE_CURVE ( 'NONE', #5395, #6774, #3348, .T. ) ;
#971 = ORIENTED_EDGE ( 'NONE', *, *, #6881, .T. ) ;
#972 = CARTESIAN_POINT ( 'NONE',  ( 4.320000000277564922, 1.014999981632654036, -0.5232855309373609654 ) ) ;
#973 = ADVANCED_FACE ( 'NONE', ( #4701 ), #5298, .T. ) ;
#974 = ORIENTED_EDGE ( 'NONE', *, *, #677, .T. ) ;
#975 = CARTESIAN_POINT ( 'NONE',  ( 6.349999999999999645, -2.939999999999999947, 6.150000000000000355 ) ) ;
#976 = CARTESIAN_POINT ( 'NONE',  ( 0.6123385083052179656, 2.939999999999999947, 3.893157894736865021 ) ) ;
#977 = ORIENTED_EDGE ( 'NONE', *, *, #3184, .T. ) ;
#978 = DIRECTION ( 'NONE',  ( 0.000000000000000000, 1.000000000000000000, 0.000000000000000000 ) ) ;
#979 = ORIENTED_EDGE ( 'NONE', *, *, #6063, .T. ) ;
#980 = CARTESIAN_POINT ( 'NONE',  ( -4.432155967675389441, -1.015000040763573974, -0.5446009206569150107 ) ) ;
#981 =( LENGTH_UNIT ( ) NAMED_UNIT ( * ) SI_UNIT ( .MILLI., .METRE. ) );
#982 = ORIENTED_EDGE ( 'NONE', *, *, #4759, .F. ) ;
#983 = CARTESIAN_POINT ( 'NONE',  ( 0.1302992453965683972, -0.7908295123983399844, -0.6935493685191649327 ) ) ;
#984 = LINE ( 'NONE', #4640, #1160 ) ;
#985 = CARTESIAN_POINT ( 'NONE',  ( 4.850000000000000533, 3.140000000000000124, 2.750000000000000000 ) ) ;
#986 = CARTESIAN_POINT ( 'NONE',  ( 1.930000000000000160, -1.930000000000000160, 5.989999999999999325 ) ) ;
#987 = ADVANCED_FACE ( 'NONE', ( #4104 ), #6527, .T. ) ;
#988 = ORIENTED_EDGE ( 'NONE', *, *, #6842, .F. ) ;
#989 = ORIENTED_EDGE ( 'NONE', *, *, #7664, .F. ) ;
#990 = CARTESIAN_POINT ( 'NONE',  ( -2.427848664147495228, 1.479230534432506072, -0.1582435244235194938 ) ) ;
#991 = DIRECTION ( 'NONE',  ( 0.000000000000000000, -1.000000000000000000, 0.000000000000000000 ) ) ;
#992 = LINE ( 'NONE', #1470, #4459 ) ;
#993 = FACE_OUTER_BOUND ( 'NONE', #7816, .T. ) ;
#994 = LINE ( 'NONE', #504, #7248 ) ;
#995 = CARTESIAN_POINT ( 'NONE',  ( 0.08758830486469598720, 1.068265499487004222, -0.5202967707834220690 ) ) ;
#996 = ORIENTED_EDGE ( 'NONE', *, *, #1451, .F. ) ;
#997 = DIRECTION ( 'NONE',  ( -0.8646777605534796685, 0.000000000000000000, -0.5023269556814758952 ) ) ;
#998 = DIRECTION ( 'NONE',  ( -0.7071067811865474617, 0.000000000000000000, 0.7071067811865474617 ) ) ;
#999 = CARTESIAN_POINT ( 'NONE',  ( 1.467349297390000196, 1.930000000000000160, 10.78778237296842057 ) ) ;
#1000 = CARTESIAN_POINT ( 'NONE',  ( 4.559440817466190232, -0.6398696499225049461, -0.7101774053507560192 ) ) ;
#1001 = DIRECTION ( 'NONE',  ( 0.000000000000000000, -1.000000000000000000, 0.000000000000000000 ) ) ;
#1002 = EDGE_CURVE ( 'NONE', #5735, #5183, #5072, .T. ) ;
#1003 = ORIENTED_EDGE ( 'NONE', *, *, #6199, .F. ) ;
#1004 = CARTESIAN_POINT ( 'NONE',  ( -6.059385773076205517, -1.998131477040701931, -0.0007714912355239755565 ) ) ;
#1005 = ORIENTED_EDGE ( 'NONE', *, *, #2491, .T. ) ;
#1006 = CYLINDRICAL_SURFACE ( 'NONE', #5208, 1.260000000000000231 ) ;
#1007 = EDGE_CURVE ( 'NONE', #5101, #5787, #6215, .T. ) ;
#1008 = LINE ( 'NONE', #2314, #3050 ) ;
#1009 = ORIENTED_EDGE ( 'NONE', *, *, #5039, .F. ) ;
#1010 = CARTESIAN_POINT ( 'NONE',  ( 2.600000000000000089, 2.929999999999999716, 3.500000000000000000 ) ) ;
#1011 = EDGE_CURVE ( 'NONE', #1381, #545, #3643, .T. ) ;
#1012 = ORIENTED_EDGE ( 'NONE', *, *, #3486, .F. ) ;
#1013 = CARTESIAN_POINT ( 'NONE',  ( -4.489388120920485115, -1.015000038942241778, -0.5546785540268560633 ) ) ;
#1014 = EDGE_CURVE ( 'NONE', #7547, #6304, #3230, .T. ) ;
#1015 = CARTESIAN_POINT ( 'NONE',  ( 4.892355244173599793, 1.158931765353272025, -0.4000293673340009626 ) ) ;
#1016 = VERTEX_POINT ( 'NONE', #695 ) ;
#1017 = FACE_OUTER_BOUND ( 'NONE', #3167, .T. ) ;
#1018 = DIRECTION ( 'NONE',  ( 0.000000000000000000, 1.000000000000000000, 0.000000000000000000 ) ) ;
#1019 = VECTOR ( 'NONE', #213, 1000.000000000000000 ) ;
#1020 = CARTESIAN_POINT ( 'NONE',  ( 1.128038291444850350, 1.359330988679181118, -0.2348116148328734387 ) ) ;
#1021 = EDGE_CURVE ( 'NONE', #220, #4370, #4945, .T. ) ;
#1022 = DIRECTION ( 'NONE',  ( 0.000000000000000000, 0.000000000000000000, -1.000000000000000000 ) ) ;
#1023 = ADVANCED_FACE ( 'NONE', ( #1296 ), #4947, .T. ) ;
#1024 = ORIENTED_EDGE ( 'NONE', *, *, #2071, .F. ) ;
#1025 = ORIENTED_EDGE ( 'NONE', *, *, #5999, .F. ) ;
#1026 = VECTOR ( 'NONE', #541, 1000.000000000000000 ) ;
#1027 = AXIS2_PLACEMENT_3D ( 'NONE', #5927, #5889, #1603 ) ;
#1028 = CARTESIAN_POINT ( 'NONE',  ( -2.098135994409534799, 1.291675697895152020, -0.1999443115240390201 ) ) ;
#1029 = CARTESIAN_POINT ( 'NONE',  ( 0.6123385083052179656, -3.140000000000000124, 3.893157894736865021 ) ) ;
#1030 = FACE_OUTER_BOUND ( 'NONE', #5125, .T. ) ;
#1031 = DIRECTION ( 'NONE',  ( -1.000000000000000000, 0.000000000000000000, 0.000000000000000000 ) ) ;
#1032 = DIRECTION ( 'NONE',  ( 0.000000000000000000, 1.000000000000000000, 0.000000000000000000 ) ) ;
#1033 = VECTOR ( 'NONE', #4575, 1000.000000000000000 ) ;
#1034 = CARTESIAN_POINT ( 'NONE',  ( 2.049775536319494496, 1.286058528971955939, -0.2026657511829015046 ) ) ;
#1035 = AXIS2_PLACEMENT_3D ( 'NONE', #2794, #5120, #5232 ) ;
#1036 = ORIENTED_EDGE ( 'NONE', *, *, #708, .T. ) ;
#1037 = CARTESIAN_POINT ( 'NONE',  ( 5.750000000000000000, -2.939999999999999947, 5.190000000000000391 ) ) ;
#1038 = VECTOR ( 'NONE', #7113, 1000.000000000000114 ) ;
#1039 = DIRECTION ( 'NONE',  ( 0.000000000000000000, 0.000000000000000000, 1.000000000000000000 ) ) ;
#1040 = VECTOR ( 'NONE', #2629, 1000.000000000000000 ) ;
#1041 = CARTESIAN_POINT ( 'NONE',  ( -5.397568111501009902, -1.476140505020729909, -0.1398055986631736025 ) ) ;
#1042 = ADVANCED_FACE ( 'NONE', ( #6908 ), #4309, .F. ) ;
#1043 = VECTOR ( 'NONE', #1022, 1000.000000000000000 ) ;
#1044 = CARTESIAN_POINT ( 'NONE',  ( 2.869542728855719815, -1.478735939638970098, -0.1604621178662835046 ) ) ;
#1045 = FACE_OUTER_BOUND ( 'NONE', #4486, .T. ) ;
#1046 = AXIS2_PLACEMENT_3D ( 'NONE', #4403, #6347, #6918 ) ;
#1047 = EDGE_LOOP ( 'NONE', ( #4027, #2883, #2977, #6586, #6012, #2720, #5996, #7736 ) ) ;
#1048 = CARTESIAN_POINT ( 'NONE',  ( -6.349999999999999645, -2.739999999999999769, 6.150000000000000355 ) ) ;
#1049 = VECTOR ( 'NONE', #4345, 1000.000000000000000 ) ;
#1050 = CARTESIAN_POINT ( 'NONE',  ( -3.989135000288845934, -0.9279045789733130212, -0.4544411537794770251 ) ) ;
#1051 = EDGE_CURVE ( 'NONE', #7411, #692, #177, .T. ) ;
#1052 = CARTESIAN_POINT ( 'NONE',  ( 4.320000000000000284, 1.014999960231757870, -0.5232855309373609654 ) ) ;
#1053 = EDGE_LOOP ( 'NONE', ( #1753, #2660, #7633, #6607, #1789, #3123, #4108, #347 ) ) ;
#1054 = VECTOR ( 'NONE', #2308, 1000.000000000000000 ) ;
#1055 = CARTESIAN_POINT ( 'NONE',  ( -5.750000000000000000, 2.810000000000000053, 5.989999999999999325 ) ) ;
#1056 = CARTESIAN_POINT ( 'NONE',  ( 4.580515428446660486, 0.7100850584545000954, -0.7165682677402779310 ) ) ;
#1057 = ORIENTED_EDGE ( 'NONE', *, *, #1721, .T. ) ;
#1058 = CARTESIAN_POINT ( 'NONE',  ( -4.320000171323655103, -1.014999970166001964, -0.5232071289427039362 ) ) ;
#1059 = ORIENTED_EDGE ( 'NONE', *, *, #375, .T. ) ;
#1060 = VECTOR ( 'NONE', #2750, 1000.000000000000227 ) ;
#1061 = DIRECTION ( 'NONE',  ( 1.000000000000000000, 0.000000000000000000, 0.000000000000000000 ) ) ;
#1062 = ORIENTED_EDGE ( 'NONE', *, *, #3973, .F. ) ;
#1063 = CARTESIAN_POINT ( 'NONE',  ( 0.2664181057008995213, -0.7622476850400370374, -0.6450288387433749104 ) ) ;
#1064 = EDGE_CURVE ( 'NONE', #450, #5051, #3783, .T. ) ;
#1065 = PLANE ( 'NONE',  #2177 ) ;
#1066 = CARTESIAN_POINT ( 'NONE',  ( 4.620192149416416427, 1.089418159415588283, -0.4933871877239051629 ) ) ;
#1067 = AXIS2_PLACEMENT_3D ( 'NONE', #1895, #6751, #5439 ) ;
#1068 = CARTESIAN_POINT ( 'NONE',  ( 0.7800000000000000266, -3.299999999999999822, 1.350000000000000089 ) ) ;
#1069 = ORIENTED_EDGE ( 'NONE', *, *, #6443, .F. ) ;
#1070 = ORIENTED_EDGE ( 'NONE', *, *, #1394, .F. ) ;
#1071 = CARTESIAN_POINT ( 'NONE',  ( -1.222018596419006009, 1.122229086932816200, -0.3053197316289880114 ) ) ;
#1072 = PLANE ( 'NONE',  #3298 ) ;
#1073 = EDGE_CURVE ( 'NONE', #6648, #5235, #779, .T. ) ;
#1074 = LINE ( 'NONE', #2725, #3559 ) ;
#1075 = DIRECTION ( 'NONE',  ( 1.000000000000000000, 0.000000000000000000, 0.000000000000000000 ) ) ;
#1076 = CARTESIAN_POINT ( 'NONE',  ( 1.792548136039000095, 1.342546886170377984, -0.2127116776516130292 ) ) ;
#1077 = VERTEX_POINT ( 'NONE', #6858 ) ;
#1078 = ORIENTED_EDGE ( 'NONE', *, *, #853, .T. ) ;
#1079 = DIRECTION ( 'NONE',  ( -0.5023269556814706771, 0.000000000000000000, -0.8646777605534825550 ) ) ;
#1080 = CARTESIAN_POINT ( 'NONE',  ( -0.7249999999999999778, 2.929999999999999716, 2.376249999999999751 ) ) ;
#1081 = DIRECTION ( 'NONE',  ( 0.000000000000000000, -1.000000000000000000, 0.000000000000000000 ) ) ;
#1082 = CARTESIAN_POINT ( 'NONE',  ( 0.7800000000000000266, -2.939999999999999947, 1.350000000000000089 ) ) ;
#1083 = DIRECTION ( 'NONE',  ( 0.000000000000000000, 1.000000000000000000, 0.000000000000000000 ) ) ;
#1084 = VERTEX_POINT ( 'NONE', #819 ) ;
#1085 = CARTESIAN_POINT ( 'NONE',  ( -1.703557601043285130, -1.930000000000000160, 10.66765478544072110 ) ) ;
#1086 = CARTESIAN_POINT ( 'NONE',  ( -4.119325146752940370, -1.198277917799900116, -0.3603871733754945295 ) ) ;
#1087 = CARTESIAN_POINT ( 'NONE',  ( -3.370056823421994974, 1.106327996023860116, -0.2890346018946390316 ) ) ;
#1088 = VERTEX_POINT ( 'NONE', #3190 ) ;
#1089 = CARTESIAN_POINT ( 'NONE',  ( -6.349999999999999645, 2.939999999999999947, 0.000000000000000000 ) ) ;
#1090 = DIRECTION ( 'NONE',  ( 1.000000000000000000, 0.000000000000000000, 0.000000000000000000 ) ) ;
#1091 = ORIENTED_EDGE ( 'NONE', *, *, #1106, .F. ) ;
#1092 = EDGE_CURVE ( 'NONE', #5268, #1095, #7383, .T. ) ;
#1093 = PLANE ( 'NONE',  #925 ) ;
#1094 = VERTEX_POINT ( 'NONE', #3145 ) ;
#1095 = VERTEX_POINT ( 'NONE', #3710 ) ;
#1096 = FILL_AREA_STYLE ('',( #2211 ) ) ;
#1097 = CARTESIAN_POINT ( 'NONE',  ( 5.080001331888864158, -0.7828360524167560230, -0.5639185419542112054 ) ) ;
#1098 = CARTESIAN_POINT ( 'NONE',  ( -6.108252275554912458, 2.787488264603693366, 6.345746346910281055 ) ) ;
#1099 = LINE ( 'NONE', #2434, #654 ) ;
#1100 = VERTEX_POINT ( 'NONE', #6263 ) ;
#1101 = CARTESIAN_POINT ( 'NONE',  ( 5.080006780223548013, 0.7645162945773714691, -0.5698507579553632185 ) ) ;
#1102 = ORIENTED_EDGE ( 'NONE', *, *, #5228, .T. ) ;
#1103 = EDGE_CURVE ( 'NONE', #2462, #4752, #1974, .T. ) ;
#1104 = CARTESIAN_POINT ( 'NONE',  ( -6.075434093160269278, -1.999999998400869838, -4.472355800000000058E-11 ) ) ;
#1105 = CARTESIAN_POINT ( 'NONE',  ( -6.985000000000000320, 2.739999999999999769, 6.150000000000000355 ) ) ;
#1106 = EDGE_CURVE ( 'NONE', #330, #7819, #2476, .T. ) ;
#1107 = DIRECTION ( 'NONE',  ( 0.000000000000000000, -1.000000000000000000, 0.000000000000000000 ) ) ;
#1108 = DIRECTION ( 'NONE',  ( -0.5023269556814757841, 0.000000000000000000, 0.8646777605534795574 ) ) ;
#1109 = DIRECTION ( 'NONE',  ( 0.000000000000000000, -1.000000000000000000, 0.000000000000000000 ) ) ;
#1110 = EDGE_CURVE ( 'NONE', #4162, #443, #6298, .T. ) ;
#1111 = CARTESIAN_POINT ( 'NONE',  ( 0.8716651505360880625, 0.9290721687038639987, -0.4117379263513550325 ) ) ;
#1112 = VERTEX_POINT ( 'NONE', #4353 ) ;
#1113 = VERTEX_POINT ( 'NONE', #855 ) ;
#1114 = ORIENTED_EDGE ( 'NONE', *, *, #6691, .F. ) ;
#1115 = EDGE_CURVE ( 'NONE', #2481, #4375, #3266, .T. ) ;
#1116 = EDGE_CURVE ( 'NONE', #3760, #3562, #6779, .T. ) ;
#1117 = CARTESIAN_POINT ( 'NONE',  ( -1.280822920200802129, -1.930000000000000160, 11.10885853320217898 ) ) ;
#1118 = LINE ( 'NONE', #4775, #3848 ) ;
#1119 = LINE ( 'NONE', #1783, #908 ) ;
#1120 = LINE ( 'NONE', #4579, #6718 ) ;
#1121 = ORIENTED_EDGE ( 'NONE', *, *, #1906, .F. ) ;
#1122 = CARTESIAN_POINT ( 'NONE',  ( -6.349999999999999645, -3.299999999999999822, 6.709999999999999964 ) ) ;
#1123 = CARTESIAN_POINT ( 'NONE',  ( -3.497466296582299794, -1.360675092565530209, -0.2312278780488565000 ) ) ;
#1124 = CARTESIAN_POINT ( 'NONE',  ( 6.021619224671219683, 2.000000001236905245, -0.001218910001723000130 ) ) ;
#1125 = ORIENTED_EDGE ( 'NONE', *, *, #7558, .T. ) ;
#1126 = DIRECTION ( 'NONE',  ( 0.000000000000000000, -1.000000000000000000, 0.000000000000000000 ) ) ;
#1127 = VERTEX_POINT ( 'NONE', #3745 ) ;
#1128 = LINE ( 'NONE', #4260, #5362 ) ;
#1129 = ORIENTED_EDGE ( 'NONE', *, *, #1560, .F. ) ;
#1130 = ORIENTED_EDGE ( 'NONE', *, *, #7861, .F. ) ;
#1131 = FACE_OUTER_BOUND ( 'NONE', #2239, .T. ) ;
#1132 = CARTESIAN_POINT ( 'NONE',  ( 5.080000000000002736, -0.6408777871561744943, -0.5999999999999874323 ) ) ;
#1133 = DIRECTION ( 'NONE',  ( 0.000000000000000000, 1.000000000000000000, 0.000000000000000000 ) ) ;
#1134 = LINE ( 'NONE', #6022, #1549 ) ;
#1135 = VERTEX_POINT ( 'NONE', #6178 ) ;
#1136 = DIRECTION ( 'NONE',  ( 0.000000000000000000, 0.000000000000000000, 1.000000000000000000 ) ) ;
#1137 = ORIENTED_EDGE ( 'NONE', *, *, #188, .F. ) ;
#1138 = LINE ( 'NONE', #4155, #2077 ) ;
#1139 = CARTESIAN_POINT ( 'NONE',  ( -2.600000000000000089, 3.140000000000000124, 2.750000000000000000 ) ) ;
#1140 = DIRECTION ( 'NONE',  ( -1.000000000000000000, 0.000000000000000000, 0.000000000000000000 ) ) ;
#1141 = CARTESIAN_POINT ( 'NONE',  ( 3.550000000000000266, -2.050000000000000266, 6.349999999999999645 ) ) ;
#1142 = CARTESIAN_POINT ( 'NONE',  ( -5.080000000000000071, 1.116500001271808040, 0.05160787807489339990 ) ) ;
#1143 = DIRECTION ( 'NONE',  ( 0.9666183047637278980, 0.000000000000000000, -0.2562207112934020148 ) ) ;
#1144 = ORIENTED_EDGE ( 'NONE', *, *, #2082, .T. ) ;
#1145 = VERTEX_POINT ( 'NONE', #6808 ) ;
#1146 = ORIENTED_EDGE ( 'NONE', *, *, #4409, .F. ) ;
#1147 = CIRCLE ( 'NONE', #4185, 0.2999999999999942712 ) ;
#1148 = DIRECTION ( 'NONE',  ( 0.000000000000000000, 0.000000000000000000, 1.000000000000000000 ) ) ;
#1149 = AXIS2_PLACEMENT_3D ( 'NONE', #4554, #1538, #2950 ) ;
#1150 = CARTESIAN_POINT ( 'NONE',  ( 0.7249999999999999778, -2.939999999999999947, 3.504999999999999893 ) ) ;
#1151 = EDGE_CURVE ( 'NONE', #2272, #547, #3178, .T. ) ;
#1152 = CARTESIAN_POINT ( 'NONE',  ( -5.976654283218480579, -1.962892708350850057, -0.003618299409386200021 ) ) ;
#1153 = AXIS2_PLACEMENT_3D ( 'NONE', #2030, #3211, #39 ) ;
#1154 = CARTESIAN_POINT ( 'NONE',  ( -5.080000000000000071, 0.5927730585616969305, -0.5999999999999878764 ) ) ;
#1155 = EDGE_CURVE ( 'NONE', #7734, #663, #4933, .T. ) ;
#1156 = VECTOR ( 'NONE', #5869, 1000.000000000000227 ) ;
#1157 = ORIENTED_EDGE ( 'NONE', *, *, #4780, .F. ) ;
#1158 = DIRECTION ( 'NONE',  ( 1.000000000000000000, 0.000000000000000000, 0.000000000000000000 ) ) ;
#1159 = AXIS2_PLACEMENT_3D ( 'NONE', #7081, #6028, #2877 ) ;
#1160 = VECTOR ( 'NONE', #2793, 1000.000000000000000 ) ;
#1161 = VECTOR ( 'NONE', #5401, 1000.000000000000000 ) ;
#1162 = CARTESIAN_POINT ( 'NONE',  ( -4.010222415006160723, -0.9818238488784230000, -0.4510389733354389641 ) ) ;
#1163 = CARTESIAN_POINT ( 'NONE',  ( 0.7139030315564609541, -1.930000000000000160, 11.03664092508229899 ) ) ;
#1164 = ADVANCED_FACE ( 'NONE', ( #5024 ), #5448, .T. ) ;
#1165 = ORIENTED_EDGE ( 'NONE', *, *, #579, .T. ) ;
#1166 = VECTOR ( 'NONE', #4156, 1000.000000000000000 ) ;
#1167 = EDGE_CURVE ( 'NONE', #4571, #4127, #4191, .T. ) ;
#1168 = CARTESIAN_POINT ( 'NONE',  ( -4.700000000000000178, 2.339999999999999858, 5.190000000000000391 ) ) ;
#1169 = AXIS2_PLACEMENT_3D ( 'NONE', #2470, #1765, #4904 ) ;
#1170 = ORIENTED_EDGE ( 'NONE', *, *, #3766, .F. ) ;
#1171 = DIRECTION ( 'NONE',  ( 1.000000000000000000, 0.000000000000000000, 0.000000000000000000 ) ) ;
#1172 =( GEOMETRIC_REPRESENTATION_CONTEXT ( 3 ) GLOBAL_UNCERTAINTY_ASSIGNED_CONTEXT ( ( #6961 ) ) GLOBAL_UNIT_ASSIGNED_CONTEXT ( ( #981, #2752, #2209 ) ) REPRESENTATION_CONTEXT ( 'NONE', 'WORKASPACE' ) );
#1173 = VECTOR ( 'NONE', #1638, 1000.000000000000000 ) ;
#1174 = EDGE_LOOP ( 'NONE', ( #2482, #4361, #1269, #1978 ) ) ;
#1175 = CARTESIAN_POINT ( 'NONE',  ( 1.921532631313360051, -1.366908632835890147, -0.1982297552949414954 ) ) ;
#1176 = CARTESIAN_POINT ( 'NONE',  ( 6.075434093228490262, 1.999999998422965053, -4.410570299999999786E-11 ) ) ;
#1177 = LINE ( 'NONE', #5982, #2534 ) ;
#1178 = DIRECTION ( 'NONE',  ( 0.000000000000000000, 1.000000000000000000, 0.000000000000000000 ) ) ;
#1179 = VECTOR ( 'NONE', #110, 1000.000000000000000 ) ;
#1180 = ORIENTED_EDGE ( 'NONE', *, *, #7729, .T. ) ;
#1181 = CARTESIAN_POINT ( 'NONE',  ( -4.700000000000000178, 2.674999999999999822, 5.989999999999999325 ) ) ;
#1182 = ORIENTED_EDGE ( 'NONE', *, *, #5372, .F. ) ;
#1183 = CARTESIAN_POINT ( 'NONE',  ( -4.369814265746495785, 0.7361223054822391143, -0.6164359511850430184 ) ) ;
#1184 = DIRECTION ( 'NONE',  ( 0.000000000000000000, 1.000000000000000000, 0.000000000000000000 ) ) ;
#1185 = CARTESIAN_POINT ( 'NONE',  ( -4.319957021208784553, -0.7329970940267560575, -0.5998972782050250308 ) ) ;
#1186 = VECTOR ( 'NONE', #5466, 1000.000000000000000 ) ;
#1187 = LINE ( 'NONE', #1141, #4462 ) ;
#1188 = CARTESIAN_POINT ( 'NONE',  ( -0.1076714045938311909, 1.015000006311909120, -0.5727948389164958520 ) ) ;
#1189 = PLANE ( 'NONE',  #646 ) ;
#1190 = ORIENTED_EDGE ( 'NONE', *, *, #3700, .T. ) ;
#1191 = VERTEX_POINT ( 'NONE', #6128 ) ;
#1192 = ORIENTED_EDGE ( 'NONE', *, *, #2070, .F. ) ;
#1193 = EDGE_CURVE ( 'NONE', #7278, #1135, #540, .T. ) ;
#1194 = VECTOR ( 'NONE', #6589, 1000.000000000000000 ) ;
#1195 = DIRECTION ( 'NONE',  ( 0.000000000000000000, -1.000000000000000000, 0.000000000000000000 ) ) ;
#1196 = LINE ( 'NONE', #6151, #3684 ) ;
#1197 = CARTESIAN_POINT ( 'NONE',  ( -5.846026765796490388, -1.681039957505565008, -0.02919802842348600061 ) ) ;
#1198 = CARTESIAN_POINT ( 'NONE',  ( -5.080015457448221916, 0.7901258200182492697, -0.5614771112911607354 ) ) ;
#1199 = ORIENTED_EDGE ( 'NONE', *, *, #4661, .F. ) ;
#1200 = CARTESIAN_POINT ( 'NONE',  ( 2.600000000000000089, 3.140000000000000124, 2.750000000000000000 ) ) ;
#1201 = EDGE_CURVE ( 'NONE', #2330, #3789, #7173, .T. ) ;
#1202 = CARTESIAN_POINT ( 'NONE',  ( -1.958950611195614533, -1.301545109969014069, -0.2054060775117630133 ) ) ;
#1203 = CARTESIAN_POINT ( 'NONE',  ( -1.780159756916164904, 1.231306826509233954, -0.2236483620840425124 ) ) ;
#1204 = ORIENTED_EDGE ( 'NONE', *, *, #2978, .T. ) ;
#1205 = CARTESIAN_POINT ( 'NONE',  ( 6.080000000000000071, -1.977389356077134730, 0.000000000000000000 ) ) ;
#1206 = ORIENTED_EDGE ( 'NONE', *, *, #6017, .F. ) ;
#1207 = FACE_BOUND ( 'NONE', #7326, .T. ) ;
#1208 = EDGE_CURVE ( 'NONE', #4142, #6222, #4703, .T. ) ;
#1209 = PRODUCT_CONTEXT ( 'NONE', #5294, 'mechanical' ) ;
#1210 = ORIENTED_EDGE ( 'NONE', *, *, #2327, .F. ) ;
#1211 = CARTESIAN_POINT ( 'NONE',  ( 2.341494422405550058, -1.406053224098265941, -0.1776575933435134980 ) ) ;
#1212 = DIRECTION ( 'NONE',  ( -1.000000000000000000, 0.000000000000000000, 0.000000000000000000 ) ) ;
#1213 = LINE ( 'NONE', #608, #5593 ) ;
#1214 = DIRECTION ( 'NONE',  ( 0.000000000000000000, 1.000000000000000000, 0.000000000000000000 ) ) ;
#1215 = VERTEX_POINT ( 'NONE', #3939 ) ;
#1216 = CARTESIAN_POINT ( 'NONE',  ( 2.487500000000000266, 3.149999999999999911, 2.714999999999999858 ) ) ;
#1217 = VERTEX_POINT ( 'NONE', #5811 ) ;
#1218 = CARTESIAN_POINT ( 'NONE',  ( 0.7249999999999999778, 2.939999999999999947, 2.429999999999999716 ) ) ;
#1219 = PLANE ( 'NONE',  #6614 ) ;
#1220 = CARTESIAN_POINT ( 'NONE',  ( -4.724360382504409372, 1.063090845069733836, -0.5294193711462620300 ) ) ;
#1221 = CARTESIAN_POINT ( 'NONE',  ( -6.035000000000000142, 3.014000000000000234, 6.349999999999999645 ) ) ;
#1222 = DIRECTION ( 'NONE',  ( -0.5023269556814712322, 0.000000000000000000, 0.8646777605534822220 ) ) ;
#1223 = EDGE_CURVE ( 'NONE', #6493, #7421, #2199, .T. ) ;
#1224 = CARTESIAN_POINT ( 'NONE',  ( -6.349999999999999645, -2.834999999999999964, 6.049999999999999822 ) ) ;
#1225 = ORIENTED_EDGE ( 'NONE', *, *, #1352, .T. ) ;
#1226 = EDGE_LOOP ( 'NONE', ( #3512, #4292, #2584, #2746 ) ) ;
#1227 = VERTEX_POINT ( 'NONE', #7658 ) ;
#1228 = CARTESIAN_POINT ( 'NONE',  ( 1.930000000000000160, 1.930000000000000160, 5.989999999999999325 ) ) ;
#1229 = CARTESIAN_POINT ( 'NONE',  ( 0.1999999999999875211, 0.000000000000000000, 3.040000000000000036 ) ) ;
#1230 = FACE_OUTER_BOUND ( 'NONE', #6268, .T. ) ;
#1231 = CARTESIAN_POINT ( 'NONE',  ( -5.079991085593285938, 0.9233310519917741210, -0.5074554012845028383 ) ) ;
#1232 = EDGE_CURVE ( 'NONE', #6553, #4434, #4628, .T. ) ;
#1233 = ORIENTED_EDGE ( 'NONE', *, *, #6302, .F. ) ;
#1234 = DIRECTION ( 'NONE',  ( 1.000000000000000000, 0.000000000000000000, 0.000000000000000000 ) ) ;
#1235 = CARTESIAN_POINT ( 'NONE',  ( -0.2190240555724760063, -0.8912157371179200149, -0.6246126620639991245 ) ) ;
#1236 = CARTESIAN_POINT ( 'NONE',  ( 0.7249999999999999778, -2.939999999999999947, 2.429999999999999716 ) ) ;
#1237 = ORIENTED_EDGE ( 'NONE', *, *, #3919, .T. ) ;
#1238 = ADVANCED_FACE ( 'NONE', ( #5894 ), #359, .T. ) ;
#1239 = ORIENTED_EDGE ( 'NONE', *, *, #4753, .T. ) ;
#1240 = CARTESIAN_POINT ( 'NONE',  ( -6.349999999999999645, 3.299999999999999822, 6.709999999999999964 ) ) ;
#1241 = DIRECTION ( 'NONE',  ( 0.000000000000000000, 0.000000000000000000, 1.000000000000000000 ) ) ;
#1242 = ORIENTED_EDGE ( 'NONE', *, *, #3079, .F. ) ;
#1243 = CARTESIAN_POINT ( 'NONE',  ( 2.853181001402504968, -1.402069316459289894, -0.1908566250807035292 ) ) ;
#1244 = LINE ( 'NONE', #4265, #6344 ) ;
#1245 = CARTESIAN_POINT ( 'NONE',  ( -6.079282189082751309, 2.763961994779266185, 6.349997900138646401 ) ) ;
#1246 = ADVANCED_FACE ( 'NONE', ( #2776 ), #5216, .T. ) ;
#1247 = EDGE_CURVE ( 'NONE', #321, #1759, #7615, .T. ) ;
#1248 = FACE_OUTER_BOUND ( 'NONE', #2598, .T. ) ;
#1249 = ORIENTED_EDGE ( 'NONE', *, *, #7450, .F. ) ;
#1250 = LINE ( 'NONE', #6658, #6244 ) ;
#1251 = VERTEX_POINT ( 'NONE', #286 ) ;
#1252 = CARTESIAN_POINT ( 'NONE',  ( -4.559401062830539253, 0.6398801524120910633, -0.7101783682599300818 ) ) ;
#1253 = CARTESIAN_POINT ( 'NONE',  ( 3.550000000000000266, 2.050000000000000266, 5.989999999999999325 ) ) ;
#1254 = CARTESIAN_POINT ( 'NONE',  ( 3.905000000000000249, -2.000000000000000000, 6.331999999999999851 ) ) ;
#1255 = ADVANCED_FACE ( 'NONE', ( #6444 ), #2235, .T. ) ;
#1256 = FACE_OUTER_BOUND ( 'NONE', #538, .T. ) ;
#1257 = CYLINDRICAL_SURFACE ( 'NONE', #415, 0.5000000000000074385 ) ;
#1258 = EDGE_CURVE ( 'NONE', #378, #6728, #5842, .T. ) ;
#1259 = CARTESIAN_POINT ( 'NONE',  ( -4.705560052817210348, 1.015000028378586050, -0.5861257421461200101 ) ) ;
#1260 = ORIENTED_EDGE ( 'NONE', *, *, #72, .F. ) ;
#1261 = ORIENTED_EDGE ( 'NONE', *, *, #7430, .F. ) ;
#1262 = ORIENTED_EDGE ( 'NONE', *, *, #4377, .F. ) ;
#1263 = CARTESIAN_POINT ( 'NONE',  ( -3.819999999999999840, -0.6350000000000000089, -11.22999999999617948 ) ) ;
#1264 = CARTESIAN_POINT ( 'NONE',  ( 2.350000000000000089, 1.418601767439126027, -5.195552197505760361 ) ) ;
#1265 = DIRECTION ( 'NONE',  ( 0.000000000000000000, 0.000000000000000000, -1.000000000000000000 ) ) ;
#1266 = DIRECTION ( 'NONE',  ( 0.000000000000000000, 1.000000000000000000, 0.000000000000000000 ) ) ;
#1267 = VECTOR ( 'NONE', #5691, 1000.000000000000000 ) ;
#1268 = VECTOR ( 'NONE', #5201, 1000.000000000000000 ) ;
#1269 = ORIENTED_EDGE ( 'NONE', *, *, #1878, .F. ) ;
#1270 = CARTESIAN_POINT ( 'NONE',  ( 5.080008579753499731, 0.6273677995901929538, -0.5988514849642553317 ) ) ;
#1271 = CIRCLE ( 'NONE', #121, 0.7800000000000000266 ) ;
#1272 = CARTESIAN_POINT ( 'NONE',  ( -0.2866143087162354997, -0.7203330972480690431, -0.6392694392902129596 ) ) ;
#1273 = VECTOR ( 'NONE', #5798, 1000.000000000000227 ) ;
#1274 = DIRECTION ( 'NONE',  ( 1.000000000000000000, 0.000000000000000000, 0.000000000000000000 ) ) ;
#1275 = ORIENTED_EDGE ( 'NONE', *, *, #7822, .F. ) ;
#1276 = VECTOR ( 'NONE', #384, 1000.000000000000000 ) ;
#1277 = VERTEX_POINT ( 'NONE', #5144 ) ;
#1278 = CARTESIAN_POINT ( 'NONE',  ( 8.429999999999999716, -2.225000000000000089, 6.349999999999999645 ) ) ;
#1279 = AXIS2_PLACEMENT_3D ( 'NONE', #7301, #1699, #7854 ) ;
#1280 = EDGE_CURVE ( 'NONE', #2100, #2225, #46, .T. ) ;
#1281 = AXIS2_PLACEMENT_3D ( 'NONE', #4039, #2842, #5197 ) ;
#1282 = CARTESIAN_POINT ( 'NONE',  ( -5.351793305459319861, 1.516236844981609933, -0.1237378991691220065 ) ) ;
#1283 = VERTEX_POINT ( 'NONE', #1485 ) ;
#1284 = CARTESIAN_POINT ( 'NONE',  ( 2.341835166963759818, -1.307231180905307877, -0.1876814571299594836 ) ) ;
#1285 = AXIS2_PLACEMENT_3D ( 'NONE', #2870, #5791, #3317 ) ;
#1286 = CARTESIAN_POINT ( 'NONE',  ( -3.400392339401569597, -1.095740668448475175, -0.2953038177561359001 ) ) ;
#1287 = DIRECTION ( 'NONE',  ( 1.000000000000000000, 0.000000000000000000, 0.000000000000000000 ) ) ;
#1288 = DIRECTION ( 'NONE',  ( 0.000000000000000000, 1.000000000000000000, 0.000000000000000000 ) ) ;
#1289 = ORIENTED_EDGE ( 'NONE', *, *, #4999, .F. ) ;
#1290 = FACE_OUTER_BOUND ( 'NONE', #795, .T. ) ;
#1291 = ORIENTED_EDGE ( 'NONE', *, *, #2176, .T. ) ;
#1292 = VECTOR ( 'NONE', #451, 1000.000000000000000 ) ;
#1293 = CARTESIAN_POINT ( 'NONE',  ( 5.178786849474251497, -1.391288244752921788, -0.2005108697954075536 ) ) ;
#1294 = EDGE_CURVE ( 'NONE', #1766, #2573, #3345, .T. ) ;
#1295 = DIRECTION ( 'NONE',  ( -1.000000000000000000, 0.000000000000000000, 0.000000000000000000 ) ) ;
#1296 = FACE_OUTER_BOUND ( 'NONE', #162, .T. ) ;
#1297 = CARTESIAN_POINT ( 'NONE',  ( -5.351793397564022392, 1.516236766327881957, -0.1237379350579713017 ) ) ;
#1298 = FACE_OUTER_BOUND ( 'NONE', #7361, .T. ) ;
#1299 = EDGE_CURVE ( 'NONE', #7328, #7547, #145, .T. ) ;
#1300 = LINE ( 'NONE', #7388, #2792 ) ;
#1301 = AXIS2_PLACEMENT_3D ( 'NONE', #4504, #7022, #322 ) ;
#1302 = FACE_OUTER_BOUND ( 'NONE', #6373, .T. ) ;
#1303 = ORIENTED_EDGE ( 'NONE', *, *, #3918, .F. ) ;
#1304 = EDGE_LOOP ( 'NONE', ( #193, #4228, #7303, #3455, #3095, #1322, #4638, #6575 ) ) ;
#1305 = ORIENTED_EDGE ( 'NONE', *, *, #5153, .T. ) ;
#1306 = FACE_OUTER_BOUND ( 'NONE', #580, .T. ) ;
#1307 = EDGE_CURVE ( 'NONE', #6341, #2284, #6413, .T. ) ;
#1308 = VECTOR ( 'NONE', #3162, 1000.000000000000000 ) ;
#1309 = DIRECTION ( 'NONE',  ( 0.000000000000000000, 1.000000000000000000, 0.000000000000000000 ) ) ;
#1310 = PLANE ( 'NONE',  #3808 ) ;
#1311 = DIRECTION ( 'NONE',  ( -0.7071067811865474617, 0.000000000000000000, 0.7071067811865474617 ) ) ;
#1312 = VECTOR ( 'NONE', #3708, 1000.000000000000000 ) ;
#1313 = ORIENTED_EDGE ( 'NONE', *, *, #1499, .F. ) ;
#1314 = PLANE ( 'NONE',  #4217 ) ;
#1315 = CARTESIAN_POINT ( 'NONE',  ( -0.06291579201286838507, -0.9263972601462749923, -0.6517160658835499110 ) ) ;
#1316 = DIRECTION ( 'NONE',  ( 1.000000000000000000, 0.000000000000000000, 0.000000000000000000 ) ) ;
#1317 = ORIENTED_EDGE ( 'NONE', *, *, #5390, .F. ) ;
#1318 = ORIENTED_EDGE ( 'NONE', *, *, #3916, .F. ) ;
#1319 = ORIENTED_EDGE ( 'NONE', *, *, #7806, .T. ) ;
#1320 = CARTESIAN_POINT ( 'NONE',  ( -0.1887301014381785047, 1.930000000000000160, 11.10513047107099993 ) ) ;
#1321 = CARTESIAN_POINT ( 'NONE',  ( -5.581435093765549915, 1.286561305033306013, -0.1236475168690639864 ) ) ;
#1322 = ORIENTED_EDGE ( 'NONE', *, *, #6683, .T. ) ;
#1323 = CARTESIAN_POINT ( 'NONE',  ( 0.3580367348621315005, -1.161656013410580002, -0.4051161612266110379 ) ) ;
#1324 = CARTESIAN_POINT ( 'NONE',  ( 6.349999999999999645, -2.939999999999999947, 0.000000000000000000 ) ) ;
#1325 = ADVANCED_FACE ( 'NONE', ( #4506 ), #6933, .T. ) ;
#1326 = LINE ( 'NONE', #1877, #4070 ) ;
#1327 = CARTESIAN_POINT ( 'NONE',  ( 0.1887301014381785047, -1.930000000000000160, 11.10513047107099993 ) ) ;
#1328 = ORIENTED_EDGE ( 'NONE', *, *, #6398, .T. ) ;
#1329 = LINE ( 'NONE', #6210, #2196 ) ;
#1330 = ORIENTED_EDGE ( 'NONE', *, *, #2643, .T. ) ;
#1331 = CARTESIAN_POINT ( 'NONE',  ( -3.550000000000000266, -2.050000000000000266, 5.989999999999999325 ) ) ;
#1332 = LINE ( 'NONE', #5665, #5227 ) ;
#1333 = DIRECTION ( 'NONE',  ( -1.000000000000000000, 0.000000000000000000, 0.000000000000000000 ) ) ;
#1334 = CARTESIAN_POINT ( 'NONE',  ( 5.580000000000000071, -0.6350000000000000089, -3.109999999999999876 ) ) ;
#1335 = LINE ( 'NONE', #3747, #5345 ) ;
#1336 = DIRECTION ( 'NONE',  ( 0.000000000000000000, -1.000000000000000000, 0.000000000000000000 ) ) ;
#1337 = EDGE_CURVE ( 'NONE', #3089, #3467, #1756, .T. ) ;
#1338 = VERTEX_POINT ( 'NONE', #3648 ) ;
#1339 = CARTESIAN_POINT ( 'NONE',  ( -4.403843049699740497, 1.015000019885383908, -0.5394412641010389864 ) ) ;
#1340 = VERTEX_POINT ( 'NONE', #3011 ) ;
#1341 = EDGE_CURVE ( 'NONE', #6222, #4142, #2913, .T. ) ;
#1342 = ORIENTED_EDGE ( 'NONE', *, *, #2805, .T. ) ;
#1343 = ORIENTED_EDGE ( 'NONE', *, *, #6890, .F. ) ;
#1344 = LINE ( 'NONE', #828, #3460 ) ;
#1345 = DIRECTION ( 'NONE',  ( 0.000000000000000000, 0.000000000000000000, -1.000000000000000000 ) ) ;
#1346 = CARTESIAN_POINT ( 'NONE',  ( 6.080000000000000071, -2.014999999999999680, 6.168677019999999634E-15 ) ) ;
#1347 = EDGE_CURVE ( 'NONE', #3735, #3752, #526, .T. ) ;
#1348 = CARTESIAN_POINT ( 'NONE',  ( 5.057718610825229888, -0.8064704142820819932, -0.5866549039276729438 ) ) ;
#1349 = B_SPLINE_CURVE_WITH_KNOTS ( 'NONE', 3,
 ( #6170, #3776, #3138, #4385, #7456, #3101, #5536 ),
 .UNSPECIFIED., .F., .F.,
 ( 4, 1, 1, 1, 4 ),
 ( 0.000000000000000000, 0.2362878238253429408, 0.5499460860083072999, 0.8636043481912711872, 1.000000000000000000 ),
 .UNSPECIFIED. ) ;
#1350 = CARTESIAN_POINT ( 'NONE',  ( 3.319411429444104833, 1.139279173078395990, -0.2788266376655739731 ) ) ;
#1351 = EDGE_CURVE ( 'NONE', #5364, #6389, #2422, .T. ) ;
#1352 = EDGE_CURVE ( 'NONE', #1811, #5025, #7882, .T. ) ;
#1353 = ORIENTED_EDGE ( 'NONE', *, *, #1116, .F. ) ;
#1354 = DIRECTION ( 'NONE',  ( 0.000000000000000000, 1.000000000000000000, 0.000000000000000000 ) ) ;
#1355 = ADVANCED_FACE ( 'NONE', ( #3496, #4219 ), #2940, .T. ) ;
#1356 = LINE ( 'NONE', #3886, #3976 ) ;
#1357 = CARTESIAN_POINT ( 'NONE',  ( -1.648357546917355032, -1.194035951015500086, -0.2431254092692655133 ) ) ;
#1358 = LINE ( 'NONE', #5563, #5592 ) ;
#1359 = ORIENTED_EDGE ( 'NONE', *, *, #6523, .F. ) ;
#1360 = CARTESIAN_POINT ( 'NONE',  ( -4.748005869534469348, -1.015003008829572062, -0.5906512320816350581 ) ) ;
#1361 = EDGE_CURVE ( 'NONE', #3773, #3592, #5334, .T. ) ;
#1362 = ORIENTED_EDGE ( 'NONE', *, *, #3362, .T. ) ;
#1363 = CARTESIAN_POINT ( 'NONE',  ( 4.149443837020575288, 0.8006378571663390620, -0.5286149942824879266 ) ) ;
#1364 = DIRECTION ( 'NONE',  ( 0.2562207112933979625, 0.000000000000000000, 0.9666183047637288972 ) ) ;
#1365 = ORIENTED_EDGE ( 'NONE', *, *, #7467, .T. ) ;
#1366 = CARTESIAN_POINT ( 'NONE',  ( 4.542808994896629926, -0.8723919043653309835, -0.6524610542224500431 ) ) ;
#1367 = CARTESIAN_POINT ( 'NONE',  ( 0.7800000000000000266, -3.299999999999999822, 3.409999999999999698 ) ) ;
#1368 = FACE_OUTER_BOUND ( 'NONE', #2204, .T. ) ;
#1369 = FACE_OUTER_BOUND ( 'NONE', #2466, .T. ) ;
#1370 = ORIENTED_EDGE ( 'NONE', *, *, #5510, .T. ) ;
#1371 = CARTESIAN_POINT ( 'NONE',  ( -4.532615945182140393, -1.015000012145419905, -0.5618820666233069749 ) ) ;
#1372 = ORIENTED_EDGE ( 'NONE', *, *, #7096, .T. ) ;
#1373 = LINE ( 'NONE', #3743, #6257 ) ;
#1374 = CARTESIAN_POINT ( 'NONE',  ( 5.434875716500569887, 1.142370141150576002, -0.2139892571480619954 ) ) ;
#1375 = DIRECTION ( 'NONE',  ( -1.000000000000000000, 0.000000000000000000, 0.000000000000000000 ) ) ;
#1376 = LINE ( 'NONE', #56, #5976 ) ;
#1377 = CARTESIAN_POINT ( 'NONE',  ( 2.550000000000000266, -3.299999999999999822, 3.899999999999999911 ) ) ;
#1378 = CARTESIAN_POINT ( 'NONE',  ( 5.080000000000000071, 0.6350000000000000089, -3.109999999999999876 ) ) ;
#1379 = ORIENTED_EDGE ( 'NONE', *, *, #6474, .T. ) ;
#1380 = CARTESIAN_POINT ( 'NONE',  ( -4.633846808274669549, 1.015000161498105902, -0.5771386003203640147 ) ) ;
#1381 = VERTEX_POINT ( 'NONE', #1124 ) ;
#1382 = EDGE_LOOP ( 'NONE', ( #1856, #1821, #7082, #5687, #2415, #4785, #1820 ) ) ;
#1383 = EDGE_CURVE ( 'NONE', #5101, #5414, #7770, .T. ) ;
#1384 = CARTESIAN_POINT ( 'NONE',  ( -0.2809505385168239999, 0.7178817300666888723, -0.6420956400014780074 ) ) ;
#1385 = DIRECTION ( 'NONE',  ( 0.000000000000000000, -1.000000000000000000, 0.000000000000000000 ) ) ;
#1386 = LINE ( 'NONE', #2453, #3 ) ;
#1387 = CARTESIAN_POINT ( 'NONE',  ( 5.576129519105729848, -1.678273477141865033, -0.05448519375436279566 ) ) ;
#1388 = CARTESIAN_POINT ( 'NONE',  ( 2.291042437726154901, 1.293075920975168103, -0.1939648048891469967 ) ) ;
#1389 = ORIENTED_EDGE ( 'NONE', *, *, #2108, .F. ) ;
#1390 = LINE ( 'NONE', #3727, #5491 ) ;
#1391 = DIRECTION ( 'NONE',  ( 1.755149000000000015E-28, 2.706497000000000115E-12, 1.000000000000000000 ) ) ;
#1392 = CARTESIAN_POINT ( 'NONE',  ( 0.7249999999999999778, -2.939999999999999947, 2.429999999999999716 ) ) ;
#1393 = DIRECTION ( 'NONE',  ( 1.000000000000000000, 0.000000000000000000, 0.000000000000000000 ) ) ;
#1394 = EDGE_CURVE ( 'NONE', #3789, #3986, #6685, .T. ) ;
#1395 = VECTOR ( 'NONE', #3111, 1000.000000000000000 ) ;
#1396 = ORIENTED_EDGE ( 'NONE', *, *, #1920, .F. ) ;
#1397 = CARTESIAN_POINT ( 'NONE',  ( 5.750000000000000000, 2.339999999999999858, 0.5999999999999878764 ) ) ;
#1398 = ORIENTED_EDGE ( 'NONE', *, *, #1605, .F. ) ;
#1399 = CARTESIAN_POINT ( 'NONE',  ( 4.748046103806149887, 1.015000007048021846, -0.5906503120594719380 ) ) ;
#1400 = VECTOR ( 'NONE', #1686, 1000.000000000000000 ) ;
#1401 = VECTOR ( 'NONE', #2933, 1000.000000000000000 ) ;
#1402 = EDGE_CURVE ( 'NONE', #7597, #5101, #567, .T. ) ;
#1403 = CARTESIAN_POINT ( 'NONE',  ( -4.743681393572009242, 1.077044908618573826, -0.5021690592077779902 ) ) ;
#1404 = ADVANCED_FACE ( 'NONE', ( #7292 ), #2976, .T. ) ;
#1405 = ORIENTED_EDGE ( 'NONE', *, *, #6999, .T. ) ;
#1406 = DIRECTION ( 'NONE',  ( 0.000000000000000000, -1.000000000000000000, 0.000000000000000000 ) ) ;
#1407 = VECTOR ( 'NONE', #6120, 1000.000000000000000 ) ;
#1408 = DIRECTION ( 'NONE',  ( 0.000000000000000000, 0.000000000000000000, -1.000000000000000000 ) ) ;
#1409 = VECTOR ( 'NONE', #7821, 1000.000000000000000 ) ;
#1410 = LINE ( 'NONE', #3102, #1681 ) ;
#1411 = EDGE_LOOP ( 'NONE', ( #5419, #6260, #2247, #3129 ) ) ;
#1412 = DIRECTION ( 'NONE',  ( 0.000000000000000000, 0.000000000000000000, -1.000000000000000000 ) ) ;
#1413 = ORIENTED_EDGE ( 'NONE', *, *, #6732, .F. ) ;
#1414 = AXIS2_PLACEMENT_3D ( 'NONE', #6621, #502, #7681 ) ;
#1415 = VECTOR ( 'NONE', #619, 1000.000000000000000 ) ;
#1416 = CARTESIAN_POINT ( 'NONE',  ( -4.320000000028490383, 0.7329415371213598984, -0.6000000000122048815 ) ) ;
#1417 = VECTOR ( 'NONE', #4769, 1000.000000000000000 ) ;
#1418 = CARTESIAN_POINT ( 'NONE',  ( 6.056215331152610126, 2.022184837984184913, 0.0005229895376357999916 ) ) ;
#1419 = DIRECTION ( 'NONE',  ( -0.5023269556814757841, 0.000000000000000000, 0.8646777605534795574 ) ) ;
#1420 = CARTESIAN_POINT ( 'NONE',  ( 8.429999999999999716, -2.834999999999999964, 5.989999999999999325 ) ) ;
#1421 = AXIS2_PLACEMENT_3D ( 'NONE', #4807, #7874, #3676 ) ;
#1422 = CARTESIAN_POINT ( 'NONE',  ( -0.1887301014381785047, -1.930000000000000160, 11.10513047107099993 ) ) ;
#1423 = ORIENTED_EDGE ( 'NONE', *, *, #5461, .T. ) ;
#1424 = CARTESIAN_POINT ( 'NONE',  ( -4.475051925412384612, 1.015000031332935926, -0.5522922075215289661 ) ) ;
#1425 = VECTOR ( 'NONE', #6813, 1000.000000000000000 ) ;
#1426 = ORIENTED_EDGE ( 'NONE', *, *, #3874, .T. ) ;
#1427 = ORIENTED_EDGE ( 'NONE', *, *, #6348, .T. ) ;
#1428 = DIRECTION ( 'NONE',  ( 0.000000000000000000, -1.000000000000000000, 0.000000000000000000 ) ) ;
#1429 = DIRECTION ( 'NONE',  ( 1.000000000000000000, 0.000000000000000000, 0.000000000000000000 ) ) ;
#1430 = LINE ( 'NONE', #3324, #7256 ) ;
#1431 = AXIS2_PLACEMENT_3D ( 'NONE', #2198, #2080, #2819 ) ;
#1432 = CARTESIAN_POINT ( 'NONE',  ( 5.236751485039381038, -1.346893732583295922, -0.2246525796445389966 ) ) ;
#1433 = EDGE_CURVE ( 'NONE', #3899, #7443, #7177, .T. ) ;
#1434 = CARTESIAN_POINT ( 'NONE',  ( 4.771404985922200304, 1.051253775893245868, -0.5458799956371139794 ) ) ;
#1435 = VERTEX_POINT ( 'NONE', #2347 ) ;
#1436 = CARTESIAN_POINT ( 'NONE',  ( 5.079988259399359940, 0.7374888192495857586, -0.5779603171712022203 ) ) ;
#1437 = VECTOR ( 'NONE', #1616, 1000.000000000000000 ) ;
#1438 = DIRECTION ( 'NONE',  ( 0.000000000000000000, -1.000000000000000000, 2.706497000000000115E-12 ) ) ;
#1439 = CARTESIAN_POINT ( 'NONE',  ( 5.966959419031206302, -1.820870715681808472, -0.008531023147955877142 ) ) ;
#1440 = LINE ( 'NONE', #2611, #896 ) ;
#1441 = LINE ( 'NONE', #3855, #29 ) ;
#1442 = AXIS2_PLACEMENT_3D ( 'NONE', #6817, #2591, #6009 ) ;
#1443 = ADVANCED_FACE ( 'NONE', ( #446 ), #2858, .F. ) ;
#1444 = ORIENTED_EDGE ( 'NONE', *, *, #3609, .T. ) ;
#1445 = CARTESIAN_POINT ( 'NONE',  ( -5.581236844981603440, 1.286793305459308367, -0.1237378991691072683 ) ) ;
#1446 = ADVANCED_FACE ( 'NONE', ( #7132 ), #1684, .F. ) ;
#1447 = VECTOR ( 'NONE', #3489, 1000.000000000000000 ) ;
#1448 = CARTESIAN_POINT ( 'NONE',  ( -5.520536337071869859, 1.355630065865991885, -0.1455374970007256019 ) ) ;
#1449 = ORIENTED_EDGE ( 'NONE', *, *, #7871, .T. ) ;
#1450 = LINE ( 'NONE', #6206, #2525 ) ;
#1451 = EDGE_CURVE ( 'NONE', #5477, #7536, #1904, .T. ) ;
#1452 = DIRECTION ( 'NONE',  ( 0.000000000000000000, 0.000000000000000000, -1.000000000000000000 ) ) ;
#1453 = DIRECTION ( 'NONE',  ( 0.000000000000000000, 0.000000000000000000, -1.000000000000000000 ) ) ;
#1454 = EDGE_CURVE ( 'NONE', #663, #3752, #5609, .T. ) ;
#1455 = ORIENTED_EDGE ( 'NONE', *, *, #5280, .T. ) ;
#1456 = CARTESIAN_POINT ( 'NONE',  ( -4.748005869534469348, -1.015003008829572062, -0.5906512320816350581 ) ) ;
#1457 = VERTEX_POINT ( 'NONE', #800 ) ;
#1458 = DIRECTION ( 'NONE',  ( 0.000000000000000000, -1.000000000000000000, 0.000000000000000000 ) ) ;
#1459 = DIRECTION ( 'NONE',  ( 0.000000000000000000, -1.000000000000000000, 0.000000000000000000 ) ) ;
#1460 = DIRECTION ( 'NONE',  ( -0.8646777605534796685, 0.000000000000000000, -0.5023269556814758952 ) ) ;
#1461 = CARTESIAN_POINT ( 'NONE',  ( 5.580000000000000071, 0.6350000000000000089, -3.609999999999999876 ) ) ;
#1462 = CARTESIAN_POINT ( 'NONE',  ( -3.819999999999999840, 0.6350000000045720183, -11.23000000000381959 ) ) ;
#1463 = CARTESIAN_POINT ( 'NONE',  ( -6.349999999999999645, -2.739999999999999769, 6.349999999999999645 ) ) ;
#1464 = VERTEX_POINT ( 'NONE', #4454 ) ;
#1465 = CARTESIAN_POINT ( 'NONE',  ( -4.604957401443820153, 1.015000160840070054, -0.5730739915160188991 ) ) ;
#1466 = ORIENTED_EDGE ( 'NONE', *, *, #3174, .T. ) ;
#1467 = EDGE_LOOP ( 'NONE', ( #3649, #5309, #4820, #5816, #472, #7509, #1943, #1069 ) ) ;
#1468 = CARTESIAN_POINT ( 'NONE',  ( -0.2132390917636609873, 0.8891764118796369187, -0.6273558196590799385 ) ) ;
#1469 = LINE ( 'NONE', #2568, #4969 ) ;
#1470 = CARTESIAN_POINT ( 'NONE',  ( -0.3800000000000000044, -1.015000000000000124, -0.6499999999999909184 ) ) ;
#1471 = UNCERTAINTY_MEASURE_WITH_UNIT (LENGTH_MEASURE( 1.000000000000000082E-05 ), #1617, 'distance_accuracy_value', 'NONE');
#1472 = CARTESIAN_POINT ( 'NONE',  ( 5.014833151840389469, -0.7537213010616480302, -0.6608623308988820222 ) ) ;
#1473 = PRODUCT_DEFINITION_SHAPE ( 'NONE', 'NONE',  #7885 ) ;
#1474 = CARTESIAN_POINT ( 'NONE',  ( 2.531463260941355209, 1.286609625087034026, -0.1969436260314930132 ) ) ;
#1475 =( BOUNDED_CURVE ( )  B_SPLINE_CURVE ( 3, ( #1607, #6932, #3344, #935 ),
 .UNSPECIFIED., .F., .F. ) 
 B_SPLINE_CURVE_WITH_KNOTS ( ( 4, 4 ),
 ( 0.2170952100459165035, 0.3238565285806394578 ),
 .UNSPECIFIED. ) 
 CURVE ( )  GEOMETRIC_REPRESENTATION_ITEM ( )  RATIONAL_B_SPLINE_CURVE ( ( 1.000000000000000000, 0.9990503939289865354, 0.9990503939289865354, 1.000000000000000000 ) ) 
 REPRESENTATION_ITEM ( '' )  );
#1476 = ORIENTED_EDGE ( 'NONE', *, *, #7260, .T. ) ;
#1477 = CARTESIAN_POINT ( 'NONE',  ( 6.349999999999999645, -3.299999999999999822, 1.350000000000000089 ) ) ;
#1478 = DIRECTION ( 'NONE',  ( 0.000000000000000000, 0.000000000000000000, 1.000000000000000000 ) ) ;
#1479 = CARTESIAN_POINT ( 'NONE',  ( 4.899999999999999467, 3.299999999999999822, 3.899999999999999911 ) ) ;
#1480 = CARTESIAN_POINT ( 'NONE',  ( -3.505431573341414975, -1.378254384917510622, -0.2194561371292129415 ) ) ;
#1481 = CARTESIAN_POINT ( 'NONE',  ( -4.740070396695010402, -1.031644707899141977, -0.5705553124941029619 ) ) ;
#1482 = VERTEX_POINT ( 'NONE', #5019 ) ;
#1483 = ORIENTED_EDGE ( 'NONE', *, *, #1600, .T. ) ;
#1484 = CARTESIAN_POINT ( 'NONE',  ( -0.7139030315564609541, -1.930000000000000160, 11.03664092508229899 ) ) ;
#1485 = CARTESIAN_POINT ( 'NONE',  ( -0.7800000000000000266, -3.299999999999999822, 1.350000000000000089 ) ) ;
#1486 = ADVANCED_FACE ( 'NONE', ( #108 ), #3052, .T. ) ;
#1487 = VERTEX_POINT ( 'NONE', #2533 ) ;
#1488 = CARTESIAN_POINT ( 'NONE',  ( 9.039999999999999147, -0.6350000000000000089, -3.609999999999999876 ) ) ;
#1489 = LINE ( 'NONE', #5108, #2042 ) ;
#1490 = VERTEX_POINT ( 'NONE', #7358 ) ;
#1491 = CARTESIAN_POINT ( 'NONE',  ( -6.167582176312579989, -2.834999999999999964, 6.325997159067980213 ) ) ;
#1492 = ORIENTED_EDGE ( 'NONE', *, *, #2840, .F. ) ;
#1493 = DIRECTION ( 'NONE',  ( 1.000000000000000000, 0.000000000000000000, 0.000000000000000000 ) ) ;
#1494 = ORIENTED_EDGE ( 'NONE', *, *, #4066, .T. ) ;
#1495 = CARTESIAN_POINT ( 'NONE',  ( -3.428065644685175162, -1.181425354128791794, -0.2932406202181455090 ) ) ;
#1496 = CARTESIAN_POINT ( 'NONE',  ( 4.748132271899750734, -1.015006431538601817, -0.5906244694009969987 ) ) ;
#1497 = ORIENTED_EDGE ( 'NONE', *, *, #2125, .T. ) ;
#1498 = CARTESIAN_POINT ( 'NONE',  ( -3.755767004579999897E-05, -1.015000000002975966, -0.5854167929492140043 ) ) ;
#1499 = EDGE_CURVE ( 'NONE', #7157, #5161, #2494, .T. ) ;
#1501 = ADVANCED_FACE ( 'NONE', ( #4289 ), #6161, .F. ) ;
#1500 = CARTESIAN_POINT ( 'NONE',  ( -5.080000000000000071, -0.6350000000000000089, -10.73000000000000043 ) ) ;
#1502 = LINE ( 'NONE', #4522, #7007 ) ;
#1503 = ORIENTED_EDGE ( 'NONE', *, *, #429, .T. ) ;
#1504 = LINE ( 'NONE', #6144, #3814 ) ;
#1505 = ORIENTED_EDGE ( 'NONE', *, *, #714, .T. ) ;
#1506 = VERTEX_POINT ( 'NONE', #7407 ) ;
#1507 = CARTESIAN_POINT ( 'NONE',  ( -0.2874827918498525370, 0.6958388747664070451, -0.6391413621301370585 ) ) ;
#1508 = EDGE_CURVE ( 'NONE', #7031, #5062, #1271, .T. ) ;
#1509 = CARTESIAN_POINT ( 'NONE',  ( 2.341018683660125443, -1.530997532803714867, -0.1339561506313335926 ) ) ;
#1510 = CARTESIAN_POINT ( 'NONE',  ( -0.5271133294025113214, 1.205290734695176669, -0.3533148629195322354 ) ) ;
#1511 = EDGE_CURVE ( 'NONE', #3171, #922, #197, .T. ) ;
#1512 = CARTESIAN_POINT ( 'NONE',  ( -6.349999999999999645, 2.810000000000000053, 5.989999999999999325 ) ) ;
#1513 = CARTESIAN_POINT ( 'NONE',  ( 4.752542030218320335, 1.033121103503596094, -0.5715300468661190791 ) ) ;
#1514 = EDGE_LOOP ( 'NONE', ( #12, #7725, #1539, #3151 ) ) ;
#1515 = DIRECTION ( 'NONE',  ( 0.000000000000000000, -1.000000000000000000, 0.000000000000000000 ) ) ;
#1516 = CARTESIAN_POINT ( 'NONE',  ( 6.349999999999999645, -3.299999999999999822, 1.350000000000000089 ) ) ;
#1517 = CARTESIAN_POINT ( 'NONE',  ( -6.079999583756680259, -1.981751647585604736, -1.514482620000000079E-16 ) ) ;
#1518 = CARTESIAN_POINT ( 'NONE',  ( 5.080000000000000071, -1.014999999999980140, -0.4617829590879630186 ) ) ;
#1519 = CARTESIAN_POINT ( 'NONE',  ( 4.314196085104464728, -0.8759875095279799906, -0.5763276549359589440 ) ) ;
#1520 = CARTESIAN_POINT ( 'NONE',  ( -4.728428529383950973, -1.055290851313670064, -0.5399971749711051094 ) ) ;
#1521 =( BOUNDED_CURVE ( )  B_SPLINE_CURVE ( 3, ( #1813, #7271, #5543, #5430 ),
 .UNSPECIFIED., .F., .F. ) 
 B_SPLINE_CURVE_WITH_KNOTS ( ( 4, 4 ),
 ( 2.929189709824369992, 2.990501668370545207 ),
 .UNSPECIFIED. ) 
 CURVE ( )  GEOMETRIC_REPRESENTATION_ITEM ( )  RATIONAL_B_SPLINE_CURVE ( ( 1.000000000000000000, 0.9996867615109309435, 0.9996867615109309435, 1.000000000000000000 ) ) 
 REPRESENTATION_ITEM ( '' )  );
#1522 = ORIENTED_EDGE ( 'NONE', *, *, #6357, .F. ) ;
#1523 = ORIENTED_EDGE ( 'NONE', *, *, #4929, .F. ) ;
#1524 = FACE_BOUND ( 'NONE', #6182, .T. ) ;
#1525 = CARTESIAN_POINT ( 'NONE',  ( -4.799692765008909845, 1.015000000000000124, -0.5806879207376089980 ) ) ;
#1526 = VERTEX_POINT ( 'NONE', #4891 ) ;
#1527 = CARTESIAN_POINT ( 'NONE',  ( -6.136197517421390302, 2.810000000000000053, 6.337349939951960387 ) ) ;
#1528 = CARTESIAN_POINT ( 'NONE',  ( -4.319999015149894817, 0.7329411315546070504, -0.5999946094214619885 ) ) ;
#1529 = AXIS2_PLACEMENT_3D ( 'NONE', #1886, #5666, #1375 ) ;
#1530 = ORIENTED_EDGE ( 'NONE', *, *, #1232, .F. ) ;
#1531 = EDGE_CURVE ( 'NONE', #904, #1016, #3688, .T. ) ;
#1532 = CARTESIAN_POINT ( 'NONE',  ( -6.142809706359798838, -2.815448132517829993, 6.336550894256853361 ) ) ;
#1533 = VECTOR ( 'NONE', #6406, 1000.000000000000000 ) ;
#1534 = ORIENTED_EDGE ( 'NONE', *, *, #4247, .F. ) ;
#1535 = CARTESIAN_POINT ( 'NONE',  ( -1.703557601043285130, -1.930000000000000160, 10.66765478544072110 ) ) ;
#1536 = CARTESIAN_POINT ( 'NONE',  ( -2.286396783689820023, -1.365775737571179871, -0.1869886693516059906 ) ) ;
#1537 = AXIS2_PLACEMENT_3D ( 'NONE', #7484, #4927, #6078 ) ;
#1538 = DIRECTION ( 'NONE',  ( 0.000000000000000000, 0.000000000000000000, 1.000000000000000000 ) ) ;
#1539 = ORIENTED_EDGE ( 'NONE', *, *, #970, .F. ) ;
#1540 = CARTESIAN_POINT ( 'NONE',  ( 7.015001088079998845E-05, -1.060971305329930114, -0.5321298549994259997 ) ) ;
#1541 = DIRECTION ( 'NONE',  ( 0.8646777605534812228, 0.000000000000000000, -0.5023269556814731196 ) ) ;
#1542 = LINE ( 'NONE', #6500, #1156 ) ;
#1543 = CARTESIAN_POINT ( 'NONE',  ( 1.222729189295125973, -1.930000000000000160, 10.88969411280078070 ) ) ;
#1544 = VERTEX_POINT ( 'NONE', #6760 ) ;
#1545 = ORIENTED_EDGE ( 'NONE', *, *, #2697, .F. ) ;
#1546 = VECTOR ( 'NONE', #266, 1000.000000000000000 ) ;
#1547 = AXIS2_PLACEMENT_3D ( 'NONE', #7345, #2963, #3633 ) ;
#1548 = EDGE_CURVE ( 'NONE', #557, #4335, #3092, .T. ) ;
#1549 = VECTOR ( 'NONE', #4869, 1000.000000000000000 ) ;
#1550 = CARTESIAN_POINT ( 'NONE',  ( -2.838017229990104973, 1.327164637746138132, -0.2066317250660765215 ) ) ;
#1551 = FACE_OUTER_BOUND ( 'NONE', #7535, .T. ) ;
#1552 = AXIS2_PLACEMENT_3D ( 'NONE', #5595, #5046, #1625 ) ;
#1553 = LINE ( 'NONE', #3967, #1791 ) ;
#1554 = DIRECTION ( 'NONE',  ( 0.000000000000000000, 0.000000000000000000, 1.000000000000000000 ) ) ;
#1555 = DIRECTION ( 'NONE',  ( 0.000000000000000000, 0.000000000000000000, 1.000000000000000000 ) ) ;
#1556 = AXIS2_PLACEMENT_3D ( 'NONE', #11, #3625, #6089 ) ;
#1557 = CARTESIAN_POINT ( 'NONE',  ( 0.4621233933734629762, 0.8342555471960080293, -0.5585073053184110847 ) ) ;
#1558 = ORIENTED_EDGE ( 'NONE', *, *, #2492, .T. ) ;
#1559 = DIRECTION ( 'NONE',  ( -0.9603657738178902337, 0.000000000000000000, -0.2787428572702178586 ) ) ;
#1560 = EDGE_CURVE ( 'NONE', #98, #3319, #6195, .T. ) ;
#1561 = CARTESIAN_POINT ( 'NONE',  ( -5.080000000363959600, -1.014999999870513925, -0.4618020215275360218 ) ) ;
#1562 = AXIS2_PLACEMENT_3D ( 'NONE', #7009, #2872, #7156 ) ;
#1563 = CARTESIAN_POINT ( 'NONE',  ( -0.3799999999036875464, -1.014999999838154032, -0.5232649591462460448 ) ) ;
#1564 = FACE_OUTER_BOUND ( 'NONE', #6535, .T. ) ;
#1565 = CARTESIAN_POINT ( 'NONE',  ( 4.001756992355735676, -1.251222584600929943, -0.3159057409004120132 ) ) ;
#1566 = CARTESIAN_POINT ( 'NONE',  ( -5.079972865013600014, 0.9833117858707479675, -0.4784128346194512771 ) ) ;
#1567 = AXIS2_PLACEMENT_3D ( 'NONE', #5604, #711, #4888 ) ;
#1568 = ORIENTED_EDGE ( 'NONE', *, *, #466, .F. ) ;
#1569 = EDGE_LOOP ( 'NONE', ( #2703, #7029, #4472, #1622, #4778, #2777 ) ) ;
#1570 = DIRECTION ( 'NONE',  ( -1.000000000000000000, 0.000000000000000000, 0.000000000000000000 ) ) ;
#1571 = DIRECTION ( 'NONE',  ( 0.000000000000000000, 3.138413899999999698E-07, -0.9999999999999508171 ) ) ;
#1572 = AXIS2_PLACEMENT_3D ( 'NONE', #6193, #924, #274 ) ;
#1573 = ORIENTED_EDGE ( 'NONE', *, *, #5567, .T. ) ;
#1574 = LINE ( 'NONE', #2237, #886 ) ;
#1575 = LINE ( 'NONE', #6979, #3045 ) ;
#1576 = ORIENTED_EDGE ( 'NONE', *, *, #4544, .T. ) ;
#1577 = LINE ( 'NONE', #292, #4336 ) ;
#1578 = AXIS2_PLACEMENT_3D ( 'NONE', #6629, #4322, #1195 ) ;
#1579 = ORIENTED_EDGE ( 'NONE', *, *, #921, .F. ) ;
#1580 = CARTESIAN_POINT ( 'NONE',  ( 1.280822920200802129, 1.930000000000000160, 11.10885853320217898 ) ) ;
#1581 = B_SPLINE_CURVE_WITH_KNOTS ( 'NONE', 3,
 ( #6459, #341, #2795, #2837 ),
 .UNSPECIFIED., .F., .F.,
 ( 4, 4 ),
 ( 0.000000000000000000, 1.000000000000000000 ),
 .UNSPECIFIED. ) ;
#1582 = EDGE_LOOP ( 'NONE', ( #2344, #6570, #5297, #653 ) ) ;
#1583 = DIRECTION ( 'NONE',  ( 0.000000000000000000, 0.000000000000000000, 1.000000000000000000 ) ) ;
#1584 = DIRECTION ( 'NONE',  ( 0.000000000000000000, 1.000000000000000000, 0.000000000000000000 ) ) ;
#1585 = B_SPLINE_CURVE_WITH_KNOTS ( 'NONE', 3,
 ( #6252, #6723, #3775, #1286, #3137, #3220, #3698, #5657, #204, #2619, #687, #2661, #5180, #5780 ),
 .UNSPECIFIED., .F., .F.,
 ( 4, 1, 1, 1, 1, 1, 1, 1, 1, 1, 1, 4 ),
 ( 0.000000000000000000, 0.08928598149036083564, 0.2633489487136493334, 0.3793909268625066944, 0.4374119159369355136, 0.4954329050113643329, 0.6114748831602216939, 0.6694958722346503466, 0.7275168613090815528, 0.8435588394579388583, 0.9596008176067964968, 1.000000000000000000 ),
 .UNSPECIFIED. ) ;
#1586 = DIRECTION ( 'NONE',  ( 1.000000000000000000, 0.000000000000000000, 0.000000000000000000 ) ) ;
#1587 = LINE ( 'NONE', #3472, #7776 ) ;
#1588 = EDGE_LOOP ( 'NONE', ( #7808, #4687, #1005, #127, #675, #3015, #2473, #702 ) ) ;
#1589 = ORIENTED_EDGE ( 'NONE', *, *, #6789, .T. ) ;
#1590 = CARTESIAN_POINT ( 'NONE',  ( -4.097597532292455824, 1.204361589916757902, -0.3541217451980194775 ) ) ;
#1591 = CARTESIAN_POINT ( 'NONE',  ( 5.200000000000000178, 2.339999999999999858, 5.190000000000000391 ) ) ;
#1592 = DIRECTION ( 'NONE',  ( 0.000000000000000000, 1.000000000000000000, 0.000000000000000000 ) ) ;
#1593 = EDGE_CURVE ( 'NONE', #744, #7077, #7762, .T. ) ;
#1594 = DIRECTION ( 'NONE',  ( 0.000000000000000000, -1.000000000000000000, 0.000000000000000000 ) ) ;
#1595 = DIRECTION ( 'NONE',  ( -0.000000000000000000, 1.000000000000000000, 0.000000000000000000 ) ) ;
#1596 = CARTESIAN_POINT ( 'NONE',  ( 0.2312784406674159854, 0.8238292357790000242, -0.6454458580268099821 ) ) ;
#1597 = ORIENTED_EDGE ( 'NONE', *, *, #7413, .F. ) ;
#1598 = CARTESIAN_POINT ( 'NONE',  ( -5.080000000000000071, -0.7006531467221935872, -0.6000000583114355468 ) ) ;
#1599 = DIRECTION ( 'NONE',  ( 0.000000000000000000, -1.000000000000000000, 0.000000000000000000 ) ) ;
#1600 = EDGE_CURVE ( 'NONE', #6602, #5640, #5527, .T. ) ;
#1601 = CARTESIAN_POINT ( 'NONE',  ( -0.8242364147477628800, -1.284235435244723611, -0.2902527936659409225 ) ) ;
#1602 = CARTESIAN_POINT ( 'NONE',  ( 3.472554612034719934, -1.385751832695010011, -0.2146119047913594979 ) ) ;
#1603 = DIRECTION ( 'NONE',  ( 0.000000000000000000, 0.000000000000000000, -1.000000000000000000 ) ) ;
#1604 = EDGE_CURVE ( 'NONE', #4375, #7576, #1440, .T. ) ;
#1605 = EDGE_CURVE ( 'NONE', #4516, #1127, #1358, .T. ) ;
#1606 = EDGE_LOOP ( 'NONE', ( #7190, #5179, #7556, #7580 ) ) ;
#1607 = CARTESIAN_POINT ( 'NONE',  ( 4.748132271899750734, -1.015006431538601817, -0.5906244694009969987 ) ) ;
#1608 = CARTESIAN_POINT ( 'NONE',  ( 5.695000000000000284, 2.674999999999999822, 6.029999999999999361 ) ) ;
#1609 = ADVANCED_FACE ( 'NONE', ( #5650 ), #5850, .T. ) ;
#1610 = ORIENTED_EDGE ( 'NONE', *, *, #2458, .T. ) ;
#1611 = DIRECTION ( 'NONE',  ( 0.7071067811865480168, 0.000000000000000000, 0.7071067811865470176 ) ) ;
#1612 = PLANE ( 'NONE',  #6490 ) ;
#1613 = VERTEX_POINT ( 'NONE', #2461 ) ;
#1614 = DIRECTION ( 'NONE',  ( -1.000000000000000000, 0.000000000000000000, 0.000000000000000000 ) ) ;
#1615 = VERTEX_POINT ( 'NONE', #1866 ) ;
#1616 = DIRECTION ( 'NONE',  ( 0.000000000000000000, 0.000000000000000000, 1.000000000000000000 ) ) ;
#1617 =( LENGTH_UNIT ( ) NAMED_UNIT ( * ) SI_UNIT ( .MILLI., .METRE. ) );
#1618 = ORIENTED_EDGE ( 'NONE', *, *, #516, .T. ) ;
#1619 = CARTESIAN_POINT ( 'NONE',  ( -2.600000000000000089, 3.140000000000000124, 2.449999999999999734 ) ) ;
#1620 = LINE ( 'NONE', #420, #6480 ) ;
#1621 = CARTESIAN_POINT ( 'NONE',  ( 4.850000000000000533, -2.939999999999999947, 2.449999999999999734 ) ) ;
#1622 = ORIENTED_EDGE ( 'NONE', *, *, #5621, .F. ) ;
#1623 = ORIENTED_EDGE ( 'NONE', *, *, #2484, .T. ) ;
#1624 = CARTESIAN_POINT ( 'NONE',  ( -2.095892263314405035, 1.314578460393345916, -0.1992298784431544845 ) ) ;
#1625 = DIRECTION ( 'NONE',  ( 1.000000000000000000, 0.000000000000000000, 0.000000000000000000 ) ) ;
#1626 = CARTESIAN_POINT ( 'NONE',  ( -4.899999999999999467, -2.922000000000000153, 3.972500000000000142 ) ) ;
#1627 = LINE ( 'NONE', #4041, #7767 ) ;
#1628 = DIRECTION ( 'NONE',  ( 0.000000000000000000, 0.000000000000000000, 1.000000000000000000 ) ) ;
#1629 = CARTESIAN_POINT ( 'NONE',  ( 1.210217855093586037, 1.157966388011919978, -0.3128791445278864547 ) ) ;
#1630 = ORIENTED_EDGE ( 'NONE', *, *, #4015, .T. ) ;
#1631 = ADVANCED_FACE ( 'NONE', ( #71 ), #751, .T. ) ;
#1632 = DIRECTION ( 'NONE',  ( 1.000000000000000000, 0.000000000000000000, 0.000000000000000000 ) ) ;
#1633 = CARTESIAN_POINT ( 'NONE',  ( -1.939027497293104974, 2.122999999999999776, 10.51446056685885999 ) ) ;
#1634 = CARTESIAN_POINT ( 'NONE',  ( -5.581307963609530631, -1.286385180930943894, -0.1237029380189783867 ) ) ;
#1635 = CARTESIAN_POINT ( 'NONE',  ( 3.935797760896635022, -1.130486930873356055, -0.3903873654816450434 ) ) ;
#1636 = CARTESIAN_POINT ( 'NONE',  ( -0.5264362595814079393, 1.930000000000000160, 11.35933582874252146 ) ) ;
#1637 = ORIENTED_EDGE ( 'NONE', *, *, #2176, .F. ) ;
#1638 = DIRECTION ( 'NONE',  ( 0.000000000000000000, -1.000000000000000000, 0.000000000000000000 ) ) ;
#1639 = ADVANCED_FACE ( 'NONE', ( #1564 ), #397, .T. ) ;
#1640 = EDGE_CURVE ( 'NONE', #2034, #298, #4499, .T. ) ;
#1641 = CARTESIAN_POINT ( 'NONE',  ( -5.292479265139146349, -0.8869751481653951330, -0.3231915588981106868 ) ) ;
#1642 = EDGE_LOOP ( 'NONE', ( #1838, #3819, #4771, #1857 ) ) ;
#1643 = CARTESIAN_POINT ( 'NONE',  ( -6.349999999999999645, -3.299999999999999822, 6.709999999999999964 ) ) ;
#1644 = CARTESIAN_POINT ( 'NONE',  ( 4.723450729912009649, 0.9880759849691218566, -0.6216668626133180497 ) ) ;
#1645 = ORIENTED_EDGE ( 'NONE', *, *, #823, .T. ) ;
#1646 = CARTESIAN_POINT ( 'NONE',  ( 0.9679140049184870032, 2.122999999999999776, 10.96078780755761883 ) ) ;
#1647 = ORIENTED_EDGE ( 'NONE', *, *, #2836, .F. ) ;
#1648 = EDGE_CURVE ( 'NONE', #4956, #1719, #5685, .T. ) ;
#1649 = CARTESIAN_POINT ( 'NONE',  ( 4.871456141973189879, 1.169356826450098197, -0.3892885397236240386 ) ) ;
#1650 = ORIENTED_EDGE ( 'NONE', *, *, #931, .T. ) ;
#1651 = CARTESIAN_POINT ( 'NONE',  ( 0.2873380779927480200, -0.6961306324835500048, -0.6390997409080200198 ) ) ;
#1652 = CARTESIAN_POINT ( 'NONE',  ( -1.751744676792664990, 2.122999999999999776, 10.84944535669182031 ) ) ;
#1653 = CIRCLE ( 'NONE', #7118, 0.7800000000000000266 ) ;
#1654 = DIRECTION ( 'NONE',  ( -1.000000000000000000, 0.000000000000000000, 0.000000000000000000 ) ) ;
#1655 = PLANE ( 'NONE',  #5222 ) ;
#1656 = ORIENTED_EDGE ( 'NONE', *, *, #6157, .F. ) ;
#1657 = ORIENTED_EDGE ( 'NONE', *, *, #6153, .T. ) ;
#1658 = VECTOR ( 'NONE', #6003, 1000.000000000000114 ) ;
#1659 = VECTOR ( 'NONE', #356, 1000.000000000000000 ) ;
#1660 = CARTESIAN_POINT ( 'NONE',  ( -2.425218278560064888, 1.398670071028303985, -0.1814916515155140242 ) ) ;
#1661 = LINE ( 'NONE', #3364, #3306 ) ;
#1662 = DIRECTION ( 'NONE',  ( 3.128970999999999859E-15, 5.298390999999999774E-13, -1.000000000000000000 ) ) ;
#1663 = DIRECTION ( 'NONE',  ( -0.8646777605534796685, 0.000000000000000000, -0.5023269556814758952 ) ) ;
#1664 = CARTESIAN_POINT ( 'NONE',  ( 6.056215330993979684, -2.022184838458709777, 0.0005229895700207999468 ) ) ;
#1665 = AXIS2_PLACEMENT_3D ( 'NONE', #4393, #657, #585 ) ;
#1666 = CARTESIAN_POINT ( 'NONE',  ( 1.510457982585360126, 1.419403338879591914, -0.1960263572589729941 ) ) ;
#1667 = AXIS2_PLACEMENT_3D ( 'NONE', #7346, #4358, #1336 ) ;
#1668 = VERTEX_POINT ( 'NONE', #2229 ) ;
#1669 = AXIS2_PLACEMENT_3D ( 'NONE', #2593, #6778, #3906 ) ;
#1670 = CARTESIAN_POINT ( 'NONE',  ( 2.600000000000000089, 2.939999999999999947, 3.449999999999999734 ) ) ;
#1671 = AXIS2_PLACEMENT_3D ( 'NONE', #4639, #2904, #7217 ) ;
#1672 = DIRECTION ( 'NONE',  ( -0.9666183047637284531, 0.000000000000000000, -0.2562207112934001829 ) ) ;
#1673 = CARTESIAN_POINT ( 'NONE',  ( -5.142188455287159066, -0.6781353179208610138, -0.5019909345221680308 ) ) ;
#1674 = AXIS2_PLACEMENT_3D ( 'NONE', #1687, #4177, #1090 ) ;
#1675 = LINE ( 'NONE', #4093, #7365 ) ;
#1676 = EDGE_CURVE ( 'NONE', #3502, #4645, #889, .T. ) ;
#1677 = CARTESIAN_POINT ( 'NONE',  ( 0.000000000000000000, 3.140000000000000124, 3.504999999999999893 ) ) ;
#1678 = AXIS2_PLACEMENT_3D ( 'NONE', #6048, #7257, #4 ) ;
#1679 = ORIENTED_EDGE ( 'NONE', *, *, #4004, .F. ) ;
#1680 = LINE ( 'NONE', #7129, #3449 ) ;
#1681 = VECTOR ( 'NONE', #5537, 1000.000000000000000 ) ;
#1682 = VECTOR ( 'NONE', #2368, 1000.000000000000000 ) ;
#1683 = CARTESIAN_POINT ( 'NONE',  ( -2.282344655363914843, -1.510038193215870184, -0.1444161472067774232 ) ) ;
#1684 = PLANE ( 'NONE',  #4957 ) ;
#1685 = ORIENTED_EDGE ( 'NONE', *, *, #674, .F. ) ;
#1686 = DIRECTION ( 'NONE',  ( 0.000000000000000000, 1.000000000000000000, 0.000000000000000000 ) ) ;
#1687 = CARTESIAN_POINT ( 'NONE',  ( 6.985000000000000320, 3.299999999999999822, 6.977999999999999758 ) ) ;
#1688 = EDGE_CURVE ( 'NONE', #5591, #3735, #3889, .T. ) ;
#1689 = VERTEX_POINT ( 'NONE', #3287 ) ;
#1690 = DIRECTION ( 'NONE',  ( 0.000000000000000000, -1.000000000000000000, 0.000000000000000000 ) ) ;
#1691 = VERTEX_POINT ( 'NONE', #278 ) ;
#1692 = B_SPLINE_CURVE_WITH_KNOTS ( 'NONE', 3,
 ( #223, #3154, #6187, #5128 ),
 .UNSPECIFIED., .F., .F.,
 ( 4, 4 ),
 ( 0.000000000000000000, 1.000000000000000000 ),
 .UNSPECIFIED. ) ;
#1693 = VECTOR ( 'NONE', #4045, 1000.000000000000000 ) ;
#1694 =( NAMED_UNIT ( * ) PLANE_ANGLE_UNIT ( ) SI_UNIT ( $, .RADIAN. ) );
#1695 = EDGE_CURVE ( 'NONE', #291, #1809, #7689, .T. ) ;
#1696 = VERTEX_POINT ( 'NONE', #2696 ) ;
#1697 = CARTESIAN_POINT ( 'NONE',  ( 0.1772384965490695075, -0.9578352814582450359, -0.6018701369486320063 ) ) ;
#1698 = CARTESIAN_POINT ( 'NONE',  ( 5.080003588323370955, -0.8697990615974927620, -0.5314546844370326983 ) ) ;
#1699 = DIRECTION ( 'NONE',  ( -1.000000000000000000, 0.000000000000000000, 0.000000000000000000 ) ) ;
#1700 = EDGE_CURVE ( 'NONE', #1526, #5025, #7571, .T. ) ;
#1701 = AXIS2_PLACEMENT_3D ( 'NONE', #6670, #2340, #668 ) ;
#1702 = LINE ( 'NONE', #3545, #2050 ) ;
#1703 = VERTEX_POINT ( 'NONE', #2114 ) ;
#1704 = DIRECTION ( 'NONE',  ( 1.000000000000000000, 0.000000000000000000, 0.000000000000000000 ) ) ;
#1705 = ORIENTED_EDGE ( 'NONE', *, *, #6646, .F. ) ;
#1706 = CARTESIAN_POINT ( 'NONE',  ( -2.428920622238294857, 1.509897330607960164, -0.1445591201436147999 ) ) ;
#1707 = DIRECTION ( 'NONE',  ( 0.000000000000000000, -1.000000000000000000, 0.000000000000000000 ) ) ;
#1708 = FACE_OUTER_BOUND ( 'NONE', #6197, .T. ) ;
#1709 = CARTESIAN_POINT ( 'NONE',  ( 5.080000000000000071, -1.015000000000000124, -0.6499999999999909184 ) ) ;
#1710 = CARTESIAN_POINT ( 'NONE',  ( -2.600000000000000089, -3.140000000000000124, 2.750000000000000000 ) ) ;
#1711 = CARTESIAN_POINT ( 'NONE',  ( 1.772986503969685046, 1.429469779042404021, -0.1863210360395805010 ) ) ;
#1712 = ORIENTED_EDGE ( 'NONE', *, *, #3769, .F. ) ;
#1713 = ORIENTED_EDGE ( 'NONE', *, *, #6994, .F. ) ;
#1714 = EDGE_LOOP ( 'NONE', ( #7604, #4844, #6930, #3238 ) ) ;
#1715 = LINE ( 'NONE', #1037, #2693 ) ;
#1716 = PLANE ( 'NONE',  #6910 ) ;
#1717 = CARTESIAN_POINT ( 'NONE',  ( -5.014825097107729945, -0.7537222170403850008, -0.6608688077735330735 ) ) ;
#1718 = PLANE ( 'NONE',  #5333 ) ;
#1719 = VERTEX_POINT ( 'NONE', #6438 ) ;
#1720 = DIRECTION ( 'NONE',  ( 0.000000000000000000, 0.000000000000000000, 1.000000000000000000 ) ) ;
#1721 = EDGE_CURVE ( 'NONE', #4503, #5879, #2771, .T. ) ;
#1722 = CARTESIAN_POINT ( 'NONE',  ( -3.460640970479145206, -1.271325011973491792, -0.2731989396415919757 ) ) ;
#1723 = DIRECTION ( 'NONE',  ( 0.000000000000000000, 0.000000000000000000, 1.000000000000000000 ) ) ;
#1724 = ORIENTED_EDGE ( 'NONE', *, *, #5093, .F. ) ;
#1725 = CARTESIAN_POINT ( 'NONE',  ( 4.320000220854595341, -0.7329880695832610149, -0.5999781114527570347 ) ) ;
#1726 = ORIENTED_EDGE ( 'NONE', *, *, #3574, .F. ) ;
#1727 = DIRECTION ( 'NONE',  ( -1.000000000000000000, 0.000000000000000000, 0.000000000000000000 ) ) ;
#1728 = ORIENTED_EDGE ( 'NONE', *, *, #114, .F. ) ;
#1729 = EDGE_CURVE ( 'NONE', #6033, #4516, #2075, .T. ) ;
#1730 = ORIENTED_EDGE ( 'NONE', *, *, #1110, .T. ) ;
#1731 = CARTESIAN_POINT ( 'NONE',  ( 5.080063536019908454, -0.8053325991827569030, -0.5561317594166372835 ) ) ;
#1732 = CARTESIAN_POINT ( 'NONE',  ( -0.3799979123597544972, -0.7329615389980950191, -0.5999615025111210143 ) ) ;
#1733 = LINE ( 'NONE', #4149, #6618 ) ;
#1734 = ORIENTED_EDGE ( 'NONE', *, *, #1511, .T. ) ;
#1735 = PLANE ( 'NONE',  #5373 ) ;
#1736 = ORIENTED_EDGE ( 'NONE', *, *, #7779, .F. ) ;
#1737 = CARTESIAN_POINT ( 'NONE',  ( -4.780341169113579092, 1.049021790003023868, -0.5490509189179368921 ) ) ;
#1738 = EDGE_CURVE ( 'NONE', #2370, #44, #7650, .T. ) ;
#1739 = CARTESIAN_POINT ( 'NONE',  ( 6.177790047739569523, 2.175127288577110019, -1.296316746232593964 ) ) ;
#1740 = DIRECTION ( 'NONE',  ( 0.000000000000000000, -1.000000000000000000, 0.000000000000000000 ) ) ;
#1741 = CARTESIAN_POINT ( 'NONE',  ( -5.750000000000000000, -2.339999999999999858, 5.190000000000000391 ) ) ;
#1742 = DIRECTION ( 'NONE',  ( -1.000000000000000000, 0.000000000000000000, 0.000000000000000000 ) ) ;
#1743 = LINE ( 'NONE', #3669, #4591 ) ;
#1744 = ORIENTED_EDGE ( 'NONE', *, *, #1280, .F. ) ;
#1745 = ORIENTED_EDGE ( 'NONE', *, *, #6496, .T. ) ;
#1746 = ORIENTED_EDGE ( 'NONE', *, *, #2029, .F. ) ;
#1747 = ADVANCED_FACE ( 'NONE', ( #6362 ), #927, .F. ) ;
#1748 = PLANE ( 'NONE',  #5000 ) ;
#1749 = EDGE_CURVE ( 'NONE', #1490, #7411, #5769, .T. ) ;
#1750 = PLANE ( 'NONE',  #2829 ) ;
#1751 = CARTESIAN_POINT ( 'NONE',  ( -6.014478391028101001, -1.925156087334660038, -0.004610737589072800256 ) ) ;
#1752 = CARTESIAN_POINT ( 'NONE',  ( 4.320000000000000284, 0.6350000000000000089, -0.6499999999999909184 ) ) ;
#1753 = ORIENTED_EDGE ( 'NONE', *, *, #4513, .T. ) ;
#1754 = LINE ( 'NONE', #1122, #22 ) ;
#1755 = CARTESIAN_POINT ( 'NONE',  ( -4.636795453596289640, -0.8445330511710329446, -0.6967034761692298961 ) ) ;
#1756 = LINE ( 'NONE', #4175, #5717 ) ;
#1757 = VERTEX_POINT ( 'NONE', #6405 ) ;
#1758 = CARTESIAN_POINT ( 'NONE',  ( 4.636754694032290125, 0.8444565108594709324, -0.6967823624234710245 ) ) ;
#1759 = VERTEX_POINT ( 'NONE', #965 ) ;
#1760 = CARTESIAN_POINT ( 'NONE',  ( -4.961599779770890173, -1.014999999999572022, -0.5212169109436459724 ) ) ;
#1761 = ORIENTED_EDGE ( 'NONE', *, *, #2268, .F. ) ;
#1762 = CARTESIAN_POINT ( 'NONE',  ( 1.316719179701915987, -1.095210521728602115, -0.2992172561282230303 ) ) ;
#1763 = CARTESIAN_POINT ( 'NONE',  ( 5.080000000000004512, -1.000113570827485532, -0.4696788478449626658 ) ) ;
#1764 = DIRECTION ( 'NONE',  ( 1.000000000000000000, 0.000000000000000000, 0.000000000000000000 ) ) ;
#1765 = DIRECTION ( 'NONE',  ( -0.000000000000000000, 1.000000000000000000, 0.000000000000000000 ) ) ;
#1766 = VERTEX_POINT ( 'NONE', #3373 ) ;
#1767 = CARTESIAN_POINT ( 'NONE',  ( -2.799999999999999822, 2.000000000000000000, 4.989999999999999325 ) ) ;
#1768 = ORIENTED_EDGE ( 'NONE', *, *, #6644, .T. ) ;
#1769 = LINE ( 'NONE', #53, #6127 ) ;
#1770 = DIRECTION ( 'NONE',  ( 0.000000000000000000, 3.138417459999999377E-07, -0.9999999999999508171 ) ) ;
#1771 = CARTESIAN_POINT ( 'NONE',  ( -4.850000000000000533, -2.939999999999999947, 3.449999999999999734 ) ) ;
#1772 = DIRECTION ( 'NONE',  ( 0.000000000000000000, -1.000000000000000000, 0.000000000000000000 ) ) ;
#1773 = EDGE_CURVE ( 'NONE', #1127, #1490, #4622, .T. ) ;
#1774 = CARTESIAN_POINT ( 'NONE',  ( -4.662637549342450782, 1.015000097425234227, -0.5809230679816899112 ) ) ;
#1775 = ORIENTED_EDGE ( 'NONE', *, *, #6796, .F. ) ;
#1776 = EDGE_CURVE ( 'NONE', #3424, #7640, #561, .T. ) ;
#1777 = ORIENTED_EDGE ( 'NONE', *, *, #1201, .T. ) ;
#1778 = ORIENTED_EDGE ( 'NONE', *, *, #6683, .F. ) ;
#1779 = VECTOR ( 'NONE', #6738, 1000.000000000000000 ) ;
#1780 = VECTOR ( 'NONE', #310, 1000.000000000000000 ) ;
#1781 = CARTESIAN_POINT ( 'NONE',  ( -2.432500000000000107, -2.922000000000000153, 3.899999999999999911 ) ) ;
#1782 = CARTESIAN_POINT ( 'NONE',  ( -6.079999812363260148, -1.977388391028439774, -2.085823107999999845E-09 ) ) ;
#1783 = CARTESIAN_POINT ( 'NONE',  ( -6.349999999999999645, 3.299999999999999822, 6.709999999999999964 ) ) ;
#1784 = VECTOR ( 'NONE', #1571, 1000.000000000000000 ) ;
#1785 = PLANE ( 'NONE',  #5458 ) ;
#1786 = PRODUCT_DEFINITION ( 'UNKNOWN', '', #4726, #3678 ) ;
#1787 = AXIS2_PLACEMENT_3D ( 'NONE', #6458, #2835, #4642 ) ;
#1788 = EDGE_CURVE ( 'NONE', #3142, #1227, #1119, .T. ) ;
#1789 = ORIENTED_EDGE ( 'NONE', *, *, #332, .F. ) ;
#1790 = CARTESIAN_POINT ( 'NONE',  ( -4.320000008786994528, 0.9253611170118217766, -0.5737787531104608929 ) ) ;
#1791 = VECTOR ( 'NONE', #957, 1000.000000000000000 ) ;
#1792 = AXIS2_PLACEMENT_3D ( 'NONE', #432, #2291, #6510 ) ;
#1793 = AXIS2_PLACEMENT_3D ( 'NONE', #4524, #6183, #825 ) ;
#1794 = CARTESIAN_POINT ( 'NONE',  ( -1.607859065475970128, -1.351284102488544026, -0.2225380502326869958 ) ) ;
#1795 = DIRECTION ( 'NONE',  ( 0.000000000000000000, -0.2747211278973780701, 0.9615239476408231623 ) ) ;
#1796 = ORIENTED_EDGE ( 'NONE', *, *, #5239, .T. ) ;
#1797 = VECTOR ( 'NONE', #5677, 1000.000000000000000 ) ;
#1798 = DIRECTION ( 'NONE',  ( -0.5023269556814757841, 0.000000000000000000, -0.8646777605534796685 ) ) ;
#1799 = AXIS2_PLACEMENT_3D ( 'NONE', #1278, #2615, #4931 ) ;
#1800 = ORIENTED_EDGE ( 'NONE', *, *, #3574, .T. ) ;
#1801 = DIRECTION ( 'NONE',  ( 0.000000000000000000, 0.000000000000000000, 1.000000000000000000 ) ) ;
#1802 = VECTOR ( 'NONE', #1810, 1000.000000000000000 ) ;
#1803 = ORIENTED_EDGE ( 'NONE', *, *, #618, .T. ) ;
#1804 = CARTESIAN_POINT ( 'NONE',  ( 0.8360263312107960587, -1.220112225687052021, -0.3375458184212369872 ) ) ;
#1805 = CARTESIAN_POINT ( 'NONE',  ( 3.550000000000000266, 2.000000000000000000, 6.349999999999999645 ) ) ;
#1806 = DIRECTION ( 'NONE',  ( 0.000000000000000000, 0.000000000000000000, -1.000000000000000000 ) ) ;
#1807 = LINE ( 'NONE', #2389, #3438 ) ;
#1808 = VECTOR ( 'NONE', #4089, 1000.000000000000000 ) ;
#1809 = VERTEX_POINT ( 'NONE', #4848 ) ;
#1810 = DIRECTION ( 'NONE',  ( 0.000000000000000000, 0.000000000000000000, -1.000000000000000000 ) ) ;
#1811 = VERTEX_POINT ( 'NONE', #6590 ) ;
#1812 = LINE ( 'NONE', #4237, #7546 ) ;
#1813 = CARTESIAN_POINT ( 'NONE',  ( 0.3799999983500709777, 1.014999997297824086, -0.5232625667208050668 ) ) ;
#1814 = EDGE_CURVE ( 'NONE', #556, #2601, #4690, .T. ) ;
#1815 = CARTESIAN_POINT ( 'NONE',  ( 0.000000000000000000, 3.140000000000000124, 3.409999999999999698 ) ) ;
#1816 = VECTOR ( 'NONE', #6777, 1000.000000000000000 ) ;
#1817 = FACE_OUTER_BOUND ( 'NONE', #68, .T. ) ;
#1818 = CARTESIAN_POINT ( 'NONE',  ( 1.280822920200802129, 1.930000000000000160, 11.10885853320217898 ) ) ;
#1819 = CARTESIAN_POINT ( 'NONE',  ( 0.1774420566064650040, 0.6539671645895729357, -0.6922135921009839876 ) ) ;
#1820 = ORIENTED_EDGE ( 'NONE', *, *, #5071, .T. ) ;
#1821 = ORIENTED_EDGE ( 'NONE', *, *, #3862, .T. ) ;
#1822 = ORIENTED_EDGE ( 'NONE', *, *, #4537, .T. ) ;
#1823 = AXIS2_PLACEMENT_3D ( 'NONE', #6360, #5092, #2074 ) ;
#1824 = FACE_OUTER_BOUND ( 'NONE', #4550, .T. ) ;
#1825 = EDGE_CURVE ( 'NONE', #1340, #6258, #2931, .T. ) ;
#1826 = CARTESIAN_POINT ( 'NONE',  ( -4.899999999999999467, -2.939999999999999947, 2.449999999999999734 ) ) ;
#1827 = LINE ( 'NONE', #1986, #774 ) ;
#1828 = CARTESIAN_POINT ( 'NONE',  ( -3.550000000000000266, 2.050000000000000266, 5.989999999999999325 ) ) ;
#1829 = ORIENTED_EDGE ( 'NONE', *, *, #7639, .F. ) ;
#1830 = PLANE ( 'NONE',  #6624 ) ;
#1831 = ADVANCED_FACE ( 'NONE', ( #5370 ), #4246, .T. ) ;
#1832 = CARTESIAN_POINT ( 'NONE',  ( -0.2471533019125499719, -0.8290095998362859708, -0.6378173749622929600 ) ) ;
#1833 = PRODUCT_DEFINITION_SHAPE ( 'NONE', 'NONE',  #1786 ) ;
#1834 = DIRECTION ( 'NONE',  ( 0.000000000000000000, -1.000000000000000000, 0.000000000000000000 ) ) ;
#1835 = EDGE_CURVE ( 'NONE', #5673, #2489, #2217, .T. ) ;
#1836 = EDGE_CURVE ( 'NONE', #5823, #7296, #1827, .T. ) ;
#1837 = ORIENTED_EDGE ( 'NONE', *, *, #3894, .F. ) ;
#1838 = ORIENTED_EDGE ( 'NONE', *, *, #5053, .F. ) ;
#1839 = DIRECTION ( 'NONE',  ( 0.000000000000000000, -1.000000000000000000, 0.000000000000000000 ) ) ;
#1840 = EDGE_CURVE ( 'NONE', #922, #589, #148, .T. ) ;
#1841 = EDGE_CURVE ( 'NONE', #2117, #4917, #31, .T. ) ;
#1842 = ORIENTED_EDGE ( 'NONE', *, *, #6054, .F. ) ;
#1843 = CARTESIAN_POINT ( 'NONE',  ( 2.838443082543654850, -1.327094898846727933, -0.2066408922496215106 ) ) ;
#1844 = CARTESIAN_POINT ( 'NONE',  ( 5.079972535390337107, -0.9832151932326088639, -0.4784355443891643578 ) ) ;
#1845 = CARTESIAN_POINT ( 'NONE',  ( -6.349999999999999645, -2.739999999999999769, 6.349999999999999645 ) ) ;
#1846 = CARTESIAN_POINT ( 'NONE',  ( 4.850000000000000533, 2.939999999999999947, 2.449999999999999734 ) ) ;
#1847 = ORIENTED_EDGE ( 'NONE', *, *, #758, .F. ) ;
#1848 = DIRECTION ( 'NONE',  ( 0.2562207112934001274, 0.000000000000000000, 0.9666183047637283421 ) ) ;
#1849 = EDGE_LOOP ( 'NONE', ( #6079, #6448, #4887, #4680 ) ) ;
#1850 = CARTESIAN_POINT ( 'NONE',  ( -4.565916948754289884, 0.6632791665809750770, -0.7133867171973979904 ) ) ;
#1851 = CARTESIAN_POINT ( 'NONE',  ( 0.4526139057434789836, 1.930000000000000160, 11.08083360243817950 ) ) ;
#1852 = CARTESIAN_POINT ( 'NONE',  ( -4.850000000000000533, -2.939999999999999947, 2.449999999999999734 ) ) ;
#1853 = CARTESIAN_POINT ( 'NONE',  ( 0.3799999999832655018, 0.7329837795473650441, -0.6000000000071759043 ) ) ;
#1854 = LINE ( 'NONE', #4275, #4860 ) ;
#1855 = LINE ( 'NONE', #7198, #1161 ) ;
#1856 = ORIENTED_EDGE ( 'NONE', *, *, #6176, .T. ) ;
#1857 = ORIENTED_EDGE ( 'NONE', *, *, #2942, .F. ) ;
#1858 = ORIENTED_EDGE ( 'NONE', *, *, #1840, .T. ) ;
#1859 = LINE ( 'NONE', #6035, #2572 ) ;
#1860 = DIRECTION ( 'NONE',  ( 0.5023269556814712322, 0.000000000000000000, 0.8646777605534822220 ) ) ;
#1861 = LINE ( 'NONE', #3677, #5219 ) ;
#1862 = CARTESIAN_POINT ( 'NONE',  ( 6.039557515154633016, -1.999999999999998224, -0.001218910109428237437 ) ) ;
#1863 = ORIENTED_EDGE ( 'NONE', *, *, #7478, .T. ) ;
#1864 = FACE_OUTER_BOUND ( 'NONE', #3484, .T. ) ;
#1865 = CARTESIAN_POINT ( 'NONE',  ( -1.311909623212920151, -1.187934716030361937, -0.2924483826001854636 ) ) ;
#1866 = CARTESIAN_POINT ( 'NONE',  ( 2.600000000000000089, -3.140000000000000124, 2.449999999999999734 ) ) ;
#1867 = ORIENTED_EDGE ( 'NONE', *, *, #1776, .F. ) ;
#1868 = EDGE_CURVE ( 'NONE', #808, #2241, #6228, .T. ) ;
#1869 = ORIENTED_EDGE ( 'NONE', *, *, #1593, .F. ) ;
#1870 = CARTESIAN_POINT ( 'NONE',  ( 1.239125719494814426, 1.069539042888311586, -0.3146323910891242748 ) ) ;
#1871 = EDGE_CURVE ( 'NONE', #2519, #5762, #1386, .T. ) ;
#1872 = EDGE_CURVE ( 'NONE', #4434, #199, #1861, .T. ) ;
#1873 = CARTESIAN_POINT ( 'NONE',  ( 6.349999999999999645, -2.739999999999999769, 6.150000000000000355 ) ) ;
#1874 = ORIENTED_EDGE ( 'NONE', *, *, #3919, .F. ) ;
#1875 = CARTESIAN_POINT ( 'NONE',  ( 1.568963355783419944, -1.394173867394516098, -0.2081282997295380022 ) ) ;
#1876 = CARTESIAN_POINT ( 'NONE',  ( 1.703557601043285130, -1.930000000000000160, 10.66765478544072110 ) ) ;
#1877 = CARTESIAN_POINT ( 'NONE',  ( 5.200000000000000178, -2.674999999999999822, 5.190000000000000391 ) ) ;
#1878 = EDGE_CURVE ( 'NONE', #2447, #879, #4367, .T. ) ;
#1879 = CARTESIAN_POINT ( 'NONE',  ( 4.899999999999999467, 3.299999999999999822, 2.449999999999999734 ) ) ;
#1880 = EDGE_CURVE ( 'NONE', #6701, #4349, #2569, .T. ) ;
#1881 = VERTEX_POINT ( 'NONE', #5555 ) ;
#1882 = CARTESIAN_POINT ( 'NONE',  ( 0.2669868181195300116, 1.930000000000000160, 11.40036177549232121 ) ) ;
#1883 = VERTEX_POINT ( 'NONE', #4921 ) ;
#1884 = DIRECTION ( 'NONE',  ( 0.000000000000000000, 0.000000000000000000, 1.000000000000000000 ) ) ;
#1885 = CARTESIAN_POINT ( 'NONE',  ( -1.930000000000000160, -1.930000000000000160, 5.989999999999999325 ) ) ;
#1886 = CARTESIAN_POINT ( 'NONE',  ( 0.000000000000000000, 2.939999999999999947, 3.409999999999999698 ) ) ;
#1887 = CARTESIAN_POINT ( 'NONE',  ( -3.819999999999999840, -0.6350000000095000763, -11.98999999999746002 ) ) ;
#1888 = CARTESIAN_POINT ( 'NONE',  ( -6.349999999999999645, 2.739999999999999769, 6.349999999999999645 ) ) ;
#1889 = LINE ( 'NONE', #4314, #768 ) ;
#1890 = CARTESIAN_POINT ( 'NONE',  ( -5.080000000000000071, -0.6350000000000000089, -0.6499999999999909184 ) ) ;
#1891 = VERTEX_POINT ( 'NONE', #3203 ) ;
#1892 = B_SPLINE_CURVE_WITH_KNOTS ( 'NONE', 3,
 ( #1456, #5539, #6293, #7377, #7548, #4388, #2091, #727, #4515, #6942, #3902, #6332, #1926, #4348, #5577, #1371, #3390, #5785, #1013, #4636, #6380, #4551, #980, #3305, #5820, #2208, #7667, #7622, #5186, #5862, #334 ),
 .UNSPECIFIED., .F., .F.,
 ( 4, 3, 3, 3, 3, 3, 3, 3, 3, 3, 4 ),
 ( 5.978128699000000439E-06, 0.004295180966707999246, 0.008584383804716998884, 0.01287358664272699946, 0.01716278948073600083, 0.02145199231874500220, 0.02574119515675400011, 0.03003039799476300148, 0.03431960083277300205, 0.03860880367078199649, 0.04289800650879100480 ),
 .UNSPECIFIED. ) ;
#1893 = EDGE_LOOP ( 'NONE', ( #26, #5928, #1647, #7068, #3034, #5873, #5903, #6529 ) ) ;
#1894 = ORIENTED_EDGE ( 'NONE', *, *, #2296, .F. ) ;
#1895 = CARTESIAN_POINT ( 'NONE',  ( -3.819999999999999840, 0.6350000000000000089, -10.73000000000000043 ) ) ;
#1896 = CARTESIAN_POINT ( 'NONE',  ( -6.349999999999999645, 2.939999999999999947, 0.000000000000000000 ) ) ;
#1897 = CARTESIAN_POINT ( 'NONE',  ( 5.407000000000000028, 0.6985000000000000098, -4.370000000000000107 ) ) ;
#1898 = CARTESIAN_POINT ( 'NONE',  ( -5.080001324088399883, 0.7834719250113961753, -0.5637229884336460994 ) ) ;
#1899 = VECTOR ( 'NONE', #5218, 1000.000000000000114 ) ;
#1900 = VECTOR ( 'NONE', #2888, 1000.000000000000000 ) ;
#1901 = ORIENTED_EDGE ( 'NONE', *, *, #851, .T. ) ;
#1902 = PLANE ( 'NONE',  #2191 ) ;
#1903 = COLOUR_RGB ( '',0.7490196078431372584, 0.7490196078431372584, 0.7490196078431372584 ) ;
#1904 = CIRCLE ( 'NONE', #5085, 1.259999999999999787 ) ;
#1905 = CARTESIAN_POINT ( 'NONE',  ( -1.260361173061995910, -1.329431738835369803, -0.2515564826496809459 ) ) ;
#1906 = EDGE_CURVE ( 'NONE', #1251, #6602, #5596, .T. ) ;
#1907 = DIRECTION ( 'NONE',  ( 0.5023269556814750070, 0.000000000000000000, 0.8646777605534800015 ) ) ;
#1908 = EDGE_LOOP ( 'NONE', ( #337, #1427, #5588, #236 ) ) ;
#1909 = VECTOR ( 'NONE', #6311, 1000.000000000000000 ) ;
#1910 = ORIENTED_EDGE ( 'NONE', *, *, #6740, .T. ) ;
#1911 = CARTESIAN_POINT ( 'NONE',  ( -1.703557601043285130, 1.930000000000000160, 10.66765478544072110 ) ) ;
#1912 = AXIS2_PLACEMENT_3D ( 'NONE', #7741, #4071, #2755 ) ;
#1913 = VECTOR ( 'NONE', #1408, 1000.000000000000000 ) ;
#1914 = EDGE_CURVE ( 'NONE', #2256, #1506, #102, .T. ) ;
#1915 = VECTOR ( 'NONE', #2095, 1000.000000000000000 ) ;
#1916 = CARTESIAN_POINT ( 'NONE',  ( -4.657715568256479699, 1.014958479223990295, -0.6000654646298410055 ) ) ;
#1917 =( GEOMETRIC_REPRESENTATION_CONTEXT ( 3 ) GLOBAL_UNCERTAINTY_ASSIGNED_CONTEXT ( ( #3922 ) ) GLOBAL_UNIT_ASSIGNED_CONTEXT ( ( #5387, #7105, #3540 ) ) REPRESENTATION_CONTEXT ( 'NONE', 'WORKASPACE' ) );
#1918 = ORIENTED_EDGE ( 'NONE', *, *, #4254, .F. ) ;
#1919 = CARTESIAN_POINT ( 'NONE',  ( 1.213391097672107843, -1.377871501176100022, -0.2225651465021669939 ) ) ;
#1920 = EDGE_CURVE ( 'NONE', #1696, #6805, #671, .T. ) ;
#1921 = VECTOR ( 'NONE', #2271, 1000.000000000000000 ) ;
#1922 = FACE_OUTER_BOUND ( 'NONE', #2871, .T. ) ;
#1923 = DIRECTION ( 'NONE',  ( 0.000000000000000000, 1.000000000000000000, -2.706723999999999888E-12 ) ) ;
#1924 = CARTESIAN_POINT ( 'NONE',  ( 1.930000000000000160, 1.930000000000000160, 5.989999999999999325 ) ) ;
#1925 = VERTEX_POINT ( 'NONE', #2605 ) ;
#1926 = CARTESIAN_POINT ( 'NONE',  ( -4.575989798207510617, -1.015000028881301919, -0.5687017984797519965 ) ) ;
#1927 = ORIENTED_EDGE ( 'NONE', *, *, #6994, .T. ) ;
#1928 = AXIS2_PLACEMENT_3D ( 'NONE', #2127, #4062, #5743 ) ;
#1929 = ADVANCED_FACE ( 'NONE', ( #2487 ), #627, .T. ) ;
#1930 = CARTESIAN_POINT ( 'NONE',  ( 1.930000000000000160, -1.930000000000000160, 5.989999999999999325 ) ) ;
#1931 = DIRECTION ( 'NONE',  ( 0.000000000000000000, -1.000000000000000000, 0.000000000000000000 ) ) ;
#1932 = DIRECTION ( 'NONE',  ( 0.000000000000000000, 0.000000000000000000, 1.000000000000000000 ) ) ;
#1933 = DIRECTION ( 'NONE',  ( 0.000000000000000000, 1.000000000000000000, 0.000000000000000000 ) ) ;
#1934 = ADVANCED_FACE ( 'NONE', ( #1230 ), #3756, .T. ) ;
#1936 = EDGE_CURVE ( 'NONE', #939, #4667, #6188, .T. ) ;
#1935 = DIRECTION ( 'NONE',  ( 0.000000000000000000, 0.000000000000000000, 1.000000000000000000 ) ) ;
#1937 = DIRECTION ( 'NONE',  ( -0.2562207112934029585, 0.000000000000000000, 0.9666183047637276760 ) ) ;
#1938 = VECTOR ( 'NONE', #5426, 1000.000000000000000 ) ;
#1939 = VERTEX_POINT ( 'NONE', #6793 ) ;
#1940 = DIRECTION ( 'NONE',  ( 0.000000000000000000, 0.000000000000000000, -1.000000000000000000 ) ) ;
#1941 = EDGE_LOOP ( 'NONE', ( #5528, #4341, #1190, #5891, #7772, #555 ) ) ;
#1942 = ORIENTED_EDGE ( 'NONE', *, *, #5705, .F. ) ;
#1943 = ORIENTED_EDGE ( 'NONE', *, *, #2249, .F. ) ;
#1944 = PLANE ( 'NONE',  #3340 ) ;
#1945 = AXIS2_PLACEMENT_3D ( 'NONE', #849, #2589, #3826 ) ;
#1946 = EDGE_CURVE ( 'NONE', #665, #7734, #6073, .T. ) ;
#1947 = CARTESIAN_POINT ( 'NONE',  ( 4.850000000000000533, 3.140000000000000124, 2.449999999999999734 ) ) ;
#1948 = CARTESIAN_POINT ( 'NONE',  ( 4.899999999999999467, 3.318000000000000060, 2.377499999999999947 ) ) ;
#1949 = CARTESIAN_POINT ( 'NONE',  ( 4.850000000000000533, 2.939999999999999947, 3.449999999999999734 ) ) ;
#1950 = CARTESIAN_POINT ( 'NONE',  ( 4.446353906225840369, 0.7078168891861240652, -0.6546277347696489723 ) ) ;
#1951 = AXIS2_PLACEMENT_3D ( 'NONE', #6110, #3083, #2451 ) ;
#1952 = VERTEX_POINT ( 'NONE', #6753 ) ;
#1953 = FACE_OUTER_BOUND ( 'NONE', #5006, .T. ) ;
#1954 = LINE ( 'NONE', #3209, #7668 ) ;
#1955 = CARTESIAN_POINT ( 'NONE',  ( -0.1008252911384734107, -0.8556800109808530008, -0.6791794103107510194 ) ) ;
#1956 = DIRECTION ( 'NONE',  ( 1.000000000000000000, 0.000000000000000000, 0.000000000000000000 ) ) ;
#1957 = ORIENTED_EDGE ( 'NONE', *, *, #2484, .F. ) ;
#1958 = DIRECTION ( 'NONE',  ( 0.000000000000000000, 0.000000000000000000, -1.000000000000000000 ) ) ;
#1959 = ORIENTED_EDGE ( 'NONE', *, *, #2186, .F. ) ;
#1960 = CARTESIAN_POINT ( 'NONE',  ( -4.850000000000000533, 2.939999999999999947, 3.449999999999999734 ) ) ;
#1961 = ADVANCED_FACE ( 'NONE', ( #4324 ), #1310, .F. ) ;
#1962 = CARTESIAN_POINT ( 'NONE',  ( -5.064715357523400741, 0.6460795709154649735, -0.6242419511614040184 ) ) ;
#1963 = EDGE_LOOP ( 'NONE', ( #4541, #7783, #2371, #6223, #3474 ) ) ;
#1964 = CARTESIAN_POINT ( 'NONE',  ( 4.306843177576487491, -0.7381851161257018124, -0.5943409432613437904 ) ) ;
#1965 = LINE ( 'NONE', #1367, #509 ) ;
#1966 = CARTESIAN_POINT ( 'NONE',  ( 9.174500000000000099, -1.554000000000000048, 5.989999999999999325 ) ) ;
#1967 = EDGE_CURVE ( 'NONE', #2715, #3381, #4490, .T. ) ;
#1968 = DIRECTION ( 'NONE',  ( -1.000000000000000000, 0.000000000000000000, 0.000000000000000000 ) ) ;
#1969 = ORIENTED_EDGE ( 'NONE', *, *, #1841, .F. ) ;
#1970 = CARTESIAN_POINT ( 'NONE',  ( 5.740527719640853732, 1.507349845253632692, -0.05585754345543620519 ) ) ;
#1971 = ORIENTED_EDGE ( 'NONE', *, *, #5575, .T. ) ;
#1972 = LINE ( 'NONE', #776, #3201 ) ;
#1973 = CARTESIAN_POINT ( 'NONE',  ( 5.456360473184280302, 1.113275553394427853, -0.2004623677341529908 ) ) ;
#1974 = LINE ( 'NONE', #134, #3420 ) ;
#1975 = DIRECTION ( 'NONE',  ( -1.000000000000000000, 0.000000000000000000, 0.000000000000000000 ) ) ;
#1976 = CARTESIAN_POINT ( 'NONE',  ( 5.750000000000000000, 2.339999999999999858, 5.190000000000000391 ) ) ;
#1977 = DIRECTION ( 'NONE',  ( 1.000000000000000000, 0.000000000000000000, 0.000000000000000000 ) ) ;
#1978 = ORIENTED_EDGE ( 'NONE', *, *, #4630, .T. ) ;
#1979 = FACE_OUTER_BOUND ( 'NONE', #4519, .T. ) ;
#1980 = ORIENTED_EDGE ( 'NONE', *, *, #2938, .F. ) ;
#1981 = ORIENTED_EDGE ( 'NONE', *, *, #1548, .T. ) ;
#1982 = ADVANCED_FACE ( 'NONE', ( #5761 ), #3402, .F. ) ;
#1983 = CARTESIAN_POINT ( 'NONE',  ( -0.6800397373439670545, 0.8510234191410199767, -0.4675605565647479867 ) ) ;
#1984 = DIRECTION ( 'NONE',  ( 0.000000000000000000, 0.000000000000000000, -1.000000000000000000 ) ) ;
#1985 = EDGE_CURVE ( 'NONE', #171, #2903, #7771, .T. ) ;
#1986 = CARTESIAN_POINT ( 'NONE',  ( -4.899999999999999467, -2.939999999999999947, 3.899999999999999911 ) ) ;
#1987 = CARTESIAN_POINT ( 'NONE',  ( 4.892486066168729941, -1.159027589145952053, -0.3999181860551954681 ) ) ;
#1988 = CARTESIAN_POINT ( 'NONE',  ( 2.899273077324090231, 1.487009843246247964, -0.1565286777289374986 ) ) ;
#1989 = ORIENTED_EDGE ( 'NONE', *, *, #3666, .T. ) ;
#1990 = FACE_OUTER_BOUND ( 'NONE', #4742, .T. ) ;
#1991 = EDGE_CURVE ( 'NONE', #6568, #2256, #5198, .T. ) ;
#1992 = DIRECTION ( 'NONE',  ( 0.000000000000000000, -1.000000000000000000, 0.000000000000000000 ) ) ;
#1993 = DIRECTION ( 'NONE',  ( -0.7071067811865471286, 0.000000000000000000, -0.7071067811865479058 ) ) ;
#1994 = CARTESIAN_POINT ( 'NONE',  ( -6.349999999999999645, 2.810000000000000053, 5.989999999999999325 ) ) ;
#1995 = ORIENTED_EDGE ( 'NONE', *, *, #3341, .T. ) ;
#1996 = DIRECTION ( 'NONE',  ( -1.000000000000000000, 0.000000000000000000, 0.000000000000000000 ) ) ;
#1997 = ORIENTED_EDGE ( 'NONE', *, *, #5472, .F. ) ;
#1998 = CARTESIAN_POINT ( 'NONE',  ( 3.315328525493072220, 1.125423897411527374, -0.2781186073526458191 ) ) ;
#1999 = CARTESIAN_POINT ( 'NONE',  ( 0.4526139057434789836, 1.930000000000000160, 11.08083360243817950 ) ) ;
#2000 = ORIENTED_EDGE ( 'NONE', *, *, #966, .T. ) ;
#2001 = CARTESIAN_POINT ( 'NONE',  ( -0.7249999999999999778, -3.140000000000000124, 3.504999999999999893 ) ) ;
#2002 = CARTESIAN_POINT ( 'NONE',  ( -0.4526139057434789836, -1.930000000000000160, 11.08083360243817950 ) ) ;
#2003 = DIRECTION ( 'NONE',  ( 0.2562207112934029585, 0.000000000000000000, -0.9666183047637276760 ) ) ;
#2004 = ORIENTED_EDGE ( 'NONE', *, *, #3578, .F. ) ;
#2005 = CARTESIAN_POINT ( 'NONE',  ( 0.000000000000000000, -2.939999999999999947, 3.504999999999999893 ) ) ;
#2006 = ORIENTED_EDGE ( 'NONE', *, *, #1007, .F. ) ;
#2007 = CARTESIAN_POINT ( 'NONE',  ( 0.3799999803001835597, 0.9253662501429523735, -0.5737577448108859279 ) ) ;
#2008 = CARTESIAN_POINT ( 'NONE',  ( 4.899999999999999467, -2.939999999999999947, 3.899999999999999911 ) ) ;
#2009 = EDGE_CURVE ( 'NONE', #1084, #7178, #5678, .T. ) ;
#2010 = DIRECTION ( 'NONE',  ( 0.000000000000000000, 0.000000000000000000, -1.000000000000000000 ) ) ;
#2011 = LINE ( 'NONE', #4479, #4331 ) ;
#2012 = CARTESIAN_POINT ( 'NONE',  ( -6.021619212407750332, -1.999999999999924949, -0.001218910109444400073 ) ) ;
#2013 = CARTESIAN_POINT ( 'NONE',  ( -1.519491846963365145, -1.930000000000000160, 10.98449536552962158 ) ) ;
#2014 = ORIENTED_EDGE ( 'NONE', *, *, #3578, .T. ) ;
#2015 = PLANE ( 'NONE',  #3686 ) ;
#2016 = EDGE_LOOP ( 'NONE', ( #644, #7128, #4467, #5538 ) ) ;
#2017 = ORIENTED_EDGE ( 'NONE', *, *, #281, .F. ) ;
#2018 = CARTESIAN_POINT ( 'NONE',  ( -0.09855240905176000654, 1.070758963209058168, -0.5163173665222320352 ) ) ;
#2019 = CARTESIAN_POINT ( 'NONE',  ( 4.001756992355735676, -1.251222584600929943, -0.3159057409004120132 ) ) ;
#2020 = DIRECTION ( 'NONE',  ( 1.000000000000000000, 0.000000000000000000, 0.000000000000000000 ) ) ;
#2021 = CARTESIAN_POINT ( 'NONE',  ( 6.349999999999999645, 2.739999999999999769, 6.150000000000000355 ) ) ;
#2022 = EDGE_CURVE ( 'NONE', #5829, #4234, #5060, .T. ) ;
#2023 = CARTESIAN_POINT ( 'NONE',  ( 2.286456805961774919, 1.474885982517283978, -0.1605027348908399931 ) ) ;
#2024 = ORIENTED_EDGE ( 'NONE', *, *, #2751, .F. ) ;
#2025 = CARTESIAN_POINT ( 'NONE',  ( 5.079941650518256857, 0.8492327302467157502, -0.5396912074531692305 ) ) ;
#2026 = CARTESIAN_POINT ( 'NONE',  ( 5.080000000000000071, -0.6350000000000000089, -0.6499999999999909184 ) ) ;
#2027 = PLANE ( 'NONE',  #3843 ) ;
#2028 = B_SPLINE_SURFACE_WITH_KNOTS ( 'NONE', 3, 3, ( 
 ( #104, #4702, #1056, #2526, #1758, #7099, #1644, #3463, #4059 ),
 ( #6488, #5338, #5897, #5299, #4105, #486, #2898, #1513, #1434 ),
 ( #271, #1950, #832, #6963, #7402, #6276, #3246, #3205, #7523 ),
 ( #6314, #226, #5645, #192, #6876, #4407, #3847, #4531, #2607 ),
 ( #2571, #5680, #5602, #2641, #2690, #5013, #6795, #3924, #5049 ),
 ( #5086, #1350, #6353, #920, #869, #3329, #5764, #5131, #311 ),
 ( #7442, #2067, #6833, #152, #7566, #4493, #793, #6921, #1988 ),
 ( #1474, #4966, #3281, #2109, #3883, #3158, #5718, #4369, #7477 ),
 ( #1388, #3759, #6190, #743, #3796, #6234, #2023, #4446, #7716 ),
 ( #5282, #1034, #3405, #5881, #960, #4570, #4125, #434, #7603 ),
 ( #5836, #5167, #5246, #7006, #1076, #7643, #1711, #3368, #2847 ),
 ( #2881, #2255, #3446, #5918, #5318, #4686, #7116, #1666, #6399 ),
 ( #468, #4087, #2188, #1629, #6512, #2223, #2809, #6550, #2144 ),
 ( #1111, #3972, #3483, #5800, #7684, #4652, #7752, #4043, #349 ),
 ( #2294, #4732, #1557, #3518, #2767, #7164, #5953, #2728, #7084 ),
 ( #5202, #4616, #7050, #1596, #4010, #6434, #388, #995, #6467 ),
 ( #1819, #662, #6105, #3033, #7834, #7277, #7311, #7867, #588 ) ),
 .UNSPECIFIED., .F., .F., .F.,
 ( 4, 1, 1, 1, 1, 1, 1, 1, 1, 1, 1, 1, 1, 1, 4 ),
 ( 4, 1, 1, 1, 1, 1, 4 ),
 ( 0.1553080382769589929, 0.1584125535716189859, 0.1980156919645240099, 0.2376188303574280070, 0.3168251071432379717, 0.3696292916671110040, 0.3960313839290470206, 0.4224334761909839808, 0.4488355684529199974, 0.4752376607148570131, 0.5016397529767929742, 0.5280418452387299899, 0.5940470758935709750, 0.6336502142864759435, 0.6719099637050570673 ),
 ( 0.000000000000000000, 0.1428571428571430157, 0.2857142857142860315, 0.4285714285714289917, 0.5714285714285709528, 0.7857142857142859205, 1.000000000000000000 ),
 .UNSPECIFIED. ) ;
#2029 = EDGE_CURVE ( 'NONE', #2117, #6852, #1430, .T. ) ;
#2030 = CARTESIAN_POINT ( 'NONE',  ( 0.000000000000000000, -3.140000000000000124, 3.504999999999999893 ) ) ;
#2031 = VECTOR ( 'NONE', #6416, 1000.000000000000000 ) ;
#2032 = CARTESIAN_POINT ( 'NONE',  ( 6.349999999999999645, -2.834999999999999964, 6.325997159067980213 ) ) ;
#2033 = EDGE_CURVE ( 'NONE', #7210, #3875, #992, .T. ) ;
#2034 = VERTEX_POINT ( 'NONE', #3881 ) ;
#2035 = VECTOR ( 'NONE', #7095, 1000.000000000000000 ) ;
#2036 = VECTOR ( 'NONE', #5130, 1000.000000000000000 ) ;
#2037 = CARTESIAN_POINT ( 'NONE',  ( -5.998297386139710419, 1.941392786542070148, -0.004830401357034200607 ) ) ;
#2038 = ORIENTED_EDGE ( 'NONE', *, *, #6312, .T. ) ;
#2039 = CARTESIAN_POINT ( 'NONE',  ( -3.550000000000000266, 2.000000000000000000, 6.709999999999999964 ) ) ;
#2040 = VECTOR ( 'NONE', #6969, 1000.000000000000114 ) ;
#2041 = CARTESIAN_POINT ( 'NONE',  ( -6.349999999999999645, -3.629999999999999893, -0.3355000000000045168 ) ) ;
#2042 = VECTOR ( 'NONE', #7028, 1000.000000000000000 ) ;
#2043 = DIRECTION ( 'NONE',  ( 0.8646777605534812228, 0.000000000000000000, -0.5023269556814731196 ) ) ;
#2044 = ORIENTED_EDGE ( 'NONE', *, *, #5143, .T. ) ;
#2045 = DIRECTION ( 'NONE',  ( 0.000000000000000000, -1.000000000000000000, 0.000000000000000000 ) ) ;
#2046 = ORIENTED_EDGE ( 'NONE', *, *, #5335, .F. ) ;
#2047 = CIRCLE ( 'NONE', #5597, 1.260000000000000675 ) ;
#2048 = AXIS2_PLACEMENT_3D ( 'NONE', #2559, #6821, #5001 ) ;
#2049 = CARTESIAN_POINT ( 'NONE',  ( 1.703557601043285130, -1.930000000000000160, 10.66765478544072110 ) ) ;
#2050 = VECTOR ( 'NONE', #3509, 1000.000000000000000 ) ;
#2051 = CARTESIAN_POINT ( 'NONE',  ( 6.085581583588389520, 1.992826161871050106, 0.0004125605956036000437 ) ) ;
#2052 = CARTESIAN_POINT ( 'NONE',  ( 1.271496601341335797, 2.122999999999999776, 11.12491234121383954 ) ) ;
#2053 = DIRECTION ( 'NONE',  ( 1.000000000000000000, 0.000000000000000000, 0.000000000000000000 ) ) ;
#2054 = DIRECTION ( 'NONE',  ( -0.000000000000000000, 1.000000000000000000, 0.000000000000000000 ) ) ;
#2055 = CIRCLE ( 'NONE', #6494, 0.2999999999999942712 ) ;
#2056 = CARTESIAN_POINT ( 'NONE',  ( 0.1077313166651970439, -1.015000011054158602, -0.5729335958641015303 ) ) ;
#2057 = ORIENTED_EDGE ( 'NONE', *, *, #6256, .F. ) ;
#2058 = CARTESIAN_POINT ( 'NONE',  ( 3.905000000000000249, 2.052500000000000213, 6.349999999999999645 ) ) ;
#2059 = VECTOR ( 'NONE', #3139, 1000.000000000000000 ) ;
#2060 = EDGE_LOOP ( 'NONE', ( #4943, #3740, #1199, #6390, #4540, #2796, #664, #4263 ) ) ;
#2061 = VERTEX_POINT ( 'NONE', #5796 ) ;
#2062 = EDGE_CURVE ( 'NONE', #4735, #5909, #2764, .T. ) ;
#2063 = CARTESIAN_POINT ( 'NONE',  ( -6.349999999999999645, -2.939999999999999947, 6.150000000000000355 ) ) ;
#2064 = LINE ( 'NONE', #4442, #3951 ) ;
#2065 = VECTOR ( 'NONE', #402, 1000.000000000000000 ) ;
#2066 = CARTESIAN_POINT ( 'NONE',  ( 5.126712506391180035, -0.6566790275412999200, -0.5263826689586419416 ) ) ;
#2067 = CARTESIAN_POINT ( 'NONE',  ( 2.851517319490835423, 1.258294800861295970, -0.2162743823032025059 ) ) ;
#2068 = ORIENTED_EDGE ( 'NONE', *, *, #6891, .T. ) ;
#2069 = DIRECTION ( 'NONE',  ( 0.000000000000000000, -1.000000000000000000, 0.000000000000000000 ) ) ;
#2070 = EDGE_CURVE ( 'NONE', #4853, #6040, #5047, .T. ) ;
#2071 = EDGE_CURVE ( 'NONE', #5161, #1094, #830, .T. ) ;
#2072 = VECTOR ( 'NONE', #2508, 1000.000000000000000 ) ;
#2073 = DIRECTION ( 'NONE',  ( 0.000000000000000000, -1.000000000000000000, 0.000000000000000000 ) ) ;
#2074 = DIRECTION ( 'NONE',  ( 0.000000000000000000, 0.000000000000000000, -1.000000000000000000 ) ) ;
#2075 = LINE ( 'NONE', #999, #2040 ) ;
#2076 = CARTESIAN_POINT ( 'NONE',  ( -5.080000000000000071, -0.5927730585616969305, -0.5999999999999878764 ) ) ;
#2077 = VECTOR ( 'NONE', #3630, 1000.000000000000000 ) ;
#2078 = ORIENTED_EDGE ( 'NONE', *, *, #4221, .T. ) ;
#2079 = VERTEX_POINT ( 'NONE', #867 ) ;
#2080 = DIRECTION ( 'NONE',  ( 1.000000000000000000, 0.000000000000000000, 0.000000000000000000 ) ) ;
#2081 = EDGE_CURVE ( 'NONE', #5155, #7216, #794, .T. ) ;
#2082 = EDGE_CURVE ( 'NONE', #5662, #1283, #2141, .T. ) ;
#2083 = EDGE_CURVE ( 'NONE', #1613, #4614, #1553, .T. ) ;
#2084 = CARTESIAN_POINT ( 'NONE',  ( 0.000000000000000000, 0.000000000000000000, 3.040000000000000036 ) ) ;
#2085 = ORIENTED_EDGE ( 'NONE', *, *, #1361, .F. ) ;
#2086 = DIRECTION ( 'NONE',  ( 1.000000000000000000, 0.000000000000000000, 0.000000000000000000 ) ) ;
#2087 = CARTESIAN_POINT ( 'NONE',  ( 2.600000000000000089, 2.939999999999999947, 2.449999999999999734 ) ) ;
#2088 = ORIENTED_EDGE ( 'NONE', *, *, #6248, .T. ) ;
#2089 = EDGE_CURVE ( 'NONE', #5722, #4137, #3365, .T. ) ;
#2090 = ORIENTED_EDGE ( 'NONE', *, *, #3762, .F. ) ;
#2091 = CARTESIAN_POINT ( 'NONE',  ( -4.662615969233439905, -1.015000042020671955, -0.5809001790108569985 ) ) ;
#2092 = ORIENTED_EDGE ( 'NONE', *, *, #2400, .T. ) ;
#2093 = ADVANCED_FACE ( 'NONE', ( #1030 ), #3515, .F. ) ;
#2094 = CARTESIAN_POINT ( 'NONE',  ( -4.565927299459959343, -0.6633783125605590136, -0.7133065592681030465 ) ) ;
#2095 = DIRECTION ( 'NONE',  ( 0.000000000000000000, 0.000000000000000000, -1.000000000000000000 ) ) ;
#2096 = EDGE_LOOP ( 'NONE', ( #6834, #5646, #1777, #2360, #62, #1534, #1874, #3320 ) ) ;
#2097 = CARTESIAN_POINT ( 'NONE',  ( -2.799999999999999822, -2.000000000000000000, 4.839999999999999858 ) ) ;
#2098 = CARTESIAN_POINT ( 'NONE',  ( 4.083999999999999631, 0.6350000000000000089, -4.556000000000000050 ) ) ;
#2099 = CARTESIAN_POINT ( 'NONE',  ( 0.000000000000000000, 0.000000000000000000, 4.040000000000000036 ) ) ;
#2100 = VERTEX_POINT ( 'NONE', #4798 ) ;
#2101 = CARTESIAN_POINT ( 'NONE',  ( 4.899999999999999467, -3.299999999999999822, 2.449999999999999734 ) ) ;
#2102 = VERTEX_POINT ( 'NONE', #4196 ) ;
#2103 = ORIENTED_EDGE ( 'NONE', *, *, #5192, .T. ) ;
#2104 = CARTESIAN_POINT ( 'NONE',  ( -0.6389331446875690101, 0.9619031646769959920, -0.4684312530853790291 ) ) ;
#2105 = LINE ( 'NONE', #3242, #782 ) ;
#2106 = CARTESIAN_POINT ( 'NONE',  ( -2.429456592247784652, 1.524851395895809869, -0.1369696371139751956 ) ) ;
#2107 = LINE ( 'NONE', #4406, #252 ) ;
#2108 = EDGE_CURVE ( 'NONE', #2272, #4296, #5991, .T. ) ;
#2109 = CARTESIAN_POINT ( 'NONE',  ( 2.536398065279144909, 1.354578129112238072, -0.1927585118684129739 ) ) ;
#2110 = ORIENTED_EDGE ( 'NONE', *, *, #1906, .T. ) ;
#2111 = CARTESIAN_POINT ( 'NONE',  ( 5.079883234754990262, 0.8832019097844345801, -0.5255889822463460925 ) ) ;
#2112 = PLANE ( 'NONE',  #6509 ) ;
#2113 = CARTESIAN_POINT ( 'NONE',  ( -0.7800000000000000266, -2.939999999999999947, 3.409999999999999698 ) ) ;
#2114 = CARTESIAN_POINT ( 'NONE',  ( -5.080000000363959600, -1.014999999870513925, -0.4618020215275360218 ) ) ;
#2115 = CARTESIAN_POINT ( 'NONE',  ( 4.473868480028864170, -0.6974859493246770015, -0.6678361971429689348 ) ) ;
#2116 = CARTESIAN_POINT ( 'NONE',  ( 4.899999999999999467, -2.939999999999999947, 2.449999999999999734 ) ) ;
#2117 = VERTEX_POINT ( 'NONE', #7794 ) ;
#2118 = ORIENTED_EDGE ( 'NONE', *, *, #4064, .T. ) ;
#2119 = DIRECTION ( 'NONE',  ( 1.000000000000000000, 0.000000000000000000, 0.000000000000000000 ) ) ;
#2120 = CARTESIAN_POINT ( 'NONE',  ( -5.022317261952649936, 1.015000000000000124, -0.4924431274300130057 ) ) ;
#2121 = ADVANCED_FACE ( 'NONE', ( #3442 ), #4648, .T. ) ;
#2122 = ORIENTED_EDGE ( 'NONE', *, *, #5575, .F. ) ;
#2123 = CARTESIAN_POINT ( 'NONE',  ( -4.320000000000000284, 1.014999999999927960, -0.5232664836849039158 ) ) ;
#2124 = DIRECTION ( 'NONE',  ( 0.8646777605534812228, 0.000000000000000000, -0.5023269556814731196 ) ) ;
#2125 = EDGE_CURVE ( 'NONE', #1506, #4290, #2843, .T. ) ;
#2126 = ORIENTED_EDGE ( 'NONE', *, *, #6382, .T. ) ;
#2127 = CARTESIAN_POINT ( 'NONE',  ( -5.750000000000000000, -3.233999999999999986, 0.3305000000000000160 ) ) ;
#2128 = ORIENTED_EDGE ( 'NONE', *, *, #5446, .F. ) ;
#2129 = DIRECTION ( 'NONE',  ( 0.000000000000000000, 0.000000000000000000, -1.000000000000000000 ) ) ;
#2130 = CARTESIAN_POINT ( 'NONE',  ( -2.986324066847290126, -1.457990935306786140, -0.1726308748828989936 ) ) ;
#2131 = VERTEX_POINT ( 'NONE', #5876 ) ;
#2132 = CARTESIAN_POINT ( 'NONE',  ( 6.080000000000000071, -2.000000000000000000, -0.0006094550547221999279 ) ) ;
#2133 = PLANE ( 'NONE',  #7649 ) ;
#2134 = LINE ( 'NONE', #4559, #3681 ) ;
#2135 = ADVANCED_FACE ( 'NONE', ( #5359 ), #2333, .T. ) ;
#2136 = DIRECTION ( 'NONE',  ( 0.000000000000000000, 1.000000000000000000, 0.000000000000000000 ) ) ;
#2137 = ORIENTED_EDGE ( 'NONE', *, *, #3985, .T. ) ;
#2138 = VERTEX_POINT ( 'NONE', #1185 ) ;
#2139 = CARTESIAN_POINT ( 'NONE',  ( -2.827194979745849768, 1.268304890813162000, -0.2106306291843304812 ) ) ;
#2140 = PLANE ( 'NONE',  #530 ) ;
#2141 = LINE ( 'NONE', #4566, #6606 ) ;
#2142 = DIRECTION ( 'NONE',  ( 1.000000000000000000, 0.000000000000000000, 0.000000000000000000 ) ) ;
#2143 = CARTESIAN_POINT ( 'NONE',  ( 6.349999999999999645, 3.299999999999999822, 1.350000000000000089 ) ) ;
#2144 = CARTESIAN_POINT ( 'NONE',  ( 1.128038291444406038, 1.359330988680109931, -0.2348116148322195174 ) ) ;
#2145 = ORIENTED_EDGE ( 'NONE', *, *, #2643, .F. ) ;
#2146 = CARTESIAN_POINT ( 'NONE',  ( 6.349999999999999645, 1.639999999999999902, 5.989999999999999325 ) ) ;
#2147 = CARTESIAN_POINT ( 'NONE',  ( 5.080000000000000071, 0.6350000000000000089, -0.6499999999999909184 ) ) ;
#2148 = DIRECTION ( 'NONE',  ( 0.000000000000000000, -1.000000000000000000, 0.000000000000000000 ) ) ;
#2149 = CARTESIAN_POINT ( 'NONE',  ( -0.7249999999999999778, 2.939999999999999947, 3.504999999999999893 ) ) ;
#2150 = CARTESIAN_POINT ( 'NONE',  ( 2.341835166963759818, -1.307231180905307877, -0.1876814571299594836 ) ) ;
#2151 = CARTESIAN_POINT ( 'NONE',  ( -5.080000000000001847, 1.000160935536473561, -0.4696772405840881071 ) ) ;
#2152 = ORIENTED_EDGE ( 'NONE', *, *, #6630, .T. ) ;
#2153 = EDGE_LOOP ( 'NONE', ( #4671, #1997, #1121, #7621 ) ) ;
#2154 = DIRECTION ( 'NONE',  ( 0.000000000000000000, 0.000000000000000000, -1.000000000000000000 ) ) ;
#2155 = DIRECTION ( 'NONE',  ( -1.000000000000000000, 0.000000000000000000, 0.000000000000000000 ) ) ;
#2156 = ORIENTED_EDGE ( 'NONE', *, *, #3960, .T. ) ;
#2157 = CARTESIAN_POINT ( 'NONE',  ( 9.039999999999999147, 0.6350000000000000089, -3.609999999999999876 ) ) ;
#2158 = LINE ( 'NONE', #3258, #6354 ) ;
#2159 = AXIS2_PLACEMENT_3D ( 'NONE', #1089, #3498, #2860 ) ;
#2160 = ORIENTED_EDGE ( 'NONE', *, *, #1871, .F. ) ;
#2161 = CARTESIAN_POINT ( 'NONE',  ( 0.7249999999999999778, -3.140000000000000124, 2.429999999999999716 ) ) ;
#2162 = VECTOR ( 'NONE', #5716, 1000.000000000000000 ) ;
#2163 = ORIENTED_EDGE ( 'NONE', *, *, #7487, .F. ) ;
#2164 = DIRECTION ( 'NONE',  ( 0.5023269556814731196, 0.000000000000000000, -0.8646777605534811117 ) ) ;
#2165 = EDGE_CURVE ( 'NONE', #6551, #7216, #6016, .T. ) ;
#2166 = VECTOR ( 'NONE', #5172, 1000.000000000000114 ) ;
#2167 = ORIENTED_EDGE ( 'NONE', *, *, #1307, .F. ) ;
#2168 = DIRECTION ( 'NONE',  ( 0.7071067811865474617, 0.000000000000000000, 0.7071067811865474617 ) ) ;
#2169 = VECTOR ( 'NONE', #767, 1000.000000000000114 ) ;
#2170 = CARTESIAN_POINT ( 'NONE',  ( 4.731861702435799621, 1.048485958639153948, -0.5491057146300879488 ) ) ;
#2171 = PLANE ( 'NONE',  #7374 ) ;
#2172 = DIRECTION ( 'NONE',  ( 1.000000000000000000, 0.000000000000000000, 0.000000000000000000 ) ) ;
#2173 = ORIENTED_EDGE ( 'NONE', *, *, #429, .F. ) ;
#2174 = ORIENTED_EDGE ( 'NONE', *, *, #511, .F. ) ;
#2175 = AXIS2_PLACEMENT_3D ( 'NONE', #4250, #7353, #2523 ) ;
#2176 = EDGE_CURVE ( 'NONE', #4068, #4614, #6580, .T. ) ;
#2177 = AXIS2_PLACEMENT_3D ( 'NONE', #5306, #1541, #5751 ) ;
#2178 = VECTOR ( 'NONE', #7775, 1000.000000000000000 ) ;
#2179 = CARTESIAN_POINT ( 'NONE',  ( -4.039631337060664684, 1.099938873572615883, -0.4157038015063045377 ) ) ;
#2180 = EDGE_CURVE ( 'NONE', #3563, #298, #2962, .T. ) ;
#2181 = ADVANCED_FACE ( 'NONE', ( #1708 ), #7712, .T. ) ;
#2182 = CARTESIAN_POINT ( 'NONE',  ( -0.1999999999999875211, 8.572527167597259060E-17, 3.040000000000000036 ) ) ;
#2183 = VECTOR ( 'NONE', #6072, 1000.000000000000000 ) ;
#2184 = CARTESIAN_POINT ( 'NONE',  ( -4.090297162380275076, 1.228738863304332130, -0.3329330909601638799 ) ) ;
#2185 = ORIENTED_EDGE ( 'NONE', *, *, #4212, .F. ) ;
#2186 = EDGE_CURVE ( 'NONE', #3752, #4853, #2252, .T. ) ;
#2187 = CARTESIAN_POINT ( 'NONE',  ( -4.320000000000000284, 0.6350000000000000089, -0.6499999999999909184 ) ) ;
#2188 = CARTESIAN_POINT ( 'NONE',  ( 1.225148465030072131, 1.113940130879035983, -0.3162067185955089732 ) ) ;
#2189 = VERTEX_POINT ( 'NONE', #5398 ) ;
#2190 = EDGE_CURVE ( 'NONE', #4816, #6675, #2365, .T. ) ;
#2191 = AXIS2_PLACEMENT_3D ( 'NONE', #6835, #7444, #106 ) ;
#2192 = DIRECTION ( 'NONE',  ( 0.000000000000000000, 1.000000000000000000, 0.000000000000000000 ) ) ;
#2193 = DIRECTION ( 'NONE',  ( -7.491261999999999809E-15, -1.713626000000000003E-13, -1.000000000000000000 ) ) ;
#2194 = CARTESIAN_POINT ( 'NONE',  ( 1.625106111502484962, -1.187717618245253792, -0.2465292789988255129 ) ) ;
#2195 = DIRECTION ( 'NONE',  ( 0.000000000000000000, 0.000000000000000000, -1.000000000000000000 ) ) ;
#2196 = VECTOR ( 'NONE', #6259, 1000.000000000000000 ) ;
#2197 = ORIENTED_EDGE ( 'NONE', *, *, #221, .F. ) ;
#2198 = CARTESIAN_POINT ( 'NONE',  ( -2.550000000000000266, -2.922000000000000153, 2.377499999999999947 ) ) ;
#2199 = LINE ( 'NONE', #5737, #766 ) ;
#2200 = VECTOR ( 'NONE', #7202, 1000.000000000000000 ) ;
#2201 = ORIENTED_EDGE ( 'NONE', *, *, #4405, .T. ) ;
#2202 = DIRECTION ( 'NONE',  ( 0.000000000000000000, 1.000000000000000000, 0.000000000000000000 ) ) ;
#2203 = DIRECTION ( 'NONE',  ( -1.000000000000000000, 0.000000000000000000, 0.000000000000000000 ) ) ;
#2204 = EDGE_LOOP ( 'NONE', ( #5451, #4679, #2014, #3742, #3806, #1637, #3749, #5610 ) ) ;
#2205 = CARTESIAN_POINT ( 'NONE',  ( -5.750000000000000000, -2.339999999999999858, 0.5999999999999878764 ) ) ;
#2206 = VECTOR ( 'NONE', #2930, 1000.000000000000000 ) ;
#2207 = ORIENTED_EDGE ( 'NONE', *, *, #7626, .T. ) ;
#2208 = CARTESIAN_POINT ( 'NONE',  ( -4.389685593536754915, -1.015000018982719965, -0.5367365262659739011 ) ) ;
#2209 =( NAMED_UNIT ( * ) SI_UNIT ( $, .STERADIAN. ) SOLID_ANGLE_UNIT ( ) );
#2210 = ORIENTED_EDGE ( 'NONE', *, *, #3488, .T. ) ;
#2211 = FILL_AREA_STYLE_COLOUR ( '', #7136 ) ;
#2212 = CARTESIAN_POINT ( 'NONE',  ( 4.740085122700840259, 1.031637943575028249, -0.5705570102941370791 ) ) ;
#2213 = FACE_OUTER_BOUND ( 'NONE', #7791, .T. ) ;
#2214 = CARTESIAN_POINT ( 'NONE',  ( -0.3800000000000000044, 0.6350000000000000089, -6.919999999999999929 ) ) ;
#2215 = ORIENTED_EDGE ( 'NONE', *, *, #5720, .F. ) ;
#2216 = ORIENTED_EDGE ( 'NONE', *, *, #5720, .T. ) ;
#2217 = B_SPLINE_CURVE_WITH_KNOTS ( 'NONE', 3,
 ( #1346, #7318, #3793, #3722 ),
 .UNSPECIFIED., .F., .F.,
 ( 4, 4 ),
 ( 0.000000000000000000, 1.000000000000000000 ),
 .UNSPECIFIED. ) ;
#2218 = CARTESIAN_POINT ( 'NONE',  ( -1.727427885716135147, 1.460280102223719956, -0.1714336059614140206 ) ) ;
#2219 = CARTESIAN_POINT ( 'NONE',  ( 1.034811480003838158, 1.930000000000000160, 11.21316523494646056 ) ) ;
#2220 = CARTESIAN_POINT ( 'NONE',  ( 4.850000000000000533, 3.140000000000000124, 2.449999999999999734 ) ) ;
#2221 = CARTESIAN_POINT ( 'NONE',  ( -5.750000000000000000, -2.339999999999999858, 0.5999999999999878764 ) ) ;
#2222 = CARTESIAN_POINT ( 'NONE',  ( -6.080000000000000071, -2.014999999999964597, 0.000000000000000000 ) ) ;
#2223 = CARTESIAN_POINT ( 'NONE',  ( 1.175760194437772022, 1.250441106177149875, -0.2918283609797030498 ) ) ;
#2224 = EDGE_CURVE ( 'NONE', #7350, #3497, #5242, .T. ) ;
#2225 = VERTEX_POINT ( 'NONE', #4083 ) ;
#2226 = ADVANCED_FACE ( 'NONE', ( #6508 ), #1072, .T. ) ;
#2227 = DIRECTION ( 'NONE',  ( 1.000000000000000000, 0.000000000000000000, 0.000000000000000000 ) ) ;
#2228 = LINE ( 'NONE', #2302, #1194 ) ;
#2229 = CARTESIAN_POINT ( 'NONE',  ( 0.9710995989701970421, -1.930000000000000160, 10.97280578029042175 ) ) ;
#2230 = CARTESIAN_POINT ( 'NONE',  ( 0.4235825990409485819, -0.7501757687101995309, -0.5812926627533456791 ) ) ;
#2231 = LINE ( 'NONE', #479, #1900 ) ;
#2232 = ADVANCED_FACE ( 'NONE', ( #464 ), #7749, .F. ) ;
#2233 = ORIENTED_EDGE ( 'NONE', *, *, #1991, .F. ) ;
#2234 = DIRECTION ( 'NONE',  ( 1.000000000000000000, 0.000000000000000000, 0.000000000000000000 ) ) ;
#2235 = PLANE ( 'NONE',  #3426 ) ;
#2236 = ORIENTED_EDGE ( 'NONE', *, *, #3134, .F. ) ;
#2237 = CARTESIAN_POINT ( 'NONE',  ( 6.349999999999999645, 1.639999999999999902, 6.349999999999999645 ) ) ;
#2238 = CARTESIAN_POINT ( 'NONE',  ( 0.7249999999999999778, 2.939999999999999947, 2.429999999999999716 ) ) ;
#2239 = EDGE_LOOP ( 'NONE', ( #2738, #245, #6564, #7666, #7480, #6715, #1260, #2197 ) ) ;
#2240 = CARTESIAN_POINT ( 'NONE',  ( 0.4526139057434789836, -1.930000000000000160, 11.08083360243817950 ) ) ;
#2241 = VERTEX_POINT ( 'NONE', #1887 ) ;
#2242 = ORIENTED_EDGE ( 'NONE', *, *, #281, .T. ) ;
#2243 = CARTESIAN_POINT ( 'NONE',  ( -6.057495799576014583, 2.000000000000000000, -0.001218910109428671118 ) ) ;
#2244 = FACE_OUTER_BOUND ( 'NONE', #1849, .T. ) ;
#2245 = DIRECTION ( 'NONE',  ( 0.000000000000000000, 0.000000000000000000, -1.000000000000000000 ) ) ;
#2246 = DIRECTION ( 'NONE',  ( 0.000000000000000000, 1.000000000000000000, 0.000000000000000000 ) ) ;
#2247 = ORIENTED_EDGE ( 'NONE', *, *, #5192, .F. ) ;
#2248 = ORIENTED_EDGE ( 'NONE', *, *, #7389, .T. ) ;
#2249 = EDGE_CURVE ( 'NONE', #4667, #7640, #4998, .T. ) ;
#2250 = CARTESIAN_POINT ( 'NONE',  ( -1.133331003024899974, 1.347932337780936018, -0.2384043908078669893 ) ) ;
#2251 = DIRECTION ( 'NONE',  ( 0.000000000000000000, -1.000000000000000000, 0.000000000000000000 ) ) ;
#2252 = LINE ( 'NONE', #4683, #1038 ) ;
#2253 = ORIENTED_EDGE ( 'NONE', *, *, #2978, .F. ) ;
#2254 = LINE ( 'NONE', #6511, #4578 ) ;
#2255 = CARTESIAN_POINT ( 'NONE',  ( 1.578250545179490150, 1.188748042239521796, -0.2536151043986979992 ) ) ;
#2256 = VERTEX_POINT ( 'NONE', #1852 ) ;
#2257 = CARTESIAN_POINT ( 'NONE',  ( 0.6123385083052179656, 3.140000000000000124, 3.893157894736865021 ) ) ;
#2258 = CARTESIAN_POINT ( 'NONE',  ( 5.695000000000000284, -2.674999999999999822, 5.150000000000000355 ) ) ;
#2259 = CARTESIAN_POINT ( 'NONE',  ( -4.970813521358210529, -1.216375530564876017, -0.3329831811449044943 ) ) ;
#2260 = ADVANCED_FACE ( 'NONE', ( #3784 ), #6739, .F. ) ;
#2261 = DIRECTION ( 'NONE',  ( 1.000000000000000000, 0.000000000000000000, 0.000000000000000000 ) ) ;
#2262 = FACE_OUTER_BOUND ( 'NONE', #891, .T. ) ;
#2263 = ORIENTED_EDGE ( 'NONE', *, *, #1936, .F. ) ;
#2264 = CARTESIAN_POINT ( 'NONE',  ( 4.901681887435400675, 1.191161148816318960, -0.3707396218612893923 ) ) ;
#2265 = EDGE_CURVE ( 'NONE', #1952, #7836, #7428, .T. ) ;
#2266 = CARTESIAN_POINT ( 'NONE',  ( -3.413834164976789598, -1.138747971867446251, -0.2965506226933264933 ) ) ;
#2267 = CARTESIAN_POINT ( 'NONE',  ( 3.905000000000000249, 2.254999999999999893, 5.989999999999999325 ) ) ;
#2268 = EDGE_CURVE ( 'NONE', #4118, #5155, #4770, .T. ) ;
#2269 = ORIENTED_EDGE ( 'NONE', *, *, #3620, .F. ) ;
#2270 = DIRECTION ( 'NONE',  ( 0.000000000000000000, -1.000000000000000000, 0.000000000000000000 ) ) ;
#2271 = DIRECTION ( 'NONE',  ( 0.000000000000000000, 1.000000000000000000, 0.000000000000000000 ) ) ;
#2272 = VERTEX_POINT ( 'NONE', #2477 ) ;
#2273 = CARTESIAN_POINT ( 'NONE',  ( 0.7800000000000000266, -3.299999999999999822, 3.409999999999999698 ) ) ;
#2274 =( BOUNDED_CURVE ( )  B_SPLINE_CURVE ( 3, ( #3456, #1790, #7765, #6561 ),
 .UNSPECIFIED., .F., .F. ) 
 B_SPLINE_CURVE_WITH_KNOTS ( ( 4, 4 ),
 ( 1.895535871803255112, 2.440810782882400165 ),
 .UNSPECIFIED. ) 
 CURVE ( )  GEOMETRIC_REPRESENTATION_ITEM ( )  RATIONAL_B_SPLINE_CURVE ( ( 1.000000000000000000, 0.9753760352001560330, 0.9753760352001560330, 1.000000000000000000 ) ) 
 REPRESENTATION_ITEM ( '' )  );
#2275 = ORIENTED_EDGE ( 'NONE', *, *, #6691, .T. ) ;
#2276 = CARTESIAN_POINT ( 'NONE',  ( 4.657688944309859913, 1.014971292683556126, -0.6000452586132799526 ) ) ;
#2277 = ORIENTED_EDGE ( 'NONE', *, *, #6905, .F. ) ;
#2278 = DIRECTION ( 'NONE',  ( 0.7071067805519559712, 0.000000000000000000, 0.7071067818211389522 ) ) ;
#2279 = LINE ( 'NONE', #300, #6608 ) ;
#2280 = VECTOR ( 'NONE', #3941, 1000.000000000000000 ) ;
#2281 = VECTOR ( 'NONE', #1266, 1000.000000000000000 ) ;
#2282 = DIRECTION ( 'NONE',  ( 3.005929311600325068E-12, -1.000000000000000000, 3.005929311600325068E-12 ) ) ;
#2283 = FACE_OUTER_BOUND ( 'NONE', #2318, .T. ) ;
#2284 = VERTEX_POINT ( 'NONE', #3146 ) ;
#2285 = CARTESIAN_POINT ( 'NONE',  ( 0.7139030315564609541, 1.930000000000000160, 11.03664092508229899 ) ) ;
#2286 = ORIENTED_EDGE ( 'NONE', *, *, #5968, .T. ) ;
#2287 = VECTOR ( 'NONE', #4782, 1000.000000000000000 ) ;
#2288 = CARTESIAN_POINT ( 'NONE',  ( -2.088875878710805267, 1.382635659471740164, -0.1899971078218140319 ) ) ;
#2289 = CARTESIAN_POINT ( 'NONE',  ( 0.7249999999999999778, -2.939999999999999947, 2.429999999999999716 ) ) ;
#2290 = CARTESIAN_POINT ( 'NONE',  ( 0.2577054637383339730, 2.122999999999999776, 11.41633818414502066 ) ) ;
#2291 = DIRECTION ( 'NONE',  ( 0.000000000000000000, 0.000000000000000000, 1.000000000000000000 ) ) ;
#2292 = CARTESIAN_POINT ( 'NONE',  ( -0.7800000000000000266, 3.299999999999999822, 1.350000000000000089 ) ) ;
#2293 = VECTOR ( 'NONE', #1662, 1000.000000000000000 ) ;
#2294 = CARTESIAN_POINT ( 'NONE',  ( 0.4823370338360170040, 0.7732952970662569925, -0.5533903552879929633 ) ) ;
#2295 = EDGE_LOOP ( 'NONE', ( #2448, #7279, #5830, #5113 ) ) ;
#2296 = EDGE_CURVE ( 'NONE', #7393, #6235, #2047, .T. ) ;
#2297 = CIRCLE ( 'NONE', #4832, 0.5000000000000071054 ) ;
#2298 = ORIENTED_EDGE ( 'NONE', *, *, #4458, .F. ) ;
#2299 = EDGE_LOOP ( 'NONE', ( #42, #185, #4511, #7800 ) ) ;
#2300 = LINE ( 'NONE', #4736, #7540 ) ;
#2301 = AXIS2_PLACEMENT_3D ( 'NONE', #7553, #5824, #2321 ) ;
#2302 = CARTESIAN_POINT ( 'NONE',  ( -1.930000000000000160, 1.930000000000000160, 5.989999999999999325 ) ) ;
#2303 = DIRECTION ( 'NONE',  ( 0.000000000000000000, 0.000000000000000000, 1.000000000000000000 ) ) ;
#2304 = VECTOR ( 'NONE', #4034, 1000.000000000000000 ) ;
#2305 = FACE_OUTER_BOUND ( 'NONE', #6847, .T. ) ;
#2306 = EDGE_CURVE ( 'NONE', #4088, #6400, #6487, .T. ) ;
#2307 = ORIENTED_EDGE ( 'NONE', *, *, #1307, .T. ) ;
#2308 = DIRECTION ( 'NONE',  ( 0.000000000000000000, -1.000000000000000000, 0.000000000000000000 ) ) ;
#2309 = AXIS2_PLACEMENT_3D ( 'NONE', #7375, #7497, #5659 ) ;
#2310 = CARTESIAN_POINT ( 'NONE',  ( -2.956353902951615265, -1.337630161100469950, -0.2153786818098215039 ) ) ;
#2311 = CARTESIAN_POINT ( 'NONE',  ( -4.319999015149894817, 0.7329411315546070504, -0.5999946094214619885 ) ) ;
#2312 = ORIENTED_EDGE ( 'NONE', *, *, #3523, .F. ) ;
#2313 = AXIS2_PLACEMENT_3D ( 'NONE', #7481, #5310, #2069 ) ;
#2314 = CARTESIAN_POINT ( 'NONE',  ( 5.200000000000000178, 2.674999999999999822, 5.190000000000000391 ) ) ;
#2315 = ORIENTED_EDGE ( 'NONE', *, *, #2081, .F. ) ;
#2316 = LINE ( 'NONE', #1240, #4977 ) ;
#2317 = ADVANCED_FACE ( 'NONE', ( #5585 ), #2397, .T. ) ;
#2318 = EDGE_LOOP ( 'NONE', ( #2277, #3398, #7180, #6764, #2825, #2742, #4362, #958 ) ) ;
#2319 = VECTOR ( 'NONE', #6198, 1000.000000000000000 ) ;
#2320 = ORIENTED_EDGE ( 'NONE', *, *, #1836, .F. ) ;
#2321 = DIRECTION ( 'NONE',  ( 1.000000000000000000, 0.000000000000000000, 0.000000000000000000 ) ) ;
#2322 = DIRECTION ( 'NONE',  ( 0.000000000000000000, 0.8444538828765898453, 0.5356282663327718296 ) ) ;
#2323 = DIRECTION ( 'NONE',  ( -0.7071067811865462405, -4.250939877881105200E-12, -0.7071067811865487940 ) ) ;
#2324 = VECTOR ( 'NONE', #559, 1000.000000000000000 ) ;
#2325 = EDGE_CURVE ( 'NONE', #7536, #4363, #92, .T. ) ;
#2326 = PLANE ( 'NONE',  #7381 ) ;
#2327 = EDGE_CURVE ( 'NONE', #7443, #7350, #4949, .T. ) ;
#2328 = ORIENTED_EDGE ( 'NONE', *, *, #6773, .F. ) ;
#2329 = DIRECTION ( 'NONE',  ( 0.000000000000000000, -1.000000000000000000, 0.000000000000000000 ) ) ;
#2330 = VERTEX_POINT ( 'NONE', #18 ) ;
#2331 = CARTESIAN_POINT ( 'NONE',  ( -6.349999999999999645, 2.939999999999999947, 5.989999999999999325 ) ) ;
#2332 = CARTESIAN_POINT ( 'NONE',  ( 5.580000000000000071, -0.6350000000000000089, -4.370000000000000107 ) ) ;
#2333 = PLANE ( 'NONE',  #5471 ) ;
#2334 = LINE ( 'NONE', #4767, #1415 ) ;
#2335 = FACE_OUTER_BOUND ( 'NONE', #1908, .T. ) ;
#2336 = DIRECTION ( 'NONE',  ( 0.000000000000000000, 0.000000000000000000, 1.000000000000000000 ) ) ;
#2337 = ORIENTED_EDGE ( 'NONE', *, *, #5776, .F. ) ;
#2338 = ORIENTED_EDGE ( 'NONE', *, *, #2180, .T. ) ;
#2339 = ORIENTED_EDGE ( 'NONE', *, *, #7295, .T. ) ;
#2340 = DIRECTION ( 'NONE',  ( 0.000000000000000000, 0.000000000000000000, 1.000000000000000000 ) ) ;
#2341 = CARTESIAN_POINT ( 'NONE',  ( -3.819999999999999840, -0.6350000000142500545, -11.98999999999620059 ) ) ;
#2342 = DIRECTION ( 'NONE',  ( 0.000000000000000000, -1.000000000000000000, 0.000000000000000000 ) ) ;
#2343 = CARTESIAN_POINT ( 'NONE',  ( -5.080000000000004512, 0.6409651838204806218, -0.6000000000000138556 ) ) ;
#2344 = ORIENTED_EDGE ( 'NONE', *, *, #7773, .F. ) ;
#2345 = DIRECTION ( 'NONE',  ( 0.000000000000000000, -0.7071067811865486830, 0.7071067811865464625 ) ) ;
#2346 = FACE_OUTER_BOUND ( 'NONE', #109, .T. ) ;
#2347 = CARTESIAN_POINT ( 'NONE',  ( -0.2669868181195300116, 1.930000000000000160, 11.40036177549232121 ) ) ;
#2348 = EDGE_LOOP ( 'NONE', ( #7376, #6415, #4061, #1210 ) ) ;
#2349 = LINE ( 'NONE', #4748, #6748 ) ;
#2350 = VERTEX_POINT ( 'NONE', #7384 ) ;
#2351 = CARTESIAN_POINT ( 'NONE',  ( 5.750000000000000000, -2.339999999999999858, 5.190000000000000391 ) ) ;
#2352 = ITEM_DEFINED_TRANSFORMATION ( 'NONE', 'NONE', #1678,  #3958 ) ;
#2353 = ORIENTED_EDGE ( 'NONE', *, *, #2757, .T. ) ;
#2354 = FACE_BOUND ( 'NONE', #4895, .T. ) ;
#2355 = EDGE_CURVE ( 'NONE', #5175, #5722, #135, .T. ) ;
#2356 = FACE_OUTER_BOUND ( 'NONE', #4872, .T. ) ;
#2357 = FACE_OUTER_BOUND ( 'NONE', #320, .T. ) ;
#2358 = CARTESIAN_POINT ( 'NONE',  ( 4.850000000000000533, -2.939999999999999947, 2.449999999999999734 ) ) ;
#2359 = EDGE_CURVE ( 'NONE', #143, #3773, #5431, .T. ) ;
#2360 = ORIENTED_EDGE ( 'NONE', *, *, #1394, .T. ) ;
#2361 = LINE ( 'NONE', #4792, #1802 ) ;
#2362 = ORIENTED_EDGE ( 'NONE', *, *, #7724, .F. ) ;
#2363 = CARTESIAN_POINT ( 'NONE',  ( 6.078078619522360171, -1.993830826726535221, 7.927700679999999699E-15 ) ) ;
#2364 = PLANE ( 'NONE',  #265 ) ;
#2365 = LINE ( 'NONE', #2804, #2293 ) ;
#2366 = ADVANCED_FACE ( 'NONE', ( #6099 ), #4834, .T. ) ;
#2367 = LINE ( 'NONE', #1853, #752 ) ;
#2368 = DIRECTION ( 'NONE',  ( 0.000000000000000000, 0.000000000000000000, -1.000000000000000000 ) ) ;
#2369 = LINE ( 'NONE', #4276, #4202 ) ;
#2370 = VERTEX_POINT ( 'NONE', #6697 ) ;
#2371 = ORIENTED_EDGE ( 'NONE', *, *, #4986, .F. ) ;
#2372 = ORIENTED_EDGE ( 'NONE', *, *, #1167, .T. ) ;
#2373 = FACE_OUTER_BOUND ( 'NONE', #4532, .T. ) ;
#2374 = DIRECTION ( 'NONE',  ( 0.000000000000000000, 0.000000000000000000, -1.000000000000000000 ) ) ;
#2375 = CARTESIAN_POINT ( 'NONE',  ( -5.998278856192390762, -1.941375093033440136, -0.004831661885424999928 ) ) ;
#2376 = CARTESIAN_POINT ( 'NONE',  ( -6.080000000000000071, -2.014999999999999680, 6.109926820000000046E-15 ) ) ;
#2377 = ORIENTED_EDGE ( 'NONE', *, *, #1695, .F. ) ;
#2378 = CARTESIAN_POINT ( 'NONE',  ( 5.178575348047716354, 1.391139014959178466, -0.2006016181090274630 ) ) ;
#2379 = CARTESIAN_POINT ( 'NONE',  ( -1.928377584146184986, -1.486217400528952126, -0.1566569450961259879 ) ) ;
#2380 = CARTESIAN_POINT ( 'NONE',  ( -2.825104591761609996, 1.256497222583941920, -0.2104975124904170103 ) ) ;
#2381 = VERTEX_POINT ( 'NONE', #6780 ) ;
#2382 = LINE ( 'NONE', #1205, #1921 ) ;
#2383 = ORIENTED_EDGE ( 'NONE', *, *, #579, .F. ) ;
#2384 = CARTESIAN_POINT ( 'NONE',  ( 8.429999999999999716, -1.614999999999999991, 5.989999999999999325 ) ) ;
#2385 = ORIENTED_EDGE ( 'NONE', *, *, #2180, .F. ) ;
#2386 = CARTESIAN_POINT ( 'NONE',  ( 0.9082236406643510174, -1.057817860686893985, -0.3895764327274154892 ) ) ;
#2387 = DIRECTION ( 'NONE',  ( -1.000000000000000000, 0.000000000000000000, 0.000000000000000000 ) ) ;
#2388 = FACE_OUTER_BOUND ( 'NONE', #5379, .T. ) ;
#2389 = CARTESIAN_POINT ( 'NONE',  ( 6.349999999999999645, 2.810000000000000053, 5.989999999999999325 ) ) ;
#2390 = EDGE_CURVE ( 'NONE', #4763, #3621, #1376, .T. ) ;
#2391 = ORIENTED_EDGE ( 'NONE', *, *, #5446, .T. ) ;
#2392 = DIRECTION ( 'NONE',  ( 1.000000000000000000, 0.000000000000000000, 0.000000000000000000 ) ) ;
#2393 = EDGE_LOOP ( 'NONE', ( #2680, #1078, #7842, #4526 ) ) ;
#2394 = FACE_OUTER_BOUND ( 'NONE', #1053, .T. ) ;
#2395 = CIRCLE ( 'NONE', #6, 0.5000000000000073275 ) ;
#2396 = DIRECTION ( 'NONE',  ( 0.000000000000000000, -1.000000000000000000, 0.000000000000000000 ) ) ;
#2397 = CYLINDRICAL_SURFACE ( 'NONE', #5091, 1.199999999999999956 ) ;
#2398 = DIRECTION ( 'NONE',  ( 0.000000000000000000, -1.000000000000000000, 0.000000000000000000 ) ) ;
#2399 = DIRECTION ( 'NONE',  ( -0.9666183047637282311, 0.000000000000000000, -0.2562207112934010711 ) ) ;
#2400 = EDGE_CURVE ( 'NONE', #450, #601, #4273, .T. ) ;
#2401 = DIRECTION ( 'NONE',  ( 1.000000000000000000, 0.000000000000000000, 0.000000000000000000 ) ) ;
#2402 = ORIENTED_EDGE ( 'NONE', *, *, #2022, .T. ) ;
#2403 = EDGE_LOOP ( 'NONE', ( #4163, #1170, #5618, #1389 ) ) ;
#2404 = ORIENTED_EDGE ( 'NONE', *, *, #6998, .T. ) ;
#2405 = AXIS2_PLACEMENT_3D ( 'NONE', #6819, #7504, #2512 ) ;
#2406 = ADVANCED_FACE ( 'NONE', ( #3072 ), #5511, .F. ) ;
#2407 = EDGE_CURVE ( 'NONE', #2131, #5425, #214, .T. ) ;
#2408 = FACE_OUTER_BOUND ( 'NONE', #183, .T. ) ;
#2409 = DIRECTION ( 'NONE',  ( 0.000000000000000000, -1.000000000000000000, 0.000000000000000000 ) ) ;
#2410 = CARTESIAN_POINT ( 'NONE',  ( -5.734279423047119906, -1.792481114577134882, -0.02698530480301879891 ) ) ;
#2411 = VECTOR ( 'NONE', #4334, 1000.000000000000000 ) ;
#2412 = CARTESIAN_POINT ( 'NONE',  ( 6.021619226117519652, -2.000000002811449740, -0.001218909864588400014 ) ) ;
#2413 = CIRCLE ( 'NONE', #4958, 1.199999999999999956 ) ;
#2414 = EDGE_CURVE ( 'NONE', #1883, #3259, #6860, .T. ) ;
#2415 = ORIENTED_EDGE ( 'NONE', *, *, #1193, .T. ) ;
#2416 = DIRECTION ( 'NONE',  ( 0.000000000000000000, 0.000000000000000000, -1.000000000000000000 ) ) ;
#2417 = EDGE_CURVE ( 'NONE', #2464, #3993, #6367, .T. ) ;
#2418 = VECTOR ( 'NONE', #6274, 1000.000000000000227 ) ;
#2419 = AXIS2_PLACEMENT_3D ( 'NONE', #6029, #57, #2478 ) ;
#2420 = VECTOR ( 'NONE', #1798, 1000.000000000000000 ) ;
#2421 = CARTESIAN_POINT ( 'NONE',  ( -1.941654345983949925, -1.410390634278341881, -0.1864184480013219847 ) ) ;
#2422 = LINE ( 'NONE', #3576, #7122 ) ;
#2423 = ORIENTED_EDGE ( 'NONE', *, *, #3244, .T. ) ;
#2424 = VECTOR ( 'NONE', #1770, 1000.000000000000000 ) ;
#2425 = VECTOR ( 'NONE', #2003, 1000.000000000000114 ) ;
#2426 = ORIENTED_EDGE ( 'NONE', *, *, #1872, .T. ) ;
#2427 = DIRECTION ( 'NONE',  ( 0.000000000000000000, 0.000000000000000000, -1.000000000000000000 ) ) ;
#2428 = CIRCLE ( 'NONE', #4475, 0.1999999999999875211 ) ;
#2429 = APPLICATION_PROTOCOL_DEFINITION ( 'draft international standard', 'automotive_design', 1998, #5442 ) ;
#2430 = ORIENTED_EDGE ( 'NONE', *, *, #4365, .T. ) ;
#2431 = CARTESIAN_POINT ( 'NONE',  ( 0.5391243044201009527, -0.7958352309763929711, -0.5290017501869669347 ) ) ;
#2432 = CARTESIAN_POINT ( 'NONE',  ( 4.320000000000000284, 1.116500000030712147, -0.3939460810668414803 ) ) ;
#2433 = DIRECTION ( 'NONE',  ( 0.000000000000000000, 1.000000000000000000, 0.000000000000000000 ) ) ;
#2434 = CARTESIAN_POINT ( 'NONE',  ( 0.6123385083052179656, -2.939999999999999947, 3.893157894736865021 ) ) ;
#2435 = AXIS2_PLACEMENT_3D ( 'NONE', #892, #5745, #295 ) ;
#2436 = ORIENTED_EDGE ( 'NONE', *, *, #7413, .T. ) ;
#2437 = CARTESIAN_POINT ( 'NONE',  ( -6.349999999999999645, -2.939999999999999947, 5.989999999999999325 ) ) ;
#2438 = VERTEX_POINT ( 'NONE', #4520 ) ;
#2439 = CARTESIAN_POINT ( 'NONE',  ( -4.436576301276970113, 0.9039623477949040309, -0.6024595064290979574 ) ) ;
#2440 = DIRECTION ( 'NONE',  ( 1.000000000000000000, 0.000000000000000000, 0.000000000000000000 ) ) ;
#2441 = ADVANCED_FACE ( 'NONE', ( #299 ), #2716, .F. ) ;
#2442 = CARTESIAN_POINT ( 'NONE',  ( -3.550000000000000266, -2.000000000000000000, 6.709999999999999964 ) ) ;
#2443 = VECTOR ( 'NONE', #7446, 1000.000000000000000 ) ;
#2444 = DIRECTION ( 'NONE',  ( -0.000000000000000000, 1.000000000000000000, 0.000000000000000000 ) ) ;
#2445 = DIRECTION ( 'NONE',  ( 0.000000000000000000, 0.000000000000000000, 1.000000000000000000 ) ) ;
#2446 = DIRECTION ( 'NONE',  ( -1.000000000000000000, 0.000000000000000000, 0.000000000000000000 ) ) ;
#2447 = VERTEX_POINT ( 'NONE', #820 ) ;
#2448 = ORIENTED_EDGE ( 'NONE', *, *, #1299, .T. ) ;
#2449 = EDGE_LOOP ( 'NONE', ( #6776, #173, #5779, #7206 ) ) ;
#2450 = VECTOR ( 'NONE', #964, 1000.000000000000000 ) ;
#2451 = DIRECTION ( 'NONE',  ( 0.000000000000000000, 1.000000000000000000, 0.000000000000000000 ) ) ;
#2452 = CARTESIAN_POINT ( 'NONE',  ( 5.580000000000000071, -0.6350000000000000089, -4.370000000000000107 ) ) ;
#2453 = CARTESIAN_POINT ( 'NONE',  ( 4.850000000000000533, -3.140000000000000124, 2.449999999999999734 ) ) ;
#2454 = CARTESIAN_POINT ( 'NONE',  ( 6.080000765345319635, 1.977389356558564737, 1.723320911999999803E-08 ) ) ;
#2455 = EDGE_CURVE ( 'NONE', #1340, #4172, #5189, .T. ) ;
#2456 = EDGE_LOOP ( 'NONE', ( #3035, #4126, #1012, #6342 ) ) ;
#2457 = CARTESIAN_POINT ( 'NONE',  ( -4.850000000000000533, -3.149999999999999911, 3.500000000000000000 ) ) ;
#2458 = EDGE_CURVE ( 'NONE', #7092, #3617, #5883, .T. ) ;
#2459 = CARTESIAN_POINT ( 'NONE',  ( -1.594000132858155006, -1.398998629545940009, -0.2050493054476860144 ) ) ;
#2460 = PRODUCT ( '500SSP1S1M7QEA', '500SSP1S1M7QEA', '', ( #3503 ) ) ;
#2461 = CARTESIAN_POINT ( 'NONE',  ( -5.750000000000000000, 2.339999999999999858, 0.5999999999999878764 ) ) ;
#2462 = VERTEX_POINT ( 'NONE', #3231 ) ;
#2463 = EDGE_CURVE ( 'NONE', #3239, #4349, #5631, .T. ) ;
#2464 = VERTEX_POINT ( 'NONE', #780 ) ;
#2465 = CARTESIAN_POINT ( 'NONE',  ( 2.531463260941372084, 1.286609625087277831, -0.1969436260314932630 ) ) ;
#2466 = EDGE_LOOP ( 'NONE', ( #6368, #454, #1623, #3196 ) ) ;
#2467 = CARTESIAN_POINT ( 'NONE',  ( 0.5327734153526890726, -0.8156632128132630388, -0.5314406648091030139 ) ) ;
#2468 = DIRECTION ( 'NONE',  ( 0.000000000000000000, 1.000000000000000000, 0.000000000000000000 ) ) ;
#2469 = CARTESIAN_POINT ( 'NONE',  ( 0.3800000000000000044, -1.015000000000000124, -0.6499999999999909184 ) ) ;
#2470 = CARTESIAN_POINT ( 'NONE',  ( 4.281999999774595445, 1.015000000000000124, -0.6594108532736240313 ) ) ;
#2471 = ORIENTED_EDGE ( 'NONE', *, *, #5263, .T. ) ;
#2472 = CARTESIAN_POINT ( 'NONE',  ( -4.850000000000000533, -2.939999999999999947, 3.449999999999999734 ) ) ;
#2473 = ORIENTED_EDGE ( 'NONE', *, *, #6253, .F. ) ;
#2474 = CARTESIAN_POINT ( 'NONE',  ( -0.5301273772733000600, 2.122999999999999776, 11.37326094005771893 ) ) ;
#2475 = LINE ( 'NONE', #5990, #4330 ) ;
#2476 = LINE ( 'NONE', #3870, #4439 ) ;
#2477 = CARTESIAN_POINT ( 'NONE',  ( -5.080000000000000071, -0.6350000000000000089, -0.6499999999999909184 ) ) ;
#2478 = DIRECTION ( 'NONE',  ( 0.7071067811865531239, 1.913833674871385366E-12, 0.7071067811865417996 ) ) ;
#2479 = DIRECTION ( 'NONE',  ( 0.000000000000000000, 0.000000000000000000, 1.000000000000000000 ) ) ;
#2480 = DIRECTION ( 'NONE',  ( 0.000000000000000000, 0.000000000000000000, -1.000000000000000000 ) ) ;
#2481 = VERTEX_POINT ( 'NONE', #3871 ) ;
#2482 = ORIENTED_EDGE ( 'NONE', *, *, #6489, .F. ) ;
#2483 = ORIENTED_EDGE ( 'NONE', *, *, #470, .F. ) ;
#2484 = EDGE_CURVE ( 'NONE', #7498, #7340, #4079, .T. ) ;
#2485 = CARTESIAN_POINT ( 'NONE',  ( 0.7249999999999999778, 2.939999999999999947, 3.504999999999999893 ) ) ;
#2486 = CARTESIAN_POINT ( 'NONE',  ( -1.467349297390000196, 1.930000000000000160, 10.78778237296842057 ) ) ;
#2487 = FACE_OUTER_BOUND ( 'NONE', #878, .T. ) ;
#2488 = LINE ( 'NONE', #4922, #6996 ) ;
#2489 = VERTEX_POINT ( 'NONE', #2132 ) ;
#2490 = CARTESIAN_POINT ( 'NONE',  ( 5.079955594736397906, 0.6963241595061696598, -0.5879589040484025642 ) ) ;
#2491 = EDGE_CURVE ( 'NONE', #3502, #2438, #4099, .T. ) ;
#2492 = EDGE_CURVE ( 'NONE', #4290, #3259, #3356, .T. ) ;
#2493 = CARTESIAN_POINT ( 'NONE',  ( -0.8350394921349220123, -1.265585993465039971, -0.3054084531317324824 ) ) ;
#2494 = LINE ( 'NONE', #4374, #3549 ) ;
#2495 = ORIENTED_EDGE ( 'NONE', *, *, #1835, .T. ) ;
#2496 = ORIENTED_EDGE ( 'NONE', *, *, #2987, .T. ) ;
#2497 = CARTESIAN_POINT ( 'NONE',  ( -6.080000000000000071, 2.014999999999999680, 6.579920799999999695E-15 ) ) ;
#2498 = ADVANCED_FACE ( 'NONE', ( #5118 ), #7036, .T. ) ;
#2499 = ADVANCED_FACE ( 'NONE', ( #4431 ), #6336, .F. ) ;
#2500 = EDGE_CURVE ( 'NONE', #3259, #7338, #2011, .T. ) ;
#2501 = CARTESIAN_POINT ( 'NONE',  ( -5.142229021087000085, 0.6781914903950789775, -0.5019266714953989350 ) ) ;
#2502 = ORIENTED_EDGE ( 'NONE', *, *, #6901, .F. ) ;
#2503 = CARTESIAN_POINT ( 'NONE',  ( 2.341798543502640051, -1.318275446043503996, -0.1876105112709119949 ) ) ;
#2504 = LINE ( 'NONE', #2039, #3663 ) ;
#2505 = LINE ( 'NONE', #3384, #7644 ) ;
#2506 = CARTESIAN_POINT ( 'NONE',  ( 0.3800000000000000044, -0.6350000000000000089, -0.6499999999999909184 ) ) ;
#2507 = ORIENTED_EDGE ( 'NONE', *, *, #4897, .T. ) ;
#2508 = DIRECTION ( 'NONE',  ( 1.000000000000000000, 0.000000000000000000, 0.000000000000000000 ) ) ;
#2509 = VERTEX_POINT ( 'NONE', #1461 ) ;
#2510 = LINE ( 'NONE', #1416, #6515 ) ;
#2511 = PLANE ( 'NONE',  #2803 ) ;
#2512 = DIRECTION ( 'NONE',  ( 0.000000000000000000, -1.000000000000000000, 0.000000000000000000 ) ) ;
#2513 = CARTESIAN_POINT ( 'NONE',  ( -0.3800000000000000044, -0.6350000000000000089, -6.919999999999999929 ) ) ;
#2514 = DIRECTION ( 'NONE',  ( 0.000000000000000000, 1.000000000000000000, 0.000000000000000000 ) ) ;
#2515 = CARTESIAN_POINT ( 'NONE',  ( -3.550000000000000266, 2.000000000000000000, 6.349999999999999645 ) ) ;
#2516 = ORIENTED_EDGE ( 'NONE', *, *, #4649, .F. ) ;
#2517 = CARTESIAN_POINT ( 'NONE',  ( -4.518211734009259573, 1.015000010733054125, -0.5596073876423459659 ) ) ;
#2518 = ORIENTED_EDGE ( 'NONE', *, *, #6901, .T. ) ;
#2519 = VERTEX_POINT ( 'NONE', #6299 ) ;
#2520 = ORIENTED_EDGE ( 'NONE', *, *, #3550, .T. ) ;
#2521 = DIRECTION ( 'NONE',  ( 1.000000000000000000, 0.000000000000000000, 0.000000000000000000 ) ) ;
#2522 = LINE ( 'NONE', #560, #7265 ) ;
#2523 = DIRECTION ( 'NONE',  ( 0.000000000000000000, -1.000000000000000000, 0.000000000000000000 ) ) ;
#2524 = CARTESIAN_POINT ( 'NONE',  ( 5.387939131489999589, -1.200644545544410136, -0.2334656077206319902 ) ) ;
#2525 = VECTOR ( 'NONE', #4343, 1000.000000000000000 ) ;
#2526 = CARTESIAN_POINT ( 'NONE',  ( 4.606762196443919599, 0.7787704055751489829, -0.7115304538369829901 ) ) ;
#2527 = VECTOR ( 'NONE', #5521, 1000.000000000000000 ) ;
#2528 = EDGE_LOOP ( 'NONE', ( #6809, #6531, #1289, #2941, #7314, #6158, #3602, #6335, #1317, #690 ) ) ;
#2529 = CARTESIAN_POINT ( 'NONE',  ( 4.850000000000000533, -3.149999999999999911, 3.500000000000000000 ) ) ;
#2530 = AXIS2_PLACEMENT_3D ( 'NONE', #5937, #1241, #5343 ) ;
#2531 = AXIS2_PLACEMENT_3D ( 'NONE', #7209, #5296, #4699 ) ;
#2532 = CARTESIAN_POINT ( 'NONE',  ( -1.237267309693250050, -1.383313894030764102, -0.2188825735909750159 ) ) ;
#2533 = CARTESIAN_POINT ( 'NONE',  ( 4.320000000000000284, -0.6350000000000000089, -0.6499999999999909184 ) ) ;
#2534 = VECTOR ( 'NONE', #3589, 1000.000000000000114 ) ;
#2535 = VERTEX_POINT ( 'NONE', #856 ) ;
#2536 = CARTESIAN_POINT ( 'NONE',  ( -4.726288202080001000, -1.060054197518403907, -0.5335728865203169802 ) ) ;
#2537 = VECTOR ( 'NONE', #6384, 1000.000000000000000 ) ;
#2538 = ORIENTED_EDGE ( 'NONE', *, *, #5487, .T. ) ;
#2539 = ORIENTED_EDGE ( 'NONE', *, *, #1967, .F. ) ;
#2540 = LINE ( 'NONE', #3733, #4970 ) ;
#2541 = VECTOR ( 'NONE', #578, 1000.000000000000000 ) ;
#2542 = VECTOR ( 'NONE', #1707, 1000.000000000000000 ) ;
#2543 = CARTESIAN_POINT ( 'NONE',  ( -5.080000000000000071, -0.6350000000000000089, -0.6499999999999909184 ) ) ;
#2544 = ORIENTED_EDGE ( 'NONE', *, *, #7757, .F. ) ;
#2545 = CARTESIAN_POINT ( 'NONE',  ( 1.221265446688936107, -1.360384596277842029, -0.2344596240215975069 ) ) ;
#2546 = VECTOR ( 'NONE', #4026, 1000.000000000000000 ) ;
#2547 = FACE_OUTER_BOUND ( 'NONE', #6657, .T. ) ;
#2548 = FACE_OUTER_BOUND ( 'NONE', #2393, .T. ) ;
#2549 = ADVANCED_FACE ( 'NONE', ( #3267 ), #5702, .T. ) ;
#2550 = DIRECTION ( 'NONE',  ( 0.000000000000000000, -1.000000000000000000, 0.000000000000000000 ) ) ;
#2551 = EDGE_LOOP ( 'NONE', ( #1803, #4474, #6761, #7601, #2068, #6184, #756 ) ) ;
#2552 = FACE_OUTER_BOUND ( 'NONE', #2060, .T. ) ;
#2553 = ORIENTED_EDGE ( 'NONE', *, *, #4982, .F. ) ;
#2554 = DIRECTION ( 'NONE',  ( 0.000000000000000000, 0.000000000000000000, 1.000000000000000000 ) ) ;
#2555 = CARTESIAN_POINT ( 'NONE',  ( 6.069272312278010340, 2.009163922797494894, -2.689355251200000169E-06 ) ) ;
#2556 = CARTESIAN_POINT ( 'NONE',  ( 1.222729189295125973, 1.930000000000000160, 10.88969411280078070 ) ) ;
#2557 = CARTESIAN_POINT ( 'NONE',  ( 5.750000000000000000, 2.810000000000000053, 5.989999999999999325 ) ) ;
#2558 = ADVANCED_FACE ( 'NONE', ( #1017 ), #3505, .T. ) ;
#2559 = CARTESIAN_POINT ( 'NONE',  ( -1.283727606746104088, 2.122999999999999776, 11.11981675422224214 ) ) ;
#2560 = EDGE_CURVE ( 'NONE', #7328, #6713, #4145, .T. ) ;
#2561 = CIRCLE ( 'NONE', #2817, 0.5000000000000077716 ) ;
#2562 = ORIENTED_EDGE ( 'NONE', *, *, #5372, .T. ) ;
#2563 = DIRECTION ( 'NONE',  ( -1.000000000000000000, 0.000000000000000000, 0.000000000000000000 ) ) ;
#2564 = ORIENTED_EDGE ( 'NONE', *, *, #7295, .F. ) ;
#2565 = ORIENTED_EDGE ( 'NONE', *, *, #816, .T. ) ;
#2566 = DIRECTION ( 'NONE',  ( 0.000000000000000000, 0.000000000000000000, 1.000000000000000000 ) ) ;
#2567 = VECTOR ( 'NONE', #3890, 1000.000000000000000 ) ;
#2568 = CARTESIAN_POINT ( 'NONE',  ( -6.349999999999999645, -2.939999999999999947, 0.000000000000000000 ) ) ;
#2569 = LINE ( 'NONE', #4404, #5342 ) ;
#2570 = CARTESIAN_POINT ( 'NONE',  ( 5.648660419784739872, -1.607648760794624820, -0.06673746251286999387 ) ) ;
#2571 = CARTESIAN_POINT ( 'NONE',  ( 3.794623629576525214, 0.9424127255491639987, -0.3993660853595770166 ) ) ;
#2572 = VECTOR ( 'NONE', #2969, 1000.000000000000000 ) ;
#2573 = VERTEX_POINT ( 'NONE', #5346 ) ;
#2574 = DIRECTION ( 'NONE',  ( 0.000000000000000000, 1.000000000000000000, 0.000000000000000000 ) ) ;
#2575 = DIRECTION ( 'NONE',  ( 0.000000000000000000, 0.000000000000000000, 1.000000000000000000 ) ) ;
#2576 = FACE_OUTER_BOUND ( 'NONE', #3637, .T. ) ;
#2577 = CARTESIAN_POINT ( 'NONE',  ( -6.688000000000000611, 2.112790047739570021, -1.296316746232593964 ) ) ;
#2578 = ORIENTED_EDGE ( 'NONE', *, *, #7048, .T. ) ;
#2579 = DIRECTION ( 'NONE',  ( 1.000000000000000000, 0.000000000000000000, 0.000000000000000000 ) ) ;
#2580 = ORIENTED_EDGE ( 'NONE', *, *, #3212, .F. ) ;
#2581 = CARTESIAN_POINT ( 'NONE',  ( -6.080000000000000071, 2.000000000000000000, -0.0006094550547221999279 ) ) ;
#2582 = EDGE_CURVE ( 'NONE', #7092, #7210, #2833, .T. ) ;
#2583 = DIRECTION ( 'NONE',  ( 1.000000000000000000, 0.000000000000000000, 0.000000000000000000 ) ) ;
#2584 = ORIENTED_EDGE ( 'NONE', *, *, #5970, .F. ) ;
#2585 = LINE ( 'NONE', #3257, #242 ) ;
#2586 = CARTESIAN_POINT ( 'NONE',  ( -0.3801059963274320275, 0.7326460284779110488, -0.6000176156804030159 ) ) ;
#2587 = LINE ( 'NONE', #4989, #3318 ) ;
#2588 = ORIENTED_EDGE ( 'NONE', *, *, #3382, .F. ) ;
#2589 = DIRECTION ( 'NONE',  ( 1.000000000000000000, 0.000000000000000000, 0.000000000000000000 ) ) ;
#2590 = ORIENTED_EDGE ( 'NONE', *, *, #4749, .T. ) ;
#2591 = DIRECTION ( 'NONE',  ( -1.353362074104524064E-12, 1.000000000000000000, -1.353362074104524064E-12 ) ) ;
#2592 = ADVANCED_FACE ( 'NONE', ( #2354, #2867 ), #6571, .T. ) ;
#2593 = CARTESIAN_POINT ( 'NONE',  ( -0.9805111876882819377, 2.122999999999999776, 10.95660519347343964 ) ) ;
#2594 = CARTESIAN_POINT ( 'NONE',  ( -2.600000000000000089, 2.939999999999999947, 2.449999999999999734 ) ) ;
#2595 = DIRECTION ( 'NONE',  ( 0.000000000000000000, 0.000000000000000000, -1.000000000000000000 ) ) ;
#2596 = CARTESIAN_POINT ( 'NONE',  ( 5.750000000000000000, -2.339999999999999858, 0.5999999999999878764 ) ) ;
#2597 = CARTESIAN_POINT ( 'NONE',  ( -4.899999999999999467, -3.299999999999999822, 2.449999999999999734 ) ) ;
#2598 = EDGE_LOOP ( 'NONE', ( #5274, #3670, #5020, #4483, #5944 ) ) ;
#2599 = DIRECTION ( 'NONE',  ( 0.000000000000000000, -0.2747211278973780701, 0.9615239476408231623 ) ) ;
#2600 = ORIENTED_EDGE ( 'NONE', *, *, #3218, .F. ) ;
#2601 = VERTEX_POINT ( 'NONE', #4069 ) ;
#2602 = DIRECTION ( 'NONE',  ( 0.000000000000000000, 1.000000000000000000, 0.000000000000000000 ) ) ;
#2603 = ADVANCED_FACE ( 'NONE', ( #1131 ), #3998, .T. ) ;
#2604 = DIRECTION ( 'NONE',  ( -1.000000000000000000, 0.000000000000000000, 0.000000000000000000 ) ) ;
#2605 = CARTESIAN_POINT ( 'NONE',  ( 9.039999999999999147, 0.6350000000000000089, -3.609999999999999876 ) ) ;
#2606 = CARTESIAN_POINT ( 'NONE',  ( 4.955158687357930525, -1.123653522610609912, -0.4279586166202475339 ) ) ;
#2607 = CARTESIAN_POINT ( 'NONE',  ( 4.410600753724235545, 1.143819057397517769, -0.4261743747870614940 ) ) ;
#2608 = EDGE_LOOP ( 'NONE', ( #5550, #3790, #2160, #2909 ) ) ;
#2609 = DIRECTION ( 'NONE',  ( 1.000000000000000000, 0.000000000000000000, 0.000000000000000000 ) ) ;
#2610 = CARTESIAN_POINT ( 'NONE',  ( 5.234459372024334201, -0.8066398813645937471, -0.3891763731842253771 ) ) ;
#2611 = CARTESIAN_POINT ( 'NONE',  ( 1.222729189295125973, -1.930000000000000160, 10.88969411280078070 ) ) ;
#2612 = LINE ( 'NONE', #2032, #3332 ) ;
#2613 = EDGE_CURVE ( 'NONE', #4118, #4305, #205, .T. ) ;
#2614 = ORIENTED_EDGE ( 'NONE', *, *, #5291, .F. ) ;
#2615 = DIRECTION ( 'NONE',  ( 0.000000000000000000, 0.000000000000000000, -1.000000000000000000 ) ) ;
#2616 = CARTESIAN_POINT ( 'NONE',  ( -6.056217180271950440, 2.022183976116544546, 0.0005229486585455999639 ) ) ;
#2617 = MANIFOLD_SOLID_BREP ( 'Imported1', #6733 ) ;
#2618 = ORIENTED_EDGE ( 'NONE', *, *, #2070, .T. ) ;
#2619 = CARTESIAN_POINT ( 'NONE',  ( -1.338424826993837025, -1.102746142604376534, -0.2945818496665721931 ) ) ;
#2620 = FACE_BOUND ( 'NONE', #2528, .T. ) ;
#2621 = DIRECTION ( 'NONE',  ( -1.000000000000000000, 0.000000000000000000, 0.000000000000000000 ) ) ;
#2622 = ORIENTED_EDGE ( 'NONE', *, *, #853, .F. ) ;
#2623 = CARTESIAN_POINT ( 'NONE',  ( 5.234362555732257505, 0.8065057234652491802, -0.3892858698570423326 ) ) ;
#2624 = ORIENTED_EDGE ( 'NONE', *, *, #6832, .F. ) ;
#2625 = LINE ( 'NONE', #4350, #1816 ) ;
#2626 = CARTESIAN_POINT ( 'NONE',  ( 6.079063124984110722, 1.999366544550884583, 9.300714639579999549E-05 ) ) ;
#2627 = CARTESIAN_POINT ( 'NONE',  ( -25.39999999999999858, 3.110602869834276865E-15, 28.24000000000000199 ) ) ;
#2628 = CARTESIAN_POINT ( 'NONE',  ( -1.495280938820000054E-05, -1.052296873981748204, -0.5431010140258729635 ) ) ;
#2629 = DIRECTION ( 'NONE',  ( 0.000000000000000000, 0.000000000000000000, 1.000000000000000000 ) ) ;
#2630 = DIRECTION ( 'NONE',  ( -1.000000000000000000, 0.000000000000000000, 0.000000000000000000 ) ) ;
#2631 = ADVANCED_FACE ( 'NONE', ( #6456 ), #4438, .T. ) ;
#2632 = ORIENTED_EDGE ( 'NONE', *, *, #3550, .F. ) ;
#2633 = LINE ( 'NONE', #6221, #6371 ) ;
#2634 = ORIENTED_EDGE ( 'NONE', *, *, #7850, .F. ) ;
#2635 = ORIENTED_EDGE ( 'NONE', *, *, #6967, .F. ) ;
#2636 = CARTESIAN_POINT ( 'NONE',  ( -0.1773941027228959910, 0.9575910908577019987, -0.6018971300601270169 ) ) ;
#2637 = FACE_OUTER_BOUND ( 'NONE', #111, .T. ) ;
#2638 = DIRECTION ( 'NONE',  ( 1.000000000000000000, 0.000000000000000000, 0.000000000000000000 ) ) ;
#2639 = EDGE_CURVE ( 'NONE', #2903, #4128, #874, .T. ) ;
#2640 = DIRECTION ( 'NONE',  ( 0.000000000000000000, 1.000000000000000000, 0.000000000000000000 ) ) ;
#2641 = CARTESIAN_POINT ( 'NONE',  ( 3.831060494051575116, 1.043659235290384180, -0.3991244600743499849 ) ) ;
#2642 = EDGE_CURVE ( 'NONE', #601, #6982, #4577, .T. ) ;
#2643 = EDGE_CURVE ( 'NONE', #369, #7178, #7721, .T. ) ;
#2644 = ORIENTED_EDGE ( 'NONE', *, *, #323, .T. ) ;
#2645 = CARTESIAN_POINT ( 'NONE',  ( -6.349999999999999645, -2.939999999999999947, 5.989999999999999325 ) ) ;
#2646 = CARTESIAN_POINT ( 'NONE',  ( 6.080000000000000071, -2.000000000000000000, -0.0006094550547221999279 ) ) ;
#2647 = CARTESIAN_POINT ( 'NONE',  ( 2.550000000000000266, 2.939999999999999947, 3.899999999999999911 ) ) ;
#2648 = DIRECTION ( 'NONE',  ( 0.000000000000000000, -1.000000000000000000, 0.000000000000000000 ) ) ;
#2649 = VECTOR ( 'NONE', #5063, 1000.000000000000000 ) ;
#2650 = LINE ( 'NONE', #4976, #4095 ) ;
#2651 = EDGE_CURVE ( 'NONE', #1464, #4924, #4691, .T. ) ;
#2652 = EDGE_CURVE ( 'NONE', #6774, #4735, #1675, .T. ) ;
#2653 = ORIENTED_EDGE ( 'NONE', *, *, #4841, .F. ) ;
#2654 = EDGE_LOOP ( 'NONE', ( #105, #6083, #2966, #2338 ) ) ;
#2655 = CARTESIAN_POINT ( 'NONE',  ( 6.021619226117519652, -2.000000002811449740, -0.001218909864588400014 ) ) ;
#2656 = B_SPLINE_CURVE_WITH_KNOTS ( 'NONE', 3,
 ( #6376, #3861, #4547, #409 ),
 .UNSPECIFIED., .F., .F.,
 ( 4, 4 ),
 ( 0.000000000000000000, 1.000000000000000000 ),
 .UNSPECIFIED. ) ;
#2657 = VECTOR ( 'NONE', #4136, 1000.000000000000000 ) ;
#2658 = VECTOR ( 'NONE', #7091, 1000.000000000000000 ) ;
#2659 = DIRECTION ( 'NONE',  ( -1.000000000000000000, 0.000000000000000000, 0.000000000000000000 ) ) ;
#2660 = ORIENTED_EDGE ( 'NONE', *, *, #3477, .T. ) ;
#2661 = CARTESIAN_POINT ( 'NONE',  ( -0.6215118945683649754, -0.8288946720646392929, -0.5001569543800450379 ) ) ;
#2662 = VECTOR ( 'NONE', #1592, 1000.000000000000000 ) ;
#2663 = CARTESIAN_POINT ( 'NONE',  ( -2.799999999999999822, -2.000000000000000000, 4.989999999999999325 ) ) ;
#2664 = VECTOR ( 'NONE', #1133, 1000.000000000000000 ) ;
#2665 = AXIS2_PLACEMENT_3D ( 'NONE', #6699, #2919, #6030 ) ;
#2666 = EDGE_LOOP ( 'NONE', ( #613, #2774, #7801, #1182 ) ) ;
#2667 = CARTESIAN_POINT ( 'NONE',  ( 6.049999999999999822, 1.802750000000000075, 6.049999999999999822 ) ) ;
#2668 = VERTEX_POINT ( 'NONE', #3491 ) ;
#2669 = CARTESIAN_POINT ( 'NONE',  ( 4.850000000000000533, 2.939999999999999947, 3.449999999999999734 ) ) ;
#2670 = ORIENTED_EDGE ( 'NONE', *, *, #5421, .F. ) ;
#2671 = VECTOR ( 'NONE', #7342, 1000.000000000000000 ) ;
#2672 = AXIS2_PLACEMENT_3D ( 'NONE', #6949, #5156, #7592 ) ;
#2673 = CARTESIAN_POINT ( 'NONE',  ( 6.075434093228490262, 1.999999998422965053, -4.410570299999999786E-11 ) ) ;
#2674 = CIRCLE ( 'NONE', #3945, 0.5000000000000077716 ) ;
#2675 = CARTESIAN_POINT ( 'NONE',  ( 5.965335630534289280, 1.836364039666329884, -0.008127709517497399422 ) ) ;
#2676 = VERTEX_POINT ( 'NONE', #1082 ) ;
#2677 = CARTESIAN_POINT ( 'NONE',  ( 2.550000000000000266, 3.299999999999999822, 3.899999999999999911 ) ) ;
#2678 = CARTESIAN_POINT ( 'NONE',  ( 0.2199999999999835143, 0.2199999999999835143, 3.040000000000000036 ) ) ;
#2679 = FACE_BOUND ( 'NONE', #3718, .T. ) ;
#2680 = ORIENTED_EDGE ( 'NONE', *, *, #516, .F. ) ;
#2681 = CARTESIAN_POINT ( 'NONE',  ( -4.547091972935150217, 1.015000004520136168, -0.5642837772521089867 ) ) ;
#2682 = VECTOR ( 'NONE', #5622, 1000.000000000000000 ) ;
#2683 = ORIENTED_EDGE ( 'NONE', *, *, #5380, .F. ) ;
#2684 = ORIENTED_EDGE ( 'NONE', *, *, #1103, .T. ) ;
#2685 = CARTESIAN_POINT ( 'NONE',  ( -0.08123107103484060454, 1.089436422814516137, -0.4926159640481440061 ) ) ;
#2686 = LINE ( 'NONE', #5713, #6485 ) ;
#2687 = CARTESIAN_POINT ( 'NONE',  ( -4.526453538270629906, 1.113073345163890560, -0.4610071863202749309 ) ) ;
#2688 = VECTOR ( 'NONE', #4215, 1000.000000000000000 ) ;
#2689 = LINE ( 'NONE', #4368, #4063 ) ;
#2690 = CARTESIAN_POINT ( 'NONE',  ( 3.851247378068809901, 1.092889867073145949, -0.3902948890048765218 ) ) ;
#2691 = EDGE_LOOP ( 'NONE', ( #6814, #6823, #1842, #6977 ) ) ;
#2692 = CARTESIAN_POINT ( 'NONE',  ( 5.080000286548704835, 0.8320499719682833417, -0.5464103580572204910 ) ) ;
#2693 = VECTOR ( 'NONE', #512, 1000.000000000000000 ) ;
#2694 = LINE ( 'NONE', #1516, #797 ) ;
#2695 = LINE ( 'NONE', #5136, #7293 ) ;
#2696 = CARTESIAN_POINT ( 'NONE',  ( -4.850000000000000533, 2.939999999999999947, 2.449999999999999734 ) ) ;
#2697 = EDGE_CURVE ( 'NONE', #1215, #5690, #478, .T. ) ;
#2698 = CARTESIAN_POINT ( 'NONE',  ( 4.340606066054579770, -0.9351240412764220133, -0.5643345477223479234 ) ) ;
#2699 = DIRECTION ( 'NONE',  ( -1.000000000000000000, 0.000000000000000000, 0.000000000000000000 ) ) ;
#2700 = VECTOR ( 'NONE', #5055, 1000.000000000000000 ) ;
#2701 = ADVANCED_FACE ( 'NONE', ( #5847 ), #969, .F. ) ;
#2702 = ORIENTED_EDGE ( 'NONE', *, *, #1729, .T. ) ;
#2703 = ORIENTED_EDGE ( 'NONE', *, *, #6111, .T. ) ;
#2704 = CARTESIAN_POINT ( 'NONE',  ( 5.580000000000000071, 0.6985000000000000098, -3.109999999999999876 ) ) ;
#2705 = DIRECTION ( 'NONE',  ( 0.000000000000000000, 1.000000000000000000, 0.000000000000000000 ) ) ;
#2706 = ADVANCED_FACE ( 'NONE', ( #2262 ), #5807, .T. ) ;
#2707 = EDGE_LOOP ( 'NONE', ( #217, #7268, #4164, #7883 ) ) ;
#2708 = CARTESIAN_POINT ( 'NONE',  ( 5.080000000000000071, 1.015000000000000124, -0.4617829352423660216 ) ) ;
#2709 = CARTESIAN_POINT ( 'NONE',  ( -2.432500000000000107, 3.318000000000000060, 3.899999999999999911 ) ) ;
#2710 = ORIENTED_EDGE ( 'NONE', *, *, #2417, .T. ) ;
#2711 = LINE ( 'NONE', #365, #3569 ) ;
#2712 = ORIENTED_EDGE ( 'NONE', *, *, #6123, .F. ) ;
#2713 = CARTESIAN_POINT ( 'NONE',  ( 0.2669868181195300116, -1.930000000000000160, 11.40036177549232121 ) ) ;
#2714 = CARTESIAN_POINT ( 'NONE',  ( -4.372864180390370059, -0.7109520613921700427, -0.6181538941614179716 ) ) ;
#2715 = VERTEX_POINT ( 'NONE', #1636 ) ;
#2716 = PLANE ( 'NONE',  #2672 ) ;
#2717 = DIRECTION ( 'NONE',  ( 0.000000000000000000, -1.000000000000000000, 0.000000000000000000 ) ) ;
#2718 = CARTESIAN_POINT ( 'NONE',  ( 5.200000000000000178, -2.674999999999999822, 5.989999999999999325 ) ) ;
#2719 = DIRECTION ( 'NONE',  ( -1.000000000000000000, 0.000000000000000000, 0.000000000000000000 ) ) ;
#2720 = ORIENTED_EDGE ( 'NONE', *, *, #73, .T. ) ;
#2721 = ORIENTED_EDGE ( 'NONE', *, *, #3815, .T. ) ;
#2722 = CARTESIAN_POINT ( 'NONE',  ( -3.396996011337265031, 1.190988985730903948, -0.2868530158128869689 ) ) ;
#2723 = CARTESIAN_POINT ( 'NONE',  ( 0.8031175068556780650, -1.278827849557143903, -0.2947113956801700185 ) ) ;
#2724 = DIRECTION ( 'NONE',  ( 0.000000000000000000, 0.000000000000000000, 1.000000000000000000 ) ) ;
#2725 = CARTESIAN_POINT ( 'NONE',  ( -4.899999999999999467, -3.299999999999999822, 3.899999999999999911 ) ) ;
#2726 = FACE_OUTER_BOUND ( 'NONE', #7848, .T. ) ;
#2727 = ADVANCED_FACE ( 'NONE', ( #2305 ), #1718, .T. ) ;
#2728 = CARTESIAN_POINT ( 'NONE',  ( 0.3108575194790185181, 1.126299559043695941, -0.4455104391267935005 ) ) ;
#2729 = ORIENTED_EDGE ( 'NONE', *, *, #1247, .T. ) ;
#2730 = DIRECTION ( 'NONE',  ( 0.000000000000000000, -1.000000000000000000, 0.000000000000000000 ) ) ;
#2731 = DIRECTION ( 'NONE',  ( 0.000000000000000000, 0.000000000000000000, -1.000000000000000000 ) ) ;
#2732 = B_SPLINE_CURVE_WITH_KNOTS ( 'NONE', 3,
 ( #6544, #3513, #5947, #500, #4306, #2673 ),
 .UNSPECIFIED., .F., .F.,
 ( 4, 2, 4 ),
 ( 2.631005820000000136E-07, 0.001309323415980999904, 0.002310921935067000027 ),
 .UNSPECIFIED. ) ;
#2733 = DIRECTION ( 'NONE',  ( 0.000000000000000000, 0.000000000000000000, -1.000000000000000000 ) ) ;
#2734 = DIRECTION ( 'NONE',  ( 0.000000000000000000, 0.000000000000000000, -1.000000000000000000 ) ) ;
#2735 = CARTESIAN_POINT ( 'NONE',  ( 4.290286491853544604, -0.8147485177586849536, -0.5803413950053890602 ) ) ;
#2736 = LINE ( 'NONE', #5327, #3423 ) ;
#2737 = EDGE_CURVE ( 'NONE', #7734, #4853, #6520, .T. ) ;
#2738 = ORIENTED_EDGE ( 'NONE', *, *, #7574, .T. ) ;
#2739 = EDGE_LOOP ( 'NONE', ( #2173, #2391, #4378, #2624, #3080, #1971, #2402 ) ) ;
#2740 = EDGE_CURVE ( 'NONE', #5151, #1696, #1120, .T. ) ;
#2741 = DIRECTION ( 'NONE',  ( 0.000000000000000000, 1.000000000000000000, 0.000000000000000000 ) ) ;
#2742 = ORIENTED_EDGE ( 'NONE', *, *, #5421, .T. ) ;
#2743 = LINE ( 'NONE', #6326, #5581 ) ;
#2744 = EDGE_CURVE ( 'NONE', #7819, #1939, #400, .T. ) ;
#2745 = DIRECTION ( 'NONE',  ( 0.000000000000000000, 0.000000000000000000, -1.000000000000000000 ) ) ;
#2746 = ORIENTED_EDGE ( 'NONE', *, *, #3427, .F. ) ;
#2747 = CARTESIAN_POINT ( 'NONE',  ( 0.7828678246082599879, -1.930000000000000160, 11.29681751662950084 ) ) ;
#2748 = ADVANCED_FACE ( 'NONE', ( #1045 ), #2816, .T. ) ;
#2749 = ORIENTED_EDGE ( 'NONE', *, *, #7723, .T. ) ;
#2750 = DIRECTION ( 'NONE',  ( 0.5023269556814781156, 0.000000000000000000, -0.8646777605534782252 ) ) ;
#2751 = EDGE_CURVE ( 'NONE', #5260, #4088, #4825, .T. ) ;
#2752 =( NAMED_UNIT ( * ) PLANE_ANGLE_UNIT ( ) SI_UNIT ( $, .RADIAN. ) );
#2753 = VERTEX_POINT ( 'NONE', #7691 ) ;
#2754 = CARTESIAN_POINT ( 'NONE',  ( 0.000000000000000000, 2.939999999999999947, 3.504999999999999893 ) ) ;
#2755 = DIRECTION ( 'NONE',  ( -0.7071067811865462405, -4.250939877881105200E-12, -0.7071067811865487940 ) ) ;
#2756 = DIRECTION ( 'NONE',  ( 1.000000000000000000, 0.000000000000000000, 0.000000000000000000 ) ) ;
#2757 = EDGE_CURVE ( 'NONE', #3780, #2350, #3932, .T. ) ;
#2758 = LINE ( 'NONE', #302, #7394 ) ;
#2759 = VECTOR ( 'NONE', #2630, 1000.000000000000000 ) ;
#2760 = ORIENTED_EDGE ( 'NONE', *, *, #4505, .T. ) ;
#2761 = VERTEX_POINT ( 'NONE', #7172 ) ;
#2762 = CARTESIAN_POINT ( 'NONE',  ( -1.236254173751171859, 1.078418511178449890, -0.3039112047307565012 ) ) ;
#2763 = FACE_OUTER_BOUND ( 'NONE', #3389, .T. ) ;
#2764 = LINE ( 'NONE', #7520, #1546 ) ;
#2765 = FACE_OUTER_BOUND ( 'NONE', #6686, .T. ) ;
#2766 = CARTESIAN_POINT ( 'NONE',  ( 2.122999999999999776, 1.930000000000000160, 11.70199999999999996 ) ) ;
#2767 = CARTESIAN_POINT ( 'NONE',  ( 0.4129606822753075224, 0.9522214673516820049, -0.5430168391555899587 ) ) ;
#2768 = EDGE_LOOP ( 'NONE', ( #4991, #1713, #5744, #6948 ) ) ;
#2769 = CARTESIAN_POINT ( 'NONE',  ( 1.519491846963365145, -1.930000000000000160, 10.98449536552962158 ) ) ;
#2770 = DIRECTION ( 'NONE',  ( 0.000000000000000000, 0.000000000000000000, 1.000000000000000000 ) ) ;
#2771 = LINE ( 'NONE', #4536, #5465 ) ;
#2772 = CARTESIAN_POINT ( 'NONE',  ( 3.383602972354764926, -1.148622802817999888, -0.2903339409439110175 ) ) ;
#2773 = CARTESIAN_POINT ( 'NONE',  ( -4.320000000000000284, -1.015000000000000124, -0.6499999999999909184 ) ) ;
#2774 = ORIENTED_EDGE ( 'NONE', *, *, #7184, .F. ) ;
#2775 = PLANE ( 'NONE',  #1301 ) ;
#2776 = FACE_OUTER_BOUND ( 'NONE', #7253, .T. ) ;
#2777 = ORIENTED_EDGE ( 'NONE', *, *, #6409, .T. ) ;
#2778 = CARTESIAN_POINT ( 'NONE',  ( -3.819999999999999840, 0.6985000000007109966, -10.73000000000000043 ) ) ;
#2779 = DIRECTION ( 'NONE',  ( 0.000000000000000000, 1.000000000000000000, 0.000000000000000000 ) ) ;
#2780 = VECTOR ( 'NONE', #4430, 999.9999999999998863 ) ;
#2781 = VERTEX_POINT ( 'NONE', #2773 ) ;
#2782 = LINE ( 'NONE', #4634, #403 ) ;
#2783 = VECTOR ( 'NONE', #4615, 1000.000000000000000 ) ;
#2784 = ORIENTED_EDGE ( 'NONE', *, *, #1116, .T. ) ;
#2785 = DIRECTION ( 'NONE',  ( 0.000000000000000000, 0.000000000000000000, 1.000000000000000000 ) ) ;
#2786 = EDGE_CURVE ( 'NONE', #5354, #1544, #7763, .T. ) ;
#2787 = VECTOR ( 'NONE', #7249, 1000.000000000000000 ) ;
#2788 = CARTESIAN_POINT ( 'NONE',  ( 5.213674263854569446, 0.8479729571451569692, -0.4106619313357344758 ) ) ;
#2789 = ORIENTED_EDGE ( 'NONE', *, *, #917, .T. ) ;
#2790 = DIRECTION ( 'NONE',  ( 0.000000000000000000, -1.000000000000000000, 0.000000000000000000 ) ) ;
#2791 = ADVANCED_FACE ( 'NONE', ( #5211 ), #7610, .T. ) ;
#2792 = VECTOR ( 'NONE', #1586, 1000.000000000000000 ) ;
#2793 = DIRECTION ( 'NONE',  ( 0.000000000000000000, 0.000000000000000000, 1.000000000000000000 ) ) ;
#2794 = CARTESIAN_POINT ( 'NONE',  ( 8.455000000000000071, 2.225000000000000089, 6.349999999999999645 ) ) ;
#2795 = CARTESIAN_POINT ( 'NONE',  ( 6.079999999999999183, 2.005032712280304441, -0.0007808163674464010376 ) ) ;
#2796 = ORIENTED_EDGE ( 'NONE', *, *, #3079, .T. ) ;
#2797 = ORIENTED_EDGE ( 'NONE', *, *, #3647, .F. ) ;
#2798 = VECTOR ( 'NONE', #3243, 1000.000000000000114 ) ;
#2799 = VECTOR ( 'NONE', #2398, 1000.000000000000000 ) ;
#2800 = VECTOR ( 'NONE', #2979, 1000.000000000000114 ) ;
#2801 = CARTESIAN_POINT ( 'NONE',  ( -2.426434284509155326, 1.436726281916999914, -0.1723190503831554810 ) ) ;
#2802 = DIRECTION ( 'NONE',  ( 0.000000000000000000, -1.000000000000000000, 0.000000000000000000 ) ) ;
#2803 = AXIS2_PLACEMENT_3D ( 'NONE', #5700, #3744, #3189 ) ;
#2804 = CARTESIAN_POINT ( 'NONE',  ( 0.3800000000000000044, 1.014999999999927960, -0.5232625667208050668 ) ) ;
#2805 = EDGE_CURVE ( 'NONE', #4178, #6980, #319, .T. ) ;
#2806 = FACE_BOUND ( 'NONE', #3271, .T. ) ;
#2807 = LINE ( 'NONE', #5763, #5719 ) ;
#2808 = CIRCLE ( 'NONE', #1799, 0.6099999999999998757 ) ;
#2809 = CARTESIAN_POINT ( 'NONE',  ( 1.153525058794342195, 1.304215202876441770, -0.2696521139850414639 ) ) ;
#2810 = ORIENTED_EDGE ( 'NONE', *, *, #2786, .T. ) ;
#2811 = LINE ( 'NONE', #4129, #5121 ) ;
#2812 = VECTOR ( 'NONE', #2392, 1000.000000000000000 ) ;
#2813 = CARTESIAN_POINT ( 'NONE',  ( -0.3800000000000000044, -1.015000000000000124, -0.6499999999999909184 ) ) ;
#2814 = CARTESIAN_POINT ( 'NONE',  ( -1.925515686730723930, -1.501636527680067390, -0.1484722122239873765 ) ) ;
#2815 = CARTESIAN_POINT ( 'NONE',  ( 3.857377721182700281, -0.9372272496892249949, -0.4184751381880295051 ) ) ;
#2816 = PLANE ( 'NONE',  #381 ) ;
#2817 = AXIS2_PLACEMENT_3D ( 'NONE', #7499, #2045, #4473 ) ;
#2818 = ORIENTED_EDGE ( 'NONE', *, *, #5432, .T. ) ;
#2819 = DIRECTION ( 'NONE',  ( 0.000000000000000000, 1.000000000000000000, 0.000000000000000000 ) ) ;
#2820 = CARTESIAN_POINT ( 'NONE',  ( -0.3799999823123471621, 0.9252564416312244466, -0.5737957539972241561 ) ) ;
#2821 = CIRCLE ( 'NONE', #7287, 1.259999999999999787 ) ;
#2822 = ORIENTED_EDGE ( 'NONE', *, *, #7260, .F. ) ;
#2823 = CARTESIAN_POINT ( 'NONE',  ( 6.349999999999999645, -1.614999999999999991, 5.989999999999999325 ) ) ;
#2824 = CARTESIAN_POINT ( 'NONE',  ( 5.200000000000000178, 2.674999999999999822, 5.190000000000000391 ) ) ;
#2825 = ORIENTED_EDGE ( 'NONE', *, *, #2942, .T. ) ;
#2826 = EDGE_CURVE ( 'NONE', #5364, #3497, #2231, .T. ) ;
#2827 = DIRECTION ( 'NONE',  ( 0.000000000000000000, -1.000000000000000000, 0.000000000000000000 ) ) ;
#2828 =( BOUNDED_CURVE ( )  B_SPLINE_CURVE ( 3, ( #3857, #6165, #4461, #1399 ),
 .UNSPECIFIED., .F., .F. ) 
 B_SPLINE_CURVE_WITH_KNOTS ( ( 4, 4 ),
 ( 6.114862551595661166, 6.169965434490185530 ),
 .UNSPECIFIED. ) 
 CURVE ( )  GEOMETRIC_REPRESENTATION_ITEM ( )  RATIONAL_B_SPLINE_CURVE ( ( 1.000000000000000000, 0.9997469886966925401, 0.9997469886966925401, 1.000000000000000000 ) ) 
 REPRESENTATION_ITEM ( '' )  );
#2829 = AXIS2_PLACEMENT_3D ( 'NONE', #1080, #4168, #1039 ) ;
#2830 = ORIENTED_EDGE ( 'NONE', *, *, #618, .F. ) ;
#2831 = SURFACE_STYLE_USAGE ( .BOTH. , #7034 ) ;
#2832 = EDGE_LOOP ( 'NONE', ( #7395, #942, #2822, #3116 ) ) ;
#2833 = LINE ( 'NONE', #418, #7521 ) ;
#2834 = LINE ( 'NONE', #1619, #3173 ) ;
#2835 = DIRECTION ( 'NONE',  ( 0.000000000000000000, 0.000000000000000000, 1.000000000000000000 ) ) ;
#2836 = EDGE_CURVE ( 'NONE', #5062, #3990, #2736, .T. ) ;
#2837 = CARTESIAN_POINT ( 'NONE',  ( 6.080000000000000071, 2.000000000000000000, -0.0006094550547221999279 ) ) ;
#2838 = VERTEX_POINT ( 'NONE', #5174 ) ;
#2839 = VERTEX_POINT ( 'NONE', #7018 ) ;
#2840 = EDGE_CURVE ( 'NONE', #2100, #4908, #3908, .T. ) ;
#2841 = CARTESIAN_POINT ( 'NONE',  ( -1.772636603876345029, 1.267914612183687728, -0.2234672239505615110 ) ) ;
#2842 = DIRECTION ( 'NONE',  ( 1.000000000000000000, 0.000000000000000000, 0.000000000000000000 ) ) ;
#2843 = LINE ( 'NONE', #1771, #394 ) ;
#2844 = DIRECTION ( 'NONE',  ( 1.000000000000000000, 0.000000000000000000, 0.000000000000000000 ) ) ;
#2845 = CARTESIAN_POINT ( 'NONE',  ( -4.700000000000000178, 2.674999999999999822, 5.190000000000000391 ) ) ;
#2846 = ADVANCED_FACE ( 'NONE', ( #6755 ), #1785, .T. ) ;
#2847 = CARTESIAN_POINT ( 'NONE',  ( 1.760992419226534933, 1.478018148063126036, -0.1615717742901205123 ) ) ;
#2848 = ORIENTED_EDGE ( 'NONE', *, *, #6592, .F. ) ;
#2849 = ADVANCED_FACE ( 'NONE', ( #3570 ), #6707, .F. ) ;
#2850 = CARTESIAN_POINT ( 'NONE',  ( 2.600000000000000089, -3.140000000000000124, 2.449999999999999734 ) ) ;
#2851 = DIRECTION ( 'NONE',  ( 0.000000000000000000, 1.000000000000000000, 0.000000000000000000 ) ) ;
#2852 = CARTESIAN_POINT ( 'NONE',  ( -5.027438047067319893, -1.179968508875761879, -0.3584349754068474891 ) ) ;
#2853 = CARTESIAN_POINT ( 'NONE',  ( 4.675426580291870415, -0.9159277046748359741, -0.6686294721571010014 ) ) ;
#2854 = DIRECTION ( 'NONE',  ( -0.7071067811865474617, 0.000000000000000000, -0.7071067811865474617 ) ) ;
#2855 = ORIENTED_EDGE ( 'NONE', *, *, #4384, .F. ) ;
#2856 = CARTESIAN_POINT ( 'NONE',  ( 5.872125741347671735, 1.892033813028680234, -0.01063136220862392033 ) ) ;
#2857 = CARTESIAN_POINT ( 'NONE',  ( -2.284477534313314795, -1.436879103595610108, -0.1721519744815955266 ) ) ;
#2858 = PLANE ( 'NONE',  #2531 ) ;
#2859 = ORIENTED_EDGE ( 'NONE', *, *, #2948, .T. ) ;
#2860 = DIRECTION ( 'NONE',  ( 1.000000000000000000, 0.000000000000000000, 0.000000000000000000 ) ) ;
#2861 = FACE_BOUND ( 'NONE', #2707, .T. ) ;
#2862 = EDGE_LOOP ( 'NONE', ( #1656, #2502, #3187, #2520 ) ) ;
#2863 = CARTESIAN_POINT ( 'NONE',  ( -6.349999999999999645, 2.810000000000000053, 6.049999999999999822 ) ) ;
#2864 = B_SPLINE_CURVE_WITH_KNOTS ( 'NONE', 3,
 ( #2412, #1862, #3006, #5443 ),
 .UNSPECIFIED., .F., .F.,
 ( 4, 4 ),
 ( 0.000000000000000000, 1.000000000000000000 ),
 .UNSPECIFIED. ) ;
#2865 = ORIENTED_EDGE ( 'NONE', *, *, #4315, .F. ) ;
#2866 = ORIENTED_EDGE ( 'NONE', *, *, #2390, .T. ) ;
#2867 = FACE_OUTER_BOUND ( 'NONE', #1047, .T. ) ;
#2868 = LINE ( 'NONE', #3395, #4839 ) ;
#2869 = DIRECTION ( 'NONE',  ( 0.000000000000000000, -1.000000000000000000, 0.000000000000000000 ) ) ;
#2870 = CARTESIAN_POINT ( 'NONE',  ( 0.8800000000000109956, 0.6985000000003049880, -6.919999999999999929 ) ) ;
#2871 = EDGE_LOOP ( 'NONE', ( #4460, #5516, #3934, #87 ) ) ;
#2872 = DIRECTION ( 'NONE',  ( -1.000000000000000000, 0.000000000000000000, 0.000000000000000000 ) ) ;
#2873 = ORIENTED_EDGE ( 'NONE', *, *, #6839, .T. ) ;
#2874 = CARTESIAN_POINT ( 'NONE',  ( -2.099238568786500281, 1.280224370580606008, -0.1999060772004574993 ) ) ;
#2875 = DIRECTION ( 'NONE',  ( 0.000000000000000000, -1.000000000000000000, 0.000000000000000000 ) ) ;
#2876 = EDGE_CURVE ( 'NONE', #3562, #3780, #5371, .T. ) ;
#2877 = DIRECTION ( 'NONE',  ( 0.000000000000000000, -1.000000000000000000, 0.000000000000000000 ) ) ;
#2878 = EDGE_CURVE ( 'NONE', #833, #2668, #7320, .T. ) ;
#2879 = ORIENTED_EDGE ( 'NONE', *, *, #4212, .T. ) ;
#2880 = CARTESIAN_POINT ( 'NONE',  ( 3.550000000000000266, -2.000000000000000000, 6.349999999999999645 ) ) ;
#2881 = CARTESIAN_POINT ( 'NONE',  ( 1.581518966595645059, 1.175669355198929900, -0.2531217941546369810 ) ) ;
#2882 = ORIENTED_EDGE ( 'NONE', *, *, #2876, .T. ) ;
#2883 = ORIENTED_EDGE ( 'NONE', *, *, #5525, .F. ) ;
#2884 = VERTEX_POINT ( 'NONE', #2454 ) ;
#2885 = CARTESIAN_POINT ( 'NONE',  ( 6.349999999999999645, -1.614999999999999991, 5.989999999999999325 ) ) ;
#2886 = CARTESIAN_POINT ( 'NONE',  ( -0.7800000000000000266, 2.939999999999999947, 1.350000000000000089 ) ) ;
#2887 = CARTESIAN_POINT ( 'NONE',  ( -5.561611635192050151, -1.309440073173441910, -0.1326947627520569939 ) ) ;
#2888 = DIRECTION ( 'NONE',  ( 1.000000000000000000, 0.000000000000000000, 0.000000000000000000 ) ) ;
#2889 = EDGE_CURVE ( 'NONE', #5316, #1112, #2864, .T. ) ;
#2890 = ADVANCED_FACE ( 'NONE', ( #562 ), #33, .T. ) ;
#2891 = VERTEX_POINT ( 'NONE', #7285 ) ;
#2892 = DIRECTION ( 'NONE',  ( 0.000000000000000000, 0.000000000000000000, 1.000000000000000000 ) ) ;
#2893 = CARTESIAN_POINT ( 'NONE',  ( -4.723491052937789370, -0.9881436136713300789, -0.6215964261730640983 ) ) ;
#2894 = DIRECTION ( 'NONE',  ( -1.000000000000000000, 0.000000000000000000, 0.000000000000000000 ) ) ;
#2895 = EDGE_CURVE ( 'NONE', #7730, #6964, #3642, .T. ) ;
#2896 = ORIENTED_EDGE ( 'NONE', *, *, #1508, .T. ) ;
#2897 = EDGE_CURVE ( 'NONE', #44, #6468, #3044, .T. ) ;
#2898 = CARTESIAN_POINT ( 'NONE',  ( 4.714816801959529791, 0.9902538327552009578, -0.6181609382097130734 ) ) ;
#2899 = ORIENTED_EDGE ( 'NONE', *, *, #5134, .T. ) ;
#2900 = PLANE ( 'NONE',  #6754 ) ;
#2901 = VERTEX_POINT ( 'NONE', #4809 ) ;
#2902 = CONTEXT_DEPENDENT_SHAPE_REPRESENTATION ( #260, #1473 ) ;
#2903 = VERTEX_POINT ( 'NONE', #5960 ) ;
#2904 = DIRECTION ( 'NONE',  ( -0.000000000000000000, 1.000000000000000000, 0.000000000000000000 ) ) ;
#2905 = CARTESIAN_POINT ( 'NONE',  ( 5.080000000000000071, -0.5927730585616969305, -0.5999999999999878764 ) ) ;
#2906 = AXIS2_PLACEMENT_3D ( 'NONE', #7732, #2270, #7135 ) ;
#2907 = LINE ( 'NONE', #7186, #262 ) ;
#2908 = PLANE ( 'NONE',  #3055 ) ;
#2909 = ORIENTED_EDGE ( 'NONE', *, *, #4505, .F. ) ;
#2910 = FACE_OUTER_BOUND ( 'NONE', #1569, .T. ) ;
#2911 = ORIENTED_EDGE ( 'NONE', *, *, #32, .F. ) ;
#2912 = PRODUCT_DEFINITION_FORMATION_WITH_SPECIFIED_SOURCE ( 'ANY', '', #7494, .NOT_KNOWN. ) ;
#2913 = CIRCLE ( 'NONE', #6086, 1.199999999999999956 ) ;
#2914 = CARTESIAN_POINT ( 'NONE',  ( -4.384168326844590347, 0.7792528805232019629, -0.6193619904566249890 ) ) ;
#2915 = VECTOR ( 'NONE', #1764, 1000.000000000000000 ) ;
#2916 = CYLINDRICAL_SURFACE ( 'NONE', #7019, 0.1999999999999877154 ) ;
#2917 = CARTESIAN_POINT ( 'NONE',  ( -5.080000000000000071, -0.6350000000000000089, -0.6499999999999909184 ) ) ;
#2918 = PLANE ( 'NONE',  #6230 ) ;
#2919 = DIRECTION ( 'NONE',  ( 1.000000000000000000, 0.000000000000000000, 0.000000000000000000 ) ) ;
#2920 = VECTOR ( 'NONE', #1107, 1000.000000000000000 ) ;
#2921 = CARTESIAN_POINT ( 'NONE',  ( 6.349999999999999645, -2.939999999999999947, 5.989999999999999325 ) ) ;
#2922 = AXIS2_PLACEMENT_3D ( 'NONE', #6424, #3314, #1584 ) ;
#2923 = ORIENTED_EDGE ( 'NONE', *, *, #4649, .T. ) ;
#2924 = VECTOR ( 'NONE', #6289, 1000.000000000000000 ) ;
#2925 = ORIENTED_EDGE ( 'NONE', *, *, #5251, .T. ) ;
#2926 = ORIENTED_EDGE ( 'NONE', *, *, #5153, .F. ) ;
#2927 = VECTOR ( 'NONE', #2374, 1000.000000000000000 ) ;
#2928 = FACE_OUTER_BOUND ( 'NONE', #906, .T. ) ;
#2929 = AXIS2_PLACEMENT_3D ( 'NONE', #4556, #5667, #2168 ) ;
#2930 = DIRECTION ( 'NONE',  ( 0.000000000000000000, -1.000000000000000000, 0.000000000000000000 ) ) ;
#2931 = LINE ( 'NONE', #7204, #3942 ) ;
#2932 = AXIS2_PLACEMENT_3D ( 'NONE', #3077, #5995, #2336 ) ;
#2933 = DIRECTION ( 'NONE',  ( 1.000000000000000000, 0.000000000000000000, 0.000000000000000000 ) ) ;
#2934 = ORIENTED_EDGE ( 'NONE', *, *, #2582, .T. ) ;
#2935 = CARTESIAN_POINT ( 'NONE',  ( -6.136197517421390302, 2.810000000000000053, 6.337349939951960387 ) ) ;
#2936 = EDGE_CURVE ( 'NONE', #1668, #4924, #6115, .T. ) ;
#2937 = VECTOR ( 'NONE', #3386, 1000.000000000000000 ) ;
#2938 = EDGE_CURVE ( 'NONE', #304, #5765, #7242, .T. ) ;
#2939 = CARTESIAN_POINT ( 'NONE',  ( -4.780351520518829389, -1.049094602191410042, -0.5489869139765041206 ) ) ;
#2940 = PLANE ( 'NONE',  #7252 ) ;
#2941 = ORIENTED_EDGE ( 'NONE', *, *, #7142, .F. ) ;
#2942 = EDGE_CURVE ( 'NONE', #5354, #159, #2488, .T. ) ;
#2943 = VECTOR ( 'NONE', #2329, 1000.000000000000000 ) ;
#2944 = VECTOR ( 'NONE', #3032, 1000.000000000000000 ) ;
#2945 = CARTESIAN_POINT ( 'NONE',  ( 4.899999999999999467, -3.299999999999999822, 2.449999999999999734 ) ) ;
#2946 = ORIENTED_EDGE ( 'NONE', *, *, #4758, .T. ) ;
#2947 = DIRECTION ( 'NONE',  ( -1.000000000000000000, 0.000000000000000000, 0.000000000000000000 ) ) ;
#2948 = EDGE_CURVE ( 'NONE', #6090, #5319, #3527, .T. ) ;
#2949 = VECTOR ( 'NONE', #4426, 1000.000000000000000 ) ;
#2950 = DIRECTION ( 'NONE',  ( 1.000000000000000000, 0.000000000000000000, 0.000000000000000000 ) ) ;
#2951 = ORIENTED_EDGE ( 'NONE', *, *, #1208, .T. ) ;
#2952 = SURFACE_STYLE_USAGE ( .BOTH. , #4031 ) ;
#2953 = LINE ( 'NONE', #5388, #2649 ) ;
#2954 = CARTESIAN_POINT ( 'NONE',  ( 0.7249999999999999778, -3.149999999999999911, 3.558749999999999858 ) ) ;
#2955 = CIRCLE ( 'NONE', #1067, 1.260000000000000231 ) ;
#2956 = DIRECTION ( 'NONE',  ( 1.000000000000000000, 0.000000000000000000, 0.000000000000000000 ) ) ;
#2957 = EDGE_LOOP ( 'NONE', ( #5578, #6552, #5853, #6185 ) ) ;
#2958 = CARTESIAN_POINT ( 'NONE',  ( -6.079999583950909781, 1.981751749232819826, 7.100803680000000109E-18 ) ) ;
#2959 = ORIENTED_EDGE ( 'NONE', *, *, #7220, .T. ) ;
#2960 = CARTESIAN_POINT ( 'NONE',  ( -4.363247206588339644, 0.7145569861815690427, -0.6135552778179019784 ) ) ;
#2961 = CARTESIAN_POINT ( 'NONE',  ( -0.3800000000000000044, 1.014999960205263951, -0.5232012072668410507 ) ) ;
#2962 = LINE ( 'NONE', #3554, #3437 ) ;
#2963 = DIRECTION ( 'NONE',  ( 0.000000000000000000, -1.000000000000000000, 0.000000000000000000 ) ) ;
#2964 = DIRECTION ( 'NONE',  ( -0.2562207112934010156, 0.000000000000000000, 0.9666183047637281200 ) ) ;
#2965 = DIRECTION ( 'NONE',  ( 0.000000000000000000, 0.000000000000000000, -1.000000000000000000 ) ) ;
#2966 = ORIENTED_EDGE ( 'NONE', *, *, #931, .F. ) ;
#2967 = EDGE_LOOP ( 'NONE', ( #6461, #3385, #2006, #7201 ) ) ;
#2968 = VERTEX_POINT ( 'NONE', #2376 ) ;
#2969 = DIRECTION ( 'NONE',  ( 1.000000000000000000, 0.000000000000000000, 0.000000000000000000 ) ) ;
#2970 = CARTESIAN_POINT ( 'NONE',  ( 5.080000000000000071, 0.6350000000000000089, -0.6499999999999909184 ) ) ;
#2971 = CARTESIAN_POINT ( 'NONE',  ( -6.088841390233859840, -1.989551964652655158, 0.0006366628806721999576 ) ) ;
#2972 = CARTESIAN_POINT ( 'NONE',  ( 2.487500000000000266, -2.929999999999999716, 3.484999999999999876 ) ) ;
#2973 = EDGE_LOOP ( 'NONE', ( #1734, #1858, #3316, #6124 ) ) ;
#2974 = DIRECTION ( 'NONE',  ( 0.000000000000000000, -1.000000000000000000, 0.000000000000000000 ) ) ;
#2975 = CARTESIAN_POINT ( 'NONE',  ( -2.977628786504100233, -1.425110451080840113, -0.1887193482905205055 ) ) ;
#2976 = PLANE ( 'NONE',  #3937 ) ;
#2977 = ORIENTED_EDGE ( 'NONE', *, *, #5187, .T. ) ;
#2978 = EDGE_CURVE ( 'NONE', #5640, #491, #7476, .T. ) ;
#2979 = DIRECTION ( 'NONE',  ( -0.5023269556814731196, 0.000000000000000000, -0.8646777605534811117 ) ) ;
#2980 = EDGE_LOOP ( 'NONE', ( #5230, #2538, #3615, #6162 ) ) ;
#2981 = CARTESIAN_POINT ( 'NONE',  ( 6.985000000000000320, -3.299999999999999822, 1.082000000000016060 ) ) ;
#2982 = EDGE_CURVE ( 'NONE', #5879, #6389, #5679, .T. ) ;
#2983 = EDGE_LOOP ( 'NONE', ( #4139, #2946, #7250, #4594 ) ) ;
#2984 = CARTESIAN_POINT ( 'NONE',  ( 2.341724276606314881, -1.340364107514429914, -0.1867445432353890267 ) ) ;
#2985 = CARTESIAN_POINT ( 'NONE',  ( -5.750000000000000000, 2.939999999999999947, 5.989999999999999325 ) ) ;
#2986 = CARTESIAN_POINT ( 'NONE',  ( -6.136197517421390302, 2.810000000000000053, 6.337349939951960387 ) ) ;
#2987 = EDGE_CURVE ( 'NONE', #2838, #1016, #831, .T. ) ;
#2988 = EDGE_CURVE ( 'NONE', #4190, #7584, #1147, .T. ) ;
#2989 = DIRECTION ( 'NONE',  ( 1.000000000000000000, 0.000000000000000000, 0.000000000000000000 ) ) ;
#2990 = ORIENTED_EDGE ( 'NONE', *, *, #2757, .F. ) ;
#2991 = CARTESIAN_POINT ( 'NONE',  ( 6.076956062152333971, 2.000000000000000000, 0.000000000000000000 ) ) ;
#2992 = ORIENTED_EDGE ( 'NONE', *, *, #1007, .T. ) ;
#2993 = CARTESIAN_POINT ( 'NONE',  ( 0.7249999999999999778, 2.939999999999999947, 2.429999999999999716 ) ) ;
#2994 = LINE ( 'NONE', #1253, #2671 ) ;
#2995 = DIRECTION ( 'NONE',  ( 0.000000000000000000, 1.000000000000000000, 0.000000000000000000 ) ) ;
#2996 = EDGE_CURVE ( 'NONE', #6645, #2839, #3159, .T. ) ;
#2997 = DIRECTION ( 'NONE',  ( 0.000000000000000000, 0.000000000000000000, -1.000000000000000000 ) ) ;
#2998 = DIRECTION ( 'NONE',  ( 1.000000000000000000, 0.000000000000000000, 0.000000000000000000 ) ) ;
#2999 = CARTESIAN_POINT ( 'NONE',  ( 4.748046103806149887, 1.015000007048021846, -0.5906503120594719380 ) ) ;
#3000 = ORIENTED_EDGE ( 'NONE', *, *, #4668, .T. ) ;
#3001 = ORIENTED_EDGE ( 'NONE', *, *, #2033, .T. ) ;
#3002 = ORIENTED_EDGE ( 'NONE', *, *, #3507, .F. ) ;
#3003 = DIRECTION ( 'NONE',  ( 1.000000000000000000, 0.000000000000000000, -2.467162264466184853E-16 ) ) ;
#3004 = DIRECTION ( 'NONE',  ( 0.000000000000000000, -1.000000000000000000, 0.000000000000000000 ) ) ;
#3005 = CARTESIAN_POINT ( 'NONE',  ( -5.822761980173480012, -1.704754088181320126, -0.03239156892778160407 ) ) ;
#3006 = CARTESIAN_POINT ( 'NONE',  ( 6.057495804191725952, -1.999999999999998224, -0.001218910109428237437 ) ) ;
#3007 = VERTEX_POINT ( 'NONE', #268 ) ;
#3008 = CARTESIAN_POINT ( 'NONE',  ( -4.700000000000000178, -2.674999999999999822, 5.190000000000000391 ) ) ;
#3009 = EDGE_CURVE ( 'NONE', #5244, #7709, #2689, .T. ) ;
#3010 = CARTESIAN_POINT ( 'NONE',  ( -1.334225772572710023, -1.116999880755588093, -0.2954133039486140366 ) ) ;
#3011 = CARTESIAN_POINT ( 'NONE',  ( 6.349999999999999645, 2.810000000000000053, 6.349999999999999645 ) ) ;
#3012 = ORIENTED_EDGE ( 'NONE', *, *, #7686, .F. ) ;
#3013 = ORIENTED_EDGE ( 'NONE', *, *, #7096, .F. ) ;
#3014 = LINE ( 'NONE', #4705, #3962 ) ;
#3015 = ORIENTED_EDGE ( 'NONE', *, *, #2639, .T. ) ;
#3016 = CARTESIAN_POINT ( 'NONE',  ( 2.341018683660125443, -1.530997532803714867, -0.1339561506313335926 ) ) ;
#3017 = CARTESIAN_POINT ( 'NONE',  ( -6.688000000000000611, -2.112790047739570021, -1.296316746232593964 ) ) ;
#3018 = B_SPLINE_SURFACE_WITH_KNOTS ( 'NONE', 3, 3, ( 
 ( #3831, #2051, #2626, #2555, #818, #1418, #5070 ),
 ( #176, #2675, #6177, #5116, #7503, #3869, #897 ),
 ( #6297, #3310, #7382, #730, #3144, #5582, #133 ),
 ( #1973, #1374, #3782, #6214, #778, #4637, #947 ),
 ( #3954, #2788, #5748, #4110, #5786, #1015, #1649 ),
 ( #5303, #3392, #7738, #5822, #4710, #368, #3354 ),
 ( #7623, #4029, #5902, #297, #7669, #7701, #2276 ) ),
 .UNSPECIFIED., .F., .F., .F.,
 ( 4, 1, 1, 1, 4 ),
 ( 4, 1, 1, 1, 4 ),
 ( -1.502295163794810096, -1.233825984177502111, -0.9662980229621980222, -0.7656520520507189564, -0.5651972533127800347 ),
 ( -0.0009938196499009999390, 0.2857142857142860315, 0.5714285714285709528, 0.8571428571428569843, 1.000056291411314024 ),
 .UNSPECIFIED. ) ;
#3019 = CARTESIAN_POINT ( 'NONE',  ( -4.700000000000000178, 2.339999999999999858, 4.989999999999999325 ) ) ;
#3020 = PLANE ( 'NONE',  #1556 ) ;
#3021 = EDGE_LOOP ( 'NONE', ( #5454, #4106, #7234, #7675 ) ) ;
#3022 = CARTESIAN_POINT ( 'NONE',  ( 0.9710995989701970421, 1.930000000000000160, 10.97280578029042175 ) ) ;
#3023 = ORIENTED_EDGE ( 'NONE', *, *, #863, .F. ) ;
#3024 = EDGE_CURVE ( 'NONE', #4178, #4317, #2107, .T. ) ;
#3025 = CARTESIAN_POINT ( 'NONE',  ( -4.514332723731330432, 1.040818564756165854, -0.5368012498096279561 ) ) ;
#3026 = ADVANCED_FACE ( 'NONE', ( #6920 ), #3221, .T. ) ;
#3027 = VECTOR ( 'NONE', #1333, 1000.000000000000000 ) ;
#3028 = LINE ( 'NONE', #2961, #2424 ) ;
#3029 = DIRECTION ( 'NONE',  ( -0.7071067811865474617, 0.000000000000000000, -0.7071067811865474617 ) ) ;
#3030 = CARTESIAN_POINT ( 'NONE',  ( 4.899999999999999467, -3.299999999999999822, 3.899999999999999911 ) ) ;
#3031 = EDGE_CURVE ( 'NONE', #7836, #1227, #4569, .T. ) ;
#3032 = DIRECTION ( 'NONE',  ( 0.000000000000000000, -1.000000000000000000, 0.000000000000000000 ) ) ;
#3033 = CARTESIAN_POINT ( 'NONE',  ( 0.1303803765925987956, 0.7908547142399859897, -0.6936046539786210330 ) ) ;
#3034 = ORIENTED_EDGE ( 'NONE', *, *, #7686, .T. ) ;
#3035 = ORIENTED_EDGE ( 'NONE', *, *, #1825, .T. ) ;
#3036 = ORIENTED_EDGE ( 'NONE', *, *, #6156, .F. ) ;
#3037 = VECTOR ( 'NONE', #5104, 1000.000000000000000 ) ;
#3038 = AXIS2_PLACEMENT_3D ( 'NONE', #4132, #6559, #3492 ) ;
#3039 = LINE ( 'NONE', #1263, #2324 ) ;
#3040 = EDGE_CURVE ( 'NONE', #4116, #283, #6397, .T. ) ;
#3041 = FACE_OUTER_BOUND ( 'NONE', #4359, .T. ) ;
#3042 = DIRECTION ( 'NONE',  ( 0.5023269556814718984, 0.000000000000000000, -0.8646777605534817779 ) ) ;
#3043 = VECTOR ( 'NONE', #6830, 1000.000000000000000 ) ;
#3044 = LINE ( 'NONE', #4284, #2281 ) ;
#3045 = VECTOR ( 'NONE', #3992, 1000.000000000000000 ) ;
#3046 = EDGE_LOOP ( 'NONE', ( #2090, #6972, #129, #5321, #1927, #4545, #4011, #4586 ) ) ;
#3047 = CARTESIAN_POINT ( 'NONE',  ( 8.939999999999999503, 0.6350000000000000089, -8.179999999999999716 ) ) ;
#3048 = VECTOR ( 'NONE', #4610, 1000.000000000000000 ) ;
#3049 = VECTOR ( 'NONE', #7273, 1000.000000000000000 ) ;
#3050 = VECTOR ( 'NONE', #1126, 1000.000000000000000 ) ;
#3051 = CARTESIAN_POINT ( 'NONE',  ( -1.962406477624585088, -1.278233306712780015, -0.2060455760036294937 ) ) ;
#3052 = PLANE ( 'NONE',  #3802 ) ;
#3053 = ORIENTED_EDGE ( 'NONE', *, *, #305, .T. ) ;
#3054 = VECTOR ( 'NONE', #4518, 1000.000000000000000 ) ;
#3055 = AXIS2_PLACEMENT_3D ( 'NONE', #7787, #5424, #1178 ) ;
#3056 = ORIENTED_EDGE ( 'NONE', *, *, #4440, .T. ) ;
#3057 = CARTESIAN_POINT ( 'NONE',  ( 1.814538562933170063, 1.233875109726284780, -0.2224423820151639475 ) ) ;
#3058 = VECTOR ( 'NONE', #3612, 1000.000000000000114 ) ;
#3059 = ORIENTED_EDGE ( 'NONE', *, *, #1299, .F. ) ;
#3060 = CARTESIAN_POINT ( 'NONE',  ( 0.4712198308398099500, -0.9706351918652309507, -0.5189818305198609094 ) ) ;
#3061 = CARTESIAN_POINT ( 'NONE',  ( 5.079977763980064509, -0.9394820403428819633, -0.4999063603868883487 ) ) ;
#3062 = EDGE_CURVE ( 'NONE', #6400, #7266, #7505, .T. ) ;
#3063 = PLANE ( 'NONE',  #3805 ) ;
#3064 = CARTESIAN_POINT ( 'NONE',  ( -4.700000000000000178, 2.339999999999999858, 5.190000000000000391 ) ) ;
#3065 = VECTOR ( 'NONE', #1632, 1000.000000000000000 ) ;
#3066 = ORIENTED_EDGE ( 'NONE', *, *, #2876, .F. ) ;
#3067 = CARTESIAN_POINT ( 'NONE',  ( 2.432500000000000107, -2.922000000000000153, 2.449999999999999734 ) ) ;
#3068 = ORIENTED_EDGE ( 'NONE', *, *, #4466, .F. ) ;
#3069 = AXIS2_PLACEMENT_3D ( 'NONE', #3517, #5952, #1742 ) ;
#3070 = CARTESIAN_POINT ( 'NONE',  ( -4.675384401143539925, 0.9159365287275709200, -0.6686304636627891096 ) ) ;
#3071 = DIRECTION ( 'NONE',  ( 0.000000000000000000, 0.000000000000000000, 1.000000000000000000 ) ) ;
#3072 = FACE_OUTER_BOUND ( 'NONE', #2832, .T. ) ;
#3073 = VECTOR ( 'NONE', #6000, 1000.000000000000000 ) ;
#3074 = CARTESIAN_POINT ( 'NONE',  ( 4.319999999877819796, -1.015000000204754116, -0.5232819823221819266 ) ) ;
#3075 = EDGE_CURVE ( 'NONE', #5765, #6720, #918, .T. ) ;
#3076 = CARTESIAN_POINT ( 'NONE',  ( -0.7800000000000000266, 3.299999999999999822, 1.350000000000000089 ) ) ;
#3077 = CARTESIAN_POINT ( 'NONE',  ( 0.7800000000000000266, 3.318000000000000060, 3.512999999999999901 ) ) ;
#3078 = ORIENTED_EDGE ( 'NONE', *, *, #6049, .T. ) ;
#3079 = EDGE_CURVE ( 'NONE', #2838, #939, #5245, .T. ) ;
#3080 = ORIENTED_EDGE ( 'NONE', *, *, #5940, .T. ) ;
#3081 = ORIENTED_EDGE ( 'NONE', *, *, #2639, .F. ) ;
#3082 =( BOUNDED_CURVE ( )  B_SPLINE_CURVE ( 3, ( #4114, #1245, #1098, #2986 ),
 .UNSPECIFIED., .F., .F. ) 
 B_SPLINE_CURVE_WITH_KNOTS ( ( 4, 4 ),
 ( 1.588897493651529658, 1.902924849239961969 ),
 .UNSPECIFIED. ) 
 CURVE ( )  GEOMETRIC_REPRESENTATION_ITEM ( )  RATIONAL_B_SPLINE_CURVE ( ( 1.000000000000000000, 0.9917991040427196481, 0.9917991040427196481, 1.000000000000000000 ) ) 
 REPRESENTATION_ITEM ( '' )  );
#3083 = DIRECTION ( 'NONE',  ( 0.000000000000000000, 0.000000000000000000, -1.000000000000000000 ) ) ;
#3084 = CARTESIAN_POINT ( 'NONE',  ( 0.5264362595814079393, 1.930000000000000160, 11.35933582874252146 ) ) ;
#3085 = CARTESIAN_POINT ( 'NONE',  ( -4.850000000000000533, 2.939999999999999947, 2.449999999999999734 ) ) ;
#3086 = EDGE_CURVE ( 'NONE', #7435, #98, #5916, .T. ) ;
#3087 = DIRECTION ( 'NONE',  ( -0.5023269556814763392, 0.000000000000000000, 0.8646777605534793354 ) ) ;
#3088 = EDGE_CURVE ( 'NONE', #5819, #4003, #5880, .T. ) ;
#3089 = VERTEX_POINT ( 'NONE', #348 ) ;
#3090 = CARTESIAN_POINT ( 'NONE',  ( 5.079962664250638582, 0.6859802327979183101, -0.5900917239455069074 ) ) ;
#3091 = CARTESIAN_POINT ( 'NONE',  ( -0.5090745791174868806, -0.9183914312363239407, -0.5248551680043029855 ) ) ;
#3092 = LINE ( 'NONE', #6802, #4583 ) ;
#3093 = ORIENTED_EDGE ( 'NONE', *, *, #2737, .T. ) ;
#3094 = APPLICATION_CONTEXT ( 'automotive_design' ) ;
#3095 = ORIENTED_EDGE ( 'NONE', *, *, #4315, .T. ) ;
#3096 = CARTESIAN_POINT ( 'NONE',  ( 4.287381540628492971, 0.7459014816224467381, -0.5859880394379363144 ) ) ;
#3097 = CARTESIAN_POINT ( 'NONE',  ( -5.080113793040769821, 0.5921729815312979373, -0.5998198538773750199 ) ) ;
#3098 = ORIENTED_EDGE ( 'NONE', *, *, #2938, .T. ) ;
#3099 = CARTESIAN_POINT ( 'NONE',  ( 1.257641679360835818, -1.271184463971124057, -0.2769051639686764266 ) ) ;
#3100 = CARTESIAN_POINT ( 'NONE',  ( -0.9710995989701970421, 1.930000000000000160, 10.97280578029042175 ) ) ;
#3101 = CARTESIAN_POINT ( 'NONE',  ( -5.952079670524838662, -1.949778566210658592, -0.005590848060090971954 ) ) ;
#3102 = CARTESIAN_POINT ( 'NONE',  ( 0.7800000000000000266, 3.299999999999999822, 3.409999999999999698 ) ) ;
#3103 = ORIENTED_EDGE ( 'NONE', *, *, #1880, .T. ) ;
#3104 = LINE ( 'NONE', #4992, #4613 ) ;
#3105 = VERTEX_POINT ( 'NONE', #4685 ) ;
#3106 = CARTESIAN_POINT ( 'NONE',  ( 4.899999999999999467, 3.299999999999999822, 2.449999999999999734 ) ) ;
#3107 = EDGE_CURVE ( 'NONE', #6568, #1883, #2807, .T. ) ;
#3108 = DIRECTION ( 'NONE',  ( 0.07522311364582014159, 0.000000000000000000, -0.9971667278712361693 ) ) ;
#3109 = DIRECTION ( 'NONE',  ( 1.000000000000000000, 0.000000000000000000, 0.000000000000000000 ) ) ;
#3110 = CARTESIAN_POINT ( 'NONE',  ( -5.723869740537265827, 1.784958632510147636, -0.02963017061509320635 ) ) ;
#3111 = DIRECTION ( 'NONE',  ( 0.000000000000000000, 0.000000000000000000, 1.000000000000000000 ) ) ;
#3112 = CARTESIAN_POINT ( 'NONE',  ( -0.4526139057434789836, 1.930000000000000160, 11.08083360243817950 ) ) ;
#3113 = CARTESIAN_POINT ( 'NONE',  ( -4.347692044767890174, 1.015000007605806109, -0.5287410038681249480 ) ) ;
#3114 = EDGE_LOOP ( 'NONE', ( #3436, #3369, #4022, #3185 ) ) ;
#3115 = ORIENTED_EDGE ( 'NONE', *, *, #2744, .T. ) ;
#3116 = ORIENTED_EDGE ( 'NONE', *, *, #1688, .T. ) ;
#3117 = FACE_OUTER_BOUND ( 'NONE', #2096, .T. ) ;
#3118 = EDGE_CURVE ( 'NONE', #2968, #5673, #7683, .T. ) ;
#3119 = PLANE ( 'NONE',  #4718 ) ;
#3120 = DIRECTION ( 'NONE',  ( -1.000000000000000000, 0.000000000000000000, 0.000000000000000000 ) ) ;
#3121 = CARTESIAN_POINT ( 'NONE',  ( 5.456511457272710253, -1.113484723252997854, -0.2003705576821880052 ) ) ;
#3122 = CARTESIAN_POINT ( 'NONE',  ( -6.349999999999999645, -2.834999999999999964, 5.989999999999999325 ) ) ;
#3123 = ORIENTED_EDGE ( 'NONE', *, *, #20, .T. ) ;
#3124 = LINE ( 'NONE', #6117, #5746 ) ;
#3125 = EDGE_CURVE ( 'NONE', #4592, #3149, #433, .T. ) ;
#3126 = CARTESIAN_POINT ( 'NONE',  ( -0.01580297273097379732, -0.9980237825461569789, -0.6058276949553951241 ) ) ;
#3127 = DIRECTION ( 'NONE',  ( 0.000000000000000000, 1.000000000000000000, 0.000000000000000000 ) ) ;
#3128 = EDGE_CURVE ( 'NONE', #2715, #2034, #7083, .T. ) ;
#3129 = ORIENTED_EDGE ( 'NONE', *, *, #3244, .F. ) ;
#3130 = ORIENTED_EDGE ( 'NONE', *, *, #3427, .T. ) ;
#3131 = CARTESIAN_POINT ( 'NONE',  ( -3.444179040000000062E-15, 1.930000000000000160, 11.42999999999999972 ) ) ;
#3132 = EDGE_CURVE ( 'NONE', #3199, #459, #5281, .T. ) ;
#3133 = CARTESIAN_POINT ( 'NONE',  ( -6.079063216534319913, 1.999367434729955262, 9.304524200160000768E-05 ) ) ;
#3134 = EDGE_CURVE ( 'NONE', #1952, #5954, #2254, .T. ) ;
#3135 = EDGE_LOOP ( 'NONE', ( #6866, #7166, #715, #6339 ) ) ;
#3136 = CARTESIAN_POINT ( 'NONE',  ( 1.289689544324720272, -1.181141555084378014, -0.2971694391964329607 ) ) ;
#3137 = CARTESIAN_POINT ( 'NONE',  ( -2.932428839189914704, -1.228198379775334859, -0.2250848033304345408 ) ) ;
#3138 = CARTESIAN_POINT ( 'NONE',  ( -4.984717379268601256, -1.251133851394908403, -0.3068494221785387222 ) ) ;
#3139 = DIRECTION ( 'NONE',  ( 0.000000000000000000, 0.000000000000000000, -1.000000000000000000 ) ) ;
#3140 = EDGE_LOOP ( 'NONE', ( #682, #4707, #5382, #3103 ) ) ;
#3141 = CARTESIAN_POINT ( 'NONE',  ( 5.456137010466187931, 1.113578063160325371, -0.2006028789974787507 ) ) ;
#3142 = VERTEX_POINT ( 'NONE', #7715 ) ;
#3143 = DIRECTION ( 'NONE',  ( 0.000000000000000000, 0.000000000000000000, 1.000000000000000000 ) ) ;
#3144 = CARTESIAN_POINT ( 'NONE',  ( 5.608295604192890416, 1.647088957292864864, -0.06217379216453679941 ) ) ;
#3145 = CARTESIAN_POINT ( 'NONE',  ( -2.550000000000000266, 2.939999999999999947, 2.449999999999999734 ) ) ;
#3146 = CARTESIAN_POINT ( 'NONE',  ( -6.349999999999999645, -2.939999999999999947, 0.000000000000000000 ) ) ;
#3147 = CARTESIAN_POINT ( 'NONE',  ( -4.962499999999999467, -3.140000000000000124, 2.765000000000000124 ) ) ;
#3148 = LINE ( 'NONE', #5635, #2759 ) ;
#3149 = VERTEX_POINT ( 'NONE', #467 ) ;
#3150 = FACE_OUTER_BOUND ( 'NONE', #3224, .T. ) ;
#3151 = ORIENTED_EDGE ( 'NONE', *, *, #7724, .T. ) ;
#3152 = ORIENTED_EDGE ( 'NONE', *, *, #667, .F. ) ;
#3153 = LINE ( 'NONE', #3200, #3584 ) ;
#3154 = CARTESIAN_POINT ( 'NONE',  ( -6.078478031053371033, 2.000000000000000000, 0.000000000000000000 ) ) ;
#3155 = DIRECTION ( 'NONE',  ( -1.000000000000000000, 0.000000000000000000, 0.000000000000000000 ) ) ;
#3156 = CARTESIAN_POINT ( 'NONE',  ( 5.743425758807300774, -1.510970648986669884, -0.05444292154794980881 ) ) ;
#3157 = VECTOR ( 'NONE', #4936, 1000.000000000000000 ) ;
#3158 = CARTESIAN_POINT ( 'NONE',  ( 2.542022036642485272, 1.426804316408876172, -0.1776425990749500028 ) ) ;
#3159 = CIRCLE ( 'NONE', #5846, 0.1999999999999870770 ) ;
#3160 = EDGE_LOOP ( 'NONE', ( #7225, #7780, #6057, #2789 ) ) ;
#3161 = CARTESIAN_POINT ( 'NONE',  ( 0.000000000000000000, 3.318000000000000060, 3.409999999999999698 ) ) ;
#3162 = DIRECTION ( 'NONE',  ( -1.000000000000000000, 0.000000000000000000, 0.000000000000000000 ) ) ;
#3163 = VECTOR ( 'NONE', #2193, 1000.000000000000000 ) ;
#3164 = CARTESIAN_POINT ( 'NONE',  ( -1.964105169755109959, -1.266577481504106206, -0.2059534227706900089 ) ) ;
#3165 = DIRECTION ( 'NONE',  ( 1.000000000000000000, 0.000000000000000000, 0.000000000000000000 ) ) ;
#3166 = VECTOR ( 'NONE', #122, 1000.000000000000000 ) ;
#3167 = EDGE_LOOP ( 'NONE', ( #5042, #4176, #1318, #7624, #6806, #6584, #4783, #2088 ) ) ;
#3168 = LINE ( 'NONE', #7409, #414 ) ;
#3169 = EDGE_CURVE ( 'NONE', #5787, #3660, #3289, .T. ) ;
#3170 = AXIS2_PLACEMENT_3D ( 'NONE', #1815, #3632, #1975 ) ;
#3171 = VERTEX_POINT ( 'NONE', #1512 ) ;
#3172 = CARTESIAN_POINT ( 'NONE',  ( 0.5518643981259767628, 0.8011143906223184841, -0.5280936464021526167 ) ) ;
#3173 = VECTOR ( 'NONE', #4601, 1000.000000000000000 ) ;
#3174 = EDGE_CURVE ( 'NONE', #1113, #2573, #3923, .T. ) ;
#3175 = AXIS2_PLACEMENT_3D ( 'NONE', #2058, #4484, #5707 ) ;
#3176 = VECTOR ( 'NONE', #3071, 1000.000000000000000 ) ;
#3177 = ADVANCED_FACE ( 'NONE', ( #2726 ), #5166, .T. ) ;
#3178 = LINE ( 'NONE', #2543, #629 ) ;
#3179 = EDGE_LOOP ( 'NONE', ( #717, #3629, #2339, #3023, #2122, #5558, #2830, #6315, #3627, #357 ) ) ;
#3180 = AXIS2_PLACEMENT_3D ( 'NONE', #2667, #6727, #7337 ) ;
#3181 = PLANE ( 'NONE',  #6995 ) ;
#3182 = PLANE ( 'NONE',  #3301 ) ;
#3183 = DIRECTION ( 'NONE',  ( 0.000000000000000000, 1.000000000000000000, 0.000000000000000000 ) ) ;
#3184 = EDGE_CURVE ( 'NONE', #7421, #3636, #994, .T. ) ;
#3185 = ORIENTED_EDGE ( 'NONE', *, *, #5044, .F. ) ;
#3186 = LINE ( 'NONE', #6853, #2949 ) ;
#3187 = ORIENTED_EDGE ( 'NONE', *, *, #4740, .F. ) ;
#3188 = DIRECTION ( 'NONE',  ( 0.000000000000000000, -1.000000000000000000, 0.000000000000000000 ) ) ;
#3189 = DIRECTION ( 'NONE',  ( 1.000000000000000000, 0.000000000000000000, 0.000000000000000000 ) ) ;
#3190 = CARTESIAN_POINT ( 'NONE',  ( -2.600000000000000089, -2.939999999999999947, 2.449999999999999734 ) ) ;
#3191 = CARTESIAN_POINT ( 'NONE',  ( -5.296834813979999987E-05, -1.034213413047980090, -0.5645924561847879275 ) ) ;
#3192 = FACE_OUTER_BOUND ( 'NONE', #3534, .T. ) ;
#3193 = DIRECTION ( 'NONE',  ( 0.000000000000000000, 1.000000000000000000, 0.000000000000000000 ) ) ;
#3194 = B_SPLINE_CURVE_WITH_KNOTS ( 'NONE', 3,
 ( #626, #829, #6273, #2019, #866, #6791, #1509, #6227, #6310, #7473, #2723, #6959, #3202, #790 ),
 .UNSPECIFIED., .F., .F.,
 ( 4, 1, 1, 1, 1, 1, 1, 1, 1, 1, 1, 4 ),
 ( 0.000000000000000000, 0.05713930184949165408, 0.1361050022368685830, 0.2940364030116230931, 0.3993240035281266365, 0.5046116040446301243, 0.6098992045611336676, 0.6625430048193844401, 0.7151868050776353236, 0.8204744055941387559, 0.9257620061106421883, 1.000000000000000000 ),
 .UNSPECIFIED. ) ;
#3195 = AXIS2_PLACEMENT_3D ( 'NONE', #814, #772, #1493 ) ;
#3196 = ORIENTED_EDGE ( 'NONE', *, *, #7331, .T. ) ;
#3197 = CARTESIAN_POINT ( 'NONE',  ( -4.576022849314179908, 1.015000051719814111, -0.5687551399637220673 ) ) ;
#3198 = ORIENTED_EDGE ( 'NONE', *, *, #6967, .T. ) ;
#3199 = VERTEX_POINT ( 'NONE', #3076 ) ;
#3200 = CARTESIAN_POINT ( 'NONE',  ( 4.899999999999999467, -2.939999999999999947, 2.449999999999999734 ) ) ;
#3201 = VECTOR ( 'NONE', #3188, 1000.000000000000000 ) ;
#3202 = CARTESIAN_POINT ( 'NONE',  ( 0.1079513864000156836, -1.096637808466931485, -0.4841397342791459724 ) ) ;
#3203 = CARTESIAN_POINT ( 'NONE',  ( -6.080000000000000071, 2.000000000000000000, -0.0006094550547221999279 ) ) ;
#3204 = CARTESIAN_POINT ( 'NONE',  ( 4.657689090021829514, -1.014971406416628197, -0.6000450791453130206 ) ) ;
#3205 = CARTESIAN_POINT ( 'NONE',  ( 4.631180664261090207, 1.063401627088810031, -0.5266076984957051010 ) ) ;
#3206 = VECTOR ( 'NONE', #5252, 1000.000000000000114 ) ;
#3207 = ORIENTED_EDGE ( 'NONE', *, *, #606, .F. ) ;
#3208 = CYLINDRICAL_SURFACE ( 'NONE', #7660, 0.7799999999999999156 ) ;
#3209 = CARTESIAN_POINT ( 'NONE',  ( 3.550000000000000266, 2.050000000000000266, 6.349999999999999645 ) ) ;
#3210 = CARTESIAN_POINT ( 'NONE',  ( 5.456287988511019371, -1.113787196500061194, -0.2005110309256607493 ) ) ;
#3211 = DIRECTION ( 'NONE',  ( 0.000000000000000000, 1.000000000000000000, 0.000000000000000000 ) ) ;
#3212 = EDGE_CURVE ( 'NONE', #1809, #6750, #4768, .T. ) ;
#3213 = ADVANCED_FACE ( 'NONE', ( #587 ), #4159, .T. ) ;
#3214 = CARTESIAN_POINT ( 'NONE',  ( 0.7828678246082599879, 1.930000000000000160, 11.29681751662950084 ) ) ;
#3215 = ORIENTED_EDGE ( 'NONE', *, *, #3218, .T. ) ;
#3216 = CARTESIAN_POINT ( 'NONE',  ( -6.024743435463923547, 1.900879353819448170, -0.004167816995302302784 ) ) ;
#3217 = CARTESIAN_POINT ( 'NONE',  ( -4.767934908503820068, 1.067926278285996178, -0.5141612662930390432 ) ) ;
#3218 = EDGE_CURVE ( 'NONE', #6135, #1338, #58, .T. ) ;
#3219 = ORIENTED_EDGE ( 'NONE', *, *, #1151, .F. ) ;
#3220 = CARTESIAN_POINT ( 'NONE',  ( -2.612235903986101171, -1.278970112518148960, -0.2004682972165282573 ) ) ;
#3221 = B_SPLINE_SURFACE_WITH_KNOTS ( 'NONE', 3, 3, ( 
 ( #4530, #5083, #1472, #7522, #6794, #4444, #3204 ),
 ( #2066, #4491, #1348, #3882, #3723, #6313, #5556 ),
 ( #3757, #868, #6154, #707, #2606, #1987, #6831 ),
 ( #3121, #6874, #2524, #4964, #1432, #742, #5048 ),
 ( #3156, #5599, #151, #2570, #3846, #5012, #1387 ),
 ( #7441, #3794, #6231, #792, #5644, #191, #7049 ),
 ( #7602, #6466, #6351, #3971, #5835, #1664, #7004 ) ),
 .UNSPECIFIED., .F., .F., .F.,
 ( 4, 1, 1, 1, 4 ),
 ( 4, 1, 1, 1, 4 ),
 ( 0.5651974132767950687, 0.7658449533021339795, 0.9664383435766109587, 1.233896197275913931, 1.502295163897615193 ),
 ( -0.0009938074157750001296, 0.2857142857142860315, 0.5714285714285709528, 0.8571428571428569843, 1.000056306310004084 ),
 .UNSPECIFIED. ) ;
#3222 = CARTESIAN_POINT ( 'NONE',  ( -6.078478031053430541, -2.000000000000000000, 0.000000000000000000 ) ) ;
#3223 = DIRECTION ( 'NONE',  ( 0.000000000000000000, 0.000000000000000000, 1.000000000000000000 ) ) ;
#3224 = EDGE_LOOP ( 'NONE', ( #75, #6593, #1736, #4389, #1829 ) ) ;
#3225 = CARTESIAN_POINT ( 'NONE',  ( 1.930000000000000160, 1.930000000000000160, 10.52999999999999936 ) ) ;
#3226 = ORIENTED_EDGE ( 'NONE', *, *, #2108, .T. ) ;
#3227 = ADVANCED_FACE ( 'NONE', ( #7197 ), #5434, .T. ) ;
#3228 = CARTESIAN_POINT ( 'NONE',  ( -3.550000000000000266, -2.050000000000000266, 5.989999999999999325 ) ) ;
#3229 = CARTESIAN_POINT ( 'NONE',  ( 4.740417673146227528, -1.031301525255502671, -0.5712852835216450931 ) ) ;
#3230 = LINE ( 'NONE', #2627, #7364 ) ;
#3231 = CARTESIAN_POINT ( 'NONE',  ( 0.1887301014381785047, 1.930000000000000160, 11.10513047107099993 ) ) ;
#3232 = ADVANCED_FACE ( 'NONE', ( #7310 ), #7866, .F. ) ;
#3234 = EDGE_CURVE ( 'NONE', #6669, #1811, #4836, .T. ) ;
#3233 = FACE_OUTER_BOUND ( 'NONE', #2957, .T. ) ;
#3235 = DIRECTION ( 'NONE',  ( 0.000000000000000000, 0.000000000000000000, 1.000000000000000000 ) ) ;
#3236 = ORIENTED_EDGE ( 'NONE', *, *, #6938, .T. ) ;
#3237 = LINE ( 'NONE', #6914, #5103 ) ;
#3238 = ORIENTED_EDGE ( 'NONE', *, *, #5827, .F. ) ;
#3239 = VERTEX_POINT ( 'NONE', #3634 ) ;
#3240 = PLANE ( 'NONE',  #4619 ) ;
#3241 = EDGE_CURVE ( 'NONE', #1113, #3504, #7275, .T. ) ;
#3242 = CARTESIAN_POINT ( 'NONE',  ( -4.850000000000000533, -3.140000000000000124, 2.750000000000000000 ) ) ;
#3243 = DIRECTION ( 'NONE',  ( 0.2562207112933989062, 0.000000000000000000, -0.9666183047637286752 ) ) ;
#3244 = EDGE_CURVE ( 'NONE', #2102, #1719, #5361, .T. ) ;
#3245 = DIRECTION ( 'NONE',  ( 0.000000000000000000, 1.000000000000000000, 0.000000000000000000 ) ) ;
#3246 = CARTESIAN_POINT ( 'NONE',  ( 4.595952555540899986, 1.020356069015631917, -0.5702103656244609242 ) ) ;
#3247 = ORIENTED_EDGE ( 'NONE', *, *, #3867, .T. ) ;
#3248 = DIRECTION ( 'NONE',  ( -0.000000000000000000, 1.000000000000000000, 0.000000000000000000 ) ) ;
#3249 = LINE ( 'NONE', #5648, #5243 ) ;
#3250 = CARTESIAN_POINT ( 'NONE',  ( -0.6123385083052179656, -3.140000000000000124, 3.893157894736839708 ) ) ;
#3251 = CARTESIAN_POINT ( 'NONE',  ( -5.786000000000000476, -0.6350000000000000089, -0.08299999999999821410 ) ) ;
#3252 = CARTESIAN_POINT ( 'NONE',  ( 2.600000000000000089, -3.140000000000000124, 2.449999999999999734 ) ) ;
#3253 = ORIENTED_EDGE ( 'NONE', *, *, #5676, .F. ) ;
#3254 = CYLINDRICAL_SURFACE ( 'NONE', #6503, 1.260000000000000009 ) ;
#3255 = CARTESIAN_POINT ( 'NONE',  ( -5.072002580746080902, 0.8240498720455249337, -0.5619300962812731060 ) ) ;
#3256 = ORIENTED_EDGE ( 'NONE', *, *, #5770, .T. ) ;
#3257 = CARTESIAN_POINT ( 'NONE',  ( 0.7828678246082599879, -1.930000000000000160, 11.29681751662950084 ) ) ;
#3258 = CARTESIAN_POINT ( 'NONE',  ( -2.600000000000000089, -2.939999999999999947, 2.449999999999999734 ) ) ;
#3259 = VERTEX_POINT ( 'NONE', #1710 ) ;
#3260 = CARTESIAN_POINT ( 'NONE',  ( -2.550000000000000266, -2.939999999999999947, 2.449999999999999734 ) ) ;
#3261 = VERTEX_POINT ( 'NONE', #1818 ) ;
#3262 = LINE ( 'NONE', #86, #4346 ) ;
#3263 = ORIENTED_EDGE ( 'NONE', *, *, #2826, .F. ) ;
#3264 = CARTESIAN_POINT ( 'NONE',  ( 4.899999999999999467, 3.299999999999999822, 3.899999999999999911 ) ) ;
#3265 = CARTESIAN_POINT ( 'NONE',  ( 6.349999999999999645, 3.299999999999999822, 1.350000000000000089 ) ) ;
#3266 = LINE ( 'NONE', #2556, #4053 ) ;
#3267 = FACE_OUTER_BOUND ( 'NONE', #4747, .T. ) ;
#3268 = CARTESIAN_POINT ( 'NONE',  ( 0.8800000000000109956, -0.6350000000058929617, -7.419999999998291074 ) ) ;
#3269 = CARTESIAN_POINT ( 'NONE',  ( -6.349999999999999645, -2.939999999999999947, 0.000000000000000000 ) ) ;
#3270 = EDGE_CURVE ( 'NONE', #3416, #4967, #6065, .T. ) ;
#3271 = EDGE_LOOP ( 'NONE', ( #4188, #1036, #3413, #5494 ) ) ;
#3272 = PLANE ( 'NONE',  #7651 ) ;
#3273 = ORIENTED_EDGE ( 'NONE', *, *, #747, .T. ) ;
#3274 = ORIENTED_EDGE ( 'NONE', *, *, #6286, .T. ) ;
#3275 = ADVANCED_FACE ( 'NONE', ( #2335 ), #1257, .F. ) ;
#3276 = CARTESIAN_POINT ( 'NONE',  ( 2.799999999999999822, -2.000000000000000000, 4.989999999999999325 ) ) ;
#3277 = CARTESIAN_POINT ( 'NONE',  ( -6.080000000000000071, -2.000000000000000000, -0.0006094550547221999279 ) ) ;
#3278 = ADVANCED_FACE ( 'NONE', ( #6582 ), #5470, .T. ) ;
#3279 = CARTESIAN_POINT ( 'NONE',  ( -4.724360382504409372, 1.063090845069733836, -0.5294193711462620300 ) ) ;
#3280 = DIRECTION ( 'NONE',  ( 1.000000000000000000, 0.000000000000000000, 0.000000000000000000 ) ) ;
#3281 = CARTESIAN_POINT ( 'NONE',  ( 2.533888218782339496, 1.320673024803505902, -0.1962047760578624900 ) ) ;
#3282 = ORIENTED_EDGE ( 'NONE', *, *, #7360, .F. ) ;
#3283 = LINE ( 'NONE', #273, #1938 ) ;
#3284 = EDGE_CURVE ( 'NONE', #3682, #7498, #1854, .T. ) ;
#3285 = CARTESIAN_POINT ( 'NONE',  ( 0.3800000000000000044, -0.6350000000000000089, -0.6499999999999909184 ) ) ;
#3286 = CARTESIAN_POINT ( 'NONE',  ( -6.079680310118490638, -1.986277489641699923, -1.660868661999999668E-13 ) ) ;
#3287 = CARTESIAN_POINT ( 'NONE',  ( -6.349999999999999645, 2.810000000000000053, 6.049999999999999822 ) ) ;
#3288 = CARTESIAN_POINT ( 'NONE',  ( 4.580582832302679819, -0.7100667059457390629, -0.7165651275356620387 ) ) ;
#3289 = CIRCLE ( 'NONE', #6216, 0.7249999999999999778 ) ;
#3290 = CARTESIAN_POINT ( 'NONE',  ( -4.731791999851660435, -1.048579259157860211, -0.5489948252955039187 ) ) ;
#3291 = EDGE_LOOP ( 'NONE', ( #862, #507, #3538, #4259, #4399, #6129, #4220, #7117 ) ) ;
#3292 = EDGE_LOOP ( 'NONE', ( #5624, #4415, #5195, #2174 ) ) ;
#3293 = DIRECTION ( 'NONE',  ( -0.2562207112934029585, 0.000000000000000000, 0.9666183047637276760 ) ) ;
#3294 = VECTOR ( 'NONE', #3165, 1000.000000000000000 ) ;
#3295 = DIRECTION ( 'NONE',  ( 1.000000000000000000, 0.000000000000000000, 0.000000000000000000 ) ) ;
#3296 = ORIENTED_EDGE ( 'NONE', *, *, #2186, .T. ) ;
#3297 = LINE ( 'NONE', #975, #4697 ) ;
#3298 = AXIS2_PLACEMENT_3D ( 'NONE', #3480, #5914, #5315 ) ;
#3299 = CIRCLE ( 'NONE', #1912, 0.5000000000000071054 ) ;
#3300 = DIRECTION ( 'NONE',  ( 0.000000000000000000, 0.000000000000000000, 1.000000000000000000 ) ) ;
#3301 = AXIS2_PLACEMENT_3D ( 'NONE', #6771, #4470, #169 ) ;
#3302 = EDGE_LOOP ( 'NONE', ( #5590, #243, #118, #6292 ) ) ;
#3303 = DIRECTION ( 'NONE',  ( 0.000000000000000000, 1.000000000000000000, 0.000000000000000000 ) ) ;
#3304 = EDGE_LOOP ( 'NONE', ( #6242, #423, #3274, #6514 ) ) ;
#3305 = CARTESIAN_POINT ( 'NONE',  ( -4.417949790085390127, -1.015000032181169853, -0.5420028887597710954 ) ) ;
#3306 = VECTOR ( 'NONE', #7045, 1000.000000000000000 ) ;
#3307 = CARTESIAN_POINT ( 'NONE',  ( -4.393800880030144462, -0.7759119394152831362, -0.6239910139303099790 ) ) ;
#3308 = B_SPLINE_CURVE_WITH_KNOTS ( 'NONE', 3,
 ( #246, #7422, #1970, #3141, #2623, #4942, #5067 ),
 .UNSPECIFIED., .F., .F.,
 ( 4, 1, 1, 1, 4 ),
 ( 0.000000000000000000, 0.2812967924132745434, 0.5688836340132548131, 0.7845737652132411810, 1.000000000000000000 ),
 .UNSPECIFIED. ) ;
#3309 = VECTOR ( 'NONE', #5308, 1000.000000000000000 ) ;
#3310 = CARTESIAN_POINT ( 'NONE',  ( 5.727810146398069513, 1.527044828719904990, -0.05878093477416659884 ) ) ;
#3311 = EDGE_CURVE ( 'NONE', #3993, #4861, #6895, .T. ) ;
#3312 = ORIENTED_EDGE ( 'NONE', *, *, #5028, .T. ) ;
#3313 = DIRECTION ( 'NONE',  ( 0.000000000000000000, -1.000000000000000000, 0.000000000000000000 ) ) ;
#3314 = DIRECTION ( 'NONE',  ( 1.000000000000000000, 0.000000000000000000, 0.000000000000000000 ) ) ;
#3315 = DIRECTION ( 'NONE',  ( 1.000000000000000000, 0.000000000000000000, 0.000000000000000000 ) ) ;
#3316 = ORIENTED_EDGE ( 'NONE', *, *, #7574, .F. ) ;
#3317 = DIRECTION ( 'NONE',  ( 0.7071067811865476838, 0.000000000000000000, 0.7071067811865474617 ) ) ;
#3318 = VECTOR ( 'NONE', #1288, 1000.000000000000000 ) ;
#3319 = VERTEX_POINT ( 'NONE', #3556 ) ;
#3320 = ORIENTED_EDGE ( 'NONE', *, *, #2081, .T. ) ;
#3321 = B_SPLINE_CURVE_WITH_KNOTS ( 'NONE', 3,
 ( #7843, #444, #2264, #2378, #4173, #2856, #5329 ),
 .UNSPECIFIED., .F., .F.,
 ( 4, 1, 1, 1, 4 ),
 ( 0.000000000000000000, 0.1579093224307116239, 0.3931429857398077155, 0.7067878701519343387, 1.000000000000000000 ),
 .UNSPECIFIED. ) ;
#3322 = CARTESIAN_POINT ( 'NONE',  ( -3.374342577034469937, 1.120491026370616039, -0.2898340435305760132 ) ) ;
#3323 = FACE_OUTER_BOUND ( 'NONE', #1963, .T. ) ;
#3324 = CARTESIAN_POINT ( 'NONE',  ( 2.550000000000000266, 3.299999999999999822, 2.449999999999999734 ) ) ;
#3325 = CIRCLE ( 'NONE', #7154, 0.1999999999999870770 ) ;
#3326 = EDGE_LOOP ( 'NONE', ( #1530, #95, #604, #7825 ) ) ;
#3327 = DIRECTION ( 'NONE',  ( 1.000000000000000000, 0.000000000000000000, 0.000000000000000000 ) ) ;
#3328 = EDGE_CURVE ( 'NONE', #5437, #143, #5993, .T. ) ;
#3329 = CARTESIAN_POINT ( 'NONE',  ( 3.370860538727949773, 1.295364450606989903, -0.2565361320962294966 ) ) ;
#3330 = EDGE_LOOP ( 'NONE', ( #6513, #6163, #6306, #7827 ) ) ;
#3331 = LINE ( 'NONE', #2146, #6381 ) ;
#3332 = VECTOR ( 'NONE', #6929, 1000.000000000000000 ) ;
#3333 = CARTESIAN_POINT ( 'NONE',  ( 4.319999999877819796, -1.015000000204754116, -0.5232819823221819266 ) ) ;
#3334 = CARTESIAN_POINT ( 'NONE',  ( 0.7800000000000000266, 3.299999999999999822, 3.409999999999999698 ) ) ;
#3335 = EDGE_CURVE ( 'NONE', #6551, #2330, #4974, .T. ) ;
#3336 = CARTESIAN_POINT ( 'NONE',  ( -2.350000000000000089, 1.418706256911986152, -5.195552197505760361 ) ) ;
#3337 = CARTESIAN_POINT ( 'NONE',  ( 3.370504192758855044, -1.106121749985552016, -0.2892061826460919916 ) ) ;
#3338 = CARTESIAN_POINT ( 'NONE',  ( -0.7800000000000000266, -3.299999999999999822, 1.350000000000000089 ) ) ;
#3339 = ADVANCED_FACE ( 'NONE', ( #4198 ), #5038, .T. ) ;
#3340 = AXIS2_PLACEMENT_3D ( 'NONE', #3754, #5641, #5553 ) ;
#3341 = EDGE_CURVE ( 'NONE', #4137, #4144, #4395, .T. ) ;
#3342 = ORIENTED_EDGE ( 'NONE', *, *, #6905, .T. ) ;
#3343 = ORIENTED_EDGE ( 'NONE', *, *, #5525, .T. ) ;
#3344 = CARTESIAN_POINT ( 'NONE',  ( 4.487386317085083398, -1.015000002021906544, -0.5566121157162604582 ) ) ;
#3345 = LINE ( 'NONE', #7024, #6352 ) ;
#3346 = EDGE_CURVE ( 'NONE', #3689, #199, #3714, .T. ) ;
#3347 = ORIENTED_EDGE ( 'NONE', *, *, #6017, .T. ) ;
#3348 = LINE ( 'NONE', #448, #1400 ) ;
#3349 = DIRECTION ( 'NONE',  ( -1.000000000000000000, 0.000000000000000000, 0.000000000000000000 ) ) ;
#3350 = ORIENTED_EDGE ( 'NONE', *, *, #6045, .T. ) ;
#3351 = CARTESIAN_POINT ( 'NONE',  ( -4.320000016516558183, -0.8290063291892428854, -0.5999053712223201273 ) ) ;
#3352 = ORIENTED_EDGE ( 'NONE', *, *, #650, .F. ) ;
#3353 = LINE ( 'NONE', #7588, #7282 ) ;
#3354 = CARTESIAN_POINT ( 'NONE',  ( 4.722107370522380165, 1.061495294223834041, -0.5266904878819419489 ) ) ;
#3355 = ORIENTED_EDGE ( 'NONE', *, *, #3382, .T. ) ;
#3356 = LINE ( 'NONE', #5788, #7390 ) ;
#3357 = DIRECTION ( 'NONE',  ( -0.000000000000000000, 1.000000000000000000, 0.000000000000000000 ) ) ;
#3358 = CARTESIAN_POINT ( 'NONE',  ( -3.279373212639999418E-05, -1.069236470509624004, -0.5210077773899559617 ) ) ;
#3359 = DIRECTION ( 'NONE',  ( 1.000000000000000000, 0.000000000000000000, 0.000000000000000000 ) ) ;
#3360 = VERTEX_POINT ( 'NONE', #2013 ) ;
#3361 = ORIENTED_EDGE ( 'NONE', *, *, #7367, .F. ) ;
#3362 = EDGE_CURVE ( 'NONE', #6964, #904, #858, .T. ) ;
#3363 = CARTESIAN_POINT ( 'NONE',  ( -3.464340378442420043, 1.368437116273736098, -0.2260029292023814917 ) ) ;
#3364 = CARTESIAN_POINT ( 'NONE',  ( 6.349999999999999645, -2.834999999999999964, 5.989999999999999325 ) ) ;
#3365 = LINE ( 'NONE', #4040, #4709 ) ;
#3366 = LINE ( 'NONE', #4084, #6725 ) ;
#3367 = CARTESIAN_POINT ( 'NONE',  ( -0.7828678246082599879, -1.930000000000000160, 11.29681751662950084 ) ) ;
#3368 = CARTESIAN_POINT ( 'NONE',  ( 1.764990519676010061, 1.462170166126462112, -0.1704229354076765290 ) ) ;
#3369 = ORIENTED_EDGE ( 'NONE', *, *, #4058, .F. ) ;
#3370 = DIRECTION ( 'NONE',  ( 0.000000000000000000, 0.000000000000000000, -1.000000000000000000 ) ) ;
#3371 = DIRECTION ( 'NONE',  ( 1.000000000000000000, 0.000000000000000000, 0.000000000000000000 ) ) ;
#3372 = LINE ( 'NONE', #2886, #40 ) ;
#3373 = CARTESIAN_POINT ( 'NONE',  ( -5.080000000000000071, 1.015000000000000124, -0.6499999999999909184 ) ) ;
#3374 = CARTESIAN_POINT ( 'NONE',  ( 4.488367280683044136, -0.7425607181824009917, -0.6708955059390199205 ) ) ;
#3375 = CARTESIAN_POINT ( 'NONE',  ( -4.700000000000000178, -2.674999999999999822, 5.190000000000000391 ) ) ;
#3376 = ORIENTED_EDGE ( 'NONE', *, *, #1337, .T. ) ;
#3377 = DIRECTION ( 'NONE',  ( 0.000000000000000000, 0.000000000000000000, 1.000000000000000000 ) ) ;
#3378 = EDGE_CURVE ( 'NONE', #2891, #3866, #3610, .T. ) ;
#3379 = EDGE_CURVE ( 'NONE', #2381, #6283, #783, .T. ) ;
#3380 = CARTESIAN_POINT ( 'NONE',  ( -0.3801059963274320275, 0.7326460284779110488, -0.6000176156804030159 ) ) ;
#3381 = VERTEX_POINT ( 'NONE', #3112 ) ;
#3382 = EDGE_CURVE ( 'NONE', #283, #6669, #3148, .T. ) ;
#3383 = CARTESIAN_POINT ( 'NONE',  ( 9.039999999999999147, 0.6350000000000000089, -4.370000000000000107 ) ) ;
#3384 = CARTESIAN_POINT ( 'NONE',  ( 1.034811480003838158, -1.930000000000000160, 11.21316523494646056 ) ) ;
#3385 = ORIENTED_EDGE ( 'NONE', *, *, #6063, .F. ) ;
#3386 = DIRECTION ( 'NONE',  ( 0.000000000000000000, 1.000000000000000000, 0.000000000000000000 ) ) ;
#3387 =( BOUNDED_CURVE ( )  B_SPLINE_CURVE ( 3, ( #1058, #3465, #3351, #7665 ),
 .UNSPECIFIED., .F., .F. ) 
 B_SPLINE_CURVE_WITH_KNOTS ( ( 4, 4 ),
 ( 5.039642373847009971, 5.584393570706379428 ),
 .UNSPECIFIED. ) 
 CURVE ( )  GEOMETRIC_REPRESENTATION_ITEM ( )  RATIONAL_B_SPLINE_CURVE ( ( 1.000000000000000000, 0.9754230204506401103, 0.9754230204506401103, 1.000000000000000000 ) ) 
 REPRESENTATION_ITEM ( '' )  );
#3388 = PRODUCT_DEFINITION ( 'UNKNOWN', '', #2912, #5199 ) ;
#3389 = EDGE_LOOP ( 'NONE', ( #3068, #4719, #6756, #827, #1423, #3236, #7685, #6843, #5936, #4975 ) ) ;
#3390 = CARTESIAN_POINT ( 'NONE',  ( -4.518175330927249433, -1.015000020786017920, -0.5595410967619229847 ) ) ;
#3391 = ADVANCED_FACE ( 'NONE', ( #4914 ), #6782, .T. ) ;
#3392 = CARTESIAN_POINT ( 'NONE',  ( 5.109120554305819795, 0.7066068450517839494, -0.5506396331449729953 ) ) ;
#3393 = ORIENTED_EDGE ( 'NONE', *, *, #535, .F. ) ;
#3394 = CARTESIAN_POINT ( 'NONE',  ( -0.02135050556352120071, -1.040930510098315942, -0.5599753237337269374 ) ) ;
#3395 = CARTESIAN_POINT ( 'NONE',  ( 4.320000000000000284, 1.015000000000000124, -0.6499999999999909184 ) ) ;
#3396 = LINE ( 'NONE', #4000, #6225 ) ;
#3397 = DIRECTION ( 'NONE',  ( -1.000000000000000000, 0.000000000000000000, 0.000000000000000000 ) ) ;
#3398 = ORIENTED_EDGE ( 'NONE', *, *, #2390, .F. ) ;
#3399 = VERTEX_POINT ( 'NONE', #182 ) ;
#3400 = CARTESIAN_POINT ( 'NONE',  ( -3.956275671547185624, 0.8997454612057069756, -0.4449076842466570536 ) ) ;
#3401 = PLANE ( 'NONE',  #3817 ) ;
#3402 = PLANE ( 'NONE',  #4837 ) ;
#3403 = CARTESIAN_POINT ( 'NONE',  ( -6.985000000000000320, -3.233999999999999986, 0.000000000000000000 ) ) ;
#3404 = DIRECTION ( 'NONE',  ( 0.000000000000000000, 0.000000000000000000, 1.000000000000000000 ) ) ;
#3405 = CARTESIAN_POINT ( 'NONE',  ( 2.047104187852855084, 1.309135181153306071, -0.2019839896821904734 ) ) ;
#3406 = ORIENTED_EDGE ( 'NONE', *, *, #1103, .F. ) ;
#3407 = CARTESIAN_POINT ( 'NONE',  ( 4.899999999999999467, 2.939999999999999947, 3.899999999999999911 ) ) ;
#3408 = LINE ( 'NONE', #5840, #3206 ) ;
#3409 = DIRECTION ( 'NONE',  ( 0.000000000000000000, -1.000000000000000000, 0.000000000000000000 ) ) ;
#3410 = CARTESIAN_POINT ( 'NONE',  ( 3.397449164367460028, -1.190805785379321913, -0.2870183090637324907 ) ) ;
#3411 = ADVANCED_FACE ( 'NONE', ( #6862 ), #6822, .F. ) ;
#3412 = DIRECTION ( 'NONE',  ( 0.000000000000000000, 0.000000000000000000, -1.000000000000000000 ) ) ;
#3413 = ORIENTED_EDGE ( 'NONE', *, *, #4216, .T. ) ;
#3414 = CARTESIAN_POINT ( 'NONE',  ( 0.000000000000000000, 0.000000000000000000, 3.040000000000000036 ) ) ;
#3415 = DIRECTION ( 'NONE',  ( 0.000000000000000000, 0.000000000000000000, 1.000000000000000000 ) ) ;
#3416 = VERTEX_POINT ( 'NONE', #1378 ) ;
#3417 = DIRECTION ( 'NONE',  ( 0.000000000000000000, -1.000000000000000000, 0.000000000000000000 ) ) ;
#3418 = CARTESIAN_POINT ( 'NONE',  ( -0.2669868181195300116, 1.930000000000000160, 11.40036177549232121 ) ) ;
#3419 = EDGE_CURVE ( 'NONE', #171, #2438, #6684, .T. ) ;
#3420 = VECTOR ( 'NONE', #4392, 1000.000000000000000 ) ;
#3421 = ORIENTED_EDGE ( 'NONE', *, *, #1402, .F. ) ;
#3422 = PLANE ( 'NONE',  #1928 ) ;
#3423 = VECTOR ( 'NONE', #4624, 1000.000000000000000 ) ;
#3424 = VERTEX_POINT ( 'NONE', #2515 ) ;
#3425 = PLANE ( 'NONE',  #2435 ) ;
#3426 = AXIS2_PLACEMENT_3D ( 'NONE', #4585, #5259, #2705 ) ;
#3427 = EDGE_CURVE ( 'NONE', #5812, #6090, #5669, .T. ) ;
#3428 = VERTEX_POINT ( 'NONE', #6181 ) ;
#3429 = CARTESIAN_POINT ( 'NONE',  ( 0.1562734219551220050, -0.7231135920337029566, -0.6984289740089049126 ) ) ;
#3430 = VECTOR ( 'NONE', #4344, 1000.000000000000000 ) ;
#3431 = CARTESIAN_POINT ( 'NONE',  ( 4.724360944167240284, 1.063092866005570070, -0.5294166342961349470 ) ) ;
#3432 = CARTESIAN_POINT ( 'NONE',  ( 2.021196535254560445, 1.507372962463374044, -0.1458111501981368685 ) ) ;
#3433 = EDGE_CURVE ( 'NONE', #879, #7157, #6267, .T. ) ;
#3434 = LINE ( 'NONE', #7707, #524 ) ;
#3435 = ORIENTED_EDGE ( 'NONE', *, *, #3626, .F. ) ;
#3436 = ORIENTED_EDGE ( 'NONE', *, *, #5940, .F. ) ;
#3437 = VECTOR ( 'NONE', #5278, 1000.000000000000000 ) ;
#3438 = VECTOR ( 'NONE', #2989, 1000.000000000000000 ) ;
#3439 = CARTESIAN_POINT ( 'NONE',  ( -2.422550875031335149, 1.309893111557405732, -0.1914384487007725066 ) ) ;
#3440 = CARTESIAN_POINT ( 'NONE',  ( -4.320000000000000284, -0.6350000000207010054, -10.72999999999616172 ) ) ;
#3441 = AXIS2_PLACEMENT_3D ( 'NONE', #3966, #2875, #4725 ) ;
#3442 = FACE_OUTER_BOUND ( 'NONE', #2403, .T. ) ;
#3443 = EDGE_LOOP ( 'NONE', ( #882, #5266, #3864, #1597, #2632, #1746, #80, #7692 ) ) ;
#3444 = CARTESIAN_POINT ( 'NONE',  ( 9.039999999999999147, -0.6350000000000000089, -11.22999999999617948 ) ) ;
#3445 = VECTOR ( 'NONE', #207, 1000.000000000000000 ) ;
#3446 = CARTESIAN_POINT ( 'NONE',  ( 1.571549649258779935, 1.214905498785589844, -0.2535254910554969876 ) ) ;
#3447 = EDGE_LOOP ( 'NONE', ( #7837, #2298, #3352, #1129 ) ) ;
#3448 = CARTESIAN_POINT ( 'NONE',  ( 1.025415594539283992, 2.122999999999999776, 11.22933879105374011 ) ) ;
#3449 = VECTOR ( 'NONE', #3494, 1000.000000000000000 ) ;
#3450 = CARTESIAN_POINT ( 'NONE',  ( 0.3800000000000000044, -1.015000000000000124, -0.6499999999999909184 ) ) ;
#3451 = CARTESIAN_POINT ( 'NONE',  ( -5.363101799261159819, -1.506303066970215099, -0.1282693605163411910 ) ) ;
#3452 = CARTESIAN_POINT ( 'NONE',  ( 4.565956953553659936, -0.6632688086670960326, -0.7133857836632480076 ) ) ;
#3453 = CARTESIAN_POINT ( 'NONE',  ( 5.580000000000000071, 0.6350000000000000089, -3.109999999999999876 ) ) ;
#3454 = VECTOR ( 'NONE', #755, 1000.000000000000000 ) ;
#3455 = ORIENTED_EDGE ( 'NONE', *, *, #5778, .T. ) ;
#3456 = CARTESIAN_POINT ( 'NONE',  ( -4.320000259709354751, 1.015000005955846163, -0.5232664836849039158 ) ) ;
#3457 = ADVANCED_FACE ( 'NONE', ( #4951 ), #5075, .T. ) ;
#3458 = CARTESIAN_POINT ( 'NONE',  ( -2.948119736797909951, -1.301492562122495977, -0.2215340053657995079 ) ) ;
#3459 = DIRECTION ( 'NONE',  ( 0.000000000000000000, 0.000000000000000000, 1.000000000000000000 ) ) ;
#3460 = VECTOR ( 'NONE', #2602, 1000.000000000000000 ) ;
#3461 = ORIENTED_EDGE ( 'NONE', *, *, #2613, .T. ) ;
#3462 = DIRECTION ( 'NONE',  ( -1.000000000000000000, 0.000000000000000000, 0.000000000000000000 ) ) ;
#3463 = CARTESIAN_POINT ( 'NONE',  ( 4.761358217695530470, 1.030928519077750183, -0.5748153253965140319 ) ) ;
#3464 = ORIENTED_EDGE ( 'NONE', *, *, #5385, .F. ) ;
#3465 = CARTESIAN_POINT ( 'NONE',  ( -4.320000016515904484, -0.9253757504887135665, -0.5736967498330665105 ) ) ;
#3466 = VECTOR ( 'NONE', #2851, 1000.000000000000000 ) ;
#3467 = VERTEX_POINT ( 'NONE', #734 ) ;
#3468 = EDGE_CURVE ( 'NONE', #2284, #3467, #5003, .T. ) ;
#3469 = ORIENTED_EDGE ( 'NONE', *, *, #6680, .T. ) ;
#3470 = CARTESIAN_POINT ( 'NONE',  ( 4.748046103806149887, 1.015000007048021846, -0.5906503120594719380 ) ) ;
#3471 = DIRECTION ( 'NONE',  ( 0.000000000000000000, 0.000000000000000000, 1.000000000000000000 ) ) ;
#3472 = CARTESIAN_POINT ( 'NONE',  ( -1.749450054137954957, 1.930000000000000160, 10.84078866282271925 ) ) ;
#3473 = ORIENTED_EDGE ( 'NONE', *, *, #2500, .F. ) ;
#3474 = ORIENTED_EDGE ( 'NONE', *, *, #5071, .F. ) ;
#3475 = EDGE_CURVE ( 'NONE', #5477, #1084, #1889, .T. ) ;
#3476 = CARTESIAN_POINT ( 'NONE',  ( -1.172398999572038081, 1.257189347644927846, -0.2815336953539874787 ) ) ;
#3477 = EDGE_CURVE ( 'NONE', #4763, #256, #1300, .T. ) ;
#3478 = EDGE_CURVE ( 'NONE', #6304, #6713, #2413, .T. ) ;
#3479 = CARTESIAN_POINT ( 'NONE',  ( -6.349999999999999645, 2.939999999999999947, 5.989999999999999325 ) ) ;
#3480 = CARTESIAN_POINT ( 'NONE',  ( 9.039999999999999147, 0.6985000000055119340, -12.02800000000018166 ) ) ;
#3481 = DIRECTION ( 'NONE',  ( 0.000000000000000000, 0.000000000000000000, -1.000000000000000000 ) ) ;
#3482 = CARTESIAN_POINT ( 'NONE',  ( 0.000000000000000000, 3.140000000000000124, 3.504999999999999893 ) ) ;
#3483 = CARTESIAN_POINT ( 'NONE',  ( 0.8540382264981850602, 0.9807753956213591806, -0.4150005493937615197 ) ) ;
#3484 = EDGE_LOOP ( 'NONE', ( #4204, #1685, #6034, #1204 ) ) ;
#3485 = ORIENTED_EDGE ( 'NONE', *, *, #4492, .F. ) ;
#3486 = EDGE_CURVE ( 'NONE', #4172, #4418, #5347, .T. ) ;
#3487 = CARTESIAN_POINT ( 'NONE',  ( 6.349999999999999645, -2.834999999999999964, 5.989999999999999325 ) ) ;
#3488 = EDGE_CURVE ( 'NONE', #7454, #7411, #1542, .T. ) ;
#3489 = DIRECTION ( 'NONE',  ( 0.000000000000000000, 0.000000000000000000, 1.000000000000000000 ) ) ;
#3490 = CARTESIAN_POINT ( 'NONE',  ( -4.956702983394760231, -0.9532087700480910142, -0.5730756973177639768 ) ) ;
#3491 = CARTESIAN_POINT ( 'NONE',  ( 8.939999999999999503, 0.6350000000020580293, -7.420000000001720331 ) ) ;
#3492 = DIRECTION ( 'NONE',  ( 1.000000000000000000, 0.000000000000000000, 0.000000000000000000 ) ) ;
#3493 = ORIENTED_EDGE ( 'NONE', *, *, #4758, .F. ) ;
#3494 = DIRECTION ( 'NONE',  ( 0.000000000000000000, 1.000000000000000000, 0.000000000000000000 ) ) ;
#3495 = CARTESIAN_POINT ( 'NONE',  ( -3.442856865244484865, -1.223445256950337789, -0.2860495990414915202 ) ) ;
#3496 = FACE_BOUND ( 'NONE', #7102, .T. ) ;
#3497 = VERTEX_POINT ( 'NONE', #985 ) ;
#3498 = DIRECTION ( 'NONE',  ( -0.000000000000000000, 1.000000000000000000, 0.000000000000000000 ) ) ;
#3499 = FACE_OUTER_BOUND ( 'NONE', #2973, .T. ) ;
#3500 = ORIENTED_EDGE ( 'NONE', *, *, #6796, .T. ) ;
#3501 = DIRECTION ( 'NONE',  ( -0.000000000000000000, 1.000000000000000000, 0.000000000000000000 ) ) ;
#3502 = VERTEX_POINT ( 'NONE', #3358 ) ;
#3503 = PRODUCT_CONTEXT ( 'NONE', #3094, 'mechanical' ) ;
#3504 = VERTEX_POINT ( 'NONE', #7594 ) ;
#3505 = PLANE ( 'NONE',  #1671 ) ;
#3506 = CARTESIAN_POINT ( 'NONE',  ( 5.079998432760207905, -0.7048925210681199482, -0.5896065200708247023 ) ) ;
#3507 = EDGE_CURVE ( 'NONE', #5662, #3467, #6425, .T. ) ;
#3508 = CARTESIAN_POINT ( 'NONE',  ( 4.850000000000000533, -3.140000000000000124, 2.750000000000000000 ) ) ;
#3509 = DIRECTION ( 'NONE',  ( 0.000000000000000000, 1.000000000000000000, 0.000000000000000000 ) ) ;
#3510 = ORIENTED_EDGE ( 'NONE', *, *, #114, .T. ) ;
#3511 = CARTESIAN_POINT ( 'NONE',  ( 4.852553846235939439, -1.014999999999852021, -0.5635303656485969315 ) ) ;
#3512 = ORIENTED_EDGE ( 'NONE', *, *, #64, .F. ) ;
#3513 = CARTESIAN_POINT ( 'NONE',  ( 6.080001311786570106, 1.981752044046965144, -1.812289238000000108E-16 ) ) ;
#3514 = FACE_OUTER_BOUND ( 'NONE', #6797, .T. ) ;
#3515 = PLANE ( 'NONE',  #637 ) ;
#3516 = FACE_OUTER_BOUND ( 'NONE', #3946, .T. ) ;
#3517 = CARTESIAN_POINT ( 'NONE',  ( 0.000000000000000000, 2.939999999999999947, 3.409999999999999698 ) ) ;
#3518 = CARTESIAN_POINT ( 'NONE',  ( 0.4387024174323484460, 0.8942238789546850253, -0.5546034155800789733 ) ) ;
#3519 = ORIENTED_EDGE ( 'NONE', *, *, #6644, .F. ) ;
#3520 = EDGE_CURVE ( 'NONE', #589, #1881, #1620, .T. ) ;
#3521 = ORIENTED_EDGE ( 'NONE', *, *, #6233, .T. ) ;
#3522 = ORIENTED_EDGE ( 'NONE', *, *, #2359, .T. ) ;
#3523 = EDGE_CURVE ( 'NONE', #922, #450, #1502, .T. ) ;
#3524 = CARTESIAN_POINT ( 'NONE',  ( 0.7249999999999999778, 3.140000000000000124, 2.429999999999999716 ) ) ;
#3525 = CARTESIAN_POINT ( 'NONE',  ( -4.899999999999999467, 3.299999999999999822, 2.449999999999999734 ) ) ;
#3526 = DIRECTION ( 'NONE',  ( 1.000000000000000000, 0.000000000000000000, 0.000000000000000000 ) ) ;
#3527 = LINE ( 'NONE', #7807, #6859 ) ;
#3528 = ADVANCED_FACE ( 'NONE', ( #4033 ), #7107, .T. ) ;
#3529 = ORIENTED_EDGE ( 'NONE', *, *, #5271, .F. ) ;
#3530 = CARTESIAN_POINT ( 'NONE',  ( -5.750000000000000000, -2.939999999999999947, 5.190000000000000391 ) ) ;
#3531 = CARTESIAN_POINT ( 'NONE',  ( -3.505431573341704965, -1.378254384918152109, -0.2194561371287835072 ) ) ;
#3532 = B_SPLINE_SURFACE_WITH_KNOTS ( 'NONE', 3, 3, ( 
 ( #5594, #7472, #4527, #4487, #6308, #4364, #6272, #4441, #6790 ),
 ( #1507, #1384, #222, #6917, #1468, #2636, #3791, #2018, #2685 ),
 ( #1983, #3879, #864, #2104, #5126, #4402, #3917, #6346, #4038 ),
 ( #2762, #6506, #1071, #7710, #5831, #3476, #7079, #2250, #5276 ),
 ( #5313, #4646, #2841, #5912, #7747, #5874, #7158, #2218, #462 ),
 ( #2874, #1028, #1624, #4081, #2288, #6462, #4681, #7111, #4563 ),
 ( #382, #3439, #4724, #7678, #1660, #2801, #990, #1706, #5758 ),
 ( #4119, #2139, #426, #1550, #6429, #6997, #306, #911, #955 ),
 ( #6391, #3322, #344, #2722, #5162, #3965, #7598, #3363, #5238 ),
 ( #7043, #3400, #5794, #5196, #7636, #2179, #4609, #1590, #4005 ),
 ( #2960, #1183, #2914, #5508, #2439, #4271, #3025, #4764, #7270 ),
 ( #1252, #1850, #7191, #3595, #6026, #3070, #615, #5357, #1737 ) ),
 .UNSPECIFIED., .F., .F., .F.,
 ( 4, 1, 1, 1, 1, 1, 1, 1, 1, 4 ),
 ( 4, 1, 1, 1, 1, 1, 4 ),
 ( 0.1688130120888060026, 0.2109489961480570108, 0.3173714675199620361, 0.3705827032059140214, 0.3971883210488900140, 0.4237939388918660066, 0.4770051745778189911, 0.5302164102637709764, 0.6100332637926990653, 0.6853512779498159846 ),
 ( 0.000000000000000000, 0.1428571428571430157, 0.2857142857142860315, 0.4285714285714289917, 0.5714285714285709528, 0.7857142857142859205, 1.000000000000000000 ),
 .UNSPECIFIED. ) ;
#3533 = DIRECTION ( 'NONE',  ( 1.000000000000000000, 0.000000000000000000, 0.000000000000000000 ) ) ;
#3534 = EDGE_LOOP ( 'NONE', ( #6220, #312, #5462, #3522 ) ) ;
#3535 = CARTESIAN_POINT ( 'NONE',  ( -1.034811480003838158, -1.930000000000000160, 11.21316523494646056 ) ) ;
#3536 = ORIENTED_EDGE ( 'NONE', *, *, #4929, .T. ) ;
#3537 = CARTESIAN_POINT ( 'NONE',  ( 5.200000000000000178, -2.674999999999999822, 5.190000000000000391 ) ) ;
#3538 = ORIENTED_EDGE ( 'NONE', *, *, #2265, .F. ) ;
#3539 = ORIENTED_EDGE ( 'NONE', *, *, #5899, .F. ) ;
#3540 =( NAMED_UNIT ( * ) SI_UNIT ( $, .STERADIAN. ) SOLID_ANGLE_UNIT ( ) );
#3541 = LINE ( 'NONE', #5981, #1026 ) ;
#3542 = VECTOR ( 'NONE', #6131, 1000.000000000000227 ) ;
#3543 = VECTOR ( 'NONE', #3404, 1000.000000000000000 ) ;
#3544 = FACE_OUTER_BOUND ( 'NONE', #7143, .T. ) ;
#3545 = CARTESIAN_POINT ( 'NONE',  ( 2.799999999999999822, -2.000000000000000000, 4.989999999999999325 ) ) ;
#3546 = ORIENTED_EDGE ( 'NONE', *, *, #2417, .F. ) ;
#3547 = LINE ( 'NONE', #2472, #2812 ) ;
#3548 = ORIENTED_EDGE ( 'NONE', *, *, #3125, .T. ) ;
#3549 = VECTOR ( 'NONE', #1393, 1000.000000000000000 ) ;
#3550 = EDGE_CURVE ( 'NONE', #6852, #1457, #3396, .T. ) ;
#3551 = PLANE ( 'NONE',  #4746 ) ;
#3552 = AXIS2_PLACEMENT_3D ( 'NONE', #4757, #4147, #1287 ) ;
#3553 = DIRECTION ( 'NONE',  ( 0.000000000000000000, 0.000000000000000000, -1.000000000000000000 ) ) ;
#3554 = CARTESIAN_POINT ( 'NONE',  ( -0.7139030315564609541, 1.930000000000000160, 11.03664092508229899 ) ) ;
#3555 = CARTESIAN_POINT ( 'NONE',  ( 5.200000000000000178, -2.339999999999999858, 4.989999999999999325 ) ) ;
#3556 = CARTESIAN_POINT ( 'NONE',  ( 9.039999999999999147, 0.6350000000000000089, -11.99000000000000021 ) ) ;
#3557 = AXIS2_PLACEMENT_3D ( 'NONE', #1254, #3711, #6662 ) ;
#3558 = CARTESIAN_POINT ( 'NONE',  ( -5.750000000000000000, -2.834999999999999964, 5.989999999999999325 ) ) ;
#3559 = VECTOR ( 'NONE', #3481, 1000.000000000000000 ) ;
#3560 = VERTEX_POINT ( 'NONE', #902 ) ;
#3561 = VECTOR ( 'NONE', #2480, 1000.000000000000000 ) ;
#3562 = VERTEX_POINT ( 'NONE', #340 ) ;
#3563 = VERTEX_POINT ( 'NONE', #7629 ) ;
#3564 = AXIS2_PLACEMENT_3D ( 'NONE', #956, #991, #5795 ) ;
#3565 = DIRECTION ( 'NONE',  ( 1.000000000000000000, 0.000000000000000000, 0.000000000000000000 ) ) ;
#3566 = ADVANCED_FACE ( 'NONE', ( #2679, #2213 ), #2171, .F. ) ;
#3567 = CARTESIAN_POINT ( 'NONE',  ( 1.749450054137954957, -1.930000000000000160, 10.84078866282271925 ) ) ;
#3568 = CARTESIAN_POINT ( 'NONE',  ( -5.857595089468179417, -1.669162405402649929, -0.02696330971957699996 ) ) ;
#3569 = VECTOR ( 'NONE', #6492, 1000.000000000000000 ) ;
#3570 = FACE_OUTER_BOUND ( 'NONE', #2980, .T. ) ;
#3571 = ORIENTED_EDGE ( 'NONE', *, *, #2407, .F. ) ;
#3572 = CARTESIAN_POINT ( 'NONE',  ( -0.3800000000000000044, -0.6350000000000000089, -0.6499999999999909184 ) ) ;
#3573 = VECTOR ( 'NONE', #1848, 1000.000000000000114 ) ;
#3574 = EDGE_CURVE ( 'NONE', #7216, #5706, #4277, .T. ) ;
#3575 = CARTESIAN_POINT ( 'NONE',  ( -3.400392339401545172, -1.095740668448391908, -0.2953038177561310151 ) ) ;
#3576 = CARTESIAN_POINT ( 'NONE',  ( 2.600000000000000089, 3.140000000000000124, 2.750000000000000000 ) ) ;
#3577 = EDGE_CURVE ( 'NONE', #6172, #159, #6338, .T. ) ;
#3578 = EDGE_CURVE ( 'NONE', #1338, #4151, #2134, .T. ) ;
#3579 = ORIENTED_EDGE ( 'NONE', *, *, #5617, .T. ) ;
#3580 = AXIS2_PLACEMENT_3D ( 'NONE', #3807, #5096, #6365 ) ;
#3581 = LINE ( 'NONE', #7138, #4080 ) ;
#3582 = EDGE_LOOP ( 'NONE', ( #3493, #7133, #7147, #5402 ) ) ;
#3583 = DIRECTION ( 'NONE',  ( 0.000000000000000000, 1.000000000000000000, 0.000000000000000000 ) ) ;
#3584 = VECTOR ( 'NONE', #2566, 1000.000000000000000 ) ;
#3585 = ADVANCED_FACE ( 'NONE', ( #3959 ), #7038, .T. ) ;
#3586 = ORIENTED_EDGE ( 'NONE', *, *, #250, .F. ) ;
#3587 = CARTESIAN_POINT ( 'NONE',  ( 0.8140872290042259207, -1.260129310012490178, -0.3100740145219015309 ) ) ;
#3588 = CARTESIAN_POINT ( 'NONE',  ( -4.320000000000000284, -0.6350000000000000089, -0.6499999999999909184 ) ) ;
#3589 = DIRECTION ( 'NONE',  ( -0.2562207112933999054, 0.000000000000000000, 0.9666183047637284531 ) ) ;
#3590 = AXIS2_PLACEMENT_3D ( 'NONE', #3868, #1458, #5033 ) ;
#3591 = CARTESIAN_POINT ( 'NONE',  ( -2.550000000000000266, 3.299999999999999822, 3.899999999999999911 ) ) ;
#3592 = VERTEX_POINT ( 'NONE', #7150 ) ;
#3593 = FACE_OUTER_BOUND ( 'NONE', #7298, .T. ) ;
#3594 = ORIENTED_EDGE ( 'NONE', *, *, #7729, .F. ) ;
#3595 = CARTESIAN_POINT ( 'NONE',  ( -4.606789483911749805, 0.7787607785949109962, -0.7115266825051559385 ) ) ;
#3596 = PLANE ( 'NONE',  #5351 ) ;
#3597 = CARTESIAN_POINT ( 'NONE',  ( 0.001532171546648253497, 1.053449313827310219, -0.5423213050914804656 ) ) ;
#3598 = FACE_OUTER_BOUND ( 'NONE', #3326, .T. ) ;
#3599 = CARTESIAN_POINT ( 'NONE',  ( -0.2345105279923497266, 1.015000006311774117, -0.5520724066685469555 ) ) ;
#3600 = B_SPLINE_CURVE_WITH_KNOTS ( 'NONE', 3,
 ( #6709, #6192, #1270, #745, #154, #3090, #2490, #5524, #69, #1436, #1101, #5169, #4449, #228, #2692, #2025, #2111, #3850, #5802, #4496, #6541 ),
 .UNSPECIFIED., .F., .F.,
 ( 4, 2, 1, 2, 2, 2, 2, 2, 2, 2, 4 ),
 ( 0.000000000000000000, 0.1249999999999994449, 0.1874999999999988343, 0.2187499999999981959, 0.2499999999999975575, 0.3749999999999972244, 0.4374999999999972800, 0.4999999999999973355, 0.6249999999999981126, 0.7499999999999988898, 1.000000000000000000 ),
 .UNSPECIFIED. ) ;
#3601 = DIRECTION ( 'NONE',  ( 0.000000000000000000, -1.000000000000000000, 0.000000000000000000 ) ) ;
#3602 = ORIENTED_EDGE ( 'NONE', *, *, #5664, .F. ) ;
#3603 = EDGE_LOOP ( 'NONE', ( #5848, #6816, #7869, #5300 ) ) ;
#3604 = ORIENTED_EDGE ( 'NONE', *, *, #4749, .F. ) ;
#3605 = LINE ( 'NONE', #2485, #2200 ) ;
#3606 = LINE ( 'NONE', #705, #7387 ) ;
#3607 = CARTESIAN_POINT ( 'NONE',  ( -5.787499404623909882, -1.740150913914019881, -0.03334795952711239880 ) ) ;
#3608 = CARTESIAN_POINT ( 'NONE',  ( -5.079998335046953528, 0.9121314091946463032, -0.5125947226116953637 ) ) ;
#3609 = EDGE_CURVE ( 'NONE', #4861, #5954, #1213, .T. ) ;
#3610 = CIRCLE ( 'NONE', #6663, 0.5849999999999999645 ) ;
#3611 = ORIENTED_EDGE ( 'NONE', *, *, #3118, .T. ) ;
#3612 = DIRECTION ( 'NONE',  ( -0.2562207112933958530, 0.000000000000000000, 0.9666183047637294523 ) ) ;
#3613 = CARTESIAN_POINT ( 'NONE',  ( -0.5318616469573319572, -0.8601367376409150278, -0.5285980866184759597 ) ) ;
#3614 = CARTESIAN_POINT ( 'NONE',  ( -2.099238568786500281, 1.280224370580606008, -0.1999060772004574993 ) ) ;
#3615 = ORIENTED_EDGE ( 'NONE', *, *, #438, .T. ) ;
#3616 = ADVANCED_FACE ( 'NONE', ( #3544 ), #5423, .F. ) ;
#3617 = VERTEX_POINT ( 'NONE', #1732 ) ;
#3618 = DIRECTION ( 'NONE',  ( -1.000000000000000000, 0.000000000000000000, 0.000000000000000000 ) ) ;
#3619 = ADVANCED_FACE ( 'NONE', ( #2388 ), #6538, .T. ) ;
#3620 = EDGE_CURVE ( 'NONE', #2668, #5530, #6053, .T. ) ;
#3621 = VERTEX_POINT ( 'NONE', #3019 ) ;
#3622 = CARTESIAN_POINT ( 'NONE',  ( 1.605767098376575053, -1.264797934185966088, -0.2434327086772715143 ) ) ;
#3623 = CARTESIAN_POINT ( 'NONE',  ( 5.750000000000000000, -2.834999999999999964, 5.989999999999999325 ) ) ;
#3624 = CARTESIAN_POINT ( 'NONE',  ( 3.550000000000000266, 2.000000000000000000, 6.709999999999999964 ) ) ;
#3625 = DIRECTION ( 'NONE',  ( 0.000000000000000000, -1.000000000000000000, 0.000000000000000000 ) ) ;
#3626 = EDGE_CURVE ( 'NONE', #1113, #721, #5349, .T. ) ;
#3627 = ORIENTED_EDGE ( 'NONE', *, *, #2897, .T. ) ;
#3628 = LINE ( 'NONE', #3022, #3573 ) ;
#3629 = ORIENTED_EDGE ( 'NONE', *, *, #6483, .F. ) ;
#3630 = DIRECTION ( 'NONE',  ( 1.000000000000000000, 0.000000000000000000, 0.000000000000000000 ) ) ;
#3631 = CYLINDRICAL_SURFACE ( 'NONE', #7654, 1.299999999999999600 ) ;
#3632 = DIRECTION ( 'NONE',  ( 0.000000000000000000, 1.000000000000000000, 0.000000000000000000 ) ) ;
#3633 = DIRECTION ( 'NONE',  ( 0.000000000000000000, 0.000000000000000000, -1.000000000000000000 ) ) ;
#3634 = CARTESIAN_POINT ( 'NONE',  ( -2.799999999999999822, -2.000000000000000000, 4.839999999999999858 ) ) ;
#3635 = CARTESIAN_POINT ( 'NONE',  ( 4.281999999550160751, -1.015000000000000124, -0.4523721062899950240 ) ) ;
#3636 = VERTEX_POINT ( 'NONE', #7219 ) ;
#3637 = EDGE_LOOP ( 'NONE', ( #489, #1869, #5515, #1523, #3529, #6916 ) ) ;
#3638 = ORIENTED_EDGE ( 'NONE', *, *, #3024, .F. ) ;
#3639 = PLANE ( 'NONE',  #4488 ) ;
#3640 = PLANE ( 'NONE',  #4232 ) ;
#3641 = DIRECTION ( 'NONE',  ( 0.000000000000000000, 0.000000000000000000, -1.000000000000000000 ) ) ;
#3642 = LINE ( 'NONE', #1828, #5584 ) ;
#3643 = B_SPLINE_CURVE_WITH_KNOTS ( 'NONE', 3,
 ( #6140, #4997, #7427, #3832 ),
 .UNSPECIFIED., .F., .F.,
 ( 4, 4 ),
 ( 0.000000000000000000, 1.000000000000000000 ),
 .UNSPECIFIED. ) ;
#3644 = ORIENTED_EDGE ( 'NONE', *, *, #5490, .T. ) ;
#3645 = CARTESIAN_POINT ( 'NONE',  ( -3.819999999999999840, -0.6350000000207010054, -11.22999999999617948 ) ) ;
#3646 = CARTESIAN_POINT ( 'NONE',  ( -0.1392334963037992202, -1.029518043592585919, -0.5567350973087570321 ) ) ;
#3647 = EDGE_CURVE ( 'NONE', #4803, #3360, #1177, .T. ) ;
#3648 = CARTESIAN_POINT ( 'NONE',  ( 5.750000000000000000, 2.339999999999999858, 5.190000000000000391 ) ) ;
#3649 = ORIENTED_EDGE ( 'NONE', *, *, #1548, .F. ) ;
#3650 = EDGE_LOOP ( 'NONE', ( #1894, #1180, #3753, #4629, #3896, #3827, #4111, #5374 ) ) ;
#3651 = CARTESIAN_POINT ( 'NONE',  ( 2.550000000000000266, 2.939999999999999947, 2.449999999999999734 ) ) ;
#3652 = EDGE_LOOP ( 'NONE', ( #36, #3000, #7223, #726 ) ) ;
#3653 = CARTESIAN_POINT ( 'NONE',  ( 0.4400140235095374996, -1.033698438510697981, -0.4976385664660629704 ) ) ;
#3654 = EDGE_CURVE ( 'NONE', #6645, #5698, #4826, .T. ) ;
#3655 = DIRECTION ( 'NONE',  ( 0.000000000000000000, 0.2747211278973789583, -0.9615239476408228292 ) ) ;
#3656 = LINE ( 'NONE', #6088, #1913 ) ;
#3657 = PLANE ( 'NONE',  #1169 ) ;
#3658 = EDGE_LOOP ( 'NONE', ( #3002, #2683, #7199, #7236, #4773, #7676, #4280, #718 ) ) ;
#3659 = DIRECTION ( 'NONE',  ( 6.777815999999997524E-17, 0.9615239476408231623, 0.2747211278973781257 ) ) ;
#3660 = VERTEX_POINT ( 'NONE', #7263 ) ;
#3661 = EDGE_CURVE ( 'NONE', #7619, #6973, #2297, .T. ) ;
#3662 = LINE ( 'NONE', #1218, #1186 ) ;
#3663 = VECTOR ( 'NONE', #4298, 1000.000000000000000 ) ;
#3664 = LINE ( 'NONE', #7193, #6743 ) ;
#3665 = CARTESIAN_POINT ( 'NONE',  ( -4.984827921524925820, 1.251206096061759698, -0.3067775070249398328 ) ) ;
#3666 = EDGE_CURVE ( 'NONE', #2509, #1925, #6021, .T. ) ;
#3667 = DIRECTION ( 'NONE',  ( 1.000000000000000000, 0.000000000000000000, 0.000000000000000000 ) ) ;
#3668 = CARTESIAN_POINT ( 'NONE',  ( -0.7249999999999999778, 2.939999999999999947, 2.429999999999999716 ) ) ;
#3669 = CARTESIAN_POINT ( 'NONE',  ( 2.799999999999999822, 2.000000000000000000, 4.839999999999999858 ) ) ;
#3670 = ORIENTED_EDGE ( 'NONE', *, *, #5093, .T. ) ;
#3671 = ORIENTED_EDGE ( 'NONE', *, *, #6952, .F. ) ;
#3672 = EDGE_LOOP ( 'NONE', ( #6396, #5997, #6626, #7174 ) ) ;
#3673 = VECTOR ( 'NONE', #2894, 1000.000000000000000 ) ;
#3674 = VECTOR ( 'NONE', #5289, 1000.000000000000000 ) ;
#3675 = DIRECTION ( 'NONE',  ( 0.000000000000000000, 1.751261000000000024E-13, -1.000000000000000000 ) ) ;
#3676 = DIRECTION ( 'NONE',  ( 0.000000000000000000, -1.000000000000000000, 0.000000000000000000 ) ) ;
#3677 = CARTESIAN_POINT ( 'NONE',  ( -6.049999999999999822, 2.739999999999999769, 6.349999999999999645 ) ) ;
#3678 = PRODUCT_DEFINITION_CONTEXT ( 'detailed design', #5442, 'design' ) ;
#3679 = VECTOR ( 'NONE', #3120, 1000.000000000000000 ) ;
#3680 = CARTESIAN_POINT ( 'NONE',  ( 0.8800000000000109956, 0.6350000000020580293, -7.420000000001720331 ) ) ;
#3681 = VECTOR ( 'NONE', #6990, 1000.000000000000000 ) ;
#3682 = VERTEX_POINT ( 'NONE', #577 ) ;
#3683 = FACE_OUTER_BOUND ( 'NONE', #2608, .T. ) ;
#3684 = VECTOR ( 'NONE', #2409, 1000.000000000000000 ) ;
#3685 = STYLED_ITEM ( 'NONE', ( #4755 ), #2617 ) ;
#3686 = AXIS2_PLACEMENT_3D ( 'NONE', #257, #700, #7469 ) ;
#3687 = CARTESIAN_POINT ( 'NONE',  ( -0.1832851066969480025, -0.9594968217276389488, -0.5992606456109320634 ) ) ;
#3688 = LINE ( 'NONE', #4414, #2411 ) ;
#3689 = VERTEX_POINT ( 'NONE', #1845 ) ;
#3690 = VECTOR ( 'NONE', #2947, 1000.000000000000000 ) ;
#3691 = ORIENTED_EDGE ( 'NONE', *, *, #2089, .T. ) ;
#3692 = ORIENTED_EDGE ( 'NONE', *, *, #4417, .F. ) ;
#3693 = CARTESIAN_POINT ( 'NONE',  ( -6.080000000000012506, 2.005000000000000338, 0.000000000000000000 ) ) ;
#3694 = DIRECTION ( 'NONE',  ( 0.000000000000000000, -0.7071067811865486830, 0.7071067811865464625 ) ) ;
#3695 = VECTOR ( 'NONE', #7726, 1000.000000000000000 ) ;
#3696 = ORIENTED_EDGE ( 'NONE', *, *, #3874, .F. ) ;
#3697 = CARTESIAN_POINT ( 'NONE',  ( 0.1330347646225217839, -1.027939230651184088, -0.5591776159954140457 ) ) ;
#3698 = CARTESIAN_POINT ( 'NONE',  ( -2.288077118924137565, -1.298915158127900815, -0.1913035746700377515 ) ) ;
#3699 = DIRECTION ( 'NONE',  ( -1.000000000000000000, 0.000000000000000000, 0.000000000000000000 ) ) ;
#3700 = EDGE_CURVE ( 'NONE', #4434, #5475, #3082, .T. ) ;
#3701 = LINE ( 'NONE', #3260, #3820 ) ;
#3702 = EDGE_CURVE ( 'NONE', #5499, #3940, #2907, .T. ) ;
#3703 = AXIS2_PLACEMENT_3D ( 'NONE', #3448, #997, #3978 ) ;
#3704 = VERTEX_POINT ( 'NONE', #3624 ) ;
#3705 = DIRECTION ( 'NONE',  ( 0.000000000000000000, 0.000000000000000000, -1.000000000000000000 ) ) ;
#3706 = EDGE_LOOP ( 'NONE', ( #4337, #1330, #784, #5660 ) ) ;
#3707 = AXIS2_PLACEMENT_3D ( 'NONE', #216, #3235, #1977 ) ;
#3708 = DIRECTION ( 'NONE',  ( 0.000000000000000000, -1.000000000000000000, 0.000000000000000000 ) ) ;
#3709 = CARTESIAN_POINT ( 'NONE',  ( -3.550000000000000266, 2.050000000000000266, 5.989999999999999325 ) ) ;
#3710 = CARTESIAN_POINT ( 'NONE',  ( -1.280822920200802129, -1.930000000000000160, 11.10885853320217898 ) ) ;
#3711 = DIRECTION ( 'NONE',  ( 0.000000000000000000, -1.000000000000000000, 0.000000000000000000 ) ) ;
#3712 = VECTOR ( 'NONE', #3371, 1000.000000000000000 ) ;
#3713 = DIRECTION ( 'NONE',  ( 1.000000000000000000, 0.000000000000000000, 0.000000000000000000 ) ) ;
#3714 = LINE ( 'NONE', #1463, #938 ) ;
#3715 = DIRECTION ( 'NONE',  ( 0.000000000000000000, -1.000000000000000000, 0.000000000000000000 ) ) ;
#3716 = ORIENTED_EDGE ( 'NONE', *, *, #6102, .T. ) ;
#3717 = ORIENTED_EDGE ( 'NONE', *, *, #4695, .T. ) ;
#3718 = EDGE_LOOP ( 'NONE', ( #2207, #7560, #1576, #2590 ) ) ;
#3719 = EDGE_CURVE ( 'NONE', #5762, #1217, #5459, .T. ) ;
#3720 = CARTESIAN_POINT ( 'NONE',  ( 2.550000000000000266, 3.318000000000000060, 3.972500000000000142 ) ) ;
#3721 = CARTESIAN_POINT ( 'NONE',  ( -6.349999999999999645, 2.939999999999999947, 1.350000000000000089 ) ) ;
#3722 = CARTESIAN_POINT ( 'NONE',  ( 6.080000000000000071, -2.000000000000000000, -0.0006094550547221999279 ) ) ;
#3723 = CARTESIAN_POINT ( 'NONE',  ( 4.821815461807529957, -1.020408633226430162, -0.5702599242104340327 ) ) ;
#3724 = PLANE ( 'NONE',  #1674 ) ;
#3725 = EDGE_CURVE ( 'NONE', #5414, #744, #5307, .T. ) ;
#3726 = ORIENTED_EDGE ( 'NONE', *, *, #2642, .F. ) ;
#3727 = CARTESIAN_POINT ( 'NONE',  ( 6.349999999999999645, 2.939999999999999947, 0.000000000000000000 ) ) ;
#3728 = ADVANCED_FACE ( 'NONE', ( #2357 ), #6689, .F. ) ;
#3729 = CARTESIAN_POINT ( 'NONE',  ( -0.2931466459179055128, -0.6983460925227761296, -0.6363232147866109134 ) ) ;
#3730 = CARTESIAN_POINT ( 'NONE',  ( 0.000000000000000000, -3.299999999999999822, 3.409999999999999698 ) ) ;
#3731 = ORIENTED_EDGE ( 'NONE', *, *, #7330, .F. ) ;
#3732 = ORIENTED_EDGE ( 'NONE', *, *, #4806, .F. ) ;
#3733 = CARTESIAN_POINT ( 'NONE',  ( 8.429999999999999716, -2.834999999999999964, 5.989999999999999325 ) ) ;
#3734 = CARTESIAN_POINT ( 'NONE',  ( -6.025262738359749903, 1.914342976306290023, -0.003872043973549600237 ) ) ;
#3735 = VERTEX_POINT ( 'NONE', #5942 ) ;
#3736 = CARTESIAN_POINT ( 'NONE',  ( 0.5191458458445350477, -0.8553193743190190546, -0.5338671323620499676 ) ) ;
#3737 = DIRECTION ( 'NONE',  ( 0.000000000000000000, 0.000000000000000000, -1.000000000000000000 ) ) ;
#3738 = LINE ( 'NONE', #7419, #3166 ) ;
#3739 = LINE ( 'NONE', #6171, #2425 ) ;
#3740 = ORIENTED_EDGE ( 'NONE', *, *, #7723, .F. ) ;
#3741 = CARTESIAN_POINT ( 'NONE',  ( 5.200000000000000178, -2.339999999999999858, 5.190000000000000391 ) ) ;
#3742 = ORIENTED_EDGE ( 'NONE', *, *, #4994, .F. ) ;
#3743 = CARTESIAN_POINT ( 'NONE',  ( 2.600000000000000089, -2.939999999999999947, 3.449999999999999734 ) ) ;
#3744 = DIRECTION ( 'NONE',  ( 0.000000000000000000, 0.000000000000000000, 1.000000000000000000 ) ) ;
#3745 = CARTESIAN_POINT ( 'NONE',  ( 1.703557601043285130, 1.930000000000000160, 10.66765478544072110 ) ) ;
#3746 = CARTESIAN_POINT ( 'NONE',  ( 0.000000000000000000, 0.000000000000000000, 4.879999999999999893 ) ) ;
#3747 = CARTESIAN_POINT ( 'NONE',  ( -0.6123385083052179656, -3.140000000000000124, 3.893157894736839708 ) ) ;
#3748 = CARTESIAN_POINT ( 'NONE',  ( 0.3799999996909624866, -1.014999981579237875, -0.5232730450455179705 ) ) ;
#3749 = ORIENTED_EDGE ( 'NONE', *, *, #4552, .T. ) ;
#3750 = CARTESIAN_POINT ( 'NONE',  ( -4.333799408127765318, 1.015000010727618029, -0.5260145882397889716 ) ) ;
#3751 = EDGE_LOOP ( 'NONE', ( #498, #3464, #3361, #6422 ) ) ;
#3752 = VERTEX_POINT ( 'NONE', #7786 ) ;
#3753 = ORIENTED_EDGE ( 'NONE', *, *, #4384, .T. ) ;
#3754 = CARTESIAN_POINT ( 'NONE',  ( 0.7734562358901749812, 2.122999999999999776, 11.31301810344646164 ) ) ;
#3755 = CARTESIAN_POINT ( 'NONE',  ( 2.600000000000000089, 3.140000000000000124, 2.449999999999999734 ) ) ;
#3756 = PLANE ( 'NONE',  #5725 ) ;
#3757 = CARTESIAN_POINT ( 'NONE',  ( 5.234658836186489417, -0.8061790745484560539, -0.3889674314325425319 ) ) ;
#3758 = EDGE_CURVE ( 'NONE', #7596, #6383, #4713, .T. ) ;
#3759 = CARTESIAN_POINT ( 'NONE',  ( 2.290782230009154929, 1.304332409053942099, -0.1939505764855745107 ) ) ;
#3760 = VERTEX_POINT ( 'NONE', #5658 ) ;
#3761 = DIRECTION ( 'NONE',  ( 0.000000000000000000, 0.000000000000000000, 1.000000000000000000 ) ) ;
#3762 = EDGE_CURVE ( 'NONE', #4370, #4088, #648, .T. ) ;
#3763 = FACE_OUTER_BOUND ( 'NONE', #5507, .T. ) ;
#3764 = CARTESIAN_POINT ( 'NONE',  ( -0.9461390040259040068, -1.015303398825412096, -0.3872322804524830353 ) ) ;
#3765 = DIRECTION ( 'NONE',  ( -0.7071067811865471286, 0.000000000000000000, -0.7071067811865479058 ) ) ;
#3766 = EDGE_CURVE ( 'NONE', #2781, #547, #4903, .T. ) ;
#3767 = ORIENTED_EDGE ( 'NONE', *, *, #6891, .F. ) ;
#3768 = CARTESIAN_POINT ( 'NONE',  ( -4.724397233834459975, -1.063127067439223916, -0.5293758510600740097 ) ) ;
#3769 = EDGE_CURVE ( 'NONE', #7349, #2034, #810, .T. ) ;
#3770 = ORIENTED_EDGE ( 'NONE', *, *, #930, .F. ) ;
#3771 = CARTESIAN_POINT ( 'NONE',  ( 2.291042437726149572, 1.293075920975410131, -0.1939648048891466914 ) ) ;
#3772 = CARTESIAN_POINT ( 'NONE',  ( -4.765171258867740178, 0.9770978703953719924, -0.6442030769263720202 ) ) ;
#3773 = VERTEX_POINT ( 'NONE', #7336 ) ;
#3774 = CARTESIAN_POINT ( 'NONE',  ( 3.851597265777944923, -0.9198504833937789504, -0.4167089134127390238 ) ) ;
#3775 = CARTESIAN_POINT ( 'NONE',  ( -3.885812850955201014, -0.9062186378486419835, -0.4275321976401613155 ) ) ;
#3776 = CARTESIAN_POINT ( 'NONE',  ( -4.795757269473166495, -1.114663258004110702, -0.4588759283860885940 ) ) ;
#3777 = CARTESIAN_POINT ( 'NONE',  ( 8.939999999999999503, -0.6350000000000000089, -7.419999999998291074 ) ) ;
#3778 = ORIENTED_EDGE ( 'NONE', *, *, #4883, .T. ) ;
#3779 = CARTESIAN_POINT ( 'NONE',  ( -6.349999999999999645, 2.939999999999999947, 0.000000000000000000 ) ) ;
#3780 = VERTEX_POINT ( 'NONE', #7495 ) ;
#3781 = CARTESIAN_POINT ( 'NONE',  ( 6.021619226117519652, -2.000000002811449740, -0.001218909864588400014 ) ) ;
#3782 = CARTESIAN_POINT ( 'NONE',  ( 5.387778807415629423, 1.200457191405809976, -0.2335707922264170233 ) ) ;
#3783 = LINE ( 'NONE', #4478, #380 ) ;
#3784 = FACE_OUTER_BOUND ( 'NONE', #6148, .T. ) ;
#3785 = DIRECTION ( 'NONE',  ( 0.000000000000000000, -1.000000000000000000, 0.000000000000000000 ) ) ;
#3786 = CARTESIAN_POINT ( 'NONE',  ( 8.455000000000000071, 2.225000000000000089, 5.989999999999999325 ) ) ;
#3787 = ORIENTED_EDGE ( 'NONE', *, *, #5770, .F. ) ;
#3788 = CARTESIAN_POINT ( 'NONE',  ( -4.320000259709354751, 1.015000005955846163, -0.5232664836849039158 ) ) ;
#3789 = VERTEX_POINT ( 'NONE', #2586 ) ;
#3790 = ORIENTED_EDGE ( 'NONE', *, *, #3719, .F. ) ;
#3791 = CARTESIAN_POINT ( 'NONE',  ( -0.1331923753261719801, 1.027710251857299806, -0.5592049631515660923 ) ) ;
#3792 = LINE ( 'NONE', #264, #6880 ) ;
#3793 = CARTESIAN_POINT ( 'NONE',  ( 6.080000000000000071, -2.004999999999999893, 0.000000000000000000 ) ) ;
#3794 = CARTESIAN_POINT ( 'NONE',  ( 5.965367078122270073, -1.836404960226879934, -0.008125476563263799717 ) ) ;
#3795 = VECTOR ( 'NONE', #3462, 1000.000000000000000 ) ;
#3796 = CARTESIAN_POINT ( 'NONE',  ( 2.288601885104625033, 1.393770679543262059, -0.1840033313374579704 ) ) ;
#3797 = VECTOR ( 'NONE', #2998, 1000.000000000000000 ) ;
#3798 = ORIENTED_EDGE ( 'NONE', *, *, #5479, .T. ) ;
#3799 = DIRECTION ( 'NONE',  ( 0.000000000000000000, -1.000000000000000000, 0.000000000000000000 ) ) ;
#3800 = ADVANCED_FACE ( 'NONE', ( #2620, #724 ), #3063, .T. ) ;
#3801 = LINE ( 'NONE', #6238, #4222 ) ;
#3802 = AXIS2_PLACEMENT_3D ( 'NONE', #6712, #1316, #635 ) ;
#3803 = CARTESIAN_POINT ( 'NONE',  ( 2.550000000000000266, 3.299999999999999822, 3.899999999999999911 ) ) ;
#3804 = DIRECTION ( 'NONE',  ( 0.000000000000000000, 1.000000000000000000, 0.000000000000000000 ) ) ;
#3805 = AXIS2_PLACEMENT_3D ( 'NONE', #2041, #3699, #6812 ) ;
#3806 = ORIENTED_EDGE ( 'NONE', *, *, #126, .T. ) ;
#3807 = CARTESIAN_POINT ( 'NONE',  ( 1.740422556844850144, 2.122999999999999776, 10.85632809596386039 ) ) ;
#3808 = AXIS2_PLACEMENT_3D ( 'NONE', #1948, #2020, #308 ) ;
#3809 = ORIENTED_EDGE ( 'NONE', *, *, #4537, .F. ) ;
#3810 = ORIENTED_EDGE ( 'NONE', *, *, #3523, .T. ) ;
#3811 = CARTESIAN_POINT ( 'NONE',  ( 2.849339161203775284, 1.246325149210606886, -0.2160944283017738332 ) ) ;
#3812 = ADVANCED_FACE ( 'NONE', ( #2548 ), #6133, .F. ) ;
#3813 = AXIS2_PLACEMENT_3D ( 'NONE', #2098, #2054, #3713 ) ;
#3814 = VECTOR ( 'NONE', #2563, 1000.000000000000000 ) ;
#3815 = EDGE_CURVE ( 'NONE', #1077, #1094, #6207, .T. ) ;
#3816 = ADVANCED_FACE ( 'NONE', ( #5620 ), #3182, .T. ) ;
#3817 = AXIS2_PLACEMENT_3D ( 'NONE', #5832, #383, #2802 ) ;
#3818 = CARTESIAN_POINT ( 'NONE',  ( -5.973972257872429914, 1.965588310613304968, -0.003360064822630600204 ) ) ;
#3819 = ORIENTED_EDGE ( 'NONE', *, *, #3824, .T. ) ;
#3820 = VECTOR ( 'NONE', #3223, 1000.000000000000000 ) ;
#3821 = CARTESIAN_POINT ( 'NONE',  ( -4.320000000000000284, 1.015000000000000124, -0.6499999999999909184 ) ) ;
#3822 = LINE ( 'NONE', #83, #3938 ) ;
#3823 = LINE ( 'NONE', #6772, #5485 ) ;
#3824 = EDGE_CURVE ( 'NONE', #14, #6172, #1326, .T. ) ;
#3825 = ORIENTED_EDGE ( 'NONE', *, *, #4150, .F. ) ;
#3826 = DIRECTION ( 'NONE',  ( 0.000000000000000000, 1.000000000000000000, 0.000000000000000000 ) ) ;
#3827 = ORIENTED_EDGE ( 'NONE', *, *, #6300, .F. ) ;
#3828 = ADVANCED_FACE ( 'NONE', ( #1368 ), #6898, .T. ) ;
#3829 = AXIS2_PLACEMENT_3D ( 'NONE', #1216, #3659, #6091 ) ;
#3830 = CARTESIAN_POINT ( 'NONE',  ( 4.724379384795990511, -1.063104568947009998, -0.5294005867914259866 ) ) ;
#3831 = CARTESIAN_POINT ( 'NONE',  ( 6.088842069909490284, 1.989550297288045444, 0.0006367054607749999661 ) ) ;
#3832 = CARTESIAN_POINT ( 'NONE',  ( 6.075434093228490262, 1.999999998422965053, -4.410570299999999786E-11 ) ) ;
#3833 = DIRECTION ( 'NONE',  ( 1.000000000000000000, 0.000000000000000000, 0.000000000000000000 ) ) ;
#3834 = DIRECTION ( 'NONE',  ( -1.000000000000000000, 0.000000000000000000, 0.000000000000000000 ) ) ;
#3835 = CARTESIAN_POINT ( 'NONE',  ( -4.899999999999999467, 3.299999999999999822, 3.899999999999999911 ) ) ;
#3836 = AXIS2_PLACEMENT_3D ( 'NONE', #5057, #6282, #2699 ) ;
#3837 = AXIS2_PLACEMENT_3D ( 'NONE', #1142, #6549, #2445 ) ;
#3838 = ORIENTED_EDGE ( 'NONE', *, *, #1280, .T. ) ;
#3839 = CARTESIAN_POINT ( 'NONE',  ( -4.417978134274319402, 1.015000024143059898, -0.5420753906997559657 ) ) ;
#3840 = ORIENTED_EDGE ( 'NONE', *, *, #3985, .F. ) ;
#3841 = EDGE_LOOP ( 'NONE', ( #6445, #3253, #1980, #1319 ) ) ;
#3842 = CARTESIAN_POINT ( 'NONE',  ( 0.3800000000000000044, 1.015000000000000124, -0.6499999999999909184 ) ) ;
#3843 = AXIS2_PLACEMENT_3D ( 'NONE', #3888, #4453, #7529 ) ;
#3844 = LINE ( 'NONE', #7599, #1797 ) ;
#3845 = DIRECTION ( 'NONE',  ( 1.000000000000000000, 0.000000000000000000, 0.000000000000000000 ) ) ;
#3846 = CARTESIAN_POINT ( 'NONE',  ( 5.608413277689420440, -1.647185090038725264, -0.06214802932632419730 ) ) ;
#3847 = CARTESIAN_POINT ( 'NONE',  ( 4.364578719925280126, 1.081997007257716081, -0.4852404076526010135 ) ) ;
#3848 = VECTOR ( 'NONE', #4738, 1000.000000000000227 ) ;
#3849 = ORIENTED_EDGE ( 'NONE', *, *, #1337, .F. ) ;
#3850 = CARTESIAN_POINT ( 'NONE',  ( 5.079892053094940074, 0.9011115300166142594, -0.5176863746196674887 ) ) ;
#3851 = FACE_OUTER_BOUND ( 'NONE', #4103, .T. ) ;
#3852 = CARTESIAN_POINT ( 'NONE',  ( -0.7974999999999851097, -3.140000000000000124, 2.342000000000000082 ) ) ;
#3853 = DIRECTION ( 'NONE',  ( 0.000000000000000000, 0.000000000000000000, -1.000000000000000000 ) ) ;
#3854 = EDGE_CURVE ( 'NONE', #2676, #3990, #3738, .T. ) ;
#3855 = CARTESIAN_POINT ( 'NONE',  ( 2.600000000000000089, -3.140000000000000124, 2.750000000000000000 ) ) ;
#3856 = EDGE_LOOP ( 'NONE', ( #7396, #1867, #5076, #764 ) ) ;
#3857 = CARTESIAN_POINT ( 'NONE',  ( 4.320000000277564922, 1.014999981632654036, -0.5232855309373609654 ) ) ;
#3858 = CARTESIAN_POINT ( 'NONE',  ( -5.734365443350900371, 1.792538944569959991, -0.02697551402785820091 ) ) ;
#3859 = ORIENTED_EDGE ( 'NONE', *, *, #6409, .F. ) ;
#3860 = FACE_OUTER_BOUND ( 'NONE', #4037, .T. ) ;
#3861 = CARTESIAN_POINT ( 'NONE',  ( -4.732344782658622684, 1.047487201529288869, -0.5507913113562056262 ) ) ;
#3862 = EDGE_CURVE ( 'NONE', #4645, #378, #1349, .T. ) ;
#3863 = CARTESIAN_POINT ( 'NONE',  ( 4.850000000000000533, 2.939999999999999947, 2.449999999999999734 ) ) ;
#3864 = ORIENTED_EDGE ( 'NONE', *, *, #4668, .F. ) ;
#3865 = PLANE ( 'NONE',  #3195 ) ;
#3866 = VERTEX_POINT ( 'NONE', #6849 ) ;
#3867 = EDGE_CURVE ( 'NONE', #2753, #2535, #3656, .T. ) ;
#3868 = CARTESIAN_POINT ( 'NONE',  ( 8.326673719999999992E-16, -2.939999999999999947, 3.409999999999999698 ) ) ;
#3869 = CARTESIAN_POINT ( 'NONE',  ( 5.897645542465490109, 1.904016873897725004, -0.007729547878566999340 ) ) ;
#3870 = CARTESIAN_POINT ( 'NONE',  ( 8.429999999999999716, -2.834999999999999964, 5.989999999999999325 ) ) ;
#3871 = CARTESIAN_POINT ( 'NONE',  ( 1.222729189295125973, 1.930000000000000160, 10.88969411280078070 ) ) ;
#3872 = LINE ( 'NONE', #1377, #4180 ) ;
#3873 = CARTESIAN_POINT ( 'NONE',  ( -0.3800000000000000044, -0.6350000000000000089, -0.6499999999999909184 ) ) ;
#3874 = EDGE_CURVE ( 'NONE', #6728, #6703, #6946, .T. ) ;
#3875 = VERTEX_POINT ( 'NONE', #2469 ) ;
#3876 = CARTESIAN_POINT ( 'NONE',  ( -4.850000000000000533, -3.140000000000000124, 2.750000000000000000 ) ) ;
#3877 = EDGE_LOOP ( 'NONE', ( #6377, #1062, #5341, #2017 ) ) ;
#3878 = ORIENTED_EDGE ( 'NONE', *, *, #3328, .T. ) ;
#3879 = CARTESIAN_POINT ( 'NONE',  ( -0.6737921109947440090, 0.8696233449630650369, -0.4697085779904650038 ) ) ;
#3880 = DIRECTION ( 'NONE',  ( 1.000000000000000000, 0.000000000000000000, 0.000000000000000000 ) ) ;
#3881 = CARTESIAN_POINT ( 'NONE',  ( -0.5264362595814079393, -1.930000000000000160, 11.35933582874252146 ) ) ;
#3882 = CARTESIAN_POINT ( 'NONE',  ( 4.940744151497139747, -0.9383770415045209479, -0.5978055339957609737 ) ) ;
#3883 = CARTESIAN_POINT ( 'NONE',  ( 2.538967776754724959, 1.388167402109706128, -0.1870079485333424885 ) ) ;
#3884 = ORIENTED_EDGE ( 'NONE', *, *, #2009, .T. ) ;
#3885 = FACE_OUTER_BOUND ( 'NONE', #7468, .T. ) ;
#3886 = CARTESIAN_POINT ( 'NONE',  ( -1.034811480003838158, 1.930000000000000160, 11.21316523494646056 ) ) ;
#3887 = EDGE_CURVE ( 'NONE', #369, #833, #3822, .T. ) ;
#3888 = CARTESIAN_POINT ( 'NONE',  ( -0.7232763701552129554, 2.122999999999999776, 11.02050617989925918 ) ) ;
#3889 = LINE ( 'NONE', #6319, #7502 ) ;
#3890 = DIRECTION ( 'NONE',  ( 0.000000000000000000, -1.000000000000000000, 0.000000000000000000 ) ) ;
#3891 = ORIENTED_EDGE ( 'NONE', *, *, #2400, .F. ) ;
#3892 = ORIENTED_EDGE ( 'NONE', *, *, #966, .F. ) ;
#3893 = FACE_OUTER_BOUND ( 'NONE', #4437, .T. ) ;
#3894 = EDGE_CURVE ( 'NONE', #7576, #1668, #2505, .T. ) ;
#3895 = CARTESIAN_POINT ( 'NONE',  ( -6.041446928097234270, -1.998156258620483960, -0.001379104693156103616 ) ) ;
#3896 = ORIENTED_EDGE ( 'NONE', *, *, #5950, .F. ) ;
#3897 = DIRECTION ( 'NONE',  ( 0.000000000000000000, 0.000000000000000000, -1.000000000000000000 ) ) ;
#3898 = LINE ( 'NONE', #3418, #6610 ) ;
#3899 = VERTEX_POINT ( 'NONE', #2087 ) ;
#3900 = CARTESIAN_POINT ( 'NONE',  ( -0.7800000000000000266, -3.299999999999999822, 1.350000000000000089 ) ) ;
#3901 = VERTEX_POINT ( 'NONE', #5181 ) ;
#3902 = CARTESIAN_POINT ( 'NONE',  ( -4.604927493259719284, -1.015000107783760042, -0.5730292392595750517 ) ) ;
#3903 = EDGE_CURVE ( 'NONE', #6713, #6304, #5851, .T. ) ;
#3904 = CARTESIAN_POINT ( 'NONE',  ( -2.613388692355395282, -1.290440293107241843, -0.2005115008484595063 ) ) ;
#3905 = ADVANCED_FACE ( 'NONE', ( #7618 ), #7697, .T. ) ;
#3906 = DIRECTION ( 'NONE',  ( 0.000000000000000000, -1.000000000000000000, 0.000000000000000000 ) ) ;
#3907 = ORIENTED_EDGE ( 'NONE', *, *, #5380, .T. ) ;
#3908 = B_SPLINE_CURVE_WITH_KNOTS ( 'NONE', 3,
 ( #7058, #2151, #1566, #4017, #6634, #1231, #3608, #7876, #6038, #6004, #4777, #5408, #4170, #1198, #7205, #1898, #6591, #4251, #2343, #1154 ),
 .UNSPECIFIED., .F., .F.,
 ( 4, 2, 1, 2, 2, 2, 2, 1, 2, 2, 4 ),
 ( 0.000000000000000000, 0.1250000000000002776, 0.1874999999999999167, 0.2187500000000001110, 0.2500000000000003331, 0.3750000000000002776, 0.4375000000000003331, 0.4687500000000004441, 0.4843750000000002776, 0.5000000000000001110, 1.000000000000000000 ),
 .UNSPECIFIED. ) ;
#3909 = DIRECTION ( 'NONE',  ( 1.000000000000000000, 0.000000000000000000, 0.000000000000000000 ) ) ;
#3910 = FACE_OUTER_BOUND ( 'NONE', #3652, .T. ) ;
#3911 = CARTESIAN_POINT ( 'NONE',  ( 1.760992419226743655, 1.478018148062296477, -0.1615717742905836973 ) ) ;
#3912 = ORIENTED_EDGE ( 'NONE', *, *, #5490, .F. ) ;
#3913 = CARTESIAN_POINT ( 'NONE',  ( -6.049999999999999822, 2.739999999999999769, 6.349999999999999645 ) ) ;
#3914 = ORIENTED_EDGE ( 'NONE', *, *, #3666, .F. ) ;
#3915 = ORIENTED_EDGE ( 'NONE', *, *, #6585, .T. ) ;
#3916 = EDGE_CURVE ( 'NONE', #636, #4858, #5857, .T. ) ;
#3917 = CARTESIAN_POINT ( 'NONE',  ( -0.5527655654208869507, 1.139670949073686046, -0.4073390599532199507 ) ) ;
#3918 = EDGE_CURVE ( 'NONE', #1088, #5319, #2158, .T. ) ;
#3919 = EDGE_CURVE ( 'NONE', #5155, #2225, #2656, .T. ) ;
#3920 = CARTESIAN_POINT ( 'NONE',  ( -6.079999999999992966, -2.010015271659618019, -0.0003760321879464654593 ) ) ;
#3921 = CARTESIAN_POINT ( 'NONE',  ( 0.4526139057434789836, -1.930000000000000160, 11.08083360243817950 ) ) ;
#3922 = UNCERTAINTY_MEASURE_WITH_UNIT (LENGTH_MEASURE( 1.000000000000000082E-05 ), #5387, 'distance_accuracy_value', 'NONE');
#3923 = LINE ( 'NONE', #2187, #2783 ) ;
#3924 = CARTESIAN_POINT ( 'NONE',  ( 3.927807034931280139, 1.248644312918318011, -0.3178705033795150015 ) ) ;
#3925 = VERTEX_POINT ( 'NONE', #845 ) ;
#3926 = CARTESIAN_POINT ( 'NONE',  ( -6.349999999999999645, -3.299999999999999822, 1.350000000000000089 ) ) ;
#3927 = CARTESIAN_POINT ( 'NONE',  ( 6.349999999999999645, 1.639999999999999902, 6.349999999999999645 ) ) ;
#3928 = DIRECTION ( 'NONE',  ( 0.000000000000000000, -1.000000000000000000, 0.000000000000000000 ) ) ;
#3929 = CARTESIAN_POINT ( 'NONE',  ( -6.628499999999999837, 3.318000000000000060, 1.350000000000000089 ) ) ;
#3930 = VECTOR ( 'NONE', #4987, 1000.000000000000000 ) ;
#3931 = CARTESIAN_POINT ( 'NONE',  ( 4.636823852891529540, -0.8444369404227159981, -0.6967765300067639833 ) ) ;
#3932 = CIRCLE ( 'NONE', #6345, 1.260000000000000675 ) ;
#3933 = FACE_OUTER_BOUND ( 'NONE', #861, .T. ) ;
#3934 = ORIENTED_EDGE ( 'NONE', *, *, #527, .F. ) ;
#3935 = VERTEX_POINT ( 'NONE', #5815 ) ;
#3936 = CARTESIAN_POINT ( 'NONE',  ( 6.349999999999999645, -1.614999999999999991, 6.349999999999999645 ) ) ;
#3937 = AXIS2_PLACEMENT_3D ( 'NONE', #4745, #5413, #1834 ) ;
#3938 = VECTOR ( 'NONE', #1923, 1000.000000000000000 ) ;
#3939 = CARTESIAN_POINT ( 'NONE',  ( 0.7800000000000000266, -3.299999999999999822, 1.350000000000000089 ) ) ;
#3940 = VERTEX_POINT ( 'NONE', #5692 ) ;
#3941 = DIRECTION ( 'NONE',  ( 0.000000000000000000, 0.000000000000000000, -1.000000000000000000 ) ) ;
#3942 = VECTOR ( 'NONE', #2342, 1000.000000000000000 ) ;
#3943 = VECTOR ( 'NONE', #2844, 1000.000000000000000 ) ;
#3944 = DIRECTION ( 'NONE',  ( 0.000000000000000000, -1.000000000000000000, 0.000000000000000000 ) ) ;
#3945 = AXIS2_PLACEMENT_3D ( 'NONE', #6447, #2779, #5221 ) ;
#3946 = EDGE_LOOP ( 'NONE', ( #988, #753, #1398, #623 ) ) ;
#3947 = DIRECTION ( 'NONE',  ( 0.000000000000000000, -1.000000000000000000, 0.000000000000000000 ) ) ;
#3948 = SHAPE_REPRESENTATION ( '500SSP1S1M7QEA--3DModel-STEP-520916', ( #3958 ), #1172 ) ;
#3949 = ORIENTED_EDGE ( 'NONE', *, *, #1115, .T. ) ;
#3950 = FACE_OUTER_BOUND ( 'NONE', #4400, .T. ) ;
#3951 = VECTOR ( 'NONE', #1429, 1000.000000000000000 ) ;
#3952 = VECTOR ( 'NONE', #2278, 1000.000000000000114 ) ;
#3953 = VECTOR ( 'NONE', #2136, 1000.000000000000000 ) ;
#3954 = CARTESIAN_POINT ( 'NONE',  ( 5.234561915940270538, 0.8060448295839008903, -0.3890769740901904861 ) ) ;
#3955 = ORIENTED_EDGE ( 'NONE', *, *, #7677, .T. ) ;
#3956 = CARTESIAN_POINT ( 'NONE',  ( -3.396057876400000275E-05, -1.043255143514852046, -0.5538467351053300014 ) ) ;
#3957 = DIRECTION ( 'NONE',  ( -1.000000000000000000, 0.000000000000000000, 0.000000000000000000 ) ) ;
#3958 = AXIS2_PLACEMENT_3D ( 'NONE', #416, #6454, #1061 ) ;
#3959 = FACE_OUTER_BOUND ( 'NONE', #6059, .T. ) ;
#3960 = EDGE_CURVE ( 'NONE', #6750, #2189, #4590, .T. ) ;
#3961 = CARTESIAN_POINT ( 'NONE',  ( -4.700000000000000178, 2.942499999999999893, 6.040000000000000036 ) ) ;
#3962 = VECTOR ( 'NONE', #1171, 1000.000000000000000 ) ;
#3963 = EDGE_LOOP ( 'NONE', ( #933, #1822, #6749, #5872 ) ) ;
#3964 = ORIENTED_EDGE ( 'NONE', *, *, #4662, .F. ) ;
#3965 = CARTESIAN_POINT ( 'NONE',  ( -3.428629519905175282, 1.279889055432239964, -0.2671314233757089984 ) ) ;
#3966 = CARTESIAN_POINT ( 'NONE',  ( 0.000000000000000000, -2.929999999999999716, 3.504999999999999893 ) ) ;
#3967 = CARTESIAN_POINT ( 'NONE',  ( -5.750000000000000000, 2.339999999999999858, 0.5999999999999878764 ) ) ;
#3968 = VECTOR ( 'NONE', #2892, 1000.000000000000000 ) ;
#3969 = DIRECTION ( 'NONE',  ( 1.000000000000000000, 0.000000000000000000, 0.000000000000000000 ) ) ;
#3970 = EDGE_CURVE ( 'NONE', #5066, #3239, #241, .T. ) ;
#3971 = CARTESIAN_POINT ( 'NONE',  ( 6.069272312440290307, -2.009163922952434955, -2.689339096799999930E-06 ) ) ;
#3972 = CARTESIAN_POINT ( 'NONE',  ( 0.8659756827597500095, 0.9463065332184799061, -0.4134562950081335231 ) ) ;
#3973 = EDGE_CURVE ( 'NONE', #61, #1613, #1489, .T. ) ;
#3974 = ORIENTED_EDGE ( 'NONE', *, *, #7467, .F. ) ;
#3975 = DIRECTION ( 'NONE',  ( 0.000000000000000000, -1.000000000000000000, 0.000000000000000000 ) ) ;
#3976 = VECTOR ( 'NONE', #835, 1000.000000000000114 ) ;
#3977 = EDGE_CURVE ( 'NONE', #4128, #2901, #1575, .T. ) ;
#3978 = DIRECTION ( 'NONE',  ( -0.5023269556814757841, 0.000000000000000000, 0.8646777605534795574 ) ) ;
#3979 = CARTESIAN_POINT ( 'NONE',  ( -6.075434093160269278, -1.999999998400869838, -4.472355800000000058E-11 ) ) ;
#3980 = CARTESIAN_POINT ( 'NONE',  ( 1.749450054137954957, 1.930000000000000160, 10.84078866282271925 ) ) ;
#3981 = CARTESIAN_POINT ( 'NONE',  ( 4.723521926048180219, -0.9880583205190559548, -0.6216627924910040903 ) ) ;
#3982 = CARTESIAN_POINT ( 'NONE',  ( 0.4526139057434789836, 1.930000000000000160, 11.08083360243817950 ) ) ;
#3983 = VECTOR ( 'NONE', #187, 1000.000000000000000 ) ;
#3984 = EDGE_CURVE ( 'NONE', #1435, #4144, #3898, .T. ) ;
#3985 = EDGE_CURVE ( 'NONE', #6191, #1482, #4024, .T. ) ;
#3986 = VERTEX_POINT ( 'NONE', #1528 ) ;
#3987 = ORIENTED_EDGE ( 'NONE', *, *, #6496, .F. ) ;
#3988 = FACE_OUTER_BOUND ( 'NONE', #3603, .T. ) ;
#3989 = CARTESIAN_POINT ( 'NONE',  ( -4.852596500877840668, 1.014999999999750102, -0.5635361514421560747 ) ) ;
#3990 = VERTEX_POINT ( 'NONE', #6417 ) ;
#3991 = DIRECTION ( 'NONE',  ( 0.000000000000000000, -1.000000000000000000, 0.000000000000000000 ) ) ;
#3992 = DIRECTION ( 'NONE',  ( -1.405891000000000032E-11, 1.000000000000000000, 6.026489999999999699E-12 ) ) ;
#3993 = VERTEX_POINT ( 'NONE', #976 ) ;
#3994 = CARTESIAN_POINT ( 'NONE',  ( 0.3799999983500709777, 1.014999997297824086, -0.5232625667208050668 ) ) ;
#3995 = ORIENTED_EDGE ( 'NONE', *, *, #7094, .T. ) ;
#3996 = LINE ( 'NONE', #4028, #937 ) ;
#3997 = ORIENTED_EDGE ( 'NONE', *, *, #4357, .F. ) ;
#3998 = PLANE ( 'NONE',  #6745 ) ;
#3999 = CARTESIAN_POINT ( 'NONE',  ( -2.550000000000000266, 3.299999999999999822, 2.449999999999999734 ) ) ;
#4000 = CARTESIAN_POINT ( 'NONE',  ( 4.899999999999999467, 3.299999999999999822, 2.449999999999999734 ) ) ;
#4001 = LINE ( 'NONE', #986, #6232 ) ;
#4002 = ORIENTED_EDGE ( 'NONE', *, *, #2265, .T. ) ;
#4003 = VERTEX_POINT ( 'NONE', #5741 ) ;
#4004 = EDGE_CURVE ( 'NONE', #2509, #3416, #2674, .T. ) ;
#4005 = CARTESIAN_POINT ( 'NONE',  ( -4.110209906105964706, 1.223676828849068032, -0.3367484930340015059 ) ) ;
#4006 = FACE_OUTER_BOUND ( 'NONE', #2299, .T. ) ;
#4007 = CARTESIAN_POINT ( 'NONE',  ( 4.799661943767019601, 1.015000000000000124, -0.5806863616163440156 ) ) ;
#4008 = PLANE ( 'NONE',  #7628 ) ;
#4009 = DIRECTION ( 'NONE',  ( 1.000000000000000000, 0.000000000000000000, 0.000000000000000000 ) ) ;
#4010 = CARTESIAN_POINT ( 'NONE',  ( 0.2029573978791094913, 0.8863934048153340184, -0.6320792316570680303 ) ) ;
#4011 = ORIENTED_EDGE ( 'NONE', *, *, #5907, .F. ) ;
#4012 = CARTESIAN_POINT ( 'NONE',  ( 0.7249999999999999778, -2.939999999999999947, 3.504999999999999893 ) ) ;
#4013 = LINE ( 'NONE', #7760, #1447 ) ;
#4014 = CARTESIAN_POINT ( 'NONE',  ( -2.990671723108746516, -1.473918287542546501, -0.1636710312242593557 ) ) ;
#4015 = EDGE_CURVE ( 'NONE', #3319, #808, #5262, .T. ) ;
#4016 = CARTESIAN_POINT ( 'NONE',  ( 3.411825030063675435, -1.232354853797098082, -0.2799185156093474403 ) ) ;
#4017 = CARTESIAN_POINT ( 'NONE',  ( -5.079970783827260306, 0.9547773590883952277, -0.4925279537982620304 ) ) ;
#4018 = ORIENTED_EDGE ( 'NONE', *, *, #7389, .F. ) ;
#4019 = CARTESIAN_POINT ( 'NONE',  ( 4.320000016793694719, 0.9253867892850985433, -0.5737624871331429288 ) ) ;
#4020 = DIRECTION ( 'NONE',  ( -0.000000000000000000, 1.000000000000000000, 0.000000000000000000 ) ) ;
#4021 = ADVANCED_FACE ( 'NONE', ( #4632 ), #290, .F. ) ;
#4022 = ORIENTED_EDGE ( 'NONE', *, *, #7053, .F. ) ;
#4023 = LINE ( 'NONE', #940, #7246 ) ;
#4024 = LINE ( 'NONE', #2824, #5601 ) ;
#4025 = ORIENTED_EDGE ( 'NONE', *, *, #5028, .F. ) ;
#4026 = DIRECTION ( 'NONE',  ( 0.000000000000000000, 0.000000000000000000, 1.000000000000000000 ) ) ;
#4027 = ORIENTED_EDGE ( 'NONE', *, *, #747, .F. ) ;
#4028 = CARTESIAN_POINT ( 'NONE',  ( 2.600000000000000089, -2.939999999999999947, 3.449999999999999734 ) ) ;
#4029 = CARTESIAN_POINT ( 'NONE',  ( 5.064724446915409573, 0.6460723653285549428, -0.6242319909912299458 ) ) ;
#4030 = EDGE_LOOP ( 'NONE', ( #3059, #6922 ) ) ;
#4031 = SURFACE_SIDE_STYLE ('',( #492 ) ) ;
#4032 = CARTESIAN_POINT ( 'NONE',  ( 0.3800000000000000044, 0.6350000000000000089, -0.6499999999999909184 ) ) ;
#4033 = FACE_OUTER_BOUND ( 'NONE', #3877, .T. ) ;
#4034 = DIRECTION ( 'NONE',  ( 0.000000000000000000, -1.000000000000000000, 0.000000000000000000 ) ) ;
#4035 = ADVANCED_FACE ( 'NONE', ( #5147 ), #1612, .F. ) ;
#4036 = ORIENTED_EDGE ( 'NONE', *, *, #4794, .T. ) ;
#4037 = EDGE_LOOP ( 'NONE', ( #4663, #681, #1024, #1313, #5427, #1396, #3539, #574 ) ) ;
#4038 = CARTESIAN_POINT ( 'NONE',  ( -0.5130437110783440113, 1.201514149307281842, -0.3563045462933939755 ) ) ;
#4039 = CARTESIAN_POINT ( 'NONE',  ( -4.320000000000000284, 1.116500025446587996, -11.24033962247525942 ) ) ;
#4040 = CARTESIAN_POINT ( 'NONE',  ( 2.093932565999999940E-15, -1.930000000000000160, 11.42999999999999972 ) ) ;
#4041 = CARTESIAN_POINT ( 'NONE',  ( 0.8800000000000109956, 0.6350000000000000089, -8.179999999999999716 ) ) ;
#4042 = CARTESIAN_POINT ( 'NONE',  ( 4.899999999999999467, -3.299999999999999822, 2.449999999999999734 ) ) ;
#4043 = CARTESIAN_POINT ( 'NONE',  ( 0.7354310815406870372, 1.239000331719756209, -0.3281234879799819759 ) ) ;
#4044 = EDGE_LOOP ( 'NONE', ( #4881, #7110, #2353, #5672 ) ) ;
#4045 = DIRECTION ( 'NONE',  ( 0.000000000000000000, 0.000000000000000000, 1.000000000000000000 ) ) ;
#4046 = CARTESIAN_POINT ( 'NONE',  ( 8.939999999999999503, -0.6350000000000000089, -7.419999999998291074 ) ) ;
#4047 = CARTESIAN_POINT ( 'NONE',  ( -5.520398248795539864, -1.355470083455758035, -0.1456021183550487985 ) ) ;
#4048 = CARTESIAN_POINT ( 'NONE',  ( 3.851597265777944923, -0.9198504833937789504, -0.4167089134127390238 ) ) ;
#4049 = DIRECTION ( 'NONE',  ( 0.000000000000000000, 0.000000000000000000, 1.000000000000000000 ) ) ;
#4050 = EDGE_CURVE ( 'NONE', #6191, #7611, #1008, .T. ) ;
#4051 = ORIENTED_EDGE ( 'NONE', *, *, #6928, .T. ) ;
#4052 = LINE ( 'NONE', #6594, #5234 ) ;
#4053 = VECTOR ( 'NONE', #55, 1000.000000000000000 ) ;
#4054 = CARTESIAN_POINT ( 'NONE',  ( -2.285520215158300061, -1.398832818202351946, -0.1813184836706385195 ) ) ;
#4055 = CARTESIAN_POINT ( 'NONE',  ( -6.021619212407750332, -1.999999999999924949, -0.001218910109444400073 ) ) ;
#4056 = ORIENTED_EDGE ( 'NONE', *, *, #5731, .F. ) ;
#4057 = LINE ( 'NONE', #7661, #1899 ) ;
#4058 = EDGE_CURVE ( 'NONE', #3935, #2884, #2382, .T. ) ;
#4059 = CARTESIAN_POINT ( 'NONE',  ( 4.780312307374909864, 1.049026756473455890, -0.5490507636034140937 ) ) ;
#4060 = VECTOR ( 'NONE', #3409, 1000.000000000000000 ) ;
#4061 = ORIENTED_EDGE ( 'NONE', *, *, #2224, .F. ) ;
#4062 = DIRECTION ( 'NONE',  ( -1.000000000000000000, 0.000000000000000000, 0.000000000000000000 ) ) ;
#4063 = VECTOR ( 'NONE', #6189, 1000.000000000000000 ) ;
#4064 = EDGE_CURVE ( 'NONE', #3360, #5985, #531, .T. ) ;
#4065 = ORIENTED_EDGE ( 'NONE', *, *, #2982, .T. ) ;
#4066 = EDGE_CURVE ( 'NONE', #5812, #7296, #3581, .T. ) ;
#4067 = VECTOR ( 'NONE', #7863, 1000.000000000000000 ) ;
#4068 = VERTEX_POINT ( 'NONE', #1168 ) ;
#4069 = CARTESIAN_POINT ( 'NONE',  ( 9.039999999999999147, -0.6350000000000000089, -4.370000000000000107 ) ) ;
#4070 = VECTOR ( 'NONE', #4423, 1000.000000000000000 ) ;
#4071 = DIRECTION ( 'NONE',  ( -3.005929311600325068E-12, 1.000000000000000000, -3.005929311600325068E-12 ) ) ;
#4072 = CARTESIAN_POINT ( 'NONE',  ( 1.504670863255528346, 1.435980658681576205, -0.1859448628236980705 ) ) ;
#4073 = EDGE_CURVE ( 'NONE', #491, #5268, #7251, .T. ) ;
#4074 = CARTESIAN_POINT ( 'NONE',  ( 2.799999999999999822, -2.000000000000000000, 4.839999999999999858 ) ) ;
#4075 = VECTOR ( 'NONE', #1184, 1000.000000000000000 ) ;
#4076 = ADVANCED_FACE ( 'NONE', ( #3499 ), #4138, .T. ) ;
#4077 = EDGE_LOOP ( 'NONE', ( #3013, #3571, #4555, #2518 ) ) ;
#4078 = ORIENTED_EDGE ( 'NONE', *, *, #4291, .F. ) ;
#4079 = CIRCLE ( 'NONE', #2929, 0.2999999999999942712 ) ;
#4080 = VECTOR ( 'NONE', #6013, 1000.000000000000000 ) ;
#4081 = CARTESIAN_POINT ( 'NONE',  ( -2.092426280412374773, 1.348769591156413927, -0.1957897510012745201 ) ) ;
#4082 = CARTESIAN_POINT ( 'NONE',  ( 5.200000000000000178, -2.339999999999999858, 5.190000000000000391 ) ) ;
#4083 = CARTESIAN_POINT ( 'NONE',  ( -4.748039598022890218, 1.015008227025129939, -0.5906267399443609900 ) ) ;
#4084 = CARTESIAN_POINT ( 'NONE',  ( 8.939999999999999503, 0.6350000000000000089, -8.179999999999999716 ) ) ;
#4085 = CARTESIAN_POINT ( 'NONE',  ( -6.349999999999999645, -2.939999999999999947, 5.989999999999999325 ) ) ;
#4086 = VECTOR ( 'NONE', #7141, 1000.000000000000000 ) ;
#4087 = CARTESIAN_POINT ( 'NONE',  ( 1.234568441965494090, 1.084339356237474128, -0.3156233652575949900 ) ) ;
#4088 = VERTEX_POINT ( 'NONE', #449 ) ;
#4089 = DIRECTION ( 'NONE',  ( -1.000000000000000000, 0.000000000000000000, 0.000000000000000000 ) ) ;
#4090 = AXIS2_PLACEMENT_3D ( 'NONE', #5892, #676, #4411 ) ;
#4091 = FACE_OUTER_BOUND ( 'NONE', #4599, .T. ) ;
#4092 = CARTESIAN_POINT ( 'NONE',  ( -5.123924735531049102, -0.7268112817776030132, -0.5260930965066480391 ) ) ;
#4093 = CARTESIAN_POINT ( 'NONE',  ( -1.930000000000000160, 1.930000000000000160, 5.989999999999999325 ) ) ;
#4094 = DIRECTION ( 'NONE',  ( -1.000000000000000000, 0.000000000000000000, 0.000000000000000000 ) ) ;
#4095 = VECTOR ( 'NONE', #1958, 1000.000000000000000 ) ;
#4096 = VECTOR ( 'NONE', #7231, 1000.000000000000000 ) ;
#4097 = ORIENTED_EDGE ( 'NONE', *, *, #1051, .T. ) ;
#4098 = DIRECTION ( 'NONE',  ( 0.000000000000000000, 0.000000000000000000, 1.000000000000000000 ) ) ;
#4099 = B_SPLINE_CURVE_WITH_KNOTS ( 'NONE', 3,
 ( #6988, #1540, #2628, #3956, #3191, #253, #1498 ),
 .UNSPECIFIED., .F., .F.,
 ( 4, 3, 4 ),
 ( -0.01102513288341499913, -0.005516995191095000299, -8.857498774999736368E-06 ),
 .UNSPECIFIED. ) ;
#4100 = CARTESIAN_POINT ( 'NONE',  ( -4.580553923084449863, -0.7101728260572219842, -0.7164871889095481006 ) ) ;
#4101 = CARTESIAN_POINT ( 'NONE',  ( -4.850000000000000533, 2.929999999999999716, 3.500000000000000000 ) ) ;
#4102 = VECTOR ( 'NONE', #3143, 1000.000000000000000 ) ;
#4103 = EDGE_LOOP ( 'NONE', ( #1146, #6987, #2137, #2879, #7835, #5236, #5393, #2383 ) ) ;
#4104 = FACE_OUTER_BOUND ( 'NONE', #6803, .T. ) ;
#4105 = CARTESIAN_POINT ( 'NONE',  ( 4.628489870807970696, 0.8469136972468659375, -0.6928856560527140163 ) ) ;
#4106 = ORIENTED_EDGE ( 'NONE', *, *, #1749, .F. ) ;
#4107 = FACE_OUTER_BOUND ( 'NONE', #4258, .T. ) ;
#4108 = ORIENTED_EDGE ( 'NONE', *, *, #4806, .T. ) ;
#4109 = EDGE_CURVE ( 'NONE', #7541, #7576, #4815, .T. ) ;
#4110 = CARTESIAN_POINT ( 'NONE',  ( 5.055996270690739536, 1.046076674374013971, -0.4522307273355170021 ) ) ;
#4111 = ORIENTED_EDGE ( 'NONE', *, *, #5917, .F. ) ;
#4112 = ADVANCED_FACE ( 'NONE', ( #2861, #6647, #7814 ), #3724, .T. ) ;
#4113 = CARTESIAN_POINT ( 'NONE',  ( 5.080101182696674655, -0.8442061757296094315, -0.5416245186289492253 ) ) ;
#4114 = CARTESIAN_POINT ( 'NONE',  ( -6.049999999999999822, 2.739999999999999769, 6.349999999999999645 ) ) ;
#4115 = DIRECTION ( 'NONE',  ( 0.000000000000000000, -1.000000000000000000, 0.000000000000000000 ) ) ;
#4116 = VERTEX_POINT ( 'NONE', #2945 ) ;
#4117 = LINE ( 'NONE', #923, #5612 ) ;
#4118 = VERTEX_POINT ( 'NONE', #6155 ) ;
#4119 = CARTESIAN_POINT ( 'NONE',  ( -2.825104591761609996, 1.256497222583941920, -0.2104975124904170103 ) ) ;
#4120 = CARTESIAN_POINT ( 'NONE',  ( 2.600000000000000089, -3.140000000000000124, 2.750000000000000000 ) ) ;
#4121 = DIRECTION ( 'NONE',  ( 0.000000000000000000, 0.000000000000000000, 1.000000000000000000 ) ) ;
#4122 = EDGE_CURVE ( 'NONE', #2462, #665, #2349, .T. ) ;
#4123 = LINE ( 'NONE', #4728, #3943 ) ;
#4124 = DIRECTION ( 'NONE',  ( 0.000000000000000000, 1.000000000000000000, 0.000000000000000000 ) ) ;
#4125 = CARTESIAN_POINT ( 'NONE',  ( 2.027854814299125064, 1.460634024549324117, -0.1683398484467825140 ) ) ;
#4126 = ORIENTED_EDGE ( 'NONE', *, *, #6111, .F. ) ;
#4127 = VERTEX_POINT ( 'NONE', #7179 ) ;
#4128 = VERTEX_POINT ( 'NONE', #1725 ) ;
#4129 = CARTESIAN_POINT ( 'NONE',  ( 4.899999999999999467, -2.939999999999999947, 3.899999999999999911 ) ) ;
#4130 = LINE ( 'NONE', #2341, #6265 ) ;
#4131 = CARTESIAN_POINT ( 'NONE',  ( -4.765167642585200092, -0.9771002575447258476, -0.6442022475716429053 ) ) ;
#4132 = CARTESIAN_POINT ( 'NONE',  ( -6.349999999999999645, 2.939999999999999947, 0.000000000000000000 ) ) ;
#4133 = VERTEX_POINT ( 'NONE', #3122 ) ;
#4134 = CARTESIAN_POINT ( 'NONE',  ( -1.930000000000000160, -1.930000000000000160, 5.989999999999999325 ) ) ;
#4135 = CARTESIAN_POINT ( 'NONE',  ( -4.606802149150380110, -0.7788520478557050541, -0.7114499854575090376 ) ) ;
#4136 = DIRECTION ( 'NONE',  ( 0.000000000000000000, -1.000000000000000000, 0.000000000000000000 ) ) ;
#4137 = VERTEX_POINT ( 'NONE', #569 ) ;
#4138 = PLANE ( 'NONE',  #7261 ) ;
#4139 = ORIENTED_EDGE ( 'NONE', *, *, #1208, .F. ) ;
#4140 = ADVANCED_FACE ( 'NONE', ( #5557 ), #6528, .T. ) ;
#4141 = CARTESIAN_POINT ( 'NONE',  ( 6.349999999999999645, 2.810000000000000053, 5.989999999999999325 ) ) ;
#4142 = VERTEX_POINT ( 'NONE', #7847 ) ;
#4143 = APPLICATION_PROTOCOL_DEFINITION ( 'draft international standard', 'automotive_design', 1998, #5294 ) ;
#4144 = VERTEX_POINT ( 'NONE', #7733 ) ;
#4145 = LINE ( 'NONE', #370, #3952 ) ;
#4146 = CARTESIAN_POINT ( 'NONE',  ( 5.080031481461663390, -0.7944244083986223837, -0.5599703572706609123 ) ) ;
#4147 = DIRECTION ( 'NONE',  ( 0.000000000000000000, 1.000000000000000000, 0.000000000000000000 ) ) ;
#4148 = ADVANCED_FACE ( 'NONE', ( #7211 ), #2028, .T. ) ;
#4149 = CARTESIAN_POINT ( 'NONE',  ( 1.467349297390000196, 1.930000000000000160, 10.78778237296842057 ) ) ;
#4150 = EDGE_CURVE ( 'NONE', #6982, #4133, #505, .T. ) ;
#4151 = VERTEX_POINT ( 'NONE', #4915 ) ;
#4152 = CARTESIAN_POINT ( 'NONE',  ( 3.905000000000000249, -2.050000000000000266, 5.971999999999999531 ) ) ;
#4153 = VERTEX_POINT ( 'NONE', #554 ) ;
#4154 = ADVANCED_FACE ( 'NONE', ( #6067 ), #621, .T. ) ;
#4155 = CARTESIAN_POINT ( 'NONE',  ( -4.850000000000000533, 3.140000000000000124, 2.750000000000000000 ) ) ;
#4156 = DIRECTION ( 'NONE',  ( 1.000000000000000000, 0.000000000000000000, 0.000000000000000000 ) ) ;
#4157 = CARTESIAN_POINT ( 'NONE',  ( -0.0001583279606612000205, 1.069128354605789921, -0.5210857179634369452 ) ) ;
#4158 = LINE ( 'NONE', #7230, #909 ) ;
#4159 = PLANE ( 'NONE',  #7126 ) ;
#4160 = EDGE_CURVE ( 'NONE', #2272, #469, #5514, .T. ) ;
#4161 = DIRECTION ( 'NONE',  ( -1.000000000000000000, 0.000000000000000000, 0.000000000000000000 ) ) ;
#4162 = VERTEX_POINT ( 'NONE', #59 ) ;
#4163 = ORIENTED_EDGE ( 'NONE', *, *, #1151, .T. ) ;
#4164 = ORIENTED_EDGE ( 'NONE', *, *, #527, .T. ) ;
#4165 = EDGE_CURVE ( 'NONE', #6070, #5985, #4316, .T. ) ;
#4166 = EDGE_CURVE ( 'NONE', #4793, #2753, #6746, .T. ) ;
#4167 = CARTESIAN_POINT ( 'NONE',  ( -1.222729189295125973, 1.930000000000000160, 10.88969411280078070 ) ) ;
#4168 = DIRECTION ( 'NONE',  ( -1.000000000000000000, 0.000000000000000000, 0.000000000000000000 ) ) ;
#4169 = CARTESIAN_POINT ( 'NONE',  ( 1.703557601043285130, 1.930000000000000160, 10.66765478544072110 ) ) ;
#4170 = CARTESIAN_POINT ( 'NONE',  ( -5.080031024259942463, 0.7950353214221030917, -0.5597775297313523080 ) ) ;
#4171 = ADVANCED_FACE ( 'NONE', ( #5363 ), #5473, .F. ) ;
#4172 = VERTEX_POINT ( 'NONE', #4242 ) ;
#4173 = CARTESIAN_POINT ( 'NONE',  ( 5.566102187449793348, 1.671018098527259799, -0.05815310985791991710 ) ) ;
#4174 = CARTESIAN_POINT ( 'NONE',  ( -4.481488491856245204, -0.9686538105135240606, -0.5822972013844980310 ) ) ;
#4175 = CARTESIAN_POINT ( 'NONE',  ( -0.7800000000000000266, -2.939999999999999947, 1.350000000000000089 ) ) ;
#4176 = ORIENTED_EDGE ( 'NONE', *, *, #7781, .F. ) ;
#4177 = DIRECTION ( 'NONE',  ( -0.000000000000000000, 1.000000000000000000, 0.000000000000000000 ) ) ;
#4178 = VERTEX_POINT ( 'NONE', #6031 ) ;
#4179 = CARTESIAN_POINT ( 'NONE',  ( -4.852582264404429857, -1.014999999999572022, -0.5635417384016709885 ) ) ;
#4180 = VECTOR ( 'NONE', #215, 1000.000000000000000 ) ;
#4181 = ORIENTED_EDGE ( 'NONE', *, *, #6343, .T. ) ;
#4182 = CARTESIAN_POINT ( 'NONE',  ( 1.938533050316389783, -1.262090023492324020, -0.2080637121731660211 ) ) ;
#4183 = CARTESIAN_POINT ( 'NONE',  ( 0.7800000000000000266, 3.299999999999999822, 3.409999999999999698 ) ) ;
#4184 = VECTOR ( 'NONE', #7853, 1000.000000000000000 ) ;
#4185 = AXIS2_PLACEMENT_3D ( 'NONE', #7564, #2640, #1311 ) ;
#4186 = DIRECTION ( 'NONE',  ( 0.000000000000000000, -2.706681000000000107E-12, -1.000000000000000000 ) ) ;
#4187 = DIRECTION ( 'NONE',  ( 0.000000000000000000, 0.000000000000000000, -1.000000000000000000 ) ) ;
#4188 = ORIENTED_EDGE ( 'NONE', *, *, #2249, .T. ) ;
#4189 = DIRECTION ( 'NONE',  ( 0.000000000000000000, -1.000000000000000000, 0.000000000000000000 ) ) ;
#4190 = VERTEX_POINT ( 'NONE', #1224 ) ;
#4191 = CIRCLE ( 'NONE', #248, 0.1999999999999870770 ) ;
#4192 = DIRECTION ( 'NONE',  ( 0.2562207112933979625, 0.000000000000000000, 0.9666183047637288972 ) ) ;
#4193 = VECTOR ( 'NONE', #2745, 1000.000000000000000 ) ;
#4194 = CARTESIAN_POINT ( 'NONE',  ( -0.3800000000000000044, 0.6350000000000000089, -0.6499999999999909184 ) ) ;
#4195 = ADVANCED_FACE ( 'NONE', ( #4878 ), #7016, .T. ) ;
#4196 = CARTESIAN_POINT ( 'NONE',  ( 6.349999999999999645, -1.614999999999999991, 6.349999999999999645 ) ) ;
#4197 = LINE ( 'NONE', #503, #373 ) ;
#4198 = FACE_OUTER_BOUND ( 'NONE', #3841, .T. ) ;
#4199 = CARTESIAN_POINT ( 'NONE',  ( -4.648268017999980017, 1.015000126250271917, -0.5790819486561640250 ) ) ;
#4200 = AXIS2_PLACEMENT_3D ( 'NONE', #19, #2444, #4313 ) ;
#4201 = ORIENTED_EDGE ( 'NONE', *, *, #6102, .F. ) ;
#4202 = VECTOR ( 'NONE', #4838, 1000.000000000000000 ) ;
#4203 = ORIENTED_EDGE ( 'NONE', *, *, #413, .T. ) ;
#4204 = ORIENTED_EDGE ( 'NONE', *, *, #5143, .F. ) ;
#4205 = VECTOR ( 'NONE', #5467, 1000.000000000000000 ) ;
#4206 = FACE_OUTER_BOUND ( 'NONE', #6521, .T. ) ;
#4207 = PLANE ( 'NONE',  #1421 ) ;
#4208 = ADVANCED_FACE ( 'NONE', ( #1302 ), #1189, .T. ) ;
#4209 = CARTESIAN_POINT ( 'NONE',  ( 9.039999999999999147, 0.6350000000000000089, -4.370000000000000107 ) ) ;
#4210 = AXIS2_PLACEMENT_3D ( 'NONE', #1646, #411, #6940 ) ;
#4211 = DIRECTION ( 'NONE',  ( -1.669394664300510245E-19, 1.000000000000000000, -6.011929166939469999E-12 ) ) ;
#4212 = EDGE_CURVE ( 'NONE', #1482, #6172, #1855, .T. ) ;
#4213 = PRESENTATION_LAYER_ASSIGNMENT (  '', '', ( #7003 ) ) ;
#4214 = EDGE_LOOP ( 'NONE', ( #6044, #3247, #1365, #506, #3098, #5755, #1114, #2565 ) ) ;
#4215 = DIRECTION ( 'NONE',  ( -1.000000000000000000, 0.000000000000000000, 0.000000000000000000 ) ) ;
#4216 = EDGE_CURVE ( 'NONE', #3704, #939, #2369, .T. ) ;
#4217 = AXIS2_PLACEMENT_3D ( 'NONE', #631, #37, #3761 ) ;
#4218 = CARTESIAN_POINT ( 'NONE',  ( -1.583462335595690051, -1.432890095000439956, -0.1876863029783324976 ) ) ;
#4219 = FACE_OUTER_BOUND ( 'NONE', #7060, .T. ) ;
#4220 = ORIENTED_EDGE ( 'NONE', *, *, #6474, .F. ) ;
#4221 = EDGE_CURVE ( 'NONE', #443, #5183, #1743, .T. ) ;
#4222 = VECTOR ( 'NONE', #798, 1000.000000000000000 ) ;
#4223 = CARTESIAN_POINT ( 'NONE',  ( 1.034811480003838158, 1.930000000000000160, 11.21316523494646056 ) ) ;
#4224 = ORIENTED_EDGE ( 'NONE', *, *, #6674, .T. ) ;
#4225 = LINE ( 'NONE', #7735, #5106 ) ;
#4226 = VECTOR ( 'NONE', #2148, 1000.000000000000000 ) ;
#4227 = APPLICATION_PROTOCOL_DEFINITION ( 'draft international standard', 'automotive_design', 1998, #3094 ) ;
#4228 = ORIENTED_EDGE ( 'NONE', *, *, #6008, .F. ) ;
#4229 = CARTESIAN_POINT ( 'NONE',  ( 1.622010144837890078, -1.200604723494540060, -0.2469673691322950004 ) ) ;
#4230 = LINE ( 'NONE', #6655, #6082 ) ;
#4231 = CARTESIAN_POINT ( 'NONE',  ( -3.819999999999999840, -0.6350000000606049744, -10.72999999999616172 ) ) ;
#4232 = AXIS2_PLACEMENT_3D ( 'NONE', #5406, #101, #4920 ) ;
#4233 = CARTESIAN_POINT ( 'NONE',  ( 0.7800000000000000266, 2.939999999999999947, 1.350000000000000089 ) ) ;
#4234 = VERTEX_POINT ( 'NONE', #2999 ) ;
#4235 = CARTESIAN_POINT ( 'NONE',  ( 4.724360944167240284, 1.063092866005570070, -0.5294166342961349470 ) ) ;
#4236 = EDGE_LOOP ( 'NONE', ( #1455, #7021, #7391, #4900 ) ) ;
#4237 = CARTESIAN_POINT ( 'NONE',  ( 1.222729189295125973, 1.930000000000000160, 10.88969411280078070 ) ) ;
#4238 = DIRECTION ( 'NONE',  ( 0.000000000000000000, 0.000000000000000000, -1.000000000000000000 ) ) ;
#4239 = DIRECTION ( 'NONE',  ( 0.000000000000000000, -1.000000000000000000, 0.000000000000000000 ) ) ;
#4240 = CARTESIAN_POINT ( 'NONE',  ( -1.749450054137954957, 1.930000000000000160, 10.84078866282271925 ) ) ;
#4241 = CARTESIAN_POINT ( 'NONE',  ( 0.3800000000000000044, 1.116500000000000048, -7.239836871612670421 ) ) ;
#4242 = CARTESIAN_POINT ( 'NONE',  ( 8.455000000000000071, 2.810000000000000053, 6.349999999999999645 ) ) ;
#4243 = ORIENTED_EDGE ( 'NONE', *, *, #1361, .T. ) ;
#4244 = ORIENTED_EDGE ( 'NONE', *, *, #1351, .T. ) ;
#4245 = ORIENTED_EDGE ( 'NONE', *, *, #6408, .T. ) ;
#4247 = EDGE_CURVE ( 'NONE', #2225, #3105, #6879, .T. ) ;
#4246 = B_SPLINE_SURFACE_WITH_KNOTS ( 'NONE', 3, 3, ( 
 ( #2971, #7720, #5407, #594, #7840, #4776, #4739 ),
 ( #6633, #7241, #1751, #2375, #4808, #1152, #6037 ),
 ( #3568, #1197, #3005, #3607, #7875, #5441, #2410 ),
 ( #1634, #2887, #4047, #6472, #1041, #3451, #5887 ),
 ( #5287, #7171, #476, #440, #2852, #2259, #7121 ),
 ( #1673, #4092, #6518, #3490, #5925, #5325, #7761 ),
 ( #6558, #5959, #1717, #515, #4131, #4283, #6706 ) ),
 .UNSPECIFIED., .F., .F., .F.,
 ( 4, 1, 1, 1, 4 ),
 ( 4, 1, 1, 1, 4 ),
 ( -1.502295481937560018, -1.367589964785226098, -1.100062003569919789, -0.8325340423546130353, -0.5651919564232810167 ),
 ( -0.0009618245524640000156, 0.2857142857142860315, 0.5714285714285709528, 0.8571428571428569843, 1.000020381018329907 ),
 .UNSPECIFIED. ) ;
#4248 = CARTESIAN_POINT ( 'NONE',  ( -6.049999999999999822, -2.739999999999999769, 6.349999999999999645 ) ) ;
#4249 = DIRECTION ( 'NONE',  ( -1.000000000000000000, 0.000000000000000000, 0.000000000000000000 ) ) ;
#4250 = CARTESIAN_POINT ( 'NONE',  ( 0.5014999999999999458, -2.922000000000000153, 1.350000000000000089 ) ) ;
#4251 = CARTESIAN_POINT ( 'NONE',  ( -5.079998251440754231, 0.7052066450476085491, -0.5895620335504526688 ) ) ;
#4252 = ORIENTED_EDGE ( 'NONE', *, *, #4109, .T. ) ;
#4253 = LINE ( 'NONE', #4329, #150 ) ;
#4254 = EDGE_CURVE ( 'NONE', #547, #7619, #2633, .T. ) ;
#4255 = ADVANCED_FACE ( 'NONE', ( #5638 ), #5548, .T. ) ;
#4256 = CARTESIAN_POINT ( 'NONE',  ( -2.281884830816539811, -1.524991516353310095, -0.1368337217881685774 ) ) ;
#4257 = CARTESIAN_POINT ( 'NONE',  ( 2.600000000000000089, 2.939999999999999947, 2.449999999999999734 ) ) ;
#4258 = EDGE_LOOP ( 'NONE', ( #6681, #3907, #1144, #582, #2896, #568, #7670, #3521 ) ) ;
#4259 = ORIENTED_EDGE ( 'NONE', *, *, #4696, .F. ) ;
#4260 = CARTESIAN_POINT ( 'NONE',  ( 0.7249999999999999778, 3.140000000000000124, 3.504999999999999893 ) ) ;
#4261 = ADVANCED_FACE ( 'NONE', ( #7392 ), #2015, .T. ) ;
#4262 = EDGE_CURVE ( 'NONE', #6258, #3682, #736, .T. ) ;
#4263 = ORIENTED_EDGE ( 'NONE', *, *, #7144, .F. ) ;
#4264 = CARTESIAN_POINT ( 'NONE',  ( 0.3727412023082560255, -1.142483440991691968, -0.4253551703245594950 ) ) ;
#4265 = CARTESIAN_POINT ( 'NONE',  ( -4.850000000000000533, 2.939999999999999947, 3.449999999999999734 ) ) ;
#4266 = DIRECTION ( 'NONE',  ( 0.000000000000000000, 0.000000000000000000, 1.000000000000000000 ) ) ;
#4267 = DIRECTION ( 'NONE',  ( 0.000000000000000000, -1.000000000000000000, 0.000000000000000000 ) ) ;
#4268 = ORIENTED_EDGE ( 'NONE', *, *, #3040, .T. ) ;
#4269 = LINE ( 'NONE', #6024, #4605 ) ;
#4270 = ORIENTED_EDGE ( 'NONE', *, *, #7153, .T. ) ;
#4271 = CARTESIAN_POINT ( 'NONE',  ( -4.471484580231599892, 0.9713324715200208903, -0.5779762581976228830 ) ) ;
#4272 = LINE ( 'NONE', #694, #4464 ) ;
#4273 = LINE ( 'NONE', #2557, #4067 ) ;
#4274 = DIRECTION ( 'NONE',  ( 6.313729999999999998E-12, -1.000000000000000000, 2.706460000000000163E-12 ) ) ;
#4275 = CARTESIAN_POINT ( 'NONE',  ( 6.049999999999999822, 1.639999999999999902, 6.349999999999999645 ) ) ;
#4277 = B_SPLINE_CURVE_WITH_KNOTS ( 'NONE', 3,
 ( #7672, #5752, #7074, #6386, #1020, #4072, #3911, #3432, #301, #4677, #4602, #5272, #7706, #6951, #1066, #255 ),
 .UNSPECIFIED., .F., .F.,
 ( 4, 1, 1, 1, 1, 1, 1, 1, 1, 1, 1, 1, 1, 4 ),
 ( 0.000000000000000000, 0.06656243415299385735, 0.1449073742600068271, 0.2754822744383605415, 0.3277122345097032707, 0.3799421945810438905, 0.4321721546523866198, 0.4844021147237273506, 0.5366320747950699133, 0.5888620348664106441, 0.6933219550090941041, 0.8500118352231200713, 0.9283567753301311676, 1.000000000000000000 ),
 .UNSPECIFIED. ) ;
#4276 = CARTESIAN_POINT ( 'NONE',  ( 3.550000000000000266, 2.000000000000000000, 6.709999999999999964 ) ) ;
#4278 = ORIENTED_EDGE ( 'NONE', *, *, #2083, .F. ) ;
#4279 = ORIENTED_EDGE ( 'NONE', *, *, #5390, .T. ) ;
#4280 = ORIENTED_EDGE ( 'NONE', *, *, #7486, .F. ) ;
#4281 = PLANE ( 'NONE',  #1701 ) ;
#4282 = LINE ( 'NONE', #1150, #2927 ) ;
#4283 = CARTESIAN_POINT ( 'NONE',  ( -4.684570787977460071, -1.007255933171582019, -0.6122121456975679887 ) ) ;
#4284 = CARTESIAN_POINT ( 'NONE',  ( 5.080000000000000071, -1.015000000000000124, -0.6499999999999909184 ) ) ;
#4285 = ADVANCED_FACE ( 'NONE', ( #3150 ), #3272, .T. ) ;
#4286 = ORIENTED_EDGE ( 'NONE', *, *, #5721, .F. ) ;
#4287 = FACE_OUTER_BOUND ( 'NONE', #496, .T. ) ;
#4288 = CARTESIAN_POINT ( 'NONE',  ( -0.5517791965264460252, -0.8009824370600399090, -0.5237950302937469660 ) ) ;
#4289 = FACE_OUTER_BOUND ( 'NONE', #848, .T. ) ;
#4290 = VERTEX_POINT ( 'NONE', #3876 ) ;
#4291 = EDGE_CURVE ( 'NONE', #3497, #5879, #3237, .T. ) ;
#4292 = ORIENTED_EDGE ( 'NONE', *, *, #2805, .F. ) ;
#4293 = CARTESIAN_POINT ( 'NONE',  ( -4.724360382504409372, 1.063090845069733836, -0.5294193711462620300 ) ) ;
#4294 = DIRECTION ( 'NONE',  ( 1.000000000000000000, 0.000000000000000000, 0.000000000000000000 ) ) ;
#4295 = ADVANCED_FACE ( 'NONE', ( #5589 ), #5041, .F. ) ;
#4296 = VERTEX_POINT ( 'NONE', #141 ) ;
#4297 = CARTESIAN_POINT ( 'NONE',  ( 1.897386355348044784, -1.498395585783226069, -0.1501487199156505137 ) ) ;
#4298 = DIRECTION ( 'NONE',  ( 1.000000000000000000, 0.000000000000000000, 0.000000000000000000 ) ) ;
#4299 = DIRECTION ( 'NONE',  ( 0.000000000000000000, 0.000000000000000000, 1.000000000000000000 ) ) ;
#4300 = EDGE_CURVE ( 'NONE', #4116, #6080, #5123, .T. ) ;
#4301 = EDGE_CURVE ( 'NONE', #5235, #5151, #1504, .T. ) ;
#4302 = FACE_OUTER_BOUND ( 'NONE', #1304, .T. ) ;
#4303 = VERTEX_POINT ( 'NONE', #5005 ) ;
#4304 = CARTESIAN_POINT ( 'NONE',  ( -6.079680295344630281, 1.986277705095980117, 3.018419159999999607E-15 ) ) ;
#4305 = VERTEX_POINT ( 'NONE', #7433 ) ;
#4306 = CARTESIAN_POINT ( 'NONE',  ( 6.077022014982389919, 1.997049052327459995, -4.775796899999999936E-17 ) ) ;
#4307 = VECTOR ( 'NONE', #7820, 1000.000000000000000 ) ;
#4308 = DIRECTION ( 'NONE',  ( 0.000000000000000000, 0.000000000000000000, 1.000000000000000000 ) ) ;
#4309 = PLANE ( 'NONE',  #6213 ) ;
#4310 = AXIS2_PLACEMENT_3D ( 'NONE', #2766, #1595, #4009 ) ;
#4311 = DIRECTION ( 'NONE',  ( 0.000000000000000000, 0.000000000000000000, -1.000000000000000000 ) ) ;
#4312 = ADVANCED_FACE ( 'NONE', ( #1979 ), #4398, .T. ) ;
#4313 = DIRECTION ( 'NONE',  ( 1.000000000000000000, 0.000000000000000000, 0.000000000000000000 ) ) ;
#4314 = CARTESIAN_POINT ( 'NONE',  ( 0.8800000000000109956, -0.6350000000061720717, -8.179999999998301519 ) ) ;
#4315 = EDGE_CURVE ( 'NONE', #6200, #6080, #5233, .T. ) ;
#4316 = LINE ( 'NONE', #5435, #1417 ) ;
#4317 = VERTEX_POINT ( 'NONE', #458 ) ;
#4318 = ORIENTED_EDGE ( 'NONE', *, *, #4708, .T. ) ;
#4319 = EDGE_LOOP ( 'NONE', ( #1712, #1249, #2539, #7165 ) ) ;
#4320 = VECTOR ( 'NONE', #1907, 1000.000000000000227 ) ;
#4321 = VECTOR ( 'NONE', #5513, 1000.000000000000000 ) ;
#4322 = DIRECTION ( 'NONE',  ( 0.000000000000000000, 0.000000000000000000, -1.000000000000000000 ) ) ;
#4323 = FACE_OUTER_BOUND ( 'NONE', #481, .T. ) ;
#4324 = FACE_OUTER_BOUND ( 'NONE', #2862, .T. ) ;
#4325 = VECTOR ( 'NONE', #1933, 1000.000000000000000 ) ;
#4326 = CARTESIAN_POINT ( 'NONE',  ( -5.750000000000000000, -2.939999999999999947, 5.989999999999999325 ) ) ;
#4327 = VECTOR ( 'NONE', #4266, 1000.000000000000000 ) ;
#4328 = ORIENTED_EDGE ( 'NONE', *, *, #1092, .T. ) ;
#4329 = CARTESIAN_POINT ( 'NONE',  ( -2.093932565999999940E-15, 1.930000000000000160, 11.42999999999999972 ) ) ;
#4330 = VECTOR ( 'NONE', #6696, 1000.000000000000000 ) ;
#4331 = VECTOR ( 'NONE', #6909, 1000.000000000000000 ) ;
#4332 = VECTOR ( 'NONE', #6056, 1000.000000000000000 ) ;
#4333 = CARTESIAN_POINT ( 'NONE',  ( -0.4156873012967854941, -1.103622588226634171, -0.4571019199726149562 ) ) ;
#4334 = DIRECTION ( 'NONE',  ( 0.000000000000000000, 0.000000000000000000, 1.000000000000000000 ) ) ;
#4335 = VERTEX_POINT ( 'NONE', #7108 ) ;
#4336 = VECTOR ( 'NONE', #2827, 1000.000000000000000 ) ;
#4337 = ORIENTED_EDGE ( 'NONE', *, *, #3887, .F. ) ;
#4338 = DIRECTION ( 'NONE',  ( 0.5023269556814731196, 0.000000000000000000, 0.8646777605534811117 ) ) ;
#4339 = CARTESIAN_POINT ( 'NONE',  ( -5.119364070824000024, 1.105458810724335939, -0.3801021101617724773 ) ) ;
#4340 = VECTOR ( 'NONE', #6076, 1000.000000000000000 ) ;
#4341 = ORIENTED_EDGE ( 'NONE', *, *, #1232, .T. ) ;
#4342 = CARTESIAN_POINT ( 'NONE',  ( 0.9437431880506159665, -0.9580731579485060045, -0.3900307166319774699 ) ) ;
#4343 = DIRECTION ( 'NONE',  ( 1.000000000000000000, 0.000000000000000000, 0.000000000000000000 ) ) ;
#4344 = DIRECTION ( 'NONE',  ( 0.000000000000000000, 0.000000000000000000, -1.000000000000000000 ) ) ;
#4345 = DIRECTION ( 'NONE',  ( 0.000000000000000000, 0.000000000000000000, 1.000000000000000000 ) ) ;
#4346 = VECTOR ( 'NONE', #7459, 1000.000000000000000 ) ;
#4347 = ORIENTED_EDGE ( 'NONE', *, *, #1223, .F. ) ;
#4348 = CARTESIAN_POINT ( 'NONE',  ( -4.561522066294699584, -1.014999999826980082, -0.5665002437299869742 ) ) ;
#4349 = VERTEX_POINT ( 'NONE', #4074 ) ;
#4350 = CARTESIAN_POINT ( 'NONE',  ( 1.034811480003838158, 1.930000000000000160, 11.21316523494646056 ) ) ;
#4351 = EDGE_CURVE ( 'NONE', #7200, #450, #6991, .T. ) ;
#4352 = DIRECTION ( 'NONE',  ( 0.000000000000000000, -1.000000000000000000, 0.000000000000000000 ) ) ;
#4353 = CARTESIAN_POINT ( 'NONE',  ( 6.075434093228800236, -1.999999998423070080, -4.410102940000000122E-11 ) ) ;
#4354 = CARTESIAN_POINT ( 'NONE',  ( 2.600000000000000089, 3.140000000000000124, 2.449999999999999734 ) ) ;
#4355 = VECTOR ( 'NONE', #5542, 1000.000000000000000 ) ;
#4356 = CARTESIAN_POINT ( 'NONE',  ( 5.580000000000000071, -0.6350000000000000089, -3.609999999999999876 ) ) ;
#4357 = EDGE_CURVE ( 'NONE', #7434, #1277, #4560, .T. ) ;
#4358 = DIRECTION ( 'NONE',  ( 0.8646777605534807787, 0.000000000000000000, -0.5023269556814738968 ) ) ;
#4359 = EDGE_LOOP ( 'NONE', ( #7020, #1261, #2562, #4514, #1610, #974, #6896, #4864, #680, #859 ) ) ;
#4360 = CARTESIAN_POINT ( 'NONE',  ( -4.503796012706500207, 1.015000019242433771, -0.5572048057609819693 ) ) ;
#4361 = ORIENTED_EDGE ( 'NONE', *, *, #851, .F. ) ;
#4362 = ORIENTED_EDGE ( 'NONE', *, *, #3125, .F. ) ;
#4363 = VERTEX_POINT ( 'NONE', #2214 ) ;
#4364 = CARTESIAN_POINT ( 'NONE',  ( -0.06289808351071879411, 0.9262080340060849792, -0.6517577398034529734 ) ) ;
#4365 = EDGE_CURVE ( 'NONE', #2573, #6628, #5870, .T. ) ;
#4366 = DIRECTION ( 'NONE',  ( 0.5023269556814731196, 0.000000000000000000, -0.8646777605534811117 ) ) ;
#4367 = LINE ( 'NONE', #791, #3679 ) ;
#4368 = CARTESIAN_POINT ( 'NONE',  ( -0.9710995989701970421, 1.930000000000000160, 10.97280578029042175 ) ) ;
#4369 = CARTESIAN_POINT ( 'NONE',  ( 2.548264145346480269, 1.500975325746314981, -0.1491280617704326128 ) ) ;
#4370 = VERTEX_POINT ( 'NONE', #7040 ) ;
#4371 = FACE_OUTER_BOUND ( 'NONE', #350, .T. ) ;
#4372 = CARTESIAN_POINT ( 'NONE',  ( 1.199999999999999956, 0.000000000000000000, 4.839999999999999858 ) ) ;
#4373 = CARTESIAN_POINT ( 'NONE',  ( 0.03982078019958079640, -1.059178311177140008, -0.5347233399215650662 ) ) ;
#4374 = CARTESIAN_POINT ( 'NONE',  ( -4.899999999999999467, 3.299999999999999822, 2.449999999999999734 ) ) ;
#4375 = VERTEX_POINT ( 'NONE', #1543 ) ;
#4376 = LINE ( 'NONE', #3338, #5878 ) ;
#4377 = EDGE_CURVE ( 'NONE', #6668, #3925, #1581, .T. ) ;
#4378 = ORIENTED_EDGE ( 'NONE', *, *, #1011, .T. ) ;
#4379 = CARTESIAN_POINT ( 'NONE',  ( 4.319995130475239975, 0.7330172474132209404, -0.5999765521764750531 ) ) ;
#4380 = CARTESIAN_POINT ( 'NONE',  ( -5.014825086000660015, 0.7537221954929800294, -0.6608688368507930067 ) ) ;
#4381 = ORIENTED_EDGE ( 'NONE', *, *, #3433, .F. ) ;
#4382 = CARTESIAN_POINT ( 'NONE',  ( 3.869505808075295317, -0.9719810795422839655, -0.4200875256494560062 ) ) ;
#4383 = DIRECTION ( 'NONE',  ( 0.000000000000000000, 1.000000000000000000, 0.000000000000000000 ) ) ;
#4384 = EDGE_CURVE ( 'NONE', #2601, #6840, #2758, .T. ) ;
#4385 = CARTESIAN_POINT ( 'NONE',  ( -5.351613719321024476, -1.516112684532774146, -0.1237919878037099658 ) ) ;
#4386 = LINE ( 'NONE', #5029, #6374 ) ;
#4387 = ORIENTED_EDGE ( 'NONE', *, *, #2936, .T. ) ;
#4388 = CARTESIAN_POINT ( 'NONE',  ( -4.676987733033819872, -1.015000021345781933, -0.5827473434739499636 ) ) ;
#4389 = ORIENTED_EDGE ( 'NONE', *, *, #3335, .F. ) ;
#4390 = CARTESIAN_POINT ( 'NONE',  ( -4.899999999999999467, -3.299999999999999822, 3.899999999999999911 ) ) ;
#4391 = PLANE ( 'NONE',  #1669 ) ;
#4392 = DIRECTION ( 'NONE',  ( 0.000000000000000000, -1.000000000000000000, 0.000000000000000000 ) ) ;
#4393 = CARTESIAN_POINT ( 'NONE',  ( 6.985000000000000320, -2.939999999999999947, 6.198000000000000398 ) ) ;
#4394 = PLANE ( 'NONE',  #3813 ) ;
#4395 = LINE ( 'NONE', #1422, #6763 ) ;
#4396 = ADVANCED_FACE ( 'NONE', ( #2283 ), #1655, .T. ) ;
#4397 = ORIENTED_EDGE ( 'NONE', *, *, #770, .T. ) ;
#4398 = CYLINDRICAL_SURFACE ( 'NONE', #1285, 1.260000000000000675 ) ;
#4399 = ORIENTED_EDGE ( 'NONE', *, *, #599, .F. ) ;
#4400 = EDGE_LOOP ( 'NONE', ( #6427, #773, #461, #6435 ) ) ;
#4401 = ADVANCED_FACE ( 'NONE', ( #5908 ), #905, .T. ) ;
#4402 = CARTESIAN_POINT ( 'NONE',  ( -0.5870864310264920505, 1.075653834894199967, -0.4394564634963895045 ) ) ;
#4403 = CARTESIAN_POINT ( 'NONE',  ( 1.219824502749824013, 2.122999999999999776, 10.87873589178071931 ) ) ;
#4404 = CARTESIAN_POINT ( 'NONE',  ( 2.799999999999999822, -2.000000000000000000, 4.989999999999999325 ) ) ;
#4405 = EDGE_CURVE ( 'NONE', #3261, #3636, #4717, .T. ) ;
#4406 = CARTESIAN_POINT ( 'NONE',  ( -2.550000000000000266, -3.299999999999999822, 3.899999999999999911 ) ) ;
#4407 = CARTESIAN_POINT ( 'NONE',  ( 4.325163766998525006, 1.014826027297530020, -0.5227931920499551133 ) ) ;
#4408 = EDGE_CURVE ( 'NONE', #3171, #6788, #7630, .T. ) ;
#4409 = EDGE_CURVE ( 'NONE', #7611, #5176, #7075, .T. ) ;
#4410 = ORIENTED_EDGE ( 'NONE', *, *, #4351, .F. ) ;
#4411 = DIRECTION ( 'NONE',  ( -0.2562207112933989062, 0.000000000000000000, 0.9666183047637286752 ) ) ;
#4412 = DIRECTION ( 'NONE',  ( -1.000000000000000000, 0.000000000000000000, 0.000000000000000000 ) ) ;
#4413 = PLANE ( 'NONE',  #1823 ) ;
#4414 = CARTESIAN_POINT ( 'NONE',  ( 3.550000000000000266, -2.050000000000000266, 5.989999999999999325 ) ) ;
#4415 = ORIENTED_EDGE ( 'NONE', *, *, #7323, .F. ) ;
#4416 = DIRECTION ( 'NONE',  ( 0.000000000000000000, 1.000000000000000000, 0.000000000000000000 ) ) ;
#4417 = EDGE_CURVE ( 'NONE', #1215, #2676, #952, .T. ) ;
#4418 = VERTEX_POINT ( 'NONE', #422 ) ;
#4419 = CARTESIAN_POINT ( 'NONE',  ( 0.3800237854546935079, 0.7329839495380340297, -0.5999651526700640058 ) ) ;
#4420 = CARTESIAN_POINT ( 'NONE',  ( -6.030642459632129970, 1.908917650268264987, -0.003354864239000799990 ) ) ;
#4421 = EDGE_LOOP ( 'NONE', ( #2926, #6325, #3081, #4843 ) ) ;
#4422 = FACE_OUTER_BOUND ( 'NONE', #2967, .T. ) ;
#4423 = DIRECTION ( 'NONE',  ( 0.000000000000000000, 0.000000000000000000, 1.000000000000000000 ) ) ;
#4424 = LINE ( 'NONE', #725, #2059 ) ;
#4425 = ORIENTED_EDGE ( 'NONE', *, *, #6450, .T. ) ;
#4426 = DIRECTION ( 'NONE',  ( 1.000000000000000000, 0.000000000000000000, 0.000000000000000000 ) ) ;
#4427 = ORIENTED_EDGE ( 'NONE', *, *, #4165, .T. ) ;
#4428 = LINE ( 'NONE', #3228, #5623 ) ;
#4429 = FACE_BOUND ( 'NONE', #6902, .T. ) ;
#4430 = DIRECTION ( 'NONE',  ( -0.2562207112933939657, 0.000000000000000000, -0.9666183047637300074 ) ) ;
#4431 = FACE_OUTER_BOUND ( 'NONE', #5223, .T. ) ;
#4432 = DIRECTION ( 'NONE',  ( 1.353362074104524064E-12, -1.000000000000000000, 1.353362074104524064E-12 ) ) ;
#4433 = DIRECTION ( 'NONE',  ( 1.000000000000000000, 0.000000000000000000, 0.000000000000000000 ) ) ;
#4434 = VERTEX_POINT ( 'NONE', #3913 ) ;
#4435 = CARTESIAN_POINT ( 'NONE',  ( -4.446455109750890422, 1.015000030300273748, -0.5472279887813309429 ) ) ;
#4436 = ORIENTED_EDGE ( 'NONE', *, *, #3040, .F. ) ;
#4437 = EDGE_LOOP ( 'NONE', ( #6137, #7448, #961, #6032 ) ) ;
#4438 = B_SPLINE_SURFACE_WITH_KNOTS ( 'NONE', 3, 3, ( 
 ( #7784, #6423, #3429, #983, #5866, #5269, #7703, #3394, #4675 ),
 ( #1651, #6498, #1063, #5904, #7740, #1697, #3697, #6168, #4935 ),
 ( #2431, #2467, #3736, #7852, #3060, #3653, #45, #4264, #1323 ),
 ( #4342, #7259, #4901, #2386, #7334, #7369, #1804, #3587, #722 ),
 ( #1762, #6084, #6019, #3136, #5571, #3099, #119, #2545, #1919 ),
 ( #4985, #4229, #6721, #3622, #4821, #6769, #1875, #5455, #6130 ),
 ( #4182, #5500, #6609, #5534, #1175, #686, #575, #81, #4297 ),
 ( #1284, #2503, #2984, #6654, #1211, #5420, #6051, #605, #3016 ),
 ( #7, #4865, #7299, #1843, #6687, #1243, #645, #1044, #5209 ),
 ( #5888, #7572, #2772, #3410, #4016, #7609, #7057, #279, #1602 ),
 ( #4048, #2815, #4382, #318, #354, #1635, #5729, #968, #1565 ),
 ( #6439, #6473, #2735, #1519, #2698, #5173, #876, #441, #5138 ),
 ( #6205, #2115, #3374, #6970, #1366, #5254, #5806, #4538, #7652 ),
 ( #1000, #3452, #3288, #5845, #3931, #2853, #3981, #399, #7690 ) ),
 .UNSPECIFIED., .F., .F., .F.,
 ( 4, 1, 1, 1, 1, 1, 1, 1, 1, 1, 1, 4 ),
 ( 4, 1, 1, 1, 1, 1, 4 ),
 ( 0.1688866669524780040, 0.2110314324981849843, 0.2642453658414080087, 0.3174592991846309498, 0.3440662658562420040, 0.3706732325278530027, 0.4238871658710759993, 0.4771010992142989959, 0.5303150325575219926, 0.6101359325723560989, 0.6500463825797729855, 0.6854377818402889178 ),
 ( 0.000000000000000000, 0.1428571428571430157, 0.2857142857142860315, 0.4285714285714289917, 0.5714285714285709528, 0.7857142857142859205, 1.000000000000000000 ),
 .UNSPECIFIED. ) ;
#4439 = VECTOR ( 'NONE', #1932, 1000.000000000000000 ) ;
#4440 = EDGE_CURVE ( 'NONE', #143, #6070, #1587, .T. ) ;
#4441 = CARTESIAN_POINT ( 'NONE',  ( 0.02129521569406559942, 1.040770306438205894, -0.5600155702260809498 ) ) ;
#4442 = CARTESIAN_POINT ( 'NONE',  ( -6.349999999999999645, 2.939999999999999947, 1.350000000000000089 ) ) ;
#4443 = CARTESIAN_POINT ( 'NONE',  ( 0.3799999996909624866, -1.014999981579237875, -0.5232730450455179705 ) ) ;
#4444 = CARTESIAN_POINT ( 'NONE',  ( 4.684562377656890320, -1.007264686755650063, -0.6122007785305639826 ) ) ;
#4445 = AXIS2_PLACEMENT_3D ( 'NONE', #3017, #6020, #2322 ) ;
#4446 = CARTESIAN_POINT ( 'NONE',  ( 2.285583402160094924, 1.505737223041424988, -0.1466395780630818102 ) ) ;
#4447 = VECTOR ( 'NONE', #103, 1000.000000000000000 ) ;
#4448 = ORIENTED_EDGE ( 'NONE', *, *, #823, .F. ) ;
#4449 = CARTESIAN_POINT ( 'NONE',  ( 5.080005042954010896, 0.7936985793364952357, -0.5602945039317386300 ) ) ;
#4450 = EDGE_CURVE ( 'NONE', #4349, #443, #3434, .T. ) ;
#4451 = PLANE ( 'NONE',  #1572 ) ;
#4452 = AXIS2_PLACEMENT_3D ( 'NONE', #1608, #4020, #7694 ) ;
#4453 = DIRECTION ( 'NONE',  ( 0.8646777605534807787, 0.000000000000000000, -0.5023269556814738968 ) ) ;
#4454 = CARTESIAN_POINT ( 'NONE',  ( 0.7828678246082599879, 1.930000000000000160, 11.29681751662950084 ) ) ;
#4455 = EDGE_CURVE ( 'NONE', #6025, #5395, #4001, .T. ) ;
#4456 = VECTOR ( 'NONE', #2479, 1000.000000000000000 ) ;
#4457 = CARTESIAN_POINT ( 'NONE',  ( -0.7249999999999999778, 2.939999999999999947, 2.429999999999999716 ) ) ;
#4458 = EDGE_CURVE ( 'NONE', #485, #7435, #5828, .T. ) ;
#4459 = VECTOR ( 'NONE', #5833, 1000.000000000000000 ) ;
#4460 = ORIENTED_EDGE ( 'NONE', *, *, #3815, .F. ) ;
#4461 = CARTESIAN_POINT ( 'NONE',  ( 4.630303118876772039, 1.015000012440900212, -0.5791062155594447480 ) ) ;
#4462 = VECTOR ( 'NONE', #6698, 1000.000000000000000 ) ;
#4463 = VECTOR ( 'NONE', #5159, 1000.000000000000000 ) ;
#4464 = VECTOR ( 'NONE', #7829, 1000.000000000000000 ) ;
#4465 = CARTESIAN_POINT ( 'NONE',  ( -5.292769659077769973, 0.8866859406411580213, -0.3229205586353660062 ) ) ;
#4466 = EDGE_CURVE ( 'NONE', #3504, #7619, #1134, .T. ) ;
#4467 = ORIENTED_EDGE ( 'NONE', *, *, #762, .F. ) ;
#4468 = VECTOR ( 'NONE', #4593, 1000.000000000000000 ) ;
#4469 = CARTESIAN_POINT ( 'NONE',  ( 0.5264362595814079393, 1.930000000000000160, 11.35933582874252146 ) ) ;
#4470 = DIRECTION ( 'NONE',  ( 0.000000000000000000, 6.011929000000000040E-12, 1.000000000000000000 ) ) ;
#4471 = LINE ( 'NONE', #7420, #2682 ) ;
#4472 = ORIENTED_EDGE ( 'NONE', *, *, #7815, .F. ) ;
#4473 = DIRECTION ( 'NONE',  ( -0.7071067811865479058, 0.000000000000000000, -0.7071067811865470176 ) ) ;
#4474 = ORIENTED_EDGE ( 'NONE', *, *, #7053, .T. ) ;
#4475 = AXIS2_PLACEMENT_3D ( 'NONE', #3414, #3377, #1570 ) ;
#4476 = CARTESIAN_POINT ( 'NONE',  ( 4.320000000000000284, -1.015000000000000124, -0.6499999999999909184 ) ) ;
#4477 = DIRECTION ( 'NONE',  ( 0.7071067811865474617, 0.000000000000000000, 0.7071067811865474617 ) ) ;
#4478 = CARTESIAN_POINT ( 'NONE',  ( 5.750000000000000000, 2.810000000000000053, 5.989999999999999325 ) ) ;
#4479 = CARTESIAN_POINT ( 'NONE',  ( -2.600000000000000089, -3.140000000000000124, 2.750000000000000000 ) ) ;
#4480 = FACE_OUTER_BOUND ( 'NONE', #815, .T. ) ;
#4481 = CARTESIAN_POINT ( 'NONE',  ( -3.550000000000000266, -2.050000000000000266, 5.989999999999999325 ) ) ;
#4482 = VECTOR ( 'NONE', #5250, 1000.000000000000000 ) ;
#4483 = ORIENTED_EDGE ( 'NONE', *, *, #863, .T. ) ;
#4484 = DIRECTION ( 'NONE',  ( 0.000000000000000000, 0.000000000000000000, 1.000000000000000000 ) ) ;
#4485 = ORIENTED_EDGE ( 'NONE', *, *, #3212, .T. ) ;
#4486 = EDGE_LOOP ( 'NONE', ( #3485, #2236, #4002, #6369 ) ) ;
#4487 = CARTESIAN_POINT ( 'NONE',  ( -0.1303525644359041780, 0.7906323630109529654, -0.6935933828527770517 ) ) ;
#4488 = AXIS2_PLACEMENT_3D ( 'NONE', #4805, #7281, #28 ) ;
#4489 = FACE_OUTER_BOUND ( 'NONE', #4644, .T. ) ;
#4490 = LINE ( 'NONE', #6919, #2798 ) ;
#4491 = CARTESIAN_POINT ( 'NONE',  ( 5.109163215841419969, -0.7066650653428869777, -0.5505686814414358921 ) ) ;
#4492 = EDGE_CURVE ( 'NONE', #5954, #6068, #5460, .T. ) ;
#4493 = CARTESIAN_POINT ( 'NONE',  ( 2.878315373121290044, 1.393872589296338171, -0.1962793561712109780 ) ) ;
#4494 = CIRCLE ( 'NONE', #4868, 0.2999999999999942712 ) ;
#4495 = ORIENTED_EDGE ( 'NONE', *, *, #6348, .F. ) ;
#4496 = CARTESIAN_POINT ( 'NONE',  ( 5.080000000000003624, 0.9805100147360953367, -0.4800766904407344215 ) ) ;
#4497 = CARTESIAN_POINT ( 'NONE',  ( -5.750000000000000000, -2.834999999999999964, 5.989999999999999325 ) ) ;
#4498 = DIRECTION ( 'NONE',  ( 1.000000000000000000, 0.000000000000000000, 0.000000000000000000 ) ) ;
#4499 = LINE ( 'NONE', #6281, #2166 ) ;
#4500 = LINE ( 'NONE', #929, #6387 ) ;
#4501 = ADVANCED_FACE ( 'NONE', ( #5943 ), #2326, .T. ) ;
#4502 = ORIENTED_EDGE ( 'NONE', *, *, #4883, .F. ) ;
#4503 = VERTEX_POINT ( 'NONE', #1846 ) ;
#4504 = CARTESIAN_POINT ( 'NONE',  ( 0.5170629209826560491, 2.122999999999999776, 11.37547057392554173 ) ) ;
#4505 = EDGE_CURVE ( 'NONE', #6200, #2519, #609, .T. ) ;
#4506 = FACE_OUTER_BOUND ( 'NONE', #1411, .T. ) ;
#4507 = ORIENTED_EDGE ( 'NONE', *, *, #3311, .T. ) ;
#4508 = DIRECTION ( 'NONE',  ( 1.872814999999999932E-13, -1.872815000000000042E-15, -1.000000000000000000 ) ) ;
#4509 = EDGE_CURVE ( 'NONE', #256, #5932, #6613, .T. ) ;
#4510 = DIRECTION ( 'NONE',  ( 0.000000000000000000, 1.000000000000000000, 0.000000000000000000 ) ) ;
#4511 = ORIENTED_EDGE ( 'NONE', *, *, #650, .T. ) ;
#4512 = FACE_OUTER_BOUND ( 'NONE', #6939, .T. ) ;
#4513 = EDGE_CURVE ( 'NONE', #1544, #4763, #649, .T. ) ;
#4514 = ORIENTED_EDGE ( 'NONE', *, *, #2582, .F. ) ;
#4515 = CARTESIAN_POINT ( 'NONE',  ( -4.633820830799058932, -1.015000095048835815, -0.5771040535462769183 ) ) ;
#4516 = VERTEX_POINT ( 'NONE', #4760 ) ;
#4517 = CARTESIAN_POINT ( 'NONE',  ( -4.524591093762910354, -1.038268327601989949, -0.5408452924537849871 ) ) ;
#4518 = DIRECTION ( 'NONE',  ( 0.000000000000000000, 1.000000000000000000, 0.000000000000000000 ) ) ;
#4519 = EDGE_LOOP ( 'NONE', ( #303, #6270, #2578, #3510 ) ) ;
#4520 = CARTESIAN_POINT ( 'NONE',  ( -3.755767004579999897E-05, -1.015000000002975966, -0.5854167929492140043 ) ) ;
#4521 = DIRECTION ( 'NONE',  ( -1.000000000000000000, 0.000000000000000000, 0.000000000000000000 ) ) ;
#4522 = CARTESIAN_POINT ( 'NONE',  ( -5.750000000000000000, 2.810000000000000053, 5.989999999999999325 ) ) ;
#4523 = ORIENTED_EDGE ( 'NONE', *, *, #6533, .F. ) ;
#4524 = CARTESIAN_POINT ( 'NONE',  ( 8.548999999999999488, -1.614999999999999991, 6.368000000000000327 ) ) ;
#4525 = VERTEX_POINT ( 'NONE', #7187 ) ;
#4526 = ORIENTED_EDGE ( 'NONE', *, *, #5084, .T. ) ;
#4527 = CARTESIAN_POINT ( 'NONE',  ( -0.1563249729484890160, 0.7229079088557379684, -0.6984767065453428847 ) ) ;
#4528 = CARTESIAN_POINT ( 'NONE',  ( -6.080000000000000071, -2.014999999999999680, 6.109926820000000046E-15 ) ) ;
#4529 = CARTESIAN_POINT ( 'NONE',  ( -1.723175732607785227, 1.476163276850980033, -0.1625298584559649873 ) ) ;
#4530 = CARTESIAN_POINT ( 'NONE',  ( 5.080122764683100201, -0.5921602298861379232, -0.5998056623418519528 ) ) ;
#4531 = CARTESIAN_POINT ( 'NONE',  ( 4.395259910528590552, 1.124746480735990151, -0.4472666335001995175 ) ) ;
#4532 = EDGE_LOOP ( 'NONE', ( #4934, #3787, #1497, #1558 ) ) ;
#4533 = PLANE ( 'NONE',  #932 ) ;
#4534 = DIRECTION ( 'NONE',  ( 0.000000000000000000, 0.000000000000000000, -1.000000000000000000 ) ) ;
#4535 = LINE ( 'NONE', #6240, #4226 ) ;
#4536 = CARTESIAN_POINT ( 'NONE',  ( 4.850000000000000533, 2.939999999999999947, 2.449999999999999734 ) ) ;
#4537 = EDGE_CURVE ( 'NONE', #5051, #2891, #1807, .T. ) ;
#4538 = CARTESIAN_POINT ( 'NONE',  ( 4.661142944050490122, -1.055857182300792063, -0.5374488090407709695 ) ) ;
#4539 = FACE_OUTER_BOUND ( 'NONE', #5, .T. ) ;
#4540 = ORIENTED_EDGE ( 'NONE', *, *, #2987, .F. ) ;
#4541 = ORIENTED_EDGE ( 'NONE', *, *, #7078, .T. ) ;
#4542 = LINE ( 'NONE', #4694, #2688 ) ;
#4543 = CARTESIAN_POINT ( 'NONE',  ( -5.080000000000000071, -0.5927730585616969305, -0.6000000001504569580 ) ) ;
#4544 = EDGE_CURVE ( 'NONE', #6701, #4162, #1702, .T. ) ;
#4545 = ORIENTED_EDGE ( 'NONE', *, *, #3311, .F. ) ;
#4546 = DIRECTION ( 'NONE',  ( 0.000000000000000000, 5.326368999999999677E-13, -1.000000000000000000 ) ) ;
#4547 = CARTESIAN_POINT ( 'NONE',  ( -4.740312209010097533, 1.031423981549565383, -0.5711516344717464388 ) ) ;
#4548 = ORIENTED_EDGE ( 'NONE', *, *, #1648, .F. ) ;
#4549 = LINE ( 'NONE', #2205, #2546 ) ;
#4550 = EDGE_LOOP ( 'NONE', ( #2810, #6331, #3955, #3974, #4425, #6174, #4955, #7348 ) ) ;
#4551 = CARTESIAN_POINT ( 'NONE',  ( -4.446422678664720074, -1.015000043083764014, -0.5471553841369040105 ) ) ;
#4552 = EDGE_CURVE ( 'NONE', #4068, #4592, #5504, .T. ) ;
#4553 = CARTESIAN_POINT ( 'NONE',  ( -2.287805357484909763, -1.310083494394496118, -0.1912658283817514904 ) ) ;
#4554 = CARTESIAN_POINT ( 'NONE',  ( 0.000000000000000000, 0.000000000000000000, 0.000000000000000000 ) ) ;
#4555 = ORIENTED_EDGE ( 'NONE', *, *, #4850, .F. ) ;
#4556 = CARTESIAN_POINT ( 'NONE',  ( 6.049999999999999822, -1.614999999999999991, 6.049999999999999822 ) ) ;
#4557 = ADVANCED_FACE ( 'NONE', ( #5983 ), #3020, .T. ) ;
#4558 = FACE_OUTER_BOUND ( 'NONE', #1467, .T. ) ;
#4559 = CARTESIAN_POINT ( 'NONE',  ( 5.750000000000000000, 2.339999999999999858, 5.190000000000000391 ) ) ;
#4560 = LINE ( 'NONE', #6502, #4723 ) ;
#4561 = EDGE_LOOP ( 'NONE', ( #3152, #6271, #1413, #2749 ) ) ;
#4562 = ORIENTED_EDGE ( 'NONE', *, *, #7315, .F. ) ;
#4563 = CARTESIAN_POINT ( 'NONE',  ( -2.074162425665150078, 1.511492614235879994, -0.1436679321317856362 ) ) ;
#4564 = EDGE_CURVE ( 'NONE', #2350, #7393, #7855, .T. ) ;
#4565 = DIRECTION ( 'NONE',  ( 0.000000000000000000, -0.7071067811865029418, -0.7071067811865918706 ) ) ;
#4566 = CARTESIAN_POINT ( 'NONE',  ( -6.349999999999999645, -3.299999999999999822, 1.350000000000000089 ) ) ;
#4567 = EDGE_CURVE ( 'NONE', #284, #7596, #1099, .T. ) ;
#4568 = FACE_OUTER_BOUND ( 'NONE', #5339, .T. ) ;
#4569 = LINE ( 'NONE', #2143, #760 ) ;
#4570 = CARTESIAN_POINT ( 'NONE',  ( 2.033710668173985159, 1.416915042830743765, -0.1831526806775230221 ) ) ;
#4571 = VERTEX_POINT ( 'NONE', #7302 ) ;
#4572 = CARTESIAN_POINT ( 'NONE',  ( -1.034811480003838158, 1.930000000000000160, 11.21316523494646056 ) ) ;
#4573 = LINE ( 'NONE', #963, #3712 ) ;
#4574 = CARTESIAN_POINT ( 'NONE',  ( 5.126558845610558635, -0.6572391524840416333, -0.5265968575047639266 ) ) ;
#4575 = DIRECTION ( 'NONE',  ( 0.000000000000000000, 0.000000000000000000, -1.000000000000000000 ) ) ;
#4576 = VECTOR ( 'NONE', #4508, 1000.000000000000000 ) ;
#4577 = LINE ( 'NONE', #7017, #1533 ) ;
#4578 = VECTOR ( 'NONE', #7641, 1000.000000000000000 ) ;
#4579 = CARTESIAN_POINT ( 'NONE',  ( -4.850000000000000533, 2.939999999999999947, 3.449999999999999734 ) ) ;
#4580 = ORIENTED_EDGE ( 'NONE', *, *, #970, .T. ) ;
#4581 = ORIENTED_EDGE ( 'NONE', *, *, #6732, .T. ) ;
#4582 = LINE ( 'NONE', #3936, #1173 ) ;
#4583 = VECTOR ( 'NONE', #3804, 1000.000000000000000 ) ;
#4584 = VECTOR ( 'NONE', #6726, 1000.000000000000000 ) ;
#4585 = CARTESIAN_POINT ( 'NONE',  ( 0.7249999999999999778, 2.929999999999999716, 3.558749999999999858 ) ) ;
#4586 = ORIENTED_EDGE ( 'NONE', *, *, #2306, .F. ) ;
#4587 = PLANE ( 'NONE',  #5964 ) ;
#4588 = VECTOR ( 'NONE', #696, 1000.000000000000000 ) ;
#4589 = AXIS2_PLACEMENT_3D ( 'NONE', #180, #1935, #254 ) ;
#4590 = LINE ( 'NONE', #2238, #2 ) ;
#4591 = VECTOR ( 'NONE', #4161, 1000.000000000000000 ) ;
#4592 = VERTEX_POINT ( 'NONE', #6690 ) ;
#4593 = DIRECTION ( 'NONE',  ( -1.000000000000000000, 0.000000000000000000, 0.000000000000000000 ) ) ;
#4594 = ORIENTED_EDGE ( 'NONE', *, *, #5843, .F. ) ;
#4595 = LINE ( 'NONE', #1580, #6250 ) ;
#4596 = VECTOR ( 'NONE', #6507, 1000.000000000000000 ) ;
#4597 = VECTOR ( 'NONE', #201, 1000.000000000000000 ) ;
#4598 = FILL_AREA_STYLE ('',( #7103 ) ) ;
#4599 = EDGE_LOOP ( 'NONE', ( #6420, #2385, #219, #5898 ) ) ;
#4600 = DIRECTION ( 'NONE',  ( 1.000000000000000000, 0.000000000000000000, 0.000000000000000000 ) ) ;
#4601 = DIRECTION ( 'NONE',  ( 0.000000000000000000, -1.000000000000000000, 0.000000000000000000 ) ) ;
#4602 = CARTESIAN_POINT ( 'NONE',  ( 2.899273077323896164, 1.487009843245426843, -0.1565286777293873333 ) ) ;
#4603 = ADVANCED_FACE ( 'NONE', ( #1248 ), #3657, .T. ) ;
#4604 = DIRECTION ( 'NONE',  ( 0.2562207112933960751, 0.000000000000000000, -0.9666183047637294523 ) ) ;
#4605 = VECTOR ( 'NONE', #1136, 1000.000000000000000 ) ;
#4606 = ORIENTED_EDGE ( 'NONE', *, *, #6176, .F. ) ;
#4607 = ORIENTED_EDGE ( 'NONE', *, *, #1836, .T. ) ;
#4608 = ADVANCED_FACE ( 'NONE', ( #495 ), #2908, .T. ) ;
#4609 = CARTESIAN_POINT ( 'NONE',  ( -4.072373770075110144, 1.162562083660335865, -0.3851892535771784809 ) ) ;
#4610 = DIRECTION ( 'NONE',  ( 1.000000000000000000, 0.000000000000000000, 0.000000000000000000 ) ) ;
#4611 = EDGE_CURVE ( 'NONE', #6033, #7421, #1733, .T. ) ;
#4612 = CARTESIAN_POINT ( 'NONE',  ( -2.074162425665150078, 1.511492614235879994, -0.1436679321317856362 ) ) ;
#4613 = VECTOR ( 'NONE', #5661, 1000.000000000000000 ) ;
#4614 = VERTEX_POINT ( 'NONE', #6574 ) ;
#4615 = DIRECTION ( 'NONE',  ( -1.000000000000000000, 0.000000000000000000, 0.000000000000000000 ) ) ;
#4616 = CARTESIAN_POINT ( 'NONE',  ( 0.2708832738997295486, 0.7144527654582869536, -0.6469464411191859776 ) ) ;
#4617 = EDGE_LOOP ( 'NONE', ( #1573, #2423, #4548, #2622, #3347, #1957 ) ) ;
#4618 = EDGE_CURVE ( 'NONE', #4592, #6191, #543, .T. ) ;
#4619 = AXIS2_PLACEMENT_3D ( 'NONE', #6827, #100, #7437 ) ;
#4620 = CARTESIAN_POINT ( 'NONE',  ( -0.3799999999036875464, -1.014999999838154032, -0.5232649591462460448 ) ) ;
#4621 = CARTESIAN_POINT ( 'NONE',  ( -0.0001583279606612000205, 1.069128354605789921, -0.5210857179634369452 ) ) ;
#4622 = LINE ( 'NONE', #4169, #1658 ) ;
#4623 = CARTESIAN_POINT ( 'NONE',  ( 0.9437431880506159665, -0.9580731579485060045, -0.3900307166319774699 ) ) ;
#4624 = DIRECTION ( 'NONE',  ( 0.000000000000000000, 1.000000000000000000, 0.000000000000000000 ) ) ;
#4625 = AXIS2_PLACEMENT_3D ( 'NONE', #1633, #6471, #6752 ) ;
#4626 = ORIENTED_EDGE ( 'NONE', *, *, #6248, .F. ) ;
#4627 = CARTESIAN_POINT ( 'NONE',  ( 1.930000000000000160, 2.122999999999999776, 5.762999999999999901 ) ) ;
#4628 = LINE ( 'NONE', #4665, #2035 ) ;
#4629 = ORIENTED_EDGE ( 'NONE', *, *, #6928, .F. ) ;
#4630 = EDGE_CURVE ( 'NONE', #2447, #1077, #7824, .T. ) ;
#4631 = CARTESIAN_POINT ( 'NONE',  ( 0.8800000000000109956, 0.6349999999954790697, -7.420000000001720331 ) ) ;
#4632 = FACE_OUTER_BOUND ( 'NONE', #1174, .T. ) ;
#4633 = ORIENTED_EDGE ( 'NONE', *, *, #6157, .T. ) ;
#4634 = CARTESIAN_POINT ( 'NONE',  ( 0.3800000000000000044, 1.015000000000000124, -0.6499999999999909184 ) ) ;
#4635 = ORIENTED_EDGE ( 'NONE', *, *, #6123, .T. ) ;
#4636 = CARTESIAN_POINT ( 'NONE',  ( -4.475016636351925037, -1.015000046052820126, -0.5522207412632680334 ) ) ;
#4637 = CARTESIAN_POINT ( 'NONE',  ( 5.193062444100520203, 1.380443823595604025, -0.2073299632731024911 ) ) ;
#4638 = ORIENTED_EDGE ( 'NONE', *, *, #6414, .T. ) ;
#4639 = CARTESIAN_POINT ( 'NONE',  ( -0.8459999999999999742, 0.6350000000000000089, -8.556499999999999773 ) ) ;
#4640 = CARTESIAN_POINT ( 'NONE',  ( -2.600000000000000089, -2.939999999999999947, 2.449999999999999734 ) ) ;
#4641 = ADVANCED_FACE ( 'NONE', ( #6851 ), #6899, .F. ) ;
#4642 = DIRECTION ( 'NONE',  ( 1.000000000000000000, 0.000000000000000000, 0.000000000000000000 ) ) ;
#4643 = DIRECTION ( 'NONE',  ( 0.000000000000000000, 0.000000000000000000, 1.000000000000000000 ) ) ;
#4644 = EDGE_LOOP ( 'NONE', ( #4448, #2855, #7416, #7764 ) ) ;
#4645 = VERTEX_POINT ( 'NONE', #6134 ) ;
#4646 = CARTESIAN_POINT ( 'NONE',  ( -1.777685652136470118, 1.243509367721630010, -0.2238943845880085048 ) ) ;
#4647 = DIRECTION ( 'NONE',  ( 1.000000000000000000, 0.000000000000000000, 0.000000000000000000 ) ) ;
#4648 = PLANE ( 'NONE',  #1414 ) ;
#4649 = EDGE_CURVE ( 'NONE', #6283, #3940, #847, .T. ) ;
#4650 = FACE_BOUND ( 'NONE', #5901, .T. ) ;
#4651 = DIRECTION ( 'NONE',  ( 0.000000000000000000, 1.000000000000000000, -6.012967999999999628E-12 ) ) ;
#4652 = CARTESIAN_POINT ( 'NONE',  ( 0.7887779239324881342, 1.138009758324597831, -0.3855213394867925136 ) ) ;
#4653 = EDGE_LOOP ( 'NONE', ( #1657, #954, #7258, #5409, #907, #2865, #2760, #1522 ) ) ;
#4654 = DIRECTION ( 'NONE',  ( 0.000000000000000000, -1.000000000000000000, 0.000000000000000000 ) ) ;
#4656 = B_SPLINE_CURVE_WITH_KNOTS ( 'NONE', 3,
 ( #719, #7412, #76, #1445, #6126, #3216, #757 ),
 .UNSPECIFIED., .F., .F.,
 ( 4, 1, 1, 1, 4 ),
 ( 0.000000000000000000, 0.2875116579313897747, 0.5750233158627878760, 0.8625349737941861994, 1.000000000000000000 ),
 .UNSPECIFIED. ) ;
#4655 = FACE_OUTER_BOUND ( 'NONE', #6915, .T. ) ;
#4657 = ADVANCED_FACE ( 'NONE', ( #4302 ), #6291, .T. ) ;
#4658 = DIRECTION ( 'NONE',  ( 0.000000000000000000, 0.000000000000000000, -1.000000000000000000 ) ) ;
#4659 = CARTESIAN_POINT ( 'NONE',  ( 1.938533050316389783, -1.262090023492324020, -0.2080637121731660211 ) ) ;
#4660 = CARTESIAN_POINT ( 'NONE',  ( 0.7800000000000000266, -3.299999999999999822, 1.350000000000000089 ) ) ;
#4661 = EDGE_CURVE ( 'NONE', #904, #6993, #2587, .T. ) ;
#4662 = EDGE_CURVE ( 'NONE', #721, #1766, #4471, .T. ) ;
#4663 = ORIENTED_EDGE ( 'NONE', *, *, #480, .T. ) ;
#4664 = DIRECTION ( 'NONE',  ( 0.000000000000000000, 1.000000000000000000, 0.000000000000000000 ) ) ;
#4665 = CARTESIAN_POINT ( 'NONE',  ( -6.049999999999999822, -2.739999999999999769, 6.349999999999999645 ) ) ;
#4666 = EDGE_CURVE ( 'NONE', #1094, #6648, #4386, .T. ) ;
#4667 = VERTEX_POINT ( 'NONE', #84 ) ;
#4668 = EDGE_CURVE ( 'NONE', #4503, #7350, #689, .T. ) ;
#4669 = DIRECTION ( 'NONE',  ( 1.000000000000000000, 0.000000000000000000, 0.000000000000000000 ) ) ;
#4670 = DIRECTION ( 'NONE',  ( -0.2562207112934001274, 0.000000000000000000, -0.9666183047637283421 ) ) ;
#4671 = ORIENTED_EDGE ( 'NONE', *, *, #1092, .F. ) ;
#4672 = LINE ( 'NONE', #3900, #2937 ) ;
#4673 = ORIENTED_EDGE ( 'NONE', *, *, #5228, .F. ) ;
#4674 = ORIENTED_EDGE ( 'NONE', *, *, #816, .F. ) ;
#4675 = CARTESIAN_POINT ( 'NONE',  ( -0.03989198885355640239, -1.059181963406715887, -0.5347261519985919698 ) ) ;
#4676 = CARTESIAN_POINT ( 'NONE',  ( 4.726426966669480478, 1.059994269034806091, -0.5336458336758700405 ) ) ;
#4677 = CARTESIAN_POINT ( 'NONE',  ( 2.549609587035428060, 1.516104186934148279, -0.1413144292590725326 ) ) ;
#4678 = CARTESIAN_POINT ( 'NONE',  ( 9.039999999999999147, -0.6350000000142500545, -11.98999999999620059 ) ) ;
#4679 = ORIENTED_EDGE ( 'NONE', *, *, #413, .F. ) ;
#4680 = ORIENTED_EDGE ( 'NONE', *, *, #229, .T. ) ;
#4681 = CARTESIAN_POINT ( 'NONE',  ( -2.079744331772055421, 1.465012906612345844, -0.1658931406692144839 ) ) ;
#4682 = LINE ( 'NONE', #7793, #7134 ) ;
#4683 = CARTESIAN_POINT ( 'NONE',  ( 0.5264362595814079393, -1.930000000000000160, 11.35933582874252146 ) ) ;
#4684 = CARTESIAN_POINT ( 'NONE',  ( 5.200000000000000178, -2.674999999999999822, 5.190000000000000391 ) ) ;
#4685 = CARTESIAN_POINT ( 'NONE',  ( -4.320000259709354751, 1.015000005955846163, -0.5232664836849039158 ) ) ;
#4686 = CARTESIAN_POINT ( 'NONE',  ( 1.537242110049965138, 1.336362651035645888, -0.2322393385384534936 ) ) ;
#4687 = ORIENTED_EDGE ( 'NONE', *, *, #7425, .T. ) ;
#4688 = LINE ( 'NONE', #3524, #1808 ) ;
#4689 = CARTESIAN_POINT ( 'NONE',  ( 0.7249999999999999778, 3.140000000000000124, 3.504999999999999893 ) ) ;
#4690 = LINE ( 'NONE', #4209, #6094 ) ;
#4691 = LINE ( 'NONE', #5288, #4948 ) ;
#4692 = CARTESIAN_POINT ( 'NONE',  ( 2.122999999999999776, -1.930000000000000160, 5.717999999999999972 ) ) ;
#4693 = EDGE_LOOP ( 'NONE', ( #5217, #2024, #6018, #7280 ) ) ;
#4694 = CARTESIAN_POINT ( 'NONE',  ( 6.349999999999999645, -2.834999999999999964, 5.989999999999999325 ) ) ;
#4695 = EDGE_CURVE ( 'NONE', #5319, #4317, #3701, .T. ) ;
#4696 = EDGE_CURVE ( 'NONE', #563, #1952, #1410, .T. ) ;
#4697 = VECTOR ( 'NONE', #3897, 1000.000000000000000 ) ;
#4698 = CARTESIAN_POINT ( 'NONE',  ( -2.619359068655029876, -1.347627575014950008, -0.1963648714421159791 ) ) ;
#4699 = DIRECTION ( 'NONE',  ( 0.000000000000000000, -1.000000000000000000, 0.000000000000000000 ) ) ;
#4700 = ORIENTED_EDGE ( 'NONE', *, *, #3088, .F. ) ;
#4701 = FACE_OUTER_BOUND ( 'NONE', #4693, .T. ) ;
#4702 = CARTESIAN_POINT ( 'NONE',  ( 4.565890283787150672, 0.6632866054017079183, -0.7133875392260049519 ) ) ;
#4703 = CIRCLE ( 'NONE', #7642, 1.199999999999999956 ) ;
#4704 = ORIENTED_EDGE ( 'NONE', *, *, #1115, .F. ) ;
#4705 = CARTESIAN_POINT ( 'NONE',  ( -5.750000000000000000, 2.939999999999999947, 5.190000000000000391 ) ) ;
#4706 = VECTOR ( 'NONE', #959, 1000.000000000000000 ) ;
#4707 = ORIENTED_EDGE ( 'NONE', *, *, #1110, .F. ) ;
#4708 = EDGE_CURVE ( 'NONE', #7700, #1668, #7457, .T. ) ;
#4709 = VECTOR ( 'NONE', #7194, 1000.000000000000114 ) ;
#4710 = CARTESIAN_POINT ( 'NONE',  ( 4.821761093462900050, 1.020367133492919853, -0.5703311144996759952 ) ) ;
#4711 = ORIENTED_EDGE ( 'NONE', *, *, #5134, .F. ) ;
#4712 = DIRECTION ( 'NONE',  ( -2.781359999999999899E-15, -5.354119000000000241E-13, -1.000000000000000000 ) ) ;
#4713 = CIRCLE ( 'NONE', #3552, 0.7249999999999999778 ) ;
#4714 = PLANE ( 'NONE',  #7014 ) ;
#4715 = DIRECTION ( 'NONE',  ( -0.5144957554275221279, 0.000000000000000000, -0.8574929257125466497 ) ) ;
#4716 = ADVANCED_BREP_SHAPE_REPRESENTATION ( '', ( #2617, #3958 ), #1172 ) ;
#4717 = LINE ( 'NONE', #5193, #4463 ) ;
#4718 = AXIS2_PLACEMENT_3D ( 'NONE', #5554, #4960, #1309 ) ;
#4719 = ORIENTED_EDGE ( 'NONE', *, *, #3241, .F. ) ;
#4720 = CYLINDRICAL_SURFACE ( 'NONE', #7026, 0.7249999999999997558 ) ;
#4721 = ORIENTED_EDGE ( 'NONE', *, *, #4066, .F. ) ;
#4722 = MECHANICAL_DESIGN_GEOMETRIC_PRESENTATION_REPRESENTATION (  '', ( #3685 ), #1917 ) ;
#4723 = VECTOR ( 'NONE', #6426, 1000.000000000000114 ) ;
#4724 = CARTESIAN_POINT ( 'NONE',  ( -2.423197205219949524, 1.332237166957040087, -0.1906210358671735217 ) ) ;
#4725 = DIRECTION ( 'NONE',  ( 1.000000000000000000, 0.000000000000000000, 0.000000000000000000 ) ) ;
#4726 = PRODUCT_DEFINITION_FORMATION_WITH_SPECIFIED_SOURCE ( 'ANY', '', #2460, .NOT_KNOWN. ) ;
#4727 = DIRECTION ( 'NONE',  ( -0.8646777605534807787, 0.000000000000000000, -0.5023269556814738968 ) ) ;
#4728 = CARTESIAN_POINT ( 'NONE',  ( -6.349999999999999645, 2.939999999999999947, 6.150000000000000355 ) ) ;
#4729 = DIRECTION ( 'NONE',  ( 1.000000000000000000, 0.000000000000000000, 0.000000000000000000 ) ) ;
#4730 = ADVANCED_FACE ( 'NONE', ( #1369 ), #244, .T. ) ;
#4731 = VECTOR ( 'NONE', #1214, 1000.000000000000000 ) ;
#4732 = CARTESIAN_POINT ( 'NONE',  ( 0.4759367261335600285, 0.7936154047992900473, -0.5559495966419160107 ) ) ;
#4733 = EDGE_LOOP ( 'NONE', ( #701, #6023, #3282, #5998 ) ) ;
#4734 = ORIENTED_EDGE ( 'NONE', *, *, #3702, .T. ) ;
#4735 = VERTEX_POINT ( 'NONE', #1924 ) ;
#4736 = CARTESIAN_POINT ( 'NONE',  ( 2.600000000000000089, -2.939999999999999947, 3.449999999999999734 ) ) ;
#4737 = AXIS2_PLACEMENT_3D ( 'NONE', #2457, #1234, #1354 ) ;
#4738 = DIRECTION ( 'NONE',  ( -0.5023269556814718984, 0.000000000000000000, -0.8646777605534817779 ) ) ;
#4739 = CARTESIAN_POINT ( 'NONE',  ( -6.054584234691490430, -2.023809271527614584, 0.0006344571071055999430 ) ) ;
#4740 = EDGE_CURVE ( 'NONE', #6852, #7066, #170, .T. ) ;
#4741 = DIRECTION ( 'NONE',  ( 0.000000000000000000, -1.000000000000000000, 0.000000000000000000 ) ) ;
#4742 = EDGE_LOOP ( 'NONE', ( #6931, #6560, #247, #5225 ) ) ;
#4743 = CARTESIAN_POINT ( 'NONE',  ( 9.174500000000000099, 2.868500000000000050, 6.349999999999999645 ) ) ;
#4744 = CARTESIAN_POINT ( 'NONE',  ( -3.970114254219465177, -0.8733049624912050390, -0.4504958708065580075 ) ) ;
#4745 = CARTESIAN_POINT ( 'NONE',  ( 0.7974999999999851097, 2.929999999999999716, 2.429999999999999716 ) ) ;
#4746 = AXIS2_PLACEMENT_3D ( 'NONE', #2474, #6578, #6660 ) ;
#4747 = EDGE_LOOP ( 'NONE', ( #7109, #3469, #74, #4485, #1910, #2710, #4507, #1444, #7167, #7552, #3731, #5040, #1863, #5416 ) ) ;
#4748 = CARTESIAN_POINT ( 'NONE',  ( 0.1887301014381785047, 1.930000000000000160, 11.10513047107099993 ) ) ;
#4749 = EDGE_CURVE ( 'NONE', #4162, #5735, #3823, .T. ) ;
#4750 = ORIENTED_EDGE ( 'NONE', *, *, #7078, .F. ) ;
#4751 = CARTESIAN_POINT ( 'NONE',  ( -5.118000001236750585, 1.015000000000000124, -0.6594098925164140201 ) ) ;
#4752 = VERTEX_POINT ( 'NONE', #1327 ) ;
#4753 = EDGE_CURVE ( 'NONE', #1435, #5450, #3739, .T. ) ;
#4754 = ORIENTED_EDGE ( 'NONE', *, *, #1511, .F. ) ;
#4755 = PRESENTATION_STYLE_ASSIGNMENT (( #2952 ) ) ;
#4756 = CARTESIAN_POINT ( 'NONE',  ( 5.080000061135601541, -0.7829150081199184319, -0.5638958885730138704 ) ) ;
#4757 = CARTESIAN_POINT ( 'NONE',  ( 0.000000000000000000, -3.140000000000000124, 3.504999999999999893 ) ) ;
#4758 = EDGE_CURVE ( 'NONE', #4142, #6304, #4424, .T. ) ;
#4759 = EDGE_CURVE ( 'NONE', #7178, #2668, #5574, .T. ) ;
#4760 = CARTESIAN_POINT ( 'NONE',  ( 1.519491846963365145, 1.930000000000000160, 10.98449536552962158 ) ) ;
#4761 = ORIENTED_EDGE ( 'NONE', *, *, #2491, .F. ) ;
#4762 = CARTESIAN_POINT ( 'NONE',  ( -0.7828678246082599879, -1.930000000000000160, 11.29681751662950084 ) ) ;
#4763 = VERTEX_POINT ( 'NONE', #6255 ) ;
#4764 = CARTESIAN_POINT ( 'NONE',  ( -4.547825139735059530, 1.084024552024993815, -0.4952852405851449480 ) ) ;
#4765 = CARTESIAN_POINT ( 'NONE',  ( 5.750000000000000000, 2.939999999999999947, 5.190000000000000391 ) ) ;
#4766 = CARTESIAN_POINT ( 'NONE',  ( -0.8459999999999999742, -0.6350000000000000089, -0.2734999999999999654 ) ) ;
#4767 = CARTESIAN_POINT ( 'NONE',  ( -1.930000000000000160, -1.930000000000000160, 10.52999999999999936 ) ) ;
#4768 = LINE ( 'NONE', #3668, #3797 ) ;
#4770 = B_SPLINE_CURVE_WITH_KNOTS ( 'NONE', 3,
 ( #5545, #617, #3110, #1297, #3665, #6141, #1220 ),
 .UNSPECIFIED., .F., .F.,
 ( 4, 1, 1, 1, 4 ),
 ( 0.000000000000000000, 0.1363479756016763023, 0.4499093767186116977, 0.7634707778355469543, 1.000000000000000000 ),
 .UNSPECIFIED. ) ;
#4769 = DIRECTION ( 'NONE',  ( 0.000000000000000000, -1.000000000000000000, 0.000000000000000000 ) ) ;
#4771 = ORIENTED_EDGE ( 'NONE', *, *, #3577, .T. ) ;
#4772 = ORIENTED_EDGE ( 'NONE', *, *, #3903, .T. ) ;
#4773 = ORIENTED_EDGE ( 'NONE', *, *, #6650, .T. ) ;
#4774 = DIRECTION ( 'NONE',  ( -0.7071067811865480168, 0.000000000000000000, -0.7071067811865470176 ) ) ;
#4775 = CARTESIAN_POINT ( 'NONE',  ( -0.2669868181195300116, -1.930000000000000160, 11.40036177549232121 ) ) ;
#4776 = CARTESIAN_POINT ( 'NONE',  ( -6.056216714685860758, -2.022184440093770075, 0.0005229759313129999851 ) ) ;
#4777 = CARTESIAN_POINT ( 'NONE',  ( -5.080083375246366550, 0.8145881040367879411, -0.5528092532456666541 ) ) ;
#4778 = ORIENTED_EDGE ( 'NONE', *, *, #761, .F. ) ;
#4779 = LINE ( 'NONE', #3572, #6887 ) ;
#4780 = EDGE_CURVE ( 'NONE', #1088, #1883, #769, .T. ) ;
#4781 = CARTESIAN_POINT ( 'NONE',  ( -4.559410473198919789, -0.6399809692882829637, -0.7100978025994210130 ) ) ;
#4782 = DIRECTION ( 'NONE',  ( 0.000000000000000000, 1.000000000000000000, 0.000000000000000000 ) ) ;
#4783 = ORIENTED_EDGE ( 'NONE', *, *, #3620, .T. ) ;
#4784 = DIRECTION ( 'NONE',  ( 1.000000000000000000, 0.000000000000000000, 0.000000000000000000 ) ) ;
#4785 = ORIENTED_EDGE ( 'NONE', *, *, #6408, .F. ) ;
#4786 = DIRECTION ( 'NONE',  ( 0.000000000000000000, -3.138416279999999332E-07, -0.9999999999999508171 ) ) ;
#4787 = ORIENTED_EDGE ( 'NONE', *, *, #6066, .F. ) ;
#4788 = CARTESIAN_POINT ( 'NONE',  ( -3.550000000000000266, -2.050000000000000266, 6.349999999999999645 ) ) ;
#4789 = DIRECTION ( 'NONE',  ( 0.000000000000000000, -1.000000000000000000, 0.000000000000000000 ) ) ;
#4790 = CARTESIAN_POINT ( 'NONE',  ( 4.083999999999999631, -0.6350000000000000089, -0.4640000000000000235 ) ) ;
#4791 = EDGE_LOOP ( 'NONE', ( #7755, #3838, #6321, #7085, #235 ) ) ;
#4792 = CARTESIAN_POINT ( 'NONE',  ( -4.850000000000000533, 3.140000000000000124, 2.750000000000000000 ) ) ;
#4793 = VERTEX_POINT ( 'NONE', #5065 ) ;
#4794 = EDGE_CURVE ( 'NONE', #3428, #2138, #3387, .T. ) ;
#4795 = DIRECTION ( 'NONE',  ( -1.000000000000000000, 0.000000000000000000, 0.000000000000000000 ) ) ;
#4796 = ADVANCED_FACE ( 'NONE', ( #6981 ), #3422, .F. ) ;
#4797 = DIRECTION ( 'NONE',  ( 0.000000000000000000, 0.000000000000000000, 1.000000000000000000 ) ) ;
#4798 = CARTESIAN_POINT ( 'NONE',  ( -5.080000000392610460, 1.015000000392536128, -0.4618021503207510037 ) ) ;
#4799 = PLANE ( 'NONE',  #4818 ) ;
#4800 = DIRECTION ( 'NONE',  ( 0.7071067811865483499, 0.000000000000000000, 0.7071067811865465735 ) ) ;
#4801 = CARTESIAN_POINT ( 'NONE',  ( -4.691324938635959896, 1.015000040956233862, -0.5845030724674890044 ) ) ;
#4802 = ORIENTED_EDGE ( 'NONE', *, *, #5182, .T. ) ;
#4803 = VERTEX_POINT ( 'NONE', #5817 ) ;
#4804 = ORIENTED_EDGE ( 'NONE', *, *, #4661, .T. ) ;
#4805 = CARTESIAN_POINT ( 'NONE',  ( -4.962499999999999467, -2.929999999999999716, 3.484999999999999876 ) ) ;
#4806 = EDGE_CURVE ( 'NONE', #61, #6116, #4549, .T. ) ;
#4807 = CARTESIAN_POINT ( 'NONE',  ( 0.4489227880515869740, 2.122999999999999776, 11.06690849112293940 ) ) ;
#4808 = CARTESIAN_POINT ( 'NONE',  ( -5.984766195977879732, -1.954839136641695285, -0.004280018731715799947 ) ) ;
#4809 = CARTESIAN_POINT ( 'NONE',  ( 4.319995130475239975, 0.7330172474132209404, -0.5999765521764750531 ) ) ;
#4810 = ORIENTED_EDGE ( 'NONE', *, *, #4377, .T. ) ;
#4811 = CARTESIAN_POINT ( 'NONE',  ( -0.1887301014381785047, 1.930000000000000160, 11.10513047107099993 ) ) ;
#4812 = CARTESIAN_POINT ( 'NONE',  ( -1.639205730374539982, -1.232397196890592017, -0.2433315775378530055 ) ) ;
#4813 = DIRECTION ( 'NONE',  ( -0.5023269556814738968, 0.000000000000000000, 0.8646777605534807787 ) ) ;
#4814 = EDGE_LOOP ( 'NONE', ( #996, #7702, #3884, #2145, #7368, #2516, #294, #5749 ) ) ;
#4815 = LINE ( 'NONE', #4223, #2178 ) ;
#4816 = VERTEX_POINT ( 'NONE', #3994 ) ;
#4817 = FACE_OUTER_BOUND ( 'NONE', #4791, .T. ) ;
#4818 = AXIS2_PLACEMENT_3D ( 'NONE', #5469, #1772, #2997 ) ;
#4819 =( NAMED_UNIT ( * ) PLANE_ANGLE_UNIT ( ) SI_UNIT ( $, .RADIAN. ) );
#4820 = ORIENTED_EDGE ( 'NONE', *, *, #2895, .F. ) ;
#4821 = CARTESIAN_POINT ( 'NONE',  ( 1.595536669458810008, -1.302733094826492133, -0.2369610647018400296 ) ) ;
#4822 = PLANE ( 'NONE',  #7880 ) ;
#4823 = VECTOR ( 'NONE', #5583, 1000.000000000000000 ) ;
#4824 = ADVANCED_FACE ( 'NONE', ( #4512 ), #7067, .F. ) ;
#4825 = CIRCLE ( 'NONE', #890, 0.7249999999999999778 ) ;
#4826 = LINE ( 'NONE', #494, #7515 ) ;
#4827 = DIRECTION ( 'NONE',  ( 0.000000000000000000, -1.000000000000000000, 0.000000000000000000 ) ) ;
#4828 = ORIENTED_EDGE ( 'NONE', *, *, #5271, .T. ) ;
#4829 = CARTESIAN_POINT ( 'NONE',  ( 4.850000000000000533, -3.140000000000000124, 2.750000000000000000 ) ) ;
#4830 = ORIENTED_EDGE ( 'NONE', *, *, #3973, .T. ) ;
#4831 = CARTESIAN_POINT ( 'NONE',  ( 2.600000000000000089, 3.140000000000000124, 2.449999999999999734 ) ) ;
#4832 = AXIS2_PLACEMENT_3D ( 'NONE', #4231, #2282, #2323 ) ;
#4833 = LINE ( 'NONE', #4194, #4205 ) ;
#4834 = PLANE ( 'NONE',  #1665 ) ;
#4835 = CARTESIAN_POINT ( 'NONE',  ( 0.6123385083052179656, -2.939999999999999947, 3.893157894736865021 ) ) ;
#4836 = LINE ( 'NONE', #6665, #404 ) ;
#4837 = AXIS2_PLACEMENT_3D ( 'NONE', #224, #2724, #3845 ) ;
#4838 = DIRECTION ( 'NONE',  ( 0.000000000000000000, -1.000000000000000000, 0.000000000000000000 ) ) ;
#4839 = VECTOR ( 'NONE', #7073, 1000.000000000000000 ) ;
#4840 = ORIENTED_EDGE ( 'NONE', *, *, #535, .T. ) ;
#4841 = EDGE_CURVE ( 'NONE', #7584, #6553, #234, .T. ) ;
#4842 = VECTOR ( 'NONE', #3359, 1000.000000000000000 ) ;
#4843 = ORIENTED_EDGE ( 'NONE', *, *, #269, .F. ) ;
#4844 = ORIENTED_EDGE ( 'NONE', *, *, #3758, .T. ) ;
#4845 = VECTOR ( 'NONE', #7283, 1000.000000000000000 ) ;
#4846 = CARTESIAN_POINT ( 'NONE',  ( -3.819999999999999840, -0.6350000000000000089, -10.73000000000000043 ) ) ;
#4847 = LINE ( 'NONE', #7839, #5481 ) ;
#4848 = CARTESIAN_POINT ( 'NONE',  ( -0.7249999999999999778, 2.939999999999999947, 2.429999999999999716 ) ) ;
#4849 = VECTOR ( 'NONE', #4786, 1000.000000000000000 ) ;
#4850 = EDGE_CURVE ( 'NONE', #7066, #2131, #2711, .T. ) ;
#4851 = DIRECTION ( 'NONE',  ( -1.000000000000000000, 0.000000000000000000, 0.000000000000000000 ) ) ;
#4852 = EDGE_CURVE ( 'NONE', #6441, #6383, #1577, .T. ) ;
#4853 = VERTEX_POINT ( 'NONE', #2240 ) ;
#4854 = LINE ( 'NONE', #6041, #1054 ) ;
#4855 = VECTOR ( 'NONE', #691, 1000.000000000000000 ) ;
#4856 = CARTESIAN_POINT ( 'NONE',  ( -0.2722385547490305258, -0.7643068489610200800, -0.6422339682168710651 ) ) ;
#4857 = CARTESIAN_POINT ( 'NONE',  ( -3.865634522794867856, 0.9144489345310715667, -0.4205117015066768271 ) ) ;
#4858 = VERTEX_POINT ( 'NONE', #5265 ) ;
#4859 = CIRCLE ( 'NONE', #669, 0.7800000000000000266 ) ;
#4860 = VECTOR ( 'NONE', #1109, 1000.000000000000000 ) ;
#4861 = VERTEX_POINT ( 'NONE', #5900 ) ;
#4862 = CARTESIAN_POINT ( 'NONE',  ( -2.799999999999999822, -2.000000000000000000, 4.989999999999999325 ) ) ;
#4863 = VECTOR ( 'NONE', #4795, 1000.000000000000000 ) ;
#4864 = ORIENTED_EDGE ( 'NONE', *, *, #7779, .T. ) ;
#4865 = CARTESIAN_POINT ( 'NONE',  ( 2.827610347706705163, -1.268230590553838022, -0.2106388500793949792 ) ) ;
#4866 = LINE ( 'NONE', #6085, #5453 ) ;
#4867 = DIRECTION ( 'NONE',  ( 0.000000000000000000, 0.000000000000000000, -1.000000000000000000 ) ) ;
#4868 = AXIS2_PLACEMENT_3D ( 'NONE', #7055, #1599, #998 ) ;
#4869 = DIRECTION ( 'NONE',  ( 0.000000000000000000, -1.000000000000000000, 6.010747000000000298E-12 ) ) ;
#4870 = ORIENTED_EDGE ( 'NONE', *, *, #4064, .F. ) ;
#4871 = CARTESIAN_POINT ( 'NONE',  ( 6.080000000000000071, 2.000000000000000000, -0.0006094550547221999279 ) ) ;
#4872 = EDGE_LOOP ( 'NONE', ( #7140, #5694, #703, #3767, #7432, #259, #7544, #6355, #5709, #3696, #7458 ) ) ;
#4873 = LINE ( 'NONE', #4831, #161 ) ;
#4874 = LINE ( 'NONE', #5397, #4075 ) ;
#4875 = CARTESIAN_POINT ( 'NONE',  ( 0.000000000000000000, 1.930000000000000160, 11.42999999999999972 ) ) ;
#4876 = PLANE ( 'NONE',  #523 ) ;
#4877 = CARTESIAN_POINT ( 'NONE',  ( 6.349999999999999645, -1.614999999999999991, 6.349999999999999645 ) ) ;
#4878 = FACE_OUTER_BOUND ( 'NONE', #2295, .T. ) ;
#4879 = ORIENTED_EDGE ( 'NONE', *, *, #3960, .F. ) ;
#4880 = ORIENTED_EDGE ( 'NONE', *, *, #3362, .F. ) ;
#4881 = ORIENTED_EDGE ( 'NONE', *, *, #2296, .T. ) ;
#4882 = FACE_OUTER_BOUND ( 'NONE', #5910, .T. ) ;
#4883 = EDGE_CURVE ( 'NONE', #1283, #3089, #4672, .T. ) ;
#4884 = DIRECTION ( 'NONE',  ( 0.000000000000000000, 1.000000000000000000, 0.000000000000000000 ) ) ;
#4885 = CARTESIAN_POINT ( 'NONE',  ( -3.819999999999999840, 0.6350000000000000089, -11.99000000000000021 ) ) ;
#4886 = DIRECTION ( 'NONE',  ( 0.000000000000000000, 0.000000000000000000, 1.000000000000000000 ) ) ;
#4887 = ORIENTED_EDGE ( 'NONE', *, *, #5097, .F. ) ;
#4888 = DIRECTION ( 'NONE',  ( -0.2562207112934010156, 0.000000000000000000, 0.9666183047637281200 ) ) ;
#4889 = EDGE_CURVE ( 'NONE', #6675, #1191, #2782, .T. ) ;
#4890 = CARTESIAN_POINT ( 'NONE',  ( -1.948149881661940030, -1.370793584447760116, -0.1961010470299384967 ) ) ;
#4891 = CARTESIAN_POINT ( 'NONE',  ( 2.550000000000000266, -2.939999999999999947, 3.899999999999999911 ) ) ;
#4892 = EDGE_CURVE ( 'NONE', #5690, #2079, #7101, .T. ) ;
#4893 = EDGE_CURVE ( 'NONE', #7709, #5819, #5860, .T. ) ;
#4894 = ORIENTED_EDGE ( 'NONE', *, *, #5961, .T. ) ;
#4895 = EDGE_LOOP ( 'NONE', ( #4674, #5656, #2634, #5882, #4952, #4906, #7097, #570, #5987, #3350, #3036, #7212, #5962, #1206, #1618, #1125 ) ) ;
#4896 = LINE ( 'NONE', #113, #5739 ) ;
#4897 = EDGE_CURVE ( 'NONE', #5176, #3621, #6449, .T. ) ;
#4898 = CARTESIAN_POINT ( 'NONE',  ( -5.397735069391609741, 1.476273091018730055, -0.1397436974604077953 ) ) ;
#4899 = ADVANCED_FACE ( 'NONE', ( #6378 ), #888, .F. ) ;
#4900 = ORIENTED_EDGE ( 'NONE', *, *, #2062, .T. ) ;
#4901 = CARTESIAN_POINT ( 'NONE',  ( 0.9267640838710460294, -1.008216442058307960, -0.3929352096121849769 ) ) ;
#4902 = DIRECTION ( 'NONE',  ( 0.000000000000000000, 0.000000000000000000, 1.000000000000000000 ) ) ;
#4903 = LINE ( 'NONE', #48, #4584 ) ;
#4904 = DIRECTION ( 'NONE',  ( 1.000000000000000000, 0.000000000000000000, 0.000000000000000000 ) ) ;
#4905 = B_SPLINE_CURVE_WITH_KNOTS ( 'NONE', 3,
 ( #6947, #4946, #3229, #1496 ),
 .UNSPECIFIED., .F., .F.,
 ( 4, 4 ),
 ( 0.000000000000000000, 1.000000000000000000 ),
 .UNSPECIFIED. ) ;
#4906 = ORIENTED_EDGE ( 'NONE', *, *, #1825, .F. ) ;
#4907 = CARTESIAN_POINT ( 'NONE',  ( 6.075434093228490262, 1.999999998422965053, -4.410570299999999786E-11 ) ) ;
#4908 = VERTEX_POINT ( 'NONE', #7545 ) ;
#4909 = CARTESIAN_POINT ( 'NONE',  ( 6.077021964619009786, -1.997049145945920090, 4.284220539999999936E-19 ) ) ;
#4910 = CARTESIAN_POINT ( 'NONE',  ( 2.600000000000000089, -3.149999999999999911, 3.500000000000000000 ) ) ;
#4911 = CARTESIAN_POINT ( 'NONE',  ( 1.749450054137954957, -1.930000000000000160, 10.84078866282271925 ) ) ;
#4912 = CARTESIAN_POINT ( 'NONE',  ( 0.7104547919038559645, 2.122999999999999776, 11.02363209550492051 ) ) ;
#4913 = DIRECTION ( 'NONE',  ( 0.000000000000000000, 0.000000000000000000, 1.000000000000000000 ) ) ;
#4914 = FACE_OUTER_BOUND ( 'NONE', #1941, .T. ) ;
#4915 = CARTESIAN_POINT ( 'NONE',  ( 5.750000000000000000, 2.939999999999999947, 5.190000000000000391 ) ) ;
#4916 = ORIENTED_EDGE ( 'NONE', *, *, #7478, .F. ) ;
#4917 = VERTEX_POINT ( 'NONE', #5149 ) ;
#4918 = ORIENTED_EDGE ( 'NONE', *, *, #3174, .F. ) ;
#4919 = PLANE ( 'NONE',  #6392 ) ;
#4920 = DIRECTION ( 'NONE',  ( 0.000000000000000000, 0.000000000000000000, 1.000000000000000000 ) ) ;
#4921 = CARTESIAN_POINT ( 'NONE',  ( -2.600000000000000089, -3.140000000000000124, 2.449999999999999734 ) ) ;
#4922 = CARTESIAN_POINT ( 'NONE',  ( -4.700000000000000178, -2.674999999999999822, 5.190000000000000391 ) ) ;
#4923 = ADVANCED_FACE ( 'NONE', ( #7585 ), #943, .T. ) ;
#4924 = VERTEX_POINT ( 'NONE', #2747 ) ;
#4925 = CARTESIAN_POINT ( 'NONE',  ( 2.550000000000000266, -2.922000000000000153, 3.972500000000000142 ) ) ;
#4926 = CARTESIAN_POINT ( 'NONE',  ( -1.953614325442959654, -1.336340794033233914, -0.2019790905736245090 ) ) ;
#4927 = DIRECTION ( 'NONE',  ( 0.000000000000000000, 0.000000000000000000, 1.000000000000000000 ) ) ;
#4928 = ORIENTED_EDGE ( 'NONE', *, *, #1341, .T. ) ;
#4929 = EDGE_CURVE ( 'NONE', #3901, #5414, #5184, .T. ) ;
#4930 = ORIENTED_EDGE ( 'NONE', *, *, #4780, .T. ) ;
#4931 = DIRECTION ( 'NONE',  ( 0.000000000000000000, 1.000000000000000000, 0.000000000000000000 ) ) ;
#4932 = ADVANCED_FACE ( 'NONE', ( #1207, #7297, #4107 ), #7254, .T. ) ;
#4933 = LINE ( 'NONE', #1999, #7496 ) ;
#4934 = ORIENTED_EDGE ( 'NONE', *, *, #2500, .T. ) ;
#4935 = CARTESIAN_POINT ( 'NONE',  ( 0.08107188579204840928, -1.089647136721305865, -0.4925828982994419625 ) ) ;
#4936 = DIRECTION ( 'NONE',  ( 0.000000000000000000, -1.000000000000000000, 0.000000000000000000 ) ) ;
#4937 = CARTESIAN_POINT ( 'NONE',  ( -6.076956062106848577, -2.000000000000000000, 0.000000000000000000 ) ) ;
#4938 = EDGE_CURVE ( 'NONE', #3424, #6943, #6047, .T. ) ;
#4939 = DIRECTION ( 'NONE',  ( 0.000000000000000000, -1.000000000000000000, 0.000000000000000000 ) ) ;
#4940 = EDGE_CURVE ( 'NONE', #2079, #2676, #5974, .T. ) ;
#4941 = ORIENTED_EDGE ( 'NONE', *, *, #7367, .T. ) ;
#4942 = CARTESIAN_POINT ( 'NONE',  ( 5.126514174088671716, 0.6571771899293381569, -0.5266674614336016580 ) ) ;
#4943 = ORIENTED_EDGE ( 'NONE', *, *, #6203, .F. ) ;
#4944 = CARTESIAN_POINT ( 'NONE',  ( -3.550000000000000266, 2.050000000000000266, 6.349999999999999645 ) ) ;
#4945 = CIRCLE ( 'NONE', #1529, 0.7800000000000000266 ) ;
#4946 = CARTESIAN_POINT ( 'NONE',  ( 4.732428901220717243, -1.047384319519415019, -0.5509248021991349775 ) ) ;
#4947 = PLANE ( 'NONE',  #2405 ) ;
#4948 = VECTOR ( 'NONE', #7123, 1000.000000000000000 ) ;
#4949 = LINE ( 'NONE', #4354, #6479 ) ;
#4950 = PLANE ( 'NONE',  #4589 ) ;
#4951 = FACE_OUTER_BOUND ( 'NONE', #2983, .T. ) ;
#4952 = ORIENTED_EDGE ( 'NONE', *, *, #917, .F. ) ;
#4953 = CARTESIAN_POINT ( 'NONE',  ( -4.460723557093055902, 1.015000030931259900, -0.5497821934234069507 ) ) ;
#4954 = EDGE_LOOP ( 'NONE', ( #6491, #3012, #5386, #3778 ) ) ;
#4955 = ORIENTED_EDGE ( 'NONE', *, *, #7631, .T. ) ;
#4956 = VERTEX_POINT ( 'NONE', #2384 ) ;
#4957 = AXIS2_PLACEMENT_3D ( 'NONE', #4101, #1956, #3127 ) ;
#4958 = AXIS2_PLACEMENT_3D ( 'NONE', #2099, #2245, #1654 ) ;
#4959 = CARTESIAN_POINT ( 'NONE',  ( 6.349999999999999645, -2.939999999999999947, 6.150000000000000355 ) ) ;
#4960 = DIRECTION ( 'NONE',  ( 1.000000000000000000, 0.000000000000000000, 0.000000000000000000 ) ) ;
#4961 = DIRECTION ( 'NONE',  ( 0.000000000000000000, 0.000000000000000000, -1.000000000000000000 ) ) ;
#4962 = VECTOR ( 'NONE', #66, 1000.000000000000000 ) ;
#4963 = AXIS2_PLACEMENT_3D ( 'NONE', #857, #6180, #6911 ) ;
#4964 = CARTESIAN_POINT ( 'NONE',  ( 5.308014906858329773, -1.283879465357421923, -0.2393860082177295123 ) ) ;
#4965 = VECTOR ( 'NONE', #7347, 1000.000000000000000 ) ;
#4966 = CARTESIAN_POINT ( 'NONE',  ( 2.532262451021384919, 1.297964068754553946, -0.1969556276299684883 ) ) ;
#4967 = VERTEX_POINT ( 'NONE', #5935 ) ;
#4968 = LINE ( 'NONE', #7356, #4340 ) ;
#4969 = VECTOR ( 'NONE', #5081, 1000.000000000000000 ) ;
#4970 = VECTOR ( 'NONE', #7489, 1000.000000000000000 ) ;
#4971 = CARTESIAN_POINT ( 'NONE',  ( 0.02127904064218920019, -1.040931188573184230, -0.5599716283555199459 ) ) ;
#4972 = ADVANCED_FACE ( 'NONE', ( #4817 ), #1093, .T. ) ;
#4973 = DIRECTION ( 'NONE',  ( 0.5023269556814738968, 0.000000000000000000, -0.8646777605534807787 ) ) ;
#4974 =( BOUNDED_CURVE ( )  B_SPLINE_CURVE ( 3, ( #6623, #1188, #3599, #139 ),
 .UNSPECIFIED., .F., .F. ) 
 B_SPLINE_CURVE_WITH_KNOTS ( ( 4, 4 ),
 ( 0.3021279848126895429, 0.4274342122439729885 ),
 .UNSPECIFIED. ) 
 CURVE ( )  GEOMETRIC_REPRESENTATION_ITEM ( )  RATIONAL_B_SPLINE_CURVE ( ( 1.000000000000000000, 0.9986919570819248193, 0.9986919570819248193, 1.000000000000000000 ) ) 
 REPRESENTATION_ITEM ( '' )  );
#4975 = ORIENTED_EDGE ( 'NONE', *, *, #4254, .T. ) ;
#4976 = CARTESIAN_POINT ( 'NONE',  ( 4.899999999999999467, 2.939999999999999947, 3.899999999999999911 ) ) ;
#4977 = VECTOR ( 'NONE', #2427, 1000.000000000000000 ) ;
#4978 = ORIENTED_EDGE ( 'NONE', *, *, #3488, .F. ) ;
#4979 = EDGE_LOOP ( 'NONE', ( #6069, #2712, #2377, #5304 ) ) ;
#4980 = CARTESIAN_POINT ( 'NONE',  ( -0.7800000000000000266, -2.939999999999999947, 3.409999999999999698 ) ) ;
#4981 = CARTESIAN_POINT ( 'NONE',  ( -5.454639635539320075, 1.422967591761030048, -0.1494156915279125919 ) ) ;
#4982 = EDGE_CURVE ( 'NONE', #7266, #2189, #1128, .T. ) ;
#4983 = VECTOR ( 'NONE', #2974, 1000.000000000000000 ) ;
#4984 = ORIENTED_EDGE ( 'NONE', *, *, #6054, .T. ) ;
#4985 = CARTESIAN_POINT ( 'NONE',  ( 1.625106111502484962, -1.187717618245253792, -0.2465292789988255129 ) ) ;
#4986 = EDGE_CURVE ( 'NONE', #3428, #2781, #488, .T. ) ;
#4987 = DIRECTION ( 'NONE',  ( -1.016574000000000026E-11, 1.000000000000000000, 4.357649999999999713E-12 ) ) ;
#4988 = DIRECTION ( 'NONE',  ( 0.000000000000000000, 0.000000000000000000, 1.000000000000000000 ) ) ;
#4989 = CARTESIAN_POINT ( 'NONE',  ( 3.550000000000000266, -2.050000000000000266, 5.989999999999999325 ) ) ;
#4990 = VECTOR ( 'NONE', #230, 1000.000000000000114 ) ;
#4991 = ORIENTED_EDGE ( 'NONE', *, *, #3609, .F. ) ;
#4992 = CARTESIAN_POINT ( 'NONE',  ( 0.6123385083052179656, 3.140000000000000124, 3.893157894736865021 ) ) ;
#4993 = ORIENTED_EDGE ( 'NONE', *, *, #1454, .F. ) ;
#4994 = EDGE_CURVE ( 'NONE', #1881, #4151, #3014, .T. ) ;
#4995 = CARTESIAN_POINT ( 'NONE',  ( -3.819999999999999840, -0.6350000000207010054, -11.22999999999617948 ) ) ;
#4996 = CARTESIAN_POINT ( 'NONE',  ( -4.899999999999999467, -3.299999999999999822, 3.899999999999999911 ) ) ;
#4997 = CARTESIAN_POINT ( 'NONE',  ( 6.041446861335888485, 1.998156387591781158, -0.001380864258699715606 ) ) ;
#4998 = LINE ( 'NONE', #2442, #4325 ) ;
#4999 = EDGE_CURVE ( 'NONE', #1689, #4190, #571, .T. ) ;
#5000 = AXIS2_PLACEMENT_3D ( 'NONE', #1781, #1148, #704 ) ;
#5002 = ADVANCED_FACE ( 'NONE', ( #5417 ), #2900, .F. ) ;
#5001 = DIRECTION ( 'NONE',  ( -0.2562207112933979625, 0.000000000000000000, 0.9666183047637288972 ) ) ;
#5003 = LINE ( 'NONE', #3269, #4456 ) ;
#5004 = EDGE_LOOP ( 'NONE', ( #1070, #5934, #6505, #850 ) ) ;
#5005 = CARTESIAN_POINT ( 'NONE',  ( 5.080000000000000071, 1.015000000000000124, -0.6499999999999909184 ) ) ;
#5006 = EDGE_LOOP ( 'NONE', ( #208, #5111, #5284, #2233 ) ) ;
#5007 = ORIENTED_EDGE ( 'NONE', *, *, #1605, .T. ) ;
#5008 = CARTESIAN_POINT ( 'NONE',  ( -6.349999999999999645, 3.299999999999999822, 1.350000000000000089 ) ) ;
#5009 = EDGE_CURVE ( 'NONE', #3142, #410, #2316, .T. ) ;
#5010 = DIRECTION ( 'NONE',  ( 0.000000000000000000, 1.000000000000000000, 0.000000000000000000 ) ) ;
#5011 = CARTESIAN_POINT ( 'NONE',  ( -4.850000000000000533, -2.939999999999999947, 2.449999999999999734 ) ) ;
#5012 = CARTESIAN_POINT ( 'NONE',  ( 5.584201936280930312, -1.670538544359335020, -0.05663389074113599903 ) ) ;
#5013 = CARTESIAN_POINT ( 'NONE',  ( 3.875894001911859732, 1.148395168267604127, -0.3737065737228230100 ) ) ;
#5014 = ORIENTED_EDGE ( 'NONE', *, *, #188, .T. ) ;
#5015 = DIRECTION ( 'NONE',  ( 0.000000000000000000, -1.000000000000000000, 0.000000000000000000 ) ) ;
#5016 = B_SPLINE_CURVE_WITH_KNOTS ( 'NONE', 3,
 ( #7570, #1517, #3286, #5684, #231, #3979 ),
 .UNSPECIFIED., .F., .F.,
 ( 4, 2, 4 ),
 ( 6.003894670000000169E-07, 0.001309516835501999986, 0.002311178054663999993 ),
 .UNSPECIFIED. ) ;
#5017 = CARTESIAN_POINT ( 'NONE',  ( 4.320000000000000284, -0.6350000000000000089, -3.109999999999999876 ) ) ;
#5018 = CARTESIAN_POINT ( 'NONE',  ( 6.080000764960179716, -1.977389356077134730, 1.722424038000000011E-08 ) ) ;
#5019 = CARTESIAN_POINT ( 'NONE',  ( 5.200000000000000178, 2.674999999999999822, 5.989999999999999325 ) ) ;
#5020 = ORIENTED_EDGE ( 'NONE', *, *, #2022, .F. ) ;
#5021 = LINE ( 'NONE', #5686, #5616 ) ;
#5022 = ORIENTED_EDGE ( 'NONE', *, *, #7487, .T. ) ;
#5023 = CARTESIAN_POINT ( 'NONE',  ( 0.4132804765517148482, 0.7461219089236201807, -0.5857102328014321957 ) ) ;
#5024 = FACE_OUTER_BOUND ( 'NONE', #520, .T. ) ;
#5025 = VERTEX_POINT ( 'NONE', #7181 ) ;
#5026 = CARTESIAN_POINT ( 'NONE',  ( -0.3799999999776015325, -0.7329615718357989085, -0.6000000000095889741 ) ) ;
#5027 = CARTESIAN_POINT ( 'NONE',  ( -2.550000000000000266, 2.939999999999999947, 3.899999999999999911 ) ) ;
#5028 = EDGE_CURVE ( 'NONE', #140, #6888, #7849, .T. ) ;
#5029 = CARTESIAN_POINT ( 'NONE',  ( -2.550000000000000266, 2.939999999999999947, 2.449999999999999734 ) ) ;
#5030 = ORIENTED_EDGE ( 'NONE', *, *, #4982, .T. ) ;
#5031 = LINE ( 'NONE', #3779, #6005 ) ;
#5032 = EDGE_LOOP ( 'NONE', ( #4930, #6092, #5464, #3393, #4721, #3130, #2859, #1303 ) ) ;
#5033 = DIRECTION ( 'NONE',  ( 1.000000000000000000, 0.000000000000000000, 0.000000000000000000 ) ) ;
#5034 = CARTESIAN_POINT ( 'NONE',  ( 0.3800000000000000044, 0.6350000000000000089, -0.6499999999999909184 ) ) ;
#5035 = CARTESIAN_POINT ( 'NONE',  ( -0.7249999999999999778, -2.939999999999999947, 2.429999999999999716 ) ) ;
#5036 = DIRECTION ( 'NONE',  ( 0.000000000000000000, -1.000000000000000000, 0.000000000000000000 ) ) ;
#5037 = PLANE ( 'NONE',  #5856 ) ;
#5038 = PLANE ( 'NONE',  #3707 ) ;
#5039 = EDGE_CURVE ( 'NONE', #4917, #5425, #5383, .T. ) ;
#5040 = ORIENTED_EDGE ( 'NONE', *, *, #5877, .T. ) ;
#5041 = PLANE ( 'NONE',  #3175 ) ;
#5042 = ORIENTED_EDGE ( 'NONE', *, *, #7048, .F. ) ;
#5043 = ORIENTED_EDGE ( 'NONE', *, *, #3468, .F. ) ;
#5044 = EDGE_CURVE ( 'NONE', #251, #7063, #4225, .T. ) ;
#5045 = DIRECTION ( 'NONE',  ( 0.000000000000000000, -1.000000000000000000, 0.000000000000000000 ) ) ;
#5046 = DIRECTION ( 'NONE',  ( -0.000000000000000000, 1.000000000000000000, 0.000000000000000000 ) ) ;
#5047 = LINE ( 'NONE', #3921, #2418 ) ;
#5048 = CARTESIAN_POINT ( 'NONE',  ( 5.178770060527989827, -1.391300641374052072, -0.2005030739652625127 ) ) ;
#5049 = CARTESIAN_POINT ( 'NONE',  ( 3.939085992534180125, 1.267517537268719963, -0.3021278275026489935 ) ) ;
#5050 = EDGE_CURVE ( 'NONE', #4303, #1759, #6567, .T. ) ;
#5051 = VERTEX_POINT ( 'NONE', #4141 ) ;
#5052 = CARTESIAN_POINT ( 'NONE',  ( 0.3800000000000000044, 0.6349999999941070561, -6.920000000001739870 ) ) ;
#5053 = EDGE_CURVE ( 'NONE', #14, #5354, #6081, .T. ) ;
#5054 = CARTESIAN_POINT ( 'NONE',  ( -0.7800000000000000266, 3.299999999999999822, 1.350000000000000089 ) ) ;
#5055 = DIRECTION ( 'NONE',  ( 0.000000000000000000, -1.000000000000000000, 0.000000000000000000 ) ) ;
#5056 = CARTESIAN_POINT ( 'NONE',  ( 0.8800000000000109956, -0.6350000000000000089, -6.919999999999999929 ) ) ;
#5057 = CARTESIAN_POINT ( 'NONE',  ( 8.455000000000000071, 2.225000000000000089, 5.971999999999999531 ) ) ;
#5058 = ORIENTED_EDGE ( 'NONE', *, *, #3419, .T. ) ;
#5059 = DIRECTION ( 'NONE',  ( -0.2562207112934010156, 0.000000000000000000, 0.9666183047637281200 ) ) ;
#5060 = B_SPLINE_CURVE_WITH_KNOTS ( 'NONE', 3,
 ( #6394, #346, #6871, #914, #4007, #7474 ),
 .UNSPECIFIED., .F., .F.,
 ( 4, 2, 4 ),
 ( -0.01395028178187100037, -0.006214426639074999842, -6.119433520999223441E-06 ),
 .UNSPECIFIED. ) ;
#5061 = CARTESIAN_POINT ( 'NONE',  ( -5.758035558143240529, 1.769422630166509913, -0.03094807603720139966 ) ) ;
#5062 = VERTEX_POINT ( 'NONE', #2273 ) ;
#5063 = DIRECTION ( 'NONE',  ( 0.000000000000000000, -1.000000000000000000, 0.000000000000000000 ) ) ;
#5064 = DIRECTION ( 'NONE',  ( 1.000000000000000000, 0.000000000000000000, 0.000000000000000000 ) ) ;
#5065 = CARTESIAN_POINT ( 'NONE',  ( 6.349999999999999645, -2.939999999999999947, 5.989999999999999325 ) ) ;
#5066 = VERTEX_POINT ( 'NONE', #4862 ) ;
#5067 = CARTESIAN_POINT ( 'NONE',  ( 5.080000000000000071, 0.5927730585616969305, -0.6000000001038229280 ) ) ;
#5068 = VERTEX_POINT ( 'NONE', #2351 ) ;
#5069 = CARTESIAN_POINT ( 'NONE',  ( 0.3799999802999347587, 0.8289929115657251879, -0.5999728026223229982 ) ) ;
#5070 = CARTESIAN_POINT ( 'NONE',  ( 6.054582433270630837, 2.023810084645345064, 0.0006345086727378000278 ) ) ;
#5071 = EDGE_CURVE ( 'NONE', #1703, #3399, #7319, .T. ) ;
#5072 = LINE ( 'NONE', #91, #5844 ) ;
#5073 = DIRECTION ( 'NONE',  ( 1.000000000000000000, 0.000000000000000000, 0.000000000000000000 ) ) ;
#5074 = LINE ( 'NONE', #6781, #1040 ) ;
#5075 = CYLINDRICAL_SURFACE ( 'NONE', #519, 1.199999999999999956 ) ;
#5076 = ORIENTED_EDGE ( 'NONE', *, *, #324, .F. ) ;
#5077 = DIRECTION ( 'NONE',  ( -0.000000000000000000, 1.000000000000000000, 0.000000000000000000 ) ) ;
#5078 = ORIENTED_EDGE ( 'NONE', *, *, #5917, .T. ) ;
#5079 = ORIENTED_EDGE ( 'NONE', *, *, #6153, .F. ) ;
#5080 = FACE_OUTER_BOUND ( 'NONE', #2691, .T. ) ;
#5081 = DIRECTION ( 'NONE',  ( 0.000000000000000000, 1.000000000000000000, 0.000000000000000000 ) ) ;
#5082 = CARTESIAN_POINT ( 'NONE',  ( 8.939999999999999503, -0.6350000000061720717, -8.179999999998301519 ) ) ;
#5083 = CARTESIAN_POINT ( 'NONE',  ( 5.064724574629530629, -0.6460725096075399243, -0.6242318203989880576 ) ) ;
#5084 = EDGE_CURVE ( 'NONE', #330, #6410, #2540, .T. ) ;
#5085 = AXIS2_PLACEMENT_3D ( 'NONE', #5056, #6838, #3765 ) ;
#5086 = CARTESIAN_POINT ( 'NONE',  ( 3.315328525492984735, 1.125423897411230056, -0.2781186073526305536 ) ) ;
#5087 = VECTOR ( 'NONE', #4094, 1000.000000000000000 ) ;
#5088 = VERTEX_POINT ( 'NONE', #6807 ) ;
#5089 = DIRECTION ( 'NONE',  ( 0.000000000000000000, 0.000000000000000000, 1.000000000000000000 ) ) ;
#5090 = CARTESIAN_POINT ( 'NONE',  ( 6.078478031076266497, -2.000000000000000000, 0.000000000000000000 ) ) ;
#5091 = AXIS2_PLACEMENT_3D ( 'NONE', #3746, #4311, #6062 ) ;
#5092 = DIRECTION ( 'NONE',  ( 0.000000000000000000, -1.000000000000000000, 0.000000000000000000 ) ) ;
#5093 = EDGE_CURVE ( 'NONE', #321, #4234, #2828, .T. ) ;
#5094 = CARTESIAN_POINT ( 'NONE',  ( -1.237267309693530937, -1.383313894030129276, -0.2188825735914024795 ) ) ;
#5095 = VECTOR ( 'NONE', #822, 1000.000000000000000 ) ;
#5096 = DIRECTION ( 'NONE',  ( -0.8646777605534796685, 0.000000000000000000, -0.5023269556814758952 ) ) ;
#5097 = EDGE_CURVE ( 'NONE', #5450, #5175, #683, .T. ) ;
#5098 = VECTOR ( 'NONE', #1931, 1000.000000000000000 ) ;
#5099 = VECTOR ( 'NONE', #3909, 1000.000000000000000 ) ;
#5100 = ORIENTED_EDGE ( 'NONE', *, *, #511, .T. ) ;
#5101 = VERTEX_POINT ( 'NONE', #5497 ) ;
#5102 = DIRECTION ( 'NONE',  ( 0.7071067811865477948, 0.000000000000000000, 0.7071067811865471286 ) ) ;
#5103 = VECTOR ( 'NONE', #2599, 1000.000000000000000 ) ;
#5104 = DIRECTION ( 'NONE',  ( -1.000000000000000000, 0.000000000000000000, 0.000000000000000000 ) ) ;
#5105 = EDGE_LOOP ( 'NONE', ( #6941, #1157, #5344, #3473 ) ) ;
#5106 = VECTOR ( 'NONE', #1690, 1000.000000000000000 ) ;
#5107 = CARTESIAN_POINT ( 'NONE',  ( 2.487500000000000266, 3.140000000000000124, 2.435000000000000053 ) ) ;
#5108 = CARTESIAN_POINT ( 'NONE',  ( -5.750000000000000000, -2.339999999999999858, 0.5999999999999878764 ) ) ;
#5109 = ORIENTED_EDGE ( 'NONE', *, *, #3328, .F. ) ;
#5110 = DIRECTION ( 'NONE',  ( 1.000000000000000000, 0.000000000000000000, 0.000000000000000000 ) ) ;
#5111 = ORIENTED_EDGE ( 'NONE', *, *, #2125, .F. ) ;
#5112 = CARTESIAN_POINT ( 'NONE',  ( 0.7800000000000000266, 2.939999999999999947, 1.350000000000000089 ) ) ;
#5113 = ORIENTED_EDGE ( 'NONE', *, *, #2560, .F. ) ;
#5114 = VECTOR ( 'NONE', #2154, 1000.000000000000000 ) ;
#5115 = CARTESIAN_POINT ( 'NONE',  ( 5.580000000000000071, -0.6350000000000000089, -3.609999999999999876 ) ) ;
#5116 = CARTESIAN_POINT ( 'NONE',  ( 5.927780631859730143, 1.874059132685695017, -0.009625291743180400261 ) ) ;
#5117 = ORIENTED_EDGE ( 'NONE', *, *, #324, .T. ) ;
#5118 = FACE_OUTER_BOUND ( 'NONE', #2666, .T. ) ;
#5119 = CARTESIAN_POINT ( 'NONE',  ( -6.349999999999999645, 3.299999999999999822, 1.350000000000000089 ) ) ;
#5120 = DIRECTION ( 'NONE',  ( 0.000000000000000000, 0.000000000000000000, -1.000000000000000000 ) ) ;
#5121 = VECTOR ( 'NONE', #7086, 1000.000000000000000 ) ;
#5122 = VERTEX_POINT ( 'NONE', #4980 ) ;
#5123 = LINE ( 'NONE', #2101, #777 ) ;
#5124 = ORIENTED_EDGE ( 'NONE', *, *, #1223, .T. ) ;
#5125 = EDGE_LOOP ( 'NONE', ( #2320, #385, #7155, #1494 ) ) ;
#5126 = CARTESIAN_POINT ( 'NONE',  ( -0.6156947993068969671, 1.015549599580634066, -0.4585052653205790030 ) ) ;
#5127 = VECTOR ( 'NONE', #7397, 1000.000000000000000 ) ;
#5128 = CARTESIAN_POINT ( 'NONE',  ( -6.075434093160089866, 1.999999998400820100, -4.471741119999999362E-11 ) ) ;
#5129 = CARTESIAN_POINT ( 'NONE',  ( -3.472062505764175189, 1.385900788167123920, -0.2144755934166114875 ) ) ;
#5130 = DIRECTION ( 'NONE',  ( 0.000000000000000000, -1.000000000000000000, 0.000000000000000000 ) ) ;
#5131 = CARTESIAN_POINT ( 'NONE',  ( 3.404574298210355288, 1.382445943963568125, -0.2168957543082840056 ) ) ;
#5132 = EDGE_LOOP ( 'NONE', ( #735, #3406, #3912, #6245 ) ) ;
#5133 = DIRECTION ( 'NONE',  ( 0.2562207112934010156, 0.000000000000000000, -0.9666183047637281200 ) ) ;
#5134 = EDGE_CURVE ( 'NONE', #2061, #1891, #88, .T. ) ;
#5135 = CARTESIAN_POINT ( 'NONE',  ( 4.320000220854595341, -0.7329880695832610149, -0.5999781114527570347 ) ) ;
#5136 = CARTESIAN_POINT ( 'NONE',  ( -6.349999999999999645, 2.810000000000000053, 5.989999999999999325 ) ) ;
#5137 = CARTESIAN_POINT ( 'NONE',  ( -0.1143309039219834039, -1.098249612840684009, -0.4819790356914941398 ) ) ;
#5138 = CARTESIAN_POINT ( 'NONE',  ( 4.461809611319675462, -1.130322996901223842, -0.4416472726365809898 ) ) ;
#5139 = DIRECTION ( 'NONE',  ( 0.000000000000000000, 0.000000000000000000, 1.000000000000000000 ) ) ;
#5140 = ORIENTED_EDGE ( 'NONE', *, *, #5731, .T. ) ;
#5141 = ORIENTED_EDGE ( 'NONE', *, *, #2062, .F. ) ;
#5142 = CARTESIAN_POINT ( 'NONE',  ( 6.325000000000000178, 3.092249999999999943, 5.989999999999999325 ) ) ;
#5143 = EDGE_CURVE ( 'NONE', #4003, #491, #4896, .T. ) ;
#5144 = CARTESIAN_POINT ( 'NONE',  ( -1.467349297390000196, 1.930000000000000160, 10.78778237296842057 ) ) ;
#5145 = ORIENTED_EDGE ( 'NONE', *, *, #1073, .T. ) ;
#5146 = LINE ( 'NONE', #1488, #2031 ) ;
#5147 = FACE_OUTER_BOUND ( 'NONE', #5292, .T. ) ;
#5148 = ORIENTED_EDGE ( 'NONE', *, *, #3088, .T. ) ;
#5149 = CARTESIAN_POINT ( 'NONE',  ( 2.550000000000000266, 2.939999999999999947, 2.449999999999999734 ) ) ;
#5150 = EDGE_CURVE ( 'NONE', #4908, #5088, #4656, .T. ) ;
#5151 = VERTEX_POINT ( 'NONE', #1960 ) ;
#5152 = DIRECTION ( 'NONE',  ( 0.000000000000000000, -1.000000000000000000, 0.000000000000000000 ) ) ;
#5153 = EDGE_CURVE ( 'NONE', #2901, #5328, #7215, .T. ) ;
#5154 = CARTESIAN_POINT ( 'NONE',  ( -4.093724055399189155, -1.156356664283695990, -0.3919415553417124887 ) ) ;
#5155 = VERTEX_POINT ( 'NONE', #4293 ) ;
#5156 = DIRECTION ( 'NONE',  ( -0.000000000000000000, 1.000000000000000000, 0.000000000000000000 ) ) ;
#5157 = FACE_OUTER_BOUND ( 'NONE', #4561, .T. ) ;
#5158 = DIRECTION ( 'NONE',  ( -1.000000000000000000, 0.000000000000000000, 0.000000000000000000 ) ) ;
#5159 = DIRECTION ( 'NONE',  ( 0.000000000000000000, -1.000000000000000000, 0.000000000000000000 ) ) ;
#5160 = ORIENTED_EDGE ( 'NONE', *, *, #3234, .F. ) ;
#5161 = VERTEX_POINT ( 'NONE', #5614 ) ;
#5162 = CARTESIAN_POINT ( 'NONE',  ( -3.411366443443129892, 1.232527881255665925, -0.2797582890185995041 ) ) ;
#5163 = DIRECTION ( 'NONE',  ( 0.000000000000000000, 0.000000000000000000, -1.000000000000000000 ) ) ;
#5164 = CARTESIAN_POINT ( 'NONE',  ( 0.3799999787171555177, -0.8289806316903013395, -0.5999671129042962736 ) ) ;
#5165 = CARTESIAN_POINT ( 'NONE',  ( 9.195249999999999702, 2.810000000000000053, 6.368000000000000327 ) ) ;
#5166 = PLANE ( 'NONE',  #4310 ) ;
#5167 = CARTESIAN_POINT ( 'NONE',  ( 1.812216691974759986, 1.246038503265100017, -0.2226761843087425030 ) ) ;
#5168 = ORIENTED_EDGE ( 'NONE', *, *, #4417, .T. ) ;
#5169 = CARTESIAN_POINT ( 'NONE',  ( 5.080008427870082777, 0.7739644562118426219, -0.5668676097593124963 ) ) ;
#5170 = CARTESIAN_POINT ( 'NONE',  ( -1.199999999999999956, -1.469576158976823553E-16, 4.040000000000000036 ) ) ;
#5171 = PLANE ( 'NONE',  #6900 ) ;
#5172 = DIRECTION ( 'NONE',  ( -0.5023269556814731196, 0.000000000000000000, -0.8646777605534811117 ) ) ;
#5173 = CARTESIAN_POINT ( 'NONE',  ( 4.373809223758930109, -1.000493805044455842, -0.5412802960031309896 ) ) ;
#5174 = CARTESIAN_POINT ( 'NONE',  ( 3.550000000000000266, -2.000000000000000000, 6.349999999999999645 ) ) ;
#5175 = VERTEX_POINT ( 'NONE', #3131 ) ;
#5176 = VERTEX_POINT ( 'NONE', #6716 ) ;
#5177 = CARTESIAN_POINT ( 'NONE',  ( -0.7249999999999999778, 3.140000000000000124, 3.504999999999999893 ) ) ;
#5178 = CARTESIAN_POINT ( 'NONE',  ( -4.748039598022890218, 1.015008227025129939, -0.5906267399443609900 ) ) ;
#5179 = ORIENTED_EDGE ( 'NONE', *, *, #6045, .F. ) ;
#5180 = CARTESIAN_POINT ( 'NONE',  ( -0.4293630407744590816, -0.7524653272465992027, -0.5788154637284657067 ) ) ;
#5181 = CARTESIAN_POINT ( 'NONE',  ( 0.7249999999999999778, -3.140000000000000124, 2.429999999999999716 ) ) ;
#5182 = EDGE_CURVE ( 'NONE', #3899, #4917, #5566, .T. ) ;
#5183 = VERTEX_POINT ( 'NONE', #163 ) ;
#5184 = LINE ( 'NONE', #2161, #4468 ) ;
#5185 = ORIENTED_EDGE ( 'NONE', *, *, #1604, .T. ) ;
#5186 = CARTESIAN_POINT ( 'NONE',  ( -4.347681828886465816, -1.015000007666180037, -0.5286760448828040637 ) ) ;
#5187 = EDGE_CURVE ( 'NONE', #5320, #6068, #6246, .T. ) ;
#5188 = ORIENTED_EDGE ( 'NONE', *, *, #2306, .T. ) ;
#5189 = LINE ( 'NONE', #5750, #5099 ) ;
#5190 = PLANE ( 'NONE',  #6361 ) ;
#5191 = CARTESIAN_POINT ( 'NONE',  ( 5.695000000000000284, 2.573999999999999844, 4.989999999999999325 ) ) ;
#5192 = EDGE_CURVE ( 'NONE', #1719, #7819, #2808, .T. ) ;
#5193 = CARTESIAN_POINT ( 'NONE',  ( 1.280822920200802129, 1.930000000000000160, 11.10885853320217898 ) ) ;
#5194 = EDGE_LOOP ( 'NONE', ( #5444, #3207, #3355, #3053 ) ) ;
#5195 = ORIENTED_EDGE ( 'NONE', *, *, #4889, .F. ) ;
#5196 = CARTESIAN_POINT ( 'NONE',  ( -3.989960274166159060, 0.9892621937515899688, -0.4433981001065474548 ) ) ;
#5197 = DIRECTION ( 'NONE',  ( 0.000000000000000000, 1.000000000000000000, 0.000000000000000000 ) ) ;
#5198 = LINE ( 'NONE', #6431, #2662 ) ;
#5199 = PRODUCT_DEFINITION_CONTEXT ( 'detailed design', #7737, 'design' ) ;
#5200 = ORIENTED_EDGE ( 'NONE', *, *, #5039, .T. ) ;
#5201 = DIRECTION ( 'NONE',  ( 1.000000000000000000, 0.000000000000000000, 0.000000000000000000 ) ) ;
#5202 = CARTESIAN_POINT ( 'NONE',  ( 0.2774135358373254756, 0.6923205644651950763, -0.6439747751550110033 ) ) ;
#5203 = ORIENTED_EDGE ( 'NONE', *, *, #5799, .T. ) ;
#5204 = AXIS2_PLACEMENT_3D ( 'NONE', #2678, #5546, #6266 ) ;
#5205 = CARTESIAN_POINT ( 'NONE',  ( 6.076956062152532922, -2.000000000000000000, 0.000000000000000000 ) ) ;
#5206 = LINE ( 'NONE', #7648, #428 ) ;
#5207 = CARTESIAN_POINT ( 'NONE',  ( -3.279373212639999418E-05, -1.069236470509624004, -0.5210077773899559617 ) ) ;
#5208 = AXIS2_PLACEMENT_3D ( 'NONE', #2778, #7696, #1611 ) ;
#5209 = CARTESIAN_POINT ( 'NONE',  ( 2.873069566472160385, -1.494302031809593867, -0.1520885585848854860 ) ) ;
#5210 = VECTOR ( 'NONE', #6433, 1000.000000000000000 ) ;
#5211 = FACE_OUTER_BOUND ( 'NONE', #6708, .T. ) ;
#5212 = ORIENTED_EDGE ( 'NONE', *, *, #4357, .T. ) ;
#5213 = LINE ( 'NONE', #5736, #2065 ) ;
#5214 = AXIS2_PLACEMENT_3D ( 'NONE', #7538, #3295, #2741 ) ;
#5215 = VECTOR ( 'NONE', #4433, 1000.000000000000000 ) ;
#5216 = PLANE ( 'NONE',  #4452 ) ;
#5217 = ORIENTED_EDGE ( 'NONE', *, *, #3762, .T. ) ;
#5218 = DIRECTION ( 'NONE',  ( 0.5023269556814731196, 0.000000000000000000, 0.8646777605534811117 ) ) ;
#5219 = VECTOR ( 'NONE', #6113, 1000.000000000000000 ) ;
#5220 = VECTOR ( 'NONE', #7309, 1000.000000000000000 ) ;
#5221 = DIRECTION ( 'NONE',  ( -0.7071067811865479058, 0.000000000000000000, -0.7071067811865470176 ) ) ;
#5222 = AXIS2_PLACEMENT_3D ( 'NONE', #3961, #2719, #7743 ) ;
#5223 = EDGE_LOOP ( 'NONE', ( #4410, #2544, #2004, #2600, #2242, #6014, #5955, #7753, #1705, #3891 ) ) ;
#5224 = CARTESIAN_POINT ( 'NONE',  ( 6.349999999999999645, -3.299999999999999822, 1.350000000000000089 ) ) ;
#5225 = ORIENTED_EDGE ( 'NONE', *, *, #1002, .T. ) ;
#5226 = CARTESIAN_POINT ( 'NONE',  ( 1.930000000000000160, -1.930000000000000160, 5.989999999999999325 ) ) ;
#5227 = VECTOR ( 'NONE', #7462, 1000.000000000000000 ) ;
#5228 = EDGE_CURVE ( 'NONE', #6070, #7434, #7363, .T. ) ;
#5229 = VECTOR ( 'NONE', #3583, 1000.000000000000000 ) ;
#5230 = ORIENTED_EDGE ( 'NONE', *, *, #3661, .T. ) ;
#5231 = PLANE ( 'NONE',  #2922 ) ;
#5232 = DIRECTION ( 'NONE',  ( 0.000000000000000000, 1.000000000000000000, 0.000000000000000000 ) ) ;
#5233 = LINE ( 'NONE', #1621, #4842 ) ;
#5234 = VECTOR ( 'NONE', #1158, 1000.000000000000000 ) ;
#5235 = VERTEX_POINT ( 'NONE', #6411 ) ;
#5236 = ORIENTED_EDGE ( 'NONE', *, *, #7631, .F. ) ;
#5237 = EDGE_CURVE ( 'NONE', #321, #2901, #5322, .T. ) ;
#5238 = CARTESIAN_POINT ( 'NONE',  ( -3.472062505764175189, 1.385900788167123920, -0.2144755934166114875 ) ) ;
#5239 = EDGE_CURVE ( 'NONE', #298, #5819, #5810, .T. ) ;
#5240 = EDGE_CURVE ( 'NONE', #2102, #1939, #4582, .T. ) ;
#5241 = FACE_OUTER_BOUND ( 'NONE', #7488, .T. ) ;
#5242 = LINE ( 'NONE', #2220, #6731 ) ;
#5243 = VECTOR ( 'NONE', #195, 1000.000000000000000 ) ;
#5244 = VERTEX_POINT ( 'NONE', #6442 ) ;
#5245 = LINE ( 'NONE', #2880, #6087 ) ;
#5246 = CARTESIAN_POINT ( 'NONE',  ( 1.807477097722494985, 1.270365402188472048, -0.2222313403908625085 ) ) ;
#5247 = VERTEX_POINT ( 'NONE', #7613 ) ;
#5248 = AXIS2_PLACEMENT_3D ( 'NONE', #316, #196, #799 ) ;
#5249 = ADVANCED_FACE ( 'NONE', ( #3893 ), #2775, .F. ) ;
#5250 = DIRECTION ( 'NONE',  ( 0.000000000000000000, 1.000000000000000000, 0.000000000000000000 ) ) ;
#5251 = EDGE_CURVE ( 'NONE', #1100, #140, #1475, .T. ) ;
#5252 = DIRECTION ( 'NONE',  ( 0.2562207112934010156, 0.000000000000000000, 0.9666183047637281200 ) ) ;
#5253 = CARTESIAN_POINT ( 'NONE',  ( -4.537215622395511794, -1.110384647930492408, -0.4646255648162702090 ) ) ;
#5254 = CARTESIAN_POINT ( 'NONE',  ( 4.579676945451639725, -0.9419468974841240794, -0.6260353332807541138 ) ) ;
#5255 = DIRECTION ( 'NONE',  ( 1.000000000000000000, 0.000000000000000000, 0.000000000000000000 ) ) ;
#5256 = VECTOR ( 'NONE', #6318, 1000.000000000000000 ) ;
#5257 = EDGE_LOOP ( 'NONE', ( #948, #6659, #5895, #4734 ) ) ;
#5258 = CARTESIAN_POINT ( 'NONE',  ( -6.349999999999999645, -2.834999999999999964, 5.989999999999999325 ) ) ;
#5259 = DIRECTION ( 'NONE',  ( 1.000000000000000000, 0.000000000000000000, 0.000000000000000000 ) ) ;
#5260 = VERTEX_POINT ( 'NONE', #5177 ) ;
#5261 = FACE_OUTER_BOUND ( 'NONE', #2348, .T. ) ;
#5262 = LINE ( 'NONE', #7662, #132 ) ;
#5263 = EDGE_CURVE ( 'NONE', #7547, #7328, #2428, .T. ) ;
#5264 = ORIENTED_EDGE ( 'NONE', *, *, #3234, .T. ) ;
#5265 = CARTESIAN_POINT ( 'NONE',  ( -0.3800000000000000044, 0.6350000000000000089, -0.6499999999999909184 ) ) ;
#5266 = ORIENTED_EDGE ( 'NONE', *, *, #2327, .T. ) ;
#5267 = B_SPLINE_CURVE_WITH_KNOTS ( 'NONE', 3,
 ( #3431, #5905, #4676, #6337, #2170, #2212, #5789, #3470 ),
 .UNSPECIFIED., .F., .F.,
 ( 4, 2, 2, 4 ),
 ( -0.0003228376841640000021, -5.740492999998852638E-08, 0.0006585325231789999900, 0.001260648102695000354 ),
 .UNSPECIFIED. ) ;
#5268 = VERTEX_POINT ( 'NONE', #6370 ) ;
#5269 = CARTESIAN_POINT ( 'NONE',  ( 0.06284269293587660399, -0.9263872079704430496, -0.6517191106072290907 ) ) ;
#5270 = CARTESIAN_POINT ( 'NONE',  ( -1.034811480003838158, -1.930000000000000160, 11.21316523494646056 ) ) ;
#5271 = EDGE_CURVE ( 'NONE', #6383, #3901, #358, .T. ) ;
#5272 = CARTESIAN_POINT ( 'NONE',  ( 3.411861378041878723, 1.399692272501537715, -0.2058034421976989992 ) ) ;
#5273 = CARTESIAN_POINT ( 'NONE',  ( 5.750000000000000000, 2.939999999999999947, 5.989999999999999325 ) ) ;
#5274 = ORIENTED_EDGE ( 'NONE', *, *, #1247, .F. ) ;
#5275 = ORIENTED_EDGE ( 'NONE', *, *, #4122, .F. ) ;
#5276 = CARTESIAN_POINT ( 'NONE',  ( -1.124879591126310086, 1.365743938000971935, -0.2262942278919700123 ) ) ;
#5277 = LINE ( 'NONE', #7711, #913 ) ;
#5278 = DIRECTION ( 'NONE',  ( 0.000000000000000000, -1.000000000000000000, 0.000000000000000000 ) ) ;
#5279 = ORIENTED_EDGE ( 'NONE', *, *, #4940, .F. ) ;
#5280 = EDGE_CURVE ( 'NONE', #5909, #7454, #5213, .T. ) ;
#5281 = LINE ( 'NONE', #2292, #1780 ) ;
#5282 = CARTESIAN_POINT ( 'NONE',  ( 2.051087759322220094, 1.274520237358238051, -0.2026038342065324960 ) ) ;
#5283 = ADVANCED_FACE ( 'NONE', ( #3988 ), #7656, .F. ) ;
#5284 = ORIENTED_EDGE ( 'NONE', *, *, #1914, .F. ) ;
#5285 = DIRECTION ( 'NONE',  ( 1.000000000000000000, 0.000000000000000000, 0.000000000000000000 ) ) ;
#5286 = CARTESIAN_POINT ( 'NONE',  ( -4.899999999999999467, 3.299999999999999822, 2.449999999999999734 ) ) ;
#5287 = CARTESIAN_POINT ( 'NONE',  ( -5.292681771375000288, -0.8865642126565990155, -0.3230086941436259851 ) ) ;
#5288 = CARTESIAN_POINT ( 'NONE',  ( 0.7828678246082599879, 1.930000000000000160, 11.29681751662950084 ) ) ;
#5289 = DIRECTION ( 'NONE',  ( -1.000000000000000000, 0.000000000000000000, 0.000000000000000000 ) ) ;
#5290 = PRODUCT_RELATED_PRODUCT_CATEGORY ( 'part', '', ( #7494 ) ) ;
#5291 = EDGE_CURVE ( 'NONE', #4133, #4190, #7537, .T. ) ;
#5292 = EDGE_LOOP ( 'NONE', ( #4870, #424, #4673, #4427 ) ) ;
#5293 = LINE ( 'NONE', #7289, #4983 ) ;
#5294 = APPLICATION_CONTEXT ( 'automotive_design' ) ;
#5295 = CARTESIAN_POINT ( 'NONE',  ( -2.287252058199739757, -1.332420225583199835, -0.1904460969969349882 ) ) ;
#5296 = DIRECTION ( 'NONE',  ( 0.000000000000000000, 0.000000000000000000, -1.000000000000000000 ) ) ;
#5297 = ORIENTED_EDGE ( 'NONE', *, *, #1073, .F. ) ;
#5298 = CYLINDRICAL_SURFACE ( 'NONE', #2906, 0.7249999999999997558 ) ;
#5299 = CARTESIAN_POINT ( 'NONE',  ( 4.598595710567400907, 0.7814133842750340397, -0.7075496199363859873 ) ) ;
#5300 = ORIENTED_EDGE ( 'NONE', *, *, #3024, .T. ) ;
#5301 = CARTESIAN_POINT ( 'NONE',  ( 4.320000000000000284, -1.014999999999927960, -0.5232819823221819266 ) ) ;
#5302 = ORIENTED_EDGE ( 'NONE', *, *, #1920, .T. ) ;
#5303 = CARTESIAN_POINT ( 'NONE',  ( 5.126667702461590537, 0.6566169727506769860, -0.5264534209116009666 ) ) ;
#5304 = ORIENTED_EDGE ( 'NONE', *, *, #6799, .T. ) ;
#5305 = CARTESIAN_POINT ( 'NONE',  ( -6.021619212407919974, 2.000000000000000000, -0.001218910109419000035 ) ) ;
#5306 = CARTESIAN_POINT ( 'NONE',  ( -0.1981666065100889662, 2.122999999999999776, 11.08888699462451832 ) ) ;
#5307 = LINE ( 'NONE', #10, #4327 ) ;
#5308 = DIRECTION ( 'NONE',  ( 0.000000000000000000, 0.000000000000000000, -1.000000000000000000 ) ) ;
#5309 = ORIENTED_EDGE ( 'NONE', *, *, #6934, .F. ) ;
#5310 = DIRECTION ( 'NONE',  ( 0.000000000000000000, 0.000000000000000000, -1.000000000000000000 ) ) ;
#5311 = ORIENTED_EDGE ( 'NONE', *, *, #6357, .T. ) ;
#5312 = ADVANCED_FACE ( 'NONE', ( #285 ), #7693, .T. ) ;
#5313 = CARTESIAN_POINT ( 'NONE',  ( -1.780159756916164904, 1.231306826509233954, -0.2236483620840425124 ) ) ;
#5314 = PLANE ( 'NONE',  #3564 ) ;
#5315 = DIRECTION ( 'NONE',  ( 0.000000000000000000, 1.000000000000000000, 0.000000000000000000 ) ) ;
#5316 = VERTEX_POINT ( 'NONE', #2655 ) ;
#5317 = CARTESIAN_POINT ( 'NONE',  ( 0.000000000000000000, -2.939999999999999947, 3.504999999999999893 ) ) ;
#5318 = CARTESIAN_POINT ( 'NONE',  ( 1.550229533431914941, 1.292360564553280078, -0.2435936639005724935 ) ) ;
#5319 = VERTEX_POINT ( 'NONE', #880 ) ;
#5320 = VERTEX_POINT ( 'NONE', #7093 ) ;
#5321 = ORIENTED_EDGE ( 'NONE', *, *, #599, .T. ) ;
#5322 =( BOUNDED_CURVE ( )  B_SPLINE_CURVE ( 3, ( #972, #4019, #7061, #5775 ),
 .UNSPECIFIED., .F., .F. ) 
 B_SPLINE_CURVE_WITH_KNOTS ( ( 4, 4 ),
 ( 1.894653224594059937, 2.439786410758734814 ),
 .UNSPECIFIED. ) 
 CURVE ( )  GEOMETRIC_REPRESENTATION_ITEM ( )  RATIONAL_B_SPLINE_CURVE ( ( 1.000000000000000000, 0.9753887544578481172, 0.9753887544578481172, 1.000000000000000000 ) ) 
 REPRESENTATION_ITEM ( '' )  );
#5323 = CARTESIAN_POINT ( 'NONE',  ( 5.580000000000000071, -0.6350000000000000089, -3.609999999999999876 ) ) ;
#5324 = DIRECTION ( 'NONE',  ( 1.000000000000000000, 0.000000000000000000, 0.000000000000000000 ) ) ;
#5325 = CARTESIAN_POINT ( 'NONE',  ( -4.767873610611589541, -1.067889896107300007, -0.5142226008790810043 ) ) ;
#5326 = ADVANCED_FACE ( 'NONE', ( #6284 ), #3254, .T. ) ;
#5327 = CARTESIAN_POINT ( 'NONE',  ( 0.7800000000000000266, -3.299999999999999822, 3.409999999999999698 ) ) ;
#5328 = VERTEX_POINT ( 'NONE', #6974 ) ;
#5329 = CARTESIAN_POINT ( 'NONE',  ( 6.021619224671219683, 2.000000001236905245, -0.001218910001723000130 ) ) ;
#5330 = ADVANCED_FACE ( 'NONE', ( #1524, #5688 ), #237, .F. ) ;
#5331 = VECTOR ( 'NONE', #6375, 1000.000000000000000 ) ;
#5332 = CARTESIAN_POINT ( 'NONE',  ( -4.060514270500150680, -1.093367887360614077, -0.4229380891812865029 ) ) ;
#5333 = AXIS2_PLACEMENT_3D ( 'NONE', #4692, #7125, #2195 ) ;
#5334 = LINE ( 'NONE', #5377, #5457 ) ;
#5335 = EDGE_CURVE ( 'NONE', #6410, #601, #4542, .T. ) ;
#5336 = ADVANCED_FACE ( 'NONE', ( #7175 ), #5375, .T. ) ;
#5337 = ORIENTED_EDGE ( 'NONE', *, *, #4122, .T. ) ;
#5338 = CARTESIAN_POINT ( 'NONE',  ( 4.557794853758589504, 0.6662944093620850605, -0.7093827131643499762 ) ) ;
#5339 = EDGE_LOOP ( 'NONE', ( #5782, #3343, #2307, #167 ) ) ;
#5340 = DIRECTION ( 'NONE',  ( 0.9666183047637290082, 0.000000000000000000, -0.2562207112933980180 ) ) ;
#5341 = ORIENTED_EDGE ( 'NONE', *, *, #20, .F. ) ;
#5342 = VECTOR ( 'NONE', #4961, 1000.000000000000000 ) ;
#5343 = DIRECTION ( 'NONE',  ( 1.000000000000000000, 0.000000000000000000, 0.000000000000000000 ) ) ;
#5344 = ORIENTED_EDGE ( 'NONE', *, *, #466, .T. ) ;
#5345 = VECTOR ( 'NONE', #2514, 1000.000000000000000 ) ;
#5346 = CARTESIAN_POINT ( 'NONE',  ( -5.080000000000000071, 0.6350000000000000089, -0.6499999999999909184 ) ) ;
#5347 = CIRCLE ( 'NONE', #1035, 0.5849999999999999645 ) ;
#5348 = CARTESIAN_POINT ( 'NONE',  ( 6.349999999999999645, 1.639999999999999902, 5.989999999999999325 ) ) ;
#5349 = LINE ( 'NONE', #6612, #2664 ) ;
#5350 = DIRECTION ( 'NONE',  ( 0.000000000000000000, -1.000000000000000000, 0.000000000000000000 ) ) ;
#5351 = AXIS2_PLACEMENT_3D ( 'NONE', #6027, #584, #4352 ) ;
#5352 = ORIENTED_EDGE ( 'NONE', *, *, #4852, .T. ) ;
#5353 = DIRECTION ( 'NONE',  ( 0.000000000000000000, 0.000000000000000000, -1.000000000000000000 ) ) ;
#5354 = VERTEX_POINT ( 'NONE', #3008 ) ;
#5355 = VECTOR ( 'NONE', #3833, 1000.000000000000000 ) ;
#5356 = AXIS2_PLACEMENT_3D ( 'NONE', #23, #6583, #2401 ) ;
#5357 = CARTESIAN_POINT ( 'NONE',  ( -4.761386716445549894, 1.030921108483656035, -0.5748143315751589322 ) ) ;
#5358 = DIRECTION ( 'NONE',  ( 0.8646777605534807787, 0.000000000000000000, -0.5023269556814738968 ) ) ;
#5359 = FACE_OUTER_BOUND ( 'NONE', #4814, .T. ) ;
#5360 = FACE_OUTER_BOUND ( 'NONE', #5132, .T. ) ;
#5361 = LINE ( 'NONE', #4877, #537 ) ;
#5362 = VECTOR ( 'NONE', #6682, 1000.000000000000000 ) ;
#5363 = FACE_OUTER_BOUND ( 'NONE', #5570, .T. ) ;
#5364 = VERTEX_POINT ( 'NONE', #1200 ) ;
#5365 = EDGE_LOOP ( 'NONE', ( #953, #1942, #2248, #4025, #6484, #186, #6075, #2729, #7451, #2882 ) ) ;
#5366 = ORIENTED_EDGE ( 'NONE', *, *, #7051, .F. ) ;
#5367 = PLANE ( 'NONE',  #5884 ) ;
#5368 = VECTOR ( 'NONE', #6923, 1000.000000000000000 ) ;
#5369 = DIRECTION ( 'NONE',  ( 1.000000000000000000, 0.000000000000000000, 0.000000000000000000 ) ) ;
#5370 = FACE_OUTER_BOUND ( 'NONE', #1382, .T. ) ;
#5371 = LINE ( 'NONE', #1752, #510 ) ;
#5372 = EDGE_CURVE ( 'NONE', #2381, #7210, #4779, .T. ) ;
#5373 = AXIS2_PLACEMENT_3D ( 'NONE', #4152, #6576, #1412 ) ;
#5374 = ORIENTED_EDGE ( 'NONE', *, *, #5705, .T. ) ;
#5375 = PLANE ( 'NONE',  #5871 ) ;
#5376 = CARTESIAN_POINT ( 'NONE',  ( -2.288077118924139786, -1.298915158127835756, -0.1913035746700380013 ) ) ;
#5377 = CARTESIAN_POINT ( 'NONE',  ( -1.749450054137954957, -1.930000000000000160, 10.84078866282271925 ) ) ;
#5378 = VECTOR ( 'NONE', #7550, 1000.000000000000000 ) ;
#5379 = EDGE_LOOP ( 'NONE', ( #4828, #5523, #4562, #5352 ) ) ;
#5380 = EDGE_CURVE ( 'NONE', #1145, #5662, #1754, .T. ) ;
#5381 = CARTESIAN_POINT ( 'NONE',  ( -1.519491846963365145, -1.930000000000000160, 10.98449536552962158 ) ) ;
#5382 = ORIENTED_EDGE ( 'NONE', *, *, #4544, .F. ) ;
#5383 = LINE ( 'NONE', #3651, #532 ) ;
#5384 = EDGE_CURVE ( 'NONE', #5985, #3773, #564, .T. ) ;
#5385 = EDGE_CURVE ( 'NONE', #1251, #1095, #5293, .T. ) ;
#5386 = ORIENTED_EDGE ( 'NONE', *, *, #6132, .F. ) ;
#5387 =( LENGTH_UNIT ( ) NAMED_UNIT ( * ) SI_UNIT ( .MILLI., .METRE. ) );
#5388 = CARTESIAN_POINT ( 'NONE',  ( -0.7800000000000000266, 3.299999999999999822, 3.409999999999999698 ) ) ;
#5389 = CARTESIAN_POINT ( 'NONE',  ( 5.580000000000000071, 0.6350000000000000089, -3.609999999999999876 ) ) ;
#5390 = EDGE_CURVE ( 'NONE', #6720, #3689, #3325, .T. ) ;
#5391 = CARTESIAN_POINT ( 'NONE',  ( -4.700000000000000178, 2.674999999999999822, 5.190000000000000391 ) ) ;
#5392 = EDGE_CURVE ( 'NONE', #406, #304, #482, .T. ) ;
#5393 = ORIENTED_EDGE ( 'NONE', *, *, #4509, .F. ) ;
#5394 = CARTESIAN_POINT ( 'NONE',  ( -0.7249999999999999778, -2.939999999999999947, 3.504999999999999893 ) ) ;
#5395 = VERTEX_POINT ( 'NONE', #4134 ) ;
#5396 = CARTESIAN_POINT ( 'NONE',  ( 6.080000764960179716, -1.977389356077134730, 1.722424038000000011E-08 ) ) ;
#5397 = CARTESIAN_POINT ( 'NONE',  ( -5.750000000000000000, -2.939999999999999947, 5.989999999999999325 ) ) ;
#5398 = CARTESIAN_POINT ( 'NONE',  ( 0.7249999999999999778, 3.140000000000000124, 2.429999999999999716 ) ) ;
#5399 = CARTESIAN_POINT ( 'NONE',  ( -0.7800000000000000266, 2.939999999999999947, 3.409999999999999698 ) ) ;
#5400 = DIRECTION ( 'NONE',  ( 1.000000000000000000, 0.000000000000000000, 0.000000000000000000 ) ) ;
#5401 = DIRECTION ( 'NONE',  ( 0.000000000000000000, -1.000000000000000000, 0.000000000000000000 ) ) ;
#5402 = ORIENTED_EDGE ( 'NONE', *, *, #3478, .F. ) ;
#5403 = ORIENTED_EDGE ( 'NONE', *, *, #2359, .F. ) ;
#5404 = EDGE_LOOP ( 'NONE', ( #7655, #2471, #6251, #4772 ) ) ;
#5405 = DIRECTION ( 'NONE',  ( -1.000000000000000000, 0.000000000000000000, 0.000000000000000000 ) ) ;
#5406 = CARTESIAN_POINT ( 'NONE',  ( -0.3800000000000000044, 1.116500000000000048, -0.2033618187691230150 ) ) ;
#5407 = CARTESIAN_POINT ( 'NONE',  ( -6.079063216613720400, -1.999367434912200148, 9.304525190760000529E-05 ) ) ;
#5408 = CARTESIAN_POINT ( 'NONE',  ( -5.080062574660704655, 0.8059165036527368153, -0.5559435642449535031 ) ) ;
#5409 = ORIENTED_EDGE ( 'NONE', *, *, #6329, .T. ) ;
#5410 = CARTESIAN_POINT ( 'NONE',  ( 2.550000000000000266, 2.939999999999999947, 3.899999999999999911 ) ) ;
#5411 = CARTESIAN_POINT ( 'NONE',  ( -2.990671723108905056, -1.473918287543128036, -0.1636710312239324783 ) ) ;
#5412 = EDGE_CURVE ( 'NONE', #4296, #2781, #6478, .T. ) ;
#5413 = DIRECTION ( 'NONE',  ( 0.000000000000000000, 0.000000000000000000, -1.000000000000000000 ) ) ;
#5414 = VERTEX_POINT ( 'NONE', #7245 ) ;
#5415 = DIRECTION ( 'NONE',  ( 0.000000000000000000, 0.000000000000000000, 1.000000000000000000 ) ) ;
#5416 = ORIENTED_EDGE ( 'NONE', *, *, #7237, .T. ) ;
#5417 = FACE_OUTER_BOUND ( 'NONE', #3021, .T. ) ;
#5418 =( LENGTH_UNIT ( ) NAMED_UNIT ( * ) SI_UNIT ( .MILLI., .METRE. ) );
#5419 = ORIENTED_EDGE ( 'NONE', *, *, #5240, .T. ) ;
#5420 = CARTESIAN_POINT ( 'NONE',  ( 2.341357271210484647, -1.443701607067948034, -0.1686182062566644879 ) ) ;
#5421 = EDGE_CURVE ( 'NONE', #159, #3149, #1680, .T. ) ;
#5422 = CARTESIAN_POINT ( 'NONE',  ( -4.899999999999999467, -2.939999999999999947, 2.449999999999999734 ) ) ;
#5423 = CYLINDRICAL_SURFACE ( 'NONE', #1279, 0.1999999999999870770 ) ;
#5424 = DIRECTION ( 'NONE',  ( 1.000000000000000000, 0.000000000000000000, 0.000000000000000000 ) ) ;
#5425 = VERTEX_POINT ( 'NONE', #5410 ) ;
#5426 = DIRECTION ( 'NONE',  ( 0.000000000000000000, 0.000000000000000000, -1.000000000000000000 ) ) ;
#5427 = ORIENTED_EDGE ( 'NONE', *, *, #7195, .T. ) ;
#5428 = LINE ( 'NONE', #7226, #558 ) ;
#5429 = PRODUCT_RELATED_PRODUCT_CATEGORY ( 'part', '', ( #2460 ) ) ;
#5430 = CARTESIAN_POINT ( 'NONE',  ( 6.705820878400000250E-06, 1.015059019073151880, -0.5853986767166879934 ) ) ;
#5431 = LINE ( 'NONE', #7308, #7513 ) ;
#5432 = EDGE_CURVE ( 'NONE', #3007, #5260, #5929, .T. ) ;
#5433 = LINE ( 'NONE', #7864, #2799 ) ;
#5434 = PLANE ( 'NONE',  #2665 ) ;
#5435 = CARTESIAN_POINT ( 'NONE',  ( -1.703557601043285130, 1.930000000000000160, 10.66765478544072110 ) ) ;
#5436 = ORIENTED_EDGE ( 'NONE', *, *, #573, .F. ) ;
#5437 = VERTEX_POINT ( 'NONE', #7207 ) ;
#5438 = ORIENTED_EDGE ( 'NONE', *, *, #4666, .T. ) ;
#5439 = DIRECTION ( 'NONE',  ( -0.7071067811865480168, 0.000000000000000000, -0.7071067811865470176 ) ) ;
#5440 = LINE ( 'NONE', #3084, #806 ) ;
#5441 = CARTESIAN_POINT ( 'NONE',  ( -5.740198833298400416, -1.786717974068970038, -0.02809884736470239994 ) ) ;
#5442 = APPLICATION_CONTEXT ( 'automotive_design' ) ;
#5443 = CARTESIAN_POINT ( 'NONE',  ( 6.075434093228800236, -1.999999998423070080, -4.410102940000000122E-11 ) ) ;
#5444 = ORIENTED_EDGE ( 'NONE', *, *, #6414, .F. ) ;
#5445 = CARTESIAN_POINT ( 'NONE',  ( 0.8800000000000109956, -0.6350000000041150505, -8.179999999998852189 ) ) ;
#5446 = EDGE_CURVE ( 'NONE', #5706, #1381, #3321, .T. ) ;
#5447 = CARTESIAN_POINT ( 'NONE',  ( -0.3865343312897864814, -1.146186357537303913, -0.4210460885865044411 ) ) ;
#5448 = B_SPLINE_SURFACE_WITH_KNOTS ( 'NONE', 3, 3, ( 
 ( #3097, #1962, #4380, #807, #3772, #78, #1916 ),
 ( #2501, #5532, #3255, #7366, #165, #3217, #1403 ),
 ( #4465, #6202, #7490, #4339, #5615, #6767, #7453 ),
 ( #1321, #6719, #1448, #4981, #4898, #763, #1282 ),
 ( #6285, #6249, #6893, #842, #5061, #238, #3858 ),
 ( #4420, #3734, #6166, #2037, #6846, #720, #3818 ),
 ( #5689, #5655, #3133, #7415, #202, #2616, #7332 ) ),
 .UNSPECIFIED., .F., .F., .F.,
 ( 4, 1, 1, 1, 4 ),
 ( 4, 1, 1, 1, 4 ),
 ( 0.5651919310574349264, 0.8327094167283440873, 1.100167270429029953, 1.367625124129715930, 1.502295481852724990 ),
 ( -0.0009618282563980000205, 0.2857142857142860315, 0.5714285714285709528, 0.8571428571428569843, 1.000000000000000000 ),
 .UNSPECIFIED. ) ;
#5449 = CARTESIAN_POINT ( 'NONE',  ( 0.000000000000000000, 0.000000000000000000, 4.839999999999999858 ) ) ;
#5450 = VERTEX_POINT ( 'NONE', #4811 ) ;
#5451 = ORIENTED_EDGE ( 'NONE', *, *, #4050, .T. ) ;
#5452 = CARTESIAN_POINT ( 'NONE',  ( -3.550000000000000266, 2.000000000000000000, 6.349999999999999645 ) ) ;
#5453 = VECTOR ( 'NONE', #7300, 1000.000000000000114 ) ;
#5454 = ORIENTED_EDGE ( 'NONE', *, *, #1051, .F. ) ;
#5455 = CARTESIAN_POINT ( 'NONE',  ( 1.558065705749835050, -1.428249561101540221, -0.1905260632613860194 ) ) ;
#5456 = CARTESIAN_POINT ( 'NONE',  ( 0.000000000000000000, 3.299999999999999822, 3.409999999999999698 ) ) ;
#5457 = VECTOR ( 'NONE', #6640, 999.9999999999998863 ) ;
#5458 = AXIS2_PLACEMENT_3D ( 'NONE', #6074, #5486, #4886 ) ;
#5459 = LINE ( 'NONE', #3508, #1409 ) ;
#5460 = LINE ( 'NONE', #4233, #4332 ) ;
#5461 = EDGE_CURVE ( 'NONE', #3105, #3986, #2274, .T. ) ;
#5462 = ORIENTED_EDGE ( 'NONE', *, *, #4440, .F. ) ;
#5463 = CARTESIAN_POINT ( 'NONE',  ( -2.799999999999999822, 2.000000000000000000, 4.839999999999999858 ) ) ;
#5464 = ORIENTED_EDGE ( 'NONE', *, *, #1991, .T. ) ;
#5465 = VECTOR ( 'NONE', #7530, 1000.000000000000000 ) ;
#5466 = DIRECTION ( 'NONE',  ( 0.000000000000000000, 0.000000000000000000, 1.000000000000000000 ) ) ;
#5467 = DIRECTION ( 'NONE',  ( 0.000000000000000000, 0.000000000000000000, -1.000000000000000000 ) ) ;
#5468 = DIRECTION ( 'NONE',  ( 1.000000000000000000, 0.000000000000000000, 0.000000000000000000 ) ) ;
#5469 = CARTESIAN_POINT ( 'NONE',  ( -0.7974999999999851097, 3.140000000000000124, 4.277999999999999581 ) ) ;
#5470 = PLANE ( 'NONE',  #3837 ) ;
#5471 = AXIS2_PLACEMENT_3D ( 'NONE', #4766, #1740, #7830 ) ;
#5472 = EDGE_CURVE ( 'NONE', #6602, #5268, #4854, .T. ) ;
#5473 = PLANE ( 'NONE',  #7139 ) ;
#5474 = VECTOR ( 'NONE', #1594, 1000.000000000000000 ) ;
#5475 = VERTEX_POINT ( 'NONE', #2935 ) ;
#5476 = VECTOR ( 'NONE', #7152, 1000.000000000000000 ) ;
#5477 = VERTEX_POINT ( 'NONE', #5445 ) ;
#5478 = ORIENTED_EDGE ( 'NONE', *, *, #3702, .F. ) ;
#5479 = EDGE_CURVE ( 'NONE', #1613, #6135, #4052, .T. ) ;
#5480 = ADVANCED_FACE ( 'NONE', ( #597 ), #7879, .F. ) ;
#5481 = VECTOR ( 'NONE', #4249, 1000.000000000000000 ) ;
#5482 = CARTESIAN_POINT ( 'NONE',  ( 0.3800000000000000044, -1.014999960227793929, -0.5232730450455179705 ) ) ;
#5483 = FACE_OUTER_BOUND ( 'NONE', #7878, .T. ) ;
#5484 = CARTESIAN_POINT ( 'NONE',  ( -5.750000000000000000, 2.810000000000000053, 5.989999999999999325 ) ) ;
#5485 = VECTOR ( 'NONE', #2621, 1000.000000000000000 ) ;
#5486 = DIRECTION ( 'NONE',  ( -1.000000000000000000, 0.000000000000000000, 0.000000000000000000 ) ) ;
#5487 = EDGE_CURVE ( 'NONE', #6973, #487, #6159, .T. ) ;
#5488 = ORIENTED_EDGE ( 'NONE', *, *, #2737, .F. ) ;
#5489 = DIRECTION ( 'NONE',  ( -1.000000000000000000, 0.000000000000000000, 0.000000000000000000 ) ) ;
#5490 = EDGE_CURVE ( 'NONE', #5175, #2462, #4253, .T. ) ;
#5491 = VECTOR ( 'NONE', #3799, 1000.000000000000000 ) ;
#5492 = CARTESIAN_POINT ( 'NONE',  ( -1.619708197128204796, -1.308175585718780010, -0.2335372865886784777 ) ) ;
#5493 = CARTESIAN_POINT ( 'NONE',  ( 0.5264362595814079393, 1.930000000000000160, 11.35933582874252146 ) ) ;
#5494 = ORIENTED_EDGE ( 'NONE', *, *, #1936, .T. ) ;
#5495 = AXIS2_PLACEMENT_3D ( 'NONE', #156, #1391, #1438 ) ;
#5496 = VERTEX_POINT ( 'NONE', #6236 ) ;
#5497 = CARTESIAN_POINT ( 'NONE',  ( -0.7249999999999999778, -2.939999999999999947, 2.429999999999999716 ) ) ;
#5498 = VECTOR ( 'NONE', #6261, 1000.000000000000227 ) ;
#5499 = VERTEX_POINT ( 'NONE', #5052 ) ;
#5500 = CARTESIAN_POINT ( 'NONE',  ( 1.936724655482439994, -1.273814304748133841, -0.2081744744240055234 ) ) ;
#5501 = B_SPLINE_CURVE_WITH_KNOTS ( 'NONE', 3,
 ( #2646, #5090, #5205, #5885 ),
 .UNSPECIFIED., .F., .F.,
 ( 4, 4 ),
 ( 0.000000000000000000, 1.000000000000000000 ),
 .UNSPECIFIED. ) ;
#5502 = CARTESIAN_POINT ( 'NONE',  ( 5.079991132982215163, -0.9230791718410787938, -0.5075401465610607232 ) ) ;
#5503 = CARTESIAN_POINT ( 'NONE',  ( -6.080000000000000071, -2.000000000000000000, -0.0006094550547221999279 ) ) ;
#5504 = LINE ( 'NONE', #3064, #4731 ) ;
#5505 = ORIENTED_EDGE ( 'NONE', *, *, #1402, .T. ) ;
#5506 = CARTESIAN_POINT ( 'NONE',  ( -6.079999812459170094, 1.977388391055314942, -2.084755038000000091E-09 ) ) ;
#5507 = EDGE_LOOP ( 'NONE', ( #3849, #4502, #5517, #7423 ) ) ;
#5508 = CARTESIAN_POINT ( 'NONE',  ( -4.408965080282989391, 0.8427739054488939674, -0.6151683471773550238 ) ) ;
#5509 = CARTESIAN_POINT ( 'NONE',  ( 0.9710995989701970421, 1.930000000000000160, 10.97280578029042175 ) ) ;
#5510 = EDGE_CURVE ( 'NONE', #6888, #44, #4968, .T. ) ;
#5511 = PLANE ( 'NONE',  #521 ) ;
#5512 = DIRECTION ( 'NONE',  ( -0.5023269556814731196, 0.000000000000000000, 0.8646777605534812228 ) ) ;
#5513 = DIRECTION ( 'NONE',  ( 0.000000000000000000, 0.000000000000000000, 1.000000000000000000 ) ) ;
#5514 = LINE ( 'NONE', #1890, #3561 ) ;
#5515 = ORIENTED_EDGE ( 'NONE', *, *, #3725, .F. ) ;
#5516 = ORIENTED_EDGE ( 'NONE', *, *, #4630, .F. ) ;
#5517 = ORIENTED_EDGE ( 'NONE', *, *, #2082, .F. ) ;
#5518 = PLANE ( 'NONE',  #1578 ) ;
#5519 = LINE ( 'NONE', #2970, #5732 ) ;
#5520 = DIRECTION ( 'NONE',  ( -1.000000000000000000, 0.000000000000000000, 0.000000000000000000 ) ) ;
#5521 = DIRECTION ( 'NONE',  ( -1.000000000000000000, 0.000000000000000000, 0.000000000000000000 ) ) ;
#5522 = ADVANCED_FACE ( 'NONE', ( #1990 ), #1902, .T. ) ;
#5523 = ORIENTED_EDGE ( 'NONE', *, *, #7089, .F. ) ;
#5524 = CARTESIAN_POINT ( 'NONE',  ( 5.079953243868497559, 0.7032714076693455940, -0.5864149575591004471 ) ) ;
#5525 = EDGE_CURVE ( 'NONE', #5320, #6341, #1390, .T. ) ;
#5526 = CARTESIAN_POINT ( 'NONE',  ( -1.645354211383269982, -1.206822994369731950, -0.2435351576984589872 ) ) ;
#5527 = LINE ( 'NONE', #679, #4320 ) ;
#5528 = ORIENTED_EDGE ( 'NONE', *, *, #4841, .T. ) ;
#5529 = ADVANCED_FACE ( 'NONE', ( #1864 ), #6757, .F. ) ;
#5530 = VERTEX_POINT ( 'NONE', #3047 ) ;
#5531 = CARTESIAN_POINT ( 'NONE',  ( -4.748005869534469348, -1.015003008829572062, -0.5906512320816350581 ) ) ;
#5532 = CARTESIAN_POINT ( 'NONE',  ( -5.123963267099860275, 0.7268639176636950694, -0.5260287007300299411 ) ) ;
#5533 = ORIENTED_EDGE ( 'NONE', *, *, #5721, .T. ) ;
#5534 = CARTESIAN_POINT ( 'NONE',  ( 1.927358120392435037, -1.332260676305473845, -0.2041379182713024820 ) ) ;
#5535 = CARTESIAN_POINT ( 'NONE',  ( 0.2669868181195300116, 1.930000000000000160, 11.40036177549232121 ) ) ;
#5536 = CARTESIAN_POINT ( 'NONE',  ( -6.021619212407750332, -1.999999999999924949, -0.001218910109444400073 ) ) ;
#5537 = DIRECTION ( 'NONE',  ( 0.000000000000000000, 0.000000000000000000, -1.000000000000000000 ) ) ;
#5538 = ORIENTED_EDGE ( 'NONE', *, *, #7450, .T. ) ;
#5539 = CARTESIAN_POINT ( 'NONE',  ( -4.733937145695499282, -1.015000010315884049, -0.5892652956092919725 ) ) ;
#5540 = ORIENTED_EDGE ( 'NONE', *, *, #6489, .T. ) ;
#5541 = ADVANCED_FACE ( 'NONE', ( #3683 ), #796, .T. ) ;
#5542 = DIRECTION ( 'NONE',  ( 0.000000000000000000, 0.000000000000000000, 1.000000000000000000 ) ) ;
#5543 = CARTESIAN_POINT ( 'NONE',  ( 0.1075648807031727716, 1.015000006334561000, -0.5730232518361750849 ) ) ;
#5544 = CARTESIAN_POINT ( 'NONE',  ( 5.080000000000000071, 0.6350000000000000089, -0.6499999999999909184 ) ) ;
#5545 = CARTESIAN_POINT ( 'NONE',  ( -6.021619212407919974, 2.000000000000000000, -0.001218910109419000035 ) ) ;
#5546 = DIRECTION ( 'NONE',  ( 0.000000000000000000, 0.000000000000000000, 1.000000000000000000 ) ) ;
#5547 = DIRECTION ( 'NONE',  ( 0.000000000000000000, 0.000000000000000000, -1.000000000000000000 ) ) ;
#5548 = PLANE ( 'NONE',  #1793 ) ;
#5549 = ORIENTED_EDGE ( 'NONE', *, *, #438, .F. ) ;
#5550 = ORIENTED_EDGE ( 'NONE', *, *, #5778, .F. ) ;
#5551 = ORIENTED_EDGE ( 'NONE', *, *, #4073, .T. ) ;
#5552 = ADVANCED_FACE ( 'NONE', ( #7322 ), #3208, .F. ) ;
#5553 = DIRECTION ( 'NONE',  ( -0.5023269556814750070, 0.000000000000000000, 0.8646777605534801125 ) ) ;
#5554 = CARTESIAN_POINT ( 'NONE',  ( 4.899999999999999467, -2.922000000000000153, 2.377499999999999947 ) ) ;
#5555 = CARTESIAN_POINT ( 'NONE',  ( -5.750000000000000000, 2.939999999999999947, 5.190000000000000391 ) ) ;
#5556 = CARTESIAN_POINT ( 'NONE',  ( 4.722169373526360125, -1.061540082169563970, -0.5266197271182309070 ) ) ;
#5557 = FACE_OUTER_BOUND ( 'NONE', #1606, .T. ) ;
#5558 = ORIENTED_EDGE ( 'NONE', *, *, #5044, .T. ) ;
#5559 = DIRECTION ( 'NONE',  ( 0.000000000000000000, 1.000000000000000000, -6.012967999999999628E-12 ) ) ;
#5560 = ADVANCED_FACE ( 'NONE', ( #4371 ), #1830, .F. ) ;
#5561 = ADVANCED_FACE ( 'NONE', ( #1953 ), #194, .F. ) ;
#5562 = CARTESIAN_POINT ( 'NONE',  ( -1.925515686730619791, -1.501636527680630051, -0.1484722122236887820 ) ) ;
#5563 = CARTESIAN_POINT ( 'NONE',  ( 1.519491846963365145, 1.930000000000000160, 10.98449536552962158 ) ) ;
#5564 = ORIENTED_EDGE ( 'NONE', *, *, #1729, .F. ) ;
#5565 = ORIENTED_EDGE ( 'NONE', *, *, #2009, .F. ) ;
#5566 = LINE ( 'NONE', #7452, #7023 ) ;
#5567 = EDGE_CURVE ( 'NONE', #7498, #2102, #3124, .T. ) ;
#5568 = ADVANCED_FACE ( 'NONE', ( #4287 ), #1314, .F. ) ;
#5569 = CARTESIAN_POINT ( 'NONE',  ( -6.024728240121569378, -1.900858319993686152, -0.004168962918042920344 ) ) ;
#5570 = EDGE_LOOP ( 'NONE', ( #5973, #5793, #5275, #2684 ) ) ;
#5571 = CARTESIAN_POINT ( 'NONE',  ( 1.275158120354859870, -1.223249731144183894, -0.2899024393954349743 ) ) ;
#5572 = CARTESIAN_POINT ( 'NONE',  ( -2.550000000000000266, 3.318000000000000060, 2.377499999999999947 ) ) ;
#5573 = DIRECTION ( 'NONE',  ( 1.000000000000000000, 0.000000000000000000, 0.000000000000000000 ) ) ;
#5574 = LINE ( 'NONE', #3777, #142 ) ;
#5575 = EDGE_CURVE ( 'NONE', #251, #5829, #3600, .T. ) ;
#5576 = ORIENTED_EDGE ( 'NONE', *, *, #4160, .T. ) ;
#5577 = CARTESIAN_POINT ( 'NONE',  ( -4.547056559436990497, -1.015000003504850090, -0.5642230364846899660 ) ) ;
#5578 = ORIENTED_EDGE ( 'NONE', *, *, #2414, .T. ) ;
#5579 = B_SPLINE_CURVE_WITH_KNOTS ( 'NONE', 3,
 ( #3781, #7424, #817, #1293, #6296, #6175, #3830 ),
 .UNSPECIFIED., .F., .F.,
 ( 4, 1, 1, 1, 4 ),
 ( 0.000000000000000000, 0.2931351777661700964, 0.6067036504523106721, 0.8418800049669158403, 1.000000000000000000 ),
 .UNSPECIFIED. ) ;
#5580 = LINE ( 'NONE', #131, #6635 ) ;
#5581 = VECTOR ( 'NONE', #3417, 1000.000000000000000 ) ;
#5582 = CARTESIAN_POINT ( 'NONE',  ( 5.584079178969399315, 1.670447117177620067, -0.05665745507602400199 ) ) ;
#5583 = DIRECTION ( 'NONE',  ( 0.000000000000000000, 0.000000000000000000, 1.000000000000000000 ) ) ;
#5584 = VECTOR ( 'NONE', #628, 1000.000000000000000 ) ;
#5585 = FACE_OUTER_BOUND ( 'NONE', #3582, .T. ) ;
#5586 = CARTESIAN_POINT ( 'NONE',  ( -0.7139030315564609541, -1.930000000000000160, 11.03664092508229899 ) ) ;
#5587 = DIRECTION ( 'NONE',  ( 1.000000000000000000, 0.000000000000000000, 0.000000000000000000 ) ) ;
#5588 = ORIENTED_EDGE ( 'NONE', *, *, #4004, .T. ) ;
#5589 = FACE_OUTER_BOUND ( 'NONE', #6209, .T. ) ;
#5590 = ORIENTED_EDGE ( 'NONE', *, *, #5487, .F. ) ;
#5591 = VERTEX_POINT ( 'NONE', #2285 ) ;
#5592 = VECTOR ( 'NONE', #4973, 1000.000000000000000 ) ;
#5593 = VECTOR ( 'NONE', #6573, 1000.000000000000000 ) ;
#5594 = CARTESIAN_POINT ( 'NONE',  ( -0.1774206760854210030, 0.6537335842589949708, -0.6921992000528830458 ) ) ;
#5595 = CARTESIAN_POINT ( 'NONE',  ( -4.962499999999999467, 3.140000000000000124, 2.435000000000000053 ) ) ;
#5596 = LINE ( 'NONE', #5643, #7647 ) ;
#5597 = AXIS2_PLACEMENT_3D ( 'NONE', #1334, #2995, #3029 ) ;
#5598 = VECTOR ( 'NONE', #6989, 1000.000000000000000 ) ;
#5599 = CARTESIAN_POINT ( 'NONE',  ( 5.727903097195529369, -1.527165916437649873, -0.05875652252436280171 ) ) ;
#5600 = ADVANCED_FACE ( 'NONE', ( #6356 ), #6401, .T. ) ;
#5601 = VECTOR ( 'NONE', #3300, 1000.000000000000000 ) ;
#5602 = CARTESIAN_POINT ( 'NONE',  ( 3.812030758806955522, 0.9933154929108629627, -0.4024655192530769976 ) ) ;
#5603 = ORIENTED_EDGE ( 'NONE', *, *, #2455, .T. ) ;
#5604 = CARTESIAN_POINT ( 'NONE',  ( -1.037997074055547975, 2.122999999999999776, 11.22518320767925992 ) ) ;
#5605 = VECTOR ( 'NONE', #1860, 1000.000000000000114 ) ;
#5606 = CARTESIAN_POINT ( 'NONE',  ( 1.280822920200802129, -1.930000000000000160, 11.10885853320217898 ) ) ;
#5607 = VECTOR ( 'NONE', #2550, 1000.000000000000000 ) ;
#5608 = CARTESIAN_POINT ( 'NONE',  ( 3.550000000000000266, 2.050000000000000266, 5.989999999999999325 ) ) ;
#5609 = LINE ( 'NONE', #5493, #387 ) ;
#5610 = ORIENTED_EDGE ( 'NONE', *, *, #4618, .T. ) ;
#5611 = CARTESIAN_POINT ( 'NONE',  ( -5.750000000000000000, -2.339999999999999858, 5.190000000000000391 ) ) ;
#5612 = VECTOR ( 'NONE', #5133, 1000.000000000000114 ) ;
#5613 = ORIENTED_EDGE ( 'NONE', *, *, #3577, .F. ) ;
#5614 = CARTESIAN_POINT ( 'NONE',  ( -2.550000000000000266, 3.299999999999999822, 2.449999999999999734 ) ) ;
#5615 = CARTESIAN_POINT ( 'NONE',  ( -5.027551197756310764, 1.180053200643717881, -0.3583408639975345089 ) ) ;
#5616 = VECTOR ( 'NONE', #6243, 1000.000000000000000 ) ;
#5617 = EDGE_CURVE ( 'NONE', #7709, #3563, #4117, .T. ) ;
#5618 = ORIENTED_EDGE ( 'NONE', *, *, #5412, .F. ) ;
#5619 = LINE ( 'NONE', #1324, #115 ) ;
#5620 = FACE_OUTER_BOUND ( 'NONE', #3302, .T. ) ;
#5621 = EDGE_CURVE ( 'NONE', #624, #1757, #3331, .T. ) ;
#5622 = DIRECTION ( 'NONE',  ( -1.000000000000000000, 0.000000000000000000, 0.000000000000000000 ) ) ;
#5623 = VECTOR ( 'NONE', #7501, 1000.000000000000000 ) ;
#5624 = ORIENTED_EDGE ( 'NONE', *, *, #3916, .T. ) ;
#5625 = LINE ( 'NONE', #3741, #2072 ) ;
#5626 = ORIENTED_EDGE ( 'NONE', *, *, #6523, .T. ) ;
#5627 = ADVANCED_FACE ( 'NONE', ( #2910 ), #5945, .T. ) ;
#5628 = CARTESIAN_POINT ( 'NONE',  ( -5.750000000000000000, -2.834999999999999964, 5.989999999999999325 ) ) ;
#5629 = FACE_OUTER_BOUND ( 'NONE', #2739, .T. ) ;
#5630 = CARTESIAN_POINT ( 'NONE',  ( -1.222729189295125973, -1.930000000000000160, 10.88969411280078070 ) ) ;
#5631 = LINE ( 'NONE', #2097, #5355 ) ;
#5632 = VECTOR ( 'NONE', #926, 1000.000000000000000 ) ;
#5633 = EDGE_CURVE ( 'NONE', #2370, #1100, #379, .T. ) ;
#5634 = CARTESIAN_POINT ( 'NONE',  ( 3.550000000000000266, 2.000000000000000000, 6.349999999999999645 ) ) ;
#5635 = CARTESIAN_POINT ( 'NONE',  ( 4.899999999999999467, -3.299999999999999822, 3.899999999999999911 ) ) ;
#5636 = ADVANCED_FACE ( 'NONE', ( #460 ), #7745, .F. ) ;
#5637 = ORIENTED_EDGE ( 'NONE', *, *, #32, .T. ) ;
#5638 = FACE_OUTER_BOUND ( 'NONE', #4617, .T. ) ;
#5639 = ORIENTED_EDGE ( 'NONE', *, *, #305, .F. ) ;
#5640 = VERTEX_POINT ( 'NONE', #4572 ) ;
#5641 = DIRECTION ( 'NONE',  ( -0.8646777605534801125, 0.000000000000000000, -0.5023269556814750070 ) ) ;
#5642 = CARTESIAN_POINT ( 'NONE',  ( -6.349999999999999645, 2.939999999999999947, 6.150000000000000355 ) ) ;
#5643 = CARTESIAN_POINT ( 'NONE',  ( -1.280822920200802129, 1.930000000000000160, 11.10885853320217898 ) ) ;
#5644 = CARTESIAN_POINT ( 'NONE',  ( 5.908990688096490196, -1.892840796880840282, -0.008761043796393998967 ) ) ;
#5645 = CARTESIAN_POINT ( 'NONE',  ( 4.243520279315950106, 0.8322342577259969065, -0.5606561000641200332 ) ) ;
#5646 = ORIENTED_EDGE ( 'NONE', *, *, #3335, .T. ) ;
#5647 = DIRECTION ( 'NONE',  ( 0.5023269556814699000, 0.000000000000000000, -0.8646777605534828881 ) ) ;
#5648 = CARTESIAN_POINT ( 'NONE',  ( 2.550000000000000266, -3.299999999999999822, 2.449999999999999734 ) ) ;
#5649 = FACE_OUTER_BOUND ( 'NONE', #2654, .T. ) ;
#5650 = FACE_OUTER_BOUND ( 'NONE', #5404, .T. ) ;
#5651 = CARTESIAN_POINT ( 'NONE',  ( -0.7249999999999999778, -2.939999999999999947, 3.504999999999999893 ) ) ;
#5652 = ORIENTED_EDGE ( 'NONE', *, *, #5968, .F. ) ;
#5653 = CARTESIAN_POINT ( 'NONE',  ( 6.349999999999999645, 2.939999999999999947, 0.000000000000000000 ) ) ;
#5654 = ADVANCED_FACE ( 'NONE', ( #7568 ), #4720, .T. ) ;
#5655 = CARTESIAN_POINT ( 'NONE',  ( -6.085581281435800349, 1.992827448235784837, 0.0004125613129503999518 ) ) ;
#5656 = ORIENTED_EDGE ( 'NONE', *, *, #1167, .F. ) ;
#5657 = CARTESIAN_POINT ( 'NONE',  ( -1.964105169755100855, -1.266577481504174596, -0.2059534227706904808 ) ) ;
#5658 = CARTESIAN_POINT ( 'NONE',  ( 5.080000000000000071, 0.6350000000000000089, -0.6499999999999909184 ) ) ;
#5659 = DIRECTION ( 'NONE',  ( 0.000000000000000000, 0.000000000000000000, -1.000000000000000000 ) ) ;
#5660 = ORIENTED_EDGE ( 'NONE', *, *, #2878, .F. ) ;
#5661 = DIRECTION ( 'NONE',  ( 0.000000000000000000, -1.000000000000000000, 0.000000000000000000 ) ) ;
#5662 = VERTEX_POINT ( 'NONE', #3926 ) ;
#5663 = DIRECTION ( 'NONE',  ( -0.5023269556814742298, 0.000000000000000000, 0.8646777605534804456 ) ) ;
#5664 = EDGE_CURVE ( 'NONE', #199, #7491, #7788, .T. ) ;
#5665 = CARTESIAN_POINT ( 'NONE',  ( 6.349999999999999645, -2.834999999999999964, 6.349999999999999645 ) ) ;
#5666 = DIRECTION ( 'NONE',  ( 0.000000000000000000, 1.000000000000000000, 0.000000000000000000 ) ) ;
#5667 = DIRECTION ( 'NONE',  ( 0.000000000000000000, 1.000000000000000000, 0.000000000000000000 ) ) ;
#5668 = CARTESIAN_POINT ( 'NONE',  ( 4.320000000277564922, 1.014999981632654036, -0.5232855309373609654 ) ) ;
#5669 = LINE ( 'NONE', #2597, #5215 ) ;
#5670 = ORIENTED_EDGE ( 'NONE', *, *, #1840, .F. ) ;
#5671 = CARTESIAN_POINT ( 'NONE',  ( -4.489423969059430419, 1.015000025287683849, -0.5547485066412560784 ) ) ;
#5672 = ORIENTED_EDGE ( 'NONE', *, *, #4564, .T. ) ;
#5673 = VERTEX_POINT ( 'NONE', #834 ) ;
#5674 = ADVANCED_FACE ( 'NONE', ( #3885 ), #4533, .T. ) ;
#5675 = LINE ( 'NONE', #4959, #5127 ) ;
#5676 = EDGE_CURVE ( 'NONE', #5765, #4133, #5682, .T. ) ;
#5677 = DIRECTION ( 'NONE',  ( 0.000000000000000000, -1.000000000000000000, 0.000000000000000000 ) ) ;
#5678 = LINE ( 'NONE', #5082, #1276 ) ;
#5679 = LINE ( 'NONE', #1949, #2162 ) ;
#5680 = CARTESIAN_POINT ( 'NONE',  ( 3.800253172977665184, 0.9593802744788190173, -0.4010106224652894569 ) ) ;
#5681 = ORIENTED_EDGE ( 'NONE', *, *, #7677, .F. ) ;
#5682 = LINE ( 'NONE', #2645, #5368 ) ;
#5683 = CARTESIAN_POINT ( 'NONE',  ( 6.349999999999999645, -2.939999999999999947, 0.000000000000000000 ) ) ;
#5684 = CARTESIAN_POINT ( 'NONE',  ( -6.078078660575719994, -1.993830230648075075, -1.660868661999999668E-13 ) ) ;
#5685 = LINE ( 'NONE', #5805, #6867 ) ;
#5686 = CARTESIAN_POINT ( 'NONE',  ( 6.349999999999999645, 1.639999999999999902, 5.989999999999999325 ) ) ;
#5687 = ORIENTED_EDGE ( 'NONE', *, *, #7094, .F. ) ;
#5688 = FACE_OUTER_BOUND ( 'NONE', #6904, .T. ) ;
#5689 = CARTESIAN_POINT ( 'NONE',  ( -6.088841390250549601, 1.989551964373734938, 0.0006366628811293999907 ) ) ;
#5690 = VERTEX_POINT ( 'NONE', #1477 ) ;
#5691 = DIRECTION ( 'NONE',  ( -1.000000000000000000, 0.000000000000000000, 0.000000000000000000 ) ) ;
#5692 = CARTESIAN_POINT ( 'NONE',  ( 0.3800000000000000044, -0.6350000000058929617, -6.919999999998279527 ) ) ;
#5693 = B_SPLINE_CURVE_WITH_KNOTS ( 'NONE', 3,
 ( #4907, #2991, #7339, #4871 ),
 .UNSPECIFIED., .F., .F.,
 ( 4, 4 ),
 ( 0.000000000000000000, 1.000000000000000000 ),
 .UNSPECIFIED. ) ;
#5694 = ORIENTED_EDGE ( 'NONE', *, *, #1676, .F. ) ;
#5695 = CARTESIAN_POINT ( 'NONE',  ( 0.9710995989701970421, 1.930000000000000160, 10.97280578029042175 ) ) ;
#5696 = ORIENTED_EDGE ( 'NONE', *, *, #1604, .F. ) ;
#5697 = CARTESIAN_POINT ( 'NONE',  ( 5.080000000432490559, 1.015000000432414229, -0.4617829352423660216 ) ) ;
#5698 = VERTEX_POINT ( 'NONE', #6316 ) ;
#5699 = CARTESIAN_POINT ( 'NONE',  ( -4.700000000000000178, 2.339999999999999858, 4.989999999999999325 ) ) ;
#5700 = CARTESIAN_POINT ( 'NONE',  ( 3.079999999999999627, 2.200000000000000178, 4.839999999999999858 ) ) ;
#5701 = VERTEX_POINT ( 'NONE', #871 ) ;
#5702 = PLANE ( 'NONE',  #2301 ) ;
#5703 = FACE_OUTER_BOUND ( 'NONE', #7682, .T. ) ;
#5704 = DIRECTION ( 'NONE',  ( 0.000000000000000000, 1.000000000000000000, 0.000000000000000000 ) ) ;
#5705 = EDGE_CURVE ( 'NONE', #1487, #6235, #3283, .T. ) ;
#5706 = VERTEX_POINT ( 'NONE', #4235 ) ;
#5707 = DIRECTION ( 'NONE',  ( 1.000000000000000000, 0.000000000000000000, 0.000000000000000000 ) ) ;
#5708 = VERTEX_POINT ( 'NONE', #7826 ) ;
#5709 = ORIENTED_EDGE ( 'NONE', *, *, #7438, .T. ) ;
#5710 = VECTOR ( 'NONE', #2202, 1000.000000000000000 ) ;
#5711 = VECTOR ( 'NONE', #1628, 1000.000000000000000 ) ;
#5712 = LINE ( 'NONE', #5008, #803 ) ;
#5713 = CARTESIAN_POINT ( 'NONE',  ( -0.3800000000000000044, -0.6350000000000000089, -0.6499999999999909184 ) ) ;
#5714 = CARTESIAN_POINT ( 'NONE',  ( 0.3800000551941598581, -0.9253596263850603076, -0.5737633024613447708 ) ) ;
#5715 = EDGE_CURVE ( 'NONE', #545, #3925, #5693, .T. ) ;
#5716 = DIRECTION ( 'NONE',  ( -1.000000000000000000, 0.000000000000000000, 0.000000000000000000 ) ) ;
#5717 = VECTOR ( 'NONE', #600, 1000.000000000000000 ) ;
#5718 = CARTESIAN_POINT ( 'NONE',  ( 2.545573272036519619, 1.469917643413368058, -0.1632049463834600034 ) ) ;
#5719 = VECTOR ( 'NONE', #1075, 1000.000000000000000 ) ;
#5720 = EDGE_CURVE ( 'NONE', #4305, #5088, #967, .T. ) ;
#5721 = EDGE_CURVE ( 'NONE', #7700, #7541, #3628, .T. ) ;
#5722 = VERTEX_POINT ( 'NONE', #51 ) ;
#5723 = CARTESIAN_POINT ( 'NONE',  ( 4.748132271899750734, -1.015006431538601817, -0.5906244694009969987 ) ) ;
#5724 = CARTESIAN_POINT ( 'NONE',  ( 4.850000000000000533, -2.939999999999999947, 2.449999999999999734 ) ) ;
#5725 = AXIS2_PLACEMENT_3D ( 'NONE', #1897, #3641, #6152 ) ;
#5726 = FACE_OUTER_BOUND ( 'NONE', #6109, .T. ) ;
#5727 = CARTESIAN_POINT ( 'NONE',  ( -2.281884830816556686, -1.524991516352764309, -0.1368337217884452173 ) ) ;
#5728 = AXIS2_PLACEMENT_3D ( 'NONE', #2954, #542, #2433 ) ;
#5729 = CARTESIAN_POINT ( 'NONE',  ( 3.966417758395584858, -1.191315950488709863, -0.3615750490690805008 ) ) ;
#5730 = LINE ( 'NONE', #2076, #2319 ) ;
#5731 = EDGE_CURVE ( 'NONE', #2891, #4172, #4269, .T. ) ;
#5732 = VECTOR ( 'NONE', #4884, 1000.000000000000000 ) ;
#5733 = ADVANCED_FACE ( 'NONE', ( #3593 ), #13, .T. ) ;
#5734 = ORIENTED_EDGE ( 'NONE', *, *, #6398, .F. ) ;
#5735 = VERTEX_POINT ( 'NONE', #1767 ) ;
#5736 = CARTESIAN_POINT ( 'NONE',  ( 1.930000000000000160, 1.930000000000000160, 10.52999999999999936 ) ) ;
#5737 = CARTESIAN_POINT ( 'NONE',  ( 1.519491846963365145, -1.930000000000000160, 10.98449536552962158 ) ) ;
#5738 = ORIENTED_EDGE ( 'NONE', *, *, #7228, .T. ) ;
#5739 = VECTOR ( 'NONE', #5059, 1000.000000000000114 ) ;
#5740 = CARTESIAN_POINT ( 'NONE',  ( -3.819999999999999840, 0.6350000000000000089, -11.99000000000000021 ) ) ;
#5741 = CARTESIAN_POINT ( 'NONE',  ( -0.9710995989701970421, -1.930000000000000160, 10.97280578029042175 ) ) ;
#5742 = ORIENTED_EDGE ( 'NONE', *, *, #3009, .T. ) ;
#5743 = DIRECTION ( 'NONE',  ( 0.000000000000000000, 0.000000000000000000, 1.000000000000000000 ) ) ;
#5744 = ORIENTED_EDGE ( 'NONE', *, *, #4696, .T. ) ;
#5745 = DIRECTION ( 'NONE',  ( 0.000000000000000000, 0.000000000000000000, 1.000000000000000000 ) ) ;
#5746 = VECTOR ( 'NONE', #2609, 1000.000000000000000 ) ;
#5747 = CARTESIAN_POINT ( 'NONE',  ( -2.636513552203345156, -1.495349530522238179, -0.1520729352305595083 ) ) ;
#5748 = CARTESIAN_POINT ( 'NONE',  ( 5.160912639045880823, 0.9316895441132230227, -0.4424793884329509819 ) ) ;
#5749 = ORIENTED_EDGE ( 'NONE', *, *, #7430, .T. ) ;
#5750 = CARTESIAN_POINT ( 'NONE',  ( 6.349999999999999645, 2.810000000000000053, 6.349999999999999645 ) ) ;
#5751 = DIRECTION ( 'NONE',  ( 0.000000000000000000, -1.000000000000000000, 0.000000000000000000 ) ) ;
#5752 = CARTESIAN_POINT ( 'NONE',  ( 0.09688469855156488231, 1.093832841281512591, -0.4879682583981339028 ) ) ;
#5753 = AXIS2_PLACEMENT_3D ( 'NONE', #2005, #6173, #128 ) ;
#5754 = CARTESIAN_POINT ( 'NONE',  ( -5.080000000000000071, 0.6350000000000000089, -0.6499999999999909184 ) ) ;
#5755 = ORIENTED_EDGE ( 'NONE', *, *, #3075, .T. ) ;
#5756 = ORIENTED_EDGE ( 'NONE', *, *, #2982, .F. ) ;
#5757 = EDGE_CURVE ( 'NONE', #5183, #3239, #6729, .T. ) ;
#5758 = CARTESIAN_POINT ( 'NONE',  ( -2.429456592247784652, 1.524851395895809869, -0.1369696371139751956 ) ) ;
#5759 = CIRCLE ( 'NONE', #3590, 0.7800000000000000266 ) ;
#5760 = CARTESIAN_POINT ( 'NONE',  ( 1.930000000000000160, -1.930000000000000160, 10.52999999999999936 ) ) ;
#5761 = FACE_OUTER_BOUND ( 'NONE', #3160, .T. ) ;
#5762 = VERTEX_POINT ( 'NONE', #4829 ) ;
#5763 = CARTESIAN_POINT ( 'NONE',  ( -4.850000000000000533, -3.140000000000000124, 2.449999999999999734 ) ) ;
#5764 = CARTESIAN_POINT ( 'NONE',  ( 3.390000329453574768, 1.346479408743999739, -0.2367392046034989816 ) ) ;
#5765 = VERTEX_POINT ( 'NONE', #2437 ) ;
#5766 = CARTESIAN_POINT ( 'NONE',  ( 5.080000000433329888, -1.015000000433226024, -0.4617829590879630186 ) ) ;
#5767 = CARTESIAN_POINT ( 'NONE',  ( 4.320000022605624324, -0.8290063468697671523, -0.5999829960999560896 ) ) ;
#5768 = LINE ( 'NONE', #3334, #2700 ) ;
#5769 = LINE ( 'NONE', #3980, #4060 ) ;
#5770 = EDGE_CURVE ( 'NONE', #1506, #7338, #3547, .T. ) ;
#5771 = CARTESIAN_POINT ( 'NONE',  ( 4.320000220854595341, -0.7329880695832610149, -0.5999781114527570347 ) ) ;
#5772 = CARTESIAN_POINT ( 'NONE',  ( 0.5014999999999999458, 3.318000000000000060, 1.350000000000000089 ) ) ;
#5773 = ORIENTED_EDGE ( 'NONE', *, *, #1985, .F. ) ;
#5774 = VERTEX_POINT ( 'NONE', #5986 ) ;
#5775 = CARTESIAN_POINT ( 'NONE',  ( 4.319995130475239975, 0.7330172474132209404, -0.5999765521764750531 ) ) ;
#5776 = EDGE_CURVE ( 'NONE', #7799, #5701, #2361, .T. ) ;
#5777 = CARTESIAN_POINT ( 'NONE',  ( -5.142037888440302851, -0.6786717058492559573, -0.5021934335222154600 ) ) ;
#5778 = EDGE_CURVE ( 'NONE', #1217, #6200, #1250, .T. ) ;
#5779 = ORIENTED_EDGE ( 'NONE', *, *, #4753, .F. ) ;
#5780 = CARTESIAN_POINT ( 'NONE',  ( -0.3799979123597544972, -0.7329615389980950191, -0.5999615025111210143 ) ) ;
#5781 = DIRECTION ( 'NONE',  ( 1.000000000000000000, 0.000000000000000000, 0.000000000000000000 ) ) ;
#5782 = ORIENTED_EDGE ( 'NONE', *, *, #7330, .T. ) ;
#5783 = CARTESIAN_POINT ( 'NONE',  ( -2.600000000000000089, 2.929999999999999716, 3.500000000000000000 ) ) ;
#5784 = ORIENTED_EDGE ( 'NONE', *, *, #3477, .F. ) ;
#5785 = CARTESIAN_POINT ( 'NONE',  ( -4.503759605489039863, -1.015000031831640115, -0.5571363667904690731 ) ) ;
#5786 = CARTESIAN_POINT ( 'NONE',  ( 4.955037903856799986, 1.123559341997446115, -0.4280741244839985082 ) ) ;
#5787 = VERTEX_POINT ( 'NONE', #5394 ) ;
#5788 = CARTESIAN_POINT ( 'NONE',  ( -4.850000000000000533, -3.140000000000000124, 2.750000000000000000 ) ) ;
#5789 = CARTESIAN_POINT ( 'NONE',  ( 4.744056047353969241, 1.023406454929274068, -0.5806724924718190683 ) ) ;
#5790 = CARTESIAN_POINT ( 'NONE',  ( -6.349999999999999645, -3.299999999999999822, 1.350000000000000089 ) ) ;
#5791 = DIRECTION ( 'NONE',  ( 0.000000000000000000, -1.000000000000000000, 0.000000000000000000 ) ) ;
#5792 = ORIENTED_EDGE ( 'NONE', *, *, #6650, .F. ) ;
#5793 = ORIENTED_EDGE ( 'NONE', *, *, #5799, .F. ) ;
#5794 = CARTESIAN_POINT ( 'NONE',  ( -3.969080181381114958, 0.9358162607664529675, -0.4467803327016320325 ) ) ;
#5795 = DIRECTION ( 'NONE',  ( 0.000000000000000000, 0.000000000000000000, -1.000000000000000000 ) ) ;
#5796 = CARTESIAN_POINT ( 'NONE',  ( -6.080000000000000071, 2.014999999999999680, 6.579920799999999695E-15 ) ) ;
#5797 = CARTESIAN_POINT ( 'NONE',  ( 6.349999999999999645, 3.299999999999999822, 6.709999999999999964 ) ) ;
#5798 = DIRECTION ( 'NONE',  ( -0.5023269556814750070, 0.000000000000000000, -0.8646777605534800015 ) ) ;
#5799 = EDGE_CURVE ( 'NONE', #665, #6040, #7224, .T. ) ;
#5800 = CARTESIAN_POINT ( 'NONE',  ( 0.8346603234352729661, 1.031884569614261782, -0.4116152010902019986 ) ) ;
#5801 = ORIENTED_EDGE ( 'NONE', *, *, #6295, .T. ) ;
#5802 = CARTESIAN_POINT ( 'NONE',  ( 5.080215213664875051, 0.9475333245008721317, -0.4961729004717706504 ) ) ;
#5803 = LINE ( 'NONE', #2850, #3065 ) ;
#5804 = DIRECTION ( 'NONE',  ( 0.000000000000000000, 0.2747211278973789583, -0.9615239476408228292 ) ) ;
#5805 = CARTESIAN_POINT ( 'NONE',  ( 8.429999999999999716, -1.614999999999999991, 5.989999999999999325 ) ) ;
#5806 = CARTESIAN_POINT ( 'NONE',  ( 4.625308297726370199, -1.012835775281320183, -0.5817907344947660375 ) ) ;
#5807 = CYLINDRICAL_SURFACE ( 'NONE', #7124, 0.6099999999999994316 ) ;
#5808 = ADVANCED_FACE ( 'NONE', ( #1290 ), #7790, .T. ) ;
#5809 = ORIENTED_EDGE ( 'NONE', *, *, #2840, .T. ) ;
#5810 = LINE ( 'NONE', #1484, #15 ) ;
#5811 = CARTESIAN_POINT ( 'NONE',  ( 4.850000000000000533, -2.939999999999999947, 3.449999999999999734 ) ) ;
#5812 = VERTEX_POINT ( 'NONE', #546 ) ;
#5813 = LINE ( 'NONE', #1527, #5331 ) ;
#5814 = ADVANCED_FACE ( 'NONE', ( #652 ), #6616, .F. ) ;
#5815 = CARTESIAN_POINT ( 'NONE',  ( 6.080000764960179716, -1.977389356077134730, 1.722424038000000011E-08 ) ) ;
#5816 = ORIENTED_EDGE ( 'NONE', *, *, #6096, .T. ) ;
#5817 = CARTESIAN_POINT ( 'NONE',  ( -1.467349297390000196, -1.930000000000000160, 10.78778237296842057 ) ) ;
#5818 = EDGE_CURVE ( 'NONE', #3149, #1482, #6136, .T. ) ;
#5819 = VERTEX_POINT ( 'NONE', #4762 ) ;
#5820 = CARTESIAN_POINT ( 'NONE',  ( -4.403817691811060087, -1.015000025581944021, -0.5393697075128850438 ) ) ;
#5821 = ADVANCED_FACE ( 'NONE', ( #7189 ), #1735, .F. ) ;
#5822 = CARTESIAN_POINT ( 'NONE',  ( 4.940698174450258939, 0.9383343477097970675, -0.5978771623788190492 ) ) ;
#5823 = VERTEX_POINT ( 'NONE', #172 ) ;
#5824 = DIRECTION ( 'NONE',  ( -0.000000000000000000, 1.000000000000000000, 0.000000000000000000 ) ) ;
#5825 = CARTESIAN_POINT ( 'NONE',  ( 9.039999999999999147, -0.6350000000142500545, -11.98999999999620059 ) ) ;
#5826 = DIRECTION ( 'NONE',  ( 0.000000000000000000, 1.000000000000000000, 0.000000000000000000 ) ) ;
#5827 = EDGE_CURVE ( 'NONE', #284, #6441, #6762, .T. ) ;
#5828 = LINE ( 'NONE', #4678, #398 ) ;
#5829 = VERTEX_POINT ( 'NONE', #5697 ) ;
#5830 = ORIENTED_EDGE ( 'NONE', *, *, #3478, .T. ) ;
#5831 = CARTESIAN_POINT ( 'NONE',  ( -1.191258231448164118, 1.208474210083295919, -0.2946904638449445168 ) ) ;
#5832 = CARTESIAN_POINT ( 'NONE',  ( -4.463000000000000078, 0.6985000000007109966, -11.99000000000000021 ) ) ;
#5833 = DIRECTION ( 'NONE',  ( 1.000000000000000000, 0.000000000000000000, 0.000000000000000000 ) ) ;
#5834 = CARTESIAN_POINT ( 'NONE',  ( 9.039999999999999147, 0.6350000000045720183, -11.23000000000381959 ) ) ;
#5835 = CARTESIAN_POINT ( 'NONE',  ( 6.061112738655639376, -2.017307101690200000, 0.0002362771342266000102 ) ) ;
#5836 = CARTESIAN_POINT ( 'NONE',  ( 1.814538562933220023, 1.233875109726024100, -0.2224423820151589792 ) ) ;
#5837 = ORIENTED_EDGE ( 'NONE', *, *, #2988, .F. ) ;
#5838 = VECTOR ( 'NONE', #821, 1000.000000000000000 ) ;
#5839 = DIRECTION ( 'NONE',  ( 0.000000000000000000, 0.000000000000000000, -1.000000000000000000 ) ) ;
#5840 = CARTESIAN_POINT ( 'NONE',  ( 0.7139030315564609541, 1.930000000000000160, 11.03664092508229899 ) ) ;
#5841 = DIRECTION ( 'NONE',  ( -0.3939999999999998503, 0.000000000000000000, -0.9191104395011516770 ) ) ;
#5842 = B_SPLINE_CURVE_WITH_KNOTS ( 'NONE', 3,
 ( #4055, #3895, #1004, #881 ),
 .UNSPECIFIED., .F., .F.,
 ( 4, 4 ),
 ( 0.000000000000000000, 1.000000000000000000 ),
 .UNSPECIFIED. ) ;
#5843 = EDGE_CURVE ( 'NONE', #6222, #6713, #1329, .T. ) ;
#5844 = VECTOR ( 'NONE', #2010, 1000.000000000000000 ) ;
#5845 = CARTESIAN_POINT ( 'NONE',  ( 4.606830510169399595, -0.7787511334452910106, -0.7115255848728579968 ) ) ;
#5846 = AXIS2_PLACEMENT_3D ( 'NONE', #2021, #3280, #7401 ) ;
#5847 = FACE_OUTER_BOUND ( 'NONE', #1893, .T. ) ;
#5848 = ORIENTED_EDGE ( 'NONE', *, *, #4695, .F. ) ;
#5849 = CARTESIAN_POINT ( 'NONE',  ( 0.7249999999999999778, -3.140000000000000124, 3.504999999999999893 ) ) ;
#5850 = CONICAL_SURFACE ( 'NONE', #1537, 25.39999999999999858, 0.7853981625000003852 ) ;
#5851 = CIRCLE ( 'NONE', #390, 1.199999999999999956 ) ;
#5852 = CARTESIAN_POINT ( 'NONE',  ( -5.080000000392610460, 1.015000000392536128, -0.4618021503207510037 ) ) ;
#5853 = ORIENTED_EDGE ( 'NONE', *, *, #7436, .T. ) ;
#5854 = DIRECTION ( 'NONE',  ( 1.000000000000000000, 0.000000000000000000, 0.000000000000000000 ) ) ;
#5855 = VECTOR ( 'NONE', #3155, 1000.000000000000000 ) ;
#5856 = AXIS2_PLACEMENT_3D ( 'NONE', #3147, #3785, #7507 ) ;
#5857 = LINE ( 'NONE', #329, #2924 ) ;
#5858 = VECTOR ( 'NONE', #2446, 1000.000000000000000 ) ;
#5859 = ORIENTED_EDGE ( 'NONE', *, *, #7582, .T. ) ;
#5860 = LINE ( 'NONE', #7620, #7400 ) ;
#5861 = ORIENTED_EDGE ( 'NONE', *, *, #3009, .F. ) ;
#5862 = CARTESIAN_POINT ( 'NONE',  ( -4.333794104371849976, -1.015000010651417872, -0.5259522234957609843 ) ) ;
#5863 = VECTOR ( 'NONE', #7748, 1000.000000000000000 ) ;
#5864 = VECTOR ( 'NONE', #3183, 1000.000000000000000 ) ;
#5865 = ORIENTED_EDGE ( 'NONE', *, *, #841, .T. ) ;
#5866 = CARTESIAN_POINT ( 'NONE',  ( 0.1007529138990524015, -0.8556712501327159437, -0.6791820435895840058 ) ) ;
#5867 = ADVANCED_FACE ( 'NONE', ( #2552 ), #6775, .F. ) ;
#5868 = CARTESIAN_POINT ( 'NONE',  ( -0.7800000000000000266, 2.939999999999999947, 1.350000000000000089 ) ) ;
#5869 = DIRECTION ( 'NONE',  ( -0.5023269556814750070, 0.000000000000000000, 0.8646777605534800015 ) ) ;
#5870 = LINE ( 'NONE', #5754, #3309 ) ;
#5871 = AXIS2_PLACEMENT_3D ( 'NONE', #4743, #1720, #6637 ) ;
#5872 = ORIENTED_EDGE ( 'NONE', *, *, #761, .T. ) ;
#5873 = ORIENTED_EDGE ( 'NONE', *, *, #6839, .F. ) ;
#5874 = CARTESIAN_POINT ( 'NONE',  ( -1.747135723546635155, 1.381625461319269998, -0.2036298620411125249 ) ) ;
#5875 = CARTESIAN_POINT ( 'NONE',  ( -6.167582176312579989, -2.834999999999999964, 6.325997159067980213 ) ) ;
#5876 = CARTESIAN_POINT ( 'NONE',  ( 2.550000000000000266, 3.299999999999999822, 3.899999999999999911 ) ) ;
#5877 = EDGE_CURVE ( 'NONE', #1691, #7313, #5031, .T. ) ;
#5878 = VECTOR ( 'NONE', #6320, 1000.000000000000000 ) ;
#5879 = VERTEX_POINT ( 'NONE', #2669 ) ;
#5880 = LINE ( 'NONE', #3367, #1273 ) ;
#5881 = CARTESIAN_POINT ( 'NONE',  ( 2.042975206965164769, 1.343582882592792016, -0.1985489204556954990 ) ) ;
#5882 = ORIENTED_EDGE ( 'NONE', *, *, #5240, .F. ) ;
#5883 =( BOUNDED_CURVE ( )  B_SPLINE_CURVE ( 3, ( #7625, #949, #6217, #338 ),
 .UNSPECIFIED., .F., .F. ) 
 B_SPLINE_CURVE_WITH_KNOTS ( ( 4, 4 ),
 ( 5.043090420786810135, 5.587353134958020107 ),
 .UNSPECIFIED. ) 
 CURVE ( )  GEOMETRIC_REPRESENTATION_ITEM ( )  RATIONAL_B_SPLINE_CURVE ( ( 1.000000000000000000, 0.9754668052045012416, 0.9754668052045012416, 1.000000000000000000 ) ) 
 REPRESENTATION_ITEM ( '' )  );
#5884 = AXIS2_PLACEMENT_3D ( 'NONE', #3720, #5405, #625 ) ;
#5885 = CARTESIAN_POINT ( 'NONE',  ( 6.075434093228800236, -1.999999998423070080, -4.410102940000000122E-11 ) ) ;
#5886 = CARTESIAN_POINT ( 'NONE',  ( 5.017500000000000071, 3.318000000000000060, 3.899999999999999911 ) ) ;
#5887 = CARTESIAN_POINT ( 'NONE',  ( -5.351612317879210323, -1.516113881218575044, -0.1237914416078839952 ) ) ;
#5888 = CARTESIAN_POINT ( 'NONE',  ( 3.370504192758855044, -1.106121749985552016, -0.2892061826460919916 ) ) ;
#5889 = DIRECTION ( 'NONE',  ( 0.000000000000000000, -1.000000000000000000, 0.000000000000000000 ) ) ;
#5890 = AXIS2_PLACEMENT_3D ( 'NONE', #5886, #7804, #5324 ) ;
#5891 = ORIENTED_EDGE ( 'NONE', *, *, #7243, .T. ) ;
#5892 = CARTESIAN_POINT ( 'NONE',  ( -1.522098974442040120, 2.122999999999999776, 10.99433101515766076 ) ) ;
#5893 = CARTESIAN_POINT ( 'NONE',  ( -2.612235903986094954, -1.278970112518082125, -0.2004682972165280075 ) ) ;
#5894 = FACE_OUTER_BOUND ( 'NONE', #3304, .T. ) ;
#5895 = ORIENTED_EDGE ( 'NONE', *, *, #6984, .T. ) ;
#5896 = CARTESIAN_POINT ( 'NONE',  ( -4.899999999999999467, 3.299999999999999822, 3.899999999999999911 ) ) ;
#5897 = CARTESIAN_POINT ( 'NONE',  ( 4.572408820585180500, 0.7129413511750760657, -0.7125527508735889359 ) ) ;
#5898 = ORIENTED_EDGE ( 'NONE', *, *, #4893, .T. ) ;
#5899 = EDGE_CURVE ( 'NONE', #5701, #1696, #3262, .T. ) ;
#5900 = CARTESIAN_POINT ( 'NONE',  ( 0.7800000000000000266, 2.939999999999999947, 3.409999999999999698 ) ) ;
#5901 = EDGE_LOOP ( 'NONE', ( #3611, #2495, #4181, #1589, #7744, #804, #7100, #1262, #5859, #2899, #5022, #2216, #239, #3995, #1426, #6956 ) ) ;
#5902 = CARTESIAN_POINT ( 'NONE',  ( 5.014833046263989402, 0.7537211737334800210, -0.6608625072571280290 ) ) ;
#5903 = ORIENTED_EDGE ( 'NONE', *, *, #335, .F. ) ;
#5904 = CARTESIAN_POINT ( 'NONE',  ( 0.2412869204833094916, -0.8270976643915080029, -0.6405892414852240035 ) ) ;
#5905 = CARTESIAN_POINT ( 'NONE',  ( 4.725607552387860011, 1.060719493731294039, -0.5326649810831469711 ) ) ;
#5906 = CARTESIAN_POINT ( 'NONE',  ( -6.177790047739569523, 2.175127287494814876, -1.296316746232619943 ) ) ;
#5907 = EDGE_CURVE ( 'NONE', #6400, #3993, #3104, .T. ) ;
#5908 = FACE_OUTER_BOUND ( 'NONE', #7041, .T. ) ;
#5909 = VERTEX_POINT ( 'NONE', #3225 ) ;
#5910 = EDGE_LOOP ( 'NONE', ( #5738, #7663, #5436, #52 ) ) ;
#5911 = ADVANCED_FACE ( 'NONE', ( #6815 ), #3865, .F. ) ;
#5912 = CARTESIAN_POINT ( 'NONE',  ( -1.764800365271715021, 1.304320448120360076, -0.2200712448193429815 ) ) ;
#5913 = CARTESIAN_POINT ( 'NONE',  ( -3.550000000000000266, 2.000000000000000000, 6.709999999999999964 ) ) ;
#5914 = DIRECTION ( 'NONE',  ( 1.000000000000000000, 0.000000000000000000, 0.000000000000000000 ) ) ;
#5915 = CARTESIAN_POINT ( 'NONE',  ( 5.750000000000000000, -2.339999999999999858, 0.5999999999999878764 ) ) ;
#5916 = LINE ( 'NONE', #3444, #116 ) ;
#5917 = EDGE_CURVE ( 'NONE', #1487, #6468, #3186, .T. ) ;
#5918 = CARTESIAN_POINT ( 'NONE',  ( 1.561070127454160072, 1.253886954707511991, -0.2501630401904705314 ) ) ;
#5919 = ORIENTED_EDGE ( 'NONE', *, *, #5715, .F. ) ;
#5920 = ORIENTED_EDGE ( 'NONE', *, *, #6483, .T. ) ;
#5921 = ORIENTED_EDGE ( 'NONE', *, *, #4405, .F. ) ;
#5922 = EDGE_CURVE ( 'NONE', #5932, #5068, #5625, .T. ) ;
#5923 = CARTESIAN_POINT ( 'NONE',  ( -5.080000000000000071, -0.8413954606118153601, -0.5539340655629598764 ) ) ;
#5924 = FACE_OUTER_BOUND ( 'NONE', #1642, .T. ) ;
#5925 = CARTESIAN_POINT ( 'NONE',  ( -4.840646456516329188, -1.034793780338373992, -0.5456914145338350730 ) ) ;
#5926 = CARTESIAN_POINT ( 'NONE',  ( 0.8800000000000109956, -0.6350000000000000089, -7.419999999998291074 ) ) ;
#5927 = CARTESIAN_POINT ( 'NONE',  ( 7.049917319999999676E-16, -2.922000000000000153, 3.409999999999999698 ) ) ;
#5928 = ORIENTED_EDGE ( 'NONE', *, *, #6998, .F. ) ;
#5929 = LINE ( 'NONE', #5963, #3968 ) ;
#5930 = CARTESIAN_POINT ( 'NONE',  ( -3.481536180920874912, -1.323884453511600112, -0.2522733627816279856 ) ) ;
#5931 = CARTESIAN_POINT ( 'NONE',  ( -0.7249999999999999778, -2.939999999999999947, 2.429999999999999716 ) ) ;
#5932 = VERTEX_POINT ( 'NONE', #209 ) ;
#5933 = CARTESIAN_POINT ( 'NONE',  ( -1.249001057999999950E-15, 2.186304999999999738E-16, 5.989999999999999325 ) ) ;
#5934 = ORIENTED_EDGE ( 'NONE', *, *, #677, .F. ) ;
#5935 = CARTESIAN_POINT ( 'NONE',  ( 5.080000000000000071, -0.6350000000000000089, -3.109999999999999876 ) ) ;
#5936 = ORIENTED_EDGE ( 'NONE', *, *, #3766, .T. ) ;
#5937 = CARTESIAN_POINT ( 'NONE',  ( 0.000000000000000000, 0.000000000000000000, 0.000000000000000000 ) ) ;
#5938 = ORIENTED_EDGE ( 'NONE', *, *, #1383, .F. ) ;
#5939 = DIRECTION ( 'NONE',  ( 1.000000000000000000, 0.000000000000000000, 0.000000000000000000 ) ) ;
#5940 = EDGE_CURVE ( 'NONE', #2884, #251, #3308, .T. ) ;
#5941 = CARTESIAN_POINT ( 'NONE',  ( 5.080084688451925068, -0.8140274975016191794, -0.5529926279566941272 ) ) ;
#5942 = CARTESIAN_POINT ( 'NONE',  ( 0.7139030315564609541, -1.930000000000000160, 11.03664092508229899 ) ) ;
#5943 = FACE_OUTER_BOUND ( 'NONE', #3650, .T. ) ;
#5944 = ORIENTED_EDGE ( 'NONE', *, *, #5050, .T. ) ;
#5945 = PLANE ( 'NONE',  #5994 ) ;
#5946 = EDGE_LOOP ( 'NONE', ( #7355, #6287, #1025, #2201 ) ) ;
#5947 = CARTESIAN_POINT ( 'NONE',  ( 6.079681232570039562, 1.986278140489725175, -4.481238180000000199E-13 ) ) ;
#5948 = LINE ( 'NONE', #7637, #5863 ) ;
#5949 = DIRECTION ( 'NONE',  ( 0.000000000000000000, -0.2747211278973789583, -0.9615239476408228292 ) ) ;
#5950 = EDGE_CURVE ( 'NONE', #4967, #391, #2561, .T. ) ;
#5951 = FACE_OUTER_BOUND ( 'NONE', #5257, .T. ) ;
#5952 = DIRECTION ( 'NONE',  ( 0.000000000000000000, 1.000000000000000000, 0.000000000000000000 ) ) ;
#5953 = CARTESIAN_POINT ( 'NONE',  ( 0.3414301201633624938, 1.083569113597951938, -0.4833481024554560079 ) ) ;
#5954 = VERTEX_POINT ( 'NONE', #5112 ) ;
#5955 = ORIENTED_EDGE ( 'NONE', *, *, #6450, .F. ) ;
#5956 = ORIENTED_EDGE ( 'NONE', *, *, #4618, .F. ) ;
#5957 = CARTESIAN_POINT ( 'NONE',  ( -3.550000000000000266, -2.000000000000000000, 6.349999999999999645 ) ) ;
#5958 = LINE ( 'NONE', #3450, #3466 ) ;
#5959 = CARTESIAN_POINT ( 'NONE',  ( -5.064715350227269930, -0.6460796005933330255, -0.6242419196704079853 ) ) ;
#5960 = CARTESIAN_POINT ( 'NONE',  ( 0.3800000437692079847, -0.7329595787953609998, -0.5999774383956830714 ) ) ;
#5961 = EDGE_CURVE ( 'NONE', #3399, #3428, #1892, .T. ) ;
#5962 = ORIENTED_EDGE ( 'NONE', *, *, #7331, .F. ) ;
#5963 = CARTESIAN_POINT ( 'NONE',  ( -0.7249999999999999778, 3.140000000000000124, 2.429999999999999716 ) ) ;
#5964 = AXIS2_PLACEMENT_3D ( 'NONE', #5107, #7027, #6936 ) ;
#5965 = CARTESIAN_POINT ( 'NONE',  ( -2.632621706787890314, -1.464048097502341994, -0.1664032198392245143 ) ) ;
#5966 = AXIS2_PLACEMENT_3D ( 'NONE', #2972, #67, #4851 ) ;
#5967 = CARTESIAN_POINT ( 'NONE',  ( 2.550000000000000266, -3.299999999999999822, 2.449999999999999734 ) ) ;
#5968 = EDGE_CURVE ( 'NONE', #1490, #5909, #7032, .T. ) ;
#5969 = ORIENTED_EDGE ( 'NONE', *, *, #1011, .F. ) ;
#5970 = EDGE_CURVE ( 'NONE', #6090, #4178, #946, .T. ) ;
#5971 = DIRECTION ( 'NONE',  ( 1.000000000000000000, 0.000000000000000000, 0.000000000000000000 ) ) ;
#5972 = AXIS2_PLACEMENT_3D ( 'NONE', #3251, #875, #2734 ) ;
#5973 = ORIENTED_EDGE ( 'NONE', *, *, #614, .F. ) ;
#5974 = LINE ( 'NONE', #6530, #6114 ) ;
#5975 = VECTOR ( 'NONE', #5826, 1000.000000000000000 ) ;
#5976 = VECTOR ( 'NONE', #6179, 1000.000000000000000 ) ;
#5977 = ORIENTED_EDGE ( 'NONE', *, *, #6952, .T. ) ;
#5978 = AXIS2_PLACEMENT_3D ( 'NONE', #1652, #7106, #7671 ) ;
#5979 = DIRECTION ( 'NONE',  ( 0.000000000000000000, 0.000000000000000000, -1.000000000000000000 ) ) ;
#5980 = VECTOR ( 'NONE', #5350, 1000.000000000000000 ) ;
#5981 = CARTESIAN_POINT ( 'NONE',  ( 9.039999999999999147, 0.6350000000000000089, -11.99000000000000021 ) ) ;
#5982 = CARTESIAN_POINT ( 'NONE',  ( -1.467349297390000196, -1.930000000000000160, 10.78778237296842057 ) ) ;
#5983 = FACE_OUTER_BOUND ( 'NONE', #360, .T. ) ;
#5984 = AXIS2_PLACEMENT_3D ( 'NONE', #1264, #6036, #7317 ) ;
#5985 = VERTEX_POINT ( 'NONE', #1535 ) ;
#5986 = CARTESIAN_POINT ( 'NONE',  ( 0.8800000000000109956, 0.6350000000000000089, -8.179999999999999716 ) ) ;
#5987 = ORIENTED_EDGE ( 'NONE', *, *, #3654, .T. ) ;
#5988 = VECTOR ( 'NONE', #2956, 1000.000000000000000 ) ;
#5989 = CARTESIAN_POINT ( 'NONE',  ( 6.075434093228800236, -1.999999998423070080, -4.410102940000000122E-11 ) ) ;
#5990 = CARTESIAN_POINT ( 'NONE',  ( -5.750000000000000000, -2.339999999999999858, 5.190000000000000391 ) ) ;
#5991 = LINE ( 'NONE', #2917, #2920 ) ;
#5992 = DIRECTION ( 'NONE',  ( 0.000000000000000000, -1.000000000000000000, 0.000000000000000000 ) ) ;
#5993 = LINE ( 'NONE', #553, #4096 ) ;
#5994 = AXIS2_PLACEMENT_3D ( 'NONE', #7525, #2730, #3370 ) ;
#5995 = DIRECTION ( 'NONE',  ( -1.000000000000000000, 0.000000000000000000, 0.000000000000000000 ) ) ;
#5996 = ORIENTED_EDGE ( 'NONE', *, *, #6233, .F. ) ;
#5997 = ORIENTED_EDGE ( 'NONE', *, *, #5899, .T. ) ;
#5998 = ORIENTED_EDGE ( 'NONE', *, *, #3970, .T. ) ;
#5999 = EDGE_CURVE ( 'NONE', #3261, #6033, #4595, .T. ) ;
#6000 = DIRECTION ( 'NONE',  ( -1.738460999999999674E-15, -3.138417509999999558E-07, -0.9999999999999508171 ) ) ;
#6001 = AXIS2_PLACEMENT_3D ( 'NONE', #7605, #962, #3975 ) ;
#6002 = CARTESIAN_POINT ( 'NONE',  ( -0.4526139057434789836, -1.930000000000000160, 11.08083360243817950 ) ) ;
#6003 = DIRECTION ( 'NONE',  ( 0.2562207112933958530, 0.000000000000000000, 0.9666183047637294523 ) ) ;
#6004 = CARTESIAN_POINT ( 'NONE',  ( -5.080099484365775631, 0.8446820113250020912, -0.5414619489619371118 ) ) ;
#6005 = VECTOR ( 'NONE', #6903, 1000.000000000000000 ) ;
#6006 = ORIENTED_EDGE ( 'NONE', *, *, #6892, .T. ) ;
#6007 = DIRECTION ( 'NONE',  ( 0.000000000000000000, -1.000000000000000000, 0.000000000000000000 ) ) ;
#6008 = EDGE_CURVE ( 'NONE', #2761, #4153, #3996, .T. ) ;
#6009 = DIRECTION ( 'NONE',  ( -0.7071067811865474617, -1.914050515305884082E-12, -0.7071067811865476838 ) ) ;
#6010 = CARTESIAN_POINT ( 'NONE',  ( -1.236254173751171859, 1.078418511178449890, -0.3039112047307565012 ) ) ;
#6011 = AXIS2_PLACEMENT_3D ( 'NONE', #4846, #6071, #4774 ) ;
#6012 = ORIENTED_EDGE ( 'NONE', *, *, #3031, .T. ) ;
#6013 = DIRECTION ( 'NONE',  ( 0.000000000000000000, 1.000000000000000000, 0.000000000000000000 ) ) ;
#6014 = ORIENTED_EDGE ( 'NONE', *, *, #332, .T. ) ;
#6015 = CARTESIAN_POINT ( 'NONE',  ( -4.320000000000000284, -1.014999960207120022, -0.5232071289427039362 ) ) ;
#6016 = B_SPLINE_CURVE_WITH_KNOTS ( 'NONE', 3,
 ( #6464, #7229, #3597, #4157 ),
 .UNSPECIFIED., .F., .F.,
 ( 4, 4 ),
 ( 0.000000000000000000, 1.000000000000000000 ),
 .UNSPECIFIED. ) ;
#6017 = EDGE_CURVE ( 'NONE', #6477, #7340, #6421, .T. ) ;
#6018 = ORIENTED_EDGE ( 'NONE', *, *, #6799, .F. ) ;
#6019 = CARTESIAN_POINT ( 'NONE',  ( 1.303624320988536089, -1.138348068414319902, -0.3005025972252265420 ) ) ;
#6020 = DIRECTION ( 'NONE',  ( 1.000000000000000000, 0.000000000000000000, 0.000000000000000000 ) ) ;
#6021 = LINE ( 'NONE', #5389, #2915 ) ;
#6022 = CARTESIAN_POINT ( 'NONE',  ( -4.320000000000000284, 0.6349999999792990124, -10.73000000000381959 ) ) ;
#6023 = ORIENTED_EDGE ( 'NONE', *, *, #1880, .F. ) ;
#6024 = CARTESIAN_POINT ( 'NONE',  ( 8.455000000000000071, 2.810000000000000053, 5.989999999999999325 ) ) ;
#6025 = VERTEX_POINT ( 'NONE', #5226 ) ;
#6026 = CARTESIAN_POINT ( 'NONE',  ( -4.636782285043119067, 0.8444462040579100437, -0.6967776603492579213 ) ) ;
#6027 = CARTESIAN_POINT ( 'NONE',  ( -5.017500000000000071, -2.922000000000000153, 2.449999999999999734 ) ) ;
#6028 = DIRECTION ( 'NONE',  ( 0.000000000000000000, 0.000000000000000000, -1.000000000000000000 ) ) ;
#6029 = CARTESIAN_POINT ( 'NONE',  ( 0.8800000000000109956, -0.8250000000086890051, -6.919999999997769713 ) ) ;
#6030 = DIRECTION ( 'NONE',  ( 0.000000000000000000, 1.000000000000000000, 0.000000000000000000 ) ) ;
#6031 = CARTESIAN_POINT ( 'NONE',  ( -2.550000000000000266, -3.299999999999999822, 3.899999999999999911 ) ) ;
#6032 = ORIENTED_EDGE ( 'NONE', *, *, #1454, .T. ) ;
#6033 = VERTEX_POINT ( 'NONE', #6452 ) ;
#6034 = ORIENTED_EDGE ( 'NONE', *, *, #6295, .F. ) ;
#6035 = CARTESIAN_POINT ( 'NONE',  ( -6.349999999999999645, -2.739999999999999769, 6.349999999999999645 ) ) ;
#6036 = DIRECTION ( 'NONE',  ( 0.000000000000000000, -1.000000000000000000, 0.000000000000000000 ) ) ;
#6037 = CARTESIAN_POINT ( 'NONE',  ( -5.973950054637359841, -1.965574258277685171, -0.003360997626352999965 ) ) ;
#6038 = CARTESIAN_POINT ( 'NONE',  ( -5.080003249868339843, 0.8701987330046204727, -0.5313143573443834811 ) ) ;
#6039 = ADVANCED_FACE ( 'NONE', ( #3950 ), #3425, .T. ) ;
#6040 = VERTEX_POINT ( 'NONE', #2713 ) ;
#6041 = CARTESIAN_POINT ( 'NONE',  ( -1.222729189295125973, 1.930000000000000160, 10.88969411280078070 ) ) ;
#6042 = CARTESIAN_POINT ( 'NONE',  ( -0.4532424868077269409, -1.037649234149323973, -0.4926819053021389561 ) ) ;
#6043 = DIRECTION ( 'NONE',  ( 0.000000000000000000, 0.000000000000000000, 1.000000000000000000 ) ) ;
#6044 = ORIENTED_EDGE ( 'NONE', *, *, #4166, .T. ) ;
#6045 = EDGE_CURVE ( 'NONE', #5698, #5051, #3353, .T. ) ;
#6046 = EDGE_LOOP ( 'NONE', ( #2990, #3066, #1353, #5920, #1679, #1989, #5865, #2000 ) ) ;
#6047 = LINE ( 'NONE', #5452, #5229 ) ;
#6048 = CARTESIAN_POINT ( 'NONE',  ( -0.7849999999999992539, 6.349999999999997868, 6.505213034913026604E-16 ) ) ;
#6049 = EDGE_CURVE ( 'NONE', #1135, #4908, #5730, .T. ) ;
#6050 = ORIENTED_EDGE ( 'NONE', *, *, #6934, .T. ) ;
#6051 = CARTESIAN_POINT ( 'NONE',  ( 2.341198553082049827, -1.485776853820587773, -0.1547957346964050074 ) ) ;
#6052 = LINE ( 'NONE', #5422, #4307 ) ;
#6053 = LINE ( 'NONE', #7742, #910 ) ;
#6054 = EDGE_CURVE ( 'NONE', #1464, #7700, #802, .T. ) ;
#6055 = ADVANCED_FACE ( 'NONE', ( #4539 ), #280, .T. ) ;
#6056 = DIRECTION ( 'NONE',  ( 1.000000000000000000, 0.000000000000000000, 0.000000000000000000 ) ) ;
#6057 = ORIENTED_EDGE ( 'NONE', *, *, #4262, .F. ) ;
#6058 = CARTESIAN_POINT ( 'NONE',  ( -6.075434093160089866, 1.999999998400820100, -4.471741119999999362E-11 ) ) ;
#6059 = EDGE_LOOP ( 'NONE', ( #1466, #6418, #3964, #3435 ) ) ;
#6060 = CARTESIAN_POINT ( 'NONE',  ( 6.079681217192829834, -1.986278358209990103, 7.927667659999999333E-15 ) ) ;
#6061 = FACE_OUTER_BOUND ( 'NONE', #24, .T. ) ;
#6062 = DIRECTION ( 'NONE',  ( 1.000000000000000000, 0.000000000000000000, 0.000000000000000000 ) ) ;
#6063 = EDGE_CURVE ( 'NONE', #5787, #744, #7485, .T. ) ;
#6064 = CARTESIAN_POINT ( 'NONE',  ( -6.349999999999999645, 2.939999999999999947, 5.989999999999999325 ) ) ;
#6065 = LINE ( 'NONE', #620, #2944 ) ;
#6066 = EDGE_CURVE ( 'NONE', #5088, #7278, #3168, .T. ) ;
#6067 = FACE_OUTER_BOUND ( 'NONE', #2768, .T. ) ;
#6068 = VERTEX_POINT ( 'NONE', #6841 ) ;
#6069 = ORIENTED_EDGE ( 'NONE', *, *, #5432, .F. ) ;
#6070 = VERTEX_POINT ( 'NONE', #198 ) ;
#6071 = DIRECTION ( 'NONE',  ( 0.000000000000000000, 1.000000000000000000, 0.000000000000000000 ) ) ;
#6072 = DIRECTION ( 'NONE',  ( 1.000000000000000000, 0.000000000000000000, 0.000000000000000000 ) ) ;
#6073 = LINE ( 'NONE', #7399, #6229 ) ;
#6074 = CARTESIAN_POINT ( 'NONE',  ( -1.930000000000000160, 2.122999999999999776, 10.75699999999999967 ) ) ;
#6075 = ORIENTED_EDGE ( 'NONE', *, *, #5237, .F. ) ;
#6076 = DIRECTION ( 'NONE',  ( 1.000000000000000000, 0.000000000000000000, 0.000000000000000000 ) ) ;
#6077 = CARTESIAN_POINT ( 'NONE',  ( -0.1047191627788323920, -1.072557862440920218, -0.5139990342512599231 ) ) ;
#6078 = DIRECTION ( 'NONE',  ( 1.000000000000000000, 0.000000000000000000, 0.000000000000000000 ) ) ;
#6079 = ORIENTED_EDGE ( 'NONE', *, *, #2089, .F. ) ;
#6080 = VERTEX_POINT ( 'NONE', #2116 ) ;
#6081 = LINE ( 'NONE', #3537, #3690 ) ;
#6082 = VECTOR ( 'NONE', #9, 1000.000000000000000 ) ;
#6083 = ORIENTED_EDGE ( 'NONE', *, *, #3128, .F. ) ;
#6084 = CARTESIAN_POINT ( 'NONE',  ( 1.312443880593525902, -1.109589605473195961, -0.3000850319389214982 ) ) ;
#6085 = CARTESIAN_POINT ( 'NONE',  ( 0.2669868181195300116, -1.930000000000000160, 11.40036177549232121 ) ) ;
#6086 = AXIS2_PLACEMENT_3D ( 'NONE', #5449, #6043, #6598 ) ;
#6087 = VECTOR ( 'NONE', #386, 1000.000000000000000 ) ;
#6088 = CARTESIAN_POINT ( 'NONE',  ( 5.750000000000000000, -2.939999999999999947, 5.989999999999999325 ) ) ;
#6089 = DIRECTION ( 'NONE',  ( 0.000000000000000000, 0.000000000000000000, -1.000000000000000000 ) ) ;
#6090 = VERTEX_POINT ( 'NONE', #7449 ) ;
#6091 = DIRECTION ( 'NONE',  ( 1.000000000000000000, 0.000000000000000000, -2.467162264466184853E-16 ) ) ;
#6092 = ORIENTED_EDGE ( 'NONE', *, *, #3107, .F. ) ;
#6093 = ADVANCED_FACE ( 'NONE', ( #3933 ), #233, .F. ) ;
#6094 = VECTOR ( 'NONE', #1081, 1000.000000000000000 ) ;
#6095 = CARTESIAN_POINT ( 'NONE',  ( 6.080001311140880382, -1.981752146589149888, -5.495902140000000688E-18 ) ) ;
#6096 = EDGE_CURVE ( 'NONE', #7730, #6943, #4500, .T. ) ;
#6097 = VECTOR ( 'NONE', #5158, 1000.000000000000000 ) ;
#6098 = FACE_OUTER_BOUND ( 'NONE', #843, .T. ) ;
#6099 = FACE_OUTER_BOUND ( 'NONE', #4214, .T. ) ;
#6100 = CARTESIAN_POINT ( 'NONE',  ( -4.700000000000000178, -2.674999999999999822, 5.989999999999999325 ) ) ;
#6101 = VECTOR ( 'NONE', #3553, 1000.000000000000000 ) ;
#6102 = EDGE_CURVE ( 'NONE', #4571, #7584, #2612, .T. ) ;
#6103 = CARTESIAN_POINT ( 'NONE',  ( 5.750000000000000000, 2.339999999999999858, 0.5999999999999878764 ) ) ;
#6104 = AXIS2_PLACEMENT_3D ( 'NONE', #7072, #5939, #539 ) ;
#6105 = CARTESIAN_POINT ( 'NONE',  ( 0.1563505259582670115, 0.7231360585967709920, -0.6984895346422159701 ) ) ;
#6106 = ORIENTED_EDGE ( 'NONE', *, *, #6630, .F. ) ;
#6107 = AXIS2_PLACEMENT_3D ( 'NONE', #5933, #6600, #4784 ) ;
#6108 = ORIENTED_EDGE ( 'NONE', *, *, #5084, .F. ) ;
#6109 = EDGE_LOOP ( 'NONE', ( #2404, #153, #144, #5505, #2992, #6692, #2873, #1405, #3376, #5043, #2167, #3273, #787, #401 ) ) ;
#6110 = CARTESIAN_POINT ( 'NONE',  ( 8.429999999999999716, -2.225000000000000089, 5.989999999999999325 ) ) ;
#6111 = EDGE_CURVE ( 'NONE', #4418, #6258, #6886, .T. ) ;
#6112 = LINE ( 'NONE', #1896, #2183 ) ;
#6113 = DIRECTION ( 'NONE',  ( -1.000000000000000000, 0.000000000000000000, 0.000000000000000000 ) ) ;
#6114 = VECTOR ( 'NONE', #3618, 1000.000000000000000 ) ;
#6115 = LINE ( 'NONE', #672, #6597 ) ;
#6116 = VERTEX_POINT ( 'NONE', #5611 ) ;
#6117 = CARTESIAN_POINT ( 'NONE',  ( 6.049999999999999822, -1.614999999999999991, 6.349999999999999645 ) ) ;
#6118 = AXIS2_PLACEMENT_3D ( 'NONE', #4627, #2234, #4664 ) ;
#6119 = CARTESIAN_POINT ( 'NONE',  ( -0.08746131050969359333, -1.091247191194113952, -0.4903771025474660261 ) ) ;
#6120 = DIRECTION ( 'NONE',  ( 0.000000000000000000, -6.012024999999999720E-12, -1.000000000000000000 ) ) ;
#6121 = ORIENTED_EDGE ( 'NONE', *, *, #6638, .F. ) ;
#6122 = VECTOR ( 'NONE', #1079, 1000.000000000000227 ) ;
#6123 = EDGE_CURVE ( 'NONE', #1809, #3007, #160, .T. ) ;
#6124 = ORIENTED_EDGE ( 'NONE', *, *, #4408, .F. ) ;
#6125 = ORIENTED_EDGE ( 'NONE', *, *, #5150, .F. ) ;
#6126 = CARTESIAN_POINT ( 'NONE',  ( -5.854735652439992499, 1.665483961940155577, -0.02795724103299233182 ) ) ;
#6127 = VECTOR ( 'NONE', #583, 1000.000000000000000 ) ;
#6128 = CARTESIAN_POINT ( 'NONE',  ( -0.3800000000000000044, 1.015000000000000124, -0.6499999999999909184 ) ) ;
#6129 = ORIENTED_EDGE ( 'NONE', *, *, #6286, .F. ) ;
#6130 = CARTESIAN_POINT ( 'NONE',  ( 1.552616722652725212, -1.444682181993687919, -0.1807074757826999944 ) ) ;
#6131 = DIRECTION ( 'NONE',  ( 0.5023269556814718984, 0.000000000000000000, 0.8646777605534817779 ) ) ;
#6132 = EDGE_CURVE ( 'NONE', #1283, #7031, #4376, .T. ) ;
#6133 = PLANE ( 'NONE',  #6604 ) ;
#6134 = CARTESIAN_POINT ( 'NONE',  ( -4.724397233834459975, -1.063127067439223916, -0.5293758510600740097 ) ) ;
#6135 = VERTEX_POINT ( 'NONE', #1397 ) ;
#6136 = LINE ( 'NONE', #1181, #4855 ) ;
#6137 = ORIENTED_EDGE ( 'NONE', *, *, #1347, .F. ) ;
#6138 = LINE ( 'NONE', #5115, #5378 ) ;
#6139 = FACE_OUTER_BOUND ( 'NONE', #3114, .T. ) ;
#6140 = CARTESIAN_POINT ( 'NONE',  ( 6.021619224671219683, 2.000000001236905245, -0.001218910001723000130 ) ) ;
#6141 = CARTESIAN_POINT ( 'NONE',  ( -4.795794297959336205, 1.114681796720005558, -0.4588440337214186870 ) ) ;
#6142 = FACE_OUTER_BOUND ( 'NONE', #4030, .T. ) ;
#6143 = CARTESIAN_POINT ( 'NONE',  ( -6.049999999999999822, -3.117249999999999854, 6.049999999999999822 ) ) ;
#6144 = CARTESIAN_POINT ( 'NONE',  ( -2.600000000000000089, 2.939999999999999947, 3.449999999999999734 ) ) ;
#6145 = ORIENTED_EDGE ( 'NONE', *, *, #667, .T. ) ;
#6146 = EDGE_CURVE ( 'NONE', #7575, #5762, #1441, .T. ) ;
#6147 = ORIENTED_EDGE ( 'NONE', *, *, #4455, .T. ) ;
#6148 = EDGE_LOOP ( 'NONE', ( #2263, #1242, #3987, #7104 ) ) ;
#6149 = LINE ( 'NONE', #1228, #6766 ) ;
#6150 = VECTOR ( 'NONE', #7466, 1000.000000000000000 ) ;
#6151 = CARTESIAN_POINT ( 'NONE',  ( 4.320000000000000284, -0.6350000000000000089, -0.6499999999999909184 ) ) ;
#6152 = DIRECTION ( 'NONE',  ( 0.000000000000000000, -1.000000000000000000, 0.000000000000000000 ) ) ;
#6153 = EDGE_CURVE ( 'NONE', #1615, #4153, #838, .T. ) ;
#6154 = CARTESIAN_POINT ( 'NONE',  ( 5.161007367105749921, -0.9318036603589799904, -0.4423615296033400202 ) ) ;
#6155 = CARTESIAN_POINT ( 'NONE',  ( -6.021619212407919974, 2.000000000000000000, -0.001218910109419000035 ) ) ;
#6156 = EDGE_CURVE ( 'NONE', #624, #5051, #5021, .T. ) ;
#6157 = EDGE_CURVE ( 'NONE', #6460, #1457, #2650, .T. ) ;
#6158 = ORIENTED_EDGE ( 'NONE', *, *, #221, .T. ) ;
#6159 = LINE ( 'NONE', #3645, #544 ) ;
#6160 = CARTESIAN_POINT ( 'NONE',  ( -1.578193301609090105, -1.449245422327742006, -0.1780032903864335048 ) ) ;
#6161 = CYLINDRICAL_SURFACE ( 'NONE', #6724, 1.299999999999999600 ) ;
#6162 = ORIENTED_EDGE ( 'NONE', *, *, #4466, .T. ) ;
#6163 = ORIENTED_EDGE ( 'NONE', *, *, #4850, .T. ) ;
#6164 = EDGE_LOOP ( 'NONE', ( #2553, #6121, #6787, #2156 ) ) ;
#6165 = CARTESIAN_POINT ( 'NONE',  ( 4.487584975272588039, 1.015000012443668664, -0.5566456052533580445 ) ) ;
#6166 = CARTESIAN_POINT ( 'NONE',  ( -6.014495248205229849, 1.925175456974915100, -0.004609509754876200092 ) ) ;
#6167 = EDGE_LOOP ( 'NONE', ( #7244, #342, #622, #7312 ) ) ;
#6168 = CARTESIAN_POINT ( 'NONE',  ( 0.09839348955212440240, -1.070976713306984074, -0.5162864457772149418 ) ) ;
#6169 = CARTESIAN_POINT ( 'NONE',  ( 8.455000000000000071, 1.639999999999999902, 5.989999999999999325 ) ) ;
#6170 = CARTESIAN_POINT ( 'NONE',  ( -4.724397233834459975, -1.063127067439223916, -0.5293758510600740097 ) ) ;
#6171 = CARTESIAN_POINT ( 'NONE',  ( -0.2669868181195300116, 1.930000000000000160, 11.40036177549232121 ) ) ;
#6172 = VERTEX_POINT ( 'NONE', #877 ) ;
#6173 = DIRECTION ( 'NONE',  ( 0.000000000000000000, 1.000000000000000000, 0.000000000000000000 ) ) ;
#6174 = ORIENTED_EDGE ( 'NONE', *, *, #5922, .F. ) ;
#6175 = CARTESIAN_POINT ( 'NONE',  ( 4.772126618791880048, -1.097589312361173741, -0.4822203553268958331 ) ) ;
#6176 = EDGE_CURVE ( 'NONE', #3399, #4645, #477, .T. ) ;
#6177 = CARTESIAN_POINT ( 'NONE',  ( 5.950345350549890000, 1.851462117512380212, -0.009280112965721199272 ) ) ;
#6178 = CARTESIAN_POINT ( 'NONE',  ( -5.080000000000000071, -0.5927730585616969305, -0.6000000001504569580 ) ) ;
#6179 = DIRECTION ( 'NONE',  ( 0.000000000000000000, 1.000000000000000000, 0.000000000000000000 ) ) ;
#6180 = DIRECTION ( 'NONE',  ( 0.000000000000000000, -1.000000000000000000, 0.000000000000000000 ) ) ;
#6181 = CARTESIAN_POINT ( 'NONE',  ( -4.320000171323655103, -1.014999970166001964, -0.5232071289427039362 ) ) ;
#6182 = EDGE_LOOP ( 'NONE', ( #5613, #2185, #6617, #2670 ) ) ;
#6183 = DIRECTION ( 'NONE',  ( -0.000000000000000000, 1.000000000000000000, 0.000000000000000000 ) ) ;
#6184 = ORIENTED_EDGE ( 'NONE', *, *, #7818, .T. ) ;
#6185 = ORIENTED_EDGE ( 'NONE', *, *, #3107, .T. ) ;
#6186 = CARTESIAN_POINT ( 'NONE',  ( 6.349999999999999645, 2.939999999999999947, 6.150000000000000355 ) ) ;
#6187 = CARTESIAN_POINT ( 'NONE',  ( -6.076956062106730450, 2.000000000000000000, 0.000000000000000000 ) ) ;
#6188 = LINE ( 'NONE', #741, #5855 ) ;
#6189 = DIRECTION ( 'NONE',  ( 0.5023269556814738968, 0.000000000000000000, 0.8646777605534807787 ) ) ;
#6190 = CARTESIAN_POINT ( 'NONE',  ( 2.290253158184294868, 1.326845455186080214, -0.1931634385092060036 ) ) ;
#6191 = VERTEX_POINT ( 'NONE', #7569 ) ;
#6192 = CARTESIAN_POINT ( 'NONE',  ( 5.080000000000007176, 0.6094479193657714733, -0.6000000036382318047 ) ) ;
#6193 = CARTESIAN_POINT ( 'NONE',  ( 5.200000000000000178, 2.942499999999999893, 4.939999999999999503 ) ) ;
#6194 = CARTESIAN_POINT ( 'NONE',  ( -0.5454426441518489543, -0.8207004743588620643, -0.5262051247473099602 ) ) ;
#6195 = LINE ( 'NONE', #6241, #1407 ) ;
#6196 = ADVANCED_FACE ( 'NONE', ( #3763 ), #2112, .T. ) ;
#6197 = EDGE_LOOP ( 'NONE', ( #5078, #6992, #343, #4018 ) ) ;
#6198 = DIRECTION ( 'NONE',  ( 0.000000000000000000, 1.000000000000000000, 0.000000000000000000 ) ) ;
#6199 = EDGE_CURVE ( 'NONE', #6982, #922, #6966, .T. ) ;
#6200 = VERTEX_POINT ( 'NONE', #5724 ) ;
#6201 = CARTESIAN_POINT ( 'NONE',  ( 2.051087759322193005, 1.274520237358485852, -0.2026038342065338005 ) ) ;
#6202 = CARTESIAN_POINT ( 'NONE',  ( -5.270534035789870231, 0.9245561503569760253, -0.3425732862851279537 ) ) ;
#6203 = EDGE_CURVE ( 'NONE', #3560, #596, #1954, .T. ) ;
#6204 = ORIENTED_EDGE ( 'NONE', *, *, #4455, .F. ) ;
#6205 = CARTESIAN_POINT ( 'NONE',  ( 4.467328064221025130, -0.6749484297178149905, -0.6647822605211110014 ) ) ;
#6206 = CARTESIAN_POINT ( 'NONE',  ( -3.550000000000000266, 2.050000000000000266, 6.349999999999999645 ) ) ;
#6207 = LINE ( 'NONE', #5027, #3430 ) ;
#6208 = DIRECTION ( 'NONE',  ( 0.000000000000000000, 1.000000000000000000, -2.706723999999999888E-12 ) ) ;
#6209 = EDGE_LOOP ( 'NONE', ( #7188, #6145, #7470, #5117 ) ) ;
#6210 = CARTESIAN_POINT ( 'NONE',  ( 1.199999999999999956, 0.000000000000000000, 4.879999999999999893 ) ) ;
#6211 = ORIENTED_EDGE ( 'NONE', *, *, #1749, .T. ) ;
#6212 = DIRECTION ( 'NONE',  ( 1.402396000000000036E-11, -1.000000000000000000, 6.011858000000000251E-12 ) ) ;
#6213 = AXIS2_PLACEMENT_3D ( 'NONE', #2052, #1460, #1419 ) ;
#6214 = CARTESIAN_POINT ( 'NONE',  ( 5.307837635627930872, 1.283711298351034147, -0.2394936308734009756 ) ) ;
#6215 = LINE ( 'NONE', #5035, #1779 ) ;
#6216 = AXIS2_PLACEMENT_3D ( 'NONE', #5317, #7751, #6962 ) ;
#6217 = CARTESIAN_POINT ( 'NONE',  ( -0.3799999766447849647, -0.8289801464078719873, -0.5999687900290677778 ) ) ;
#6218 = LINE ( 'NONE', #1976, #6873 ) ;
#6219 = CARTESIAN_POINT ( 'NONE',  ( 0.2345436722790440465, -1.015000011054158602, -0.5521972357575319901 ) ) ;
#6220 = ORIENTED_EDGE ( 'NONE', *, *, #5384, .F. ) ;
#6221 = CARTESIAN_POINT ( 'NONE',  ( -4.320000000000000284, -0.6350000000000000089, -0.6499999999999909184 ) ) ;
#6222 = VERTEX_POINT ( 'NONE', #4372 ) ;
#6223 = ORIENTED_EDGE ( 'NONE', *, *, #5961, .F. ) ;
#6224 = AXIS2_PLACEMENT_3D ( 'NONE', #6324, #6563, #7845 ) ;
#6225 = VECTOR ( 'NONE', #374, 1000.000000000000000 ) ;
#6226 = LINE ( 'NONE', #6869, #3983 ) ;
#6227 = CARTESIAN_POINT ( 'NONE',  ( 1.897386355348044784, -1.498395585783226069, -0.1501487199156505137 ) ) ;
#6228 = LINE ( 'NONE', #4885, #130 ) ;
#6229 = VECTOR ( 'NONE', #3042, 1000.000000000000227 ) ;
#6230 = AXIS2_PLACEMENT_3D ( 'NONE', #1221, #4913, #7196 ) ;
#6231 = CARTESIAN_POINT ( 'NONE',  ( 5.950379014107380904, -1.851500799628410077, -0.009277662352588400205 ) ) ;
#6232 = VECTOR ( 'NONE', #3397, 1000.000000000000000 ) ;
#6233 = EDGE_CURVE ( 'NONE', #5690, #6935, #2694, .T. ) ;
#6234 = CARTESIAN_POINT ( 'NONE',  ( 2.287609797668889833, 1.432097100022170055, -0.1747430365177239930 ) ) ;
#6235 = VERTEX_POINT ( 'NONE', #5017 ) ;
#6236 = CARTESIAN_POINT ( 'NONE',  ( -2.600000000000000089, 3.140000000000000124, 2.449999999999999734 ) ) ;
#6237 = VECTOR ( 'NONE', #6907, 1000.000000000000000 ) ;
#6238 = CARTESIAN_POINT ( 'NONE',  ( 2.600000000000000089, -3.140000000000000124, 2.750000000000000000 ) ) ;
#6239 = VECTOR ( 'NONE', #4338, 1000.000000000000114 ) ;
#6240 = CARTESIAN_POINT ( 'NONE',  ( -1.467349297390000196, 1.930000000000000160, 10.78778237296842057 ) ) ;
#6241 = CARTESIAN_POINT ( 'NONE',  ( 9.039999999999999147, 0.6350000000045720183, -11.23000000000381959 ) ) ;
#6242 = ORIENTED_EDGE ( 'NONE', *, *, #7237, .F. ) ;
#6243 = DIRECTION ( 'NONE',  ( 0.000000000000000000, 1.000000000000000000, 0.000000000000000000 ) ) ;
#6244 = VECTOR ( 'NONE', #5353, 1000.000000000000000 ) ;
#6245 = ORIENTED_EDGE ( 'NONE', *, *, #2355, .T. ) ;
#6246 = LINE ( 'NONE', #5653, #4597 ) ;
#6247 = ADVANCED_FACE ( 'NONE', ( #3851 ), #4451, .T. ) ;
#6248 = EDGE_CURVE ( 'NONE', #5530, #5774, #748, .T. ) ;
#6249 = CARTESIAN_POINT ( 'NONE',  ( -5.846089177970319462, 1.681121208497545094, -0.02918702706453880219 ) ) ;
#6250 = VECTOR ( 'NONE', #2164, 1000.000000000000114 ) ;
#6251 = ORIENTED_EDGE ( 'NONE', *, *, #2560, .T. ) ;
#6252 = CARTESIAN_POINT ( 'NONE',  ( -4.319957021208784553, -0.7329970940267560575, -0.5998972782050250308 ) ) ;
#6253 = EDGE_CURVE ( 'NONE', #140, #4128, #6958, .T. ) ;
#6254 = CARTESIAN_POINT ( 'NONE',  ( -6.075434093160269278, -1.999999998400869838, -4.472355800000000058E-11 ) ) ;
#6255 = CARTESIAN_POINT ( 'NONE',  ( -4.700000000000000178, -2.339999999999999858, 4.989999999999999325 ) ) ;
#6256 = EDGE_CURVE ( 'NONE', #6935, #1145, #6836, .T. ) ;
#6257 = VECTOR ( 'NONE', #6906, 1000.000000000000114 ) ;
#6258 = VERTEX_POINT ( 'NONE', #3927 ) ;
#6259 = DIRECTION ( 'NONE',  ( 0.000000000000000000, 0.000000000000000000, -1.000000000000000000 ) ) ;
#6260 = ORIENTED_EDGE ( 'NONE', *, *, #2744, .F. ) ;
#6261 = DIRECTION ( 'NONE',  ( -0.5023269556814718984, 0.000000000000000000, 0.8646777605534817779 ) ) ;
#6262 = CARTESIAN_POINT ( 'NONE',  ( 6.049999999999999822, 1.639999999999999902, 6.049999999999999822 ) ) ;
#6263 = CARTESIAN_POINT ( 'NONE',  ( 4.748132271899750734, -1.015006431538601817, -0.5906244694009969987 ) ) ;
#6264 = CARTESIAN_POINT ( 'NONE',  ( -2.600000000000000089, -3.140000000000000124, 2.449999999999999734 ) ) ;
#6265 = VECTOR ( 'NONE', #5369, 1000.000000000000000 ) ;
#6266 = DIRECTION ( 'NONE',  ( 1.000000000000000000, 0.000000000000000000, 0.000000000000000000 ) ) ;
#6267 = LINE ( 'NONE', #3835, #5095 ) ;
#6268 = EDGE_LOOP ( 'NONE', ( #7884, #3892, #7471, #3594 ) ) ;
#6269 = CARTESIAN_POINT ( 'NONE',  ( -4.361669183780460202, 1.015000007581775998, -0.5314391414292429783 ) ) ;
#6270 = ORIENTED_EDGE ( 'NONE', *, *, #2325, .T. ) ;
#6271 = ORIENTED_EDGE ( 'NONE', *, *, #6096, .F. ) ;
#6272 = CARTESIAN_POINT ( 'NONE',  ( -0.01578568454756699990, 0.9978493717679030039, -0.6058692810738740553 ) ) ;
#6273 = CARTESIAN_POINT ( 'NONE',  ( 4.442495755343947472, -1.135398584188642701, -0.4363684116237057653 ) ) ;
#6274 = DIRECTION ( 'NONE',  ( -0.5023269556814718984, 0.000000000000000000, 0.8646777605534817779 ) ) ;
#6275 = CARTESIAN_POINT ( 'NONE',  ( -1.034811480003838158, 1.930000000000000160, 11.21316523494646056 ) ) ;
#6276 = CARTESIAN_POINT ( 'NONE',  ( 4.551045662264889380, 0.9498538127467919256, -0.6136607444099910769 ) ) ;
#6277 = EDGE_LOOP ( 'NONE', ( #333, #4879, #2580, #4635 ) ) ;
#6278 = CARTESIAN_POINT ( 'NONE',  ( 0.000000000000000000, -2.929999999999999716, 3.504999999999999893 ) ) ;
#6279 = LINE ( 'NONE', #2026, #7410 ) ;
#6280 = CARTESIAN_POINT ( 'NONE',  ( -0.7800000000000000266, -3.299999999999999822, 3.409999999999999698 ) ) ;
#6281 = CARTESIAN_POINT ( 'NONE',  ( -0.5264362595814079393, -1.930000000000000160, 11.35933582874252146 ) ) ;
#6282 = DIRECTION ( 'NONE',  ( 0.000000000000000000, 0.000000000000000000, 1.000000000000000000 ) ) ;
#6283 = VERTEX_POINT ( 'NONE', #3285 ) ;
#6284 = FACE_OUTER_BOUND ( 'NONE', #4044, .T. ) ;
#6285 = CARTESIAN_POINT ( 'NONE',  ( -5.857655364679460241, 1.669245914825014943, -0.02695304979389419667 ) ) ;
#6286 = EDGE_CURVE ( 'NONE', #3199, #7359, #315, .T. ) ;
#6287 = ORIENTED_EDGE ( 'NONE', *, *, #4611, .F. ) ;
#6288 = CARTESIAN_POINT ( 'NONE',  ( 2.487500000000000266, -3.140000000000000124, 2.765000000000000124 ) ) ;
#6289 = DIRECTION ( 'NONE',  ( -1.000000000000000000, 0.000000000000000000, 0.000000000000000000 ) ) ;
#6290 = ORIENTED_EDGE ( 'NONE', *, *, #6638, .T. ) ;
#6291 = PLANE ( 'NONE',  #2309 ) ;
#6292 = ORIENTED_EDGE ( 'NONE', *, *, #375, .F. ) ;
#6293 = CARTESIAN_POINT ( 'NONE',  ( -4.719782595077020027, -1.015000005616146117, -0.5877516852460180630 ) ) ;
#6294 = ORIENTED_EDGE ( 'NONE', *, *, #4073, .F. ) ;
#6295 = EDGE_CURVE ( 'NONE', #5640, #5244, #1356, .T. ) ;
#6296 = CARTESIAN_POINT ( 'NONE',  ( 4.901830765598363726, -1.191264500123246695, -0.3706310667536117376 ) ) ;
#6297 = CARTESIAN_POINT ( 'NONE',  ( 5.743335910870180250, 1.510846159284469969, -0.05446560966000299486 ) ) ;
#6298 = LINE ( 'NONE', #7343, #1019 ) ;
#6299 = CARTESIAN_POINT ( 'NONE',  ( 4.850000000000000533, -3.140000000000000124, 2.449999999999999734 ) ) ;
#6300 = EDGE_CURVE ( 'NONE', #6468, #4967, #6279, .T. ) ;
#6302 = EDGE_CURVE ( 'NONE', #3636, #4375, #6882, .T. ) ;
#6301 = PLANE ( 'NONE',  #5204 ) ;
#6303 = DIRECTION ( 'NONE',  ( 1.000000000000000000, 0.000000000000000000, 0.000000000000000000 ) ) ;
#6304 = VERTEX_POINT ( 'NONE', #5170 ) ;
#6305 = CARTESIAN_POINT ( 'NONE',  ( 6.349999999999999645, 1.639999999999999902, 6.349999999999999645 ) ) ;
#6306 = ORIENTED_EDGE ( 'NONE', *, *, #7137, .T. ) ;
#6307 = ORIENTED_EDGE ( 'NONE', *, *, #614, .T. ) ;
#6308 = CARTESIAN_POINT ( 'NONE',  ( -0.1008074253416929855, 0.8554827444869690378, -0.6792229313996299700 ) ) ;
#6309 = ADVANCED_FACE ( 'NONE', ( #6317 ), #6800, .T. ) ;
#6310 = CARTESIAN_POINT ( 'NONE',  ( 1.552616722652725212, -1.444682181993687919, -0.1807074757826999944 ) ) ;
#6311 = DIRECTION ( 'NONE',  ( 0.000000000000000000, -1.000000000000000000, 0.000000000000000000 ) ) ;
#6312 = EDGE_CURVE ( 'NONE', #7575, #1615, #3801, .T. ) ;
#6313 = CARTESIAN_POINT ( 'NONE',  ( 4.747084788756769314, -1.052772769756853855, -0.5386571974302369892 ) ) ;
#6314 = CARTESIAN_POINT ( 'NONE',  ( 4.223273412476594935, 0.7711379072659581002, -0.5555085924308851286 ) ) ;
#6315 = ORIENTED_EDGE ( 'NONE', *, *, #1738, .T. ) ;
#6316 = CARTESIAN_POINT ( 'NONE',  ( 6.349999999999999645, 2.939999999999999947, 5.989999999999999325 ) ) ;
#6317 = FACE_OUTER_BOUND ( 'NONE', #3706, .T. ) ;
#6318 = DIRECTION ( 'NONE',  ( 0.000000000000000000, -1.000000000000000000, 0.000000000000000000 ) ) ;
#6319 = CARTESIAN_POINT ( 'NONE',  ( 0.7139030315564609541, 1.930000000000000160, 11.03664092508229899 ) ) ;
#6320 = DIRECTION ( 'NONE',  ( 0.000000000000000000, 0.000000000000000000, 1.000000000000000000 ) ) ;
#6321 = ORIENTED_EDGE ( 'NONE', *, *, #4247, .T. ) ;
#6322 = EDGE_LOOP ( 'NONE', ( #2152, #4224, #1768, #7612 ) ) ;
#6323 = DIRECTION ( 'NONE',  ( 0.000000000000000000, 0.000000000000000000, 1.000000000000000000 ) ) ;
#6324 = CARTESIAN_POINT ( 'NONE',  ( 9.174500000000000099, -1.554000000000000048, 6.349999999999999645 ) ) ;
#6325 = ORIENTED_EDGE ( 'NONE', *, *, #3977, .F. ) ;
#6326 = CARTESIAN_POINT ( 'NONE',  ( -4.899999999999999467, 3.299999999999999822, 3.899999999999999911 ) ) ;
#6327 = DIRECTION ( 'NONE',  ( 0.000000000000000000, 0.000000000000000000, -1.000000000000000000 ) ) ;
#6328 = ORIENTED_EDGE ( 'NONE', *, *, #1967, .T. ) ;
#6329 = EDGE_CURVE ( 'NONE', #1811, #4116, #3249, .T. ) ;
#6330 = CARTESIAN_POINT ( 'NONE',  ( 5.200000000000000178, 2.339999999999999858, 4.989999999999999325 ) ) ;
#6331 = ORIENTED_EDGE ( 'NONE', *, *, #149, .F. ) ;
#6332 = CARTESIAN_POINT ( 'NONE',  ( -4.590457530120349183, -1.015000057935625977, -0.5709033532295170188 ) ) ;
#6333 = CARTESIAN_POINT ( 'NONE',  ( -2.623071879880164659, -1.381547639592362042, -0.1905642128216630260 ) ) ;
#6334 = FACE_OUTER_BOUND ( 'NONE', #6167, .T. ) ;
#6335 = ORIENTED_EDGE ( 'NONE', *, *, #3346, .F. ) ;
#6336 = PLANE ( 'NONE',  #642 ) ;
#6337 = CARTESIAN_POINT ( 'NONE',  ( 4.728500583156500348, 1.055200508794379877, -0.5401098051434309877 ) ) ;
#6338 = LINE ( 'NONE', #2718, #6097 ) ;
#6339 = ORIENTED_EDGE ( 'NONE', *, *, #6395, .F. ) ;
#6340 = DIRECTION ( 'NONE',  ( 0.000000000000000000, 0.000000000000000000, 1.000000000000000000 ) ) ;
#6341 = VERTEX_POINT ( 'NONE', #5683 ) ;
#6342 = ORIENTED_EDGE ( 'NONE', *, *, #2455, .F. ) ;
#6343 = EDGE_CURVE ( 'NONE', #2489, #1112, #5501, .T. ) ;
#6344 = VECTOR ( 'NONE', #3655, 1000.000000000000114 ) ;
#6345 = AXIS2_PLACEMENT_3D ( 'NONE', #3453, #6407, #2854 ) ;
#6346 = CARTESIAN_POINT ( 'NONE',  ( -0.5262846935862669495, 1.182050789638243948, -0.3746050422935734980 ) ) ;
#6347 = DIRECTION ( 'NONE',  ( 0.9666183047637287862, 0.000000000000000000, -0.2562207112933989617 ) ) ;
#6348 = EDGE_CURVE ( 'NONE', #391, #2509, #7527, .T. ) ;
#6349 = CARTESIAN_POINT ( 'NONE',  ( -0.1082224068821613372, 1.096445968812363558, -0.4841408793828914092 ) ) ;
#6350 =( GEOMETRIC_REPRESENTATION_CONTEXT ( 3 ) GLOBAL_UNCERTAINTY_ASSIGNED_CONTEXT ( ( #915 ) ) GLOBAL_UNIT_ASSIGNED_CONTEXT ( ( #5418, #4819, #6569 ) ) REPRESENTATION_CONTEXT ( 'NONE', 'WORKASPACE' ) );
#6351 = CARTESIAN_POINT ( 'NONE',  ( 6.079063124992059919, -1.999366544860209816, 9.300716059439998709E-05 ) ) ;
#6352 = VECTOR ( 'NONE', #6372, 1000.000000000000000 ) ;
#6353 = CARTESIAN_POINT ( 'NONE',  ( 3.327792677216525163, 1.166989804567665878, -0.2790321494030380545 ) ) ;
#6354 = VECTOR ( 'NONE', #6937, 1000.000000000000000 ) ;
#6355 = ORIENTED_EDGE ( 'NONE', *, *, #3118, .F. ) ;
#6356 = FACE_OUTER_BOUND ( 'NONE', #3292, .T. ) ;
#6357 = EDGE_CURVE ( 'NONE', #1615, #2519, #5803, .T. ) ;
#6358 = CARTESIAN_POINT ( 'NONE',  ( 8.939999999999999503, 0.6350000000000000089, -8.179999999999999716 ) ) ;
#6359 = VECTOR ( 'NONE', #2303, 1000.000000000000000 ) ;
#6360 = CARTESIAN_POINT ( 'NONE',  ( -6.985000000000000320, -2.939999999999999947, 4.087815789473710382 ) ) ;
#6361 = AXIS2_PLACEMENT_3D ( 'NONE', #900, #6385, #1018 ) ;
#6362 = FACE_OUTER_BOUND ( 'NONE', #5004, .T. ) ;
#6363 = AXIS2_PLACEMENT_3D ( 'NONE', #362, #1452, #7543 ) ;
#6364 = CARTESIAN_POINT ( 'NONE',  ( 0.6090908495937237266, -0.8238893522880786913, -0.5049709313339120209 ) ) ;
#6365 = DIRECTION ( 'NONE',  ( -0.5023269556814757841, 0.000000000000000000, 0.8646777605534795574 ) ) ;
#6366 = VECTOR ( 'NONE', #4238, 1000.000000000000000 ) ;
#6367 = CIRCLE ( 'NONE', #916, 0.7249999999999999778 ) ;
#6368 = ORIENTED_EDGE ( 'NONE', *, *, #7815, .T. ) ;
#6369 = ORIENTED_EDGE ( 'NONE', *, *, #6975, .T. ) ;
#6370 = CARTESIAN_POINT ( 'NONE',  ( -1.222729189295125973, -1.930000000000000160, 10.88969411280078070 ) ) ;
#6371 = VECTOR ( 'NONE', #1940, 1000.000000000000000 ) ;
#6372 = DIRECTION ( 'NONE',  ( 0.000000000000000000, -1.000000000000000000, 0.000000000000000000 ) ) ;
#6373 = EDGE_LOOP ( 'NONE', ( #6747, #7717, #2925, #3312, #1370 ) ) ;
#6374 = VECTOR ( 'NONE', #1968, 1000.000000000000000 ) ;
#6375 = DIRECTION ( 'NONE',  ( 1.000000000000000000, 0.000000000000000000, 0.000000000000000000 ) ) ;
#6376 = CARTESIAN_POINT ( 'NONE',  ( -4.724360382504409372, 1.063090845069733836, -0.5294193711462620300 ) ) ;
#6377 = ORIENTED_EDGE ( 'NONE', *, *, #5479, .F. ) ;
#6378 = FACE_OUTER_BOUND ( 'NONE', #651, .T. ) ;
#6379 = EDGE_LOOP ( 'NONE', ( #7305, #203, #5681, #3732, #4830, #272, #6526, #934, #5670, #1003 ) ) ;
#6380 = CARTESIAN_POINT ( 'NONE',  ( -4.460689389654024950, -1.015000045403952056, -0.5497098476168670311 ) ) ;
#6381 = VECTOR ( 'NONE', #5089, 1000.000000000000000 ) ;
#6382 = EDGE_CURVE ( 'NONE', #1095, #4803, #7759, .T. ) ;
#6383 = VERTEX_POINT ( 'NONE', #7687 ) ;
#6384 = DIRECTION ( 'NONE',  ( 0.000000000000000000, -1.000000000000000000, 0.000000000000000000 ) ) ;
#6385 = DIRECTION ( 'NONE',  ( 1.000000000000000000, 0.000000000000000000, 0.000000000000000000 ) ) ;
#6386 = CARTESIAN_POINT ( 'NONE',  ( 0.7238316655903123120, 1.257882690657223801, -0.3119565678469399805 ) ) ;
#6387 = VECTOR ( 'NONE', #5139, 1000.000000000000000 ) ;
#6388 = CARTESIAN_POINT ( 'NONE',  ( 5.200000000000000178, 2.339999999999999858, 5.190000000000000391 ) ) ;
#6389 = VERTEX_POINT ( 'NONE', #1670 ) ;
#6390 = ORIENTED_EDGE ( 'NONE', *, *, #1531, .T. ) ;
#6391 = CARTESIAN_POINT ( 'NONE',  ( -3.370056823421994974, 1.106327996023860116, -0.2890346018946390316 ) ) ;
#6392 = AXIS2_PLACEMENT_3D ( 'NONE', #592, #7351, #3003 ) ;
#6393 = PLANE ( 'NONE',  #641 ) ;
#6394 = CARTESIAN_POINT ( 'NONE',  ( 5.080000000432490559, 1.015000000432414229, -0.4617829352423660216 ) ) ;
#6395 = EDGE_CURVE ( 'NONE', #2761, #1217, #2300, .T. ) ;
#6396 = ORIENTED_EDGE ( 'NONE', *, *, #5776, .T. ) ;
#6397 = LINE ( 'NONE', #4042, #3543 ) ;
#6398 = EDGE_CURVE ( 'NONE', #2438, #7092, #697, .T. ) ;
#6399 = CARTESIAN_POINT ( 'NONE',  ( 1.504670863255225255, 1.435980658682443956, -0.1859448628231704925 ) ) ;
#6400 = VERTEX_POINT ( 'NONE', #2257 ) ;
#6401 = PLANE ( 'NONE',  #2313 ) ;
#6402 = LINE ( 'NONE', #6516, #287 ) ;
#6403 = LINE ( 'NONE', #2647, #2450 ) ;
#6404 = EDGE_CURVE ( 'NONE', #2189, #3007, #4688, .T. ) ;
#6405 = CARTESIAN_POINT ( 'NONE',  ( 6.349999999999999645, 1.639999999999999902, 6.049999999999999822 ) ) ;
#6406 = DIRECTION ( 'NONE',  ( -1.000000000000000000, 0.000000000000000000, 0.000000000000000000 ) ) ;
#6407 = DIRECTION ( 'NONE',  ( 0.000000000000000000, -1.000000000000000000, 0.000000000000000000 ) ) ;
#6408 = EDGE_CURVE ( 'NONE', #1703, #1135, #749, .T. ) ;
#6409 = EDGE_CURVE ( 'NONE', #3866, #4418, #437, .T. ) ;
#6410 = VERTEX_POINT ( 'NONE', #3487 ) ;
#6411 = CARTESIAN_POINT ( 'NONE',  ( -2.600000000000000089, 2.939999999999999947, 3.449999999999999734 ) ) ;
#6412 = EDGE_CURVE ( 'NONE', #7596, #7077, #4859, .T. ) ;
#6413 = LINE ( 'NONE', #936, #3037 ) ;
#6414 = EDGE_CURVE ( 'NONE', #7851, #1526, #2811, .T. ) ;
#6415 = ORIENTED_EDGE ( 'NONE', *, *, #2826, .T. ) ;
#6416 = DIRECTION ( 'NONE',  ( 0.000000000000000000, 1.000000000000000000, 0.000000000000000000 ) ) ;
#6417 = CARTESIAN_POINT ( 'NONE',  ( 0.7800000000000000266, -2.939999999999999947, 3.409999999999999698 ) ) ;
#6418 = ORIENTED_EDGE ( 'NONE', *, *, #1294, .F. ) ;
#6419 = CARTESIAN_POINT ( 'NONE',  ( -6.103621125763257993, -2.783781465851171255, 6.349999999999993427 ) ) ;
#6420 = ORIENTED_EDGE ( 'NONE', *, *, #5239, .F. ) ;
#6421 = LINE ( 'NONE', #367, #7033 ) ;
#6422 = ORIENTED_EDGE ( 'NONE', *, *, #7051, .T. ) ;
#6423 = CARTESIAN_POINT ( 'NONE',  ( 0.1708463113315099868, -0.6770033192734830063, -0.6952953194622060185 ) ) ;
#6424 = CARTESIAN_POINT ( 'NONE',  ( 2.799999999999999822, 2.200000000000000178, 4.832499999999999574 ) ) ;
#6425 = LINE ( 'NONE', #5790, #5975 ) ;
#6426 = DIRECTION ( 'NONE',  ( 0.2562207112934010156, 0.000000000000000000, -0.9666183047637281200 ) ) ;
#6427 = ORIENTED_EDGE ( 'NONE', *, *, #5335, .T. ) ;
#6428 = ORIENTED_EDGE ( 'NONE', *, *, #3132, .T. ) ;
#6429 = CARTESIAN_POINT ( 'NONE',  ( -2.844744690187585245, 1.362052275453093930, -0.2006899542633830136 ) ) ;
#6430 = CYLINDRICAL_SURFACE ( 'NONE', #3441, 0.7249999999999999778 ) ;
#6431 = CARTESIAN_POINT ( 'NONE',  ( -4.850000000000000533, -3.140000000000000124, 2.449999999999999734 ) ) ;
#6432 = DIRECTION ( 'NONE',  ( -0.000000000000000000, 1.000000000000000000, 0.000000000000000000 ) ) ;
#6433 = DIRECTION ( 'NONE',  ( 0.000000000000000000, -1.000000000000000000, 0.000000000000000000 ) ) ;
#6434 = CARTESIAN_POINT ( 'NONE',  ( 0.1669230698854000106, 0.9550047734239209829, -0.6064372860812189403 ) ) ;
#6435 = ORIENTED_EDGE ( 'NONE', *, *, #7558, .F. ) ;
#6436 = PLANE ( 'NONE',  #3703 ) ;
#6437 = DIRECTION ( 'NONE',  ( 0.000000000000000000, -1.000000000000000000, 0.000000000000000000 ) ) ;
#6438 = CARTESIAN_POINT ( 'NONE',  ( 8.429999999999999716, -1.614999999999999991, 6.349999999999999645 ) ) ;
#6439 = CARTESIAN_POINT ( 'NONE',  ( 4.269826919381510599, -0.7524510542710819427, -0.5749849673463329758 ) ) ;
#6440 = DIRECTION ( 'NONE',  ( -1.000000000000000000, 0.000000000000000000, 0.000000000000000000 ) ) ;
#6441 = VERTEX_POINT ( 'NONE', #4012 ) ;
#6442 = CARTESIAN_POINT ( 'NONE',  ( -0.9710995989701970421, 1.930000000000000160, 10.97280578029042175 ) ) ;
#6443 = EDGE_CURVE ( 'NONE', #4335, #4667, #474, .T. ) ;
#6444 = FACE_OUTER_BOUND ( 'NONE', #6164, .T. ) ;
#6445 = ORIENTED_EDGE ( 'NONE', *, *, #4150, .T. ) ;
#6446 = CARTESIAN_POINT ( 'NONE',  ( 9.174500000000000099, 2.868500000000000050, 5.989999999999999325 ) ) ;
#6447 = CARTESIAN_POINT ( 'NONE',  ( 5.580000000000000071, 0.6350000000000000089, -3.109999999999999876 ) ) ;
#6448 = ORIENTED_EDGE ( 'NONE', *, *, #2355, .F. ) ;
#6449 = LINE ( 'NONE', #6330, #1292 ) ;
#6450 = EDGE_CURVE ( 'NONE', #2535, #5068, #1715, .T. ) ;
#6451 = ORIENTED_EDGE ( 'NONE', *, *, #4365, .F. ) ;
#6452 = CARTESIAN_POINT ( 'NONE',  ( 1.467349297390000196, 1.930000000000000160, 10.78778237296842057 ) ) ;
#6453 = ADVANCED_FACE ( 'NONE', ( #2928 ), #6436, .F. ) ;
#6454 = DIRECTION ( 'NONE',  ( 0.000000000000000000, 0.000000000000000000, 1.000000000000000000 ) ) ;
#6455 = ORIENTED_EDGE ( 'NONE', *, *, #6404, .T. ) ;
#6456 = FACE_OUTER_BOUND ( 'NONE', #1588, .T. ) ;
#6457 = DIRECTION ( 'NONE',  ( 0.000000000000000000, 0.000000000000000000, 1.000000000000000000 ) ) ;
#6458 = CARTESIAN_POINT ( 'NONE',  ( -6.325000000000000178, -2.573999999999999844, 0.5999999999999878764 ) ) ;
#6459 = CARTESIAN_POINT ( 'NONE',  ( 6.080000000000000071, 2.014999999999999680, 6.579920799999999695E-15 ) ) ;
#6460 = VERTEX_POINT ( 'NONE', #3407 ) ;
#6461 = ORIENTED_EDGE ( 'NONE', *, *, #3725, .T. ) ;
#6462 = CARTESIAN_POINT ( 'NONE',  ( -2.084654409372989736, 1.421579342081374042, -0.1805273376552705145 ) ) ;
#6463 = CARTESIAN_POINT ( 'NONE',  ( -1.519491846963365145, 1.930000000000000160, 10.98449536552962158 ) ) ;
#6464 = CARTESIAN_POINT ( 'NONE',  ( 6.705820878400000250E-06, 1.015059019073151880, -0.5853986767166879934 ) ) ;
#6465 = DIRECTION ( 'NONE',  ( -2.775557999999999849E-16, -1.000000000000000000, 1.351141000000000008E-12 ) ) ;
#6466 = CARTESIAN_POINT ( 'NONE',  ( 6.085581583447570608, -1.992826162330049611, 0.0004125605952480000541 ) ) ;
#6467 = CARTESIAN_POINT ( 'NONE',  ( 0.07015488942105559123, 1.086895420930286127, -0.4964558421734520111 ) ) ;
#6468 = VERTEX_POINT ( 'NONE', #7606 ) ;
#6469 = AXIS2_PLACEMENT_3D ( 'NONE', #5572, #6811, #4383 ) ;
#6470 = DIRECTION ( 'NONE',  ( 0.000000000000000000, 0.000000000000000000, 1.000000000000000000 ) ) ;
#6471 = DIRECTION ( 'NONE',  ( 0.8646777605534801125, 0.000000000000000000, -0.5023269556814750070 ) ) ;
#6472 = CARTESIAN_POINT ( 'NONE',  ( -5.454487389663270847, -1.422822681867715877, -0.1494819524875418137 ) ) ;
#6473 = CARTESIAN_POINT ( 'NONE',  ( 4.276284114468135833, -0.7732169282558880585, -0.5776566923234720541 ) ) ;
#6474 = EDGE_CURVE ( 'NONE', #410, #3199, #6402, .T. ) ;
#6475 = VECTOR ( 'NONE', #2261, 1000.000000000000000 ) ;
#6476 = DIRECTION ( 'NONE',  ( 0.000000000000000000, 0.000000000000000000, -1.000000000000000000 ) ) ;
#6477 = VERTEX_POINT ( 'NONE', #2885 ) ;
#6478 = LINE ( 'NONE', #6522, #3695 ) ;
#6479 = VECTOR ( 'NONE', #5468, 1000.000000000000000 ) ;
#6480 = VECTOR ( 'NONE', #7555, 1000.000000000000000 ) ;
#6481 = CARTESIAN_POINT ( 'NONE',  ( -2.615734743294804598, -1.313380742835343895, -0.1998039097993569990 ) ) ;
#6482 = CARTESIAN_POINT ( 'NONE',  ( -4.961601559132609474, 1.014999999999750102, -0.5212160036601679591 ) ) ;
#6483 = EDGE_CURVE ( 'NONE', #3760, #3416, #7718, .T. ) ;
#6484 = ORIENTED_EDGE ( 'NONE', *, *, #6253, .T. ) ;
#6485 = VECTOR ( 'NONE', #1984, 1000.000000000000000 ) ;
#6486 = CARTESIAN_POINT ( 'NONE',  ( 3.550000000000000266, -2.000000000000000000, 6.709999999999999964 ) ) ;
#6487 = CIRCLE ( 'NONE', #3170, 0.7800000000000000266 ) ;
#6488 = CARTESIAN_POINT ( 'NONE',  ( 4.551277259929260133, 0.6429705944138719431, -0.7061869962980880100 ) ) ;
#6489 = EDGE_CURVE ( 'NONE', #5247, #1077, #4573, .T. ) ;
#6490 = AXIS2_PLACEMENT_3D ( 'NONE', #7583, #2124, #3944 ) ;
#6491 = ORIENTED_EDGE ( 'NONE', *, *, #6999, .F. ) ;
#6492 = DIRECTION ( 'NONE',  ( -1.000000000000000000, 0.000000000000000000, 0.000000000000000000 ) ) ;
#6493 = VERTEX_POINT ( 'NONE', #2769 ) ;
#6494 = AXIS2_PLACEMENT_3D ( 'NONE', #6262, #1459, #4477 ) ;
#6495 = AXIS2_PLACEMENT_3D ( 'NONE', #5783, #331, #7030 ) ;
#6496 = EDGE_CURVE ( 'NONE', #4335, #2838, #392, .T. ) ;
#6497 = EDGE_LOOP ( 'NONE', ( #5478, #1275, #5100, #7695, #6006, #7708, #5773, #5626, #7235, #2923 ) ) ;
#6498 = CARTESIAN_POINT ( 'NONE',  ( 0.2808051365268814936, -0.7181696732302730313, -0.6420559276312709507 ) ) ;
#6499 = LINE ( 'NONE', #4032, #5598 ) ;
#6500 = CARTESIAN_POINT ( 'NONE',  ( 1.930000000000000160, -1.930000000000000160, 10.52999999999999936 ) ) ;
#6501 = EDGE_CURVE ( 'NONE', #2100, #1766, #7872, .T. ) ;
#6502 = CARTESIAN_POINT ( 'NONE',  ( -1.519491846963365145, 1.930000000000000160, 10.98449536552962158 ) ) ;
#6503 = AXIS2_PLACEMENT_3D ( 'NONE', #2704, #840, #5102 ) ;
#6504 = ORIENTED_EDGE ( 'NONE', *, *, #4109, .F. ) ;
#6505 = ORIENTED_EDGE ( 'NONE', *, *, #770, .F. ) ;
#6506 = CARTESIAN_POINT ( 'NONE',  ( -1.231599248952252035, 1.093021967485474200, -0.3048294955439300180 ) ) ;
#6507 = DIRECTION ( 'NONE',  ( 0.000000000000000000, -1.000000000000000000, 0.000000000000000000 ) ) ;
#6508 = FACE_OUTER_BOUND ( 'NONE', #3447, .T. ) ;
#6509 = AXIS2_PLACEMENT_3D ( 'NONE', #7482, #4534, #2073 ) ;
#6510 = DIRECTION ( 'NONE',  ( 1.000000000000000000, 0.000000000000000000, 0.000000000000000000 ) ) ;
#6511 = CARTESIAN_POINT ( 'NONE',  ( 0.7800000000000000266, 3.299999999999999822, 1.350000000000000089 ) ) ;
#6512 = CARTESIAN_POINT ( 'NONE',  ( 1.194609661564620007, 1.201245860260675924, -0.3053762314249545140 ) ) ;
#6513 = ORIENTED_EDGE ( 'NONE', *, *, #4740, .T. ) ;
#6514 = ORIENTED_EDGE ( 'NONE', *, *, #661, .T. ) ;
#6515 = VECTOR ( 'NONE', #6212, 1000.000000000000000 ) ;
#6516 = CARTESIAN_POINT ( 'NONE',  ( -6.349999999999999645, 3.299999999999999822, 1.350000000000000089 ) ) ;
#6517 = LINE ( 'NONE', #352, #7679 ) ;
#6518 = CARTESIAN_POINT ( 'NONE',  ( -5.071965666250060956, -0.8240042944090449906, -0.5619948806360069993 ) ) ;
#6519 = DIRECTION ( 'NONE',  ( 1.000000000000000000, 0.000000000000000000, 0.000000000000000000 ) ) ;
#6520 = LINE ( 'NONE', #3982, #7635 ) ;
#6521 = EDGE_LOOP ( 'NONE', ( #2784, #2483, #7403, #2564 ) ) ;
#6522 = CARTESIAN_POINT ( 'NONE',  ( -5.080000000000000071, -1.015000000000000124, -0.6499999999999909184 ) ) ;
#6523 = EDGE_CURVE ( 'NONE', #171, #3875, #6704, .T. ) ;
#6524 = CARTESIAN_POINT ( 'NONE',  ( -4.558296947308219771, -1.081459447397276064, -0.4990728169237950151 ) ) ;
#6525 = CARTESIAN_POINT ( 'NONE',  ( -0.3801059963274320275, 0.7326460284779110488, -0.6000176156804030159 ) ) ;
#6526 = ORIENTED_EDGE ( 'NONE', *, *, #126, .F. ) ;
#6527 = PLANE ( 'NONE',  #2159 ) ;
#6528 = PLANE ( 'NONE',  #6107 ) ;
#6529 = ORIENTED_EDGE ( 'NONE', *, *, #6412, .F. ) ;
#6530 = CARTESIAN_POINT ( 'NONE',  ( 6.349999999999999645, -2.939999999999999947, 1.350000000000000089 ) ) ;
#6531 = ORIENTED_EDGE ( 'NONE', *, *, #5291, .T. ) ;
#6532 = ADVANCED_FACE ( 'NONE', ( #1306 ), #1748, .F. ) ;
#6533 = EDGE_CURVE ( 'NONE', #6973, #7435, #3039, .T. ) ;
#6534 = SHAPE_REPRESENTATION_RELATIONSHIP ( 'NONE' , 'NONE' ,  #3948, #4716 ) ;
#6535 = EDGE_LOOP ( 'NONE', ( #4916, #5792, #1379, #6428 ) ) ;
#6536 = CARTESIAN_POINT ( 'NONE',  ( -6.075434093160089866, 1.999999998400820100, -4.471741119999999362E-11 ) ) ;
#6537 = CARTESIAN_POINT ( 'NONE',  ( 5.080005889743776315, -0.7853941150203931354, -0.5630606123934011054 ) ) ;
#6538 = PLANE ( 'NONE',  #5728 ) ;
#6539 = CARTESIAN_POINT ( 'NONE',  ( 5.580000000000000071, 0.6350000000000000089, -4.370000000000000107 ) ) ;
#6540 = ORIENTED_EDGE ( 'NONE', *, *, #5999, .T. ) ;
#6541 = CARTESIAN_POINT ( 'NONE',  ( 5.080000000432490559, 1.015000000432414229, -0.4617829352423660216 ) ) ;
#6542 = ORIENTED_EDGE ( 'NONE', *, *, #3700, .F. ) ;
#6543 = EDGE_CURVE ( 'NONE', #3689, #6553, #1859, .T. ) ;
#6544 = CARTESIAN_POINT ( 'NONE',  ( 6.080000765345319635, 1.977389356558564737, 1.723320911999999803E-08 ) ) ;
#6545 = ADVANCED_FACE ( 'NONE', ( #2408 ), #5367, .F. ) ;
#6546 = CARTESIAN_POINT ( 'NONE',  ( 1.034811480003838158, -1.930000000000000160, 11.21316523494646056 ) ) ;
#6547 = DIRECTION ( 'NONE',  ( 0.000000000000000000, 0.000000000000000000, 1.000000000000000000 ) ) ;
#6548 = LINE ( 'NONE', #5915, #389 ) ;
#6549 = DIRECTION ( 'NONE',  ( -1.000000000000000000, 0.000000000000000000, 0.000000000000000000 ) ) ;
#6550 = CARTESIAN_POINT ( 'NONE',  ( 1.136534035317756208, 1.341572528977133860, -0.2473071505462794972 ) ) ;
#6551 = VERTEX_POINT ( 'NONE', #7838 ) ;
#6552 = ORIENTED_EDGE ( 'NONE', *, *, #2492, .F. ) ;
#6553 = VERTEX_POINT ( 'NONE', #4248 ) ;
#6554 = ADVANCED_FACE ( 'NONE', ( #2373 ), #3639, .T. ) ;
#6555 = CARTESIAN_POINT ( 'NONE',  ( -5.080000000000000071, -0.5927730585616969305, -0.6000000001504569580 ) ) ;
#6556 = ADVANCED_FACE ( 'NONE', ( #1824 ), #4281, .T. ) ;
#6557 = DIRECTION ( 'NONE',  ( -0.2562207112934001274, 0.000000000000000000, 0.9666183047637283421 ) ) ;
#6558 = CARTESIAN_POINT ( 'NONE',  ( -5.080113810452949963, -0.5921730081769639442, -0.5998198270920589437 ) ) ;
#6559 = DIRECTION ( 'NONE',  ( -0.000000000000000000, 1.000000000000000000, 0.000000000000000000 ) ) ;
#6560 = ORIENTED_EDGE ( 'NONE', *, *, #3970, .F. ) ;
#6561 = CARTESIAN_POINT ( 'NONE',  ( -4.319999015149894817, 0.7329411315546070504, -0.5999946094214619885 ) ) ;
#6562 = CARTESIAN_POINT ( 'NONE',  ( -4.575150598429400972, -1.100351502044207841, -0.4759425867174190139 ) ) ;
#6563 = DIRECTION ( 'NONE',  ( 0.000000000000000000, 0.000000000000000000, 1.000000000000000000 ) ) ;
#6564 = ORIENTED_EDGE ( 'NONE', *, *, #4994, .T. ) ;
#6565 = CARTESIAN_POINT ( 'NONE',  ( -6.379999999999999893, 2.803500000000000103, 5.989999999999999325 ) ) ;
#6566 = ORIENTED_EDGE ( 'NONE', *, *, #4301, .T. ) ;
#6567 = LINE ( 'NONE', #6649, #7146 ) ;
#6568 = VERTEX_POINT ( 'NONE', #7239 ) ;
#6569 =( NAMED_UNIT ( * ) SI_UNIT ( $, .STERADIAN. ) SOLID_ANGLE_UNIT ( ) );
#6570 = ORIENTED_EDGE ( 'NONE', *, *, #7228, .F. ) ;
#6571 = PLANE ( 'NONE',  #6104 ) ;
#6572 = CARTESIAN_POINT ( 'NONE',  ( 5.080000000433329888, -1.015000000433226024, -0.4617829590879630186 ) ) ;
#6573 = DIRECTION ( 'NONE',  ( 0.000000000000000000, 0.000000000000000000, -1.000000000000000000 ) ) ;
#6574 = CARTESIAN_POINT ( 'NONE',  ( -5.750000000000000000, 2.339999999999999858, 5.190000000000000391 ) ) ;
#6575 = ORIENTED_EDGE ( 'NONE', *, *, #1700, .T. ) ;
#6576 = DIRECTION ( 'NONE',  ( 0.000000000000000000, -1.000000000000000000, 0.000000000000000000 ) ) ;
#6577 = EDGE_LOOP ( 'NONE', ( #1728, #4626, #5637, #7859 ) ) ;
#6578 = DIRECTION ( 'NONE',  ( -0.9666183047637284531, 0.000000000000000000, -0.2562207112933999054 ) ) ;
#6579 = DIRECTION ( 'NONE',  ( 0.000000000000000000, 1.000000000000000000, 0.000000000000000000 ) ) ;
#6580 = LINE ( 'NONE', #550, #6872 ) ;
#6581 = LINE ( 'NONE', #1741, #7877 ) ;
#6582 = FACE_OUTER_BOUND ( 'NONE', #97, .T. ) ;
#6583 = DIRECTION ( 'NONE',  ( 0.000000000000000000, 0.000000000000000000, 1.000000000000000000 ) ) ;
#6584 = ORIENTED_EDGE ( 'NONE', *, *, #2878, .T. ) ;
#6585 = EDGE_CURVE ( 'NONE', #4735, #6025, #6149, .T. ) ;
#6586 = ORIENTED_EDGE ( 'NONE', *, *, #6975, .F. ) ;
#6587 = ORIENTED_EDGE ( 'NONE', *, *, #7582, .F. ) ;
#6588 = CARTESIAN_POINT ( 'NONE',  ( -3.550000000000000266, -2.000000000000000000, 6.349999999999999645 ) ) ;
#6589 = DIRECTION ( 'NONE',  ( 0.000000000000000000, 0.000000000000000000, 1.000000000000000000 ) ) ;
#6590 = CARTESIAN_POINT ( 'NONE',  ( 2.550000000000000266, -3.299999999999999822, 2.449999999999999734 ) ) ;
#6591 = CARTESIAN_POINT ( 'NONE',  ( -5.080000073501891755, 0.7835649947778943192, -0.5636955965511450950 ) ) ;
#6592 = EDGE_CURVE ( 'NONE', #4956, #330, #293, .T. ) ;
#6593 = ORIENTED_EDGE ( 'NONE', *, *, #4889, .T. ) ;
#6594 = CARTESIAN_POINT ( 'NONE',  ( -5.750000000000000000, 2.339999999999999858, 0.5999999999999878764 ) ) ;
#6595 = AXIS2_PLACEMENT_3D ( 'NONE', #6446, #361, #5854 ) ;
#6596 = CARTESIAN_POINT ( 'NONE',  ( -3.976234675327725565, -0.8915049137971980953, -0.4525080285227219834 ) ) ;
#6597 = VECTOR ( 'NONE', #3087, 999.9999999999998863 ) ;
#6598 = DIRECTION ( 'NONE',  ( -1.000000000000000000, 0.000000000000000000, 0.000000000000000000 ) ) ;
#6599 = ORIENTED_EDGE ( 'NONE', *, *, #2836, .T. ) ;
#6600 = DIRECTION ( 'NONE',  ( 0.000000000000000000, 0.000000000000000000, 1.000000000000000000 ) ) ;
#6601 = VECTOR ( 'NONE', #4658, 1000.000000000000000 ) ;
#6602 = VERTEX_POINT ( 'NONE', #4167 ) ;
#6603 = DIRECTION ( 'NONE',  ( 0.000000000000000000, 0.000000000000000000, -1.000000000000000000 ) ) ;
#6604 = AXIS2_PLACEMENT_3D ( 'NONE', #1966, #4299, #5064 ) ;
#6605 = ADVANCED_FACE ( 'NONE', ( #4206 ), #5518, .T. ) ;
#6606 = VECTOR ( 'NONE', #7001, 1000.000000000000000 ) ;
#6607 = ORIENTED_EDGE ( 'NONE', *, *, #5922, .T. ) ;
#6608 = VECTOR ( 'NONE', #2717, 1000.000000000000000 ) ;
#6609 = CARTESIAN_POINT ( 'NONE',  ( 1.933044310838444968, -1.297263030515511950, -0.2075607260679895039 ) ) ;
#6610 = VECTOR ( 'NONE', #884, 1000.000000000000000 ) ;
#6611 = CYLINDRICAL_SURFACE ( 'NONE', #4445, 1.300000000000000266 ) ;
#6612 = CARTESIAN_POINT ( 'NONE',  ( -4.320000000000000284, 0.6350000000000000089, -0.6499999999999909184 ) ) ;
#6613 = LINE ( 'NONE', #49, #2541 ) ;
#6614 = AXIS2_PLACEMENT_3D ( 'NONE', #7862, #1295, #4797 ) ;
#6615 = ORIENTED_EDGE ( 'NONE', *, *, #6842, .T. ) ;
#6616 = PLANE ( 'NONE',  #407 ) ;
#6617 = ORIENTED_EDGE ( 'NONE', *, *, #5818, .F. ) ;
#6618 = VECTOR ( 'NONE', #4827, 1000.000000000000000 ) ;
#6619 = DIRECTION ( 'NONE',  ( 0.000000000000000000, 1.000000000000000000, 0.000000000000000000 ) ) ;
#6620 = CARTESIAN_POINT ( 'NONE',  ( -4.850000000000000533, 3.140000000000000124, 2.750000000000000000 ) ) ;
#6621 = CARTESIAN_POINT ( 'NONE',  ( -5.118000000000000327, -0.6159999999999999920, -0.6499999999999909184 ) ) ;
#6622 = CYLINDRICAL_SURFACE ( 'NONE', #2419, 0.5000000000000071054 ) ;
#6623 = CARTESIAN_POINT ( 'NONE',  ( 6.705820878400000250E-06, 1.015059019073151880, -0.5853986767166879934 ) ) ;
#6624 = AXIS2_PLACEMENT_3D ( 'NONE', #4925, #5489, #6798 ) ;
#6625 = CARTESIAN_POINT ( 'NONE',  ( -4.719795166998479452, 1.015000015800961997, -0.5877484118247520151 ) ) ;
#6626 = ORIENTED_EDGE ( 'NONE', *, *, #2740, .F. ) ;
#6627 = ORIENTED_EDGE ( 'NONE', *, *, #6146, .F. ) ;
#6628 = VERTEX_POINT ( 'NONE', #63 ) ;
#6629 = CARTESIAN_POINT ( 'NONE',  ( 4.282000000000000028, 1.034000000000000030, -0.6499999999999909184 ) ) ;
#6630 = EDGE_CURVE ( 'NONE', #2241, #469, #944, .T. ) ;
#6631 = VECTOR ( 'NONE', #872, 1000.000000000000000 ) ;
#6632 = CARTESIAN_POINT ( 'NONE',  ( 6.349999999999999645, -1.614999999999999991, 6.049999999999999822 ) ) ;
#6633 = CARTESIAN_POINT ( 'NONE',  ( -6.030627265114290481, -1.908896598842649839, -0.003355906400645199822 ) ) ;
#6634 = CARTESIAN_POINT ( 'NONE',  ( -5.079977929424289940, 0.9396939412850332518, -0.4998368450599869894 ) ) ;
#6635 = VECTOR ( 'NONE', #2554, 1000.000000000000000 ) ;
#6636 = ORIENTED_EDGE ( 'NONE', *, *, #4892, .F. ) ;
#6637 = DIRECTION ( 'NONE',  ( 1.000000000000000000, 0.000000000000000000, 0.000000000000000000 ) ) ;
#6638 = EDGE_CURVE ( 'NONE', #2464, #7266, #3605, .T. ) ;
#6639 = CARTESIAN_POINT ( 'NONE',  ( -0.8242364147473689728, -1.284235435245403956, -0.2902527936653879759 ) ) ;
#6640 = DIRECTION ( 'NONE',  ( -0.5023269556814763392, 0.000000000000000000, -0.8646777605534793354 ) ) ;
#6641 = ADVANCED_FACE ( 'NONE', ( #4882 ), #4919, .T. ) ;
#6642 =( BOUNDED_CURVE ( )  B_SPLINE_CURVE ( 3, ( #7461, #2007, #5069, #729 ),
 .UNSPECIFIED., .F., .F. ) 
 B_SPLINE_CURVE_WITH_KNOTS ( ( 4, 4 ),
 ( 5.039977439412870019, 5.584661996336469869 ),
 .UNSPECIFIED. ) 
 CURVE ( )  GEOMETRIC_REPRESENTATION_ITEM ( )  RATIONAL_B_SPLINE_CURVE ( ( 1.000000000000000000, 0.9754289959241472241, 0.9754289959241472241, 1.000000000000000000 ) ) 
 REPRESENTATION_ITEM ( '' )  );
#6643 = AXIS2_PLACEMENT_3D ( 'NONE', #475, #1672, #6557 ) ;
#6644 = EDGE_CURVE ( 'NONE', #6628, #808, #2955, .T. ) ;
#6645 = VERTEX_POINT ( 'NONE', #6186 ) ;
#6646 = EDGE_CURVE ( 'NONE', #601, #2753, #6226, .T. ) ;
#6647 = FACE_BOUND ( 'NONE', #3330, .T. ) ;
#6648 = VERTEX_POINT ( 'NONE', #146 ) ;
#6649 = CARTESIAN_POINT ( 'NONE',  ( 5.080000000000000071, 1.015000000000000124, -0.6499999999999909184 ) ) ;
#6650 = EDGE_CURVE ( 'NONE', #410, #7313, #5712, .T. ) ;
#6651 = ADVANCED_FACE ( 'NONE', ( #6957 ), #3240, .T. ) ;
#6652 = SHAPE_DEFINITION_REPRESENTATION ( #1833, #136 ) ;
#6653 = ORIENTED_EDGE ( 'NONE', *, *, #4611, .T. ) ;
#6654 = CARTESIAN_POINT ( 'NONE',  ( 2.341610371652314893, -1.373352649655779967, -0.1832776289364904942 ) ) ;
#6655 = CARTESIAN_POINT ( 'NONE',  ( 4.899999999999999467, -3.299999999999999822, 3.899999999999999911 ) ) ;
#6656 = CARTESIAN_POINT ( 'NONE',  ( -4.700000000000000178, -2.339999999999999858, 5.190000000000000391 ) ) ;
#6657 = EDGE_LOOP ( 'NONE', ( #2038, #5311, #630, #6627 ) ) ;
#6658 = CARTESIAN_POINT ( 'NONE',  ( 4.850000000000000533, -2.939999999999999947, 3.449999999999999734 ) ) ;
#6659 = ORIENTED_EDGE ( 'NONE', *, *, #3887, .T. ) ;
#6660 = DIRECTION ( 'NONE',  ( -0.2562207112933999054, 0.000000000000000000, 0.9666183047637284531 ) ) ;
#6661 = LINE ( 'NONE', #1885, #7519 ) ;
#6662 = DIRECTION ( 'NONE',  ( 0.000000000000000000, 0.000000000000000000, -1.000000000000000000 ) ) ;
#6663 = AXIS2_PLACEMENT_3D ( 'NONE', #3786, #5547, #3193 ) ;
#6664 = DIRECTION ( 'NONE',  ( -0.8646777605534812228, 0.000000000000000000, -0.5023269556814731196 ) ) ;
#6665 = CARTESIAN_POINT ( 'NONE',  ( 2.550000000000000266, -3.299999999999999822, 3.899999999999999911 ) ) ;
#6666 = CARTESIAN_POINT ( 'NONE',  ( -4.748039598022890218, 1.015008227025129939, -0.5906267399443609900 ) ) ;
#6667 = ORIENTED_EDGE ( 'NONE', *, *, #5472, .T. ) ;
#6668 = VERTEX_POINT ( 'NONE', #789 ) ;
#6669 = VERTEX_POINT ( 'NONE', #739 ) ;
#6670 = CARTESIAN_POINT ( 'NONE',  ( -6.325000000000000178, -2.970000000000000195, 5.190000000000000391 ) ) ;
#6671 = CARTESIAN_POINT ( 'NONE',  ( 1.467349297390000196, -1.930000000000000160, 10.78778237296842057 ) ) ;
#6672 = DIRECTION ( 'NONE',  ( 0.000000000000000000, -1.000000000000000000, 0.000000000000000000 ) ) ;
#6673 = DIRECTION ( 'NONE',  ( 0.7071067811865670016, 4.251156718315602301E-12, 0.7071067811865280328 ) ) ;
#6674 = EDGE_CURVE ( 'NONE', #469, #6628, #1344, .T. ) ;
#6675 = VERTEX_POINT ( 'NONE', #3842 ) ;
#6676 = DIRECTION ( 'NONE',  ( 0.000000000000000000, 0.000000000000000000, -1.000000000000000000 ) ) ;
#6677 = CARTESIAN_POINT ( 'NONE',  ( -0.9084288337595520790, -1.112678482354585885, -0.3752784923573385112 ) ) ;
#6678 = CARTESIAN_POINT ( 'NONE',  ( -0.4237218776550411570, 0.7498618903744521669, -0.5813419554902055086 ) ) ;
#6679 = ORIENTED_EDGE ( 'NONE', *, *, #7137, .F. ) ;
#6680 = EDGE_CURVE ( 'NONE', #4370, #291, #35, .T. ) ;
#6681 = ORIENTED_EDGE ( 'NONE', *, *, #6256, .T. ) ;
#6682 = DIRECTION ( 'NONE',  ( 0.000000000000000000, 0.000000000000000000, -1.000000000000000000 ) ) ;
#6683 = EDGE_CURVE ( 'NONE', #6080, #7851, #3153, .T. ) ;
#6684 =( BOUNDED_CURVE ( )  B_SPLINE_CURVE ( 3, ( #3748, #6219, #2056, #7431 ),
 .UNSPECIFIED., .F., .F. ) 
 B_SPLINE_CURVE_WITH_KNOTS ( ( 4, 4 ),
 ( 2.755808561697787429, 2.868080257393557098 ),
 .UNSPECIFIED. ) 
 CURVE ( )  GEOMETRIC_REPRESENTATION_ITEM ( )  RATIONAL_B_SPLINE_CURVE ( ( 1.000000000000000000, 0.9989498646740495591, 0.9989498646740495591, 1.000000000000000000 ) ) 
 REPRESENTATION_ITEM ( '' )  );
#6685 = B_SPLINE_CURVE_WITH_KNOTS ( 'NONE', 3,
 ( #6525, #6678, #484, #6010, #1203, #3614, #7811, #2380, #1087, #4857, #7728, #2311 ),
 .UNSPECIFIED., .F., .F.,
 ( 4, 1, 1, 1, 1, 1, 1, 1, 1, 4 ),
 ( 0.000000000000000000, 0.03572934730499475325, 0.2668372991105348868, 0.3823912750133038330, 0.4401682629646883060, 0.4979452509160727791, 0.6134992268188438347, 0.7290532027216127808, 0.9023841665757663666, 1.000000000000000000 ),
 .UNSPECIFIED. ) ;
#6686 = EDGE_LOOP ( 'NONE', ( #945, #2644, #5603, #4056, #3809, #591, #2312, #4754, #7524, #366 ) ) ;
#6687 = CARTESIAN_POINT ( 'NONE',  ( 2.845176556049910044, -1.361985377809469933, -0.2006992722863524814 ) ) ;
#6688 = CARTESIAN_POINT ( 'NONE',  ( 5.079970488338275914, -0.9546043338717100646, -0.4925819326089861949 ) ) ;
#6689 = CYLINDRICAL_SURFACE ( 'NONE', #124, 1.300000000000000488 ) ;
#6690 = CARTESIAN_POINT ( 'NONE',  ( -4.700000000000000178, 2.674999999999999822, 5.190000000000000391 ) ) ;
#6691 = EDGE_CURVE ( 'NONE', #4127, #6720, #5675, .T. ) ;
#6692 = ORIENTED_EDGE ( 'NONE', *, *, #3169, .T. ) ;
#6693 = DIRECTION ( 'NONE',  ( 0.000000000000000000, -1.000000000000000000, 0.000000000000000000 ) ) ;
#6694 = ORIENTED_EDGE ( 'NONE', *, *, #6329, .F. ) ;
#6695 = FACE_OUTER_BOUND ( 'NONE', #4319, .T. ) ;
#6696 = DIRECTION ( 'NONE',  ( 0.000000000000000000, -1.000000000000000000, 0.000000000000000000 ) ) ;
#6697 = CARTESIAN_POINT ( 'NONE',  ( 5.080000000433329888, -1.015000000433226024, -0.4617829590879630186 ) ) ;
#6698 = DIRECTION ( 'NONE',  ( -1.000000000000000000, 0.000000000000000000, 0.000000000000000000 ) ) ;
#6699 = CARTESIAN_POINT ( 'NONE',  ( -2.600000000000000089, -3.149999999999999911, 3.500000000000000000 ) ) ;
#6700 = CARTESIAN_POINT ( 'NONE',  ( -4.733947542889660021, 1.015000009847050189, -0.5892548604675259538 ) ) ;
#6701 = VERTEX_POINT ( 'NONE', #3276 ) ;
#6702 = ORIENTED_EDGE ( 'NONE', *, *, #1788, .F. ) ;
#6703 = VERTEX_POINT ( 'NONE', #7561 ) ;
#6704 = LINE ( 'NONE', #5482, #3073 ) ;
#6705 = CARTESIAN_POINT ( 'NONE',  ( -2.600000000000000089, -2.939999999999999947, 3.449999999999999734 ) ) ;
#6706 = CARTESIAN_POINT ( 'NONE',  ( -4.657704095508560016, -1.014961794778191928, -0.6000602366542919786 ) ) ;
#6707 = CYLINDRICAL_SURFACE ( 'NONE', #634, 0.5000000000000071054 ) ;
#6708 = EDGE_LOOP ( 'NONE', ( #5438, #5145, #6566, #200, #5302, #3198, #5540, #2721 ) ) ;
#6709 = CARTESIAN_POINT ( 'NONE',  ( 5.080000000000000071, 0.5927730585616969305, -0.6000000001038229280 ) ) ;
#6710 = CARTESIAN_POINT ( 'NONE',  ( -0.3719571161790984903, -1.165373440026563845, -0.4009797115336899975 ) ) ;
#6711 = ADVANCED_FACE ( 'NONE', ( #5080 ), #1944, .F. ) ;
#6712 = CARTESIAN_POINT ( 'NONE',  ( 8.939999999999999503, 0.6985000000024639277, -8.217999999999999972 ) ) ;
#6713 = VERTEX_POINT ( 'NONE', #263 ) ;
#6714 = B_SPLINE_CURVE_WITH_KNOTS ( 'NONE', 3,
 ( #157, #4574, #2610, #3210, #276, #1439, #5018 ),
 .UNSPECIFIED., .F., .F.,
 ( 4, 1, 1, 1, 4 ),
 ( 0.000000000000000000, 0.2156336064666598273, 0.4312672129333176563, 0.7187786882221950391, 1.000000000000000000 ),
 .UNSPECIFIED. ) ;
#6715 = ORIENTED_EDGE ( 'NONE', *, *, #3654, .F. ) ;
#6716 = CARTESIAN_POINT ( 'NONE',  ( 5.200000000000000178, 2.339999999999999858, 4.989999999999999325 ) ) ;
#6717 = VECTOR ( 'NONE', #2086, 1000.000000000000000 ) ;
#6718 = VECTOR ( 'NONE', #6476, 1000.000000000000000 ) ;
#6719 = CARTESIAN_POINT ( 'NONE',  ( -5.561742024663580253, 1.309610809918353880, -0.1326355747641848049 ) ) ;
#6720 = VERTEX_POINT ( 'NONE', #2063 ) ;
#6721 = CARTESIAN_POINT ( 'NONE',  ( 1.615668872756349961, -1.226379086001744056, -0.2468024654468635171 ) ) ;
#6722 = ADVANCED_FACE ( 'NONE', ( #3117 ), #3532, .T. ) ;
#6723 = CARTESIAN_POINT ( 'NONE',  ( -4.210924775820733323, -0.7760176475898441506, -0.5531686433212593679 ) ) ;
#6724 = AXIS2_PLACEMENT_3D ( 'NONE', #2577, #1274, #7447 ) ;
#6725 = VECTOR ( 'NONE', #7162, 1000.000000000000000 ) ;
#6726 = DIRECTION ( 'NONE',  ( 0.000000000000000000, 1.000000000000000000, 0.000000000000000000 ) ) ;
#6727 = DIRECTION ( 'NONE',  ( 0.000000000000000000, -1.000000000000000000, 0.000000000000000000 ) ) ;
#6728 = VERTEX_POINT ( 'NONE', #1104 ) ;
#6729 = LINE ( 'NONE', #5463, #2943 ) ;
#6730 = ORIENTED_EDGE ( 'NONE', *, *, #762, .T. ) ;
#6731 = VECTOR ( 'NONE', #4121, 1000.000000000000000 ) ;
#6732 = EDGE_CURVE ( 'NONE', #6993, #7730, #1769, .T. ) ;
#6733 = CLOSED_SHELL ( 'NONE', ( #4195, #3457, #79, #7127, #2592, #3528, #4796, #2499, #2549, #3828, #6556, #5541, #6554, #314, #5561, #666, #2890, #3227, #7704, #1023, #3619, #5654, #716, #473, #1446, #7526, #885, #6641, #5808, #4923, #4899, #1404, #1255, #973, #7232, #3800, #6792, #166, #3566, #1355, #4396, #2727, #5312, #3177, #2846, #174, #4171, #2232, #7385, #5249, #2406, #6711, #4824, #6453, #7475, #1042, #5636, #25, #5002, #6093, #7272, #427, #4035, #5480, #3411, #393, #7578, #5529, #7831, #7222, #7059, #6783, #4641, #3232, #513, #7865, #5674, #499, #7586, #5522, #355, #2317, #1609, #6247, #7213, #1246, #6605, #4608, #3585, #7589, #3278, #5600, #3213, #7286, #4972, #4603, #4285, #181, #4208, #7516, #6986, #572, #2631, #3026, #3728, #1831, #1747, #1501, #6722, #1164, #7768, #7873, #7373, #4148, #2181, #2498, #2121, #1934, #327, #2558, #6651, #7479, #1486, #2226, #3816, #2849, #3905, #2135, #4312, #6309, #179, #7614, #1631, #901, #4501, #528, #5326, #4401, #3275, #4140, #6039, #3339, #4076, #2706, #4255, #5627, #6055, #5821, #5867, #522, #436, #1325, #4730, #363, #3812, #865, #5330, #2791, #987, #5336, #3391, #77, #4657, #4557, #5733, #277, #7531, #7010, #4932, #4112, #2260, #2441, #34, #1639, #1238, #5552, #4154, #2748, #7151, #6545, #1961, #754, #746, #4021, #5568, #123, #6196, #4261, #2701, #7731, #1929, #5911, #5560, #5814, #7327, #5283, #6532, #2093, #3616, #1443, #1982, #4295, #371, #7533, #7813, #2603, #2366 ) ) ;
#6734 = CARTESIAN_POINT ( 'NONE',  ( 0.1887301014381785047, -1.930000000000000160, 11.10513047107099993 ) ) ;
#6735 = VECTOR ( 'NONE', #206, 1000.000000000000000 ) ;
#6736 = AXIS2_PLACEMENT_3D ( 'NONE', #7797, #2399, #2964 ) ;
#6737 = LINE ( 'NONE', #4765, #3176 ) ;
#6738 = DIRECTION ( 'NONE',  ( 0.000000000000000000, 0.000000000000000000, 1.000000000000000000 ) ) ;
#6739 = PLANE ( 'NONE',  #3557 ) ;
#6740 = EDGE_CURVE ( 'NONE', #6750, #2464, #3662, .T. ) ;
#6742 = EDGE_CURVE ( 'NONE', #7799, #4525, #1138, .T. ) ;
#6741 = LINE ( 'NONE', #6064, #5220 ) ;
#6743 = VECTOR ( 'NONE', #2440, 1000.000000000000000 ) ;
#6744 = DIRECTION ( 'NONE',  ( 1.000000000000000000, 0.000000000000000000, 0.000000000000000000 ) ) ;
#6745 = AXIS2_PLACEMENT_3D ( 'NONE', #455, #2790, #5979 ) ;
#6746 = LINE ( 'NONE', #2921, #5858 ) ;
#6747 = ORIENTED_EDGE ( 'NONE', *, *, #1738, .F. ) ;
#6748 = VECTOR ( 'NONE', #709, 1000.000000000000114 ) ;
#6749 = ORIENTED_EDGE ( 'NONE', *, *, #3378, .T. ) ;
#6750 = VERTEX_POINT ( 'NONE', #2993 ) ;
#6751 = DIRECTION ( 'NONE',  ( 0.000000000000000000, -1.000000000000000000, 0.000000000000000000 ) ) ;
#6752 = DIRECTION ( 'NONE',  ( 0.000000000000000000, -1.000000000000000000, 0.000000000000000000 ) ) ;
#6753 = CARTESIAN_POINT ( 'NONE',  ( 0.7800000000000000266, 3.299999999999999822, 1.350000000000000089 ) ) ;
#6754 = AXIS2_PLACEMENT_3D ( 'NONE', #7778, #5340, #7817 ) ;
#6755 = FACE_OUTER_BOUND ( 'NONE', #1514, .T. ) ;
#6756 = ORIENTED_EDGE ( 'NONE', *, *, #3626, .T. ) ;
#6757 = PLANE ( 'NONE',  #1567 ) ;
#6758 = VECTOR ( 'NONE', #6323, 1000.000000000000000 ) ;
#6759 = CARTESIAN_POINT ( 'NONE',  ( -0.1303700196956087964, -0.7908351956802680549, -0.6935466379757809774 ) ) ;
#6760 = CARTESIAN_POINT ( 'NONE',  ( -4.700000000000000178, -2.339999999999999858, 5.190000000000000391 ) ) ;
#6761 = ORIENTED_EDGE ( 'NONE', *, *, #6789, .F. ) ;
#6762 = CIRCLE ( 'NONE', #5753, 0.7249999999999999778 ) ;
#6763 = VECTOR ( 'NONE', #1937, 1000.000000000000114 ) ;
#6764 = ORIENTED_EDGE ( 'NONE', *, *, #2786, .F. ) ;
#6765 = CARTESIAN_POINT ( 'NONE',  ( 0.8716651505359657159, 0.9290721687042341470, -0.4117379263513917809 ) ) ;
#6766 = VECTOR ( 'NONE', #7803, 1000.000000000000000 ) ;
#6767 = CARTESIAN_POINT ( 'NONE',  ( -4.970937794444590274, 1.216459358615709752, -0.3328956424367204847 ) ) ;
#6768 = ORIENTED_EDGE ( 'NONE', *, *, #3894, .T. ) ;
#6769 = CARTESIAN_POINT ( 'NONE',  ( 1.583291744133954904, -1.346148688539150040, -0.2258409026811979969 ) ) ;
#6770 = CARTESIAN_POINT ( 'NONE',  ( -0.7249999999999999778, -3.149999999999999911, 2.376249999999999751 ) ) ;
#6771 = CARTESIAN_POINT ( 'NONE',  ( 9.682999999999999829, 0.6985000000048009472, -11.23000000000419973 ) ) ;
#6772 = CARTESIAN_POINT ( 'NONE',  ( 2.799999999999999822, 2.000000000000000000, 4.989999999999999325 ) ) ;
#6773 = EDGE_CURVE ( 'NONE', #2481, #3261, #1812, .T. ) ;
#6774 = VERTEX_POINT ( 'NONE', #7792 ) ;
#6775 = PLANE ( 'NONE',  #1945 ) ;
#6776 = ORIENTED_EDGE ( 'NONE', *, *, #3341, .F. ) ;
#6777 = DIRECTION ( 'NONE',  ( 0.5023269556814757841, 0.000000000000000000, -0.8646777605534796685 ) ) ;
#6778 = DIRECTION ( 'NONE',  ( 0.8646777605534812228, 0.000000000000000000, -0.5023269556814731196 ) ) ;
#6779 = LINE ( 'NONE', #5544, #3027 ) ;
#6780 = CARTESIAN_POINT ( 'NONE',  ( -0.3800000000000000044, -0.6350000000000000089, -0.6499999999999909184 ) ) ;
#6781 = CARTESIAN_POINT ( 'NONE',  ( 6.349999999999999645, 2.810000000000000053, 6.337349939951960387 ) ) ;
#6782 = CYLINDRICAL_SURFACE ( 'NONE', #640, 0.2999999999999942712 ) ;
#6783 = ADVANCED_FACE ( 'NONE', ( #6695 ), #3551, .F. ) ;
#6784 = ORIENTED_EDGE ( 'NONE', *, *, #3769, .T. ) ;
#6785 = CARTESIAN_POINT ( 'NONE',  ( -4.590489205085470203, 1.015000093843909879, -0.5709526978325040192 ) ) ;
#6786 = ORIENTED_EDGE ( 'NONE', *, *, #2652, .F. ) ;
#6787 = ORIENTED_EDGE ( 'NONE', *, *, #6740, .F. ) ;
#6788 = VERTEX_POINT ( 'NONE', #2331 ) ;
#6789 = EDGE_CURVE ( 'NONE', #1112, #3935, #7492, .T. ) ;
#6790 = CARTESIAN_POINT ( 'NONE',  ( 0.03983725630604940254, 1.059027046336921796, -0.5347674686200990513 ) ) ;
#6791 = CARTESIAN_POINT ( 'NONE',  ( 2.873069566472160385, -1.494302031809593867, -0.1520885585848854860 ) ) ;
#6792 = ADVANCED_FACE ( 'NONE', ( #2394 ), #7341, .F. ) ;
#6793 = CARTESIAN_POINT ( 'NONE',  ( 6.349999999999999645, -2.834999999999999964, 6.349999999999999645 ) ) ;
#6794 = CARTESIAN_POINT ( 'NONE',  ( 4.765165848038980023, -0.9771079905102860730, -0.6441948074658729873 ) ) ;
#6795 = CARTESIAN_POINT ( 'NONE',  ( 3.905249672684909967, 1.208192484927190113, -0.3460105872389350190 ) ) ;
#6796 = EDGE_CURVE ( 'NONE', #4317, #5823, #7828, .T. ) ;
#6797 = EDGE_LOOP ( 'NONE', ( #6294, #2253, #7559, #6667 ) ) ;
#6798 = DIRECTION ( 'NONE',  ( 0.000000000000000000, 0.000000000000000000, 1.000000000000000000 ) ) ;
#6799 = EDGE_CURVE ( 'NONE', #291, #5260, #5428, .T. ) ;
#6800 = PLANE ( 'NONE',  #5495 ) ;
#6801 = CARTESIAN_POINT ( 'NONE',  ( -1.338424826993861894, -1.102746142604293933, -0.2945818496665674746 ) ) ;
#6802 = CARTESIAN_POINT ( 'NONE',  ( -3.550000000000000266, -2.050000000000000266, 6.349999999999999645 ) ) ;
#6803 = EDGE_LOOP ( 'NONE', ( #4802, #5200, #1372, #4633, #2436, #1057, #4065, #27 ) ) ;
#6804 = CARTESIAN_POINT ( 'NONE',  ( -4.725574465377429867, -1.060787611079893944, -0.5325814561397329561 ) ) ;
#6805 = VERTEX_POINT ( 'NONE', #7860 ) ;
#6806 = ORIENTED_EDGE ( 'NONE', *, *, #6984, .F. ) ;
#6807 = CARTESIAN_POINT ( 'NONE',  ( -6.079999812459170094, 1.977388391055314942, -2.084755038000000091E-09 ) ) ;
#6808 = CARTESIAN_POINT ( 'NONE',  ( -6.349999999999999645, -3.299999999999999822, 6.709999999999999964 ) ) ;
#6809 = ORIENTED_EDGE ( 'NONE', *, *, #5676, .T. ) ;
#6810 = CARTESIAN_POINT ( 'NONE',  ( 0.3800000437692079847, -0.7329595787953609998, -0.5999774383956830714 ) ) ;
#6811 = DIRECTION ( 'NONE',  ( 1.000000000000000000, 0.000000000000000000, 0.000000000000000000 ) ) ;
#6812 = DIRECTION ( 'NONE',  ( 0.000000000000000000, 0.000000000000000000, 1.000000000000000000 ) ) ;
#6813 = DIRECTION ( 'NONE',  ( 0.000000000000000000, -1.000000000000000000, 0.000000000000000000 ) ) ;
#6814 = ORIENTED_EDGE ( 'NONE', *, *, #2936, .F. ) ;
#6815 = FACE_OUTER_BOUND ( 'NONE', #5194, .T. ) ;
#6816 = ORIENTED_EDGE ( 'NONE', *, *, #2948, .F. ) ;
#6817 = CARTESIAN_POINT ( 'NONE',  ( 0.8800000000000109956, 0.6349999999830330255, -6.920000000001739870 ) ) ;
#6818 = LINE ( 'NONE', #854, #5098 ) ;
#6819 = CARTESIAN_POINT ( 'NONE',  ( 0.7974999999999851097, -3.149999999999999911, 2.429999999999999716 ) ) ;
#6820 = CARTESIAN_POINT ( 'NONE',  ( 0.7800000000000000266, 3.299999999999999822, 1.350000000000000089 ) ) ;
#6821 = DIRECTION ( 'NONE',  ( -0.9666183047637290082, 0.000000000000000000, -0.2562207112933980180 ) ) ;
#6822 = PLANE ( 'NONE',  #1667 ) ;
#6823 = ORIENTED_EDGE ( 'NONE', *, *, #4708, .F. ) ;
#6824 = CARTESIAN_POINT ( 'NONE',  ( -4.432186662408720501, 1.015000029669261838, -0.5446737841392289559 ) ) ;
#6825 = ORIENTED_EDGE ( 'NONE', *, *, #6773, .T. ) ;
#6826 = ORIENTED_EDGE ( 'NONE', *, *, #7192, .T. ) ;
#6827 = CARTESIAN_POINT ( 'NONE',  ( -5.786000000000000476, 0.6350000000000000089, -12.55700000000000038 ) ) ;
#6828 = CARTESIAN_POINT ( 'NONE',  ( -5.118000001146460143, -1.015000000000000124, -0.4523921219250969794 ) ) ;
#6829 = EDGE_CURVE ( 'NONE', #7443, #5364, #4873, .T. ) ;
#6830 = DIRECTION ( 'NONE',  ( 0.000000000000000000, 0.000000000000000000, 1.000000000000000000 ) ) ;
#6831 = CARTESIAN_POINT ( 'NONE',  ( 4.871590309150949594, -1.169453731367590121, -0.3891789593638165234 ) ) ;
#6832 = EDGE_CURVE ( 'NONE', #2884, #545, #2732, .T. ) ;
#6833 = CARTESIAN_POINT ( 'NONE',  ( 2.855957799056950019, 1.282234162416969969, -0.2157556551832800207 ) ) ;
#6834 = ORIENTED_EDGE ( 'NONE', *, *, #2165, .F. ) ;
#6835 = CARTESIAN_POINT ( 'NONE',  ( -2.799999999999999822, 2.200000000000000178, 4.997500000000000497 ) ) ;
#6836 = LINE ( 'NONE', #6925, #7039 ) ;
#6837 = CARTESIAN_POINT ( 'NONE',  ( 5.750000000000000000, -2.339999999999999858, 0.5999999999999878764 ) ) ;
#6838 = DIRECTION ( 'NONE',  ( 0.000000000000000000, 1.000000000000000000, 0.000000000000000000 ) ) ;
#6839 = EDGE_CURVE ( 'NONE', #3660, #5122, #5759, .T. ) ;
#6840 = VERTEX_POINT ( 'NONE', #175 ) ;
#6841 = CARTESIAN_POINT ( 'NONE',  ( 6.349999999999999645, 2.939999999999999947, 1.350000000000000089 ) ) ;
#6842 = EDGE_CURVE ( 'NONE', #692, #6493, #6855, .T. ) ;
#6843 = ORIENTED_EDGE ( 'NONE', *, *, #4986, .T. ) ;
#6844 = ORIENTED_EDGE ( 'NONE', *, *, #7565, .T. ) ;
#6845 = DIRECTION ( 'NONE',  ( -1.000000000000000000, 0.000000000000000000, 0.000000000000000000 ) ) ;
#6846 = CARTESIAN_POINT ( 'NONE',  ( -5.984786508746149813, 1.954855057111330119, -0.004278855578568399598 ) ) ;
#6847 = EDGE_LOOP ( 'NONE', ( #4243, #2362, #6204, #452, #2210, #4097, #6615, #5124, #977, #7812, #5185, #6768, #4387, #1505, #6953, #3296, #2618, #6307, #971, #3691, #1995, #4270, #6784, #801, #1796, #5148, #2044, #5551, #4328, #2126, #7052, #2118, #7746 ) ) ;
#6848 = PLANE ( 'NONE',  #6469 ) ;
#6849 = CARTESIAN_POINT ( 'NONE',  ( 8.455000000000000071, 1.639999999999999902, 5.989999999999999325 ) ) ;
#6850 = AXIS2_PLACEMENT_3D ( 'NONE', #3403, #1554, #3969 ) ;
#6851 = FACE_OUTER_BOUND ( 'NONE', #2016, .T. ) ;
#6852 = VERTEX_POINT ( 'NONE', #3106 ) ;
#6853 = CARTESIAN_POINT ( 'NONE',  ( 4.320000000000000284, -0.6350000000000000089, -0.6499999999999909184 ) ) ;
#6854 = ORIENTED_EDGE ( 'NONE', *, *, #6049, .F. ) ;
#6855 = LINE ( 'NONE', #2049, #7802 ) ;
#6856 = VECTOR ( 'NONE', #7463, 1000.000000000000000 ) ;
#6857 = LINE ( 'NONE', #4996, #3054 ) ;
#6858 = CARTESIAN_POINT ( 'NONE',  ( -2.550000000000000266, 2.939999999999999947, 3.899999999999999911 ) ) ;
#6859 = VECTOR ( 'NONE', #7841, 1000.000000000000000 ) ;
#6860 = LINE ( 'NONE', #6264, #7012 ) ;
#6861 = LINE ( 'NONE', #5634, #396 ) ;
#6862 = FACE_OUTER_BOUND ( 'NONE', #3751, .T. ) ;
#6863 = ORIENTED_EDGE ( 'NONE', *, *, #2407, .T. ) ;
#6864 = CARTESIAN_POINT ( 'NONE',  ( -0.4180000000000045346, 1.015000000000000124, -0.6563399344256589663 ) ) ;
#6865 = ORIENTED_EDGE ( 'NONE', *, *, #3918, .T. ) ;
#6866 = ORIENTED_EDGE ( 'NONE', *, *, #6890, .T. ) ;
#6867 = VECTOR ( 'NONE', #7608, 1000.000000000000000 ) ;
#6868 = AXIS2_PLACEMENT_3D ( 'NONE', #688, #4988, #5573 ) ;
#6869 = CARTESIAN_POINT ( 'NONE',  ( 5.750000000000000000, -2.834999999999999964, 5.989999999999999325 ) ) ;
#6870 = CARTESIAN_POINT ( 'NONE',  ( -1.519491846963365145, 1.930000000000000160, 10.98449536552962158 ) ) ;
#6871 = CARTESIAN_POINT ( 'NONE',  ( 4.961514357434979594, 1.014999999999546043, -0.5212221848076480368 ) ) ;
#6872 = VECTOR ( 'NONE', #1140, 1000.000000000000000 ) ;
#6873 = VECTOR ( 'NONE', #4521, 1000.000000000000000 ) ;
#6874 = CARTESIAN_POINT ( 'NONE',  ( 5.435028900186829048, -1.142572029548729828, -0.2138920367300064795 ) ) ;
#6875 = VECTOR ( 'NONE', #7264, 1000.000000000000000 ) ;
#6876 = CARTESIAN_POINT ( 'NONE',  ( 4.292812732352564886, 0.9504464083338359792, -0.5451231862769230219 ) ) ;
#6877 = ORIENTED_EDGE ( 'NONE', *, *, #3169, .F. ) ;
#6878 = CARTESIAN_POINT ( 'NONE',  ( 4.961523045129699661, -1.014999999999852021, -0.5212187379870840687 ) ) ;
#6879 = B_SPLINE_CURVE_WITH_KNOTS ( 'NONE', 3,
 ( #6666, #6700, #6625, #1259, #4801, #7233, #1774, #4199, #1380, #860, #1465, #6785, #3197, #785, #2681, #218, #2517, #4360, #5671, #1424, #4953, #4435, #6824, #3839, #1339, #96, #7557, #6269, #3113, #3750, #3788 ),
 .UNSPECIFIED., .F., .F.,
 ( 4, 3, 3, 3, 3, 3, 3, 3, 3, 3, 4 ),
 ( 1.509761158000000059E-06, 0.004293315927206999352, 0.008585122093255998996, 0.01287692825930399944, 0.01716873442535300082, 0.02146054059140200046, 0.02575234675745100010, 0.03004415292349999628, 0.03433595908954800019, 0.03862776525559699636, 0.04291957142164599948 ),
 .UNSPECIFIED. ) ;
#6880 = VECTOR ( 'NONE', #2604, 1000.000000000000000 ) ;
#6881 = EDGE_CURVE ( 'NONE', #4752, #5722, #852, .T. ) ;
#6882 = LINE ( 'NONE', #5606, #4990 ) ;
#6883 = AXIS2_PLACEMENT_3D ( 'NONE', #1010, #5110, #3303 ) ;
#6884 = DIRECTION ( 'NONE',  ( -0.000000000000000000, 1.000000000000000000, 0.000000000000000000 ) ) ;
#6885 = DIRECTION ( 'NONE',  ( -1.000000000000000000, 0.000000000000000000, 0.000000000000000000 ) ) ;
#6886 = LINE ( 'NONE', #7573, #6894 ) ;
#6887 = VECTOR ( 'NONE', #6007, 1000.000000000000000 ) ;
#6888 = VERTEX_POINT ( 'NONE', #4476 ) ;
#6889 = DIRECTION ( 'NONE',  ( 0.5023269556814718984, 0.000000000000000000, 0.8646777605534817779 ) ) ;
#6890 = EDGE_CURVE ( 'NONE', #2761, #7575, #1373, .T. ) ;
#6891 = EDGE_CURVE ( 'NONE', #5316, #5708, #5579, .T. ) ;
#6892 = EDGE_CURVE ( 'NONE', #4816, #5328, #6642, .T. ) ;
#6893 = CARTESIAN_POINT ( 'NONE',  ( -5.822828719807589870, 1.704830830596925084, -0.03237950690255339548 ) ) ;
#6894 = VECTOR ( 'NONE', #1996, 1000.000000000000000 ) ;
#6895 = CIRCLE ( 'NONE', #3069, 0.7800000000000000266 ) ;
#6896 = ORIENTED_EDGE ( 'NONE', *, *, #1201, .F. ) ;
#6897 = PLANE ( 'NONE',  #7756 ) ;
#6898 = PLANE ( 'NONE',  #6868 ) ;
#6899 = PLANE ( 'NONE',  #7657 ) ;
#6900 = AXIS2_PLACEMENT_3D ( 'NONE', #3852, #6884, #4498 ) ;
#6901 = EDGE_CURVE ( 'NONE', #7066, #6460, #211, .T. ) ;
#6902 = EDGE_LOOP ( 'NONE', ( #4928, #2951 ) ) ;
#6903 = DIRECTION ( 'NONE',  ( 0.000000000000000000, 0.000000000000000000, 1.000000000000000000 ) ) ;
#6904 = EDGE_LOOP ( 'NONE', ( #7288, #3810, #2092, #7739 ) ) ;
#6905 = EDGE_CURVE ( 'NONE', #3621, #4068, #693, .T. ) ;
#6906 = DIRECTION ( 'NONE',  ( 0.000000000000000000, -0.2747211278973789583, -0.9615239476408228292 ) ) ;
#6907 = DIRECTION ( 'NONE',  ( 0.000000000000000000, -1.000000000000000000, 0.000000000000000000 ) ) ;
#6908 = FACE_OUTER_BOUND ( 'NONE', #5946, .T. ) ;
#6909 = DIRECTION ( 'NONE',  ( 0.000000000000000000, 0.2747211278973780701, 0.9615239476408231623 ) ) ;
#6910 = AXIS2_PLACEMENT_3D ( 'NONE', #2258, #6437, #395 ) ;
#6911 = DIRECTION ( 'NONE',  ( 0.000000000000000000, 0.000000000000000000, -1.000000000000000000 ) ) ;
#6912 = DIRECTION ( 'NONE',  ( 0.000000000000000000, 0.000000000000000000, -1.000000000000000000 ) ) ;
#6913 = EDGE_LOOP ( 'NONE', ( #6106, #2959, #7512, #4523, #258, #1918, #3219, #5576 ) ) ;
#6914 = CARTESIAN_POINT ( 'NONE',  ( 4.850000000000000533, 3.140000000000000124, 2.750000000000000000 ) ) ;
#6915 = EDGE_LOOP ( 'NONE', ( #2085, #5403, #5109, #3586 ) ) ;
#6916 = ORIENTED_EDGE ( 'NONE', *, *, #3758, .F. ) ;
#6917 = CARTESIAN_POINT ( 'NONE',  ( -0.2414374053160195099, 0.8268291315435609690, -0.6406215491401660023 ) ) ;
#6918 = DIRECTION ( 'NONE',  ( 0.000000000000000000, -1.000000000000000000, 0.000000000000000000 ) ) ;
#6919 = CARTESIAN_POINT ( 'NONE',  ( -0.5264362595814079393, 1.930000000000000160, 11.35933582874252146 ) ) ;
#6920 = FACE_OUTER_BOUND ( 'NONE', #2551, .T. ) ;
#6921 = CARTESIAN_POINT ( 'NONE',  ( 2.895554761487329820, 1.471323935335981936, -0.1651245524612330040 ) ) ;
#6922 = ORIENTED_EDGE ( 'NONE', *, *, #5263, .F. ) ;
#6923 = DIRECTION ( 'NONE',  ( 0.000000000000000000, 1.000000000000000000, 0.000000000000000000 ) ) ;
#6924 = VECTOR ( 'NONE', #5587, 1000.000000000000000 ) ;
#6925 = CARTESIAN_POINT ( 'NONE',  ( 6.349999999999999645, -3.299999999999999822, 6.709999999999999964 ) ) ;
#6926 = LINE ( 'NONE', #3803, #5632 ) ;
#6927 = CARTESIAN_POINT ( 'NONE',  ( -1.578193301609281951, -1.449245422327145594, -0.1780032903867867222 ) ) ;
#6928 = EDGE_CURVE ( 'NONE', #391, #6840, #6138, .T. ) ;
#6929 = DIRECTION ( 'NONE',  ( -1.000000000000000000, 0.000000000000000000, 0.000000000000000000 ) ) ;
#6930 = ORIENTED_EDGE ( 'NONE', *, *, #4852, .F. ) ;
#6931 = ORIENTED_EDGE ( 'NONE', *, *, #5757, .T. ) ;
#6932 = CARTESIAN_POINT ( 'NONE',  ( 4.630232507385067642, -1.015000002022806047, -0.5790831416374485618 ) ) ;
#6933 = PLANE ( 'NONE',  #6224 ) ;
#6934 = EDGE_CURVE ( 'NONE', #6964, #557, #4428, .T. ) ;
#6935 = VERTEX_POINT ( 'NONE', #89 ) ;
#6936 = DIRECTION ( 'NONE',  ( 1.000000000000000000, 0.000000000000000000, 0.000000000000000000 ) ) ;
#6937 = DIRECTION ( 'NONE',  ( 1.000000000000000000, 0.000000000000000000, 0.000000000000000000 ) ) ;
#6938 = EDGE_CURVE ( 'NONE', #3986, #2138, #2510, .T. ) ;
#6939 = EDGE_LOOP ( 'NONE', ( #1837, #6504, #4286, #4318 ) ) ;
#6940 = DIRECTION ( 'NONE',  ( 0.000000000000000000, -1.000000000000000000, 0.000000000000000000 ) ) ;
#6941 = ORIENTED_EDGE ( 'NONE', *, *, #2414, .F. ) ;
#6942 = CARTESIAN_POINT ( 'NONE',  ( -4.619374162029389552, -1.015000101416310141, -0.5750666464029140501 ) ) ;
#6943 = VERTEX_POINT ( 'NONE', #4944 ) ;
#6944 = EDGE_CURVE ( 'NONE', #6025, #7454, #7380, .T. ) ;
#6945 = CARTESIAN_POINT ( 'NONE',  ( -4.418671191749769633, -0.8396808008929770306, -0.6197590668898268484 ) ) ;
#6946 = B_SPLINE_CURVE_WITH_KNOTS ( 'NONE', 3,
 ( #6254, #4937, #3222, #5503 ),
 .UNSPECIFIED., .F., .F.,
 ( 4, 4 ),
 ( 0.000000000000000000, 1.000000000000000000 ),
 .UNSPECIFIED. ) ;
#6947 = CARTESIAN_POINT ( 'NONE',  ( 4.724379384795990511, -1.063104568947009998, -0.5294005867914259866 ) ) ;
#6948 = ORIENTED_EDGE ( 'NONE', *, *, #3134, .T. ) ;
#6949 = CARTESIAN_POINT ( 'NONE',  ( 3.905000000000000249, 2.000000000000000000, 6.727999999999999758 ) ) ;
#6950 = FACE_OUTER_BOUND ( 'NONE', #6046, .T. ) ;
#6951 = CARTESIAN_POINT ( 'NONE',  ( 4.400517276253189003, 1.146464384621774801, -0.4235216040421326267 ) ) ;
#6952 = EDGE_CURVE ( 'NONE', #7541, #2481, #2625, .T. ) ;
#6953 = ORIENTED_EDGE ( 'NONE', *, *, #1347, .T. ) ;
#6954 = DIRECTION ( 'NONE',  ( 0.000000000000000000, 1.000000000000000000, 0.000000000000000000 ) ) ;
#6955 = ORIENTED_EDGE ( 'NONE', *, *, #7639, .T. ) ;
#6956 = ORIENTED_EDGE ( 'NONE', *, *, #7438, .F. ) ;
#6957 = FACE_OUTER_BOUND ( 'NONE', #435, .T. ) ;
#6958 =( BOUNDED_CURVE ( )  B_SPLINE_CURVE ( 3, ( #3333, #7445, #5767, #5135 ),
 .UNSPECIFIED., .F., .F. ) 
 B_SPLINE_CURVE_WITH_KNOTS ( ( 4, 4 ),
 ( 5.040401089931899392, 5.585013389448550747 ),
 .UNSPECIFIED. ) 
 CURVE ( )  GEOMETRIC_REPRESENTATION_ITEM ( )  RATIONAL_B_SPLINE_CURVE ( ( 1.000000000000000000, 0.9754354742998376793, 0.9754354742998376793, 1.000000000000000000 ) ) 
 REPRESENTATION_ITEM ( '' )  );
#6959 = CARTESIAN_POINT ( 'NONE',  ( 0.3718882147827849982, -1.165302550034439610, -0.4016802244498743346 ) ) ;
#6960 = CARTESIAN_POINT ( 'NONE',  ( -1.124879591126310086, 1.365743938000971935, -0.2262942278919700123 ) ) ;
#6961 = UNCERTAINTY_MEASURE_WITH_UNIT (LENGTH_MEASURE( 1.000000000000000082E-05 ), #981, 'distance_accuracy_value', 'NONE');
#6962 = DIRECTION ( 'NONE',  ( 1.000000000000000000, 0.000000000000000000, 0.000000000000000000 ) ) ;
#6963 = CARTESIAN_POINT ( 'NONE',  ( 4.486155732166374754, 0.8179303620115440099, -0.6531080197908479823 ) ) ;
#6964 = VERTEX_POINT ( 'NONE', #1331 ) ;
#6965 = CARTESIAN_POINT ( 'NONE',  ( 3.079999999999999627, 2.000000000000000000, 4.997500000000000497 ) ) ;
#6966 = LINE ( 'NONE', #4497, #6631 ) ;
#6967 = EDGE_CURVE ( 'NONE', #6805, #5247, #5580, .T. ) ;
#6968 = LINE ( 'NONE', #7013, #2443 ) ;
#6969 = DIRECTION ( 'NONE',  ( 0.2562207112933969633, 0.000000000000000000, 0.9666183047637291192 ) ) ;
#6970 = CARTESIAN_POINT ( 'NONE',  ( 4.513934065843659305, -0.8088191204648988997, -0.6662522247731239577 ) ) ;
#6971 = DIRECTION ( 'NONE',  ( 0.000000000000000000, -1.000000000000000000, 0.000000000000000000 ) ) ;
#6972 = ORIENTED_EDGE ( 'NONE', *, *, #1021, .F. ) ;
#6973 = VERTEX_POINT ( 'NONE', #4995 ) ;
#6974 = CARTESIAN_POINT ( 'NONE',  ( 0.3800237854546935079, 0.7329839495380340297, -0.5999651526700640058 ) ) ;
#6975 = EDGE_CURVE ( 'NONE', #7836, #6068, #1972, .T. ) ;
#6976 = CARTESIAN_POINT ( 'NONE',  ( 0.000000000000000000, 0.000000000000000000, 4.839999999999999858 ) ) ;
#6977 = ORIENTED_EDGE ( 'NONE', *, *, #2651, .T. ) ;
#6978 = CARTESIAN_POINT ( 'NONE',  ( 3.550000000000000266, -2.050000000000000266, 5.989999999999999325 ) ) ;
#6979 = CARTESIAN_POINT ( 'NONE',  ( 4.320000000028620057, -0.7329880690296930457, -0.6000000000122559518 ) ) ;
#6980 = VERTEX_POINT ( 'NONE', #4390 ) ;
#6981 = FACE_OUTER_BOUND ( 'NONE', #6379, .T. ) ;
#6982 = VERTEX_POINT ( 'NONE', #5628 ) ;
#6983 = CARTESIAN_POINT ( 'NONE',  ( 1.749450054137954957, 1.930000000000000160, 10.84078866282271925 ) ) ;
#6984 = EDGE_CURVE ( 'NONE', #833, #5499, #673, .T. ) ;
#6985 = CARTESIAN_POINT ( 'NONE',  ( -2.966174449978299599, -1.379081207635521888, -0.2050193618343705004 ) ) ;
#6986 = ADVANCED_FACE ( 'NONE', ( #2346 ), #566, .T. ) ;
#6987 = ORIENTED_EDGE ( 'NONE', *, *, #4050, .F. ) ;
#6988 = CARTESIAN_POINT ( 'NONE',  ( -3.279373212639999418E-05, -1.069236470509624004, -0.5210077773899559617 ) ) ;
#6989 = DIRECTION ( 'NONE',  ( 0.000000000000000000, 1.000000000000000000, 0.000000000000000000 ) ) ;
#6990 = DIRECTION ( 'NONE',  ( 0.000000000000000000, 1.000000000000000000, 0.000000000000000000 ) ) ;
#6991 = LINE ( 'NONE', #5273, #2304 ) ;
#6992 = ORIENTED_EDGE ( 'NONE', *, *, #2897, .F. ) ;
#6993 = VERTEX_POINT ( 'NONE', #5608 ) ;
#6994 = EDGE_CURVE ( 'NONE', #563, #4861, #5768, .T. ) ;
#6995 = AXIS2_PLACEMENT_3D ( 'NONE', #6770, #7418, #809 ) ;
#6996 = VECTOR ( 'NONE', #7354, 1000.000000000000000 ) ;
#6997 = CARTESIAN_POINT ( 'NONE',  ( -2.852742327114300203, 1.402132809231110055, -0.1908475023291495154 ) ) ;
#6998 = EDGE_CURVE ( 'NONE', #3990, #284, #7673, .T. ) ;
#6999 = EDGE_CURVE ( 'NONE', #5122, #3089, #7483, .T. ) ;
#7000 = FACE_OUTER_BOUND ( 'NONE', #4733, .T. ) ;
#7001 = DIRECTION ( 'NONE',  ( 1.000000000000000000, 0.000000000000000000, 0.000000000000000000 ) ) ;
#7002 = PLANE ( 'NONE',  #6850 ) ;
#7003 = STYLED_ITEM ( 'NONE', ( #336 ), #4716 ) ;
#7004 = CARTESIAN_POINT ( 'NONE',  ( 6.054582432944240367, -2.023810085286720017, 0.0006345087191943999880 ) ) ;
#7005 = AXIS2_PLACEMENT_3D ( 'NONE', #3929, #3853, #317 ) ;
#7006 = CARTESIAN_POINT ( 'NONE',  ( 1.800117803528290095, 1.306655635524853976, -0.2188296143485574941 ) ) ;
#7007 = VECTOR ( 'NONE', #3315, 1000.000000000000000 ) ;
#7008 = VERTEX_POINT ( 'NONE', #6837 ) ;
#7009 = CARTESIAN_POINT ( 'NONE',  ( -6.349999999999999645, 2.739999999999999769, 6.150000000000000355 ) ) ;
#7010 = ADVANCED_FACE ( 'NONE', ( #2576 ), #5171, .F. ) ;
#7011 = CARTESIAN_POINT ( 'NONE',  ( -0.2344957884243387691, -1.015000006030138069, -0.5522172745272582173 ) ) ;
#7012 = VECTOR ( 'NONE', #1583, 1000.000000000000000 ) ;
#7013 = CARTESIAN_POINT ( 'NONE',  ( -5.080000000000000071, -1.014999998904858147, -0.4618020215275360218 ) ) ;
#7014 = AXIS2_PLACEMENT_3D ( 'NONE', #456, #3957, #6457 ) ;
#7015 = DIRECTION ( 'NONE',  ( 0.000000000000000000, -1.000000000000000000, 0.000000000000000000 ) ) ;
#7016 = CONICAL_SURFACE ( 'NONE', #5356, 25.39999999999999858, 0.7853981625000003852 ) ;
#7017 = CARTESIAN_POINT ( 'NONE',  ( 5.750000000000000000, -2.834999999999999964, 5.989999999999999325 ) ) ;
#7018 = CARTESIAN_POINT ( 'NONE',  ( 6.349999999999999645, 2.810000000000000053, 6.337349939951960387 ) ) ;
#7019 = AXIS2_PLACEMENT_3D ( 'NONE', #1105, #4647, #4565 ) ;
#7020 = ORIENTED_EDGE ( 'NONE', *, *, #2325, .F. ) ;
#7021 = ORIENTED_EDGE ( 'NONE', *, *, #6944, .F. ) ;
#7022 = DIRECTION ( 'NONE',  ( -0.8646777605534801125, 0.000000000000000000, -0.5023269556814750070 ) ) ;
#7023 = VECTOR ( 'NONE', #6845, 1000.000000000000000 ) ;
#7024 = CARTESIAN_POINT ( 'NONE',  ( -5.080000000000000071, 1.015000000000000124, -0.6499999999999909184 ) ) ;
#7025 = ORIENTED_EDGE ( 'NONE', *, *, #3378, .F. ) ;
#7026 = AXIS2_PLACEMENT_3D ( 'NONE', #6278, #1515, #1559 ) ;
#7027 = DIRECTION ( 'NONE',  ( -0.000000000000000000, 1.000000000000000000, 0.000000000000000000 ) ) ;
#7028 = DIRECTION ( 'NONE',  ( 0.000000000000000000, 1.000000000000000000, 0.000000000000000000 ) ) ;
#7029 = ORIENTED_EDGE ( 'NONE', *, *, #4262, .T. ) ;
#7030 = DIRECTION ( 'NONE',  ( 0.000000000000000000, 1.000000000000000000, 0.000000000000000000 ) ) ;
#7031 = VERTEX_POINT ( 'NONE', #6280 ) ;
#7032 = LINE ( 'NONE', #6983, #1060 ) ;
#7033 = VECTOR ( 'NONE', #2785, 1000.000000000000000 ) ;
#7034 = SURFACE_SIDE_STYLE ('',( #7070 ) ) ;
#7035 = EDGE_LOOP ( 'NONE', ( #1192, #5488, #728, #5203 ) ) ;
#7036 = PLANE ( 'NONE',  #7774 ) ;
#7037 = PLANE ( 'NONE',  #5978 ) ;
#7038 = PLANE ( 'NONE',  #7255 ) ;
#7039 = VECTOR ( 'NONE', #4412, 1000.000000000000000 ) ;
#7040 = CARTESIAN_POINT ( 'NONE',  ( -0.6123385083052179656, 2.939999999999999947, 3.893157894736865021 ) ) ;
#7041 = EDGE_LOOP ( 'NONE', ( #4495, #4051, #1645, #3914 ) ) ;
#7042 = ORIENTED_EDGE ( 'NONE', *, *, #2268, .T. ) ;
#7043 = CARTESIAN_POINT ( 'NONE',  ( -3.950190823732700363, 0.8817102061988960626, -0.4429445454689799888 ) ) ;
#7044 = AXIS2_PLACEMENT_3D ( 'NONE', #548, #655, #16 ) ;
#7045 = DIRECTION ( 'NONE',  ( 0.000000000000000000, -1.000000000000000000, 0.000000000000000000 ) ) ;
#7046 = CARTESIAN_POINT ( 'NONE',  ( 0.3800000437692079847, -0.7329595787953609998, -0.5999774383956830714 ) ) ;
#7047 = PLANE ( 'NONE',  #1792 ) ;
#7048 = EDGE_CURVE ( 'NONE', #4363, #5774, #2821, .T. ) ;
#7049 = CARTESIAN_POINT ( 'NONE',  ( 5.893918130893959884, -1.907779068668824962, -0.007325402247235800364 ) ) ;
#7050 = CARTESIAN_POINT ( 'NONE',  ( 0.2564826271632599797, 0.7587170079822529445, -0.6499303473178590362 ) ) ;
#7051 = EDGE_CURVE ( 'NONE', #1277, #4803, #4535, .T. ) ;
#7052 = ORIENTED_EDGE ( 'NONE', *, *, #3647, .T. ) ;
#7053 = EDGE_CURVE ( 'NONE', #7063, #3935, #6714, .T. ) ;
#7054 = DIRECTION ( 'NONE',  ( 1.000000000000000000, 0.000000000000000000, 0.000000000000000000 ) ) ;
#7055 = CARTESIAN_POINT ( 'NONE',  ( -6.049999999999999822, 2.810000000000000053, 6.049999999999999822 ) ) ;
#7056 = CARTESIAN_POINT ( 'NONE',  ( -4.724397233834459975, -1.063127067439223916, -0.5293758510600740097 ) ) ;
#7057 = CARTESIAN_POINT ( 'NONE',  ( 3.449374347088944859, -1.331781438686099994, -0.2467602093330774626 ) ) ;
#7058 = CARTESIAN_POINT ( 'NONE',  ( -5.080000000392610460, 1.015000000392536128, -0.4618021503207510037 ) ) ;
#7059 = ADVANCED_FACE ( 'NONE', ( #5649 ), #2027, .F. ) ;
#7060 = EDGE_LOOP ( 'NONE', ( #7857, #1362, #4804, #4581 ) ) ;
#7061 = CARTESIAN_POINT ( 'NONE',  ( 4.320000016793973607, 0.8290208582083034017, -0.5999682516010285127 ) ) ;
#7062 = CARTESIAN_POINT ( 'NONE',  ( -5.581109674105048768, -1.286617244819854955, -0.1237933617941178316 ) ) ;
#7063 = VERTEX_POINT ( 'NONE', #836 ) ;
#7064 = LINE ( 'NONE', #1643, #5710 ) ;
#7065 = DIRECTION ( 'NONE',  ( 0.000000000000000000, 0.000000000000000000, 1.000000000000000000 ) ) ;
#7066 = VERTEX_POINT ( 'NONE', #1479 ) ;
#7067 = PLANE ( 'NONE',  #4210 ) ;
#7068 = ORIENTED_EDGE ( 'NONE', *, *, #1508, .F. ) ;
#7069 = CARTESIAN_POINT ( 'NONE',  ( -2.550000000000000266, -3.299999999999999822, 2.449999999999999734 ) ) ;
#7070 = SURFACE_STYLE_FILL_AREA ( #4598 ) ;
#7071 = ORIENTED_EDGE ( 'NONE', *, *, #6892, .F. ) ;
#7072 = CARTESIAN_POINT ( 'NONE',  ( 6.349999999999999645, -3.629999999999999893, 7.045499999999999652 ) ) ;
#7073 = DIRECTION ( 'NONE',  ( 0.000000000000000000, -1.000000000000000000, 0.000000000000000000 ) ) ;
#7074 = CARTESIAN_POINT ( 'NONE',  ( 0.3093014419151686734, 1.148984272380776384, -0.4208835081783250387 ) ) ;
#7075 = LINE ( 'NONE', #6388, #1043 ) ;
#7076 = ORIENTED_EDGE ( 'NONE', *, *, #5280, .F. ) ;
#7077 = VERTEX_POINT ( 'NONE', #3250 ) ;
#7078 = EDGE_CURVE ( 'NONE', #1703, #4296, #6968, .T. ) ;
#7079 = CARTESIAN_POINT ( 'NONE',  ( -1.150233212528261939, 1.310609110548139888, -0.2600470587217080243 ) ) ;
#7080 = DIRECTION ( 'NONE',  ( -1.000000000000000000, 0.000000000000000000, 0.000000000000000000 ) ) ;
#7081 = CARTESIAN_POINT ( 'NONE',  ( 4.282000000000000028, -0.6159999999999999920, -0.6499999999999909184 ) ) ;
#7082 = ORIENTED_EDGE ( 'NONE', *, *, #1258, .T. ) ;
#7083 = LINE ( 'NONE', #7115, #5210 ) ;
#7084 = CARTESIAN_POINT ( 'NONE',  ( 0.2955707372196240135, 1.145377172253291942, -0.4244915530568775242 ) ) ;
#7085 = ORIENTED_EDGE ( 'NONE', *, *, #903, .T. ) ;
#7086 = DIRECTION ( 'NONE',  ( -1.000000000000000000, 0.000000000000000000, 0.000000000000000000 ) ) ;
#7087 = PLANE ( 'NONE',  #4625 ) ;
#7088 = CARTESIAN_POINT ( 'NONE',  ( 2.550000000000000266, -2.939999999999999947, 3.899999999999999911 ) ) ;
#7089 = EDGE_CURVE ( 'NONE', #7597, #3901, #873, .T. ) ;
#7090 = CARTESIAN_POINT ( 'NONE',  ( 2.825517787701965045, -1.256422025682699894, -0.2105054671414369749 ) ) ;
#7091 = DIRECTION ( 'NONE',  ( 0.000000000000000000, 1.000000000000000000, 0.000000000000000000 ) ) ;
#7092 = VERTEX_POINT ( 'NONE', #1563 ) ;
#7093 = CARTESIAN_POINT ( 'NONE',  ( 6.349999999999999645, 2.939999999999999947, 0.000000000000000000 ) ) ;
#7094 = EDGE_CURVE ( 'NONE', #7278, #6728, #5016, .T. ) ;
#7095 = DIRECTION ( 'NONE',  ( 0.000000000000000000, 1.000000000000000000, 0.000000000000000000 ) ) ;
#7096 = EDGE_CURVE ( 'NONE', #5425, #6460, #6403, .T. ) ;
#7097 = ORIENTED_EDGE ( 'NONE', *, *, #323, .F. ) ;
#7098 = LINE ( 'NONE', #3383, #3795 ) ;
#7099 = CARTESIAN_POINT ( 'NONE',  ( 4.675356535384180390, 0.9159473317315690588, -0.6686352662901410282 ) ) ;
#7100 = ORIENTED_EDGE ( 'NONE', *, *, #5715, .T. ) ;
#7101 = LINE ( 'NONE', #5224, #7269 ) ;
#7102 = EDGE_LOOP ( 'NONE', ( #4580, #7549, #3915, #6147 ) ) ;
#7103 = FILL_AREA_STYLE_COLOUR ( '', #1903 ) ;
#7104 = ORIENTED_EDGE ( 'NONE', *, *, #6443, .T. ) ;
#7105 =( NAMED_UNIT ( * ) PLANE_ANGLE_UNIT ( ) SI_UNIT ( $, .RADIAN. ) );
#7106 = DIRECTION ( 'NONE',  ( -0.9666183047637287862, 0.000000000000000000, -0.2562207112933989617 ) ) ;
#7107 = PLANE ( 'NONE',  #1787 ) ;
#7108 = CARTESIAN_POINT ( 'NONE',  ( -3.550000000000000266, -2.000000000000000000, 6.349999999999999645 ) ) ;
#7109 = ORIENTED_EDGE ( 'NONE', *, *, #1021, .T. ) ;
#7110 = ORIENTED_EDGE ( 'NONE', *, *, #7238, .T. ) ;
#7111 = CARTESIAN_POINT ( 'NONE',  ( -2.076023083610299746, 1.496273621298715772, -0.1516032310385755089 ) ) ;
#7112 = LINE ( 'NONE', #4082, #4596 ) ;
#7113 = DIRECTION ( 'NONE',  ( -0.2562207112933979625, 0.000000000000000000, -0.9666183047637288972 ) ) ;
#7114 = CARTESIAN_POINT ( 'NONE',  ( 1.510288559259384877, 2.122999999999999776, 11.00033739453406056 ) ) ;
#7115 = CARTESIAN_POINT ( 'NONE',  ( -0.5264362595814079393, 1.930000000000000160, 11.35933582874252146 ) ) ;
#7116 = CARTESIAN_POINT ( 'NONE',  ( 1.522032014131660116, 1.384979170344271759, -0.2140928026168405218 ) ) ;
#7117 = ORIENTED_EDGE ( 'NONE', *, *, #5009, .F. ) ;
#7118 = AXIS2_PLACEMENT_3D ( 'NONE', #5456, #2468, #2387 ) ;
#7119 = CARTESIAN_POINT ( 'NONE',  ( -0.1077998358836931431, -1.015000006030137625, -0.5729413909940236360 ) ) ;
#7120 = LINE ( 'NONE', #5286, #2206 ) ;
#7121 = CARTESIAN_POINT ( 'NONE',  ( -4.951937365089309928, -1.227462577833816182, -0.3232021775431455080 ) ) ;
#7122 = VECTOR ( 'NONE', #1795, 1000.000000000000000 ) ;
#7123 = DIRECTION ( 'NONE',  ( 0.000000000000000000, -1.000000000000000000, 0.000000000000000000 ) ) ;
#7124 = AXIS2_PLACEMENT_3D ( 'NONE', #442, #4049, #6440 ) ;
#7125 = DIRECTION ( 'NONE',  ( 0.000000000000000000, -1.000000000000000000, 0.000000000000000000 ) ) ;
#7126 = AXIS2_PLACEMENT_3D ( 'NONE', #4241, #5400, #659 ) ;
#7127 = ADVANCED_FACE ( 'NONE', ( #5726 ), #4413, .T. ) ;
#7128 = ORIENTED_EDGE ( 'NONE', *, *, #3984, .F. ) ;
#7129 = CARTESIAN_POINT ( 'NONE',  ( -4.700000000000000178, -2.674999999999999822, 5.989999999999999325 ) ) ;
#7130 = VECTOR ( 'NONE', #5520, 1000.000000000000000 ) ;
#7131 = CARTESIAN_POINT ( 'NONE',  ( -2.283264329970820405, -1.479374523657251972, -0.1580880465842345040 ) ) ;
#7132 = FACE_OUTER_BOUND ( 'NONE', #3672, .T. ) ;
#7133 = ORIENTED_EDGE ( 'NONE', *, *, #1341, .F. ) ;
#7134 = VECTOR ( 'NONE', #7080, 1000.000000000000000 ) ;
#7135 = DIRECTION ( 'NONE',  ( 0.9603657738178902337, 0.000000000000000000, -0.2787428572702178586 ) ) ;
#7136 = COLOUR_RGB ( '',0.7490196078431372584, 0.7490196078431372584, 0.7490196078431372584 ) ;
#7137 = EDGE_CURVE ( 'NONE', #2131, #2117, #6926, .T. ) ;
#7138 = CARTESIAN_POINT ( 'NONE',  ( -4.899999999999999467, -3.299999999999999822, 2.449999999999999734 ) ) ;
#7139 = AXIS2_PLACEMENT_3D ( 'NONE', #7798, #1143, #3601 ) ;
#7140 = ORIENTED_EDGE ( 'NONE', *, *, #3862, .F. ) ;
#7141 = DIRECTION ( 'NONE',  ( 0.000000000000000000, -5.285294000000000279E-13, -1.000000000000000000 ) ) ;
#7142 = EDGE_CURVE ( 'NONE', #3171, #1689, #2695, .T. ) ;
#7143 = EDGE_LOOP ( 'NONE', ( #4201, #2372, #2275, #4279, #7777, #2653 ) ) ;
#7144 = EDGE_CURVE ( 'NONE', #596, #3704, #4013, .T. ) ;
#7145 =( GEOMETRIC_REPRESENTATION_CONTEXT ( 3 ) GLOBAL_UNCERTAINTY_ASSIGNED_CONTEXT ( ( #1471 ) ) GLOBAL_UNIT_ASSIGNED_CONTEXT ( ( #1617, #1694, #453 ) ) REPRESENTATION_CONTEXT ( 'NONE', 'WORKASPACE' ) );
#7146 = VECTOR ( 'NONE', #1727, 1000.000000000000000 ) ;
#7147 = ORIENTED_EDGE ( 'NONE', *, *, #5843, .T. ) ;
#7148 = CARTESIAN_POINT ( 'NONE',  ( -6.039557505991959729, 2.000000000000000000, -0.001218910109428671118 ) ) ;
#7149 = CARTESIAN_POINT ( 'NONE',  ( 5.080001416686587667, -0.9077823379421757766, -0.5145425000349558298 ) ) ;
#7150 = CARTESIAN_POINT ( 'NONE',  ( -1.930000000000000160, -1.930000000000000160, 10.52999999999999936 ) ) ;
#7151 = ADVANCED_FACE ( 'NONE', ( #7688 ), #439, .F. ) ;
#7152 = DIRECTION ( 'NONE',  ( 0.000000000000000000, 1.000000000000000000, 0.000000000000000000 ) ) ;
#7153 = EDGE_CURVE ( 'NONE', #4144, #7349, #1118, .T. ) ;
#7154 = AXIS2_PLACEMENT_3D ( 'NONE', #1048, #7809, #2345 ) ;
#7155 = ORIENTED_EDGE ( 'NONE', *, *, #64, .T. ) ;
#7156 = DIRECTION ( 'NONE',  ( 0.000000000000000000, 0.7071067811865486830, 0.7071067811865464625 ) ) ;
#7157 = VERTEX_POINT ( 'NONE', #3525 ) ;
#7158 = CARTESIAN_POINT ( 'NONE',  ( -1.735931910770915021, 1.427499221138368135, -0.1874230146763095350 ) ) ;
#7159 = LINE ( 'NONE', #6463, #2542 ) ;
#7160 = DIRECTION ( 'NONE',  ( -0.5023269556814738968, 0.000000000000000000, 0.8646777605534807787 ) ) ;
#7161 = VECTOR ( 'NONE', #6470, 1000.000000000000000 ) ;
#7162 = DIRECTION ( 'NONE',  ( 0.000000000000000000, -1.000000000000000000, 1.354471999999999926E-12 ) ) ;
#7163 = DIRECTION ( 'NONE',  ( 0.000000000000000000, 0.000000000000000000, -1.000000000000000000 ) ) ;
#7164 = CARTESIAN_POINT ( 'NONE',  ( 0.3807113030220994898, 1.016486998433163924, -0.5207649955485960103 ) ) ;
#7165 = ORIENTED_EDGE ( 'NONE', *, *, #3128, .T. ) ;
#7166 = ORIENTED_EDGE ( 'NONE', *, *, #6146, .T. ) ;
#7167 = ORIENTED_EDGE ( 'NONE', *, *, #4492, .T. ) ;
#7168 = VECTOR ( 'NONE', #2733, 1000.000000000000000 ) ;
#7169 = CARTESIAN_POINT ( 'NONE',  ( -3.755767004579999897E-05, -1.015000000002975966, -0.5854167929492140043 ) ) ;
#7170 = CARTESIAN_POINT ( 'NONE',  ( 5.750000000000000000, 2.939999999999999947, 5.989999999999999325 ) ) ;
#7171 = CARTESIAN_POINT ( 'NONE',  ( -5.270447323099739734, -0.9244400127042119442, -0.3426650189043550232 ) ) ;
#7172 = CARTESIAN_POINT ( 'NONE',  ( 2.600000000000000089, -2.939999999999999947, 3.449999999999999734 ) ) ;
#7173 =( BOUNDED_CURVE ( )  B_SPLINE_CURVE ( 3, ( #325, #2820, #405, #3380 ),
 .UNSPECIFIED., .F., .F. ) 
 B_SPLINE_CURVE_WITH_KNOTS ( ( 4, 4 ),
 ( 1.901949474725699973, 2.446490893624070129 ),
 .UNSPECIFIED. ) 
 CURVE ( )  GEOMETRIC_REPRESENTATION_ITEM ( )  RATIONAL_B_SPLINE_CURVE ( ( 1.000000000000000000, 0.9754418284225900848, 0.9754418284225900848, 1.000000000000000000 ) ) 
 REPRESENTATION_ITEM ( '' )  );
#7174 = ORIENTED_EDGE ( 'NONE', *, *, #573, .T. ) ;
#7175 = FACE_OUTER_BOUND ( 'NONE', #2456, .T. ) ;
#7176 = CARTESIAN_POINT ( 'NONE',  ( -4.132125679641385219, -1.217606375060205970, -0.3427476014966190365 ) ) ;
#7177 = LINE ( 'NONE', #4257, #2287 ) ;
#7178 = VERTEX_POINT ( 'NONE', #4046 ) ;
#7179 = CARTESIAN_POINT ( 'NONE',  ( 6.349999999999999645, -2.939999999999999947, 6.150000000000000355 ) ) ;
#7180 = ORIENTED_EDGE ( 'NONE', *, *, #4513, .F. ) ;
#7181 = CARTESIAN_POINT ( 'NONE',  ( 2.550000000000000266, -2.939999999999999947, 2.449999999999999734 ) ) ;
#7182 = ORIENTED_EDGE ( 'NONE', *, *, #7290, .T. ) ;
#7183 = ORIENTED_EDGE ( 'NONE', *, *, #2458, .F. ) ;
#7184 = EDGE_CURVE ( 'NONE', #3875, #6283, #5958, .T. ) ;
#7185 = FACE_OUTER_BOUND ( 'NONE', #5365, .T. ) ;
#7186 = CARTESIAN_POINT ( 'NONE',  ( 0.3800000000000000044, 0.6349999999941070561, -6.920000000001739870 ) ) ;
#7187 = CARTESIAN_POINT ( 'NONE',  ( -2.600000000000000089, 3.140000000000000124, 2.750000000000000000 ) ) ;
#7188 = ORIENTED_EDGE ( 'NONE', *, *, #4938, .T. ) ;
#7189 = FACE_OUTER_BOUND ( 'NONE', #738, .T. ) ;
#7190 = ORIENTED_EDGE ( 'NONE', *, *, #1064, .T. ) ;
#7191 = CARTESIAN_POINT ( 'NONE',  ( -4.580542385841639863, 0.7100767735804169867, -0.7165661634152009629 ) ) ;
#7192 = EDGE_CURVE ( 'NONE', #6774, #5437, #2228, .T. ) ;
#7193 = CARTESIAN_POINT ( 'NONE',  ( 2.550000000000000266, -2.939999999999999947, 2.449999999999999734 ) ) ;
#7194 = DIRECTION ( 'NONE',  ( -0.5023269556814699000, 0.000000000000000000, -0.8646777605534828881 ) ) ;
#7195 = EDGE_CURVE ( 'NONE', #7157, #6805, #7120, .T. ) ;
#7196 = DIRECTION ( 'NONE',  ( 1.000000000000000000, 0.000000000000000000, 0.000000000000000000 ) ) ;
#7197 = FACE_OUTER_BOUND ( 'NONE', #5105, .T. ) ;
#7198 = CARTESIAN_POINT ( 'NONE',  ( 5.200000000000000178, 2.674999999999999822, 5.989999999999999325 ) ) ;
#7199 = ORIENTED_EDGE ( 'NONE', *, *, #811, .T. ) ;
#7200 = VERTEX_POINT ( 'NONE', #7170 ) ;
#7201 = ORIENTED_EDGE ( 'NONE', *, *, #1383, .T. ) ;
#7202 = DIRECTION ( 'NONE',  ( 0.000000000000000000, 1.000000000000000000, 0.000000000000000000 ) ) ;
#7203 = FACE_OUTER_BOUND ( 'NONE', #4979, .T. ) ;
#7204 = CARTESIAN_POINT ( 'NONE',  ( 6.349999999999999645, 2.810000000000000053, 6.349999999999999645 ) ) ;
#7205 = CARTESIAN_POINT ( 'NONE',  ( -5.080005817405119473, 0.7860250225303830884, -0.5628653667433098917 ) ) ;
#7206 = ORIENTED_EDGE ( 'NONE', *, *, #3984, .T. ) ;
#7207 = CARTESIAN_POINT ( 'NONE',  ( -1.930000000000000160, 1.930000000000000160, 10.52999999999999936 ) ) ;
#7208 = CARTESIAN_POINT ( 'NONE',  ( -4.675397377644099350, -0.9160182224247629401, -0.6685596430609710428 ) ) ;
#7209 = CARTESIAN_POINT ( 'NONE',  ( 2.432500000000000107, 3.318000000000000060, 2.449999999999999734 ) ) ;
#7210 = VERTEX_POINT ( 'NONE', #2813 ) ;
#7211 = FACE_OUTER_BOUND ( 'NONE', #602, .T. ) ;
#7212 = ORIENTED_EDGE ( 'NONE', *, *, #5621, .T. ) ;
#7213 = ADVANCED_FACE ( 'NONE', ( #5924 ), #1716, .T. ) ;
#7214 = CARTESIAN_POINT ( 'NONE',  ( -5.080000000363959600, -1.014999999870513925, -0.4618020215275360218 ) ) ;
#7215 = B_SPLINE_CURVE_WITH_KNOTS ( 'NONE', 3,
 ( #4379, #3096, #1363, #639, #1998, #3811, #2465, #3771, #6201, #3057, #7329, #1870, #6765, #3172, #5023, #4419 ),
 .UNSPECIFIED., .F., .F.,
 ( 4, 1, 1, 1, 1, 1, 1, 1, 1, 1, 1, 1, 1, 4 ),
 ( 0.000000000000000000, 0.02674919986544357572, 0.1127456848859932081, 0.2847386549270967682, 0.3994006349544985679, 0.4567316249681983575, 0.5140626149819002011, 0.5713936049955998797, 0.6287245950093018898, 0.6860555850230016794, 0.7433865750367036895, 0.8867140500709552731, 0.9727105350915069559, 1.000000000000000000 ),
 .UNSPECIFIED. ) ;
#7216 = VERTEX_POINT ( 'NONE', #4621 ) ;
#7217 = DIRECTION ( 'NONE',  ( 1.000000000000000000, 0.000000000000000000, 0.000000000000000000 ) ) ;
#7218 = DIRECTION ( 'NONE',  ( 0.000000000000000000, 0.000000000000000000, 1.000000000000000000 ) ) ;
#7219 = CARTESIAN_POINT ( 'NONE',  ( 1.280822920200802129, -1.930000000000000160, 11.10885853320217898 ) ) ;
#7220 = EDGE_CURVE ( 'NONE', #2241, #485, #4130, .T. ) ;
#7221 = DIRECTION ( 'NONE',  ( 0.000000000000000000, -1.000000000000000000, 0.000000000000000000 ) ) ;
#7222 = ADVANCED_FACE ( 'NONE', ( #4091 ), #7719, .F. ) ;
#7223 = ORIENTED_EDGE ( 'NONE', *, *, #2224, .T. ) ;
#7224 = LINE ( 'NONE', #1882, #7276 ) ;
#7225 = ORIENTED_EDGE ( 'NONE', *, *, #5567, .F. ) ;
#7226 = CARTESIAN_POINT ( 'NONE',  ( -0.7249999999999999778, 2.939999999999999947, 3.504999999999999893 ) ) ;
#7227 = LINE ( 'NONE', #1139, #6101 ) ;
#7228 = EDGE_CURVE ( 'NONE', #5235, #4525, #6517, .T. ) ;
#7229 = CARTESIAN_POINT ( 'NONE',  ( 3.538007269260427237E-05, 1.034642959984045651, -0.5648367785069545732 ) ) ;
#7230 = CARTESIAN_POINT ( 'NONE',  ( -5.750000000000000000, 2.939999999999999947, 5.190000000000000391 ) ) ;
#7231 = DIRECTION ( 'NONE',  ( 0.5023269556814770054, 0.000000000000000000, 0.8646777605534790023 ) ) ;
#7232 = ADVANCED_FACE ( 'NONE', ( #7203 ), #1750, .T. ) ;
#7233 = CARTESIAN_POINT ( 'NONE',  ( -4.677007080684940199, 1.015000068600196093, -0.5827641873072170187 ) ) ;
#7234 = ORIENTED_EDGE ( 'NONE', *, *, #1773, .F. ) ;
#7235 = ORIENTED_EDGE ( 'NONE', *, *, #7184, .T. ) ;
#7236 = ORIENTED_EDGE ( 'NONE', *, *, #5009, .T. ) ;
#7237 = EDGE_CURVE ( 'NONE', #459, #220, #3372, .T. ) ;
#7238 = EDGE_CURVE ( 'NONE', #6235, #3780, #5206, .T. ) ;
#7239 = CARTESIAN_POINT ( 'NONE',  ( -4.850000000000000533, -3.140000000000000124, 2.449999999999999734 ) ) ;
#7240 = CARTESIAN_POINT ( 'NONE',  ( -2.799999999999999822, -2.000000000000000000, 4.989999999999999325 ) ) ;
#7241 = CARTESIAN_POINT ( 'NONE',  ( -6.025246990541299752, -1.914322486077569829, -0.003873162665546399982 ) ) ;
#7242 = LINE ( 'NONE', #4326, #2527 ) ;
#7243 = EDGE_CURVE ( 'NONE', #5475, #1689, #4494, .T. ) ;
#7244 = ORIENTED_EDGE ( 'NONE', *, *, #5757, .F. ) ;
#7245 = CARTESIAN_POINT ( 'NONE',  ( -0.7249999999999999778, -3.140000000000000124, 2.429999999999999716 ) ) ;
#7246 = VECTOR ( 'NONE', #4669, 1000.000000000000000 ) ;
#7247 = CARTESIAN_POINT ( 'NONE',  ( -1.934101113464764765, -1.454512272487695990, -0.1713829851504895252 ) ) ;
#7248 = VECTOR ( 'NONE', #1222, 1000.000000000000114 ) ;
#7249 = DIRECTION ( 'NONE',  ( 0.000000000000000000, 1.000000000000000000, 0.000000000000000000 ) ) ;
#7250 = ORIENTED_EDGE ( 'NONE', *, *, #3903, .F. ) ;
#7251 = LINE ( 'NONE', #3535, #2420 ) ;
#7252 = AXIS2_PLACEMENT_3D ( 'NONE', #2267, #1723, #3533 ) ;
#7253 = EDGE_LOOP ( 'NONE', ( #5956, #3548, #471, #3840 ) ) ;
#7254 = PLANE ( 'NONE',  #786 ) ;
#7255 = AXIS2_PLACEMENT_3D ( 'NONE', #951, #1806, #4789 ) ;
#7256 = VECTOR ( 'NONE', #2638, 1000.000000000000000 ) ;
#7257 = DIRECTION ( 'NONE',  ( -1.000000000000000222, 8.981215399926574126E-17, -5.551115123125782702E-17 ) ) ;
#7258 = ORIENTED_EDGE ( 'NONE', *, *, #1352, .F. ) ;
#7259 = CARTESIAN_POINT ( 'NONE',  ( 0.9382497477112549111, -0.9747875849301259610, -0.3915935958186589905 ) ) ;
#7260 = EDGE_CURVE ( 'NONE', #5591, #1464, #3408, .T. ) ;
#7261 = AXIS2_PLACEMENT_3D ( 'NONE', #6565, #5415, #5971 ) ;
#7262 = DIRECTION ( 'NONE',  ( 0.000000000000000000, 0.000000000000000000, 1.000000000000000000 ) ) ;
#7263 = CARTESIAN_POINT ( 'NONE',  ( -0.6123385083052179656, -2.939999999999999947, 3.893157894736865021 ) ) ;
#7264 = DIRECTION ( 'NONE',  ( 0.000000000000000000, 0.000000000000000000, -1.000000000000000000 ) ) ;
#7265 = VECTOR ( 'NONE', #7398, 1000.000000000000000 ) ;
#7266 = VERTEX_POINT ( 'NONE', #4689 ) ;
#7267 = CARTESIAN_POINT ( 'NONE',  ( -6.077022102036160334, 1.997048881006389776, -1.732687416000000148E-17 ) ) ;
#7268 = ORIENTED_EDGE ( 'NONE', *, *, #1499, .T. ) ;
#7269 = VECTOR ( 'NONE', #978, 1000.000000000000000 ) ;
#7270 = CARTESIAN_POINT ( 'NONE',  ( -4.564571927247180305, 1.102955058836549984, -0.4722892415111949460 ) ) ;
#7271 = CARTESIAN_POINT ( 'NONE',  ( 0.2342655120649635714, 1.015000006335841753, -0.5522746325543533841 ) ) ;
#7272 = ADVANCED_FACE ( 'NONE', ( #4655 ), #7087, .F. ) ;
#7273 = DIRECTION ( 'NONE',  ( 0.000000000000000000, 1.000000000000000000, 0.000000000000000000 ) ) ;
#7274 = CARTESIAN_POINT ( 'NONE',  ( -0.009436505071910199563, 2.122999999999999776, 11.44624347644646001 ) ) ;
#7275 = LINE ( 'NONE', #7833, #1682 ) ;
#7276 = VECTOR ( 'NONE', #4189, 1000.000000000000000 ) ;
#7277 = CARTESIAN_POINT ( 'NONE',  ( 0.06292669719146440355, 0.9264133517512769256, -0.6517666523561640446 ) ) ;
#7278 = VERTEX_POINT ( 'NONE', #1782 ) ;
#7279 = ORIENTED_EDGE ( 'NONE', *, *, #1014, .T. ) ;
#7280 = ORIENTED_EDGE ( 'NONE', *, *, #6680, .F. ) ;
#7281 = DIRECTION ( 'NONE',  ( 0.000000000000000000, -0.9615239476408231623, 0.2747211278973781257 ) ) ;
#7282 = VECTOR ( 'NONE', #5152, 1000.000000000000000 ) ;
#7283 = DIRECTION ( 'NONE',  ( 1.000000000000000000, 0.000000000000000000, 0.000000000000000000 ) ) ;
#7284 = DIRECTION ( 'NONE',  ( 0.000000000000000000, -1.000000000000000000, 3.005374000000000034E-12 ) ) ;
#7285 = CARTESIAN_POINT ( 'NONE',  ( 8.455000000000000071, 2.810000000000000053, 5.989999999999999325 ) ) ;
#7286 = ADVANCED_FACE ( 'NONE', ( #3041 ), #3640, .T. ) ;
#7287 = AXIS2_PLACEMENT_3D ( 'NONE', #7607, #3928, #1993 ) ;
#7288 = ORIENTED_EDGE ( 'NONE', *, *, #6199, .T. ) ;
#7289 = CARTESIAN_POINT ( 'NONE',  ( -1.280822920200802129, 1.930000000000000160, 11.10885853320217898 ) ) ;
#7290 = EDGE_CURVE ( 'NONE', #663, #5591, #5440, .T. ) ;
#7291 = CARTESIAN_POINT ( 'NONE',  ( -0.8847803638008340243, -1.167040511287663840, -0.3592233061005160044 ) ) ;
#7292 = FACE_OUTER_BOUND ( 'NONE', #6277, .T. ) ;
#7293 = VECTOR ( 'NONE', #514, 1000.000000000000000 ) ;
#7294 = ORIENTED_EDGE ( 'NONE', *, *, #7195, .F. ) ;
#7295 = EDGE_CURVE ( 'NONE', #3760, #4303, #5519, .T. ) ;
#7296 = VERTEX_POINT ( 'NONE', #1826 ) ;
#7297 = FACE_BOUND ( 'NONE', #1226, .T. ) ;
#7298 = EDGE_LOOP ( 'NONE', ( #7511, #3546, #6290, #611 ) ) ;
#7299 = CARTESIAN_POINT ( 'NONE',  ( 2.831868010084479970, -1.291847850064893999, -0.2100567741752230044 ) ) ;
#7300 = DIRECTION ( 'NONE',  ( -0.2562207112934029585, 0.000000000000000000, -0.9666183047637276760 ) ) ;
#7301 = CARTESIAN_POINT ( 'NONE',  ( 6.985000000000000320, -2.739999999999999769, 6.150000000000000355 ) ) ;
#7302 = CARTESIAN_POINT ( 'NONE',  ( 6.349999999999999645, -2.834999999999999964, 6.325997159067980213 ) ) ;
#7303 = ORIENTED_EDGE ( 'NONE', *, *, #6395, .T. ) ;
#7304 = CARTESIAN_POINT ( 'NONE',  ( -1.387778784000000141E-16, 3.149999999999999911, 3.504999999999999893 ) ) ;
#7305 = ORIENTED_EDGE ( 'NONE', *, *, #7806, .F. ) ;
#7306 = CARTESIAN_POINT ( 'NONE',  ( -2.550000000000000266, -2.939999999999999947, 3.899999999999999911 ) ) ;
#7307 = FACE_OUTER_BOUND ( 'NONE', #5032, .T. ) ;
#7308 = CARTESIAN_POINT ( 'NONE',  ( -1.749450054137954957, 1.930000000000000160, 10.84078866282271925 ) ) ;
#7309 = DIRECTION ( 'NONE',  ( 0.000000000000000000, 0.000000000000000000, 1.000000000000000000 ) ) ;
#7310 = FACE_OUTER_BOUND ( 'NONE', #2449, .T. ) ;
#7311 = CARTESIAN_POINT ( 'NONE',  ( 0.01581249524134199780, 0.9980394476906709889, -0.6058781222085409812 ) ) ;
#7312 = ORIENTED_EDGE ( 'NONE', *, *, #2463, .F. ) ;
#7313 = VERTEX_POINT ( 'NONE', #3721 ) ;
#7314 = ORIENTED_EDGE ( 'NONE', *, *, #4408, .T. ) ;
#7315 = EDGE_CURVE ( 'NONE', #6441, #7597, #4282, .T. ) ;
#7316 = CARTESIAN_POINT ( 'NONE',  ( -5.080000000000000071, 1.014999999999980140, -0.4618021503207510037 ) ) ;
#7317 = DIRECTION ( 'NONE',  ( -0.3939999999999998503, 0.000000000000000000, -0.9191104395011516770 ) ) ;
#7318 = CARTESIAN_POINT ( 'NONE',  ( 6.080000000000000071, -2.009999999999999787, 0.000000000000000000 ) ) ;
#7319 = B_SPLINE_CURVE_WITH_KNOTS ( 'NONE', 3,
 ( #7214, #603, #1760, #4179, #43, #5531 ),
 .UNSPECIFIED., .F., .F.,
 ( 4, 2, 4 ),
 ( -0.01395017137103999987, -0.006217379056995000174, -4.394133340999278881E-06 ),
 .UNSPECIFIED. ) ;
#7320 = LINE ( 'NONE', #3680, #1401 ) ;
#7321 = ORIENTED_EDGE ( 'NONE', *, *, #1531, .F. ) ;
#7322 = FACE_OUTER_BOUND ( 'NONE', #3046, .T. ) ;
#7323 = EDGE_CURVE ( 'NONE', #1191, #4858, #3606, .T. ) ;
#7324 = CARTESIAN_POINT ( 'NONE',  ( -1.297678252809730148, -1.229695952377445778, -0.2852532264262134798 ) ) ;
#7325 = DIRECTION ( 'NONE',  ( 0.000000000000000000, 1.000000000000000000, 0.000000000000000000 ) ) ;
#7326 = EDGE_LOOP ( 'NONE', ( #4436, #6694, #5160, #2588 ) ) ;
#7327 = ADVANCED_FACE ( 'NONE', ( #5483 ), #3119, .F. ) ;
#7328 = VERTEX_POINT ( 'NONE', #1229 ) ;
#7329 = CARTESIAN_POINT ( 'NONE',  ( 1.581518966595574671, 1.175669355199211008, -0.2531217941546475836 ) ) ;
#7330 = EDGE_CURVE ( 'NONE', #1691, #5320, #6112, .T. ) ;
#7331 = EDGE_CURVE ( 'NONE', #7340, #1757, #2522, .T. ) ;
#7332 = CARTESIAN_POINT ( 'NONE',  ( -6.054584933143579484, 2.023808576086920219, 0.0006344093925706000003 ) ) ;
#7333 = ORIENTED_EDGE ( 'NONE', *, *, #1700, .F. ) ;
#7334 = CARTESIAN_POINT ( 'NONE',  ( 0.8885689954243429778, -1.106340192336806139, -0.3808807145649875103 ) ) ;
#7335 = LINE ( 'NONE', #723, #3542 ) ;
#7336 = CARTESIAN_POINT ( 'NONE',  ( -1.749450054137954957, -1.930000000000000160, 10.84078866282271925 ) ) ;
#7337 = DIRECTION ( 'NONE',  ( -0.7071067811865474617, 0.000000000000000000, -0.7071067811865474617 ) ) ;
#7338 = VERTEX_POINT ( 'NONE', #6705 ) ;
#7339 = CARTESIAN_POINT ( 'NONE',  ( 6.078478031076167021, 2.000000000000000000, 0.000000000000000000 ) ) ;
#7340 = VERTEX_POINT ( 'NONE', #6632 ) ;
#7341 = PLANE ( 'NONE',  #7044 ) ;
#7342 = DIRECTION ( 'NONE',  ( 0.000000000000000000, 0.000000000000000000, 1.000000000000000000 ) ) ;
#7343 = CARTESIAN_POINT ( 'NONE',  ( 2.799999999999999822, 2.000000000000000000, 4.989999999999999325 ) ) ;
#7344 = DIRECTION ( 'NONE',  ( 0.9666183047637282311, 0.000000000000000000, -0.2562207112934010711 ) ) ;
#7345 = CARTESIAN_POINT ( 'NONE',  ( -0.4180000000015540174, -1.015000000000000124, -0.5169282068434239985 ) ) ;
#7346 = CARTESIAN_POINT ( 'NONE',  ( -1.476675616249464085, 2.122999999999999776, 10.77172856495676179 ) ) ;
#7347 = DIRECTION ( 'NONE',  ( -1.000000000000000000, 0.000000000000000000, 0.000000000000000000 ) ) ;
#7348 = ORIENTED_EDGE ( 'NONE', *, *, #5053, .T. ) ;
#7349 = VERTEX_POINT ( 'NONE', #6002 ) ;
#7350 = VERTEX_POINT ( 'NONE', #1947 ) ;
#7351 = DIRECTION ( 'NONE',  ( 6.777815999999997524E-17, 0.9615239476408231623, 0.2747211278973781257 ) ) ;
#7352 = CYLINDRICAL_SURFACE ( 'NONE', #5984, 5.000000000000001776 ) ;
#7353 = DIRECTION ( 'NONE',  ( 0.000000000000000000, 0.000000000000000000, -1.000000000000000000 ) ) ;
#7354 = DIRECTION ( 'NONE',  ( 0.000000000000000000, 0.000000000000000000, 1.000000000000000000 ) ) ;
#7355 = ORIENTED_EDGE ( 'NONE', *, *, #3184, .F. ) ;
#7356 = CARTESIAN_POINT ( 'NONE',  ( 4.320000000000000284, -1.015000000000000124, -0.6499999999999909184 ) ) ;
#7357 = CARTESIAN_POINT ( 'NONE',  ( -0.9629421952248899963, -0.9655605842861200161, -0.3844184903196735115 ) ) ;
#7358 = CARTESIAN_POINT ( 'NONE',  ( 1.749450054137954957, 1.930000000000000160, 10.84078866282271925 ) ) ;
#7359 = VERTEX_POINT ( 'NONE', #593 ) ;
#7360 = EDGE_CURVE ( 'NONE', #5066, #6701, #30, .T. ) ;
#7361 = EDGE_LOOP ( 'NONE', ( #7616, #2507, #3342, #1291, #4278, #3798, #3215, #4203 ) ) ;
#7362 = ORIENTED_EDGE ( 'NONE', *, *, #6829, .F. ) ;
#7363 = LINE ( 'NONE', #1911, #6239 ) ;
#7364 = VECTOR ( 'NONE', #731, 1000.000000000000114 ) ;
#7365 = VECTOR ( 'NONE', #6519, 1000.000000000000000 ) ;
#7366 = CARTESIAN_POINT ( 'NONE',  ( -4.956744348495360164, 0.9532471422552940554, -0.5730107494636110799 ) ) ;
#7367 = EDGE_CURVE ( 'NONE', #1277, #1251, #65, .T. ) ;
#7368 = ORIENTED_EDGE ( 'NONE', *, *, #425, .F. ) ;
#7369 = CARTESIAN_POINT ( 'NONE',  ( 0.8645834244579120309, -1.161078780830834045, -0.3646225510789665170 ) ) ;
#7370 = DIRECTION ( 'NONE',  ( -0.2562207112934001274, 0.000000000000000000, -0.9666183047637283421 ) ) ;
#7371 = VECTOR ( 'NONE', #4813, 1000.000000000000000 ) ;
#7372 = CARTESIAN_POINT ( 'NONE',  ( -0.6123385083052179656, 2.939999999999999947, 3.893157894736865021 ) ) ;
#7373 = ADVANCED_FACE ( 'NONE', ( #670 ), #7352, .F. ) ;
#7374 = AXIS2_PLACEMENT_3D ( 'NONE', #5191, #3471, #2756 ) ;
#7375 = CARTESIAN_POINT ( 'NONE',  ( 2.432500000000000107, -2.939999999999999947, 3.972500000000000142 ) ) ;
#7376 = ORIENTED_EDGE ( 'NONE', *, *, #6829, .T. ) ;
#7377 = CARTESIAN_POINT ( 'NONE',  ( -4.705545243475909523, -1.015000006155439838, -0.5861221958633979767 ) ) ;
#7378 = ORIENTED_EDGE ( 'NONE', *, *, #6674, .F. ) ;
#7379 = VECTOR ( 'NONE', #732, 1000.000000000000000 ) ;
#7380 = LINE ( 'NONE', #1930, #4102 ) ;
#7381 = AXIS2_PLACEMENT_3D ( 'NONE', #4790, #4115, #4187 ) ;
#7382 = CARTESIAN_POINT ( 'NONE',  ( 5.696426992552289903, 1.559385008832814945, -0.06492768696765820191 ) ) ;
#7383 = LINE ( 'NONE', #5630, #6856 ) ;
#7384 = CARTESIAN_POINT ( 'NONE',  ( 5.580000000000000071, 0.6350000000000000089, -4.370000000000000107 ) ) ;
#7385 = ADVANCED_FACE ( 'NONE', ( #4323 ), #4207, .F. ) ;
#7386 = CARTESIAN_POINT ( 'NONE',  ( -0.7249999999999999778, 2.939999999999999947, 3.504999999999999893 ) ) ;
#7387 = VECTOR ( 'NONE', #3004, 1000.000000000000000 ) ;
#7388 = CARTESIAN_POINT ( 'NONE',  ( -4.700000000000000178, -2.339999999999999858, 4.989999999999999325 ) ) ;
#7389 = EDGE_CURVE ( 'NONE', #1487, #6888, #1196, .T. ) ;
#7390 = VECTOR ( 'NONE', #5073, 1000.000000000000000 ) ;
#7391 = ORIENTED_EDGE ( 'NONE', *, *, #6585, .F. ) ;
#7392 = FACE_OUTER_BOUND ( 'NONE', #4954, .T. ) ;
#7393 = VERTEX_POINT ( 'NONE', #2452 ) ;
#7394 = VECTOR ( 'NONE', #6340, 1000.000000000000000 ) ;
#7395 = ORIENTED_EDGE ( 'NONE', *, *, #714, .F. ) ;
#7396 = ORIENTED_EDGE ( 'NONE', *, *, #708, .F. ) ;
#7397 = DIRECTION ( 'NONE',  ( -1.000000000000000000, 0.000000000000000000, 0.000000000000000000 ) ) ;
#7398 = DIRECTION ( 'NONE',  ( 0.000000000000000000, 1.000000000000000000, 0.000000000000000000 ) ) ;
#7399 = CARTESIAN_POINT ( 'NONE',  ( 0.2669868181195300116, 1.930000000000000160, 11.40036177549232121 ) ) ;
#7400 = VECTOR ( 'NONE', #3947, 1000.000000000000000 ) ;
#7401 = DIRECTION ( 'NONE',  ( 0.000000000000000000, 0.7071067811865486830, 0.7071067811865464625 ) ) ;
#7402 = CARTESIAN_POINT ( 'NONE',  ( 4.514692942195450698, 0.8808777956959780164, -0.6395893356715011135 ) ) ;
#7403 = ORIENTED_EDGE ( 'NONE', *, *, #5050, .F. ) ;
#7404 = DIRECTION ( 'NONE',  ( 1.000000000000000000, 0.000000000000000000, 0.000000000000000000 ) ) ;
#7405 = AXIS2_PLACEMENT_3D ( 'NONE', #7304, #6693, #612 ) ;
#7406 = CARTESIAN_POINT ( 'NONE',  ( -0.1563417280607495019, -0.7231142885063259751, -0.6984259569073699714 ) ) ;
#7407 = CARTESIAN_POINT ( 'NONE',  ( -4.850000000000000533, -2.939999999999999947, 3.449999999999999734 ) ) ;
#7408 = ORIENTED_EDGE ( 'NONE', *, *, #7089, .T. ) ;
#7409 = CARTESIAN_POINT ( 'NONE',  ( -6.080000000000000071, 1.977388391055314942, 0.000000000000000000 ) ) ;
#7410 = VECTOR ( 'NONE', #2731, 1000.000000000000000 ) ;
#7411 = VERTEX_POINT ( 'NONE', #3567 ) ;
#7412 = CARTESIAN_POINT ( 'NONE',  ( -5.142078460814422769, 0.6787278504585718686, -0.5021291433391837922 ) ) ;
#7413 = EDGE_CURVE ( 'NONE', #1457, #4503, #4847, .T. ) ;
#7414 = VECTOR ( 'NONE', #3675, 1000.000000000000000 ) ;
#7415 = CARTESIAN_POINT ( 'NONE',  ( -6.069272814349979228, 2.009164402164735019, -2.646184649200000015E-06 ) ) ;
#7416 = ORIENTED_EDGE ( 'NONE', *, *, #1814, .F. ) ;
#7417 = CARTESIAN_POINT ( 'NONE',  ( 4.187804292382690363, -0.7852812010969726364, -0.5439440843702396666 ) ) ;
#7418 = DIRECTION ( 'NONE',  ( -1.000000000000000000, 0.000000000000000000, 0.000000000000000000 ) ) ;
#7419 = CARTESIAN_POINT ( 'NONE',  ( 0.7800000000000000266, -2.939999999999999947, 1.350000000000000089 ) ) ;
#7420 = CARTESIAN_POINT ( 'NONE',  ( -4.320000000000000284, 1.015000000000000124, -0.6499999999999909184 ) ) ;
#7421 = VERTEX_POINT ( 'NONE', #6671 ) ;
#7422 = CARTESIAN_POINT ( 'NONE',  ( 5.966929091877064550, 1.820828697057508494, -0.008533313211091421088 ) ) ;
#7423 = ORIENTED_EDGE ( 'NONE', *, *, #3507, .T. ) ;
#7424 = CARTESIAN_POINT ( 'NONE',  ( 5.872168344921569805, -1.892063428465718955, -0.01062880780759075869 ) ) ;
#7425 = EDGE_CURVE ( 'NONE', #5708, #3502, #3194, .T. ) ;
#7426 = CARTESIAN_POINT ( 'NONE',  ( 1.519491846963365145, 1.930000000000000160, 10.98449536552962158 ) ) ;
#7427 = CARTESIAN_POINT ( 'NONE',  ( 6.059385710652334112, 1.998131442263654689, -0.0007714979195068690865 ) ) ;
#7428 = LINE ( 'NONE', #6820, #4588 ) ;
#7429 = CARTESIAN_POINT ( 'NONE',  ( -5.750000000000000000, -2.939999999999999947, 5.190000000000000391 ) ) ;
#7430 = EDGE_CURVE ( 'NONE', #2381, #7536, #2686, .T. ) ;
#7431 = CARTESIAN_POINT ( 'NONE',  ( -3.755767004579999897E-05, -1.015000000002975966, -0.5854167929492140043 ) ) ;
#7432 = ORIENTED_EDGE ( 'NONE', *, *, #2889, .T. ) ;
#7433 = CARTESIAN_POINT ( 'NONE',  ( -6.075434093160089866, 1.999999998400820100, -4.471741119999999362E-11 ) ) ;
#7434 = VERTEX_POINT ( 'NONE', #6870 ) ;
#7435 = VERTEX_POINT ( 'NONE', #912 ) ;
#7436 = EDGE_CURVE ( 'NONE', #4290, #6568, #2105, .T. ) ;
#7437 = DIRECTION ( 'NONE',  ( 1.000000000000000000, 0.000000000000000000, 0.000000000000000000 ) ) ;
#7438 = EDGE_CURVE ( 'NONE', #2968, #6703, #7856, .T. ) ;
#7439 = CARTESIAN_POINT ( 'NONE',  ( 6.049999999999999822, -1.614999999999999991, 6.349999999999999645 ) ) ;
#7440 = CARTESIAN_POINT ( 'NONE',  ( 2.550000000000000266, 3.299999999999999822, 2.449999999999999734 ) ) ;
#7441 = CARTESIAN_POINT ( 'NONE',  ( 5.972852498632429175, -1.828843960202884977, -0.007317483515321200269 ) ) ;
#7442 = CARTESIAN_POINT ( 'NONE',  ( 2.849339161203729986, 1.246325149210349981, -0.2160944283017700029 ) ) ;
#7443 = VERTEX_POINT ( 'NONE', #3755 ) ;
#7444 = DIRECTION ( 'NONE',  ( -1.000000000000000000, 0.000000000000000000, 0.000000000000000000 ) ) ;
#7445 = CARTESIAN_POINT ( 'NONE',  ( 4.319999947133485563, -0.9253776388611183457, -0.5737738034041206525 ) ) ;
#7446 = DIRECTION ( 'NONE',  ( 0.000000000000000000, -5.819087000000000297E-09, -1.000000000000000000 ) ) ;
#7447 = DIRECTION ( 'NONE',  ( 0.000000000000000000, 0.4860508161863231202, -0.8739305487763939784 ) ) ;
#7448 = ORIENTED_EDGE ( 'NONE', *, *, #1688, .F. ) ;
#7449 = CARTESIAN_POINT ( 'NONE',  ( -2.550000000000000266, -3.299999999999999822, 2.449999999999999734 ) ) ;
#7450 = EDGE_CURVE ( 'NONE', #3381, #7349, #3844, .T. ) ;
#7451 = ORIENTED_EDGE ( 'NONE', *, *, #470, .T. ) ;
#7452 = CARTESIAN_POINT ( 'NONE',  ( 2.600000000000000089, 2.939999999999999947, 2.449999999999999734 ) ) ;
#7453 = CARTESIAN_POINT ( 'NONE',  ( -4.952067116137250480, 1.227545708249011991, -0.3231181922214035329 ) ) ;
#7454 = VERTEX_POINT ( 'NONE', #5760 ) ;
#7455 = PLANE ( 'NONE',  #7634 ) ;
#7456 = CARTESIAN_POINT ( 'NONE',  ( -5.723784593483559391, -1.784900358745475257, -0.02964059415511620735 ) ) ;
#7457 = LINE ( 'NONE', #5695, #1425 ) ;
#7458 = ORIENTED_EDGE ( 'NONE', *, *, #1258, .F. ) ;
#7459 = DIRECTION ( 'NONE',  ( 0.000000000000000000, -1.000000000000000000, 0.000000000000000000 ) ) ;
#7460 = ORIENTED_EDGE ( 'NONE', *, *, #3854, .F. ) ;
#7461 = CARTESIAN_POINT ( 'NONE',  ( 0.3799999983500709777, 1.014999997297824086, -0.5232625667208050668 ) ) ;
#7462 = DIRECTION ( 'NONE',  ( 0.000000000000000000, 0.000000000000000000, -1.000000000000000000 ) ) ;
#7463 = DIRECTION ( 'NONE',  ( -0.2562207112933960751, 0.000000000000000000, 0.9666183047637294523 ) ) ;
#7464 = CARTESIAN_POINT ( 'NONE',  ( 5.750000000000000000, -3.233999999999999986, 6.259500000000000064 ) ) ;
#7465 = FACE_OUTER_BOUND ( 'NONE', #2153, .T. ) ;
#7466 = DIRECTION ( 'NONE',  ( 1.000000000000000000, 0.000000000000000000, 0.000000000000000000 ) ) ;
#7467 = EDGE_CURVE ( 'NONE', #2535, #406, #3792, .T. ) ;
#7468 = EDGE_LOOP ( 'NONE', ( #2078, #210, #3604, #1730 ) ) ;
#7469 = DIRECTION ( 'NONE',  ( 0.000000000000000000, 1.000000000000000000, 0.000000000000000000 ) ) ;
#7470 = ORIENTED_EDGE ( 'NONE', *, *, #6203, .T. ) ;
#7471 = ORIENTED_EDGE ( 'NONE', *, *, #1814, .T. ) ;
#7472 = CARTESIAN_POINT ( 'NONE',  ( -0.1708964133388495010, 0.6767916327061790360, -0.6953457006748799962 ) ) ;
#7473 = CARTESIAN_POINT ( 'NONE',  ( 1.213391097672107843, -1.377871501176100022, -0.2225651465021669939 ) ) ;
#7474 = CARTESIAN_POINT ( 'NONE',  ( 4.748046103806149887, 1.015000007048021846, -0.5906503120594719380 ) ) ;
#7475 = ADVANCED_FACE ( 'NONE', ( #2637 ), #307, .F. ) ;
#7476 = LINE ( 'NONE', #6275, #4447 ) ;
#7477 = CARTESIAN_POINT ( 'NONE',  ( 2.549609587035499558, 1.516104186934940090, -0.1413144292586636097 ) ) ;
#7478 = EDGE_CURVE ( 'NONE', #7313, #459, #2064, .T. ) ;
#7479 = ADVANCED_FACE ( 'NONE', ( #4489 ), #2140, .T. ) ;
#7480 = ORIENTED_EDGE ( 'NONE', *, *, #7539, .T. ) ;
#7481 = CARTESIAN_POINT ( 'NONE',  ( -0.4180000000000045346, 1.034000000000000030, -0.6499999999999909184 ) ) ;
#7482 = CARTESIAN_POINT ( 'NONE',  ( -6.628499999999999837, -2.922000000000000153, 1.350000000000000089 ) ) ;
#7483 = LINE ( 'NONE', #2113, #7168 ) ;
#7484 = CARTESIAN_POINT ( 'NONE',  ( 0.000000000000000000, 0.000000000000000000, 28.24000000000000199 ) ) ;
#7485 = LINE ( 'NONE', #5651, #2567 ) ;
#7486 = EDGE_CURVE ( 'NONE', #2284, #1691, #1469, .T. ) ;
#7487 = EDGE_CURVE ( 'NONE', #1891, #4305, #1692, .T. ) ;
#7488 = EDGE_LOOP ( 'NONE', ( #60, #6877, #979, #99 ) ) ;
#7489 = DIRECTION ( 'NONE',  ( -1.000000000000000000, 0.000000000000000000, 0.000000000000000000 ) ) ;
#7490 = CARTESIAN_POINT ( 'NONE',  ( -5.217720291178649994, 1.000171833740342020, -0.3713331627888059594 ) ) ;
#7491 = VERTEX_POINT ( 'NONE', #5642 ) ;
#7492 = B_SPLINE_CURVE_WITH_KNOTS ( 'NONE', 3,
 ( #5989, #4909, #2363, #6060, #6095, #5396 ),
 .UNSPECIFIED., .F., .F.,
 ( 4, 2, 4 ),
 ( 2.716447399999999980E-08, 0.001005312149144999912, 0.002319263279385000171 ),
 .UNSPECIFIED. ) ;
#7493 = DIRECTION ( 'NONE',  ( 0.000000000000000000, -1.000000000000000000, 0.000000000000000000 ) ) ;
#7494 = PRODUCT ( '500SSP1S1M7QEA--3DModel-STEP-520916', '500SSP1S1M7QEA--3DModel-STEP-520916', '', ( #1209 ) ) ;
#7495 = CARTESIAN_POINT ( 'NONE',  ( 4.320000000000000284, 0.6350000000000000089, -3.109999999999999876 ) ) ;
#7496 = VECTOR ( 'NONE', #1364, 1000.000000000000114 ) ;
#7497 = DIRECTION ( 'NONE',  ( 0.000000000000000000, -1.000000000000000000, 0.000000000000000000 ) ) ;
#7498 = VERTEX_POINT ( 'NONE', #7439 ) ;
#7499 = CARTESIAN_POINT ( 'NONE',  ( 5.580000000000000071, -0.6350000000000000089, -3.109999999999999876 ) ) ;
#7500 = ORIENTED_EDGE ( 'NONE', *, *, #1676, .T. ) ;
#7501 = DIRECTION ( 'NONE',  ( 0.000000000000000000, 0.000000000000000000, 1.000000000000000000 ) ) ;
#7502 = VECTOR ( 'NONE', #2648, 1000.000000000000000 ) ;
#7503 = CARTESIAN_POINT ( 'NONE',  ( 5.908950893239040880, 1.892808235986749965, -0.008763396849904799002 ) ) ;
#7504 = DIRECTION ( 'NONE',  ( 0.000000000000000000, 0.000000000000000000, -1.000000000000000000 ) ) ;
#7505 = CIRCLE ( 'NONE', #7758, 0.7249999999999999778 ) ;
#7506 = CARTESIAN_POINT ( 'NONE',  ( -0.4180000000000045346, -0.6159999999999999920, -0.6499999999999909184 ) ) ;
#7507 = DIRECTION ( 'NONE',  ( 0.000000000000000000, 0.000000000000000000, -1.000000000000000000 ) ) ;
#7508 = CARTESIAN_POINT ( 'NONE',  ( 0.000000000000000000, 0.000000000000000000, 4.879999999999999893 ) ) ;
#7509 = ORIENTED_EDGE ( 'NONE', *, *, #1776, .T. ) ;
#7510 = DIRECTION ( 'NONE',  ( 1.000000000000000000, 0.000000000000000000, 0.000000000000000000 ) ) ;
#7511 = ORIENTED_EDGE ( 'NONE', *, *, #5907, .T. ) ;
#7512 = ORIENTED_EDGE ( 'NONE', *, *, #4458, .T. ) ;
#7513 = VECTOR ( 'NONE', #4239, 1000.000000000000000 ) ;
#7514 = AXIS2_PLACEMENT_3D ( 'NONE', #7114, #1663, #1108 ) ;
#7515 = VECTOR ( 'NONE', #4867, 1000.000000000000000 ) ;
#7516 = ADVANCED_FACE ( 'NONE', ( #3323 ), #7562, .T. ) ;
#7517 = CARTESIAN_POINT ( 'NONE',  ( 0.000000000000000000, 2.939999999999999947, 3.504999999999999893 ) ) ;
#7518 = CARTESIAN_POINT ( 'NONE',  ( -6.079999999999992966, -2.005032712280305773, -0.0007808163674459388422 ) ) ;
#7519 = VECTOR ( 'NONE', #4308, 1000.000000000000000 ) ;
#7520 = CARTESIAN_POINT ( 'NONE',  ( 1.930000000000000160, 1.930000000000000160, 5.989999999999999325 ) ) ;
#7521 = VECTOR ( 'NONE', #4712, 1000.000000000000000 ) ;
#7522 = CARTESIAN_POINT ( 'NONE',  ( 4.892720462892159006, -0.8937451875715058947, -0.6722218556179889726 ) ) ;
#7523 = CARTESIAN_POINT ( 'NONE',  ( 4.648795004862160241, 1.081992727617456129, -0.5025315182880899512 ) ) ;
#7524 = ORIENTED_EDGE ( 'NONE', *, *, #7142, .T. ) ;
#7525 = CARTESIAN_POINT ( 'NONE',  ( 8.575249999999998707, 1.639999999999999902, 5.971999999999999531 ) ) ;
#7526 = ADVANCED_FACE ( 'NONE', ( #189 ), #740, .T. ) ;
#7527 = LINE ( 'NONE', #5323, #4482 ) ;
#7528 = VECTOR ( 'NONE', #1453, 1000.000000000000000 ) ;
#7529 = DIRECTION ( 'NONE',  ( 0.000000000000000000, -1.000000000000000000, 0.000000000000000000 ) ) ;
#7530 = DIRECTION ( 'NONE',  ( 0.000000000000000000, 0.000000000000000000, 1.000000000000000000 ) ) ;
#7531 = ADVANCED_FACE ( 'NONE', ( #5241 ), #6430, .T. ) ;
#7532 = CARTESIAN_POINT ( 'NONE',  ( -4.744046398556760913, -1.023407395180100155, -0.5806768534443520480 ) ) ;
#7533 = ADVANCED_FACE ( 'NONE', ( #1551 ), #2916, .F. ) ;
#7534 = VECTOR ( 'NONE', #4098, 1000.000000000000000 ) ;
#7535 = EDGE_LOOP ( 'NONE', ( #1579, #6542, #2426, #826, #447, #7754 ) ) ;
#7536 = VERTEX_POINT ( 'NONE', #7680 ) ;
#7537 = LINE ( 'NONE', #5258, #6758 ) ;
#7538 = CARTESIAN_POINT ( 'NONE',  ( -0.7800000000000000266, 3.318000000000000060, 1.247000000000016096 ) ) ;
#7539 = EDGE_CURVE ( 'NONE', #7200, #5698, #5948, .T. ) ;
#7540 = VECTOR ( 'NONE', #7054, 1000.000000000000000 ) ;
#7541 = VERTEX_POINT ( 'NONE', #2219 ) ;
#7542 = FACE_OUTER_BOUND ( 'NONE', #6322, .T. ) ;
#7543 = DIRECTION ( 'NONE',  ( 0.000000000000000000, -1.000000000000000000, 0.000000000000000000 ) ) ;
#7544 = ORIENTED_EDGE ( 'NONE', *, *, #1835, .F. ) ;
#7545 = CARTESIAN_POINT ( 'NONE',  ( -5.080000000000000071, 0.5927730585616969305, -0.5999999999999878764 ) ) ;
#7546 = VECTOR ( 'NONE', #4192, 1000.000000000000114 ) ;
#7547 = VERTEX_POINT ( 'NONE', #2182 ) ;
#7548 = CARTESIAN_POINT ( 'NONE',  ( -4.691307891874770597, -1.015000006694757984, -0.5844927064807780015 ) ) ;
#7549 = ORIENTED_EDGE ( 'NONE', *, *, #2652, .T. ) ;
#7550 = DIRECTION ( 'NONE',  ( 1.000000000000000000, 0.000000000000000000, 0.000000000000000000 ) ) ;
#7551 = LINE ( 'NONE', #5034, #1915 ) ;
#7552 = ORIENTED_EDGE ( 'NONE', *, *, #5187, .F. ) ;
#7553 = CARTESIAN_POINT ( 'NONE',  ( -6.985000000000000320, 2.939999999999999947, -0.1946578947368485246 ) ) ;
#7554 = DIRECTION ( 'NONE',  ( -0.7071067811865465735, -1.914050515305881659E-12, -0.7071067811865485719 ) ) ;
#7555 = DIRECTION ( 'NONE',  ( 0.000000000000000000, 0.000000000000000000, -1.000000000000000000 ) ) ;
#7556 = ORIENTED_EDGE ( 'NONE', *, *, #7539, .F. ) ;
#7557 = CARTESIAN_POINT ( 'NONE',  ( -4.375646322793029341, 1.015000007557722128, -0.5341372789903620077 ) ) ;
#7558 = EDGE_CURVE ( 'NONE', #6410, #4793, #1661, .T. ) ;
#7559 = ORIENTED_EDGE ( 'NONE', *, *, #1600, .F. ) ;
#7560 = ORIENTED_EDGE ( 'NONE', *, *, #7360, .T. ) ;
#7561 = CARTESIAN_POINT ( 'NONE',  ( -6.080000000000000071, -2.000000000000000000, -0.0006094550547221999279 ) ) ;
#7562 = PLANE ( 'NONE',  #138 ) ;
#7563 = CARTESIAN_POINT ( 'NONE',  ( -2.872615050937759928, 1.494356340682711837, -0.1520822390565799986 ) ) ;
#7564 = CARTESIAN_POINT ( 'NONE',  ( -6.049999999999999822, -2.834999999999999964, 6.049999999999999822 ) ) ;
#7565 = EDGE_CURVE ( 'NONE', #7434, #3360, #7159, .T. ) ;
#7566 = CARTESIAN_POINT ( 'NONE',  ( 2.869901212425694847, 1.353296738693209988, -0.2063206354451530000 ) ) ;
#7567 = ORIENTED_EDGE ( 'NONE', *, *, #3062, .T. ) ;
#7568 = FACE_OUTER_BOUND ( 'NONE', #1714, .T. ) ;
#7569 = CARTESIAN_POINT ( 'NONE',  ( 5.200000000000000178, 2.674999999999999822, 5.190000000000000391 ) ) ;
#7570 = CARTESIAN_POINT ( 'NONE',  ( -6.079999812363260148, -1.977388391028439774, -2.085823107999999845E-09 ) ) ;
#7571 = LINE ( 'NONE', #7088, #1033 ) ;
#7572 = CARTESIAN_POINT ( 'NONE',  ( 3.374790445201139910, -1.120288714554106058, -0.2900050213650229858 ) ) ;
#7573 = CARTESIAN_POINT ( 'NONE',  ( 8.455000000000000071, 1.639999999999999902, 6.349999999999999645 ) ) ;
#7574 = EDGE_CURVE ( 'NONE', #6788, #589, #463, .T. ) ;
#7575 = VERTEX_POINT ( 'NONE', #4120 ) ;
#7576 = VERTEX_POINT ( 'NONE', #6546 ) ;
#7577 = DIRECTION ( 'NONE',  ( 0.000000000000000000, 0.000000000000000000, 1.000000000000000000 ) ) ;
#7578 = ADVANCED_FACE ( 'NONE', ( #3514 ), #6393, .F. ) ;
#7579 = DIRECTION ( 'NONE',  ( -0.2562207112933979625, 0.000000000000000000, -0.9666183047637288972 ) ) ;
#7580 = ORIENTED_EDGE ( 'NONE', *, *, #4351, .T. ) ;
#7581 = LINE ( 'NONE', #2123, #759 ) ;
#7582 = EDGE_CURVE ( 'NONE', #6668, #2061, #4682, .T. ) ;
#7583 = CARTESIAN_POINT ( 'NONE',  ( -1.712760888747264953, 2.122999999999999776, 10.65181275643628034 ) ) ;
#7584 = VERTEX_POINT ( 'NONE', #5875 ) ;
#7585 = FACE_OUTER_BOUND ( 'NONE', #1582, .T. ) ;
#7586 = ADVANCED_FACE ( 'NONE', ( #7000 ), #5314, .T. ) ;
#7587 = ORIENTED_EDGE ( 'NONE', *, *, #4893, .F. ) ;
#7588 = CARTESIAN_POINT ( 'NONE',  ( 6.349999999999999645, 2.939999999999999947, 5.989999999999999325 ) ) ;
#7589 = ADVANCED_FACE ( 'NONE', ( #2763 ), #430, .T. ) ;
#7590 = CARTESIAN_POINT ( 'NONE',  ( -4.032787382202244864, -1.034388384496131907, -0.4413747883371770264 ) ) ;
#7591 = ORIENTED_EDGE ( 'NONE', *, *, #1946, .T. ) ;
#7592 = DIRECTION ( 'NONE',  ( 1.000000000000000000, 0.000000000000000000, 0.000000000000000000 ) ) ;
#7593 = CARTESIAN_POINT ( 'NONE',  ( 5.750000000000000000, 2.810000000000000053, 5.989999999999999325 ) ) ;
#7594 = CARTESIAN_POINT ( 'NONE',  ( -4.320000000000000284, 0.6349999999792990124, -10.73000000000381959 ) ) ;
#7595 = CARTESIAN_POINT ( 'NONE',  ( -6.349999999999999645, 2.810000000000000053, 5.989999999999999325 ) ) ;
#7596 = VERTEX_POINT ( 'NONE', #1029 ) ;
#7597 = VERTEX_POINT ( 'NONE', #2289 ) ;
#7598 = CARTESIAN_POINT ( 'NONE',  ( -3.448896439164780059, 1.331935610771481926, -0.2466150980518250213 ) ) ;
#7599 = CARTESIAN_POINT ( 'NONE',  ( -0.4526139057434789836, 1.930000000000000160, 11.08083360243817950 ) ) ;
#7600 = CARTESIAN_POINT ( 'NONE',  ( -0.0001583279606612000205, 1.069128354605789921, -0.5210857179634369452 ) ) ;
#7601 = ORIENTED_EDGE ( 'NONE', *, *, #2889, .F. ) ;
#7602 = CARTESIAN_POINT ( 'NONE',  ( 6.088842069625160391, -1.989550297891725217, 0.0006367054436807999956 ) ) ;
#7603 = CARTESIAN_POINT ( 'NONE',  ( 2.021196535254444981, 1.507372962464174959, -0.1458111501977158164 ) ) ;
#7604 = ORIENTED_EDGE ( 'NONE', *, *, #4567, .T. ) ;
#7605 = CARTESIAN_POINT ( 'NONE',  ( 1.464742169911325886, 2.122999999999999776, 10.77794672334038140 ) ) ;
#7606 = CARTESIAN_POINT ( 'NONE',  ( 5.080000000000000071, -0.6350000000000000089, -0.6499999999999909184 ) ) ;
#7607 = CARTESIAN_POINT ( 'NONE',  ( 0.8800000000000109956, 0.6350000000000000089, -6.919999999999999929 ) ) ;
#7608 = DIRECTION ( 'NONE',  ( 0.000000000000000000, 0.000000000000000000, 1.000000000000000000 ) ) ;
#7609 = CARTESIAN_POINT ( 'NONE',  ( 3.429096163676685016, -1.279726176968333906, -0.2672848504598114849 ) ) ;
#7610 = PLANE ( 'NONE',  #3038 ) ;
#7611 = VERTEX_POINT ( 'NONE', #1591 ) ;
#7612 = ORIENTED_EDGE ( 'NONE', *, *, #1868, .T. ) ;
#7613 = CARTESIAN_POINT ( 'NONE',  ( -4.899999999999999467, 2.939999999999999947, 3.899999999999999911 ) ) ;
#7614 = ADVANCED_FACE ( 'NONE', ( #4006 ), #3401, .T. ) ;
#7615 = LINE ( 'NONE', #1052, #1784 ) ;
#7616 = ORIENTED_EDGE ( 'NONE', *, *, #4409, .T. ) ;
#7617 = PLANE ( 'NONE',  #6595 ) ;
#7618 = FACE_OUTER_BOUND ( 'NONE', #6577, .T. ) ;
#7619 = VERTEX_POINT ( 'NONE', #3440 ) ;
#7620 = CARTESIAN_POINT ( 'NONE',  ( -0.7828678246082599879, 1.930000000000000160, 11.29681751662950084 ) ) ;
#7621 = ORIENTED_EDGE ( 'NONE', *, *, #5385, .T. ) ;
#7622 = CARTESIAN_POINT ( 'NONE',  ( -4.361654700865989831, -1.015000008501103945, -0.5313721207612789321 ) ) ;
#7623 = CARTESIAN_POINT ( 'NONE',  ( 5.080122655545340926, 0.5921600687218420145, -0.5998058349227101127 ) ) ;
#7624 = ORIENTED_EDGE ( 'NONE', *, *, #7822, .T. ) ;
#7625 = CARTESIAN_POINT ( 'NONE',  ( -0.3799999999036875464, -1.014999999838154032, -0.5232649591462460448 ) ) ;
#7626 = EDGE_CURVE ( 'NONE', #5735, #5066, #5277, .T. ) ;
#7627 = LINE ( 'NONE', #3999, #775 ) ;
#7628 = AXIS2_PLACEMENT_3D ( 'NONE', #5165, #6432, #2142 ) ;
#7629 = CARTESIAN_POINT ( 'NONE',  ( -0.7139030315564609541, 1.930000000000000160, 11.03664092508229899 ) ) ;
#7630 = LINE ( 'NONE', #7595, #3953 ) ;
#7631 = EDGE_CURVE ( 'NONE', #5932, #14, #7112, .T. ) ;
#7632 = ORIENTED_EDGE ( 'NONE', *, *, #1433, .F. ) ;
#7633 = ORIENTED_EDGE ( 'NONE', *, *, #4509, .T. ) ;
#7634 = AXIS2_PLACEMENT_3D ( 'NONE', #168, #120, #1406 ) ;
#7635 = VECTOR ( 'NONE', #1001, 1000.000000000000000 ) ;
#7636 = CARTESIAN_POINT ( 'NONE',  ( -4.012263068304934954, 1.041394510009709951, -0.4338643403160660217 ) ) ;
#7637 = CARTESIAN_POINT ( 'NONE',  ( 5.750000000000000000, 2.939999999999999947, 5.989999999999999325 ) ) ;
#7638 = CARTESIAN_POINT ( 'NONE',  ( -2.550000000000000266, 3.299999999999999822, 2.449999999999999734 ) ) ;
#7639 = EDGE_CURVE ( 'NONE', #4816, #6551, #1521, .T. ) ;
#7640 = VERTEX_POINT ( 'NONE', #5913 ) ;
#7641 = DIRECTION ( 'NONE',  ( 0.000000000000000000, -1.000000000000000000, 0.000000000000000000 ) ) ;
#7642 = AXIS2_PLACEMENT_3D ( 'NONE', #6976, #3415, #2155 ) ;
#7643 = CARTESIAN_POINT ( 'NONE',  ( 1.783519006017085129, 1.383724917985065916, -0.2024454733549540253 ) ) ;
#7644 = VECTOR ( 'NONE', #4670, 1000.000000000000114 ) ;
#7645 = ORIENTED_EDGE ( 'NONE', *, *, #3486, .T. ) ;
#7646 = CARTESIAN_POINT ( 'NONE',  ( 8.455000000000000071, 1.639999999999999902, 5.989999999999999325 ) ) ;
#7647 = VECTOR ( 'NONE', #190, 1000.000000000000000 ) ;
#7648 = CARTESIAN_POINT ( 'NONE',  ( 4.320000000000000284, -0.6350000000000000089, -3.109999999999999876 ) ) ;
#7649 = AXIS2_PLACEMENT_3D ( 'NONE', #950, #3357, #339 ) ;
#7650 = LINE ( 'NONE', #1518, #3163 ) ;
#7651 = AXIS2_PLACEMENT_3D ( 'NONE', #6864, #5077, #7510 ) ;
#7652 = CARTESIAN_POINT ( 'NONE',  ( 4.679060870643160008, -1.074348879168302018, -0.5129862333254310292 ) ) ;
#7653 = CARTESIAN_POINT ( 'NONE',  ( -2.550000000000000266, -3.299999999999999822, 3.899999999999999911 ) ) ;
#7654 = AXIS2_PLACEMENT_3D ( 'NONE', #1739, #2396, #3108 ) ;
#7655 = ORIENTED_EDGE ( 'NONE', *, *, #1014, .F. ) ;
#7656 = PLANE ( 'NONE',  #1431 ) ;
#7657 = AXIS2_PLACEMENT_3D ( 'NONE', #125, #2043, #4939 ) ;
#7658 = CARTESIAN_POINT ( 'NONE',  ( 6.349999999999999645, 3.299999999999999822, 6.709999999999999964 ) ) ;
#7659 = ORIENTED_EDGE ( 'NONE', *, *, #606, .T. ) ;
#7660 = AXIS2_PLACEMENT_3D ( 'NONE', #3161, #5015, #6676 ) ;
#7661 = CARTESIAN_POINT ( 'NONE',  ( -0.7139030315564609541, 1.930000000000000160, 11.03664092508229899 ) ) ;
#7662 = CARTESIAN_POINT ( 'NONE',  ( 9.039999999999999147, 0.6350000000000000089, -11.99000000000000021 ) ) ;
#7663 = ORIENTED_EDGE ( 'NONE', *, *, #6742, .F. ) ;
#7664 = EDGE_CURVE ( 'NONE', #6389, #3899, #549, .T. ) ;
#7665 = CARTESIAN_POINT ( 'NONE',  ( -4.319957021208784553, -0.7329970940267560575, -0.5998972782050250308 ) ) ;
#7666 = ORIENTED_EDGE ( 'NONE', *, *, #7757, .T. ) ;
#7667 = CARTESIAN_POINT ( 'NONE',  ( -4.375627572845514734, -1.015000009336002096, -0.5340681966397540226 ) ) ;
#7668 = VECTOR ( 'NONE', #1992, 1000.000000000000000 ) ;
#7669 = CARTESIAN_POINT ( 'NONE',  ( 4.765165716661320161, 0.9771078774021559887, -0.6441949832266090636 ) ) ;
#7670 = ORIENTED_EDGE ( 'NONE', *, *, #2697, .T. ) ;
#7671 = DIRECTION ( 'NONE',  ( -0.2562207112933989062, 0.000000000000000000, 0.9666183047637286752 ) ) ;
#7672 = CARTESIAN_POINT ( 'NONE',  ( -0.0001583279606612000205, 1.069128354605789921, -0.5210857179634369452 ) ) ;
#7673 = CIRCLE ( 'NONE', #5248, 0.7800000000000000266 ) ;
#7674 = CARTESIAN_POINT ( 'NONE',  ( 9.213000000000000966, 0.6985000000000000098, -3.609999999999999876 ) ) ;
#7675 = ORIENTED_EDGE ( 'NONE', *, *, #7823, .T. ) ;
#7676 = ORIENTED_EDGE ( 'NONE', *, *, #5877, .F. ) ;
#7677 = EDGE_CURVE ( 'NONE', #6116, #406, #2475, .T. ) ;
#7678 = CARTESIAN_POINT ( 'NONE',  ( -2.424195587144115205, 1.365603204463008202, -0.1871641763457274898 ) ) ;
#7679 = VECTOR ( 'NONE', #5804, 1000.000000000000114 ) ;
#7680 = CARTESIAN_POINT ( 'NONE',  ( -0.3800000000000000044, -0.6350000000000000089, -6.919999999999999929 ) ) ;
#7681 = DIRECTION ( 'NONE',  ( 0.000000000000000000, -1.000000000000000000, 0.000000000000000000 ) ) ;
#7682 = EDGE_LOOP ( 'NONE', ( #1981, #1745, #2496, #5014 ) ) ;
#7683 = LINE ( 'NONE', #2222, #1268 ) ;
#7684 = CARTESIAN_POINT ( 'NONE',  ( 0.8140311573554610547, 1.081811262094790171, -0.4025646311480199913 ) ) ;
#7685 = ORIENTED_EDGE ( 'NONE', *, *, #4794, .F. ) ;
#7686 = EDGE_CURVE ( 'NONE', #7031, #5122, #4272, .T. ) ;
#7687 = CARTESIAN_POINT ( 'NONE',  ( 0.7249999999999999778, -3.140000000000000124, 3.504999999999999893 ) ) ;
#7688 = FACE_OUTER_BOUND ( 'NONE', #4077, .T. ) ;
#7689 = LINE ( 'NONE', #2149, #6601 ) ;
#7690 = CARTESIAN_POINT ( 'NONE',  ( 4.780384899212830163, -1.049014204871685951, -0.5490501539400669540 ) ) ;
#7691 = CARTESIAN_POINT ( 'NONE',  ( 5.750000000000000000, -2.939999999999999947, 5.989999999999999325 ) ) ;
#7692 = ORIENTED_EDGE ( 'NONE', *, *, #5182, .F. ) ;
#7693 = PLANE ( 'NONE',  #6118 ) ;
#7694 = DIRECTION ( 'NONE',  ( 1.000000000000000000, 0.000000000000000000, 0.000000000000000000 ) ) ;
#7695 = ORIENTED_EDGE ( 'NONE', *, *, #2190, .F. ) ;
#7696 = DIRECTION ( 'NONE',  ( 0.000000000000000000, -1.000000000000000000, 0.000000000000000000 ) ) ;
#7697 = PLANE ( 'NONE',  #6363 ) ;
#7698 = ORIENTED_EDGE ( 'NONE', *, *, #2613, .F. ) ;
#7699 = CARTESIAN_POINT ( 'NONE',  ( -6.049999999999999822, -2.739999999999999769, 6.349999999999999645 ) ) ;
#7700 = VERTEX_POINT ( 'NONE', #5509 ) ;
#7701 = CARTESIAN_POINT ( 'NONE',  ( 4.684562233526059494, 1.007264590362650036, -0.6122009604415789008 ) ) ;
#7702 = ORIENTED_EDGE ( 'NONE', *, *, #3475, .T. ) ;
#7703 = CARTESIAN_POINT ( 'NONE',  ( 0.01573027970584960078, -0.9980172750860708542, -0.6058312424202580981 ) ) ;
#7704 = ADVANCED_FACE ( 'NONE', ( #6061 ), #2364, .F. ) ;
#7705 = FACE_OUTER_BOUND ( 'NONE', #3140, .T. ) ;
#7706 = CARTESIAN_POINT ( 'NONE',  ( 3.939085992533591707, 1.267517537267732308, -0.3021278275034728900 ) ) ;
#7707 = CARTESIAN_POINT ( 'NONE',  ( 2.799999999999999822, -2.000000000000000000, 4.839999999999999858 ) ) ;
#7708 = ORIENTED_EDGE ( 'NONE', *, *, #269, .T. ) ;
#7709 = VERTEX_POINT ( 'NONE', #54 ) ;
#7710 = CARTESIAN_POINT ( 'NONE',  ( -1.206938259264805913, 1.165695005050157995, -0.3020127897881224599 ) ) ;
#7711 = CARTESIAN_POINT ( 'NONE',  ( -2.799999999999999822, 2.000000000000000000, 4.989999999999999325 ) ) ;
#7712 = PLANE ( 'NONE',  #1159 ) ;
#7713 = EDGE_CURVE ( 'NONE', #5025, #4153, #3664, .T. ) ;
#7714 = ORIENTED_EDGE ( 'NONE', *, *, #1351, .F. ) ;
#7715 = CARTESIAN_POINT ( 'NONE',  ( -6.349999999999999645, 3.299999999999999822, 6.709999999999999964 ) ) ;
#7716 = CARTESIAN_POINT ( 'NONE',  ( 2.285146681498765098, 1.520774289520824940, -0.1389479213511249922 ) ) ;
#7717 = ORIENTED_EDGE ( 'NONE', *, *, #5633, .T. ) ;
#7718 = LINE ( 'NONE', #2147, #7795 ) ;
#7719 = PLANE ( 'NONE',  #6643 ) ;
#7720 = CARTESIAN_POINT ( 'NONE',  ( -6.085581281464989445, -1.992827448468399876, 0.0004125613179288000225 ) ) ;
#7721 = LINE ( 'NONE', #5926, #6475 ) ;
#7722 = CARTESIAN_POINT ( 'NONE',  ( 8.429999999999999716, -2.834999999999999964, 6.349999999999999645 ) ) ;
#7723 = EDGE_CURVE ( 'NONE', #6993, #3560, #2994, .T. ) ;
#7724 = EDGE_CURVE ( 'NONE', #5395, #3592, #6661, .T. ) ;
#7725 = ORIENTED_EDGE ( 'NONE', *, *, #7192, .F. ) ;
#7726 = DIRECTION ( 'NONE',  ( 1.000000000000000000, 0.000000000000000000, 0.000000000000000000 ) ) ;
#7727 = CARTESIAN_POINT ( 'NONE',  ( -4.379430610989205164, -0.7326053538738140913, -0.6210512202819179484 ) ) ;
#7728 = CARTESIAN_POINT ( 'NONE',  ( -4.200814008803094524, 0.7799999822430516705, -0.5489085102861979149 ) ) ;
#7729 = EDGE_CURVE ( 'NONE', #7393, #2601, #616, .T. ) ;
#7730 = VERTEX_POINT ( 'NONE', #3709 ) ;
#7731 = ADVANCED_FACE ( 'NONE', ( #6098 ), #1219, .T. ) ;
#7732 = CARTESIAN_POINT ( 'NONE',  ( -1.762479076000000132E-16, 3.149999999999999911, 3.504999999999999893 ) ) ;
#7733 = CARTESIAN_POINT ( 'NONE',  ( -0.2669868181195300116, -1.930000000000000160, 11.40036177549232121 ) ) ;
#7734 = VERTEX_POINT ( 'NONE', #1851 ) ;
#7735 = CARTESIAN_POINT ( 'NONE',  ( 5.080000000000000071, 0.5927730585616969305, -0.5999999999999878764 ) ) ;
#7736 = ORIENTED_EDGE ( 'NONE', *, *, #4892, .T. ) ;
#7737 = APPLICATION_CONTEXT ( 'automotive_design' ) ;
#7738 = CARTESIAN_POINT ( 'NONE',  ( 5.057677568530270840, 0.8064198462822529390, -0.5867263397529239866 ) ) ;
#7739 = ORIENTED_EDGE ( 'NONE', *, *, #2642, .T. ) ;
#7740 = CARTESIAN_POINT ( 'NONE',  ( 0.2130860343842034821, -0.8894334207651098945, -0.6273267684671699485 ) ) ;
#7741 = CARTESIAN_POINT ( 'NONE',  ( -3.819999999999999840, 0.6349999999393960426, -10.73000000000381959 ) ) ;
#7742 = CARTESIAN_POINT ( 'NONE',  ( 8.939999999999999503, 0.6350000000020580293, -7.420000000001720331 ) ) ;
#7743 = DIRECTION ( 'NONE',  ( 0.000000000000000000, 0.000000000000000000, 1.000000000000000000 ) ) ;
#7744 = ORIENTED_EDGE ( 'NONE', *, *, #4058, .T. ) ;
#7745 = PLANE ( 'NONE',  #6001 ) ;
#7746 = ORIENTED_EDGE ( 'NONE', *, *, #5384, .T. ) ;
#7747 = CARTESIAN_POINT ( 'NONE',  ( -1.756743243242175012, 1.340323587058005916, -0.2139380999435689934 ) ) ;
#7748 = DIRECTION ( 'NONE',  ( 1.000000000000000000, 0.000000000000000000, 0.000000000000000000 ) ) ;
#7749 = PLANE ( 'NONE',  #7766 ) ;
#7750 = LINE ( 'NONE', #2596, #1395 ) ;
#7751 = DIRECTION ( 'NONE',  ( 0.000000000000000000, 1.000000000000000000, 0.000000000000000000 ) ) ;
#7752 = CARTESIAN_POINT ( 'NONE',  ( 0.7586292069577029729, 1.198378439355777925, -0.3570435594104880428 ) ) ;
#7753 = ORIENTED_EDGE ( 'NONE', *, *, #3867, .F. ) ;
#7754 = ORIENTED_EDGE ( 'NONE', *, *, #2996, .T. ) ;
#7755 = ORIENTED_EDGE ( 'NONE', *, *, #6501, .F. ) ;
#7756 = AXIS2_PLACEMENT_3D ( 'NONE', #6288, #7493, #240 ) ;
#7757 = EDGE_CURVE ( 'NONE', #4151, #7200, #6737, .T. ) ;
#7758 = AXIS2_PLACEMENT_3D ( 'NONE', #3482, #1032, #3327 ) ;
#7759 = LINE ( 'NONE', #1117, #6122 ) ;
#7760 = CARTESIAN_POINT ( 'NONE',  ( 3.550000000000000266, 2.000000000000000000, 6.349999999999999645 ) ) ;
#7761 = CARTESIAN_POINT ( 'NONE',  ( -4.743614873522090214, -1.077008266195313979, -0.5022281898428558877 ) ) ;
#7762 = CIRCLE ( 'NONE', #1153, 0.7249999999999999778 ) ;
#7763 = LINE ( 'NONE', #3375, #2658 ) ;
#7764 = ORIENTED_EDGE ( 'NONE', *, *, #841, .F. ) ;
#7765 = CARTESIAN_POINT ( 'NONE',  ( -4.320000447211178596, 0.8289679045834482674, -0.6000008773304342791 ) ) ;
#7766 = AXIS2_PLACEMENT_3D ( 'NONE', #2290, #4727, #7160 ) ;
#7767 = VECTOR ( 'NONE', #6465, 1000.000000000000000 ) ;
#7768 = ADVANCED_FACE ( 'NONE', ( #6139 ), #3631, .F. ) ;
#7769 = CARTESIAN_POINT ( 'NONE',  ( -4.761397415313629367, -1.030994701502915945, -0.5747498102768460182 ) ) ;
#7770 = LINE ( 'NONE', #5931, #2657 ) ;
#7771 =( BOUNDED_CURVE ( )  B_SPLINE_CURVE ( 3, ( #4443, #5714, #5164, #7046 ),
 .UNSPECIFIED., .F., .F. ) 
 B_SPLINE_CURVE_WITH_KNOTS ( ( 4, 4 ),
 ( 1.900527290575480199, 2.444910736623524983 ),
 .UNSPECIFIED. ) 
 CURVE ( )  GEOMETRIC_REPRESENTATION_ITEM ( )  RATIONAL_B_SPLINE_CURVE ( ( 1.000000000000000000, 0.9754559870632590890, 0.9754559870632590890, 1.000000000000000000 ) ) 
 REPRESENTATION_ITEM ( '' )  );
#7772 = ORIENTED_EDGE ( 'NONE', *, *, #4999, .T. ) ;
#7773 = EDGE_CURVE ( 'NONE', #4525, #5496, #7227, .T. ) ;
#7774 = AXIS2_PLACEMENT_3D ( 'NONE', #7506, #2595, #5036 ) ;
#7775 = DIRECTION ( 'NONE',  ( 0.000000000000000000, -1.000000000000000000, 0.000000000000000000 ) ) ;
#7776 = VECTOR ( 'NONE', #4604, 1000.000000000000000 ) ;
#7777 = ORIENTED_EDGE ( 'NONE', *, *, #6543, .T. ) ;
#7778 = CARTESIAN_POINT ( 'NONE',  ( 1.701262978388575098, 2.122999999999999776, 10.65899809157162004 ) ) ;
#7779 = EDGE_CURVE ( 'NONE', #2330, #1191, #3028, .T. ) ;
#7780 = ORIENTED_EDGE ( 'NONE', *, *, #3284, .F. ) ;
#7781 = EDGE_CURVE ( 'NONE', #4858, #4363, #4833, .T. ) ;
#7782 = VECTOR ( 'NONE', #4267, 1000.000000000000000 ) ;
#7783 = ORIENTED_EDGE ( 'NONE', *, *, #5412, .T. ) ;
#7784 = CARTESIAN_POINT ( 'NONE',  ( 0.1773709192240254806, -0.6539480848171910221, -0.6921471931167390013 ) ) ;
#7785 = CARTESIAN_POINT ( 'NONE',  ( 0.3800000000000000044, 0.6350000000000000089, -0.6499999999999909184 ) ) ;
#7786 = CARTESIAN_POINT ( 'NONE',  ( 0.5264362595814079393, -1.930000000000000160, 11.35933582874252146 ) ) ;
#7787 = CARTESIAN_POINT ( 'NONE',  ( 5.080000000000000071, 1.116500001427052080, -3.242410853273654858 ) ) ;
#7788 = CIRCLE ( 'NONE', #1562, 0.1999999999999870770 ) ;
#7789 = ORIENTED_EDGE ( 'NONE', *, *, #5097, .T. ) ;
#7790 = PLANE ( 'NONE',  #3829 ) ;
#7791 = EDGE_LOOP ( 'NONE', ( #870, #1165, #5784, #2866 ) ) ;
#7792 = CARTESIAN_POINT ( 'NONE',  ( -1.930000000000000160, 1.930000000000000160, 5.989999999999999325 ) ) ;
#7793 = CARTESIAN_POINT ( 'NONE',  ( 6.080000000000000071, 2.014999999999964597, 0.000000000000000000 ) ) ;
#7794 = CARTESIAN_POINT ( 'NONE',  ( 2.550000000000000266, 3.299999999999999822, 2.449999999999999734 ) ) ;
#7795 = VECTOR ( 'NONE', #5839, 1000.000000000000000 ) ;
#7796 = DIRECTION ( 'NONE',  ( 0.000000000000000000, -1.000000000000000000, 0.000000000000000000 ) ) ;
#7797 = CARTESIAN_POINT ( 'NONE',  ( -0.2708996539536089876, 2.122999999999999776, 11.41512334071338053 ) ) ;
#7798 = CARTESIAN_POINT ( 'NONE',  ( 0.1848172656040995010, 2.122999999999999776, 11.09036890584994062 ) ) ;
#7799 = VERTEX_POINT ( 'NONE', #6620 ) ;
#7800 = ORIENTED_EDGE ( 'NONE', *, *, #7220, .F. ) ;
#7801 = ORIENTED_EDGE ( 'NONE', *, *, #2033, .F. ) ;
#7802 = VECTOR ( 'NONE', #5663, 1000.000000000000114 ) ;
#7803 = DIRECTION ( 'NONE',  ( 0.000000000000000000, -1.000000000000000000, 0.000000000000000000 ) ) ;
#7804 = DIRECTION ( 'NONE',  ( 0.000000000000000000, 0.000000000000000000, 1.000000000000000000 ) ) ;
#7805 = CARTESIAN_POINT ( 'NONE',  ( -3.550000000000000266, 2.000000000000000000, 6.349999999999999645 ) ) ;
#7806 = EDGE_CURVE ( 'NONE', #304, #6982, #4874, .T. ) ;
#7807 = CARTESIAN_POINT ( 'NONE',  ( -2.550000000000000266, -3.299999999999999822, 2.449999999999999734 ) ) ;
#7808 = ORIENTED_EDGE ( 'NONE', *, *, #7818, .F. ) ;
#7809 = DIRECTION ( 'NONE',  ( -1.000000000000000000, 0.000000000000000000, 0.000000000000000000 ) ) ;
#7810 = CARTESIAN_POINT ( 'NONE',  ( -2.934955633807574849, -1.240448098687461975, -0.2253422214405894908 ) ) ;
#7811 = CARTESIAN_POINT ( 'NONE',  ( -2.422233265679815339, 1.298721145186677806, -0.1914746568983330122 ) ) ;
#7812 = ORIENTED_EDGE ( 'NONE', *, *, #6302, .T. ) ;
#7813 = ADVANCED_FACE ( 'NONE', ( #7307 ), #3596, .F. ) ;
#7814 = FACE_OUTER_BOUND ( 'NONE', #3291, .T. ) ;
#7815 = EDGE_CURVE ( 'NONE', #1757, #3682, #2055, .T. ) ;
#7816 = EDGE_LOOP ( 'NONE', ( #788, #6702, #813, #2057 ) ) ;
#7817 = DIRECTION ( 'NONE',  ( 0.000000000000000000, -1.000000000000000000, 0.000000000000000000 ) ) ;
#7818 = EDGE_CURVE ( 'NONE', #5708, #1100, #4905, .T. ) ;
#7819 = VERTEX_POINT ( 'NONE', #90 ) ;
#7820 = DIRECTION ( 'NONE',  ( 1.000000000000000000, 0.000000000000000000, 0.000000000000000000 ) ) ;
#7821 = DIRECTION ( 'NONE',  ( 0.000000000000000000, 0.2747211278973780701, 0.9615239476408231623 ) ) ;
#7822 = EDGE_CURVE ( 'NONE', #636, #5499, #7551, .T. ) ;
#7823 = EDGE_CURVE ( 'NONE', #1127, #692, #6818, .T. ) ;
#7824 = LINE ( 'NONE', #3591, #5607 ) ;
#7825 = ORIENTED_EDGE ( 'NONE', *, *, #1872, .F. ) ;
#7826 = CARTESIAN_POINT ( 'NONE',  ( 4.724379384795990511, -1.063104568947009998, -0.5294005867914259866 ) ) ;
#7827 = ORIENTED_EDGE ( 'NONE', *, *, #2029, .T. ) ;
#7828 = LINE ( 'NONE', #7306, #4863 ) ;
#7829 = DIRECTION ( 'NONE',  ( 0.000000000000000000, 1.000000000000000000, 0.000000000000000000 ) ) ;
#7830 = DIRECTION ( 'NONE',  ( 0.000000000000000000, 0.000000000000000000, -1.000000000000000000 ) ) ;
#7831 = ADVANCED_FACE ( 'NONE', ( #212 ), #4391, .F. ) ;
#7832 = CARTESIAN_POINT ( 'NONE',  ( 5.080000000000000071, 0.5927730585616969305, -0.6000000001038229280 ) ) ;
#7833 = CARTESIAN_POINT ( 'NONE',  ( -4.320000000000000284, 0.6350000000000000089, -0.6499999999999909184 ) ) ;
#7834 = CARTESIAN_POINT ( 'NONE',  ( 0.1008363418181753984, 0.8556977544026180826, -0.6792331638013140438 ) ) ;
#7835 = ORIENTED_EDGE ( 'NONE', *, *, #3824, .F. ) ;
#7836 = VERTEX_POINT ( 'NONE', #3265 ) ;
#7837 = ORIENTED_EDGE ( 'NONE', *, *, #3086, .F. ) ;
#7838 = CARTESIAN_POINT ( 'NONE',  ( 6.705820878400000250E-06, 1.015059019073151880, -0.5853986767166879934 ) ) ;
#7839 = CARTESIAN_POINT ( 'NONE',  ( 4.899999999999999467, 2.939999999999999947, 2.449999999999999734 ) ) ;
#7840 = CARTESIAN_POINT ( 'NONE',  ( -6.061113689024069551, -2.017307133670195096, 0.0002363044705702000000 ) ) ;
#7841 = DIRECTION ( 'NONE',  ( 0.000000000000000000, 1.000000000000000000, 0.000000000000000000 ) ) ;
#7842 = ORIENTED_EDGE ( 'NONE', *, *, #6592, .T. ) ;
#7843 = CARTESIAN_POINT ( 'NONE',  ( 4.724360944167240284, 1.063092866005570070, -0.5294166342961349470 ) ) ;
#7844 = CARTESIAN_POINT ( 'NONE',  ( -1.244965436792138114, -1.365902570892949974, -0.2305978500797299935 ) ) ;
#7845 = DIRECTION ( 'NONE',  ( 1.000000000000000000, 0.000000000000000000, 0.000000000000000000 ) ) ;
#7846 = EDGE_LOOP ( 'NONE', ( #4347, #1130, #5564, #6653 ) ) ;
#7847 = CARTESIAN_POINT ( 'NONE',  ( -1.199999999999999956, -1.469576158976823553E-16, 4.839999999999999858 ) ) ;
#7848 = EDGE_LOOP ( 'NONE', ( #3878, #3056, #1102, #5212, #4941, #2110, #1483, #5801, #5742, #3579, #1650, #6328, #6730, #1239, #7789, #3644, #5337, #7591, #638, #7182, #1476, #4984, #5533, #5977, #6825, #6540, #2702, #5007, #898, #2286, #5141, #6786, #6826 ) ) ;
#7849 = LINE ( 'NONE', #5301, #4086 ) ;
#7850 = EDGE_CURVE ( 'NONE', #1939, #4571, #1332, .T. ) ;
#7851 = VERTEX_POINT ( 'NONE', #2008 ) ;
#7852 = CARTESIAN_POINT ( 'NONE',  ( 0.4962396205381799930, -0.9138874624532971058, -0.5301010951359480528 ) ) ;
#7853 = DIRECTION ( 'NONE',  ( 0.000000000000000000, -1.000000000000000000, 0.000000000000000000 ) ) ;
#7854 = DIRECTION ( 'NONE',  ( 0.000000000000000000, 0.7071067811865486830, -0.7071067811865464625 ) ) ;
#7855 = LINE ( 'NONE', #6539, #7782 ) ;
#7856 = B_SPLINE_CURVE_WITH_KNOTS ( 'NONE', 3,
 ( #4528, #3920, #7518, #3277 ),
 .UNSPECIFIED., .F., .F.,
 ( 4, 4 ),
 ( 0.000000000000000000, 1.000000000000000000 ),
 .UNSPECIFIED. ) ;
#7857 = ORIENTED_EDGE ( 'NONE', *, *, #2895, .T. ) ;
#7858 = DIRECTION ( 'NONE',  ( 0.000000000000000000, -1.000000000000000000, 0.000000000000000000 ) ) ;
#7859 = ORIENTED_EDGE ( 'NONE', *, *, #3475, .F. ) ;
#7860 = CARTESIAN_POINT ( 'NONE',  ( -4.899999999999999467, 2.939999999999999947, 2.449999999999999734 ) ) ;
#7861 = EDGE_CURVE ( 'NONE', #4516, #6493, #249, .T. ) ;
#7862 = CARTESIAN_POINT ( 'NONE',  ( 0.7800000000000000266, -2.922000000000000153, 3.512999999999999901 ) ) ;
#7863 = DIRECTION ( 'NONE',  ( 0.000000000000000000, -1.000000000000000000, 0.000000000000000000 ) ) ;
#7864 = CARTESIAN_POINT ( 'NONE',  ( 5.750000000000000000, 2.339999999999999858, 0.5999999999999878764 ) ) ;
#7865 = ADVANCED_FACE ( 'NONE', ( #4429, #6334 ), #2511, .F. ) ;
#7866 = PLANE ( 'NONE',  #6736 ) ;
#7867 = CARTESIAN_POINT ( 'NONE',  ( -0.02127114675947559819, 1.040947443336915912, -0.5600248979038439101 ) ) ;
#7868 = ORIENTED_EDGE ( 'NONE', *, *, #1648, .T. ) ;
#7869 = ORIENTED_EDGE ( 'NONE', *, *, #5970, .T. ) ;
#7870 = EDGE_LOOP ( 'NONE', ( #377, #3770, #2337, #839 ) ) ;
#7871 = EDGE_CURVE ( 'NONE', #6980, #5823, #6857, .T. ) ;
#7872 = LINE ( 'NONE', #7316, #7414 ) ;
#7873 = ADVANCED_FACE ( 'NONE', ( #5629 ), #3018, .T. ) ;
#7874 = DIRECTION ( 'NONE',  ( 0.9666183047637284531, 0.000000000000000000, -0.2562207112934001829 ) ) ;
#7875 = CARTESIAN_POINT ( 'NONE',  ( -5.757955729504979914, -1.769358885512160029, -0.03095959404611859853 ) ) ;
#7876 = CARTESIAN_POINT ( 'NONE',  ( -5.080001199732260275, 0.9080651084636041093, -0.5144466464974604136 ) ) ;
#7877 = VECTOR ( 'NONE', #3667, 1000.000000000000000 ) ;
#7878 = EDGE_LOOP ( 'NONE', ( #1778, #112, #4268, #7659 ) ) ;
#7879 = PLANE ( 'NONE',  #4090 ) ;
#7880 = AXIS2_PLACEMENT_3D ( 'NONE', #2432, #1212, #7262 ) ;
#7881 = CARTESIAN_POINT ( 'NONE',  ( -0.8566452607709489353, -1.225727895356857999, -0.3325075596717904647 ) ) ;
#7882 = LINE ( 'NONE', #5967, #2787 ) ;
#7883 = ORIENTED_EDGE ( 'NONE', *, *, #1878, .T. ) ;
#7884 = ORIENTED_EDGE ( 'NONE', *, *, #4564, .F. ) ;
#7885 = NEXT_ASSEMBLY_USAGE_OCCURRENCE ( 'NAUO1', ' ', ' ', #1786, #3388, $ ) ;
ENDSEC;
END-ISO-10303-21;
