  0
SECTION
  2
HEADER
  9
$ANGBASE
  50
0.0
  9
$ANGDIR
  70
1
  9
$MEASUREMENT
  70
0
  0
ENDSEC
  0
SECTION
  2
TABLES
  0
TABLE
  2
LTYPE
  70
4
  0
LTYPE
  5
40F
  2
CONTINUOUS
  70
0
  3
Solid line
  72
65
  73
0
  40
0.0
  0
LTYPE
  5
410
  2
DASHDOT
 70
0
  3
Dash Dot ____ _ ____ _
 72
65
 73
4
 40
2.0
 49
1.25
 49
-0.25
 49
0.25
 49
-0.25
  0
LTYPE
  5
411
  2
DASHED
 70
0
  3
Dashed __ __ __ __ __
 72
65
 73
2
 40
0.75
 49
0.5
 49
-0.25
  0
LTYPE
  5
43B
  2
DOTTED
 70
0
  3
Dotted .  .  .  .
 72
65
 73
2
 40
0.2
 49
0.0
 49
-0.2
  0
ENDTAB
  0
TABLE
  2
STYLE
  70
4
  0
STYLE
  2
KICAD
  70
0
  40
0
  41
1
  42
1
  50
0
  71
0
  3
isocp.shx
  0
STYLE
  2
KICADB
  70
0
  40
0
  41
1
  42
1
  50
0
  71
0
  3
isocp.shx
  0
STYLE
  2
KICADI
  70
0
  40
0
  41
1
  42
1
  50
15
  71
0
  3
isocp.shx
  0
STYLE
  2
KICADBI
  70
0
  40
0
  41
1
  42
1
  50
15
  71
0
  3
isocp.shx
  0
ENDTAB
  0
TABLE
  2
LAYER
  70
1
  0
LAYER
  2
BLACK
  70
0
  62
7
  6
CONTINUOUS
  0
ENDTAB
  0
ENDSEC
  0
SECTION
  2
ENTITIES
0
LINE
8
BLACK
6
CONTINUOUS
10
2.0558861811023621
20
-2.1555874409448816
11
2.0573053937007875
21
-2.1561753149606298
0
LINE
8
BLACK
6
CONTINUOUS
10
2.0573053937007875
20
-2.1561753149606298
11
2.0583916141732281
21
-2.1572615354330709
0
LINE
8
BLACK
6
CONTINUOUS
10
2.0583916141732281
20
-2.1572615354330709
11
2.0589794881889762
21
-2.1586807480314962
0
LINE
8
BLACK
6
CONTINUOUS
10
2.0589794881889762
20
-2.1586807480314962
11
2.0590551181102361
21
-2.159448818897638
0
LINE
8
BLACK
6
CONTINUOUS
10
2.0590551181102361
20
-2.159448818897638
11
2.0590551181102361
21
-2.5984251968503935
0
LINE
8
BLACK
6
CONTINUOUS
10
2.0590551181102361
20
-2.5984251968503935
11
2.0589794881889762
21
-2.5991932677165352
0
LINE
8
BLACK
6
CONTINUOUS
10
2.0589794881889762
20
-2.5991932677165352
11
2.0583916141732281
21
-2.6006124803149606
0
LINE
8
BLACK
6
CONTINUOUS
10
2.0583916141732281
20
-2.6006124803149606
11
2.0573053937007875
21
-2.6016987007874017
0
LINE
8
BLACK
6
CONTINUOUS
10
2.0573053937007875
20
-2.6016987007874017
11
2.0558861811023621
21
-2.6022865748031494
0
LINE
8
BLACK
6
CONTINUOUS
10
2.0558861811023621
20
-2.6022865748031494
11
2.0551181102362204
21
-2.6023622047244093
0
LINE
8
BLACK
6
CONTINUOUS
10
2.0551181102362204
20
-2.6023622047244093
11
1.7401574803149606
21
-2.6023622047244093
0
LINE
8
BLACK
6
CONTINUOUS
10
1.7401574803149606
20
-2.6023622047244093
11
1.7393894094488189
21
-2.6022865748031494
0
LINE
8
BLACK
6
CONTINUOUS
10
1.7393894094488189
20
-2.6022865748031494
11
1.7379701968503936
21
-2.6016987007874017
0
LINE
8
BLACK
6
CONTINUOUS
10
1.7379701968503936
20
-2.6016987007874017
11
1.7368839763779527
21
-2.6006124803149606
0
LINE
8
BLACK
6
CONTINUOUS
10
1.7368839763779527
20
-2.6006124803149606
11
1.7362961023622048
21
-2.5991932677165352
0
LINE
8
BLACK
6
CONTINUOUS
10
1.7362961023622048
20
-2.5991932677165352
11
1.7362204724409449
21
-2.5984251968503935
0
LINE
8
BLACK
6
CONTINUOUS
10
1.7362204724409449
20
-2.5984251968503935
11
1.7362204724409449
21
-2.159448818897638
0
LINE
8
BLACK
6
CONTINUOUS
10
1.7362204724409449
20
-2.159448818897638
11
1.7362961023622048
21
-2.1586807480314962
0
LINE
8
BLACK
6
CONTINUOUS
10
1.7362961023622048
20
-2.1586807480314962
11
1.7368839763779527
21
-2.1572615354330709
0
LINE
8
BLACK
6
CONTINUOUS
10
1.7368839763779527
20
-2.1572615354330709
11
1.7379701968503936
21
-2.1561753149606298
0
LINE
8
BLACK
6
CONTINUOUS
10
1.7379701968503936
20
-2.1561753149606298
11
1.7393894094488189
21
-2.1555874409448816
0
LINE
8
BLACK
6
CONTINUOUS
10
1.7393894094488189
20
-2.1555874409448816
11
1.7401574803149606
21
-2.1555118110236222
0
LINE
8
BLACK
6
CONTINUOUS
10
1.7401574803149606
20
-2.1555118110236222
11
2.0551181102362204
21
-2.1555118110236222
0
LINE
8
BLACK
6
CONTINUOUS
10
2.0551181102362204
20
-2.1555118110236222
11
2.0558861811023621
21
-2.1555874409448816
0
LINE
8
BLACK
6
CONTINUOUS
10
4.4794980314960631
20
-2.0023593700787403
11
4.4828454724409452
21
-2.004064960629921
0
LINE
8
BLACK
6
CONTINUOUS
10
4.4828454724409452
20
-2.004064960629921
11
4.4855019685039368
21
-2.0067214566929135
0
LINE
8
BLACK
6
CONTINUOUS
10
4.4855019685039368
20
-2.0067214566929135
11
4.4872075590551184
21
-2.0100688976377952
0
LINE
8
BLACK
6
CONTINUOUS
10
4.4872075590551184
20
-2.0100688976377952
11
4.4877952755905515
21
-2.0137795275590551
0
LINE
8
BLACK
6
CONTINUOUS
10
4.4877952755905515
20
-2.0137795275590551
11
4.4877952755905515
21
-2.0177165354330708
0
LINE
8
BLACK
6
CONTINUOUS
10
4.4877952755905515
20
-2.0177165354330708
11
4.4872075590551184
21
-2.0214271653543308
0
LINE
8
BLACK
6
CONTINUOUS
10
4.4872075590551184
20
-2.0214271653543308
11
4.4855019685039368
21
-2.0247746062992125
0
LINE
8
BLACK
6
CONTINUOUS
10
4.4855019685039368
20
-2.0247746062992125
11
4.4828454724409452
21
-2.0274311023622045
0
LINE
8
BLACK
6
CONTINUOUS
10
4.4828454724409452
20
-2.0274311023622045
11
4.4794980314960631
21
-2.0291366929133856
0
LINE
8
BLACK
6
CONTINUOUS
10
4.4794980314960631
20
-2.0291366929133856
11
4.4757874015748031
21
-2.0297244094488187
0
LINE
8
BLACK
6
CONTINUOUS
10
4.4757874015748031
20
-2.0297244094488187
11
4.4720767716535432
21
-2.0291366929133856
0
LINE
8
BLACK
6
CONTINUOUS
10
4.4720767716535432
20
-2.0291366929133856
11
4.4687293307086611
21
-2.0274311023622045
0
LINE
8
BLACK
6
CONTINUOUS
10
4.4687293307086611
20
-2.0274311023622045
11
4.4660728346456695
21
-2.0247746062992125
0
LINE
8
BLACK
6
CONTINUOUS
10
4.4660728346456695
20
-2.0247746062992125
11
4.4643672440944879
21
-2.0214271653543308
0
LINE
8
BLACK
6
CONTINUOUS
10
4.4643672440944879
20
-2.0214271653543308
11
4.4637795275590548
21
-2.0177165354330708
0
LINE
8
BLACK
6
CONTINUOUS
10
4.4637795275590548
20
-2.0177165354330708
11
4.4637795275590548
21
-2.0137795275590551
0
LINE
8
BLACK
6
CONTINUOUS
10
4.4637795275590548
20
-2.0137795275590551
11
4.4643672440944879
21
-2.0100688976377952
0
LINE
8
BLACK
6
CONTINUOUS
10
4.4643672440944879
20
-2.0100688976377952
11
4.4660728346456695
21
-2.0067214566929135
0
LINE
8
BLACK
6
CONTINUOUS
10
4.4660728346456695
20
-2.0067214566929135
11
4.4687293307086611
21
-2.004064960629921
0
LINE
8
BLACK
6
CONTINUOUS
10
4.4687293307086611
20
-2.004064960629921
11
4.4720767716535432
21
-2.0023593700787403
0
LINE
8
BLACK
6
CONTINUOUS
10
4.4720767716535432
20
-2.0023593700787403
11
4.4757874015748031
21
-2.0017716535433072
0
LINE
8
BLACK
6
CONTINUOUS
10
4.4757874015748031
20
-2.0017716535433072
11
4.4794980314960631
21
-2.0023593700787403
0
LINE
8
BLACK
6
CONTINUOUS
10
4.4739479133858264
20
-2.0021653543307085
11
4.4704489370078742
21
-2.0033022440944883
0
LINE
8
BLACK
6
CONTINUOUS
10
4.4704489370078742
20
-2.0033022440944883
11
4.4674725590551176
21
-2.00546468503937
0
LINE
8
BLACK
6
CONTINUOUS
10
4.4674725590551176
20
-2.00546468503937
11
4.4653101181102359
21
-2.0084410629921261
0
LINE
8
BLACK
6
CONTINUOUS
10
4.4653101181102359
20
-2.0084410629921261
11
4.464173228346457
21
-2.0119400393700788
0
LINE
8
BLACK
6
CONTINUOUS
10
4.464173228346457
20
-2.0119400393700788
11
4.464173228346457
21
-2.0137795275590551
0
LINE
8
BLACK
6
CONTINUOUS
10
4.464173228346457
20
-2.0137795275590551
11
4.464173228346457
21
-2.0177165354330708
0
LINE
8
BLACK
6
CONTINUOUS
10
4.464173228346457
20
-2.0177165354330708
11
4.464173228346457
21
-2.0195560236220471
0
LINE
8
BLACK
6
CONTINUOUS
10
4.464173228346457
20
-2.0195560236220471
11
4.4653101181102359
21
-2.0230549999999998
0
LINE
8
BLACK
6
CONTINUOUS
10
4.4653101181102359
20
-2.0230549999999998
11
4.4674725590551176
21
-2.0260313779527559
0
LINE
8
BLACK
6
CONTINUOUS
10
4.4674725590551176
20
-2.0260313779527559
11
4.4704489370078742
21
-2.0281938188976376
0
LINE
8
BLACK
6
CONTINUOUS
10
4.4704489370078742
20
-2.0281938188976376
11
4.4739479133858264
21
-2.0293307086614174
0
LINE
8
BLACK
6
CONTINUOUS
10
4.4739479133858264
20
-2.0293307086614174
11
4.4757874015748031
21
-2.0293307086614174
0
LINE
8
BLACK
6
CONTINUOUS
10
4.4757874015748031
20
-2.0293307086614174
11
4.477626889763779
21
-2.0293307086614174
0
LINE
8
BLACK
6
CONTINUOUS
10
4.477626889763779
20
-2.0293307086614174
11
4.4811258661417321
21
-2.0281938188976376
0
LINE
8
BLACK
6
CONTINUOUS
10
4.4811258661417321
20
-2.0281938188976376
11
4.4841022440944878
21
-2.0260313779527559
0
LINE
8
BLACK
6
CONTINUOUS
10
4.4841022440944878
20
-2.0260313779527559
11
4.4862646850393704
21
-2.0230549999999998
0
LINE
8
BLACK
6
CONTINUOUS
10
4.4862646850393704
20
-2.0230549999999998
11
4.4874015748031493
21
-2.0195560236220471
0
LINE
8
BLACK
6
CONTINUOUS
10
4.4874015748031493
20
-2.0195560236220471
11
4.4874015748031493
21
-2.0177165354330708
0
LINE
8
BLACK
6
CONTINUOUS
10
4.4874015748031493
20
-2.0177165354330708
11
4.4874015748031493
21
-2.0137795275590551
0
LINE
8
BLACK
6
CONTINUOUS
10
4.4874015748031493
20
-2.0137795275590551
11
4.4874015748031493
21
-2.0119400393700788
0
LINE
8
BLACK
6
CONTINUOUS
10
4.4874015748031493
20
-2.0119400393700788
11
4.4862646850393704
21
-2.0084410629921261
0
LINE
8
BLACK
6
CONTINUOUS
10
4.4862646850393704
20
-2.0084410629921261
11
4.4841022440944878
21
-2.00546468503937
0
LINE
8
BLACK
6
CONTINUOUS
10
4.4841022440944878
20
-2.00546468503937
11
4.4811258661417321
21
-2.0033022440944883
0
LINE
8
BLACK
6
CONTINUOUS
10
4.4811258661417321
20
-2.0033022440944883
11
4.477626889763779
21
-2.0021653543307085
0
LINE
8
BLACK
6
CONTINUOUS
10
4.477626889763779
20
-2.0021653543307085
11
4.4757874015748031
21
-2.0021653543307085
0
LINE
8
BLACK
6
CONTINUOUS
10
4.4757874015748031
20
-2.0021653543307085
11
4.4739479133858264
21
-2.0021653543307085
0
LINE
8
BLACK
6
CONTINUOUS
10
1.5618731102362204
20
-0.9345835039370078
11
1.5618731496062992
21
-0.9345835039370078
0
LINE
8
BLACK
6
CONTINUOUS
10
1.5618731496062992
20
-0.9345835039370078
11
7.7626617322834646
21
-0.9345835039370078
0
LINE
8
BLACK
6
CONTINUOUS
10
7.7626617322834646
20
-0.9345835039370078
11
7.7775190944881887
21
-0.9352704330708661
0
LINE
8
BLACK
6
CONTINUOUS
10
7.7775190944881887
20
-0.9352704330708661
11
7.7922496456692913
21
-0.9373252755905511
0
LINE
8
BLACK
6
CONTINUOUS
10
7.7922496456692913
20
-0.9373252755905511
11
7.8067277952755907
21
-0.9407305511811024
0
LINE
8
BLACK
6
CONTINUOUS
10
7.8067277952755907
20
-0.9407305511811024
11
7.8208299606299212
21
-0.9454571653543307
0
LINE
8
BLACK
6
CONTINUOUS
10
7.8208299606299212
20
-0.9454571653543307
11
7.8344358661417317
21
-0.9514648031496062
0
LINE
8
BLACK
6
CONTINUOUS
10
7.8344358661417317
20
-0.9514648031496062
11
7.8474294094488188
21
-0.9587022440944881
0
LINE
8
BLACK
6
CONTINUOUS
10
7.8474294094488188
20
-0.9587022440944881
11
7.8596997637795276
21
-0.9671076771653543
0
LINE
8
BLACK
6
CONTINUOUS
10
7.8596997637795276
20
-0.9671076771653543
11
7.8711422047244088
21
-0.9766094094488189
0
LINE
8
BLACK
6
CONTINUOUS
10
7.8711422047244088
20
-0.9766094094488189
11
7.8816590944881888
21
-0.9871263779527559
0
LINE
8
BLACK
6
CONTINUOUS
10
7.8816590944881888
20
-0.9871263779527559
11
7.8911607480314956
21
-0.9985688976377952
0
LINE
8
BLACK
6
CONTINUOUS
10
7.8911607480314956
20
-0.9985688976377952
11
7.8995661023622041
21
-1.0108392913385826
0
LINE
8
BLACK
6
CONTINUOUS
10
7.8995661023622041
20
-1.0108392913385826
11
7.9068034251968502
21
-1.0238328740157481
0
LINE
8
BLACK
6
CONTINUOUS
10
7.9068034251968502
20
-1.0238328740157481
11
7.9128109448818895
21
-1.0374388188976378
0
LINE
8
BLACK
6
CONTINUOUS
10
7.9128109448818895
20
-1.0374388188976378
11
7.9175374803149605
21
-1.051541062992126
0
LINE
8
BLACK
6
CONTINUOUS
10
7.9175374803149605
20
-1.051541062992126
11
7.9209426377952754
21
-1.0660192125984251
0
LINE
8
BLACK
6
CONTINUOUS
10
7.9209426377952754
20
-1.0660192125984251
11
7.9229974015748033
21
-1.0807498031496063
0
LINE
8
BLACK
6
CONTINUOUS
10
7.9229974015748033
20
-1.0807498031496063
11
7.9236842125984248
21
-1.0956071259842519
0
LINE
8
BLACK
6
CONTINUOUS
10
7.9236842125984248
20
-1.0956071259842519
11
7.9236841732283461
21
-1.0956071259842519
0
LINE
8
BLACK
6
CONTINUOUS
10
7.9236841732283461
20
-1.0956071259842519
11
7.9236841732283461
21
-2.8133237007874015
0
LINE
8
BLACK
6
CONTINUOUS
10
7.9236841732283461
20
-2.8133237007874015
11
7.9229972047244095
21
-2.8281810236220473
0
LINE
8
BLACK
6
CONTINUOUS
10
7.9229972047244095
20
-2.8281810236220473
11
7.9209422834645666
21
-2.8429115748031495
0
LINE
8
BLACK
6
CONTINUOUS
10
7.9209422834645666
20
-2.8429115748031495
11
7.9175370078740155
21
-2.8573896456692913
0
LINE
8
BLACK
6
CONTINUOUS
10
7.9175370078740155
20
-2.8573896456692913
11
7.9128103543307082
21
-2.8714917716535431
0
LINE
8
BLACK
6
CONTINUOUS
10
7.9128103543307082
20
-2.8714917716535431
11
7.9068026771653539
21
-2.8850976377952757
0
LINE
8
BLACK
6
CONTINUOUS
10
7.9068026771653539
20
-2.8850976377952757
11
7.8995652755905512
21
-2.8980911417322832
0
LINE
8
BLACK
6
CONTINUOUS
10
7.8995652755905512
20
-2.8980911417322832
11
7.8911598031496064
21
-2.9103614173228345
0
LINE
8
BLACK
6
CONTINUOUS
10
7.8911598031496064
20
-2.9103614173228345
11
7.8816580708661412
21
-2.9218038188976378
0
LINE
8
BLACK
6
CONTINUOUS
10
7.8816580708661412
20
-2.9218038188976378
11
7.8711411023622047
21
-2.9323206692913386
0
LINE
8
BLACK
6
CONTINUOUS
10
7.8711411023622047
20
-2.9323206692913386
11
7.859698582677165
21
-2.9418222834645666
0
LINE
8
BLACK
6
CONTINUOUS
10
7.859698582677165
20
-2.9418222834645666
11
7.8474282283464563
21
-2.9502275984251969
0
LINE
8
BLACK
6
CONTINUOUS
10
7.8474282283464563
20
-2.9502275984251969
11
7.8344346456692913
21
-2.9574648818897638
0
LINE
8
BLACK
6
CONTINUOUS
10
7.8344346456692913
20
-2.9574648818897638
11
7.8208287007874011
21
-2.9634724015748031
0
LINE
8
BLACK
6
CONTINUOUS
10
7.8208287007874011
20
-2.9634724015748031
11
7.8067265354330706
21
-2.9681988976377953
0
LINE
8
BLACK
6
CONTINUOUS
10
7.8067265354330706
20
-2.9681988976377953
11
7.7922483858267713
21
-2.9716040157480315
0
LINE
8
BLACK
6
CONTINUOUS
10
7.7922483858267713
20
-2.9716040157480315
11
7.7775178346456695
21
-2.9736587795275589
0
LINE
8
BLACK
6
CONTINUOUS
10
7.7775178346456695
20
-2.9736587795275589
11
7.7626929527559057
21
-2.97434405511811
0
LINE
8
BLACK
6
CONTINUOUS
10
7.7626929527559057
20
-2.97434405511811
11
7.762660551181102
21
-2.9743472834645668
0
LINE
8
BLACK
6
CONTINUOUS
10
7.762660551181102
20
-2.9743472834645668
11
1.5618743307086613
21
-2.9743472834645668
0
LINE
8
BLACK
6
CONTINUOUS
10
1.5618743307086613
20
-2.9743472834645668
11
1.5618742519685038
21
-2.974347244094488
0
LINE
8
BLACK
6
CONTINUOUS
10
1.5618742519685038
20
-2.974347244094488
11
1.5618742519685038
21
-2.9743472834645668
0
LINE
8
BLACK
6
CONTINUOUS
10
1.5618742519685038
20
-2.9743472834645668
11
1.5469615748031496
21
-2.9736549606299212
0
LINE
8
BLACK
6
CONTINUOUS
10
1.5469615748031496
20
-2.9736549606299212
11
1.532177125984252
21
-2.9715845669291339
0
LINE
8
BLACK
6
CONTINUOUS
10
1.532177125984252
20
-2.9715845669291339
11
1.5176479133858267
21
-2.968153937007874
0
LINE
8
BLACK
6
CONTINUOUS
10
1.5176479133858267
20
-2.968153937007874
11
1.5034988582677165
21
-2.963392559055118
0
LINE
8
BLACK
6
CONTINUOUS
10
1.5034988582677165
20
-2.963392559055118
11
1.4898515354330708
21
-2.9573413779527558
0
LINE
8
BLACK
6
CONTINUOUS
10
1.4898515354330708
20
-2.9573413779527558
11
1.4768232283464566
21
-2.9500523228346456
0
LINE
8
BLACK
6
CONTINUOUS
10
1.4768232283464566
20
-2.9500523228346456
11
1.4645259448818897
21
-2.9415880708661417
0
LINE
8
BLACK
6
CONTINUOUS
10
1.4645259448818897
20
-2.9415880708661417
11
1.4530653149606299
21
-2.9320214173228347
0
LINE
8
BLACK
6
CONTINUOUS
10
1.4530653149606299
20
-2.9320214173228347
11
1.4425399212598424
21
-2.9214345275590552
0
LINE
8
BLACK
6
CONTINUOUS
10
1.4425399212598424
20
-2.9214345275590552
11
1.4330401181102361
21
-2.9099183858267716
0
LINE
8
BLACK
6
CONTINUOUS
10
1.4330401181102361
20
-2.9099183858267716
11
1.4246476377952755
21
-2.8975720078740155
0
LINE
8
BLACK
6
CONTINUOUS
10
1.4246476377952755
20
-2.8975720078740155
11
1.4174346062992125
21
-2.8845014960629922
0
LINE
8
BLACK
6
CONTINUOUS
10
1.4174346062992125
20
-2.8845014960629922
11
1.4114629527559055
21
-2.8708191732283463
0
LINE
8
BLACK
6
CONTINUOUS
10
1.4114629527559055
20
-2.8708191732283463
11
1.4067840157480314
21
-2.8566425984251969
0
LINE
8
BLACK
6
CONTINUOUS
10
1.4067840157480314
20
-2.8566425984251969
11
1.4034380708661418
21
-2.8420937007874016
0
LINE
8
BLACK
6
CONTINUOUS
10
1.4034380708661418
20
-2.8420937007874016
11
1.4014538188976378
21
-2.8272974015748029
0
LINE
8
BLACK
6
CONTINUOUS
10
1.4014538188976378
20
-2.8272974015748029
11
1.400848346456693
21
-2.8123809842519685
0
LINE
8
BLACK
6
CONTINUOUS
10
1.400848346456693
20
-2.8123809842519685
11
1.4008495275590551
21
-2.8123809842519685
0
LINE
8
BLACK
6
CONTINUOUS
10
1.4008495275590551
20
-2.8123809842519685
11
1.4008495275590551
21
-1.0956071653543307
0
LINE
8
BLACK
6
CONTINUOUS
10
1.4008495275590551
20
-1.0956071653543307
11
1.4008495275590551
21
-1.0956071259842519
0
LINE
8
BLACK
6
CONTINUOUS
10
1.4008495275590551
20
-1.0956071259842519
11
1.4015365748031496
21
-1.0807498031496063
0
LINE
8
BLACK
6
CONTINUOUS
10
1.4015365748031496
20
-1.0807498031496063
11
1.4035915748031496
21
-1.0660192125984251
0
LINE
8
BLACK
6
CONTINUOUS
10
1.4035915748031496
20
-1.0660192125984251
11
1.4069969291338582
21
-1.0515411023622048
0
LINE
8
BLACK
6
CONTINUOUS
10
1.4069969291338582
20
-1.0515411023622048
11
1.4117235826771652
21
-1.037438937007874
0
LINE
8
BLACK
6
CONTINUOUS
10
1.4117235826771652
20
-1.037438937007874
11
1.4177312598425196
21
-1.0238330708661416
0
LINE
8
BLACK
6
CONTINUOUS
10
1.4177312598425196
20
-1.0238330708661416
11
1.4249687007874015
21
-1.0108395275590552
0
LINE
8
BLACK
6
CONTINUOUS
10
1.4249687007874015
20
-1.0108395275590552
11
1.433374094488189
21
-0.9985691732283465
0
LINE
8
BLACK
6
CONTINUOUS
10
1.433374094488189
20
-0.9985691732283465
11
1.4428758267716535
21
-0.9871267322834646
0
LINE
8
BLACK
6
CONTINUOUS
10
1.4428758267716535
20
-0.9871267322834646
11
1.4533927559055118
21
-0.9766098031496063
0
LINE
8
BLACK
6
CONTINUOUS
10
1.4533927559055118
20
-0.9766098031496063
11
1.4648351968503937
21
-0.9671080708661417
0
LINE
8
BLACK
6
CONTINUOUS
10
1.4648351968503937
20
-0.9671080708661417
11
1.4771055511811024
21
-0.9587026377952755
0
LINE
8
BLACK
6
CONTINUOUS
10
1.4771055511811024
20
-0.9587026377952755
11
1.4900990551181101
21
-0.9514651968503937
0
LINE
8
BLACK
6
CONTINUOUS
10
1.4900990551181101
20
-0.9514651968503937
11
1.5037049606299213
21
-0.9454575196850393
0
LINE
8
BLACK
6
CONTINUOUS
10
1.5037049606299213
20
-0.9454575196850393
11
1.5178070866141733
21
-0.9407308267716535
0
LINE
8
BLACK
6
CONTINUOUS
10
1.5178070866141733
20
-0.9407308267716535
11
1.5322851968503937
21
-0.9373254330708661
0
LINE
8
BLACK
6
CONTINUOUS
10
1.5322851968503937
20
-0.9373254330708661
11
1.5470157874015749
21
-0.9352704724409449
0
LINE
8
BLACK
6
CONTINUOUS
10
1.5470157874015749
20
-0.9352704724409449
11
1.5618731102362204
21
-0.9345833858267716
0
LINE
8
BLACK
6
CONTINUOUS
10
1.5618731102362204
20
-0.9345833858267716
11
1.5618731102362204
21
-0.9345835039370078
0
LINE
8
BLACK
6
CONTINUOUS
10
1.5547562598425197
20
-0.9416700787401575
11
1.5405831889763779
21
-0.9429835826771653
0
LINE
8
BLACK
6
CONTINUOUS
10
1.5405831889763779
20
-0.9429835826771653
11
1.5265917322834646
21
-0.9455991732283464
0
LINE
8
BLACK
6
CONTINUOUS
10
1.5265917322834646
20
-0.9455991732283464
11
1.5129012598425196
21
-0.9494945669291338
0
LINE
8
BLACK
6
CONTINUOUS
10
1.5129012598425196
20
-0.9494945669291338
11
1.4996286614173229
21
-0.9546364960629921
0
LINE
8
BLACK
6
CONTINUOUS
10
1.4996286614173229
20
-0.9546364960629921
11
1.4868870866141732
21
-0.9609811417322834
0
LINE
8
BLACK
6
CONTINUOUS
10
1.4868870866141732
20
-0.9609811417322834
11
1.4747852755905511
21
-0.9684743700787402
0
LINE
8
BLACK
6
CONTINUOUS
10
1.4747852755905511
20
-0.9684743700787402
11
1.4634264173228346
21
-0.9770522047244095
0
LINE
8
BLACK
6
CONTINUOUS
10
1.4634264173228346
20
-0.9770522047244095
11
1.4529075196850394
21
-0.9866414960629921
0
LINE
8
BLACK
6
CONTINUOUS
10
1.4529075196850394
20
-0.9866414960629921
11
1.4433182283464567
21
-0.9971603937007874
0
LINE
8
BLACK
6
CONTINUOUS
10
1.4433182283464567
20
-0.9971603937007874
11
1.4347403937007874
21
-1.008519251968504
0
LINE
8
BLACK
6
CONTINUOUS
10
1.4347403937007874
20
-1.008519251968504
11
1.4272472047244094
21
-1.020621062992126
0
LINE
8
BLACK
6
CONTINUOUS
10
1.4272472047244094
20
-1.020621062992126
11
1.4209025984251968
21
-1.0333626377952756
0
LINE
8
BLACK
6
CONTINUOUS
10
1.4209025984251968
20
-1.0333626377952756
11
1.4157606692913385
21
-1.0466352755905513
0
LINE
8
BLACK
6
CONTINUOUS
10
1.4157606692913385
20
-1.0466352755905513
11
1.4118652755905512
21
-1.0603257086614173
0
LINE
8
BLACK
6
CONTINUOUS
10
1.4118652755905512
20
-1.0603257086614173
11
1.4092496850393701
21
-1.0743171653543306
0
LINE
8
BLACK
6
CONTINUOUS
10
1.4092496850393701
20
-1.0743171653543306
11
1.4079362204724408
21
-1.0884902755905512
0
LINE
8
BLACK
6
CONTINUOUS
10
1.4079362204724408
20
-1.0884902755905512
11
1.4079361417322835
21
-1.0956071259842519
0
LINE
8
BLACK
6
CONTINUOUS
10
1.4079361417322835
20
-1.0956071259842519
11
1.4079361417322835
21
-1.0956071653543307
0
LINE
8
BLACK
6
CONTINUOUS
10
1.4079361417322835
20
-1.0956071653543307
11
1.4079361417322835
21
-2.8124015354330707
0
LINE
8
BLACK
6
CONTINUOUS
10
1.4079361417322835
20
-2.8124015354330707
11
1.4079346456692914
21
-2.8124166535433068
0
LINE
8
BLACK
6
CONTINUOUS
10
1.4079346456692914
20
-2.8124166535433068
11
1.407936062992126
21
-2.8124220866141734
0
LINE
8
BLACK
6
CONTINUOUS
10
1.407936062992126
20
-2.8124220866141734
11
1.4079348425196849
21
-2.8124220866141734
0
LINE
8
BLACK
6
CONTINUOUS
10
1.4079348425196849
20
-2.8124220866141734
11
1.4078946062992126
21
-2.8195654724409449
0
LINE
8
BLACK
6
CONTINUOUS
10
1.4078946062992126
20
-2.8195654724409449
11
1.409135157480315
21
-2.8337985039370079
0
LINE
8
BLACK
6
CONTINUOUS
10
1.409135157480315
20
-2.8337985039370079
11
1.4116884251968504
21
-2.8478554724409446
0
LINE
8
BLACK
6
CONTINUOUS
10
1.4116884251968504
20
-2.8478554724409446
11
1.4155325196850392
21
-2.8616156299212596
0
LINE
8
BLACK
6
CONTINUOUS
10
1.4155325196850392
20
-2.8616156299212596
11
1.42063437007874
21
-2.8749606299212598
0
LINE
8
BLACK
6
CONTINUOUS
10
1.42063437007874
20
-2.8749606299212598
11
1.4269501181102362
21
-2.8877758267716533
0
LINE
8
BLACK
6
CONTINUOUS
10
1.4269501181102362
20
-2.8877758267716533
11
1.4344255118110236
21
-2.8999510629921259
0
LINE
8
BLACK
6
CONTINUOUS
10
1.4344255118110236
20
-2.8999510629921259
11
1.4429962992125984
21
-2.9113817322834645
0
LINE
8
BLACK
6
CONTINUOUS
10
1.4429962992125984
20
-2.9113817322834645
11
1.4525888188976377
21
-2.9219695669291337
0
LINE
8
BLACK
6
CONTINUOUS
10
1.4525888188976377
20
-2.9219695669291337
11
1.463120590551181
21
-2.9316235433070865
0
LINE
8
BLACK
6
CONTINUOUS
10
1.463120590551181
20
-2.9316235433070865
11
1.4745011417322835
21
-2.9402607480314962
0
LINE
8
BLACK
6
CONTINUOUS
10
1.4745011417322835
20
-2.9402607480314962
11
1.4866326771653542
21
-2.9478069291338582
0
LINE
8
BLACK
6
CONTINUOUS
10
1.4866326771653542
20
-2.9478069291338582
11
1.4994108661417322
21
-2.9541972047244092
0
LINE
8
BLACK
6
CONTINUOUS
10
1.4994108661417322
20
-2.9541972047244092
11
1.5127259448818897
21
-2.9593766535433068
0
LINE
8
BLACK
6
CONTINUOUS
10
1.5127259448818897
20
-2.9593766535433068
11
1.5264634645669291
21
-2.9633008267716536
0
LINE
8
BLACK
6
CONTINUOUS
10
1.5264634645669291
20
-2.9633008267716536
11
1.5405053543307086
21
-2.9659359055118109
0
LINE
8
BLACK
6
CONTINUOUS
10
1.5405053543307086
20
-2.9659359055118109
11
1.554730905511811
21
-2.9672592913385825
0
LINE
8
BLACK
6
CONTINUOUS
10
1.554730905511811
20
-2.9672592913385825
11
1.5618744094488188
21
-2.9672606692913384
0
LINE
8
BLACK
6
CONTINUOUS
10
1.5618744094488188
20
-2.9672606692913384
11
7.762660551181102
21
-2.9672606692913384
0
LINE
8
BLACK
6
CONTINUOUS
10
7.762660551181102
20
-2.9672606692913384
11
7.762660551181102
21
-2.9672589763779529
0
LINE
8
BLACK
6
CONTINUOUS
10
7.762660551181102
20
-2.9672589763779529
11
7.7697774803149606
21
-2.9672590157480316
0
LINE
8
BLACK
6
CONTINUOUS
10
7.7697774803149606
20
-2.9672590157480316
11
7.7839505511811025
21
-2.9659457874015747
0
LINE
8
BLACK
6
CONTINUOUS
10
7.7839505511811025
20
-2.9659457874015747
11
7.7979420078740151
21
-2.9633303937007875
0
LINE
8
BLACK
6
CONTINUOUS
10
7.7979420078740151
20
-2.9633303937007875
11
7.8116324409448818
21
-2.9594352362204726
0
LINE
8
BLACK
6
CONTINUOUS
10
7.8116324409448818
20
-2.9594352362204726
11
7.8249051181102365
21
-2.9542934645669292
0
LINE
8
BLACK
6
CONTINUOUS
10
7.8249051181102365
20
-2.9542934645669292
11
7.8376467322834644
21
-2.9479489763779525
0
LINE
8
BLACK
6
CONTINUOUS
10
7.8376467322834644
20
-2.9479489763779525
11
7.8497485826771651
21
-2.9404559055118109
0
LINE
8
BLACK
6
CONTINUOUS
10
7.8497485826771651
20
-2.9404559055118109
11
7.861107440944882
21
-2.9318781889763779
0
LINE
8
BLACK
6
CONTINUOUS
10
7.861107440944882
20
-2.9318781889763779
11
7.8716263779527553
21
-2.9222890157480315
0
LINE
8
BLACK
6
CONTINUOUS
10
7.8716263779527553
20
-2.9222890157480315
11
7.8812157086614167
21
-2.9117701574803148
0
LINE
8
BLACK
6
CONTINUOUS
10
7.8812157086614167
20
-2.9117701574803148
11
7.8897935433070865
21
-2.9004113779527558
0
LINE
8
BLACK
6
CONTINUOUS
10
7.8897935433070865
20
-2.9004113779527558
11
7.8972867322834643
21
-2.8883096062992126
0
LINE
8
BLACK
6
CONTINUOUS
10
7.8972867322834643
20
-2.8883096062992126
11
7.9036313385826773
21
-2.8755680708661417
0
LINE
8
BLACK
6
CONTINUOUS
10
7.9036313385826773
20
-2.8755680708661417
11
7.9087732677165352
21
-2.8622954724409446
0
LINE
8
BLACK
6
CONTINUOUS
10
7.9087732677165352
20
-2.8622954724409446
11
7.9126685826771652
21
-2.8486050787401576
0
LINE
8
BLACK
6
CONTINUOUS
10
7.9126685826771652
20
-2.8486050787401576
11
7.9152841338582673
21
-2.8346136614173227
0
LINE
8
BLACK
6
CONTINUOUS
10
7.9152841338582673
20
-2.8346136614173227
11
7.9165975590551181
21
-2.8204405905511809
0
LINE
8
BLACK
6
CONTINUOUS
10
7.9165975590551181
20
-2.8204405905511809
11
7.9165975590551181
21
-2.8133237007874015
0
LINE
8
BLACK
6
CONTINUOUS
10
7.9165975590551181
20
-2.8133237007874015
11
7.9165975590551181
21
-1.0956071259842519
0
LINE
8
BLACK
6
CONTINUOUS
10
7.9165975590551181
20
-1.0956071259842519
11
7.9165975984251968
21
-1.0956066929133859
0
LINE
8
BLACK
6
CONTINUOUS
10
7.9165975984251968
20
-1.0956066929133859
11
7.9165976377952756
21
-1.0884901968503937
0
LINE
8
BLACK
6
CONTINUOUS
10
7.9165976377952756
20
-1.0884901968503937
11
7.9152844094488186
21
-1.0743170866141731
0
LINE
8
BLACK
6
CONTINUOUS
10
7.9152844094488186
20
-1.0743170866141731
11
7.9126690157480315
21
-1.060325590551181
0
LINE
8
BLACK
6
CONTINUOUS
10
7.9126690157480315
20
-1.060325590551181
11
7.908773779527559
21
-1.0466351181102362
0
LINE
8
BLACK
6
CONTINUOUS
10
7.908773779527559
20
-1.0466351181102362
11
7.9036320078740152
21
-1.0333624409448818
0
LINE
8
BLACK
6
CONTINUOUS
10
7.9036320078740152
20
-1.0333624409448818
11
7.8972874803149606
21
-1.0206208267716534
0
LINE
8
BLACK
6
CONTINUOUS
10
7.8972874803149606
20
-1.0206208267716534
11
7.889794409448819
21
-1.008518937007874
0
LINE
8
BLACK
6
CONTINUOUS
10
7.889794409448819
20
-1.008518937007874
11
7.8812166535433068
21
-0.9971600393700787
0
LINE
8
BLACK
6
CONTINUOUS
10
7.8812166535433068
20
-0.9971600393700787
11
7.8716274015748029
21
-0.9866411023622047
0
LINE
8
BLACK
6
CONTINUOUS
10
7.8716274015748029
20
-0.9866411023622047
11
7.8611085039370074
21
-0.9770517716535433
0
LINE
8
BLACK
6
CONTINUOUS
10
7.8611085039370074
20
-0.9770517716535433
11
7.849749724409449
21
-0.968473937007874
0
LINE
8
BLACK
6
CONTINUOUS
10
7.849749724409449
20
-0.968473937007874
11
7.8376478740157483
21
-0.960980748031496
0
LINE
8
BLACK
6
CONTINUOUS
10
7.8376478740157483
20
-0.960980748031496
11
7.8249062992125982
21
-0.9546361811023621
0
LINE
8
BLACK
6
CONTINUOUS
10
7.8249062992125982
20
-0.9546361811023621
11
7.8116336614173223
21
-0.9494942913385827
0
LINE
8
BLACK
6
CONTINUOUS
10
7.8116336614173223
20
-0.9494942913385827
11
7.7979432283464565
21
-0.9455989763779528
0
LINE
8
BLACK
6
CONTINUOUS
10
7.7979432283464565
20
-0.9455989763779528
11
7.7839517322834642
21
-0.9429834645669292
0
LINE
8
BLACK
6
CONTINUOUS
10
7.7839517322834642
20
-0.9429834645669292
11
7.7697786220472436
21
-0.9416701181102362
0
LINE
8
BLACK
6
CONTINUOUS
10
7.7697786220472436
20
-0.9416701181102362
11
7.7626617322834646
21
-0.9416701181102362
0
LINE
8
BLACK
6
CONTINUOUS
10
7.7626617322834646
20
-0.9416701181102362
11
1.5618731889763779
21
-0.9416701181102362
0
LINE
8
BLACK
6
CONTINUOUS
10
1.5618731889763779
20
-0.9416701181102362
11
1.5618731496062992
21
-0.9416701181102362
0
LINE
8
BLACK
6
CONTINUOUS
10
1.5618731496062992
20
-0.9416701181102362
11
1.5618719291338583
21
-0.94167
0
LINE
8
BLACK
6
CONTINUOUS
10
1.5618719291338583
20
-0.94167
11
1.5547562598425197
21
-0.9416700787401575
0
LINE
8
BLACK
6
CONTINUOUS
10
1.6127276377952755
20
-2.7389303149606299
11
1.6228820866141731
21
-2.7411392913385826
0
LINE
8
BLACK
6
CONTINUOUS
10
1.6228820866141731
20
-2.7411392913385826
11
1.6326188188976378
21
-2.7447709055118108
0
LINE
8
BLACK
6
CONTINUOUS
10
1.6326188188976378
20
-2.7447709055118108
11
1.6417396062992125
21
-2.749751220472441
0
LINE
8
BLACK
6
CONTINUOUS
10
1.6417396062992125
20
-2.749751220472441
11
1.6500587401574802
21
-2.7559788582677163
0
LINE
8
BLACK
6
CONTINUOUS
10
1.6500587401574802
20
-2.7559788582677163
11
1.657406968503937
21
-2.763327086614173
0
LINE
8
BLACK
6
CONTINUOUS
10
1.657406968503937
20
-2.763327086614173
11
1.6636346062992127
21
-2.7716462204724408
0
LINE
8
BLACK
6
CONTINUOUS
10
1.6636346062992127
20
-2.7716462204724408
11
1.6686149212598425
21
-2.7807670078740157
0
LINE
8
BLACK
6
CONTINUOUS
10
1.6686149212598425
20
-2.7807670078740157
11
1.6722465354330709
21
-2.7905037401574804
0
LINE
8
BLACK
6
CONTINUOUS
10
1.6722465354330709
20
-2.7905037401574804
11
1.6744555118110236
21
-2.800658188976378
0
LINE
8
BLACK
6
CONTINUOUS
10
1.6744555118110236
20
-2.800658188976378
11
1.6751968503937007
21
-2.811023622047244
0
LINE
8
BLACK
6
CONTINUOUS
10
1.6751968503937007
20
-2.811023622047244
11
1.6744555118110236
21
-2.82138905511811
0
LINE
8
BLACK
6
CONTINUOUS
10
1.6744555118110236
20
-2.82138905511811
11
1.6722465354330709
21
-2.8315435039370076
0
LINE
8
BLACK
6
CONTINUOUS
10
1.6722465354330709
20
-2.8315435039370076
11
1.6686149212598425
21
-2.8412802362204723
0
LINE
8
BLACK
6
CONTINUOUS
10
1.6686149212598425
20
-2.8412802362204723
11
1.6636346062992127
21
-2.8504010236220472
0
LINE
8
BLACK
6
CONTINUOUS
10
1.6636346062992127
20
-2.8504010236220472
11
1.657406968503937
21
-2.8587201574803149
0
LINE
8
BLACK
6
CONTINUOUS
10
1.657406968503937
20
-2.8587201574803149
11
1.6500587401574802
21
-2.8660683858267717
0
LINE
8
BLACK
6
CONTINUOUS
10
1.6500587401574802
20
-2.8660683858267717
11
1.6417396062992125
21
-2.8722960236220474
0
LINE
8
BLACK
6
CONTINUOUS
10
1.6417396062992125
20
-2.8722960236220474
11
1.6326188188976378
21
-2.8772763385826772
0
LINE
8
BLACK
6
CONTINUOUS
10
1.6326188188976378
20
-2.8772763385826772
11
1.6228820866141731
21
-2.8809079527559054
0
LINE
8
BLACK
6
CONTINUOUS
10
1.6228820866141731
20
-2.8809079527559054
11
1.6127276377952755
21
-2.8831169291338581
0
LINE
8
BLACK
6
CONTINUOUS
10
1.6127276377952755
20
-2.8831169291338581
11
1.6023622047244095
21
-2.8838582677165352
0
LINE
8
BLACK
6
CONTINUOUS
10
1.6023622047244095
20
-2.8838582677165352
11
1.5919967716535433
21
-2.8831169291338581
0
LINE
8
BLACK
6
CONTINUOUS
10
1.5919967716535433
20
-2.8831169291338581
11
1.5818423228346457
21
-2.8809079527559054
0
LINE
8
BLACK
6
CONTINUOUS
10
1.5818423228346457
20
-2.8809079527559054
11
1.5721055905511812
21
-2.8772763385826772
0
LINE
8
BLACK
6
CONTINUOUS
10
1.5721055905511812
20
-2.8772763385826772
11
1.5629848031496063
21
-2.8722960236220474
0
LINE
8
BLACK
6
CONTINUOUS
10
1.5629848031496063
20
-2.8722960236220474
11
1.5546656692913385
21
-2.8660683858267717
0
LINE
8
BLACK
6
CONTINUOUS
10
1.5546656692913385
20
-2.8660683858267717
11
1.5473174409448818
21
-2.8587201574803149
0
LINE
8
BLACK
6
CONTINUOUS
10
1.5473174409448818
20
-2.8587201574803149
11
1.5410898031496063
21
-2.8504010236220472
0
LINE
8
BLACK
6
CONTINUOUS
10
1.5410898031496063
20
-2.8504010236220472
11
1.5361094881889763
21
-2.8412802362204723
0
LINE
8
BLACK
6
CONTINUOUS
10
1.5361094881889763
20
-2.8412802362204723
11
1.5324778740157481
21
-2.8315435039370076
0
LINE
8
BLACK
6
CONTINUOUS
10
1.5324778740157481
20
-2.8315435039370076
11
1.5302688976377952
21
-2.82138905511811
0
LINE
8
BLACK
6
CONTINUOUS
10
1.5302688976377952
20
-2.82138905511811
11
1.5295275590551181
21
-2.811023622047244
0
LINE
8
BLACK
6
CONTINUOUS
10
1.5295275590551181
20
-2.811023622047244
11
1.5302688976377952
21
-2.800658188976378
0
LINE
8
BLACK
6
CONTINUOUS
10
1.5302688976377952
20
-2.800658188976378
11
1.5324778740157481
21
-2.7905037401574804
0
LINE
8
BLACK
6
CONTINUOUS
10
1.5324778740157481
20
-2.7905037401574804
11
1.5361094881889763
21
-2.7807670078740157
0
LINE
8
BLACK
6
CONTINUOUS
10
1.5361094881889763
20
-2.7807670078740157
11
1.5410898031496063
21
-2.7716462204724408
0
LINE
8
BLACK
6
CONTINUOUS
10
1.5410898031496063
20
-2.7716462204724408
11
1.5473174409448818
21
-2.763327086614173
0
LINE
8
BLACK
6
CONTINUOUS
10
1.5473174409448818
20
-2.763327086614173
11
1.5546656692913385
21
-2.7559788582677163
0
LINE
8
BLACK
6
CONTINUOUS
10
1.5546656692913385
20
-2.7559788582677163
11
1.5629848031496063
21
-2.749751220472441
0
LINE
8
BLACK
6
CONTINUOUS
10
1.5629848031496063
20
-2.749751220472441
11
1.5721055905511812
21
-2.7447709055118108
0
LINE
8
BLACK
6
CONTINUOUS
10
1.5721055905511812
20
-2.7447709055118108
11
1.5818423228346457
21
-2.7411392913385826
0
LINE
8
BLACK
6
CONTINUOUS
10
1.5818423228346457
20
-2.7411392913385826
11
1.5919967716535433
21
-2.7389303149606299
0
LINE
8
BLACK
6
CONTINUOUS
10
1.5919967716535433
20
-2.7389303149606299
11
1.6023622047244095
21
-2.7381889763779528
0
LINE
8
BLACK
6
CONTINUOUS
10
1.6023622047244095
20
-2.7381889763779528
11
1.6127276377952755
21
-2.7389303149606299
0
LINE
8
BLACK
6
CONTINUOUS
10
1.5340430708661417
20
-2.8213210629921259
11
1.5363409055118109
21
-2.8313885039370077
0
LINE
8
BLACK
6
CONTINUOUS
10
1.5363409055118109
20
-2.8313885039370077
11
1.5401135039370077
21
-2.8410010236220473
0
LINE
8
BLACK
6
CONTINUOUS
10
1.5401135039370077
20
-2.8410010236220473
11
1.5452766929133859
21
-2.8499438582677166
0
LINE
8
BLACK
6
CONTINUOUS
10
1.5452766929133859
20
-2.8499438582677166
11
1.5517150393700787
21
-2.8580173228346455
0
LINE
8
BLACK
6
CONTINUOUS
10
1.5517150393700787
20
-2.8580173228346455
11
1.5592847637795275
21
-2.8650410236220472
0
LINE
8
BLACK
6
CONTINUOUS
10
1.5592847637795275
20
-2.8650410236220472
11
1.5678168110236219
21
-2.8708580314960628
0
LINE
8
BLACK
6
CONTINUOUS
10
1.5678168110236219
20
-2.8708580314960628
11
1.5771204724409449
21
-2.8753384645669291
0
LINE
8
BLACK
6
CONTINUOUS
10
1.5771204724409449
20
-2.8753384645669291
11
1.5869880314960629
21
-2.8783822047244092
0
LINE
8
BLACK
6
CONTINUOUS
10
1.5869880314960629
20
-2.8783822047244092
11
1.5971990551181101
21
-2.8799212598425195
0
LINE
8
BLACK
6
CONTINUOUS
10
1.5971990551181101
20
-2.8799212598425195
11
1.6075253543307086
21
-2.8799212598425195
0
LINE
8
BLACK
6
CONTINUOUS
10
1.6075253543307086
20
-2.8799212598425195
11
1.6177363779527558
21
-2.8783822047244092
0
LINE
8
BLACK
6
CONTINUOUS
10
1.6177363779527558
20
-2.8783822047244092
11
1.6276039370078739
21
-2.8753384645669291
0
LINE
8
BLACK
6
CONTINUOUS
10
1.6276039370078739
20
-2.8753384645669291
11
1.6369076377952756
21
-2.8708580314960628
0
LINE
8
BLACK
6
CONTINUOUS
10
1.6369076377952756
20
-2.8708580314960628
11
1.6454396456692912
21
-2.8650410236220472
0
LINE
8
BLACK
6
CONTINUOUS
10
1.6454396456692912
20
-2.8650410236220472
11
1.65300937007874
21
-2.8580173228346455
0
LINE
8
BLACK
6
CONTINUOUS
10
1.65300937007874
20
-2.8580173228346455
11
1.6594477165354331
21
-2.8499438582677166
0
LINE
8
BLACK
6
CONTINUOUS
10
1.6594477165354331
20
-2.8499438582677166
11
1.664610905511811
21
-2.8410010236220473
0
LINE
8
BLACK
6
CONTINUOUS
10
1.664610905511811
20
-2.8410010236220473
11
1.6683835039370079
21
-2.8313885039370077
0
LINE
8
BLACK
6
CONTINUOUS
10
1.6683835039370079
20
-2.8313885039370077
11
1.6706813385826771
21
-2.8213210629921259
0
LINE
8
BLACK
6
CONTINUOUS
10
1.6706813385826771
20
-2.8213210629921259
11
1.6714530314960629
21
-2.811023622047244
0
LINE
8
BLACK
6
CONTINUOUS
10
1.6714530314960629
20
-2.811023622047244
11
1.6706813385826771
21
-2.800726181102362
0
LINE
8
BLACK
6
CONTINUOUS
10
1.6706813385826771
20
-2.800726181102362
11
1.6683835039370079
21
-2.7906587401574803
0
LINE
8
BLACK
6
CONTINUOUS
10
1.6683835039370079
20
-2.7906587401574803
11
1.664610905511811
21
-2.7810462204724411
0
LINE
8
BLACK
6
CONTINUOUS
10
1.664610905511811
20
-2.7810462204724411
11
1.6594477165354331
21
-2.7721033858267714
0
LINE
8
BLACK
6
CONTINUOUS
10
1.6594477165354331
20
-2.7721033858267714
11
1.65300937007874
21
-2.7640299212598425
0
LINE
8
BLACK
6
CONTINUOUS
10
1.65300937007874
20
-2.7640299212598425
11
1.6454396456692912
21
-2.7570062204724408
0
LINE
8
BLACK
6
CONTINUOUS
10
1.6454396456692912
20
-2.7570062204724408
11
1.6369076377952756
21
-2.7511892125984252
0
LINE
8
BLACK
6
CONTINUOUS
10
1.6369076377952756
20
-2.7511892125984252
11
1.6276039370078739
21
-2.7467087795275589
0
LINE
8
BLACK
6
CONTINUOUS
10
1.6276039370078739
20
-2.7467087795275589
11
1.6177363779527558
21
-2.7436650393700788
0
LINE
8
BLACK
6
CONTINUOUS
10
1.6177363779527558
20
-2.7436650393700788
11
1.6075253543307086
21
-2.7421259842519685
0
LINE
8
BLACK
6
CONTINUOUS
10
1.6075253543307086
20
-2.7421259842519685
11
1.5971990551181101
21
-2.7421259842519685
0
LINE
8
BLACK
6
CONTINUOUS
10
1.5971990551181101
20
-2.7421259842519685
11
1.5869880314960629
21
-2.7436650393700788
0
LINE
8
BLACK
6
CONTINUOUS
10
1.5869880314960629
20
-2.7436650393700788
11
1.5771204724409449
21
-2.7467087795275589
0
LINE
8
BLACK
6
CONTINUOUS
10
1.5771204724409449
20
-2.7467087795275589
11
1.5678168110236219
21
-2.7511892125984252
0
LINE
8
BLACK
6
CONTINUOUS
10
1.5678168110236219
20
-2.7511892125984252
11
1.5592847637795275
21
-2.7570062204724408
0
LINE
8
BLACK
6
CONTINUOUS
10
1.5592847637795275
20
-2.7570062204724408
11
1.5517150393700787
21
-2.7640299212598425
0
LINE
8
BLACK
6
CONTINUOUS
10
1.5517150393700787
20
-2.7640299212598425
11
1.5452766929133859
21
-2.7721033858267714
0
LINE
8
BLACK
6
CONTINUOUS
10
1.5452766929133859
20
-2.7721033858267714
11
1.5401135039370077
21
-2.7810462204724411
0
LINE
8
BLACK
6
CONTINUOUS
10
1.5401135039370077
20
-2.7810462204724411
11
1.5363409055118109
21
-2.7906587401574803
0
LINE
8
BLACK
6
CONTINUOUS
10
1.5363409055118109
20
-2.7906587401574803
11
1.5340430708661417
21
-2.800726181102362
0
LINE
8
BLACK
6
CONTINUOUS
10
1.5340430708661417
20
-2.800726181102362
11
1.5332713779527558
21
-2.811023622047244
0
LINE
8
BLACK
6
CONTINUOUS
10
1.5332713779527558
20
-2.811023622047244
11
1.5340430708661417
21
-2.8213210629921259
0
LINE
8
BLACK
6
CONTINUOUS
10
7.7347748818897637
20
-2.7389303149606299
11
7.7449293307086613
21
-2.7411392913385826
0
LINE
8
BLACK
6
CONTINUOUS
10
7.7449293307086613
20
-2.7411392913385826
11
7.7546660629921256
21
-2.7447709055118108
0
LINE
8
BLACK
6
CONTINUOUS
10
7.7546660629921256
20
-2.7447709055118108
11
7.7637868503937009
21
-2.749751220472441
0
LINE
8
BLACK
6
CONTINUOUS
10
7.7637868503937009
20
-2.749751220472441
11
7.7721059842519686
21
-2.7559788582677163
0
LINE
8
BLACK
6
CONTINUOUS
10
7.7721059842519686
20
-2.7559788582677163
11
7.7794542125984254
21
-2.763327086614173
0
LINE
8
BLACK
6
CONTINUOUS
10
7.7794542125984254
20
-2.763327086614173
11
7.7856818503937006
21
-2.7716462204724408
0
LINE
8
BLACK
6
CONTINUOUS
10
7.7856818503937006
20
-2.7716462204724408
11
7.7906621653543304
21
-2.7807670078740157
0
LINE
8
BLACK
6
CONTINUOUS
10
7.7906621653543304
20
-2.7807670078740157
11
7.7942937795275586
21
-2.7905037401574804
0
LINE
8
BLACK
6
CONTINUOUS
10
7.7942937795275586
20
-2.7905037401574804
11
7.7965027559055118
21
-2.800658188976378
0
LINE
8
BLACK
6
CONTINUOUS
10
7.7965027559055118
20
-2.800658188976378
11
7.7972440944881889
21
-2.811023622047244
0
LINE
8
BLACK
6
CONTINUOUS
10
7.7972440944881889
20
-2.811023622047244
11
7.7965027559055118
21
-2.82138905511811
0
LINE
8
BLACK
6
CONTINUOUS
10
7.7965027559055118
20
-2.82138905511811
11
7.7942937795275586
21
-2.8315435039370076
0
LINE
8
BLACK
6
CONTINUOUS
10
7.7942937795275586
20
-2.8315435039370076
11
7.7906621653543304
21
-2.8412802362204723
0
LINE
8
BLACK
6
CONTINUOUS
10
7.7906621653543304
20
-2.8412802362204723
11
7.7856818503937006
21
-2.8504010236220472
0
LINE
8
BLACK
6
CONTINUOUS
10
7.7856818503937006
20
-2.8504010236220472
11
7.7794542125984254
21
-2.8587201574803149
0
LINE
8
BLACK
6
CONTINUOUS
10
7.7794542125984254
20
-2.8587201574803149
11
7.7721059842519686
21
-2.8660683858267717
0
LINE
8
BLACK
6
CONTINUOUS
10
7.7721059842519686
20
-2.8660683858267717
11
7.7637868503937009
21
-2.8722960236220474
0
LINE
8
BLACK
6
CONTINUOUS
10
7.7637868503937009
20
-2.8722960236220474
11
7.7546660629921256
21
-2.8772763385826772
0
LINE
8
BLACK
6
CONTINUOUS
10
7.7546660629921256
20
-2.8772763385826772
11
7.7449293307086613
21
-2.8809079527559054
0
LINE
8
BLACK
6
CONTINUOUS
10
7.7449293307086613
20
-2.8809079527559054
11
7.7347748818897637
21
-2.8831169291338581
0
LINE
8
BLACK
6
CONTINUOUS
10
7.7347748818897637
20
-2.8831169291338581
11
7.7244094488188972
21
-2.8838582677165352
0
LINE
8
BLACK
6
CONTINUOUS
10
7.7244094488188972
20
-2.8838582677165352
11
7.7140440157480317
21
-2.8831169291338581
0
LINE
8
BLACK
6
CONTINUOUS
10
7.7140440157480317
20
-2.8831169291338581
11
7.7038895669291341
21
-2.8809079527559054
0
LINE
8
BLACK
6
CONTINUOUS
10
7.7038895669291341
20
-2.8809079527559054
11
7.6941528346456689
21
-2.8772763385826772
0
LINE
8
BLACK
6
CONTINUOUS
10
7.6941528346456689
20
-2.8772763385826772
11
7.6850320472440945
21
-2.8722960236220474
0
LINE
8
BLACK
6
CONTINUOUS
10
7.6850320472440945
20
-2.8722960236220474
11
7.6767129133858267
21
-2.8660683858267717
0
LINE
8
BLACK
6
CONTINUOUS
10
7.6767129133858267
20
-2.8660683858267717
11
7.66936468503937
21
-2.8587201574803149
0
LINE
8
BLACK
6
CONTINUOUS
10
7.66936468503937
20
-2.8587201574803149
11
7.6631370472440947
21
-2.8504010236220472
0
LINE
8
BLACK
6
CONTINUOUS
10
7.6631370472440947
20
-2.8504010236220472
11
7.6581567322834641
21
-2.8412802362204723
0
LINE
8
BLACK
6
CONTINUOUS
10
7.6581567322834641
20
-2.8412802362204723
11
7.6545251181102358
21
-2.8315435039370076
0
LINE
8
BLACK
6
CONTINUOUS
10
7.6545251181102358
20
-2.8315435039370076
11
7.6523161417322836
21
-2.82138905511811
0
LINE
8
BLACK
6
CONTINUOUS
10
7.6523161417322836
20
-2.82138905511811
11
7.6515748031496065
21
-2.811023622047244
0
LINE
8
BLACK
6
CONTINUOUS
10
7.6515748031496065
20
-2.811023622047244
11
7.6523161417322836
21
-2.800658188976378
0
LINE
8
BLACK
6
CONTINUOUS
10
7.6523161417322836
20
-2.800658188976378
11
7.6545251181102358
21
-2.7905037401574804
0
LINE
8
BLACK
6
CONTINUOUS
10
7.6545251181102358
20
-2.7905037401574804
11
7.6581567322834641
21
-2.7807670078740157
0
LINE
8
BLACK
6
CONTINUOUS
10
7.6581567322834641
20
-2.7807670078740157
11
7.6631370472440947
21
-2.7716462204724408
0
LINE
8
BLACK
6
CONTINUOUS
10
7.6631370472440947
20
-2.7716462204724408
11
7.66936468503937
21
-2.763327086614173
0
LINE
8
BLACK
6
CONTINUOUS
10
7.66936468503937
20
-2.763327086614173
11
7.6767129133858267
21
-2.7559788582677163
0
LINE
8
BLACK
6
CONTINUOUS
10
7.6767129133858267
20
-2.7559788582677163
11
7.6850320472440945
21
-2.749751220472441
0
LINE
8
BLACK
6
CONTINUOUS
10
7.6850320472440945
20
-2.749751220472441
11
7.6941528346456689
21
-2.7447709055118108
0
LINE
8
BLACK
6
CONTINUOUS
10
7.6941528346456689
20
-2.7447709055118108
11
7.7038895669291341
21
-2.7411392913385826
0
LINE
8
BLACK
6
CONTINUOUS
10
7.7038895669291341
20
-2.7411392913385826
11
7.7140440157480317
21
-2.7389303149606299
0
LINE
8
BLACK
6
CONTINUOUS
10
7.7140440157480317
20
-2.7389303149606299
11
7.7244094488188972
21
-2.7381889763779528
0
LINE
8
BLACK
6
CONTINUOUS
10
7.7244094488188972
20
-2.7381889763779528
11
7.7347748818897637
21
-2.7389303149606299
0
LINE
8
BLACK
6
CONTINUOUS
10
7.6560903149606299
20
-2.8213210629921259
11
7.6583881496062993
21
-2.8313885039370077
0
LINE
8
BLACK
6
CONTINUOUS
10
7.6583881496062993
20
-2.8313885039370077
11
7.6621607480314955
21
-2.8410010236220473
0
LINE
8
BLACK
6
CONTINUOUS
10
7.6621607480314955
20
-2.8410010236220473
11
7.6673239370078736
21
-2.8499438582677166
0
LINE
8
BLACK
6
CONTINUOUS
10
7.6673239370078736
20
-2.8499438582677166
11
7.6737622834645665
21
-2.8580173228346455
0
LINE
8
BLACK
6
CONTINUOUS
10
7.6737622834645665
20
-2.8580173228346455
11
7.6813320078740155
21
-2.8650410236220472
0
LINE
8
BLACK
6
CONTINUOUS
10
7.6813320078740155
20
-2.8650410236220472
11
7.6898640551181101
21
-2.8708580314960628
0
LINE
8
BLACK
6
CONTINUOUS
10
7.6898640551181101
20
-2.8708580314960628
11
7.6991677165354329
21
-2.8753384645669291
0
LINE
8
BLACK
6
CONTINUOUS
10
7.6991677165354329
20
-2.8753384645669291
11
7.7090352755905514
21
-2.8783822047244092
0
LINE
8
BLACK
6
CONTINUOUS
10
7.7090352755905514
20
-2.8783822047244092
11
7.7192462992125979
21
-2.8799212598425195
0
LINE
8
BLACK
6
CONTINUOUS
10
7.7192462992125979
20
-2.8799212598425195
11
7.7295725984251966
21
-2.8799212598425195
0
LINE
8
BLACK
6
CONTINUOUS
10
7.7295725984251966
20
-2.8799212598425195
11
7.739783622047244
21
-2.8783822047244092
0
LINE
8
BLACK
6
CONTINUOUS
10
7.739783622047244
20
-2.8783822047244092
11
7.7496511811023616
21
-2.8753384645669291
0
LINE
8
BLACK
6
CONTINUOUS
10
7.7496511811023616
20
-2.8753384645669291
11
7.758954881889764
21
-2.8708580314960628
0
LINE
8
BLACK
6
CONTINUOUS
10
7.758954881889764
20
-2.8708580314960628
11
7.767486889763779
21
-2.8650410236220472
0
LINE
8
BLACK
6
CONTINUOUS
10
7.767486889763779
20
-2.8650410236220472
11
7.775056614173228
21
-2.8580173228346455
0
LINE
8
BLACK
6
CONTINUOUS
10
7.775056614173228
20
-2.8580173228346455
11
7.7814949606299209
21
-2.8499438582677166
0
LINE
8
BLACK
6
CONTINUOUS
10
7.7814949606299209
20
-2.8499438582677166
11
7.786658149606299
21
-2.8410010236220473
0
LINE
8
BLACK
6
CONTINUOUS
10
7.786658149606299
20
-2.8410010236220473
11
7.790430748031496
21
-2.8313885039370077
0
LINE
8
BLACK
6
CONTINUOUS
10
7.790430748031496
20
-2.8313885039370077
11
7.7927285826771655
21
-2.8213210629921259
0
LINE
8
BLACK
6
CONTINUOUS
10
7.7927285826771655
20
-2.8213210629921259
11
7.7935002755905511
21
-2.811023622047244
0
LINE
8
BLACK
6
CONTINUOUS
10
7.7935002755905511
20
-2.811023622047244
11
7.7927285826771655
21
-2.800726181102362
0
LINE
8
BLACK
6
CONTINUOUS
10
7.7927285826771655
20
-2.800726181102362
11
7.790430748031496
21
-2.7906587401574803
0
LINE
8
BLACK
6
CONTINUOUS
10
7.790430748031496
20
-2.7906587401574803
11
7.786658149606299
21
-2.7810462204724411
0
LINE
8
BLACK
6
CONTINUOUS
10
7.786658149606299
20
-2.7810462204724411
11
7.7814949606299209
21
-2.7721033858267714
0
LINE
8
BLACK
6
CONTINUOUS
10
7.7814949606299209
20
-2.7721033858267714
11
7.775056614173228
21
-2.7640299212598425
0
LINE
8
BLACK
6
CONTINUOUS
10
7.775056614173228
20
-2.7640299212598425
11
7.767486889763779
21
-2.7570062204724408
0
LINE
8
BLACK
6
CONTINUOUS
10
7.767486889763779
20
-2.7570062204724408
11
7.758954881889764
21
-2.7511892125984252
0
LINE
8
BLACK
6
CONTINUOUS
10
7.758954881889764
20
-2.7511892125984252
11
7.7496511811023616
21
-2.7467087795275589
0
LINE
8
BLACK
6
CONTINUOUS
10
7.7496511811023616
20
-2.7467087795275589
11
7.739783622047244
21
-2.7436650393700788
0
LINE
8
BLACK
6
CONTINUOUS
10
7.739783622047244
20
-2.7436650393700788
11
7.7295725984251966
21
-2.7421259842519685
0
LINE
8
BLACK
6
CONTINUOUS
10
7.7295725984251966
20
-2.7421259842519685
11
7.7192462992125979
21
-2.7421259842519685
0
LINE
8
BLACK
6
CONTINUOUS
10
7.7192462992125979
20
-2.7421259842519685
11
7.7090352755905514
21
-2.7436650393700788
0
LINE
8
BLACK
6
CONTINUOUS
10
7.7090352755905514
20
-2.7436650393700788
11
7.6991677165354329
21
-2.7467087795275589
0
LINE
8
BLACK
6
CONTINUOUS
10
7.6991677165354329
20
-2.7467087795275589
11
7.6898640551181101
21
-2.7511892125984252
0
LINE
8
BLACK
6
CONTINUOUS
10
7.6898640551181101
20
-2.7511892125984252
11
7.6813320078740155
21
-2.7570062204724408
0
LINE
8
BLACK
6
CONTINUOUS
10
7.6813320078740155
20
-2.7570062204724408
11
7.6737622834645665
21
-2.7640299212598425
0
LINE
8
BLACK
6
CONTINUOUS
10
7.6737622834645665
20
-2.7640299212598425
11
7.6673239370078736
21
-2.7721033858267714
0
LINE
8
BLACK
6
CONTINUOUS
10
7.6673239370078736
20
-2.7721033858267714
11
7.6621607480314955
21
-2.7810462204724411
0
LINE
8
BLACK
6
CONTINUOUS
10
7.6621607480314955
20
-2.7810462204724411
11
7.6583881496062993
21
-2.7906587401574803
0
LINE
8
BLACK
6
CONTINUOUS
10
7.6583881496062993
20
-2.7906587401574803
11
7.6560903149606299
21
-2.800726181102362
0
LINE
8
BLACK
6
CONTINUOUS
10
7.6560903149606299
20
-2.800726181102362
11
7.6553186220472442
21
-2.811023622047244
0
LINE
8
BLACK
6
CONTINUOUS
10
7.6553186220472442
20
-2.811023622047244
11
7.6560903149606299
21
-2.8213210629921259
0
LINE
8
BLACK
6
CONTINUOUS
10
4.8596596456692911
20
-2.30569468503937
11
4.8602362204724407
21
-2.3070866141732282
0
LINE
8
BLACK
6
CONTINUOUS
10
4.8602362204724407
20
-2.3070866141732282
11
4.8602362204724407
21
-2.5748031496062991
0
LINE
8
BLACK
6
CONTINUOUS
10
4.8602362204724407
20
-2.5748031496062991
11
4.8596596456692911
21
-2.5761950787401573
0
LINE
8
BLACK
6
CONTINUOUS
10
4.8596596456692911
20
-2.5761950787401573
11
4.8582677165354333
21
-2.576771653543307
0
LINE
8
BLACK
6
CONTINUOUS
10
4.8582677165354333
20
-2.576771653543307
11
4.1909448818897639
21
-2.576771653543307
0
LINE
8
BLACK
6
CONTINUOUS
10
4.1909448818897639
20
-2.576771653543307
11
4.1909448818897639
21
-2.8346456692913384
0
LINE
8
BLACK
6
CONTINUOUS
10
4.1909448818897639
20
-2.8346456692913384
11
4.1903683070866142
21
-2.8360375984251966
0
LINE
8
BLACK
6
CONTINUOUS
10
4.1903683070866142
20
-2.8360375984251966
11
4.1889763779527556
21
-2.8366141732283463
0
LINE
8
BLACK
6
CONTINUOUS
10
4.1889763779527556
20
-2.8366141732283463
11
2.8503937007874014
21
-2.8366141732283463
0
LINE
8
BLACK
6
CONTINUOUS
10
2.8503937007874014
20
-2.8366141732283463
11
2.8490017716535432
21
-2.8360375984251966
0
LINE
8
BLACK
6
CONTINUOUS
10
2.8490017716535432
20
-2.8360375984251966
11
2.8484251968503935
21
-2.8346456692913384
0
LINE
8
BLACK
6
CONTINUOUS
10
2.8484251968503935
20
-2.8346456692913384
11
2.8484251968503935
21
-2.576771653543307
0
LINE
8
BLACK
6
CONTINUOUS
10
2.8484251968503935
20
-2.576771653543307
11
2.5137795275590551
21
-2.576771653543307
0
LINE
8
BLACK
6
CONTINUOUS
10
2.5137795275590551
20
-2.576771653543307
11
2.5137795275590551
21
-2.8346456692913384
0
LINE
8
BLACK
6
CONTINUOUS
10
2.5137795275590551
20
-2.8346456692913384
11
2.5132029527559054
21
-2.8360375984251966
0
LINE
8
BLACK
6
CONTINUOUS
10
2.5132029527559054
20
-2.8360375984251966
11
2.5118110236220472
21
-2.8366141732283463
0
LINE
8
BLACK
6
CONTINUOUS
10
2.5118110236220472
20
-2.8366141732283463
11
2.1811023622047245
21
-2.8366141732283463
0
LINE
8
BLACK
6
CONTINUOUS
10
2.1811023622047245
20
-2.8366141732283463
11
2.1797104330708659
21
-2.8360375984251966
0
LINE
8
BLACK
6
CONTINUOUS
10
2.1797104330708659
20
-2.8360375984251966
11
2.1791338582677167
21
-2.8346456692913384
0
LINE
8
BLACK
6
CONTINUOUS
10
2.1791338582677167
20
-2.8346456692913384
11
2.1791338582677167
21
-2.3070866141732282
0
LINE
8
BLACK
6
CONTINUOUS
10
2.1791338582677167
20
-2.3070866141732282
11
2.1797104330708659
21
-2.30569468503937
0
LINE
8
BLACK
6
CONTINUOUS
10
2.1797104330708659
20
-2.30569468503937
11
2.1811023622047245
21
-2.3051181102362204
0
LINE
8
BLACK
6
CONTINUOUS
10
2.1811023622047245
20
-2.3051181102362204
11
4.8582677165354333
21
-2.3051181102362204
0
LINE
8
BLACK
6
CONTINUOUS
10
4.8582677165354333
20
-2.3051181102362204
11
4.8596596456692911
21
-2.30569468503937
0
LINE
8
BLACK
6
CONTINUOUS
10
2.0558861811023621
20
-2.1555874409448816
11
2.0573053937007875
21
-2.1561753149606298
0
LINE
8
BLACK
6
CONTINUOUS
10
2.0573053937007875
20
-2.1561753149606298
11
2.0583916141732281
21
-2.1572615354330709
0
LINE
8
BLACK
6
CONTINUOUS
10
2.0583916141732281
20
-2.1572615354330709
11
2.0589794881889762
21
-2.1586807480314962
0
LINE
8
BLACK
6
CONTINUOUS
10
2.0589794881889762
20
-2.1586807480314962
11
2.0590551181102361
21
-2.159448818897638
0
LINE
8
BLACK
6
CONTINUOUS
10
2.0590551181102361
20
-2.159448818897638
11
2.0590551181102361
21
-2.5984251968503935
0
LINE
8
BLACK
6
CONTINUOUS
10
2.0590551181102361
20
-2.5984251968503935
11
2.0589794881889762
21
-2.5991932677165352
0
LINE
8
BLACK
6
CONTINUOUS
10
2.0589794881889762
20
-2.5991932677165352
11
2.0583916141732281
21
-2.6006124803149606
0
LINE
8
BLACK
6
CONTINUOUS
10
2.0583916141732281
20
-2.6006124803149606
11
2.0573053937007875
21
-2.6016987007874017
0
LINE
8
BLACK
6
CONTINUOUS
10
2.0573053937007875
20
-2.6016987007874017
11
2.0558861811023621
21
-2.6022865748031494
0
LINE
8
BLACK
6
CONTINUOUS
10
2.0558861811023621
20
-2.6022865748031494
11
2.0551181102362204
21
-2.6023622047244093
0
LINE
8
BLACK
6
CONTINUOUS
10
2.0551181102362204
20
-2.6023622047244093
11
1.7401574803149606
21
-2.6023622047244093
0
LINE
8
BLACK
6
CONTINUOUS
10
1.7401574803149606
20
-2.6023622047244093
11
1.7393894094488189
21
-2.6022865748031494
0
LINE
8
BLACK
6
CONTINUOUS
10
1.7393894094488189
20
-2.6022865748031494
11
1.7379701968503936
21
-2.6016987007874017
0
LINE
8
BLACK
6
CONTINUOUS
10
1.7379701968503936
20
-2.6016987007874017
11
1.7368839763779527
21
-2.6006124803149606
0
LINE
8
BLACK
6
CONTINUOUS
10
1.7368839763779527
20
-2.6006124803149606
11
1.7362961023622048
21
-2.5991932677165352
0
LINE
8
BLACK
6
CONTINUOUS
10
1.7362961023622048
20
-2.5991932677165352
11
1.7362204724409449
21
-2.5984251968503935
0
LINE
8
BLACK
6
CONTINUOUS
10
1.7362204724409449
20
-2.5984251968503935
11
1.7362204724409449
21
-2.159448818897638
0
LINE
8
BLACK
6
CONTINUOUS
10
1.7362204724409449
20
-2.159448818897638
11
1.7362961023622048
21
-2.1586807480314962
0
LINE
8
BLACK
6
CONTINUOUS
10
1.7362961023622048
20
-2.1586807480314962
11
1.7368839763779527
21
-2.1572615354330709
0
LINE
8
BLACK
6
CONTINUOUS
10
1.7368839763779527
20
-2.1572615354330709
11
1.7379701968503936
21
-2.1561753149606298
0
LINE
8
BLACK
6
CONTINUOUS
10
1.7379701968503936
20
-2.1561753149606298
11
1.7393894094488189
21
-2.1555874409448816
0
LINE
8
BLACK
6
CONTINUOUS
10
1.7393894094488189
20
-2.1555874409448816
11
1.7401574803149606
21
-2.1555118110236222
0
LINE
8
BLACK
6
CONTINUOUS
10
1.7401574803149606
20
-2.1555118110236222
11
2.0551181102362204
21
-2.1555118110236222
0
LINE
8
BLACK
6
CONTINUOUS
10
2.0551181102362204
20
-2.1555118110236222
11
2.0558861811023621
21
-2.1555874409448816
0
LINE
8
BLACK
6
CONTINUOUS
10
2.3688635433070866
20
-1.7971970866141731
11
2.369928897637795
21
-1.7982624409448817
0
LINE
8
BLACK
6
CONTINUOUS
10
2.369928897637795
20
-1.7982624409448817
11
2.3700787401574801
21
-1.7990157480314961
0
LINE
8
BLACK
6
CONTINUOUS
10
2.3700787401574801
20
-1.7990157480314961
11
2.3700787401574801
21
-2.1714566929133858
0
LINE
8
BLACK
6
CONTINUOUS
10
2.3700787401574801
20
-2.1714566929133858
11
2.369928897637795
21
-2.1722099999999998
0
LINE
8
BLACK
6
CONTINUOUS
10
2.369928897637795
20
-2.1722099999999998
11
2.3688635433070866
21
-2.1732753543307086
0
LINE
8
BLACK
6
CONTINUOUS
10
2.3688635433070866
20
-2.1732753543307086
11
2.3681102362204722
21
-2.1734251968503937
0
LINE
8
BLACK
6
CONTINUOUS
10
2.3681102362204722
20
-2.1734251968503937
11
2.1818897637795276
21
-2.1734251968503937
0
LINE
8
BLACK
6
CONTINUOUS
10
2.1818897637795276
20
-2.1734251968503937
11
2.1811364566929132
21
-2.1732753543307086
0
LINE
8
BLACK
6
CONTINUOUS
10
2.1811364566929132
20
-2.1732753543307086
11
2.1800711023622048
21
-2.1722099999999998
0
LINE
8
BLACK
6
CONTINUOUS
10
2.1800711023622048
20
-2.1722099999999998
11
2.1799212598425197
21
-2.1714566929133858
0
LINE
8
BLACK
6
CONTINUOUS
10
2.1799212598425197
20
-2.1714566929133858
11
2.1799212598425197
21
-1.7990157480314961
0
LINE
8
BLACK
6
CONTINUOUS
10
2.1799212598425197
20
-1.7990157480314961
11
2.1800711023622048
21
-1.7982624409448817
0
LINE
8
BLACK
6
CONTINUOUS
10
2.1800711023622048
20
-1.7982624409448817
11
2.1811364566929132
21
-1.7971970866141731
0
LINE
8
BLACK
6
CONTINUOUS
10
2.1811364566929132
20
-1.7971970866141731
11
2.1818897637795276
21
-1.7970472440944882
0
LINE
8
BLACK
6
CONTINUOUS
10
2.1818897637795276
20
-1.7970472440944882
11
2.3681102362204722
21
-1.7970472440944882
0
LINE
8
BLACK
6
CONTINUOUS
10
2.3681102362204722
20
-1.7970472440944882
11
2.3688635433070866
21
-1.7971970866141731
0
LINE
8
BLACK
6
CONTINUOUS
10
2.7074462204724408
20
-1.7971970866141731
11
2.7085115748031496
21
-1.7982624409448817
0
LINE
8
BLACK
6
CONTINUOUS
10
2.7085115748031496
20
-1.7982624409448817
11
2.7086614173228347
21
-1.7990157480314961
0
LINE
8
BLACK
6
CONTINUOUS
10
2.7086614173228347
20
-1.7990157480314961
11
2.7086614173228347
21
-2.1714566929133858
0
LINE
8
BLACK
6
CONTINUOUS
10
2.7086614173228347
20
-2.1714566929133858
11
2.7085115748031496
21
-2.1722099999999998
0
LINE
8
BLACK
6
CONTINUOUS
10
2.7085115748031496
20
-2.1722099999999998
11
2.7074462204724408
21
-2.1732753543307086
0
LINE
8
BLACK
6
CONTINUOUS
10
2.7074462204724408
20
-2.1732753543307086
11
2.7066929133858268
21
-2.1734251968503937
0
LINE
8
BLACK
6
CONTINUOUS
10
2.7066929133858268
20
-2.1734251968503937
11
2.5204724409448818
21
-2.1734251968503937
0
LINE
8
BLACK
6
CONTINUOUS
10
2.5204724409448818
20
-2.1734251968503937
11
2.5197191338582678
21
-2.1732753543307086
0
LINE
8
BLACK
6
CONTINUOUS
10
2.5197191338582678
20
-2.1732753543307086
11
2.518653779527559
21
-2.1722099999999998
0
LINE
8
BLACK
6
CONTINUOUS
10
2.518653779527559
20
-2.1722099999999998
11
2.5185039370078739
21
-2.1714566929133858
0
LINE
8
BLACK
6
CONTINUOUS
10
2.5185039370078739
20
-2.1714566929133858
11
2.5185039370078739
21
-1.7990157480314961
0
LINE
8
BLACK
6
CONTINUOUS
10
2.5185039370078739
20
-1.7990157480314961
11
2.518653779527559
21
-1.7982624409448817
0
LINE
8
BLACK
6
CONTINUOUS
10
2.518653779527559
20
-1.7982624409448817
11
2.5197191338582678
21
-1.7971970866141731
0
LINE
8
BLACK
6
CONTINUOUS
10
2.5197191338582678
20
-1.7971970866141731
11
2.5204724409448818
21
-1.7970472440944882
0
LINE
8
BLACK
6
CONTINUOUS
10
2.5204724409448818
20
-1.7970472440944882
11
2.7066929133858268
21
-1.7970472440944882
0
LINE
8
BLACK
6
CONTINUOUS
10
2.7066929133858268
20
-1.7970472440944882
11
2.7074462204724408
21
-1.7971970866141731
0
LINE
8
BLACK
6
CONTINUOUS
10
3.0460288976377954
20
-1.7971970866141731
11
3.0470942519685038
21
-1.7982624409448817
0
LINE
8
BLACK
6
CONTINUOUS
10
3.0470942519685038
20
-1.7982624409448817
11
3.0472440944881889
21
-1.7990157480314961
0
LINE
8
BLACK
6
CONTINUOUS
10
3.0472440944881889
20
-1.7990157480314961
11
3.0472440944881889
21
-2.1714566929133858
0
LINE
8
BLACK
6
CONTINUOUS
10
3.0472440944881889
20
-2.1714566929133858
11
3.0470942519685038
21
-2.1722099999999998
0
LINE
8
BLACK
6
CONTINUOUS
10
3.0470942519685038
20
-2.1722099999999998
11
3.0460288976377954
21
-2.1732753543307086
0
LINE
8
BLACK
6
CONTINUOUS
10
3.0460288976377954
20
-2.1732753543307086
11
3.045275590551181
21
-2.1734251968503937
0
LINE
8
BLACK
6
CONTINUOUS
10
3.045275590551181
20
-2.1734251968503937
11
2.8590551181102359
21
-2.1734251968503937
0
LINE
8
BLACK
6
CONTINUOUS
10
2.8590551181102359
20
-2.1734251968503937
11
2.858301811023622
21
-2.1732753543307086
0
LINE
8
BLACK
6
CONTINUOUS
10
2.858301811023622
20
-2.1732753543307086
11
2.8572364566929132
21
-2.1722099999999998
0
LINE
8
BLACK
6
CONTINUOUS
10
2.8572364566929132
20
-2.1722099999999998
11
2.8570866141732281
21
-2.1714566929133858
0
LINE
8
BLACK
6
CONTINUOUS
10
2.8570866141732281
20
-2.1714566929133858
11
2.8570866141732281
21
-1.7990157480314961
0
LINE
8
BLACK
6
CONTINUOUS
10
2.8570866141732281
20
-1.7990157480314961
11
2.8572364566929132
21
-1.7982624409448817
0
LINE
8
BLACK
6
CONTINUOUS
10
2.8572364566929132
20
-1.7982624409448817
11
2.858301811023622
21
-1.7971970866141731
0
LINE
8
BLACK
6
CONTINUOUS
10
2.858301811023622
20
-1.7971970866141731
11
2.8590551181102359
21
-1.7970472440944882
0
LINE
8
BLACK
6
CONTINUOUS
10
2.8590551181102359
20
-1.7970472440944882
11
3.045275590551181
21
-1.7970472440944882
0
LINE
8
BLACK
6
CONTINUOUS
10
3.045275590551181
20
-1.7970472440944882
11
3.0460288976377954
21
-1.7971970866141731
0
LINE
8
BLACK
6
CONTINUOUS
10
3.3846115748031496
20
-1.7971970866141731
11
3.385676929133858
21
-1.7982624409448817
0
LINE
8
BLACK
6
CONTINUOUS
10
3.385676929133858
20
-1.7982624409448817
11
3.3858267716535431
21
-1.7990157480314961
0
LINE
8
BLACK
6
CONTINUOUS
10
3.3858267716535431
20
-1.7990157480314961
11
3.3858267716535431
21
-2.1714566929133858
0
LINE
8
BLACK
6
CONTINUOUS
10
3.3858267716535431
20
-2.1714566929133858
11
3.385676929133858
21
-2.1722099999999998
0
LINE
8
BLACK
6
CONTINUOUS
10
3.385676929133858
20
-2.1722099999999998
11
3.3846115748031496
21
-2.1732753543307086
0
LINE
8
BLACK
6
CONTINUOUS
10
3.3846115748031496
20
-2.1732753543307086
11
3.3838582677165352
21
-2.1734251968503937
0
LINE
8
BLACK
6
CONTINUOUS
10
3.3838582677165352
20
-2.1734251968503937
11
3.1976377952755906
21
-2.1734251968503937
0
LINE
8
BLACK
6
CONTINUOUS
10
3.1976377952755906
20
-2.1734251968503937
11
3.1968844881889762
21
-2.1732753543307086
0
LINE
8
BLACK
6
CONTINUOUS
10
3.1968844881889762
20
-2.1732753543307086
11
3.1958191338582678
21
-2.1722099999999998
0
LINE
8
BLACK
6
CONTINUOUS
10
3.1958191338582678
20
-2.1722099999999998
11
3.1956692913385827
21
-2.1714566929133858
0
LINE
8
BLACK
6
CONTINUOUS
10
3.1956692913385827
20
-2.1714566929133858
11
3.1956692913385827
21
-1.7990157480314961
0
LINE
8
BLACK
6
CONTINUOUS
10
3.1956692913385827
20
-1.7990157480314961
11
3.1958191338582678
21
-1.7982624409448817
0
LINE
8
BLACK
6
CONTINUOUS
10
3.1958191338582678
20
-1.7982624409448817
11
3.1968844881889762
21
-1.7971970866141731
0
LINE
8
BLACK
6
CONTINUOUS
10
3.1968844881889762
20
-1.7971970866141731
11
3.1976377952755906
21
-1.7970472440944882
0
LINE
8
BLACK
6
CONTINUOUS
10
3.1976377952755906
20
-1.7970472440944882
11
3.3838582677165352
21
-1.7970472440944882
0
LINE
8
BLACK
6
CONTINUOUS
10
3.3838582677165352
20
-1.7970472440944882
11
3.3846115748031496
21
-1.7971970866141731
0
LINE
8
BLACK
6
CONTINUOUS
10
3.7231942519685037
20
-1.7971970866141731
11
3.7242596062992126
21
-1.7982624409448817
0
LINE
8
BLACK
6
CONTINUOUS
10
3.7242596062992126
20
-1.7982624409448817
11
3.7244094488188977
21
-1.7990157480314961
0
LINE
8
BLACK
6
CONTINUOUS
10
3.7244094488188977
20
-1.7990157480314961
11
3.7244094488188977
21
-2.1714566929133858
0
LINE
8
BLACK
6
CONTINUOUS
10
3.7244094488188977
20
-2.1714566929133858
11
3.7242596062992126
21
-2.1722099999999998
0
LINE
8
BLACK
6
CONTINUOUS
10
3.7242596062992126
20
-2.1722099999999998
11
3.7231942519685037
21
-2.1732753543307086
0
LINE
8
BLACK
6
CONTINUOUS
10
3.7231942519685037
20
-2.1732753543307086
11
3.7224409448818898
21
-2.1734251968503937
0
LINE
8
BLACK
6
CONTINUOUS
10
3.7224409448818898
20
-2.1734251968503937
11
3.5362204724409447
21
-2.1734251968503937
0
LINE
8
BLACK
6
CONTINUOUS
10
3.5362204724409447
20
-2.1734251968503937
11
3.5354671653543308
21
-2.1732753543307086
0
LINE
8
BLACK
6
CONTINUOUS
10
3.5354671653543308
20
-2.1732753543307086
11
3.5344018110236219
21
-2.1722099999999998
0
LINE
8
BLACK
6
CONTINUOUS
10
3.5344018110236219
20
-2.1722099999999998
11
3.5342519685039369
21
-2.1714566929133858
0
LINE
8
BLACK
6
CONTINUOUS
10
3.5342519685039369
20
-2.1714566929133858
11
3.5342519685039369
21
-1.7990157480314961
0
LINE
8
BLACK
6
CONTINUOUS
10
3.5342519685039369
20
-1.7990157480314961
11
3.5344018110236219
21
-1.7982624409448817
0
LINE
8
BLACK
6
CONTINUOUS
10
3.5344018110236219
20
-1.7982624409448817
11
3.5354671653543308
21
-1.7971970866141731
0
LINE
8
BLACK
6
CONTINUOUS
10
3.5354671653543308
20
-1.7971970866141731
11
3.5362204724409447
21
-1.7970472440944882
0
LINE
8
BLACK
6
CONTINUOUS
10
3.5362204724409447
20
-1.7970472440944882
11
3.7224409448818898
21
-1.7970472440944882
0
LINE
8
BLACK
6
CONTINUOUS
10
3.7224409448818898
20
-1.7970472440944882
11
3.7231942519685037
21
-1.7971970866141731
0
LINE
8
BLACK
6
CONTINUOUS
10
4.0617769291338579
20
-1.7971970866141731
11
4.0628422834645672
21
-1.7982624409448817
0
LINE
8
BLACK
6
CONTINUOUS
10
4.0628422834645672
20
-1.7982624409448817
11
4.0629921259842519
21
-1.7990157480314961
0
LINE
8
BLACK
6
CONTINUOUS
10
4.0629921259842519
20
-1.7990157480314961
11
4.0629921259842519
21
-2.1714566929133858
0
LINE
8
BLACK
6
CONTINUOUS
10
4.0629921259842519
20
-2.1714566929133858
11
4.0628422834645672
21
-2.1722099999999998
0
LINE
8
BLACK
6
CONTINUOUS
10
4.0628422834645672
20
-2.1722099999999998
11
4.0617769291338579
21
-2.1732753543307086
0
LINE
8
BLACK
6
CONTINUOUS
10
4.0617769291338579
20
-2.1732753543307086
11
4.0610236220472444
21
-2.1734251968503937
0
LINE
8
BLACK
6
CONTINUOUS
10
4.0610236220472444
20
-2.1734251968503937
11
3.8748031496062993
21
-2.1734251968503937
0
LINE
8
BLACK
6
CONTINUOUS
10
3.8748031496062993
20
-2.1734251968503937
11
3.874049842519685
21
-2.1732753543307086
0
LINE
8
BLACK
6
CONTINUOUS
10
3.874049842519685
20
-2.1732753543307086
11
3.8729844881889761
21
-2.1722099999999998
0
LINE
8
BLACK
6
CONTINUOUS
10
3.8729844881889761
20
-2.1722099999999998
11
3.872834645669291
21
-2.1714566929133858
0
LINE
8
BLACK
6
CONTINUOUS
10
3.872834645669291
20
-2.1714566929133858
11
3.872834645669291
21
-1.7990157480314961
0
LINE
8
BLACK
6
CONTINUOUS
10
3.872834645669291
20
-1.7990157480314961
11
3.8729844881889761
21
-1.7982624409448817
0
LINE
8
BLACK
6
CONTINUOUS
10
3.8729844881889761
20
-1.7982624409448817
11
3.874049842519685
21
-1.7971970866141731
0
LINE
8
BLACK
6
CONTINUOUS
10
3.874049842519685
20
-1.7971970866141731
11
3.8748031496062993
21
-1.7970472440944882
0
LINE
8
BLACK
6
CONTINUOUS
10
3.8748031496062993
20
-1.7970472440944882
11
4.0610236220472444
21
-1.7970472440944882
0
LINE
8
BLACK
6
CONTINUOUS
10
4.0610236220472444
20
-1.7970472440944882
11
4.0617769291338579
21
-1.7971970866141731
0
LINE
8
BLACK
6
CONTINUOUS
10
4.4003596062992125
20
-1.7971970866141731
11
4.4014249606299209
21
-1.7982624409448817
0
LINE
8
BLACK
6
CONTINUOUS
10
4.4014249606299209
20
-1.7982624409448817
11
4.4015748031496065
21
-1.7990157480314961
0
LINE
8
BLACK
6
CONTINUOUS
10
4.4015748031496065
20
-1.7990157480314961
11
4.4015748031496065
21
-2.1714566929133858
0
LINE
8
BLACK
6
CONTINUOUS
10
4.4015748031496065
20
-2.1714566929133858
11
4.4014249606299209
21
-2.1722099999999998
0
LINE
8
BLACK
6
CONTINUOUS
10
4.4014249606299209
20
-2.1722099999999998
11
4.4003596062992125
21
-2.1732753543307086
0
LINE
8
BLACK
6
CONTINUOUS
10
4.4003596062992125
20
-2.1732753543307086
11
4.3996062992125982
21
-2.1734251968503937
0
LINE
8
BLACK
6
CONTINUOUS
10
4.3996062992125982
20
-2.1734251968503937
11
4.2133858267716535
21
-2.1734251968503937
0
LINE
8
BLACK
6
CONTINUOUS
10
4.2133858267716535
20
-2.1734251968503937
11
4.2126325196850392
21
-2.1732753543307086
0
LINE
8
BLACK
6
CONTINUOUS
10
4.2126325196850392
20
-2.1732753543307086
11
4.2115671653543307
21
-2.1722099999999998
0
LINE
8
BLACK
6
CONTINUOUS
10
4.2115671653543307
20
-2.1722099999999998
11
4.2114173228346452
21
-2.1714566929133858
0
LINE
8
BLACK
6
CONTINUOUS
10
4.2114173228346452
20
-2.1714566929133858
11
4.2114173228346452
21
-1.7990157480314961
0
LINE
8
BLACK
6
CONTINUOUS
10
4.2114173228346452
20
-1.7990157480314961
11
4.2115671653543307
21
-1.7982624409448817
0
LINE
8
BLACK
6
CONTINUOUS
10
4.2115671653543307
20
-1.7982624409448817
11
4.2126325196850392
21
-1.7971970866141731
0
LINE
8
BLACK
6
CONTINUOUS
10
4.2126325196850392
20
-1.7971970866141731
11
4.2133858267716535
21
-1.7970472440944882
0
LINE
8
BLACK
6
CONTINUOUS
10
4.2133858267716535
20
-1.7970472440944882
11
4.3996062992125982
21
-1.7970472440944882
0
LINE
8
BLACK
6
CONTINUOUS
10
4.3996062992125982
20
-1.7970472440944882
11
4.4003596062992125
21
-1.7971970866141731
0
LINE
8
BLACK
6
CONTINUOUS
10
4.7389422834645671
20
-1.7971970866141731
11
4.7400076377952756
21
-1.7982624409448817
0
LINE
8
BLACK
6
CONTINUOUS
10
4.7400076377952756
20
-1.7982624409448817
11
4.7401574803149602
21
-1.7990157480314961
0
LINE
8
BLACK
6
CONTINUOUS
10
4.7401574803149602
20
-1.7990157480314961
11
4.7401574803149602
21
-2.1714566929133858
0
LINE
8
BLACK
6
CONTINUOUS
10
4.7401574803149602
20
-2.1714566929133858
11
4.7400076377952756
21
-2.1722099999999998
0
LINE
8
BLACK
6
CONTINUOUS
10
4.7400076377952756
20
-2.1722099999999998
11
4.7389422834645671
21
-2.1732753543307086
0
LINE
8
BLACK
6
CONTINUOUS
10
4.7389422834645671
20
-2.1732753543307086
11
4.7381889763779528
21
-2.1734251968503937
0
LINE
8
BLACK
6
CONTINUOUS
10
4.7381889763779528
20
-2.1734251968503937
11
4.5519685039370081
21
-2.1734251968503937
0
LINE
8
BLACK
6
CONTINUOUS
10
4.5519685039370081
20
-2.1734251968503937
11
4.5512151968503938
21
-2.1732753543307086
0
LINE
8
BLACK
6
CONTINUOUS
10
4.5512151968503938
20
-2.1732753543307086
11
4.5501498425196854
21
-2.1722099999999998
0
LINE
8
BLACK
6
CONTINUOUS
10
4.5501498425196854
20
-2.1722099999999998
11
4.5499999999999998
21
-2.1714566929133858
0
LINE
8
BLACK
6
CONTINUOUS
10
4.5499999999999998
20
-2.1714566929133858
11
4.5499999999999998
21
-1.7990157480314961
0
LINE
8
BLACK
6
CONTINUOUS
10
4.5499999999999998
20
-1.7990157480314961
11
4.5501498425196854
21
-1.7982624409448817
0
LINE
8
BLACK
6
CONTINUOUS
10
4.5501498425196854
20
-1.7982624409448817
11
4.5512151968503938
21
-1.7971970866141731
0
LINE
8
BLACK
6
CONTINUOUS
10
4.5512151968503938
20
-1.7971970866141731
11
4.5519685039370081
21
-1.7970472440944882
0
LINE
8
BLACK
6
CONTINUOUS
10
4.5519685039370081
20
-1.7970472440944882
11
4.7381889763779528
21
-1.7970472440944882
0
LINE
8
BLACK
6
CONTINUOUS
10
4.7381889763779528
20
-1.7970472440944882
11
4.7389422834645671
21
-1.7971970866141731
0
LINE
8
BLACK
6
CONTINUOUS
10
5.0775249606299209
20
-1.7971970866141731
11
5.0785903149606302
21
-1.7982624409448817
0
LINE
8
BLACK
6
CONTINUOUS
10
5.0785903149606302
20
-1.7982624409448817
11
5.0787401574803148
21
-1.7990157480314961
0
LINE
8
BLACK
6
CONTINUOUS
10
5.0787401574803148
20
-1.7990157480314961
11
5.0787401574803148
21
-2.1714566929133858
0
LINE
8
BLACK
6
CONTINUOUS
10
5.0787401574803148
20
-2.1714566929133858
11
5.0785903149606302
21
-2.1722099999999998
0
LINE
8
BLACK
6
CONTINUOUS
10
5.0785903149606302
20
-2.1722099999999998
11
5.0775249606299209
21
-2.1732753543307086
0
LINE
8
BLACK
6
CONTINUOUS
10
5.0775249606299209
20
-2.1732753543307086
11
5.0767716535433074
21
-2.1734251968503937
0
LINE
8
BLACK
6
CONTINUOUS
10
5.0767716535433074
20
-2.1734251968503937
11
4.8905511811023619
21
-2.1734251968503937
0
LINE
8
BLACK
6
CONTINUOUS
10
4.8905511811023619
20
-2.1734251968503937
11
4.8897978740157475
21
-2.1732753543307086
0
LINE
8
BLACK
6
CONTINUOUS
10
4.8897978740157475
20
-2.1732753543307086
11
4.8887325196850391
21
-2.1722099999999998
0
LINE
8
BLACK
6
CONTINUOUS
10
4.8887325196850391
20
-2.1722099999999998
11
4.8885826771653544
21
-2.1714566929133858
0
LINE
8
BLACK
6
CONTINUOUS
10
4.8885826771653544
20
-2.1714566929133858
11
4.8885826771653544
21
-1.7990157480314961
0
LINE
8
BLACK
6
CONTINUOUS
10
4.8885826771653544
20
-1.7990157480314961
11
4.8887325196850391
21
-1.7982624409448817
0
LINE
8
BLACK
6
CONTINUOUS
10
4.8887325196850391
20
-1.7982624409448817
11
4.8897978740157475
21
-1.7971970866141731
0
LINE
8
BLACK
6
CONTINUOUS
10
4.8897978740157475
20
-1.7971970866141731
11
4.8905511811023619
21
-1.7970472440944882
0
LINE
8
BLACK
6
CONTINUOUS
10
4.8905511811023619
20
-1.7970472440944882
11
5.0767716535433074
21
-1.7970472440944882
0
LINE
8
BLACK
6
CONTINUOUS
10
5.0767716535433074
20
-1.7970472440944882
11
5.0775249606299209
21
-1.7971970866141731
0
LINE
8
BLACK
6
CONTINUOUS
10
5.4161076377952755
20
-1.7971970866141731
11
5.4171729921259839
21
-1.7982624409448817
0
LINE
8
BLACK
6
CONTINUOUS
10
5.4171729921259839
20
-1.7982624409448817
11
5.4173228346456694
21
-1.7990157480314961
0
LINE
8
BLACK
6
CONTINUOUS
10
5.4173228346456694
20
-1.7990157480314961
11
5.4173228346456694
21
-2.1714566929133858
0
LINE
8
BLACK
6
CONTINUOUS
10
5.4173228346456694
20
-2.1714566929133858
11
5.4171729921259839
21
-2.1722099999999998
0
LINE
8
BLACK
6
CONTINUOUS
10
5.4171729921259839
20
-2.1722099999999998
11
5.4161076377952755
21
-2.1732753543307086
0
LINE
8
BLACK
6
CONTINUOUS
10
5.4161076377952755
20
-2.1732753543307086
11
5.4153543307086611
21
-2.1734251968503937
0
LINE
8
BLACK
6
CONTINUOUS
10
5.4153543307086611
20
-2.1734251968503937
11
5.2291338582677165
21
-2.1734251968503937
0
LINE
8
BLACK
6
CONTINUOUS
10
5.2291338582677165
20
-2.1734251968503937
11
5.2283805511811021
21
-2.1732753543307086
0
LINE
8
BLACK
6
CONTINUOUS
10
5.2283805511811021
20
-2.1732753543307086
11
5.2273151968503937
21
-2.1722099999999998
0
LINE
8
BLACK
6
CONTINUOUS
10
5.2273151968503937
20
-2.1722099999999998
11
5.2271653543307082
21
-2.1714566929133858
0
LINE
8
BLACK
6
CONTINUOUS
10
5.2271653543307082
20
-2.1714566929133858
11
5.2271653543307082
21
-1.7990157480314961
0
LINE
8
BLACK
6
CONTINUOUS
10
5.2271653543307082
20
-1.7990157480314961
11
5.2273151968503937
21
-1.7982624409448817
0
LINE
8
BLACK
6
CONTINUOUS
10
5.2273151968503937
20
-1.7982624409448817
11
5.2283805511811021
21
-1.7971970866141731
0
LINE
8
BLACK
6
CONTINUOUS
10
5.2283805511811021
20
-1.7971970866141731
11
5.2291338582677165
21
-1.7970472440944882
0
LINE
8
BLACK
6
CONTINUOUS
10
5.2291338582677165
20
-1.7970472440944882
11
5.4153543307086611
21
-1.7970472440944882
0
LINE
8
BLACK
6
CONTINUOUS
10
5.4153543307086611
20
-1.7970472440944882
11
5.4161076377952755
21
-1.7971970866141731
0
LINE
8
BLACK
6
CONTINUOUS
10
5.7710288976377955
20
-1.7971970866141731
11
5.7720942519685039
21
-1.7982624409448817
0
LINE
8
BLACK
6
CONTINUOUS
10
5.7720942519685039
20
-1.7982624409448817
11
5.7722440944881885
21
-1.7990157480314961
0
LINE
8
BLACK
6
CONTINUOUS
10
5.7722440944881885
20
-1.7990157480314961
11
5.7722440944881885
21
-2.1714566929133858
0
LINE
8
BLACK
6
CONTINUOUS
10
5.7722440944881885
20
-2.1714566929133858
11
5.7720942519685039
21
-2.1722099999999998
0
LINE
8
BLACK
6
CONTINUOUS
10
5.7720942519685039
20
-2.1722099999999998
11
5.7710288976377955
21
-2.1732753543307086
0
LINE
8
BLACK
6
CONTINUOUS
10
5.7710288976377955
20
-2.1732753543307086
11
5.7702755905511811
21
-2.1734251968503937
0
LINE
8
BLACK
6
CONTINUOUS
10
5.7702755905511811
20
-2.1734251968503937
11
5.5840551181102365
21
-2.1734251968503937
0
LINE
8
BLACK
6
CONTINUOUS
10
5.5840551181102365
20
-2.1734251968503937
11
5.5833018110236221
21
-2.1732753543307086
0
LINE
8
BLACK
6
CONTINUOUS
10
5.5833018110236221
20
-2.1732753543307086
11
5.5822364566929137
21
-2.1722099999999998
0
LINE
8
BLACK
6
CONTINUOUS
10
5.5822364566929137
20
-2.1722099999999998
11
5.5820866141732282
21
-2.1714566929133858
0
LINE
8
BLACK
6
CONTINUOUS
10
5.5820866141732282
20
-2.1714566929133858
11
5.5820866141732282
21
-1.7990157480314961
0
LINE
8
BLACK
6
CONTINUOUS
10
5.5820866141732282
20
-1.7990157480314961
11
5.5822364566929137
21
-1.7982624409448817
0
LINE
8
BLACK
6
CONTINUOUS
10
5.5822364566929137
20
-1.7982624409448817
11
5.5833018110236221
21
-1.7971970866141731
0
LINE
8
BLACK
6
CONTINUOUS
10
5.5833018110236221
20
-1.7971970866141731
11
5.5840551181102365
21
-1.7970472440944882
0
LINE
8
BLACK
6
CONTINUOUS
10
5.5840551181102365
20
-1.7970472440944882
11
5.7702755905511811
21
-1.7970472440944882
0
LINE
8
BLACK
6
CONTINUOUS
10
5.7702755905511811
20
-1.7970472440944882
11
5.7710288976377955
21
-1.7971970866141731
0
LINE
8
BLACK
6
CONTINUOUS
10
6.1096115748031492
20
-1.7971970866141731
11
6.1106769291338585
21
-1.7982624409448817
0
LINE
8
BLACK
6
CONTINUOUS
10
6.1106769291338585
20
-1.7982624409448817
11
6.1108267716535432
21
-1.7990157480314961
0
LINE
8
BLACK
6
CONTINUOUS
10
6.1108267716535432
20
-1.7990157480314961
11
6.1108267716535432
21
-2.1714566929133858
0
LINE
8
BLACK
6
CONTINUOUS
10
6.1108267716535432
20
-2.1714566929133858
11
6.1106769291338585
21
-2.1722099999999998
0
LINE
8
BLACK
6
CONTINUOUS
10
6.1106769291338585
20
-2.1722099999999998
11
6.1096115748031492
21
-2.1732753543307086
0
LINE
8
BLACK
6
CONTINUOUS
10
6.1096115748031492
20
-2.1732753543307086
11
6.1088582677165357
21
-2.1734251968503937
0
LINE
8
BLACK
6
CONTINUOUS
10
6.1088582677165357
20
-2.1734251968503937
11
5.9226377952755902
21
-2.1734251968503937
0
LINE
8
BLACK
6
CONTINUOUS
10
5.9226377952755902
20
-2.1734251968503937
11
5.9218844881889758
21
-2.1732753543307086
0
LINE
8
BLACK
6
CONTINUOUS
10
5.9218844881889758
20
-2.1732753543307086
11
5.9208191338582674
21
-2.1722099999999998
0
LINE
8
BLACK
6
CONTINUOUS
10
5.9208191338582674
20
-2.1722099999999998
11
5.9206692913385828
21
-2.1714566929133858
0
LINE
8
BLACK
6
CONTINUOUS
10
5.9206692913385828
20
-2.1714566929133858
11
5.9206692913385828
21
-1.7990157480314961
0
LINE
8
BLACK
6
CONTINUOUS
10
5.9206692913385828
20
-1.7990157480314961
11
5.9208191338582674
21
-1.7982624409448817
0
LINE
8
BLACK
6
CONTINUOUS
10
5.9208191338582674
20
-1.7982624409448817
11
5.9218844881889758
21
-1.7971970866141731
0
LINE
8
BLACK
6
CONTINUOUS
10
5.9218844881889758
20
-1.7971970866141731
11
5.9226377952755902
21
-1.7970472440944882
0
LINE
8
BLACK
6
CONTINUOUS
10
5.9226377952755902
20
-1.7970472440944882
11
6.1088582677165357
21
-1.7970472440944882
0
LINE
8
BLACK
6
CONTINUOUS
10
6.1088582677165357
20
-1.7970472440944882
11
6.1096115748031492
21
-1.7971970866141731
0
LINE
8
BLACK
6
CONTINUOUS
10
6.4481942519685038
20
-1.7971970866141731
11
6.4492596062992122
21
-1.7982624409448817
0
LINE
8
BLACK
6
CONTINUOUS
10
6.4492596062992122
20
-1.7982624409448817
11
6.4494094488188978
21
-1.7990157480314961
0
LINE
8
BLACK
6
CONTINUOUS
10
6.4494094488188978
20
-1.7990157480314961
11
6.4494094488188978
21
-2.1714566929133858
0
LINE
8
BLACK
6
CONTINUOUS
10
6.4494094488188978
20
-2.1714566929133858
11
6.4492596062992122
21
-2.1722099999999998
0
LINE
8
BLACK
6
CONTINUOUS
10
6.4492596062992122
20
-2.1722099999999998
11
6.4481942519685038
21
-2.1732753543307086
0
LINE
8
BLACK
6
CONTINUOUS
10
6.4481942519685038
20
-2.1732753543307086
11
6.4474409448818895
21
-2.1734251968503937
0
LINE
8
BLACK
6
CONTINUOUS
10
6.4474409448818895
20
-2.1734251968503937
11
6.2612204724409448
21
-2.1734251968503937
0
LINE
8
BLACK
6
CONTINUOUS
10
6.2612204724409448
20
-2.1734251968503937
11
6.2604671653543305
21
-2.1732753543307086
0
LINE
8
BLACK
6
CONTINUOUS
10
6.2604671653543305
20
-2.1732753543307086
11
6.259401811023622
21
-2.1722099999999998
0
LINE
8
BLACK
6
CONTINUOUS
10
6.259401811023622
20
-2.1722099999999998
11
6.2592519685039365
21
-2.1714566929133858
0
LINE
8
BLACK
6
CONTINUOUS
10
6.2592519685039365
20
-2.1714566929133858
11
6.2592519685039365
21
-1.7990157480314961
0
LINE
8
BLACK
6
CONTINUOUS
10
6.2592519685039365
20
-1.7990157480314961
11
6.259401811023622
21
-1.7982624409448817
0
LINE
8
BLACK
6
CONTINUOUS
10
6.259401811023622
20
-1.7982624409448817
11
6.2604671653543305
21
-1.7971970866141731
0
LINE
8
BLACK
6
CONTINUOUS
10
6.2604671653543305
20
-1.7971970866141731
11
6.2612204724409448
21
-1.7970472440944882
0
LINE
8
BLACK
6
CONTINUOUS
10
6.2612204724409448
20
-1.7970472440944882
11
6.4474409448818895
21
-1.7970472440944882
0
LINE
8
BLACK
6
CONTINUOUS
10
6.4474409448818895
20
-1.7970472440944882
11
6.4481942519685038
21
-1.7971970866141731
0
LINE
8
BLACK
6
CONTINUOUS
10
6.8029186614173227
20
-1.7971970866141731
11
6.8039840157480311
21
-1.7982624409448817
0
LINE
8
BLACK
6
CONTINUOUS
10
6.8039840157480311
20
-1.7982624409448817
11
6.8041338582677167
21
-1.7990157480314961
0
LINE
8
BLACK
6
CONTINUOUS
10
6.8041338582677167
20
-1.7990157480314961
11
6.8041338582677167
21
-2.1714566929133858
0
LINE
8
BLACK
6
CONTINUOUS
10
6.8041338582677167
20
-2.1714566929133858
11
6.8039840157480311
21
-2.1722099999999998
0
LINE
8
BLACK
6
CONTINUOUS
10
6.8039840157480311
20
-2.1722099999999998
11
6.8029186614173227
21
-2.1732753543307086
0
LINE
8
BLACK
6
CONTINUOUS
10
6.8029186614173227
20
-2.1732753543307086
11
6.8021653543307083
21
-2.1734251968503937
0
LINE
8
BLACK
6
CONTINUOUS
10
6.8021653543307083
20
-2.1734251968503937
11
6.6159448818897637
21
-2.1734251968503937
0
LINE
8
BLACK
6
CONTINUOUS
10
6.6159448818897637
20
-2.1734251968503937
11
6.6151915748031493
21
-2.1732753543307086
0
LINE
8
BLACK
6
CONTINUOUS
10
6.6151915748031493
20
-2.1732753543307086
11
6.6141262204724409
21
-2.1722099999999998
0
LINE
8
BLACK
6
CONTINUOUS
10
6.6141262204724409
20
-2.1722099999999998
11
6.6139763779527554
21
-2.1714566929133858
0
LINE
8
BLACK
6
CONTINUOUS
10
6.6139763779527554
20
-2.1714566929133858
11
6.6139763779527554
21
-1.7990157480314961
0
LINE
8
BLACK
6
CONTINUOUS
10
6.6139763779527554
20
-1.7990157480314961
11
6.6141262204724409
21
-1.7982624409448817
0
LINE
8
BLACK
6
CONTINUOUS
10
6.6141262204724409
20
-1.7982624409448817
11
6.6151915748031493
21
-1.7971970866141731
0
LINE
8
BLACK
6
CONTINUOUS
10
6.6151915748031493
20
-1.7971970866141731
11
6.6159448818897637
21
-1.7970472440944882
0
LINE
8
BLACK
6
CONTINUOUS
10
6.6159448818897637
20
-1.7970472440944882
11
6.8021653543307083
21
-1.7970472440944882
0
LINE
8
BLACK
6
CONTINUOUS
10
6.8021653543307083
20
-1.7970472440944882
11
6.8029186614173227
21
-1.7971970866141731
0
LINE
8
BLACK
6
CONTINUOUS
10
7.1415013385826773
20
-1.7971970866141731
11
7.1425666929133858
21
-1.7982624409448817
0
LINE
8
BLACK
6
CONTINUOUS
10
7.1425666929133858
20
-1.7982624409448817
11
7.1427165354330704
21
-1.7990157480314961
0
LINE
8
BLACK
6
CONTINUOUS
10
7.1427165354330704
20
-1.7990157480314961
11
7.1427165354330704
21
-2.1714566929133858
0
LINE
8
BLACK
6
CONTINUOUS
10
7.1427165354330704
20
-2.1714566929133858
11
7.1425666929133858
21
-2.1722099999999998
0
LINE
8
BLACK
6
CONTINUOUS
10
7.1425666929133858
20
-2.1722099999999998
11
7.1415013385826773
21
-2.1732753543307086
0
LINE
8
BLACK
6
CONTINUOUS
10
7.1415013385826773
20
-2.1732753543307086
11
7.140748031496063
21
-2.1734251968503937
0
LINE
8
BLACK
6
CONTINUOUS
10
7.140748031496063
20
-2.1734251968503937
11
6.9545275590551183
21
-2.1734251968503937
0
LINE
8
BLACK
6
CONTINUOUS
10
6.9545275590551183
20
-2.1734251968503937
11
6.953774251968504
21
-2.1732753543307086
0
LINE
8
BLACK
6
CONTINUOUS
10
6.953774251968504
20
-2.1732753543307086
11
6.9527088976377955
21
-2.1722099999999998
0
LINE
8
BLACK
6
CONTINUOUS
10
6.9527088976377955
20
-2.1722099999999998
11
6.95255905511811
21
-2.1714566929133858
0
LINE
8
BLACK
6
CONTINUOUS
10
6.95255905511811
20
-2.1714566929133858
11
6.95255905511811
21
-1.7990157480314961
0
LINE
8
BLACK
6
CONTINUOUS
10
6.95255905511811
20
-1.7990157480314961
11
6.9527088976377955
21
-1.7982624409448817
0
LINE
8
BLACK
6
CONTINUOUS
10
6.9527088976377955
20
-1.7982624409448817
11
6.953774251968504
21
-1.7971970866141731
0
LINE
8
BLACK
6
CONTINUOUS
10
6.953774251968504
20
-1.7971970866141731
11
6.9545275590551183
21
-1.7970472440944882
0
LINE
8
BLACK
6
CONTINUOUS
10
6.9545275590551183
20
-1.7970472440944882
11
7.140748031496063
21
-1.7970472440944882
0
LINE
8
BLACK
6
CONTINUOUS
10
7.140748031496063
20
-1.7970472440944882
11
7.1415013385826773
21
-1.7971970866141731
0
LINE
8
BLACK
6
CONTINUOUS
10
7.4800840157480311
20
-1.7971970866141731
11
7.4811493700787404
21
-1.7982624409448817
0
LINE
8
BLACK
6
CONTINUOUS
10
7.4811493700787404
20
-1.7982624409448817
11
7.481299212598425
21
-1.7990157480314961
0
LINE
8
BLACK
6
CONTINUOUS
10
7.481299212598425
20
-1.7990157480314961
11
7.481299212598425
21
-2.1714566929133858
0
LINE
8
BLACK
6
CONTINUOUS
10
7.481299212598425
20
-2.1714566929133858
11
7.4811493700787404
21
-2.1722099999999998
0
LINE
8
BLACK
6
CONTINUOUS
10
7.4811493700787404
20
-2.1722099999999998
11
7.4800840157480311
21
-2.1732753543307086
0
LINE
8
BLACK
6
CONTINUOUS
10
7.4800840157480311
20
-2.1732753543307086
11
7.4793307086614176
21
-2.1734251968503937
0
LINE
8
BLACK
6
CONTINUOUS
10
7.4793307086614176
20
-2.1734251968503937
11
7.2931102362204721
21
-2.1734251968503937
0
LINE
8
BLACK
6
CONTINUOUS
10
7.2931102362204721
20
-2.1734251968503937
11
7.2923569291338577
21
-2.1732753543307086
0
LINE
8
BLACK
6
CONTINUOUS
10
7.2923569291338577
20
-2.1732753543307086
11
7.2912915748031493
21
-2.1722099999999998
0
LINE
8
BLACK
6
CONTINUOUS
10
7.2912915748031493
20
-2.1722099999999998
11
7.2911417322834646
21
-2.1714566929133858
0
LINE
8
BLACK
6
CONTINUOUS
10
7.2911417322834646
20
-2.1714566929133858
11
7.2911417322834646
21
-1.7990157480314961
0
LINE
8
BLACK
6
CONTINUOUS
10
7.2911417322834646
20
-1.7990157480314961
11
7.2912915748031493
21
-1.7982624409448817
0
LINE
8
BLACK
6
CONTINUOUS
10
7.2912915748031493
20
-1.7982624409448817
11
7.2923569291338577
21
-1.7971970866141731
0
LINE
8
BLACK
6
CONTINUOUS
10
7.2923569291338577
20
-1.7971970866141731
11
7.2931102362204721
21
-1.7970472440944882
0
LINE
8
BLACK
6
CONTINUOUS
10
7.2931102362204721
20
-1.7970472440944882
11
7.4793307086614176
21
-1.7970472440944882
0
LINE
8
BLACK
6
CONTINUOUS
10
7.4793307086614176
20
-1.7970472440944882
11
7.4800840157480311
21
-1.7971970866141731
0
LINE
8
BLACK
6
CONTINUOUS
10
1.8093746850393699
20
-1.7271777165354329
11
1.8192865354330707
21
-1.7295573622047244
0
LINE
8
BLACK
6
CONTINUOUS
10
1.8192865354330707
20
-1.7295573622047244
11
1.8287040944881889
21
-1.7334582283464566
0
LINE
8
BLACK
6
CONTINUOUS
10
1.8287040944881889
20
-1.7334582283464566
11
1.8373955118110237
21
-1.7387843307086615
0
LINE
8
BLACK
6
CONTINUOUS
10
1.8373955118110237
20
-1.7387843307086615
11
1.8451466929133857
21
-1.7454044881889763
0
LINE
8
BLACK
6
CONTINUOUS
10
1.8451466929133857
20
-1.7454044881889763
11
1.8517668503937008
21
-1.7531556692913386
0
LINE
8
BLACK
6
CONTINUOUS
10
1.8517668503937008
20
-1.7531556692913386
11
1.8570929527559055
21
-1.7618470866141731
0
LINE
8
BLACK
6
CONTINUOUS
10
1.8570929527559055
20
-1.7618470866141731
11
1.8609938188976378
21
-1.7712646456692913
0
LINE
8
BLACK
6
CONTINUOUS
10
1.8609938188976378
20
-1.7712646456692913
11
1.8633734645669291
21
-1.7811764960629921
0
LINE
8
BLACK
6
CONTINUOUS
10
1.8633734645669291
20
-1.7811764960629921
11
1.8641732283464567
21
-1.7913385826771653
0
LINE
8
BLACK
6
CONTINUOUS
10
1.8641732283464567
20
-1.7913385826771653
11
1.8633734645669291
21
-1.8015006692913385
0
LINE
8
BLACK
6
CONTINUOUS
10
1.8633734645669291
20
-1.8015006692913385
11
1.8609938188976378
21
-1.8114125196850392
0
LINE
8
BLACK
6
CONTINUOUS
10
1.8609938188976378
20
-1.8114125196850392
11
1.8570929527559055
21
-1.8208300787401575
0
LINE
8
BLACK
6
CONTINUOUS
10
1.8570929527559055
20
-1.8208300787401575
11
1.8517668503937008
21
-1.8295214960629922
0
LINE
8
BLACK
6
CONTINUOUS
10
1.8517668503937008
20
-1.8295214960629922
11
1.8451466929133857
21
-1.8372726771653543
0
LINE
8
BLACK
6
CONTINUOUS
10
1.8451466929133857
20
-1.8372726771653543
11
1.8373955118110237
21
-1.8438928346456693
0
LINE
8
BLACK
6
CONTINUOUS
10
1.8373955118110237
20
-1.8438928346456693
11
1.8287040944881889
21
-1.849218937007874
0
LINE
8
BLACK
6
CONTINUOUS
10
1.8287040944881889
20
-1.849218937007874
11
1.8192865354330707
21
-1.8531198031496063
0
LINE
8
BLACK
6
CONTINUOUS
10
1.8192865354330707
20
-1.8531198031496063
11
1.8093746850393699
21
-1.8554994488188976
0
LINE
8
BLACK
6
CONTINUOUS
10
1.8093746850393699
20
-1.8554994488188976
11
1.7992125984251968
21
-1.8562992125984252
0
LINE
8
BLACK
6
CONTINUOUS
10
1.7992125984251968
20
-1.8562992125984252
11
1.7890505118110236
21
-1.8554994488188976
0
LINE
8
BLACK
6
CONTINUOUS
10
1.7890505118110236
20
-1.8554994488188976
11
1.7791386614173228
21
-1.8531198031496063
0
LINE
8
BLACK
6
CONTINUOUS
10
1.7791386614173228
20
-1.8531198031496063
11
1.7697211023622046
21
-1.849218937007874
0
LINE
8
BLACK
6
CONTINUOUS
10
1.7697211023622046
20
-1.849218937007874
11
1.7610296850393701
21
-1.8438928346456693
0
LINE
8
BLACK
6
CONTINUOUS
10
1.7610296850393701
20
-1.8438928346456693
11
1.7532785039370078
21
-1.8372726771653543
0
LINE
8
BLACK
6
CONTINUOUS
10
1.7532785039370078
20
-1.8372726771653543
11
1.7466583464566929
21
-1.8295214960629922
0
LINE
8
BLACK
6
CONTINUOUS
10
1.7466583464566929
20
-1.8295214960629922
11
1.7413322440944881
21
-1.8208300787401575
0
LINE
8
BLACK
6
CONTINUOUS
10
1.7413322440944881
20
-1.8208300787401575
11
1.7374313779527559
21
-1.8114125196850392
0
LINE
8
BLACK
6
CONTINUOUS
10
1.7374313779527559
20
-1.8114125196850392
11
1.7350517322834644
21
-1.8015006692913385
0
LINE
8
BLACK
6
CONTINUOUS
10
1.7350517322834644
20
-1.8015006692913385
11
1.734251968503937
21
-1.7913385826771653
0
LINE
8
BLACK
6
CONTINUOUS
10
1.734251968503937
20
-1.7913385826771653
11
1.7350517322834644
21
-1.7811764960629921
0
LINE
8
BLACK
6
CONTINUOUS
10
1.7350517322834644
20
-1.7811764960629921
11
1.7374313779527559
21
-1.7712646456692913
0
LINE
8
BLACK
6
CONTINUOUS
10
1.7374313779527559
20
-1.7712646456692913
11
1.7413322440944881
21
-1.7618470866141731
0
LINE
8
BLACK
6
CONTINUOUS
10
1.7413322440944881
20
-1.7618470866141731
11
1.7466583464566929
21
-1.7531556692913386
0
LINE
8
BLACK
6
CONTINUOUS
10
1.7466583464566929
20
-1.7531556692913386
11
1.7532785039370078
21
-1.7454044881889763
0
LINE
8
BLACK
6
CONTINUOUS
10
1.7532785039370078
20
-1.7454044881889763
11
1.7610296850393701
21
-1.7387843307086615
0
LINE
8
BLACK
6
CONTINUOUS
10
1.7610296850393701
20
-1.7387843307086615
11
1.7697211023622046
21
-1.7334582283464566
0
LINE
8
BLACK
6
CONTINUOUS
10
1.7697211023622046
20
-1.7334582283464566
11
1.7791386614173228
21
-1.7295573622047244
0
LINE
8
BLACK
6
CONTINUOUS
10
1.7791386614173228
20
-1.7295573622047244
11
1.7890505118110236
21
-1.7271777165354329
0
LINE
8
BLACK
6
CONTINUOUS
10
1.7890505118110236
20
-1.7271777165354329
11
1.7992125984251968
21
-1.7263779527559056
0
LINE
8
BLACK
6
CONTINUOUS
10
1.7992125984251968
20
-1.7263779527559056
11
1.8093746850393699
21
-1.7271777165354329
0
LINE
8
BLACK
6
CONTINUOUS
10
2.0140990944881891
20
-1.7271777165354329
11
2.0240109448818897
21
-1.7295573622047244
0
LINE
8
BLACK
6
CONTINUOUS
10
2.0240109448818897
20
-1.7295573622047244
11
2.0334285039370079
21
-1.7334582283464566
0
LINE
8
BLACK
6
CONTINUOUS
10
2.0334285039370079
20
-1.7334582283464566
11
2.0421199212598427
21
-1.7387843307086615
0
LINE
8
BLACK
6
CONTINUOUS
10
2.0421199212598427
20
-1.7387843307086615
11
2.0498711023622045
21
-1.7454044881889763
0
LINE
8
BLACK
6
CONTINUOUS
10
2.0498711023622045
20
-1.7454044881889763
11
2.0564912598425198
21
-1.7531556692913386
0
LINE
8
BLACK
6
CONTINUOUS
10
2.0564912598425198
20
-1.7531556692913386
11
2.0618173622047244
21
-1.7618470866141731
0
LINE
8
BLACK
6
CONTINUOUS
10
2.0618173622047244
20
-1.7618470866141731
11
2.0657182283464568
21
-1.7712646456692913
0
LINE
8
BLACK
6
CONTINUOUS
10
2.0657182283464568
20
-1.7712646456692913
11
2.0680978740157481
21
-1.7811764960629921
0
LINE
8
BLACK
6
CONTINUOUS
10
2.0680978740157481
20
-1.7811764960629921
11
2.0688976377952755
21
-1.7913385826771653
0
LINE
8
BLACK
6
CONTINUOUS
10
2.0688976377952755
20
-1.7913385826771653
11
2.0680978740157481
21
-1.8015006692913385
0
LINE
8
BLACK
6
CONTINUOUS
10
2.0680978740157481
20
-1.8015006692913385
11
2.0657182283464568
21
-1.8114125196850392
0
LINE
8
BLACK
6
CONTINUOUS
10
2.0657182283464568
20
-1.8114125196850392
11
2.0618173622047244
21
-1.8208300787401575
0
LINE
8
BLACK
6
CONTINUOUS
10
2.0618173622047244
20
-1.8208300787401575
11
2.0564912598425198
21
-1.8295214960629922
0
LINE
8
BLACK
6
CONTINUOUS
10
2.0564912598425198
20
-1.8295214960629922
11
2.0498711023622045
21
-1.8372726771653543
0
LINE
8
BLACK
6
CONTINUOUS
10
2.0498711023622045
20
-1.8372726771653543
11
2.0421199212598427
21
-1.8438928346456693
0
LINE
8
BLACK
6
CONTINUOUS
10
2.0421199212598427
20
-1.8438928346456693
11
2.0334285039370079
21
-1.849218937007874
0
LINE
8
BLACK
6
CONTINUOUS
10
2.0334285039370079
20
-1.849218937007874
11
2.0240109448818897
21
-1.8531198031496063
0
LINE
8
BLACK
6
CONTINUOUS
10
2.0240109448818897
20
-1.8531198031496063
11
2.0140990944881891
21
-1.8554994488188976
0
LINE
8
BLACK
6
CONTINUOUS
10
2.0140990944881891
20
-1.8554994488188976
11
2.0039370078740157
21
-1.8562992125984252
0
LINE
8
BLACK
6
CONTINUOUS
10
2.0039370078740157
20
-1.8562992125984252
11
1.9937749212598426
21
-1.8554994488188976
0
LINE
8
BLACK
6
CONTINUOUS
10
1.9937749212598426
20
-1.8554994488188976
11
1.9838630708661418
21
-1.8531198031496063
0
LINE
8
BLACK
6
CONTINUOUS
10
1.9838630708661418
20
-1.8531198031496063
11
1.9744455118110236
21
-1.849218937007874
0
LINE
8
BLACK
6
CONTINUOUS
10
1.9744455118110236
20
-1.849218937007874
11
1.9657540944881888
21
-1.8438928346456693
0
LINE
8
BLACK
6
CONTINUOUS
10
1.9657540944881888
20
-1.8438928346456693
11
1.9580029133858268
21
-1.8372726771653543
0
LINE
8
BLACK
6
CONTINUOUS
10
1.9580029133858268
20
-1.8372726771653543
11
1.9513827559055117
21
-1.8295214960629922
0
LINE
8
BLACK
6
CONTINUOUS
10
1.9513827559055117
20
-1.8295214960629922
11
1.946056653543307
21
-1.8208300787401575
0
LINE
8
BLACK
6
CONTINUOUS
10
1.946056653543307
20
-1.8208300787401575
11
1.9421557874015747
21
-1.8114125196850392
0
LINE
8
BLACK
6
CONTINUOUS
10
1.9421557874015747
20
-1.8114125196850392
11
1.9397761417322834
21
-1.8015006692913385
0
LINE
8
BLACK
6
CONTINUOUS
10
1.9397761417322834
20
-1.8015006692913385
11
1.9389763779527558
21
-1.7913385826771653
0
LINE
8
BLACK
6
CONTINUOUS
10
1.9389763779527558
20
-1.7913385826771653
11
1.9397761417322834
21
-1.7811764960629921
0
LINE
8
BLACK
6
CONTINUOUS
10
1.9397761417322834
20
-1.7811764960629921
11
1.9421557874015747
21
-1.7712646456692913
0
LINE
8
BLACK
6
CONTINUOUS
10
1.9421557874015747
20
-1.7712646456692913
11
1.946056653543307
21
-1.7618470866141731
0
LINE
8
BLACK
6
CONTINUOUS
10
1.946056653543307
20
-1.7618470866141731
11
1.9513827559055117
21
-1.7531556692913386
0
LINE
8
BLACK
6
CONTINUOUS
10
1.9513827559055117
20
-1.7531556692913386
11
1.9580029133858268
21
-1.7454044881889763
0
LINE
8
BLACK
6
CONTINUOUS
10
1.9580029133858268
20
-1.7454044881889763
11
1.9657540944881888
21
-1.7387843307086615
0
LINE
8
BLACK
6
CONTINUOUS
10
1.9657540944881888
20
-1.7387843307086615
11
1.9744455118110236
21
-1.7334582283464566
0
LINE
8
BLACK
6
CONTINUOUS
10
1.9744455118110236
20
-1.7334582283464566
11
1.9838630708661418
21
-1.7295573622047244
0
LINE
8
BLACK
6
CONTINUOUS
10
1.9838630708661418
20
-1.7295573622047244
11
1.9937749212598426
21
-1.7271777165354329
0
LINE
8
BLACK
6
CONTINUOUS
10
1.9937749212598426
20
-1.7271777165354329
11
2.0039370078740157
21
-1.7263779527559056
0
LINE
8
BLACK
6
CONTINUOUS
10
2.0039370078740157
20
-1.7263779527559056
11
2.0140990944881891
21
-1.7271777165354329
0
LINE
8
BLACK
6
CONTINUOUS
10
1.8093746850393699
20
-1.3885950393700788
11
1.8192865354330707
21
-1.3909746850393701
0
LINE
8
BLACK
6
CONTINUOUS
10
1.8192865354330707
20
-1.3909746850393701
11
1.8287040944881889
21
-1.3948755511811024
0
LINE
8
BLACK
6
CONTINUOUS
10
1.8287040944881889
20
-1.3948755511811024
11
1.8373955118110237
21
-1.4002016535433071
0
LINE
8
BLACK
6
CONTINUOUS
10
1.8373955118110237
20
-1.4002016535433071
11
1.8451466929133857
21
-1.4068218110236219
0
LINE
8
BLACK
6
CONTINUOUS
10
1.8451466929133857
20
-1.4068218110236219
11
1.8517668503937008
21
-1.4145729921259842
0
LINE
8
BLACK
6
CONTINUOUS
10
1.8517668503937008
20
-1.4145729921259842
11
1.8570929527559055
21
-1.4232644094488189
0
LINE
8
BLACK
6
CONTINUOUS
10
1.8570929527559055
20
-1.4232644094488189
11
1.8609938188976378
21
-1.4326819685039369
0
LINE
8
BLACK
6
CONTINUOUS
10
1.8609938188976378
20
-1.4326819685039369
11
1.8633734645669291
21
-1.4425938188976377
0
LINE
8
BLACK
6
CONTINUOUS
10
1.8633734645669291
20
-1.4425938188976377
11
1.8641732283464567
21
-1.4527559055118109
0
LINE
8
BLACK
6
CONTINUOUS
10
1.8641732283464567
20
-1.4527559055118109
11
1.8633734645669291
21
-1.4629179921259843
0
LINE
8
BLACK
6
CONTINUOUS
10
1.8633734645669291
20
-1.4629179921259843
11
1.8609938188976378
21
-1.4728298425196851
0
LINE
8
BLACK
6
CONTINUOUS
10
1.8609938188976378
20
-1.4728298425196851
11
1.8570929527559055
21
-1.4822474015748031
0
LINE
8
BLACK
6
CONTINUOUS
10
1.8570929527559055
20
-1.4822474015748031
11
1.8517668503937008
21
-1.4909388188976378
0
LINE
8
BLACK
6
CONTINUOUS
10
1.8517668503937008
20
-1.4909388188976378
11
1.8451466929133857
21
-1.4986899999999999
0
LINE
8
BLACK
6
CONTINUOUS
10
1.8451466929133857
20
-1.4986899999999999
11
1.8373955118110237
21
-1.5053101574803149
0
LINE
8
BLACK
6
CONTINUOUS
10
1.8373955118110237
20
-1.5053101574803149
11
1.8287040944881889
21
-1.5106362598425196
0
LINE
8
BLACK
6
CONTINUOUS
10
1.8287040944881889
20
-1.5106362598425196
11
1.8192865354330707
21
-1.5145371259842519
0
LINE
8
BLACK
6
CONTINUOUS
10
1.8192865354330707
20
-1.5145371259842519
11
1.8093746850393699
21
-1.5169167716535432
0
LINE
8
BLACK
6
CONTINUOUS
10
1.8093746850393699
20
-1.5169167716535432
11
1.7992125984251968
21
-1.5177165354330708
0
LINE
8
BLACK
6
CONTINUOUS
10
1.7992125984251968
20
-1.5177165354330708
11
1.7890505118110236
21
-1.5169167716535432
0
LINE
8
BLACK
6
CONTINUOUS
10
1.7890505118110236
20
-1.5169167716535432
11
1.7791386614173228
21
-1.5145371259842519
0
LINE
8
BLACK
6
CONTINUOUS
10
1.7791386614173228
20
-1.5145371259842519
11
1.7697211023622046
21
-1.5106362598425196
0
LINE
8
BLACK
6
CONTINUOUS
10
1.7697211023622046
20
-1.5106362598425196
11
1.7610296850393701
21
-1.5053101574803149
0
LINE
8
BLACK
6
CONTINUOUS
10
1.7610296850393701
20
-1.5053101574803149
11
1.7532785039370078
21
-1.4986899999999999
0
LINE
8
BLACK
6
CONTINUOUS
10
1.7532785039370078
20
-1.4986899999999999
11
1.7466583464566929
21
-1.4909388188976378
0
LINE
8
BLACK
6
CONTINUOUS
10
1.7466583464566929
20
-1.4909388188976378
11
1.7413322440944881
21
-1.4822474015748031
0
LINE
8
BLACK
6
CONTINUOUS
10
1.7413322440944881
20
-1.4822474015748031
11
1.7374313779527559
21
-1.4728298425196851
0
LINE
8
BLACK
6
CONTINUOUS
10
1.7374313779527559
20
-1.4728298425196851
11
1.7350517322834644
21
-1.4629179921259843
0
LINE
8
BLACK
6
CONTINUOUS
10
1.7350517322834644
20
-1.4629179921259843
11
1.734251968503937
21
-1.4527559055118109
0
LINE
8
BLACK
6
CONTINUOUS
10
1.734251968503937
20
-1.4527559055118109
11
1.7350517322834644
21
-1.4425938188976377
0
LINE
8
BLACK
6
CONTINUOUS
10
1.7350517322834644
20
-1.4425938188976377
11
1.7374313779527559
21
-1.4326819685039369
0
LINE
8
BLACK
6
CONTINUOUS
10
1.7374313779527559
20
-1.4326819685039369
11
1.7413322440944881
21
-1.4232644094488189
0
LINE
8
BLACK
6
CONTINUOUS
10
1.7413322440944881
20
-1.4232644094488189
11
1.7466583464566929
21
-1.4145729921259842
0
LINE
8
BLACK
6
CONTINUOUS
10
1.7466583464566929
20
-1.4145729921259842
11
1.7532785039370078
21
-1.4068218110236219
0
LINE
8
BLACK
6
CONTINUOUS
10
1.7532785039370078
20
-1.4068218110236219
11
1.7610296850393701
21
-1.4002016535433071
0
LINE
8
BLACK
6
CONTINUOUS
10
1.7610296850393701
20
-1.4002016535433071
11
1.7697211023622046
21
-1.3948755511811024
0
LINE
8
BLACK
6
CONTINUOUS
10
1.7697211023622046
20
-1.3948755511811024
11
1.7791386614173228
21
-1.3909746850393701
0
LINE
8
BLACK
6
CONTINUOUS
10
1.7791386614173228
20
-1.3909746850393701
11
1.7890505118110236
21
-1.3885950393700788
0
LINE
8
BLACK
6
CONTINUOUS
10
1.7890505118110236
20
-1.3885950393700788
11
1.7992125984251968
21
-1.3877952755905512
0
LINE
8
BLACK
6
CONTINUOUS
10
1.7992125984251968
20
-1.3877952755905512
11
1.8093746850393699
21
-1.3885950393700788
0
LINE
8
BLACK
6
CONTINUOUS
10
2.0140990944881891
20
-1.3885950393700788
11
2.0240109448818897
21
-1.3909746850393701
0
LINE
8
BLACK
6
CONTINUOUS
10
2.0240109448818897
20
-1.3909746850393701
11
2.0334285039370079
21
-1.3948755511811024
0
LINE
8
BLACK
6
CONTINUOUS
10
2.0334285039370079
20
-1.3948755511811024
11
2.0421199212598427
21
-1.4002016535433071
0
LINE
8
BLACK
6
CONTINUOUS
10
2.0421199212598427
20
-1.4002016535433071
11
2.0498711023622045
21
-1.4068218110236219
0
LINE
8
BLACK
6
CONTINUOUS
10
2.0498711023622045
20
-1.4068218110236219
11
2.0564912598425198
21
-1.4145729921259842
0
LINE
8
BLACK
6
CONTINUOUS
10
2.0564912598425198
20
-1.4145729921259842
11
2.0618173622047244
21
-1.4232644094488189
0
LINE
8
BLACK
6
CONTINUOUS
10
2.0618173622047244
20
-1.4232644094488189
11
2.0657182283464568
21
-1.4326819685039369
0
LINE
8
BLACK
6
CONTINUOUS
10
2.0657182283464568
20
-1.4326819685039369
11
2.0680978740157481
21
-1.4425938188976377
0
LINE
8
BLACK
6
CONTINUOUS
10
2.0680978740157481
20
-1.4425938188976377
11
2.0688976377952755
21
-1.4527559055118109
0
LINE
8
BLACK
6
CONTINUOUS
10
2.0688976377952755
20
-1.4527559055118109
11
2.0680978740157481
21
-1.4629179921259843
0
LINE
8
BLACK
6
CONTINUOUS
10
2.0680978740157481
20
-1.4629179921259843
11
2.0657182283464568
21
-1.4728298425196851
0
LINE
8
BLACK
6
CONTINUOUS
10
2.0657182283464568
20
-1.4728298425196851
11
2.0618173622047244
21
-1.4822474015748031
0
LINE
8
BLACK
6
CONTINUOUS
10
2.0618173622047244
20
-1.4822474015748031
11
2.0564912598425198
21
-1.4909388188976378
0
LINE
8
BLACK
6
CONTINUOUS
10
2.0564912598425198
20
-1.4909388188976378
11
2.0498711023622045
21
-1.4986899999999999
0
LINE
8
BLACK
6
CONTINUOUS
10
2.0498711023622045
20
-1.4986899999999999
11
2.0421199212598427
21
-1.5053101574803149
0
LINE
8
BLACK
6
CONTINUOUS
10
2.0421199212598427
20
-1.5053101574803149
11
2.0334285039370079
21
-1.5106362598425196
0
LINE
8
BLACK
6
CONTINUOUS
10
2.0334285039370079
20
-1.5106362598425196
11
2.0240109448818897
21
-1.5145371259842519
0
LINE
8
BLACK
6
CONTINUOUS
10
2.0240109448818897
20
-1.5145371259842519
11
2.0140990944881891
21
-1.5169167716535432
0
LINE
8
BLACK
6
CONTINUOUS
10
2.0140990944881891
20
-1.5169167716535432
11
2.0039370078740157
21
-1.5177165354330708
0
LINE
8
BLACK
6
CONTINUOUS
10
2.0039370078740157
20
-1.5177165354330708
11
1.9937749212598426
21
-1.5169167716535432
0
LINE
8
BLACK
6
CONTINUOUS
10
1.9937749212598426
20
-1.5169167716535432
11
1.9838630708661418
21
-1.5145371259842519
0
LINE
8
BLACK
6
CONTINUOUS
10
1.9838630708661418
20
-1.5145371259842519
11
1.9744455118110236
21
-1.5106362598425196
0
LINE
8
BLACK
6
CONTINUOUS
10
1.9744455118110236
20
-1.5106362598425196
11
1.9657540944881888
21
-1.5053101574803149
0
LINE
8
BLACK
6
CONTINUOUS
10
1.9657540944881888
20
-1.5053101574803149
11
1.9580029133858268
21
-1.4986899999999999
0
LINE
8
BLACK
6
CONTINUOUS
10
1.9580029133858268
20
-1.4986899999999999
11
1.9513827559055117
21
-1.4909388188976378
0
LINE
8
BLACK
6
CONTINUOUS
10
1.9513827559055117
20
-1.4909388188976378
11
1.946056653543307
21
-1.4822474015748031
0
LINE
8
BLACK
6
CONTINUOUS
10
1.946056653543307
20
-1.4822474015748031
11
1.9421557874015747
21
-1.4728298425196851
0
LINE
8
BLACK
6
CONTINUOUS
10
1.9421557874015747
20
-1.4728298425196851
11
1.9397761417322834
21
-1.4629179921259843
0
LINE
8
BLACK
6
CONTINUOUS
10
1.9397761417322834
20
-1.4629179921259843
11
1.9389763779527558
21
-1.4527559055118109
0
LINE
8
BLACK
6
CONTINUOUS
10
1.9389763779527558
20
-1.4527559055118109
11
1.9397761417322834
21
-1.4425938188976377
0
LINE
8
BLACK
6
CONTINUOUS
10
1.9397761417322834
20
-1.4425938188976377
11
1.9421557874015747
21
-1.4326819685039369
0
LINE
8
BLACK
6
CONTINUOUS
10
1.9421557874015747
20
-1.4326819685039369
11
1.946056653543307
21
-1.4232644094488189
0
LINE
8
BLACK
6
CONTINUOUS
10
1.946056653543307
20
-1.4232644094488189
11
1.9513827559055117
21
-1.4145729921259842
0
LINE
8
BLACK
6
CONTINUOUS
10
1.9513827559055117
20
-1.4145729921259842
11
1.9580029133858268
21
-1.4068218110236219
0
LINE
8
BLACK
6
CONTINUOUS
10
1.9580029133858268
20
-1.4068218110236219
11
1.9657540944881888
21
-1.4002016535433071
0
LINE
8
BLACK
6
CONTINUOUS
10
1.9657540944881888
20
-1.4002016535433071
11
1.9744455118110236
21
-1.3948755511811024
0
LINE
8
BLACK
6
CONTINUOUS
10
1.9744455118110236
20
-1.3948755511811024
11
1.9838630708661418
21
-1.3909746850393701
0
LINE
8
BLACK
6
CONTINUOUS
10
1.9838630708661418
20
-1.3909746850393701
11
1.9937749212598426
21
-1.3885950393700788
0
LINE
8
BLACK
6
CONTINUOUS
10
1.9937749212598426
20
-1.3885950393700788
11
2.0039370078740157
21
-1.3877952755905512
0
LINE
8
BLACK
6
CONTINUOUS
10
2.0039370078740157
20
-1.3877952755905512
11
2.0140990944881891
21
-1.3885950393700788
0
LINE
8
BLACK
6
CONTINUOUS
10
2.2857526377952757
20
-1.3256029133858267
11
2.2956644881889763
21
-1.327982559055118
0
LINE
8
BLACK
6
CONTINUOUS
10
2.2956644881889763
20
-1.327982559055118
11
2.3050820472440945
21
-1.3318834251968503
0
LINE
8
BLACK
6
CONTINUOUS
10
2.3050820472440945
20
-1.3318834251968503
11
2.3137734645669292
21
-1.337209527559055
0
LINE
8
BLACK
6
CONTINUOUS
10
2.3137734645669292
20
-1.337209527559055
11
2.3215246456692911
21
-1.3438296850393701
0
LINE
8
BLACK
6
CONTINUOUS
10
2.3215246456692911
20
-1.3438296850393701
11
2.3281448031496064
21
-1.3515808661417323
0
LINE
8
BLACK
6
CONTINUOUS
10
2.3281448031496064
20
-1.3515808661417323
11
2.333470905511811
21
-1.3602722834645669
0
LINE
8
BLACK
6
CONTINUOUS
10
2.333470905511811
20
-1.3602722834645669
11
2.3373717716535434
21
-1.3696898425196851
0
LINE
8
BLACK
6
CONTINUOUS
10
2.3373717716535434
20
-1.3696898425196851
11
2.3397514173228346
21
-1.3796016929133859
0
LINE
8
BLACK
6
CONTINUOUS
10
2.3397514173228346
20
-1.3796016929133859
11
2.340551181102362
21
-1.389763779527559
0
LINE
8
BLACK
6
CONTINUOUS
10
2.340551181102362
20
-1.389763779527559
11
2.3397514173228346
21
-1.3999258661417322
0
LINE
8
BLACK
6
CONTINUOUS
10
2.3397514173228346
20
-1.3999258661417322
11
2.3373717716535434
21
-1.409837716535433
0
LINE
8
BLACK
6
CONTINUOUS
10
2.3373717716535434
20
-1.409837716535433
11
2.333470905511811
21
-1.4192552755905512
0
LINE
8
BLACK
6
CONTINUOUS
10
2.333470905511811
20
-1.4192552755905512
11
2.3281448031496064
21
-1.4279466929133857
0
LINE
8
BLACK
6
CONTINUOUS
10
2.3281448031496064
20
-1.4279466929133857
11
2.3215246456692911
21
-1.435697874015748
0
LINE
8
BLACK
6
CONTINUOUS
10
2.3215246456692911
20
-1.435697874015748
11
2.3137734645669292
21
-1.4423180314960629
0
LINE
8
BLACK
6
CONTINUOUS
10
2.3137734645669292
20
-1.4423180314960629
11
2.3050820472440945
21
-1.4476441338582677
0
LINE
8
BLACK
6
CONTINUOUS
10
2.3050820472440945
20
-1.4476441338582677
11
2.2956644881889763
21
-1.4515449999999999
0
LINE
8
BLACK
6
CONTINUOUS
10
2.2956644881889763
20
-1.4515449999999999
11
2.2857526377952757
21
-1.4539246456692914
0
LINE
8
BLACK
6
CONTINUOUS
10
2.2857526377952757
20
-1.4539246456692914
11
2.2755905511811023
21
-1.4547244094488188
0
LINE
8
BLACK
6
CONTINUOUS
10
2.2755905511811023
20
-1.4547244094488188
11
2.2654284645669289
21
-1.4539246456692914
0
LINE
8
BLACK
6
CONTINUOUS
10
2.2654284645669289
20
-1.4539246456692914
11
2.2555166141732284
21
-1.4515449999999999
0
LINE
8
BLACK
6
CONTINUOUS
10
2.2555166141732284
20
-1.4515449999999999
11
2.2460990551181101
21
-1.4476441338582677
0
LINE
8
BLACK
6
CONTINUOUS
10
2.2460990551181101
20
-1.4476441338582677
11
2.2374076377952754
21
-1.4423180314960629
0
LINE
8
BLACK
6
CONTINUOUS
10
2.2374076377952754
20
-1.4423180314960629
11
2.2296564566929131
21
-1.435697874015748
0
LINE
8
BLACK
6
CONTINUOUS
10
2.2296564566929131
20
-1.435697874015748
11
2.2230362992125983
21
-1.4279466929133857
0
LINE
8
BLACK
6
CONTINUOUS
10
2.2230362992125983
20
-1.4279466929133857
11
2.2177101968503936
21
-1.4192552755905512
0
LINE
8
BLACK
6
CONTINUOUS
10
2.2177101968503936
20
-1.4192552755905512
11
2.2138093307086613
21
-1.409837716535433
0
LINE
8
BLACK
6
CONTINUOUS
10
2.2138093307086613
20
-1.409837716535433
11
2.21142968503937
21
-1.3999258661417322
0
LINE
8
BLACK
6
CONTINUOUS
10
2.21142968503937
20
-1.3999258661417322
11
2.2106299212598426
21
-1.389763779527559
0
LINE
8
BLACK
6
CONTINUOUS
10
2.2106299212598426
20
-1.389763779527559
11
2.21142968503937
21
-1.3796016929133859
0
LINE
8
BLACK
6
CONTINUOUS
10
2.21142968503937
20
-1.3796016929133859
11
2.2138093307086613
21
-1.3696898425196851
0
LINE
8
BLACK
6
CONTINUOUS
10
2.2138093307086613
20
-1.3696898425196851
11
2.2177101968503936
21
-1.3602722834645669
0
LINE
8
BLACK
6
CONTINUOUS
10
2.2177101968503936
20
-1.3602722834645669
11
2.2230362992125983
21
-1.3515808661417323
0
LINE
8
BLACK
6
CONTINUOUS
10
2.2230362992125983
20
-1.3515808661417323
11
2.2296564566929131
21
-1.3438296850393701
0
LINE
8
BLACK
6
CONTINUOUS
10
2.2296564566929131
20
-1.3438296850393701
11
2.2374076377952754
21
-1.337209527559055
0
LINE
8
BLACK
6
CONTINUOUS
10
2.2374076377952754
20
-1.337209527559055
11
2.2460990551181101
21
-1.3318834251968503
0
LINE
8
BLACK
6
CONTINUOUS
10
2.2460990551181101
20
-1.3318834251968503
11
2.2555166141732284
21
-1.327982559055118
0
LINE
8
BLACK
6
CONTINUOUS
10
2.2555166141732284
20
-1.327982559055118
11
2.2654284645669289
21
-1.3256029133858267
0
LINE
8
BLACK
6
CONTINUOUS
10
2.2654284645669289
20
-1.3256029133858267
11
2.2755905511811023
21
-1.3248031496062991
0
LINE
8
BLACK
6
CONTINUOUS
10
2.2755905511811023
20
-1.3248031496062991
11
2.2857526377952757
21
-1.3256029133858267
0
LINE
8
BLACK
6
CONTINUOUS
10
2.6243353149606299
20
-1.3256029133858267
11
2.6342471653543305
21
-1.327982559055118
0
LINE
8
BLACK
6
CONTINUOUS
10
2.6342471653543305
20
-1.327982559055118
11
2.6436647244094487
21
-1.3318834251968503
0
LINE
8
BLACK
6
CONTINUOUS
10
2.6436647244094487
20
-1.3318834251968503
11
2.6523561417322834
21
-1.337209527559055
0
LINE
8
BLACK
6
CONTINUOUS
10
2.6523561417322834
20
-1.337209527559055
11
2.6601073228346457
21
-1.3438296850393701
0
LINE
8
BLACK
6
CONTINUOUS
10
2.6601073228346457
20
-1.3438296850393701
11
2.6667274803149605
21
-1.3515808661417323
0
LINE
8
BLACK
6
CONTINUOUS
10
2.6667274803149605
20
-1.3515808661417323
11
2.6720535826771652
21
-1.3602722834645669
0
LINE
8
BLACK
6
CONTINUOUS
10
2.6720535826771652
20
-1.3602722834645669
11
2.6759544488188975
21
-1.3696898425196851
0
LINE
8
BLACK
6
CONTINUOUS
10
2.6759544488188975
20
-1.3696898425196851
11
2.6783340944881888
21
-1.3796016929133859
0
LINE
8
BLACK
6
CONTINUOUS
10
2.6783340944881888
20
-1.3796016929133859
11
2.6791338582677167
21
-1.389763779527559
0
LINE
8
BLACK
6
CONTINUOUS
10
2.6791338582677167
20
-1.389763779527559
11
2.6783340944881888
21
-1.3999258661417322
0
LINE
8
BLACK
6
CONTINUOUS
10
2.6783340944881888
20
-1.3999258661417322
11
2.6759544488188975
21
-1.409837716535433
0
LINE
8
BLACK
6
CONTINUOUS
10
2.6759544488188975
20
-1.409837716535433
11
2.6720535826771652
21
-1.4192552755905512
0
LINE
8
BLACK
6
CONTINUOUS
10
2.6720535826771652
20
-1.4192552755905512
11
2.6667274803149605
21
-1.4279466929133857
0
LINE
8
BLACK
6
CONTINUOUS
10
2.6667274803149605
20
-1.4279466929133857
11
2.6601073228346457
21
-1.435697874015748
0
LINE
8
BLACK
6
CONTINUOUS
10
2.6601073228346457
20
-1.435697874015748
11
2.6523561417322834
21
-1.4423180314960629
0
LINE
8
BLACK
6
CONTINUOUS
10
2.6523561417322834
20
-1.4423180314960629
11
2.6436647244094487
21
-1.4476441338582677
0
LINE
8
BLACK
6
CONTINUOUS
10
2.6436647244094487
20
-1.4476441338582677
11
2.6342471653543305
21
-1.4515449999999999
0
LINE
8
BLACK
6
CONTINUOUS
10
2.6342471653543305
20
-1.4515449999999999
11
2.6243353149606299
21
-1.4539246456692914
0
LINE
8
BLACK
6
CONTINUOUS
10
2.6243353149606299
20
-1.4539246456692914
11
2.6141732283464565
21
-1.4547244094488188
0
LINE
8
BLACK
6
CONTINUOUS
10
2.6141732283464565
20
-1.4547244094488188
11
2.6040111417322835
21
-1.4539246456692914
0
LINE
8
BLACK
6
CONTINUOUS
10
2.6040111417322835
20
-1.4539246456692914
11
2.5940992913385825
21
-1.4515449999999999
0
LINE
8
BLACK
6
CONTINUOUS
10
2.5940992913385825
20
-1.4515449999999999
11
2.5846817322834643
21
-1.4476441338582677
0
LINE
8
BLACK
6
CONTINUOUS
10
2.5846817322834643
20
-1.4476441338582677
11
2.57599031496063
21
-1.4423180314960629
0
LINE
8
BLACK
6
CONTINUOUS
10
2.57599031496063
20
-1.4423180314960629
11
2.5682391338582677
21
-1.435697874015748
0
LINE
8
BLACK
6
CONTINUOUS
10
2.5682391338582677
20
-1.435697874015748
11
2.5616189763779529
21
-1.4279466929133857
0
LINE
8
BLACK
6
CONTINUOUS
10
2.5616189763779529
20
-1.4279466929133857
11
2.5562928740157478
21
-1.4192552755905512
0
LINE
8
BLACK
6
CONTINUOUS
10
2.5562928740157478
20
-1.4192552755905512
11
2.5523920078740159
21
-1.409837716535433
0
LINE
8
BLACK
6
CONTINUOUS
10
2.5523920078740159
20
-1.409837716535433
11
2.5500123622047242
21
-1.3999258661417322
0
LINE
8
BLACK
6
CONTINUOUS
10
2.5500123622047242
20
-1.3999258661417322
11
2.5492125984251968
21
-1.389763779527559
0
LINE
8
BLACK
6
CONTINUOUS
10
2.5492125984251968
20
-1.389763779527559
11
2.5500123622047242
21
-1.3796016929133859
0
LINE
8
BLACK
6
CONTINUOUS
10
2.5500123622047242
20
-1.3796016929133859
11
2.5523920078740159
21
-1.3696898425196851
0
LINE
8
BLACK
6
CONTINUOUS
10
2.5523920078740159
20
-1.3696898425196851
11
2.5562928740157478
21
-1.3602722834645669
0
LINE
8
BLACK
6
CONTINUOUS
10
2.5562928740157478
20
-1.3602722834645669
11
2.5616189763779529
21
-1.3515808661417323
0
LINE
8
BLACK
6
CONTINUOUS
10
2.5616189763779529
20
-1.3515808661417323
11
2.5682391338582677
21
-1.3438296850393701
0
LINE
8
BLACK
6
CONTINUOUS
10
2.5682391338582677
20
-1.3438296850393701
11
2.57599031496063
21
-1.337209527559055
0
LINE
8
BLACK
6
CONTINUOUS
10
2.57599031496063
20
-1.337209527559055
11
2.5846817322834643
21
-1.3318834251968503
0
LINE
8
BLACK
6
CONTINUOUS
10
2.5846817322834643
20
-1.3318834251968503
11
2.5940992913385825
21
-1.327982559055118
0
LINE
8
BLACK
6
CONTINUOUS
10
2.5940992913385825
20
-1.327982559055118
11
2.6040111417322835
21
-1.3256029133858267
0
LINE
8
BLACK
6
CONTINUOUS
10
2.6040111417322835
20
-1.3256029133858267
11
2.6141732283464565
21
-1.3248031496062991
0
LINE
8
BLACK
6
CONTINUOUS
10
2.6141732283464565
20
-1.3248031496062991
11
2.6243353149606299
21
-1.3256029133858267
0
LINE
8
BLACK
6
CONTINUOUS
10
2.9629179921259841
20
-1.3256029133858267
11
2.9728298425196851
21
-1.327982559055118
0
LINE
8
BLACK
6
CONTINUOUS
10
2.9728298425196851
20
-1.327982559055118
11
2.9822474015748033
21
-1.3318834251968503
0
LINE
8
BLACK
6
CONTINUOUS
10
2.9822474015748033
20
-1.3318834251968503
11
2.9909388188976376
21
-1.337209527559055
0
LINE
8
BLACK
6
CONTINUOUS
10
2.9909388188976376
20
-1.337209527559055
11
2.9986899999999999
21
-1.3438296850393701
0
LINE
8
BLACK
6
CONTINUOUS
10
2.9986899999999999
20
-1.3438296850393701
11
3.0053101574803147
21
-1.3515808661417323
0
LINE
8
BLACK
6
CONTINUOUS
10
3.0053101574803147
20
-1.3515808661417323
11
3.0106362598425198
21
-1.3602722834645669
0
LINE
8
BLACK
6
CONTINUOUS
10
3.0106362598425198
20
-1.3602722834645669
11
3.0145371259842517
21
-1.3696898425196851
0
LINE
8
BLACK
6
CONTINUOUS
10
3.0145371259842517
20
-1.3696898425196851
11
3.0169167716535434
21
-1.3796016929133859
0
LINE
8
BLACK
6
CONTINUOUS
10
3.0169167716535434
20
-1.3796016929133859
11
3.0177165354330708
21
-1.389763779527559
0
LINE
8
BLACK
6
CONTINUOUS
10
3.0177165354330708
20
-1.389763779527559
11
3.0169167716535434
21
-1.3999258661417322
0
LINE
8
BLACK
6
CONTINUOUS
10
3.0169167716535434
20
-1.3999258661417322
11
3.0145371259842517
21
-1.409837716535433
0
LINE
8
BLACK
6
CONTINUOUS
10
3.0145371259842517
20
-1.409837716535433
11
3.0106362598425198
21
-1.4192552755905512
0
LINE
8
BLACK
6
CONTINUOUS
10
3.0106362598425198
20
-1.4192552755905512
11
3.0053101574803147
21
-1.4279466929133857
0
LINE
8
BLACK
6
CONTINUOUS
10
3.0053101574803147
20
-1.4279466929133857
11
2.9986899999999999
21
-1.435697874015748
0
LINE
8
BLACK
6
CONTINUOUS
10
2.9986899999999999
20
-1.435697874015748
11
2.9909388188976376
21
-1.4423180314960629
0
LINE
8
BLACK
6
CONTINUOUS
10
2.9909388188976376
20
-1.4423180314960629
11
2.9822474015748033
21
-1.4476441338582677
0
LINE
8
BLACK
6
CONTINUOUS
10
2.9822474015748033
20
-1.4476441338582677
11
2.9728298425196851
21
-1.4515449999999999
0
LINE
8
BLACK
6
CONTINUOUS
10
2.9728298425196851
20
-1.4515449999999999
11
2.9629179921259841
21
-1.4539246456692914
0
LINE
8
BLACK
6
CONTINUOUS
10
2.9629179921259841
20
-1.4539246456692914
11
2.9527559055118111
21
-1.4547244094488188
0
LINE
8
BLACK
6
CONTINUOUS
10
2.9527559055118111
20
-1.4547244094488188
11
2.9425938188976377
21
-1.4539246456692914
0
LINE
8
BLACK
6
CONTINUOUS
10
2.9425938188976377
20
-1.4539246456692914
11
2.9326819685039371
21
-1.4515449999999999
0
LINE
8
BLACK
6
CONTINUOUS
10
2.9326819685039371
20
-1.4515449999999999
11
2.9232644094488189
21
-1.4476441338582677
0
LINE
8
BLACK
6
CONTINUOUS
10
2.9232644094488189
20
-1.4476441338582677
11
2.9145729921259842
21
-1.4423180314960629
0
LINE
8
BLACK
6
CONTINUOUS
10
2.9145729921259842
20
-1.4423180314960629
11
2.9068218110236219
21
-1.435697874015748
0
LINE
8
BLACK
6
CONTINUOUS
10
2.9068218110236219
20
-1.435697874015748
11
2.9002016535433071
21
-1.4279466929133857
0
LINE
8
BLACK
6
CONTINUOUS
10
2.9002016535433071
20
-1.4279466929133857
11
2.8948755511811024
21
-1.4192552755905512
0
LINE
8
BLACK
6
CONTINUOUS
10
2.8948755511811024
20
-1.4192552755905512
11
2.8909746850393701
21
-1.409837716535433
0
LINE
8
BLACK
6
CONTINUOUS
10
2.8909746850393701
20
-1.409837716535433
11
2.8885950393700788
21
-1.3999258661417322
0
LINE
8
BLACK
6
CONTINUOUS
10
2.8885950393700788
20
-1.3999258661417322
11
2.8877952755905509
21
-1.389763779527559
0
LINE
8
BLACK
6
CONTINUOUS
10
2.8877952755905509
20
-1.389763779527559
11
2.8885950393700788
21
-1.3796016929133859
0
LINE
8
BLACK
6
CONTINUOUS
10
2.8885950393700788
20
-1.3796016929133859
11
2.8909746850393701
21
-1.3696898425196851
0
LINE
8
BLACK
6
CONTINUOUS
10
2.8909746850393701
20
-1.3696898425196851
11
2.8948755511811024
21
-1.3602722834645669
0
LINE
8
BLACK
6
CONTINUOUS
10
2.8948755511811024
20
-1.3602722834645669
11
2.9002016535433071
21
-1.3515808661417323
0
LINE
8
BLACK
6
CONTINUOUS
10
2.9002016535433071
20
-1.3515808661417323
11
2.9068218110236219
21
-1.3438296850393701
0
LINE
8
BLACK
6
CONTINUOUS
10
2.9068218110236219
20
-1.3438296850393701
11
2.9145729921259842
21
-1.337209527559055
0
LINE
8
BLACK
6
CONTINUOUS
10
2.9145729921259842
20
-1.337209527559055
11
2.9232644094488189
21
-1.3318834251968503
0
LINE
8
BLACK
6
CONTINUOUS
10
2.9232644094488189
20
-1.3318834251968503
11
2.9326819685039371
21
-1.327982559055118
0
LINE
8
BLACK
6
CONTINUOUS
10
2.9326819685039371
20
-1.327982559055118
11
2.9425938188976377
21
-1.3256029133858267
0
LINE
8
BLACK
6
CONTINUOUS
10
2.9425938188976377
20
-1.3256029133858267
11
2.9527559055118111
21
-1.3248031496062991
0
LINE
8
BLACK
6
CONTINUOUS
10
2.9527559055118111
20
-1.3248031496062991
11
2.9629179921259841
21
-1.3256029133858267
0
LINE
8
BLACK
6
CONTINUOUS
10
3.3015006692913387
20
-1.3256029133858267
11
3.3114125196850392
21
-1.327982559055118
0
LINE
8
BLACK
6
CONTINUOUS
10
3.3114125196850392
20
-1.327982559055118
11
3.3208300787401575
21
-1.3318834251968503
0
LINE
8
BLACK
6
CONTINUOUS
10
3.3208300787401575
20
-1.3318834251968503
11
3.3295214960629922
21
-1.337209527559055
0
LINE
8
BLACK
6
CONTINUOUS
10
3.3295214960629922
20
-1.337209527559055
11
3.3372726771653545
21
-1.3438296850393701
0
LINE
8
BLACK
6
CONTINUOUS
10
3.3372726771653545
20
-1.3438296850393701
11
3.3438928346456693
21
-1.3515808661417323
0
LINE
8
BLACK
6
CONTINUOUS
10
3.3438928346456693
20
-1.3515808661417323
11
3.349218937007874
21
-1.3602722834645669
0
LINE
8
BLACK
6
CONTINUOUS
10
3.349218937007874
20
-1.3602722834645669
11
3.3531198031496063
21
-1.3696898425196851
0
LINE
8
BLACK
6
CONTINUOUS
10
3.3531198031496063
20
-1.3696898425196851
11
3.3554994488188976
21
-1.3796016929133859
0
LINE
8
BLACK
6
CONTINUOUS
10
3.3554994488188976
20
-1.3796016929133859
11
3.356299212598425
21
-1.389763779527559
0
LINE
8
BLACK
6
CONTINUOUS
10
3.356299212598425
20
-1.389763779527559
11
3.3554994488188976
21
-1.3999258661417322
0
LINE
8
BLACK
6
CONTINUOUS
10
3.3554994488188976
20
-1.3999258661417322
11
3.3531198031496063
21
-1.409837716535433
0
LINE
8
BLACK
6
CONTINUOUS
10
3.3531198031496063
20
-1.409837716535433
11
3.349218937007874
21
-1.4192552755905512
0
LINE
8
BLACK
6
CONTINUOUS
10
3.349218937007874
20
-1.4192552755905512
11
3.3438928346456693
21
-1.4279466929133857
0
LINE
8
BLACK
6
CONTINUOUS
10
3.3438928346456693
20
-1.4279466929133857
11
3.3372726771653545
21
-1.435697874015748
0
LINE
8
BLACK
6
CONTINUOUS
10
3.3372726771653545
20
-1.435697874015748
11
3.3295214960629922
21
-1.4423180314960629
0
LINE
8
BLACK
6
CONTINUOUS
10
3.3295214960629922
20
-1.4423180314960629
11
3.3208300787401575
21
-1.4476441338582677
0
LINE
8
BLACK
6
CONTINUOUS
10
3.3208300787401575
20
-1.4476441338582677
11
3.3114125196850392
21
-1.4515449999999999
0
LINE
8
BLACK
6
CONTINUOUS
10
3.3114125196850392
20
-1.4515449999999999
11
3.3015006692913387
21
-1.4539246456692914
0
LINE
8
BLACK
6
CONTINUOUS
10
3.3015006692913387
20
-1.4539246456692914
11
3.2913385826771653
21
-1.4547244094488188
0
LINE
8
BLACK
6
CONTINUOUS
10
3.2913385826771653
20
-1.4547244094488188
11
3.2811764960629919
21
-1.4539246456692914
0
LINE
8
BLACK
6
CONTINUOUS
10
3.2811764960629919
20
-1.4539246456692914
11
3.2712646456692913
21
-1.4515449999999999
0
LINE
8
BLACK
6
CONTINUOUS
10
3.2712646456692913
20
-1.4515449999999999
11
3.2618470866141731
21
-1.4476441338582677
0
LINE
8
BLACK
6
CONTINUOUS
10
3.2618470866141731
20
-1.4476441338582677
11
3.2531556692913384
21
-1.4423180314960629
0
LINE
8
BLACK
6
CONTINUOUS
10
3.2531556692913384
20
-1.4423180314960629
11
3.2454044881889761
21
-1.435697874015748
0
LINE
8
BLACK
6
CONTINUOUS
10
3.2454044881889761
20
-1.435697874015748
11
3.2387843307086612
21
-1.4279466929133857
0
LINE
8
BLACK
6
CONTINUOUS
10
3.2387843307086612
20
-1.4279466929133857
11
3.2334582283464566
21
-1.4192552755905512
0
LINE
8
BLACK
6
CONTINUOUS
10
3.2334582283464566
20
-1.4192552755905512
11
3.2295573622047242
21
-1.409837716535433
0
LINE
8
BLACK
6
CONTINUOUS
10
3.2295573622047242
20
-1.409837716535433
11
3.2271777165354329
21
-1.3999258661417322
0
LINE
8
BLACK
6
CONTINUOUS
10
3.2271777165354329
20
-1.3999258661417322
11
3.2263779527559056
21
-1.389763779527559
0
LINE
8
BLACK
6
CONTINUOUS
10
3.2263779527559056
20
-1.389763779527559
11
3.2271777165354329
21
-1.3796016929133859
0
LINE
8
BLACK
6
CONTINUOUS
10
3.2271777165354329
20
-1.3796016929133859
11
3.2295573622047242
21
-1.3696898425196851
0
LINE
8
BLACK
6
CONTINUOUS
10
3.2295573622047242
20
-1.3696898425196851
11
3.2334582283464566
21
-1.3602722834645669
0
LINE
8
BLACK
6
CONTINUOUS
10
3.2334582283464566
20
-1.3602722834645669
11
3.2387843307086612
21
-1.3515808661417323
0
LINE
8
BLACK
6
CONTINUOUS
10
3.2387843307086612
20
-1.3515808661417323
11
3.2454044881889761
21
-1.3438296850393701
0
LINE
8
BLACK
6
CONTINUOUS
10
3.2454044881889761
20
-1.3438296850393701
11
3.2531556692913384
21
-1.337209527559055
0
LINE
8
BLACK
6
CONTINUOUS
10
3.2531556692913384
20
-1.337209527559055
11
3.2618470866141731
21
-1.3318834251968503
0
LINE
8
BLACK
6
CONTINUOUS
10
3.2618470866141731
20
-1.3318834251968503
11
3.2712646456692913
21
-1.327982559055118
0
LINE
8
BLACK
6
CONTINUOUS
10
3.2712646456692913
20
-1.327982559055118
11
3.2811764960629919
21
-1.3256029133858267
0
LINE
8
BLACK
6
CONTINUOUS
10
3.2811764960629919
20
-1.3256029133858267
11
3.2913385826771653
21
-1.3248031496062991
0
LINE
8
BLACK
6
CONTINUOUS
10
3.2913385826771653
20
-1.3248031496062991
11
3.3015006692913387
21
-1.3256029133858267
0
LINE
8
BLACK
6
CONTINUOUS
10
3.6400833464566928
20
-1.3256029133858267
11
3.6499951968503934
21
-1.327982559055118
0
LINE
8
BLACK
6
CONTINUOUS
10
3.6499951968503934
20
-1.327982559055118
11
3.6594127559055116
21
-1.3318834251968503
0
LINE
8
BLACK
6
CONTINUOUS
10
3.6594127559055116
20
-1.3318834251968503
11
3.6681041732283464
21
-1.337209527559055
0
LINE
8
BLACK
6
CONTINUOUS
10
3.6681041732283464
20
-1.337209527559055
11
3.6758553543307086
21
-1.3438296850393701
0
LINE
8
BLACK
6
CONTINUOUS
10
3.6758553543307086
20
-1.3438296850393701
11
3.6824755118110235
21
-1.3515808661417323
0
LINE
8
BLACK
6
CONTINUOUS
10
3.6824755118110235
20
-1.3515808661417323
11
3.6878016141732282
21
-1.3602722834645669
0
LINE
8
BLACK
6
CONTINUOUS
10
3.6878016141732282
20
-1.3602722834645669
11
3.6917024803149605
21
-1.3696898425196851
0
LINE
8
BLACK
6
CONTINUOUS
10
3.6917024803149605
20
-1.3696898425196851
11
3.6940821259842518
21
-1.3796016929133859
0
LINE
8
BLACK
6
CONTINUOUS
10
3.6940821259842518
20
-1.3796016929133859
11
3.6948818897637796
21
-1.389763779527559
0
LINE
8
BLACK
6
CONTINUOUS
10
3.6948818897637796
20
-1.389763779527559
11
3.6940821259842518
21
-1.3999258661417322
0
LINE
8
BLACK
6
CONTINUOUS
10
3.6940821259842518
20
-1.3999258661417322
11
3.6917024803149605
21
-1.409837716535433
0
LINE
8
BLACK
6
CONTINUOUS
10
3.6917024803149605
20
-1.409837716535433
11
3.6878016141732282
21
-1.4192552755905512
0
LINE
8
BLACK
6
CONTINUOUS
10
3.6878016141732282
20
-1.4192552755905512
11
3.6824755118110235
21
-1.4279466929133857
0
LINE
8
BLACK
6
CONTINUOUS
10
3.6824755118110235
20
-1.4279466929133857
11
3.6758553543307086
21
-1.435697874015748
0
LINE
8
BLACK
6
CONTINUOUS
10
3.6758553543307086
20
-1.435697874015748
11
3.6681041732283464
21
-1.4423180314960629
0
LINE
8
BLACK
6
CONTINUOUS
10
3.6681041732283464
20
-1.4423180314960629
11
3.6594127559055116
21
-1.4476441338582677
0
LINE
8
BLACK
6
CONTINUOUS
10
3.6594127559055116
20
-1.4476441338582677
11
3.6499951968503934
21
-1.4515449999999999
0
LINE
8
BLACK
6
CONTINUOUS
10
3.6499951968503934
20
-1.4515449999999999
11
3.6400833464566928
21
-1.4539246456692914
0
LINE
8
BLACK
6
CONTINUOUS
10
3.6400833464566928
20
-1.4539246456692914
11
3.6299212598425195
21
-1.4547244094488188
0
LINE
8
BLACK
6
CONTINUOUS
10
3.6299212598425195
20
-1.4547244094488188
11
3.6197591732283465
21
-1.4539246456692914
0
LINE
8
BLACK
6
CONTINUOUS
10
3.6197591732283465
20
-1.4539246456692914
11
3.6098473228346455
21
-1.4515449999999999
0
LINE
8
BLACK
6
CONTINUOUS
10
3.6098473228346455
20
-1.4515449999999999
11
3.6004297637795273
21
-1.4476441338582677
0
LINE
8
BLACK
6
CONTINUOUS
10
3.6004297637795273
20
-1.4476441338582677
11
3.591738346456693
21
-1.4423180314960629
0
LINE
8
BLACK
6
CONTINUOUS
10
3.591738346456693
20
-1.4423180314960629
11
3.5839871653543307
21
-1.435697874015748
0
LINE
8
BLACK
6
CONTINUOUS
10
3.5839871653543307
20
-1.435697874015748
11
3.5773670078740158
21
-1.4279466929133857
0
LINE
8
BLACK
6
CONTINUOUS
10
3.5773670078740158
20
-1.4279466929133857
11
3.5720409055118107
21
-1.4192552755905512
0
LINE
8
BLACK
6
CONTINUOUS
10
3.5720409055118107
20
-1.4192552755905512
11
3.5681400393700788
21
-1.409837716535433
0
LINE
8
BLACK
6
CONTINUOUS
10
3.5681400393700788
20
-1.409837716535433
11
3.5657603937007871
21
-1.3999258661417322
0
LINE
8
BLACK
6
CONTINUOUS
10
3.5657603937007871
20
-1.3999258661417322
11
3.5649606299212597
21
-1.389763779527559
0
LINE
8
BLACK
6
CONTINUOUS
10
3.5649606299212597
20
-1.389763779527559
11
3.5657603937007871
21
-1.3796016929133859
0
LINE
8
BLACK
6
CONTINUOUS
10
3.5657603937007871
20
-1.3796016929133859
11
3.5681400393700788
21
-1.3696898425196851
0
LINE
8
BLACK
6
CONTINUOUS
10
3.5681400393700788
20
-1.3696898425196851
11
3.5720409055118107
21
-1.3602722834645669
0
LINE
8
BLACK
6
CONTINUOUS
10
3.5720409055118107
20
-1.3602722834645669
11
3.5773670078740158
21
-1.3515808661417323
0
LINE
8
BLACK
6
CONTINUOUS
10
3.5773670078740158
20
-1.3515808661417323
11
3.5839871653543307
21
-1.3438296850393701
0
LINE
8
BLACK
6
CONTINUOUS
10
3.5839871653543307
20
-1.3438296850393701
11
3.591738346456693
21
-1.337209527559055
0
LINE
8
BLACK
6
CONTINUOUS
10
3.591738346456693
20
-1.337209527559055
11
3.6004297637795273
21
-1.3318834251968503
0
LINE
8
BLACK
6
CONTINUOUS
10
3.6004297637795273
20
-1.3318834251968503
11
3.6098473228346455
21
-1.327982559055118
0
LINE
8
BLACK
6
CONTINUOUS
10
3.6098473228346455
20
-1.327982559055118
11
3.6197591732283465
21
-1.3256029133858267
0
LINE
8
BLACK
6
CONTINUOUS
10
3.6197591732283465
20
-1.3256029133858267
11
3.6299212598425195
21
-1.3248031496062991
0
LINE
8
BLACK
6
CONTINUOUS
10
3.6299212598425195
20
-1.3248031496062991
11
3.6400833464566928
21
-1.3256029133858267
0
LINE
8
BLACK
6
CONTINUOUS
10
3.978666023622047
20
-1.3256029133858267
11
3.988577874015748
21
-1.327982559055118
0
LINE
8
BLACK
6
CONTINUOUS
10
3.988577874015748
20
-1.327982559055118
11
3.9979954330708662
21
-1.3318834251968503
0
LINE
8
BLACK
6
CONTINUOUS
10
3.9979954330708662
20
-1.3318834251968503
11
4.0066868503937005
21
-1.337209527559055
0
LINE
8
BLACK
6
CONTINUOUS
10
4.0066868503937005
20
-1.337209527559055
11
4.0144380314960628
21
-1.3438296850393701
0
LINE
8
BLACK
6
CONTINUOUS
10
4.0144380314960628
20
-1.3438296850393701
11
4.0210581889763777
21
-1.3515808661417323
0
LINE
8
BLACK
6
CONTINUOUS
10
4.0210581889763777
20
-1.3515808661417323
11
4.0263842913385828
21
-1.3602722834645669
0
LINE
8
BLACK
6
CONTINUOUS
10
4.0263842913385828
20
-1.3602722834645669
11
4.0302851574803151
21
-1.3696898425196851
0
LINE
8
BLACK
6
CONTINUOUS
10
4.0302851574803151
20
-1.3696898425196851
11
4.032664803149606
21
-1.3796016929133859
0
LINE
8
BLACK
6
CONTINUOUS
10
4.032664803149606
20
-1.3796016929133859
11
4.0334645669291334
21
-1.389763779527559
0
LINE
8
BLACK
6
CONTINUOUS
10
4.0334645669291334
20
-1.389763779527559
11
4.032664803149606
21
-1.3999258661417322
0
LINE
8
BLACK
6
CONTINUOUS
10
4.032664803149606
20
-1.3999258661417322
11
4.0302851574803151
21
-1.409837716535433
0
LINE
8
BLACK
6
CONTINUOUS
10
4.0302851574803151
20
-1.409837716535433
11
4.0263842913385828
21
-1.4192552755905512
0
LINE
8
BLACK
6
CONTINUOUS
10
4.0263842913385828
20
-1.4192552755905512
11
4.0210581889763777
21
-1.4279466929133857
0
LINE
8
BLACK
6
CONTINUOUS
10
4.0210581889763777
20
-1.4279466929133857
11
4.0144380314960628
21
-1.435697874015748
0
LINE
8
BLACK
6
CONTINUOUS
10
4.0144380314960628
20
-1.435697874015748
11
4.0066868503937005
21
-1.4423180314960629
0
LINE
8
BLACK
6
CONTINUOUS
10
4.0066868503937005
20
-1.4423180314960629
11
3.9979954330708662
21
-1.4476441338582677
0
LINE
8
BLACK
6
CONTINUOUS
10
3.9979954330708662
20
-1.4476441338582677
11
3.988577874015748
21
-1.4515449999999999
0
LINE
8
BLACK
6
CONTINUOUS
10
3.988577874015748
20
-1.4515449999999999
11
3.978666023622047
21
-1.4539246456692914
0
LINE
8
BLACK
6
CONTINUOUS
10
3.978666023622047
20
-1.4539246456692914
11
3.9685039370078741
21
-1.4547244094488188
0
LINE
8
BLACK
6
CONTINUOUS
10
3.9685039370078741
20
-1.4547244094488188
11
3.9583418503937007
21
-1.4539246456692914
0
LINE
8
BLACK
6
CONTINUOUS
10
3.9583418503937007
20
-1.4539246456692914
11
3.9484300000000001
21
-1.4515449999999999
0
LINE
8
BLACK
6
CONTINUOUS
10
3.9484300000000001
20
-1.4515449999999999
11
3.9390124409448819
21
-1.4476441338582677
0
LINE
8
BLACK
6
CONTINUOUS
10
3.9390124409448819
20
-1.4476441338582677
11
3.9303210236220472
21
-1.4423180314960629
0
LINE
8
BLACK
6
CONTINUOUS
10
3.9303210236220472
20
-1.4423180314960629
11
3.9225698425196849
21
-1.435697874015748
0
LINE
8
BLACK
6
CONTINUOUS
10
3.9225698425196849
20
-1.435697874015748
11
3.91594968503937
21
-1.4279466929133857
0
LINE
8
BLACK
6
CONTINUOUS
10
3.91594968503937
20
-1.4279466929133857
11
3.9106235826771654
21
-1.4192552755905512
0
LINE
8
BLACK
6
CONTINUOUS
10
3.9106235826771654
20
-1.4192552755905512
11
3.906722716535433
21
-1.409837716535433
0
LINE
8
BLACK
6
CONTINUOUS
10
3.906722716535433
20
-1.409837716535433
11
3.9043430708661417
21
-1.3999258661417322
0
LINE
8
BLACK
6
CONTINUOUS
10
3.9043430708661417
20
-1.3999258661417322
11
3.9035433070866139
21
-1.389763779527559
0
LINE
8
BLACK
6
CONTINUOUS
10
3.9035433070866139
20
-1.389763779527559
11
3.9043430708661417
21
-1.3796016929133859
0
LINE
8
BLACK
6
CONTINUOUS
10
3.9043430708661417
20
-1.3796016929133859
11
3.906722716535433
21
-1.3696898425196851
0
LINE
8
BLACK
6
CONTINUOUS
10
3.906722716535433
20
-1.3696898425196851
11
3.9106235826771654
21
-1.3602722834645669
0
LINE
8
BLACK
6
CONTINUOUS
10
3.9106235826771654
20
-1.3602722834645669
11
3.91594968503937
21
-1.3515808661417323
0
LINE
8
BLACK
6
CONTINUOUS
10
3.91594968503937
20
-1.3515808661417323
11
3.9225698425196849
21
-1.3438296850393701
0
LINE
8
BLACK
6
CONTINUOUS
10
3.9225698425196849
20
-1.3438296850393701
11
3.9303210236220472
21
-1.337209527559055
0
LINE
8
BLACK
6
CONTINUOUS
10
3.9303210236220472
20
-1.337209527559055
11
3.9390124409448819
21
-1.3318834251968503
0
LINE
8
BLACK
6
CONTINUOUS
10
3.9390124409448819
20
-1.3318834251968503
11
3.9484300000000001
21
-1.327982559055118
0
LINE
8
BLACK
6
CONTINUOUS
10
3.9484300000000001
20
-1.327982559055118
11
3.9583418503937007
21
-1.3256029133858267
0
LINE
8
BLACK
6
CONTINUOUS
10
3.9583418503937007
20
-1.3256029133858267
11
3.9685039370078741
21
-1.3248031496062991
0
LINE
8
BLACK
6
CONTINUOUS
10
3.9685039370078741
20
-1.3248031496062991
11
3.978666023622047
21
-1.3256029133858267
0
LINE
8
BLACK
6
CONTINUOUS
10
4.3172487007874016
20
-1.3256029133858267
11
4.3271605511811027
21
-1.327982559055118
0
LINE
8
BLACK
6
CONTINUOUS
10
4.3271605511811027
20
-1.327982559055118
11
4.3365781102362204
21
-1.3318834251968503
0
LINE
8
BLACK
6
CONTINUOUS
10
4.3365781102362204
20
-1.3318834251968503
11
4.3452695275590552
21
-1.337209527559055
0
LINE
8
BLACK
6
CONTINUOUS
10
4.3452695275590552
20
-1.337209527559055
11
4.3530207086614174
21
-1.3438296850393701
0
LINE
8
BLACK
6
CONTINUOUS
10
4.3530207086614174
20
-1.3438296850393701
11
4.3596408661417323
21
-1.3515808661417323
0
LINE
8
BLACK
6
CONTINUOUS
10
4.3596408661417323
20
-1.3515808661417323
11
4.3649669685039365
21
-1.3602722834645669
0
LINE
8
BLACK
6
CONTINUOUS
10
4.3649669685039365
20
-1.3602722834645669
11
4.3688678346456689
21
-1.3696898425196851
0
LINE
8
BLACK
6
CONTINUOUS
10
4.3688678346456689
20
-1.3696898425196851
11
4.3712474803149606
21
-1.3796016929133859
0
LINE
8
BLACK
6
CONTINUOUS
10
4.3712474803149606
20
-1.3796016929133859
11
4.372047244094488
21
-1.389763779527559
0
LINE
8
BLACK
6
CONTINUOUS
10
4.372047244094488
20
-1.389763779527559
11
4.3712474803149606
21
-1.3999258661417322
0
LINE
8
BLACK
6
CONTINUOUS
10
4.3712474803149606
20
-1.3999258661417322
11
4.3688678346456689
21
-1.409837716535433
0
LINE
8
BLACK
6
CONTINUOUS
10
4.3688678346456689
20
-1.409837716535433
11
4.3649669685039365
21
-1.4192552755905512
0
LINE
8
BLACK
6
CONTINUOUS
10
4.3649669685039365
20
-1.4192552755905512
11
4.3596408661417323
21
-1.4279466929133857
0
LINE
8
BLACK
6
CONTINUOUS
10
4.3596408661417323
20
-1.4279466929133857
11
4.3530207086614174
21
-1.435697874015748
0
LINE
8
BLACK
6
CONTINUOUS
10
4.3530207086614174
20
-1.435697874015748
11
4.3452695275590552
21
-1.4423180314960629
0
LINE
8
BLACK
6
CONTINUOUS
10
4.3452695275590552
20
-1.4423180314960629
11
4.3365781102362204
21
-1.4476441338582677
0
LINE
8
BLACK
6
CONTINUOUS
10
4.3365781102362204
20
-1.4476441338582677
11
4.3271605511811027
21
-1.4515449999999999
0
LINE
8
BLACK
6
CONTINUOUS
10
4.3271605511811027
20
-1.4515449999999999
11
4.3172487007874016
21
-1.4539246456692914
0
LINE
8
BLACK
6
CONTINUOUS
10
4.3172487007874016
20
-1.4539246456692914
11
4.3070866141732287
21
-1.4547244094488188
0
LINE
8
BLACK
6
CONTINUOUS
10
4.3070866141732287
20
-1.4547244094488188
11
4.2969245275590549
21
-1.4539246456692914
0
LINE
8
BLACK
6
CONTINUOUS
10
4.2969245275590549
20
-1.4539246456692914
11
4.2870126771653538
21
-1.4515449999999999
0
LINE
8
BLACK
6
CONTINUOUS
10
4.2870126771653538
20
-1.4515449999999999
11
4.2775951181102361
21
-1.4476441338582677
0
LINE
8
BLACK
6
CONTINUOUS
10
4.2775951181102361
20
-1.4476441338582677
11
4.2689037007874013
21
-1.4423180314960629
0
LINE
8
BLACK
6
CONTINUOUS
10
4.2689037007874013
20
-1.4423180314960629
11
4.2611525196850391
21
-1.435697874015748
0
LINE
8
BLACK
6
CONTINUOUS
10
4.2611525196850391
20
-1.435697874015748
11
4.2545323622047242
21
-1.4279466929133857
0
LINE
8
BLACK
6
CONTINUOUS
10
4.2545323622047242
20
-1.4279466929133857
11
4.24920625984252
21
-1.4192552755905512
0
LINE
8
BLACK
6
CONTINUOUS
10
4.24920625984252
20
-1.4192552755905512
11
4.2453053937007876
21
-1.409837716535433
0
LINE
8
BLACK
6
CONTINUOUS
10
4.2453053937007876
20
-1.409837716535433
11
4.2429257480314959
21
-1.3999258661417322
0
LINE
8
BLACK
6
CONTINUOUS
10
4.2429257480314959
20
-1.3999258661417322
11
4.2421259842519685
21
-1.389763779527559
0
LINE
8
BLACK
6
CONTINUOUS
10
4.2421259842519685
20
-1.389763779527559
11
4.2429257480314959
21
-1.3796016929133859
0
LINE
8
BLACK
6
CONTINUOUS
10
4.2429257480314959
20
-1.3796016929133859
11
4.2453053937007876
21
-1.3696898425196851
0
LINE
8
BLACK
6
CONTINUOUS
10
4.2453053937007876
20
-1.3696898425196851
11
4.24920625984252
21
-1.3602722834645669
0
LINE
8
BLACK
6
CONTINUOUS
10
4.24920625984252
20
-1.3602722834645669
11
4.2545323622047242
21
-1.3515808661417323
0
LINE
8
BLACK
6
CONTINUOUS
10
4.2545323622047242
20
-1.3515808661417323
11
4.2611525196850391
21
-1.3438296850393701
0
LINE
8
BLACK
6
CONTINUOUS
10
4.2611525196850391
20
-1.3438296850393701
11
4.2689037007874013
21
-1.337209527559055
0
LINE
8
BLACK
6
CONTINUOUS
10
4.2689037007874013
20
-1.337209527559055
11
4.2775951181102361
21
-1.3318834251968503
0
LINE
8
BLACK
6
CONTINUOUS
10
4.2775951181102361
20
-1.3318834251968503
11
4.2870126771653538
21
-1.327982559055118
0
LINE
8
BLACK
6
CONTINUOUS
10
4.2870126771653538
20
-1.327982559055118
11
4.2969245275590549
21
-1.3256029133858267
0
LINE
8
BLACK
6
CONTINUOUS
10
4.2969245275590549
20
-1.3256029133858267
11
4.3070866141732287
21
-1.3248031496062991
0
LINE
8
BLACK
6
CONTINUOUS
10
4.3070866141732287
20
-1.3248031496062991
11
4.3172487007874016
21
-1.3256029133858267
0
LINE
8
BLACK
6
CONTINUOUS
10
4.6558313779527554
20
-1.3256029133858267
11
4.6657432283464564
21
-1.327982559055118
0
LINE
8
BLACK
6
CONTINUOUS
10
4.6657432283464564
20
-1.327982559055118
11
4.675160787401575
21
-1.3318834251968503
0
LINE
8
BLACK
6
CONTINUOUS
10
4.675160787401575
20
-1.3318834251968503
11
4.6838522047244098
21
-1.337209527559055
0
LINE
8
BLACK
6
CONTINUOUS
10
4.6838522047244098
20
-1.337209527559055
11
4.6916033858267712
21
-1.3438296850393701
0
LINE
8
BLACK
6
CONTINUOUS
10
4.6916033858267712
20
-1.3438296850393701
11
4.6982235433070869
21
-1.3515808661417323
0
LINE
8
BLACK
6
CONTINUOUS
10
4.6982235433070869
20
-1.3515808661417323
11
4.7035496456692911
21
-1.3602722834645669
0
LINE
8
BLACK
6
CONTINUOUS
10
4.7035496456692911
20
-1.3602722834645669
11
4.7074505118110235
21
-1.3696898425196851
0
LINE
8
BLACK
6
CONTINUOUS
10
4.7074505118110235
20
-1.3696898425196851
11
4.7098301574803152
21
-1.3796016929133859
0
LINE
8
BLACK
6
CONTINUOUS
10
4.7098301574803152
20
-1.3796016929133859
11
4.7106299212598426
21
-1.389763779527559
0
LINE
8
BLACK
6
CONTINUOUS
10
4.7106299212598426
20
-1.389763779527559
11
4.7098301574803152
21
-1.3999258661417322
0
LINE
8
BLACK
6
CONTINUOUS
10
4.7098301574803152
20
-1.3999258661417322
11
4.7074505118110235
21
-1.409837716535433
0
LINE
8
BLACK
6
CONTINUOUS
10
4.7074505118110235
20
-1.409837716535433
11
4.7035496456692911
21
-1.4192552755905512
0
LINE
8
BLACK
6
CONTINUOUS
10
4.7035496456692911
20
-1.4192552755905512
11
4.6982235433070869
21
-1.4279466929133857
0
LINE
8
BLACK
6
CONTINUOUS
10
4.6982235433070869
20
-1.4279466929133857
11
4.6916033858267712
21
-1.435697874015748
0
LINE
8
BLACK
6
CONTINUOUS
10
4.6916033858267712
20
-1.435697874015748
11
4.6838522047244098
21
-1.4423180314960629
0
LINE
8
BLACK
6
CONTINUOUS
10
4.6838522047244098
20
-1.4423180314960629
11
4.675160787401575
21
-1.4476441338582677
0
LINE
8
BLACK
6
CONTINUOUS
10
4.675160787401575
20
-1.4476441338582677
11
4.6657432283464564
21
-1.4515449999999999
0
LINE
8
BLACK
6
CONTINUOUS
10
4.6657432283464564
20
-1.4515449999999999
11
4.6558313779527554
21
-1.4539246456692914
0
LINE
8
BLACK
6
CONTINUOUS
10
4.6558313779527554
20
-1.4539246456692914
11
4.6456692913385824
21
-1.4547244094488188
0
LINE
8
BLACK
6
CONTINUOUS
10
4.6456692913385824
20
-1.4547244094488188
11
4.6355072047244095
21
-1.4539246456692914
0
LINE
8
BLACK
6
CONTINUOUS
10
4.6355072047244095
20
-1.4539246456692914
11
4.6255953543307085
21
-1.4515449999999999
0
LINE
8
BLACK
6
CONTINUOUS
10
4.6255953543307085
20
-1.4515449999999999
11
4.6161777952755907
21
-1.4476441338582677
0
LINE
8
BLACK
6
CONTINUOUS
10
4.6161777952755907
20
-1.4476441338582677
11
4.607486377952756
21
-1.4423180314960629
0
LINE
8
BLACK
6
CONTINUOUS
10
4.607486377952756
20
-1.4423180314960629
11
4.5997351968503937
21
-1.435697874015748
0
LINE
8
BLACK
6
CONTINUOUS
10
4.5997351968503937
20
-1.435697874015748
11
4.5931150393700788
21
-1.4279466929133857
0
LINE
8
BLACK
6
CONTINUOUS
10
4.5931150393700788
20
-1.4279466929133857
11
4.5877889370078737
21
-1.4192552755905512
0
LINE
8
BLACK
6
CONTINUOUS
10
4.5877889370078737
20
-1.4192552755905512
11
4.5838880708661414
21
-1.409837716535433
0
LINE
8
BLACK
6
CONTINUOUS
10
4.5838880708661414
20
-1.409837716535433
11
4.5815084251968505
21
-1.3999258661417322
0
LINE
8
BLACK
6
CONTINUOUS
10
4.5815084251968505
20
-1.3999258661417322
11
4.5807086614173231
21
-1.389763779527559
0
LINE
8
BLACK
6
CONTINUOUS
10
4.5807086614173231
20
-1.389763779527559
11
4.5815084251968505
21
-1.3796016929133859
0
LINE
8
BLACK
6
CONTINUOUS
10
4.5815084251968505
20
-1.3796016929133859
11
4.5838880708661414
21
-1.3696898425196851
0
LINE
8
BLACK
6
CONTINUOUS
10
4.5838880708661414
20
-1.3696898425196851
11
4.5877889370078737
21
-1.3602722834645669
0
LINE
8
BLACK
6
CONTINUOUS
10
4.5877889370078737
20
-1.3602722834645669
11
4.5931150393700788
21
-1.3515808661417323
0
LINE
8
BLACK
6
CONTINUOUS
10
4.5931150393700788
20
-1.3515808661417323
11
4.5997351968503937
21
-1.3438296850393701
0
LINE
8
BLACK
6
CONTINUOUS
10
4.5997351968503937
20
-1.3438296850393701
11
4.607486377952756
21
-1.337209527559055
0
LINE
8
BLACK
6
CONTINUOUS
10
4.607486377952756
20
-1.337209527559055
11
4.6161777952755907
21
-1.3318834251968503
0
LINE
8
BLACK
6
CONTINUOUS
10
4.6161777952755907
20
-1.3318834251968503
11
4.6255953543307085
21
-1.327982559055118
0
LINE
8
BLACK
6
CONTINUOUS
10
4.6255953543307085
20
-1.327982559055118
11
4.6355072047244095
21
-1.3256029133858267
0
LINE
8
BLACK
6
CONTINUOUS
10
4.6355072047244095
20
-1.3256029133858267
11
4.6456692913385824
21
-1.3248031496062991
0
LINE
8
BLACK
6
CONTINUOUS
10
4.6456692913385824
20
-1.3248031496062991
11
4.6558313779527554
21
-1.3256029133858267
0
LINE
8
BLACK
6
CONTINUOUS
10
4.99441405511811
20
-1.3256029133858267
11
5.004325905511811
21
-1.327982559055118
0
LINE
8
BLACK
6
CONTINUOUS
10
5.004325905511811
20
-1.327982559055118
11
5.0137434645669288
21
-1.3318834251968503
0
LINE
8
BLACK
6
CONTINUOUS
10
5.0137434645669288
20
-1.3318834251968503
11
5.0224348818897635
21
-1.337209527559055
0
LINE
8
BLACK
6
CONTINUOUS
10
5.0224348818897635
20
-1.337209527559055
11
5.0301860629921258
21
-1.3438296850393701
0
LINE
8
BLACK
6
CONTINUOUS
10
5.0301860629921258
20
-1.3438296850393701
11
5.0368062204724406
21
-1.3515808661417323
0
LINE
8
BLACK
6
CONTINUOUS
10
5.0368062204724406
20
-1.3515808661417323
11
5.0421323228346457
21
-1.3602722834645669
0
LINE
8
BLACK
6
CONTINUOUS
10
5.0421323228346457
20
-1.3602722834645669
11
5.0460331889763781
21
-1.3696898425196851
0
LINE
8
BLACK
6
CONTINUOUS
10
5.0460331889763781
20
-1.3696898425196851
11
5.0484128346456689
21
-1.3796016929133859
0
LINE
8
BLACK
6
CONTINUOUS
10
5.0484128346456689
20
-1.3796016929133859
11
5.0492125984251963
21
-1.389763779527559
0
LINE
8
BLACK
6
CONTINUOUS
10
5.0492125984251963
20
-1.389763779527559
11
5.0484128346456689
21
-1.3999258661417322
0
LINE
8
BLACK
6
CONTINUOUS
10
5.0484128346456689
20
-1.3999258661417322
11
5.0460331889763781
21
-1.409837716535433
0
LINE
8
BLACK
6
CONTINUOUS
10
5.0460331889763781
20
-1.409837716535433
11
5.0421323228346457
21
-1.4192552755905512
0
LINE
8
BLACK
6
CONTINUOUS
10
5.0421323228346457
20
-1.4192552755905512
11
5.0368062204724406
21
-1.4279466929133857
0
LINE
8
BLACK
6
CONTINUOUS
10
5.0368062204724406
20
-1.4279466929133857
11
5.0301860629921258
21
-1.435697874015748
0
LINE
8
BLACK
6
CONTINUOUS
10
5.0301860629921258
20
-1.435697874015748
11
5.0224348818897635
21
-1.4423180314960629
0
LINE
8
BLACK
6
CONTINUOUS
10
5.0224348818897635
20
-1.4423180314960629
11
5.0137434645669288
21
-1.4476441338582677
0
LINE
8
BLACK
6
CONTINUOUS
10
5.0137434645669288
20
-1.4476441338582677
11
5.004325905511811
21
-1.4515449999999999
0
LINE
8
BLACK
6
CONTINUOUS
10
5.004325905511811
20
-1.4515449999999999
11
4.99441405511811
21
-1.4539246456692914
0
LINE
8
BLACK
6
CONTINUOUS
10
4.99441405511811
20
-1.4539246456692914
11
4.984251968503937
21
-1.4547244094488188
0
LINE
8
BLACK
6
CONTINUOUS
10
4.984251968503937
20
-1.4547244094488188
11
4.9740898818897641
21
-1.4539246456692914
0
LINE
8
BLACK
6
CONTINUOUS
10
4.9740898818897641
20
-1.4539246456692914
11
4.9641780314960631
21
-1.4515449999999999
0
LINE
8
BLACK
6
CONTINUOUS
10
4.9641780314960631
20
-1.4515449999999999
11
4.9547604724409444
21
-1.4476441338582677
0
LINE
8
BLACK
6
CONTINUOUS
10
4.9547604724409444
20
-1.4476441338582677
11
4.9460690551181097
21
-1.4423180314960629
0
LINE
8
BLACK
6
CONTINUOUS
10
4.9460690551181097
20
-1.4423180314960629
11
4.9383178740157483
21
-1.435697874015748
0
LINE
8
BLACK
6
CONTINUOUS
10
4.9383178740157483
20
-1.435697874015748
11
4.9316977165354325
21
-1.4279466929133857
0
LINE
8
BLACK
6
CONTINUOUS
10
4.9316977165354325
20
-1.4279466929133857
11
4.9263716141732283
21
-1.4192552755905512
0
LINE
8
BLACK
6
CONTINUOUS
10
4.9263716141732283
20
-1.4192552755905512
11
4.922470748031496
21
-1.409837716535433
0
LINE
8
BLACK
6
CONTINUOUS
10
4.922470748031496
20
-1.409837716535433
11
4.9200911023622043
21
-1.3999258661417322
0
LINE
8
BLACK
6
CONTINUOUS
10
4.9200911023622043
20
-1.3999258661417322
11
4.9192913385826769
21
-1.389763779527559
0
LINE
8
BLACK
6
CONTINUOUS
10
4.9192913385826769
20
-1.389763779527559
11
4.9200911023622043
21
-1.3796016929133859
0
LINE
8
BLACK
6
CONTINUOUS
10
4.9200911023622043
20
-1.3796016929133859
11
4.922470748031496
21
-1.3696898425196851
0
LINE
8
BLACK
6
CONTINUOUS
10
4.922470748031496
20
-1.3696898425196851
11
4.9263716141732283
21
-1.3602722834645669
0
LINE
8
BLACK
6
CONTINUOUS
10
4.9263716141732283
20
-1.3602722834645669
11
4.9316977165354325
21
-1.3515808661417323
0
LINE
8
BLACK
6
CONTINUOUS
10
4.9316977165354325
20
-1.3515808661417323
11
4.9383178740157483
21
-1.3438296850393701
0
LINE
8
BLACK
6
CONTINUOUS
10
4.9383178740157483
20
-1.3438296850393701
11
4.9460690551181097
21
-1.337209527559055
0
LINE
8
BLACK
6
CONTINUOUS
10
4.9460690551181097
20
-1.337209527559055
11
4.9547604724409444
21
-1.3318834251968503
0
LINE
8
BLACK
6
CONTINUOUS
10
4.9547604724409444
20
-1.3318834251968503
11
4.9641780314960631
21
-1.327982559055118
0
LINE
8
BLACK
6
CONTINUOUS
10
4.9641780314960631
20
-1.327982559055118
11
4.9740898818897641
21
-1.3256029133858267
0
LINE
8
BLACK
6
CONTINUOUS
10
4.9740898818897641
20
-1.3256029133858267
11
4.984251968503937
21
-1.3248031496062991
0
LINE
8
BLACK
6
CONTINUOUS
10
4.984251968503937
20
-1.3248031496062991
11
4.99441405511811
21
-1.3256029133858267
0
LINE
8
BLACK
6
CONTINUOUS
10
5.3329967322834646
20
-1.3256029133858267
11
5.3429085826771656
21
-1.327982559055118
0
LINE
8
BLACK
6
CONTINUOUS
10
5.3429085826771656
20
-1.327982559055118
11
5.3523261417322834
21
-1.3318834251968503
0
LINE
8
BLACK
6
CONTINUOUS
10
5.3523261417322834
20
-1.3318834251968503
11
5.3610175590551181
21
-1.337209527559055
0
LINE
8
BLACK
6
CONTINUOUS
10
5.3610175590551181
20
-1.337209527559055
11
5.3687687401574804
21
-1.3438296850393701
0
LINE
8
BLACK
6
CONTINUOUS
10
5.3687687401574804
20
-1.3438296850393701
11
5.3753888976377953
21
-1.3515808661417323
0
LINE
8
BLACK
6
CONTINUOUS
10
5.3753888976377953
20
-1.3515808661417323
11
5.3807149999999995
21
-1.3602722834645669
0
LINE
8
BLACK
6
CONTINUOUS
10
5.3807149999999995
20
-1.3602722834645669
11
5.3846158661417318
21
-1.3696898425196851
0
LINE
8
BLACK
6
CONTINUOUS
10
5.3846158661417318
20
-1.3696898425196851
11
5.3869955118110235
21
-1.3796016929133859
0
LINE
8
BLACK
6
CONTINUOUS
10
5.3869955118110235
20
-1.3796016929133859
11
5.3877952755905509
21
-1.389763779527559
0
LINE
8
BLACK
6
CONTINUOUS
10
5.3877952755905509
20
-1.389763779527559
11
5.3869955118110235
21
-1.3999258661417322
0
LINE
8
BLACK
6
CONTINUOUS
10
5.3869955118110235
20
-1.3999258661417322
11
5.3846158661417318
21
-1.409837716535433
0
LINE
8
BLACK
6
CONTINUOUS
10
5.3846158661417318
20
-1.409837716535433
11
5.3807149999999995
21
-1.4192552755905512
0
LINE
8
BLACK
6
CONTINUOUS
10
5.3807149999999995
20
-1.4192552755905512
11
5.3753888976377953
21
-1.4279466929133857
0
LINE
8
BLACK
6
CONTINUOUS
10
5.3753888976377953
20
-1.4279466929133857
11
5.3687687401574804
21
-1.435697874015748
0
LINE
8
BLACK
6
CONTINUOUS
10
5.3687687401574804
20
-1.435697874015748
11
5.3610175590551181
21
-1.4423180314960629
0
LINE
8
BLACK
6
CONTINUOUS
10
5.3610175590551181
20
-1.4423180314960629
11
5.3523261417322834
21
-1.4476441338582677
0
LINE
8
BLACK
6
CONTINUOUS
10
5.3523261417322834
20
-1.4476441338582677
11
5.3429085826771656
21
-1.4515449999999999
0
LINE
8
BLACK
6
CONTINUOUS
10
5.3429085826771656
20
-1.4515449999999999
11
5.3329967322834646
21
-1.4539246456692914
0
LINE
8
BLACK
6
CONTINUOUS
10
5.3329967322834646
20
-1.4539246456692914
11
5.3228346456692917
21
-1.4547244094488188
0
LINE
8
BLACK
6
CONTINUOUS
10
5.3228346456692917
20
-1.4547244094488188
11
5.3126725590551178
21
-1.4539246456692914
0
LINE
8
BLACK
6
CONTINUOUS
10
5.3126725590551178
20
-1.4539246456692914
11
5.3027607086614168
21
-1.4515449999999999
0
LINE
8
BLACK
6
CONTINUOUS
10
5.3027607086614168
20
-1.4515449999999999
11
5.293343149606299
21
-1.4476441338582677
0
LINE
8
BLACK
6
CONTINUOUS
10
5.293343149606299
20
-1.4476441338582677
11
5.2846517322834643
21
-1.4423180314960629
0
LINE
8
BLACK
6
CONTINUOUS
10
5.2846517322834643
20
-1.4423180314960629
11
5.276900551181102
21
-1.435697874015748
0
LINE
8
BLACK
6
CONTINUOUS
10
5.276900551181102
20
-1.435697874015748
11
5.2702803937007872
21
-1.4279466929133857
0
LINE
8
BLACK
6
CONTINUOUS
10
5.2702803937007872
20
-1.4279466929133857
11
5.2649542913385829
21
-1.4192552755905512
0
LINE
8
BLACK
6
CONTINUOUS
10
5.2649542913385829
20
-1.4192552755905512
11
5.2610534251968506
21
-1.409837716535433
0
LINE
8
BLACK
6
CONTINUOUS
10
5.2610534251968506
20
-1.409837716535433
11
5.2586737795275589
21
-1.3999258661417322
0
LINE
8
BLACK
6
CONTINUOUS
10
5.2586737795275589
20
-1.3999258661417322
11
5.2578740157480315
21
-1.389763779527559
0
LINE
8
BLACK
6
CONTINUOUS
10
5.2578740157480315
20
-1.389763779527559
11
5.2586737795275589
21
-1.3796016929133859
0
LINE
8
BLACK
6
CONTINUOUS
10
5.2586737795275589
20
-1.3796016929133859
11
5.2610534251968506
21
-1.3696898425196851
0
LINE
8
BLACK
6
CONTINUOUS
10
5.2610534251968506
20
-1.3696898425196851
11
5.2649542913385829
21
-1.3602722834645669
0
LINE
8
BLACK
6
CONTINUOUS
10
5.2649542913385829
20
-1.3602722834645669
11
5.2702803937007872
21
-1.3515808661417323
0
LINE
8
BLACK
6
CONTINUOUS
10
5.2702803937007872
20
-1.3515808661417323
11
5.276900551181102
21
-1.3438296850393701
0
LINE
8
BLACK
6
CONTINUOUS
10
5.276900551181102
20
-1.3438296850393701
11
5.2846517322834643
21
-1.337209527559055
0
LINE
8
BLACK
6
CONTINUOUS
10
5.2846517322834643
20
-1.337209527559055
11
5.293343149606299
21
-1.3318834251968503
0
LINE
8
BLACK
6
CONTINUOUS
10
5.293343149606299
20
-1.3318834251968503
11
5.3027607086614168
21
-1.327982559055118
0
LINE
8
BLACK
6
CONTINUOUS
10
5.3027607086614168
20
-1.327982559055118
11
5.3126725590551178
21
-1.3256029133858267
0
LINE
8
BLACK
6
CONTINUOUS
10
5.3126725590551178
20
-1.3256029133858267
11
5.3228346456692917
21
-1.3248031496062991
0
LINE
8
BLACK
6
CONTINUOUS
10
5.3228346456692917
20
-1.3248031496062991
11
5.3329967322834646
21
-1.3256029133858267
0
LINE
8
BLACK
6
CONTINUOUS
10
5.6879179921259837
20
-1.3256029133858267
11
5.6978298425196847
21
-1.327982559055118
0
LINE
8
BLACK
6
CONTINUOUS
10
5.6978298425196847
20
-1.327982559055118
11
5.7072474015748034
21
-1.3318834251968503
0
LINE
8
BLACK
6
CONTINUOUS
10
5.7072474015748034
20
-1.3318834251968503
11
5.7159388188976381
21
-1.337209527559055
0
LINE
8
BLACK
6
CONTINUOUS
10
5.7159388188976381
20
-1.337209527559055
11
5.7236899999999995
21
-1.3438296850393701
0
LINE
8
BLACK
6
CONTINUOUS
10
5.7236899999999995
20
-1.3438296850393701
11
5.7303101574803152
21
-1.3515808661417323
0
LINE
8
BLACK
6
CONTINUOUS
10
5.7303101574803152
20
-1.3515808661417323
11
5.7356362598425195
21
-1.3602722834645669
0
LINE
8
BLACK
6
CONTINUOUS
10
5.7356362598425195
20
-1.3602722834645669
11
5.7395371259842518
21
-1.3696898425196851
0
LINE
8
BLACK
6
CONTINUOUS
10
5.7395371259842518
20
-1.3696898425196851
11
5.7419167716535435
21
-1.3796016929133859
0
LINE
8
BLACK
6
CONTINUOUS
10
5.7419167716535435
20
-1.3796016929133859
11
5.7427165354330709
21
-1.389763779527559
0
LINE
8
BLACK
6
CONTINUOUS
10
5.7427165354330709
20
-1.389763779527559
11
5.7419167716535435
21
-1.3999258661417322
0
LINE
8
BLACK
6
CONTINUOUS
10
5.7419167716535435
20
-1.3999258661417322
11
5.7395371259842518
21
-1.409837716535433
0
LINE
8
BLACK
6
CONTINUOUS
10
5.7395371259842518
20
-1.409837716535433
11
5.7356362598425195
21
-1.4192552755905512
0
LINE
8
BLACK
6
CONTINUOUS
10
5.7356362598425195
20
-1.4192552755905512
11
5.7303101574803152
21
-1.4279466929133857
0
LINE
8
BLACK
6
CONTINUOUS
10
5.7303101574803152
20
-1.4279466929133857
11
5.7236899999999995
21
-1.435697874015748
0
LINE
8
BLACK
6
CONTINUOUS
10
5.7236899999999995
20
-1.435697874015748
11
5.7159388188976381
21
-1.4423180314960629
0
LINE
8
BLACK
6
CONTINUOUS
10
5.7159388188976381
20
-1.4423180314960629
11
5.7072474015748034
21
-1.4476441338582677
0
LINE
8
BLACK
6
CONTINUOUS
10
5.7072474015748034
20
-1.4476441338582677
11
5.6978298425196847
21
-1.4515449999999999
0
LINE
8
BLACK
6
CONTINUOUS
10
5.6978298425196847
20
-1.4515449999999999
11
5.6879179921259837
21
-1.4539246456692914
0
LINE
8
BLACK
6
CONTINUOUS
10
5.6879179921259837
20
-1.4539246456692914
11
5.6777559055118108
21
-1.4547244094488188
0
LINE
8
BLACK
6
CONTINUOUS
10
5.6777559055118108
20
-1.4547244094488188
11
5.6675938188976378
21
-1.4539246456692914
0
LINE
8
BLACK
6
CONTINUOUS
10
5.6675938188976378
20
-1.4539246456692914
11
5.6576819685039368
21
-1.4515449999999999
0
LINE
8
BLACK
6
CONTINUOUS
10
5.6576819685039368
20
-1.4515449999999999
11
5.648264409448819
21
-1.4476441338582677
0
LINE
8
BLACK
6
CONTINUOUS
10
5.648264409448819
20
-1.4476441338582677
11
5.6395729921259843
21
-1.4423180314960629
0
LINE
8
BLACK
6
CONTINUOUS
10
5.6395729921259843
20
-1.4423180314960629
11
5.631821811023622
21
-1.435697874015748
0
LINE
8
BLACK
6
CONTINUOUS
10
5.631821811023622
20
-1.435697874015748
11
5.6252016535433071
21
-1.4279466929133857
0
LINE
8
BLACK
6
CONTINUOUS
10
5.6252016535433071
20
-1.4279466929133857
11
5.619875551181102
21
-1.4192552755905512
0
LINE
8
BLACK
6
CONTINUOUS
10
5.619875551181102
20
-1.4192552755905512
11
5.6159746850393697
21
-1.409837716535433
0
LINE
8
BLACK
6
CONTINUOUS
10
5.6159746850393697
20
-1.409837716535433
11
5.6135950393700789
21
-1.3999258661417322
0
LINE
8
BLACK
6
CONTINUOUS
10
5.6135950393700789
20
-1.3999258661417322
11
5.6127952755905515
21
-1.389763779527559
0
LINE
8
BLACK
6
CONTINUOUS
10
5.6127952755905515
20
-1.389763779527559
11
5.6135950393700789
21
-1.3796016929133859
0
LINE
8
BLACK
6
CONTINUOUS
10
5.6135950393700789
20
-1.3796016929133859
11
5.6159746850393697
21
-1.3696898425196851
0
LINE
8
BLACK
6
CONTINUOUS
10
5.6159746850393697
20
-1.3696898425196851
11
5.619875551181102
21
-1.3602722834645669
0
LINE
8
BLACK
6
CONTINUOUS
10
5.619875551181102
20
-1.3602722834645669
11
5.6252016535433071
21
-1.3515808661417323
0
LINE
8
BLACK
6
CONTINUOUS
10
5.6252016535433071
20
-1.3515808661417323
11
5.631821811023622
21
-1.3438296850393701
0
LINE
8
BLACK
6
CONTINUOUS
10
5.631821811023622
20
-1.3438296850393701
11
5.6395729921259843
21
-1.337209527559055
0
LINE
8
BLACK
6
CONTINUOUS
10
5.6395729921259843
20
-1.337209527559055
11
5.648264409448819
21
-1.3318834251968503
0
LINE
8
BLACK
6
CONTINUOUS
10
5.648264409448819
20
-1.3318834251968503
11
5.6576819685039368
21
-1.327982559055118
0
LINE
8
BLACK
6
CONTINUOUS
10
5.6576819685039368
20
-1.327982559055118
11
5.6675938188976378
21
-1.3256029133858267
0
LINE
8
BLACK
6
CONTINUOUS
10
5.6675938188976378
20
-1.3256029133858267
11
5.6777559055118108
21
-1.3248031496062991
0
LINE
8
BLACK
6
CONTINUOUS
10
5.6777559055118108
20
-1.3248031496062991
11
5.6879179921259837
21
-1.3256029133858267
0
LINE
8
BLACK
6
CONTINUOUS
10
6.0265006692913383
20
-1.3256029133858267
11
6.0364125196850393
21
-1.327982559055118
0
LINE
8
BLACK
6
CONTINUOUS
10
6.0364125196850393
20
-1.327982559055118
11
6.0458300787401571
21
-1.3318834251968503
0
LINE
8
BLACK
6
CONTINUOUS
10
6.0458300787401571
20
-1.3318834251968503
11
6.0545214960629918
21
-1.337209527559055
0
LINE
8
BLACK
6
CONTINUOUS
10
6.0545214960629918
20
-1.337209527559055
11
6.0622726771653541
21
-1.3438296850393701
0
LINE
8
BLACK
6
CONTINUOUS
10
6.0622726771653541
20
-1.3438296850393701
11
6.068892834645669
21
-1.3515808661417323
0
LINE
8
BLACK
6
CONTINUOUS
10
6.068892834645669
20
-1.3515808661417323
11
6.0742189370078741
21
-1.3602722834645669
0
LINE
8
BLACK
6
CONTINUOUS
10
6.0742189370078741
20
-1.3602722834645669
11
6.0781198031496064
21
-1.3696898425196851
0
LINE
8
BLACK
6
CONTINUOUS
10
6.0781198031496064
20
-1.3696898425196851
11
6.0804994488188973
21
-1.3796016929133859
0
LINE
8
BLACK
6
CONTINUOUS
10
6.0804994488188973
20
-1.3796016929133859
11
6.0812992125984247
21
-1.389763779527559
0
LINE
8
BLACK
6
CONTINUOUS
10
6.0812992125984247
20
-1.389763779527559
11
6.0804994488188973
21
-1.3999258661417322
0
LINE
8
BLACK
6
CONTINUOUS
10
6.0804994488188973
20
-1.3999258661417322
11
6.0781198031496064
21
-1.409837716535433
0
LINE
8
BLACK
6
CONTINUOUS
10
6.0781198031496064
20
-1.409837716535433
11
6.0742189370078741
21
-1.4192552755905512
0
LINE
8
BLACK
6
CONTINUOUS
10
6.0742189370078741
20
-1.4192552755905512
11
6.068892834645669
21
-1.4279466929133857
0
LINE
8
BLACK
6
CONTINUOUS
10
6.068892834645669
20
-1.4279466929133857
11
6.0622726771653541
21
-1.435697874015748
0
LINE
8
BLACK
6
CONTINUOUS
10
6.0622726771653541
20
-1.435697874015748
11
6.0545214960629918
21
-1.4423180314960629
0
LINE
8
BLACK
6
CONTINUOUS
10
6.0545214960629918
20
-1.4423180314960629
11
6.0458300787401571
21
-1.4476441338582677
0
LINE
8
BLACK
6
CONTINUOUS
10
6.0458300787401571
20
-1.4476441338582677
11
6.0364125196850393
21
-1.4515449999999999
0
LINE
8
BLACK
6
CONTINUOUS
10
6.0364125196850393
20
-1.4515449999999999
11
6.0265006692913383
21
-1.4539246456692914
0
LINE
8
BLACK
6
CONTINUOUS
10
6.0265006692913383
20
-1.4539246456692914
11
6.0163385826771654
21
-1.4547244094488188
0
LINE
8
BLACK
6
CONTINUOUS
10
6.0163385826771654
20
-1.4547244094488188
11
6.0061764960629924
21
-1.4539246456692914
0
LINE
8
BLACK
6
CONTINUOUS
10
6.0061764960629924
20
-1.4539246456692914
11
5.9962646456692914
21
-1.4515449999999999
0
LINE
8
BLACK
6
CONTINUOUS
10
5.9962646456692914
20
-1.4515449999999999
11
5.9868470866141728
21
-1.4476441338582677
0
LINE
8
BLACK
6
CONTINUOUS
10
5.9868470866141728
20
-1.4476441338582677
11
5.978155669291338
21
-1.4423180314960629
0
LINE
8
BLACK
6
CONTINUOUS
10
5.978155669291338
20
-1.4423180314960629
11
5.9704044881889766
21
-1.435697874015748
0
LINE
8
BLACK
6
CONTINUOUS
10
5.9704044881889766
20
-1.435697874015748
11
5.9637843307086609
21
-1.4279466929133857
0
LINE
8
BLACK
6
CONTINUOUS
10
5.9637843307086609
20
-1.4279466929133857
11
5.9584582283464567
21
-1.4192552755905512
0
LINE
8
BLACK
6
CONTINUOUS
10
5.9584582283464567
20
-1.4192552755905512
11
5.9545573622047243
21
-1.409837716535433
0
LINE
8
BLACK
6
CONTINUOUS
10
5.9545573622047243
20
-1.409837716535433
11
5.9521777165354326
21
-1.3999258661417322
0
LINE
8
BLACK
6
CONTINUOUS
10
5.9521777165354326
20
-1.3999258661417322
11
5.9513779527559052
21
-1.389763779527559
0
LINE
8
BLACK
6
CONTINUOUS
10
5.9513779527559052
20
-1.389763779527559
11
5.9521777165354326
21
-1.3796016929133859
0
LINE
8
BLACK
6
CONTINUOUS
10
5.9521777165354326
20
-1.3796016929133859
11
5.9545573622047243
21
-1.3696898425196851
0
LINE
8
BLACK
6
CONTINUOUS
10
5.9545573622047243
20
-1.3696898425196851
11
5.9584582283464567
21
-1.3602722834645669
0
LINE
8
BLACK
6
CONTINUOUS
10
5.9584582283464567
20
-1.3602722834645669
11
5.9637843307086609
21
-1.3515808661417323
0
LINE
8
BLACK
6
CONTINUOUS
10
5.9637843307086609
20
-1.3515808661417323
11
5.9704044881889766
21
-1.3438296850393701
0
LINE
8
BLACK
6
CONTINUOUS
10
5.9704044881889766
20
-1.3438296850393701
11
5.978155669291338
21
-1.337209527559055
0
LINE
8
BLACK
6
CONTINUOUS
10
5.978155669291338
20
-1.337209527559055
11
5.9868470866141728
21
-1.3318834251968503
0
LINE
8
BLACK
6
CONTINUOUS
10
5.9868470866141728
20
-1.3318834251968503
11
5.9962646456692914
21
-1.327982559055118
0
LINE
8
BLACK
6
CONTINUOUS
10
5.9962646456692914
20
-1.327982559055118
11
6.0061764960629924
21
-1.3256029133858267
0
LINE
8
BLACK
6
CONTINUOUS
10
6.0061764960629924
20
-1.3256029133858267
11
6.0163385826771654
21
-1.3248031496062991
0
LINE
8
BLACK
6
CONTINUOUS
10
6.0163385826771654
20
-1.3248031496062991
11
6.0265006692913383
21
-1.3256029133858267
0
LINE
8
BLACK
6
CONTINUOUS
10
6.3650833464566929
20
-1.3256029133858267
11
6.374995196850394
21
-1.327982559055118
0
LINE
8
BLACK
6
CONTINUOUS
10
6.374995196850394
20
-1.327982559055118
11
6.3844127559055117
21
-1.3318834251968503
0
LINE
8
BLACK
6
CONTINUOUS
10
6.3844127559055117
20
-1.3318834251968503
11
6.3931041732283465
21
-1.337209527559055
0
LINE
8
BLACK
6
CONTINUOUS
10
6.3931041732283465
20
-1.337209527559055
11
6.4008553543307087
21
-1.3438296850393701
0
LINE
8
BLACK
6
CONTINUOUS
10
6.4008553543307087
20
-1.3438296850393701
11
6.4074755118110236
21
-1.3515808661417323
0
LINE
8
BLACK
6
CONTINUOUS
10
6.4074755118110236
20
-1.3515808661417323
11
6.4128016141732278
21
-1.3602722834645669
0
LINE
8
BLACK
6
CONTINUOUS
10
6.4128016141732278
20
-1.3602722834645669
11
6.4167024803149602
21
-1.3696898425196851
0
LINE
8
BLACK
6
CONTINUOUS
10
6.4167024803149602
20
-1.3696898425196851
11
6.4190821259842519
21
-1.3796016929133859
0
LINE
8
BLACK
6
CONTINUOUS
10
6.4190821259842519
20
-1.3796016929133859
11
6.4198818897637793
21
-1.389763779527559
0
LINE
8
BLACK
6
CONTINUOUS
10
6.4198818897637793
20
-1.389763779527559
11
6.4190821259842519
21
-1.3999258661417322
0
LINE
8
BLACK
6
CONTINUOUS
10
6.4190821259842519
20
-1.3999258661417322
11
6.4167024803149602
21
-1.409837716535433
0
LINE
8
BLACK
6
CONTINUOUS
10
6.4167024803149602
20
-1.409837716535433
11
6.4128016141732278
21
-1.4192552755905512
0
LINE
8
BLACK
6
CONTINUOUS
10
6.4128016141732278
20
-1.4192552755905512
11
6.4074755118110236
21
-1.4279466929133857
0
LINE
8
BLACK
6
CONTINUOUS
10
6.4074755118110236
20
-1.4279466929133857
11
6.4008553543307087
21
-1.435697874015748
0
LINE
8
BLACK
6
CONTINUOUS
10
6.4008553543307087
20
-1.435697874015748
11
6.3931041732283465
21
-1.4423180314960629
0
LINE
8
BLACK
6
CONTINUOUS
10
6.3931041732283465
20
-1.4423180314960629
11
6.3844127559055117
21
-1.4476441338582677
0
LINE
8
BLACK
6
CONTINUOUS
10
6.3844127559055117
20
-1.4476441338582677
11
6.374995196850394
21
-1.4515449999999999
0
LINE
8
BLACK
6
CONTINUOUS
10
6.374995196850394
20
-1.4515449999999999
11
6.3650833464566929
21
-1.4539246456692914
0
LINE
8
BLACK
6
CONTINUOUS
10
6.3650833464566929
20
-1.4539246456692914
11
6.3549212598425191
21
-1.4547244094488188
0
LINE
8
BLACK
6
CONTINUOUS
10
6.3549212598425191
20
-1.4547244094488188
11
6.3447591732283461
21
-1.4539246456692914
0
LINE
8
BLACK
6
CONTINUOUS
10
6.3447591732283461
20
-1.4539246456692914
11
6.3348473228346451
21
-1.4515449999999999
0
LINE
8
BLACK
6
CONTINUOUS
10
6.3348473228346451
20
-1.4515449999999999
11
6.3254297637795274
21
-1.4476441338582677
0
LINE
8
BLACK
6
CONTINUOUS
10
6.3254297637795274
20
-1.4476441338582677
11
6.3167383464566926
21
-1.4423180314960629
0
LINE
8
BLACK
6
CONTINUOUS
10
6.3167383464566926
20
-1.4423180314960629
11
6.3089871653543304
21
-1.435697874015748
0
LINE
8
BLACK
6
CONTINUOUS
10
6.3089871653543304
20
-1.435697874015748
11
6.3023670078740155
21
-1.4279466929133857
0
LINE
8
BLACK
6
CONTINUOUS
10
6.3023670078740155
20
-1.4279466929133857
11
6.2970409055118113
21
-1.4192552755905512
0
LINE
8
BLACK
6
CONTINUOUS
10
6.2970409055118113
20
-1.4192552755905512
11
6.2931400393700789
21
-1.409837716535433
0
LINE
8
BLACK
6
CONTINUOUS
10
6.2931400393700789
20
-1.409837716535433
11
6.2907603937007872
21
-1.3999258661417322
0
LINE
8
BLACK
6
CONTINUOUS
10
6.2907603937007872
20
-1.3999258661417322
11
6.2899606299212598
21
-1.389763779527559
0
LINE
8
BLACK
6
CONTINUOUS
10
6.2899606299212598
20
-1.389763779527559
11
6.2907603937007872
21
-1.3796016929133859
0
LINE
8
BLACK
6
CONTINUOUS
10
6.2907603937007872
20
-1.3796016929133859
11
6.2931400393700789
21
-1.3696898425196851
0
LINE
8
BLACK
6
CONTINUOUS
10
6.2931400393700789
20
-1.3696898425196851
11
6.2970409055118113
21
-1.3602722834645669
0
LINE
8
BLACK
6
CONTINUOUS
10
6.2970409055118113
20
-1.3602722834645669
11
6.3023670078740155
21
-1.3515808661417323
0
LINE
8
BLACK
6
CONTINUOUS
10
6.3023670078740155
20
-1.3515808661417323
11
6.3089871653543304
21
-1.3438296850393701
0
LINE
8
BLACK
6
CONTINUOUS
10
6.3089871653543304
20
-1.3438296850393701
11
6.3167383464566926
21
-1.337209527559055
0
LINE
8
BLACK
6
CONTINUOUS
10
6.3167383464566926
20
-1.337209527559055
11
6.3254297637795274
21
-1.3318834251968503
0
LINE
8
BLACK
6
CONTINUOUS
10
6.3254297637795274
20
-1.3318834251968503
11
6.3348473228346451
21
-1.327982559055118
0
LINE
8
BLACK
6
CONTINUOUS
10
6.3348473228346451
20
-1.327982559055118
11
6.3447591732283461
21
-1.3256029133858267
0
LINE
8
BLACK
6
CONTINUOUS
10
6.3447591732283461
20
-1.3256029133858267
11
6.3549212598425191
21
-1.3248031496062991
0
LINE
8
BLACK
6
CONTINUOUS
10
6.3549212598425191
20
-1.3248031496062991
11
6.3650833464566929
21
-1.3256029133858267
0
LINE
8
BLACK
6
CONTINUOUS
10
6.7198077559055118
20
-1.3256029133858267
11
6.7297196062992128
21
-1.327982559055118
0
LINE
8
BLACK
6
CONTINUOUS
10
6.7297196062992128
20
-1.327982559055118
11
6.7391371653543306
21
-1.3318834251968503
0
LINE
8
BLACK
6
CONTINUOUS
10
6.7391371653543306
20
-1.3318834251968503
11
6.7478285826771653
21
-1.337209527559055
0
LINE
8
BLACK
6
CONTINUOUS
10
6.7478285826771653
20
-1.337209527559055
11
6.7555797637795276
21
-1.3438296850393701
0
LINE
8
BLACK
6
CONTINUOUS
10
6.7555797637795276
20
-1.3438296850393701
11
6.7621999212598425
21
-1.3515808661417323
0
LINE
8
BLACK
6
CONTINUOUS
10
6.7621999212598425
20
-1.3515808661417323
11
6.7675260236220467
21
-1.3602722834645669
0
LINE
8
BLACK
6
CONTINUOUS
10
6.7675260236220467
20
-1.3602722834645669
11
6.771426889763779
21
-1.3696898425196851
0
LINE
8
BLACK
6
CONTINUOUS
10
6.771426889763779
20
-1.3696898425196851
11
6.7738065354330708
21
-1.3796016929133859
0
LINE
8
BLACK
6
CONTINUOUS
10
6.7738065354330708
20
-1.3796016929133859
11
6.7746062992125982
21
-1.389763779527559
0
LINE
8
BLACK
6
CONTINUOUS
10
6.7746062992125982
20
-1.389763779527559
11
6.7738065354330708
21
-1.3999258661417322
0
LINE
8
BLACK
6
CONTINUOUS
10
6.7738065354330708
20
-1.3999258661417322
11
6.771426889763779
21
-1.409837716535433
0
LINE
8
BLACK
6
CONTINUOUS
10
6.771426889763779
20
-1.409837716535433
11
6.7675260236220467
21
-1.4192552755905512
0
LINE
8
BLACK
6
CONTINUOUS
10
6.7675260236220467
20
-1.4192552755905512
11
6.7621999212598425
21
-1.4279466929133857
0
LINE
8
BLACK
6
CONTINUOUS
10
6.7621999212598425
20
-1.4279466929133857
11
6.7555797637795276
21
-1.435697874015748
0
LINE
8
BLACK
6
CONTINUOUS
10
6.7555797637795276
20
-1.435697874015748
11
6.7478285826771653
21
-1.4423180314960629
0
LINE
8
BLACK
6
CONTINUOUS
10
6.7478285826771653
20
-1.4423180314960629
11
6.7391371653543306
21
-1.4476441338582677
0
LINE
8
BLACK
6
CONTINUOUS
10
6.7391371653543306
20
-1.4476441338582677
11
6.7297196062992128
21
-1.4515449999999999
0
LINE
8
BLACK
6
CONTINUOUS
10
6.7297196062992128
20
-1.4515449999999999
11
6.7198077559055118
21
-1.4539246456692914
0
LINE
8
BLACK
6
CONTINUOUS
10
6.7198077559055118
20
-1.4539246456692914
11
6.709645669291338
21
-1.4547244094488188
0
LINE
8
BLACK
6
CONTINUOUS
10
6.709645669291338
20
-1.4547244094488188
11
6.699483582677165
21
-1.4539246456692914
0
LINE
8
BLACK
6
CONTINUOUS
10
6.699483582677165
20
-1.4539246456692914
11
6.689571732283464
21
-1.4515449999999999
0
LINE
8
BLACK
6
CONTINUOUS
10
6.689571732283464
20
-1.4515449999999999
11
6.6801541732283463
21
-1.4476441338582677
0
LINE
8
BLACK
6
CONTINUOUS
10
6.6801541732283463
20
-1.4476441338582677
11
6.6714627559055115
21
-1.4423180314960629
0
LINE
8
BLACK
6
CONTINUOUS
10
6.6714627559055115
20
-1.4423180314960629
11
6.6637115748031492
21
-1.435697874015748
0
LINE
8
BLACK
6
CONTINUOUS
10
6.6637115748031492
20
-1.435697874015748
11
6.6570914173228344
21
-1.4279466929133857
0
LINE
8
BLACK
6
CONTINUOUS
10
6.6570914173228344
20
-1.4279466929133857
11
6.6517653149606302
21
-1.4192552755905512
0
LINE
8
BLACK
6
CONTINUOUS
10
6.6517653149606302
20
-1.4192552755905512
11
6.6478644488188978
21
-1.409837716535433
0
LINE
8
BLACK
6
CONTINUOUS
10
6.6478644488188978
20
-1.409837716535433
11
6.6454848031496061
21
-1.3999258661417322
0
LINE
8
BLACK
6
CONTINUOUS
10
6.6454848031496061
20
-1.3999258661417322
11
6.6446850393700787
21
-1.389763779527559
0
LINE
8
BLACK
6
CONTINUOUS
10
6.6446850393700787
20
-1.389763779527559
11
6.6454848031496061
21
-1.3796016929133859
0
LINE
8
BLACK
6
CONTINUOUS
10
6.6454848031496061
20
-1.3796016929133859
11
6.6478644488188978
21
-1.3696898425196851
0
LINE
8
BLACK
6
CONTINUOUS
10
6.6478644488188978
20
-1.3696898425196851
11
6.6517653149606302
21
-1.3602722834645669
0
LINE
8
BLACK
6
CONTINUOUS
10
6.6517653149606302
20
-1.3602722834645669
11
6.6570914173228344
21
-1.3515808661417323
0
LINE
8
BLACK
6
CONTINUOUS
10
6.6570914173228344
20
-1.3515808661417323
11
6.6637115748031492
21
-1.3438296850393701
0
LINE
8
BLACK
6
CONTINUOUS
10
6.6637115748031492
20
-1.3438296850393701
11
6.6714627559055115
21
-1.337209527559055
0
LINE
8
BLACK
6
CONTINUOUS
10
6.6714627559055115
20
-1.337209527559055
11
6.6801541732283463
21
-1.3318834251968503
0
LINE
8
BLACK
6
CONTINUOUS
10
6.6801541732283463
20
-1.3318834251968503
11
6.689571732283464
21
-1.327982559055118
0
LINE
8
BLACK
6
CONTINUOUS
10
6.689571732283464
20
-1.327982559055118
11
6.699483582677165
21
-1.3256029133858267
0
LINE
8
BLACK
6
CONTINUOUS
10
6.699483582677165
20
-1.3256029133858267
11
6.709645669291338
21
-1.3248031496062991
0
LINE
8
BLACK
6
CONTINUOUS
10
6.709645669291338
20
-1.3248031496062991
11
6.7198077559055118
21
-1.3256029133858267
0
LINE
8
BLACK
6
CONTINUOUS
10
7.0583904330708656
20
-1.3256029133858267
11
7.0683022834645666
21
-1.327982559055118
0
LINE
8
BLACK
6
CONTINUOUS
10
7.0683022834645666
20
-1.327982559055118
11
7.0777198425196852
21
-1.3318834251968503
0
LINE
8
BLACK
6
CONTINUOUS
10
7.0777198425196852
20
-1.3318834251968503
11
7.08641125984252
21
-1.337209527559055
0
LINE
8
BLACK
6
CONTINUOUS
10
7.08641125984252
20
-1.337209527559055
11
7.0941624409448814
21
-1.3438296850393701
0
LINE
8
BLACK
6
CONTINUOUS
10
7.0941624409448814
20
-1.3438296850393701
11
7.1007825984251971
21
-1.3515808661417323
0
LINE
8
BLACK
6
CONTINUOUS
10
7.1007825984251971
20
-1.3515808661417323
11
7.1061087007874013
21
-1.3602722834645669
0
LINE
8
BLACK
6
CONTINUOUS
10
7.1061087007874013
20
-1.3602722834645669
11
7.1100095669291337
21
-1.3696898425196851
0
LINE
8
BLACK
6
CONTINUOUS
10
7.1100095669291337
20
-1.3696898425196851
11
7.1123892125984254
21
-1.3796016929133859
0
LINE
8
BLACK
6
CONTINUOUS
10
7.1123892125984254
20
-1.3796016929133859
11
7.1131889763779528
21
-1.389763779527559
0
LINE
8
BLACK
6
CONTINUOUS
10
7.1131889763779528
20
-1.389763779527559
11
7.1123892125984254
21
-1.3999258661417322
0
LINE
8
BLACK
6
CONTINUOUS
10
7.1123892125984254
20
-1.3999258661417322
11
7.1100095669291337
21
-1.409837716535433
0
LINE
8
BLACK
6
CONTINUOUS
10
7.1100095669291337
20
-1.409837716535433
11
7.1061087007874013
21
-1.4192552755905512
0
LINE
8
BLACK
6
CONTINUOUS
10
7.1061087007874013
20
-1.4192552755905512
11
7.1007825984251971
21
-1.4279466929133857
0
LINE
8
BLACK
6
CONTINUOUS
10
7.1007825984251971
20
-1.4279466929133857
11
7.0941624409448814
21
-1.435697874015748
0
LINE
8
BLACK
6
CONTINUOUS
10
7.0941624409448814
20
-1.435697874015748
11
7.08641125984252
21
-1.4423180314960629
0
LINE
8
BLACK
6
CONTINUOUS
10
7.08641125984252
20
-1.4423180314960629
11
7.0777198425196852
21
-1.4476441338582677
0
LINE
8
BLACK
6
CONTINUOUS
10
7.0777198425196852
20
-1.4476441338582677
11
7.0683022834645666
21
-1.4515449999999999
0
LINE
8
BLACK
6
CONTINUOUS
10
7.0683022834645666
20
-1.4515449999999999
11
7.0583904330708656
21
-1.4539246456692914
0
LINE
8
BLACK
6
CONTINUOUS
10
7.0583904330708656
20
-1.4539246456692914
11
7.0482283464566926
21
-1.4547244094488188
0
LINE
8
BLACK
6
CONTINUOUS
10
7.0482283464566926
20
-1.4547244094488188
11
7.0380662598425197
21
-1.4539246456692914
0
LINE
8
BLACK
6
CONTINUOUS
10
7.0380662598425197
20
-1.4539246456692914
11
7.0281544094488186
21
-1.4515449999999999
0
LINE
8
BLACK
6
CONTINUOUS
10
7.0281544094488186
20
-1.4515449999999999
11
7.0187368503937009
21
-1.4476441338582677
0
LINE
8
BLACK
6
CONTINUOUS
10
7.0187368503937009
20
-1.4476441338582677
11
7.0100454330708661
21
-1.4423180314960629
0
LINE
8
BLACK
6
CONTINUOUS
10
7.0100454330708661
20
-1.4423180314960629
11
7.0022942519685039
21
-1.435697874015748
0
LINE
8
BLACK
6
CONTINUOUS
10
7.0022942519685039
20
-1.435697874015748
11
6.995674094488189
21
-1.4279466929133857
0
LINE
8
BLACK
6
CONTINUOUS
10
6.995674094488189
20
-1.4279466929133857
11
6.9903479921259839
21
-1.4192552755905512
0
LINE
8
BLACK
6
CONTINUOUS
10
6.9903479921259839
20
-1.4192552755905512
11
6.9864471259842515
21
-1.409837716535433
0
LINE
8
BLACK
6
CONTINUOUS
10
6.9864471259842515
20
-1.409837716535433
11
6.9840674803149607
21
-1.3999258661417322
0
LINE
8
BLACK
6
CONTINUOUS
10
6.9840674803149607
20
-1.3999258661417322
11
6.9832677165354333
21
-1.389763779527559
0
LINE
8
BLACK
6
CONTINUOUS
10
6.9832677165354333
20
-1.389763779527559
11
6.9840674803149607
21
-1.3796016929133859
0
LINE
8
BLACK
6
CONTINUOUS
10
6.9840674803149607
20
-1.3796016929133859
11
6.9864471259842515
21
-1.3696898425196851
0
LINE
8
BLACK
6
CONTINUOUS
10
6.9864471259842515
20
-1.3696898425196851
11
6.9903479921259839
21
-1.3602722834645669
0
LINE
8
BLACK
6
CONTINUOUS
10
6.9903479921259839
20
-1.3602722834645669
11
6.995674094488189
21
-1.3515808661417323
0
LINE
8
BLACK
6
CONTINUOUS
10
6.995674094488189
20
-1.3515808661417323
11
7.0022942519685039
21
-1.3438296850393701
0
LINE
8
BLACK
6
CONTINUOUS
10
7.0022942519685039
20
-1.3438296850393701
11
7.0100454330708661
21
-1.337209527559055
0
LINE
8
BLACK
6
CONTINUOUS
10
7.0100454330708661
20
-1.337209527559055
11
7.0187368503937009
21
-1.3318834251968503
0
LINE
8
BLACK
6
CONTINUOUS
10
7.0187368503937009
20
-1.3318834251968503
11
7.0281544094488186
21
-1.327982559055118
0
LINE
8
BLACK
6
CONTINUOUS
10
7.0281544094488186
20
-1.327982559055118
11
7.0380662598425197
21
-1.3256029133858267
0
LINE
8
BLACK
6
CONTINUOUS
10
7.0380662598425197
20
-1.3256029133858267
11
7.0482283464566926
21
-1.3248031496062991
0
LINE
8
BLACK
6
CONTINUOUS
10
7.0482283464566926
20
-1.3248031496062991
11
7.0583904330708656
21
-1.3256029133858267
0
LINE
8
BLACK
6
CONTINUOUS
10
7.3969731102362202
20
-1.3256029133858267
11
7.4068849606299212
21
-1.327982559055118
0
LINE
8
BLACK
6
CONTINUOUS
10
7.4068849606299212
20
-1.327982559055118
11
7.416302519685039
21
-1.3318834251968503
0
LINE
8
BLACK
6
CONTINUOUS
10
7.416302519685039
20
-1.3318834251968503
11
7.4249939370078737
21
-1.337209527559055
0
LINE
8
BLACK
6
CONTINUOUS
10
7.4249939370078737
20
-1.337209527559055
11
7.432745118110236
21
-1.3438296850393701
0
LINE
8
BLACK
6
CONTINUOUS
10
7.432745118110236
20
-1.3438296850393701
11
7.4393652755905508
21
-1.3515808661417323
0
LINE
8
BLACK
6
CONTINUOUS
10
7.4393652755905508
20
-1.3515808661417323
11
7.4446913779527559
21
-1.3602722834645669
0
LINE
8
BLACK
6
CONTINUOUS
10
7.4446913779527559
20
-1.3602722834645669
11
7.4485922440944883
21
-1.3696898425196851
0
LINE
8
BLACK
6
CONTINUOUS
10
7.4485922440944883
20
-1.3696898425196851
11
7.4509718897637791
21
-1.3796016929133859
0
LINE
8
BLACK
6
CONTINUOUS
10
7.4509718897637791
20
-1.3796016929133859
11
7.4517716535433065
21
-1.389763779527559
0
LINE
8
BLACK
6
CONTINUOUS
10
7.4517716535433065
20
-1.389763779527559
11
7.4509718897637791
21
-1.3999258661417322
0
LINE
8
BLACK
6
CONTINUOUS
10
7.4509718897637791
20
-1.3999258661417322
11
7.4485922440944883
21
-1.409837716535433
0
LINE
8
BLACK
6
CONTINUOUS
10
7.4485922440944883
20
-1.409837716535433
11
7.4446913779527559
21
-1.4192552755905512
0
LINE
8
BLACK
6
CONTINUOUS
10
7.4446913779527559
20
-1.4192552755905512
11
7.4393652755905508
21
-1.4279466929133857
0
LINE
8
BLACK
6
CONTINUOUS
10
7.4393652755905508
20
-1.4279466929133857
11
7.432745118110236
21
-1.435697874015748
0
LINE
8
BLACK
6
CONTINUOUS
10
7.432745118110236
20
-1.435697874015748
11
7.4249939370078737
21
-1.4423180314960629
0
LINE
8
BLACK
6
CONTINUOUS
10
7.4249939370078737
20
-1.4423180314960629
11
7.416302519685039
21
-1.4476441338582677
0
LINE
8
BLACK
6
CONTINUOUS
10
7.416302519685039
20
-1.4476441338582677
11
7.4068849606299212
21
-1.4515449999999999
0
LINE
8
BLACK
6
CONTINUOUS
10
7.4068849606299212
20
-1.4515449999999999
11
7.3969731102362202
21
-1.4539246456692914
0
LINE
8
BLACK
6
CONTINUOUS
10
7.3969731102362202
20
-1.4539246456692914
11
7.3868110236220472
21
-1.4547244094488188
0
LINE
8
BLACK
6
CONTINUOUS
10
7.3868110236220472
20
-1.4547244094488188
11
7.3766489370078743
21
-1.4539246456692914
0
LINE
8
BLACK
6
CONTINUOUS
10
7.3766489370078743
20
-1.4539246456692914
11
7.3667370866141733
21
-1.4515449999999999
0
LINE
8
BLACK
6
CONTINUOUS
10
7.3667370866141733
20
-1.4515449999999999
11
7.3573195275590546
21
-1.4476441338582677
0
LINE
8
BLACK
6
CONTINUOUS
10
7.3573195275590546
20
-1.4476441338582677
11
7.3486281102362199
21
-1.4423180314960629
0
LINE
8
BLACK
6
CONTINUOUS
10
7.3486281102362199
20
-1.4423180314960629
11
7.3408769291338585
21
-1.435697874015748
0
LINE
8
BLACK
6
CONTINUOUS
10
7.3408769291338585
20
-1.435697874015748
11
7.3342567716535427
21
-1.4279466929133857
0
LINE
8
BLACK
6
CONTINUOUS
10
7.3342567716535427
20
-1.4279466929133857
11
7.3289306692913385
21
-1.4192552755905512
0
LINE
8
BLACK
6
CONTINUOUS
10
7.3289306692913385
20
-1.4192552755905512
11
7.3250298031496062
21
-1.409837716535433
0
LINE
8
BLACK
6
CONTINUOUS
10
7.3250298031496062
20
-1.409837716535433
11
7.3226501574803144
21
-1.3999258661417322
0
LINE
8
BLACK
6
CONTINUOUS
10
7.3226501574803144
20
-1.3999258661417322
11
7.3218503937007871
21
-1.389763779527559
0
LINE
8
BLACK
6
CONTINUOUS
10
7.3218503937007871
20
-1.389763779527559
11
7.3226501574803144
21
-1.3796016929133859
0
LINE
8
BLACK
6
CONTINUOUS
10
7.3226501574803144
20
-1.3796016929133859
11
7.3250298031496062
21
-1.3696898425196851
0
LINE
8
BLACK
6
CONTINUOUS
10
7.3250298031496062
20
-1.3696898425196851
11
7.3289306692913385
21
-1.3602722834645669
0
LINE
8
BLACK
6
CONTINUOUS
10
7.3289306692913385
20
-1.3602722834645669
11
7.3342567716535427
21
-1.3515808661417323
0
LINE
8
BLACK
6
CONTINUOUS
10
7.3342567716535427
20
-1.3515808661417323
11
7.3408769291338585
21
-1.3438296850393701
0
LINE
8
BLACK
6
CONTINUOUS
10
7.3408769291338585
20
-1.3438296850393701
11
7.3486281102362199
21
-1.337209527559055
0
LINE
8
BLACK
6
CONTINUOUS
10
7.3486281102362199
20
-1.337209527559055
11
7.3573195275590546
21
-1.3318834251968503
0
LINE
8
BLACK
6
CONTINUOUS
10
7.3573195275590546
20
-1.3318834251968503
11
7.3667370866141733
21
-1.327982559055118
0
LINE
8
BLACK
6
CONTINUOUS
10
7.3667370866141733
20
-1.327982559055118
11
7.3766489370078743
21
-1.3256029133858267
0
LINE
8
BLACK
6
CONTINUOUS
10
7.3766489370078743
20
-1.3256029133858267
11
7.3868110236220472
21
-1.3248031496062991
0
LINE
8
BLACK
6
CONTINUOUS
10
7.3868110236220472
20
-1.3248031496062991
11
7.3969731102362202
21
-1.3256029133858267
0
LINE
8
BLACK
6
CONTINUOUS
10
2.2857526377952757
20
-1.1248155118110237
11
2.2956644881889763
21
-1.127195157480315
0
LINE
8
BLACK
6
CONTINUOUS
10
2.2956644881889763
20
-1.127195157480315
11
2.3050820472440945
21
-1.1310960236220473
0
LINE
8
BLACK
6
CONTINUOUS
10
2.3050820472440945
20
-1.1310960236220473
11
2.3137734645669292
21
-1.136422125984252
0
LINE
8
BLACK
6
CONTINUOUS
10
2.3137734645669292
20
-1.136422125984252
11
2.3215246456692911
21
-1.1430422834645668
0
LINE
8
BLACK
6
CONTINUOUS
10
2.3215246456692911
20
-1.1430422834645668
11
2.3281448031496064
21
-1.1507934645669291
0
LINE
8
BLACK
6
CONTINUOUS
10
2.3281448031496064
20
-1.1507934645669291
11
2.333470905511811
21
-1.1594848818897638
0
LINE
8
BLACK
6
CONTINUOUS
10
2.333470905511811
20
-1.1594848818897638
11
2.3373717716535434
21
-1.1689024409448818
0
LINE
8
BLACK
6
CONTINUOUS
10
2.3373717716535434
20
-1.1689024409448818
11
2.3397514173228346
21
-1.1788142913385826
0
LINE
8
BLACK
6
CONTINUOUS
10
2.3397514173228346
20
-1.1788142913385826
11
2.340551181102362
21
-1.1889763779527558
0
LINE
8
BLACK
6
CONTINUOUS
10
2.340551181102362
20
-1.1889763779527558
11
2.3397514173228346
21
-1.1991384645669292
0
LINE
8
BLACK
6
CONTINUOUS
10
2.3397514173228346
20
-1.1991384645669292
11
2.3373717716535434
21
-1.20905031496063
0
LINE
8
BLACK
6
CONTINUOUS
10
2.3373717716535434
20
-1.20905031496063
11
2.333470905511811
21
-1.218467874015748
0
LINE
8
BLACK
6
CONTINUOUS
10
2.333470905511811
20
-1.218467874015748
11
2.3281448031496064
21
-1.2271592913385827
0
LINE
8
BLACK
6
CONTINUOUS
10
2.3281448031496064
20
-1.2271592913385827
11
2.3215246456692911
21
-1.2349104724409448
0
LINE
8
BLACK
6
CONTINUOUS
10
2.3215246456692911
20
-1.2349104724409448
11
2.3137734645669292
21
-1.2415306299212598
0
LINE
8
BLACK
6
CONTINUOUS
10
2.3137734645669292
20
-1.2415306299212598
11
2.3050820472440945
21
-1.2468567322834645
0
LINE
8
BLACK
6
CONTINUOUS
10
2.3050820472440945
20
-1.2468567322834645
11
2.2956644881889763
21
-1.2507575984251968
0
LINE
8
BLACK
6
CONTINUOUS
10
2.2956644881889763
20
-1.2507575984251968
11
2.2857526377952757
21
-1.2531372440944881
0
LINE
8
BLACK
6
CONTINUOUS
10
2.2857526377952757
20
-1.2531372440944881
11
2.2755905511811023
21
-1.2539370078740157
0
LINE
8
BLACK
6
CONTINUOUS
10
2.2755905511811023
20
-1.2539370078740157
11
2.2654284645669289
21
-1.2531372440944881
0
LINE
8
BLACK
6
CONTINUOUS
10
2.2654284645669289
20
-1.2531372440944881
11
2.2555166141732284
21
-1.2507575984251968
0
LINE
8
BLACK
6
CONTINUOUS
10
2.2555166141732284
20
-1.2507575984251968
11
2.2460990551181101
21
-1.2468567322834645
0
LINE
8
BLACK
6
CONTINUOUS
10
2.2460990551181101
20
-1.2468567322834645
11
2.2374076377952754
21
-1.2415306299212598
0
LINE
8
BLACK
6
CONTINUOUS
10
2.2374076377952754
20
-1.2415306299212598
11
2.2296564566929131
21
-1.2349104724409448
0
LINE
8
BLACK
6
CONTINUOUS
10
2.2296564566929131
20
-1.2349104724409448
11
2.2230362992125983
21
-1.2271592913385827
0
LINE
8
BLACK
6
CONTINUOUS
10
2.2230362992125983
20
-1.2271592913385827
11
2.2177101968503936
21
-1.218467874015748
0
LINE
8
BLACK
6
CONTINUOUS
10
2.2177101968503936
20
-1.218467874015748
11
2.2138093307086613
21
-1.20905031496063
0
LINE
8
BLACK
6
CONTINUOUS
10
2.2138093307086613
20
-1.20905031496063
11
2.21142968503937
21
-1.1991384645669292
0
LINE
8
BLACK
6
CONTINUOUS
10
2.21142968503937
20
-1.1991384645669292
11
2.2106299212598426
21
-1.1889763779527558
0
LINE
8
BLACK
6
CONTINUOUS
10
2.2106299212598426
20
-1.1889763779527558
11
2.21142968503937
21
-1.1788142913385826
0
LINE
8
BLACK
6
CONTINUOUS
10
2.21142968503937
20
-1.1788142913385826
11
2.2138093307086613
21
-1.1689024409448818
0
LINE
8
BLACK
6
CONTINUOUS
10
2.2138093307086613
20
-1.1689024409448818
11
2.2177101968503936
21
-1.1594848818897638
0
LINE
8
BLACK
6
CONTINUOUS
10
2.2177101968503936
20
-1.1594848818897638
11
2.2230362992125983
21
-1.1507934645669291
0
LINE
8
BLACK
6
CONTINUOUS
10
2.2230362992125983
20
-1.1507934645669291
11
2.2296564566929131
21
-1.1430422834645668
0
LINE
8
BLACK
6
CONTINUOUS
10
2.2296564566929131
20
-1.1430422834645668
11
2.2374076377952754
21
-1.136422125984252
0
LINE
8
BLACK
6
CONTINUOUS
10
2.2374076377952754
20
-1.136422125984252
11
2.2460990551181101
21
-1.1310960236220473
0
LINE
8
BLACK
6
CONTINUOUS
10
2.2460990551181101
20
-1.1310960236220473
11
2.2555166141732284
21
-1.127195157480315
0
LINE
8
BLACK
6
CONTINUOUS
10
2.2555166141732284
20
-1.127195157480315
11
2.2654284645669289
21
-1.1248155118110237
0
LINE
8
BLACK
6
CONTINUOUS
10
2.2654284645669289
20
-1.1248155118110237
11
2.2755905511811023
21
-1.1240157480314961
0
LINE
8
BLACK
6
CONTINUOUS
10
2.2755905511811023
20
-1.1240157480314961
11
2.2857526377952757
21
-1.1248155118110237
0
LINE
8
BLACK
6
CONTINUOUS
10
2.6243353149606299
20
-1.1248155118110237
11
2.6342471653543305
21
-1.127195157480315
0
LINE
8
BLACK
6
CONTINUOUS
10
2.6342471653543305
20
-1.127195157480315
11
2.6436647244094487
21
-1.1310960236220473
0
LINE
8
BLACK
6
CONTINUOUS
10
2.6436647244094487
20
-1.1310960236220473
11
2.6523561417322834
21
-1.136422125984252
0
LINE
8
BLACK
6
CONTINUOUS
10
2.6523561417322834
20
-1.136422125984252
11
2.6601073228346457
21
-1.1430422834645668
0
LINE
8
BLACK
6
CONTINUOUS
10
2.6601073228346457
20
-1.1430422834645668
11
2.6667274803149605
21
-1.1507934645669291
0
LINE
8
BLACK
6
CONTINUOUS
10
2.6667274803149605
20
-1.1507934645669291
11
2.6720535826771652
21
-1.1594848818897638
0
LINE
8
BLACK
6
CONTINUOUS
10
2.6720535826771652
20
-1.1594848818897638
11
2.6759544488188975
21
-1.1689024409448818
0
LINE
8
BLACK
6
CONTINUOUS
10
2.6759544488188975
20
-1.1689024409448818
11
2.6783340944881888
21
-1.1788142913385826
0
LINE
8
BLACK
6
CONTINUOUS
10
2.6783340944881888
20
-1.1788142913385826
11
2.6791338582677167
21
-1.1889763779527558
0
LINE
8
BLACK
6
CONTINUOUS
10
2.6791338582677167
20
-1.1889763779527558
11
2.6783340944881888
21
-1.1991384645669292
0
LINE
8
BLACK
6
CONTINUOUS
10
2.6783340944881888
20
-1.1991384645669292
11
2.6759544488188975
21
-1.20905031496063
0
LINE
8
BLACK
6
CONTINUOUS
10
2.6759544488188975
20
-1.20905031496063
11
2.6720535826771652
21
-1.218467874015748
0
LINE
8
BLACK
6
CONTINUOUS
10
2.6720535826771652
20
-1.218467874015748
11
2.6667274803149605
21
-1.2271592913385827
0
LINE
8
BLACK
6
CONTINUOUS
10
2.6667274803149605
20
-1.2271592913385827
11
2.6601073228346457
21
-1.2349104724409448
0
LINE
8
BLACK
6
CONTINUOUS
10
2.6601073228346457
20
-1.2349104724409448
11
2.6523561417322834
21
-1.2415306299212598
0
LINE
8
BLACK
6
CONTINUOUS
10
2.6523561417322834
20
-1.2415306299212598
11
2.6436647244094487
21
-1.2468567322834645
0
LINE
8
BLACK
6
CONTINUOUS
10
2.6436647244094487
20
-1.2468567322834645
11
2.6342471653543305
21
-1.2507575984251968
0
LINE
8
BLACK
6
CONTINUOUS
10
2.6342471653543305
20
-1.2507575984251968
11
2.6243353149606299
21
-1.2531372440944881
0
LINE
8
BLACK
6
CONTINUOUS
10
2.6243353149606299
20
-1.2531372440944881
11
2.6141732283464565
21
-1.2539370078740157
0
LINE
8
BLACK
6
CONTINUOUS
10
2.6141732283464565
20
-1.2539370078740157
11
2.6040111417322835
21
-1.2531372440944881
0
LINE
8
BLACK
6
CONTINUOUS
10
2.6040111417322835
20
-1.2531372440944881
11
2.5940992913385825
21
-1.2507575984251968
0
LINE
8
BLACK
6
CONTINUOUS
10
2.5940992913385825
20
-1.2507575984251968
11
2.5846817322834643
21
-1.2468567322834645
0
LINE
8
BLACK
6
CONTINUOUS
10
2.5846817322834643
20
-1.2468567322834645
11
2.57599031496063
21
-1.2415306299212598
0
LINE
8
BLACK
6
CONTINUOUS
10
2.57599031496063
20
-1.2415306299212598
11
2.5682391338582677
21
-1.2349104724409448
0
LINE
8
BLACK
6
CONTINUOUS
10
2.5682391338582677
20
-1.2349104724409448
11
2.5616189763779529
21
-1.2271592913385827
0
LINE
8
BLACK
6
CONTINUOUS
10
2.5616189763779529
20
-1.2271592913385827
11
2.5562928740157478
21
-1.218467874015748
0
LINE
8
BLACK
6
CONTINUOUS
10
2.5562928740157478
20
-1.218467874015748
11
2.5523920078740159
21
-1.20905031496063
0
LINE
8
BLACK
6
CONTINUOUS
10
2.5523920078740159
20
-1.20905031496063
11
2.5500123622047242
21
-1.1991384645669292
0
LINE
8
BLACK
6
CONTINUOUS
10
2.5500123622047242
20
-1.1991384645669292
11
2.5492125984251968
21
-1.1889763779527558
0
LINE
8
BLACK
6
CONTINUOUS
10
2.5492125984251968
20
-1.1889763779527558
11
2.5500123622047242
21
-1.1788142913385826
0
LINE
8
BLACK
6
CONTINUOUS
10
2.5500123622047242
20
-1.1788142913385826
11
2.5523920078740159
21
-1.1689024409448818
0
LINE
8
BLACK
6
CONTINUOUS
10
2.5523920078740159
20
-1.1689024409448818
11
2.5562928740157478
21
-1.1594848818897638
0
LINE
8
BLACK
6
CONTINUOUS
10
2.5562928740157478
20
-1.1594848818897638
11
2.5616189763779529
21
-1.1507934645669291
0
LINE
8
BLACK
6
CONTINUOUS
10
2.5616189763779529
20
-1.1507934645669291
11
2.5682391338582677
21
-1.1430422834645668
0
LINE
8
BLACK
6
CONTINUOUS
10
2.5682391338582677
20
-1.1430422834645668
11
2.57599031496063
21
-1.136422125984252
0
LINE
8
BLACK
6
CONTINUOUS
10
2.57599031496063
20
-1.136422125984252
11
2.5846817322834643
21
-1.1310960236220473
0
LINE
8
BLACK
6
CONTINUOUS
10
2.5846817322834643
20
-1.1310960236220473
11
2.5940992913385825
21
-1.127195157480315
0
LINE
8
BLACK
6
CONTINUOUS
10
2.5940992913385825
20
-1.127195157480315
11
2.6040111417322835
21
-1.1248155118110237
0
LINE
8
BLACK
6
CONTINUOUS
10
2.6040111417322835
20
-1.1248155118110237
11
2.6141732283464565
21
-1.1240157480314961
0
LINE
8
BLACK
6
CONTINUOUS
10
2.6141732283464565
20
-1.1240157480314961
11
2.6243353149606299
21
-1.1248155118110237
0
LINE
8
BLACK
6
CONTINUOUS
10
2.9629179921259841
20
-1.1248155118110237
11
2.9728298425196851
21
-1.127195157480315
0
LINE
8
BLACK
6
CONTINUOUS
10
2.9728298425196851
20
-1.127195157480315
11
2.9822474015748033
21
-1.1310960236220473
0
LINE
8
BLACK
6
CONTINUOUS
10
2.9822474015748033
20
-1.1310960236220473
11
2.9909388188976376
21
-1.136422125984252
0
LINE
8
BLACK
6
CONTINUOUS
10
2.9909388188976376
20
-1.136422125984252
11
2.9986899999999999
21
-1.1430422834645668
0
LINE
8
BLACK
6
CONTINUOUS
10
2.9986899999999999
20
-1.1430422834645668
11
3.0053101574803147
21
-1.1507934645669291
0
LINE
8
BLACK
6
CONTINUOUS
10
3.0053101574803147
20
-1.1507934645669291
11
3.0106362598425198
21
-1.1594848818897638
0
LINE
8
BLACK
6
CONTINUOUS
10
3.0106362598425198
20
-1.1594848818897638
11
3.0145371259842517
21
-1.1689024409448818
0
LINE
8
BLACK
6
CONTINUOUS
10
3.0145371259842517
20
-1.1689024409448818
11
3.0169167716535434
21
-1.1788142913385826
0
LINE
8
BLACK
6
CONTINUOUS
10
3.0169167716535434
20
-1.1788142913385826
11
3.0177165354330708
21
-1.1889763779527558
0
LINE
8
BLACK
6
CONTINUOUS
10
3.0177165354330708
20
-1.1889763779527558
11
3.0169167716535434
21
-1.1991384645669292
0
LINE
8
BLACK
6
CONTINUOUS
10
3.0169167716535434
20
-1.1991384645669292
11
3.0145371259842517
21
-1.20905031496063
0
LINE
8
BLACK
6
CONTINUOUS
10
3.0145371259842517
20
-1.20905031496063
11
3.0106362598425198
21
-1.218467874015748
0
LINE
8
BLACK
6
CONTINUOUS
10
3.0106362598425198
20
-1.218467874015748
11
3.0053101574803147
21
-1.2271592913385827
0
LINE
8
BLACK
6
CONTINUOUS
10
3.0053101574803147
20
-1.2271592913385827
11
2.9986899999999999
21
-1.2349104724409448
0
LINE
8
BLACK
6
CONTINUOUS
10
2.9986899999999999
20
-1.2349104724409448
11
2.9909388188976376
21
-1.2415306299212598
0
LINE
8
BLACK
6
CONTINUOUS
10
2.9909388188976376
20
-1.2415306299212598
11
2.9822474015748033
21
-1.2468567322834645
0
LINE
8
BLACK
6
CONTINUOUS
10
2.9822474015748033
20
-1.2468567322834645
11
2.9728298425196851
21
-1.2507575984251968
0
LINE
8
BLACK
6
CONTINUOUS
10
2.9728298425196851
20
-1.2507575984251968
11
2.9629179921259841
21
-1.2531372440944881
0
LINE
8
BLACK
6
CONTINUOUS
10
2.9629179921259841
20
-1.2531372440944881
11
2.9527559055118111
21
-1.2539370078740157
0
LINE
8
BLACK
6
CONTINUOUS
10
2.9527559055118111
20
-1.2539370078740157
11
2.9425938188976377
21
-1.2531372440944881
0
LINE
8
BLACK
6
CONTINUOUS
10
2.9425938188976377
20
-1.2531372440944881
11
2.9326819685039371
21
-1.2507575984251968
0
LINE
8
BLACK
6
CONTINUOUS
10
2.9326819685039371
20
-1.2507575984251968
11
2.9232644094488189
21
-1.2468567322834645
0
LINE
8
BLACK
6
CONTINUOUS
10
2.9232644094488189
20
-1.2468567322834645
11
2.9145729921259842
21
-1.2415306299212598
0
LINE
8
BLACK
6
CONTINUOUS
10
2.9145729921259842
20
-1.2415306299212598
11
2.9068218110236219
21
-1.2349104724409448
0
LINE
8
BLACK
6
CONTINUOUS
10
2.9068218110236219
20
-1.2349104724409448
11
2.9002016535433071
21
-1.2271592913385827
0
LINE
8
BLACK
6
CONTINUOUS
10
2.9002016535433071
20
-1.2271592913385827
11
2.8948755511811024
21
-1.218467874015748
0
LINE
8
BLACK
6
CONTINUOUS
10
2.8948755511811024
20
-1.218467874015748
11
2.8909746850393701
21
-1.20905031496063
0
LINE
8
BLACK
6
CONTINUOUS
10
2.8909746850393701
20
-1.20905031496063
11
2.8885950393700788
21
-1.1991384645669292
0
LINE
8
BLACK
6
CONTINUOUS
10
2.8885950393700788
20
-1.1991384645669292
11
2.8877952755905509
21
-1.1889763779527558
0
LINE
8
BLACK
6
CONTINUOUS
10
2.8877952755905509
20
-1.1889763779527558
11
2.8885950393700788
21
-1.1788142913385826
0
LINE
8
BLACK
6
CONTINUOUS
10
2.8885950393700788
20
-1.1788142913385826
11
2.8909746850393701
21
-1.1689024409448818
0
LINE
8
BLACK
6
CONTINUOUS
10
2.8909746850393701
20
-1.1689024409448818
11
2.8948755511811024
21
-1.1594848818897638
0
LINE
8
BLACK
6
CONTINUOUS
10
2.8948755511811024
20
-1.1594848818897638
11
2.9002016535433071
21
-1.1507934645669291
0
LINE
8
BLACK
6
CONTINUOUS
10
2.9002016535433071
20
-1.1507934645669291
11
2.9068218110236219
21
-1.1430422834645668
0
LINE
8
BLACK
6
CONTINUOUS
10
2.9068218110236219
20
-1.1430422834645668
11
2.9145729921259842
21
-1.136422125984252
0
LINE
8
BLACK
6
CONTINUOUS
10
2.9145729921259842
20
-1.136422125984252
11
2.9232644094488189
21
-1.1310960236220473
0
LINE
8
BLACK
6
CONTINUOUS
10
2.9232644094488189
20
-1.1310960236220473
11
2.9326819685039371
21
-1.127195157480315
0
LINE
8
BLACK
6
CONTINUOUS
10
2.9326819685039371
20
-1.127195157480315
11
2.9425938188976377
21
-1.1248155118110237
0
LINE
8
BLACK
6
CONTINUOUS
10
2.9425938188976377
20
-1.1248155118110237
11
2.9527559055118111
21
-1.1240157480314961
0
LINE
8
BLACK
6
CONTINUOUS
10
2.9527559055118111
20
-1.1240157480314961
11
2.9629179921259841
21
-1.1248155118110237
0
LINE
8
BLACK
6
CONTINUOUS
10
3.3015006692913387
20
-1.1248155118110237
11
3.3114125196850392
21
-1.127195157480315
0
LINE
8
BLACK
6
CONTINUOUS
10
3.3114125196850392
20
-1.127195157480315
11
3.3208300787401575
21
-1.1310960236220473
0
LINE
8
BLACK
6
CONTINUOUS
10
3.3208300787401575
20
-1.1310960236220473
11
3.3295214960629922
21
-1.136422125984252
0
LINE
8
BLACK
6
CONTINUOUS
10
3.3295214960629922
20
-1.136422125984252
11
3.3372726771653545
21
-1.1430422834645668
0
LINE
8
BLACK
6
CONTINUOUS
10
3.3372726771653545
20
-1.1430422834645668
11
3.3438928346456693
21
-1.1507934645669291
0
LINE
8
BLACK
6
CONTINUOUS
10
3.3438928346456693
20
-1.1507934645669291
11
3.349218937007874
21
-1.1594848818897638
0
LINE
8
BLACK
6
CONTINUOUS
10
3.349218937007874
20
-1.1594848818897638
11
3.3531198031496063
21
-1.1689024409448818
0
LINE
8
BLACK
6
CONTINUOUS
10
3.3531198031496063
20
-1.1689024409448818
11
3.3554994488188976
21
-1.1788142913385826
0
LINE
8
BLACK
6
CONTINUOUS
10
3.3554994488188976
20
-1.1788142913385826
11
3.356299212598425
21
-1.1889763779527558
0
LINE
8
BLACK
6
CONTINUOUS
10
3.356299212598425
20
-1.1889763779527558
11
3.3554994488188976
21
-1.1991384645669292
0
LINE
8
BLACK
6
CONTINUOUS
10
3.3554994488188976
20
-1.1991384645669292
11
3.3531198031496063
21
-1.20905031496063
0
LINE
8
BLACK
6
CONTINUOUS
10
3.3531198031496063
20
-1.20905031496063
11
3.349218937007874
21
-1.218467874015748
0
LINE
8
BLACK
6
CONTINUOUS
10
3.349218937007874
20
-1.218467874015748
11
3.3438928346456693
21
-1.2271592913385827
0
LINE
8
BLACK
6
CONTINUOUS
10
3.3438928346456693
20
-1.2271592913385827
11
3.3372726771653545
21
-1.2349104724409448
0
LINE
8
BLACK
6
CONTINUOUS
10
3.3372726771653545
20
-1.2349104724409448
11
3.3295214960629922
21
-1.2415306299212598
0
LINE
8
BLACK
6
CONTINUOUS
10
3.3295214960629922
20
-1.2415306299212598
11
3.3208300787401575
21
-1.2468567322834645
0
LINE
8
BLACK
6
CONTINUOUS
10
3.3208300787401575
20
-1.2468567322834645
11
3.3114125196850392
21
-1.2507575984251968
0
LINE
8
BLACK
6
CONTINUOUS
10
3.3114125196850392
20
-1.2507575984251968
11
3.3015006692913387
21
-1.2531372440944881
0
LINE
8
BLACK
6
CONTINUOUS
10
3.3015006692913387
20
-1.2531372440944881
11
3.2913385826771653
21
-1.2539370078740157
0
LINE
8
BLACK
6
CONTINUOUS
10
3.2913385826771653
20
-1.2539370078740157
11
3.2811764960629919
21
-1.2531372440944881
0
LINE
8
BLACK
6
CONTINUOUS
10
3.2811764960629919
20
-1.2531372440944881
11
3.2712646456692913
21
-1.2507575984251968
0
LINE
8
BLACK
6
CONTINUOUS
10
3.2712646456692913
20
-1.2507575984251968
11
3.2618470866141731
21
-1.2468567322834645
0
LINE
8
BLACK
6
CONTINUOUS
10
3.2618470866141731
20
-1.2468567322834645
11
3.2531556692913384
21
-1.2415306299212598
0
LINE
8
BLACK
6
CONTINUOUS
10
3.2531556692913384
20
-1.2415306299212598
11
3.2454044881889761
21
-1.2349104724409448
0
LINE
8
BLACK
6
CONTINUOUS
10
3.2454044881889761
20
-1.2349104724409448
11
3.2387843307086612
21
-1.2271592913385827
0
LINE
8
BLACK
6
CONTINUOUS
10
3.2387843307086612
20
-1.2271592913385827
11
3.2334582283464566
21
-1.218467874015748
0
LINE
8
BLACK
6
CONTINUOUS
10
3.2334582283464566
20
-1.218467874015748
11
3.2295573622047242
21
-1.20905031496063
0
LINE
8
BLACK
6
CONTINUOUS
10
3.2295573622047242
20
-1.20905031496063
11
3.2271777165354329
21
-1.1991384645669292
0
LINE
8
BLACK
6
CONTINUOUS
10
3.2271777165354329
20
-1.1991384645669292
11
3.2263779527559056
21
-1.1889763779527558
0
LINE
8
BLACK
6
CONTINUOUS
10
3.2263779527559056
20
-1.1889763779527558
11
3.2271777165354329
21
-1.1788142913385826
0
LINE
8
BLACK
6
CONTINUOUS
10
3.2271777165354329
20
-1.1788142913385826
11
3.2295573622047242
21
-1.1689024409448818
0
LINE
8
BLACK
6
CONTINUOUS
10
3.2295573622047242
20
-1.1689024409448818
11
3.2334582283464566
21
-1.1594848818897638
0
LINE
8
BLACK
6
CONTINUOUS
10
3.2334582283464566
20
-1.1594848818897638
11
3.2387843307086612
21
-1.1507934645669291
0
LINE
8
BLACK
6
CONTINUOUS
10
3.2387843307086612
20
-1.1507934645669291
11
3.2454044881889761
21
-1.1430422834645668
0
LINE
8
BLACK
6
CONTINUOUS
10
3.2454044881889761
20
-1.1430422834645668
11
3.2531556692913384
21
-1.136422125984252
0
LINE
8
BLACK
6
CONTINUOUS
10
3.2531556692913384
20
-1.136422125984252
11
3.2618470866141731
21
-1.1310960236220473
0
LINE
8
BLACK
6
CONTINUOUS
10
3.2618470866141731
20
-1.1310960236220473
11
3.2712646456692913
21
-1.127195157480315
0
LINE
8
BLACK
6
CONTINUOUS
10
3.2712646456692913
20
-1.127195157480315
11
3.2811764960629919
21
-1.1248155118110237
0
LINE
8
BLACK
6
CONTINUOUS
10
3.2811764960629919
20
-1.1248155118110237
11
3.2913385826771653
21
-1.1240157480314961
0
LINE
8
BLACK
6
CONTINUOUS
10
3.2913385826771653
20
-1.1240157480314961
11
3.3015006692913387
21
-1.1248155118110237
0
LINE
8
BLACK
6
CONTINUOUS
10
3.6400833464566928
20
-1.1248155118110237
11
3.6499951968503934
21
-1.127195157480315
0
LINE
8
BLACK
6
CONTINUOUS
10
3.6499951968503934
20
-1.127195157480315
11
3.6594127559055116
21
-1.1310960236220473
0
LINE
8
BLACK
6
CONTINUOUS
10
3.6594127559055116
20
-1.1310960236220473
11
3.6681041732283464
21
-1.136422125984252
0
LINE
8
BLACK
6
CONTINUOUS
10
3.6681041732283464
20
-1.136422125984252
11
3.6758553543307086
21
-1.1430422834645668
0
LINE
8
BLACK
6
CONTINUOUS
10
3.6758553543307086
20
-1.1430422834645668
11
3.6824755118110235
21
-1.1507934645669291
0
LINE
8
BLACK
6
CONTINUOUS
10
3.6824755118110235
20
-1.1507934645669291
11
3.6878016141732282
21
-1.1594848818897638
0
LINE
8
BLACK
6
CONTINUOUS
10
3.6878016141732282
20
-1.1594848818897638
11
3.6917024803149605
21
-1.1689024409448818
0
LINE
8
BLACK
6
CONTINUOUS
10
3.6917024803149605
20
-1.1689024409448818
11
3.6940821259842518
21
-1.1788142913385826
0
LINE
8
BLACK
6
CONTINUOUS
10
3.6940821259842518
20
-1.1788142913385826
11
3.6948818897637796
21
-1.1889763779527558
0
LINE
8
BLACK
6
CONTINUOUS
10
3.6948818897637796
20
-1.1889763779527558
11
3.6940821259842518
21
-1.1991384645669292
0
LINE
8
BLACK
6
CONTINUOUS
10
3.6940821259842518
20
-1.1991384645669292
11
3.6917024803149605
21
-1.20905031496063
0
LINE
8
BLACK
6
CONTINUOUS
10
3.6917024803149605
20
-1.20905031496063
11
3.6878016141732282
21
-1.218467874015748
0
LINE
8
BLACK
6
CONTINUOUS
10
3.6878016141732282
20
-1.218467874015748
11
3.6824755118110235
21
-1.2271592913385827
0
LINE
8
BLACK
6
CONTINUOUS
10
3.6824755118110235
20
-1.2271592913385827
11
3.6758553543307086
21
-1.2349104724409448
0
LINE
8
BLACK
6
CONTINUOUS
10
3.6758553543307086
20
-1.2349104724409448
11
3.6681041732283464
21
-1.2415306299212598
0
LINE
8
BLACK
6
CONTINUOUS
10
3.6681041732283464
20
-1.2415306299212598
11
3.6594127559055116
21
-1.2468567322834645
0
LINE
8
BLACK
6
CONTINUOUS
10
3.6594127559055116
20
-1.2468567322834645
11
3.6499951968503934
21
-1.2507575984251968
0
LINE
8
BLACK
6
CONTINUOUS
10
3.6499951968503934
20
-1.2507575984251968
11
3.6400833464566928
21
-1.2531372440944881
0
LINE
8
BLACK
6
CONTINUOUS
10
3.6400833464566928
20
-1.2531372440944881
11
3.6299212598425195
21
-1.2539370078740157
0
LINE
8
BLACK
6
CONTINUOUS
10
3.6299212598425195
20
-1.2539370078740157
11
3.6197591732283465
21
-1.2531372440944881
0
LINE
8
BLACK
6
CONTINUOUS
10
3.6197591732283465
20
-1.2531372440944881
11
3.6098473228346455
21
-1.2507575984251968
0
LINE
8
BLACK
6
CONTINUOUS
10
3.6098473228346455
20
-1.2507575984251968
11
3.6004297637795273
21
-1.2468567322834645
0
LINE
8
BLACK
6
CONTINUOUS
10
3.6004297637795273
20
-1.2468567322834645
11
3.591738346456693
21
-1.2415306299212598
0
LINE
8
BLACK
6
CONTINUOUS
10
3.591738346456693
20
-1.2415306299212598
11
3.5839871653543307
21
-1.2349104724409448
0
LINE
8
BLACK
6
CONTINUOUS
10
3.5839871653543307
20
-1.2349104724409448
11
3.5773670078740158
21
-1.2271592913385827
0
LINE
8
BLACK
6
CONTINUOUS
10
3.5773670078740158
20
-1.2271592913385827
11
3.5720409055118107
21
-1.218467874015748
0
LINE
8
BLACK
6
CONTINUOUS
10
3.5720409055118107
20
-1.218467874015748
11
3.5681400393700788
21
-1.20905031496063
0
LINE
8
BLACK
6
CONTINUOUS
10
3.5681400393700788
20
-1.20905031496063
11
3.5657603937007871
21
-1.1991384645669292
0
LINE
8
BLACK
6
CONTINUOUS
10
3.5657603937007871
20
-1.1991384645669292
11
3.5649606299212597
21
-1.1889763779527558
0
LINE
8
BLACK
6
CONTINUOUS
10
3.5649606299212597
20
-1.1889763779527558
11
3.5657603937007871
21
-1.1788142913385826
0
LINE
8
BLACK
6
CONTINUOUS
10
3.5657603937007871
20
-1.1788142913385826
11
3.5681400393700788
21
-1.1689024409448818
0
LINE
8
BLACK
6
CONTINUOUS
10
3.5681400393700788
20
-1.1689024409448818
11
3.5720409055118107
21
-1.1594848818897638
0
LINE
8
BLACK
6
CONTINUOUS
10
3.5720409055118107
20
-1.1594848818897638
11
3.5773670078740158
21
-1.1507934645669291
0
LINE
8
BLACK
6
CONTINUOUS
10
3.5773670078740158
20
-1.1507934645669291
11
3.5839871653543307
21
-1.1430422834645668
0
LINE
8
BLACK
6
CONTINUOUS
10
3.5839871653543307
20
-1.1430422834645668
11
3.591738346456693
21
-1.136422125984252
0
LINE
8
BLACK
6
CONTINUOUS
10
3.591738346456693
20
-1.136422125984252
11
3.6004297637795273
21
-1.1310960236220473
0
LINE
8
BLACK
6
CONTINUOUS
10
3.6004297637795273
20
-1.1310960236220473
11
3.6098473228346455
21
-1.127195157480315
0
LINE
8
BLACK
6
CONTINUOUS
10
3.6098473228346455
20
-1.127195157480315
11
3.6197591732283465
21
-1.1248155118110237
0
LINE
8
BLACK
6
CONTINUOUS
10
3.6197591732283465
20
-1.1248155118110237
11
3.6299212598425195
21
-1.1240157480314961
0
LINE
8
BLACK
6
CONTINUOUS
10
3.6299212598425195
20
-1.1240157480314961
11
3.6400833464566928
21
-1.1248155118110237
0
LINE
8
BLACK
6
CONTINUOUS
10
3.978666023622047
20
-1.1248155118110237
11
3.988577874015748
21
-1.127195157480315
0
LINE
8
BLACK
6
CONTINUOUS
10
3.988577874015748
20
-1.127195157480315
11
3.9979954330708662
21
-1.1310960236220473
0
LINE
8
BLACK
6
CONTINUOUS
10
3.9979954330708662
20
-1.1310960236220473
11
4.0066868503937005
21
-1.136422125984252
0
LINE
8
BLACK
6
CONTINUOUS
10
4.0066868503937005
20
-1.136422125984252
11
4.0144380314960628
21
-1.1430422834645668
0
LINE
8
BLACK
6
CONTINUOUS
10
4.0144380314960628
20
-1.1430422834645668
11
4.0210581889763777
21
-1.1507934645669291
0
LINE
8
BLACK
6
CONTINUOUS
10
4.0210581889763777
20
-1.1507934645669291
11
4.0263842913385828
21
-1.1594848818897638
0
LINE
8
BLACK
6
CONTINUOUS
10
4.0263842913385828
20
-1.1594848818897638
11
4.0302851574803151
21
-1.1689024409448818
0
LINE
8
BLACK
6
CONTINUOUS
10
4.0302851574803151
20
-1.1689024409448818
11
4.032664803149606
21
-1.1788142913385826
0
LINE
8
BLACK
6
CONTINUOUS
10
4.032664803149606
20
-1.1788142913385826
11
4.0334645669291334
21
-1.1889763779527558
0
LINE
8
BLACK
6
CONTINUOUS
10
4.0334645669291334
20
-1.1889763779527558
11
4.032664803149606
21
-1.1991384645669292
0
LINE
8
BLACK
6
CONTINUOUS
10
4.032664803149606
20
-1.1991384645669292
11
4.0302851574803151
21
-1.20905031496063
0
LINE
8
BLACK
6
CONTINUOUS
10
4.0302851574803151
20
-1.20905031496063
11
4.0263842913385828
21
-1.218467874015748
0
LINE
8
BLACK
6
CONTINUOUS
10
4.0263842913385828
20
-1.218467874015748
11
4.0210581889763777
21
-1.2271592913385827
0
LINE
8
BLACK
6
CONTINUOUS
10
4.0210581889763777
20
-1.2271592913385827
11
4.0144380314960628
21
-1.2349104724409448
0
LINE
8
BLACK
6
CONTINUOUS
10
4.0144380314960628
20
-1.2349104724409448
11
4.0066868503937005
21
-1.2415306299212598
0
LINE
8
BLACK
6
CONTINUOUS
10
4.0066868503937005
20
-1.2415306299212598
11
3.9979954330708662
21
-1.2468567322834645
0
LINE
8
BLACK
6
CONTINUOUS
10
3.9979954330708662
20
-1.2468567322834645
11
3.988577874015748
21
-1.2507575984251968
0
LINE
8
BLACK
6
CONTINUOUS
10
3.988577874015748
20
-1.2507575984251968
11
3.978666023622047
21
-1.2531372440944881
0
LINE
8
BLACK
6
CONTINUOUS
10
3.978666023622047
20
-1.2531372440944881
11
3.9685039370078741
21
-1.2539370078740157
0
LINE
8
BLACK
6
CONTINUOUS
10
3.9685039370078741
20
-1.2539370078740157
11
3.9583418503937007
21
-1.2531372440944881
0
LINE
8
BLACK
6
CONTINUOUS
10
3.9583418503937007
20
-1.2531372440944881
11
3.9484300000000001
21
-1.2507575984251968
0
LINE
8
BLACK
6
CONTINUOUS
10
3.9484300000000001
20
-1.2507575984251968
11
3.9390124409448819
21
-1.2468567322834645
0
LINE
8
BLACK
6
CONTINUOUS
10
3.9390124409448819
20
-1.2468567322834645
11
3.9303210236220472
21
-1.2415306299212598
0
LINE
8
BLACK
6
CONTINUOUS
10
3.9303210236220472
20
-1.2415306299212598
11
3.9225698425196849
21
-1.2349104724409448
0
LINE
8
BLACK
6
CONTINUOUS
10
3.9225698425196849
20
-1.2349104724409448
11
3.91594968503937
21
-1.2271592913385827
0
LINE
8
BLACK
6
CONTINUOUS
10
3.91594968503937
20
-1.2271592913385827
11
3.9106235826771654
21
-1.218467874015748
0
LINE
8
BLACK
6
CONTINUOUS
10
3.9106235826771654
20
-1.218467874015748
11
3.906722716535433
21
-1.20905031496063
0
LINE
8
BLACK
6
CONTINUOUS
10
3.906722716535433
20
-1.20905031496063
11
3.9043430708661417
21
-1.1991384645669292
0
LINE
8
BLACK
6
CONTINUOUS
10
3.9043430708661417
20
-1.1991384645669292
11
3.9035433070866139
21
-1.1889763779527558
0
LINE
8
BLACK
6
CONTINUOUS
10
3.9035433070866139
20
-1.1889763779527558
11
3.9043430708661417
21
-1.1788142913385826
0
LINE
8
BLACK
6
CONTINUOUS
10
3.9043430708661417
20
-1.1788142913385826
11
3.906722716535433
21
-1.1689024409448818
0
LINE
8
BLACK
6
CONTINUOUS
10
3.906722716535433
20
-1.1689024409448818
11
3.9106235826771654
21
-1.1594848818897638
0
LINE
8
BLACK
6
CONTINUOUS
10
3.9106235826771654
20
-1.1594848818897638
11
3.91594968503937
21
-1.1507934645669291
0
LINE
8
BLACK
6
CONTINUOUS
10
3.91594968503937
20
-1.1507934645669291
11
3.9225698425196849
21
-1.1430422834645668
0
LINE
8
BLACK
6
CONTINUOUS
10
3.9225698425196849
20
-1.1430422834645668
11
3.9303210236220472
21
-1.136422125984252
0
LINE
8
BLACK
6
CONTINUOUS
10
3.9303210236220472
20
-1.136422125984252
11
3.9390124409448819
21
-1.1310960236220473
0
LINE
8
BLACK
6
CONTINUOUS
10
3.9390124409448819
20
-1.1310960236220473
11
3.9484300000000001
21
-1.127195157480315
0
LINE
8
BLACK
6
CONTINUOUS
10
3.9484300000000001
20
-1.127195157480315
11
3.9583418503937007
21
-1.1248155118110237
0
LINE
8
BLACK
6
CONTINUOUS
10
3.9583418503937007
20
-1.1248155118110237
11
3.9685039370078741
21
-1.1240157480314961
0
LINE
8
BLACK
6
CONTINUOUS
10
3.9685039370078741
20
-1.1240157480314961
11
3.978666023622047
21
-1.1248155118110237
0
LINE
8
BLACK
6
CONTINUOUS
10
4.3172487007874016
20
-1.1248155118110237
11
4.3271605511811027
21
-1.127195157480315
0
LINE
8
BLACK
6
CONTINUOUS
10
4.3271605511811027
20
-1.127195157480315
11
4.3365781102362204
21
-1.1310960236220473
0
LINE
8
BLACK
6
CONTINUOUS
10
4.3365781102362204
20
-1.1310960236220473
11
4.3452695275590552
21
-1.136422125984252
0
LINE
8
BLACK
6
CONTINUOUS
10
4.3452695275590552
20
-1.136422125984252
11
4.3530207086614174
21
-1.1430422834645668
0
LINE
8
BLACK
6
CONTINUOUS
10
4.3530207086614174
20
-1.1430422834645668
11
4.3596408661417323
21
-1.1507934645669291
0
LINE
8
BLACK
6
CONTINUOUS
10
4.3596408661417323
20
-1.1507934645669291
11
4.3649669685039365
21
-1.1594848818897638
0
LINE
8
BLACK
6
CONTINUOUS
10
4.3649669685039365
20
-1.1594848818897638
11
4.3688678346456689
21
-1.1689024409448818
0
LINE
8
BLACK
6
CONTINUOUS
10
4.3688678346456689
20
-1.1689024409448818
11
4.3712474803149606
21
-1.1788142913385826
0
LINE
8
BLACK
6
CONTINUOUS
10
4.3712474803149606
20
-1.1788142913385826
11
4.372047244094488
21
-1.1889763779527558
0
LINE
8
BLACK
6
CONTINUOUS
10
4.372047244094488
20
-1.1889763779527558
11
4.3712474803149606
21
-1.1991384645669292
0
LINE
8
BLACK
6
CONTINUOUS
10
4.3712474803149606
20
-1.1991384645669292
11
4.3688678346456689
21
-1.20905031496063
0
LINE
8
BLACK
6
CONTINUOUS
10
4.3688678346456689
20
-1.20905031496063
11
4.3649669685039365
21
-1.218467874015748
0
LINE
8
BLACK
6
CONTINUOUS
10
4.3649669685039365
20
-1.218467874015748
11
4.3596408661417323
21
-1.2271592913385827
0
LINE
8
BLACK
6
CONTINUOUS
10
4.3596408661417323
20
-1.2271592913385827
11
4.3530207086614174
21
-1.2349104724409448
0
LINE
8
BLACK
6
CONTINUOUS
10
4.3530207086614174
20
-1.2349104724409448
11
4.3452695275590552
21
-1.2415306299212598
0
LINE
8
BLACK
6
CONTINUOUS
10
4.3452695275590552
20
-1.2415306299212598
11
4.3365781102362204
21
-1.2468567322834645
0
LINE
8
BLACK
6
CONTINUOUS
10
4.3365781102362204
20
-1.2468567322834645
11
4.3271605511811027
21
-1.2507575984251968
0
LINE
8
BLACK
6
CONTINUOUS
10
4.3271605511811027
20
-1.2507575984251968
11
4.3172487007874016
21
-1.2531372440944881
0
LINE
8
BLACK
6
CONTINUOUS
10
4.3172487007874016
20
-1.2531372440944881
11
4.3070866141732287
21
-1.2539370078740157
0
LINE
8
BLACK
6
CONTINUOUS
10
4.3070866141732287
20
-1.2539370078740157
11
4.2969245275590549
21
-1.2531372440944881
0
LINE
8
BLACK
6
CONTINUOUS
10
4.2969245275590549
20
-1.2531372440944881
11
4.2870126771653538
21
-1.2507575984251968
0
LINE
8
BLACK
6
CONTINUOUS
10
4.2870126771653538
20
-1.2507575984251968
11
4.2775951181102361
21
-1.2468567322834645
0
LINE
8
BLACK
6
CONTINUOUS
10
4.2775951181102361
20
-1.2468567322834645
11
4.2689037007874013
21
-1.2415306299212598
0
LINE
8
BLACK
6
CONTINUOUS
10
4.2689037007874013
20
-1.2415306299212598
11
4.2611525196850391
21
-1.2349104724409448
0
LINE
8
BLACK
6
CONTINUOUS
10
4.2611525196850391
20
-1.2349104724409448
11
4.2545323622047242
21
-1.2271592913385827
0
LINE
8
BLACK
6
CONTINUOUS
10
4.2545323622047242
20
-1.2271592913385827
11
4.24920625984252
21
-1.218467874015748
0
LINE
8
BLACK
6
CONTINUOUS
10
4.24920625984252
20
-1.218467874015748
11
4.2453053937007876
21
-1.20905031496063
0
LINE
8
BLACK
6
CONTINUOUS
10
4.2453053937007876
20
-1.20905031496063
11
4.2429257480314959
21
-1.1991384645669292
0
LINE
8
BLACK
6
CONTINUOUS
10
4.2429257480314959
20
-1.1991384645669292
11
4.2421259842519685
21
-1.1889763779527558
0
LINE
8
BLACK
6
CONTINUOUS
10
4.2421259842519685
20
-1.1889763779527558
11
4.2429257480314959
21
-1.1788142913385826
0
LINE
8
BLACK
6
CONTINUOUS
10
4.2429257480314959
20
-1.1788142913385826
11
4.2453053937007876
21
-1.1689024409448818
0
LINE
8
BLACK
6
CONTINUOUS
10
4.2453053937007876
20
-1.1689024409448818
11
4.24920625984252
21
-1.1594848818897638
0
LINE
8
BLACK
6
CONTINUOUS
10
4.24920625984252
20
-1.1594848818897638
11
4.2545323622047242
21
-1.1507934645669291
0
LINE
8
BLACK
6
CONTINUOUS
10
4.2545323622047242
20
-1.1507934645669291
11
4.2611525196850391
21
-1.1430422834645668
0
LINE
8
BLACK
6
CONTINUOUS
10
4.2611525196850391
20
-1.1430422834645668
11
4.2689037007874013
21
-1.136422125984252
0
LINE
8
BLACK
6
CONTINUOUS
10
4.2689037007874013
20
-1.136422125984252
11
4.2775951181102361
21
-1.1310960236220473
0
LINE
8
BLACK
6
CONTINUOUS
10
4.2775951181102361
20
-1.1310960236220473
11
4.2870126771653538
21
-1.127195157480315
0
LINE
8
BLACK
6
CONTINUOUS
10
4.2870126771653538
20
-1.127195157480315
11
4.2969245275590549
21
-1.1248155118110237
0
LINE
8
BLACK
6
CONTINUOUS
10
4.2969245275590549
20
-1.1248155118110237
11
4.3070866141732287
21
-1.1240157480314961
0
LINE
8
BLACK
6
CONTINUOUS
10
4.3070866141732287
20
-1.1240157480314961
11
4.3172487007874016
21
-1.1248155118110237
0
LINE
8
BLACK
6
CONTINUOUS
10
4.99441405511811
20
-1.1248155118110237
11
5.004325905511811
21
-1.127195157480315
0
LINE
8
BLACK
6
CONTINUOUS
10
5.004325905511811
20
-1.127195157480315
11
5.0137434645669288
21
-1.1310960236220473
0
LINE
8
BLACK
6
CONTINUOUS
10
5.0137434645669288
20
-1.1310960236220473
11
5.0224348818897635
21
-1.136422125984252
0
LINE
8
BLACK
6
CONTINUOUS
10
5.0224348818897635
20
-1.136422125984252
11
5.0301860629921258
21
-1.1430422834645668
0
LINE
8
BLACK
6
CONTINUOUS
10
5.0301860629921258
20
-1.1430422834645668
11
5.0368062204724406
21
-1.1507934645669291
0
LINE
8
BLACK
6
CONTINUOUS
10
5.0368062204724406
20
-1.1507934645669291
11
5.0421323228346457
21
-1.1594848818897638
0
LINE
8
BLACK
6
CONTINUOUS
10
5.0421323228346457
20
-1.1594848818897638
11
5.0460331889763781
21
-1.1689024409448818
0
LINE
8
BLACK
6
CONTINUOUS
10
5.0460331889763781
20
-1.1689024409448818
11
5.0484128346456689
21
-1.1788142913385826
0
LINE
8
BLACK
6
CONTINUOUS
10
5.0484128346456689
20
-1.1788142913385826
11
5.0492125984251963
21
-1.1889763779527558
0
LINE
8
BLACK
6
CONTINUOUS
10
5.0492125984251963
20
-1.1889763779527558
11
5.0484128346456689
21
-1.1991384645669292
0
LINE
8
BLACK
6
CONTINUOUS
10
5.0484128346456689
20
-1.1991384645669292
11
5.0460331889763781
21
-1.20905031496063
0
LINE
8
BLACK
6
CONTINUOUS
10
5.0460331889763781
20
-1.20905031496063
11
5.0421323228346457
21
-1.218467874015748
0
LINE
8
BLACK
6
CONTINUOUS
10
5.0421323228346457
20
-1.218467874015748
11
5.0368062204724406
21
-1.2271592913385827
0
LINE
8
BLACK
6
CONTINUOUS
10
5.0368062204724406
20
-1.2271592913385827
11
5.0301860629921258
21
-1.2349104724409448
0
LINE
8
BLACK
6
CONTINUOUS
10
5.0301860629921258
20
-1.2349104724409448
11
5.0224348818897635
21
-1.2415306299212598
0
LINE
8
BLACK
6
CONTINUOUS
10
5.0224348818897635
20
-1.2415306299212598
11
5.0137434645669288
21
-1.2468567322834645
0
LINE
8
BLACK
6
CONTINUOUS
10
5.0137434645669288
20
-1.2468567322834645
11
5.004325905511811
21
-1.2507575984251968
0
LINE
8
BLACK
6
CONTINUOUS
10
5.004325905511811
20
-1.2507575984251968
11
4.99441405511811
21
-1.2531372440944881
0
LINE
8
BLACK
6
CONTINUOUS
10
4.99441405511811
20
-1.2531372440944881
11
4.984251968503937
21
-1.2539370078740157
0
LINE
8
BLACK
6
CONTINUOUS
10
4.984251968503937
20
-1.2539370078740157
11
4.9740898818897641
21
-1.2531372440944881
0
LINE
8
BLACK
6
CONTINUOUS
10
4.9740898818897641
20
-1.2531372440944881
11
4.9641780314960631
21
-1.2507575984251968
0
LINE
8
BLACK
6
CONTINUOUS
10
4.9641780314960631
20
-1.2507575984251968
11
4.9547604724409444
21
-1.2468567322834645
0
LINE
8
BLACK
6
CONTINUOUS
10
4.9547604724409444
20
-1.2468567322834645
11
4.9460690551181097
21
-1.2415306299212598
0
LINE
8
BLACK
6
CONTINUOUS
10
4.9460690551181097
20
-1.2415306299212598
11
4.9383178740157483
21
-1.2349104724409448
0
LINE
8
BLACK
6
CONTINUOUS
10
4.9383178740157483
20
-1.2349104724409448
11
4.9316977165354325
21
-1.2271592913385827
0
LINE
8
BLACK
6
CONTINUOUS
10
4.9316977165354325
20
-1.2271592913385827
11
4.9263716141732283
21
-1.218467874015748
0
LINE
8
BLACK
6
CONTINUOUS
10
4.9263716141732283
20
-1.218467874015748
11
4.922470748031496
21
-1.20905031496063
0
LINE
8
BLACK
6
CONTINUOUS
10
4.922470748031496
20
-1.20905031496063
11
4.9200911023622043
21
-1.1991384645669292
0
LINE
8
BLACK
6
CONTINUOUS
10
4.9200911023622043
20
-1.1991384645669292
11
4.9192913385826769
21
-1.1889763779527558
0
LINE
8
BLACK
6
CONTINUOUS
10
4.9192913385826769
20
-1.1889763779527558
11
4.9200911023622043
21
-1.1788142913385826
0
LINE
8
BLACK
6
CONTINUOUS
10
4.9200911023622043
20
-1.1788142913385826
11
4.922470748031496
21
-1.1689024409448818
0
LINE
8
BLACK
6
CONTINUOUS
10
4.922470748031496
20
-1.1689024409448818
11
4.9263716141732283
21
-1.1594848818897638
0
LINE
8
BLACK
6
CONTINUOUS
10
4.9263716141732283
20
-1.1594848818897638
11
4.9316977165354325
21
-1.1507934645669291
0
LINE
8
BLACK
6
CONTINUOUS
10
4.9316977165354325
20
-1.1507934645669291
11
4.9383178740157483
21
-1.1430422834645668
0
LINE
8
BLACK
6
CONTINUOUS
10
4.9383178740157483
20
-1.1430422834645668
11
4.9460690551181097
21
-1.136422125984252
0
LINE
8
BLACK
6
CONTINUOUS
10
4.9460690551181097
20
-1.136422125984252
11
4.9547604724409444
21
-1.1310960236220473
0
LINE
8
BLACK
6
CONTINUOUS
10
4.9547604724409444
20
-1.1310960236220473
11
4.9641780314960631
21
-1.127195157480315
0
LINE
8
BLACK
6
CONTINUOUS
10
4.9641780314960631
20
-1.127195157480315
11
4.9740898818897641
21
-1.1248155118110237
0
LINE
8
BLACK
6
CONTINUOUS
10
4.9740898818897641
20
-1.1248155118110237
11
4.984251968503937
21
-1.1240157480314961
0
LINE
8
BLACK
6
CONTINUOUS
10
4.984251968503937
20
-1.1240157480314961
11
4.99441405511811
21
-1.1248155118110237
0
LINE
8
BLACK
6
CONTINUOUS
10
5.3329967322834646
20
-1.1248155118110237
11
5.3429085826771656
21
-1.127195157480315
0
LINE
8
BLACK
6
CONTINUOUS
10
5.3429085826771656
20
-1.127195157480315
11
5.3523261417322834
21
-1.1310960236220473
0
LINE
8
BLACK
6
CONTINUOUS
10
5.3523261417322834
20
-1.1310960236220473
11
5.3610175590551181
21
-1.136422125984252
0
LINE
8
BLACK
6
CONTINUOUS
10
5.3610175590551181
20
-1.136422125984252
11
5.3687687401574804
21
-1.1430422834645668
0
LINE
8
BLACK
6
CONTINUOUS
10
5.3687687401574804
20
-1.1430422834645668
11
5.3753888976377953
21
-1.1507934645669291
0
LINE
8
BLACK
6
CONTINUOUS
10
5.3753888976377953
20
-1.1507934645669291
11
5.3807149999999995
21
-1.1594848818897638
0
LINE
8
BLACK
6
CONTINUOUS
10
5.3807149999999995
20
-1.1594848818897638
11
5.3846158661417318
21
-1.1689024409448818
0
LINE
8
BLACK
6
CONTINUOUS
10
5.3846158661417318
20
-1.1689024409448818
11
5.3869955118110235
21
-1.1788142913385826
0
LINE
8
BLACK
6
CONTINUOUS
10
5.3869955118110235
20
-1.1788142913385826
11
5.3877952755905509
21
-1.1889763779527558
0
LINE
8
BLACK
6
CONTINUOUS
10
5.3877952755905509
20
-1.1889763779527558
11
5.3869955118110235
21
-1.1991384645669292
0
LINE
8
BLACK
6
CONTINUOUS
10
5.3869955118110235
20
-1.1991384645669292
11
5.3846158661417318
21
-1.20905031496063
0
LINE
8
BLACK
6
CONTINUOUS
10
5.3846158661417318
20
-1.20905031496063
11
5.3807149999999995
21
-1.218467874015748
0
LINE
8
BLACK
6
CONTINUOUS
10
5.3807149999999995
20
-1.218467874015748
11
5.3753888976377953
21
-1.2271592913385827
0
LINE
8
BLACK
6
CONTINUOUS
10
5.3753888976377953
20
-1.2271592913385827
11
5.3687687401574804
21
-1.2349104724409448
0
LINE
8
BLACK
6
CONTINUOUS
10
5.3687687401574804
20
-1.2349104724409448
11
5.3610175590551181
21
-1.2415306299212598
0
LINE
8
BLACK
6
CONTINUOUS
10
5.3610175590551181
20
-1.2415306299212598
11
5.3523261417322834
21
-1.2468567322834645
0
LINE
8
BLACK
6
CONTINUOUS
10
5.3523261417322834
20
-1.2468567322834645
11
5.3429085826771656
21
-1.2507575984251968
0
LINE
8
BLACK
6
CONTINUOUS
10
5.3429085826771656
20
-1.2507575984251968
11
5.3329967322834646
21
-1.2531372440944881
0
LINE
8
BLACK
6
CONTINUOUS
10
5.3329967322834646
20
-1.2531372440944881
11
5.3228346456692917
21
-1.2539370078740157
0
LINE
8
BLACK
6
CONTINUOUS
10
5.3228346456692917
20
-1.2539370078740157
11
5.3126725590551178
21
-1.2531372440944881
0
LINE
8
BLACK
6
CONTINUOUS
10
5.3126725590551178
20
-1.2531372440944881
11
5.3027607086614168
21
-1.2507575984251968
0
LINE
8
BLACK
6
CONTINUOUS
10
5.3027607086614168
20
-1.2507575984251968
11
5.293343149606299
21
-1.2468567322834645
0
LINE
8
BLACK
6
CONTINUOUS
10
5.293343149606299
20
-1.2468567322834645
11
5.2846517322834643
21
-1.2415306299212598
0
LINE
8
BLACK
6
CONTINUOUS
10
5.2846517322834643
20
-1.2415306299212598
11
5.276900551181102
21
-1.2349104724409448
0
LINE
8
BLACK
6
CONTINUOUS
10
5.276900551181102
20
-1.2349104724409448
11
5.2702803937007872
21
-1.2271592913385827
0
LINE
8
BLACK
6
CONTINUOUS
10
5.2702803937007872
20
-1.2271592913385827
11
5.2649542913385829
21
-1.218467874015748
0
LINE
8
BLACK
6
CONTINUOUS
10
5.2649542913385829
20
-1.218467874015748
11
5.2610534251968506
21
-1.20905031496063
0
LINE
8
BLACK
6
CONTINUOUS
10
5.2610534251968506
20
-1.20905031496063
11
5.2586737795275589
21
-1.1991384645669292
0
LINE
8
BLACK
6
CONTINUOUS
10
5.2586737795275589
20
-1.1991384645669292
11
5.2578740157480315
21
-1.1889763779527558
0
LINE
8
BLACK
6
CONTINUOUS
10
5.2578740157480315
20
-1.1889763779527558
11
5.2586737795275589
21
-1.1788142913385826
0
LINE
8
BLACK
6
CONTINUOUS
10
5.2586737795275589
20
-1.1788142913385826
11
5.2610534251968506
21
-1.1689024409448818
0
LINE
8
BLACK
6
CONTINUOUS
10
5.2610534251968506
20
-1.1689024409448818
11
5.2649542913385829
21
-1.1594848818897638
0
LINE
8
BLACK
6
CONTINUOUS
10
5.2649542913385829
20
-1.1594848818897638
11
5.2702803937007872
21
-1.1507934645669291
0
LINE
8
BLACK
6
CONTINUOUS
10
5.2702803937007872
20
-1.1507934645669291
11
5.276900551181102
21
-1.1430422834645668
0
LINE
8
BLACK
6
CONTINUOUS
10
5.276900551181102
20
-1.1430422834645668
11
5.2846517322834643
21
-1.136422125984252
0
LINE
8
BLACK
6
CONTINUOUS
10
5.2846517322834643
20
-1.136422125984252
11
5.293343149606299
21
-1.1310960236220473
0
LINE
8
BLACK
6
CONTINUOUS
10
5.293343149606299
20
-1.1310960236220473
11
5.3027607086614168
21
-1.127195157480315
0
LINE
8
BLACK
6
CONTINUOUS
10
5.3027607086614168
20
-1.127195157480315
11
5.3126725590551178
21
-1.1248155118110237
0
LINE
8
BLACK
6
CONTINUOUS
10
5.3126725590551178
20
-1.1248155118110237
11
5.3228346456692917
21
-1.1240157480314961
0
LINE
8
BLACK
6
CONTINUOUS
10
5.3228346456692917
20
-1.1240157480314961
11
5.3329967322834646
21
-1.1248155118110237
0
LINE
8
BLACK
6
CONTINUOUS
10
5.6879179921259837
20
-1.1248155118110237
11
5.6978298425196847
21
-1.127195157480315
0
LINE
8
BLACK
6
CONTINUOUS
10
5.6978298425196847
20
-1.127195157480315
11
5.7072474015748034
21
-1.1310960236220473
0
LINE
8
BLACK
6
CONTINUOUS
10
5.7072474015748034
20
-1.1310960236220473
11
5.7159388188976381
21
-1.136422125984252
0
LINE
8
BLACK
6
CONTINUOUS
10
5.7159388188976381
20
-1.136422125984252
11
5.7236899999999995
21
-1.1430422834645668
0
LINE
8
BLACK
6
CONTINUOUS
10
5.7236899999999995
20
-1.1430422834645668
11
5.7303101574803152
21
-1.1507934645669291
0
LINE
8
BLACK
6
CONTINUOUS
10
5.7303101574803152
20
-1.1507934645669291
11
5.7356362598425195
21
-1.1594848818897638
0
LINE
8
BLACK
6
CONTINUOUS
10
5.7356362598425195
20
-1.1594848818897638
11
5.7395371259842518
21
-1.1689024409448818
0
LINE
8
BLACK
6
CONTINUOUS
10
5.7395371259842518
20
-1.1689024409448818
11
5.7419167716535435
21
-1.1788142913385826
0
LINE
8
BLACK
6
CONTINUOUS
10
5.7419167716535435
20
-1.1788142913385826
11
5.7427165354330709
21
-1.1889763779527558
0
LINE
8
BLACK
6
CONTINUOUS
10
5.7427165354330709
20
-1.1889763779527558
11
5.7419167716535435
21
-1.1991384645669292
0
LINE
8
BLACK
6
CONTINUOUS
10
5.7419167716535435
20
-1.1991384645669292
11
5.7395371259842518
21
-1.20905031496063
0
LINE
8
BLACK
6
CONTINUOUS
10
5.7395371259842518
20
-1.20905031496063
11
5.7356362598425195
21
-1.218467874015748
0
LINE
8
BLACK
6
CONTINUOUS
10
5.7356362598425195
20
-1.218467874015748
11
5.7303101574803152
21
-1.2271592913385827
0
LINE
8
BLACK
6
CONTINUOUS
10
5.7303101574803152
20
-1.2271592913385827
11
5.7236899999999995
21
-1.2349104724409448
0
LINE
8
BLACK
6
CONTINUOUS
10
5.7236899999999995
20
-1.2349104724409448
11
5.7159388188976381
21
-1.2415306299212598
0
LINE
8
BLACK
6
CONTINUOUS
10
5.7159388188976381
20
-1.2415306299212598
11
5.7072474015748034
21
-1.2468567322834645
0
LINE
8
BLACK
6
CONTINUOUS
10
5.7072474015748034
20
-1.2468567322834645
11
5.6978298425196847
21
-1.2507575984251968
0
LINE
8
BLACK
6
CONTINUOUS
10
5.6978298425196847
20
-1.2507575984251968
11
5.6879179921259837
21
-1.2531372440944881
0
LINE
8
BLACK
6
CONTINUOUS
10
5.6879179921259837
20
-1.2531372440944881
11
5.6777559055118108
21
-1.2539370078740157
0
LINE
8
BLACK
6
CONTINUOUS
10
5.6777559055118108
20
-1.2539370078740157
11
5.6675938188976378
21
-1.2531372440944881
0
LINE
8
BLACK
6
CONTINUOUS
10
5.6675938188976378
20
-1.2531372440944881
11
5.6576819685039368
21
-1.2507575984251968
0
LINE
8
BLACK
6
CONTINUOUS
10
5.6576819685039368
20
-1.2507575984251968
11
5.648264409448819
21
-1.2468567322834645
0
LINE
8
BLACK
6
CONTINUOUS
10
5.648264409448819
20
-1.2468567322834645
11
5.6395729921259843
21
-1.2415306299212598
0
LINE
8
BLACK
6
CONTINUOUS
10
5.6395729921259843
20
-1.2415306299212598
11
5.631821811023622
21
-1.2349104724409448
0
LINE
8
BLACK
6
CONTINUOUS
10
5.631821811023622
20
-1.2349104724409448
11
5.6252016535433071
21
-1.2271592913385827
0
LINE
8
BLACK
6
CONTINUOUS
10
5.6252016535433071
20
-1.2271592913385827
11
5.619875551181102
21
-1.218467874015748
0
LINE
8
BLACK
6
CONTINUOUS
10
5.619875551181102
20
-1.218467874015748
11
5.6159746850393697
21
-1.20905031496063
0
LINE
8
BLACK
6
CONTINUOUS
10
5.6159746850393697
20
-1.20905031496063
11
5.6135950393700789
21
-1.1991384645669292
0
LINE
8
BLACK
6
CONTINUOUS
10
5.6135950393700789
20
-1.1991384645669292
11
5.6127952755905515
21
-1.1889763779527558
0
LINE
8
BLACK
6
CONTINUOUS
10
5.6127952755905515
20
-1.1889763779527558
11
5.6135950393700789
21
-1.1788142913385826
0
LINE
8
BLACK
6
CONTINUOUS
10
5.6135950393700789
20
-1.1788142913385826
11
5.6159746850393697
21
-1.1689024409448818
0
LINE
8
BLACK
6
CONTINUOUS
10
5.6159746850393697
20
-1.1689024409448818
11
5.619875551181102
21
-1.1594848818897638
0
LINE
8
BLACK
6
CONTINUOUS
10
5.619875551181102
20
-1.1594848818897638
11
5.6252016535433071
21
-1.1507934645669291
0
LINE
8
BLACK
6
CONTINUOUS
10
5.6252016535433071
20
-1.1507934645669291
11
5.631821811023622
21
-1.1430422834645668
0
LINE
8
BLACK
6
CONTINUOUS
10
5.631821811023622
20
-1.1430422834645668
11
5.6395729921259843
21
-1.136422125984252
0
LINE
8
BLACK
6
CONTINUOUS
10
5.6395729921259843
20
-1.136422125984252
11
5.648264409448819
21
-1.1310960236220473
0
LINE
8
BLACK
6
CONTINUOUS
10
5.648264409448819
20
-1.1310960236220473
11
5.6576819685039368
21
-1.127195157480315
0
LINE
8
BLACK
6
CONTINUOUS
10
5.6576819685039368
20
-1.127195157480315
11
5.6675938188976378
21
-1.1248155118110237
0
LINE
8
BLACK
6
CONTINUOUS
10
5.6675938188976378
20
-1.1248155118110237
11
5.6777559055118108
21
-1.1240157480314961
0
LINE
8
BLACK
6
CONTINUOUS
10
5.6777559055118108
20
-1.1240157480314961
11
5.6879179921259837
21
-1.1248155118110237
0
LINE
8
BLACK
6
CONTINUOUS
10
6.0265006692913383
20
-1.1248155118110237
11
6.0364125196850393
21
-1.127195157480315
0
LINE
8
BLACK
6
CONTINUOUS
10
6.0364125196850393
20
-1.127195157480315
11
6.0458300787401571
21
-1.1310960236220473
0
LINE
8
BLACK
6
CONTINUOUS
10
6.0458300787401571
20
-1.1310960236220473
11
6.0545214960629918
21
-1.136422125984252
0
LINE
8
BLACK
6
CONTINUOUS
10
6.0545214960629918
20
-1.136422125984252
11
6.0622726771653541
21
-1.1430422834645668
0
LINE
8
BLACK
6
CONTINUOUS
10
6.0622726771653541
20
-1.1430422834645668
11
6.068892834645669
21
-1.1507934645669291
0
LINE
8
BLACK
6
CONTINUOUS
10
6.068892834645669
20
-1.1507934645669291
11
6.0742189370078741
21
-1.1594848818897638
0
LINE
8
BLACK
6
CONTINUOUS
10
6.0742189370078741
20
-1.1594848818897638
11
6.0781198031496064
21
-1.1689024409448818
0
LINE
8
BLACK
6
CONTINUOUS
10
6.0781198031496064
20
-1.1689024409448818
11
6.0804994488188973
21
-1.1788142913385826
0
LINE
8
BLACK
6
CONTINUOUS
10
6.0804994488188973
20
-1.1788142913385826
11
6.0812992125984247
21
-1.1889763779527558
0
LINE
8
BLACK
6
CONTINUOUS
10
6.0812992125984247
20
-1.1889763779527558
11
6.0804994488188973
21
-1.1991384645669292
0
LINE
8
BLACK
6
CONTINUOUS
10
6.0804994488188973
20
-1.1991384645669292
11
6.0781198031496064
21
-1.20905031496063
0
LINE
8
BLACK
6
CONTINUOUS
10
6.0781198031496064
20
-1.20905031496063
11
6.0742189370078741
21
-1.218467874015748
0
LINE
8
BLACK
6
CONTINUOUS
10
6.0742189370078741
20
-1.218467874015748
11
6.068892834645669
21
-1.2271592913385827
0
LINE
8
BLACK
6
CONTINUOUS
10
6.068892834645669
20
-1.2271592913385827
11
6.0622726771653541
21
-1.2349104724409448
0
LINE
8
BLACK
6
CONTINUOUS
10
6.0622726771653541
20
-1.2349104724409448
11
6.0545214960629918
21
-1.2415306299212598
0
LINE
8
BLACK
6
CONTINUOUS
10
6.0545214960629918
20
-1.2415306299212598
11
6.0458300787401571
21
-1.2468567322834645
0
LINE
8
BLACK
6
CONTINUOUS
10
6.0458300787401571
20
-1.2468567322834645
11
6.0364125196850393
21
-1.2507575984251968
0
LINE
8
BLACK
6
CONTINUOUS
10
6.0364125196850393
20
-1.2507575984251968
11
6.0265006692913383
21
-1.2531372440944881
0
LINE
8
BLACK
6
CONTINUOUS
10
6.0265006692913383
20
-1.2531372440944881
11
6.0163385826771654
21
-1.2539370078740157
0
LINE
8
BLACK
6
CONTINUOUS
10
6.0163385826771654
20
-1.2539370078740157
11
6.0061764960629924
21
-1.2531372440944881
0
LINE
8
BLACK
6
CONTINUOUS
10
6.0061764960629924
20
-1.2531372440944881
11
5.9962646456692914
21
-1.2507575984251968
0
LINE
8
BLACK
6
CONTINUOUS
10
5.9962646456692914
20
-1.2507575984251968
11
5.9868470866141728
21
-1.2468567322834645
0
LINE
8
BLACK
6
CONTINUOUS
10
5.9868470866141728
20
-1.2468567322834645
11
5.978155669291338
21
-1.2415306299212598
0
LINE
8
BLACK
6
CONTINUOUS
10
5.978155669291338
20
-1.2415306299212598
11
5.9704044881889766
21
-1.2349104724409448
0
LINE
8
BLACK
6
CONTINUOUS
10
5.9704044881889766
20
-1.2349104724409448
11
5.9637843307086609
21
-1.2271592913385827
0
LINE
8
BLACK
6
CONTINUOUS
10
5.9637843307086609
20
-1.2271592913385827
11
5.9584582283464567
21
-1.218467874015748
0
LINE
8
BLACK
6
CONTINUOUS
10
5.9584582283464567
20
-1.218467874015748
11
5.9545573622047243
21
-1.20905031496063
0
LINE
8
BLACK
6
CONTINUOUS
10
5.9545573622047243
20
-1.20905031496063
11
5.9521777165354326
21
-1.1991384645669292
0
LINE
8
BLACK
6
CONTINUOUS
10
5.9521777165354326
20
-1.1991384645669292
11
5.9513779527559052
21
-1.1889763779527558
0
LINE
8
BLACK
6
CONTINUOUS
10
5.9513779527559052
20
-1.1889763779527558
11
5.9521777165354326
21
-1.1788142913385826
0
LINE
8
BLACK
6
CONTINUOUS
10
5.9521777165354326
20
-1.1788142913385826
11
5.9545573622047243
21
-1.1689024409448818
0
LINE
8
BLACK
6
CONTINUOUS
10
5.9545573622047243
20
-1.1689024409448818
11
5.9584582283464567
21
-1.1594848818897638
0
LINE
8
BLACK
6
CONTINUOUS
10
5.9584582283464567
20
-1.1594848818897638
11
5.9637843307086609
21
-1.1507934645669291
0
LINE
8
BLACK
6
CONTINUOUS
10
5.9637843307086609
20
-1.1507934645669291
11
5.9704044881889766
21
-1.1430422834645668
0
LINE
8
BLACK
6
CONTINUOUS
10
5.9704044881889766
20
-1.1430422834645668
11
5.978155669291338
21
-1.136422125984252
0
LINE
8
BLACK
6
CONTINUOUS
10
5.978155669291338
20
-1.136422125984252
11
5.9868470866141728
21
-1.1310960236220473
0
LINE
8
BLACK
6
CONTINUOUS
10
5.9868470866141728
20
-1.1310960236220473
11
5.9962646456692914
21
-1.127195157480315
0
LINE
8
BLACK
6
CONTINUOUS
10
5.9962646456692914
20
-1.127195157480315
11
6.0061764960629924
21
-1.1248155118110237
0
LINE
8
BLACK
6
CONTINUOUS
10
6.0061764960629924
20
-1.1248155118110237
11
6.0163385826771654
21
-1.1240157480314961
0
LINE
8
BLACK
6
CONTINUOUS
10
6.0163385826771654
20
-1.1240157480314961
11
6.0265006692913383
21
-1.1248155118110237
0
LINE
8
BLACK
6
CONTINUOUS
10
6.3650833464566929
20
-1.1248155118110237
11
6.374995196850394
21
-1.127195157480315
0
LINE
8
BLACK
6
CONTINUOUS
10
6.374995196850394
20
-1.127195157480315
11
6.3844127559055117
21
-1.1310960236220473
0
LINE
8
BLACK
6
CONTINUOUS
10
6.3844127559055117
20
-1.1310960236220473
11
6.3931041732283465
21
-1.136422125984252
0
LINE
8
BLACK
6
CONTINUOUS
10
6.3931041732283465
20
-1.136422125984252
11
6.4008553543307087
21
-1.1430422834645668
0
LINE
8
BLACK
6
CONTINUOUS
10
6.4008553543307087
20
-1.1430422834645668
11
6.4074755118110236
21
-1.1507934645669291
0
LINE
8
BLACK
6
CONTINUOUS
10
6.4074755118110236
20
-1.1507934645669291
11
6.4128016141732278
21
-1.1594848818897638
0
LINE
8
BLACK
6
CONTINUOUS
10
6.4128016141732278
20
-1.1594848818897638
11
6.4167024803149602
21
-1.1689024409448818
0
LINE
8
BLACK
6
CONTINUOUS
10
6.4167024803149602
20
-1.1689024409448818
11
6.4190821259842519
21
-1.1788142913385826
0
LINE
8
BLACK
6
CONTINUOUS
10
6.4190821259842519
20
-1.1788142913385826
11
6.4198818897637793
21
-1.1889763779527558
0
LINE
8
BLACK
6
CONTINUOUS
10
6.4198818897637793
20
-1.1889763779527558
11
6.4190821259842519
21
-1.1991384645669292
0
LINE
8
BLACK
6
CONTINUOUS
10
6.4190821259842519
20
-1.1991384645669292
11
6.4167024803149602
21
-1.20905031496063
0
LINE
8
BLACK
6
CONTINUOUS
10
6.4167024803149602
20
-1.20905031496063
11
6.4128016141732278
21
-1.218467874015748
0
LINE
8
BLACK
6
CONTINUOUS
10
6.4128016141732278
20
-1.218467874015748
11
6.4074755118110236
21
-1.2271592913385827
0
LINE
8
BLACK
6
CONTINUOUS
10
6.4074755118110236
20
-1.2271592913385827
11
6.4008553543307087
21
-1.2349104724409448
0
LINE
8
BLACK
6
CONTINUOUS
10
6.4008553543307087
20
-1.2349104724409448
11
6.3931041732283465
21
-1.2415306299212598
0
LINE
8
BLACK
6
CONTINUOUS
10
6.3931041732283465
20
-1.2415306299212598
11
6.3844127559055117
21
-1.2468567322834645
0
LINE
8
BLACK
6
CONTINUOUS
10
6.3844127559055117
20
-1.2468567322834645
11
6.374995196850394
21
-1.2507575984251968
0
LINE
8
BLACK
6
CONTINUOUS
10
6.374995196850394
20
-1.2507575984251968
11
6.3650833464566929
21
-1.2531372440944881
0
LINE
8
BLACK
6
CONTINUOUS
10
6.3650833464566929
20
-1.2531372440944881
11
6.3549212598425191
21
-1.2539370078740157
0
LINE
8
BLACK
6
CONTINUOUS
10
6.3549212598425191
20
-1.2539370078740157
11
6.3447591732283461
21
-1.2531372440944881
0
LINE
8
BLACK
6
CONTINUOUS
10
6.3447591732283461
20
-1.2531372440944881
11
6.3348473228346451
21
-1.2507575984251968
0
LINE
8
BLACK
6
CONTINUOUS
10
6.3348473228346451
20
-1.2507575984251968
11
6.3254297637795274
21
-1.2468567322834645
0
LINE
8
BLACK
6
CONTINUOUS
10
6.3254297637795274
20
-1.2468567322834645
11
6.3167383464566926
21
-1.2415306299212598
0
LINE
8
BLACK
6
CONTINUOUS
10
6.3167383464566926
20
-1.2415306299212598
11
6.3089871653543304
21
-1.2349104724409448
0
LINE
8
BLACK
6
CONTINUOUS
10
6.3089871653543304
20
-1.2349104724409448
11
6.3023670078740155
21
-1.2271592913385827
0
LINE
8
BLACK
6
CONTINUOUS
10
6.3023670078740155
20
-1.2271592913385827
11
6.2970409055118113
21
-1.218467874015748
0
LINE
8
BLACK
6
CONTINUOUS
10
6.2970409055118113
20
-1.218467874015748
11
6.2931400393700789
21
-1.20905031496063
0
LINE
8
BLACK
6
CONTINUOUS
10
6.2931400393700789
20
-1.20905031496063
11
6.2907603937007872
21
-1.1991384645669292
0
LINE
8
BLACK
6
CONTINUOUS
10
6.2907603937007872
20
-1.1991384645669292
11
6.2899606299212598
21
-1.1889763779527558
0
LINE
8
BLACK
6
CONTINUOUS
10
6.2899606299212598
20
-1.1889763779527558
11
6.2907603937007872
21
-1.1788142913385826
0
LINE
8
BLACK
6
CONTINUOUS
10
6.2907603937007872
20
-1.1788142913385826
11
6.2931400393700789
21
-1.1689024409448818
0
LINE
8
BLACK
6
CONTINUOUS
10
6.2931400393700789
20
-1.1689024409448818
11
6.2970409055118113
21
-1.1594848818897638
0
LINE
8
BLACK
6
CONTINUOUS
10
6.2970409055118113
20
-1.1594848818897638
11
6.3023670078740155
21
-1.1507934645669291
0
LINE
8
BLACK
6
CONTINUOUS
10
6.3023670078740155
20
-1.1507934645669291
11
6.3089871653543304
21
-1.1430422834645668
0
LINE
8
BLACK
6
CONTINUOUS
10
6.3089871653543304
20
-1.1430422834645668
11
6.3167383464566926
21
-1.136422125984252
0
LINE
8
BLACK
6
CONTINUOUS
10
6.3167383464566926
20
-1.136422125984252
11
6.3254297637795274
21
-1.1310960236220473
0
LINE
8
BLACK
6
CONTINUOUS
10
6.3254297637795274
20
-1.1310960236220473
11
6.3348473228346451
21
-1.127195157480315
0
LINE
8
BLACK
6
CONTINUOUS
10
6.3348473228346451
20
-1.127195157480315
11
6.3447591732283461
21
-1.1248155118110237
0
LINE
8
BLACK
6
CONTINUOUS
10
6.3447591732283461
20
-1.1248155118110237
11
6.3549212598425191
21
-1.1240157480314961
0
LINE
8
BLACK
6
CONTINUOUS
10
6.3549212598425191
20
-1.1240157480314961
11
6.3650833464566929
21
-1.1248155118110237
0
LINE
8
BLACK
6
CONTINUOUS
10
6.7198077559055118
20
-1.1248155118110237
11
6.7297196062992128
21
-1.127195157480315
0
LINE
8
BLACK
6
CONTINUOUS
10
6.7297196062992128
20
-1.127195157480315
11
6.7391371653543306
21
-1.1310960236220473
0
LINE
8
BLACK
6
CONTINUOUS
10
6.7391371653543306
20
-1.1310960236220473
11
6.7478285826771653
21
-1.136422125984252
0
LINE
8
BLACK
6
CONTINUOUS
10
6.7478285826771653
20
-1.136422125984252
11
6.7555797637795276
21
-1.1430422834645668
0
LINE
8
BLACK
6
CONTINUOUS
10
6.7555797637795276
20
-1.1430422834645668
11
6.7621999212598425
21
-1.1507934645669291
0
LINE
8
BLACK
6
CONTINUOUS
10
6.7621999212598425
20
-1.1507934645669291
11
6.7675260236220467
21
-1.1594848818897638
0
LINE
8
BLACK
6
CONTINUOUS
10
6.7675260236220467
20
-1.1594848818897638
11
6.771426889763779
21
-1.1689024409448818
0
LINE
8
BLACK
6
CONTINUOUS
10
6.771426889763779
20
-1.1689024409448818
11
6.7738065354330708
21
-1.1788142913385826
0
LINE
8
BLACK
6
CONTINUOUS
10
6.7738065354330708
20
-1.1788142913385826
11
6.7746062992125982
21
-1.1889763779527558
0
LINE
8
BLACK
6
CONTINUOUS
10
6.7746062992125982
20
-1.1889763779527558
11
6.7738065354330708
21
-1.1991384645669292
0
LINE
8
BLACK
6
CONTINUOUS
10
6.7738065354330708
20
-1.1991384645669292
11
6.771426889763779
21
-1.20905031496063
0
LINE
8
BLACK
6
CONTINUOUS
10
6.771426889763779
20
-1.20905031496063
11
6.7675260236220467
21
-1.218467874015748
0
LINE
8
BLACK
6
CONTINUOUS
10
6.7675260236220467
20
-1.218467874015748
11
6.7621999212598425
21
-1.2271592913385827
0
LINE
8
BLACK
6
CONTINUOUS
10
6.7621999212598425
20
-1.2271592913385827
11
6.7555797637795276
21
-1.2349104724409448
0
LINE
8
BLACK
6
CONTINUOUS
10
6.7555797637795276
20
-1.2349104724409448
11
6.7478285826771653
21
-1.2415306299212598
0
LINE
8
BLACK
6
CONTINUOUS
10
6.7478285826771653
20
-1.2415306299212598
11
6.7391371653543306
21
-1.2468567322834645
0
LINE
8
BLACK
6
CONTINUOUS
10
6.7391371653543306
20
-1.2468567322834645
11
6.7297196062992128
21
-1.2507575984251968
0
LINE
8
BLACK
6
CONTINUOUS
10
6.7297196062992128
20
-1.2507575984251968
11
6.7198077559055118
21
-1.2531372440944881
0
LINE
8
BLACK
6
CONTINUOUS
10
6.7198077559055118
20
-1.2531372440944881
11
6.709645669291338
21
-1.2539370078740157
0
LINE
8
BLACK
6
CONTINUOUS
10
6.709645669291338
20
-1.2539370078740157
11
6.699483582677165
21
-1.2531372440944881
0
LINE
8
BLACK
6
CONTINUOUS
10
6.699483582677165
20
-1.2531372440944881
11
6.689571732283464
21
-1.2507575984251968
0
LINE
8
BLACK
6
CONTINUOUS
10
6.689571732283464
20
-1.2507575984251968
11
6.6801541732283463
21
-1.2468567322834645
0
LINE
8
BLACK
6
CONTINUOUS
10
6.6801541732283463
20
-1.2468567322834645
11
6.6714627559055115
21
-1.2415306299212598
0
LINE
8
BLACK
6
CONTINUOUS
10
6.6714627559055115
20
-1.2415306299212598
11
6.6637115748031492
21
-1.2349104724409448
0
LINE
8
BLACK
6
CONTINUOUS
10
6.6637115748031492
20
-1.2349104724409448
11
6.6570914173228344
21
-1.2271592913385827
0
LINE
8
BLACK
6
CONTINUOUS
10
6.6570914173228344
20
-1.2271592913385827
11
6.6517653149606302
21
-1.218467874015748
0
LINE
8
BLACK
6
CONTINUOUS
10
6.6517653149606302
20
-1.218467874015748
11
6.6478644488188978
21
-1.20905031496063
0
LINE
8
BLACK
6
CONTINUOUS
10
6.6478644488188978
20
-1.20905031496063
11
6.6454848031496061
21
-1.1991384645669292
0
LINE
8
BLACK
6
CONTINUOUS
10
6.6454848031496061
20
-1.1991384645669292
11
6.6446850393700787
21
-1.1889763779527558
0
LINE
8
BLACK
6
CONTINUOUS
10
6.6446850393700787
20
-1.1889763779527558
11
6.6454848031496061
21
-1.1788142913385826
0
LINE
8
BLACK
6
CONTINUOUS
10
6.6454848031496061
20
-1.1788142913385826
11
6.6478644488188978
21
-1.1689024409448818
0
LINE
8
BLACK
6
CONTINUOUS
10
6.6478644488188978
20
-1.1689024409448818
11
6.6517653149606302
21
-1.1594848818897638
0
LINE
8
BLACK
6
CONTINUOUS
10
6.6517653149606302
20
-1.1594848818897638
11
6.6570914173228344
21
-1.1507934645669291
0
LINE
8
BLACK
6
CONTINUOUS
10
6.6570914173228344
20
-1.1507934645669291
11
6.6637115748031492
21
-1.1430422834645668
0
LINE
8
BLACK
6
CONTINUOUS
10
6.6637115748031492
20
-1.1430422834645668
11
6.6714627559055115
21
-1.136422125984252
0
LINE
8
BLACK
6
CONTINUOUS
10
6.6714627559055115
20
-1.136422125984252
11
6.6801541732283463
21
-1.1310960236220473
0
LINE
8
BLACK
6
CONTINUOUS
10
6.6801541732283463
20
-1.1310960236220473
11
6.689571732283464
21
-1.127195157480315
0
LINE
8
BLACK
6
CONTINUOUS
10
6.689571732283464
20
-1.127195157480315
11
6.699483582677165
21
-1.1248155118110237
0
LINE
8
BLACK
6
CONTINUOUS
10
6.699483582677165
20
-1.1248155118110237
11
6.709645669291338
21
-1.1240157480314961
0
LINE
8
BLACK
6
CONTINUOUS
10
6.709645669291338
20
-1.1240157480314961
11
6.7198077559055118
21
-1.1248155118110237
0
LINE
8
BLACK
6
CONTINUOUS
10
7.0583904330708656
20
-1.1248155118110237
11
7.0683022834645666
21
-1.127195157480315
0
LINE
8
BLACK
6
CONTINUOUS
10
7.0683022834645666
20
-1.127195157480315
11
7.0777198425196852
21
-1.1310960236220473
0
LINE
8
BLACK
6
CONTINUOUS
10
7.0777198425196852
20
-1.1310960236220473
11
7.08641125984252
21
-1.136422125984252
0
LINE
8
BLACK
6
CONTINUOUS
10
7.08641125984252
20
-1.136422125984252
11
7.0941624409448814
21
-1.1430422834645668
0
LINE
8
BLACK
6
CONTINUOUS
10
7.0941624409448814
20
-1.1430422834645668
11
7.1007825984251971
21
-1.1507934645669291
0
LINE
8
BLACK
6
CONTINUOUS
10
7.1007825984251971
20
-1.1507934645669291
11
7.1061087007874013
21
-1.1594848818897638
0
LINE
8
BLACK
6
CONTINUOUS
10
7.1061087007874013
20
-1.1594848818897638
11
7.1100095669291337
21
-1.1689024409448818
0
LINE
8
BLACK
6
CONTINUOUS
10
7.1100095669291337
20
-1.1689024409448818
11
7.1123892125984254
21
-1.1788142913385826
0
LINE
8
BLACK
6
CONTINUOUS
10
7.1123892125984254
20
-1.1788142913385826
11
7.1131889763779528
21
-1.1889763779527558
0
LINE
8
BLACK
6
CONTINUOUS
10
7.1131889763779528
20
-1.1889763779527558
11
7.1123892125984254
21
-1.1991384645669292
0
LINE
8
BLACK
6
CONTINUOUS
10
7.1123892125984254
20
-1.1991384645669292
11
7.1100095669291337
21
-1.20905031496063
0
LINE
8
BLACK
6
CONTINUOUS
10
7.1100095669291337
20
-1.20905031496063
11
7.1061087007874013
21
-1.218467874015748
0
LINE
8
BLACK
6
CONTINUOUS
10
7.1061087007874013
20
-1.218467874015748
11
7.1007825984251971
21
-1.2271592913385827
0
LINE
8
BLACK
6
CONTINUOUS
10
7.1007825984251971
20
-1.2271592913385827
11
7.0941624409448814
21
-1.2349104724409448
0
LINE
8
BLACK
6
CONTINUOUS
10
7.0941624409448814
20
-1.2349104724409448
11
7.08641125984252
21
-1.2415306299212598
0
LINE
8
BLACK
6
CONTINUOUS
10
7.08641125984252
20
-1.2415306299212598
11
7.0777198425196852
21
-1.2468567322834645
0
LINE
8
BLACK
6
CONTINUOUS
10
7.0777198425196852
20
-1.2468567322834645
11
7.0683022834645666
21
-1.2507575984251968
0
LINE
8
BLACK
6
CONTINUOUS
10
7.0683022834645666
20
-1.2507575984251968
11
7.0583904330708656
21
-1.2531372440944881
0
LINE
8
BLACK
6
CONTINUOUS
10
7.0583904330708656
20
-1.2531372440944881
11
7.0482283464566926
21
-1.2539370078740157
0
LINE
8
BLACK
6
CONTINUOUS
10
7.0482283464566926
20
-1.2539370078740157
11
7.0380662598425197
21
-1.2531372440944881
0
LINE
8
BLACK
6
CONTINUOUS
10
7.0380662598425197
20
-1.2531372440944881
11
7.0281544094488186
21
-1.2507575984251968
0
LINE
8
BLACK
6
CONTINUOUS
10
7.0281544094488186
20
-1.2507575984251968
11
7.0187368503937009
21
-1.2468567322834645
0
LINE
8
BLACK
6
CONTINUOUS
10
7.0187368503937009
20
-1.2468567322834645
11
7.0100454330708661
21
-1.2415306299212598
0
LINE
8
BLACK
6
CONTINUOUS
10
7.0100454330708661
20
-1.2415306299212598
11
7.0022942519685039
21
-1.2349104724409448
0
LINE
8
BLACK
6
CONTINUOUS
10
7.0022942519685039
20
-1.2349104724409448
11
6.995674094488189
21
-1.2271592913385827
0
LINE
8
BLACK
6
CONTINUOUS
10
6.995674094488189
20
-1.2271592913385827
11
6.9903479921259839
21
-1.218467874015748
0
LINE
8
BLACK
6
CONTINUOUS
10
6.9903479921259839
20
-1.218467874015748
11
6.9864471259842515
21
-1.20905031496063
0
LINE
8
BLACK
6
CONTINUOUS
10
6.9864471259842515
20
-1.20905031496063
11
6.9840674803149607
21
-1.1991384645669292
0
LINE
8
BLACK
6
CONTINUOUS
10
6.9840674803149607
20
-1.1991384645669292
11
6.9832677165354333
21
-1.1889763779527558
0
LINE
8
BLACK
6
CONTINUOUS
10
6.9832677165354333
20
-1.1889763779527558
11
6.9840674803149607
21
-1.1788142913385826
0
LINE
8
BLACK
6
CONTINUOUS
10
6.9840674803149607
20
-1.1788142913385826
11
6.9864471259842515
21
-1.1689024409448818
0
LINE
8
BLACK
6
CONTINUOUS
10
6.9864471259842515
20
-1.1689024409448818
11
6.9903479921259839
21
-1.1594848818897638
0
LINE
8
BLACK
6
CONTINUOUS
10
6.9903479921259839
20
-1.1594848818897638
11
6.995674094488189
21
-1.1507934645669291
0
LINE
8
BLACK
6
CONTINUOUS
10
6.995674094488189
20
-1.1507934645669291
11
7.0022942519685039
21
-1.1430422834645668
0
LINE
8
BLACK
6
CONTINUOUS
10
7.0022942519685039
20
-1.1430422834645668
11
7.0100454330708661
21
-1.136422125984252
0
LINE
8
BLACK
6
CONTINUOUS
10
7.0100454330708661
20
-1.136422125984252
11
7.0187368503937009
21
-1.1310960236220473
0
LINE
8
BLACK
6
CONTINUOUS
10
7.0187368503937009
20
-1.1310960236220473
11
7.0281544094488186
21
-1.127195157480315
0
LINE
8
BLACK
6
CONTINUOUS
10
7.0281544094488186
20
-1.127195157480315
11
7.0380662598425197
21
-1.1248155118110237
0
LINE
8
BLACK
6
CONTINUOUS
10
7.0380662598425197
20
-1.1248155118110237
11
7.0482283464566926
21
-1.1240157480314961
0
LINE
8
BLACK
6
CONTINUOUS
10
7.0482283464566926
20
-1.1240157480314961
11
7.0583904330708656
21
-1.1248155118110237
0
LINE
8
BLACK
6
CONTINUOUS
10
7.3969731102362202
20
-1.1248155118110237
11
7.4068849606299212
21
-1.127195157480315
0
LINE
8
BLACK
6
CONTINUOUS
10
7.4068849606299212
20
-1.127195157480315
11
7.416302519685039
21
-1.1310960236220473
0
LINE
8
BLACK
6
CONTINUOUS
10
7.416302519685039
20
-1.1310960236220473
11
7.4249939370078737
21
-1.136422125984252
0
LINE
8
BLACK
6
CONTINUOUS
10
7.4249939370078737
20
-1.136422125984252
11
7.432745118110236
21
-1.1430422834645668
0
LINE
8
BLACK
6
CONTINUOUS
10
7.432745118110236
20
-1.1430422834645668
11
7.4393652755905508
21
-1.1507934645669291
0
LINE
8
BLACK
6
CONTINUOUS
10
7.4393652755905508
20
-1.1507934645669291
11
7.4446913779527559
21
-1.1594848818897638
0
LINE
8
BLACK
6
CONTINUOUS
10
7.4446913779527559
20
-1.1594848818897638
11
7.4485922440944883
21
-1.1689024409448818
0
LINE
8
BLACK
6
CONTINUOUS
10
7.4485922440944883
20
-1.1689024409448818
11
7.4509718897637791
21
-1.1788142913385826
0
LINE
8
BLACK
6
CONTINUOUS
10
7.4509718897637791
20
-1.1788142913385826
11
7.4517716535433065
21
-1.1889763779527558
0
LINE
8
BLACK
6
CONTINUOUS
10
7.4517716535433065
20
-1.1889763779527558
11
7.4509718897637791
21
-1.1991384645669292
0
LINE
8
BLACK
6
CONTINUOUS
10
7.4509718897637791
20
-1.1991384645669292
11
7.4485922440944883
21
-1.20905031496063
0
LINE
8
BLACK
6
CONTINUOUS
10
7.4485922440944883
20
-1.20905031496063
11
7.4446913779527559
21
-1.218467874015748
0
LINE
8
BLACK
6
CONTINUOUS
10
7.4446913779527559
20
-1.218467874015748
11
7.4393652755905508
21
-1.2271592913385827
0
LINE
8
BLACK
6
CONTINUOUS
10
7.4393652755905508
20
-1.2271592913385827
11
7.432745118110236
21
-1.2349104724409448
0
LINE
8
BLACK
6
CONTINUOUS
10
7.432745118110236
20
-1.2349104724409448
11
7.4249939370078737
21
-1.2415306299212598
0
LINE
8
BLACK
6
CONTINUOUS
10
7.4249939370078737
20
-1.2415306299212598
11
7.416302519685039
21
-1.2468567322834645
0
LINE
8
BLACK
6
CONTINUOUS
10
7.416302519685039
20
-1.2468567322834645
11
7.4068849606299212
21
-1.2507575984251968
0
LINE
8
BLACK
6
CONTINUOUS
10
7.4068849606299212
20
-1.2507575984251968
11
7.3969731102362202
21
-1.2531372440944881
0
LINE
8
BLACK
6
CONTINUOUS
10
7.3969731102362202
20
-1.2531372440944881
11
7.3868110236220472
21
-1.2539370078740157
0
LINE
8
BLACK
6
CONTINUOUS
10
7.3868110236220472
20
-1.2539370078740157
11
7.3766489370078743
21
-1.2531372440944881
0
LINE
8
BLACK
6
CONTINUOUS
10
7.3766489370078743
20
-1.2531372440944881
11
7.3667370866141733
21
-1.2507575984251968
0
LINE
8
BLACK
6
CONTINUOUS
10
7.3667370866141733
20
-1.2507575984251968
11
7.3573195275590546
21
-1.2468567322834645
0
LINE
8
BLACK
6
CONTINUOUS
10
7.3573195275590546
20
-1.2468567322834645
11
7.3486281102362199
21
-1.2415306299212598
0
LINE
8
BLACK
6
CONTINUOUS
10
7.3486281102362199
20
-1.2415306299212598
11
7.3408769291338585
21
-1.2349104724409448
0
LINE
8
BLACK
6
CONTINUOUS
10
7.3408769291338585
20
-1.2349104724409448
11
7.3342567716535427
21
-1.2271592913385827
0
LINE
8
BLACK
6
CONTINUOUS
10
7.3342567716535427
20
-1.2271592913385827
11
7.3289306692913385
21
-1.218467874015748
0
LINE
8
BLACK
6
CONTINUOUS
10
7.3289306692913385
20
-1.218467874015748
11
7.3250298031496062
21
-1.20905031496063
0
LINE
8
BLACK
6
CONTINUOUS
10
7.3250298031496062
20
-1.20905031496063
11
7.3226501574803144
21
-1.1991384645669292
0
LINE
8
BLACK
6
CONTINUOUS
10
7.3226501574803144
20
-1.1991384645669292
11
7.3218503937007871
21
-1.1889763779527558
0
LINE
8
BLACK
6
CONTINUOUS
10
7.3218503937007871
20
-1.1889763779527558
11
7.3226501574803144
21
-1.1788142913385826
0
LINE
8
BLACK
6
CONTINUOUS
10
7.3226501574803144
20
-1.1788142913385826
11
7.3250298031496062
21
-1.1689024409448818
0
LINE
8
BLACK
6
CONTINUOUS
10
7.3250298031496062
20
-1.1689024409448818
11
7.3289306692913385
21
-1.1594848818897638
0
LINE
8
BLACK
6
CONTINUOUS
10
7.3289306692913385
20
-1.1594848818897638
11
7.3342567716535427
21
-1.1507934645669291
0
LINE
8
BLACK
6
CONTINUOUS
10
7.3342567716535427
20
-1.1507934645669291
11
7.3408769291338585
21
-1.1430422834645668
0
LINE
8
BLACK
6
CONTINUOUS
10
7.3408769291338585
20
-1.1430422834645668
11
7.3486281102362199
21
-1.136422125984252
0
LINE
8
BLACK
6
CONTINUOUS
10
7.3486281102362199
20
-1.136422125984252
11
7.3573195275590546
21
-1.1310960236220473
0
LINE
8
BLACK
6
CONTINUOUS
10
7.3573195275590546
20
-1.1310960236220473
11
7.3667370866141733
21
-1.127195157480315
0
LINE
8
BLACK
6
CONTINUOUS
10
7.3667370866141733
20
-1.127195157480315
11
7.3766489370078743
21
-1.1248155118110237
0
LINE
8
BLACK
6
CONTINUOUS
10
7.3766489370078743
20
-1.1248155118110237
11
7.3868110236220472
21
-1.1240157480314961
0
LINE
8
BLACK
6
CONTINUOUS
10
7.3868110236220472
20
-1.1240157480314961
11
7.3969731102362202
21
-1.1248155118110237
0
LINE
8
BLACK
6
CONTINUOUS
10
1.9471699606299213
20
-1.1208785039370079
11
1.9570818110236221
21
-1.1232581496062992
0
LINE
8
BLACK
6
CONTINUOUS
10
1.9570818110236221
20
-1.1232581496062992
11
1.9664993700787401
21
-1.1271590157480316
0
LINE
8
BLACK
6
CONTINUOUS
10
1.9664993700787401
20
-1.1271590157480316
11
1.9751907874015748
21
-1.1324851181102362
0
LINE
8
BLACK
6
CONTINUOUS
10
1.9751907874015748
20
-1.1324851181102362
11
1.9829419685039369
21
-1.1391052755905511
0
LINE
8
BLACK
6
CONTINUOUS
10
1.9829419685039369
20
-1.1391052755905511
11
1.989562125984252
21
-1.1468564566929134
0
LINE
8
BLACK
6
CONTINUOUS
10
1.989562125984252
20
-1.1468564566929134
11
1.9948882283464566
21
-1.1555478740157481
0
LINE
8
BLACK
6
CONTINUOUS
10
1.9948882283464566
20
-1.1555478740157481
11
1.998789094488189
21
-1.1649654330708661
0
LINE
8
BLACK
6
CONTINUOUS
10
1.998789094488189
20
-1.1649654330708661
11
2.0011687401574805
21
-1.1748772834645669
0
LINE
8
BLACK
6
CONTINUOUS
10
2.0011687401574805
20
-1.1748772834645669
11
2.0019685039370079
21
-1.1850393700787401
0
LINE
8
BLACK
6
CONTINUOUS
10
2.0019685039370079
20
-1.1850393700787401
11
2.0011687401574805
21
-1.1952014566929134
0
LINE
8
BLACK
6
CONTINUOUS
10
2.0011687401574805
20
-1.1952014566929134
11
1.998789094488189
21
-1.2051133070866142
0
LINE
8
BLACK
6
CONTINUOUS
10
1.998789094488189
20
-1.2051133070866142
11
1.9948882283464566
21
-1.2145308661417322
0
LINE
8
BLACK
6
CONTINUOUS
10
1.9948882283464566
20
-1.2145308661417322
11
1.989562125984252
21
-1.223222283464567
0
LINE
8
BLACK
6
CONTINUOUS
10
1.989562125984252
20
-1.223222283464567
11
1.9829419685039369
21
-1.230973464566929
0
LINE
8
BLACK
6
CONTINUOUS
10
1.9829419685039369
20
-1.230973464566929
11
1.9751907874015748
21
-1.2375936220472441
0
LINE
8
BLACK
6
CONTINUOUS
10
1.9751907874015748
20
-1.2375936220472441
11
1.9664993700787401
21
-1.2429197244094488
0
LINE
8
BLACK
6
CONTINUOUS
10
1.9664993700787401
20
-1.2429197244094488
11
1.9570818110236221
21
-1.2468205905511811
0
LINE
8
BLACK
6
CONTINUOUS
10
1.9570818110236221
20
-1.2468205905511811
11
1.9471699606299213
21
-1.2492002362204724
0
LINE
8
BLACK
6
CONTINUOUS
10
1.9471699606299213
20
-1.2492002362204724
11
1.9370078740157479
21
-1.25
0
LINE
8
BLACK
6
CONTINUOUS
10
1.9370078740157479
20
-1.25
11
1.9268457874015747
21
-1.2492002362204724
0
LINE
8
BLACK
6
CONTINUOUS
10
1.9268457874015747
20
-1.2492002362204724
11
1.916933937007874
21
-1.2468205905511811
0
LINE
8
BLACK
6
CONTINUOUS
10
1.916933937007874
20
-1.2468205905511811
11
1.907516377952756
21
-1.2429197244094488
0
LINE
8
BLACK
6
CONTINUOUS
10
1.907516377952756
20
-1.2429197244094488
11
1.8988249606299212
21
-1.2375936220472441
0
LINE
8
BLACK
6
CONTINUOUS
10
1.8988249606299212
20
-1.2375936220472441
11
1.891073779527559
21
-1.230973464566929
0
LINE
8
BLACK
6
CONTINUOUS
10
1.891073779527559
20
-1.230973464566929
11
1.8844536220472441
21
-1.223222283464567
0
LINE
8
BLACK
6
CONTINUOUS
10
1.8844536220472441
20
-1.223222283464567
11
1.8791275196850394
21
-1.2145308661417322
0
LINE
8
BLACK
6
CONTINUOUS
10
1.8791275196850394
20
-1.2145308661417322
11
1.8752266535433071
21
-1.2051133070866142
0
LINE
8
BLACK
6
CONTINUOUS
10
1.8752266535433071
20
-1.2051133070866142
11
1.8728470078740158
21
-1.1952014566929134
0
LINE
8
BLACK
6
CONTINUOUS
10
1.8728470078740158
20
-1.1952014566929134
11
1.8720472440944882
21
-1.1850393700787401
0
LINE
8
BLACK
6
CONTINUOUS
10
1.8720472440944882
20
-1.1850393700787401
11
1.8728470078740158
21
-1.1748772834645669
0
LINE
8
BLACK
6
CONTINUOUS
10
1.8728470078740158
20
-1.1748772834645669
11
1.8752266535433071
21
-1.1649654330708661
0
LINE
8
BLACK
6
CONTINUOUS
10
1.8752266535433071
20
-1.1649654330708661
11
1.8791275196850394
21
-1.1555478740157481
0
LINE
8
BLACK
6
CONTINUOUS
10
1.8791275196850394
20
-1.1555478740157481
11
1.8844536220472441
21
-1.1468564566929134
0
LINE
8
BLACK
6
CONTINUOUS
10
1.8844536220472441
20
-1.1468564566929134
11
1.891073779527559
21
-1.1391052755905511
0
LINE
8
BLACK
6
CONTINUOUS
10
1.891073779527559
20
-1.1391052755905511
11
1.8988249606299212
21
-1.1324851181102362
0
LINE
8
BLACK
6
CONTINUOUS
10
1.8988249606299212
20
-1.1324851181102362
11
1.907516377952756
21
-1.1271590157480316
0
LINE
8
BLACK
6
CONTINUOUS
10
1.907516377952756
20
-1.1271590157480316
11
1.916933937007874
21
-1.1232581496062992
0
LINE
8
BLACK
6
CONTINUOUS
10
1.916933937007874
20
-1.1232581496062992
11
1.9268457874015747
21
-1.1208785039370079
0
LINE
8
BLACK
6
CONTINUOUS
10
1.9268457874015747
20
-1.1208785039370079
11
1.9370078740157479
21
-1.1200787401574803
0
LINE
8
BLACK
6
CONTINUOUS
10
1.9370078740157479
20
-1.1200787401574803
11
1.9471699606299213
21
-1.1208785039370079
0
LINE
8
BLACK
6
CONTINUOUS
10
1.6127276377952755
20
-1.0263318897637794
11
1.6228820866141731
21
-1.0285408661417323
0
LINE
8
BLACK
6
CONTINUOUS
10
1.6228820866141731
20
-1.0285408661417323
11
1.6326188188976378
21
-1.0321724803149606
0
LINE
8
BLACK
6
CONTINUOUS
10
1.6326188188976378
20
-1.0321724803149606
11
1.6417396062992125
21
-1.0371527952755906
0
LINE
8
BLACK
6
CONTINUOUS
10
1.6417396062992125
20
-1.0371527952755906
11
1.6500587401574802
21
-1.043380433070866
0
LINE
8
BLACK
6
CONTINUOUS
10
1.6500587401574802
20
-1.043380433070866
11
1.657406968503937
21
-1.0507286614173228
0
LINE
8
BLACK
6
CONTINUOUS
10
1.657406968503937
20
-1.0507286614173228
11
1.6636346062992127
21
-1.0590477952755906
0
LINE
8
BLACK
6
CONTINUOUS
10
1.6636346062992127
20
-1.0590477952755906
11
1.6686149212598425
21
-1.0681685826771654
0
LINE
8
BLACK
6
CONTINUOUS
10
1.6686149212598425
20
-1.0681685826771654
11
1.6722465354330709
21
-1.0779053149606299
0
LINE
8
BLACK
6
CONTINUOUS
10
1.6722465354330709
20
-1.0779053149606299
11
1.6744555118110236
21
-1.0880597637795275
0
LINE
8
BLACK
6
CONTINUOUS
10
1.6744555118110236
20
-1.0880597637795275
11
1.6751968503937007
21
-1.0984251968503937
0
LINE
8
BLACK
6
CONTINUOUS
10
1.6751968503937007
20
-1.0984251968503937
11
1.6744555118110236
21
-1.1087906299212598
0
LINE
8
BLACK
6
CONTINUOUS
10
1.6744555118110236
20
-1.1087906299212598
11
1.6722465354330709
21
-1.1189450787401574
0
LINE
8
BLACK
6
CONTINUOUS
10
1.6722465354330709
20
-1.1189450787401574
11
1.6686149212598425
21
-1.1286818110236221
0
LINE
8
BLACK
6
CONTINUOUS
10
1.6686149212598425
20
-1.1286818110236221
11
1.6636346062992127
21
-1.1378025984251969
0
LINE
8
BLACK
6
CONTINUOUS
10
1.6636346062992127
20
-1.1378025984251969
11
1.657406968503937
21
-1.1461217322834645
0
LINE
8
BLACK
6
CONTINUOUS
10
1.657406968503937
20
-1.1461217322834645
11
1.6500587401574802
21
-1.1534699606299212
0
LINE
8
BLACK
6
CONTINUOUS
10
1.6500587401574802
20
-1.1534699606299212
11
1.6417396062992125
21
-1.1596975984251969
0
LINE
8
BLACK
6
CONTINUOUS
10
1.6417396062992125
20
-1.1596975984251969
11
1.6326188188976378
21
-1.1646779133858267
0
LINE
8
BLACK
6
CONTINUOUS
10
1.6326188188976378
20
-1.1646779133858267
11
1.6228820866141731
21
-1.1683095275590551
0
LINE
8
BLACK
6
CONTINUOUS
10
1.6228820866141731
20
-1.1683095275590551
11
1.6127276377952755
21
-1.1705185039370078
0
LINE
8
BLACK
6
CONTINUOUS
10
1.6127276377952755
20
-1.1705185039370078
11
1.6023622047244095
21
-1.171259842519685
0
LINE
8
BLACK
6
CONTINUOUS
10
1.6023622047244095
20
-1.171259842519685
11
1.5919967716535433
21
-1.1705185039370078
0
LINE
8
BLACK
6
CONTINUOUS
10
1.5919967716535433
20
-1.1705185039370078
11
1.5818423228346457
21
-1.1683095275590551
0
LINE
8
BLACK
6
CONTINUOUS
10
1.5818423228346457
20
-1.1683095275590551
11
1.5721055905511812
21
-1.1646779133858267
0
LINE
8
BLACK
6
CONTINUOUS
10
1.5721055905511812
20
-1.1646779133858267
11
1.5629848031496063
21
-1.1596975984251969
0
LINE
8
BLACK
6
CONTINUOUS
10
1.5629848031496063
20
-1.1596975984251969
11
1.5546656692913385
21
-1.1534699606299212
0
LINE
8
BLACK
6
CONTINUOUS
10
1.5546656692913385
20
-1.1534699606299212
11
1.5473174409448818
21
-1.1461217322834645
0
LINE
8
BLACK
6
CONTINUOUS
10
1.5473174409448818
20
-1.1461217322834645
11
1.5410898031496063
21
-1.1378025984251969
0
LINE
8
BLACK
6
CONTINUOUS
10
1.5410898031496063
20
-1.1378025984251969
11
1.5361094881889763
21
-1.1286818110236221
0
LINE
8
BLACK
6
CONTINUOUS
10
1.5361094881889763
20
-1.1286818110236221
11
1.5324778740157481
21
-1.1189450787401574
0
LINE
8
BLACK
6
CONTINUOUS
10
1.5324778740157481
20
-1.1189450787401574
11
1.5302688976377952
21
-1.1087906299212598
0
LINE
8
BLACK
6
CONTINUOUS
10
1.5302688976377952
20
-1.1087906299212598
11
1.5295275590551181
21
-1.0984251968503937
0
LINE
8
BLACK
6
CONTINUOUS
10
1.5295275590551181
20
-1.0984251968503937
11
1.5302688976377952
21
-1.0880597637795275
0
LINE
8
BLACK
6
CONTINUOUS
10
1.5302688976377952
20
-1.0880597637795275
11
1.5324778740157481
21
-1.0779053149606299
0
LINE
8
BLACK
6
CONTINUOUS
10
1.5324778740157481
20
-1.0779053149606299
11
1.5361094881889763
21
-1.0681685826771654
0
LINE
8
BLACK
6
CONTINUOUS
10
1.5361094881889763
20
-1.0681685826771654
11
1.5410898031496063
21
-1.0590477952755906
0
LINE
8
BLACK
6
CONTINUOUS
10
1.5410898031496063
20
-1.0590477952755906
11
1.5473174409448818
21
-1.0507286614173228
0
LINE
8
BLACK
6
CONTINUOUS
10
1.5473174409448818
20
-1.0507286614173228
11
1.5546656692913385
21
-1.043380433070866
0
LINE
8
BLACK
6
CONTINUOUS
10
1.5546656692913385
20
-1.043380433070866
11
1.5629848031496063
21
-1.0371527952755906
0
LINE
8
BLACK
6
CONTINUOUS
10
1.5629848031496063
20
-1.0371527952755906
11
1.5721055905511812
21
-1.0321724803149606
0
LINE
8
BLACK
6
CONTINUOUS
10
1.5721055905511812
20
-1.0321724803149606
11
1.5818423228346457
21
-1.0285408661417323
0
LINE
8
BLACK
6
CONTINUOUS
10
1.5818423228346457
20
-1.0285408661417323
11
1.5919967716535433
21
-1.0263318897637794
0
LINE
8
BLACK
6
CONTINUOUS
10
1.5919967716535433
20
-1.0263318897637794
11
1.6023622047244095
21
-1.0255905511811023
0
LINE
8
BLACK
6
CONTINUOUS
10
1.6023622047244095
20
-1.0255905511811023
11
1.6127276377952755
21
-1.0263318897637794
0
LINE
8
BLACK
6
CONTINUOUS
10
1.5340430708661417
20
-1.1087226377952755
11
1.5363409055118109
21
-1.1187900787401575
0
LINE
8
BLACK
6
CONTINUOUS
10
1.5363409055118109
20
-1.1187900787401575
11
1.5401135039370077
21
-1.1284025984251969
0
LINE
8
BLACK
6
CONTINUOUS
10
1.5401135039370077
20
-1.1284025984251969
11
1.5452766929133859
21
-1.1373454330708661
0
LINE
8
BLACK
6
CONTINUOUS
10
1.5452766929133859
20
-1.1373454330708661
11
1.5517150393700787
21
-1.1454188976377953
0
LINE
8
BLACK
6
CONTINUOUS
10
1.5517150393700787
20
-1.1454188976377953
11
1.5592847637795275
21
-1.1524425984251969
0
LINE
8
BLACK
6
CONTINUOUS
10
1.5592847637795275
20
-1.1524425984251969
11
1.5678168110236219
21
-1.1582596062992125
0
LINE
8
BLACK
6
CONTINUOUS
10
1.5678168110236219
20
-1.1582596062992125
11
1.5771204724409449
21
-1.1627400393700786
0
LINE
8
BLACK
6
CONTINUOUS
10
1.5771204724409449
20
-1.1627400393700786
11
1.5869880314960629
21
-1.165783779527559
0
LINE
8
BLACK
6
CONTINUOUS
10
1.5869880314960629
20
-1.165783779527559
11
1.5971990551181101
21
-1.1673228346456692
0
LINE
8
BLACK
6
CONTINUOUS
10
1.5971990551181101
20
-1.1673228346456692
11
1.6075253543307086
21
-1.1673228346456692
0
LINE
8
BLACK
6
CONTINUOUS
10
1.6075253543307086
20
-1.1673228346456692
11
1.6177363779527558
21
-1.165783779527559
0
LINE
8
BLACK
6
CONTINUOUS
10
1.6177363779527558
20
-1.165783779527559
11
1.6276039370078739
21
-1.1627400393700786
0
LINE
8
BLACK
6
CONTINUOUS
10
1.6276039370078739
20
-1.1627400393700786
11
1.6369076377952756
21
-1.1582596062992125
0
LINE
8
BLACK
6
CONTINUOUS
10
1.6369076377952756
20
-1.1582596062992125
11
1.6454396456692912
21
-1.1524425984251969
0
LINE
8
BLACK
6
CONTINUOUS
10
1.6454396456692912
20
-1.1524425984251969
11
1.65300937007874
21
-1.1454188976377953
0
LINE
8
BLACK
6
CONTINUOUS
10
1.65300937007874
20
-1.1454188976377953
11
1.6594477165354331
21
-1.1373454330708661
0
LINE
8
BLACK
6
CONTINUOUS
10
1.6594477165354331
20
-1.1373454330708661
11
1.664610905511811
21
-1.1284025984251969
0
LINE
8
BLACK
6
CONTINUOUS
10
1.664610905511811
20
-1.1284025984251969
11
1.6683835039370079
21
-1.1187900787401575
0
LINE
8
BLACK
6
CONTINUOUS
10
1.6683835039370079
20
-1.1187900787401575
11
1.6706813385826771
21
-1.1087226377952755
0
LINE
8
BLACK
6
CONTINUOUS
10
1.6706813385826771
20
-1.1087226377952755
11
1.6714530314960629
21
-1.0984251968503937
0
LINE
8
BLACK
6
CONTINUOUS
10
1.6714530314960629
20
-1.0984251968503937
11
1.6706813385826771
21
-1.0881277559055118
0
LINE
8
BLACK
6
CONTINUOUS
10
1.6706813385826771
20
-1.0881277559055118
11
1.6683835039370079
21
-1.0780603149606298
0
LINE
8
BLACK
6
CONTINUOUS
10
1.6683835039370079
20
-1.0780603149606298
11
1.664610905511811
21
-1.0684477952755904
0
LINE
8
BLACK
6
CONTINUOUS
10
1.664610905511811
20
-1.0684477952755904
11
1.6594477165354331
21
-1.0595049606299212
0
LINE
8
BLACK
6
CONTINUOUS
10
1.6594477165354331
20
-1.0595049606299212
11
1.65300937007874
21
-1.051431496062992
0
LINE
8
BLACK
6
CONTINUOUS
10
1.65300937007874
20
-1.051431496062992
11
1.6454396456692912
21
-1.0444077952755906
0
LINE
8
BLACK
6
CONTINUOUS
10
1.6454396456692912
20
-1.0444077952755906
11
1.6369076377952756
21
-1.0385907874015747
0
LINE
8
BLACK
6
CONTINUOUS
10
1.6369076377952756
20
-1.0385907874015747
11
1.6276039370078739
21
-1.0341103543307086
0
LINE
8
BLACK
6
CONTINUOUS
10
1.6276039370078739
20
-1.0341103543307086
11
1.6177363779527558
21
-1.0310666141732283
0
LINE
8
BLACK
6
CONTINUOUS
10
1.6177363779527558
20
-1.0310666141732283
11
1.6075253543307086
21
-1.0295275590551181
0
LINE
8
BLACK
6
CONTINUOUS
10
1.6075253543307086
20
-1.0295275590551181
11
1.5971990551181101
21
-1.0295275590551181
0
LINE
8
BLACK
6
CONTINUOUS
10
1.5971990551181101
20
-1.0295275590551181
11
1.5869880314960629
21
-1.0310666141732283
0
LINE
8
BLACK
6
CONTINUOUS
10
1.5869880314960629
20
-1.0310666141732283
11
1.5771204724409449
21
-1.0341103543307086
0
LINE
8
BLACK
6
CONTINUOUS
10
1.5771204724409449
20
-1.0341103543307086
11
1.5678168110236219
21
-1.0385907874015747
0
LINE
8
BLACK
6
CONTINUOUS
10
1.5678168110236219
20
-1.0385907874015747
11
1.5592847637795275
21
-1.0444077952755906
0
LINE
8
BLACK
6
CONTINUOUS
10
1.5592847637795275
20
-1.0444077952755906
11
1.5517150393700787
21
-1.051431496062992
0
LINE
8
BLACK
6
CONTINUOUS
10
1.5517150393700787
20
-1.051431496062992
11
1.5452766929133859
21
-1.0595049606299212
0
LINE
8
BLACK
6
CONTINUOUS
10
1.5452766929133859
20
-1.0595049606299212
11
1.5401135039370077
21
-1.0684477952755904
0
LINE
8
BLACK
6
CONTINUOUS
10
1.5401135039370077
20
-1.0684477952755904
11
1.5363409055118109
21
-1.0780603149606298
0
LINE
8
BLACK
6
CONTINUOUS
10
1.5363409055118109
20
-1.0780603149606298
11
1.5340430708661417
21
-1.0881277559055118
0
LINE
8
BLACK
6
CONTINUOUS
10
1.5340430708661417
20
-1.0881277559055118
11
1.5332713779527558
21
-1.0984251968503937
0
LINE
8
BLACK
6
CONTINUOUS
10
1.5332713779527558
20
-1.0984251968503937
11
1.5340430708661417
21
-1.1087226377952755
0
LINE
8
BLACK
6
CONTINUOUS
10
7.7347748818897637
20
-1.0263318897637794
11
7.7449293307086613
21
-1.0285408661417323
0
LINE
8
BLACK
6
CONTINUOUS
10
7.7449293307086613
20
-1.0285408661417323
11
7.7546660629921256
21
-1.0321724803149606
0
LINE
8
BLACK
6
CONTINUOUS
10
7.7546660629921256
20
-1.0321724803149606
11
7.7637868503937009
21
-1.0371527952755906
0
LINE
8
BLACK
6
CONTINUOUS
10
7.7637868503937009
20
-1.0371527952755906
11
7.7721059842519686
21
-1.043380433070866
0
LINE
8
BLACK
6
CONTINUOUS
10
7.7721059842519686
20
-1.043380433070866
11
7.7794542125984254
21
-1.0507286614173228
0
LINE
8
BLACK
6
CONTINUOUS
10
7.7794542125984254
20
-1.0507286614173228
11
7.7856818503937006
21
-1.0590477952755906
0
LINE
8
BLACK
6
CONTINUOUS
10
7.7856818503937006
20
-1.0590477952755906
11
7.7906621653543304
21
-1.0681685826771654
0
LINE
8
BLACK
6
CONTINUOUS
10
7.7906621653543304
20
-1.0681685826771654
11
7.7942937795275586
21
-1.0779053149606299
0
LINE
8
BLACK
6
CONTINUOUS
10
7.7942937795275586
20
-1.0779053149606299
11
7.7965027559055118
21
-1.0880597637795275
0
LINE
8
BLACK
6
CONTINUOUS
10
7.7965027559055118
20
-1.0880597637795275
11
7.7972440944881889
21
-1.0984251968503937
0
LINE
8
BLACK
6
CONTINUOUS
10
7.7972440944881889
20
-1.0984251968503937
11
7.7965027559055118
21
-1.1087906299212598
0
LINE
8
BLACK
6
CONTINUOUS
10
7.7965027559055118
20
-1.1087906299212598
11
7.7942937795275586
21
-1.1189450787401574
0
LINE
8
BLACK
6
CONTINUOUS
10
7.7942937795275586
20
-1.1189450787401574
11
7.7906621653543304
21
-1.1286818110236221
0
LINE
8
BLACK
6
CONTINUOUS
10
7.7906621653543304
20
-1.1286818110236221
11
7.7856818503937006
21
-1.1378025984251969
0
LINE
8
BLACK
6
CONTINUOUS
10
7.7856818503937006
20
-1.1378025984251969
11
7.7794542125984254
21
-1.1461217322834645
0
LINE
8
BLACK
6
CONTINUOUS
10
7.7794542125984254
20
-1.1461217322834645
11
7.7721059842519686
21
-1.1534699606299212
0
LINE
8
BLACK
6
CONTINUOUS
10
7.7721059842519686
20
-1.1534699606299212
11
7.7637868503937009
21
-1.1596975984251969
0
LINE
8
BLACK
6
CONTINUOUS
10
7.7637868503937009
20
-1.1596975984251969
11
7.7546660629921256
21
-1.1646779133858267
0
LINE
8
BLACK
6
CONTINUOUS
10
7.7546660629921256
20
-1.1646779133858267
11
7.7449293307086613
21
-1.1683095275590551
0
LINE
8
BLACK
6
CONTINUOUS
10
7.7449293307086613
20
-1.1683095275590551
11
7.7347748818897637
21
-1.1705185039370078
0
LINE
8
BLACK
6
CONTINUOUS
10
7.7347748818897637
20
-1.1705185039370078
11
7.7244094488188972
21
-1.171259842519685
0
LINE
8
BLACK
6
CONTINUOUS
10
7.7244094488188972
20
-1.171259842519685
11
7.7140440157480317
21
-1.1705185039370078
0
LINE
8
BLACK
6
CONTINUOUS
10
7.7140440157480317
20
-1.1705185039370078
11
7.7038895669291341
21
-1.1683095275590551
0
LINE
8
BLACK
6
CONTINUOUS
10
7.7038895669291341
20
-1.1683095275590551
11
7.6941528346456689
21
-1.1646779133858267
0
LINE
8
BLACK
6
CONTINUOUS
10
7.6941528346456689
20
-1.1646779133858267
11
7.6850320472440945
21
-1.1596975984251969
0
LINE
8
BLACK
6
CONTINUOUS
10
7.6850320472440945
20
-1.1596975984251969
11
7.6767129133858267
21
-1.1534699606299212
0
LINE
8
BLACK
6
CONTINUOUS
10
7.6767129133858267
20
-1.1534699606299212
11
7.66936468503937
21
-1.1461217322834645
0
LINE
8
BLACK
6
CONTINUOUS
10
7.66936468503937
20
-1.1461217322834645
11
7.6631370472440947
21
-1.1378025984251969
0
LINE
8
BLACK
6
CONTINUOUS
10
7.6631370472440947
20
-1.1378025984251969
11
7.6581567322834641
21
-1.1286818110236221
0
LINE
8
BLACK
6
CONTINUOUS
10
7.6581567322834641
20
-1.1286818110236221
11
7.6545251181102358
21
-1.1189450787401574
0
LINE
8
BLACK
6
CONTINUOUS
10
7.6545251181102358
20
-1.1189450787401574
11
7.6523161417322836
21
-1.1087906299212598
0
LINE
8
BLACK
6
CONTINUOUS
10
7.6523161417322836
20
-1.1087906299212598
11
7.6515748031496065
21
-1.0984251968503937
0
LINE
8
BLACK
6
CONTINUOUS
10
7.6515748031496065
20
-1.0984251968503937
11
7.6523161417322836
21
-1.0880597637795275
0
LINE
8
BLACK
6
CONTINUOUS
10
7.6523161417322836
20
-1.0880597637795275
11
7.6545251181102358
21
-1.0779053149606299
0
LINE
8
BLACK
6
CONTINUOUS
10
7.6545251181102358
20
-1.0779053149606299
11
7.6581567322834641
21
-1.0681685826771654
0
LINE
8
BLACK
6
CONTINUOUS
10
7.6581567322834641
20
-1.0681685826771654
11
7.6631370472440947
21
-1.0590477952755906
0
LINE
8
BLACK
6
CONTINUOUS
10
7.6631370472440947
20
-1.0590477952755906
11
7.66936468503937
21
-1.0507286614173228
0
LINE
8
BLACK
6
CONTINUOUS
10
7.66936468503937
20
-1.0507286614173228
11
7.6767129133858267
21
-1.043380433070866
0
LINE
8
BLACK
6
CONTINUOUS
10
7.6767129133858267
20
-1.043380433070866
11
7.6850320472440945
21
-1.0371527952755906
0
LINE
8
BLACK
6
CONTINUOUS
10
7.6850320472440945
20
-1.0371527952755906
11
7.6941528346456689
21
-1.0321724803149606
0
LINE
8
BLACK
6
CONTINUOUS
10
7.6941528346456689
20
-1.0321724803149606
11
7.7038895669291341
21
-1.0285408661417323
0
LINE
8
BLACK
6
CONTINUOUS
10
7.7038895669291341
20
-1.0285408661417323
11
7.7140440157480317
21
-1.0263318897637794
0
LINE
8
BLACK
6
CONTINUOUS
10
7.7140440157480317
20
-1.0263318897637794
11
7.7244094488188972
21
-1.0255905511811023
0
LINE
8
BLACK
6
CONTINUOUS
10
7.7244094488188972
20
-1.0255905511811023
11
7.7347748818897637
21
-1.0263318897637794
0
LINE
8
BLACK
6
CONTINUOUS
10
7.6560903149606299
20
-1.1087226377952755
11
7.6583881496062993
21
-1.1187900787401575
0
LINE
8
BLACK
6
CONTINUOUS
10
7.6583881496062993
20
-1.1187900787401575
11
7.6621607480314955
21
-1.1284025984251969
0
LINE
8
BLACK
6
CONTINUOUS
10
7.6621607480314955
20
-1.1284025984251969
11
7.6673239370078736
21
-1.1373454330708661
0
LINE
8
BLACK
6
CONTINUOUS
10
7.6673239370078736
20
-1.1373454330708661
11
7.6737622834645665
21
-1.1454188976377953
0
LINE
8
BLACK
6
CONTINUOUS
10
7.6737622834645665
20
-1.1454188976377953
11
7.6813320078740155
21
-1.1524425984251969
0
LINE
8
BLACK
6
CONTINUOUS
10
7.6813320078740155
20
-1.1524425984251969
11
7.6898640551181101
21
-1.1582596062992125
0
LINE
8
BLACK
6
CONTINUOUS
10
7.6898640551181101
20
-1.1582596062992125
11
7.6991677165354329
21
-1.1627400393700786
0
LINE
8
BLACK
6
CONTINUOUS
10
7.6991677165354329
20
-1.1627400393700786
11
7.7090352755905514
21
-1.165783779527559
0
LINE
8
BLACK
6
CONTINUOUS
10
7.7090352755905514
20
-1.165783779527559
11
7.7192462992125979
21
-1.1673228346456692
0
LINE
8
BLACK
6
CONTINUOUS
10
7.7192462992125979
20
-1.1673228346456692
11
7.7295725984251966
21
-1.1673228346456692
0
LINE
8
BLACK
6
CONTINUOUS
10
7.7295725984251966
20
-1.1673228346456692
11
7.739783622047244
21
-1.165783779527559
0
LINE
8
BLACK
6
CONTINUOUS
10
7.739783622047244
20
-1.165783779527559
11
7.7496511811023616
21
-1.1627400393700786
0
LINE
8
BLACK
6
CONTINUOUS
10
7.7496511811023616
20
-1.1627400393700786
11
7.758954881889764
21
-1.1582596062992125
0
LINE
8
BLACK
6
CONTINUOUS
10
7.758954881889764
20
-1.1582596062992125
11
7.767486889763779
21
-1.1524425984251969
0
LINE
8
BLACK
6
CONTINUOUS
10
7.767486889763779
20
-1.1524425984251969
11
7.775056614173228
21
-1.1454188976377953
0
LINE
8
BLACK
6
CONTINUOUS
10
7.775056614173228
20
-1.1454188976377953
11
7.7814949606299209
21
-1.1373454330708661
0
LINE
8
BLACK
6
CONTINUOUS
10
7.7814949606299209
20
-1.1373454330708661
11
7.786658149606299
21
-1.1284025984251969
0
LINE
8
BLACK
6
CONTINUOUS
10
7.786658149606299
20
-1.1284025984251969
11
7.790430748031496
21
-1.1187900787401575
0
LINE
8
BLACK
6
CONTINUOUS
10
7.790430748031496
20
-1.1187900787401575
11
7.7927285826771655
21
-1.1087226377952755
0
LINE
8
BLACK
6
CONTINUOUS
10
7.7927285826771655
20
-1.1087226377952755
11
7.7935002755905511
21
-1.0984251968503937
0
LINE
8
BLACK
6
CONTINUOUS
10
7.7935002755905511
20
-1.0984251968503937
11
7.7927285826771655
21
-1.0881277559055118
0
LINE
8
BLACK
6
CONTINUOUS
10
7.7927285826771655
20
-1.0881277559055118
11
7.790430748031496
21
-1.0780603149606298
0
LINE
8
BLACK
6
CONTINUOUS
10
7.790430748031496
20
-1.0780603149606298
11
7.786658149606299
21
-1.0684477952755904
0
LINE
8
BLACK
6
CONTINUOUS
10
7.786658149606299
20
-1.0684477952755904
11
7.7814949606299209
21
-1.0595049606299212
0
LINE
8
BLACK
6
CONTINUOUS
10
7.7814949606299209
20
-1.0595049606299212
11
7.775056614173228
21
-1.051431496062992
0
LINE
8
BLACK
6
CONTINUOUS
10
7.775056614173228
20
-1.051431496062992
11
7.767486889763779
21
-1.0444077952755906
0
LINE
8
BLACK
6
CONTINUOUS
10
7.767486889763779
20
-1.0444077952755906
11
7.758954881889764
21
-1.0385907874015747
0
LINE
8
BLACK
6
CONTINUOUS
10
7.758954881889764
20
-1.0385907874015747
11
7.7496511811023616
21
-1.0341103543307086
0
LINE
8
BLACK
6
CONTINUOUS
10
7.7496511811023616
20
-1.0341103543307086
11
7.739783622047244
21
-1.0310666141732283
0
LINE
8
BLACK
6
CONTINUOUS
10
7.739783622047244
20
-1.0310666141732283
11
7.7295725984251966
21
-1.0295275590551181
0
LINE
8
BLACK
6
CONTINUOUS
10
7.7295725984251966
20
-1.0295275590551181
11
7.7192462992125979
21
-1.0295275590551181
0
LINE
8
BLACK
6
CONTINUOUS
10
7.7192462992125979
20
-1.0295275590551181
11
7.7090352755905514
21
-1.0310666141732283
0
LINE
8
BLACK
6
CONTINUOUS
10
7.7090352755905514
20
-1.0310666141732283
11
7.6991677165354329
21
-1.0341103543307086
0
LINE
8
BLACK
6
CONTINUOUS
10
7.6991677165354329
20
-1.0341103543307086
11
7.6898640551181101
21
-1.0385907874015747
0
LINE
8
BLACK
6
CONTINUOUS
10
7.6898640551181101
20
-1.0385907874015747
11
7.6813320078740155
21
-1.0444077952755906
0
LINE
8
BLACK
6
CONTINUOUS
10
7.6813320078740155
20
-1.0444077952755906
11
7.6737622834645665
21
-1.051431496062992
0
LINE
8
BLACK
6
CONTINUOUS
10
7.6737622834645665
20
-1.051431496062992
11
7.6673239370078736
21
-1.0595049606299212
0
LINE
8
BLACK
6
CONTINUOUS
10
7.6673239370078736
20
-1.0595049606299212
11
7.6621607480314955
21
-1.0684477952755904
0
LINE
8
BLACK
6
CONTINUOUS
10
7.6621607480314955
20
-1.0684477952755904
11
7.6583881496062993
21
-1.0780603149606298
0
LINE
8
BLACK
6
CONTINUOUS
10
7.6583881496062993
20
-1.0780603149606298
11
7.6560903149606299
21
-1.0881277559055118
0
LINE
8
BLACK
6
CONTINUOUS
10
7.6560903149606299
20
-1.0881277559055118
11
7.6553186220472442
21
-1.0984251968503937
0
LINE
8
BLACK
6
CONTINUOUS
10
7.6553186220472442
20
-1.0984251968503937
11
7.6560903149606299
21
-1.1087226377952755
  0
ENDSEC
  0
EOF
