  0
SECTION
  2
HEADER
  9
$ACADVER
  1
AC1027
  9
$ACADMAINTVER
 70
   125
  9
$DWGCODEPAGE
  3
ANSI_1252
  9
$REQUIREDVERSIONS
160
                 0
  9
$INSBASE
 10
0.0
 20
0.0
 30
0.0
  9
$EXTMIN
 10
1.000000000000000E+20
 20
1.000000000000000E+20
 30
1.000000000000000E+20
  9
$EXTMAX
 10
-1.000000000000000E+20
 20
-1.000000000000000E+20
 30
-1.000000000000000E+20
  9
$LIMMIN
 10
0.0
 20
0.0
  9
$LIMMAX
 10
12.0
 20
9.0
  9
$ORTHOMODE
 70
     0
  9
$REGENMODE
 70
     1
  9
$FILLMODE
 70
     1
  9
$QTEXTMODE
 70
     0
  9
$MIRRTEXT
 70
     0
  9
$LTSCALE
 40
1.0
  9
$ATTMODE
 70
     1
  9
$TEXTSIZE
 40
0.2
  9
$TRACEWID
 40
0.05
  9
$TEXTSTYLE
  7
Standard
  9
$CLAYER
  8
0
  9
$CELTYPE
  6
ByLayer
  9
$CECOLOR
 62
   256
  9
$CELTSCALE
 40
1.0
  9
$DISPSILH
 70
     0
  9
$DIMSCALE
 40
1.0
  9
$DIMASZ
 40
0.18
  9
$DIMEXO
 40
0.0625
  9
$DIMDLI
 40
0.38
  9
$DIMRND
 40
0.0
  9
$DIMDLE
 40
0.0
  9
$DIMEXE
 40
0.18
  9
$DIMTP
 40
0.0
  9
$DIMTM
 40
0.0
  9
$DIMTXT
 40
0.18
  9
$DIMCEN
 40
0.09
  9
$DIMTSZ
 40
0.0
  9
$DIMTOL
 70
     0
  9
$DIMLIM
 70
     0
  9
$DIMTIH
 70
     1
  9
$DIMTOH
 70
     1
  9
$DIMSE1
 70
     0
  9
$DIMSE2
 70
     0
  9
$DIMTAD
 70
     0
  9
$DIMZIN
 70
     0
  9
$DIMBLK
  1

  9
$DIMASO
 70
     1
  9
$DIMSHO
 70
     1
  9
$DIMPOST
  1

  9
$DIMAPOST
  1

  9
$DIMALT
 70
     0
  9
$DIMALTD
 70
     2
  9
$DIMALTF
 40
25.4
  9
$DIMLFAC
 40
1.0
  9
$DIMTOFL
 70
     0
  9
$DIMTVP
 40
0.0
  9
$DIMTIX
 70
     0
  9
$DIMSOXD
 70
     0
  9
$DIMSAH
 70
     0
  9
$DIMBLK1
  1

  9
$DIMBLK2
  1

  9
$DIMSTYLE
  2
Standard
  9
$DIMCLRD
 70
     0
  9
$DIMCLRE
 70
     0
  9
$DIMCLRT
 70
     0
  9
$DIMTFAC
 40
1.0
  9
$DIMGAP
 40
0.09
  9
$DIMJUST
 70
     0
  9
$DIMSD1
 70
     0
  9
$DIMSD2
 70
     0
  9
$DIMTOLJ
 70
     1
  9
$DIMTZIN
 70
     0
  9
$DIMALTZ
 70
     0
  9
$DIMALTTZ
 70
     0
  9
$DIMUPT
 70
     0
  9
$DIMDEC
 70
     4
  9
$DIMTDEC
 70
     4
  9
$DIMALTU
 70
     2
  9
$DIMALTTD
 70
     2
  9
$DIMTXSTY
  7
Standard
  9
$DIMAUNIT
 70
     0
  9
$DIMADEC
 70
     0
  9
$DIMALTRND
 40
0.0
  9
$DIMAZIN
 70
     0
  9
$DIMDSEP
 70
    46
  9
$DIMATFIT
 70
     3
  9
$DIMFRAC
 70
     0
  9
$DIMLDRBLK
  1

  9
$DIMLUNIT
 70
     2
  9
$DIMLWD
 70
    -2
  9
$DIMLWE
 70
    -2
  9
$DIMTMOVE
 70
     0
  9
$DIMFXL
 40
1.0
  9
$DIMFXLON
 70
     0
  9
$DIMJOGANG
 40
0.7853981633974483
  9
$DIMTFILL
 70
     0
  9
$DIMTFILLCLR
 70
     0
  9
$DIMARCSYM
 70
     0
  9
$DIMLTYPE
  6

  9
$DIMLTEX1
  6

  9
$DIMLTEX2
  6

  9
$DIMTXTDIRECTION
 70
     0
  9
$LUNITS
 70
     2
  9
$LUPREC
 70
     4
  9
$SKETCHINC
 40
0.1
  9
$FILLETRAD
 40
0.0
  9
$AUNITS
 70
     0
  9
$AUPREC
 70
     0
  9
$MENU
  1
.
  9
$ELEVATION
 40
0.0
  9
$PELEVATION
 40
0.0
  9
$THICKNESS
 40
0.0
  9
$LIMCHECK
 70
     0
  9
$CHAMFERA
 40
0.0
  9
$CHAMFERB
 40
0.0
  9
$CHAMFERC
 40
0.0
  9
$CHAMFERD
 40
0.0
  9
$SKPOLY
 70
     0
  9
$TDCREATE
 40
2460784.457372685
  9
$TDUCREATE
 40
2460784.457372685
  9
$TDUPDATE
 40
2460784.457372685
  9
$TDUUPDATE
 40
2460784.457372685
  9
$TDINDWG
 40
0.0000000000
  9
$TDUSRTIMER
 40
0.0000000000
  9
$USRTIMER
 70
     1
  9
$ANGBASE
 50
0.0
  9
$ANGDIR
 70
     0
  9
$PDMODE
 70
     0
  9
$PDSIZE
 40
0.0
  9
$PLINEWID
 40
0.0
  9
$SPLFRAME
 70
     0
  9
$SPLINETYPE
 70
     6
  9
$SPLINESEGS
 70
     8
  9
$HANDSEED
  5
158
  9
$SURFTAB1
 70
     6
  9
$SURFTAB2
 70
     6
  9
$SURFTYPE
 70
     6
  9
$SURFU
 70
     6
  9
$SURFV
 70
     6
  9
$UCSBASE
  2

  9
$UCSNAME
  2

  9
$UCSORG
 10
0.0
 20
0.0
 30
0.0
  9
$UCSXDIR
 10
1.0
 20
0.0
 30
0.0
  9
$UCSYDIR
 10
0.0
 20
1.0
 30
0.0
  9
$UCSORTHOREF
  2

  9
$UCSORTHOVIEW
 70
     0
  9
$UCSORGTOP
 10
0.0
 20
0.0
 30
0.0
  9
$UCSORGBOTTOM
 10
0.0
 20
0.0
 30
0.0
  9
$UCSORGLEFT
 10
0.0
 20
0.0
 30
0.0
  9
$UCSORGRIGHT
 10
0.0
 20
0.0
 30
0.0
  9
$UCSORGFRONT
 10
0.0
 20
0.0
 30
0.0
  9
$UCSORGBACK
 10
0.0
 20
0.0
 30
0.0
  9
$PUCSBASE
  2

  9
$PUCSNAME
  2

  9
$PUCSORG
 10
0.0
 20
0.0
 30
0.0
  9
$PUCSXDIR
 10
1.0
 20
0.0
 30
0.0
  9
$PUCSYDIR
 10
0.0
 20
1.0
 30
0.0
  9
$PUCSORTHOREF
  2

  9
$PUCSORTHOVIEW
 70
     0
  9
$PUCSORGTOP
 10
0.0
 20
0.0
 30
0.0
  9
$PUCSORGBOTTOM
 10
0.0
 20
0.0
 30
0.0
  9
$PUCSORGLEFT
 10
0.0
 20
0.0
 30
0.0
  9
$PUCSORGRIGHT
 10
0.0
 20
0.0
 30
0.0
  9
$PUCSORGFRONT
 10
0.0
 20
0.0
 30
0.0
  9
$PUCSORGBACK
 10
0.0
 20
0.0
 30
0.0
  9
$USERI1
 70
     0
  9
$USERI2
 70
     0
  9
$USERI3
 70
     0
  9
$USERI4
 70
     0
  9
$USERI5
 70
     0
  9
$USERR1
 40
0.0
  9
$USERR2
 40
0.0
  9
$USERR3
 40
0.0
  9
$USERR4
 40
0.0
  9
$USERR5
 40
0.0
  9
$WORLDVIEW
 70
     1
  9
$SHADEDGE
 70
     3
  9
$SHADEDIF
 70
    70
  9
$TILEMODE
 70
     1
  9
$MAXACTVP
 70
    64
  9
$PINSBASE
 10
0.0
 20
0.0
 30
0.0
  9
$PLIMCHECK
 70
     0
  9
$PEXTMIN
 10
1.000000000000000E+20
 20
1.000000000000000E+20
 30
1.000000000000000E+20
  9
$PEXTMAX
 10
-1.000000000000000E+20
 20
-1.000000000000000E+20
 30
-1.000000000000000E+20
  9
$PLIMMIN
 10
0.0
 20
0.0
  9
$PLIMMAX
 10
12.0
 20
9.0
  9
$UNITMODE
 70
     0
  9
$VISRETAIN
 70
     1
  9
$PLINEGEN
 70
     0
  9
$PSLTSCALE
 70
     1
  9
$TREEDEPTH
 70
  3020
  9
$CMLSTYLE
  2
Standard
  9
$CMLJUST
 70
     0
  9
$CMLSCALE
 40
1.0
  9
$PROXYGRAPHICS
 70
     1
  9
$MEASUREMENT
 70
     0
  9
$CELWEIGHT
370
    -1
  9
$ENDCAPS
280
     0
  9
$JOINSTYLE
280
     0
  9
$LWDISPLAY
290
     0
  9
$INSUNITS
 70
     4
  9
$HYPERLINKBASE
  1

  9
$STYLESHEET
  1

  9
$XEDIT
290
     1
  9
$CEPSNTYPE
380
     0
  9
$PSTYLEMODE
290
     1
  9
$FINGERPRINTGUID
  2
{03298A87-52BF-D34D-BD3D-8F31E24AD64C}
  9
$VERSIONGUID
  2
{90235539-9D20-E543-BE50-9E20308F00B9}
  9
$EXTNAMES
290
     1
  9
$PSVPSCALE
 40
0.0
  9
$OLESTARTUP
290
     0
  9
$SORTENTS
280
   127
  9
$INDEXCTL
280
     0
  9
$HIDETEXT
280
     1
  9
$XCLIPFRAME
280
     2
  9
$HALOGAP
280
     0
  9
$OBSCOLOR
 70
   257
  9
$OBSLTYPE
280
     0
  9
$INTERSECTIONDISPLAY
280
     0
  9
$INTERSECTIONCOLOR
 70
   257
  9
$DIMASSOC
280
     2
  9
$PROJECTNAME
  1

  9
$CAMERADISPLAY
290
     0
  9
$LENSLENGTH
 40
50.0
  9
$CAMERAHEIGHT
 40
0.0
  9
$STEPSPERSEC
 40
2.0
  9
$STEPSIZE
 40
6.0
  9
$3DDWFPREC
 40
2.0
  9
$PSOLWIDTH
 40
0.25
  9
$PSOLHEIGHT
 40
4.0
  9
$LOFTANG1
 40
1.570796326794896
  9
$LOFTANG2
 40
1.570796326794896
  9
$LOFTMAG1
 40
0.0
  9
$LOFTMAG2
 40
0.0
  9
$LOFTPARAM
 70
     7
  9
$LOFTNORMALS
280
     1
  9
$LATITUDE
 40
37.795
  9
$LONGITUDE
 40
-122.394
  9
$NORTHDIRECTION
 40
0.0
  9
$TIMEZONE
 70
 -8000
  9
$LIGHTGLYPHDISPLAY
280
     1
  9
$TILEMODELIGHTSYNCH
280
     1
  9
$CMATERIAL
347
11
  9
$SOLIDHIST
280
     0
  9
$SHOWHIST
280
     1
  9
$DWFFRAME
280
     2
  9
$DGNFRAME
280
     0
  9
$REALWORLDSCALE
290
     1
  9
$INTERFERECOLOR
 62
     1
  9
$INTERFEREOBJVS
345
33
  9
$INTERFEREVPVS
346
30
  9
$CSHADOW
280
     0
  9
$SHADOWPLANELOCATION
 40
0.0
  0
ENDSEC
  0
SECTION
  2
CLASSES
  0
CLASS
  1
ACDBDICTIONARYWDFLT
  2
AcDbDictionaryWithDefault
  3
ObjectDBX Classes
 90
        0
 91
        1
280
     0
281
     0
  0
CLASS
  1
MATERIAL
  2
AcDbMaterial
  3
ObjectDBX Classes
 90
     1153
 91
        4
280
     0
281
     0
  0
CLASS
  1
VISUALSTYLE
  2
AcDbVisualStyle
  3
ObjectDBX Classes
 90
     4095
 91
       24
280
     0
281
     0
  0
CLASS
  1
SCALE
  2
AcDbScale
  3
ObjectDBX Classes
 90
     1153
 91
       17
280
     0
281
     0
  0
CLASS
  1
TABLESTYLE
  2
AcDbTableStyle
  3
ObjectDBX Classes
 90
     4095
 91
        1
280
     0
281
     0
  0
CLASS
  1
MLEADERSTYLE
  2
AcDbMLeaderStyle
  3
ACDB_MLEADERSTYLE_CLASS
 90
     4095
 91
        1
280
     0
281
     0
  0
CLASS
  1
ACDBSECTIONVIEWSTYLE
  2
AcDbSectionViewStyle
  3
ObjectDBX Classes
 90
     1025
 91
        1
280
     0
281
     0
  0
CLASS
  1
ACDBDETAILVIEWSTYLE
  2
AcDbDetailViewStyle
  3
ObjectDBX Classes
 90
     1025
 91
        1
280
     0
281
     0
  0
CLASS
  1
DICTIONARYVAR
  2
AcDbDictionaryVar
  3
ObjectDBX Classes
 90
        0
 91
        5
280
     0
281
     0
  0
CLASS
  1
CELLSTYLEMAP
  2
AcDbCellStyleMap
  3
ObjectDBX Classes
 90
     1152
 91
        1
280
     0
281
     0
  0
ENDSEC
  0
SECTION
  2
TABLES
  0
TABLE
  2
VPORT
  5
8
330
0
100
AcDbSymbolTable
 70
     1
1001
ACAD
1000
DbSaveVer
1071
      421
  0
VPORT
  5
57
330
8
100
AcDbSymbolTableRecord
100
AcDbViewportTableRecord
  2
*Active
 70
     0
 10
0.0
 20
0.0
 11
1.0
 21
1.0
 12
500.0
 22
500.0
 13
0.0
 23
0.0
 14
1.0
 24
1.0
 15
0.0
 25
0.0
 16
0.0
 26
0.0
 36
1.0
 17
0.0
 27
0.0
 37
0.0
 40
12.0
 41
1.0
 42
50.0
 43
0.0
 44
0.0
 50
0.0
 51
0.0
 71
     0
 72
   100
 73
     1
 74
     1
 75
     0
 76
     0
 77
     0
 78
     0
281
     0
 65
     1
110
0.0
120
0.0
130
0.0
111
1.0
121
0.0
131
0.0
112
0.0
122
1.0
132
0.0
 79
     0
146
0.0
 60
     3
 61
     5
292
     1
282
     1
141
0.0
142
0.0
 63
   250
421
  3355443
  0
ENDTAB
  0
TABLE
  2
LTYPE
  5
5
330
0
100
AcDbSymbolTable
 70
     1
  0
LTYPE
  5
5B
330
5
100
AcDbSymbolTableRecord
100
AcDbLinetypeTableRecord
  2
ByBlock
 70
     0
  3

 72
    65
 73
     0
 40
0.0
  0
LTYPE
  5
5C
330
5
100
AcDbSymbolTableRecord
100
AcDbLinetypeTableRecord
  2
ByLayer
 70
     0
  3

 72
    65
 73
     0
 40
0.0
  0
LTYPE
  5
5D
330
5
100
AcDbSymbolTableRecord
100
AcDbLinetypeTableRecord
  2
Continuous
 70
     0
  3
Solid line
 72
    65
 73
     0
 40
0.0
  0
ENDTAB
  0
TABLE
  2
LAYER
  5
2
330
0
100
AcDbSymbolTable
 70
     2
  0
LAYER
  5
54
330
2
100
AcDbSymbolTableRecord
100
AcDbLayerTableRecord
  2
0
 70
     0
 62
     7
  6
Continuous
370
    -3
390
F
347
21
348
0
  0
LAYER
  5
7A
330
2
100
AcDbSymbolTableRecord
100
AcDbLayerTableRecord
  2
Back v4_Sketch1
 70
     0
 62
     7
  6
Continuous
370
    -3
390
F
347
21
348
0
1001
NFusion_SketchTransform
1000
-1.000000;0.000000;-0.000000;0.468006;0.000000;-1.000000;0.000000;2.581970;-0.000000;0.000000;1.000000;-2.700000;0.000000;0.000000;0.000000;1.000000
  0
ENDTAB
  0
TABLE
  2
STYLE
  5
3
330
0
100
AcDbSymbolTable
 70
     2
  0
STYLE
  5
55
330
3
100
AcDbSymbolTableRecord
100
AcDbTextStyleTableRecord
  2
Standard
 70
     0
 40
0.0
 41
1.0
 50
0.0
 71
     0
 42
0.2
  3
txt
  4

  0
STYLE
  5
5A
330
3
100
AcDbSymbolTableRecord
100
AcDbTextStyleTableRecord
  2
Annotative
 70
     0
 40
0.0
 41
1.0
 50
0.0
 71
     0
 42
0.2
  3
txt
  4

1001
AcadAnnotative
1000
AnnotativeData
1002
{
1070
     1
1070
     1
1002
}
  0
ENDTAB
  0
TABLE
  2
VIEW
  5
6
330
0
100
AcDbSymbolTable
 70
     0
  0
ENDTAB
  0
TABLE
  2
UCS
  5
7
330
0
100
AcDbSymbolTable
 70
     0
  0
ENDTAB
  0
TABLE
  2
APPID
  5
9
330
0
100
AcDbSymbolTable
 70
     4
  0
APPID
  5
56
330
9
100
AcDbSymbolTableRecord
100
AcDbRegAppTableRecord
  2
ACAD
 70
     0
  0
APPID
  5
5E
330
9
100
AcDbSymbolTableRecord
100
AcDbRegAppTableRecord
  2
AcadAnnotative
 70
     0
  0
APPID
  5
78
330
9
100
AcDbSymbolTableRecord
100
AcDbRegAppTableRecord
  2
EDIT_IN_FUSION_ACAD_ADDIN
 70
     0
  0
APPID
  5
79
330
9
100
AcDbSymbolTableRecord
100
AcDbRegAppTableRecord
  2
NFusion_SketchTransform
 70
     0
  0
ENDTAB
  0
TABLE
  2
DIMSTYLE
  5
A
330
0
100
AcDbSymbolTable
 70
     2
100
AcDbDimStyleTable
 71
     0
  0
DIMSTYLE
105
58
330
A
100
AcDbSymbolTableRecord
100
AcDbDimStyleTableRecord
  2
Standard
 70
     0
340
55
  0
DIMSTYLE
105
59
330
A
100
AcDbSymbolTableRecord
100
AcDbDimStyleTableRecord
  2
Annotative
 70
     0
340
55
1001
AcadAnnotative
1000
AnnotativeData
1002
{
1070
     1
1070
     1
1002
}
  0
ENDTAB
  0
TABLE
  2
BLOCK_RECORD
  5
1
330
0
100
AcDbSymbolTable
 70
     2
  0
BLOCK_RECORD
  5
70
330
1
100
AcDbSymbolTableRecord
100
AcDbBlockTableRecord
  2
*Model_Space
340
73
 70
     0
280
     1
281
     0
  0
BLOCK_RECORD
  5
6C
330
1
100
AcDbSymbolTableRecord
100
AcDbBlockTableRecord
  2
*Paper_Space
340
6F
 70
     0
280
     1
281
     0
  0
BLOCK_RECORD
  5
74
330
1
100
AcDbSymbolTableRecord
100
AcDbBlockTableRecord
  2
*Paper_Space0
340
77
 70
     0
280
     1
281
     0
  0
BLOCK_RECORD
  5
13C
330
1
100
AcDbSymbolTableRecord
100
AcDbBlockTableRecord
  2
TBezelclosed
340
0
102
{BLKREFS
331
148
102
}
 70
     0
280
     1
281
     0
  0
ENDTAB
  0
ENDSEC
  0
SECTION
  2
BLOCKS
  0
BLOCK
  5
71
330
70
100
AcDbEntity
  8
0
100
AcDbBlockBegin
  2
*Model_Space
 70
     0
 10
0.0
 20
0.0
 30
0.0
  3
*Model_Space
  1

  0
ENDBLK
  5
72
330
70
100
AcDbEntity
  8
0
100
AcDbBlockEnd
  0
BLOCK
  5
6D
330
6C
100
AcDbEntity
 67
     1
  8
0
100
AcDbBlockBegin
  2
*Paper_Space
 70
     0
 10
0.0
 20
0.0
 30
0.0
  3
*Paper_Space
  1

  0
ENDBLK
  5
6E
330
6C
100
AcDbEntity
 67
     1
  8
0
100
AcDbBlockEnd
  0
BLOCK
  5
75
330
74
100
AcDbEntity
 67
     1
  8
0
100
AcDbBlockBegin
  2
*Paper_Space0
 70
     0
 10
0.0
 20
0.0
 30
0.0
  3
*Paper_Space0
  1

  0
ENDBLK
  5
76
330
74
100
AcDbEntity
 67
     1
  8
0
100
AcDbBlockEnd
  0
BLOCK
  5
149
330
13C
100
AcDbEntity
  8
0
100
AcDbBlockBegin
  2
TBezelclosed
 70
     0
 10
0.0
 20
0.0
 30
0.0
  3
TBezelclosed
  1

  0
3DSOLID
  5
147
330
13C
100
AcDbEntity
  8
0
347
13D
100
AcDbModelerGeometry
290
     1
  2
{b9316817-4191-8645-b494-b23b83ebda60}
100
AcDb3dSolid
350
0
  0
ENDBLK
  5
14A
330
13C
100
AcDbEntity
  8
0
100
AcDbBlockEnd
  0
ENDSEC
  0
SECTION
  2
ENTITIES
  0
POINT
  5
7B
330
70
100
AcDbEntity
  8
Back v4_Sketch1
100
AcDbPoint
 10
-54.253453800833
 20
6.208701451339022
 30
-27.00000000000001
  0
POINT
  5
7C
330
70
100
AcDbEntity
  8
Back v4_Sketch1
100
AcDbPoint
 10
48.93609499036424
 20
47.33876878745198
 30
-26.99999999999999
  0
POINT
  5
7D
330
70
100
AcDbEntity
  8
Back v4_Sketch1
100
AcDbPoint
 10
23.42946342634277
 20
6.208701451338908
 30
-26.99999999999999
  0
POINT
  5
7E
330
70
100
AcDbEntity
  8
Back v4_Sketch1
100
AcDbPoint
 10
48.93609499036437
 20
3.912605459274303
 30
-26.99999999999999
  0
POINT
  5
7F
330
70
100
AcDbEntity
  8
Back v4_Sketch1
100
AcDbPoint
 10
-71.42425861105497
 20
6.208701451339047
 30
-27.00000000000001
  0
POINT
  5
80
330
70
100
AcDbEntity
  8
Back v4_Sketch1
100
AcDbPoint
 10
40.60026823656474
 20
6.108871190814335
 30
-26.99999999999999
  0
POINT
  5
81
330
70
100
AcDbEntity
  8
Back v4_Sketch1
100
AcDbPoint
 10
44.09432735492382
 20
21.48273131159448
 30
-26.99999999999999
  0
POINT
  5
82
330
70
100
AcDbEntity
  8
Back v4_Sketch1
100
AcDbPoint
 10
4.68006075085838
 20
25.81970251053923
 30
-26.99999999999999
  0
POINT
  5
83
330
70
100
AcDbEntity
  8
Back v4_Sketch1
100
AcDbPoint
 10
44.09432735492385
 20
12.89732890648348
 30
-26.99999999999999
  0
POINT
  5
84
330
70
100
AcDbEntity
  8
Back v4_Sketch1
100
AcDbPoint
 10
-62.83885620594403
 20
11.3000447380909
 30
-27.00000000000001
  0
POINT
  5
85
330
70
100
AcDbEntity
  8
Back v4_Sketch1
100
AcDbPoint
 10
-28.08295100432318
 20
11.30004473809085
 30
-27.0
  0
POINT
  5
86
330
70
100
AcDbEntity
  8
Back v4_Sketch1
100
AcDbPoint
 10
-2.326743788990195
 20
6.208701451338947
 30
-26.99999999999999
  0
POINT
  5
87
330
70
100
AcDbEntity
  8
Back v4_Sketch1
100
AcDbPoint
 10
-62.838856205944
 20
6.208701451339035
 30
-27.00000000000001
  0
POINT
  5
88
330
70
100
AcDbEntity
  8
Back v4_Sketch1
100
AcDbPoint
 10
6.258658616120791
 20
6.208701451338933
 30
-26.99999999999999
  0
POINT
  5
89
330
70
100
AcDbEntity
  8
Back v4_Sketch1
100
AcDbPoint
 10
-71.424258611055
 20
11.30004473809091
 30
-27.00000000000001
  0
POINT
  5
8A
330
70
100
AcDbEntity
  8
Back v4_Sketch1
100
AcDbPoint
 10
-54.25345380083301
 20
11.30004473809089
 30
-27.00000000000001
  0
POINT
  5
8B
330
70
100
AcDbEntity
  8
Back v4_Sketch1
100
AcDbPoint
 10
38.90315380764742
 20
21.48273131159449
 30
-26.99999999999999
  0
POINT
  5
8C
330
70
100
AcDbEntity
  8
Back v4_Sketch1
100
AcDbPoint
 10
-80.4189650843166
 20
6.208701451339059
 30
-27.00000000000001
  0
POINT
  5
8D
330
70
100
AcDbEntity
  8
Back v4_Sketch1
100
AcDbPoint
 10
-19.49754859921218
 20
6.208701451338971
 30
-27.0
  0
POINT
  5
8E
330
70
100
AcDbEntity
  8
Back v4_Sketch1
100
AcDbPoint
 10
-19.49754859921219
 20
11.30004473809083
 30
-27.0
  0
POINT
  5
8F
330
70
100
AcDbEntity
  8
Back v4_Sketch1
100
AcDbPoint
 10
-97.58976989453858
 20
11.30004473809095
 30
-27.00000000000001
  0
POINT
  5
90
330
70
100
AcDbEntity
  8
Back v4_Sketch1
100
AcDbPoint
 10
38.90315380764744
 20
12.89732890648349
 30
-26.99999999999999
  0
POINT
  5
91
330
70
100
AcDbEntity
  8
Back v4_Sketch1
100
AcDbPoint
 10
-89.00436748942759
 20
11.30004473809094
 30
-27.00000000000001
  0
POINT
  5
92
330
70
100
AcDbEntity
  8
Back v4_Sketch1
100
AcDbPoint
 10
-45.25375581454515
 20
11.30004473809087
 30
-27.0
  0
POINT
  5
93
330
70
100
AcDbEntity
  8
Back v4_Sketch1
100
AcDbPoint
 10
-106.2999601253052
 20
3.912605459274534
 30
-27.00000000000001
  0
POINT
  5
94
330
70
100
AcDbEntity
  8
Back v4_Sketch1
100
AcDbPoint
 10
-36.66835340943418
 20
11.30004473809086
 30
-27.0
  0
POINT
  5
95
330
70
100
AcDbEntity
  8
Back v4_Sketch1
100
AcDbPoint
 10
-36.66835340943416
 20
6.208701451338995
 30
-27.0
  0
POINT
  5
96
330
70
100
AcDbEntity
  8
Back v4_Sketch1
100
AcDbPoint
 10
32.01486583145376
 20
6.208701451338896
 30
-26.99999999999999
  0
POINT
  5
97
330
70
100
AcDbEntity
  8
Back v4_Sketch1
100
AcDbPoint
 10
14.84406102123176
 20
11.30004473809078
 30
-26.99999999999999
  0
POINT
  5
98
330
70
100
AcDbEntity
  8
Back v4_Sketch1
100
AcDbPoint
 10
23.42946342634275
 20
11.30004473809077
 30
-26.99999999999999
  0
POINT
  5
99
330
70
100
AcDbEntity
  8
Back v4_Sketch1
100
AcDbPoint
 10
-10.9121461941012
 20
6.208701451338958
 30
-27.0
  0
POINT
  5
9A
330
70
100
AcDbEntity
  8
Back v4_Sketch1
100
AcDbPoint
 10
14.84406102123178
 20
6.20870145133892
 30
-26.99999999999999
  0
POINT
  5
9B
330
70
100
AcDbEntity
  8
Back v4_Sketch1
100
AcDbPoint
 10
-97.58976989453858
 20
6.208701451339086
 30
-27.00000000000001
  0
POINT
  5
9C
330
70
100
AcDbEntity
  8
Back v4_Sketch1
100
AcDbPoint
 10
32.01486583145375
 20
11.30004473809076
 30
-26.99999999999999
  0
POINT
  5
9D
330
70
100
AcDbEntity
  8
Back v4_Sketch1
100
AcDbPoint
 10
-106.2999601253054
 20
47.33876878745221
 30
-27.00000000000002
  0
POINT
  5
9E
330
70
100
AcDbEntity
  8
Back v4_Sketch1
100
AcDbPoint
 10
-45.25375581454513
 20
6.208701451339009
 30
-27.0
  0
POINT
  5
9F
330
70
100
AcDbEntity
  8
Back v4_Sketch1
100
AcDbPoint
 10
6.258658616120776
 20
11.3000447380908
 30
-26.99999999999999
  0
POINT
  5
A0
330
70
100
AcDbEntity
  8
Back v4_Sketch1
100
AcDbPoint
 10
-80.4189650843166
 20
11.30004473809092
 30
-27.00000000000001
  0
POINT
  5
A1
330
70
100
AcDbEntity
  8
Back v4_Sketch1
100
AcDbPoint
 10
-89.00436748942759
 20
6.208701451339074
 30
-27.00000000000001
  0
POINT
  5
A2
330
70
100
AcDbEntity
  8
Back v4_Sketch1
100
AcDbPoint
 10
-10.91214619410121
 20
11.30004473809082
 30
-27.0
  0
POINT
  5
A3
330
70
100
AcDbEntity
  8
Back v4_Sketch1
100
AcDbPoint
 10
-2.32674378899021
 20
11.30004473809081
 30
-26.99999999999999
  0
LINE
  5
A4
330
70
100
AcDbEntity
  8
Back v4_Sketch1
100
AcDbLine
 10
5.559847036175145
 20
21.67740050850522
 30
-26.99999999999999
 11
5.559847036175107
 21
31.12134224015397
 31
-26.99999999999999
  0
CIRCLE
  5
A5
330
70
100
AcDbEntity
  8
Back v4_Sketch1
100
AcDbCircle
 10
-45.74152665357885
 20
12.89732890648348
 30
27.0
 40
1.647199298655015
210
0.0000000000000002
220
0.0
230
-1.0
  0
CIRCLE
  5
A6
330
70
100
AcDbEntity
  8
Back v4_Sketch1
100
AcDbCircle
 10
-25.07666272499778
 20
6.208701451338906
 30
26.99999999999999
 40
1.647199298655013
210
0.0000000000000002
220
0.0
230
-1.0
  0
CIRCLE
  5
A7
330
70
100
AcDbEntity
  8
Back v4_Sketch1
100
AcDbCircle
 10
-42.24746753521976
 20
6.108871190814334
 30
27.0
 40
1.647199298655015
210
0.0000000000000002
220
0.0
230
-1.0
  0
CIRCLE
  5
A8
330
70
100
AcDbEntity
  8
Back v4_Sketch1
100
AcDbCircle
 10
50.75999999993975
 20
3.924999972914915
 30
-26.99999999999999
 40
2.875
  0
LINE
  5
A9
330
70
100
AcDbEntity
  8
Back v4_Sketch1
100
AcDbLine
 10
5.559847036175108
 20
31.12134224015397
 30
-26.99999999999999
 11
10.28181790199948
 21
31.12134224015397
 31
-26.99999999999999
  0
LINE
  5
AA
330
70
100
AcDbEntity
  8
Back v4_Sketch1
100
AcDbLine
 10
-105.7500000000622
 20
-0.1300000270092427
 30
-27.00000000000001
 11
51.74999999993781
 21
-0.1300000270855513
 31
-26.99999999999998
  0
LINE
  5
AB
330
70
100
AcDbEntity
  8
Back v4_Sketch1
100
AcDbLine
 10
-58.81569707239417
 20
31.12134224015407
 30
-27.00000000000001
 11
-58.81569707239416
 21
21.67740050850531
 31
-27.00000000000001
  0
LINE
  5
AC
330
70
100
AcDbEntity
  8
Back v4_Sketch1
100
AcDbLine
 10
-50.23029619057204
 20
21.6774005085053
 30
-27.00000000000001
 11
-54.9522632481742
 21
21.67740050850531
 31
-27.00000000000001
  0
CIRCLE
  5
AD
330
70
100
AcDbEntity
  8
Back v4_Sketch1
100
AcDbCircle
 10
-104.7600000000392
 20
47.44499997299027
 30
-27.00000000000002
 40
2.875
  0
LINE
  5
AE
330
70
100
AcDbEntity
  8
Back v4_Sketch1
100
AcDbLine
 10
55.74999999993977
 20
3.869999972912494
 30
-26.99999999999997
 11
55.74999999996093
 21
47.49999997291249
 31
-26.99999999999998
  0
LINE
  5
AF
330
70
100
AcDbEntity
  8
Back v4_Sketch1
100
AcDbLine
 10
-11.56104416707345
 20
21.88205246641612
 30
-27.0
 11
-11.56104416707348
 21
30.86677591362529
 31
-27.0
  0
LINE
  5
B0
330
70
100
AcDbEntity
  8
Back v4_Sketch1
100
AcDbLine
 10
-54.95226324817424
 20
31.12134224015406
 30
-27.00000000000001
 11
-50.23029619057208
 21
31.12134224015406
 31
-27.00000000000001
  0
ARC
  5
B1
330
70
100
AcDbEntity
  8
Back v4_Sketch1
100
AcDbCircle
 10
-105.7500000000391
 20
47.49999997299077
 30
-27.00000000000002
 40
4.000000000000003
100
AcDbArc
 50
89.99999999997212
 51
179.9999999999723
  0
LINE
  5
B2
330
70
100
AcDbEntity
  8
Back v4_Sketch1
100
AcDbLine
 10
-109.7500000000391
 20
47.49999997299271
 30
-27.00000000000002
 11
-109.7500000000603
 21
3.869999972992722
 31
-27.00000000000002
  0
ARC
  5
B3
330
70
100
AcDbEntity
  8
Back v4_Sketch1
100
AcDbCircle
 10
51.74999999993975
 20
3.869999972914452
 30
-26.99999999999997
 40
4.000000000000007
100
AcDbArc
 50
269.9999999999718
 51
359.9999999999719
  0
LINE
  5
B4
330
70
100
AcDbEntity
  8
Back v4_Sketch1
100
AcDbLine
 10
-58.81569707239416
 20
21.67740050850531
 30
-27.00000000000001
 11
-63.53767174644075
 21
21.67740050850532
 31
-27.00000000000001
  0
LINE
  5
B5
330
70
100
AcDbEntity
  8
Back v4_Sketch1
100
AcDbLine
 10
-11.56104416707348
 20
30.8667759136253
 30
-27.0
 11
-6.968849898011018
 21
30.86677591362529
 31
-27.0
  0
CIRCLE
  5
B6
330
70
100
AcDbEntity
  8
Back v4_Sketch1
100
AcDbCircle
 10
61.19165690728901
 20
11.3000447380909
 30
26.99999999999999
 40
1.647199298655021
210
0.0000000000000002
220
0.0
230
-1.0
  0
CIRCLE
  5
B7
330
70
100
AcDbEntity
  8
Back v4_Sketch1
100
AcDbCircle
 10
-50.73303967980621
 20
3.912605459274304
 30
27.0
 40
1.796944689441834
210
0.0000000000000002
220
0.0
230
-1.0
  0
CIRCLE
  5
B8
330
70
100
AcDbEntity
  8
Back v4_Sketch1
100
AcDbCircle
 10
50.75999999996082
 20
47.44499997291491
 30
-26.99999999999999
 40
2.875
  0
ARC
  5
B9
330
70
100
AcDbEntity
  8
Back v4_Sketch1
100
AcDbCircle
 10
51.7499999999609
 20
47.49999997291445
 30
-26.99999999999999
 40
4.000000000000021
100
AcDbArc
 50
359.999999999972
 51
89.99999999997212
  0
LINE
  5
BA
330
70
100
AcDbEntity
  8
Back v4_Sketch1
100
AcDbLine
 10
-50.23029619057208
 20
31.12134224015406
 30
-27.00000000000001
 11
-50.23029619057204
 21
21.6774005085053
 31
-27.00000000000001
  0
CIRCLE
  5
BB
330
70
100
AcDbEntity
  8
Back v4_Sketch1
100
AcDbCircle
 10
69.77705931239995
 20
6.208701451339045
 30
26.99999999999999
 40
1.647199298655021
210
0.0000000000000002
220
0.0
230
-1.0
  0
LINE
  5
BC
330
70
100
AcDbEntity
  8
Back v4_Sketch1
100
AcDbLine
 10
10.28181790199952
 20
21.67740050850521
 30
-26.99999999999999
 11
5.559847036175143
 21
21.67740050850522
 31
-26.99999999999999
  0
LINE
  5
BD
330
70
100
AcDbEntity
  8
Back v4_Sketch1
100
AcDbLine
 10
-63.53767174644076
 20
21.67740050850532
 30
-27.00000000000001
 11
-63.53767174644078
 21
31.12134224015408
 31
-27.00000000000001
  0
LINE
  5
BE
330
70
100
AcDbEntity
  8
Back v4_Sketch1
100
AcDbLine
 10
-63.53767174644077
 20
31.12134224015407
 30
-27.00000000000001
 11
-58.81569707239417
 21
31.12134224015407
 31
-27.00000000000001
  0
LINE
  5
BF
330
70
100
AcDbEntity
  8
Back v4_Sketch1
100
AcDbLine
 10
-54.9522632481742
 20
21.67740050850531
 30
-27.00000000000001
 11
-54.95226324817424
 21
31.12134224015406
 31
-27.00000000000001
  0
LINE
  5
C0
330
70
100
AcDbEntity
  8
Back v4_Sketch1
100
AcDbLine
 10
51.74999999996284
 20
51.49999997291445
 30
-26.99999999999999
 11
-105.7500000000372
 21
51.49999997299079
 31
-27.00000000000002
  0
LINE
  5
C1
330
70
100
AcDbEntity
  8
Back v4_Sketch1
100
AcDbLine
 10
-6.968849898010991
 20
21.88205246641611
 30
-27.0
 11
-11.56104416707345
 21
21.88205246641612
 31
-27.0
  0
LINE
  5
C2
330
70
100
AcDbEntity
  8
Back v4_Sketch1
100
AcDbLine
 10
-6.968849898011018
 20
30.86677591362529
 30
-27.0
 11
-6.96884989801099
 21
21.88205246641611
 31
-27.0
  0
CIRCLE
  5
C3
330
70
100
AcDbEntity
  8
Back v4_Sketch1
100
AcDbCircle
 10
-50.73303967980606
 20
47.33876878745198
 30
26.99999999999999
 40
1.796944689441834
210
0.0000000000000002
220
0.0
230
-1.0
  0
ARC
  5
C4
330
70
100
AcDbEntity
  8
Back v4_Sketch1
100
AcDbCircle
 10
-105.7500000000602
 20
3.86999997299076
 30
-27.00000000000001
 40
3.999999999999985
100
AcDbArc
 50
179.9999999999718
 51
269.9999999999719
  0
CIRCLE
  5
C5
330
70
100
AcDbEntity
  8
Back v4_Sketch1
100
AcDbCircle
 10
52.60625450217799
 20
6.208701451339021
 30
27.0
 40
1.647199298655021
210
0.0000000000000002
220
0.0
230
-1.0
  0
CIRCLE
  5
C6
330
70
100
AcDbEntity
  8
Back v4_Sketch1
100
AcDbCircle
 10
-104.7600000000602
 20
3.924999972990272
 30
-27.00000000000001
 40
2.875
  0
LINE
  5
C7
330
70
100
AcDbEntity
  8
Back v4_Sketch1
100
AcDbLine
 10
14.14524791799721
 20
31.12134224015396
 30
-26.99999999999999
 11
18.86721878382159
 21
31.12134224015396
 31
-26.99999999999999
  0
LINE
  5
C8
330
70
100
AcDbEntity
  8
Back v4_Sketch1
100
AcDbLine
 10
-81.11777361768448
 20
21.67740050850534
 30
-27.00000000000001
 11
-81.11777361768449
 21
31.1213422401541
 31
-27.00000000000001
  0
LINE
  5
C9
330
70
100
AcDbEntity
  8
Back v4_Sketch1
100
AcDbLine
 10
18.86721878382159
 20
31.12134224015396
 30
-26.99999999999999
 11
18.86721878382162
 21
21.6774005085052
 31
-26.99999999999999
  0
CIRCLE
  5
CA
330
70
100
AcDbEntity
  8
Back v4_Sketch1
100
AcDbCircle
 10
78.7717657856616
 20
6.208701451339059
 30
26.99999999999999
 40
1.647199298655021
210
0.0000000000000002
220
0.0
230
-1.0
  0
LINE
  5
CB
330
70
100
AcDbEntity
  8
Back v4_Sketch1
100
AcDbLine
 10
-41.23059881359974
 20
21.67740050850529
 30
-27.0
 11
-45.9525658712019
 21
21.67740050850529
 31
-27.0
  0
LINE
  5
CC
330
70
100
AcDbEntity
  8
Back v4_Sketch1
100
AcDbLine
 10
-20.19636322573564
 20
31.12134224015401
 30
-27.0
 11
-15.47438855168904
 21
31.12134224015401
 31
-27.0
  0
CIRCLE
  5
CD
330
70
100
AcDbEntity
  8
Back v4_Sketch1
100
AcDbCircle
 10
95.94257059588356
 20
11.30004473809095
 30
26.99999999999999
 40
1.647199298655021
210
0.0000000000000002
220
0.0
230
-1.0
  0
LINE
  5
CE
330
70
100
AcDbEntity
  8
Back v4_Sketch1
100
AcDbLine
 10
-84.98121505834886
 20
21.67740050850535
 30
-27.00000000000001
 11
-89.70318211595103
 21
21.67740050850536
 31
-27.00000000000001
  0
LINE
  5
CF
330
70
100
AcDbEntity
  8
Back v4_Sketch1
100
AcDbLine
 10
-28.78176410755774
 20
31.12134224015402
 30
-27.0
 11
-24.05978943351114
 21
31.12134224015402
 31
-27.0
  0
LINE
  5
D0
330
70
100
AcDbEntity
  8
Back v4_Sketch1
100
AcDbLine
 10
-15.47438855168904
 20
31.12134224015401
 30
-27.0
 11
-15.474388551689
 21
21.67740050850525
 31
-27.0
  0
CIRCLE
  5
D1
330
70
100
AcDbEntity
  8
Back v4_Sketch1
100
AcDbCircle
 10
35.02115411077916
 20
6.208701451338995
 30
26.99999999999999
 40
1.647199298655021
210
0.0000000000000002
220
0.0
230
-1.0
  0
LINE
  5
D2
330
70
100
AcDbEntity
  8
Back v4_Sketch1
100
AcDbLine
 10
39.25255996320953
 20
30.81686154500739
 30
-26.99999999999999
 11
39.25255996320949
 21
41.94793521267208
 31
-26.99999999999999
  0
LINE
  5
D3
330
70
100
AcDbEntity
  8
Back v4_Sketch1
100
AcDbLine
 10
1.696417020177418
 20
21.67740050850522
 30
-26.99999999999999
 11
-3.025553845646959
 21
21.67740050850523
 31
-26.99999999999999
  0
LINE
  5
D4
330
70
100
AcDbEntity
  8
Back v4_Sketch1
100
AcDbLine
 10
-3.025553845646959
 20
21.67740050850523
 30
-26.99999999999999
 11
-3.025553845646987
 21
31.12134224015399
 31
-26.99999999999999
  0
LINE
  5
D5
330
70
100
AcDbEntity
  8
Back v4_Sketch1
100
AcDbLine
 10
-11.61095472746909
 20
31.121342240154
 30
-27.0
 11
-6.888987669866933
 21
31.12134224015399
 31
-27.0
  0
LINE
  5
D6
330
70
100
AcDbEntity
  8
Back v4_Sketch1
100
AcDbLine
 10
-93.56660832372654
 20
31.12134224015412
 30
-27.00000000000001
 11
-93.56660832372652
 21
21.67740050850536
 31
-27.00000000000001
  0
LINE
  5
D7
330
70
100
AcDbEntity
  8
Back v4_Sketch1
100
AcDbLine
 10
-72.12307262826287
 20
31.12134224015409
 30
-27.00000000000001
 11
-67.40109795421628
 21
31.12134224015408
 31
-27.00000000000001
  0
LINE
  5
D8
330
70
100
AcDbEntity
  8
Back v4_Sketch1
100
AcDbLine
 10
27.45262347386591
 20
31.12134224015394
 30
-26.99999999999999
 11
27.45262347386594
 21
21.67740050850518
 31
-26.99999999999999
  0
LINE
  5
D9
330
70
100
AcDbEntity
  8
Back v4_Sketch1
100
AcDbLine
 10
18.86721878382162
 20
21.6774005085052
 30
-26.99999999999999
 11
14.14524791799724
 21
21.6774005085052
 31
-26.99999999999999
  0
CIRCLE
  5
DA
330
70
100
AcDbEntity
  8
Back v4_Sketch1
100
AcDbCircle
 10
0.6795444903351881
 20
6.208701451338945
 30
26.99999999999999
 40
1.647199298655013
210
0.0000000000000002
220
0.0
230
-1.0
  0
LINE
  5
DB
330
70
100
AcDbEntity
  8
Back v4_Sketch1
100
AcDbLine
 10
-76.39580656008233
 20
31.1213422401541
 30
-27.00000000000001
 11
-76.39580656008232
 21
21.67740050850534
 31
-27.00000000000001
  0
LINE
  5
DC
330
70
100
AcDbEntity
  8
Back v4_Sketch1
100
AcDbLine
 10
-6.888987669866903
 20
21.67740050850524
 30
-27.0
 11
-11.61095472746906
 21
21.67740050850524
 31
-27.0
  0
LINE
  5
DD
330
70
100
AcDbEntity
  8
Back v4_Sketch1
100
AcDbLine
 10
-45.9525658712019
 20
21.67740050850529
 30
-27.0
 11
-45.95256587120194
 21
31.12134224015405
 31
-27.0
  0
CIRCLE
  5
DE
330
70
100
AcDbEntity
  8
Back v4_Sketch1
100
AcDbCircle
 10
26.43575170566817
 20
11.30004473809085
 30
26.99999999999999
 40
1.647199298655021
210
0.0000000000000002
220
0.0
230
-1.0
  0
LINE
  5
DF
330
70
100
AcDbEntity
  8
Back v4_Sketch1
100
AcDbLine
 10
22.73065260804153
 20
31.12134224015395
 30
-26.99999999999999
 11
27.45262347386591
 21
31.12134224015395
 31
-26.99999999999999
  0
LINE
  5
E0
330
70
100
AcDbEntity
  8
Back v4_Sketch1
100
AcDbLine
 10
-45.95256587120194
 20
31.12134224015405
 30
-27.00000000000001
 11
-41.23059881359978
 21
31.12134224015405
 31
-27.00000000000001
  0
LINE
  5
E1
330
70
100
AcDbEntity
  8
Back v4_Sketch1
100
AcDbLine
 10
-24.05978943351114
 20
31.12134224015402
 30
-27.0
 11
-24.05978943351111
 21
21.67740050850527
 31
-27.0
  0
LINE
  5
E2
330
70
100
AcDbEntity
  8
Back v4_Sketch1
100
AcDbLine
 10
-20.19636322573559
 20
21.67740050850525
 30
-27.0
 11
-20.19636322573563
 21
31.12134224015401
 31
-27.0
  0
LINE
  5
E3
330
70
100
AcDbEntity
  8
Back v4_Sketch1
100
AcDbLine
 10
-15.474388551689
 20
21.67740050850525
 30
-27.0
 11
-20.1963632257356
 21
21.67740050850526
 31
-27.0
  0
LINE
  5
E4
330
70
100
AcDbEntity
  8
Back v4_Sketch1
100
AcDbLine
 10
10.28181790199948
 20
31.12134224015397
 30
-26.99999999999999
 11
10.28181790199952
 21
21.67740050850521
 31
-26.99999999999999
  0
LINE
  5
E5
330
70
100
AcDbEntity
  8
Back v4_Sketch1
100
AcDbLine
 10
-28.7817641075577
 20
21.67740050850527
 30
-27.0
 11
-28.78176410755773
 21
31.12134224015402
 31
-27.0
  0
LINE
  5
E6
330
70
100
AcDbEntity
  8
Back v4_Sketch1
100
AcDbLine
 10
-81.11777361768449
 20
31.1213422401541
 30
-27.00000000000001
 11
-76.39580656008232
 21
31.1213422401541
 31
-27.00000000000001
  0
CIRCLE
  5
E7
330
70
100
AcDbEntity
  8
Back v4_Sketch1
100
AcDbCircle
 10
-7.905857914775782
 20
11.3000447380908
 30
26.99999999999999
 40
1.647199298655013
210
0.0000000000000002
220
0.0
230
-1.0
  0
LINE
  5
E8
330
70
100
AcDbEntity
  8
Back v4_Sketch1
100
AcDbLine
 10
-6.888987669866932
 20
31.12134224015399
 30
-27.0
 11
-6.888987669866903
 21
21.67740050850524
 31
-27.0
  0
LINE
  5
E9
330
70
100
AcDbEntity
  8
Back v4_Sketch1
100
AcDbLine
 10
-72.12307262826285
 20
21.67740050850533
 30
-27.00000000000001
 11
-72.12307262826286
 21
31.12134224015409
 31
-27.00000000000001
  0
LINE
  5
EA
330
70
100
AcDbEntity
  8
Back v4_Sketch1
100
AcDbLine
 10
27.45262347386594
 20
21.67740050850519
 30
-26.99999999999999
 11
22.73065260804157
 21
21.6774005085052
 31
-26.99999999999999
  0
CIRCLE
  5
EB
330
70
100
AcDbEntity
  8
Back v4_Sketch1
100
AcDbCircle
 10
-40.55035310630244
 20
12.89732890648349
 30
26.99999999999999
 40
1.647199298655013
210
0.0000000000000002
220
0.0
230
-1.0
  0
LINE
  5
EC
330
70
100
AcDbEntity
  8
Back v4_Sketch1
100
AcDbLine
 10
-89.70318211595101
 20
21.67740050850536
 30
-27.00000000000001
 11
-89.70318211595104
 21
31.12134224015412
 31
-27.00000000000001
  0
LINE
  5
ED
330
70
100
AcDbEntity
  8
Back v4_Sketch1
100
AcDbLine
 10
47.23898080517322
 20
30.81686154500738
 30
-26.99999999999999
 11
39.25255996320952
 21
30.81686154500739
 31
-26.99999999999999
  0
CIRCLE
  5
EE
330
70
100
AcDbEntity
  8
Back v4_Sketch1
100
AcDbCircle
 10
52.60625450217801
 20
11.30004473809089
 30
27.0
 40
1.647199298655021
210
0.0000000000000002
220
0.0
230
-1.0
  0
LINE
  5
EF
330
70
100
AcDbEntity
  8
Back v4_Sketch1
100
AcDbLine
 10
-98.28857538132867
 20
21.67740050850537
 30
-27.00000000000001
 11
-98.2885753813287
 21
31.12134224015412
 31
-27.00000000000001
  0
LINE
  5
F0
330
70
100
AcDbEntity
  8
Back v4_Sketch1
100
AcDbLine
 10
-67.40109795421628
 20
31.12134224015408
 30
-27.00000000000001
 11
-67.40109795421627
 21
21.67740050850532
 31
-27.00000000000001
  0
CIRCLE
  5
F1
330
70
100
AcDbEntity
  8
Back v4_Sketch1
100
AcDbCircle
 10
-33.66206513010875
 20
11.30004473809076
 30
26.99999999999999
 40
1.647199298655013
210
0.0000000000000002
220
0.0
230
-1.0
  0
CIRCLE
  5
F2
330
70
100
AcDbEntity
  8
Back v4_Sketch1
100
AcDbCircle
 10
-33.66206513010876
 20
6.208701451338894
 30
26.99999999999999
 40
1.647199298655013
210
0.0000000000000002
220
0.0
230
-1.0
  0
LINE
  5
F3
330
70
100
AcDbEntity
  8
Back v4_Sketch1
100
AcDbLine
 10
-3.025553845646987
 20
31.12134224015399
 30
-26.99999999999999
 11
1.696417020177389
 21
31.12134224015398
 31
-26.99999999999999
  0
CIRCLE
  5
F4
330
70
100
AcDbEntity
  8
Back v4_Sketch1
100
AcDbCircle
 10
87.35716819077257
 20
6.208701451339072
 30
26.99999999999999
 40
1.647199298655021
210
0.0000000000000002
220
0.0
230
-1.0
  0
CIRCLE
  5
F5
330
70
100
AcDbEntity
  8
Back v4_Sketch1
100
AcDbCircle
 10
-45.74152665357884
 20
21.48273131159447
 30
27.0
 40
1.647199298655015
210
0.0000000000000002
220
0.0
230
-1.0
  0
LINE
  5
F6
330
70
100
AcDbEntity
  8
Back v4_Sketch1
100
AcDbLine
 10
-24.0597894335111
 20
21.67740050850526
 30
-27.0
 11
-28.7817641075577
 21
21.67740050850527
 31
-27.0
  0
LINE
  5
F7
330
70
100
AcDbEntity
  8
Back v4_Sketch1
100
AcDbLine
 10
-93.56660832372652
 20
21.67740050850536
 30
-27.00000000000001
 11
-98.28857538132869
 21
21.67740050850537
 31
-27.00000000000001
  0
LINE
  5
F8
330
70
100
AcDbEntity
  8
Back v4_Sketch1
100
AcDbLine
 10
-98.28857538132872
 20
31.12134224015413
 30
-27.00000000000001
 11
-93.56660832372654
 21
31.12134224015413
 31
-27.00000000000001
  0
LINE
  5
F9
330
70
100
AcDbEntity
  8
Back v4_Sketch1
100
AcDbLine
 10
-76.39580656008232
 20
21.67740050850534
 30
-27.00000000000001
 11
-81.11777361768449
 21
21.67740050850534
 31
-27.00000000000001
  0
LINE
  5
FA
330
70
100
AcDbEntity
  8
Back v4_Sketch1
100
AcDbLine
 10
-11.61095472746906
 20
21.67740050850524
 30
-27.0
 11
-11.61095472746909
 21
31.12134224015399
 31
-27.0
  0
LINE
  5
FB
330
70
100
AcDbEntity
  8
Back v4_Sketch1
100
AcDbLine
 10
-41.23059881359978
 20
31.12134224015405
 30
-27.0
 11
-41.23059881359974
 21
21.67740050850529
 31
-27.0
  0
LINE
  5
FC
330
70
100
AcDbEntity
  8
Back v4_Sketch1
100
AcDbLine
 10
47.23898080517318
 20
41.94793521267207
 30
-26.99999999999999
 11
47.23898080517322
 21
30.81686154500737
 31
-26.99999999999999
  0
CIRCLE
  5
FD
330
70
100
AcDbEntity
  8
Back v4_Sketch1
100
AcDbCircle
 10
0.6795444903352036
 20
11.30004473809081
 30
26.99999999999999
 40
1.647199298655013
210
0.0000000000000002
220
0.0
230
-1.0
  0
LINE
  5
FE
330
70
100
AcDbEntity
  8
Back v4_Sketch1
100
AcDbLine
 10
22.73065260804157
 20
21.67740050850519
 30
-26.99999999999999
 11
22.73065260804154
 21
31.12134224015394
 31
-26.99999999999999
  0
LINE
  5
FF
330
70
100
AcDbEntity
  8
Back v4_Sketch1
100
AcDbLine
 10
-89.70318211595104
 20
31.12134224015412
 30
-27.00000000000001
 11
-84.98121505834888
 21
31.12134224015411
 31
-27.00000000000001
  0
CIRCLE
  5
100
330
70
100
AcDbEntity
  8
Back v4_Sketch1
100
AcDbCircle
 10
95.94257059588356
 20
6.208701451339085
 30
26.99999999999999
 40
1.647199298655021
210
0.0000000000000002
220
0.0
230
-1.0
  0
LINE
  5
101
330
70
100
AcDbEntity
  8
Back v4_Sketch1
100
AcDbLine
 10
-84.98121505834888
 20
31.12134224015411
 30
-27.00000000000001
 11
-84.98121505834886
 21
21.67740050850535
 31
-27.00000000000001
  0
CIRCLE
  5
102
330
70
100
AcDbEntity
  8
Back v4_Sketch1
100
AcDbCircle
 10
104.5030154358635
 20
47.33876878745221
 30
27.0
 40
1.796944689441846
210
0.0000000000000002
220
0.0
230
-1.0
  0
LINE
  5
103
330
70
100
AcDbEntity
  8
Back v4_Sketch1
100
AcDbLine
 10
-67.40109795421625
 20
21.67740050850532
 30
-27.00000000000001
 11
-72.12307262826285
 21
21.67740050850533
 31
-27.00000000000001
  0
LINE
  5
104
330
70
100
AcDbEntity
  8
Back v4_Sketch1
100
AcDbLine
 10
39.25255996320949
 20
41.94793521267208
 30
-26.99999999999999
 11
47.23898080517319
 21
41.94793521267207
 31
-26.99999999999999
  0
LINE
  5
105
330
70
100
AcDbEntity
  8
Back v4_Sketch1
100
AcDbLine
 10
1.69641702017739
 20
31.12134224015398
 30
-26.99999999999999
 11
1.696417020177418
 21
21.67740050850522
 31
-26.99999999999999
  0
LINE
  5
106
330
70
100
AcDbEntity
  8
Back v4_Sketch1
100
AcDbLine
 10
14.14524791799724
 20
21.6774005085052
 30
-26.99999999999999
 11
14.14524791799721
 21
31.12134224015396
 31
-26.99999999999999
  0
CIRCLE
  5
107
330
70
100
AcDbEntity
  8
Back v4_Sketch1
100
AcDbCircle
 10
-25.07666272499776
 20
11.30004473809077
 30
26.99999999999999
 40
1.647199298655013
210
0.0000000000000002
220
0.0
230
-1.0
  0
CIRCLE
  5
108
330
70
100
AcDbEntity
  8
Back v4_Sketch1
100
AcDbCircle
 10
87.35716819077257
 20
11.30004473809094
 30
26.99999999999999
 40
1.647199298655021
210
0.0000000000000002
220
0.0
230
-1.0
  0
CIRCLE
  5
109
330
70
100
AcDbEntity
  8
Back v4_Sketch1
100
AcDbCircle
 10
17.85034930055716
 20
6.20870145133897
 30
26.99999999999999
 40
1.647199298655021
210
0.0000000000000002
220
0.0
230
-1.0
  0
ARC
  5
10A
330
70
100
AcDbEntity
  8
Back v4_Sketch1
100
AcDbCircle
 10
22.1280732949453
 20
27.12314191748459
 30
26.99999999999999
 40
0.2994907934743396
210
0.0000000000000002
220
0.0
230
-1.0
100
AcDbArc
 50
270.0005805662463
 51
359.999852018514
  0
CIRCLE
  5
10B
330
70
100
AcDbEntity
  8
Back v4_Sketch1
100
AcDbCircle
 10
17.85034930055718
 20
11.30004473809083
 30
26.99999999999999
 40
1.647199298655021
210
0.0000000000000002
220
0.0
230
-1.0
  0
CIRCLE
  5
10C
330
70
100
AcDbEntity
  8
Back v4_Sketch1
100
AcDbCircle
 10
69.77705931239997
 20
11.30004473809091
 30
26.99999999999999
 40
1.647199298655021
210
0.0000000000000002
220
0.0
230
-1.0
  0
LINE
  5
10D
330
70
100
AcDbEntity
  8
Back v4_Sketch1
100
AcDbLine
 10
36.05799086477954
 20
47.93775084414487
 30
-26.99999999999999
 11
36.05799086477958
 21
34.56049441056677
 31
-26.99999999999999
  0
LINE
  5
10E
330
70
100
AcDbEntity
  8
Back v4_Sketch1
100
AcDbLine
 10
-32.64519031533321
 20
21.67740050850527
 30
-27.0
 11
-37.3671649893798
 21
21.67740050850528
 31
-27.0
  0
LINE
  5
10F
330
70
100
AcDbEntity
  8
Back v4_Sketch1
100
AcDbLine
 10
47.23898080517318
 20
41.94793521267207
 30
-26.99999999999999
 11
47.23898080517322
 21
30.81686154500737
 31
-26.99999999999999
  0
LINE
  5
110
330
70
100
AcDbEntity
  8
Back v4_Sketch1
100
AcDbLine
 10
-37.36716498937981
 20
21.67740050850528
 30
-27.0
 11
-37.36716498937983
 21
31.12134224015404
 31
-27.0
  0
LINE
  5
111
330
70
100
AcDbEntity
  8
Back v4_Sketch1
100
AcDbLine
 10
36.05799086477958
 20
34.56049441056677
 30
-26.99999999999999
 11
-31.82658248368976
 21
34.56049441056687
 31
-27.00000000000001
  0
CIRCLE
  5
112
330
70
100
AcDbEntity
  8
Back v4_Sketch1
100
AcDbCircle
 10
9.264946895446183
 20
6.208701451338956
 30
26.99999999999999
 40
1.647199298655021
210
0.0000000000000002
220
0.0
230
-1.0
  0
LINE
  5
113
330
70
100
AcDbEntity
  8
Back v4_Sketch1
100
AcDbLine
 10
-22.42757015777478
 20
27.12314114395482
 30
-27.0
 11
-22.42757015777478
 21
27.22297178530159
 31
-27.0
  0
LINE
  5
114
330
70
100
AcDbEntity
  8
Back v4_Sketch1
100
AcDbLine
 10
39.25255996320953
 20
30.81686154500739
 30
-26.99999999999999
 11
39.25255996320949
 21
41.94793521267208
 31
-26.99999999999999
  0
LINE
  5
115
330
70
100
AcDbEntity
  8
Back v4_Sketch1
100
AcDbLine
 10
36.03802625979913
 20
31.12134224015393
 30
-26.99999999999999
 11
36.03802625979915
 21
21.67740050850517
 31
-26.99999999999999
  0
LINE
  5
116
330
70
100
AcDbEntity
  8
Back v4_Sketch1
100
AcDbLine
 10
36.03802625979915
 20
21.67740050850517
 30
-26.99999999999999
 11
31.31605348986367
 21
21.67740050850518
 31
-26.99999999999999
  0
CIRCLE
  5
117
330
70
100
AcDbEntity
  8
Back v4_Sketch1
100
AcDbCircle
 10
-16.49126031988677
 20
11.30004473809078
 30
26.99999999999999
 40
1.647199298655013
210
0.0000000000000002
220
0.0
230
-1.0
  0
CIRCLE
  5
118
330
70
100
AcDbEntity
  8
Back v4_Sketch1
100
AcDbCircle
 10
-7.905857914775798
 20
6.208701451338932
 30
26.99999999999999
 40
1.647199298655013
210
0.0000000000000002
220
0.0
230
-1.0
  0
CIRCLE
  5
119
330
70
100
AcDbEntity
  8
Back v4_Sketch1
100
AcDbCircle
 10
104.5030154358634
 20
3.91260545927453
 30
26.99999999999999
 40
1.796944689441846
210
0.0000000000000002
220
0.0
230
-1.0
  0
LINE
  5
11A
330
70
100
AcDbEntity
  8
Back v4_Sketch1
100
AcDbLine
 10
19.08684657560665
 20
47.9377508441449
 30
-26.99999999999999
 11
19.08684657560667
 21
41.3489513645915
 31
-26.99999999999999
  0
LINE
  5
11B
330
70
100
AcDbEntity
  8
Back v4_Sketch1
100
AcDbLine
 10
31.31605348986366
 20
21.67740050850518
 30
-26.99999999999999
 11
31.31605348986364
 21
31.12134224015394
 31
-26.99999999999999
  0
LINE
  5
11C
330
70
100
AcDbEntity
  8
Back v4_Sketch1
100
AcDbLine
 10
-32.64519031533324
 20
31.12134224015403
 30
-27.0
 11
-32.64519031533322
 21
21.67740050850527
 31
-27.0
  0
LINE
  5
11D
330
70
100
AcDbEntity
  8
Back v4_Sketch1
100
AcDbLine
 10
19.08684657560667
 20
41.34895136459149
 30
-26.99999999999999
 11
27.67224936153988
 21
41.34895136459149
 31
-26.99999999999999
  0
LINE
  5
11E
330
70
100
AcDbEntity
  8
Back v4_Sketch1
100
AcDbLine
 10
55.7529045022002
 20
47.37371124314115
 30
-26.99999999999999
 11
55.75290450220034
 21
3.841127145067602
 31
-26.99999999999998
  0
CIRCLE
  5
11F
330
70
100
AcDbEntity
  8
Back v4_Sketch1
100
AcDbCircle
 10
43.60655651589012
 20
6.208701451339007
 30
26.99999999999999
 40
1.647199298655021
210
0.0000000000000002
220
0.0
230
-1.0
  0
LINE
  5
120
330
70
100
AcDbEntity
  8
Back v4_Sketch1
100
AcDbLine
 10
-14.8554381945169
 20
47.93775084414495
 30
-27.0
 11
19.08684657560665
 21
47.93775084414489
 31
-26.99999999999999
  0
CIRCLE
  5
121
330
70
100
AcDbEntity
  8
Back v4_Sketch1
100
AcDbCircle
 10
-16.49126031988679
 20
6.208701451338918
 30
26.99999999999999
 40
1.647199298655013
210
0.0000000000000002
220
0.0
230
-1.0
  0
LINE
  5
122
330
70
100
AcDbEntity
  8
Back v4_Sketch1
100
AcDbLine
 10
27.67224936153986
 20
47.93775084414488
 30
-26.99999999999999
 11
36.05799086477954
 21
47.93775084414487
 31
-26.99999999999999
  0
CIRCLE
  5
123
330
70
100
AcDbEntity
  8
Back v4_Sketch1
100
AcDbCircle
 10
9.264946895446199
 20
11.30004473809082
 30
26.99999999999999
 40
1.647199298655021
210
0.0000000000000002
220
0.0
230
-1.0
  0
CIRCLE
  5
124
330
70
100
AcDbEntity
  8
Back v4_Sketch1
100
AcDbCircle
 10
78.7717657856616
 20
11.30004473809092
 30
26.99999999999999
 40
1.647199298655021
210
0.0000000000000002
220
0.0
230
-1.0
  0
LINE
  5
125
330
70
100
AcDbEntity
  8
Back v4_Sketch1
100
AcDbLine
 10
-31.82658248368977
 20
41.34895136459158
 30
-27.0
 11
-14.85543819451688
 21
41.34895136459156
 31
-27.0
  0
LINE
  5
126
330
70
100
AcDbEntity
  8
Back v4_Sketch1
100
AcDbLine
 10
-109.46617981217
 20
3.841127145067853
 30
-27.00000000000001
 11
-109.4661798121701
 21
47.39707087822965
 31
-27.00000000000002
  0
ARC
  5
127
330
70
100
AcDbEntity
  8
Back v4_Sketch1
100
AcDbCircle
 10
-51.75956178604414
 20
47.39687142478825
 30
27.0
 40
3.993409876620551
210
0.0000000000000002
220
0.0
230
-1.0
100
AcDbArc
 50
90.00190078389712
 51
180.3322944904627
  0
LINE
  5
128
330
70
100
AcDbEntity
  8
Back v4_Sketch1
100
AcDbLine
 10
47.23898080517322
 20
30.81686154500738
 30
-26.99999999999999
 11
39.25255996320952
 21
30.81686154500739
 31
-26.99999999999999
  0
LINE
  5
129
330
70
100
AcDbEntity
  8
Back v4_Sketch1
100
AcDbLine
 10
-21.82858250147195
 20
27.22297178530159
 30
-27.0
 11
-21.82858250147195
 21
27.12314114395482
 31
-27.0
  0
ARC
  5
12A
330
70
100
AcDbEntity
  8
Back v4_Sketch1
100
AcDbCircle
 10
22.1280732949453
 20
27.12314191748459
 30
26.99999999999999
 40
0.2994907934743416
210
0.0000000000000002
220
0.0
230
-1.0
100
AcDbArc
 50
180.0001479844853
 51
270.0005805662457
  0
ARC
  5
12B
330
70
100
AcDbEntity
  8
Back v4_Sketch1
100
AcDbCircle
 10
22.1280732949453
 20
27.22297101177183
 30
26.99999999999999
 40
0.2994907934743334
210
0.0000000000000002
220
0.0
230
-1.0
100
AcDbArc
 50
89.99941943375366
 51
179.9998520155146
  0
CIRCLE
  5
12C
330
70
100
AcDbEntity
  8
Back v4_Sketch1
100
AcDbCircle
 10
43.60655651589014
 20
11.30004473809087
 30
26.99999999999999
 40
1.647199298655021
210
0.0000000000000002
220
0.0
230
-1.0
  0
ARC
  5
12D
330
70
100
AcDbEntity
  8
Back v4_Sketch1
100
AcDbCircle
 10
-51.75959411663272
 20
3.8412269608863
 30
26.99999999999999
 40
3.993310386815092
210
0.0000000000000002
220
0.0
230
-1.0
100
AcDbArc
 50
180.0014321514199
 51
269.9985630461033
  0
LINE
  5
12E
330
70
100
AcDbEntity
  8
Back v4_Sketch1
100
AcDbLine
 10
-31.82658248368975
 20
34.56049441056688
 30
-27.0
 11
-31.82658248368977
 21
41.34895136459158
 31
-27.0
  0
LINE
  5
12F
330
70
100
AcDbEntity
  8
Back v4_Sketch1
100
AcDbLine
 10
-37.36716498937983
 20
31.12134224015404
 30
-27.0
 11
-32.64519031533324
 21
31.12134224015403
 31
-27.0
  0
ARC
  5
130
330
70
100
AcDbEntity
  8
Back v4_Sketch1
100
AcDbCircle
 10
22.1280732949453
 20
27.22297101177183
 30
26.99999999999999
 40
0.2994968628304881
210
0.0000000000000002
220
0.0
230
-1.0
100
AcDbArc
 50
0.000147981486441
 51
89.99941943375336
  0
LINE
  5
131
330
70
100
AcDbEntity
  8
Back v4_Sketch1
100
AcDbLine
 10
51.75969426716684
 20
-0.1520834246729219
 30
-26.99999999999998
 11
-105.4729693911881
 21
-0.1520834246726906
 31
-27.00000000000001
  0
CIRCLE
  5
132
330
70
100
AcDbEntity
  8
Back v4_Sketch1
100
AcDbCircle
 10
61.19165690728899
 20
6.208701451339034
 30
26.99999999999999
 40
1.647199298655021
210
0.0000000000000002
220
0.0
230
-1.0
  0
ARC
  5
133
330
70
100
AcDbEntity
  8
Back v4_Sketch1
100
AcDbCircle
 10
105.4729693911883
 20
47.39707087822965
 30
27.0
 40
3.993210420981867
210
0.0000000000000002
220
0.0
230
-1.0
100
AcDbArc
 50
0.0
 51
89.9999999999998
  0
LINE
  5
134
330
70
100
AcDbEntity
  8
Back v4_Sketch1
100
AcDbLine
 10
31.31605348986364
 20
31.12134224015394
 30
-26.99999999999999
 11
36.03802625979913
 21
31.12134224015393
 31
-26.99999999999999
  0
LINE
  5
135
330
70
100
AcDbEntity
  8
Back v4_Sketch1
100
AcDbLine
 10
-14.85543819451688
 20
41.34895136459156
 30
-27.0
 11
-14.8554381945169
 21
47.93775084414495
 31
-27.0
  0
CIRCLE
  5
136
330
70
100
AcDbEntity
  8
Back v4_Sketch1
100
AcDbCircle
 10
-40.55035310630241
 20
21.48273131159449
 30
26.99999999999999
 40
1.647199298655013
210
0.0000000000000002
220
0.0
230
-1.0
  0
CIRCLE
  5
137
330
70
100
AcDbEntity
  8
Back v4_Sketch1
100
AcDbCircle
 10
35.02115411077917
 20
11.30004473809086
 30
26.99999999999999
 40
1.647199298655021
210
0.0000000000000002
220
0.0
230
-1.0
  0
LINE
  5
138
330
70
100
AcDbEntity
  8
Back v4_Sketch1
100
AcDbLine
 10
-105.4729693911883
 20
51.3902812992115
 30
-27.00000000000002
 11
51.75969426716669
 21
51.39028129921127
 31
-26.99999999999999
  0
ARC
  5
139
330
70
100
AcDbEntity
  8
Back v4_Sketch1
100
AcDbCircle
 10
105.4729693911881
 20
3.841126996309164
 30
26.99999999999999
 40
3.993210420981854
210
0.0000000000000002
220
0.0
230
-1.0
100
AcDbArc
 50
269.9999999999998
 51
0.0000021344342059
  0
LINE
  5
13A
330
70
100
AcDbEntity
  8
Back v4_Sketch1
100
AcDbLine
 10
27.67224936153988
 20
41.34895136459149
 30
-26.99999999999999
 11
27.67224936153986
 21
47.93775084414489
 31
-26.99999999999999
  0
LINE
  5
13B
330
70
100
AcDbEntity
  8
Back v4_Sketch1
100
AcDbLine
 10
39.25255996320949
 20
41.94793521267208
 30
-26.99999999999999
 11
47.23898080517319
 21
41.94793521267207
 31
-26.99999999999999
  0
INSERT
  5
148
330
70
100
AcDbEntity
  8
0
100
AcDbBlockReference
  2
TBezelclosed
 10
-1.128816887588419
 20
-0.2951032522929755
 30
25.09214846400722
 41
0.9999999999999872
 42
0.9999999999999872
 43
0.9999999999999872
  0
ENDSEC
  0
SECTION
  2
OBJECTS
  0
DICTIONARY
  5
C
330
0
100
AcDbDictionary
281
     1
  3
ACAD_COLOR
350
63
  3
ACAD_DETAILVIEWSTYLE
350
6A
  3
ACAD_GROUP
350
D
  3
ACAD_LAYOUT
350
62
  3
ACAD_MATERIAL
350
10
  3
ACAD_MLEADERSTYLE
350
66
  3
ACAD_MLINESTYLE
350
5F
  3
ACAD_PLOTSETTINGS
350
61
  3
ACAD_PLOTSTYLENAME
350
E
  3
ACAD_SCALELIST
350
42
  3
ACAD_SECTIONVIEWSTYLE
350
68
  3
ACAD_TABLESTYLE
350
64
  3
ACAD_VISUALSTYLE
350
29
  3
ACDB_RECOMPOSE_DATA
350
153
  3
AcDbVariableDictionary
350
14B
  0
DICTIONARY
  5
63
102
{ACAD_REACTORS
330
C
102
}
330
C
100
AcDbDictionary
281
     1
  0
DICTIONARY
  5
6A
102
{ACAD_REACTORS
330
C
102
}
330
C
100
AcDbDictionary
281
     1
  3
Imperial24
350
6B
  0
DICTIONARY
  5
D
102
{ACAD_REACTORS
330
C
102
}
330
C
100
AcDbDictionary
281
     1
  0
DICTIONARY
  5
62
102
{ACAD_REACTORS
330
C
102
}
330
C
100
AcDbDictionary
281
     1
  3
Layout1
350
6F
  3
Layout2
350
77
  3
Model
350
73
  0
DICTIONARY
  5
10
102
{ACAD_REACTORS
330
C
102
}
330
C
100
AcDbDictionary
281
     1
  3
ByBlock
350
19
  3
ByLayer
350
11
  3
Global
350
21
  3
Prism Opaque
350
13D
  0
DICTIONARY
  5
66
102
{ACAD_REACTORS
330
C
102
}
330
C
100
AcDbDictionary
281
     1
  3
Standard
350
67
  0
DICTIONARY
  5
5F
102
{ACAD_REACTORS
330
C
102
}
330
C
100
AcDbDictionary
281
     1
  3
Standard
350
60
  0
DICTIONARY
  5
61
102
{ACAD_REACTORS
330
C
102
}
330
C
100
AcDbDictionary
281
     1
  0
ACDBDICTIONARYWDFLT
  5
E
102
{ACAD_REACTORS
330
C
102
}
330
C
100
AcDbDictionary
281
     1
  3
Normal
350
F
100
AcDbDictionaryWithDefault
340
F
  0
DICTIONARY
  5
42
102
{ACAD_REACTORS
330
C
102
}
330
C
100
AcDbDictionary
281
     1
  3
A0
350
43
  3
A1
350
44
  3
A2
350
45
  3
A3
350
46
  3
A4
350
47
  3
A5
350
48
  3
A6
350
49
  3
A7
350
4A
  3
A8
350
4B
  3
A9
350
4C
  3
B0
350
4D
  3
B1
350
4E
  3
B2
350
4F
  3
B3
350
50
  3
B4
350
51
  3
B5
350
52
  3
B6
350
53
  0
DICTIONARY
  5
68
102
{ACAD_REACTORS
330
C
102
}
330
C
100
AcDbDictionary
281
     1
  3
Imperial24
350
69
  0
DICTIONARY
  5
64
102
{ACAD_REACTORS
330
C
102
}
330
C
100
AcDbDictionary
281
     1
  3
Standard
350
65
  0
DICTIONARY
  5
29
102
{ACAD_REACTORS
330
C
102
}
330
C
100
AcDbDictionary
281
     1
  3
2dWireframe
350
2F
  3
Basic
350
2E
  3
Brighten
350
35
  3
ColorChange
350
39
  3
Conceptual
350
32
  3
Dim
350
34
  3
EdgeColorOff
350
41
  3
Facepattern
350
38
  3
Flat
350
2A
  3
FlatWithEdges
350
2B
  3
Gouraud
350
2C
  3
GouraudWithEdges
350
2D
  3
Hidden
350
31
  3
JitterOff
350
3F
  3
Linepattern
350
37
  3
OverhangOff
350
40
  3
Realistic
350
33
  3
Shaded
350
3E
  3
Shaded with edges
350
3D
  3
Shades of Gray
350
3A
  3
Sketchy
350
3B
  3
Thicken
350
36
  3
Wireframe
350
30
  3
X-Ray
350
3C
  0
XRECORD
  5
153
102
{ACAD_REACTORS
330
C
102
}
330
C
100
AcDbXrecord
280
     1
 90
        1
330
65
  0
DICTIONARY
  5
14B
102
{ACAD_REACTORS
330
C
102
}
330
C
100
AcDbDictionary
281
     1
  3
CANNOSCALE
350
150
  3
CMLEADERSTYLE
350
14D
  3
CTABLESTYLE
350
14C
  3
CVIEWDETAILSTYLE
350
14E
  3
CVIEWSECTIONSTYLE
350
14F
  0
ACDBDETAILVIEWSTYLE
  5
6B
102
{ACAD_XDICTIONARY
360
156
102
}
102
{ACAD_REACTORS
330
6A
102
}
330
6A
100
AcDbModelDocViewStyle
 70
     0
  3
Imperial24
290
     0
100
AcDbDetailViewStyle
 70
     0
 71
     0
 90
        3
 71
     1
340
55
 62
   256
 40
0.24
340
0
 62
   256
 40
0.24
300

 40
0.36
280
     3
 71
     2
340
5D
 90
       25
 62
   256
 71
     3
340
55
 62
   256
 40
0.24
 90
        1
 40
0.75
 90
        1
300
%<\AcVar ViewType \f "%tc1">% %<\AcVar ViewDetailId>%\PSCALE %<\AcVar ViewScale \f "%sn">%
 71
     4
340
5D
 90
       25
 62
   256
340
5D
 90
       25
 62
   256
280
     0
  0
LAYOUT
  5
6F
102
{ACAD_REACTORS
330
62
102
}
330
62
100
AcDbPlotSettings
  1

  2

  4

  6

 40
0.0
 41
0.0
 42
0.0
 43
0.0
 44
0.0
 45
0.0
 46
0.0
 47
0.0
 48
0.0
 49
0.0
140
0.0
141
0.0
142
1.0
143
1.0
 70
   688
 72
     0
 73
     0
 74
     5
  7

 75
    16
147
1.0
 76
     0
 77
     2
 78
   300
148
0.0
149
0.0
100
AcDbLayout
  1
Layout1
 70
     1
 71
     1
 10
0.0
 20
0.0
 11
12.0
 21
9.0
 12
0.0
 22
0.0
 32
0.0
 14
0.0
 24
0.0
 34
0.0
 15
0.0
 25
0.0
 35
0.0
146
0.0
 13
0.0
 23
0.0
 33
0.0
 16
1.0
 26
0.0
 36
0.0
 17
0.0
 27
1.0
 37
0.0
 76
     0
330
6C
  0
LAYOUT
  5
77
102
{ACAD_REACTORS
330
62
102
}
330
62
100
AcDbPlotSettings
  1

  2

  4

  6

 40
0.0
 41
0.0
 42
0.0
 43
0.0
 44
0.0
 45
0.0
 46
0.0
 47
0.0
 48
0.0
 49
0.0
140
0.0
141
0.0
142
1.0
143
1.0
 70
   688
 72
     0
 73
     0
 74
     5
  7

 75
    16
147
1.0
 76
     0
 77
     2
 78
   300
148
0.0
149
0.0
100
AcDbLayout
  1
Layout2
 70
     1
 71
     2
 10
0.0
 20
0.0
 11
12.0
 21
9.0
 12
0.0
 22
0.0
 32
0.0
 14
0.0
 24
0.0
 34
0.0
 15
0.0
 25
0.0
 35
0.0
146
0.0
 13
0.0
 23
0.0
 33
0.0
 16
1.0
 26
0.0
 36
0.0
 17
0.0
 27
1.0
 37
0.0
 76
     0
330
74
  0
LAYOUT
  5
73
102
{ACAD_REACTORS
330
62
102
}
330
62
100
AcDbPlotSettings
  1

  2

  4

  6

 40
0.0
 41
0.0
 42
0.0
 43
0.0
 44
0.0
 45
0.0
 46
0.0
 47
0.0
 48
0.0
 49
0.0
140
0.0
141
0.0
142
1.0
143
1.0
 70
  1712
 72
     0
 73
     0
 74
     0
  7

 75
     0
147
1.0
 76
     0
 77
     2
 78
   300
148
0.0
149
0.0
100
AcDbLayout
  1
Model
 70
     1
 71
     0
 10
0.0
 20
0.0
 11
12.0
 21
9.0
 12
0.0
 22
0.0
 32
0.0
 14
0.0
 24
0.0
 34
0.0
 15
0.0
 25
0.0
 35
0.0
146
0.0
 13
0.0
 23
0.0
 33
0.0
 16
1.0
 26
0.0
 36
0.0
 17
0.0
 27
1.0
 37
0.0
 76
     0
330
70
  0
MATERIAL
  5
19
102
{ACAD_XDICTIONARY
360
1A
102
}
102
{ACAD_REACTORS
330
10
102
}
330
10
100
AcDbMaterial
  1
ByBlock
 72
     0
 43
0.0208333333333333
 43
0.0
 43
0.0
 43
0.0
 43
0.0
 43
0.0208333333333333
 43
0.0
 43
0.0
 43
0.0
 43
0.0
 43
1.0
 43
0.0
 43
0.0
 43
0.0
 43
0.0
 43
1.0
 77
     0
 47
0.0208333333333333
 47
0.0
 47
0.0
 47
0.0
 47
0.0
 47
0.0208333333333333
 47
0.0
 47
0.0
 47
0.0
 47
0.0
 47
1.0
 47
0.0
 47
0.0
 47
0.0
 47
0.0
 47
1.0
171
     0
 49
0.0208333333333333
 49
0.0
 49
0.0
 49
0.0
 49
0.0
 49
0.0208333333333333
 49
0.0
 49
0.0
 49
0.0
 49
0.0
 49
1.0
 49
0.0
 49
0.0
 49
0.0
 49
0.0
 49
1.0
175
     0
142
0.0208333333333333
142
0.0
142
0.0
142
0.0
142
0.0
142
0.0208333333333333
142
0.0
142
0.0
142
0.0
142
0.0
142
1.0
142
0.0
142
0.0
142
0.0
142
0.0
142
1.0
179
     0
144
0.0208333333333333
144
0.0
144
0.0
144
0.0
144
0.0
144
0.0208333333333333
144
0.0
144
0.0
144
0.0
144
0.0
144
1.0
144
0.0
144
0.0
144
0.0
144
0.0
144
1.0
147
0.0208333333333333
147
0.0
147
0.0
147
0.0
147
0.0
147
0.0208333333333333
147
0.0
147
0.0
147
0.0
147
0.0
147
1.0
147
0.0
147
0.0
147
0.0
147
0.0
147
1.0
  0
MATERIAL
  5
11
102
{ACAD_XDICTIONARY
360
12
102
}
102
{ACAD_REACTORS
330
10
102
}
330
10
100
AcDbMaterial
  1
ByLayer
 72
     0
 43
0.0208333333333333
 43
0.0
 43
0.0
 43
0.0
 43
0.0
 43
0.0208333333333333
 43
0.0
 43
0.0
 43
0.0
 43
0.0
 43
1.0
 43
0.0
 43
0.0
 43
0.0
 43
0.0
 43
1.0
 77
     0
 47
0.0208333333333333
 47
0.0
 47
0.0
 47
0.0
 47
0.0
 47
0.0208333333333333
 47
0.0
 47
0.0
 47
0.0
 47
0.0
 47
1.0
 47
0.0
 47
0.0
 47
0.0
 47
0.0
 47
1.0
171
     0
 49
0.0208333333333333
 49
0.0
 49
0.0
 49
0.0
 49
0.0
 49
0.0208333333333333
 49
0.0
 49
0.0
 49
0.0
 49
0.0
 49
1.0
 49
0.0
 49
0.0
 49
0.0
 49
0.0
 49
1.0
175
     0
142
0.0208333333333333
142
0.0
142
0.0
142
0.0
142
0.0
142
0.0208333333333333
142
0.0
142
0.0
142
0.0
142
0.0
142
1.0
142
0.0
142
0.0
142
0.0
142
0.0
142
1.0
179
     0
144
0.0208333333333333
144
0.0
144
0.0
144
0.0
144
0.0
144
0.0208333333333333
144
0.0
144
0.0
144
0.0
144
0.0
144
1.0
144
0.0
144
0.0
144
0.0
144
0.0
144
1.0
147
0.0208333333333333
147
0.0
147
0.0
147
0.0
147
0.0
147
0.0208333333333333
147
0.0
147
0.0
147
0.0
147
0.0
147
1.0
147
0.0
147
0.0
147
0.0
147
0.0
147
1.0
  0
MATERIAL
  5
21
102
{ACAD_XDICTIONARY
360
22
102
}
102
{ACAD_REACTORS
330
10
102
}
330
10
100
AcDbMaterial
  1
Global
 72
     0
 43
0.0208333333333333
 43
0.0
 43
0.0
 43
0.0
 43
0.0
 43
0.0208333333333333
 43
0.0
 43
0.0
 43
0.0
 43
0.0
 43
1.0
 43
0.0
 43
0.0
 43
0.0
 43
0.0
 43
1.0
 77
     0
 47
0.0208333333333333
 47
0.0
 47
0.0
 47
0.0
 47
0.0
 47
0.0208333333333333
 47
0.0
 47
0.0
 47
0.0
 47
0.0
 47
1.0
 47
0.0
 47
0.0
 47
0.0
 47
0.0
 47
1.0
171
     0
 49
0.0208333333333333
 49
0.0
 49
0.0
 49
0.0
 49
0.0
 49
0.0208333333333333
 49
0.0
 49
0.0
 49
0.0
 49
0.0
 49
1.0
 49
0.0
 49
0.0
 49
0.0
 49
0.0
 49
1.0
175
     0
142
0.0208333333333333
142
0.0
142
0.0
142
0.0
142
0.0
142
0.0208333333333333
142
0.0
142
0.0
142
0.0
142
0.0
142
1.0
142
0.0
142
0.0
142
0.0
142
0.0
142
1.0
179
     0
144
0.0208333333333333
144
0.0
144
0.0
144
0.0
144
0.0
144
0.0208333333333333
144
0.0
144
0.0
144
0.0
144
0.0
144
1.0
144
0.0
144
0.0
144
0.0
144
0.0
144
1.0
147
0.0208333333333333
147
0.0
147
0.0
147
0.0
147
0.0
147
0.0208333333333333
147
0.0
147
0.0
147
0.0
147
0.0
147
1.0
147
0.0
147
0.0
147
0.0
147
0.0
147
1.0
  0
MATERIAL
  5
13D
102
{ACAD_XDICTIONARY
360
13E
102
}
102
{ACAD_REACTORS
330
10
102
}
330
10
100
AcDbMaterial
  1
Prism Opaque
 70
     1
 90
-1034792366
 71
     1
 91
-1034792366
 72
     0
 44
1.0
 76
     1
 92
-1034792366
 77
     0
171
     0
175
     0
143
0.5149999856948853
179
     0
145
1.399999976158142
148
0.5
468
0.0199999995529652
 94
        0
1001
ACAD
1070
    -1
1070
     3
1070
     0
1000

1071
        0
1070
     0
  0
MLEADERSTYLE
  5
67
102
{ACAD_REACTORS
330
66
102
}
330
66
100
AcDbMLeaderStyle
179
     2
170
     2
171
     1
172
     0
 90
        2
 40
0.0
 41
0.0
173
     1
 91
-1056964608
340
5B
 92
       -2
290
     1
 42
0.09
291
     1
 43
0.36
  3
Standard
 44
0.18
300

342
55
174
     1
178
     6
175
     1
176
     0
 93
-1056964608
 45
0.18
292
     0
297
     0
 46
0.18
 94
-1056964608
 47
1.0
 49
1.0
140
1.0
293
     1
141
0.0
294
     1
177
     0
142
1.0
295
     0
296
     0
143
0.125
271
     0
272
     9
273
     9
298
     1
  0
MLINESTYLE
  5
60
102
{ACAD_REACTORS
330
5F
102
}
330
5F
100
AcDbMlineStyle
  2
STANDARD
 70
     0
  3

 62
   256
 51
90.0
 52
90.0
 71
     2
 49
0.5
 62
   256
  6
BYLAYER
 49
-0.5
 62
   256
  6
BYLAYER
  0
ACDBPLACEHOLDER
  5
F
102
{ACAD_REACTORS
330
E
102
}
330
E
  0
SCALE
  5
43
102
{ACAD_REACTORS
330
42
102
}
330
42
100
AcDbScale
 70
     0
300
1:1
140
1.0
141
1.0
290
     1
  0
SCALE
  5
44
102
{ACAD_REACTORS
330
42
102
}
330
42
100
AcDbScale
 70
     0
300
1/128" = 1'-0"
140
0.0078125
141
12.0
290
     0
  0
SCALE
  5
45
102
{ACAD_REACTORS
330
42
102
}
330
42
100
AcDbScale
 70
     0
300
1/64" = 1'-0"
140
0.015625
141
12.0
290
     0
  0
SCALE
  5
46
102
{ACAD_REACTORS
330
42
102
}
330
42
100
AcDbScale
 70
     0
300
1/32" = 1'-0"
140
0.03125
141
12.0
290
     0
  0
SCALE
  5
47
102
{ACAD_REACTORS
330
42
102
}
330
42
100
AcDbScale
 70
     0
300
1/16" = 1'-0"
140
0.0625
141
12.0
290
     0
  0
SCALE
  5
48
102
{ACAD_REACTORS
330
42
102
}
330
42
100
AcDbScale
 70
     0
300
3/32" = 1'-0"
140
0.09375
141
12.0
290
     0
  0
SCALE
  5
49
102
{ACAD_REACTORS
330
42
102
}
330
42
100
AcDbScale
 70
     0
300
1/8" = 1'-0"
140
0.125
141
12.0
290
     0
  0
SCALE
  5
4A
102
{ACAD_REACTORS
330
42
102
}
330
42
100
AcDbScale
 70
     0
300
3/16" = 1'-0"
140
0.1875
141
12.0
290
     0
  0
SCALE
  5
4B
102
{ACAD_REACTORS
330
42
102
}
330
42
100
AcDbScale
 70
     0
300
1/4" = 1'-0"
140
0.25
141
12.0
290
     0
  0
SCALE
  5
4C
102
{ACAD_REACTORS
330
42
102
}
330
42
100
AcDbScale
 70
     0
300
3/8" = 1'-0"
140
0.375
141
12.0
290
     0
  0
SCALE
  5
4D
102
{ACAD_REACTORS
330
42
102
}
330
42
100
AcDbScale
 70
     0
300
1/2" = 1'-0"
140
0.5
141
12.0
290
     0
  0
SCALE
  5
4E
102
{ACAD_REACTORS
330
42
102
}
330
42
100
AcDbScale
 70
     0
300
3/4" = 1'-0"
140
0.75
141
12.0
290
     0
  0
SCALE
  5
4F
102
{ACAD_REACTORS
330
42
102
}
330
42
100
AcDbScale
 70
     0
300
1" = 1'-0"
140
1.0
141
12.0
290
     0
  0
SCALE
  5
50
102
{ACAD_REACTORS
330
42
102
}
330
42
100
AcDbScale
 70
     0
300
1-1/2" = 1'-0"
140
1.5
141
12.0
290
     0
  0
SCALE
  5
51
102
{ACAD_REACTORS
330
42
102
}
330
42
100
AcDbScale
 70
     0
300
3" = 1'-0"
140
3.0
141
12.0
290
     0
  0
SCALE
  5
52
102
{ACAD_REACTORS
330
42
102
}
330
42
100
AcDbScale
 70
     0
300
6" = 1'-0"
140
6.0
141
12.0
290
     0
  0
SCALE
  5
53
102
{ACAD_REACTORS
330
42
102
}
330
42
100
AcDbScale
 70
     0
300
1'-0" = 1'-0"
140
12.0
141
12.0
290
     0
  0
ACDBSECTIONVIEWSTYLE
  5
69
102
{ACAD_XDICTIONARY
360
154
102
}
102
{ACAD_REACTORS
330
68
102
}
330
68
100
AcDbModelDocViewStyle
 70
     0
  3
Imperial24
290
     0
100
AcDbSectionViewStyle
 70
     0
 71
     0
 90
       78
 71
     1
340
55
 62
   256
 40
0.24
340
0
340
0
 62
   256
 40
0.24
300
I, O, Q, S, X, Z
 40
0.48
 90
        3
 40
0.18
 90
        1
 71
     2
340
5D
 90
       25
 62
   256
340
5D
 90
       50
 62
   256
 40
0.24
 40
0.0
 40
0.24
 71
     3
340
55
 62
   256
 40
0.24
 90
        1
 40
0.75
 90
        1
300
%<\AcVar ViewType \f "%tc1">% %<\AcVar ViewSectionStartId>%-%<\AcVar ViewSectionEndId>%\PSCALE %<\AcVar ViewScale \f "%sn">%
 71
     4
 62
   256
 62
   257
300
ANSI31
 40
1.0
 90
        0
290
     0
290
     0
 90
        6
 40
0.0
 40
1.570796326794896
 40
0.2617993877991494
 40
1.308996938995747
 40
-0.2617993877991494
 40
1.832595714594046
  0
TABLESTYLE
  5
65
102
{ACAD_XDICTIONARY
360
151
102
}
102
{ACAD_REACTORS
330
64
102
}
330
64
100
AcDbTableStyle
280
     0
  3
Standard
 70
     0
 71
     0
 40
0.06
 41
0.06
280
     0
281
     0
  7
Standard
140
0.18
170
     2
 62
     0
 63
     7
283
     0
 90
      512
 91
        0
  1

274
    -2
284
     1
 64
     0
275
    -2
285
     1
 65
     0
276
    -2
286
     1
 66
     0
277
    -2
287
     1
 67
     0
278
    -2
288
     1
 68
     0
279
    -2
289
     1
 69
     0
  7
Standard
140
0.25
170
     5
 62
     0
 63
     7
283
     0
 90
      512
 91
        0
  1

274
    -2
284
     1
 64
     0
275
    -2
285
     1
 65
     0
276
    -2
286
     1
 66
     0
277
    -2
287
     1
 67
     0
278
    -2
288
     1
 68
     0
279
    -2
289
     1
 69
     0
  7
Standard
140
0.18
170
     5
 62
     0
 63
     7
283
     0
 90
      512
 91
        0
  1

274
    -2
284
     1
 64
     0
275
    -2
285
     1
 65
     0
276
    -2
286
     1
 66
     0
277
    -2
287
     1
 67
     0
278
    -2
288
     1
 68
     0
279
    -2
289
     1
 69
     0
  0
VISUALSTYLE
  5
2F
102
{ACAD_REACTORS
330
29
102
}
330
29
100
AcDbVisualStyle
  2
2dWireframe
 70
     4
177
     3
291
     0
 70
    58
 90
        0
176
     1
 90
        2
176
     1
 90
        0
176
     1
 90
        0
176
     1
 40
0.6
176
     1
 40
30.0
176
     1
 62
     7
420
 16777215
176
     1
 90
        1
176
     1
 90
        4
176
     1
 62
     7
176
     1
 62
   257
176
     1
 90
        1
176
     1
 90
        1
176
     1
 40
1.0
176
     1
 90
        0
176
     1
 62
   257
176
     1
 40
1.0
176
     1
 90
        1
176
     1
 90
        6
176
     1
 90
        2
176
     1
 62
     7
176
     1
 90
        5
176
     1
 90
        0
176
     1
 90
        0
176
     1
290
     0
176
     1
 90
        1
176
     1
 40
0.0
176
     1
 90
        0
176
     1
290
     1
176
     1
290
     1
176
     1
290
     0
176
     1
290
     0
176
     1
290
     0
176
     1
290
     0
176
     1
290
     0
176
     1
290
     0
176
     1
290
     0
176
     1
 90
       50
176
     1
 40
0.0
176
     1
 40
1.0
176
     1
 90
        0
176
     1
 62
    18
420
        0
176
     1
 90
       50
176
     1
 90
        3
176
     1
 62
     5
420
      255
176
     1
290
     0
176
     1
 90
       50
176
     1
 90
       50
176
     1
 90
       50
176
     1
290
     0
176
     1
 90
       50
176
     1
 62
   256
176
     0
 40
1.0
176
     0
 90
        2
176
     1
  1
strokes_ogs.tif
176
     1
290
     0
176
     1
 40
1.0
176
     1
 40
1.0
176
     1
1001
ACAD
1000
AcDbSavedByObjectVersion
1070
     0
  0
VISUALSTYLE
  5
2E
102
{ACAD_REACTORS
330
29
102
}
330
29
100
AcDbVisualStyle
  2
Basic
 70
     7
177
     3
291
     1
 70
    58
 90
        1
176
     1
 90
        0
176
     1
 90
        1
176
     1
 90
        0
176
     1
 40
0.6
176
     1
 40
30.0
176
     1
 62
     7
420
 16777215
176
     1
 90
        0
176
     1
 90
        4
176
     1
 62
     7
176
     1
 62
   257
176
     1
 90
        1
176
     1
 90
        1
176
     1
 40
1.0
176
     1
 90
        8
176
     1
 62
     7
176
     1
 40
1.0
176
     1
 90
        1
176
     1
 90
        6
176
     1
 90
        2
176
     1
 62
     7
176
     1
 90
        5
176
     1
 90
        0
176
     1
 90
        0
176
     1
290
     0
176
     1
 90
        1
176
     1
 40
0.0
176
     1
 90
        0
176
     1
290
     0
176
     1
290
     1
176
     1
290
     1
176
     1
290
     0
176
     1
290
     0
176
     1
290
     0
176
     1
290
     0
176
     1
290
     0
176
     1
290
     0
176
     1
 90
       50
176
     1
 40
0.0
176
     1
 40
1.0
176
     1
 90
        0
176
     1
 62
    18
420
        0
176
     1
 90
       50
176
     1
 90
        3
176
     1
 62
     5
420
      255
176
     1
290
     0
176
     1
 90
       50
176
     1
 90
       50
176
     1
 90
       50
176
     1
290
     0
176
     1
 90
       50
176
     1
 62
   256
176
     0
 40
1.0
176
     0
 90
        2
176
     1
  1
strokes_ogs.tif
176
     1
290
     0
176
     1
 40
1.0
176
     1
 40
1.0
176
     1
1001
ACAD
1000
AcDbSavedByObjectVersion
1070
     0
  0
VISUALSTYLE
  5
35
102
{ACAD_REACTORS
330
29
102
}
330
29
100
AcDbVisualStyle
  2
Brighten
 70
    12
177
     3
291
     1
 70
    58
 90
        2
176
     1
 90
        2
176
     1
 90
        0
176
     1
 90
        0
176
     1
 40
0.6
176
     1
 40
30.0
176
     1
 62
     7
420
 16777215
176
     1
 90
        1
176
     1
 90
        4
176
     1
 62
     7
176
     1
 62
   257
176
     1
 90
        1
176
     1
 90
        1
176
     1
 40
1.0
176
     1
 90
        8
176
     1
 62
     7
176
     1
 40
1.0
176
     1
 90
        1
176
     1
 90
        6
176
     1
 90
        2
176
     1
 62
     7
176
     1
 90
        5
176
     1
 90
        0
176
     1
 90
        0
176
     1
290
     0
176
     1
 90
        1
176
     1
 40
50.0
176
     1
 90
        0
176
     1
290
     0
176
     1
290
     1
176
     1
290
     1
176
     1
290
     0
176
     1
290
     0
176
     1
290
     0
176
     1
290
     0
176
     1
290
     0
176
     1
290
     0
176
     1
 90
       50
176
     1
 40
0.0
176
     1
 40
1.0
176
     1
 90
        0
176
     1
 62
    18
420
        0
176
     1
 90
       50
176
     1
 90
        3
176
     1
 62
     5
420
      255
176
     1
290
     0
176
     1
 90
       50
176
     1
 90
       50
176
     1
 90
       50
176
     1
290
     0
176
     1
 90
       50
176
     1
 62
   256
176
     0
 40
1.0
176
     0
 90
        2
176
     1
  1
strokes_ogs.tif
176
     1
290
     0
176
     1
 40
1.0
176
     1
 40
1.0
176
     1
1001
ACAD
1000
AcDbSavedByObjectVersion
1070
     0
  0
VISUALSTYLE
  5
39
102
{ACAD_REACTORS
330
29
102
}
330
29
100
AcDbVisualStyle
  2
ColorChange
 70
    16
177
     3
291
     1
 70
    58
 90
        2
176
     1
 90
        2
176
     1
 90
        3
176
     1
 90
        0
176
     1
 40
0.6
176
     1
 40
30.0
176
     1
 62
     8
420
  8421504
176
     1
 90
        1
176
     1
 90
        4
176
     1
 62
     7
176
     1
 62
   257
176
     1
 90
        1
176
     1
 90
        1
176
     1
 40
1.0
176
     1
 90
        8
176
     1
 62
     8
420
  8421504
176
     1
 40
1.0
176
     1
 90
        1
176
     1
 90
        6
176
     1
 90
        2
176
     1
 62
     7
176
     1
 90
        5
176
     1
 90
        0
176
     1
 90
        0
176
     1
290
     0
176
     1
 90
        1
176
     1
 40
0.0
176
     1
 90
        0
176
     1
290
     0
176
     1
290
     1
176
     1
290
     1
176
     1
290
     0
176
     1
290
     0
176
     1
290
     0
176
     1
290
     0
176
     1
290
     0
176
     1
290
     0
176
     1
 90
       50
176
     1
 40
0.0
176
     1
 40
1.0
176
     1
 90
        0
176
     1
 62
    18
420
        0
176
     1
 90
       50
176
     1
 90
        3
176
     1
 62
     5
420
      255
176
     1
290
     0
176
     1
 90
       50
176
     1
 90
       50
176
     1
 90
       50
176
     1
290
     0
176
     1
 90
       50
176
     1
 62
   256
176
     0
 40
1.0
176
     0
 90
        2
176
     1
  1
strokes_ogs.tif
176
     1
290
     0
176
     1
 40
1.0
176
     1
 40
1.0
176
     1
1001
ACAD
1000
AcDbSavedByObjectVersion
1070
     0
  0
VISUALSTYLE
  5
32
102
{ACAD_REACTORS
330
29
102
}
330
29
100
AcDbVisualStyle
  2
Conceptual
 70
     9
177
     3
291
     0
 70
    58
 90
        3
176
     1
 90
        2
176
     1
 90
        0
176
     1
 90
        0
176
     1
 40
0.6
176
     1
 40
30.0
176
     1
 62
     7
420
 16777215
176
     1
 90
        2
176
     1
 90
        2
176
     1
 62
     7
176
     1
 62
   257
176
     1
 90
        1
176
     1
 90
        1
176
     1
 40
179.0
176
     1
 90
        8
176
     1
 62
     7
176
     1
 40
1.0
176
     1
 90
        1
176
     1
 90
        6
176
     1
 90
        2
176
     1
 62
     7
176
     1
 90
        3
176
     1
 90
        0
176
     1
 90
        0
176
     1
290
     0
176
     1
 90
        1
176
     1
 40
0.0
176
     1
 90
        0
176
     1
290
     0
176
     1
290
     1
176
     1
290
     1
176
     1
290
     0
176
     1
290
     0
176
     1
290
     0
176
     1
290
     0
176
     1
290
     0
176
     1
290
     0
176
     1
 90
       50
176
     1
 40
0.0
176
     1
 40
1.0
176
     1
 90
        0
176
     1
 62
    18
420
        0
176
     1
 90
       50
176
     1
 90
        3
176
     1
 62
     5
420
      255
176
     1
290
     0
176
     1
 90
       50
176
     1
 90
       50
176
     1
 90
       50
176
     1
290
     0
176
     1
 90
       50
176
     1
 62
   256
176
     0
 40
1.0
176
     0
 90
        2
176
     1
  1
strokes_ogs.tif
176
     1
290
     0
176
     1
 40
1.0
176
     1
 40
1.0
176
     1
1001
ACAD
1000
AcDbSavedByObjectVersion
1070
     0
  0
VISUALSTYLE
  5
34
102
{ACAD_REACTORS
330
29
102
}
330
29
100
AcDbVisualStyle
  2
Dim
 70
    11
177
     3
291
     1
 70
    58
 90
        2
176
     1
 90
        2
176
     1
 90
        0
176
     1
 90
        0
176
     1
 40
0.6
176
     1
 40
30.0
176
     1
 62
     7
420
 16777215
176
     1
 90
        1
176
     1
 90
        4
176
     1
 62
     7
176
     1
 62
   257
176
     1
 90
        1
176
     1
 90
        1
176
     1
 40
1.0
176
     1
 90
        8
176
     1
 62
     7
176
     1
 40
1.0
176
     1
 90
        1
176
     1
 90
        6
176
     1
 90
        2
176
     1
 62
     7
176
     1
 90
        5
176
     1
 90
        0
176
     1
 90
        0
176
     1
290
     0
176
     1
 90
        1
176
     1
 40
-50.0
176
     1
 90
        0
176
     1
290
     0
176
     1
290
     1
176
     1
290
     1
176
     1
290
     0
176
     1
290
     0
176
     1
290
     0
176
     1
290
     0
176
     1
290
     0
176
     1
290
     0
176
     1
 90
       50
176
     1
 40
0.0
176
     1
 40
1.0
176
     1
 90
        0
176
     1
 62
    18
420
        0
176
     1
 90
       50
176
     1
 90
        3
176
     1
 62
     5
420
      255
176
     1
290
     0
176
     1
 90
       50
176
     1
 90
       50
176
     1
 90
       50
176
     1
290
     0
176
     1
 90
       50
176
     1
 62
   256
176
     0
 40
1.0
176
     0
 90
        2
176
     1
  1
strokes_ogs.tif
176
     1
290
     0
176
     1
 40
1.0
176
     1
 40
1.0
176
     1
1001
ACAD
1000
AcDbSavedByObjectVersion
1070
     0
  0
VISUALSTYLE
  5
41
102
{ACAD_REACTORS
330
29
102
}
330
29
100
AcDbVisualStyle
  2
EdgeColorOff
 70
    22
177
     3
291
     1
 70
    58
 90
        2
176
     0
 90
        2
176
     0
 90
        0
176
     0
 90
        0
176
     0
 40
0.6
176
     0
 40
30.0
176
     0
 62
     7
420
 16777215
176
     0
 90
        1
176
     0
 90
        4
176
     0
 62
     7
176
     0
 62
   257
176
     0
 90
        1
176
     0
 90
        1
176
     0
 40
1.0
176
     0
 90
        8
176
     2
 62
     7
176
     0
 40
1.0
176
     0
 90
        1
176
     0
 90
        6
176
     0
 90
        2
176
     0
 62
     7
176
     0
 90
        5
176
     0
 90
        0
176
     0
 90
        0
176
     0
290
     0
176
     0
 90
        1
176
     0
 40
0.0
176
     0
 90
        0
176
     0
290
     0
176
     0
290
     1
176
     0
290
     1
176
     0
290
     0
176
     0
290
     0
176
     0
290
     0
176
     0
290
     0
176
     0
290
     0
176
     0
290
     0
176
     0
 90
       50
176
     0
 40
0.0
176
     0
 40
1.0
176
     0
 90
        0
176
     0
 62
    18
420
        0
176
     0
 90
       50
176
     0
 90
        3
176
     0
 62
     5
420
      255
176
     0
290
     0
176
     0
 90
       50
176
     0
 90
       50
176
     0
 90
       50
176
     0
290
     0
176
     0
 90
       50
176
     0
 62
   256
176
     0
 40
1.0
176
     0
 90
        2
176
     0
  1
strokes_ogs.tif
176
     0
290
     0
176
     0
 40
1.0
176
     0
 40
1.0
176
     0
1001
ACAD
1000
AcDbSavedByObjectVersion
1070
     0
  0
VISUALSTYLE
  5
38
102
{ACAD_REACTORS
330
29
102
}
330
29
100
AcDbVisualStyle
  2
Facepattern
 70
    15
177
     3
291
     1
 70
    58
 90
        2
176
     1
 90
        2
176
     1
 90
        0
176
     1
 90
        0
176
     1
 40
0.6
176
     1
 40
30.0
176
     1
 62
     7
420
 16777215
176
     1
 90
        1
176
     1
 90
        4
176
     1
 62
     7
176
     1
 62
   257
176
     1
 90
        1
176
     1
 90
        1
176
     1
 40
1.0
176
     1
 90
        8
176
     1
 62
     7
176
     1
 40
1.0
176
     1
 90
        1
176
     1
 90
        6
176
     1
 90
        2
176
     1
 62
     7
176
     1
 90
        5
176
     1
 90
        0
176
     1
 90
        0
176
     1
290
     0
176
     1
 90
        1
176
     1
 40
0.0
176
     1
 90
        0
176
     1
290
     0
176
     1
290
     1
176
     1
290
     1
176
     1
290
     0
176
     1
290
     0
176
     1
290
     0
176
     1
290
     0
176
     1
290
     0
176
     1
290
     0
176
     1
 90
       50
176
     1
 40
0.0
176
     1
 40
1.0
176
     1
 90
        0
176
     1
 62
    18
420
        0
176
     1
 90
       50
176
     1
 90
        3
176
     1
 62
     5
420
      255
176
     1
290
     0
176
     1
 90
       50
176
     1
 90
       50
176
     1
 90
       50
176
     1
290
     0
176
     1
 90
       50
176
     1
 62
   256
176
     0
 40
1.0
176
     0
 90
        2
176
     1
  1
strokes_ogs.tif
176
     1
290
     0
176
     1
 40
1.0
176
     1
 40
1.0
176
     1
1001
ACAD
1000
AcDbSavedByObjectVersion
1070
     0
  0
VISUALSTYLE
  5
2A
102
{ACAD_REACTORS
330
29
102
}
330
29
100
AcDbVisualStyle
  2
Flat
 70
     0
177
     3
291
     1
 70
    58
 90
        2
176
     1
 90
        1
176
     1
 90
        1
176
     1
 90
        2
176
     1
 40
0.6
176
     1
 40
30.0
176
     1
 62
     7
420
 16777215
176
     1
 90
        0
176
     1
 90
        0
176
     1
 62
     7
176
     1
 62
   257
176
     1
 90
        1
176
     1
 90
        1
176
     1
 40
1.0
176
     1
 90
        8
176
     1
 62
     7
176
     1
 40
1.0
176
     1
 90
        1
176
     1
 90
        6
176
     1
 90
        2
176
     1
 62
     7
176
     1
 90
        5
176
     1
 90
        0
176
     1
 90
        0
176
     1
290
     0
176
     1
 90
       13
176
     1
 40
0.0
176
     1
 90
        0
176
     1
290
     0
176
     1
290
     1
176
     1
290
     1
176
     1
290
     0
176
     1
290
     0
176
     1
290
     0
176
     1
290
     0
176
     1
290
     0
176
     1
290
     0
176
     1
 90
       50
176
     1
 40
0.0
176
     1
 40
1.0
176
     1
 90
        0
176
     1
 62
    18
420
        0
176
     1
 90
       50
176
     1
 90
        3
176
     1
 62
     5
420
      255
176
     1
290
     0
176
     1
 90
       50
176
     1
 90
       50
176
     1
 90
       50
176
     1
290
     0
176
     1
 90
       50
176
     1
 62
   256
176
     0
 40
1.0
176
     0
 90
        2
176
     1
  1
strokes_ogs.tif
176
     1
290
     0
176
     1
 40
1.0
176
     1
 40
1.0
176
     1
1001
ACAD
1000
AcDbSavedByObjectVersion
1070
     0
  0
VISUALSTYLE
  5
2B
102
{ACAD_REACTORS
330
29
102
}
330
29
100
AcDbVisualStyle
  2
FlatWithEdges
 70
     1
177
     3
291
     1
 70
    58
 90
        2
176
     1
 90
        1
176
     1
 90
        1
176
     1
 90
        2
176
     1
 40
0.6
176
     1
 40
30.0
176
     1
 62
     7
420
 16777215
176
     1
 90
        1
176
     1
 90
        0
176
     1
 62
     7
176
     1
 62
   257
176
     1
 90
        1
176
     1
 90
        1
176
     1
 40
1.0
176
     1
 90
        0
176
     1
 62
   257
176
     1
 40
1.0
176
     1
 90
        1
176
     1
 90
        6
176
     1
 90
        2
176
     1
 62
     7
176
     1
 90
        5
176
     1
 90
        0
176
     1
 90
        0
176
     1
290
     0
176
     1
 90
       13
176
     1
 40
0.0
176
     1
 90
        0
176
     1
290
     0
176
     1
290
     1
176
     1
290
     1
176
     1
290
     0
176
     1
290
     0
176
     1
290
     0
176
     1
290
     0
176
     1
290
     0
176
     1
290
     0
176
     1
 90
       50
176
     1
 40
0.0
176
     1
 40
1.0
176
     1
 90
        0
176
     1
 62
    18
420
        0
176
     1
 90
       50
176
     1
 90
        3
176
     1
 62
     5
420
      255
176
     1
290
     0
176
     1
 90
       50
176
     1
 90
       50
176
     1
 90
       50
176
     1
290
     0
176
     1
 90
       50
176
     1
 62
   256
176
     0
 40
1.0
176
     0
 90
        2
176
     1
  1
strokes_ogs.tif
176
     1
290
     0
176
     1
 40
1.0
176
     1
 40
1.0
176
     1
1001
ACAD
1000
AcDbSavedByObjectVersion
1070
     0
  0
VISUALSTYLE
  5
2C
102
{ACAD_REACTORS
330
29
102
}
330
29
100
AcDbVisualStyle
  2
Gouraud
 70
     2
177
     3
291
     1
 70
    58
 90
        2
176
     1
 90
        2
176
     1
 90
        1
176
     1
 90
        2
176
     1
 40
0.6
176
     1
 40
30.0
176
     1
 62
     7
420
 16777215
176
     1
 90
        0
176
     1
 90
        0
176
     1
 62
     7
176
     1
 62
   257
176
     1
 90
        1
176
     1
 90
        1
176
     1
 40
1.0
176
     1
 90
        0
176
     1
 62
     7
176
     1
 40
1.0
176
     1
 90
        1
176
     1
 90
        6
176
     1
 90
        2
176
     1
 62
     7
176
     1
 90
        5
176
     1
 90
        0
176
     1
 90
        0
176
     1
290
     0
176
     1
 90
       13
176
     1
 40
0.0
176
     1
 90
        0
176
     1
290
     0
176
     1
290
     1
176
     1
290
     1
176
     1
290
     0
176
     1
290
     0
176
     1
290
     0
176
     1
290
     0
176
     1
290
     0
176
     1
290
     0
176
     1
 90
       50
176
     1
 40
0.0
176
     1
 40
1.0
176
     1
 90
        0
176
     1
 62
    18
420
        0
176
     1
 90
       50
176
     1
 90
        3
176
     1
 62
     5
420
      255
176
     1
290
     0
176
     1
 90
       50
176
     1
 90
       50
176
     1
 90
       50
176
     1
290
     0
176
     1
 90
       50
176
     1
 62
   256
176
     0
 40
1.0
176
     0
 90
        2
176
     1
  1
strokes_ogs.tif
176
     1
290
     0
176
     1
 40
1.0
176
     1
 40
1.0
176
     1
1001
ACAD
1000
AcDbSavedByObjectVersion
1070
     0
  0
VISUALSTYLE
  5
2D
102
{ACAD_REACTORS
330
29
102
}
330
29
100
AcDbVisualStyle
  2
GouraudWithEdges
 70
     3
177
     3
291
     1
 70
    58
 90
        2
176
     1
 90
        2
176
     1
 90
        1
176
     1
 90
        2
176
     1
 40
0.6
176
     1
 40
30.0
176
     1
 62
     7
420
 16777215
176
     1
 90
        1
176
     1
 90
        0
176
     1
 62
     7
176
     1
 62
   257
176
     1
 90
        1
176
     1
 90
        1
176
     1
 40
1.0
176
     1
 90
        0
176
     1
 62
   257
176
     1
 40
1.0
176
     1
 90
        1
176
     1
 90
        6
176
     1
 90
        2
176
     1
 62
     7
176
     1
 90
        5
176
     1
 90
        0
176
     1
 90
        0
176
     1
290
     0
176
     1
 90
       13
176
     1
 40
0.0
176
     1
 90
        0
176
     1
290
     0
176
     1
290
     1
176
     1
290
     1
176
     1
290
     0
176
     1
290
     0
176
     1
290
     0
176
     1
290
     0
176
     1
290
     0
176
     1
290
     0
176
     1
 90
       50
176
     1
 40
0.0
176
     1
 40
1.0
176
     1
 90
        0
176
     1
 62
    18
420
        0
176
     1
 90
       50
176
     1
 90
        3
176
     1
 62
     5
420
      255
176
     1
290
     0
176
     1
 90
       50
176
     1
 90
       50
176
     1
 90
       50
176
     1
290
     0
176
     1
 90
       50
176
     1
 62
   256
176
     0
 40
1.0
176
     0
 90
        2
176
     1
  1
strokes_ogs.tif
176
     1
290
     0
176
     1
 40
1.0
176
     1
 40
1.0
176
     1
1001
ACAD
1000
AcDbSavedByObjectVersion
1070
     0
  0
VISUALSTYLE
  5
31
102
{ACAD_REACTORS
330
29
102
}
330
29
100
AcDbVisualStyle
  2
Hidden
 70
     6
177
     3
291
     0
 70
    58
 90
        1
176
     1
 90
        2
176
     1
 90
        2
176
     1
 90
        0
176
     1
 40
0.6
176
     1
 40
30.0
176
     1
 62
     7
420
 16777215
176
     1
 90
        2
176
     1
 90
        2
176
     1
 62
     7
176
     1
 62
   257
176
     1
 90
        2
176
     1
 90
        1
176
     1
 40
40.0
176
     1
 90
        0
176
     1
 62
   257
176
     1
 40
1.0
176
     1
 90
        1
176
     1
 90
        6
176
     1
 90
        2
176
     1
 62
     7
176
     1
 90
        3
176
     1
 90
        0
176
     1
 90
        0
176
     1
290
     0
176
     1
 90
        1
176
     1
 40
0.0
176
     1
 90
        0
176
     1
290
     0
176
     1
290
     1
176
     1
290
     1
176
     1
290
     0
176
     1
290
     0
176
     1
290
     0
176
     1
290
     0
176
     1
290
     0
176
     1
290
     0
176
     1
 90
       50
176
     1
 40
0.0
176
     1
 40
1.0
176
     1
 90
        0
176
     1
 62
    18
420
        0
176
     1
 90
       50
176
     1
 90
        3
176
     1
 62
     5
420
      255
176
     1
290
     0
176
     1
 90
       50
176
     1
 90
       50
176
     1
 90
       50
176
     1
290
     0
176
     1
 90
       50
176
     1
 62
   256
176
     0
 40
1.0
176
     0
 90
        2
176
     1
  1
strokes_ogs.tif
176
     1
290
     0
176
     1
 40
1.0
176
     1
 40
1.0
176
     1
1001
ACAD
1000
AcDbSavedByObjectVersion
1070
     0
  0
VISUALSTYLE
  5
3F
102
{ACAD_REACTORS
330
29
102
}
330
29
100
AcDbVisualStyle
  2
JitterOff
 70
    20
177
     3
291
     1
 70
    58
 90
        2
176
     0
 90
        2
176
     0
 90
        0
176
     0
 90
        0
176
     0
 40
0.6
176
     0
 40
30.0
176
     0
 62
     7
420
 16777215
176
     0
 90
        1
176
     0
 90
        4
176
     0
 62
     7
176
     0
 62
   257
176
     0
 90
        1
176
     0
 90
        1
176
     0
 40
1.0
176
     0
 90
       10
176
     2
 62
     7
176
     0
 40
1.0
176
     0
 90
        1
176
     0
 90
        6
176
     0
 90
        2
176
     0
 62
     7
176
     0
 90
        5
176
     0
 90
        0
176
     0
 90
        0
176
     0
290
     0
176
     0
 90
        1
176
     0
 40
0.0
176
     0
 90
        0
176
     0
290
     0
176
     0
290
     1
176
     0
290
     1
176
     0
290
     0
176
     0
290
     0
176
     0
290
     0
176
     0
290
     0
176
     0
290
     0
176
     0
290
     0
176
     0
 90
       50
176
     0
 40
0.0
176
     0
 40
1.0
176
     0
 90
        0
176
     0
 62
    18
420
        0
176
     0
 90
       50
176
     0
 90
        3
176
     0
 62
     5
420
      255
176
     0
290
     0
176
     0
 90
       50
176
     0
 90
       50
176
     0
 90
       50
176
     0
290
     0
176
     0
 90
       50
176
     0
 62
   256
176
     0
 40
1.0
176
     0
 90
        2
176
     0
  1
strokes_ogs.tif
176
     0
290
     0
176
     0
 40
1.0
176
     0
 40
1.0
176
     0
1001
ACAD
1000
AcDbSavedByObjectVersion
1070
     0
  0
VISUALSTYLE
  5
37
102
{ACAD_REACTORS
330
29
102
}
330
29
100
AcDbVisualStyle
  2
Linepattern
 70
    14
177
     3
291
     1
 70
    58
 90
        2
176
     1
 90
        2
176
     1
 90
        0
176
     1
 90
        0
176
     1
 40
0.6
176
     1
 40
30.0
176
     1
 62
     7
420
 16777215
176
     1
 90
        1
176
     1
 90
        4
176
     1
 62
     7
176
     1
 62
   257
176
     1
 90
        7
176
     1
 90
        7
176
     1
 40
1.0
176
     1
 90
        8
176
     1
 62
     7
176
     1
 40
1.0
176
     1
 90
        1
176
     1
 90
        6
176
     1
 90
        2
176
     1
 62
     7
176
     1
 90
        5
176
     1
 90
        0
176
     1
 90
        0
176
     1
290
     0
176
     1
 90
        1
176
     1
 40
0.0
176
     1
 90
        0
176
     1
290
     0
176
     1
290
     1
176
     1
290
     1
176
     1
290
     0
176
     1
290
     0
176
     1
290
     0
176
     1
290
     0
176
     1
290
     0
176
     1
290
     0
176
     1
 90
       50
176
     1
 40
0.0
176
     1
 40
1.0
176
     1
 90
        0
176
     1
 62
    18
420
        0
176
     1
 90
       50
176
     1
 90
        3
176
     1
 62
     5
420
      255
176
     1
290
     0
176
     1
 90
       50
176
     1
 90
       50
176
     1
 90
       50
176
     1
290
     0
176
     1
 90
       50
176
     1
 62
   256
176
     0
 40
1.0
176
     0
 90
        2
176
     1
  1
strokes_ogs.tif
176
     1
290
     0
176
     1
 40
1.0
176
     1
 40
1.0
176
     1
1001
ACAD
1000
AcDbSavedByObjectVersion
1070
     0
  0
VISUALSTYLE
  5
40
102
{ACAD_REACTORS
330
29
102
}
330
29
100
AcDbVisualStyle
  2
OverhangOff
 70
    21
177
     3
291
     1
 70
    58
 90
        2
176
     0
 90
        2
176
     0
 90
        0
176
     0
 90
        0
176
     0
 40
0.6
176
     0
 40
30.0
176
     0
 62
     7
420
 16777215
176
     0
 90
        1
176
     0
 90
        4
176
     0
 62
     7
176
     0
 62
   257
176
     0
 90
        1
176
     0
 90
        1
176
     0
 40
1.0
176
     0
 90
        9
176
     2
 62
     7
176
     0
 40
1.0
176
     0
 90
        1
176
     0
 90
        6
176
     0
 90
        2
176
     0
 62
     7
176
     0
 90
        5
176
     0
 90
        0
176
     0
 90
        0
176
     0
290
     0
176
     0
 90
        1
176
     0
 40
0.0
176
     0
 90
        0
176
     0
290
     0
176
     0
290
     1
176
     0
290
     1
176
     0
290
     0
176
     0
290
     0
176
     0
290
     0
176
     0
290
     0
176
     0
290
     0
176
     0
290
     0
176
     0
 90
       50
176
     0
 40
0.0
176
     0
 40
1.0
176
     0
 90
        0
176
     0
 62
    18
420
        0
176
     0
 90
       50
176
     0
 90
        3
176
     0
 62
     5
420
      255
176
     0
290
     0
176
     0
 90
       50
176
     0
 90
       50
176
     0
 90
       50
176
     0
290
     0
176
     0
 90
       50
176
     0
 62
   256
176
     0
 40
1.0
176
     0
 90
        2
176
     0
  1
strokes_ogs.tif
176
     0
290
     0
176
     0
 40
1.0
176
     0
 40
1.0
176
     0
1001
ACAD
1000
AcDbSavedByObjectVersion
1070
     0
  0
VISUALSTYLE
  5
33
102
{ACAD_REACTORS
330
29
102
}
330
29
100
AcDbVisualStyle
  2
Realistic
 70
     8
177
     3
291
     0
 70
    58
 90
        2
176
     1
 90
        3
176
     1
 90
        0
176
     1
 90
        2
176
     1
 40
0.6
176
     1
 40
30.0
176
     1
 62
     7
420
 16777215
176
     1
 90
        0
176
     1
 90
        0
176
     1
 62
     7
176
     1
 62
   257
176
     1
 90
        1
176
     1
 90
        1
176
     1
 40
1.0
176
     1
 90
        8
176
     1
 62
   257
176
     1
 40
1.0
176
     1
 90
        1
176
     1
 90
        6
176
     1
 90
        2
176
     1
 62
     7
176
     1
 90
        3
176
     1
 90
        0
176
     1
 90
        0
176
     1
290
     0
176
     1
 90
       13
176
     1
 40
0.0
176
     1
 90
        0
176
     1
290
     0
176
     1
290
     1
176
     1
290
     1
176
     1
290
     0
176
     1
290
     0
176
     1
290
     0
176
     1
290
     0
176
     1
290
     0
176
     1
290
     0
176
     1
 90
       50
176
     1
 40
0.0
176
     1
 40
1.0
176
     1
 90
        0
176
     1
 62
    18
420
        0
176
     1
 90
       50
176
     1
 90
        3
176
     1
 62
     5
420
      255
176
     1
290
     0
176
     1
 90
       50
176
     1
 90
       50
176
     1
 90
       50
176
     1
290
     0
176
     1
 90
       50
176
     1
 62
   256
176
     0
 40
1.0
176
     0
 90
        2
176
     1
  1
strokes_ogs.tif
176
     1
290
     0
176
     1
 40
1.0
176
     1
 40
1.0
176
     1
1001
ACAD
1000
AcDbSavedByObjectVersion
1070
     0
  0
VISUALSTYLE
  5
3E
102
{ACAD_REACTORS
330
29
102
}
330
29
100
AcDbVisualStyle
  2
Shaded
 70
    27
177
     3
291
     0
 70
    58
 90
        2
176
     1
 90
        2
176
     1
 90
        1
176
     1
 90
        2
176
     1
 40
0.6
176
     1
 40
30.0
176
     1
 62
     7
420
 16777215
176
     1
 90
        0
176
     1
 90
        4
176
     1
 62
     7
176
     1
 62
   257
176
     1
 90
        1
176
     1
 90
        1
176
     1
 40
1.0
176
     1
 90
        8
176
     1
 62
   257
176
     1
 40
1.0
176
     1
 90
        1
176
     1
 90
        6
176
     1
 90
        2
176
     1
 62
     8
420
  7895160
176
     1
 90
        3
176
     1
 90
        0
176
     1
 90
        0
176
     1
290
     0
176
     1
 90
        5
176
     1
 40
0.0
176
     1
 90
        0
176
     1
290
     0
176
     1
290
     1
176
     1
290
     1
176
     1
290
     0
176
     1
290
     0
176
     1
290
     0
176
     1
290
     0
176
     1
290
     0
176
     1
290
     0
176
     1
 90
       50
176
     1
 40
0.0
176
     1
 40
1.0
176
     1
 90
        0
176
     1
 62
    18
420
        0
176
     1
 90
       50
176
     1
 90
        3
176
     1
 62
     5
420
      255
176
     1
290
     0
176
     1
 90
       50
176
     1
 90
       50
176
     1
 90
       50
176
     1
290
     0
176
     1
 90
       50
176
     1
 62
   256
176
     0
 40
1.0
176
     0
 90
        2
176
     1
  1
strokes_ogs.tif
176
     1
290
     0
176
     1
 40
1.0
176
     1
 40
1.0
176
     1
1001
ACAD
1000
AcDbSavedByObjectVersion
1070
     0
  0
VISUALSTYLE
  5
3D
102
{ACAD_REACTORS
330
29
102
}
330
29
100
AcDbVisualStyle
  2
Shaded with edges
 70
    26
177
     3
291
     0
 70
    58
 90
        2
176
     1
 90
        2
176
     1
 90
        1
176
     1
 90
        2
176
     1
 40
0.6
176
     1
 40
30.0
176
     1
 62
     7
420
 16777215
176
     1
 90
        1
176
     1
 90
        2
176
     1
 62
     7
176
     1
 62
   257
176
     1
 90
        2
176
     1
 90
        1
176
     1
 40
1.0
176
     1
 90
        8
176
     1
 62
   257
176
     1
 40
1.0
176
     1
 90
        1
176
     1
 90
        6
176
     1
 90
        2
176
     1
 62
     7
176
     1
 90
        3
176
     1
 90
        0
176
     1
 90
        0
176
     1
290
     0
176
     1
 90
        5
176
     1
 40
0.0
176
     1
 90
        0
176
     1
290
     0
176
     1
290
     1
176
     1
290
     1
176
     1
290
     0
176
     1
290
     0
176
     1
290
     0
176
     1
290
     0
176
     1
290
     0
176
     1
290
     0
176
     1
 90
       50
176
     1
 40
0.0
176
     1
 40
1.0
176
     1
 90
        0
176
     1
 62
    18
420
        0
176
     1
 90
       50
176
     1
 90
        3
176
     1
 62
     5
420
      255
176
     1
290
     0
176
     1
 90
       50
176
     1
 90
       50
176
     1
 90
       50
176
     1
290
     0
176
     1
 90
       50
176
     1
 62
   256
176
     0
 40
1.0
176
     0
 90
        2
176
     1
  1
strokes_ogs.tif
176
     1
290
     0
176
     1
 40
1.0
176
     1
 40
1.0
176
     1
1001
ACAD
1000
AcDbSavedByObjectVersion
1070
     0
  0
VISUALSTYLE
  5
3A
102
{ACAD_REACTORS
330
29
102
}
330
29
100
AcDbVisualStyle
  2
Shades of Gray
 70
    23
177
     3
291
     0
 70
    58
 90
        2
176
     1
 90
        2
176
     1
 90
        3
176
     1
 90
        0
176
     1
 40
0.6
176
     1
 40
30.0
176
     1
 62
     7
420
 16777215
176
     1
 90
        2
176
     1
 90
        2
176
     1
 62
     7
176
     1
 62
     7
176
     1
 90
        1
176
     1
 90
        1
176
     1
 40
40.0
176
     1
 90
        8
176
     1
 62
     7
176
     1
 40
1.0
176
     1
 90
        1
176
     1
 90
        6
176
     1
 90
        2
176
     1
 62
     7
176
     1
 90
        3
176
     1
 90
        0
176
     1
 90
        0
176
     1
290
     0
176
     1
 90
        1
176
     1
 40
0.0
176
     1
 90
        0
176
     1
290
     0
176
     1
290
     1
176
     1
290
     1
176
     1
290
     0
176
     1
290
     0
176
     1
290
     0
176
     1
290
     0
176
     1
290
     0
176
     1
290
     0
176
     1
 90
       50
176
     1
 40
0.0
176
     1
 40
1.0
176
     1
 90
        0
176
     1
 62
    18
420
        0
176
     1
 90
       50
176
     1
 90
        3
176
     1
 62
     5
420
      255
176
     1
290
     0
176
     1
 90
       50
176
     1
 90
       50
176
     1
 90
       50
176
     1
290
     0
176
     1
 90
       50
176
     1
 62
   256
176
     0
 40
1.0
176
     0
 90
        2
176
     1
  1
strokes_ogs.tif
176
     1
290
     0
176
     1
 40
1.0
176
     1
 40
1.0
176
     1
1001
ACAD
1000
AcDbSavedByObjectVersion
1070
     0
  0
VISUALSTYLE
  5
3B
102
{ACAD_REACTORS
330
29
102
}
330
29
100
AcDbVisualStyle
  2
Sketchy
 70
    24
177
     3
291
     0
 70
    58
 90
        1
176
     1
 90
        2
176
     1
 90
        2
176
     1
 90
        0
176
     1
 40
0.6
176
     1
 40
30.0
176
     1
 62
     7
420
 16777215
176
     1
 90
        2
176
     1
 90
        2
176
     1
 62
     7
176
     1
 62
     7
176
     1
 90
        1
176
     1
 90
        1
176
     1
 40
40.0
176
     1
 90
       11
176
     1
 62
     7
176
     1
 40
1.0
176
     1
 90
        1
176
     1
 90
        6
176
     1
 90
        2
176
     1
 62
     7
176
     1
 90
        6
176
     1
 90
        0
176
     1
 90
        0
176
     1
290
     0
176
     1
 90
        1
176
     1
 40
0.0
176
     1
 90
        0
176
     1
290
     0
176
     1
290
     1
176
     1
290
     1
176
     1
290
     0
176
     1
290
     0
176
     1
290
     0
176
     1
290
     0
176
     1
290
     0
176
     1
290
     0
176
     1
 90
       50
176
     1
 40
0.0
176
     1
 40
1.0
176
     1
 90
        0
176
     1
 62
    18
420
        0
176
     1
 90
       50
176
     1
 90
        3
176
     1
 62
     5
420
      255
176
     1
290
     0
176
     1
 90
       50
176
     1
 90
       50
176
     1
 90
       50
176
     1
290
     0
176
     1
 90
       50
176
     1
 62
   256
176
     0
 40
1.0
176
     0
 90
        2
176
     1
  1
strokes_ogs.tif
176
     1
290
     0
176
     1
 40
1.0
176
     1
 40
1.0
176
     1
1001
ACAD
1000
AcDbSavedByObjectVersion
1070
     0
  0
VISUALSTYLE
  5
36
102
{ACAD_REACTORS
330
29
102
}
330
29
100
AcDbVisualStyle
  2
Thicken
 70
    13
177
     3
291
     1
 70
    58
 90
        2
176
     1
 90
        2
176
     1
 90
        0
176
     1
 90
        0
176
     1
 40
0.6
176
     1
 40
30.0
176
     1
 62
     7
420
 16777215
176
     1
 90
        1
176
     1
 90
        4
176
     1
 62
     7
176
     1
 62
   257
176
     1
 90
        1
176
     1
 90
        1
176
     1
 40
1.0
176
     1
 90
       12
176
     1
 62
     7
176
     1
 40
1.0
176
     1
 90
        1
176
     1
 90
        6
176
     1
 90
        2
176
     1
 62
     7
176
     1
 90
        5
176
     1
 90
        0
176
     1
 90
        0
176
     1
290
     0
176
     1
 90
        1
176
     1
 40
0.0
176
     1
 90
        0
176
     1
290
     0
176
     1
290
     1
176
     1
290
     1
176
     1
290
     0
176
     1
290
     0
176
     1
290
     0
176
     1
290
     0
176
     1
290
     0
176
     1
290
     0
176
     1
 90
       50
176
     1
 40
0.0
176
     1
 40
1.0
176
     1
 90
        0
176
     1
 62
    18
420
        0
176
     1
 90
       50
176
     1
 90
        3
176
     1
 62
     5
420
      255
176
     1
290
     0
176
     1
 90
       50
176
     1
 90
       50
176
     1
 90
       50
176
     1
290
     0
176
     1
 90
       50
176
     1
 62
   256
176
     0
 40
1.0
176
     0
 90
        2
176
     1
  1
strokes_ogs.tif
176
     1
290
     0
176
     1
 40
1.0
176
     1
 40
1.0
176
     1
1001
ACAD
1000
AcDbSavedByObjectVersion
1070
     0
  0
VISUALSTYLE
  5
30
102
{ACAD_REACTORS
330
29
102
}
330
29
100
AcDbVisualStyle
  2
Wireframe
 70
     5
177
     3
291
     0
 70
    58
 90
        0
176
     1
 90
        2
176
     1
 90
        0
176
     1
 90
        0
176
     1
 40
0.6
176
     1
 40
30.0
176
     1
 62
     7
420
 16777215
176
     1
 90
        1
176
     1
 90
        4
176
     1
 62
     7
176
     1
 62
   257
176
     1
 90
        1
176
     1
 90
        1
176
     1
 40
1.0
176
     1
 90
        0
176
     1
 62
   257
176
     1
 40
1.0
176
     1
 90
        1
176
     1
 90
        6
176
     1
 90
        2
176
     1
 62
     7
176
     1
 90
        3
176
     1
 90
        0
176
     1
 90
        0
176
     1
290
     0
176
     1
 90
        1
176
     1
 40
0.0
176
     1
 90
        0
176
     1
290
     0
176
     1
290
     1
176
     1
290
     1
176
     1
290
     0
176
     1
290
     0
176
     1
290
     0
176
     1
290
     0
176
     1
290
     0
176
     1
290
     0
176
     1
 90
       50
176
     1
 40
0.0
176
     1
 40
1.0
176
     1
 90
        0
176
     1
 62
    18
420
        0
176
     1
 90
       50
176
     1
 90
        3
176
     1
 62
     5
420
      255
176
     1
290
     0
176
     1
 90
       50
176
     1
 90
       50
176
     1
 90
       50
176
     1
290
     0
176
     1
 90
       50
176
     1
 62
   256
176
     0
 40
1.0
176
     0
 90
        2
176
     1
  1
strokes_ogs.tif
176
     1
290
     0
176
     1
 40
1.0
176
     1
 40
1.0
176
     1
1001
ACAD
1000
AcDbSavedByObjectVersion
1070
     0
  0
VISUALSTYLE
  5
3C
102
{ACAD_REACTORS
330
29
102
}
330
29
100
AcDbVisualStyle
  2
X-Ray
 70
    25
177
     3
291
     0
 70
    58
 90
        2
176
     1
 90
        2
176
     1
 90
        1
176
     1
 90
        1
176
     1
 40
0.5
176
     1
 40
30.0
176
     1
 62
     7
420
 16777215
176
     1
 90
        1
176
     1
 90
        0
176
     1
 62
     7
176
     1
 62
   257
176
     1
 90
        1
176
     1
 90
        1
176
     1
 40
1.0
176
     1
 90
        8
176
     1
 62
     7
176
     1
 40
1.0
176
     1
 90
        1
176
     1
 90
        6
176
     1
 90
        2
176
     1
 62
     7
176
     1
 90
        3
176
     1
 90
        0
176
     1
 90
        0
176
     1
290
     0
176
     1
 90
       13
176
     1
 40
0.0
176
     1
 90
        0
176
     1
290
     0
176
     1
290
     1
176
     1
290
     1
176
     1
290
     0
176
     1
290
     0
176
     1
290
     0
176
     1
290
     0
176
     1
290
     0
176
     1
290
     0
176
     1
 90
       50
176
     1
 40
0.0
176
     1
 40
1.0
176
     1
 90
        0
176
     1
 62
    18
420
        0
176
     1
 90
       50
176
     1
 90
        3
176
     1
 62
     5
420
      255
176
     1
290
     0
176
     1
 90
       50
176
     1
 90
       50
176
     1
 90
       50
176
     1
290
     0
176
     1
 90
       50
176
     1
 62
   256
176
     0
 40
1.0
176
     0
 90
        2
176
     1
  1
strokes_ogs.tif
176
     1
290
     0
176
     1
 40
1.0
176
     1
 40
1.0
176
     1
1001
ACAD
1000
AcDbSavedByObjectVersion
1070
     0
  0
DICTIONARYVAR
  5
150
102
{ACAD_REACTORS
330
14B
102
}
330
14B
100
DictionaryVariables
280
     0
  1
1:1
  0
DICTIONARYVAR
  5
14D
102
{ACAD_REACTORS
330
14B
102
}
330
14B
100
DictionaryVariables
280
     0
  1
STANDARD
  0
DICTIONARYVAR
  5
14C
102
{ACAD_REACTORS
330
14B
102
}
330
14B
100
DictionaryVariables
280
     0
  1
STANDARD
  0
DICTIONARYVAR
  5
14E
102
{ACAD_REACTORS
330
14B
102
}
330
14B
100
DictionaryVariables
280
     0
  1
Imperial24
  0
DICTIONARYVAR
  5
14F
102
{ACAD_REACTORS
330
14B
102
}
330
14B
100
DictionaryVariables
280
     0
  1
Imperial24
  0
DICTIONARY
  5
156
330
6B
100
AcDbDictionary
280
     1
281
     1
  3
ACAD_XREC_ROUNDTRIP
360
157
  0
DICTIONARY
  5
1A
330
19
100
AcDbDictionary
280
     1
281
     1
  3
BUMPTILE
360
1C
  3
DIFFUSETILE
360
1B
  3
OPACITYTILE
360
1F
  3
REFLECTIONTILE
360
1E
  3
REFRACTIONTILE
360
20
  3
SPECULARTILE
360
1D
  0
DICTIONARY
  5
12
330
11
100
AcDbDictionary
280
     1
281
     1
  3
BUMPTILE
360
14
  3
DIFFUSETILE
360
13
  3
OPACITYTILE
360
17
  3
REFLECTIONTILE
360
16
  3
REFRACTIONTILE
360
18
  3
SPECULARTILE
360
15
  0
DICTIONARY
  5
22
330
21
100
AcDbDictionary
280
     1
281
     1
  3
BUMPTILE
360
24
  3
DIFFUSETILE
360
23
  3
OPACITYTILE
360
27
  3
REFLECTIONTILE
360
26
  3
REFRACTIONTILE
360
28
  3
SPECULARTILE
360
25
  0
DICTIONARY
  5
13E
330
13D
100
AcDbDictionary
280
     1
281
     1
  3
ADVMATERIAL
360
146
  3
BUMPTILE
360
141
  3
DIFFUSETILE
360
140
  3
FBXASSET
360
13F
  3
OPACITYTILE
360
142
  3
REFLECTIONTILE
360
144
  3
REFRACTIONTILE
360
145
  3
SPECULARTILE
360
143
  0
DICTIONARY
  5
154
330
69
100
AcDbDictionary
280
     1
281
     1
  3
ACAD_XREC_ROUNDTRIP
360
155
  0
DICTIONARY
  5
151
330
65
100
AcDbDictionary
280
     1
281
     1
  3
ACAD_ROUNDTRIP_2008_TABLESTYLE_CELLSTYLEMAP
360
152
  0
XRECORD
  5
157
102
{ACAD_REACTORS
330
156
102
}
330
156
100
AcDbXrecord
280
     1
102
DISPLAYNAME
  1
Imperial24
102
FLAGS
 90
        0
  0
XRECORD
  5
1C
102
{ACAD_REACTORS
330
1A
102
}
330
1A
100
AcDbXrecord
280
     1
270
     1
271
     1
  0
XRECORD
  5
1B
102
{ACAD_REACTORS
330
1A
102
}
330
1A
100
AcDbXrecord
280
     1
270
     1
271
     1
  0
XRECORD
  5
1F
102
{ACAD_REACTORS
330
1A
102
}
330
1A
100
AcDbXrecord
280
     1
270
     1
271
     1
  0
XRECORD
  5
1E
102
{ACAD_REACTORS
330
1A
102
}
330
1A
100
AcDbXrecord
280
     1
270
     1
271
     1
  0
XRECORD
  5
20
102
{ACAD_REACTORS
330
1A
102
}
330
1A
100
AcDbXrecord
280
     1
270
     1
271
     1
  0
XRECORD
  5
1D
102
{ACAD_REACTORS
330
1A
102
}
330
1A
100
AcDbXrecord
280
     1
270
     1
271
     1
  0
XRECORD
  5
14
102
{ACAD_REACTORS
330
12
102
}
330
12
100
AcDbXrecord
280
     1
270
     1
271
     1
  0
XRECORD
  5
13
102
{ACAD_REACTORS
330
12
102
}
330
12
100
AcDbXrecord
280
     1
270
     1
271
     1
  0
XRECORD
  5
17
102
{ACAD_REACTORS
330
12
102
}
330
12
100
AcDbXrecord
280
     1
270
     1
271
     1
  0
XRECORD
  5
16
102
{ACAD_REACTORS
330
12
102
}
330
12
100
AcDbXrecord
280
     1
270
     1
271
     1
  0
XRECORD
  5
18
102
{ACAD_REACTORS
330
12
102
}
330
12
100
AcDbXrecord
280
     1
270
     1
271
     1
  0
XRECORD
  5
15
102
{ACAD_REACTORS
330
12
102
}
330
12
100
AcDbXrecord
280
     1
270
     1
271
     1
  0
XRECORD
  5
24
102
{ACAD_REACTORS
330
22
102
}
330
22
100
AcDbXrecord
280
     1
270
     1
271
     1
  0
XRECORD
  5
23
102
{ACAD_REACTORS
330
22
102
}
330
22
100
AcDbXrecord
280
     1
270
     1
271
     1
  0
XRECORD
  5
27
102
{ACAD_REACTORS
330
22
102
}
330
22
100
AcDbXrecord
280
     1
270
     1
271
     1
  0
XRECORD
  5
26
102
{ACAD_REACTORS
330
22
102
}
330
22
100
AcDbXrecord
280
     1
270
     1
271
     1
  0
XRECORD
  5
28
102
{ACAD_REACTORS
330
22
102
}
330
22
100
AcDbXrecord
280
     1
270
     1
271
     1
  0
XRECORD
  5
25
102
{ACAD_REACTORS
330
22
102
}
330
22
100
AcDbXrecord
280
     1
270
     1
271
     1
  0
XRECORD
  5
146
102
{ACAD_REACTORS
330
13E
102
}
330
13E
100
AcDbXrecord
280
     1
460
100.0
461
100.0
462
100.0
463
100.0
290
     0
270
     1
464
0.0
293
     0
272
     3
273
     3
  0
XRECORD
  5
141
102
{ACAD_REACTORS
330
13E
102
}
330
13E
100
AcDbXrecord
280
     1
270
     1
271
     1
  0
XRECORD
  5
140
102
{ACAD_REACTORS
330
13E
102
}
330
13E
100
AcDbXrecord
280
     1
270
     1
271
     1
  0
XRECORD
  5
13F
102
{ACAD_REACTORS
330
13E
102
}
330
13E
100
AcDbXrecord
280
     1
 70
     0
 90
 46071428
 71
     1
  1
7CD4C8BE-9F6D-457A-BD59-2F302D5AFC90
311
504B03041400060808005257925A2BA5AADE61010000B80200004F00000045414136423143432D464633342D343432342D424642442D4335393736393132384645442F4173736574446174612F446566696E6974696F6E4974657261746F7250726F706572746965732E62696EB5523D4FC33010BD020221C4C0C29C3FE0E6
311
A349DB5442285F664254D0BD728369229C0FE244C0D681817F0DE7A4A52D031B91CEBE7B79F7727ECE27007CAD1F4CA187B1C2F51CF71B9EF32A8D1FE284670C4EB6C84E7A80A82A43FEC41A51ABB6DB54C65C0896F3A29117DB2E2D6335EA31D1574DA7181B402A8565F73535C06B37D31BA6C01ECBC9359392D7577AE479
311
43DF0C0242E9C026B66DD9C4A77E4802C71D0D5DD31AD328D4EFB92C9A2AE6521F05A11D8CFD88B8741812DB1979C40F1D9758746058A1E3D1C035F43A69B245CE52A11BFA7A8479992F67A63171C693C1218EA0FC50E79856A9CCEE4AF6D2F0CE93DED93EFAAB5447D9F1E67243D68A56E30F3F8E91DA9194C607C611C60A
311
E39FED984F0B595B86E9ECF9B27370F5ABA8599447192C40C03B68C040028114D73E563348DA5CC38B4C9121105B40051C79CF2D3BFFE992886E75144720ABC6BE0272D4534A25EE1A6249FB466B95BE01504B03041400060808005257925A954A2985E8010000500400004500000045414136423143432D464633342D3434
311
32342D424642442D4335393736393132384645442F4173736574446174612F496E7374616E636550726F706572746965732E62696EEB606060F80F0540260323103700495E20ED9E9A975A94991C9C9C919A9BA802143077763171B67072D5B5743373D135313577D4757231B5D435723336307231757473B6346047680469
311
31363471713502AA31353131D635313332D475727372D13534373670367376B67474B5042A8300CD98FE435F35AED8036926A0480310C3F8601AA2EA833D4812EC522025E0C02000E21A83C1657B101B0FF8005300612C9832E50A48049D060A011500ED6106B21A80180A60DA61340F50BC5A649DFBC3AA2930838122A0F0
311
04C9A481C137A8CC03241550E36014CC382C34D8AF10238D60CA316816A00828E64096069727962467E886E417951683C4D1405E668942668A2D1B5BC6BE625186861B626D5E7FEBD1D4E0E1B202E540E943104807146516E7FA17241696A642D2882E50909834121F905F5C62646068CA8D6A0A0909860DEC0E200105E811
311
08E303A561810A528912578C05A0D8450630A5B868A05A3E05988607A0F80425F70688082E4D3071902A502441004C14170D53874223B4230BCF9A39732628C9C9020567CE3C094966D892827E527E7E8E9D4D6951A6425E626EAAAD128854B22B29CA4CCC4BCF492DD64BCACCB3D1074ADBD9140305F3D2A1CA4A2A0B80CA
311
120B0A723293134B32F3F3F4F3934B524B74818A5213736DF4218AED6CF4733201504B03041400060808005257925AB5A795FFE3790000DE7900006B00000045414136423143432D464633342D343432342D424642442D4335393736393132384645442F5265736F75726365732F37434434433842452D394636442D343537
311
412D424435392D3246333032443541464339302F7468756D626E61696C2F302F67656E657269635F706E6701DE79218689504E470D0A1A0A0000000D49484452000001000000010008030000006BAC58540000000467414D410000B18F0BFC6105000000017352474200AECE1CE900000192504C5445818181B3B3B35A5A5A
311
4848486060605C5C5C6464648383835E5E5E6262624E4E4EAFAFAF4A4A4AB5B5B54C4C4CB1B1B1858585B7B7B7585858ADADAD7C7C7C464646787878ABABAB747474A7A7A7686868707070B9B9B96E6E6E6A6A6A8B8B8B666666545454565656A5A5A5505050A1A1A1BBBBBB8F8F8F9F9F9F4242425252527676764040403E
311
3E3E9B9B9B7A7A7A8989897E7E7E9393939797974444448787873C3C3C727272BDBDBD3A3A3A6C6C6CA9A9A9A3A3A32020209D9D9DBFBFBF8D8D8D9595959191912626269999992222222424241E1E1EC1C1C1282828C3C3C32C2C2C2A2A2A2E2E2E303030C5C5C53232321C1C1C363636383838343434C7C7C71A1A1A0E0E
311
0E121212484A484C4E4C1616160A0A0A4A4C4A787A781414147C7E7C9193915E605E464846838583878987B1B3B18587856668665A5C5A626462818381A7A7A5A3A3A1B1B1AFADAFAD7072705C5E5C9D9D9BABADAB7E817EB7B9B7585A58BBBDBB4C4C4A8D8F8D747674B5B5B3B7B7B59FA19F606260ABABA9A5A5A39B9B99
311
A9A9A78F8F8D6C6C6AC7C7C5451AD12700002000494441547801DCBD89771BD7B5A70B8EE04C702641712605CE034890E220088028C93245451215B713AF388E7DFD9EEDB8DDCE6ABFF4B57D97137BE50FEFEFDBA74049B6AEED74869B7E87404D2814EBB7F76F0F67A8835CEEBFA0E42B854AA5B2BB5B6BCC951A8D52A936
311
57A914FE0BEEE39FFE2FF395B9B9C6CAD2D4C4606F4B7FFF8D1B37EEDCB97587F7CD9B4343BD134BABE7DB48E3FFA7A228ECD6F6574E4786C0FC8B5FFCE2CD5FFCE297BF7CF3CD5FFC92B52FFE58BFF9E69B776E0EF5F79E55CBBBF9FC3F5D3DFFB07F5898ABAF7CDA3B74E74EC0CE20230561BF096E97E05712BFFCC59BC8
311
0539DCE83DDD6E54FE61B7747DE17FB8980BBBFB2BBD4337DF487881AAE6C5ACC6AF25207877B2B527BFF1CB3B77FA47561ABBD7F7FA7FE146A5B6BD74E3164C7F51449AE95DB412200EC539418717E7F2F11B376FF62E95FEAF1442BED0581DBCA1BD2780D23F506AFA16E1A7AD974EF17876F00DD7BCB187A1A97AE51FCE
311
D5BF2BC1F2BBE5B3C19BE27B43CF26DE00933658FE129B109C2FFF922CC22C4260FA01BEFB462A77DEBC35F42F600C3F5B0795D2E9E02DAD5E650B4438A92801B65C35CBAB7B1EE5041CE69D3B6F1822DFB873EBD6AD3B6FBC71EBC6C86AE967DFC2DFA4CEBFF1BF54F6276EBC114E2F43FEC60B01A0D440A868B2920E5C4B
311
C10D60931ADCB871F3268B21D3851B08E1D6AD9BFD4BF57F7577909FAB86F29B982571136AF01DF5FE32AC3BD9406CAAF2440A54CF176EDD01FBADA1FEFEFE21FE4C9858DFF4183458A9FD2B6708A5A5A137E0EE1D11A9EC0C7C58B2C73C0AD6B479BD76B7790CF899E287FA5B06FB7B07C9195B7851FA8794031EF1FC5F94
311
06BBFB23375420286399B631E93B08022A785C4DBF9996EC3551874094D71B6F487E80F6837E50F483BDBDBD83232323AC420A18C68DA196EDDADF68A77F938F78FD972BABBDB7B87FB164AC6FC2CB760365821ACB74AED44FFAD7E7431ECD7E08AC421F391D199998989A383D9D98E8E56F84A318C58D9BFD2DAB73FF5222
311
C8EFAEF4DE7AF30D756E5108683DA471E70D0502099A7240F19E4089D3FD203E620F1B47BF43501E85031AE44B4B9F2E4D2D9D4D51D8970983FA861B3706FF950CA170DE82F6B312CC4F42C8966295F7D725ED29882415DC055F36DEA1FE96FEC141493F05FAA9A9A5A595B333DED5B3D5A533F62183323032F46EFF13EA0A
311
AFA5FBF7C8976F8C10F7280A014832593B90004D52341980D907EAEB73411EB2F1EBC9F507F92746C40E7AE0AFAE54292BAB2BAB67CAE0746264A277B06508168C94BF772BE9765F7BF0B548FE1E07F3B5A521340A5CB5297C4B12811B89E82191ECF3E41B3259C529F135E23CF4C7F961FB13537F5A02ECCAEA76B5BA5D3D
311
3FDF3F2FEFEFB3AA22053E5008833428DC6C59FA2F770595F311F235D427F379BB8A121BD901B96076A388DC4C3C61C7933CCCD770FF375A6E0CE9F535FE2534BF5ADD3E3FAFD71BF57AA951B6D4CFEBFB8864758A26154430080B06ABFF557610ECC93726224F155D1471041E0D42F82F4891C926C1355B0831649FF365F4
311
6FF05300A7A790BD8ADEEB0D4AA9569A9BDBADCCD56AA55AE377F5F3F3EA2A34983A1DE91D810543138D7F28E57FF4E2B5335A3928B76EA1CB9B00BF158C8F63A2E788826896D0B5E7C461949ECE089144F8EBEFC7FB4D8C9C4E9DAD60F7FBE572B416C2F2423ECF8B86C439E450DA970634ACFDA977629098D0B2FAF313A3
311
6B3869E37AF7853378CDA1171FBEBA95DF1E44FD5144A420588641B0055A79ED91CC0DC41E27064512FB33F1F04D09D0D2DF0203A646A6CECE80DF28356A348CED8C4F1EF137B9319E1BCD29867CA556AA97F7B757567006A447FD375A26CAAFDED9CFDCFB2BB0BEEE8AA5911BC2C7F85DF88A3775389990AA72219D582409
311
210F85A4E66F2987D875C30848023088FDF77E87F96FD7CBA5B9DCCEF4F4C9FC7C676777577B7B7B67E7ECCCE4E8DEE85E81A6D55AA3BC7FBEB242589CE8ED4770E785D7DDE23FF2587EBF57F50B9E820527316488E5C32D50F979BCA58207297E2B6D658702FFCD211840FE43FC9F3A5BAD9E97E6F21B9FCF16BBBB3A3A5A
311
175B5B1787875B5B3B86DFEFFC687A72674F19D46A8DFDF3EACA59E405375ACE76FFA922C817CE86A89BDD92F400F2C55B7462F610459837D3A61ACF50C7471C8F2F2A9D38C3DA2F068007F80EFCDBFBE5DCC674B1D83EBCBEB8BCBCBC3ED0D3D333D0B3DE33BCBEB0D8DA35FBF9F8CECE68AE020BCE61C112A4C1138CD47F
311
9AD13F7DC6AB9CF9CFCFAF9D0E01FFE6CD503F5B91C5218E2899CA15098714848B04FCE5654884ABF0E554F11F6C21D73D5D5AADD64B7B9327DDAD8B0B7D7D6D6D07070763BC0F3E38E8EB4310EBEB8BC3DDB347E3E37B5842B97C4E44A0C630427E5CFDFB71E03F471E12CA9FF70E055AE141042DD81234B879EB4606361D
311
9328149037D7D76A571A7E974FA20AD0323832713AB5BA7ABE3B3E3D3FBC30307070B0B9B645D93C3CDC3CDCA41CFC6AAC2D64D0D579B4B1B397A7C1BDBEBD7D36657A3CD4B2F44F4909F2B9CA597F4245C59DEC354316F0587020D0C661742BC02869435FD12CF195C422DB3C5A3E2305C000CE6B7B27ED8B7D63079B5B5B
311
878787C787C7C7C757C76C51B60ED60EDAFA06D67B965B3B672677080BB5329E60E9B477847AE2E9EB53E35779FD37EFCD2D0DDD68AA355B6B0D81860502B8B68C801F5C697E9AD62F4B406244CB975560BAC756AAA577675B07C6D03778C17E7C95CAF1B3ABABE3E3ADADE3CDB1B1B6B681014470343EBA979F8B90383545
311
727C63E43549D14FD0F927E5F1FDEFD7263058FE02EBCD1BDCBCA053496BD58E69BC44F9F854D4D979AE9ADB908824382AC1D4014E9756EAF9CE85B6B54DB01F02F8EA5908E0D9D5F1B3E72188C3C3AB67879B07C8A0A767B8B831FE5E7EB754DEAE5261460243FFF07858D8EF0D658BDC563A2C5EF5833C13C90B69248C4D
311
D97842B61DFA7F210A2F6108A0F96B62E2D3B3F3DD939EA47E30ABF5AB2B903F4BE5F9B36757CF65021E616DAC6F60A1FB647274B4B05B2E5341B082D43278F67D8DFDA48AFF9A13F22B34C7586C9992BA6E66CABC190E313E7C811AA57304B421A75B289B9D174CC868C24548823E230B9A5A2DCD2CAFE1F98E61C015CA7E
311
96B083FC59F3ED06EE60F360B3AD6F79787ED278D0A86FAFE00BA9220EAEFE1D5DE1F7855939C3FCC1332426B377F692406E022C010DB437EF009803F0DCFD3B7C94440571D8F2C328F115F47FD324802070BAB43FBA80EFDB92FCA1F7E7CF9FA875CBB327CF9EB08C4DE4815BC4210E2CB7CF1CEDECEDCED5B75749096828
311
6899FAF95583BF46F9393CEE6A86D6F618CAAD9BFF0BE22B042412C5CFB50556815CC5BBE33E9F61ECEC26A9BCB8145FD10590078F9C9E953B513FAE1FE387FAC246E14F9E3CE7F5F8194BD6594140876B6B84C5D6799C61A16434201E5237582AFD75C07EEED9863F463284E2E13425A036BD41061259289B6BDC1ED656FC
311
8B8592C9D00701E27CEA749F0D8EF44EAD8C1F80FFF8F8F9D513191F6803384C800097F24069C407CFAE88136B7DCB3D5D4A60B711F19070D83235F77331FD35E715966889038E2E0B346EAB7936C4162043E1A1F144093695443A570144898BC4079CEF1912809A3035A1D3F361235F90FFF1E3E0FB93C7E2750719F88E7D
311
8E68123883ADB5B18185AE99F1D11C1238A792DC4BEDE8EC6FF503DF377E0445F68FAF4E08D43082D02170F30131A154206CC559A8D9CFDD762B31273E4947A581E0D9BB71E33FFA07CD02CE2A6BE1EC80167497F2A81CFA3F7EFE58D0CF5D5D170DE4F89070B0BC4040CC17BEAC6B0586C3D3FF0309BC06F44B04A1E13729
311
929B4DF73C44070692C810B08AC3012E8EE9EAE22067796288C193B2139B970B86F47FAD0F98382B1E035D9C32FD318A4FAFCB274F2E1FA772F94411B0CD42493C23393A685B5FEF3E1ACF554AF5F3552A478383374E6B2FDDFC4F6DFE38F4F4ED7A7FE838F488EA852482F412D3CB07E293D02C9F074F12E84C5AAC423271
311
450572A385449844706475FD38DC3C22486A0639E5F1E38B0CFE93CB4B25910EF309A2224BD8DAD40C682C28341AD69047E8539A6AFC14EC573F7FAD10AE0FE6EB13E87B28E093B513B5803514DE408809BC12A14876DE0A25F643009E9176D9F0C330164285A7444DC8CAF0E9FE41429EE0A2F6A6DE91C0856C501272404A
311
8468822E24C807030B1D33D40D4AFBDBABB411D093D88C86D7205E05FC57EDD1F805FA4CED5920F0CED39157E007CE21757C5DE440ECBCB46CD283E378029B43FB077B4F47E60E9F61E8D01BE017D7E843EB49F50A2028F1E442FCC90C9EE308E4C0C2C94EAE30B75FAD3A0EAFA57FE9EF960F14BE15638840EAF3BA490BB6
311
850EDB38EECAFD21A0C746D0C4234DBD035EFC7EDD121FA585FAB73DB89FE6A03CF833AB0730E5E2F1A36CE3F202A128934B44E396961121E1F2C9F32BFCC0C140CFE22C1CA8E109B182919696BFB98120234F61B59F7BF46EC30CF067B21A33B0FB3E402448EE266CCD93135A8E823DB31F85E677434E608F53F8100BC009
311
8EA2FD6BC01770E0F2F2D1E5452A711C4BB8486248FAD756D852026B6DC90A2AA5C6B69E9068B8F27AFABFFEE8AB36F1D23985D5960014FD711940800B560250D2272CC54FF1D3A660B275AC3881E349689C1616E1E9044129D032313509DE4700BC867C71F128C400159407C761022BA8A040F40A244788808C60B3AD67A1
311
7576279F6F946923191921B0545FC2F12AC0EFEFBD7262B6935679FC7F80629160ABFAEC88E8430E76D82A8DE62ACE50BD4A42FBF03B387B37FD321B37E31C3F063D99703F5160E6C9E5A300CF32A91E0A085A29C0FC507F6C21012303C6104B82C1F1E156DB3229D1A855A32A8352C9077AF733A0AFE0FB3EF81FDF2F0F82
311
C21B0EB06998866878B103305E31EC17F4FD43831E570A2118D1667632D4FFFFB125782F96168A833DBE78C3F11F8383A79D49F58F1E3DBC780417AE6581381E8610604888E2913E12492881274822C221AD04CB0B1D273B8542837460898C686864FF6F801E8269F40AD0481DFAF5E6E9C1F3BE391C325004DF0746A4E444
311
8F7B52C0D5EAD39EC46896B888C4210D68E99DFA2820DF7FF850EC407EB55C3EBC5028611409BFCB8889C90F1C52355AEF98B18100094C9D0EF6F64FD47E5CBF3FF5293DDFB4B50DDD54F351446FA1F14580DC3902C085F593CB24ACC917B213BBC11B3F0A61042FD8B24F4FB9C4556D0CB9E1A880DE89934CE9607F18F81F
311
DD950DD0E1D143F41D56110E227C250621FF098838042BC85B5B6BCBCBC31DD37B34966E9FFD9936A2FEFEA9EBA4182E5CD3E17AE35501FCE0707E5525A7DBC64DFD077825BE37CE0BBE1BBEC061410C660B6E49912665E2B3749C7C9F93834022F74CDE6CA5EB501D9CBC04B768292C5CCB84478F3CA83074092C60821690
311
15E5800D5839DC6C1B58EFE83ECA513BDE3EFB8EF1242D2D4B3FD55AFE03D42F8492AF8A3F21444FA2FA9ABBF525EAF84C09F0168527B0138A85D1EC0443C467B28BF844EAF76323BE13D7C11F72FED783837B970FEFDE7D7817E077C17EF7E2A1C2C0FE851FE4C008388C15E818958746129E1009D054B67530D6B3D8DA3D
311
59D82D9D57CF70039FF50FFE0DE94089DB269C3655A4F25B38C49D0BD48E59F1526887C18FC5272197F85CA72862A593A4843CD25F920487DDF7AA0441A2C0600D062001F103FCEEA3D8560CEC3EBACB01CAE5A51E420349F602191E5F901893142381351CE17047E764BE50DEAF9E4D8C38B6ECFFACEB141E54A6865A88A6
311
0133EE9CBB4C256930B0B168C1C3AB59FE1743FB422C7166082E934AFA5EFA3E4BCE0B69362FA7041818B7FDECE1DDFB4D022007CA23E521F0700AAEB5888BBBF08023E128B4045381542FA256B0D04E28A0C3804E233A1BFB476A2F48FD135BAF9843BEDA3264EB42BA499601F16B566E72C7EA35908ABCB9176BBED43204
311
C696AFD3D7B24B08D3AFA44BE243D88A6D9D0B6562B52F741E1610C0EFBBAF2B0829289A640EC4C8A4FF66A24430786CEBE1E1E61AF9507BFB496EAEB64F8F49B4129EBDEC065EC1F8A3F228A3CD0950883B41BEC6D1944AE06147289600A7726313AC69A3F91197F1438BCB743E76F01F6EF1D1C854071670FFFE43FF1EDE
311
D702EE5A14C85D0C42DF90B86068800659AC88981855E3E774A71C0CAC2F76754EE7CC87C808D1E1E0F6CF47FD4224731337BE1E39C5010823EE997B1491BBD99FC8D8EF77482BEB5EB2CF66499A8E0F7511B19B3EFBDACB6507BC78731B1B383D02FFDD7BE8DD9256F7D0BA7B46015941097B80018F700FFA024CC08078F5
311
1806100ADBFA163ABA8A3B95B9D2F92AC30BC908ED31FABE0CBEBFFF0279B675868F9AA24E9530B08C174055B7F48E4F58002F3E82F0BDFA003E8B431EB6C4A91E4D9B5FFB791265BA8827BBE5F1BCFA7F789F72F75EC800F8AE43FFAEC42F13009FB905A9A0132015D0068ED7682AC608BA6771038DEDB3B33082891FAB1A
311
BF5614F93238079726B833958796B845B731FCB86316713C1DC581B1E19B424EE32674093F80776F7E27C6FBFAC85C536CD955B96EDA2A3FBF770FF4BE11845470EB3E42D022000E0FE07D161811020742162444668308801E133A4C163BE68F6826A5523071CA78B2FED51F28F8C70FE4190073A3E5D3259D7A288CD19BDE
311
623F10021BAB0C6E327FD507B2741627727EA00D31856492F9F009D7F152D930704E642795C1C1B336E0DEBB7F0FDCB79318543B25341F36802D64A981A690B94259607DE0B19D466BF8C1C5E1CEF9A3FC5C639FD6117B4BAEAB453F8EFBDA500A67E8BAF76C8A06566E36EE1184E8329419161F83D843D5DE7D8221163E14
311
5F56921C3EE383978072129E290A9B7166E63D26BAB1FCDBF710009E4051842390031845F20077CD079407C575F20364C4910ED2A574BC357630B0BCD8DE39335EB175646A698458F6A346F003A93002E846FFE0C459B8006E506D79BF902908A0AA05CB5E73530E33BA1D3C2EF99C712B7C8B41DF4D2A7830BE8707485FCF
311
AEEB85A09AB6D39BBF7B4F23E00509C20DB04E240822A4B810E04D8D53D10D504C059ED86BB8697F514777717A8F8144D48A4C89077F7EDB00E2D89DC02A7B975640A282C49A4AA84B70B12BFED8EA6584860DFB7EE23FCB00C6BAF7332FF259FA3C9346508813E372F1DDE425065BB61FDF8300F7EEDDBE8D0C6EDF46F7D8
311
823478590AE23759D60DA6B7A9F125EDE8F4A5D2B37470D0B63C30DCDE3D3D59A8D1501EB1B0A5377517BDD6E301F995E3F955F0F58FAC2E81CE172A8344AC03DC6781939D2484B8FFC15E8F3ACCD3954CE19576B942D0A029188EC7013FE59AE90B71292DE774F1F63D60230180B30A2EDC65291B6211B4081128856001A6
311
80015CE000708254891851D4B3BED0FA4D7166B466BFF1D2A924885AD12B387FC0FCE6819AC3AE06A7AA4B715F0927B74D119D4A668FB54B8A8C268D8B038A207D10A7B1E95E42195B695BE0240F7408B311257C23F581E987C180140C584A02B1670CB817CEC0A080F259F1360E58452013200E3EC107AC1DF4FD7B0F6D23
311
F33347F9527D9F51E6138E31AF35F1BDAAEEEBA3D71BB402E2FB47CECEE96B4DB85536772B07C82A34F3E66D0BCEC207FEB9E70643761276F7B50D5EE963CFF80C7AF4A2130F5BF8C4EBFB5F07B709840480DBD8007FB7EF3F90104908BA457D43AA2A6A02C91422285E5AAC143F3313A0CB74D9D164933B86C25587134E8D
311
342B453FC982860D09FD13ABE72055ED020E85D3E312F74C25CB0293D978A1C4001927C80B86FD06349126EC219F0C735C8053D8F5F310817EA01F1B7851F406144C211C6362C27DD51F1E310C0102280ADB891E9B085CC528A2B1369A46BA195B9A2B351862CE43174BA73FB7CBB430A5798F4C54B7333B96C3224A9863AD
311
02B9FBD8E63092191924E77C199D92887DA594B6DCF0112857162FD0949FE6A441F5E62E42FB2105BC405A2301A3424601DC807912CB2C39C604A27908021CDA30C4C8C2019A883B3A8BD393BB3546136EAF561980FB63E9E035FF73B96D09A905ACB2C11D79571C5159026227DDBDB81396EB03F14100BEB66DE1FA9EF82C
311
3ECCBE318119C4269FD014E66361FC8BB0B4EA9A98EF3D8848A01360430284335004C183CC25BCA82D2302EB03B8419241C64DF4F5ADAF77B533BE786334BFCBB8DA72BDBEFFC36103AFB30608A0B39B58D93F0BF42180841DD26BDC22CF0A770E90240006BAC65197D90920131C7B2EB3CFD3C71C6378A305EE8488FC1FF8
311
D391E2BDDB0F6E3F45E7C8207C419800DB410073A3173942CA8D5242642A74496FF115832A6314D9FA4257577BF7FCF8F8E8CEE8DEDE5EBE76DD3CF892BA7FB8B90F629431B5525E92A15A3A4A6FEA3FDD73136172060959206591F4C927196CF645AA285CF3014630121754261C0D31E1A7E3DA2DBDB54B04703BDE3A4209
311
F02045C4BB0F529A14BED07098A2A1CD47513DA64B512F409BC01663090796D787173B5AA141B1B39BB470EEBCF1E30F9D263ACC4D05110797CEF7B923B027F089F74D1D06F0A4D8C0CDA6604023FCA45B76C5CDE0BF3845ECBE13E0C0ED73700A8A753C1AC8AEFFF1B407FC8A20F42F0D94019121DE304077A027D4112283
311
BB8FF0072444D68AAD111D6F591BC0061854BBC048EBBE9E81F6A33A95C21BFD13AF3C7E7DCDFFEB0DE8903F77B41DF178E99C289895B0EA8CD640549D68935BA7C5294E0A1D66DA0CC419BD398E6265789CA1241441AC94532A3C19C95340BEFC68703077EFC1D307B71F3C500859C11494838E902203A2BE90EACC5135B8
311
0B078804340C920C2300BCC06F7A1C71B875DC572C9BD1D84BD5FB9363CA6BA7D03E5C40FDFC54FC23C9B4B9DDD028787D89219038523BF64E638BB37CC25335937A00DFD32869C5B390C8C32FF25C8C47A7181B4A599A224A9DADB0E0406FEFF9F183B7448F081E3C55024FB33828784AB61704482CD0160C04174F9E33BA
311
9291D58C2F1F1B1B3B5863B0D9F3E51C35C253D54A23E560E2C0CB3A6F7A81382601C2079CAE96B7B1560D20A341E85A928A4E01083256420576C2ED477E2E565FD9223BCC691CF394D3D8E281501E0EE5C1C8159E92585D255CF30CC854C75318006EA4A01028EC853F9407C6053910BE105348324002260254886C156260
311
F9189EE0F8C9A3CBAE9D5A992184568A69D5183A7DB97DB089FDC57AEE54F858FE54F577DBA85309640290F2D220952620750C5811FB772A7876D1E4040FBFC6474D51246D8B3FB378283FB514F8AB3C20B8BF7DBE5DE541C9A5D3D38DDB30E00151E02523081BC89C2214103E0BC1B3D0199A08E002681A2613A2616CEDF0
311
F0F9C5DDC75DA395C25C0309C03DEC8091A4AFD3FEB504AAC6633930556DAC86EE3561941E862C4A75DD6B6BB3A0C59BE153DFA73EDFCBC3CE2188D3D378FC976D0EF9A95B7C8532F527CE3CF539581E0FE501291E9139FFB65EFF5DBD8E0C18DE3077170A64E033FD278F18068028802F156C3809FDEB11B1019C208D020C
311
9BA2870457F0F8E1FDC7EDD393E3B9FC9C4308E9315704233F960E554802C14716B0B45DAB5EAB5E25AB7830EBB8D25E6CA94E4AA01794FB1EE164FE9F040FE82C940A4BCEF913075D087E85A7237D3CF29C47E4E676777779528C4781761F0BFBC1D3A77880E40C9A2E5109180D5255317890394229F0F082010354082D57
311
4F1E3FBAB7D6553C2113DACB97BEB5526C7C6F69F9310A94C46CD89FF8F379AD1AA035FD00FF3F320180F01417A6F255A3A8D86319FE0C0B0E06A0DCD33F79841339C01E5BBE1911AFCFF7C1E0A540BFBDBFCF2372352686D863F83F59CB6865F43104007EE06F52406F680341102048A01BB048823082CBCB0B6AC48C313F
311
3E7CFEF8F2D1FDC3D6F6F9F9D9E98D9D7CAE5EADE2A6512FAD7AB526E17F600C85550DDE9ACFE9D97E694513103BC69F8A2813176032C890C1E9C49FC09C61670FF8705B1D7386260E7C8E7122C7F8208A55139E8C8D4763F7EBF5728DF9C34677364E3A3F9AEFDEC9CD95470788834F9FBEC512379890B38C94205B255798
311
7C4186DF5C0837608DF0F9F3CB87B7EF6E920475752A01460E556919B2B64296FB9FB70DD5F47232A0F77465BF140CD001F00ADCA175090E2665A14E6329B62660E02A1CB50C6025E3DA252A670B3F0FFAA5EAD94A509FE7036B159E0D1D9F2E76B7AE1FD5A606198D3A747AF450023CBDFD162278B9446688111009B4029B
311
0F2180AE20A542D40610C073B47FEFE1416B2B12200F3C991C2F54EC2491027A816B0A34A9D05C6F437AC23462385DADD75642EDDA738AF1600DBE07EE8437804D2D011A94DF71C2085EDD40266A407FFA1D1C00B0C03927E60338E3B9D8C47D1F8CAED578E06F7CFAA4BB63B175FA7C301B747CB377F45192003CB8FD34B1
311
2009224543D8604494011A80C1903CE0518C986208E1C5FDDB8FDA161686873BBABABAE74FA637BEA894A44078C19696F326E057D7F95D061A6B0394A9D5F2DCAAFE4C2388D8A6E9AB7695CB0BDD0A332430F1A9333DA41D1FFB97FA09AE84E738C75C407C260408F8DBD5EDED7DE1570A7BE333C54F16963B46AB0C2B7120
311
8EA3D16EF4EEDCD7005241166C005A73C03164792151205C007288AE337B4D7103741BDE7B7AC913350B348B2D767515674EC6F72A0402BBCB41C81305AFCF05F2758D3ECAC8D26AB97606DB9581A4B7A8FFB068CD5C0604E6849046B70C2B60FF0CDDF93C13822B4E82FA0479A68220E66D9FD775FB3C1A9CDBDB9829B6AF
311
2F77EC9E0678FB20ED8D1B1A1A39D10F9812E20D6281F5673121AACAA9C53424000DAC173F7E18C3052EEE3E78E7F1160F5AAEAFB70E0F7775CFCE4EF384DDEEBEB9C0889D5243BDF557559FEDE5F17AB21E118C4C31A3DF6A96B56AC62180293910ECD6B721047664BCFCC6B2DD3C65CA0F0C823DFEF84083C7ECCDF05898
311
EEF158F4FEF97EB9C123F1B9D1D1A3D9F9AEC5F5CEDA84A3C96C14A55584D62893D6A54D8D2028D05C8B1F124884543F3223B29D208B04910D3FC43F5C52196AEB5B5F5E58E8E82610F08C21BD443801233C0CE8BD1E40F84A1CA86001990048031ABBAB11EF83F9283EA89F181F2A0D9A9F62D94B7F625FD727E6A93F63F2
311
00F614F7CF100D4511C07DB45FC5F0CB4CA359ABE4774631FDAE85E599EA0878A3C33D5AD6430CF4C055EE5FDB80629000D7855DED3F436F3B61B3DC7FFACEFD2B1BC6FB0696312CFA477CE87A87070C7998E04FBA78AE3F915A065E819FCF35B410321D9ABB308146A11AD5196CDDD7C477A171C8AFC74B45CBC6F641AB53
311
C8D4ADA5870C02379BC0470CF83DB55F073E29CF5CE5F7A3F8FD62EB7AEB1774C2C6780B9523F9287193FD23DDB79FBEA513B45200E2E0C1B51350163AC19043C600F2C1DBF7DEBA7BB9B5457BC0D840CF325EB0BBABBB786D301437000020004944415472B491ABCCEDAFC0591201CAC8EBFACBF367FE7B6E40E69F551BBB
311
E7123E3C00AC560CE20C62436E8C3C54CC225EE08C0D74CE26148877689EDD004FB2BFBFFFBB984035373A7954EC5EE8591FE531348654514DB1D1C56411DFA2A7C212BE5ED91278F2851A432244C6822C29C85A8B320ADCBDFDD63BF71FD32648E7D098CD018BC35D7FE89E250EF2AC75F96C15271602687965C844B8807C
311
6E7729D93F22E81D39ABD62A0820C1FE9F11CFA7208125D33E96FD69E83AF6052DD32D49FF0802CD9F9DFD39260389A950887A647CCC99BAB17132DFB5DED35138FB3A060F6295AA5E195BF0BB56495A5A4A8FA440026E46A047D40ED2520A441C302D240F201FB8F7E0EDDB0E12A04D8816215A0579E8FE1B1281E9F19C99
311
00DE79842E2A7CCD48E9876EB01C75DBA0E0C8D44AB5512947A00BE7CF5DE9E1A6A6BE43CF1A78783DFD5A404E4477336C1ED8B18908B2A847B2AFE9839E891137A6673BBB96FBBA2A4B8E9373B001F08369BA11BE8ABC4302FD2345FD6014A127068427D007BE28B41D9B0D40FFB7EE531FA673C8870A69135B1CEEE8D009
311
C08042A5B4EDA314920B635BF941E7487E45256439DFE9D276295F87E698389CD49FB394FE19720412DEDDC40E9CE9C6DD605E0B719FADC416CB15AB3A61F9B5B9B9426E54F81D8B03DD950946D432B40CEDAB7BB5AF11213CBA73C9BCCCDAFBCF06127C7980FE6D1DC9B4DF14832D6568FEAEEBA76FBF438300B541064ED3
311
3F3AC0B0D10505306FD370AED02859234402F6C3FED006766DDED2034D90D119057225EEE3DAF787EBF30EC51ACB4F551678BD6728E1944730C095F13E4D81A4DFFBF67C5BEE37E62A85FCCEC6CC6C7BC77A5B477E22223ECA4FCC0F87E2A5E3EB782BDB25B8CFC6736A044DE5A7CDA604526361D650484FE283B77EFBD65D
311
52C1C73C4F48E7D0D81ACF572F2E2280F98FB230508FA906B42DE240ED651B301CEC83DE1790C9FD96B6CBF986BECF3BD332C18EF627A0B6EECD5B152E02088D03D828AFFAD26B05BF671B4F9A09A8CE0CD2707F67F2A4B3BB75B9ADA331C1305BBAC182FB4A79820B7EEAF73199B8404C0B81231CDCBB871B80FC41FF5860
311
E8E108222A1A076C29E6E03B6F3FBD4F1F295DC457573C7ADED636D6B7B8C88413DDF3B327E1046AA51040B40CB50C7E3F1D2E44DAD34CFA604029BFFBE714DF0C069908027EB275F1F366C132E1A7450B04011CF82B2B647CE754F650FF6E25BF37AAF65B7BDA16CAA791F1D09F6CAB989EC5AB7809BE145FA459E8D3E4B0
311
FB47DAEF093B946FED585B80FE1A0305FD5330FEDB4FDF79FBF6BDE81D8300CF6815E5F9896552412A03F31FCDCC7CB5E32365550CD9365FDCCEC8752E943161D78047336F8AF6539840A1F2E764FDA2970999F205CD2BD1F5CF496571F76EAEFA0E1CF8FD2A55FD06391F9EEF8B9DC9994E72BEBEE1FC928E2F223EBA0FBF
311
BFB4F2DF137BC894B8087643D64ADE6EDED67F7680FAC9060239E845FC94AE93D880F994FBF71FBCF5F66F9F32C292EA900F9C1E6F1105E81C5B5F58A067A448143842008D7275EA3BBA3D2516FDF02FF79260020D6B3C714711F3CFB61BFF56A826E627E82256F7400FB387FEF23C1C1E77FD6A21EBB1B2B35F2F95E7760B
311
E1FA3ABB3A981423477517EEE36FF96F122B942F6FB64D9502BD1B9089162532A2FEFED255028FE653C9F46FA321E0B588B7DE79FBED07C44106CC85133CA65190543004D01D02D8181DDDA5A9C91A7110805B7875B689FC3902200FB192E7DFD936B37B57D9C338BD49E99E181F4E5FCAB2ABC1CA7AAB382CBC7D515457CF
311
ABE6FBC63D525E5CDF74B16378B9AD6774A58531912D232DF01BAA913DFB7D3AAFF912984302B84D0500077800D26C60A4742101DE420C610C2E92FA93056022EFBCFD5BB6B38651470CD33BD87630C05831BA864C85997B8754B05167F0706499DC442FCD22592AEC2ABF3FF13F950039BF159FA9B36ABDB2778EFF83F709
311
72B83BFD3F4899E64DD8346AA495CB155A7499F2CE39B0AAE755125EB84FD8CF8D8E4F4E9FB4B72E8F1DBCCB98B31BC4607C2CFF21C8145FB48EA0F2159F86A3098415609554DEFA7B27EF1301033DD06D274BAF6821D220DEF96FA4CBB60B3CA241C021D38E1AA76B4406B4767576166766A6C7F77273F5F395291BBA19F6
311
4F2E3095C14F3E60371827741CB27E89543857D6D96BF9A47C6A9A26057840332EB843717AAD171880217B71FCCC0355AED3D4819911F79D0EA8AD6DA31A83E36C5DC2D470295C011302387069158F6C9966022367ECF1D00BA9BB95C389AE7B6105A1FB640689033A7FCCFFEDB762189103A61C3A4FEFE0D6A6B5A19EC575
311
5A443AE78BC5E9235B047890A65919A0D2F96AA3C01CEE913BB3ED239C3E0CD8DDAB99E4348BF3F8B977B6C43DEBEFBD7721A839A63B94C06A10DB87FCBFA3C2932F8C26F88B6D6BB30C3C4E09AFE40FAB52EFAA1EC0316920E031A46D65A0FFE45A673432E907FBCF86717AC04F2CD0EF512D665FF53F05BFCDC43489F150
311
890C60A8E0314E70A06F619D30D841189CA15D3417F3CD50191AE4396543F0C42BCFD696C58DF163F5B46D708BD5FDDA5E5E5FDF9401BC4F7E00E8A17520833D1CBFF495B5D1CE037C664123EEE74737268B5D1D3DBFDA6AAD8C08DF2C0BC7A737E10AAB2A7B958990CEBF556CDBEE823CB09FB344143463C630CFFF585D33
311
0CF0320E921744A7918280FEEF981161008E9FBC78C830217A07B7D6985E83F9A79884ABB5AB383B4D7D788F9FB3D867A2112A43F19042B33A108690CF6F472F8661CFAC971478757F6E6F2F7AEB82FEA85E5715941778B278281F28C268AB24BDB470EF3303E09C359E9DF1CF990D8A096106E6A66C8620DDE7D281DF0B28
311
31F20439A30D68386CE13E002F7EDA8D7806162B205D6A19AA1FABFD6B1B400EC2BFFDD66FDF7E8755B4883C043F43046C1326136680404F1F934EBDDFDD39CB58A98DF1BD7880E0532E671FA1435E9D6EA5E9071000BE8F262E7C4044FD95D5FD526EB40A05A634775F32205C3D779FDC168CD5E56BF982508BF572BDA4F6
311
F57D3304BE9EB18149461B12F760D7485891CA47CFC44909136FBF4931716A2E100123FC6CCAA6A644F25EDF4AC980B14039009BECE8B798BF69A05DC5B6885CD23F8E13A46FF0C0A986D617F001C52241801E87C2974C31411DA3A5D7B6175472763D637D3E57C33B908F867F4A59CFCA7923375E5F027A983E18BD7BD4E6
311
FDDBB2250C1529F4202EFAAF979DFFB1F2612E87EBEFEC58581EDB9AA95AD1D7C1905F7305BF8182D5BBB524D47C4E3B81CD843220DE1E6536497C0962C225F75A2D6A998303B23FC501F0B3F736EE1FF01200FC8C99F5515207C9C40081DF304C0A17D06E26CCBC5B3C47459308178301FA8057C2C0AE9D99B05F038828B0
311
8400F2E3251254DD7EB8BC4853B101F99AB48E387457C96951E5DB670648BAB70A7B04FE93EEC5F5B183F9739C98952C6845C380D401B8FC86E70A20744EC720E09D35955D96A9041720196D183AC2CFE6AEA816652D0234883D788BEC8F5DF2615261DB031C2381092401B48D8D2D870FECEA9C3D99DDB036C8A051058030
311
E32190976718C89F031DFBFF2EEA3D88606A8A19BD0AE305BDFD12BA4FF46F1A0002B07137989C748936E9DB2C91F43B07E4E4D16C3779CF5A4FFE8CC981F07C29E34B7C012AF0054FAEA4A6A3D49D3A16D2B3CF220A029003366663053C89B3FB1827080DEC2780076FBFFD8E39810CB0593CC68B5D9009F2D400418028B0
311
BC6CC74067E7C9CC0C2690FBB084AA5254A12AF63543B35EB40D17B693F7E3464D5094C00AA9E04E0E0524F5C35C5EC6BA94B21AAF2440725E2A9FF94FE7A8F0E769EB83FDEB039B631B18BF396F5C13CF89ACC02C387DA56DC3B1CD84B96CFAAA37B55FE723B611062258257D331F186AC93D8AD600B4FEF4AD777E4BF68F
311
2168FF08C081A37AC13446C859964803961928476D78F68419390D830C1935B5C2A0A22A3AB17D3D6428BF12DC373B8D464E04C0A496BB3B3B75639DCC2500E0F0B15FB6F47B5A7ED0183A87CAE8D535F2EDBD4B3B7FC762DFE65A07C30B2851DB890082ADC07131EEEFA3DB7DD5CD32C0860CA83CD4B7993A175F422A8149
311
B1C1D94C1145059D9C78A8A572A90B7C8B1E3392FF77A80C50220880FF3669004E90F101740D2B808181455A044904674E7482CC3EC85C4BCE339404C0B0BF6A5611E4F9B8157BAB6DE327EC9BFBA1B4557ECB609C1F45326499EFB90EE78F18227F09E563C9E63D847EDB3B68EB9C39E95AC4F7ADCF7D87F6752BB6912040
311
281E4A0D8A8314E80D60470999B8A51FB1488A66A9F3F81FFA61C83F4FA6969E472288FADFD61B005E0EA4284822E018911828E868614DA0C36E11F3A051070BF2F0840E35F200E2C0C80A776CC9E7E6841C0503D0EDF15ED9AFE527E798D23BEE5F0604E58DFB7099D739BF0BA5D332EF29F1535995BDBD0DE681C4F71DFE
311
6A7AC5A13554AE6910963E9ABC9A0DB5B202225545F5CFACC942B5B93C207352B6E5310BF349AF200175D7DFDF78F6D683B7C87E087FA9B35812C4F8F13452CED610A2207541E6D659A739441F3833CD0C9C3C3DC2B0712F62333C4FA9327C9CA1124904B4FDE0FE21C119776CB0C212AAFBA5CAF80EB43772ADFE77CD9FA8
311
A4144C54C2FB2304C65F62FC3678E4F6C68F30FEE1BE8383CE7DB86F58B1AE0C51F0F055E188D02F00911DDB0991832228B3172B3E623E513FF1734FF414A611A603163F401BEA790FC9FF7FC3FD3DB02DC00184145B850D01D120424DC03C00FCEB7880EEEE939399F1F18DBD4AA54C939899304D913CC2D5CFBC55E50C7F
311
BE4C0E14AEEF53D6843DFF56BE2D554637EA047D3C210E2C61077875FB5B40E19F43AB7470CAFE1C0D3ED3B3B4778D1DF6D4F837C08747180FE8394F2CA1E0A46B6DA62CE2B2DABEDE0B1924098580FC16B369730E9E90541D3730D47FDE16EE1FFAD3419CDA05ED1F2715C607F2E81893AFC5936303F40EB776F1D808BDE3
311
93A3FA401E1C706E154C892860AD74A2949C409E28A8FB3349C764D13E4D1D3468952B7B1B35001BF41142CAD58D6011C8B78961EACAB66E9AFBC627673B61FFDA4167950A274145BF11EA17BA9AA60815C2C43AE1F648E3772E53C94E6364AF826019E723069A8AA353A3BF7FB5359281700061FF64C28C10B9AF0B70B0B0
311
D30A31CD1CFD22F68C76DA1E44558869257892363C091D313EFA46B57C3BEB252E9C6BF5B4799EC58F1910F469E25AA17B343799DB3E33CF410061F96C6D63FA91B1000CEBB7D2971BDD39A2A76361E000F5DBC1688D47CB812DD60F8001AF25B328D173A9E4BAC18CE9F1F628704330741B2649B92E9714447C68559C6CD2
311
F681919367E4811100750058809D0230C087A89FF3C80C23C4C60882E481F48D531764BABD5CCECA308DE2F63D3BB50373D630796126803C2D1FBAC148F7592881B395ED7D26B7DD38D7096AF98841CB37592561D9C6565317AFBE9FC4AF7371E060736C7635E0CBA1809FC80F544DBAA1F2F9393D970D44C0615A0C6930E7
311
58B9E63AE690F73045F0C8C0731DE9CD80F718E94652383458799E02C06D328010011C7090D8C5E5336A83D4059953877EA1E1D66FBE994F04608C4C991917230FB61F9AEE183A40AB9108D032449FD1A7283DD25ED15360EF7EA9303EDDC0043403531EDEAB10DFF87F5E2FD56DF0F1B701A9F614DB17FA0E0EDF6FD0B162
311
2A81FA3D1DE5A33F551930335C353A87F9AB05C60455193448246944A232C5D07636D864CDD7A50D0B4440CDCC465D1C418321F50E1648D500294065D869559EF3C40C8FCC6C323E989AD0F0C73142480B200842802C061008B480A9954AF282052B3AF67350FD0DD30D1F4075AC303A5D490250F5400ACF479656861E4C77
311
AFF327F3EBECA4B57B6B6C8FF62602BF150744656A87DABD7BC6BED50527B2120C001A0B3718C74F0C65CD34F275164D7968148DDF259AB8AD6CA81CDA4E8819509B996A7F642D987A401A2B04018C01E6C169A8700F9DE3B489DB2BC49C9B7B858A4F50D22AE15428FCA4A1EDB20C83492690CFE361CC7F8C8066FFD0D77A
311
EE797977F468A36E0B0DFC87F90EE6348BC748F7CB73B5B9DD5C6EE7AB19ADBF6DF359F1DC2A0F9E44F213F8041F64274C0859A2AB7C37440FEDDD2F95BE44065F22067E3EA0CC3BD8C0D8194EAB291CCEE20B9CD8E02950AD806080047A279F19024C837C848816719AC4A34DF8F0706CED904E8185753A458A27E4C1E37B
311
5F30A104932BE140E0BF4E400160F320B054A8705042FFC47B4940810173F9C9E97240C7FCC3F3813EA239B745DE9F1B1F3FC2F9330374DBD1A7B475923F9A2ED81716D18D1B577DAAB9D1A0458655AD3CA7E211867AE7C702DCACCD291E0F798013DC01BC326087775C0833E04EA3778FBCB8DA4687A0255CA0AD210C1566
311
1E4E92001A4449031D1DD27D327334BE830B64DAD90CBF537A45FBD4E94A7A88888E715B7E74FCD040E818BDC1BF5AC609CCCC015DED23877080FCDC47BD8EF3A7B783A17D33F3ADEB6D6BC7AD75EA7C7852C5B6FDADA6AFEFC2D181C03F8C40DD8A4AB5024F0B72E34B57BC1182472DC80946789AFB711DB7F1193C03C893
311
B0345F420246114D3EA71D04FBA731C0DAB0D3CD311B218F0D5A15ECC105D02F3AC32F13600084731A83220040019B03180634B5923D438300B05BAC80881F061095FED5D572A3323ABD83F1D37A2301A8C930AB3F66ADF7CBEFED30BAAD7D78A06DEB6A87F15491F5AB7E25842B6B34BEFC12C8A159F187C64B3CBD2356DE
311
5FBAB98BBE9583F0E3280C0076DA15BF34C15238145742B07080B1EFB83382F9FEF2239D003541041083C5AF9EF3C8944DC2030BC3ADEDDD9D27475800693049E05413BFB3FEB4308731512F13400D06F813368A0101D8D863EB3E75FCCADED124F532AD3F123F131AB46A93DF1ECE7F96CE9EB6C365C6D6A07EEC461FC919
311
FE288AF7AE1A7D012D291EB073735FF26BBB1C99FB706E972192819B7A34BF22424BEA1CC7958AC2E04BFC8E02DB90A4A1DD04811ACDBC181037864672C78F6C0EC3073A40CC49D5E813593B7002763BC6A909D31AC86F3F6E335C9E1C309BC58F16418642E2AF6B290A34FEDC0CFEE08FCA0F56700699CB73B9C99302AA17
311
BD516D7F1FD755A2B32B3FBE7134D3BEC813195BD355020A7DBB541539CD2C06E45F46FC0EE08293E6C0E1972176D9B678340AA1A4823404EF79B1E2347E47C35D0A2260730E0B513025DC0BD1C07E3366E9B9D17F767405FB531070700035618606F0B40C73C974CFD321B0C174A80C0F3AA54945FFEF348F5488895713E8
311
9B5C98DA501E06D8D24FF04FF0CD7ECD7BAA755A854EC6A180AD13BE094E8D5D63BFD6DFA5F5D3E4DB1BA18FD8473DC6E17FFC9832B71A2A94D96E808BB53F9192955D62C82E282B05168AA0927D54AB20A20A74800B7CC9655C8B15F62377CA4C91641F9F4D0478F4FEFDCE273A002CC0A725EC165CE3A149F0333E8E9600
311
B2C05A7D15FD831F0938DBE5D0FF13E3C0F0765965A0961C3FA86DEEB0E28304747BFBA5FCDEE44C23544F7BB7BF7A132DDE34F99E44EC3FEEAE92F667A10F7E90B0E8C6442DF5A5318B0F816311DB2E6DC6F172C363FC800EE09186BB9EC82A24C0117700CD884AA42023B81EA6E0CF8B3056411110D78606EBC5AD5417B4
311
5BCC8E61EA01C4006AC233933E35D860BC1B6CB9C9CCCE7840D2E0C1C1FFC11CCE54D59300F2B47D66A10F09D8E24B71B9BDDF98FB62A3B897C53EC88D16D1FFE8C649B17BB8E760EB20B784F52F992544753F2CBF642CD3C9C70D8722C197142C567E74FB431EE248A8F3FC00377F5142144A82FFC28AC2970A780C85A7EE
311
9146FA4B2981F3C93BCB0F3FBCB6DD3DE69C72B6073B99140DE28B8E919D9D9E7C2F5FA99FC1FFD07E9AC0965CDAEA0A945FADE52C791EA989E8E7A21A355FB37E44405D171B98A6E946DB26AE71DBD01FEF07FD378F5B4B518724481820890E7486E3FCE61A60E096D577701890EE07CA5D7F2B086040749FCEF3F81972E5
311
10A86359C9BB579883035887542090614E5C4461705D7CA1CF84DB564838606CF1597E8119790D021080C935A908324EDE9F60A04B7830A33F0670CB08605B8D01BF9A3D435693FAB4FD84EF6754930640C1F9D74B052A7ABBA9F502B39DA3BF6BC7514EA4BEC71D752BFDC198EDA8DFE8F32B3EF811E4576B0A2074B99B07
311
0A069F60173E7427BDF285024E35A4418B7A412914F2800F1965C4F1120A2D5D2C64400563D5942044807BE7C738EBF3034C4A6F4D70C04ED1F97673C039FABC4CFF18866E08200BB66BDC9CCDCC3FFD1E43BEFC52C317F0F5E64900FBFCDA4DEE68768FFF46350E0EDADB7B34DBBEDE3776BC55599AF84E312229F931E700
311
D04478D66A0D88D09B2276141AF0F8811C5F8067DC04C0F90929F7F1AC9CCD368488AFB965C97B855A3E2E93AE5B4866502E55991B82D4388614F2C36B8484A5FA06E3EFFA984A6AF17D5C2073299D9F12FD63826F67FC460E54030981684E9FBFC22009A3006962285FDF4FC84B699FB5BEF3736C6072F6844C15EDF25883
311
037DE6BB7AFAD6AE164B367812FA8CFCA6FA25725D99AEC5C6EDEEC64ADDA2BE0056002032E1D7A20A54CF444E360D520A5B69816C0A953CE0434A8A898BF18E2B704588C01BDB2133342F5404FEE698957C200EF54E31BE6DF4E888C9C67F5F3F1B41F922777E7FA6332677C20098C59F762F5DFE4A23F9801A3BB6F8A4F6
311
6E0D40EC867E92DEFCE84C714FC7CE8DD3DD3BDBF9C781B1C3B549FAD2C89D711808CAB100E09700BB85240374A7209212F320CA577222A7020E7824500179FC7096C714884BDFD9499E027ABEB3CB0226CD293CAE6E0C41A6788F396606A073E28CBE5CC67D584D36CA39D37974FE1023253E3FFB007A26F657FFC901D851
311
130DDC2BF54884F20D5D40A0B7E5C7BCC7CC87B84F2ED820192CCE1AABA1FF24ADBE1D03635B5B3B53D4A5F84120125FADC36A0E792D3AD7E255792CD5241A4C84171F1104090017DA493D0A7790A7BDE6DF326180398E4B0DEADA5C2763825E43E05C388E184678C88CE6422606C017F030366981353DF03A753DBF637087
311
9F79889DD0BF75408724DB53C5B0063AB6568D02DC47AE4627B58D7E367A6000267E7840C23A0940B992DB98ED1C4731B4FB4DCFB6D3EAFB6CAC7646F0335C5031888CD74E2103380260AD47176D703960230370FBBF28813524C17FFFBD6288BB28E4F905ADB4A788B40B4A6201C1878BED224DE9906C4C79EF32EE679B9F
311
5D3B5DFA137327320643909A823F62106CB8F9BFE4BFEAFF0FC7A6393EC7F64A698EFF8ACE31BA05ECE6DAB6DF124118D1D13F892F3D3530602E3F3ED3D59DFB821ECFA3D9AE85B1ADAB9E328DE738BF55D5DFD039445AE76D0194180F57B15BEE5F09C07F952F9A10372BC894CF7DA12CF6507E2A8916E0DF430C519485C5
311
5D61EFE209912D8C32866214E121611E22A0B1238DB18E86636A3BFAFD5B4EE02FF1E505F902BDF424D0516907BFC95EF3A76B6B3872769D67E25B548F0DA46E2B93DFDFD5F2B9E9EEE1EE1DCC7FBE6380DFBF38A165CAC73DF912AD76A4690D2B766A3EB4AFA2D05BE543EA20B095FB17AE3F1928D84482049B659E671A47
311
63CFA567C08824913D37F2F92F841FC244085C1681225C04AD6DE1684831682CE0D6096B56101C0D4FB3A1BD3F11FC1105AECF5660BD3FEEDF162B0D9DEC6DB55AF27FC98050BDDEDFF63ED14B01336053A19DE9AEF5F5D9E9D9F9E19ECDADCD497BCC57681922F327EB41FF681E17C1921B04FBAE371AC69E53F98183E91B
311
84897A5DB164158BD1D12FF6F6BEF0E02847727BF2628F9FD48B6FB11DF6928C868B29590A0606F92140D0C08850DAA7DD8A5FE8A50389F61288AEB743E9C801BB67DBE0A7F64F63BC87770FDF57AA73FE1F5A84F8DD3AADDFC32087FBC0A7D645C327B97D65E7A8BBA76DFD9BCEE1B1CDE3F5F7CE4E6DF4013ECD7CB60BD1
311
239E8A4E9A5722AD9C4FAC8F7FF17B214AF8801950430639A08E3ABD05A0D94E253BD5951C885B0CE750309070555FF21F2EF83FF53F4E15038B8D8A244740A5C9CBC120043DA0B323FB1DA0A4EDA268C05A304619505000BE10415DE898809DB6B66896E60AE347ED3D6DC707CB7D5B5BC374A158EDC343D0EA61C217D487
311
8CBBDC1D85686782C3CF4272E7DCFB5E9EF628F5A95AC1AC0C6848F5771329EF8DF2BB79EFEDEC8DBEC72EB7F245287FD4B31008AB38EA4D52F2BF57167159E3004CD8950E217DDD6F699FC763E9D1A0AECC701F7BD4430A3E030374066938F883C01DE40E7DAFD609345E33570F4CE6BE467FBD7F793B5AF2A9D331D86DBA
311
7BF98067918F9FCDD609A0384B523F4413B574B818C6889FAEFC5E7B8F90CEFD62BC2C85B2478D54DD076635BE434FCADE68B3ECF1C8708E27863DBEC352D87BCC7A92A8E135700CDE65BC114026DE5DB68275E656D2C0D4087293D43BB4C9C14EA83C0D806783B40DD7CD4F19EE9F33801F55A3F1FD600017A6CD5DE60778
311
3D5F74E34680E7DAB98D99F6E5B5ABC7F7DF19D8278322F6A97FDB2FADE1539BD945DDF868EE2B8B70D9EDAA45D1BB0A5801198CF1DA891540474745BF0317F8A3703E02510AE94B084221F887FE950272D62D4232781054A87C58D015CD45EBF9B70E60820A2056E9D4D619E8494BBFA68B61EBDD8CF52CCBA124BACD4A40
311
77E8420A7F36FCDAF661E577B792A7E1B7E337C7CF1FDEBB3B49F501F3C7366C1730E793F51FA20A9C3D2E9F18E63DC277449054CEADA36DA0807467D45F8A744E1BDED725A033868703F1392BBE221158220588F30574A0B0893D0515B0B7C404AD0E7F40C11D504C49BD7DA39A85A19CD7357DFC966E5D92272FF06D59CA
311
5A6A1C8AE30E52F1247C1F1D78F81887F9F3E387075B170F9F5EEE4A7F5BFC69DF02FD8795FCFFAB472E7C88D563DA514861B85BD41594A75F5E866BE69471110A9F75C8609C7E6BF6C7C727431EE3E9E3773D2378C25226E82C08104A57ED273FE0921D6990E02B006BD038263BA360355E8DC446A380F0BA35FA9945A80C
311
F60DFD54054202F91897C241C147D59F8E0FC67CD0F2BF377A3463F8BBBABCFBD6833C57E214AC3F5AE9C2FDE88852968F20337972C7E04EE5658223008AE82D93BC37D8DDD900BD6B16EF221F0D4149045D740A8A215D4FC186C658E01994B8CCD317465828704BB630DA2243B3B4ADD3EA554A97408454148C04A1A0CAAC
311
2E04033C04073851F54380E0BF2DFFA43FAD3D6B574F2E1E5EF6E5F4FEFBD1CA87C161FCBCF5C7AAE2F726F814027BAE10F79BC3D765D61D1803952210A9AA07F8C6BB2105B61145B324F96014EF223D4A9261080239F03FF6F4DD4975C183B887E081F7A467A25EAA0C94028FEB808637768B07400A8235D4EF3314325319
311
8900E079E3FACB0C59B00F827A5785A6FFE2FCF0C0E6F1714F11CDE5140D931D707950631F3DE877F300002000494441540ADFB08704E252AADE1BD4E8DF55796A32B9B6F17737C67702E5C638682737286CB0E0A89B624D5BF28222432848C9AB8C07170C97B814FF492A61072407D638006F7C8400860444C01B1930A522
311
788045633DFA9507267A3A42BA05925BAD705CDD3792FA23C1075C6EE768A673919EB6C3FCFE7629B7310AA794CC9C0D14A1FB88F95C845BF22543F57996E0B26C9E4C2ADF187F979F8A55F11B47BC26594C52588518D25E6C2B1CCED231EA1B748F093E5726A21A54C91EF95789041030C20FD5AD68613432E19A4D0DA250
311
5B6BD843516E10BB00AF9AC315EE9FDB39CC1F9EA59CD88F9CD071D470C86C4647FDEDDBB1CDAB81DA94034747A779F4CED497CFF817348F69F52E55490840E48840BA72DB71F3E84F6DA2F4717AA928F153DA6E4C7E8E00363CEC9A2E1C8E65F298FC4A52F087FCDEE5CBA38A80CBE11FF7BC2AFF249203FFAB77A128A001
311
B1987BD334AD9B901890A8C2005B6B248196AD09C0025ED841325B31845032E327C531C839E66DBAB39566B631C2FF0A1DA5A3CC47E665AD8751B47CFE33899DF047C9F3C365E3B11278D49DF939298E09002F6430F9958803309827A7C791048CA070061B7E9A64C557D235F83EE24822E5EAB805F9862F20FC58F483DC0E
311
F02181F572930205107E00E523861895A2811309808F2B6C14B2AA579E893753C155D2F54302007E9FF36AC5FEDBCAD47E182D91A73920CFA5C18E01F8FFF4C3F1FF553BCAD0E58DEF85DD63B91BE38ECE1A9FFC4AD4A1FBA30D462C328C5A0340DFD393D3D3D3C0659195C96990F391EFF4175213BC74C020922D4830FE21
311
5E76940962BC0713A3B82784C0CB6623DC40D6E1485BAD454F6892200B225096127FBD82D2B12006BAE2E329C771E25FEBC0DAB3B5395289D56D7A8A89081B34EE06F80F819EFE75C67DEEE95D227E283FE98A7B9F1C97D2D05B4D07A469153C3DA3048EA68FA667A6D90E291C7D7E2D063E4D044964D055F2DBF3E31BB851
311
AE9F78A0A7314F0AD24901F581D74A6929142039C65AF5830D1C809536CDC05E4BA51038F79D713DA930CF18BA3010E385351CF47F74D439BCBC793556A1F99814926AF12835E251C59BEA3C083EC2B2760FEBDF4304C9EB87B35769E1EB24B648542CFA4EBA9EF93CD42F03C08F249A2C98897D8E2225E90077823F4A5217
311
1A61219998CED6FA050992B6B0A74A2220ED12123004FB977084208F8E2AFC80F456CB110BCA647A3A0F854085D84FE0052BE31FFE7F925610BAFEC06FC33F9931BF063F39DB3D1BB20EE357F594045F4226131578582CB055A59A073AE0413989D215019B6EB8A21CF154D71164E0D8F4E730C2CD382D098DA5261456A425
311
643686BC8301710F2C50665881399156AA2B4C3191BC555728384800CE10040F746A3D8A80A5F0E500A93456FEC52833BBB45203DACCA37FE1D3EE4B9BF0EC27ED47D89B8266F11EA2DB8B5A8BB93EAEDF0C06B7AD0402B9EAC6E787365535AF19F15158308A9D9785C1BC1C01377F8C6B4D07B50DAD25649764A91DC9812C
311
7B34CA98184084F7C01055466B48058CD44085AF26648520C85C41C67805462D8425680425559F4440F3ABBE1F3F81B1EC72708767DDC8FFB6465796C8FE310FEABE0C9B242A74137EC3E0427091967023299BE5D6D4D0C6D15747DC2AEA4ECC57C72856E827D33CBD319D70FF854369EB841282F84B7CA4881447ACFCB257
311
E252E00FBB3272120A75B99119840858486615636E0E0334031AAA8C08A62E080053A0AAA4158431EC727A084021D41CF5D630C94184F6FE7432E8F5F9A4FCDF3EA7CF136FC2988093F98ED622E38E4976E1BF0CF49D2889E6DF3566719FE1F9B47A2D3BF89C69155DCF24F88C609EE551160F0415900B4C48FB013D8900A9
311
192A700748002924771A3686A0A580FE4009E00ACC090253E280B90AC15048E047020483A038A60ED232831F2CC90498648690D960C48E439F18F4DDBEB0B6F5AC7B7B89F6230243B4FA160A7B9327F3AD5D937C8BFFE5FF8B3A5E64283BEF8EAB9F71159514CFED62DBC880614AA1F7994CCFAE7D8C87057F451733699B8D
311
F87056E1F0654B5021E38097E4E23221B810DE20559AD183A61C2C88A648DB096081E9801CA00BC1DA0124E08DAAC15FD2936905CA8DA1C40E42B13F1764E0C4015EAD7F8BFEC99A310B1B7C0BCC7746D3C0702759C89EAD57122092122D1F857067684A578F1DAB7EAC400841F493A468113282FFE42316CC74C756B1C880
311
FE78795C692813CF4644480EE9B02991BCA257A71861F00666D9410288487618D120D0E80D7773E2B7DD180E100EC98B221C94BFC4FF531A09B986230F1CD08378A8E4D0FDD7D9B1BC75F5C12EAD7FF83F3ED19EB018620303C217A6A35D826E72ABF2D8E2BB1B783F6E48D2E3F360806E1D192085D022103473A10375B638
311
53EC54F500B5B064DBC20945B88160DCF7E4F83A0200BF6FAEAC88E9F54D22D898E43F378D20B51B5D6B1457000922202800DD401A9266483029C0D6D57ED80D42A0E6E08835F0F3AC73D7FAE6D56185F04FC44472B854EB7D9CBF7134DF3DDC35A9F6B38417DD6F508B37C1A718B0D054124176F7222F62DFB327F34D4517
311
99D56216880193254FF782D7DDE26C271BF38C6E422E271CE4AB8823C9510F021126A7A944E00DB4031D013C88EA0746C96D4574069BD5439C4110403B40020C30B07A604F1E41D19C21A93FD9002DFC35F23B1E7B98E95E38387E3603FE7393680410D702FF9ED5A3C5E5CE68B5827D721FA78F3A9A0C08A79722D9C9B418
311
F46C0057BB1640C70AA4A03D29CECF33987596D53CFB27B32C3BE304C540E14BF8464E080918268D254838C91A01F0FFB99154FD8A9C0495EAA6534A6C464440B4A71E16100E7405088122A35F7A511DC003D002E6C8E7E15F6D1D2FD09014139EC11FDC89394621F77B9F88EB5A583C41E2FEDBC8F82334494C0BFA97FF3C
311
3A34ADE60385B60E5A30CF036E5E75370BE3B83AE73B3B7DC0BB337DA0045299ED0C66681E4AE223D01B1BC3BD4C921E2005FEB5114739040758189BA8A320067B62A3995E4720055065AC2B4A8006BF8CFCC907C0063EACE41813C5F017065AD46CFDC6FF1BFEE052932CA3478C8E5A6F25DC8503D40F61FC1B047E4DFFE8
311
E84407C81F1AC7B5C79DA358551CD0D13785A9AEB38D6EB68A0A8087FC6543E7471082873CDCE5CBEA1EFC5CC0579469E225428E9A43D6A6000B4219DE52E8DF00A55F4BF5035960661C2DB88AC1F67C2890A93FC420193C8326409E7B595FBBBA9AE1D1511B3F6D65B09AC10A71C2317201A603E88C56CC68C91279E83F5C
311
147787EFE6C675F00941D23EF092920330982DF38C65EDFCA89DA98E8ADDECCD77CB86D85118F3DD9884820B1128010D02F1060F582871CC8FF42024C02239273A1CC3BF71E770DFB7E96081682803188118B50310BD620234F230B12711B063E0F0490FCDA9248B580D3D3DE944A30CFCF2A1E0F6E59E8FBEA289CCCC9437
311
85BB8880ADA9C2FD70F6A13F5418444E3A669273C006C4B4EEEC067827539FFBEA9CFF04D84E7F170480037005AAC8829084329899F90B5E013927F8E646514B4824B01D11F72C012CEACD163B6358A4454A4221D06E68A71062520649BF9E9127D0772D6E5EADED52FF216BC2FC513C7D3C5CC4C8AF009811826AE20203B0
311
76A2AA66D8D32E317DEE0EFC000FCE16D9E0BEB17C74AB009256C5D8AD1CBABBDA61402612C675FBD72D07E633B1A42F2421208CE01397560811204306617A5141706105C9F4984C459F2D0F6C392FA05BED808512B0B9A8A9FC6CED89640EA347D31F0DF76D3D9E61E800FE9F7601BE4C9614A1C58E6C839F13A12D0EB426
311
DE6386B82369A9E6A7F1F9146EB578A2EF4289AA109B4F6CEFEC0463E0072A05CC9DEDEDFE08407B173B8AA65399C80B2911252E6290C82CC1B8909140C11B7AE161B42B93905045D017E00CED6D27AAA15F2C2179F1E83D411A7020B9408D202381E7E5DEE5A9E7E5CDE3B186433F488AC81554BEC09BC579018ADD1DCB3D
311
9D70F02B14BF9159A4DA376225FE43DA224FED327941705DA582B2FD1BB5DC0540667B650BECDD1D5DDFB0C7F36DEE2B94F6EE2EE4E426F20A1174C31DF153321A24114C4FFF25E505475F6906D4149B21F1BD9D9DF7B059F8E0FD83323CB97991FE80EE131A9003B81C491B218B1D42C0C0D593D9D548003839DC29A74029
311
8B0C23F0CE14BB167BD61989AEF0B985C8FAC8F923A73F31953989F0F6C96CA6C4D0A9A88184BEDBBBDA3BBADE77CD8E2FFEDEEF46184A86671D7DDC51417477BE9F04804F305AC82C2D018A21EA903866A0F959FBD4139916D036635EE03DDB7408BCF0627A03027AD314C09B0A27F0A79490D53839D0DAF1416995CAB241
311
01FA63F75029D57A4CBBA9FB4D120ADB17FB5A999FC9420DFE04FA670430B90FE7F589F7FE8D50A4B5F004CE5F07EB4EA007F8AEAE8E8EF7DB3BE2F81F42166C7246FA9E62D02C8209BA1024414C483498B50229FD923F2414040B2081390AAC353B5283EADA12A30B1080866D746B9ABF5BC107F33C2A015B275480759334
311
B83AB02175EFD0DEC785DFC505E0064F4EBA5A97073A74C5C9FEC97BD25D819E28AEE661FD2732B8BBFB1BF13441B3C1F45E8AC1752BBF80C113DE960E0AC7D9D02C58C80505A19BA0E84B14402601A590A4AE00A825E98C3212342302EE10FC5100681F86834A2804BC409D70270A2091DCE874B16BE0706C974EB3D26EFE
311
DFFCA6C4579AA4DB781708469F055532A7046C6BEB0CF39F3ED2EC4FBCA3D00EA91CA68FD2B87B5C191E0EB2C300F00A1C9881F263571C6CFD83D079D09F176FAD839340CF030F70458F81F09AEE1329505150CA0A00576B56C06D58070B23086F685E44232D9D53DE3FC3731044F286D19F459351863F749F1104198D6E14
311
BBC68E17CAE70D7AFD958E350BEBBC70C9C4DFBA075240DA27D40AD7DB063A097DD3F041EDB3E4B682A7A12A548F3393DB01945547175879989302521EEB1431B08759B632B174E0F700E774FCA1BB83F95029ED1A084288C8893520E49415E00DA080AE8027C34206D35491D050A4C6B080F6A20889A2FF82379AB6234F67
311
10C05F9080ADF002B9C9F9C583AB220F45D618D7E7F7547FB27CED8A8B7A7D24EDA4988B0C1C2A1AFB53FDC61BF3DE50D63C560F0120B0372F0839DDDAF13E583B868717C1CB8CC71D1D7F440CC82184803144196EFD58BBE00B7EE77DE8C015942357FB06FC906A5E2B8882CCF9FFE184B0035A5CF186A962A63F84B3AAEE
311
3D5A2C830008807568B6A9F424086D2095A3E262DBF124350082C4B5DF4704A9D2C93553DE47BD6766B69349610716999FA25854F759CA9792599D3837ACF6247CE8597B0F960FA3EC45B61715050260C5844FCCFEC9666BC71F875B17E3BCB4CB151405D7D08F846B4CB952248B4603CC402B609E90F0044A007FA800EC46
311
D07A51232B00E5683C55D5096E1374DA4FCBBDE2C25A5B8D26008227CA7758033D7D70DF12CAF7F247939F93F1CC63047D63ADA0B7CC8771B234D8095FCDB577B586D1834062035670E204B245EC093FCBE15626C10D210CB38A13F50E10A0D5C0814B0C4B30AA9858516001669002229618F100767AA3D6D2528595FE7A39
311
8C2D2300ED0013A0AE60B91644A057327BD3C36BEBF48C91279B45F8BD145494674AFB211A91977CB838DF35DCB3D6D6AA2FB2784B591ED785DFD7DB77747DAC9D2F7674810EFC2895F9ED8007EC7885101679C06F21E4B1C8A6120956F80518D1DAF1717BEBFB5803E20C6F2A11B2E48AFF4AD2810A70054623E341B3D1AC
311
D92DA91150DE631EEB2C28882D092049C0DD38E262A7BD6F98549930C9D44B7C37028AEA9F8C5628A2BEF5704C0DCB2B428181B1BE766F43014498D2E57791E4C8DA6BD2ABF5003F0C40202E2E32EDFB02852D16C30B7F646B98FDF86C7891690043128B0A0DE6B4EA27F08C30CA34C9D0AA0852A5997F8D11A6EE84E040B2
311
0472020256F4AFEBBB74E6705A12083B249089218E6452C8E5A69717E904A3F5EF3D5D08EC1F4D4E85086B238CFFC11AB9AE972CB775616C6D1DE04DDF073B4DE3747C41FBAE6072901CAD0237100670C5A00C2C3CE063610ED824826C1F6650700E88C00B62468903A0D71D3A390255AD7040048348C56C4647413C2C2561
311
216E0C469203EF06A5B101AD40D0E207F78B124747DB5B4BBB4E88B1C373C114E0470B345156EDDBCE1B4DBDF81DBC400746B0B54E05F693707B89A5E430982C2AC7D10DFF11D5B102B9505034B35D07E8E5F585757F088B390F2D4C85CF7218E8418BB4F25B885053D07D5A908326809F31D6CC6B77CC948413B286644844
311
39D118DBAC27DB5AC40C1AD166F25E6A2F0AE82100C0BF220405323E1FF80DFC518CACA8DE1003F3C9FAE9C7B2D60703A0004F8EAEAD2DE0F5485452D15B77B4B67F4C2403B8D8F9C533558ADE058A9E177A1698F75DC0EB4C800F74C0270178C8579C1FACD025F0560844502D2BBC01E620030CB93636C1041636A693949C
311
D80139FD15BE107F905590A292840F8860706D07E2970A2F15E5B13B87C3143CB2930374CC46A6F9B9D7A5CCCC14E11B9E879A49FBE27ADBD6DA82410FBB94FAA8487D61B51F4BE0A03FD08743C31020D6628ED20305A22C2C2FAFA7ED1E7881C438AA5B9035F20759E243C51F34D0D5F02F11403B9E204CC1686C0B6C9000
311
470561519CBE1B0E4FBEAB37A39EE4B84C05F023858779341991F36D9D9F351E7BB3B5ADF00148D9D05784F9AD8B037D48C01BFA83D4247F03BB768BEEF973A14E610090D4B96B1EEC5C5E66928F28EBEB6CF578B067DD83086081579848E60DFC7684044D8174993C39F886043481F6A2B743B18749E52447CD4D23051303
311
2D20D20206E536E15BCF7B7D211634F98FF9986287F33F9A94615A5A0A7CACF8DF5DCC1AC6EF9AF1945EB78E0A2FED1DA2ACC00EF983F9A012260BD722EF61C9DBCDD8719703ECF839029010CA0B9F100B1D2842153E01A1A3837AB579516A31982FD2908A09100DAE591016CBCD4B011A2F4DE299E1338CE065DC4841BF98
311
95D8C81714800CD08F5AD39601BC929B55D291F6CDCEF2AB40DD5D98F4E6F107C47AEE4A09A079C05316F479DAF4C2BAB83221BCC0CE23FE3D3D4C7BC9AB673D89A3677D6020F6E182332028012FA0FBE0B2668FB85485902A8E7FA0BA2105C213E20BC2169211A4BABA7D693C3F1DA961F203694853137073AD5CD25F1C01
311
7DE0477626D7BA55B88F83B5EE513C41D814639FD1BF759171F4577D3CAB0C3DFF68B2D3B1F8478C18F67BEBB2598FA76A4545E9E961BACF657E0791D2373030E0EC9FAEDD17BEA7703A738185D08236C407448A4CB504CBF01FF43859D3115488EA01B55078000DF085911805790DE1B41B6F8CB2889C3834FE02AFE07D85
311
143C6C008438A944EA63E047023A7EF37E13B0903AFEA7BBAB9579330FAFDAACD540022980B65A75FBA17D388F1E6576405CCE7032D95BDA420E7DC0EFA320879E5F8B3B04C1D2D9C1114210C19FCC49DC6A855E12010184DB8968109ED016E4683CD552A36B3AFA13BFC2114068935A7E774CD2C7225642B73325938052D8
311
634ABC18DC9442BF9E0402E85B42F9F3273672DA8E8F1070405D1DC3248487574CD98092B8B956E6AFE1566530B78FAE05B4A0DE51FBAF85DD075C7E11939F80E015A58D1F87E400CFFD2306C4D1D3C634380A201545A92BE01F445800BE12302AB477BD6F62600D211232EB061448A0D2B877BB940D63D059C37E0569A83D
311
E93E214F4BD86209FF6F479C640AFF8AF6D1BFD987D029A94DB7C329B4184D4BB013BF912FB88FEEF913071A8D82B651BC10DB067A7EC52FE1B421883144C00F64FA23A11CF708BF16CA59F18D4C04B8085964B2D8DA4A855187000BE440BC816FFB13374640B0EB1D0998AF38A1AEF503F14302E2811081FC12EA6CD38A63
311
B33035125F40F170C0B0AA45E9FCA38FC6D688D48563B5C4B4B7C359D3C7AE0EFB16ACD5E2FAA47EF8307044B4EBE1C71E84E742D81431FB06B90B600B9C239E277A57C94C427EE10E7826980C0136600D916A06058CBE8604DB4D314FBC014EDAACD0820F14BF75449B70339490FE5A0491221BF95F949DF1235380E969AA
311
BDBE2D32EB4403D3FDF17F42F9A0A7C28ED75BE86BDB7C7EC80C76F86B8800F77B305EB88F00A4352E0F8089EF811EA02A3DF08F7DA008F803BE4B4EF5F41E56087099E920708C3D720916444440FDFA013D4E1201414123A09290F5BD7AB729298209C4306D007BB0829FD4EC3A6D7E4F00B67DF38CA0764F832F0448E584
311
39B952CB4F70DF964AFA74CCFDBABBDF273E2FF4F56D3DBFF2A78D42FFF2755DF307066497F44062AADFC0CC546F6DCCFECECFA232E14F408F05477D311B683A35BC245FCF8A5CD2AF20022C21022266905A5BCC8B20235D6FF04019CC04058AC80023662E25F342063165956320BE50370F2A657BACC817DDA3DDD3EFE040
311
28645780A768FE38DBA88BF2EF3ADADFC7FEACA952E5A77568ECF0C971DF32BF1D24F8486B22A649EC81B1B60315CBEFC026091CA45F858D7D04C1B437079431E63E38F880758842E780A9E03791C0FAAFE10012588C3C592FE35461A6047802BA18686887023A422A49599399893103942CF6DA53A8E387825FA0678B261F
311
139F801E2B17C901D0F5217E07AC2401A87D0480F753FBED44FE949C93A1D042B879FCE499B3D861AEB23F9C1F372F0C24D0B7D6E70FE1AAF60F84BAE642D82F0A9F53E22783915518494FDBC0AFAE7DA282E5050B703570E06319A015E00D693A6BEFFAE493941C3B08C13B96BD20D0115A9565701DC58568A3009DA13E96
311
5765C03091F0FF339F7309D44F6E61F837F1B1FF920450EB8FC48F9B40158BE89C81A597CFB0DAF5F5755D3886DC13D4479599B583758CBF35663AA234F133F91D3BCCFCE0A794367F385C59B19431780F1C099131384056616E15A1563B50021D369C593FB292685A68A8B2A50A0A2085CF05434617E05FC24A6B077B9900
311
14421A68401AC4D65788EE25F737EB780D08A6E38F060F2ABD889E1B889C44852C2FF368C1E3E710D73B6589EA83F7417B341ADA1F639A23D15298F087AD0326410E116C3A1B325218433C71AE62C07C1480F1C045629724A076A4BB8D622D24690486727F56108D07046DAB065000678E04C4F8C342DE27F4AC102D854F2D
311
08D59B4ED0E4F697B0FF62F113646BC5B7F3131D4EA8BF8B265EA3F2026E7061B96F6DF3D993276B2180B8E57067587428579460551049049B074CF8B1066C7E14C705F0B39298C0997C17F701097023BAC31081390196801FB0C2A12380042927503D5A01CA127F9841B460310639C674BC8CDF1A320501448E0068905B07
311
F6E5602F8C1F07786253438CEC51AE61FDB25FF71B09893AC026A9EAE3F30F369F5D5EAEA5801FBAD3C98B38C13EE017B054F81A56F05259DBDA64FE270B1FC4C77200FE276FE814B916E222575ED717A62A92956504605268408CFE13FD61F84252228376060206802B9550F00B9D47E6AF1022538A752CF4FFF1F5931384
311
A9FF8700EDD4FFA2B93FCBFABB3EA6C607FF714B0B8B04EBBE83B52B246092AB018C0D0002FC490849F1E214AE6FC42009D6D86616C835B65DB9862EFC4480C14137603C3089D0A5588FA27E693DD184131BA4E88C35045ACEF1CDE1A82323C20B842F2419604821196EE8185BC834AD44F8E9B7549A32900196E9ECBBE20F
311
FB4706861AACADBBFD9B56A23FFD3AB8BFACC18B1B5AC0ECD7B6AE2E2E9CCD2BE8AF1B1BC3A813B94107E82DE67A42E7CC7D4A6116700B5B2EE3C338A09B840F07C40A64800D7C605AC42B72227C4C7020AB1F20056E26F542717F56534261DE3766AC10A6ED2D006DD03BA9DBA507AE0510A8B385C92363B9154167F1230C
311
40D76AF6F3BE0CA08F8BA2FFBBCEFB09D0986550E0F0EAE2F2780CDF850CB0F88CFC2815FE87BD83909F474F45DD47F1C821DB2107A8817FD45384F57891B65F2543D0C1E20A89B4A8DF806862AC27C60F6A054627FD344250718AC0FA21CDC4E28DBF2650D1B39D8B8A420C348A4F846E2BE824BF8C45E1DB8EEB52F576F4
311
7A75FF95F90FCE0FD3A7A08D48D5B9AFBE3EA658E1676FE3372FB57F0AD8D70ED4AEBA3D4C2BE0AAF1C3AD63A6004D12900CFC481A47430C9EACB390038642C8C41B13303166614210592736B8603AD4FAB17189DBB32F3915F0C380795A089A15228460BDE8E52203527D41B5470901B088D84FF8B3FE2BA7F4FD30ACAB3D
311
E0B7E2FF95807AB0010FFDE3A048F7360F9F3FB9380EE537F16F8673131325D3351A3F664022020811A0FE8C019CA17370725CBFF64132025DA1BE2555102212E80A907FB43ED80A991A8AAC183932C19AE17524B06590B6AD286EB99BAD18FF4BD64BAB519202F992A963648ED30E7521F909F090C0213E367A77D8836BEB
311
6F34D92EDA624183070248351F1A079E5D3E7A9EE81F2CE6678F92E299EE312B6C0572C0A7B5EEE07853612403813152C7125E2022A20C18F855DBAFA399817FC97FB6E1CDCA31D348434ACD0012F0D32A5456B4007E6E92D72B1A4E9971223A42C1042819E4049C0C5801300C0013FA48F8944FBAE71DAFC27F1826FA2304
311
ECDF3F6C10FF47D5C7E49748DDD687DE8E91C09394EE0682A4F84CFD6067EEDF43E67EA46CB2F4070160439245F00343D03BF25D7E2F26FC400A896DBF19FB8D4D0A66DA669C3D608F9CD048A0533621B25690EE19D5D15248E390F042B12C682511B02BFE3E5700E4C9A9B2107A8F45248FA48234FD23005ED1F4EFE80D13
311
20836F04003BF42856D478D1DCA3ABEEE3C68F9F30C3A16E5C238EA5DE3FF37DACC2F8B7980033F47FAC34421EF0418A045394802CE032D61C70023D788136788613887C0011A4EA316E005718AE191F8D0D841B9C679CD2FC478442D005429166F5A24403B1E6ACF3298F388B6D0BA933D92339D48969A5C11F09B4FF017A
311
9900A4F887010C474717E10F36468032FF33F4AD610517777104CD920C3CD15FC5F3B3A0C75BBCA3B00F2724863C10BCD4A0E00736C7981F2F72E4B001438B99714FCFAF713A2603BC710376A1715FC602022202E06FDEBBC680A3DF1C4C095A12C50B554FE7623B50374FB2129DDEA4C392C9188077658C87F55FF92FFA50
311
7FF03FC8DFD3F31BDAB46DD51AEB03F7E1B38B8B87CFF47EA1479C3EBAD5C6B382C221C0F1B358B39D76D9D3142C4A20935F541E492E0EF081BA41B3620A8E172B584EA1485632E22A8221CEDAC6110AFA4B6D43E2B76A18AB240BB24337721C9321D2C033B2D3E2641A55A400A28403C12D1DADE39AD23FC5FC08C47A64DC
311
3FF6DFF76B5235124022D7E6D6D5F3CB870F9F31C96FE477FAFE54100068A3A87FA5908A2C08011CF31309C10025B089FEF9C510522B8DC07C30AA469841723A10C08E27F00F7FBC181C083F2809EC3B2B328E294AEAD5A071B3A95C81D2DE3F930372D022C9C793535B92FDAD5426E90490C3C81D000017C6494441544698
311
C416520C1C40C71FC204B22448FD9303782FBA67089A1A7D4CE38E89050FEF5F1E078A4DCCFADA058032C34C1CBC2E1202B1F8962B1A8024F0EB7A11F209E96FB369D4B64202FE7BA230AD24C46413536EAE955B341B726C593B5D4630C0BE822480908522B0D85430230352618DCD4F7BA6D568BF4343801480006658EA3E
311
DCBFFA9702B4FDE9022163C43F9B72B58001A23FCE6F0B3FF0E4E1DDFB9801A6FC42FD0132CC1F2224F89933107AD30B6C9131A53818AE944BE25A70810821C38F098411980E46D108F483DC63F49B91B852351604091D60546702F58A3872A1716411B642C7629C267E64E77719F46B0548FD6BFFFC86A38DBFADFCDF7002
311
28C124C8664FAA02BFB1F92B09800876FCE4F2D1C3FB4FD0A44E0106A8DB8079751CBF0BD9340066C3D52BC64706467C05B5A54401BE4A1B0132A55EAC1CCCB10D378A3DFEB9812022327745EF2102886A9142C812A1A2C9708027BB55B7006357459F9C2080E0BC34489FC629510F3017B62D5073E2A2C64048A0A42580E4
311
13BA9E08274091A398EA80B5BF31C87BF5ECF8F1C5DDFB4F22AAC181F070AAFDDAE5650C4000516440D8806786D874215149E69ABEC43FF0EFC820FEA112B0522003C84BE03FB76623513B6D840820358B084119B0CEC8C00AE888826339A54091F5FCA513AFE147975BB1A86FC50618D9D74502F0C7C8815AA306602FEE3A
311
5E79E0D7DED1B221001118B73182CD439A092FF801105D1AA14E1918EC282F6260869D55108065988BD67F68E5581720A708051F7C8070F582389C682BE53F2AFD85853F2A013D21564028E06E79B7A71E43212180A81541EBC88F451E02385100491AB0C4A3BC5309A95911E66D04C0B448366988ECD204C2FC930F8CEE8F
311
A410EE4C25B58DD1B6EBAD83F6196670F7DE635282C0A56A851AB035831725F0471A10FE52097089C80495804100318405F0DFC2136004B4C40705EC9154315129205EC357930035688F61AC02188250CFA9A980233925F16A117A48CA54DAB6400221976B75D863330942E20EE3B00B08FBB71AA813B0E502FD2B023DF701
311
14E0D7DF2E2EEEDE7B789504200112075478F2FBD6897835C91F0C20782401E801A2F9142700B74805703426023A81CC0BE88B537D0003E0C5181D29EB8D83050964DD2580910A1E7A8138F76253DC01DC2F3824391AD748276C0B0CDF12366625D038603D0003E0266CB42704C8CE7FA7F11B4D59C0BF454A78F8FCF1E505
311
13715D469607031272358F04E0003C90107223A581218F10008B10247CD20D860FF0BF48801040B361808148714764028EAC137E871501EFDD97C89B52107FF1235B0928C562530082573CE137840EFEF82A0BDC602736C595912FBEC69E6A3A26903B3A300C5A098A9E3F1810CDFFBA019D97B4E7A7A075850F2E92569BD9
311
60CA7B8304995FD006FC4213BB1448A6F4BFBB3A9F9FC4962D0A1369129B10073771FEDA38B1737B663A71C088D8848027FC3008DAC4E4397A6F76271DFFFCF77D6BD7F1F67DA51E0E08875A6BAFBD6BD7AE52CC04A0B4A2206F650EC412841A48258258E8662C3838FBE21E25172C2A15A4F78D82DCF68A005DCF07047C18
311
3E1CE47731BBCCB5469D9169E0D588945BEB637E87802A03D88FB82486210D28FB3B858D13DC7CE75F5E6F3B03C1744D30CC58C7C7A256146853A05243060B850072A7010CA47CFBF9A1E24F414037B8781E8E9F219A774B36481CB43E48A79819D638C8760D672FAC19FB9D3FC5EA9158DBD0159C27860409682E8FF25956
311
52FE189D2CC2D7C023E944158355806FC320087CC74116030CC376C559C098B93A041C5DDA48AF33827D2327DC761D19C17CC62780D82A170E6CE7415A5E7FE825E053048F88D2AC2A561CA4D4C60098DA28EF1A01382772484698F60C8DD24BF396EA76260542810A625978C03580A9CAB91D10249BE579B0377A3DD15749
311
A45F24C4D81FF3D7D7996F6A1690288008C0FF6CC186DA9D5FC95BB09B1301004B016E707FDFED306A1BE8FA208828F00BF342186839839F1F6FA338DC5A0200FF383DE92614C03A4508DA18F4D85F9354F7E867AA77A42FF49BBE6757A1A7454448D0BFC3C220714FE43A3D8F1547BE10F0BC5A05985AC3C28829A06FE24C
311
D062700601F4AF12AF99099B08E7071DC4626A97C920C3FF96E190C9D1FD7CB6163E800D79E5F3F10A9306C02B799E80F1AB380E0571A584C0370A220C3125000B500900D96FEA40409F980E2083E4EDF4D8D2480AE5667222E020BCDAD4EF19682120818FE18EC7FD6AAD67C03F7DF1955E697456F517AC4F24700C30171C
311
67E9168B109A4F60AFA60F98BE30941BF776DBC7C70792A2FBE98AAA97224F8BEA39B47BFD14A8CD03320DA2B676E3AA397E652E30A42CE2987B7DA1EF7F75242413800A04C0270C62A13372400B435ACD84B8B5009208F5AC73EB149FFF3508E21C2201E0338BE07E50EB47E7FF6D97724A601028C5519073E7978EC88834
311
410450E074DD58AD13A4900103A6444A9CB99103229F0EF8C0C78161EBC68137240734CDCFC349807851E0EB46CE864D2E405ED341B71A390CF2DE20CF5193189E1901E866D0230409684B193D17E2928534D04240937D3C84477494FC5E0FE0B448E35AFC19007926C1C6A6E622FDB8A12E30993C6710E070397C4B26304C
311
0AE38218D19F01FFB15BAE1C0E7E74DF75F2406E373C414E848FF8E500EFAF3C1029C9C0ADAB2313A7426CA9B2C1B9E30032C84EF31A09A88A386F136E8C2F1D582EA0459207015F10F1F001F0B1B7DF7222011EA2001F00BFD36BAEE0850928B08C077030FE3806C880EAA74BCE0863A952812E6008B3A89199C1EE918AF9
311
6AF583F1A073B0A355B9D861AF1460DCFB3BFC6B7EFDC834B09700CBED3510E48DC7129041C991F06BA5006CA6B5B34EE21501374E8DFC910042036111EC9C7CFA1C05D48A7270F7F835BF04A4194DA4CF76CEC66718C84CD020D04C412AC848F03E3C61A1C8D50D0EA6838A00376054D3DF61A0E393E1F8B058A6C9940934
311
76D601A4A06F0CFD3C0A6BFA910E75CC10400A80FDA93AC9B5EA4303F6C0D188B559086091CC5910137772E14F2376D03181B5CFE74C0EA38440D0AC256D6C4D104CE05302FCC00B60B9CD4D71E08BD40C144A025E60D4C1F45FE846A2105D717EEA84808A5DD90A168E133640311CF05DD870768683F5D2F1800F485AEBE5
311
CABD8FFA3C0BEB33702493AEB551B1EB035EF5C8E5757FA7832141F88E8578A363802B560007AF93D7D470B478C4D00B412D634C9140C4F9275C00DCE8DFE3C7F8C0AFBC5B2CE82E3C3BDF393D4375D50C43CD1C17E3777CD2C170725B7B42B41DF15BFC344DAD089C1E9118522B4A2C60B794E4E8F33081BB7C8CFCEEA0B2
311
015E49D586429C6C78646180B7710E06018A3082243C275F077FBE412C17DE80D3E6B9462C5204C5D980D1DF84A864401C483CD01B143F4A4868087A0F780F37230200A4FBF6AED325114C367C22512750A5C7C3E32D545CE20A0904183BA10015DCAD89864B3E1EE97EBAE8B204266A48E010511838E2FE413FB116E60880
311
C2D8440AC3880DDA6DF6618C138CF1CB2A09637E18D00F80CB0DC05322E31EADB8081C29410903F06BFCDF5AB46024E4A75828056440503C707856EF0C037623DD4922A400E8A6BD75E4D2800905F18450A00CEE88860C8964C7B3F90F56528BA18F71CFBBBCD2D05797E168FC37DB26DBE0DD2EAEF39686C18440820013C1
311
444055402A541400DD362A0A402F1FE51246404E098249FEE30708C10CA0B54601053159480C00BAA9B1223A773234FE72FD5C3BD81804D8D196FE3D5315A0C981D88D04FA01DFC185CA93F9120E1F480B08063364A0A318F08DF95056E4C91F1150D31B011200383502E079EE43CC18603AE2F88FD139C802A739F208E88D
311
06DC78267C448C27C4113C19B0F51B0E9C1C021CF8F9167C6B1F2E10E461002910105D1042792D1CA303F469714C018C23D72179E165049C40E801CB96CF334562E5807291D1E0C70FE6CAD91656715F0E5C5E70F8D7F83290549B1BAA6F781D25180EBCA93EC84E72A74081CE3020789B3790E1A9E478E658C099BECFF01E
311
530E80EC5FE31204ACFF70AF8177A03059240CD074978A002A878BF883FEEC81DD684E406CA630ACFDE87292822A11953710F000885D6F68A67ED40CD772B0828359B753F7CE23D9479AB9845771B389D6A77130F8C134EFC83947392029B10E4425440A84AF0E54825228FC1634D369874739C837A9DDC83C20D320C36042
311
610ECDFA750303710224D01202488012CA847424F8D53F78AB6BECE9B3B35A7F32396AC6B7444566327DBB4DF06FD9616744F4D3A397EB3B0A3FBA8D763702883ED742FE5CD24146D8E353ACCF811C806AE09914D8446E93840FF4D6C963FF32BFB6AB015D1D3B0C9A0968776F021F21404B6260CF84A14F35180CE20B5E85
311
BDA2EC91FD5A7DBA7E5705F4F0F97AF26CE18E3BA078138202400A62930FA6CC7882F911A92F33E547E64990B0F27323D73B6222863F86425153FA8009361C675554C25382CE148420C8DCC47A20122806CA178A0918C14CBD33440289078A00EC6070184CA9907FD0A1270478E0B325B67C2193694EDB7DD0F3C238447C8A
311
11485562FB4902134E6AC952FD5320A4F7C780882DA9684285CD81D278C0E8FF8DEC9F45D22DC3C2CA99C2728110888799575B6834BF22B0F01EDE72D7F21B672C40F0A972999E2200B7C91403F9BB3D09C01990819238CBAE5E7510D7D57450507E3DB04AAA0A3C280064E0775380C8C16EEA4834346A04BF0CE847B4B3AF
311
760D06D24BBB267C32E2C9257DE5EB748AD101AF1FD33265E2B674EED8C01A0AC901392211011AC810560F77778E85B13BAFE3E25C95B70919A4862C15928BD8989664AD8638101D009A80F00BDC41AF27602A4BDA0C077E550048E7F1011410F01405045E1C140B4D0E70E0F6E034171C3D6FD12004FCC1FA304312518910
311
356628A4A326EC9ADF5DFFD1B2C0399503F14B4F8E3E0E4E39A06ABCB56A8014687E86E462BDDE5124615ECDB412B7314F62E6E0C76ADEC0F717B360E741960104CF1706CFA18E0605004B01AE007869B095ED92144A807841EFF2811C047889A04901C809062057192688C92346F97F279449F89B113500BAD282D1DA80A5
311
5C27EFFE02C8D4F395003F285B617BBF0831F49B055342DDDD414378E8888E92C16789F269A27C9A221FAA4A0DFDDB9F935B2ECC04DC51481558A69301E0460B02665AC4DD30C03D480866C3409400051811876014C0F294C542821AB045011A3E3F09001FF304E3A0BED05CC11A811B865001769507FC01ADC611F400CF68
311
C7B093606E30F3C7E0F00C1D10C31951C1E2D7252181DA00345842A19130715C736EC9ECE686A712FDB31E4D3E50AB336E5666D7B212C0113C4A4406029709B43D0228F3FBAF49921B19CA0C82A2D5BC4A2079809240F37D3E10F9637607C3983F0458508A98B8B4EFC92AC13530180CF55359500080061DF59B98BB3FEACE
311
E881DC8127F182A885A86FB12B43C590A4380504E32305E3148BBEEB2D2782029765428092545BA5C2C681FC5F8E869C0EE1034A822FF09A12C94084505AA868080303473F8161F7AA0A6610745E280BE4427FB770106F8800EADABA19F453210435BDB2348471B13B65F2FCB554827632C4C44467333E4127095D22092ED4
311
92009930413251B5408345065065E415266E20279A40B3F520370BE2050C8360E6BB4601C1673B9BFE007EF5200B6483CD195400A783E6DEA0653515B0FCE8E86D1618FC1EFC15C2E727F24F2A2DAB57326D8D0877D4E298894E7A0C3C7D9CE8A0E2D17AA2020FA1097D6372F2A9F955060FDD467AD0426368C24A8340FD0D
311
6687A76316DEF5179ED9042005A2BF02A5DD810A4DEFA4A8F700EFC50FF4FB8C06410F0303C106ADF8852ACC6A2CA9046E9ED070739339857222CC009E206479886EA26227BF7A341A15C351A8404A6C10080A2140FA4B4E8D9B9A11645899332363FD69887F436A660566964250FD752E787B64BCF8E6C8190DF8EA0C854C
311
062D8A5A1346F810414313E606ECA0AC3A01D6928544029D5F42E202C0CB386F880F7842A31287061F32F3CBE09F2950783394F2F2B23D85386C6F51943E99DD10C8A0000BA9569A14805693274BD0E4F4DC3F28E331EEA91C4F33ABE057889BFB92819187840A08E57A276A8BFCB75B0342668C70C565C8059996D209C280
311
0941A21FB82B2F520BC2E6FE6F1A8827043DE17000DACC8193E78BBB8DF1467978C06F6AFE986123E3A95272CAC122046F4C65C4B88FED2F1CD1D918F7CDBF8903BF1A90057D42F4DC133AF804ACBB58446A0DB78806FC053FA1E45D0AF1112613CC0DD976C5E70AD3282F42725C0D02AC8588DE451B1C01ABF063E7748A38
311
82F0DD484BB78D037F9812240EB88B6034C0AD53E5116D4C6D920C6A89F084E6D0598AD7EB6930CC7B293E27A666E5CDFE9A3FA52FEB3C97976FDAAE9A60008FCA6B33099CF9880D35D419FC687D424378E3099441E110C5B3C6DC311E6653514A67A530D863326C4D8430E0C28024803B5B069B0E60C10EDB6DF087034171
311
DF01F1F3404B27B1056D8C0E56E7CA6056E7798147BE4C2F01CED5987E413AC6A724876DE3F599E0601CE7B9CEF3BEB3671E12DCE8AF9631B8031D3F360B6955DC2342B2A0E4632A00264C0DA002220CFEC3E10D9BADC8904D88DC51928593AA16C91DF6FFF82B3234404C7214D0F8608E0052283EFB2B0563F1D072936C40
311
17706010BCF1B16CDE0C1FA9C777E44E1F5259B0C9BBC8794A82A6C182A3AF56B16921405351FDDC91B5BAAA617860E8D76C97C377FE701A4EB4378FA97C2C8E3CC8950886C6FD93AF70A1F5F676B7ED16CBC56AF5D09110EEB8607CC08A795882358280DDB98AFFE7087C6EB593D62F041CDB4018935238E73F1098100D0C
311
8769818F777057F64C703C6530E142FDF5C837AE1CF66C94C4887D3A3726AB990DEA248F73B5D32C8E04F6714B1E67C53FC52040252E605B322407CBF8C7F05453462A295ABF4D95592DDD76AC23512E9A2DF964715C80DD752CA8E263AC36F02C3C28A133EB22AC8D099BDEFDE28C3E8FFEE3815D5D00C17C00511058354D
311
62443C1A546280E43572A9C661A34FA5891F8E7570608C8DF21DF51DF9D2A84D4501F41B8CD4F4C9DEB2F901E810C0E4CEB6EC08DFB06341C864CF8D0EEE779A606545E1E64AAF30A4324C20FDD3BD558BD966BA994FA915CD162B1978642AD01694E533EC190368A68234657085B5F88E27A0805E04B8BB6A00A51646EE3C
311
10A50FF007FF410F1963CA69BE2002F0F902E701AEC995FD41F83A3F0C3809A3288A083003A6CC2A20E6D703EE48E3777AC07ADD51EB6101603A9FCF17B3D5928F6D742EE7E4CF38AE2B03C5FB39C81D7B2978FAFE85AF3D2710B0582C970F0FEB0E4D1103B8BE2B4D560CA10002FC8F334C891C07B44FE06B2E3ACE5E1E2D
311
1FC32203110ABF9CA0E8381F68EC3C06701328E5A38278A5FCD944CEA5283DA933DF2A2448BD23F1C5D8BE04CC2DC3B43B3EEC29F8B5FF926D11D3E97EBF7FA1BD1E5E5F5FE6D3D972F548547783146ECD84873F377C5820F7F9FCE5E07378D6CBCB7E036DF7F7104079A05B77C6942D1BA95D47424BFC3DB6411009A42E20
311
7871B7EE9B06614BBD20F22F7523FB985F3F7068E37600273A3ED0C1CCC380F6EC4AF01CC1CF95E4848B7BF950AD14C44F10460221E02D21D01DAE800F323704C00035DFE97CB37F797D3D1C0E4FBF35EE1E5E9E0E879FBF3DF6F474780A01FB3DAF01FE0C0798218007C2090A3008BA7682A338F4A8804A06CBFE6A80CEC7
311
66F49853F15B2F45FCEA3F8250012841315016E75E797EFEEC4ACA6C79F515CF1738F7C36E2406071051043817C9E8C5888D49D0332E800062FF54FA562BF7446CC0BFDFBF8603D1FEFCC9F7FFB5A7F000430755C2D3F72F2D02A022820897ABDD44594475BDCCA4A10AF34C06B08B4AB58BBFAE30999DC66C7CE903A83CF8
311
EB006EEEAA063430F84B05F0ECF644825F5E95073870E72A0771AB89B080022A0C5A9FAF34C89286257FB7BEA000EC65B59750C68E0815B0D9834B15606328F80709DE09018AC2A7817F83F96DB3D562C10A0A31300230CD4200B87F85808BAF64D04600254047F9C14DE93464009E7F5AABB4FDD6D55142A2C0BF1541FCE1
311
9C20C899BF4F76AB54B84CB97F88F48ECC029FD253F0C70DF4816B9AC94BCBD653B1A283C4001A0337955E4AFED3FB790B6B1F5EA0B5514074103A38D84280EE0F5F9BE974EAB2D16AB1EA969684B6E4166CA28264B300474C7308D20013B204A65F82970718D05678B3315D442E1C0A327E2F56556040C005D2FAB1326A68
311
A07507C9E46A3648555A7080F5F50219A00E6222E3E0862CE95B5680930530742F1D041805E69B788161F015944D041182B861A2C17F3AF01CF5BFDF6C343F9171F5B004BF59C016719164B888EA206A02AD05E8464D06B48E4381A0E9345FD171625AC22198F57C003BEA5510F81FF78D31C9B033D0030000000049454E44
311
AE426082504B03041400060808005257925AD3C0D80E98720000B07200007800000045414136423143432D464633342D343432342D424642442D4335393736393132384645442F5265736F75726365732F37434434433842452D394636442D343537412D424435392D3246333032443541464339305F506F7374323031352F
311
7468756D626E61696C2F302F507269736D4F70617175655F706E67355D655854DFD79D82197AE886A1916E901C3AA4413A8646A445407286465250416930904614901CBAA51B69A4533ADFDFFFC3FBE99CE7B95FEEDDF7DEBDCF5E67AD75E2F575D589F0E9F001000091A6868A210000FC6F0A04C0C0FF0DCFCBCC8CFF1B20
311
2E8A3A8A0040750AC1AD1DCEFFAEBE3054570254FC66D8FE6F5EAEAF6DAC8AC160FEFDFB373B3BBBB1B1313F3FBFB2B2727878181919191D1DFDE7CF9FA5A5A5D8D8D8E9E9E9E3E3E3F1F1F1D1D1D1B5B5B5FDFDFDDDDDDDCDCDCDEDEDEDA1A1213737B7C9C9C9E1E1615757D7B3B3B38181819E9E9EBEBE3E6F6F6F4F4F4F
311
3F3FBF8E8E8EAEAEAE9090107777F7B6B6B6D6D6D6B0B0306767675F5FDF8B8B8BC6C6C6E6E6E6C0C0C0A0A0207F7FFFBABABAF8F8F85FBF7EFDFCF9B3A6A6C6D1D1B1B2B2B2BABABABCBCBCB4B4F4EBD7AFDFBE7D4B4848F8FCF9734A4A8ABDBD7D4646868D8DCD870F1F5028545E5E5E7A7ABA9595958585455151919999
311
D9CACA52565656415141525292B6B6B6B1B1F1ECFCECF4ECB48686C6BB77EFDEBC79333A3E9A93932322223230D0F767E9BF279EE7E1E1E9EAE91A9F1CEFE9EB696CFC555050606262626868383B3BADA4A4844422DB3ADAD636D6F60FF7757575EB7ED5494B4B37B736B3B3B34B48480809094D4E8EAFADADFCFB773C3D3D
311
393F3F2B2B2BABAFAFFF5FC0B677B7555454FAFA7AFE0BC0D2D29FCDCD8DC3C3FDD1D1E1EDEDCDFFE21A191DD9DCDCB8B1B1C6C4C4141D1B3D3CFC5F5C07BABA3ACECEFE612231919198E3E3C38B8BB3DADE261D000001D05451340E04EE3527BDB0EC79B7FC048346A6C2916FA28050B41312978F0495C5CE1D165758D86B
311
58A851CA4E3E1FF49D37ECDCD139275EF22765CFEC070BAE0F9ADD46CF5D8CBC1EFE5EDCE41C10445C1FCD3C6A9D95B47C467641405D771392271FDA70383666DB6F2BE4FD1AB3B3BD629B7C1F8169452D3FA3B90C523A393B08B3087DB8A9B853F70CEE9E7B002242D64E1FE6A4AEE6142EBBB36E87E48F1EC4025BCCF742
311
92BEDEE1BCB1059B87FF3AD32434362DE17D4EC2B4F0EBD5EED4D08D977CBDCF5D9BEECBEDACF592DB32AF93377A4AC72ED6DF6C5A7D821F500BCFC57737FA4F4EA6FE9E9C5CFB7EFE6EE1A943C2BC68657955C374CDBCA63EF9AECE9359A7F173FFDFEEAB7F9B8256F5DE9ED5DE613E0EBFA66899E59B8E1FD81A421D74CC
311
7FBD1271AB240802DD5AEAF122D6DBAFFE597E1EDDAF6BA97E9D37C4F040FC74BDBF5492E94082879E1A7C8A837D78ED201F7E667AAB7E9CE87BD0AEF63938F01FADCEC3C5F30B51BA2371C1CA0529DAA969C15C921892CB19487E3BE303CE2D2D81CFF8AF7FBBE51D320FF7D8B00E7193E983E4FEACAABB5F2F96561528F3
311
89DB378DFC7D546DE094AB9D87AD67E509EFFAB21EAADFAD46EE77FB925D034C08218E3EDD3EB8B77E19958E7C21BB969B19C124AD781421E4C3971FB35B8DAD1BC5BF7945F70F1C51C9ACC845C69DAAA6DAEC70C5F7267A7B96867F3F7FB91B367797F2CFDF5786A9B55F90B9F5F4F22A3D40F667C3EEB4F42EFD66C7EFD0
311
D2E5D0094B4C5457A8109A9A8C2B2E0E854141C36A46A5AE9614DBBE62CE9E563E0D385FB9733FA4C2C85F28807D29DA0BB5E29E2BE511AF472412BC61C1FF5897FBA9C3D46330EFD59269D7D538DD39AAF547F4D00D2512DF0D9E9B6321F4D6AEA5014B82E70FBCD01883CA4790CBCAD73DFE75EC023A19BA77275DE85AEB
311
B230D1FD98D5B72E281D8449884A7DF120DA02A7B749A5A7F236A8521452B4C711CCA9640E7DFA9122E9552146CF8AFB20E4EFFDEE83FDB7A031DBD6CC9C05A3206822D00B64C1E0D8FB2F1A2269398B4D4A5C56BCBF297D41DF9135ECBE25F9AF6B1A74412BB9F46142226D183C38CC8784DE7E95A4E0639951D594824539
311
B25B15EF1D8688A6866D7C9505F7BBDCDFB7D9E01D514B3FDEF65E01497DE8202A2EA024CB7D1B79F91D8B8CC811A5696B3FB7BF18AAD1910E3E3FF50FB5EE7B756D4455215F33B643DA1E7E6FDA2A1D2D99AC2B8927BF92C3C6020CAFB8D4B4A2B6F08C3F698DA27FA40F97AAD76FB919DCA1FE784949D2BA5AD4B2EAF124
311
80F3E2E8D248D0142D709931C3D271413363C50FD8DC3AD5BFA49607FDE6F2CAB8B86FA58E548DA34E216892DF9F1B9B2B6FF9A2575C14176F75128DD5C050B4E0337C3E5C15BA13F20083812F8181AB00FD9AD19B7FC24713EFA951775937827767FD6564D677117B183C345EE002549282FBF19F9BA47AEE8AB8D4CB2428
311
0E2ED5394FC47947784DF9C381E4C2B66AECF417021DECBF52A9F835425BD0793BCEA00AD01BCDCC7565CA4020A38AD1B410898F7285457B57F85F0CBB44D4145F1916E6369F0DFC3649DE3E43DCB74AE3F02AD2207394FE4E2F50BD6ED78174FF75D9EEB98AC5447CE2C50463A8EF33BE0ECC2FD5BB092EDFBCD027DB630E
311
918DA5148A2817FD3C0C7E8E26EE658AE7FF3D2E20945A9506670F3FFAF4983882F2D34353F6FC47D5C8BCD1B9AE015B52A3048547DEC77B77B38DA6DD550AFA8E71A2789F5D18709BF076007944753D5C3950F9BF979A667836F83E64446D20022BECD554D8993B6FEE9F3997F07F7CEB97EB95B7A73B4398DC702401363E
311
1BF8CB8556850577FDD2A1E35B9E284781A24ACE936178C107027BEA0A8C126908804476F4B672F1AFCBF23AAF026AE562322BCF936357900C1FD269C019CA79D995F0E057CD1D111E744B231AF73EAA07A982019F220DE335897FE7CCCF053B67AF0F031D815FAE564C5FFDBE8B51CCEBDCFFF6A738B08242361CDF0D2D1B
311
7B4378EB326BF75B52933ABB24F2311B843C7B7E4E6E006CFBF9D78B991360EBAB55171781ECC7AF6EA7B3973C3685893F3EDA60B7FE1272F4CBDBF348CF871CEA439641C0D729DFA7B19A01277E93A99FE5A87820A8829868EFDEFB207BF4F64BD8F6672329BD949653E8F6C08E0144DE7D33DB8B9C9822A0FF55BEDE11F8
311
5AC113EF1A44B6FA96E05731CD6DDF23622A7DB4525F7BEA4B609A7709B4C5A49400DB72AA6E7BED1413F62D48655A72A0548ADB9544848C5B29A720FBB056A2968CF5AFA9D4F239B643012FFC3D9DF09B7A2DF9CC0E417AFD34CE05D94B7C227E40986FEB09FB83C2AB71D14AE30C5DD0FD44D372F823CE0B7C79D55E2AEC
311
02C857DED232EB55382E292BEF9D36319C8882B99B5C9CA781E6FAFDAF28D96C99BA7BC576EC7467C774536872644D6BE3C3F367141C046DA0CB1758F2992CE0E5DFBF8792198A488ACAF5EF7D7F2C2D317CE62C1F1296A3A230F052AC225021382792805A4B72B3FC6607EAB212387778BF2FF3FEFD419D64DA1DD85D9372
311
2FE8FEB6FBEAF1EC67711CEF0C9CC7C4EFC785E7EBA9A645E9FE4A11BC42B2AF56C71390E52AD372DA018284BC0F16AEFE9AEE5085D4FC8262BECBCC28D022E938FA8391F3CA3BD13998F0362B979EB057A139B26829E79E78DB17AA1466489238EE54B894BE20842C44E425840A205DAA3C89FD656BBDA0F305E17AFE14E6
311
B23B3C335C795D34F8883643320BF800DA63B9D6679EC1293734AF4C3DC73EF04077EF0D168E80408A15BDAD47DEA981CE60D9383547D66711CB117C1E1FA8DF4677822D6F7E39E195F5B4BDBA6DAA7F7C6E7BBDF1418659E15569C203751A0941D4792BF7EEC021B2DE22B8CE8A77FAC9E7A06663C1774F9C127ACDA0B4CC
311
4B6BC9FD2534C5C69D2A42A0ACC4682E885252A619E212E991995868B16CB9D450753FC5AA98876FD472E978B1F22D401094E56956CFCF589174FCA0479B17D356439FBA689CE17BE7B57BE65C34BE2596C5F84037A4067647C74E5A783C5581D852C08A21D4BDE205B4C60CB04E2B9A751091F232E09A3ACD5B716B124CAD
311
15F057A72277E3E0EA250955BE54F3FD44C2D5AE4BB8E91FA74E192D37EA129255C14A93C55775C65E921FCB4DBE2EED5F5C37DB555E3CAB9C3EF405CA8ACD9DF97E3351E6EE545C6689020B5C4E77E215F019C3127610EB2845EAB82825123484C2CE565CBFAAAD26CB1A7DB711207BBEDFBEBDBD1286834DBF2620C4DE0C
311
EC96962297B6FC1AEEC2C285E852A0E3DB7E22CE0AF7DE6200FA9406D602EBCA0C3BB00F76739187E18D1606F818F80C26A0CFE5C9F13235246210C79C718BFC199E80FBA72D2430FF66BCFB77A58055837CEBE5840C754BE8CECA9D08AE1035B180A7BB40A5A9DB867FCDECCE05EEDAB65F407070406DB35CCDDE816EEDD7
311
F4513F691AA29B3F02DCAE45546E3F7DBD95F2594E39402CC43F88B7F52820A0F6B212FBD75ACC2F087A8BBFF1A9E15103E43CC2DA98BF9A322904ED0C33B53EFACDFC230D0C8F88DFF3F2A8582A7D3737E459076DE39A0FAE99BDBF073A85077B85D7F6B43992C8EEE9728D1B78CD78BD94F6305EE3E1362B7F1A414B46CD
311
2E431A039401511D65FD8D111E54E406BFD413C1513D04B06CC9C77D9123EE5CDBD4C3FEF35A3CEA144CFDF9061FB9C13CB1646163C33F3D3FA4EB253493B377C0C8C4C0C0087BB817C8CCC461733F6C239A9F671E4245FB544EBB89D37BBCB427B283BDD27FC4837784348B66C7D5A4A5981B6976CD7C0EAECE175E7F689F
311
6A33B2D8F9CCC512324621BBF6D545204FFE6B835EC3B415A0B61615F64D812125E0C2FFE2828484E482F8FCDC393DA556E1E35EB27AEA3D2AB8B62E495F9BB3B131DF5E5A8D42FA61C1D581CE203E5A89DB2A6603ABE40A0A445D5D10DC1B78039FAA9F35A066190A7104CA16ADDC2B87F83F86F4DF5ABD3A595D1D1E3B16
311
6DEA5EFD5A4773F724FADCDDC3C4E4C9BE2EC911E60415EEC5BC5577E16F77BE3FBA78DFD74172B014B4DB661970B0F0EBE5495E32716D00C997F942A70965368923B2536A47D07D07DF96587491580F1AD6AB0D87653E07D1B140A318ACA402AA33E860F5DBF9AE870C58D18CBC4BFFB0F9DB65DABABD2868E62C73A36D69
311
8045F3E8C1F9FD2253A7C282FAD44AF4F179DF5D9DC6BD9C9189BFE74248A02C86F4CB4C8C4DEBB8B66FFE53242D9F6BA4D6860385526F9B6F66E7AFA77CDEFA428A69A0CEE5F6134DE3F7DBD6484BB9CF0F1F6ABD4FCC76991EA4F30417286327B77D57C3FB5A6F6B2CBECDEE10C9FFD7A62D29484B4B2D2C66A16EBEA8D7
311
31CB9A5DDA19BF1B2E9DA4AF4B2691A7EB60C58FD0466BEA333ACBA792FAE57420E2408DFAAC7615F813A0B79DD1270052C7CBE590BB72231AAAE7D4533DBFF5BC4EB79EB40ED6515D18573AE1E4AFD5593D9ACE6A1EF58B688F048E9C1A7D0BBF69530AED22A12E65F73AF50E966D67E7865A40FC14C9A28E4840FFFD39B9
311
FE94F80CFA2F400A3FEC44A0FE8402EEDAE4622CED53374E36760D93C1BA9681413F66E602F51BB044329F3F010473A78F79A72D9B8FD58FE427626FE7D3DB5C0FCF2D4A6EAA5DB2E5CA2BDC2F1A8B8E5123BBB5D2F56ADF1A116CAE84DEF0EFAAB01EFDA734AF01148EF270F007BC4F2D84005C9E476F4AD06BC7A19C2F1B
311
6EDDFB323B826AFBB28F0776E28EC37F0AB590F4B78ED325D692289D9200C217E8D3DA0C266E7E2C6D3E9F84F6E85C43FF003FE6CFBBEDD046EBF0B5D2BF465CC56B60CA521B134A223E11B5D3F443CCA9A124BD202970C459E0DDD77CF97B9D9878DB4F5EBAB4178F02BE7C09AFE2019B5DFDF5253A49E1AC696E2E2ABABB
311
9B3D2893DCAA8D911C0FFD57AE671162C160EA7530A660787D13D9269400B4566BEE702749D3D4C0157EA2E8ADD8067E1491998912C0A19E3AA4A6A43EFBDB60F4B32BE3E01F7542464BFBB1AEFAD155CFF53BE1B0A23FB36DA3E29DCCE12E0B3B0116B10861B9EB273CC58B8C75FCE20D6A43F780E991DF85DAF01DFD61A4
311
9A3EBE7EEC69C60B2F8343A14C842A1DC1D37C6163C2192B8610CD9F296DA662A74BFAA92E614F73CA4B43F6AF50770D45DB7BA887CB4B54F002BD9EDD86C9B30BCCB2C2685C0D750997DCD692E7C4FCE10AECDD5C0730A74B377206C8F8F713F1D3E86FE928A1AE2DD268146B3F621DF968841B0BFC11CB7A1AA4BC7B313C
311
A5FAEF5FF40C7F9839439E562FAD595E902F393537BCAAC94219CD5513B9D67157D4417BE0B1E4A9CB65BE6AF5CCA0C321C5E27181E848857A4FBD4DC90A3EB17AF37B39A70FF99D8FCF1183AC7488D94EA3741801FC11F75BBBF76052784EE40B6A81F33DEAAF70F3920C13E34DEADCD14F3D1697838D25E048E44EEB9948
311
C5A163CC7C63785373B30CDDCAA458D690CF79C86B2ED996BAC277A189E1A5061160AD4B795868F3029D3D0939EE72FC164B949C867BAA34AC0D77B701F2FE97381A2F3F5EB75ADB7BA5FDE4838D9D277234F9B116154B6E42FB6AD757E6A5A7E031DEE88779EB4EE6FDF0902A057AD4A034637DC3BFB6D98F63466409944B
311
658C75FA3739BABF7E58944C032406C37FA9421F4DA095509A6E083380259C2F5546D3172D9B0F5BCF2F5082D3A0C60CBC384AEC6B7AA1DE8AA320C7B0B04B63A9BC138F862892B241EB058B9E1BC6BDC2DB94149280AFE3C273AD37FECDE33414C7DBE3EAD94C9F1BFC2B30659C64E8B9520C3002760A9C1AD8704EB9A4E5
311
CECFA776CBE7FCA624135FD291320AA1EBDC62133C01F0E9FB0D9111B8C2982ACF075F6557F984FF4DE0D265EE48A13B5ABD0A87DCABB948755F1F321E90F8DC5984EFE57748EF4FF539A40CB4EA9946929AE8C6F0473844A9A07F5A573C710B026AE7964A8E124A45074166B9B8EBF385A0DF15DFBEA2AE4681298DAA00EE
311
6816EEE2BBD3BF33255792FF227B50722F8CEE0F14D9B249B697E874CFCF49461FA08717892FC58F9DA4CF0CEC01791FF26E2ED7AAC3B5A9D8B5E63C7FD047E93E0FC2EE8A2F73F18D75B3C0F9BF63CD55E1E7DE9EE491787B2CDCB05904552D00926DABA03B296FF22AFBB778585A448FE7A38FD608B670EB8597F9782AC0
311
8AF7D2CDDB6D6F9C6E6A7C2A9776FCE91F163CA7B262BB72BAC04CF3A6A69E29AD5BF7A2230E407AA4AD40AB256794BBA37BE84FC3E7A78D9D30430423453EC11EE2985AC240157EB7DE09F918B9343CA468181D4F20F03E2F1933F1D1A5CE67252BBAC388C6FFE3476B0AD437519A61EFFB8B8BAD119590847BC245F7D2AD
311
04B9B34DABB2C58FC57C32432D207DFB39D7A4AA4C013D2208C01A9C02AB944A628F12EEA581F1C3598AF820412A042570EB380A04D4A2E3DF266F0087F7D8CB171FC17DE4FD87DFF873226F67EA624F411D0089EBF1FD8EE7B1EAD0C6F946DCC78D5562F2DA2F1EAA9965FDF16F8D58BF84862EFB13F08F44DD019945764F
311
A697315A8C5045556E6A343A0ABCC52C716CA3A174C0F61AE0033F4746E607697D04C8732B2744810B5E35B16C5B58C9FD196C0B9B6A036B03988E4E64CEA602E96FC27F28CC32125A14B7BE1F79FBA4DC1D9D77359865045BD8F3A315FAC606E904A0C37F5A5964F431B22F57E2E2EA4746694E44D96B3060228243D2787A
311
692EAD6BA1D72A7840BC7B14E6DFFE38260D07ED6E2196E261F876DB7DE57D7447CDD2533D1E4B1E00C3721B7B90C2CCC32365409267D6E311A9F3488A77D6814A3EBDE9C5076D4C99F6D84FA358220117A50C2D6439A86A53FDDB64A7330C6381086417C249C32A2A01DB58CFD012C26F91E778F8CF69DAE6047C1E081517
311
9DCC7B592242AAABE6558DFE6C569E7C968ACC62F253FDF797E798A4BD856BABB5F9D8254F494FBDF568BBBF3438A1B5B7E76B4AA9BC14D2222887AA48ED2850F9882E3042D15E2815CDD61287E9D4919F8C5A21829097DD4BA47038596F01DCC9228D3835A652F5B7BBAC95ED68DFD720666BB92A5512086EAEDED257AC40
311
5681EFE6B901F6B6EA108538574078E4682AF15D66F75060E7B8E4E4CE1C29E3432E21D317E2D5DA68EBEDF7477ED76E845C6B64930D435F18A3D9C1228AC578FA58DBE42C35AE5F470435222AC4C6E05FD98D553FF953557107B357461381B7E6FA7998141CD4948514867EA0747FCA35E0E128EAE0E1EDBD2D78BAEBEFD4
311
FCCF31A114F1E332D19427D975DFD5C3A151C2D233DCAD5F63127EB7FA13DF71396DFFC3E09D2A12651552115A6F856A42FA85F054D369EBC0ADDC71FA6F228E1ACB60BFF31EB81CD1B976D161769E9A73398FF1669A56B41DA811617B47FE44C09992B774CD7D8BC7F7A3C78BE707F94B9D3ECFB0431FCBC7F6FA36F3E41D
311
F6E7AA3A90CFA0D6054545CCFA153F0754D961BDE9B09163DBCF79942663DC1FDEA3755CDB51FF7D8AAF01CB9BD5ACE58AAE918E0455D17FCBB3BDD4A765DB32FB72B799754225D609962862791BB3E8CDD0936A01BEDE817E493EC9783919BF83858FF6CD5CBE1DFF7D54FF559DB64D46BDD9A48EAB1EF987BB40E434E22C
311
E88A035AFAB397ADB8B98875C1CA398A94EF191E18FCCBE56D19F0888B3DF0F979523A1C8B5B0F9E538AD91714090CF1490D52C65BF891F4859F212817A3DD184246FD58F7E1C913493A37ACD63719C7F5CD399615056964BDD8E9B3F9BC545C03812456B220FCEBD5D1A4BB378B827FF2BE0CDA76F702258BB6841AB7B865
311
944E05E2B05C33AC0E852068144BD403188A01C9101D728B6828CE0CD168687BDABDFEE0FC42634EE4233A79F4E4CFC26BD562327D1B8C7417754279D2DAEDDDAD74C15152D2D9097350633D16AAD2FA05DC2870CBF200FF6E42FF396F305C58A1D8A472F8E85DEA5D7232733B51FBC7B3EE79A741E81D6B2EC6F9132F91A1
311
3E1EB70A99E677C25EF00AF1F1C008C4A50B1188248C22643742B31A53AED246C4CCE960B39569F9F990029D0F7A5F6B2338A9977E5B3243CD7EB3CCD2657503AA00B1C1C18DC9FBE2AECD027249BC933BD3275EB9219D397FE4BF345B8F6D679CCD8BA71A1CFAB7B88A0FE56DF95F2F93A98C50AEDB7D9EDB690CB77CF41C
311
5FF927F27624A23BFE769CEA28768A22240AF1320D0CFDF6224A180D54C146FFBB9BC8BEF20F4BC5E4B06DF275EAA1569DFF2C50AF6610FA331702B88A4FFD6B2605C4DB73D7CA2609285194DF3EDE0EEED65079162201205F92729F3C0B9D3175A1C4BBFBAF79C4C14561B1A9A99C38921AA48A66C665E680DB9F58A33DE9
311
2D8A62B12ECC717B6AC4114C82AD34065570C5434D2B3037A353AE516ECFBB5263FDFD032BFA32DE366FD18C41D04ADA6C710CE2AF2E6A0520C4FA45E9D1830855F176CAA782B6BFDD76C7E6C87B3F73997A861D1FDD543CDAC52EEDF8C5B2E3C10D0E93D43B46BD47E8E90C1DB40BE6772E64AC23A34B15C389F7E8A15BDD
311
C42F13D295F3A990562A188EAA544690F80A0E1C2EAB3FC02886C89101446FAD3DFA1CE32C6FE618DBE5E01D455D7F56E31B89D8BA5F19F593602CB8A30C3B95BAADA45A1A12A29EE13BF74AA6DFA89A2F5D58720D59749717897494CA4DD628A07DF9956DCC9533F25B060DCFDE456CC7F0B63558C27F395D1F206B4BC8CE
311
0408FBAFE74AD4EB46B6418E30075805BABA87E65A6F07B80871B1FDF25BB1154E2A3F9EF3842819B9BFF3B14E6A405385EDE4F32A0C3498ED1AA9251E5362651B6DF4FC9D610128C2630C3C5BD1245E36AD91CD3A67A0768297853805C873C63AFF90FB93D5AEBDD6E7480F41A7F6E54FB3E5142F3DDF16768316B4587817
311
005AEEF3193840867819DC1B967F69F0DCD04509EB87824B008A67D6DCCAF49BD50F98543F540781F2FB39E6FC4F436D27B8BADEE9DC23A3F7EEE7090629F2E81C13BE97C46E3FBD72EC1397E26C03EA62E26237EA7E36386CC1030158C23CDD6E47AD410D463ABDDE62520E3643DC4B5C3E0433B78AC148CC35DD6C5C4E3F
311
7896FD56E28952BBE216A8B95D088AAB8966AE7BC9CB8769669D4F6B2392D7A06EBA8694F9942E6DE605564DB58F9608118A64318A824EB3720D92269A7CC11623791EB3E48324BCFE93EFD2632CF0372B16D4062E1A3A80E067EB234DC3DC278BE7AECE2DBD7E641DDBE97D00091AEDEEA23E47299AD3A56E5FD6873E7C1E
311
3C60D39C105E240D6CA104FFB868D3417D54063FA5EAFBDE9838F57B3D173A2EEF3F5474BB7CB7042E4C279AAD81E4F45556CFCF69C12E904009DAA28E63F4C0CFEBC68DD7BF09D8E81743A8F22677835F8A6CF6E614EDCEBB87F523A4477E9FE74B6F8B7C22D041E23C7843B6C9E4D426591EB6A8E5FCC07D8E452B470421
311
EED67CDF72DD918B5361BB8A184C15AE3F8723C67E8F30D6DBE1CF46033C429AC907FD85E2135BFE137CA10A6A6FDF776982FC0C7C8C95EA0CDE422CF8D2F38B8C01EFC21D97523DC7BA77554DA5E4D8725F3818D76812E667EC101626F632CF6579E839A783BD85C2F250228F1CC6DBBCD178CBE1625DECF94C5F8A7C9E2F
311
308BA2669E6F43BF3914044D41AAC719968D7BF15F708ED0391AE5B3AAE0FF1EAFB347D007A34E8CE1AE8B0D4608450DD73EC2BA88341FB15697671EDA80DAA9035268D37FC5E5801CC43650EEAC5F63FCE8A94978ADCDE3DFC3C9CCFFC1E877614EB37BC22179BAA50A99DA9AD9F34C87ACE784EC48475FDC37C1C66D8BE7
311
40DFAE177DFCEC0E110372F2669176D39DF19F2094686F5C3998709CC7A50A3788909501419CC6344261B5505FD7721B1C9DEFCF6B41ED9E47CFED17A2B41BEDAFB1E9638B0CC3BF377CF9B5391E7F8F304013D40649BCE1804A548FA4E26EE8220FD7449EAEE77DCA333D9C9204DA9E7B055CCBCDC83AE97896FEEB015C6C
311
E78BD3B82F855E4E45BE7BF7535C629AD9AA7548887C2445BD592825928918684525C48BCF2A7B8410E865CB3FF016348E567987C57E338AE26F3233BF93FA01E043587B98D389F1C459FD78BC7C9EEBE75DC23A7655FEB40173560166B9894D5FA94FF85A185A320ED9A79F19FEF5581E61E6BA114859617E5FAF04381E5F
311
41FDF702D95EEE01B2620BE9537534F4EC9BC2C3BBCE3F85979698989A2C36857F7F52C1E1D916573D65B83F8DC61F22DFAD2171CF3E417247E0445E56F3A179AA2CFD7C7EDA98BB483F5CFDFBBC3B5AE69A9B1561B12D3527DBA31922B7D4A9579BB18D2B4E8B37C305976714A98ACE5AECFC19DB0CC6297DF777D67BB9BF
311
4C8D5C3BAFB4CEA2D9E37BF7F939D73A5EFBAD1C992AAD16ED792D9EA9D9F7CEEA94FEFAAA17FF5C634A47770963543E3ABE0276CFF796A51ADB59F94502B0A03EAE5E5D9650E53F0567FEE5DF43DEB4ACFCB501966CE916EA4F0C7D7F5FDB3E6EE5AAE1D3DF62F167DBC393B482C99D1EB6C844DC40D419FEB3A581493834
311
F4A4FFC43E2F32EF70724FBA2C5D61729FF8CBFCBC7EB8049BB8B7C8D861D7FEE1995E2F4BCD9762BE9D9AEF13513BFD915937912B3FCEE2165F70069945AE93A0C98F0CEB71CDC94038621CDF80A70869D42FE392B25D2A5BF77A13975A80C137B4B96D8BC984F69D8D82E5C1DB3A58B4BF42270127D45D56CC8A9C1F751F
311
A98817B4B99B7E5A1AF877AC7F85C72290F1CAEB47D07A8A709C3FAA45AC8A443B2DFA365DB2BCA998F8F3F687B7E67D8B3452F53F7B32E9BD79CF9178D05EFC230C0CD5F1CACA1C0B1865172FD040E308088CE345E26CD179C6A4D5BEC2C41807B829317CFD0B5DF86F3D2DECF32BA83102DF9DB0E7A6E7263638DDA72631
311
52498F63EEA985DA45485353833522B9E7A9B97AFBAD70E2127524299E0A741E3ACF3ED606F007C5E4787A75077DF8A63BFF96B8C80967477C6C123AAD06C61D25AF24E0358343DD3BA4BBAB4D551535801F85E047A2136858FE74928088FC58B245A14429C1A3AAEF9D5009D69FABA7A8C5AACFCD1B43294FCA591C586E6E
311
98931AF2E63F40C342DFFAEEBB945A4A17AACB8B2A1A365BB6112C35A983DED04282E76FA0E47EB6D47F252529042B6F0C2CD8DEF47F937C171DB9CA7323A3AEFC8D0F6C66FCB8FDB71D8A355E1505E80158D2FC51DE1A962E1F1C6CAC7FAA165B0625285BFA5D45962B5F2E2E69AE4201E3E67E3557F1EE515FD5E7838936
311
24A8006CD4E83D1ABF8FB3FA3C0B157A25B4D4FAE35490548E0303D995CC4C7D9C78D0D10296F97828D91805081ACF5AE4BF8CFF63F8A7ABDAB68C62AB4CFE2D8EF1197A98262D1FBAF71AD9AED490FFB8EC8E2ACF4C1C6D784DCB9BE1E93E41F3AC3C5AF28778B2B4D14F0C06F23D4E016771ADC654CAF2D90A2E3901E75D
311
8E7E3D46670B70263EA21D2A5C1DFCEACCFF387347C7996CEE859B64ECF86CD42CA851948F2E2CEC816B8FA9E041ADAE9C8D87D3F9C3535F379539355EF7F8F060969DF8A1AEFA6C7430058A178649EE8458801B71848978F956DC1A8DECD7ADF9F51B73FF45196EE0347C6BB728EB8F3C7572B3B15A8133D6DBEC10D691F4
311
4667255E9F4626B94E9B8CAAF5FE91A3F10AFD752B74579BDA69FFFF5C00AAC9495F2DF7E8E322161BE65F357E178B3DAD6C92D9E8D87FB14101CD01D525AE987238FD68E65E45A02F330C47A143E0CFAF76AEFCBA526EFC75B285132B0D4E0322B2CE5DB21A4BCEEC57F711E4BBC6A206851F217FCD53F52A55650ADF0598
311
F641BDA5FCC26B936EC7F438ECBB1C496E0127D2DE17B4A3DF964E336E9D3D5E1FCC5A41C3C83458147215DE83896024840EACA3470845171C139B90BFDC05D1C7EFF837505F63E7325A5515DB95BC157F9DB28177EB8B8206DAA03E46E7502CC01FF501532FAD23A63495047F15547C66321DD8F253DDC37D35D55A9E9BCE
311
580E9BE775F185BD038EFF991E59FEA5F60D877A229D9E5932EFD2715B4872467C8FC754FF90BA339C117E4473A05BB5E5EF0F8B4CBAFEB39DF36E210E3DBC53E45C6B73C447F7FE3F88F40E2D8B72E1B4574101A5A2903B09510005BB4781C8271AB681BBABCEE03A4661F1E8381F560CEF4E7C89FB0B83C61B57732B0DFA
311
D632E2F7194B1E220C3FEAC255CA220AFEE815A658A873CC42CDCB4736F855279CBE05357BE03E12DEBF47DEA5F426FAFBECA96FFD66CA91B70F0B1F94AB59785BF87D825090933F270B1F6CCC2C1D555CF795417F3D9C14BEA067744942E1CD32B1E1B6BF28275ED03242F56DB0DEA3FAADE87F3D2006AB0432B924E083FC
311
5062C8737D3D34FFCCF33E313195F6E85057ADBC3BF80D3E3A16D8ADE9F1AD00C2FB30F7DB3F3411FC7B4BB3467C2E97916950281C5C1F2E46D30F848CC5DEFDD8D1146301E71CE55A2AEDB721A4D5466B3FEF240D170DA87BB0EB5938463CA662F565DAD237E7615D21457D989EAE939078A21C43DF5F7A0A13B0714F6D67
311
26497A2D779DFE52FDEE5B055AAE007110FF4FE66CE9A93EB0F11CAC2607BA3D0561CF1A5FBEF40C648C436EAA5DFA92F4B1B04696FCF97A215AB4A421E8FAFA9F28DDCACD99CF6E1073B2AE697B028FAFDC812B7E4EC142BBD165E964B5783CC40001861038B268F8FC5AC644E03459428A71E621CB5981FB5908D459819E
311
EA892A58FCEF5D5ED963649289C6A9F1AADBCB6D13DAF79C740D7A4ACB88C47C7008C7C9F5B266F9C18EAF530DE9F3D00AF1B356DE33E2B558A9A479D1D5E02DF9FBD8402033D9CE5EC3D69389BCBC5C3781924FB4A32521093D56B3468DEAEC145BE4E4909B58862862637C0A482A795D142B96D89D0544B8B48B9F8F53EB
311
7C8C85549C0DA7487DC20B33EC537F76A1C8E1B77C7ECCC2A8A87E710CD6FA1C60107E396B3FB7E8B246AC604B0B7CC0058D489ED7C8B1854EB508B6E9B2DD43D2828758C66921631A2A25624FD33E92E91C81BEFEB3FE1954CA8F1C3D938C94EA44728E501DBB9C66A61CFDA3B60291E467BD8C76CBC15467055F76500BDA
311
43BF47A932AABD6694FF5252CC8FBEE0A693F2EA603169793CE32430E37ECDF28D60886C1B598AC8EA9652D3CCFBFA3D91ACD3DEF437B9B4557929805156F5C1EE6E6FEE028E6B8C0AA8D7212703E93EAF095A0551113F335E68FB9918BB93A4AB6FFC1FC84E037305878CA662A1D07CD5D3DB299915ED06B0F80B5FDAB7A2
311
D281D5CE73A967475B339B5AA0307A0AFE235441A93E63A5697F1EC952DECA78724F683AB0D840371D1877D9F16C77D791FD6965AB0BA82BA85994619FF137EEA1A807F1F743E282707C3F92D6AD0F1A1FABF93341B493414341453EA8B6F7332A2DCE3254DEDFB91D2323809F2468342632F0B8F3A3BBA3237704E37A3D26
311
35EC767F6839596112A825F5026954914531C5A23B47DC751CC472BF2F123F50A91AC2D26D5D8AEC5250A1DF3A3B03298585155591146FF5AB4443BCC8B9AF13F398F6466F184771DA1FEC7A4B4BA1338CB5B88F5EF05EB77C935FAC7E435C78EEAAEA997FE602D9CBA2009D3EA3AF27D127C7B50FC13D144B50F91E8D40C7
311
78784E4A977B32BFC7A1A529F6C132577D2DD24663C35995E67E17A89B588AFC0C5BBE5FACEFF1E6E6DB1C6959504BE695F07EF99C51AFEADA040F88887D4F21E25B4CE827CA9BBCD556FCE4C265A687C8BD96F3EFD8D7873875FCD56D9C366B6C080221110B610268E0E6FFEEC429518C5BEC7E64C06FF09D9D1B72AD824A
311
5C3E92669B29690BE0214C73178B4F54CDA9D60CE12CFCF6D39B1CCC913D5F75E956BE92B9658C37C374A61DF77A30BA0A585AACF413B511F089C3A6636C59B408E8431B7724D2FD8FB6F90173A2E7FB36EBBE60582725D9ADDC223EF1E32DA780773E1F0517A1A070BDABAA26690C1C19A10412398AC348C1E6A228509F24
311
EB4C64FCFA8F17DB70DDBCEF4C904C7ABA473E4C1EDE963F064347690BD47F17EB1549E658CB7C144E9BAD6825FACAE282C38FAD59C93819A214D1D0663D5C050D2777CF8F3F9A0BC706721DEFA3C2C93A99E4089DEA7E38C6F9DAE48C18296C16723E57F441919BE7869507C59E2B3F0457011EA618C788CB9418CDA385B5
311
E98396A7F3392354FDC76AA768E30ED2DE1BDA7044EFAC52F91450BACA5626E1AF471A3F9DA07ED96DD01256FAC3E6C9F188C798ACCCD0535F53B7E2A7ACEDA34C74B54DB78D73D09E5D57EC534ED24412C23B3DB546D77039805A6090F25FC81B02112118833FD2D5A3AB09A6D0A5759777B8FA1ECAF818918A2097E26485
311
16DF7328383F5AC76A533E4617F2A33D6083E9DD93AADEC7D161296FBAE96BBF141E2C4414B3A36BF1B611169BB3A1B8613284AFA5B9FC7AB56D8FAC41C0447C0D628B68E61F4DBF82CA230990CB897C417F7B45F71EFB54B91C3DEA9029B2CBF8E5C7D96B0F293A2F24FD9656A5B5D3958F63F1E6EF375A0F27B73DAD94D7
311
839F93AFC52023F5B76C587E0A4071BEDD1B0C933BE0B23619F3DDB6B6E1A18E6DE852A9B86D8BD4F9548DD2985EBBE7F743B1FEED51869E9E1B73167D8AD52131BA3D9B331DB42E0A2B709416B3A635B5A7B3FEAA90E33E4FF0855A88CE431D402858DF57AFA02954F69089FE5EE8B72521FFAD5FE5C631F7F15FFA20E599
311
B6FE6B39F457911C0CBC150EA24593084B13DB137072B70132B9D5BEA4CAA60948D70B0CA8C579761B91A3E5E54A04CBC2C81A010B5E63D601A63E1E7D44F2D91E29319DA68E8F2993EEE318C518813F00A28F260077C77E87A8869B7BC76BFA4FCCA448E230252E1857FD244A3A9EB21F972C5BBA2CB7957B9BBDA8BB72AC
311
95A1FA7BEC17F17BBE0E8344827118C1D0B37185044354FBEE1C77435B16A5E9292246390D97E7D87E039CCBF08E9ABD0AE8165D48F94BF8D9E679959A4A0812F5906A5EADAF1047F23A3E4EC8EB7D5C9C2756C413972E7F62EBBB54FBA28030F2BAD535FC1EBADE94CABAE0928CBC702EE140A674A0C72C0A81C9E357879A
311
7BF1844186E54C5A21CAD6F688C17C9A4BD2A35862C8ADC6B4F08DC8369014A98733EBE8D6FE9546E92DE0F772F75FD214176E81DC8FBCB9925C4F2DC50A5C078F7956F2819E0023B66B57C02082104D9D0819A1E3F2C9C779E51FD586CBC71441EC779ABE22F883B919E01CF9F82B1AEFE9F4B78C4DF57D3209CD20AB53B7
311
183963A02D1BCCDCE53F74A28840DE0270540DC67A096AE470FDC989DA6B1DF70641451ED901A4D03F209FF267CBA6E5A7A83F7EE937CA31780632768C0BFBBD9A5EDBDF4DBAD27C10781318EE15233A9C6966DE2DDA98EE8F4CFDD801F7AB335789163B015E19D590C2681EF7CB05AAB0D3FC1B4E1479AB1E8C9692D9B36B
311
1E05ED1216474BAC757991E1CBF66F483884BC4522971132ED429F6ABCECD33F21D9D120270093F56219CBC3548A6014A1BBFB0F3125037096ABA641B537419809EC47DC4D7DC4A5308F4416E3BEB2F189E9D0E9FA95374231B073B073CA690DB5ABCDBE93C209FD1222D53F845570C8FE232F82547B5633EF9E5E4E01E84A
311
7F956721AB506B6029E6422C93F6A845EA6B081A421F6A823F7280AB661C910662E006DE7FF8E1FC46FDD1884B4EEEED11A945D5F195C23CF3CCDC88CB265180BCD84703066FBA4E38748AD68DC7E2C793314E6FE1FA584AF7F72141CBA6E69D703AD2B7C038F01B150D5CCCC0A790186A9AA25BDDB82E829D110EB622F6F7
311
0A49AFF70913BC9EEB58BAF16BD8DDD911E2283C2BB624F42E7053C6C3020BD6A36D1B3799B18D6ED4D1A1F6A040006395158B3890160D7EC2BEE6E561BCA8BDAE17A7837D1DE58AF793128AC7689323AC4A375F5B77312AC1E21331988782BD0324011890A521DEC5C8937B6FE0166E480C1183F651B806893A0805A01BC1
311
051A98B62B4A13B283BDE6BE763FF62BA2617FEA64E4A5D40C09FF0E267E330AA144B206D55CF96F61B051EF81AC7657539203659B6771B4FC6AB86710139F18F0B641E8682E61EDF4EDD8C38FCD76C14CB6A5EB2E81E7A0242E76A9B49DE8613B7C6603E1A8FC1012193411826CD199231EEF952D1F8B782D79DC452C91BF
311
16E5EBB895B7DD65C8C6616A02BC1DD72E2DF4EECAB3A2B1FDDA1D13F327CA27E0A3AC54341915787054C38A043CB21F3BB4FE831B0550C7E11DF10CD30D88239CA85B615D5DCF5C2DC6F96F595E1D0130E77AFC9162F9EBF3CEA8BE39A7244022BD7395AA18846599F9B60427098F2557081B7445DE007490C27675703ACA
311
25EB447A90AAB443D248EE6C7280182B43F12BE30F4F3A630EDACE16296DFFCA4C2DF2E185C6214F7057143E595D6DDA6EDDA5BED061B2278B1E89342BC67FF6CD0F9AFDB54BE3B1830454961E6FBD4FDECA400F197B30F036FE6F579D7BF7A0F327D1DE138D1A6110F647B8F0D14090652C833920EC5FEF3654A221AAB5EF
311
D6107C1F83E476402A4BA127A6470067E73613944883686F4BC7F096DE530D53C35D938A48EA030B166EAA235E9CA08E5E267F1B8E7CE6FC85C8556C84CC674CA92FA08D6F3CAD1AE4B7166EFCE207A18C54860AB3EEE8DC5844E7D9F680DFC1CF777891B7E7DE2E6618942045652D5CD2CCC3CAB2876A8EA413B7EA63FBCC
311
27C96045F688D4DBBD55C47A483B608C570539FB7AAE534D2C3F3F4C2CE6F07761FBBCA9272B68976F4C636EDA57041487DC0A92426E43BB5E03A2E73AE31A4849CD04ECC23506A688C98C112A62D6E3755FD897BF09E6F4DEABCEAF661A95D894E82A628B487397DB0EE2D48515B35B007A0E569D6D166AB097DFCD753E0F
311
99D1BC42AF6D6712697A46618E40BD5C46207DE046DA6CE7F1E0C82B863C55B487C1CD3858B7DC7EF7CEBBC7C366E419082505B20728236E7FB1A522872DFDBD2152FA7815D3F47C7A636E99B18BB501F5B3D2E0C08AB66B88029D46CEF12165B2FF73614DD4616A1C62BC45D39FF85B7A2169609B1806BD54F0480560877E
311
542D54C82C870DEF2419C12092E677F7859BD1C6A1136F0B283CDBF85C594DD20AA6C4FF464DC9767EB5BCB776558C42B00048F529159F6D550210BBCFA630B24712B2E8DD1A9BD81BF399C841931045074761E9B432BEA7CEC6F33C05C9D69E701903C39C72A5F9DC27AB8CA9CC7353A5C916C7B17025B1020694B446161F
311
AA10B136ACEDBF77F7E6A58174193EF0E25BA6A269B38994524467FAA36831016FB925571C8F0FD8E0B5FE31F90135A1B168627D3C14B49D9CECDBC7307180A3C9C45BC07F8CB4232201FC040AB1562401EAF5138F1FCB9C7D4ADF1C676AE808658D3E9C715C7F6D289D044BE58B5FC7E18C752B77CF2EB39FAC3FC9B930BB
311
014888E1B7264352052703C5728987FE039EE0107BD5370A850FD94F016F5267825E65EEFA65F0F0D039A47F52E209C9105EFD3DCC329200FAA328A3E2AF3A89F97CA1046D074A595205005B35BE36AA254A37B0FC1E76CD58627951B92E54C1A11CDC50A789779978A5F255197EF4F81B31B431B882B470A38B1C7DBDA514
311
490C29A1897AA98877C234E4CF098D92821B811A024147B9AC78F3A8FA20C9C2D783CFBF11E11D456CDC855573036F4D5D80ADB9680B840A92171EAAA85106E8BDFF16428C7FA90E4DFD4434B418E315DFCB43E6077BE2B5811FF12BF03A4D4032D5A5A1477144DDF1A84B38DDAEC1B1367D4926E623BF48945F2CEAD917BF
311
89E779A95CFD34ECB07C2E317140047914FE96E81338F9CCB664175DB59FECF8EF21E33748BCA908D80E5471C74F3CFFF71810FF320B859D8840A1ED32A3009779AD47116F1E52FDF4D17D4F0CB1748C5BE8A7AD3DF4CE9AA60C4036F69FF4C63FFC2DDED029FC864850D8213AA670B4DE276BE0BA91C259FAB20AECA6C246
311
47B99F3BE1BDB623D826EA7EED06B105660BC0CFF30C106939F110F5E7643D5881FD58D9897EA5037CEFF2D769593F7A6FAC74800539F26D72EC0838F282004A2183D280633E291A208193C7952213AC64B072E3EC321D5B8DF0A624DAFCE04BE79247A6342F7B38A558AB104C9FC2DC4BEA2681EBD2BADEDED6C7AFC37D86
311
3F091092562CBB11ADD155C3AD1E98D8ECD86544A90AA7B67FD2E40430BD652C1EF37AFE79ADF8DB48C8367BA4A7A079208136852D1D85CDAB1A45461E60735B2AE007AA4F9672AB9418B27EE47FDAB8B6FCC29A44257FE293283A4E05C9791DE98F5B985BCC2201E72040A35CEAC7599696D82173B4DA0178FF88E4559B4F
311
D433EA1942051A20AEC0054412E0B19D406ADCAD2865C5AE483B51B55376A1815761ADC9738754661BD7122B436F7C055F0AD73E0B91AAE56673BC459E2EC3DB3EE24FC5FADC8A85400B201F3AEAD0BF153965DE2F250524C4023F953C23BBCDBD97022E0CCDE994D4FC7D759C4D00AC9EF74B6DE5942B880CDBD5D17C997D
311
9AC9EDF551C870B2AC95E889C35CA2CC0AEE07F289AEF38E3BC7B63418568DBAF3FCB1113C69A89CEF400938817CC5405DA5963EA696065D5FE8A624AEFC10F8D10CA09CF90E15D84E0344889D33AB126B5821955F46F53A2DBFA7EADB0EB56E9B0CFF73BB5F2E7A5419DDF6F951F425973644C637FE7A69876CCF25476810
311
7BA9CC00C4A55D7F6CA58F8EA87829C61B866AFE734731B776DF01C01C12E30B59010ED749DE8DBEE265B11C79F4011E0F1EE360212EFE33F8C189F9A6F9679725DE7B4D850CF02944117900B383ECBFC43D7E1A500858A22635EB7A3629EAECFEE9899BFA151383B7C28EC6A49313CD53FC17EFD1521AD9C8BF9E1994A2C1
311
2A8F3F4CDBDF37C83B379ED9DC9000BA8EB87FE3E207FD9AF21462EB37F90480EB0466293E6A52C3DF1D72FBD15BD5C2D1F27997E17708CB1AAB68B34E3CBDDCF28879A92F3213B8A27E33C6384D3A258473A31C349B4CD549D5B8E9A8D6129E8502ECC0723E199A55C8FD384915E7D1D98FE30710B412F6DB46F136FF3064
311
6C1D401F663A15721919E379125D53D8663D0BF57F2DAF58A191F095536909A660E6FD0E9D49F464A804D0FCB4BDC78FD1ED142A0A22EB9C48BC55BDE31506787FD1BC6A7CF7F31C5723970D4028E442880B13CD1F35BD7F23A318B05AE0BA25EF96D66950E429A652391BC53B097C576EEF887D6FFCC0515BCB0AAC046988
311
2CFF7648ADEEF19DBD5B71CC5A843BDBE4455216493B6AFFF36628B4D8281CE8174932B91A90EE7D273212E20AB07755D35FE2B04DCF4DF7B16BD3B1E4C55D350E5724BC94CFDA3E159F3E2C75E1A7510A5D49451F414685BC7361F9F670B8AAF132A64A6B9447CEF4A784642F2815737F3C5488F748964EC8503355361EDB
311
AFFBA90CDCE4613D5739CAECCC433F9E13A4B01DA9CF83B33FA4563EAB46F19CC3FD074129DD4B6F4545372590810E8D82F46738CF0F44688CD6E7505E842E021A415E49AD8D8A66B9EA63C8E7778A970BB2D440560160C50B049447782BF0AF2C9140FD94CB5F51A12A2B9D1043128FB9C39F1FA5A3B78A04CCEFFD1633F4
311
EED083C138F2226DE3028986DE1DFD63502199276A355AD2764CCE0F5B0EAE4476EE6DCF5116D934A7365F978220BB91A0A2746FAD2A6E703C8DBBE5EDFCCBEFCF530CD5057DA4155391C2FA464D317F2C8B02EBD7A297711610AC02F4D7C0B76590FDF868B2B7601500B234D20803953E6CF339CA77D35016BE05112358F5
311
1BFA2223CF0A4DE2DD79F7A29FF8D6DAE1DD8954189706F4C6A256F483AE1C1B7F5E0FE9D1B87B482C81836EDB88FB5D772FE2907FB42E334E9187EAE1F112F60FC716ACE8068B5C7664B9989BCE4D7DB1BA401B503A1C47B0187FC99D205C2472A02502F1AB9D4FD1418CB092E4F229F0ADDD211706573731820C3EE1F658
311
76C1C52AFD0B1AD0DEAEBA3F41CE71A963EC4AD015A6A47E4FA58EBE171AB7D178C72C17D1F965712582960AD8395732B0B3E6ADAF986E3EBCC2CB7B17F2ADB062DAA18061C1592D9DC7C3E42395869DB6CCCE89D8D38F95FDB090811CD66508250054557B1DD18FA6790A76833802ACE1A468F218CA29BA71EA69F33A72D6
311
1E7F19818BB675BCF7651D94C9545544AF5E6C624E6B3BE5733E55FA574596DF67AEB43DAAF9C8224A6C0376B1A4866C161A179ABF0BF0217E2BC142C2FF661DFC6804DCEED607E4C69CB0783B75E4ADD4CAB51DD1928F0AE21FFD6AA9FD5E2BBAE038A3CA58CC5B06BB04910C959885D11F19DF9CCA47E73A8AC5B0B501A3
311
B0D1E21663DD1C5B0ED97184F464DB56D465908F62B07C0F65A6343DF77C0688C402497FE7BBAD8D439D3061D6EE27DACBA4DA801F23E83E515F80F98BFCC8B3D338F9159E481A93F7E33AF673842DAC6BEA4CF32937B7C09794E1FA1673BB07A601FED82753407C607ECFCB101F5C9B360021CA2515A1FE1D444AFE458216
311
400E18C1EA9A2E906A928D5BEAEE3DD5BA9F8B332ED554C00D35363F1C30BEED0BC70B0CB0EAABC8B71DDA8F94E47F7A418BB9B2EF45333FC774985F4FC26C4ABB4E3084703FADF50221B9838CF873BBB33FD83C1AF45391BE2D814FDB4E1B93C1BB1BE4D5B9742C51D97DF00886A113AC1BFFA2B9D319DDF7C34EE479B41D
311
1A0ECC249055863ECD4F13DC275285103375F9895EEA7D3FBD2912343B86395B59331B294F504C9A7D83E5475DE7794DE0DC5B32453CEF96D508667D9AF986E985DC3DF69A968390114557A18CD7804804A1A79C3A5F1758AA4CC88A8891605EB80A328F28324701EAF160E56A5A4F4E26D8533C8CE7CAFF3C4B5DE97D0D6F
311
508A896A27D107B5C3C6DE2FA355C291012A6A7C4289099B9A84802FC67A230A1CD6A99C8348692938D114992F57B1E603148BB30C53EC6D63FC81E84B593B76EFEF2FE08F914EFCB77A4513ACD66FA71D3312AF2B7A0BDDDEBF33AC566443B9349BF9095A3DE1C4C4158B31E13E3F84C7C64BCCA4315A462C46EE173D63C0
311
244FA87122F495089C45B9D5BF81547E15FDD7F1D322905C5C1D4ABA2A27EF3A58C547D2C4E8360343CFF451E0534096165913026B226B6EF2DE3FC8759C6945DE0C85DFFA6CCFF83CE9AFE0F6A6B846772C780C91E4EE056020C61A2527DA5BF082129DE6524A27386132475778F07FD53466765BFE3DA5A31259BF7CBF2A
311
C7B8188248A99EE4E61781CAFACA205B1034BAF3E1B7BC8BF1FB5EC230F81D620EF8F4E310B04F0BB2B98C9E7C8EA515FF0FA21F9C7847116ED5C5FAC588582CB1B1588A4A9665F9D7F3AA04FC37E11E727BC45F68AB01C0679FDE3BB304C46879A76D3F325C93210B6B3E49E6F68E797A5721060FDAD626257F11E1B210A8
311
A35DC6502E32AD4CB885C7C5C10D3E72C77DF614D306CA04F4FE8E35C7ABD011B107E2AB7B99157E1BBD6F6A03943F9970C5E90FF8969D66502605109D26ABEBA9E6EAC37564CF416BAB3D8ED10D1F19B8136B529C20E14C79E7A388968DFF02B81E4B0923A2DE02E5DFCE6CFD02B796C645E174C40578E1E73AA2482EE699
311
924DD609539E19846CFE5533059AC1819378D2A919B4069A08E4B02D10C1CBFF9E19A525BFBD5DAD5DB7160B394E1D927FF17239DAE2F3FD881668950FAF0DC21DD309F4A1F216743F10A59960D9696D1C287309A264052A2EC7D35984D84DC1845E7CB99B4E63D64E552C9C9CBE8C3D714814885357CB31F8D38CCEF4CF87
311
B9EA62808233526F4871641944D6F8DB0EADF696A269B57990473EBDFBB8D104E86B36AEE8550B3E4751C52411DCD97C5A3A00635B941E6ECF9C64C88F497D731AB6920B664836BEA2CFDBAB55B50CCDAA16A5684512729B4765093186E21ABA654FF9E3A6398E78B8A084308B3499FC8D9E97A29158D7C5610905B578C1CA
311
80C54FC002FC6778DC47A97AD25A5C32B5BE49DB4ADA175AB02AF54107A537516CAE8EF87FBF20A9C684719808ABBA1FCFD276B6C25570C603198ADE0FCE28F3F497E6F4C2F198D289D66B67403C5BF9901B28E852E01298A6AD95E747B37B3CCAD6AE873E14914C22A641283933E1F2E54FC7BE5A65266C4A60ABD8373A60
311
1C8AB321D4B89C392E9F1CB52CB4DD85E63341B6E5F2BD9B225181A72692CD0A9869EA1DD80EDE2360E96109849672DF4F7E1AB67CC17D17319C4FE85442698CE3CAA36F44445555D556CF41BE9DA3083D79F7EEE10D0DE22D0A5B7A9900786304EB16D796F98327BCF7031A4170C7F265438E4FA1F627A18F22A033606211
311
F5D890E7966A79D2BF261BAF7C73ADCFD7C3F42862BCA6FE055DB137C17F1207F2E78DC21B3555A00A750C207E8F824C7295513E3F86648B36E3DFBEC027D76A3F5E2C5BDECB17C5D243408336CFCD0CC4B2D967AE1706CAC0CFF99CCE506F5D861C4AFE632EAA12AF97BD646D0313BD9F16A9FE7864DB4112A5B54615C181
311
DB2911A0C087366CEBC7F9A73E1A24584D6B28A8A7DE8CEF700BF376F876788521A8A2041621A8AB650158E921897B03A405502E8F04CEA08530835D2F753F621B25DE74FC738C19135885AB559E818E08AF87CE972ADE1FE0967C030C823788CDAAA401C3614844A48E0626AEA06CEFB4984447E42A35DAA69D98ECF8999B
311
59554CE946DE6C05807979258EFDE1A39C3A2B20EC85F54E1B1028CF6D36CD58B8B80BD21244E0F7ECA8A438F4F0B4685F11F1C631BF6D06C8E1AFD98D52124AD230D2FC4B03E4893FF336D9AA9B3F5664FB391F8E26D03688C704C5BCA60B204BC089262F138B8CFCF9EB417065E34D0410447EE3AA18F4D651FE3101AE1E
311
9AA36046C5B82C92AC2A81695DF2FA906E3428D42A7A479F198718808F26960B2FAE99F280586B3C6A4BFE5754AF265A1920694D39BAC1F232CA57969B1D30FA252B9254433715A67F2B8ABF0C8820DD72F04B531A41BADBA1D53BC16ED6D7F6FDB97E9478F19D3E8F821FB64B9713EA7B88082206F6CB9E77DC9C58294172
311
DDFC5BE28ED49BBB081BF475E24F0C6DE7A917F5BC5B88CB6E092048D23F16CEBEC60D7511638639D767407F3E861781A11EFB7F01D735DA12BB2CAA9A30409DECC3F42520A6401907057C1BEE5B6396114FF813CF9A2A386CCBAE48B1F819E7AE90574EBCE8E73921B8C0689712024BFE19D8376C1A25B5C2B9DEEEE5E5B7
311
9B0727A23FB3BAE0A6419322BBFFA8E729B04A98BDFE9D3C25984F428CBCEBFB37667D9783F1467335352C795548EAB90FBE647186E2BF8D726444B6F15F23DB0055E856189E87F390CCFF730100A38FE822BAE251A9722B46406FBB923EF502100C53946A979EE6F3C2E5F0C2D26B5C54017F44B99103CBF1D31D00026D5D
311
F21C47072E0BF6F74B1C929CC9BD1E441F8842E36649322943F87A472EA3AA81E5E9737A73C1317324DF4836B8261DAAF5BEF0ABD6E1FAA1DF8D2D827B113F8B6451FC0521F5B5FE8DF17B8D884F5A422FA3DB61082B152A714F5F641A00879C38532A6C7BCC8A1C2DCE5260E5D67427D1A25F372012DAC1E2F0F8B3849189
311
71F80EF3CA243311F7E3F8C1EC75BAF87448936474CBAD9ED424FF7B25FA6E2B7D4E45F2D8374046961D2142460BFD56C122348177CB7AAC1F80600B492476906EB1345796E2E574073DE4050215B87FDD57B1DD914321B79A38999CC5DF47A79335A6D9D65084BD3C775826A713023812AED59AED0D3F2E9517601DF02565
311
755BA4D8C0B2F73DCAC52457059DA3C97E81D757A5E0D5DF7D8B6CC38713A941CA7F5B4919CA03B29C31127ED56767EF74C87BF249D7A9EF97C3635E46DE81B71C27ADA00AE6B55A2EB605EAF4B8F4147F974DBCC4DFB745FEA7137E87740558C1D8912FC0D04FAE2815C5B4136AA0E83F31853DE19FF176037AD874E51EC2
311
B9B4BAD1DDDBEFD6BB0560F2F7601C1F6E691545D7602C153D86E01B734BC45ED5F72775EDF75838AEC369CA0174F14B9BAD9AA6B62A46A217C0C8BCA77050B90EC56955DEC5B96DBB157A6126EE8F87432DF93C8FA999366AE9D7EFDF0F39324653DE9BCD76270A0480BEC7FE383E2C67526D35470EE03DE8189E219815D0
311
B4EA715194625698DCF53AA6DC3B924D6D349F6D584B8D06D4A89EA778B81C6EB604726482645B00FB0E54EF0172AACFD72ADEBDBB217C2DBA9A82DF3994EFA589EFFA905087A75904A5795134238103D89E3E53BD8BFE1BF1D086B1A6C3A4A46421F83BFF945D902C865481A1C807A84C4085C7F4AB0FD56382A055281E70
311
94548A08360038D5240463DFF13C58FFC7E01FA6BF35DB26108E973DB11DB35B679A3A5084F427CD8F587DF9AAE1472484ED6E0D43C6FC7981DF0B7B06540F3943E9BBE84805ABB04DA5B313101F46005FB1794EBC6565FAD85A152E8D7E8D9C09D9FABAEE722458FFDD144B421CC8880F592C7B594BA220252DFF7876B756
311
53CAF0EA6AAA2C5FA18C0C849655E553A144C776BC9E6AF71234C3C93F61F324C10D5C212DBA6CAAE9AC88DF069753E540C824BD8977CBEB1C017F888189D6FAF3A243F9F5A99222CC33468F8E941DDB49A91C010E1AE5F5D1E5EADADD050AAFA5BEDB67386367C1DE80AA35400C68B09F590BACB09BFD850CA28BE0E4F142
311
0B15F2ECF245F0AC6C1EE5293C5CACEACA94008ADD1CF42772AB9A1162FF6D1D79155E12DCD5EEBE3B3593897B79D301232339D8E5A4272999FE1AD5F9EE66F926351AAB72142211597012C98F966BD9F88B25AC00F8C69EB2F95E46D49BC4C47ED0D1AD443F9586032E1528F247666C1C91573F91DD110FE020C9ED3FAE3E
311
ECA297CD3F2E1A7A0BA288D6A7E90C983282DBE1E7E97F838BD1A980F4134EF6ED9BD76B1F7018278B85DC0EF309DBF0BB79BBDEE4B405590EB3BD0090E52FE9F8149D28427B77B29D0B606A1A52CB6373730224EB3E426DB02B17865401EAA3F963B756DE436AC136009047F13ABC56166D7AC701883C0E95FC72A89A1050
311
741526A6D52432CE9B7BB2A2E68496E4FF077F8C9C8FC0ED6C5903E70361316C7FD8C65EF0EB3343F6DEF4896FADA6CED83A8F4424A34441AACC741C1E7F7A1704E90AB9A168C24E992DC0052BCB5BE57C96C83CFF3A1DA27883DE83B803F137A4168A0D68077DC803186C8194015E2BF4235399D33356F4A460B068317C2F
311
AD24397DA39084A055A2B38DA57F1D9D40E7781EC0C7002C1458DBF9E15714CF9BF05FE1DDB7FE8B57536C4A405CFB33DFC1892D6AED1516E5988351C8875AB0D29B41CF68E6AA6632062CED1194B797E77B948BCF4A370DED96C468D3393F4D8A1A833150CCE567F9FD1A89DA0848059ADA84478B06D13CB087C7A2B95C1D
311
E8E1FF16FD96187EC7B0CD2E25ED551AC7492FB870685DFEC4D0292E588AA17946E4F585D0A0AAE144FE4E723778E257518D648B58D2028F45485B9567A38F0A8CD8FBA9C798D8323581C1DEC3C9E7483F2A1DE45E043F59D69E2871FEA147B8F756D6288C706CFEEF9D56608E59FB2730164086C6C91F39670772B7A9DCE9
311
FB7C5807F06F2DF573A3986D7B81AC4F88E08C2CE58FA4DE01DF02FEA020081CA56A60F1C307664EBE932F2ECE9719CF0FD5024869B17874C46635997D378EB5F0C49F33675A1C135600A8025F1F019D7232DAB67B7929DF0311BF9675FA55234AB8FEE45B031A1E5F49B8832473245E2DC5FF0972430B457C00A28097B3E2
311
FB00DDCB55C12D8195CFE102F988515B8846183B62594F42281B498B80A3043598CD96D321F57F839FD81A40F241F38E5535B92CA7EA36F4E985D32C6411D03135BCE5746B3B628314032588C8AD8DD97CCCA231E31F2535E657920C82F000F6B7DECF4530AFD1C286FAF96CEC506E601F093E8B06AB0DC00A4B4426C244F6
311
BA9D871B68077A8A9106FA45867DA22E06B99E29BCDC9E1D4103E51FC942EB15C173ABA97C40C2DEAE2772DE147D4B3D24EE0CB82BE41703D03050C5CC9380D1343FE4729CE569D27AB4DF5AA87381D1E3788D28E5AD98116615FC5E598CB0B9C30B450819E83452097A99AC36F41F26C40DE3031CE35C3E98E2AC23D8EA23
311
93C8F44714648005001A5765D0A78896FAA297DE004EFD7F3D967924B54BCC010AFEF6C2E08EA8C4C458923106F9208FBB9B7677606E14BA73032845B0E083DB9AD59A0F82A53ED65E444ADBCEEBC4FC9C8784344638DAF8C9B31CB8933C559052551286F4A34D1059181C194474E410B303A8FACD8C4242F8884208FA13E8
311
3F19170EEC3653227D4508A306FC509E7254E3C6F1FC6EFF7E55F97D403BCFBB2779C58FCC47DC542ECC7A3E8F5FC170612360BC57E914A1C878E2655CA9DCF0CFB6CB5D1A4FBB47D9AB5ECDBC7BD090DAD9F5BE900EDF92BCF6ABA75BC78C362D9500DF02F959CA89AF632966CE0C4A35CDFBF808209DF68AC4FAE7096914
311
F97BCC9CFA44992158A10309243500170B4AD407288653DD3A5737F6E53FD1982B787492B625341AEE844F0DC3126CCD93E42396DCC1629A435CBE2F94CEF02A11FFF8398ED10C88D5D57097E16CFAD1144A47B32FB3A129494CA6283916002EF704CA15B0BC2CF80A740AE16BB7DE934DAEB9C4257CC4F5E1B600E8C4C9CF
311
97A3A38EDA5EE2E40A94BA5435C108980DD209D6B7854EF8ECE78CC9F020B371E0AA922C5718A3424156008CD203387843F82359FF166AA35BBDDCBCAAD46DD6380B06CA52D3FDB82E36EB564F6AFAD720A4044C8C76A4601745050819A397631909191177E1EFCC90EC9DADD88434B48D89E6A9A4A8F78BF4910809AAA5EE
311
1FECC19789386D0052887D970D15FFDA6792A64BA7E0395FD9B1671E446AD1F32ACA1F7AD4F317BA8E2A47E709EB7DA24B243B23D178218E4FE8C8C80721A50B82B59D3053D9274BD60AA9380066713407242C26FF180C5340FD0737039558E38113204DE8EF6D92A8FE5FAB4C1B4A412EB7D14AA028052CC95B0E82D41054
311
B0A21B00BEECFD5FB50902E202174D711898AA47A6CF7F948ADBCF642ADEE8D13438E3594EF9CD7324CE7A24A169EF63C1115D60A5479EA404CF50EC3981B80B14C3773901D591019E67AC349A227C8A2CA2DD30DDC28CE280E673E273AEB7E8DCAAE57F318E42F05B123D820F6F9359A7BFB6E210732FC702D719C4F3F153
311
21CFB62BF1B5C1AB97082907F06096F57F8AB1C9F05857F4285722EEF7B97021FC362193AAEF292A5EF5E38F89BD216A8CCC000E6CE4E1C6F5ABCB2280141B0B1C5BD9916036FB18B9D9065273681981A9A8C469469112B8E8B3BFEA380290328094FE534AB846D8A29027D4567011C48D3ADE75C7036D08657E010AAB0E74
311
0512F9FC3A08C107E7030C1E5A6ED2DF657D6547BEE51156CB8244136EA668F8DC1325DF1C716AF3E1910B3E311B4DFD818274D03010890C9CBC5D0614BD6C008A804DFF1C2CDC8A65B37CCE1F0F726C60E04112385121EEF377AD9D44B949D8C5E1B9285F9C4FDFA990ED8D4FE9D927B12FDB4C6F39E49943BE6D9CE5FD19
311
AF7264AE87034897C59CBE88358E6CFC64A3F25AD87FF4E08AEFF2C26F2E2F7D58AC367890AF3BEC42088BFE498A79BC6CD57197BEA4AA384A4B16480AE945C4DFA4032097C4360CC28C4FA071C6C24F81CA135BC865490A1A8138E102775C10189B6E65F70951FA2B31A2F3EEC54E0260B25584DC7A790F1803901A498064
311
527C017C12CAE4F44E915460FEDED2750EE7B0E2F47A338A1017DD6EE6DB3EFBF09BC5669C7FDE36C9BC068F096BF3EB0077A448455F4C43D081DD5B942B90D5B6CA6179F537CDBD08DD6B3D9AF8EA0AE10106552974F6B33B166E932DC5C78827C054CDA55F348E5BE482D90FE1F8679219610670A62A07C515D063AA88D3
311
1550681CC93AAF8531008AAD2411F2EC8D5D88FB8C34B6D8976F8EEA237479C334E0FFFDEC4D26E5724CD826EC0F177E04187F919A1740704AEBDA46B21C1DEEB22FE09822AB591891F84BE65C453E1F1F1E4CF4404B474C3CC2ACBB8812021EDD342440BE81C24BC8BAB4DF86A7DDE323A5B0517DAF75854E4DEF8BA809C1
311
215B221C1648C8320D10351AF08F75C00D400320587663F24FD3D86D7BD12AA811C2FDC0EA888982D457B1E109CB75CBA8682D904AA4B171B0ECA9FBB106D0FCCC0CB5DB615CDD9A810015631606C11C94A1774C4928CC4F3A5FCB4E55117C2552CE00A119402073C67D1545841EE67A8C993AF52B0E786BC60EF4C6BDA73D
311
29B2FF8106FBDC0DBD1F96F332991413141FA241EB1445DE5B7290BE94BAD00BA7E0A80E06CADEB05FAD0080E1E7E089647B2413D0940157F02838590C4786D032C21EDDC3B6D3E4F11DD5DCF751BA245C438D5D2D14CD944DDFE18DCBCA572800D3E1BA7BF1588E4C1D2F2818BB13BE95D78E92923C052ECB34D8095308DD
311
0D72C38997477F92ABA02A5D2CE4E510B2489BAD59BB9891CC57367C5B11F87BC98B14DCAF1B43B80FD3095889B5F1C88118044277790047317CA5365089A5F8FB8B4177EE20475D3D48D0ADC00F4139CCC6D39BB6EB95EED84EC5B711384A94CEC1FA804AAD2A9A5BA32BC56B4438C8F63212B807A2C5D19017C2459DCC56
311
D8A182D0D3074C4540F59693982B1652305AC40F24FFA454BAA170CD20F071FC29CB09B0C641F15518122B081A93F354A66215416CF6E22AE9F9843BB05EAC41763CED710CEEC5DEC633085816D1C1BC00AA5B97341AB058A1B78D4591ED1F75ECC712DA99469E847F5250452A0177CC634089F268010427801A2B2F840F80
311
2EAFAFCFADDCD76BFEC85EF03662657D5CBBE452FCD654BAAA64137529FF62F2C75F324BEBBC7C0A3C554DD9E58B066525C19F607762250A3403DBAA78CBECAB5E349A219EE8071B122EDF36B84E6A926EF7E93F820FD4F145EF44401BFE01D504C02C3F722FF715EB95F01D7E3861A4D34987155A6D499E085786424BD08C
311
1AF55726BCE24F73B7A54220110EA3EFC70840D31DD49EA26C23B4B73158830EF1FCD473C4C859729963166CF8A10575BF33B01A31209C3277A86C2842CF6E1C05EF3CE200FFBA898A6C03BCFEF07E9217A2BC0C1C445D62D7130B535078EF03F5CE85D81040DAD3DFA8C888F573E8E9875B4DDFD77869A87C1DC3B20AE82A
311
337EAA8D7E996578889F6F922EF666048BE0B68AC0FB6490B824641693D0C95B8E1BF98120106716870F336402E486234E29C423CC7AA3E739EA40F9E66FC9FD5294F0173F76255AC101AC8EE88684E76E17EE72FC316CD8B8BF427CACD2FC35D847CC5B872A40A80FE562ACC12AE951B24FF4C883D3D409D53C022D8CF797
311
D301C8803BA7D084FB5004B8FEE2CC7277C91562568571AA323FFD8BA611EE238B9C6F03D803C65C8632B044DFA15B4A3621105BB123521C7C74DC51BA0A9BB777C2D50BED5C362667DD8A52300D05C4EA046DD68CF7A798F32D1004948298C3D0E29801DDA34D2CDBD52D384CEBB3D15D9B692BF19DD745C72B96EEB67D88
311
3DF0FC3C59EFC00DE81C5AFC504718C2C3E537BCF5F9C81E2C868884CCF3B90F019A46709A45DFE2FD8DE6CF5C0EDF7642EBD62284526915198A653A238BF049CDD9A33B5A842CE09F76612A7CE811715E9AEFD9C8685D11DD0F5F1055AC64515E18824EA5EEA8F51441F207AC68DAD281B81C6292AEAD590840F85BB49F9A
311
0D331F9BF83937C43BE4C7B44E517ECB0DFEEEB45D7954DE913DB929F0BC3933B22F6B764910C65706E48602C5379FE509A5D9E9B1169E7C8A328287A4FE28FA204B426CF51D26AE317AF4EC563C4A44E691FEA57A1FAF09E917BF02ACE2D13579562635DF9DE25B30E022E21AA947027F25C2414382488AD4E63A5C03EE33
311
877B5F80299699D690998C471EC5A975D87FBA8D2BAE591BC414E97D971D8DB5AD74F8BA001C7930DD32811CF49E7ADA894A15CB1CA383AAA48AE35DA1F8B81A12BAFF5B82315DF71F49608463A2C3A59523FDA5B5452A25472A68A41041FD1770968FE026788F8D08AE408BB7126D0DE1105D9383128953E55DA400EC5C52
311
F028BC6C46D4BD7C7DB0AF18BD8897AA3C3B9FB2280DCC8EDD11FFCEFC24CAB451FB6BAC36486704668B2BA22CDB83AC0271C31628B252B3C257D481F566A7E9FAFF91BF5D36599E754CE954978B658D30F208A1E74BAEB40CCBC8E7F84E912BD4643C942803C4C26AD452D481B16DFFDD059663B1F2DC7618577EE01BC00F
311
E4C01D1873130B42152C15B098C772E55077B9CA099E296B767317D82CFB499A68E3A5512DE30E6D666987D7238E01DCF87CBF809428960495185B4F24B31BA5BFBF6E6F9FC971FBE719378BF226A876DCC594B427EB47A197C49104003199D881D68CBFC88AFE81911B0F6DDED4BB1717247F95DA7BA162E4D88C111DAEBC
311
D01FCD01B0CB00BD6412CEC48B66E8A521D0732F4BACA329B79956105C00876F468340ED26710BDF5DD6CE373E0F54930626D41F11B494E09EEEE53728100B64D6004E50D31F3BBF8492B323815D614772649FA238EB831CD6984A059E111E91ACE95DBE4E7BCC942939C401EB77B824A5CEDFE4E2464633138071E3146871
311
7A80F6B8A2D7B6D779F90F758D23790ABD2987E307010AAA4FCFBBA181BD65418EDCEB9D9F33C9840E044DC9D705091E6F7CCF7393168063390E4E1D4881E1ABB41898048684068BE50997F4EF6B4445C887943CC26D118ACA6A75C10C11BD9FB25B8670C6B5BC29818BA1214E2C76AC70B2AF21D492887BC5D0E033BB8788
311
DBB9F093F1DE7FD866C5BB9C9023E0F98377C4B051001DAFE49B0725D07855247021E7D8C6FD3D70335AE8A61AFD1277CB09C65306F4AA0271BD9DBEB572CE7A93E68F77FF988C4C040B36119940BA4F9B1CEC7D146250E9CD411A1649B2512527379AD9E10986B27621AFE05083853EC2DC7A609801E05231E4CF120A1D27
311
B30C482BF0A4C89CC4BF204E390CCBBF56B8C599F1906F47366860C6691AFD6EB680F5F8B2452A89E9BF579FCE845F1B8170A51EDEE6371182AD5A421E0B03AC9685B99E54FA3CB21ED2589E1B00E9E0AD6E5ACF80D7B1EE91F3E4B625C4F8FAE067DF5E757DFC3D7C58771A28399F982794D0789BAC26D2108701FF738DA6
311
3F020B3E93FEF0E665A842AF9719F817718FDA83FA753AC1A06565E59FE6E08BCBB99545EAA83B9AF2F0759E6777F77A566D4C60440C20EFBBE46CA8D9BB4B032950E0F2DBC6CFC1DE0F1BD3E89CA2E9F7364EADA773CFF756D308DF6855BD4E490D4F938789516898DDA0562DEC58B18F4E942097B32B6D036C78C4C48AAA
311
7462EFF1B0CAFD6C043F5131CFAA9A67DE5CBDC21DACBC2269FE720905A76E453F74C8E4E91D84A1CFB9EE15A5BA7DDCFEF2578171D8F993426B482AC12F525D25E6E54AC6821EFE717624EFFC67F020459A579E8144BE4D8C4412B5BE21D0656639CD8E76216D2EFA49D21D3ABD37CAD84986B4904210B21461065FC9D916
311
4107B6CCD530A461F8F300ABA34871C0E2EC468C1FA3D3E84F64EDFE034C612FE516CCD0DC9A4ECEBA6C84E662EA91BBE37C2BF934FA624E4857038A7A80312D6FD442B7A3FDC788E02540567A3C82AA54EBE40CCA88BFDE3D63A56F13C1A9D88B42561A16EF8CD1FFF49E380F8F323B9E97656B3A0E62E1FA2272EC7CD998
311
A489016BCEB6F7D461406A5B3017BC46933BCEE13173DD076F81E58E5B8DF0D3EAC1189213B63B3E2362479AD6E7DE0F02BC16C28B5E69F617E3360FA4E049B95E85BFCD614280C84E7F30312168C4F097BC7FC62C818EBB8A52AA54A01CA360F3FD4EE96D2B2ED9DF4C0D50C11EFBF631ED318909F9ED2989377444592A6A
311
46163B4E3EA7112424849579485D19DE9688CF17F2A94EDF6A62163C6E4E133C2253505598744B94E3B853A723EC67BE66661605A44AD92E22963DC678701EBCC49CE266EADA99C608A4EA698D0BDB46EDB5D19DC41A102D345F0431F1828D4DD0F1D9B42DE4745A55F9086405E7F0A4788AD0EBE2D615259931AF0F1BDAF0
311
4F229A01774E14E0707FBA90EAC550642FF1094B533EFE998800D49AC1FE136CE75B6A71C884DD6B8665B7AA841986A839D858449F749C3233EEFFFE522FC3295F65C8F2C20C0B18F9875F6F60D61A19E9E00EB80D377AF4933D02181428A70407E54921B14EFF50FEA4C857A33966DE2FCC3FA0D20FFED50A65AD221C80F2
311
660D3EAE7485DDA90CF2375867DC65BC382001F4672E39FF16B203174BB77AD04DAAD731BB75271482AFD06F0B7FB47257E5095466EEE9F9D8A22C82210DFF6E38729DA8BB7A5BED7F5DFCE42D0C8A37C6FC86130DCCFC63AA0DBE1D18C9EDD63A8866DDD8E46059DBF84C6D1BB2D165BC0EF9C0E241461F15D4BB473643C8
311
10C550262BC57A3AD7C9226ECE19856868189DE75ABEBA40D8FD7A7C9998B5FCF63C58779320DEA5A80BEC5FF0F01CF35541B9ED62FFDC2CB35F9580E6524AFECB5A786278C2E11F27466A35A7870F101CE7F6538BC83F0AD716F3A1B1305200A8534A3180E842DFF8A9520A394CB0F874223A1E8A7F691BACA3005B8D00F4
311
1384747694E636D169B330D9A4F32FBF8E22AC8B2325A9A54B3D5A16282211F8C8EE9144E8C4B82C057015FADBF8F4D948BA3A19C8A880FC67000AF91FD818634A0E428477CA9BB5E94C0624D5677CCC31CD96DDF1CBBCEF7932D00BE89174C6673EE49D5665957F7DFCAF1CBB10E02DF30A0BF224FF43A9FA59909AA03666
311
595CA890E2C83C68E39DA9CD3A1BFE025758204EAF91E6B5223FEDEB34E67870EEB0ED595B9F231655D011D5AD9E2E537CBB1967BBDE54E1BF35903A94D29469B6DC29A1E5DADC79AD18D2E7B59707112AB449BCC905C8DBEF1B0B2D9A0E6A750DDA702AFEC72DD2046D098707434535F2E0803BF346F1E2E1F754B897F82D
311
5F74EA2429874F61E49756D60DA72055C2FA243029C888DDAAE95ECB90ECBB9244066D7915605BD9E8FDA8E124DBBA8ABA2691D03A0EA85351A5631467F7EC384A5367BDE222E8D2FB94EDD3AFA80021B618ABA1169687F4092EE85D0ACDC5E8CFAC2485CFEA331EC9BD3AEB3ABF3BD45266B19C78526A7ECB0D4B23617917
311
2B8C83E715FB8E8B7A1A308A38088A888BDB1B31EA14427A34577A8DCCC8887A887E82C125B18190F86856A3059149381CF18EC5089B499F098128BEB23FB9840A4900CC94E76FB01656E1E3215A5385F144604A9E57F4848A35A301199BE56CD7ADB334F1C42137928476CC6E90DCB5E2F14182EBF017152633E89787E86F
311
C0C1090C54E31A1EB299A04D8CB897A78AA0AE333A483B276A9A7CE7784909A4BBF415DF157C874E3CFA9EFAD5F731E295C7F6D8134078FC49FB9303105E0699B2B7883AB0A920B5294E1E40F2C2F4D9B30DAA43BB8892EA1633C294FB5C01BB086B1D6FBBE7608FFA976FFAD6D80A9F5628EA867099D8714D0C283872AD71
311
743752B824300D31C5FFBABBA7E6C18500D263717EBCE86D946918DF065472652F8552E2842DEFBFEB3C5FA9C6BDE1A245926895E5FF52FF709BDD7A5DC2037C557F3AF6441028359F212077D1FEA230A2268203DBF66419F2057E3F6DABFEB80A07EF1C11C81ABA97053532243573EC4F2C08A6515E0C61E83360015157C5
311
C4289E916A0D4A63ADB96A7B8ECA07DE88FE766960DB0D881524D94A5B146788BD53AF3010CC3895DF57F2B3B1A2FAB5F3B757DBFA2828DC729996CD846891E44AF2F2EE7B089A580592563CA6456B820B135B3E7132A0BA351D050EE3DD18E107C2193F282AF1D9046E8CFDC763E2C15F66B1DAAD4BCE36D15AEA5D7F7687
311
09ECCB5B53B8C724C6817759DD455217AFD95682479069D455649DE8438E2F5C564B4C7AF9B20DB9DA14F6F681212DB527067C334FFCAAA6399EF8652C2FEDF5127E285A73A0C0B6F1E7AB71906EA41E1C3F82C355C87C1378104758353E40E7F327C3AAAFEEAF32666C4F689CEBD7F1E25622CDD00CB5083616C5C8F85F21
311
AA904F86CDCFB5E818D72948895E14F31F4512ABB0B453D0AF708B02F3BF6B1DDCA19FCEC5D9A81012B86E750D9E6B3CBC70FB9E63F77E9F9618F6126BA13DEDD0402CAFC07BA1075DC30B5D9ABD9758EB70EC1546BEE6F2363E0D27BC6267605F8D3DBB107A1958346DF98376EBD9C32310E4F217EFB0420007F14253A7F9
311
DB41062DE8D811593F80B2E03F1BD4B8A10D9926278BAFB0E96E44C128698F7C67DB555238048A3D4460D5FCB23EF8EB86A3AB142C9A1F5CA5AEF5C9FB08FE641FFED94EDB603BBC084E09D2357D318A1BB2C4B2FBEA8ACE56BDE722F9C76DCF75AF14F2A6694050CAE6C4C83B981B13A1721171AE7837FDD44E13E67E5D5A
311
292047923D5CF3EABEFFDF6D07D84603A736F09114782A9534D7C89C5D0D16F94DACE912DFF33441505E4A857AB5447C719CBF9B415A2C916C841374A7FA125DE14BFC5ADAD4EDAC6E636EE9FD80C080E301510C690AA8B2DDD1F107E3F6D5EF09251A6F2252E14BF4A881FA038B7CB3039A24F495AF9C55EED1134813DD1C
311
B36CD41A5D6838ADED3B9C331CF90C1545F8D1C23BDE915CDF77AD9B9536CDBED135A5287616D0E3C07B0EE274E37CB25B023114E34AB4B14DC8D541E2630B7DB214ECCF464292A8A35DD22328981B8F1370CCC1FB979E0EE94483FBF2115318ECB26C3C295A250FFDE42BDF858E9F4F0B9DD7219B9452907E600B340636F8
311
46F9AED2EE0220FD723A3F38B5551F4D17FE327467491637C8F56C7A05CDEB0BD080E9C249735FA8FAC08835F023D23BE128A403ED7C557E253A25C326FC45DE6D8810DCC1F950ED22F55B641A73230D1BEB330DAC6BD5C02E0DF48B0CEAD1B80E35353B00000FFDDF1901A4EC0DCB3F0827E5752BD7997FC1A9A042C043E1
311
2EE77C8991F7D3C41CAD07ED98556679260B9B56DBBB4A2A47EA2F7ACA17223F04112EE1E61593CD75F5E440D090C2DBD87B9FBDCF51B8C5CCA7EA7400DBD1112BB7C7E917DEDBD14F867B3E6F0A3CD51BD4AE7E016701AD39BE112F63AD4AA7E950BE7C8D4023E880645379F9CF693A5089C7E22DE8BD62C3903FEA6A51B3
311
0E6778040D4A6478ABE3D64D9F9A9597498E15D8D5F7227723E8E46C5C2B7B4C610AD2F722F9BC7B6DD76D97117C8305D885A693EB52413EEB5FBE94F6BCB89E15BE11D247AC13243394C00F6C79097815EC3D2CEE514BA5CA152D817771D41522FA98D64A5B0D00FC3D971AFC148A836823A5989E16D2C2BDF48BCFDCEE21
311
7BF7477A4D26949DF12CD665C34AE70762FBB7D27027CA8FF9F53093C81F76E9FF2ADF6E463683B5AC30A0CAEE24BDDEF68BEDC3CE6E86ED78E406188BD57D85837DE9AB0870F9AF3A061FF03C9CC8D502645D892B9A4E0D6720888C23039B86B41FF65B50219FEDE8FCFB49DE8CB49DFA90E043517EFB58A7D0F820A42314
311
690C9D537C0DE6EED62705FD676D621D464D890C8BE4C57E088D4E20C4CF3E4BB816CD1C71F071E95615FA00BB676921191BDE02AC865F746F70984987BCF9B4DABE42004EF99072D230258FC838E0DE37FD333A0CF4B30ABD406041A87E256FCCBA09EE25E0ECF3A6A0F52FC8CC0A1BBBB12B89AC964B15DE44F87D3FBDE9
311
52E05AD2A669C563693DB5C7FFF093C0BF3E52001A695EDBAD89B1C3F0B52BC55835B833CD89DF10F424C609069D12CBAB9E983F40A0DC7F6396B9D6C41987927593F57A937576BC1EB6565EDFEA4C70FADD6C5057EF165F4EE707E623061E3B7663DE1DE88701F7260E23896CB0F89F0A67A9A97E0218F271617AE8D01871
311
6F7889A26A6A38F58555E8815BC443E3D2D5EF1724E7609CDFE5A2AB984FA25468B0E30FC02B58145CC9D2E93DC987A7BF8FBDBF51513F13A581F4C93495D676698F002B2B39E6A30B92D9F85AFEDBC6A5F7275A22D90E4F6D9738AA5F21E8BDA3A306B9257388A3A04723D260E221DB9E0C4A9290B4C88776DEC08808D69A
311
5D70D45F23D8AA90F5C57F46A9FFD5BF6E3DEE270D6D9693B9A695613732FFDDCC45CBC3DD61D33590367B70BA4D8E93A23B4FD108179A2FE3EAED083B5962A39CAA17A21923F516822B63BDF39FBF13422CE6881C0F7976DCAF00F11F52CB1089AD8B0AFD87079678561192113C9F8E24F25B5EA309A4947EDB60C1C61254
311
13E7BCFF259C9D3D554128310C1FAA91FA2E7D1D04D87E9751D17E6D4500C1198E8CA1262B59E80AB8EDF43D93F10AB9F92F40074B210FC10A77F7930375172E8732768AE9F71261C0C1645D476BE563B47195356733842273534565C65D884A40197CD9BE1A96B282C533B0D10CEFFD0153EE10426F57DFDC7049FE973D14
311
11918D46A74AF2502BFF47896F667205184029C5B664814326277F6B24636D83B7C7D2BE30692CBC8E5E7667545A4E48708DE5CD38C5DB67AFFAF0445EB25770F8999201C82BE47027A0E5DF9FC3D0875885DB6DBDF0C08D93F2A2CC1A4C65693AF48DF075728490342ACA8CA0D71B5460EF8EC608EF219FF79E445FDE4364
311
BC5FEDD1EFDBCEAB2F816BD9D80889B76E19962A7986710F113C730C88A226B822FF537AE124BF773252633E045CF20CF5001B5EA6E607241240400C21BEC498A800EA6D5D6F9783AADBF06A23066CE22D7FE2F94CBFF3B27D8AD372DC7DD10285DE7690841D4532B7E0E3F79A7352C4787C1593F7C911FDA3D203D227CE96
311
AAE804115DA25528ACAAFBAC8A170FCE5D1BC27BF549F014B1BF33ABAA6CD9743BBB1A256D2817D0F74FFD233E6E5DF7F3FA5B292AB720F6567E6ABDEA7F228844FAE4CBBEF8385A0DF14B7BEF45E93D42D9FF9FAB1CAE206A0344907DF2F224B09D17408EE2D95BFF5C2A6807AE08CB3AE90E68BDF973F830B4747BBBA970
311
799CF270105BB9D4D0EDFAE7A0F742F0EADCDC0CF366BF96BC51ABEC2A6EB9462DC501187313774118DBF4FD4935177518B3B9240FE1CA15164C9116C92C1F78D7C5875574B6AB093E7FDDF248280E6D8C86300F7939A1B7FA6105C9B2AAFA059FDD4235477E9136A95CE4598ADFE2E370A8B01400BEF3FE6B83991B22D36E
311
573A2E5777260F43FEB375C3E43D7428DC2EB71A85DDB7279154BCF9DE4690B935335620DCB27204CD5570003C7B8AFC87845DC0B7B2135D1AC997F61CF51E8AD6C8633A5352BCD229B54D528FF216CA0ABB449753EF54E56B650924D6C354B71C2FB62A60D82615DE6876510928E862ECC9135F706B479E5EE8C32069FB30
311
A37BB34EC52673496B94E5F2E4631E146D6B63046DE05A3FBD57C845304D04F3FD2973D8D15AEB4DE3C379DEC34170E592AC8FCD80DF3501EB076257A5E7F8465596ECFEC23D753891DA3A91AC8D496FF4EDD962F15B5AE42D1EE8AAA05729F281BB2255D4CB1D9769336452704A3CB35ED7A2C8309C0208F2EC9D583677AF
311
9F63EBDBB014427D64CC3C77F4420D142C28FB10417634278B3A8AD03B96A988A13BD2A0BE4E2A5DBA390808BFECC87BB8ED51B83F7CB86ABDCD78385F2B9D8C9D3EDFEE1E5A640EE714A4A176E2303679E5CBCF4E96AF96478ACFA21D55A987821D403DEF9FDE4937B787DF7A6F3C9562E4DEC6CC19FAFF07047D0E28E494
311
B1E4E0FA0F4F26675E379E73228B09D814B6EDBEC0A041496D44C7BB58B6E2B7501546FD6EBD93DF4BB1866FE66DE2E3DEB8ADE39700A7B08C6822FDE8FCE5D6FBE987DDD6FBE5B1B3F98014E12DC713F2617B207B46EB0B520D7FF6DAB9F18ED9F93C52F2C454A954DE6B9A3061EF8B95A40141D03587585E09D3DF4DF438
311
6CF64BED7CFF32F0197D8439AC54DF17B8C6A44ECBFF632CA228BD0707FB5516BE975F011732CE1FFB8FB40508173C2C62B5095CB9A2F64971A2F4EEF47265A259CBB66D3A5AA8AB947DD8E7FD2F33052FDD65E5DD9F421FBC0C36FF7DD4A0525D99FB5C70A124412704B7761D25F880C1F8F3CC5573FCC0718E4B70B78827
311
78D3F9147405BE7EC83D9419FEC2AB791758C9B7BB107CF0EAE24FC997BC0B2FFAF74FEB8232FFC56C2EDD2A2B5419DEFC6BF504483E38C97018ECAE3441B45B22E7FE89C02A23C3630147A8FBA39F3B539F043B6CA0C0C47FF1602868BE697721427299E83D1F3F25312EBF67E372A283E1D1C90C26EBFD6D3EF0BB2636AD
311
FFA729FFEAAB3FA56B7FACAC0DBD994243DE60E56A3FCFF02B0B9489E9D3EA30507169D807A7E2668D3F7B61E55F127BF32BE8BD61458AF8FD778692A7F7C0C74C9BE2CB57017B9F2E5E719CDEABBF7452A196EC0D17B0A5C70DCBCAAA1968E260388C79F9D7BB367542F889CF872F5B40B74B165AC2053EA1653D6D4C6782
311
5BFC6FF1E98355F3A930028F45A8C99412D38BDEBE6C1D4314FEAA4BDFD027EE3DB135157E68BAF36C3E74A56D7CFCEFAFE686CBC3F3731F5D8DA3A9D2FC8E97D9BF9FC35B706FFE71515DCA8737DD9D9FD9F7527E8918035CD6CD3F2EA59090A43DBAD95F256CDC081B6EE7DCD076A3E7215BB59A4A9CC139CA7B292D2058
311
5A2F64D359D281A4AA6D8A8B3E7BE561DA226A3DC3E54BE828C71234ADCC952B57B62C3B8FEB496D99CE2199C0FFA16DFEF80C8FCD7D6AFEEFF5DF7F75B1F3E1FF1D0756DD757BBC797B1C767FD93B2A57BE1496D8C018F5E95796417E9B2D5829D58EB6D8EEEF55B2CFC3486F0F390D926D6BF65FE1BED1767E1307F44BAB
311
8C5FCBCDC443FFA37715277899F2FFC66690BACF1D90512E7E228027782D3592BFCDCF6DE673F6E83BA9181A1DFE3A0024F5CE48121283B8FFA1245C9D3D1A2D42F79684DA072A6D05BFDE05CD7A4F77040D8E67EBBD7F7909696A9AFF59AA3C5F3BC8F37196B18FE3E290F029270AE099587CFABB9EF1BC43A3011B5D7817
311
83D7F05BBC2B07C99F35B6F12E224C2847094836533248F48B292EF1E1D22471565342A7A6256675C3D2A9F10B8DFFAE96F2C460B7A2BCB3EEEFD309CABF34299ED9791649F5ACBA15A3DD8AE39E01BB3FBFC3286DCCC29A9BAA6291550C9259D36BC7F50F66959A1C018D7FBE737C736DD263413E4770D21C5D3BD545AEC1
311
7A3BE57657A723C64EDE2BA201D91CC891EB85578D3A56E9D1F7B39F40AC9225BC3F15357F7C7F8F373A3713338ED60BB76623BAC56FE29C53EF8692EF975657325844FFD07E1529D752BF7D51D94F37BFC2E9E7F30B8D3F3C7CB3B67DEA3746D87A426ED4D4D2C2A49937B53BB993F378D2F7171A34826E34FD71FA23EE09
311
5225490CA843C75DAF82DFFE7CE51D0EBF8653E4F998D04FAE2F99BA025F6990FEB17B6968FDE4E063C1C16932090DD8BCB91251378AAB08D1C39A3D5E4904D43A7C45D0F67AAF2B33562C74667F4D39EF8BD291C1103B5DD2C7411A96BAC6496273294F5DBD132013366A3CBEC9AE75A9326F7A78068D9C11F8D8D8673F45
311
C1441DCA75620089C81326D9935BCE8B6C1D179E791976A917843FF44C93BE025ACF2BA162522B841E890680A84BB6BB660FD13FF07847A6C025B863B8A74567165C0A7491AF55F2FAEA29EB7D727BC37EA737BCD12B118244373694C493EF4FED1B86A8D25127ECCB8439470576C07B4CC1405C86A5C5DCA4C8C995A396E7
311
4E40D69D7C1E3A8DFC418226EE56CD2BDAE66A6B8614D7B773F202E7CA99E01F9B49478F977DDDBF08613FA3C9A8618C8031FF832A23E7B736DAC0A5848B501EC7E8A712DC816FB905F531B29125816CE985E28AD8713A664B2552AD990E79ADBE4B9478CEB70E90E88F81F33BF4B0C239E0E1D2ECA694988118D6E6FFCB5A
311
9AA938A62B231E9CC9FE8F96512AEA88D34DC9EF68FCCA25D027C88AFF76F5DFB33685C9423E4A334323B27CD2B0A9C6A336C08894769B5C828C4B598D6AC1212B23609AC1C4A54CEBA51DE0A556DBB57D04C7CD3D0EE638DE9A98B74CF4C0F29384E916F18B5DE3B44C95D54DFF60C4730BCAF5FA872A4B818CF9AEF7EE25
311
A4AD895D376EB3AF14718A12D1604953B0E371A5F426E9BF9AEF93ACB7186B5EC4FD410CEEBB800AB38E80271B69D2BC8F0451D182EF387F2A1802DDC21EC9B949ED29C26879C796DDB6D23320ED71504A941AD5C9D6775BEBC45621E4846C139B995AC7F352E919F4DB32C9E8D749DA5E744870F0AC406D42ADF5027F0EAA
311
E74154AE946CCB9F21253BF36425588D66D4219B8CD0DEE43EF2BB6B6C60C2C3AC362EADF996099CA786EA6DF6258E2E554AE79E86AE4A9CC9A389636EF904ECB18C09018EAF44EA25E43E96FB8E4579754BDDA65BED0E0E18440B1B43D5634E9281B78AFA576C0399DB0255AF86C186F97C1943F6D21C0969A57EDB2EDE22
311
CA8A60ADBF192BE8A901A6BC1E9134F4730D4AAA6DD477720BEF41EA289CCF3D0E8322DF440CF30A6AF0FCBA2519E80AA8CB3C8296403F1A37C7BF27D01A626A071AD8DDAB9029EC47565FBEDB0C21B033FAB4F8312ADFFE92B3C97FA279C3F58643AA72270264470F9F40E3999E51F9CA6D1DCD444B4014046245569031C0
311
7A78C7D1A334A2CF82CE58470162B47079CF2646F85B0175E23B5C42031F6E322A71300BBF128E99EDC7079BA8AF17F194D21DD41669175367445724CC491801D9B675D0E34F39D1066F964DD96637CAF9C9625A9C57652B3C23F47E2B465577FD9A608A2A6EFD197DE622D2CD4076DA2172F8121FFBF53585BD826E3C1CD7
311
A78A3AC44DF9DC1E2A53C5CED5F628009A4189D23A796FA934F0F97CE665BDE244BBFB4BD6B8EFE969EEFD637E11D73BE9B3A9DA58589BB1838C2FABBC08E487636FA4CC79754447F42077512126C6C0809A9DCB5CC0D23EB2693A7181AAE00B8F9D00C79D28C1CBF6C2B64F29600773952E90F365AAB0A2D3086138950FB4
311
C5E59E847D81985F9DC93CFCBF2327019AAABA2A154AA888FF03504B03041400060808005257925A28BB58AF800100009E0500003D00000045414136423143432D464633342D343432342D424642442D4335393736393132384645442F536368656D61732F436F6D6D6F6E536368656D612E786D6CBD544D4FC23018BEFB2B
311
96DE15493C78601010A34B880709DEDFB52FD0D8B54BD70DF6EFED3AC0B12E6442E2716BFB3CEFF3D18E26FB440405EA8C2B1992E1C323095052C5B8DC842437EBFB673219DF8DA659866649B798C078B48AE6410122242F2A4994AC7F93815DF85C049C8564CA0A901499DD886B2EB9B1E02448F358701A9235880C49A011
311
9892A20C89D1B9FD768815CAD268CB5E0355B40B1E47F3E37A2020464BED06AA57CE8FCC20C3C3446D46761A2632A8C1283D07031EFF2AE7CCB1BFEEE916E406DFAC8E36FFD99A9D60A6944090EEDC3B670C7DC13DE86B6B2C5C240D6E503BB85ACD579D513F1B9F9A69DC9CC22AFA80C426D40AF0B21EA168559156B6276F
311
0F726A6BFF04DCD513A87A62CAD41FB24FCB2858B3952E3D852084DA25B9303C15687973CC8E8AAE11DF2836C38C6A9E765E8C1BA1BFB1DC29CDFE518C8B5A7655A4ED7E77291ABEB80DBD82EC866ADE1B8D05AF9E35CF09D7A061F38A986D9EC412B8F0F65E5D81534D9B231D1E5A8FE577A241F3A5FD01504B0304140006
311
0808005257925A1004A04F380500005C1700003E00000045414136423143432D464633342D343432342D424642442D4335393736393132384645442F536368656D61732F47656E65726963536368656D612E786D6CED585B6FDB36147EDFAF20F41EC7F69A2005E214768278069665709ABE0A3445D9DCA80B44CA89F7EB7B
311
0E2FBAC4B2A32643D10E33505411A9C373BEF39D1B2F3F3D27926C79A144964E82D16018109EB22C12E97A12943A3EB9083E5DFD7239558AEB07B6E109BDBA7C5CDC902D959360CE535E0866DF07A7579733AAB85D5AF234E2C51DD5B081CA7A87DEE56E47E2D6689E735AD0947194500A22A249308DB6F82682A3782C52A1
311
41BD80E4E54A0A3609622A150F48C16994A57237097451C2DF462738529D3AC5FCFFB5B401988BC78824973CE1A9A628D91CB968BDBAC335B9A4BB379C6ABF5D2474CD7B9F773F7F78C349F055EF13FE2CF856F0A7379CE2BEBCCE6456F8E316A9E66B5E18E4AC77BF5812F5937FDEF0F5BFE3E3C785576D96659253EB5486
311
3A87AB5D98ADFEE24C3B8E38FE48BAE2C062631799EDC8BDDD833C6E88585B9287340B23AEA990CA49B1A473421E81F856D06D9125E45E6F001C4F7F85D6DECA8C6A835753A250DA50DF92F743409CBC3BFA4C6EFCE2618D302A0CEDDB264D93950002937BC66489A18D0A345DD650415124BE376A745EA9F0E016108E328D
311
14C979C1302CD6BC0A4191B2C2C49112FFC0DB51401288D6A44C26C1B87A160AB6A11E5BD862514BE8B3DB750607BABFF6F781D6A74EED6EA7AC28FB3BA68C87AC94B2138A99DB41AE7147A71F56659287340123812054CAEC8965690A74E111C5BCA7260158B0963EC50C07E38FEDDFC5C5C70AB6A915F446D44E46C321E4
311
6087E23E221E2BC0DA6EB440EE6F44E80CE5AE2E2D2F31AD7AB71B8B139AF730773909401FE0D8DC3FCCFCC3D438DC1176062076C3CB4A9D953ACC72CA84867CDA0361E0910F4EF3B109A07D332211C72556825745A215835F47678059E337068E3ACB0E2EA2B507175B0818FD1082EB4D26186F85BAD33464988F1420E1B9
311
E43D522F8452A450106B04F01362BFF1B2BF5059B60F687C9F663A54396722163C7231012E7480FE916910E6572B6D8F4A54CBF92C5CD324A163C8508058D3F16A399B13B348C6830FB5FD47257A1B8D2CF08253EE776B3A72D782D895363D96020B6C18D3C86359B3C6D45E728B4B9D716893D091E4D533045F495D2EFEF6
311
33FF5A660A520A5790765FE52E12F0AC82685E7FFA0398D65528850A132894DDE9F837B1DE48F8A74D487795A482C7122A6DAE377BDC5DC212A465ECD8B03E7E2E208EC88DD9DA89456CFBC477FB798C74389668AB1A75C820AB7568FCBE0B5F94DC9AFF0D038D9F77E49D45B8278FC7177D0DDCE732FA0BCDDB42720FA90E
311
87115FF76375C5696F368AF83103F6A5911FFF03561EE06AD10ABE933AA9DEC398588888137017449E09C377051FCAEED1E8BC3BFA9CB27DA2CFDBF533459F374FC0C4FDECCBF3E06CDC6874E0710421EEAA6CEDBFEE60EB913607436C3F5BBF713F6F42253B9A4A0FD64C08416FA986EB02254B1846D82E7CE2584EBE31E3
311
40E9A8247483F07D5B84AE3A5AE0D4C5B202EE585468BA84105B1F5EC00C16FADB133FB7399F390FCF245CBF9027A137FD26D1D651058D44D9B331A93985CAC2046CB4ED9E0314977128A42C13DB06879A273052525D16BE833B8706BD1269FA69F2B9B109BB55D30D37679986D85848B86F026CF21E74809100180B0D280C
311
36F6015A7DFBD06AEB6F8D503BDCD7DD6DABBBEF54E1FF5EDF0E3AD53C03509B5B816FE9F51BC8026F44DAB82BA989F200C4220B24166C3037854094FD46C5648D9C42F8B07E53687D824917FED3CE56F3FBA68BE3C6853FCD64F4A00BB85831B1243346654A134805AF5CF39A9DFE22C9906A6EAFE8303A5F4AC4FBE63748
311
9CB62EA59B9D529255F326CCC28ECB77F812A7D6E63DF957504B03041400060808005257925A8A56E75334020000A30600004200000045414136423143432D464633342D343432342D424642442D4335393736393132384645442F536368656D61732F507269736D436F6D6D6F6E536368656D612E786D6CB5555D6FDA3014
311
7DDFAFB0FC3E5A5035ED8150015D11DA8AA6F4437B8B2ECE4DB0E6D8C8765AF8F773EC7C4009AC7B184FC6F63DE7DC734F92F1EDAE10E415B5E14A467438B8A6042553299779444B9B7DFE4A6F279FC65363D03EB20D1630193F2FEFC82B8888FED4DC147355144A86337A3519CFC060387E7FB2941673D484A7110DF75F02
311
3125DB722D388B6806C220251A215552EC236A75E9FE7BB62F15FA210677789A2B9D142A4551DF720D0858A353F700D53108F2B4DF62553B5742057653EA0C182620D6982A4A4008F5C69494C82CA650356B226A9C0922B0C7CE1B4FB06816B36631F58B9AD35378AE8DE20C7DABC76409AB5498ADA3AF15771B895436315B
311
643CE398B68D04DDA1C475E1915F409401FE7CB977ADF363A52CE9C02B3FCE239978314B72280A18DDD4325DFF7593269E2D883F24A3C14DD76DAF26C12582AE31462DC68FB0ED545C051993F1A3D5CEF03ECB4A2D6B80B6FE395E55C4F742813D2E91DC28ABD576FF81B146B4B367DA153AE03E31ED85E4BCA01833D4EE09
311
3A1E3D2BAD2A2D25D625D1651A77B6D46EFC7F8D5D44DB869705E43EC53DCA02FC0555C1E2239F649A25959CDAD826A4D5769EEF5ADAD5DD3D3D4DCAE1ED35B2DF05C866429DA1B36FF3EF0FD3959FD3FBA81D02783A9FD52E628BC5AF6ABC6D36FA6D954A17E01EFCFF646B80BF60EB69FAB4B260DDABF443B3EDAC8A9BB2
311
FEE435A8FF28A5CC37128DF99896C1E8FAF8371C76E3885583754E607D7E41E1616EDFC0B2CDC95BDF67C08FFDF073F307504B03041400060808005257925A8FD2BEADA1020000E30900004200000045414136423143432D464633342D343432342D424642442D4335393736393132384645442F536368656D61732F507269
311
736D4F7061717565536368656D612E786D6CED564D6FDA4010BDF757ACF65EA028955A09270A498B90923482243D5A833D8695F6C3F1AED3E6DF77BC6B1B1B4841957A0BA7C5CBBC7933EFCD98C9C56F25D90B1656181DF14F831167A813930ABD8E78E9B28F5FF8C5F987C9A5B5E896C906159C4F1EE7D7EC0564C4EF0B61
311
D58F1C9E4B0C777C783E9982C5CEF59551CAE8EDB57BCDEB6B050E0B0112F21CA1009D60152E542E51A176E088121369C4E7BD4733D414967096972B29928867202D725620A446CBD788BBA2A4EF9EE12D383BECD01CD6D1032ABBCA36D70ED758F83481E353E8C569F05F2B8C52F870EA0A66428B8AF669D17BE43A441FE7
311
0DC5A52B480C9F429A04A40645D51D29DEFFB2D7892053C57717B052E41F002F7BB25D1969421B8DF7430C7285A9E10CA434BF12A335260E53A87C64236EA92419445A90EDBC5AB3E6306D0E97FE20618564369FA1E27FB5312241DF905EAE38A938D81CC84841FDED83581B17DB1C1391094C39EB62B210D2003F812C03FA
311
DBE1DE5B342A35CC9D7104D280B7140F22D9C56C1AAF4129189FD534A9FC1AC82EA633E62FD97870B62DF62092149AE6A6C618B71837E131B118864EF514EF77AC2CC8AABE9836FC717157E59D1A2311C2FCD531A884ADD6441D9185B1AB997F6B2E29F6BB34E0BAFA64D4AAA33E88F868301A8F763E67DBC296D4E1524241
311
939E497253B3313A7EAE9966A3F8EDCAF6D8C95209EDC15849E34B4E039DA2047B8FC5F2B984026F9136555DF656F550F20BB29B16A0927E77105AF858D15A25FB11D2D1669C3A146D6AB6A4D5E017E8FE78EC33781F15BF524E1A9503DD7BDB5CD7C27A5F76DDAFB29CD7CEBA15528A9E9B069FDBC97BA077A0956542EFDF
311
57768DB9DBF805B0EB2782FB1F4EEA65FF8962BD71DBFDB3534E9BFFDD47A7FBA8ABDB5FD6D381C5EB3AC638B87CBBDA55A20DBB7FD7FE00504B03041400060808005257925AF702076DC3010000E60400004500000045414136423143432D464633342D343432342D424642442D4335393736393132384645442F53636865
311
6D61732F52656E6465724D6174657269616C536368656D612E786D6CA554CB4EC33010BCF31596EFF405481C9AA2A64851255E4A816BB438DBD4926347B15BE0EFF1236982021512B925E39D9D9D59677EF3510A72C05A7325233A1D4D2841C954CE6511D1BDD99E5FD39BC5D97CA9359A0DDB61098BF9CBFA961C40443445
311
99637D0F066B0E22C074BC98C7A0319C58A9B254B2435ED23BC2F388AECB4A6089D280B18D139496815152EDDF046711DD82D048498D902B293E236AEABD7DF74D5D839F69EE1D9F48E1F3BF448FC9E6BF144F351E38BEFF9D662D0D16587B77825FAF2195BF515C395B563BC5197A0AE68DCF363BA831CF7C7C8D7F0DA23D
311
42898037B451BA833673DA92BC82D87F636ACFFB0CEC96F4EA30EF9A0FEAB85D91CAED89348D80E9B178DDC3ACFC71D06F2528A182138DD8672E4DC6DC57CF91467432BA985E4DBE3DB399079353607C0A5CDA0B70D4E65A122FA41BAEEF6C272908D315B076451BD55EB0FF9E092E11ACF8C6B5306028F9D5F15EB95426D3
311
1532BEE5D6EC700FBA0C1E94211D7ADC8341143D429D2671564059C2EC72108B4EE3847890CC4697DDF8A708DB01FD7AD8209A41EFC2DCFD7063A504821C7869545188D6C16DF801342CCE6B276363DC8EFA4AFD0E86ED0677C3B77747C7FD3FD617504B03041400060808005257925ACA9777CF77000000BB000000470000
311
0045414136423143432D464633342D343432342D424642442D4335393736393132384645442F4173736574446174612F41737365745461626C654F66436F6E74656E74732E62696E536160603077763171B67072D5B5743373D135313577D4757231B5D435723336307231757473B6341002AACB4D2C492DCA4CCC492C2848
311
4D2C4ACC4B4E050A82012F90744FCD03CA26072767A4E626EA02058831363E20BFB8C4C8C0D014BBF94C40635880581088038A328B73FD0B120B4B5321760000504B03041400060808005257925AC55C663656000000680000004100000045414136423143432D464633342D343432342D424642442D433539373639313238
311
4645442F4173736574446174612F53747265616D56657273696F6E5461626C655D8CBD0A80300C06F73E4B29FE6CDD8A2E82A083B8B7F209014925C9FBA3AEAEC7DD2555D896CB85E51C2A1BD834F6A1F56EC4494C4695278364ABB24ABD2146F88CCEBB89D5321FF8F3F43D672A3B44DF3CB6A1710F504B03041400060808
311
005257925AAF4C5412350100009E0400003600000045414136423143432D464633342D343432342D424642442D4335393736393132384645442F4173736574446174612F636E782E786D6CCD94314FC3301085FF4A6489317152A8882AC71582A51348540C6C57E7D25A75ECC8BE20F8F7D8690650115387AEA7EFEE9E9FFC
311
4EAC3F7B937DA00FDAD9865545C932B4CAB5DAEE1B365297D72C5B4BE19DA31F18CB2CF4D8B0546652ECBD1B87B9D46207A34955A3ED712E3E8480B4859DC1E7EED159424B8165CA40080D0BEA803D1430926B311C8B16088AAAF018DCE815C649A47B9C27298F40D832B92817CBBCBCCBAB7A5B95AB65BDBABD7F173C9152
311
EC9C3333AFE332EF869B45A94E7B992C054F8014A3D733955EC3E45F2A8B9DB68247528A403EBA3277D0D7103B60188C5640D13CEE1421E51142E8053FC152F0E4C22F2F9EB0D356A7964D9406E4FC4B14889E345EA127FFA9BDBC371B1B08ACC26B76E45CE3E57D789D7ED1DB2996536EAE2F2DE71A2F90133E9D92189B74
311
59E437504B03041400060808005257925AF1F7A736E7000000600100006700000045414136423143432D464633342D343432342D424642442D4335393736393132384645442F5265736F75726365732F37434434433842452D394636442D343537412D424435392D3246333032443541464339302F7468756D626E61696C2F
311
302F636E782E786D6C4D90C16EC4200C447F2542EA3181A45D355A11F627F6D44B458937450B1881A9DABF2FB41CF634D6F8C9F28CBC7C7B377C41CA16C3C6E649B00182C1DD866363856EE3CA868B9209911E303604ED6163CD664A1E094BECD60E375D5C739D0DF76E1E102059F31EC3C106E374CE1BCBE613BC9E7421DC
311
21DFA75D939EE62941C6920CD403643DF403268126D8995AC4721AC5CB38AFD7599C4FEBF9F9F54DF2462AF981E83A6F0341C2F8B40883750CF51F217903942CC976AA8560EAE139C9EB52C94CA9E6EF10FDC40AE9189D359A6A4D1C0D018D1502ED25FF8795E42D6F95BF32AAB66ED42F504B03041400060808005257925A
311
A233C2345D000000800000006500000045414136423143432D464633342D343432342D424642442D4335393736393132384645442F5265736F75726365732F37434434433842452D394636442D343537412D424435392D3246333032443541464339302F7468756D626E61696C2F636E782E786D6C4D8B490E80201004BF42
311
E6EE76F3C0F216234B883063108CCF170C074F95AE5473F5C4C06E932E4F28601967600677D21E9D8092EDB002539227A2FCCB80E1168D80A6417297A89C5D6963B7129A0D1E8F2EE73AA7B62BBEB8B27DE50B504B03041400060808005257925ABE89762363000000880000005B00000045414136423143432D464633342D
311
343432342D424642442D4335393736393132384645442F5265736F75726365732F37434434433842452D394636442D343537412D424435392D3246333032443541464339302F636E782E786D6C4DCC3B0E80201004D0AB90EDFD75167CCE820A4A845D83603CBE602CAC26799919AEEEE0D965E2E908050C6D0FCCE04C8BC3
311
55404EB6198129C92351FAD580A10E464065907C8D948F8F166375F655BDC3FDC3B4E530A176BE7057BDC43B2A593FE403504B03041400060808005257925A5BFDBC2FED000000680100007000000045414136423143432D464633342D343432342D424642442D4335393736393132384645442F5265736F75726365732F37
311
434434433842452D394636442D343537412D424435392D3246333032443541464339305F506F7374323031352F7468756D626E61696C2F302F636E782E786D6C5DD0CF4EC4201006F05769483CB6D0EAC66643D947D083272F66A4B32B5960903F46DF5E500EC6D3902FBF4C864F9E3E9D1D3E3026437E63F324D8805ED36E
311
FC6563259FC7950D27252351FEC3D8E0C1E1C65ACC94BC442AA1473B9EA1D8965AE3AF3D7C8C26B98700EF055F82BFB0415B48696349BFA183094AA61DD375DA21C3344F111395A8B12EC9C6615FA22342C69DA9452C8751DC8DF3FA348BE3613DDEDE3F4BDEA492AF44B67BE333460A378BD0549FBEDE24246F40C9124D57
311
ED234CFD3B50F20A944C39D61E3ACC5FA14208C11A0DB9D6C54967CC6345084EF25FAC246FFFAEE3A7943A5B47EA1B504B03041400060808005257925AA233C2345D000000800000006E00000045414136423143432D464633342D343432342D424642442D4335393736393132384645442F5265736F75726365732F374344
311
34433842452D394636442D343537412D424435392D3246333032443541464339305F506F7374323031352F7468756D626E61696C2F636E782E786D6C4D8B490E80201004BF42E6EE76F3C0F216234B883063108CCF170C074F95AE5473F5C4C06E932E4F28601967600677D21E9D8092EDB002539227A2FCCB80E1168D80A6
311
417297A89C5D6963B7129A0D1E8F2EE73AA7B62BBEB8B27DE50B504B03041400060808005257925ABE89762363000000880000006400000045414136423143432D464633342D343432342D424642442D4335393736393132384645442F5265736F75726365732F37434434433842452D394636442D343537412D424435392D
311
3246333032443541464339305F506F7374323031352F636E782E786D6C4DCC3B0E80201004D0AB90EDFD75167CCE820A4A845D83603CBE602CAC26799919AEEEE0D965E2E908050C6D0FCCE04C8BC355404EB6198129C92351FAD580A10E464065907C8D948F8F166375F655BDC3FDC3B4E530A176BE7057BDC43B2A593FE4
311
03504B03041400060808005257925A09EAF1798D000000E50000003600000045414136423143432D464633342D343432342D424642442D4335393736393132384645442F5265736F75726365732F636E782E786D6C958ED10E822018465F85FDF72492A46E8A53C8EBDEA0B944E7426888ADC74F9A5BDD767BF69DB3AFA85E
311
B3464FE596C99A12E20301A4CCCDF693194B58FD803340152F9CB5FE6706C874B32A2160E0C5E8ECFAD851AF866ED581EAC9DC77980A9988AC39E3BC3D499CB0B4C68D6439A6ED9150C9EA56E46433A2A0FC2D5E2F76F194C4EC5B883E8FB66038C8DF504B03041400060808005257925A4E7CCDC7290100004F0500003400
311
000045414136423143432D464633342D343432342D424642442D4335393736393132384645442F536368656D61732F636E782E786D6CCD943D4FC3301086FF4A6489B1F9828AAA72DC818109818089CD38D762D5F685B38DE0DF63870CA960A343B6E4F4C87A9FD7F2F1DDA735C50790D7E83AD694352BC029ECB53B742C86
311
FD6AC38A9DE0841866182B9CB4D0B13C66821F08E3308D7AD8CB68F2D468779C8637682DBA27F50656B24219E97DC7FCF85BCA18B0077F2C7B1964D994041E23294827046D613A4111C8003D136DDDAE57F5D5AAD93C37F576BDD95E5EBFF02A9382BF229A89D72E00E170D1D60AD3A74B816A5E6540F0487AA2B20513F374
311
65EA83578910DC074A2D4C64F81A122987C16825432AAB1AC11F46F02ACB9E28DF8203D26AA9CE27F1CE26FD40DADB799DCBBBEC5F11CF2B7F3FC8F7084BBDF5517E1EF16CF28FE07AA0BBF446494BB354FFBF52FEAF826ADC7D6901E45528BE01504B03041400060808005257925AE3603EBE7A000000C20000002C000000
311
45414136423143432D464633342D343432342D424642442D4335393736393132384645442F636E782E786D6C6DCD410EC2201085E1AB90D9DBEACE05D09878023D01A1D34A8419C380F1F82DA68B9AB8FDFEC93C3D7C52546FCC12980C9CBA232824CF63A0D9402DD3E10C6AB03A3397DD192872090D3406ABE7CCF5B5D188
311
93ABB1690CF4DCF02282E5EA8A5BB96FFE536F285CB347F95BEFFE81C9ED5AFF9D5B1FB575BB00504B03041400060808005257925ACE2D82FC7F000000A300000007000000636E782E786D6C4D8CD10E822018465F85FDF75418996E801394F77089CE89D0485A8F1F342FBAFAB6B3EF1CD67C368BDE26BC16EF3890D30590
311
710F3F2E6EE610F70957801AC182F7FBDF0D901B36C32163106C0E3E3E0F349A69883653BBB8F5807DDB96922885B5BE524C6941B1D4B2C3EA56DFCB9A1495EEBB649CB392E6D74B9BF3E20B504B03041400060808005257925A1E7A0675A400000032010000130000005B436F6E74656E745F54797065735D2E786D6C9590
311
4B0EC2300C44AF1279DFBAB0400835ED02B8011708C16D239A8F121795DB93D22D20B1B467DE8CE5BA9DED281E1493F14EC2A6AC4090D3FE665C2F61E2AED883689BFAF20C9444F6BA2461600E07C4A407B22A953E90CB4AE7A3559CC7D86350FAAE7AC26D55ED507BC7E4B8E025039AFA449D9A4616E739AFD7DE8C8338AE
311
BEA54A820A61345A713E0B17153F7257E37E705E3371913892B25F02FEA0F1FD83E605504B03041400060808005257925A3DEE336E64000000790000001B0000006175746F6465736B2D64657369676E2D7061636B6167652E786D6C35CBC10E83200C00D05F21DCA56CA76D41FC96062B120735B69A7DBE268BB7777961F8
311
D5AF396893C2ADB70FE7ADA196782C2DF776D7A97B5933C430F15651E5469C55D70F80A4992A3ADC954792C525AE70A1E4D6AD9816CC044FEFDF01FE3FDE907802504B03041400060808005257925A45A7F284F9000000960100003700000045414136423143432D464633342D343432342D424642442D4335393736393132
311
384645442F4173736574446174612F636F72652E786D6C8550CB6EC32010FC156BEFD8E04782224C143FFA053DF5866CE2A0C460F1A8FAF985C495DA534FBB9A9D99DD1D76FE5A1FD9A7B44E19DD02C93164524F66567A6921F82BA2909D39B3C6F85F34C8B458650B0906CE166BC2B64393D15EEA846A33CB1D14CE490FD9
311
F4884D0B6EBAC955E422F8C870F77C13D35D2C3227F98BC759086ADEA56A8E6EEAAAA405DE74C348CBAE446F048FA81EC60E75C3B1471525FD811EEA1EE30B2B929833AFD69FED9395C2CB197889CB06E11A11FA4EF0A9A1A7EAF8C18AC4E4CC791B7FDE97A6EF805FD2D583F08215AFE91FD7B0CDFFBB06A57D55EEAE2F85
311
034EE291CF0167454A29966784B1A644F937504B03041400060808005257925AC44CE24EF40000008E0100006800000045414136423143432D464633342D343432342D424642442D4335393736393132384645442F5265736F75726365732F37434434433842452D394636442D343537412D424435392D3246333032443541
311
464339302F7468756D626E61696C2F302F636F72652E786D6C8550CB6EC32010FC156BEFD8E047624598A87EF40B7AEA0D01715162B00C54FDFC42EC4AEDA9A75DCDCECCEE0EBD7E2D8FEC536D4E5BD301C93164CA082BB5993B08FE865AC8AE8C6ED6FA5F34C80C5F5407090646E7CD86F58084355E99841A2BD50172E794
311
874C3C62D381131F6AE1390F3E32DC3D5FB9B8F359E524DF798C86A0E521D532BAE99B561BB0A61FA7B6EC4BF44AF084EA71EA513F9E0754B56438B5A77AC0F8851649CCA8D7CBCF76B129EE950456E2B241B846A47D23F8D2B497EAFC4E8BC464D4F92DFE7C2C4DDF01C3B4D8D13F6E6195FFBB056D7C551E6EBBC20123F1
311
B8E780D122A513CB33BA585392EC1B504B03041400060808005257925A2569C386FA000000960100006600000045414136423143432D464633342D343432342D424642442D4335393736393132384645442F5265736F75726365732F37434434433842452D394636442D343537412D424435392D3246333032443541464339
311
302F7468756D626E61696C2F636F72652E786D6C8550CB6E833010FC15B47783CD23419171541EFD829E7A73C12156C0467E54FDFCDA814AEDA9A75DCDCECCEE0EBD7EAD4BF2298C955A3540520C8950A39EA49A1BF0EE866A48AE8C1AADDD2F1A248AAFA2810803A3B3D17E3BA0512B275444959EC401726B8583645C42D3
311
801DEF62E529F72E30EC23DDF8F8E0B34849BAF318F55E4E87544EC14DDEA430C0AAB61FEABCCDD12BC1032AFBA1456D7FEE505193EE549FCA0EE3179A4531A34EAE3FDB4723B81313B01CE715C22522F51BC197AABE14E7779A4526A3D699F0F3B1347E07CCDDFDFAA1B85C68B64FFFB8FA6DFADFD54BE58AFC70DD151618
311
09473E078C6631A5509E11861A1365DF504B03041400060808005257925AFE3C958D0E010000B10100005C00000045414136423143432D464633342D343432342D424642442D4335393736393132384645442F5265736F75726365732F37434434433842452D394636442D343537412D424435392D32463330324435414643
311
39302F636F72652E786D6C85904D6EC3201484AF62B1C7066CC724C244FE3D4157DD219BB828315806AA1EBF90B852BBEAEAA161868F37ECFAB53E924FB95B65740D708A4022F56466A5971A787783142457CE7663DC2F1B48B458650DA20C385B76E3B7439A8C765247559B591EA2B0563A904C8F70A8819D3EE42A52E15D
311
70D87BBA89E92E1699E2F4E5E3CC7B351F513587D7D44DC91DF0B2ED074A5A02478C0658F4430BDBBEEA604E7177A2A7A243A861590C73E6D4FA439F76299C9C01278894101510D3378C2E25BDE4D53BCBA29333EBF6B0F3018DDB015E757DD1D17680E7F1D4C3A2AC9A802BCF908C39227DD98CDD19B1EC15FC03F4DBFC3F
311
D02BED7272005F090B380EFF7F5E7096C502C378B61B662C9B7F03504B03041400060808005257925AC44CE24EF40000008E0100007100000045414136423143432D464633342D343432342D424642442D4335393736393132384645442F5265736F75726365732F37434434433842452D394636442D343537412D42443539
311
2D3246333032443541464339305F506F7374323031352F7468756D626E61696C2F302F636F72652E786D6C8550CB6EC32010FC156BEFD8E047624598A87EF40B7AEA0D01715162B00C54FDFC42EC4AEDA9A75DCDCECCEE0EBD7E2D8FEC536D4E5BD301C93164CA082BB5993B08FE865AC8AE8C6ED6FA5F34C80C5F54070906
311
46E7CD86F58084355E99841A2BD50172E794874C3C62D381131F6AE1390F3E32DC3D5FB9B8F359E524DF798C86A0E521D532BAE99B561BB0A61FA7B6EC4BF44AF084EA71EA513F9E0754B56438B5A77AC0F8851649CCA8D7CBCF76B129EE950456E2B241B846A47D23F8D2B497EAFC4E8BC464D4F92DFE7C2C4DDF01C3B4D8
311
D13F6E6195FFBB056D7C551E6EBBC20123F1B8E780D122A513CB33BA585392EC1B504B03041400060808005257925A2569C386FA000000960100006F00000045414136423143432D464633342D343432342D424642442D4335393736393132384645442F5265736F75726365732F37434434433842452D394636442D343537
311
412D424435392D3246333032443541464339305F506F7374323031352F7468756D626E61696C2F636F72652E786D6C8550CB6E833010FC15B47783CD23419171541EFD829E7A73C12156C0467E54FDFCDA814AEDA9A75DCDCECCEE0EBD7EAD4BF2298C955A3540520C8950A39EA49A1BF0EE866A48AE8C1AADDD2F1A248AAF
311
A2810803A3B3D17E3BA0512B275444959EC401726B8583645C42D3801DEF62E529F72E30EC23DDF8F8E0B34849BAF318F55E4E87544EC14DDEA430C0AAB61FEABCCDD12BC1032AFBA1456D7FEE505193EE549FCA0EE3179A4531A34EAE3FDB4723B81313B01CE715C22522F51BC197AABE14E7779A4526A3D699F0F3B1347E
311
07CCDDFDFAA1B85C68B64FFFB8FA6DFADFD54BE58AFC70DD15161809473E078C6631A5509E11861A1365DF504B03041400060808005257925A43F1BFB017010000BA0100006500000045414136423143432D464633342D343432342D424642442D4335393736393132384645442F5265736F75726365732F37434434433842
311
452D394636442D343537412D424435392D3246333032443541464339305F506F7374323031352F636F72652E786D6C8590CD6EC32010845FC5E28E0DD8C424C244F1DFB9879E7AA9904D5294182203551FBF90B8527BEA69D130BB9F66F8F16BB9659F6A75DA9A06E01C814C99C9CEDA5C1A10FC1932901D055FADF5BF6C20
311
3372510D483210FCB2DA70DFA4C91AAF4C528D9DD5264AE79407D9748B8F06B8E9432D3297C14787BBE677395DE545E5387FFA040F41CFDBAA9EE3357DD66A0582B6FDC0484BE088D100AB7E6861DBD71D2C19EE766C5775089D78919605F77AF9A14FAB925ECD401044284415C4EC15A3036587B27EE345720AEEFC1A336F
311
D0940E88BAEBAB8EB503DC8FBB1E56B43E451CDD43329688F4F434767BF4FE629D2708535E3C2FFC2187FBFC3F3968E34BB2919F1B0E081C833C3E042F5293713C6A8E33B52EBE01504B03041400060808005257925AD1FB95D9FB000000960100003700000045414136423143432D464633342D343432342D424642442D43
311
35393736393132384645442F5265736F75726365732F636F72652E786D6C8550CB6EC23010FC9568EF4EEC8440841CA386D00FA87AEACD729660416CE447D5CFAF0DA9D49E7ADAD5ECCCECEEF0C3D7722B3ED1796D4D0FACA450A05176D266EE218633E9A03808EEAC0DBF685018B9600F1906C16767E37D859435014D468D
311
9D7005A5F718A050B7D4F4E0D5051759CA1812C35FCBBB54573963C9CA274FF018F5B44AF594DCF459A303D10EE3A9AB879ABC327A229BF1349061DC1D49D3B1E3B6DB6E8E94BEF02A8B050F7AF9D9AE1CCA8013889AD62DA11BC2BA7746F76DB76F761FBCCA4CC17D70E9E77569FE0EC41B7A1B9D42CFABE7F48F6BBC4FFF
311
BB466D4253AFAE4F8507C1D2918F81E0554E29954784A9E644C537504B03041400060808005257925AC84C5FCEF8000000940100003500000045414136423143432D464633342D343432342D424642442D4335393736393132384645442F536368656D61732F636F72652E786D6C8550CB6E833010FC15B47783CD23419171
311
541EFD81F6D49B050EB1126CE447D5CFAF0D546A4F3DED6A76667677E8F56B79269FC258A9550324C5900835EA49AAB901EF6EA886E4CAA8D1DAFDA241A2F8221A8830303A1BEDD7031AB572424554E9491C20B7563848C667681AB0E35D2C3CE5DE05867DA42B1F1F7C162949771EA3DECBE990CA29B8C99B140658D5F643
311
9DB7397A257840653FB4A8EDCF1D2A6AD29DEA53D961FC42B32866D4C9E567FB680477620296E3BC42B844A47E27F852D597E2FC41B3C864D43A137E3E96C6EF80BD6D775A9AEDB33F9E7E9DFEF7F452B9223F3C77850546C289DB80D12C6614CA1660A8314FF60D504B03041400060808005257925AF877003504010000D8
311
0100002D00000045414136423143432D464633342D343432342D424642442D4335393736393132384645442F636F72652E786D6C9591DD72832010855FC5D97B54FC494C06C944139FA057BDA3B2B14C2238829D3E7EA1DA697BD75EC11CBEB3CBD965A7F7F111BDE16C95D135D0388508756FA4D2430D8BBB910AA21367B3
311
31EE0706911623D61064E06C98CD326D526FB4431D546D246EA2B0161D44FDC35F6AB0FD2B8E22168BF384BDC793E8EF62C098C62BC79953E397B59F513894C0B3342B495A105A3DD1F45856C77CFFCC924072B628EDF26C6B86E30BCAC84CCE47025EE62C599F3DB628B9414AFA4FAA9BC219F8F57CDE35B46D49D7E50529
311
8AAC204DD75C485B1EF6BB03CDAAEE7AF145BC9933EB663F9AAD4818C25FEDABF157B46592FF8CB63A2C70FA1D2A0973E62CF95C823FC34EF807504B03041400060808005257925A3C50953608010000B201000008000000636F72652E786D6C8D50CB6EC32010FC15B4776CF023B1224C54DBE917F4D41B35C441B1C13238
311
6AFFBE10BB527BEB69D1CCECCE30ECFC398DE8A116A7ADA98126049032BD95DA0C35ACFE8A2B4067CE166BFD2F1920232655438481B361B1EBBC43BD355E99881A2BD50E0AE79407D48FE15183EB6F6A1289587D50B87B328BFE2E0695D064D371E6F5F4B3DA2F4A78258167242B312930ADDE283995D5293FBEB3342A395B
311
572D772B2D83BBBE6AB5002F9BEE52654D865F29B9E0A2BB34B8E98E2DCE2BDA1EAA43D112F2C2D2B8CC99F34BF8F37E24E4F4C88947F465E94671F661EDB80B422889AC19BF80139646E24FE87596FF08AD8DCFB3FDE0B6E180D310E84904E3D86018CF7AC38C6DF36F504B010214001400060808005257925A2BA5AADE61
311
010000B80200004F000000000000000000000000000000000045414136423143432D464633342D343432342D424642442D4335393736393132384645442F4173736574446174612F446566696E6974696F6E4974657261746F7250726F706572746965732E62696E504B010214001400060808005257925A954A2985E80100
311
00500400004500000000000000000000000000CE01000045414136423143432D464633342D343432342D424642442D4335393736393132384645442F4173736574446174612F496E7374616E636550726F706572746965732E62696E504B010214001400060808005257925AB5A795FFE3790000DE7900006B000000000000
311
000000000000001904000045414136423143432D464633342D343432342D424642442D4335393736393132384645442F5265736F75726365732F37434434433842452D394636442D343537412D424435392D3246333032443541464339302F7468756D626E61696C2F302F67656E657269635F706E67504B01021400140006
311
0808005257925AD3C0D80E98720000B07200007800000000000000000000000000857E000045414136423143432D464633342D343432342D424642442D4335393736393132384645442F5265736F75726365732F37434434433842452D394636442D343537412D424435392D3246333032443541464339305F506F73743230
311
31352F7468756D626E61696C2F302F507269736D4F70617175655F706E67504B010214001400060808005257925A28BB58AF800100009E0500003D00000000000000000000000000B3F1000045414136423143432D464633342D343432342D424642442D4335393736393132384645442F536368656D61732F436F6D6D6F6E
311
536368656D612E786D6C504B010214001400060808005257925A1004A04F380500005C1700003E000000000000000000000000008EF3000045414136423143432D464633342D343432342D424642442D4335393736393132384645442F536368656D61732F47656E65726963536368656D612E786D6C504B01021400140006
311
0808005257925A8A56E75334020000A3060000420000000000000000000000000022F9000045414136423143432D464633342D343432342D424642442D4335393736393132384645442F536368656D61732F507269736D436F6D6D6F6E536368656D612E786D6C504B010214001400060808005257925A8FD2BEADA1020000
311
E30900004200000000000000000000000000B6FB000045414136423143432D464633342D343432342D424642442D4335393736393132384645442F536368656D61732F507269736D4F7061717565536368656D612E786D6C504B010214001400060808005257925AF702076DC3010000E60400004500000000000000000000
311
000000B7FE000045414136423143432D464633342D343432342D424642442D4335393736393132384645442F536368656D61732F52656E6465724D6174657269616C536368656D612E786D6C504B010214001400060808005257925ACA9777CF77000000BB0000004700000000000000000000000000DD0001004541413642
311
3143432D464633342D343432342D424642442D4335393736393132384645442F4173736574446174612F41737365745461626C654F66436F6E74656E74732E62696E504B010214001400060808005257925AC55C663656000000680000004100000000000000000000000000B901010045414136423143432D464633342D34
311
3432342D424642442D4335393736393132384645442F4173736574446174612F53747265616D56657273696F6E5461626C65504B010214001400060808005257925AAF4C5412350100009E04000036000000000000000000000000006E02010045414136423143432D464633342D343432342D424642442D43353937363931
311
32384645442F4173736574446174612F636E782E786D6C504B010214001400060808005257925AF1F7A736E7000000600100006700000000000000000000000000F703010045414136423143432D464633342D343432342D424642442D4335393736393132384645442F5265736F75726365732F37434434433842452D3946
311
36442D343537412D424435392D3246333032443541464339302F7468756D626E61696C2F302F636E782E786D6C504B010214001400060808005257925AA233C2345D0000008000000065000000000000000000000000006305010045414136423143432D464633342D343432342D424642442D433539373639313238464544
311
2F5265736F75726365732F37434434433842452D394636442D343537412D424435392D3246333032443541464339302F7468756D626E61696C2F636E782E786D6C504B010214001400060808005257925ABE89762363000000880000005B000000000000000000000000004306010045414136423143432D464633342D3434
311
32342D424642442D4335393736393132384645442F5265736F75726365732F37434434433842452D394636442D343537412D424435392D3246333032443541464339302F636E782E786D6C504B010214001400060808005257925A5BFDBC2FED0000006801000070000000000000000000000000001F070100454141364231
311
43432D464633342D343432342D424642442D4335393736393132384645442F5265736F75726365732F37434434433842452D394636442D343537412D424435392D3246333032443541464339305F506F7374323031352F7468756D626E61696C2F302F636E782E786D6C504B010214001400060808005257925AA233C2345D
311
000000800000006E000000000000000000000000009A08010045414136423143432D464633342D343432342D424642442D4335393736393132384645442F5265736F75726365732F37434434433842452D394636442D343537412D424435392D3246333032443541464339305F506F7374323031352F7468756D626E61696C
311
2F636E782E786D6C504B010214001400060808005257925ABE897623630000008800000064000000000000000000000000008309010045414136423143432D464633342D343432342D424642442D4335393736393132384645442F5265736F75726365732F37434434433842452D394636442D343537412D424435392D3246
311
333032443541464339305F506F7374323031352F636E782E786D6C504B010214001400060808005257925A09EAF1798D000000E50000003600000000000000000000000000680A010045414136423143432D464633342D343432342D424642442D4335393736393132384645442F5265736F75726365732F636E782E786D6C
311
504B010214001400060808005257925A4E7CCDC7290100004F0500003400000000000000000000000000490B010045414136423143432D464633342D343432342D424642442D4335393736393132384645442F536368656D61732F636E782E786D6C504B010214001400060808005257925AE3603EBE7A000000C20000002C
311
00000000000000000000000000C40C010045414136423143432D464633342D343432342D424642442D4335393736393132384645442F636E782E786D6C504B010214001400060808005257925ACE2D82FC7F000000A30000000700000000000000000000000000880D0100636E782E786D6C504B0102140014000608080052
311
57925A1E7A0675A40000003201000013000000000000000000000000002C0E01005B436F6E74656E745F54797065735D2E786D6C504B010214001400060808005257925A3DEE336E64000000790000001B00000000000000000000000000010F01006175746F6465736B2D64657369676E2D7061636B6167652E786D6C504B
311
010214001400060808005257925A45A7F284F90000009601000037000000000000000000000000009E0F010045414136423143432D464633342D343432342D424642442D4335393736393132384645442F4173736574446174612F636F72652E786D6C504B010214001400060808005257925AC44CE24EF40000008E010000
311
6800000000000000000000000000EC10010045414136423143432D464633342D343432342D424642442D4335393736393132384645442F5265736F75726365732F37434434433842452D394636442D343537412D424435392D3246333032443541464339302F7468756D626E61696C2F302F636F72652E786D6C504B010214
311
001400060808005257925A2569C386FA0000009601000066000000000000000000000000006612010045414136423143432D464633342D343432342D424642442D4335393736393132384645442F5265736F75726365732F37434434433842452D394636442D343537412D424435392D3246333032443541464339302F7468
311
756D626E61696C2F636F72652E786D6C504B010214001400060808005257925AFE3C958D0E010000B10100005C00000000000000000000000000E413010045414136423143432D464633342D343432342D424642442D4335393736393132384645442F5265736F75726365732F37434434433842452D394636442D34353741
311
2D424435392D3246333032443541464339302F636F72652E786D6C504B010214001400060808005257925AC44CE24EF40000008E01000071000000000000000000000000006C15010045414136423143432D464633342D343432342D424642442D4335393736393132384645442F5265736F75726365732F37434434433842
311
452D394636442D343537412D424435392D3246333032443541464339305F506F7374323031352F7468756D626E61696C2F302F636F72652E786D6C504B010214001400060808005257925A2569C386FA000000960100006F00000000000000000000000000EF16010045414136423143432D464633342D343432342D424642
311
442D4335393736393132384645442F5265736F75726365732F37434434433842452D394636442D343537412D424435392D3246333032443541464339305F506F7374323031352F7468756D626E61696C2F636F72652E786D6C504B010214001400060808005257925A43F1BFB017010000BA01000065000000000000000000
311
000000007618010045414136423143432D464633342D343432342D424642442D4335393736393132384645442F5265736F75726365732F37434434433842452D394636442D343537412D424435392D3246333032443541464339305F506F7374323031352F636F72652E786D6C504B010214001400060808005257925AD1FB
311
95D9FB000000960100003700000000000000000000000000101A010045414136423143432D464633342D343432342D424642442D4335393736393132384645442F5265736F75726365732F636F72652E786D6C504B010214001400060808005257925AC84C5FCEF8000000940100003500000000000000000000000000601B
311
010045414136423143432D464633342D343432342D424642442D4335393736393132384645442F536368656D61732F636F72652E786D6C504B010214001400060808005257925AF877003504010000D80100002D00000000000000000000000000AB1C010045414136423143432D464633342D343432342D424642442D4335
311
393736393132384645442F636F72652E786D6C504B010214001400060808005257925A3C50953608010000B20100000800000000000000000000000000FA1D0100636F72652E786D6C504B050600000000230023003E100000281F01000000
310
504B03041400060808005257925A000000000000000000000000370000006662782F43434631354643322D344135452D344637452D383839382D3646314437383345423338452F617474726962757465732E62696E504B03041400060808005257925A000000000000000000000000350000006662782F4343463135464332
310
2D344135452D344637452D383839382D3646314437383345423338452F76657274696365732E62696E504B03041400060808005257925AF270F1330600000004000000360000006662782F43434631354643322D344135452D344637452D383839382D3646314437383345423338452F747269616E676C65732E62696E6366
310
60600000504B03041400060808005257925AB5A795FFE3790000DE790000420000006662782F43434631354643322D344135452D344637452D383839382D3646314437383345423338452F7265736F75726365732F322F305F67656E657269632E706E6701DE79218689504E470D0A1A0A0000000D49484452000001000000
310
010008030000006BAC58540000000467414D410000B18F0BFC6105000000017352474200AECE1CE900000192504C5445818181B3B3B35A5A5A4848486060605C5C5C6464648383835E5E5E6262624E4E4EAFAFAF4A4A4AB5B5B54C4C4CB1B1B1858585B7B7B7585858ADADAD7C7C7C464646787878ABABAB747474A7A7A768
310
6868707070B9B9B96E6E6E6A6A6A8B8B8B666666545454565656A5A5A5505050A1A1A1BBBBBB8F8F8F9F9F9F4242425252527676764040403E3E3E9B9B9B7A7A7A8989897E7E7E9393939797974444448787873C3C3C727272BDBDBD3A3A3A6C6C6CA9A9A9A3A3A32020209D9D9DBFBFBF8D8D8D9595959191912626269999
310
992222222424241E1E1EC1C1C1282828C3C3C32C2C2C2A2A2A2E2E2E303030C5C5C53232321C1C1C363636383838343434C7C7C71A1A1A0E0E0E121212484A484C4E4C1616160A0A0A4A4C4A787A781414147C7E7C9193915E605E464846838583878987B1B3B18587856668665A5C5A626462818381A7A7A5A3A3A1B1B1AF
310
ADAFAD7072705C5E5C9D9D9BABADAB7E817EB7B9B7585A58BBBDBB4C4C4A8D8F8D747674B5B5B3B7B7B59FA19F606260ABABA9A5A5A39B9B99A9A9A78F8F8D6C6C6AC7C7C5451AD12700002000494441547801DCBD89771BD7B5A70B8EE04C702641712605CE034890E220088028C93245451215B713AF388E7DFD9EEDB8DD
310
CE6ABFF4B57D97137BE50FEFEFDBA74049B6AEED74869B7E87404D2814EBB7F76F0F67A8835CEEBFA0E42B854AA5B2BB5B6BCC951A8D52A93657A914FE0BEEE39FFE2FF395B9B9C6CAD2D4C4606F4B7FFF8D1B37EEDCB97587F7CD9B4343BD134BABE7DB48E3FFA7A228ECD6F6574E4786C0FC8B5FFCE2CD5FFCE297BF7CF3
310
CD5FFC92B52FFE58BFF9E69B776E0EF5F79E55CBBBF9FC3F5D3DFFB07F5898ABAF7CDA3B74E74EC0CE20230561BF096E97E05712BFFCC59BC80539DCE83DDD6E54FE61B7747DE17FB8980BBBFB2BBD4337DF487881AAE6C5ACC6AF25207877B2B527BFF1CB3B77FA47561ABBD7F7FA7FE146A5B6BD74E3164C7F51449AE95D
310
B412200EC539418717E7F2F11B376FF62E95FEAF1442BED0581DBCA1BD2780D23F506AFA16E1A7AD974EF17876F00DD7BCB187A1A97AE51FCED5BF2BC1F2BBE5B3C19BE27B43CF26DE00933658FE129B109C2FFF922CC22C4260FA01BEFB462A77DEBC35F42F600C3F5B0795D2E9E02DAD5E650B4438A92801B65C35CBAB7B
310
1EE5041CE69D3B6F1822DFB873EBD6AD3B6FBC71EBC6C86AE967DFC2DFA4CEBFF1BF54F6276EBC114E2F43FEC60B01A0D440A868B2920E5C4BC10D60931ADCB871F3268B21D3851B08E1D6AD9BFD4BF57F7577909FAB86F29B982571136AF01DF5FE32AC3BD9406CAAF2440A54CF176EDD01FBADA1FEFEFE21FE4C9858DFF4
310
183458A9FD2B6708A5A5A137E0EE1D11A9EC0C7C58B2C73C0AD6B479BD76B7790CF899E287FA5B06FB7B07C9195B7851FA8794031EF1FC5F9406BBFB23375420286399B631E93B08022A785C4DBF9996EC3551874094D71B6F487E80F6837E50F483BDBDBD83232323AC420A18C68DA196EDDADF68A77F938F78FD972BABBD
310
B7B87FB164AC6FC2CB760365821ACB74AED44FFAD7E7431ECD7E08AC421F391D199998989A383D9D98E8E56F84A318C58D9BFD2DAB73FF5222C8EFAEF4DE7AF30D756E5108683DA471E70D0502099A7240F19E4089D3FD203E620F1B47BF43501E85031AE44B4B9F2E4D2D9D4D51D8970983FA861B3706FF950CA170DE82F6
310
B312CC4F42C8966295F7D725ED29882415DC055F36DEA1FE96FEC141493F05FAA9A9A5A595B333DED5B3D5A533F62183323032F46EFF13EA0AAFA5FBF7C8976F8C10F7280A014832593B90004D52341980D907EAEB73411EB2F1EBC9F507F92746C40E7AE0AFAE54292BAB2BAB67CAE0746264A277B06508168C94BF772BE9
310
765F7BF0B548FE1E07F3B5A521340A5CB5297C4B12811B89E82191ECF3E41B3259C529F135E23CF4C7F961FB13537F5A02ECCAEA76B5BA5D3D3FDF3F2FEFEFB3AA22053E5008833428DC6C59FA2F770595F311F235D427F379BB8A121BD901B96076A388DC4C3C61C7933CCCD770FF375A6E0CE9F535FE2534BF5ADD3E3FAF
310
D71BF57AA951B6D4CFEBFB8864758A26154430080B06ABFF557610ECC93726224F155D1471041E0D42F82F4891C926C1355B0831649FF365F46FF05300A7A790BD8ADEEB0D4AA9569A9BDBADCCD56AA55AE377F5F3F3EA2A34983A1DE91D810543138D7F28E57FF4E2B5335A3928B76EA1CB9B00BF158C8F63A2E788826896
310
D0B5E7C461949ECE089144F8EBEFC7FB4D8C9C4E9DAD60F7FBE572B416C2F2423ECF8B86C439E450DA970634ACFDA977629098D0B2FAF313A36B3869E37AF7853378CDA1171FBEBA95DF1E44FD5144A420588641B0055A79ED91CC0DC41E27064512FB33F1F04D09D0D2DF0203A646A6CECE80DF28356A348CED8C4F1EF137
310
B9319E1BCD29867CA556AA97F7B757567006A447FD375A26CAAFDED9CFDCFB2BB0BEEE8AA5911BC2C7F85DF88A3775389990AA72219D582409210F85A4E66F2987D875C30848023088FDF77E87F96FD7CBA5B9DCCEF4F4C9FC7C676777577B7B7B67E7ECCCE4E8DEE85E81A6D55AA3BC7FBEB242589CE8ED4770E785D7DDE2
310
3FF2587EBF57F50B9E820527316488E5C32D50F979BCA58207297E2B6D658702FFCD211840FE43FC9F3A5BAD9E97E6F21B9FCF16BBBB3A3A5A175B5B1787875B5B3B86DFEFFC687A72674F19D46A8DFDF3EACA59E405375ACE76FFA922C817CE86A89BDD92F400F2C55B7462F610459837D3A61ACF50C7471C8F2F2A9D38C3
310
DA2F068007F80EFCDBFBE5DCC674B1D83EBCBEB8BCBCBC3ED0D3D333D0B3DE33BCBEB0D8DA35FBF9F8CECE68AE020BCE61C112A4C1138CD47F9AD13F7DC6AB9CF9CFCFAF9D0E01FFE6CD503F5B91C5218E2899CA15098714848B04FCE5654884ABF0E554F11F6C21D73D5D5AADD64B7B9327DDAD8B0B7D7D6D6D07070763BC
310
0F3E38E8EB4310EBEB8BC3DDB347E3E37B5842B97C4E44A0C630427E5CFDFB71E03F471E12CA9FF70E055AE141042DD81234B879EB4606361D9328149037D7D76A571A7E974FA20AD0323832713AB5BA7ABE3B3E3D3FBC30307070B0B9B645D93C3CDC3CDCA41CFC6AAC2D64D0D579B4B1B397A7C1BDBEBD7D36657A3CD4B2
310
F44F4909F2B9CA597F4245C59DEC354316F0587020D0C661742BC02869435FD12CF195C422DB3C5A3E2305C000CE6B7B27ED8B7D63079B5B5B878787C787C7C7C757C76C51B60ED60EDAFA06D67B965B3B672677080BB5329E60E9B477847AE2E9EB53E35779FD37EFCD2D0DDD68AA355B6B0D81860502B8B68C801F5C697E
310
9AD62F4B406244CB975560BAC756AAA577675B07C6D03778C17E7C95CAF1B3ABABE3E3ADADE3CDB1B1B6B681014470343EBA979F8B90383545727C63E43549D14FD0F927E5F1FDEFD7263058FE02EBCD1BDCBCA053496BD58E69BC44F9F854D4D979AE9ADB908824382AC1D4014E9756EAF9CE85B6B54DB01F02F8EA5908E0
310
D9D5F1B3E72188C3C3AB67879B07C8A0A767B8B831FE5E7EB754DEAE5261460243FFF07858D8EF0D658BDC563A2C5EF5833C13C90B69248C4DD97842B61DFA7F210A2F6108A0F96B62E2D3B3F3DD939EA47E30ABF5AB2B903F4BE5F9B36757CF65021E616DAC6F60A1FB647274B4B05B2E5341B082D43278F67D8DFDA48AFF
310
9A13F22B34C7586C9992BA6E66CABC190E313E7C811AA57304B421A75B289B9D174CC868C24548823E230B9A5A2DCD2CAFE1F98E61C015CA7E96B083FC59F3ED06EE60F360B3AD6F79787ED278D0A86FAFE00BA9220EAEFE1D5DE1F7855939C3FCC1332426B377F692406E022C010DB437EF009803F0DCFD3B7C94440571D8
310
F2C328F115F47FD324802070BAB43FBA80EFDB92FCA1F7E7CF9FA875CBB327CF9EB08C4DE4815BC4210E2CB7CF1CEDECEDCED5B757490968286899FAF95583BF46F9393CEE6A86D6F618CAAD9BFF0BE22B042412C5CFB50556815CC5BBE33E9F61ECEC26A9BCB8145FD10590078F9C9E953B513FAE1FE387FAC246E14F9E3C
310
E7F5F8194BD6594140876B6B84C5D6799C61A16434201E5237582AFD75C07EEED9863F463284E2E13425A036BD41061259289B6BDC1ED656FC8B8592C9D00701E27CEA749F0D8EF44EAD8C1F80FFF8F8F9D513191F6803384C800097F24069C407CFAE88136B7DCB3D5D4A60B711F19070D83235F77331FD35E71596688903
310
8E2E0B346EAB7936C4162043E1A1F144093695443A570144898BC4079CEF1912809A3035A1D3F361235F90FFF1E3E0FB93C7E2750719F88E7D8E68123883ADB5B18185AE99F1D11C1238A792DC4BEDE8EC6FF503DF377E0445F68FAF4E08D43082D02170F30131A154206CC559A8D9CFDD762B31273E4947A581E0D9BB71E3
310
3FFA07CD02CE2A6BE1EC80167497F2A81CFA3F7EFE58D0CF5D5D170DE4F89070B0BC4040CC17BEAC6B0586C3D3FF0309BC06F44B04A1E13729929B4DF73C44070692C810B08AC3012E8EE9EAE22067796288C193B2139B970B86F47FAD0F98382B1E035D9C32FD318A4FAFCB274F2E1FA772F94411B0CD42493C23393A685B
310
5FEF3E1ACF554AF5F3552A478383374E6B2FDDFC4F6DFE38F4F4ED7A7FE838F488EA852482F412D3CB07E293D02C9F074F12E84C5AAC423271450572A385449844706475FD38DC3C22486A0639E5F1E38B0CFE93CB4B25910EF309A2224BD8DAD40C682C28341AD69047E8539A6AFC14EC573F7FAD10AE0FE6EB13E87B28E0
310
93B513B5803514DE408809BC12A14876DE0A25F643009E9176D9F0C330164285A7444DC8CAF0E9FE41429EE0A2F6A6DE91C0856C501272404A8468822E24C807030B1D33D40D4AFBDBABB411D093D88C86D7205E05FC57EDD1F805FA4CED5920F0CED39157E007CE21757C5DE440ECBCB46CD283E378029B43FB077B4F47E6
310
0E9F61E8D01BE017D7E843EB49F50A2028F1E442FCC90C9EE308E4C0C2C94EAE30B75FAD3A0EAFA57FE9EF960F14BE15638840EAF3BA490BB6850EDB38EECAFD21A0C746D0C4234DBD035EFC7EDD121FA585FAB73DB89FE6A03CF833AB0730E5E2F1A36CE3F202A128934B44E396961121E1F2C9F32BFCC0C140CFE22C1CA8
310
E109B182919696BFB98120234F61B59F7BF46EC30CF067B21A33B0FB3E402448EE266CCD93135A8E823DB31F85E677434E608F53F8100BC0098EA2FD6BC01770E0F2F2D1E5452A711C4BB8486248FAD756D852026B6DC90A2AA5C6B69E9068B8F27AFABFFEE8AB36F1D23985D5960014FD711940800B560250D2272CC54FF1
310
D3A660B275AC3881E349689C1616E1E9044129D032313509DE4700BC867C71F128C400159407C761022BA8A040F40A244788808C60B3AD67A17576279F6F946923191921B0545FC2F12AC0EFEFBD7262B6935679FC7F80629160ABFAEC88E8430E76D82A8DE62ACE50BD4A42FBF03B387B37FD321B37E31C3F063D99703F51
310
60E6C9E5A300CF32A91E0A085A29C0FC507F6C21012303C6104B82C1F1E156DB3229D1A855A32A8352C9077AF733A0AFE0FB3EF81FDF2F0F82C21B0EB06998866878B103305E31EC17F4FD43831E570A2118D1667632D4FFFFB125782F96168A833DBE78C3F11F8383A79D49F58F1E3DBC780417AE6581381E8610604888E2
310
913E12492881274822C221AD04CB0B1D273B8542837460898C686864FF6F801E8269F40AD0481DFAF5E6E9C1F3BE391C325004DF0746A4E4448F7B52C0D5EAD39EC46896B888C4210D68E99DFA2820DF7FF850EC407EB55C3EBC5028611409BFCB8889C90F1C52355AEF98B18100094C9D0EF6F64FD47E5CBF3FF5293DDFB4
310
B50DDD54F351446FA1F14580DC3902C085F593CB24ACC917B213BBC11B3F0A61042FD8B24F4FB9C4556D0CB9E1A880DE89934CE9607F18F81FDD950DD0E1D143F41D56110E227C250621FF098838042BC85B5B6BCBCBC31DD37B34966E9FFD9936A2FEFEA9EBA4182E5CD3E17AE35501FCE0707E5525A7DBC64DFD077825BE
310
37CE0BBE1BBEC061410C660B6E49912665E2B3749C7C9F93834022F74CDE6CA5EB501D9CBC04B768292C5CCB84478F3CA83074092C6082169015E5800D5839DC6C1B58EFE83ECA513BDE3EFB8EF1242D2D4B3FD55AFE03D42F8492AF8A3F21444FA2FA9ABBF525EAF84C09F0168527B0138A85D1EC0443C467B28BF844EAF7
310
6323BE13D7C11F72FED783837B970FEFDE7D7817E077C17EF7E2A1C2C0FE851FE4C008388C15E818958746129E1009D054B67530D6B3D8DA3D59D82D9D57CF70039FF50FFE0DE94089DB269C3655A4F25B38C49D0BD48E59F1526887C18FC5272197F85CA72862A593A4843CD25F920487DDF7AA0441A2C0600D062001F103
310
FCEEA3D8560CEC3EBACB01CAE5A51E420349F602191E5F901893142381351CE17047E764BE50DEAF9E4D8C38B6ECFFACEB141E54A6865A88A60133EE9CBB4C256930B0B168C1C3AB59FE1743FB422C7166082E934AFA5EFA3E4BCE0B69362FA7041818B7FDECE1DDFB4D022007CA23E521F0700AAEB5888BBBF08023E128B4
310
045381542FA256B0D04E28A0C3804E233A1BFB476A2F48FD135BAF9843BEDA3264EB42BA499601F16B566E72C7EA35908ABCB9176BBED43204C696AFD3D7B24B08D3AFA44BE243D88A6D9D0B6562B52F741E1610C0EFBBAF2B0829289A640EC4C8A4FF66A24430786CEBE1E1E61AF9507BFB496EAEB64F8F49B4129EBDEC06
310
5EC1F8A3F228A3CD0950883B41BEC6D1944AE06147289600A7726313AC69A3F91197F1438BCB743E76F01F6EF1D1C854071670FFFE43FF1EDED702EE5A14C85D0C42DF90B86068800659AC88981855E3E774A71C0CAC2F76754EE7CC87C808D1E1E0F6CF47FD4224731337BE1E39C5010823EE997B1491BBD99FC8D8EF7748
310
2BEB5EB2CF66499A8E0F7511B19B3EFBDACB6507BC78731B1B383D02FFDD7BE8DD9256F7D0BA7B46015941097B80018F700FFA024CC08078F51806100ADBFA163ABA8A3B95B9D2F92AC30BC908ED31FABE0CBEBFFF0279B675868F9AA24E9530B08C174055B7F48E4F58002F3E82F0BDFA003E8B431EB6C4A91E4D9B5FFB79
310
1265BA8827BBE5F1BCFA7F789F72F75EC800F8AE43FFAEC42F13009FB905A9A0132015D0068ED7682AC608BA6771038DEDB3B33082891FAB1ABF5614F93238079726B833958796B845B731FCB86316713C1DC581B1E19B424EE32674093F80776F7E27C6FBFAC85C536CD955B96EDA2A3FBF770FF4BE11845470EB3E42D022
310
000E0FE07D161811020742162444668308801E133A4C163BE68F6826A5523071CA78B2FED51F28F8C70FE4190073A3E5D3259D7A288CD19BDE623F10021BAB0C6E327FD507B2741627727EA00D31856492F9F009D7F152D930704E642795C1C1B336E0DEBB7F0FDCB79318543B25341F36802D64A981A690B94259607DE0B1
310
9D466BF8C1C5E1CEF9A3FC5C639FD6117B4BAEAB453F8EFBDA500A67E8BAF76C8A06566E36EE1184E8329419161F83D843D5DE7D8221163E145F56921C3EE383978072129E290A9B7166E63D26BAB1FCDBF710009E4051842390031845F20077CD079407C575F20364C4910ED2A574BC357630B0BCD8DE39335EB175646A69
310
8458F6A346F003A93002E846FFE0C459B8006E506D79BF902908A0AA05CB5E73530E33BA1D3C2EF99C712B7C8B41DF4D2A7830BE8707485FCFAEEB85A09AB6D39BBF7B4F23E00509C20DB04E240822A4B810E04D8D53D10D504C059ED86BB8697F514777717A8F8144D48A4C89077F7EDB00E2D89DC02A7B975640A282C49A
310
4AA84B70B12BFED8EA6584860DFB7EE23FCB00C6BAF7332FF259FA3C9346508813E372F1DDE425065BB61FDF8300F7EEDDBE8D0C6EDF46F7D8823478590AE23759D60DA6B7A9F125EDE8F4A5D2B37470D0B63C30DCDE3D3D59A8D1501EB1B0A5377517BDD6E301F995E3F955F0F58FAC2E81CE172A8344AC03DC6781939D24
310
84B8FFC15E8F3ACCD3954CE19576B942D0A029188EC7013FE59AE90B71292DE774F1F63D60230180B30A2EDC65291B6211B4081128856001A680015CE000708254891851D4B3BED0FA4D7166B466BFF1D2A924885AD12B387FC0FCE6819AC3AE06A7AA4B715F0927B74D119D4A668FB54B8A8C268D8B038A207D10A7B1E95E
310
42195B695BE0240F7408B311257C23F581E987C180140C584A02B1670CB817CEC0A080F259F1360E58452013200E3EC107AC1DF4FD7B0F6D23F33347F9527D9F51E6138E31AF35F1BDAAEEEBA3D71BB402E2FB47CECEE96B4DB85536772B07C82A34F3E66D0BCEC207FEB9E70643761276F7B50D5EE963CFF80C7AF4A2130F
310
5BF8C4EBFB5F07B709840480DBD8007FB7EF3F90104908BA457D43AA2A6A02C91422285E5AAC143F3313A0CB74D9D164933B86C25587134E8D342B453FC982860D09FD13ABE72055ED020E85D3E312F74C25CB0293D978A1C4001927C80B86FD06349126EC219F0C735C8053D8F5F310817EA01F1B7851F406144C211C6362
310
C27DD51F1E310C0102280ADB891E9B085CC528A2B1369A46BA195B9A2B351862CE43174BA73FB7CBB430A5798F4C54B7333B96C3224A9863AD02B9FBD8E63092191924E77C199D92887DA594B6DCF0112857162FD0949FE6A441F5E62E42FB2105BC405A2301A3424601DC807912CB2C39C604A27908021CDA30C4C8C2019A
310
883B3A8BD393BB3546136EAF561980FB63E9E035FF73B96D09A905ACB2C11D79571C5159026227DDBDB81396EB03F14100BEB66DE1FA9EF82C3ECCBE318119C4269FD014E66361FC8BB0B4EA9A98EF3D8848A01360430284335004C183CC25BCA82D2302EB03B8419241C64DF4F5ADAF77B533BE786334BFCBB8DA72BDBEFF
310
C36103AFB30608A0B39B58D93F0BF42180841DD26BDC22CF0A770E90240006BAC65197D90920131C7B2EB3CFD3C71C6378A305EE8488FC1FF8D391E2BDDB0F6E3F45E7C8207C419800DB410073A3173942CA8D5242642A74496FF115832A6314D9FA4257577BF7FCF8F8E8CEE8DEDE5EBE76DD3CF892BA7FB8B90F629431B5
310
525E92A15A3A4A6FEA3FDD73136172060959206591F4C927196CF645AA285CF3014630121754261C0D31E1A7E3DA2DBDB54B04703BDE3A4209F02045C4BB0F529A14BED07098A2A1CD47513DA64B512F409BC01663090796D787173B5AA141B1B39BB470EEBCF1E30F9D263ACC4D05110797CEF7B923B027F089F74D1D06F0
310
A4D8C0CDA6604023FCA45B76C5CDE0BF3845ECBE13E0C0ED73700A8A753C1AC8AEFFF1B407FC8A20F42F0D94019121DE304077A027D4112283BB8FF0072444D68AAD111D6F591BC0061854BBC048EBBE9E81F6A33A95C21BFD13AF3C7E7DCDFFEB0DE8903F77B41DF178E99C289895B0EA8CD640549D68935BA7C5294E0A1D
310
66DA0CC419BD398E6265789CA1241441AC94532A3C19C95340BEFC68703077EFC1D307B71F3C500859C11494838E902203A2BE90EACC5135B80B078804340C920C2300BCC06F7A1C71B875DC572C9BD1D84BD5FB9363CA6BA7D03E5C40FDFC54FC23C9B4B9DDD028787D89219038523BF64E638BB37CC25335937A00DFD328
310
69C5B390C8C32FF25C8C47A7181B4A599A224A9DADB0E0406FEFF9F183B7448F081E3C55024FB33828784AB61704482CD0160C04174F9E33BA9291D58C2F1F1B1B3B5863B0D9F3E51C35C253D54A23E560E2C0CB3A6F7A81382601C2079CAE96B7B1560D20A341E85A928A4E01083256420576C2ED477E2E565FD9223BCC69
310
1CF394D3D8E281501E0EE5C1C8159E92585D255CF30CC854C75318006EA4A01028EC853F9407C6053910BE105348324002260254886C156260F9189EE0F8C9A3CBAE9D5A992184568A69D5183A7DB97DB089FDC57AEE54F858FE54F577DBA85309640290F2D220952620750C5811FB772A7876D1E4040FBFC6474D51246D8B
310
3FB378283FB514F8AB3C20B8BF7DBE5DE541C9A5D3D38DDB30E00151E02523081BC89C2214103E0BC1B3D0199A08E002681A2613A2616CEDF0F0F9C5DDC75DA395C25C0309C03DEC8091A4AFD3FEB504AAC6633930556DAC86EE3561941E862C4A75DD6B6BB3A0C59BE153DFA73EDFCBC3CE2188D3D378FC976D0EF9A95B7C
310
8532F527CE3CF539581E0FE501291E9139FFB65EFF5DBD8E0C18DE3077170A64E033FD278F18068028802F156C3809FDEB11B1019C208D020C9BA2870457F0F8E1FDC7EDD393E3B9FC9C4308E9315704233F960E554802C14716B0B45DAB5EAB5E25AB7830EBB8D25E6CA94E4AA01794FB1EE164FE9F040FE82C940A4BCEF9
310
13075D087E85A7237D3CF29C47E4E676777779528C4781761F0BFBC1D3A77880E40C9A2E5109180D5255317890394229F0F082010354082D574F1E3FBAB7D6553C2113DACB97BEB5526C7C6F69F9310A94C46CD89FF8F379AD1AA035FD00FF3F320180F01417A6F255A3A8D86319FE0C0B0E06A0DCD33F79841339C01E5BBE
310
1911AFCFF7C1E0A540BFBDBFCF2372352686D863F83F59CB6865F43104007EE06F52406F680341102048A01BB048823082CBCB0B6AC48C313F3E7CFEF8F2D1FDC3D6F6F9F9D9E98D9D7CAE5EADE2A6512FAD7AB526E17F600C85550DDE9ACFE9D97E694513103BC69F8A2813176032C890C1E9C49FC09C61670FF8705B1D73
310
86260E7C8E7122C7F8208A55139E8C8D4763F7EBF5728DF9C34677364E3A3F9AEFDEC9CD95470788834F9FBEC512379890B38C94205B2557987C4186DF5C0837608DF0F9F3CB87B7EF6E920475752A01460E556919B2B64296FB9FB70DD5F47232A0F77465BF140CD001F00ADCA175090E2665A14E6329B62660E02A1CB50C
310
6025E3DA252A670B3F0FFAA5EAD94A509FE7036B159E0D1D9F2E76B7AE1FD5A606198D3A747AF450023CBDFD162278B9446688111009B4029B0F2180AE20A542D40610C073B47FEFE1416B2B12200F3C991C2F54EC2491027A816B0A34A9D05C6F437AC23462385DADD75642EDDA738AF1600DBE07EE8437804D2D011A94DF
310
71C2085EDD40266A407FFA1D1C00B0C03927E60338E3B9D8C47D1F8CAED578E06F7CFAA4BB63B175FA7C301B747CB377F45192003CB8FD34B12009224543D8604494011A80C1903CE0518C986208E1C5FDDB8FDA161686873BBABABAE74FA637BEA894A44078C19696F326E057D7F95D061A6B0394A9D5F2DCAAFE4C2388D8
310
A6E9AB7695CB0BDD0A332430F1A9333DA41D1FFB97FA09AE84E738C75C407C260408F8DBD5EDED7DE1570A7BE333C54F16963B46AB0C2B71208EA3D16EF4EEDCD7005241166C005A73C03164792151205C007288AE337B4D7103741BDE7B7AC913350B348B2D767515674EC6F72A0402BBCB41C81305AFCF05F2758D3ECAC8
310
D26AB97606DB9581A4B7A8FFB068CD5C0604E6849046B70C2B60FF0CDDF93C13822B4E82FA0479A68220E66D9FD775FB3C1A9CDBDB9829B6AF2F77EC9E0678FB20ED8D1B1A1A39D10F9812E20D6281F5673121AACAA9C53424000DAC173F7E18C3052EEE3E78E7F1160F5AAEAFB70E0F7775CFCE4EF384DDEEBEB9C0889D52
310
43BDF557559FEDE5F17AB21E118C4C31A3DF6A96B56AC62180293910ECD6B721047664BCFCC6B2DD3C65CA0F0C823DFEF84083C7ECCDF05898EEF158F4FEF97EB9C123F1B9D1D1A3D9F9AEC5F5CEDA84A3C96C14A55584D62893D6A54D8D2028D05C8B1F124884543F3223B29D208B04910D3FC43F5C52196AEB5B5F5E58E8
310
E82610F08C21BD443801233C0CE8BD1E40F84A1CA86001990048031ABBAB11EF83F9283EA89F181F2A0D9A9F62D94B7F625FD727E6A93F63F200F614F7CF100D4511C07DB45FC5F0CB4CA359ABE4774631FDAE85E599EA0878A3C33D5AD6430CF4C055EE5FDB80629000D7855DED3F436F3B61B3DC7FFACEFD2B1BC6FB0696
310
312CFA477CE87A87070C7998E04FBA78AE3F915A065E819FCF35B410321D9ABB308146A11AD5196CDDD7C477A171C8AFC74B45CBC6F641AB53C8D4ADA5870C02379BC0470CF83DB55F073E29CF5CE5F7A3F8FD62EB7AEB1774C2C6780B9523F9287193FD23DDB79FBEA513B45200E2E0C1B51350163AC19043C600F2C1DBF7
310
DEBA7BB9B5457BC0D840CF325EB0BBABBB786D301437000020004944415472B491ABCCEDAFC0591201CAC8EBFACBF367FE7B6E40E69F551BBBE7123E3C00AC560CE20C62436E8C3C54CC225EE08C0D74CE26148877689EDD004FB2BFBFFFBB984035373A7954EC5EE8591FE531348654514DB1D1C56411DFA2A7C212BE5ED9
310
1278F2851A432244C6822C29C85A8B320ADCBDFDD63BF71FD32648E7D098CD018BC35D7FE89E250EF2AC75F96C15271602687965C844B8807C6E7729D93F22E81D39ABD62A0820C1FE9F11CFA7208125D33E96FD69E83AF6052DD32D49FF0802CD9F9DFD39260389A950887A647CCC99BAB17132DFB5DED35138FB3A060F62
310
95AA5E195BF0BB56495A5A4A8FA440026E46A047D40ED2520A441C302D240F201FB8F7E0EDDB0E12A04D8816215A0579E8FE1B1281E9F19C9900DE79842E2A7CCD48E9876EB01C75DBA0E0C8D44AB5512947A00BE7CF5DE9E1A6A6BE43CF1A78783DFD5A404E4477336C1ED8B18908B2A847B2AFE9839E891137A6673BBB96
310
FBBA2A4B8E9373B001F08369BA11BE8ABC4302FD2345FD6014A127068427D007BE28B41D9B0D40FFB7EE531FA673C8870A69135B1CEEE8D009C08042A5B4EDA314920B635BF941E7487E45256439DFE9D276295F87E698389CD49FB394FE19720412DEDDC40E9CE9C6DD605E0B719FADC416CB15AB3A61F9B5B9B9426E54F8
310
1D8B03DD950946D432B40CEDAB7BB5AF11213CBA73C9BCCCDAFBCF06127C7980FE6D1DC9B4DF14832D6568FEAEEBA76FBF438300B541064ED33F3AC0B0D10505306FD370AED02859234402F6C3FED006766DDED2034D90D119057225EEE3DAF787EBF30EC51ACB4F551678BD6728E1944730C095F13E4D81A4DFFBF67C5BEE
310
37E62A85FCCEC6CC6C7BC77A5B477E22223ECA4FCC0F87E2A5E3EB782BDB25B8CFC6736A044DE5A7CDA604526361D650484FE283B77EFBD65D52C1C73C4F48E7D0D81ACF572F2E2280F98FB230508FA906B42DE240ED651B301CEC83DE1790C9FD96B6CBF986BECF3BD332C18EF627A0B6EECD5B152E02088D03D828AFFAD2
310
6B05BF671B4F9A09A8CE0CD2707F67F2A4B3BB75B9ADA331C1305BBAC182FB4A79820B7EEAF73199B8404C0B81231CDCBB871B80FC41FF5860E8E108222A1A076C29E6E03B6F3FBD4F1F295DC457573C7ADED636D6B7B8C88413DDF3B327E1046AA51040B40CB50C7E3F1D2E44DAD34CFA604029BFFBE714DF0C069908027E
310
B275F1F366C132E1A7450B04011CF82B2B647CE754F650FF6E25BF37AAF65B7BDA16CAA791F1D09F6CAB989EC5AB7809BE145FA459E8D3E4B0FB47DAEF093B946FED585B80FE1A0305FD5330FEDB4FDF79FBF6BDE81D8300CF6815E5F9896552412A03F31FCDCC7CB5E32365550CD9365FDCCEC8752E943161D78047336F8A
310
F6539840A1F2E764FDA2970999F205CD2BD1F5CF496571F76EAEFA0E1CF8FD2A55FD06391F9EEF8B9DC9994E72BEBEE1FC928E2F223EBA0FBFBFB4F2DF137BC894B8087643D64ADE6EDED67F7680FAC9060239E845FC94AE93D880F994FBF71FBCF5F66F9F32C292EA900F9C1E6F1105E81C5B5F58A067A448143842008D72
310
75EA3BBA3D2516FDF02FF79260020D6B3C714711F3CFB61BFF56A826E627E82256F7400FB387FEF23C1C1E77FD6A21EBB1B2B35F2F95E7760BE1FA3ABB3A981423477517EEE36FF96F122B942F6FB64D9502BD1B9089162532A2FEFED255028FE653C9F46FA321E0B588B7DE79FBED07C44106CC85133CA65190543004D01D
310
02D8181DDDA5A9C91A7110805B7875B689FC3902200FB192E7DFD936B37B57D9C338BD49E99E181F4E5FCAB2ABC1CA7AAB382CBC7D515457CFABE6FBC63D525E5CDF74B16378B9AD6774A58531912D232DF01BAA913DFB7D3AAFF912984302B84D0500077800D26C60A4742101DE420C610C2E92FA93056022EFBCFD5BB6B3
310
8651470CD33BD87630C05831BA864C85997B8754B05167F0706499DC442FCD22592AEC2ABF3FF13F950039BF159FA9B36ABDB2778EFF83F70972B83BFD3F4899E64DD8346AA495CB155A7499F2CE39B0AAE755125EB84FD8CF8D8E4F4E9FB4B72E8F1DBCCB98B31BC4607C2CFF21C8145FB48EA0F2159F86A3098415609554
310
DEFA7B27EF1301033DD06D274BAF6821D220DEF96FA4CBB60B3CA241C021D38E1AA76B4406B4767576166766A6C7F77273F5F395291BBA19F64F2E3095C14F3E60371827741CB27E89543857D6D96BF9A47C6A9A26057840332EB843717AAD171880217B71FCCC0355AED3D4819911F79D0EA8AD6DA31A83E36C5DC2D47029
310
5C011302387069158F6C9966022367ECF1D00BA9BB95C389AE7B6105A1FB640689033A7FCCFFEDB762189103A61C3A4FEFE0D6A6B5A19EC5755A443AE78BC5E9235B047890A65919A0D2F96AA3C01CEE913BB3ED239C3E0CD8DDAB99E4348BF3F8B977B6C43DEBEFBD7721A839A63B94C06A10DB87FCBFA3C2932F8C26F88B
310
6D6BB30C3C4E09AFE40FAB52EFAA1EC0316920E031A46D65A0FFE45A673432E907FBCF86717AC04F2CD0EF512D665FF53F05BFCDC43489F150890C60A8E0314E70A06F619D30D841189CA15D3417F3CD50191AE4396543F0C42BCFD696C58DF163F5B46D708BD5FDDA5E5E5FDF9401BC4F7E00E8A17520833D1CBFF495B5D1
310
CE037C664123EEE74737268B5D1D3DBFDA6AAD8C08DF2C0BC7A737E10AAB2A7B958990CEBF556CDBEE823CB09FB344143463C630CFFF585D330CF0320E921744A7918280FEEF981161008E9FBC78C830217A07B7D6985E83F9A79884ABB5AB383B4D7D788F9FB3D867A2112A43F19042B33A108690CF6F472F8661CFAC9714
310
78757F6E6F2F7AEB82FEA85E5715941778B278281F28C268AB24BDB470EF3303E09C359E9DF1CF990D8A096106E6A66C8620DDE7D281DF0B2831F20439A30D68386CE13E002F7EDA8D7806162B205D6A19AA1FABFD6B1B400EC2BFFDD66FDF7E8755B4883C043F43046C1326136680404F1F934EBDDFDD39CB58A98DF1BD78
310
80E0532E671FA1435E9D6EA5E9071000BE8F262E7C4044FD95D5FD526EB40A05A634775F32205C3D779FDC168CD5E56BF982508BF572BDA4F6F57D3304BE9EB18149461B12F760D7485891CA47CFC44909136FBF4931716A2E100123FC6CCAA6A644F25EDF4AC980B14039009BECE8B798BF69A05DC5B6885CD23F8E13A46F
310
F0C0A986D617F001C52241801E87C2974C31411DA3A5D7B6175472763D637D3E57C33B908F867F4A59CFCA7923375E5F027A983E18BD7BD4E6FDDBB2250C1529F4202EFAAF979DFFB1F2612E87EBEFEC58581EDB9AA95AD1D7C1905F7305BF8182D5BBB524D47C4E3B81CD843220DE1E6536497C0962C225F75A2D6A998303
310
B23FC501F0B3F736EE1FF01200FC8C99F5515207C9C40081DF304C0A17D06E26CCBC5B3C47459308178301FA8057C2C0AE9D99B05F038828B08400F2E3251254DD7EB8BC4853B101F99AB48E387457C96951E5DB670648BAB70A7B04FE93EEC5F5B183F9739C98952C6845C380D401B8FC86E70A20744EC720E09D35955D96
310
A9041720196D183AC2CFE6AEA816652D0234883D788BEC8F5DF2615261DB031C2381092401B48D8D2D870FECEA9C3D99DDB036C8A051058030E32190976718C89F031DFBFF2EEA3D88606A8A19BD0AE305BDFD12BA4FF46F1A0002B07137989C748936E9DB2C91F43B07E4E4D16C3779CF5A4FFE8CC981F07C29E34B7C012A
310
F0054FAEA4A6A3D49D3A16D2B3CF220A029003366663053C89B3FB1827080DEC2780076FBFFD8E39810CB0593CC68B5D9009F2D400418028B0BC6CC74067E7C9CC0C2690FBB084AA5254A12AF63543B35EB40D17B693F7E3464D5094C00AA9E04E0E0524F5C35C5EC6BA94B21AAF2440725E2A9FF94FE7A8F0E769EB83FDEB
310
039B631B18BF396F5C13CF89ACC02C387DA56DC3B1CD84B96CFAAA37B55FE723B611062258257D331F186AC93D8AD600B4FEF4AD777E4BF68F2168FF08C081A37AC13446C859964803961928476D78F68419390D830C1935B5C2A0A22A3AB17D3D6428BF12DC373B8D464E04C0A496BB3B3B75639DCC2500E0F0B15FB6F47B
310
5A7ED0183A87CAE8D535F2EDBD4B3B7FC762DFE65A07C30B2851DB890082ADC07131EEEFA3DB7DD5CD32C0860CA83CD4B7993A175F422A8149B1C1D94C1145059D9C78A8A572A90B7C8B1E3392FF77A80C50220880FF3669004E90F101740D2B808181455A044904674E7482CC3EC85C4BCE339404C0B0BF6A5611E4F9B815
310
7BAB6DE327EC9BFBA1B4557ECB609C1F45326499EFB90EE78F18227F09E563C9E63D847EDB3B68EB9C39E95AC4F7ADCF7D87F6752BB6912040281E4A0D8A8314E80D60470999B8A51FB1488A66A9F3F81FFA61C83F4FA6969E472288FADFD61B005E0EA4284822E018911828E868614DA0C36E11F3A051070BF2F0840E35F2
310
00E2C0C80A776CC9E7E6841C0503D0EDF15ED9AFE527E798D23BEE5F0604E58DFB7099D739BF0BA5D332EF29F1535995BDBD0DE681C4F71DFE6A7AC5A13554AE6910963E9ABC9A0DB5B202225545F5CFACC942B5B93C207352B6E5310BF349AF200175D7DFDF78F6D683B7C87E087FA9B35812C4F8F13452CED610A2207541
310
E6D659A739441F3833CD0C9C3C3DC2B0712F62333C4FA9327C9CA1124904B4FDE0FE21C119776CB0C212AAFBA5CAF80EB43772ADFE77CD9FA8A4144C54C2FB2304C65F62FC3678E4F6C68F30FEE1BE8383CE7DB86F58B1AE0C51F0F055E188D02F00911DDB0991832228B3172B3E623E513FF1734FF414A611A603163F401B
310
EA790FC9FF7FC3FD3DB02DC00184145B850D01D120424DC03C00FCEB7880EEEE939399F1F18DBD4AA54C939899304D913CC2D5CFBC55E50C7FBE4C0E14AEEF53D6843DFF56BE2D554637EA047D3C210E2C61077875FB5B40E19F43AB7470CAFE1C0D3ED3B3B4778D1DF6D4F837C08747180FE8394F2CA1E0A46B6DA62CE2B2
310
DABEDE0B1924098580FC16B369730E9E90541D3730D47FDE16EE1FFAD3419CDA05ED1F2715C607F2E81893AFC5936303F40EB776F1D808BDE393A3FA401E1C706E154C892860AD74A2949C409E28A8FB3349C764D13E4D1D3468952B7B1B35001BF41142CAD58D6011C8B78961EACAB66E9AFBC627673B61FFDA4167950A27
310
4145BF11EA17BA9AA60815C2C43AE1F648E3772E53C94E6364AF826019E723069A8AA353A3BF7FB5359281700061FF64C28C10B9AF0B70B0B0D30A31CD1CFD22F68C76DA1E44558869257892363C091D313EFA46B57C3BEB252E9C6BF5B4799EC58F1910F469E25AA17B343799DB3E33CF410061F96C6D63FA91B1000CEBB7
310
D2971BDD39A2A76361E000F5DBC1688D47CB812DD60F8001AF25B328D173A9E4BAC18CE9F1F628704330741B2649B92E9714447C68559C6CD2F681919367E4811100750058809D0230C087A89FF3C80C23C4C60882E481F48D531764BABD5CCECA308DE2F63D3BB50373D630796126803C2D1FBAC148F7592881B395ED7D26
310
B7DD38D7096AF98841CB37592561D9C6565317AFBE9FC4AF7371E060736C7635E0CBA1809FC80F544DBAA1F2F9393D970D44C0615A0C6930E758B9E63AE690F73045F0C8C0731DE9CD80F718E94652383458799E02C06D328010011C7090D8C5E5336A83D4059953877EA1E1D66FBE994F04608C4C991917230FB61F9AEE18
310
3A40AB9108D032449FD1A7283DD25ED15360EF7EA9303EDDC0043403531EDEAB10DFF87F5E2FD56DF0F1B701A9F614DB17FA0E0EDF6FD0B1622A81FA3D1DE5A33F551930335C353A87F9AB05C60455193448246944A232C5D07636D864CDD7A50D0B4440CDCC465D1C418321F50E1648D500294065D869559EF3C40C8FCC6C
310
323E989AD0F0C73142480B200842802C061008B480A9954AF282052B3AF67350FD0DD30D1F4075AC303A5D490250F5400ACF479656861E4C77AFF327F3EBECA4B57B6B6C8FF62602BF150744656A87DABD7BC6BED50527B2120C001A0B3718C74F0C65CD34F275164D7968148DDF259AB8AD6CA81CDA4E8819509B996A7F64
310
2D987A401A2B04018C01E6C169A8700F9DE3B489DB2BC49C9B7B858A4F50D22AE15428FCA4A1EDB20C83492690CFE361CC7F8C8066FFD0D77AEE797977F468A36E0B0DFC87F90EE6348BC748F7CB73B5B9DD5C6EE7AB19ADBF6DF359F1DC2A0F9E44F213F8041F64274C0859A2AB7C37440FEDDD2F95BE44065F22067E3EA0
310
CC3BD8C0D8194EAB291CCEE20B9CD8E02950AD806080047A279F19024C837C848816719AC4A34DF8F0706CED904E8185753A458A27E4C1E37B5F30A104932BE140E0BF4E400160F320B054A8705042FFC47B4940810173F9C9E97240C7FCC3F3813EA239B745DE9F1B1F3FC2F9330374DBD1A7B475923F9A2ED81716D18D1B
310
577DAAB9D1A0458655AD3CA7E211867AE7C702DCACCD291E0F798013DC01BC326087775C0833E04EA3778FBCB8DA4687A0255CA0AD210C15661E4E92001A4449031D1DD27D327334BE830B64DAD90CBF537A45FBD4E94A7A88888E715B7E74FCD040E818BDC1BF5AC609CCCC015DED23877080FCDC47BD8EF3A7B783A17D33
310
F3ADEB6D6BC7AD75EA7C7852C5B6FDADA6AFEFC2D181C03F8C40DD8A4AB5024F0B72E34B57BC1182472DC80946789AFB711DB7F1193C03C893B0345F420246114D3EA71D04FBA731C0DAB0D3CD311B218F0D5A15ECC105D02F3AC32F13600084731A83220040019B03180634B5923D438300B05BAC80881F061095FED5D572
310
A3323ABD83F1D37A2301A8C930AB3F66ADF7CBEFED30BAAD7D78A06DEB6A87F15491F5AB7E25842B6B34BEFC12C8A159F187C64B3CBD2356DE5FBAB98BBE9583F0E3280C0076DA15BF34C15238145742B07080B1EFB83382F9FEF2239D003541041083C5AF9EF3C8944DC2030BC3ADEDDD9D27475800693049E05413BFB3FE
310
B4308731512F13400D06F813368A0101D8D863EB3E75FCCADED124F532AD3F123F131AB46A93DF1ECE7F96CE9EB6C365C6D6A07EEC461FC919FE288AF7AE1A7D012D291EB073735FF26BBB1C99FB706E972192819B7A34BF22424BEA1CC7958AC2E04BFC8E02DB90A4A1DD04811ACDBC181037864672C78F6C0EC3073A40CC
310
49D5E813593B7002763BC6A909D31AC86F3F6E335C9E1C309BC58F16418642E2AF6B290A34FEDC0CFEE08FCA0F56700699CB73B9C99302AA17BD516D7F1FD755A2B32B3FBE7134D3BEC813195BD355020A7DBB541539CD2C06E45F46FC0EE08293E6C0E1972176D9B678340AA1A4823404EF79B1E2347E47C35D0A2260730E
310
0B513025DC0BD1C07E3366E9B9D17F767405FB531070700035618606F0B40C73C974CFD321B0C174A80C0F3AA54945FFEF348F5488895713E89B5C98DA501E06D8D24FF04FF0CD7ECD7BAA755A854EC6A180AD13BE094E8D5D63BFD6DFA5F5D3E4DB1BA18FD8473DC6E17FFC9832B71A2A94D96E808BB53F9192955D62C82E
310
282B05168AA0927D54AB20A20A74800B7CC9655C8B15F62377CA4C91641F9F4D0478F4FEFDCE273A002CC0A725EC165CE3A149F0333E8E9600B2C05A7D15FD831F0938DBE5D0FF13E3C0F0765965A0961C3FA86DEEB0E28304747BFBA5FCDEE44C23544F7BB7BF7A132DDE34F99E44EC3FEEAE92F667A10F7E90B0E8C6442D
310
F5A5318B0F816311DB2E6DC6F172C363FC800EE09186BB9EC82A24C0117700CD884AA42023B81EA6E0CF8B3056411110D78606EBC5AD5417B45BCC8E61EA01C4006AC233933E35D860BC1B6CB9C9CCCE7840D2E0C1C1FFC11CCE54D59300F2B47D66A10F09D8E24B71B9BDDF98FB62A3B897C53EC88D16D1FFE8C649B17BB8
310
E760EB20B784F52F992544753F2CBF642CD3C9C70D8722C197142C567E74FB431EE248A8F3FC00377F5142144A82FFC28AC2970A780C85A7EE9146FA4B2981F3C93BCB0F3FBCB6DD3DE69C72B6073B99140DE28B8E919D9D9E7C2F5FA99FC1FFD07E9AC0965CDAEA0A945FADE52C791EA989E8E7A21A355FB37E44405D171B
310
98A6E946DB26AE71DBD01FEF07FD378F5B4B518724481820890E7486E3FCE61A60E096D577701890EE07CA5D7F2B086040749FCEF3F81972E510A86359C9BB579883035887542090614E5C4461705D7CA1CF84DB564838606CF1597E8119790D021080C935A908324EDE9F60A04B7830A33F0670CB08605B8D01BF9A3D4356
310
93FAB4FD84EF6754930640C1F9D74B052A7ABBA9F502B39DA3BF6BC7514EA4BEC71D752BFDC198EDA8DFE8F32B3EF811E4576B0A2074B99B070A069F60173E7427BDF285024E35A4418B7A412914F2800F1965C4F1120A2D5D2C64400563D5942044807BE7C738EBF3034C4A6F4D70C04ED1F97673C039FABC4CFF18866E08
310
200BB66BDC9CCDCC3FFD1E43BEFC52C317F0F5E64900FBFCDA4DEE68768FFF46350E0EDADB7B34DBBEDE3776BC55599AF84E312229F931E700D04478D66A0D88D09B2276141AF0F8811C5F8067DC04C0F90929F7F1AC9CCD368488AFB965C97B855A3E2E93AE5B4866502E55991B82D4388614F2C36B8484A5FA06E3EFFA98
310
4A6AF17D5C2073299D9F12FD63826F67FC460E54030981684E9FBFC22009A3006962285FDF4FC84B699FB5BEF3736C6072F6844C15EDF25883037DE6BB7AFAD6AE164B367812FA8CFCA6FA25725D99AEC5C6EDEEC64ADDA2BE0056002032E1D7A20A54CF444E360D520A5B69816C0A953CE0434A8A898BF18E2B704588C01B
310
DB2133342F5404FEE698957C200EF54E31BE6DF4E888C9C67F5F3F1B41F922777E7FA6332677C20098C59F762F5DFE4A23F9801A3BB6F8A4F66E0D40EC867E92DEFCE84C714FC7CE8DD3DD3BDBF9C781B1C3B549FAD2C89D711808CAB100E09700BB85240374A7209212F320CA577222A7020E7824500179FC7096C714884B
310
DFD9499E027ABEB3CB0226CD293CAE6E0C41A6788F396606A073E28CBE5CC67D584D36CA39D37974FE1023253E3FFB007A26F657FFC901D851130DDC2BF54884F20D5D40A0B7E5C7BCC7CC87B84F2ED820192CCE1AABA1FF24ADBE1D03635B5B3B53D4A5F84120125FADC36A0E792D3AD7E255792CD5241A4C84171F110409
310
0017DA493D0A7790A7BDE6DF326180398E4B0DEADA5C2763825E43E05C388E184678C88CE6422606C017F030366981353DF03A753DBF6370879F79889DD0BF75408724DB53C5B0063AB6568D02DC47AE4627B58D7E367A6000267E7840C23A0940B992DB98ED1C4731B4FB4DCFB6D3EAFB6CAC7646F0335C5031888CD74E21
310
03380260AD47176D703960230370FBBF28813524C17FFFBD6288BB28E4F905ADB4A788B40B4A6201C1878BED224DE9906C4C79EF32EE679B9F5D3B5DFA137327320643909A823F62106CB8F9BFE4BFEAFF0FC7A6393EC7F64A698EFF8ACE31BA05ECE6DAB6DF124118D1D13F892F3D3530602E3F3ED3D59DFB821ECFA3D9AE
310
85B1ADAB9E328DE738BF55D5DFD039445AE76D0194180F57B15BEE5F09C07F952F9A10372BC894CF7DA12CF6507E2A8916E0DF430C519485C55D61EFE209912D8C32866214E121611E22A0B1238DB18E86636A3BFAFD5B4EE02FF1E505F902BDF424D0516907BFC95EF3A76B6B3872769D67E25B548F0DA46E2B93DFDFD5F2
310
B9E9EEE1EE1DCC7FBE6380DFBF38A165CAC73DF912AD76A4690D2B766A3EB4AFA2D05BE543EA20B095FB17AE3F1928D84482049B659E671A4763CFA567C08824913D37F2F92F841FC244085C1681225C04AD6DE1684831682CE0D6096B56101C0D4FB3A1BD3F11FC1105AECF5660BD3FEEDF162B0D9DEC6DB55AF27FC98050
310
BDDEDFF63ED14B01336053A19DE9AEF5F5D9E9D9F9E19ECDADCD497BCC57681922F327EB41FF681E17C1921B04FBAE371AC69E53F98183E91B84897A5DB164158BD1D12FF6F6BEF0E02847727BF2628F9FD48B6FB11DF6928C868B29590A0606F92140D0C08850DAA7DD8A5FE8A50389F61288AEB743E9C801BB67DBE0A7F6
310
4F63BC87770FDF57AA73FE1F5A84F8DD3AADDFC32087FBC0A7D645C327B97D65E7A8BBA76DFD9BCEE1B1CDE3F5F7CE4E6DF4013ECD7CB60BD1239E8A4E9A5722AD9C4FAC8F7FF17B214AF8801950430639A08E3ABD05A0D94E253BD5951C885B0CE750309070555FF21F2EF83FF53F4E15038B8D8A244740A5C9CBC120043D
310
A0B323FB1DA0A4EDA268C05A304619505000BE10415DE898809DB6B66896E60AE347ED3D6DC707CB7D5B5BC374A158EDC343D0EA61C217D4878CBBDC1D85686782C3CF4272E7DCFB5E9EF628F5A95AC1AC0C6848F5771329EF8DF2BB79EFEDEC8DBEC72EB7F245287FD4B31008AB38EA4D52F2BF57167159E3004CD8950E21
310
7DDD6F699FC763E9D1A0AECC701F7BD4430A3E030374066938F883C01DE40E7DAFD609345E33570F4CE6BE467FBD7F793B5AF2A9D331D86DBA7BF98067918F9FCDD609A0384B523F4413B574B818C6889FAEFC5E7B8F90CEFD62BC2C85B2478D54DD076635BE434FCADE68B3ECF1C8708E27863DBEC352D87BCC7A92A8E135
310
700CDE65BC114026DE5DB68275E656D2C0D4087293D43BB4C9C14EA83C0D806783B40DD7CD4F19EE9F33801F55A3F1FD600017A6CD5DE607783D5F74E34680E7DAB98D99F6E5B5ABC7F7DF19D8278322F6A97FDB2FADE1539BD945DDF868EE2B8B70D9EDAA45D1BB0A5801198CF1DA891540474745BF0317F8A3703E02510A
310
E94B084221F887FE950272D62D4232781054A87C58D015CD45EBF9B70E60820A2056E9D4D619E8494BBFA68B61EBDD8CF52CCBA124BACD4A4077E8420A7F36FCDAF661E577B792A7E1B7E337C7CF1FDEBB3B49F501F3C7366C1730E793F51FA20A9C3D2E9F18E63DC277449054CEADA36DA0807467D45F8A744E1BDED725A0
310
33868703F1392BBE221158220588F30574A0B0893D0515B0B7C404AD0E7F40C11D504C49BD7DA39A85A19CD7357DFC966E5D92272FF06D59CA5A6A1C8AE30E52F1247C1F1D78F81887F9F3E387075B170F9F5EEE4A7F5BFC69DF02FD8795FCFFAB472E7C88D563DA514861B85BD41594A75F5E866BE69471110A9F75C8609C
310
7E6BF6C7C727431EE3E9E3773D2378C25226E82C08104A57ED273FE0921D6990E02B006BD038263BA360355E8DC446A380F0BA35FA9945A80CF60DFD54054202F91897C241C147D59F8E0FC67CD0F2BF377A3463F8BBBABCFBD6833C57E214AC3F5AE9C2FDE88852968F20337972C7E04EE5658223008AE82D93BC37D8DDD9
310
00BD6B16EF221F0D4149045D740A8A215D4FC186C658E01994B8CCD317465828704BB630DA2243B3B4ADD3EA554A97408454148C04A1A0CAAC2E04033C04073851F54380E0BF2DFFA43FAD3D6B574F2E1E5EF6E5F4FEFBD1CA87C161FCBCF5C7AAE2F726F814027BAE10F79BC3D765D61D1803952210A9AA07F8C6BB2105B6
310
1145B324F96014EF223D4A9261080239F03FF6F4DD4975C183B887E081F7A467A25EAA0C94028FEB808637768B07400A8235D4EF33143253198900E079E3FACB0C59B00F827A5785A6FFE2FCF0C0E6F1714F11CDE5140D931D707950631F3DE877F300002000494441540ADFB08704E252AADE1BD4E8DF55796A32B9B6F177
310
37C67702E5C638682737286CB0E0A89B624D5BF28222432848C9AB8C07170C97B814FF492A61072407D638006F7C8400860444C01B1930A522788045633DFA9507267A3A42BA05925BAD705CDD3792FA23C1075C6EE768A673919EB6C3FCFE7629B7310AA794CC9C0D14A1FB88F95C845BF22543F57996E0B26C9E4C2ADF18
310
7F979F8A55F11B47BC26594C52588518D25E6C2B1CCED231EA1B748F093E5726A21A54C91EF95789041030C20FD5AD68613432E19A4D0DA2505B6BD843516E10BB00AF9AC315EE9FDB39CC1F9EA59CD88F9CD071D470C86C4647FDEDDBB1CDAB81DA94034747A779F4CED497CFF817348F69F52E55490840E48840BA72DB71
310
F3E84F6DA2F4717AA928F153DA6E4C7E8E00363CEC9A2E1C8E65F298FC4A52F087FCDEE5CBA38A80CBE11FF7BC2AFF249203FFAB77A128A001B1987BD334AD9B901890A8C2005B6B248196AD09C0025ED841325B31845032E327C531C839E66DBAB39566B631C2FF0A1DA5A3CC47E665AD8751B47CFE33899DF047C9F3C365
310
E3B11278D49DF939298E09002F6430F9958803309827A7C791048CA070061B7E9A64C557D235F83EE24822E5EAB805F9862F20FC58F483DC0EF02181F572930205107E00E523861895A2811309808F2B6C14B2AA579E893753C155D2F54302007E9FF36AC5FEDBCAD47E182D91A73920CFA5C18E01F8FFF4C3F1FF553BCAD0
310
E58DEF85DD63B91BE38ECE1A9FFC4AD4A1FBA30D462C328C5A0340DFD393D3D3D3C0659195C96990F391EFF4175213BC74C020922D4830FE215E76940962BC0713A3B82784C0CB6623DC40D6E1485BAD454F6892200B225096127FBD82D2B12006BAE2E329C771E25FEBC0DAB3B5395289D56D7A8A89081B34EE06F80F819E
310
FE75C67DEEE95D227E283FE98A7B9F1C97D2D05B4D07A469153C3DA3048EA68FA667A6D90E291C7D7E2D063E4D044964D055F2DBF3E31BB851AE9F78A0A7314F0AD24901F581D74A6929142039C65AF5830D1C809536CDC05E4BA51038F79D713DA930CF18BA3010E385351CF47F74D439BCBC793556A1F99814926AF12835
310
E251C59BEA3C083EC2B2760FEBDF4304C9EB87B35769E1EB24B648542CFA4EBA9EF93CD42F03C08F249A2C98897D8E2225E90077823F4A52171A61219998CED6FA050992B6B0A74A2220ED12123004FB977084208F8E2AFC80F456CB110BCA647A3A0F854085D84FE0052BE31FFE7F925610BAFEC06FC33F9931BF063F39DB
310
3D1BB20EE357F594045F4226131578582CB055A59A073AE0413989D215019B6EB8A21CF154D71164E0D8F4E730C2CD382D098DA5261456A425643686BC8301710F2C50665881399156AA2B4C3191BC555728384800CE10040F746A3D8A80A5F0E500A93456FEC52833BBB45203DACCA37FE1D3EE4B9BF0EC27ED47D89B8266
310
F11EA2DB8B5A8BB93EAEDF0C06B7AD0402B9EAC6E787365535AF19F15158308A9D9785C1BC1C01377F8C6B4D07B50DAD25649764A91DC9812C7B34CA98184084F7C01055466B48058CD44085AF26648520C85C41C67805462D8425680425559F4440F3ABBE1F3F81B1EC72708767DDC8FFB6465796C8FE310FEABE0C9B242A
310
74137EC3E0427091967023299BE5D6D4D0C6D15747DC2AEA4ECC57C72856E827D33CBD319D70FF854369EB841282F84B7CA4881447ACFCB257E252E00FBB3272120A75B99119840858486615636E0E0334031AAA8C08A62E080053A0AAA4158431EC727A084021D41CF5D630C94184F6FE7432E8F5F9A4FCDF3EA7CF136FC2
310
988093F98ED622E38E4976E1BF0CF49D2889E6DF3566719FE1F9B47A2D3BF89C69155DCF24F88C609EE551160F0415900B4C48FB013D8900A9192A700748002924771A3686A0A580FE4009E00ACC090253E280B90AC15048E047020483A038A60ED232831F2CC90498648690D960C48E439F18F4DDBEB0B6F5AC7B7B89F623
310
0243B4FA160A7B9327F3AD5D937C8BFFE5FF8B3A5E64283BEF8EAB9F71159514CFED62DBC880614AA1F7994CCFAE7D8C87057F451733699B8DF87056E1F0654B5021E38097E4E23221B810DE20559AD183A61C2C88A648DB096081E9801CA00BC1DA0124E08DAAC15FD2936905CA8DA1C40E42B13F1764E0C4015EAD7F8BFE
310
C99A310B1B7C0BCC7746D3C0702759C89EAD57122092122D1F857067684A578F1DAB7EAC400841F493A468113282FFE42316CC74C756B1C880FE78795C692813CF4644480EE9B02991BCA257A71861F00666D9410288487618D120D0E80D7773E2B7DD180E100EC98B221C94BFC4FF531A09B986230F1CD08378A8E4D0FDD7
310
D9B1BC75F5C12EAD7FF83F3ED19EB018620303C217A6A35D826E72ABF2D8E2BB1B783F6E48D2E3F360806E1D192085D022103473A10375B63853EC54F500B5B064DBC20945B88160DCF7E4F83A0200BF6FAEAC88E9F54D22D898E43F378D20B51B5D6B1457000922202800DD401A9266483029C0D6D57ED80D42A0E6E08835
310
F0F3AC73D7FAE6D56185F04FC44472B854EB7D9CBF7134DF3DDC35A9F6B38417DD6F508B37C1A718B0D054124176F7222F62DFB327F34D451799D56216880193254FF782D7DDE26C271BF38C6E422E271CE4AB8823C9510F021126A7A944E00DB4031D013C88EA0746C96D4574069BD5439C4110403B40020C30B07A604F1E
310
41D19C21A93FD9002DFC35F23B1E7B98E95E38387E3603FE7393680410D702FF9ED5A3C5E5CE68B5827D721FA78F3A9A0C08A79722D9C9B418F46C0057BB1640C70AA4A03D29CECF33987596D53CFB27B32C3BE304C540E14BF8464E080918268D254838C91A01F0FFB99154FD8A9C0495EAA6534A6C464440B4A71E16100E
310
7405088122A35F7A511DC003D002E6C8E7E15F6D1D2FD09014139EC11FDC89394621F77B9F88EB5A583C41E2FEDBC8F82334494C0BFA97FF3C3A34ADE60385B60E5A30CF036E5E75370BE3B83AE73B3B7DC0BB337DA0045299ED0C66681E4AE223D01B1BC3BD4C921E2005FEB5114739040758189BA8A320067B62A3995E47
310
20055065AC2B4A8006BF8CFCC907C0063EACE41813C5F017065AD46CFDC6FF1BFEE052932CA3478C8E5A6F25DC8503D40F61FC1B047E4DFFE8E84407C81F1AC7B5C79DA358551CD0D13785A9AEB38D6EB68A0A8087FC6543E7471082873CDCE5CBEA1EFC5CC0579469E225428E9A43D6A6000B4219DE52E8DF00A55F4BF503
310
5960661C2DB88AC1F67C2890A93FC420193C8326409E7B595FBBBA9AE1D1511B3F6D65B09AC10A71C2317201A603E88C56CC68C91279E83F5C147787EFE6C675F00941D23EF092920330982DF38C65EDFCA89DA98E8ADDECCD77CB86D85118F3DD9884820B1128010D02F1060F582871CC8FF42024C02239273A1CC3BF71E7
310
70DFB7E96081682803188118B50310BD620234F230B12711B063E0F0490FCDA9248B580D3D3DE944A30CFCF2A1E0F6E59E8FBEA289CCCC943785BB8880ADA9C2FD70F6A13F5418444E3A669273C006C4B4EEEC067827539FFBEA9CFF04D84E7F170480037005AAC8829084329899F90B5E013927F8E646514B4824B01D11F7
310
2C012CEACD163B6358A4454A4221D06E68A71062520649BF9E9127D0772D6E5EADED52FF216BC2FC513C7D3C5CC4C8AF009811826AE20203B076A2AA66D8D32E317DEE0EFC000FCE16D9E0BEB17C74AB009256C5D8AD1CBABBDA61402612C675FBD72D07E633B1A42F2421208CE01397560811204306617A5141706105C9F4
310
984C459F2D0F6C392FA05BED808512B0B9A8A9FC6CED89640EA347D31F0DF76D3D9E61E800FE9F7601BE4C9614A1C58E6C839F13A12D0EB426DE6386B82369A9E6A7F1F9146EB578A2EF4289AA109B4F6CEFEC0463E0072A05CC9DEDEDFE08407B173B8AA65399C80B2911252E6290C82CC1B8909140C11B7AE161B42B9390
310
5045D017E00CED6D27AAA15F2C2179F1E83D411A7020B9408D202381E7E5DEE5A9E7E5CDE3B186433F488AC81554BEC09BC579018ADD1DCB3D9D70F02B14BF9159A4DA376225FE43DA224FED327941705DA582B2FD1BB5DC0540667B650BECDD1D5DDFB0C7F36DEE2B94F6EE2EE4E426F20A1174C31DF153321A24114C4FFF
310
25E505475F6906D4149B21F1BD9D9DF7B059F8E0FD83323CB97991FE80EE131A9003B81C491B218B1D42C0C0D593D9D548003839DC29A740298B0C23F0CE14BB167BD61989AEF0B985C8FAC8F923A73F31953989F0F6C96CA6C4D0A9A88184BEDBBBDA3BBADE77CD8E2FFEDEEF46184A86671D7DDC51417477BE9F04804F30
310
5AC82C2D018A21EA903866A0F959FBD4139916D036635EE03DDB7408BCF0627A03027AD314C09B0A27F0A79490D53839D0DAF1416995CAB24101FA63F75029D57A4CBBA9FB4D120ADB17FB5A999FC9420DFE04FA670430B90FE7F589F7FE8D50A4B5F004CE5F07EB4EA007F8AEAE8E8EF7DB3BE2F81F42166C7246FA9E62D0
310
2C8209BA1024414C483498B50229FD923F2414040B2081390AAC353B5283EADA12A30B1080866D746B9ABF5BC107F33C2A015B275480759334B83AB02175EFD0DEC785DFC505E0064F4EBA5A97073A74C5C9FEC97BD25D819E28AEE661FD2732B8BBFB1BF13441B3C1F45E8AC1752BBF80C113DE960E0AC7D9D02C58C80505
310
A19BA0E84B14402601A590A4AE00A825E98C3212342302EE10FC5100681F86834A2804BC409D70270A2091DCE874B16BE0706C974EB3D26EFEDFFCA6C4579AA4DB781708469F055532A7046C6BEB0CF39F3ED2EC4FBCA3D00EA91CA68FD2B87B5C191E0EB2C300F00A1C9881F263571C6CFD83D079D09F176FAD839340CF03
310
0F70458F81F09AEE1329505150CA0A00576B56C06D58070B23086F685E44232D9D53DE3FC3731044F286D19F459351863F749F1104198D6E14BBC68E17CAE70D7AFD958E350BEBBC70C9C4DFBA075240DA27D40AD7DB063A097DD3F041EDB3E4B682A7A12A548F3393DB01945547175879989302521EEB1431B08759B632B1
310
74E0F700E774FCA1BB83F95029ED1A084288C8893520E49415E00DA080AE8027C34206D35491D050A4C6B080F6A20889A2FF82379AB6234F6710C05F9080ADF002B9C9F9C583AB220F45D618D7E7F7547FB27CED8A8B7A7D24EDA4988B0C1C2A1AFB53FDC61BF3DE50D63C560F0120B0372F0839DDDAF13E583B868717C1CB
310
8CC71D1D7F440CC82184803144196EFD58BBE00B7EE77DE8C015942357FB06FC906A5E2B8882CCF9FFE184B0035A5CF186A962A63F84B3AAEE3D5A2C830008807568B6A9F424086D2095A3E262DBF124350082C4B5DF4704A9D2C93553DE47BD6766B69349610716999FA25854F759CA9792599D3837ACF6247CE8597B0F96
310
0FA3EC45B61715050260C5844FCCFEC9666BC71F875B17E3BCB4CB151405D7D08F846B4CB952248B4603CC402B609E90F0044A007FA800EC46D07A51232B00E5683C55D5096E1374DA4FCBBDE2C25A5B8D26008227CA7758033D7D70DF12CAF7F247939F93F1CC63047D63ADA0B7CC8771B234D8095FCDB577B586D1834062
310
035670E204B245EC093FCBE15626C10D210CB38A13F50E10A0D5C0814B0C4B30AA9858516001669002229618F100767AA3D6D2528595FE7A398C2D2300ED0013A0AE60B91644A057327BD3C36BEBF48C91279B45F8BD145494674AFB211A91977CB838DF35DCB3D6D6AA2FB2784B591ED785DFD7DB77747DAC9D2F7674810E
310
FC2895F9ED8007EC7885101679C06F21E4B1C8A6120956F80518D1DAF1717BEBFB5803E20C6F2A11B2E48AFF4AD2810A70054623E341B3D1ACD92DA91150DE631EEB2C28882D092049C0DD38E262A7BD6F98549930C9D44B7C37028AEA9F8C5628A2BEF5704C0DCB2B428181B1BE766F43014498D2E57791E4C8DA6BD2ABF5
310
003F0C40202E2E32EDFB02852D16C30B7F646B98FDF86C7891690043128B0A0DE6B4EA27F08C30CA34C9D0AA0852A5997F8D11A6EE84E040B20472020256F4AFEBBB74E6705A12083B249089218E6452C8E5A69717E904A3F5EF3D5D08EC1F4D4E85086B238CFFC11AB9AE972CB775616C6D1DE04DDF073B4DE3747C41FBAE
310
6072901CAD0237100670C5A00C2C3CE063610ED824826C1F6650700E88C00B62468903A0D71D3A390255AD7040048348C56C4647413C2C2561216E0C469203EF06A5B101AD40D0E207F78B124747DB5B4BBB4E88B1C373C114E0470B345156EDDBCE1B4DBDF81DBC400746B0B54E05F693707B89A5E430982C2AC7D10DFF11
310
D5B102B9505034B35D07E8E5F585757F088B390F2D4C85CF7218E8418BB4F25B885053D07D5A908326809F31D6CC6B77CC948413B28664484439D118DBAC27DB5AC40C1AD166F25E6A2F0AE82100C0BF220405323E1FF80DFC518CACA8DE1003F3C9FAE9C7B2D60703A0004F8EAEAD2DE0F5485452D15B77B4B67F4C2403B8
310
D8F9C533558ADE058A9E177A1698F75DC0EB4C800F74C0270178C8579C1FACD025F0560844502D2BBC01E620030CB93636C1041636A693949CD80139FD15BE107F905590A292840F8860706D07E2970A2F15E5B13B87C3143CB2930374CC46A6F9B9D7A5CCCC14E11B9E879A49FBE27ADBD6DA82410FBB94FAA8487D61B51F
310
4BE0A03FD08743C31020D6628ED20305A22C2C2FAFA7ED1E7881C438AA5B9035F20759E243C51F34D0D5F02F11403B9E204CC1686C0B6C9000470561519CBE1B0E4FBEAB37A39EE4B84C05F023858779341991F36D9D9F351E7BB3B5ADF00148D9D05784F9AD8B037D48C01BFA83D4247F03BB768BEEF973A14E610090D4B9
310
6B1EEC5C5E66928F28EBEB6CF578B067DD83086081579848E60DFC7684044D8174993C39F886043481F6A2B743B18749E52447CD4D230513032D20D20206E536E15BCF7B7D211634F98FF9986287F33F9A94615A5A0A7CACF8DF5DCC1AC6EF9AF1945EB78E0A2FED1DA2ACC00EF983F9A012260BD722EF61C9DBCDD8719703
310
ECF839029010CA0B9F100B1D2842153E01A1A3837AB579516A31982FD2908A09100DAE591016CBCD4B011A2F4DE299E1338CE065DC4841BF9895D8C81714800CD08F5AD39601BC929B55D291F6CDCEF2AB40DD5D98F4E6F107C47AEE4A09A079C05316F479DAF4C2BAB83221BCC0CE23FE3D3D4C7BC9AB673D89A3677D6020
310
F6E182332028012FA0FBE0B2668FB85485902A8E7FA0BA2105C213E20BC2169211A4BABA7D693C3F1DA961F203694853137073AD5CD25F1C017DE0477626D7BA55B88F83B5EE513C41D814639FD1BF759171F4577D3CAB0C3DFF68B2D3B1F8478C18F67BEBB2598FA76A4545E9E961BACF657E0791D2373030E0EC9FAEDD17
310
BEA7703A738185D08236C407448A4CB504CBF01FF43859D3115488EA01B55078000DF085911805790DE1B41B6F8CB2889C3834FE02AFE07D85143C6C008438A944EA63E047023A7EF37E13B0903AFEA7BBAB9579330FAFDAACD540022980B65A75FBA17D388F1E6576405CCE7032D95BDA420E7DC0EFA320879E5F8B3B04C1
310
D2D9C1114210C19FCC49DC6A855E12010184DB8968109ED016E4683CD552A36B3AFA13BFC2114068935A7E774CD2C7225642B73325938052D8634ABC18DC9442BF9E0402E85B42F9F3273672DA8E8F1070405D1DC3248487574CD98092B8B956E6AFE1566530B78FAE05B4A0DE51FBAF85DD075C7E11939F80E015A58D1F87
310
E400CFFD2306C4D1D3C634380A201545A92BE01F445800BE12302AB477BD6F62600D211232EB061448A0D2B877BB940D63D059C37E0569A83DE93E214F4BD86209FF6F479C640AFF8AF6D1BFD987D029A94DB7C329B4184D4BB013BF912FB88FEEF913071A8D82B651BC10DB067A7EC52FE1B421883144C00F64FA23A11CF7
310
08BF16CA59F18D4C04B8085964B2D8DA4A855187000BE440BC816FFB13374640B0EB1D0998AF38A1AEF503F14302E2811081FC12EA6CD38A63B33035125F40F170C0B0AA45E9FCA38FC6D688D48563B5C4B4B7C359D3C7AE0EFB16ACD5E2FAA47EF8307044B4EBE1C71E84E742D81431FB06B90B600B9C239E277A57C94C42
310
7EE10E7826980C0136600D916A06058CBE8604DB4D314FBC014EDAACD0820F14BF75449B70339490FE5A0491221BF95F949DF1235380E969AABDBE2D32EB4403D3FDF17F42F9A0A7C28ED75BE86BDB7C7EC80C76F86B8800F77B305EB88F00A4352E0F8089EF811EA02A3DF08F7DA008F803BE4B4EF5F41E56087099E92070
310
8C3D720916444440FDFA013D4E1201414123A09290F5BD7AB729298209C4306D007BB0829FD4EC3A6D7E4F00B67DF38CA0764F832F0448E58439B952CB4F70DF964AFA74CCFDBABBDF273E2FF4F56D3DBFF2A78D42FFF2755DF307066497F44062AADFC0CC546F6DCCFECECFA232E14F408F05477D311B683A35BC245FCF8A
310
5CD2AF20022C21022266905A5BCC8B20235D6FF04019CC04058AC80023662E25F342063165956320BE50370F2A657BACC817DDA3DDD3EFE04028645780A768FE38DBA88BF2EF3ADADFC7FEACA952E5A77568ECF0C971DF32BF1D24F8486B22A649EC81B1B60315CBEFC026091CA45F858D7D04C1B437079431E63E38F88075
310
8842E780A9E03791C0FAAFE10012588C3C592FE35461A6047802BA18686887023A422A49599399893103942CF6DA53A8E387825FA0678B261F139F801E2B17C901D0F5217E07AC2401A87D0480F753FBED44FE949C93A1D042B879FCE499B3D861AEB23F9C1F372F0C24D0B7D6E70FE1AAF60F84BAE642D82F0A9F53E22783
310
915518494FDBC0AFAE7DA282E5050B703570E06319A015E00D693A6BEFFAE493941C3B08C13B96BD20D0115A9565701DC58568A3009DA13E965765C03091F0FF339F7309D44F6E61F837F1B1FF920450EB8FC48F9B40158BE89C81A597CFB0DAF5F5755D3886DC13D4479599B583758CBF35663AA234F133F91D3BCCFCE0A7
310
94367F385C59B19431780F1C099131384056616E15A1563B50021D369C593FB292685A68A8B2A50A0A2085CF05434617E05FC24A6B077B990014421A68401AC4D65788EE25F737EB780D08A6E38F060F2ABD889E1B889C44852C2FF368C1E3E710D73B6589EA83F7417B341ADA1F639A23D15298F087AD0326410E116C3A1B
310
325218433C71AE62C07C1480F1C045629724A076A4BB8D622D24690486727F56108D07046DAB065000678E04C4F8C342DE27F4AC102D854F2D08D59B4ED0E4F697B0FF62F113646BC5B7F3131D4EA8BF8B265EA3F2026E7061B96F6DF3D993276B2180B8E57067587428579460551049049B074CF8B1066C7E14C705F0B392
310
98C0997C17F701097023BAC31081390196801FB0C2A12380042927503D5A01CA127F9841B460310639C674BC8CDF1A320501448E0068905B07F6E5602F8C1F07786253438CEC51AE61FDB25FF71B09893AC026A9EAE3F30F369F5D5EAEA5801FBAD3C98B38C13EE017B054F81A56F05259DBDA64FE270B1FC4C77200FE276F
310
E814B916E222575ED717A62A92956504605268408CFE13FD61F84252228376060206802B9550F00B9D47E6AF1022538A752CF4FFF1F5931384A9FF8700EDD4FFA2B93FCBFABB3EA6C607FF714B0B8B04EBBE83B52B246092AB018C0D0002FC490849F1E214AE6FC42009D6D86616C835B65DB9862EFC4480C14137603C3089
310
D0A5588FA27E693DD184131BA4E88C35045ACEF1CDE1A82323C20B842F2419604821196EE8185BC834AD44F8E9B7549A32900196E9ECBBE20FFB4706861AACADBBFD9B56A23FFD3AB8BFACC18B1B5AC0ECD7B6AE2E2E9CCD2BE8AF1B1BC3A813B94107E82DE67A42E7CC7D4A6116700B5B2EE3C338A09B840F07C40A64800D
310
7C605AC42B72227C4C7020AB1F20056E26F542717F56534261DE3766AC10A6ED2D006DD03BA9DBA507AE0510A8B385C92363B9154167F1230C40D76AF6F3BE0CA08F8BA2FFBBCEFB09D0986550E0F0EAE2F2780CDF850CB0F88CFC2815FE87BD83909F474F45DD47F1C821DB2107A8817FD45384F57891B65F2543D0C1E20A
310
89B4A8DF806862AC27C60F6A054627FD344250718AC0FA21CDC4E28DBF2650D1B39D8B8A420C348A4F846E2BE824BF8C45E1DB8EEB52F576F47A75FF95F90FCE0FD3A7A08D48D5B9AFBE3EA658E1676FE3372FB57F0AD8D70ED4AEBA3D4C2BE0AAF1C3AD63A6004D12900CFC481A47430C9EACB390038642C8C41B13303166
310
614210592736B8603AD4FAB17189DBB32F3915F0C380795A089A15228460BDE8E52203527D41B5470901B088D84FF8B3FE2BA7F4FD30ACAB3DE0B7E2FF95807AB0010FFDE3A048F7360F9F3FB9380EE537F16F8673131325D3351A3F664022020811A0FE8C019CA17370725CBFF64132025DA1BE2555102212E80A907FB43E
310
D80A991A8AAC183932C19AE17524B06590B6AD286EB99BAD18FF4BD64BAB519202F992A963648ED30E7521F909F090C0213E367A77D8836BEB6F34D92EDA624183070248351F1A079E5D3E7A9EE81F2CE6678F92E299EE312B6C0572C0A7B5EEE07853612403813152C7125E2022A20C18F855DBAFA399817FC97FB6E1CDCA
310
31D348434ACD0012F0D32A5456B4007E6E92D72B1A4E9971223A42C1042819E4049C0C5801300C0013FA48F8944FBAE71DAFC27F1826FA2304ECDF3F6C10FF47D5C7E49748DDD687DE8E91C09394EE0682A4F84CFD6067EEDF43E67EA46CB2F4070160439245F00343D03BF25D7E2F26FC400A896DBF19FB8D4D0A66DA669C
310
3D608F9CD048A0533621B25690EE19D5D15248E390F042B12C682511B02BFE3E5700E4C9A9B2107A8F45248FA48234FD23005ED1F4EFE80D1320836F04003BF42856D478D1DCA3ABEEE3C68F9F30C3A16E5C238EA5DE3FF37DACC2F8B7980033F47FAC34421EF0418A045394802CE032D61C70023D788136788613887C0011
310
A4EA316E005718AE191F8D0D841B9C679CD2FC478442D005429166F5A24403B1E6ACF3298F388B6D0BA933D92339D48969A5C11F09B4FF017A9900A4F887010C474717E10F36468032FF33F4AD610517777104CD920C3CD15FC5F3B3A0C75BBCA3B00F2724863C10BCD4A0E00736C7981F2F72E4B001438B99714FCFAF713A
310
2603BC710376A1715FC602022202E06FDEBBC680A3DF1C4C095A12C50B554FE7623B50374FB2129DDEA4C392C9188077658C87F55FF92FFA507FF03FC8DFD3F31BDAB46DD51AEB03F7E1B38B8B87CFF47EA1479C3EBAD5C6B382C221C0F1B358B39D76D9D3142C4A20935F541E492E0EF081BA41B3620A8E172B584EA14856
310
32E22A8221CEDAC6110AFA4B6D43E2B76A18AB240BB24337721C9321D2C033B2D3E2641A55A400A28403C12D1DADE39AD23FC5FC08C47A64DC3FF6DFF76B5235124022D7E6D6D5F3CB870F9F31C96FE477FAFE54100068A3A87FA5908A2C08011CF31309C10025B089FEF9C510522B8DC07C30AA469841723A10C08E27F00F
310
7FBC181C083F2809EC3B2B328E294AEAD5A071B3A95C81D2DE3F930372D022C9C793535B92FDAD5426E90490C3C81D000017C6494441544698C416520C1C40C71FC204B22448FD9303782FBA67089A1A7D4CE38E89050FEF5F1E078A4DCCFADA058032C34C1CBC2E1202B1F8962B1A8024F0EB7A11F209E96FB369D4B64202
310
FE7BA230AD24C46413536EAE955B341B726C593B5D4630C0BE822480908522B0D85430230352618DCD4F7BA6D568BF4343801480006658EA3EDCBFFA9702B4FDE9022163C43F9B72B58001A23FCE6F0B3FF0E4E1DDFB9801A6FC42FD0132CC1F2224F89933107AD30B6C9131A53818AE944BE25A70810821C38F098411980E
310
46D108F483DC63F49B91B852351604091D60546702F58A3872A1716411B642C7629C267E64E77719F46B0548FD6BFFFC86A38DBFADFCDF700228C124C8664FAA02BFB1F92B09800876FCE4F2D1C3FB4FD0A44E0106A8DB8079751CBF0BD9340066C3D52BC64706467C05B5A54401BE4A1B0132A55EAC1CCCB10D378A3DFEB9
310
812022327745EF2102886A9142C812A1A2C9708027BB55B7006357459F9C2080E0BC34489FC629510F3017B62D5073E2A2C64048A0A42580E413BA9E08274091A398EA80B5BF31C87BF5ECF8F1C5DDFB4F22AAC181F070AAFDDAE5650C4000516440D8806786D874215149E69ABEC43FF0EFC820FEA112B0522003C84BE03F
310
B76623513B6D840820358B084119B0CEC8C00AE888826339A54091F5FCA513AFE147975BB1A86FC50618D9D74502F0C7C8815AA306602FEE3A5E79E0D7DED1B221001118B73182CD439A092FF801105D1AA14E1918EC282F6260869D55108065988BD67F68E5581720A708051F7C8070F582389C682BE53F2AFD85853F2A01
310
3D21564028E06E79B7A71E43212180A81541EBC88F451E02385100491AB0C4A3BC5309A95911E66D04C0B448366988ECD204C2FC930F8CEE8FA410EE4C25B58DD1B6EBAD83F6196670F7DE635282C0A56A851AB035831725F0471A10FE52097089C80495804100318405F0DFC2136004B4C40705EC9154315129205EC35793
310
0035688F61AC02188250CFA9A980233925F16A117A48CA54DAB6400221976B75D863330942E20EE3B00B08FBB71AA813B0E502FD2B023DF70114E0D7DF2E2EEEDE7B789504200112075478F2FBD6897835C91F0C20782401E801A2F9142700B74805703426023A81CC0BE88B537D0003E0C5181D29EB8D83050964DD258091
310
0A1E7A8138F76253DC01DC2F3824391AD748276C0B0CDF12366625D038603D0003E0266CB42704C8CE7FA7F11B4D59C0BF454A78F8FCF1E50513715D469607031272358F04E0003C90107223A581218F10008B10247CD20D860FF0BF48801040B361808148714764028EAC137E871501EFDD97C89B52107FF1235B0928C562
310
530082573CE137840EFEF82A0BDC602736C595912FBEC69E6A3A26903B3A300C5A098A9E3F1810CDFFBA019D97B4E7A7A075850F2E92569BD960CA7B8304995FD006FC4213BB1448A6F4BFBB3A9F9FC4962D0A1369129B10073771FEDA38B1737B663A71C088D8848027FC3008DAC4E4397A6F76271DFFFCF77D6BD7F1F67D
310
A51E0E08875A6BAFBD6BD7AE52CC04A0B4A2206F650EC412841A48258258E8662C3838FBE21E25172C2A15A4F78D82DCF68A005DCF07047C183E1CE47731BBCCB5469D9169E0D588945BEB637E87802A03D88FB82486210D28FB3B858D13DC7CE75F5E6F3B03C1744D30CC58C7C7A256146853A05243060B850072A7010CA4
310
7CFBF9A1E24F414037B8781E8E9F219A774B36481CB43E48A79819D638C8760D672FAC19FB9D3FC5EA9158DBD0159C27860409682E8FF2595652FE189D2CC2D7C023E944158355806FC320087CC74116030CC376C559C098B93A041C5DDA48AF33827D2327DC761D19C17CC62780D82A170E6CE7415A5E7FE825E053048F88
310
D2AC2A561CA4D4C60098DA28EF1A01382772484698F60C8DD24BF396EA76260542810A625978C03580A9CAB91D10249BE579B0377A3DD15749A45F24C4D81FF3D7D7996F6A1690288008C0FF6CC186DA9D5FC95BB09B1301004B016E707FDFED306A1BE8FA208828F00BF342186839839F1F6FA338DC5A0200FF383DE92614
310
C03A4508DA18F4D85F9354F7E867AA77A42FF49BBE6757A1A7454448D0BFC3C220714FE43A3D8F1547BE10F0BC5A05985AC3C28829A06FE24CD062700601F4AF12AF99099B08E7071DC4626A97C920C3FF96E190C9D1FD7CB6163E800D79E5F3F10A9306C02B799E80F1AB380E0571A584C0370A220C3125000B500900D96F
310
EA40409F980E2083E4EDF4D8D2480AE5667222E020BCDAD4EF19682120818FE18EC7FD6AAD67C03F7DF1955E697456F517AC4F24700C30171C67E9168B109A4F60AFA60F98BE30941BF776DBC7C70792A2FBE98AAA97224F8BEA39B47BFD14A8CD03320DA2B676E3AA397E652E30A42CE2987B7DA1EF7F75242413800A04C0
310
270C62A13372400B435ACD84B8B5009208F5AC73EB149FFF3508E21C2201E0338BE07E50EB47E7FF6D97724A601028C5519073E7978EC88834410450E074DD58AD13A4900103A6444A9CB99103229F0EF8C0C78161EBC68137240734CDCFC349807851E0EB46CE864D2E405ED341B71A390CF2DE20CF5193189E1901E866D0
310
230409684B193D17E2928534D04240937D3C84477494FC5E0FE0B448E35AFC19007926C1C6A6E622FDB8A12E30993C6710E070397C4B26304C0AE38218D19F01FFB15BAE1C0E7E74DF75F2406E373C414E848FF8E500EFAF3C1029C9C0ADAB2313A7426CA9B2C1B9E30032C84EF31A09A88A386F136E8C2F1D582EA0459207
310
015F10F1F001F0B1B7DF7222011EA2001F00BFD36BAEE0850928B08C077030FE3806C880EAA74BCE0863A952812E6008B3A89199C1EE918AF96AF583F1A073B0A355B9D861AF1460DCFB3BFC6B7EFDC834B09700CBED3510E48DC7129041C991F06BA5006CA6B5B34EE21501374E8DFC910042036111EC9C7CFA1C05D48A72
310
70F7F835BF04A4194DA4CF76CEC66718C84CD020D04C412AC848F03E3C61A1C8D50D0EA6838A00376054D3DF61A0E393E1F8B058A6C994093476D601A4A06F0CFD3C0A6BFA910E75CC10400A80FDA93AC9B5EA4303F6C0D188B559086091CC5910137772E14F2376D03181B5CFE74C0EA38440D0AC256D6C4D104CE05302FC
310
C00B60B9CD4D71E08BD40C144A025E60D4C1F45FE846A2105D717EEA84808A5DD90A168E133640311CF05DD870768683F5D2F1800F485AEBE5CABD8FFA3C0BEB33702493AEB551B1EB035EF5C8E5757FA7832141F88E8578A363802B560007AF93D7D470B478C4D00B412D634C9140C4F9275C00DCE8DFE3C7F8C0AFBC5B2C
310
E82E3C3BDF393D4375D50C43CD1C17E3777CD2C170725B7B42B41DF15BFC344DAD089C1E9118522B4A2C60B794E4E8F33081BB7C8CFCEEA0B2015E49D586429C6C78646180B7710E06018A3082243C275F077FBE412C17DE80D3E6B9462C5204C5D980D1DF84A864401C483CD01B143F4A4868087A0F780F37230200A4FBF6
310
AED325114C367C22512750A5C7C3E32D545CE20A0904183BA10015DCAD89864B3E1EE97EBAE8B204266A48E010511838E2FE413FB116E60880C2D8440AC3880DDA6DF6618C138CF1CB2A09637E18D00F80CB0DC05322E31EADB8081C29410903F06BFCDF5AB46024E4A75828056440503C707856EF0C037623DD4922A400E8
310
A6BD75E4D2800905F18450A00CEE88860C8964C7B3F90F56528BA18F71CFBBBCD2D05797E168FC37DB26DBE0DD2EAEF39686C18440820013C1444055402A541400DD362A0A402F1FE51246404E098249FEE30708C10CA0B54601053159480C00BAA9B1223A773234FE72FD5C3BD81804D8D196FE3D5315A0C981D88D04FA01
310
DFC185CA93F9120E1F480B08063364A0A318F08DF95056E4C91F1150D31B011200383502E079EE43CC18603AE2F88FD139C802A739F208E88D06DC78267C448C27C4113C19B0F51B0E9C1C021CF8F9167C6B1F2E10E461002910105D1042792D1CA303F469714C018C23D72179E165049C40E801CB96CF334562E5807291D1
310
E0C70FE6CAD91656715F0E5C5E70F8D7F83290549B1BAA6F781D25180EBCA93EC84E72A74081CE3020789B3790E1A9E478E658C099BECFF01E530E80EC5FE31204ACFF70AF8177A03059240CD074978A002A878BF883FEEC81DD684E406CA630ACFDE87292822A11953710F000885D6F68A67ED40CD772B0828359B753F7CE
310
23D9479AB9845771B389D6A77130F8C134EFC83947392029B10E4425440A84AF0E54825228FC1634D369874739C837A9DDC83C20D320C36042610ECDFA750303710224D01202488012CA847424F8D53F78AB6BECE9B3B35A7F32396AC6B7444566327DBB4DF06FD9616744F4D3A397EB3B0A3FBA8D763702883ED742FE5CD2
310
4146D8E353ACCF811C806AE09914D8446E93840FF4D6C963FF32BFB6AB015D1D3B0C9A0968776F021F21404B6260CF84A14F35180CE20B5E85BDA2EC91FD5A7DBA7E5705F4F0F97AF26CE18E3BA078138202400A62930FA6CC7882F911A92F33E547E64990B0F27323D73B6222863F86425153FA8009361C675554C25382CE
310
148420C8DCC47A20122806CA178A0918C14CBD33440289078A00EC6070184CA9907FD0A1270478E0B325B67C2193694EDB7DD0F3C238447C8A11485562FB4902134E6AC952FD5320A4F7C780882DA9684285CD81D278C0E8FF8DEC9F45D22DC3C2CA99C2728110888799575B6834BF22B0F01EDE72D7F21B672C40F0A97299
310
9E2200B7C91403F9BB3D09C01990819238CBAE5E7510D7D57450507E3DB04AAA0A3C280064E0775380C8C16EEA4834346A04BF0CE847B4B3AF760D06D24BBB267C32E2C9257DE5EB748AD101AF1FD33265E2B674EED8C01A0AC901392211011AC810560F77778E85B13BAFE3E25C95B70919A4862C15928BD8989664AD8638
310
101D009A80F00BDC41AF27602A4BDA0C077E550048E7F1011410F01405045E1C140B4D0E70E0F6E034171C3D6FD12004FCC1FA304312518910356628A4A326EC9ADF5DFFD1B2C0399503F14B4F8E3E0E4E39A06ABCB56A8014687E86E462BDDE5124615ECDB412B7314F62E6E0C76ADEC0F717B360E741960104CF1706CFA1
310
8E0605004B01AE007869B095ED92144A807841EFF2811C047889A04901C809062057192688C92346F97F279449F89B113500BAD282D1DA80A55C27EFFE02C8D4F395003F285B617BBF0831F49B055342DDDD414378E8888E92C16789F269A27C9A221FAA4A0DFDDB9F935B2ECC04DC51481558A69301E0460B02665AC4DD30
310
C03D480866C3409400051811876014C0F294C542821AB045011A3E3F09001FF304E3A0BED05CC11A811B865001769507FC01ADC611F400CF68C7B093606E30F3C7E0F00C1D10C31951C1E2D7252181DA00345842A19130715C736EC9ECE686A712FDB31E4D3E50AB336E5666D7B212C0113C4A4406029709B43D0228F3FBAF
310
49921B19CA0C82A2D5BC4A2079809240F37D3E10F9637607C3983F0458508A98B8B4EFC92AC13530180CF55359500080061DF59B98BB3FEACEE881DC8127F182A885A86FB12B43C590A4380504E32305E3148BBEEB2D2782029765428092545BA5C2C681FC5F8E869C0EE1034A822FF09A12C94084505AA868080303473F81
310
61F7AA0A6610745E280BE4427FB770106F8800EADABA19F453210435BDB2348471B13B65F2FCB554827632C4C44467333E4127095D22092ED492009930413251B5408345065065E415266E20279A40B3F520370BE2050C8360E6BB4601C1673B9BFE007EF5200B6483CD195400A783E6DEA0653515B0FCE8E86D1618FC1EFC
310
15C2E727F24F2A2DAB57326D8D0877D4E298894E7A0C3C7D9CE8A0E2D17AA2020FA1097D6372F2A9F955060FDD467AD0426368C24A8340FD0D6687A76316DEF5179ED9042005A2BF02A5DD810A4DEFA4A8F700EFC50FF4FB8C06410F0303C106ADF8852ACC6A2CA9046E9ED070739339857222CC009E206479886EA26227BF
310
7A341A15C351A8404A6C10080A2140FA4B4E8D9B9A11645899332363FD69887F436A660566964250FD752E787B64BCF8E6C8190DF8EA0C854C062D8A5A1346F810414313E606ECA0AC3A01D6928544029D5F42E202C0CB386F880F7842A31287061F32F3CBE09F2950783394F2F2B23D85386C6F51943E99DD10C8A0000BA9
310
569A14805693274BD0E4F4DC3F28E331EEA91C4F33ABE057889BFB92819187840A08E57A276A8BFCB75B0342668C70C565C8059996D209C2800941A21FB82B2F520BC2E6FE6F1A8827043DE17000DACC8193E78BBB8DF1467978C06F6AFE986123E3A95272CAC122046F4C65C4B88FED2F1CD1D918F7CDBF8903BF1A90057D
310
42F4DC133AF804ACBB58446A0DB78806FC053FA1E45D0AF1112613CC0DD976C5E70AD3282F42725C0D02AC8588DE451B1C01ABF063E7748A3882F0DD484BB78D037F9812240EB88B6034C0AD53E5116D4C6D920C6A89F084E6D0598AD7EB6930CC7B293E27A666E5CDFE9A3FA52FEB3C97976FDAAE9A60008FCA6B33099CF9
310
880D35D419FC687D424378E3099441E110C5B3C6DC311E6653514A67A530D863326C4D8430E0C28024803B5B069B0E60C10EDB6DF087034171DF01F1F3404B27B1056D8C0E56E7CA6056E7798147BE4C2F01CED5987E413AC6A724876DE3F599E0601CE7B9CEF3BEB3671E12DCE8AF9631B8031D3F360B6955DC2342B2A0E4
310
632A00264C0DA002220CFEC3E10D9BADC8904D88DC51928593AA16C91DF6FFF82B3234404C7214D0F8608E0052283EFB2B0563F1D072936C4017706010BCF1B16CDE0C1FA9C777E44E1F5259B0C9BBC8794A82A6C182A3AF56B16921405351FDDC91B5BAAA617860E8D76C97C377FE701A4EB4378FA97C2C8E3CC8950886C6
310
FD93AF70A1F5F676B7ED16CBC56AF5D09110EEB8607CC08A795882358280DDB98AFFE7087C6EB593D62F041CDB4018935238E73F1098100D0C8769818F777057F64C703C6530E142FDF5C837AE1CF66C94C4887D3A3726AB990DEA248F73B5D32C8E04F6714B1E67C53FC52040252E605B322407CBF8C7F05453462A295ABF
310
4D95592DDD76AC23512E9A2DF964715C80DD752CA8E263AC36F02C3C28A133EB22AC8D099BDEFDE28C3E8FFEE3815D5D00C17C00511058354D62443C1A546280E43572A9C661A34FA5891F8E7570608C8DF21DF51DF9D2A84D4501F41B8CD4F4C9DEB2F901E810C0E4CEB6EC08DFB06341C864CF8D0EEE779A606545E1E64A
310
AF30A4324C20FDD3BD558BD966BA994FA915CD162B1978642AD01694E533EC190368A68234657085B5F88E27A0805E04B8BB6A00A51646EE3C10A50FF007FF410F1963CA69BE2002F0F902E701AEC995FD41F83A3F0C3809A3288A083003A6CC2A20E6D703EE48E3777AC07ADD51EB6101603A9FCF17B3D5928F6D742EE7E4
310
CF38AE2B03C5FB39C81D7B2978FAFE85AF3D2710B0582C970F0FEB0E4D1103B8BE2B4D560CA10002FC8F334C891C07B44FE06B2E3ACE5E1E2D1FC32203110ABF9CA0E8381F68EC3C06701328E5A38278A5FCD944CEA5283DA933DF2A2448BD23F1C5D8BE04CC2DC3B43B3EEC29F8B5FF926D11D3E97EBF7FA1BD1E5E5F5FE6
310
D3D972F548547783146ECD84873F377C5820F7F9FCE5E07378D6CBCB7E036DF7F7104079A05B77C6942D1BA95D47424BFC3DB6411009A42E207871B7EE9B06614BBD20F22F7523FB985F3F7068E37600273A3ED0C1CCC380F6EC4AF01CC1CF95E4848B7BF950AD14C44F10460221E02D21D01DAE800F323704C00035DFE97C
310
B37F797D3D1C0E4FBF35EE1E5E9E0E879FBF3DF6F474780A01FB3DAF01FE0C0798218007C2090A3008BA7682A338F4A8804A06CBFE6A80CEC766F49853F15B2F45FCEA3F8250012841315016E75E797EFEEC4ACA6C79F515CF1738F7C36E2406071051043817C9E8C5888D49D0332E800062FF54FA562BF7446CC0BFDFBF86
310
03D1FEFCC9F7FFB5A7F000430755C2D3F72F2D02A022820897ABDD44594475BDCCA4A10AF34C06B08B4AB58BBFAE30999DC66C7CE903A83CF8EB006EEEAA063430F84B05F0ECF644825F5E95073870E72A0771AB89B080022A0C5A9FAF34C89286257FB7BEA000EC65B59750C68E0815B0D9834B15606328F80709DE09018A
310
C2A7817F83F96DB3D562C10A0A31300230CD4200B87F85808BAF64D04600254047F9C14DE93464009E7F5AABB4FDD6D55142A2C0BF1541FCE19C20C899BF4F76AB54B84CB97F88F48ECC029FD253F0C70DF4816B9AC94BCBD653B1A283C4001A0337955E4AFED3FB790B6B1F5EA0B5514074103A38D84280EE0F5F9BE974EA
310
B2D16AB1EA969684B6E4166CA28264B300474C7308D20013B204A65F82970718D05678B3315D442E1C0A327E2F56556040C005D2FAB1326A68A07507C9E46A3648555A7080F5F50219A00E6222E3E0862CE95B5680930530742F1D041805E69B788161F015944D041182B861A2C17F3AF01CF5BFDF6C343F9171F5B004BF59
310
C016719164B888EA206A02AD05E8464D06B48E4381A0E9345FD171625AC22198F57C003BEA5510F81FF78D31C9B033D0030000000049454E44AE426082504B03041400060808005257925A51464CB48900000043010000360000006662782F43434631354643322D344135452D344637452D383839382D3646314437383345
310
423338452F6469726563746F72792E786D6C9D8F310EC2300C45AF127987122606C71DD918B841D4B851A43646695A717C52A85029031293A5A76FBF6FACEF7DA7264E43906840EF0FA03836E242F406C6DCEE4EA06AC22492573150D1F66C60C640E8938CB705396EEDD86DE9B5042FE27813D640EA63BB001C722AF6E55C
310
B61E4863F58284D5D3F53DD715CE1C3985E63FD7F1B7EBDD617E9F1E504B03041400060808005257925A85BB8F7D630700009A1D0000340000006662782F43434631354643322D344135452D344637452D383839382D3646314437383345423338452F6F626A656374732E786D6CED595B6FA33814FE2B887D0602E4C68866
310
D426CD28DAEDCC68BAB3DA37E410937ACB4D067AD95FBFC7C62698D0847467A47DD8566AA8638ECFF9CEFDD8FFF892C4DA13A605C9D22BDD3647BA86D330DB91747FA5576564CC75EDE342F3699695AD7DBA96A2045FE96C595FF87B9A55B958DAE108557177757DF3A7568438C5BA16C6A828AEF4227CC009325155663B5C
310
3C9A3B5422731FBD98B6596F54C9EE29CA1F3A47E588E2B40456613D052A82035BFD1744B216BEC53628DB9C61DBDC13DB2C2EB8CA28498B12A5E111571D3ACE30AE5C7BBCBA75269E31198F5D633C756CE3667DB332EC993B5A4E974BEFFAD6D3B585BFCDB2B851408ED31D68F1555FD8BEC5BE69C41728F4F11D66698A43
310
8166DF861D1674092EBA9828C0DA5CB496426A595B0BEE40E1DFD83608148525056D299CFC6C5B6FB6FD0B40288658292D30B3F2A2A4A06B817DED0F23DFAA5715BD90424B50892941B116932D451414045B6B05296498B730521AC38C6B51D26BF30A867DDE97FAB88CAA3866FEAB2FB8A705E08FB82C3867E46F4C0FDCB7
310
4F039E40DA8AA4E55C085BBEE640C2F32DBE587FE73AE2CB1A482D8AD11EAC05C4649B5CA783D792C582CD4A5FFCBADEBEDCB3F8D07F784EB31CD392591E7766E17752832DD302E31B004A8DABAABB032ADF00FACF807CC38BE683E6287919BF8CA5EC14A54594D104B4A38D3463047F461A7B3C7AF2ADE6E585A629B1F22D
310
4CC16D7F10A68A18CAD92D4817FE13187D465D21DC7D8862B0E93B92323F0743D1E20C9620DE47DB177DB181600A8BF0168A417AF8F52DF6A8C1474D07E24D47437DE17780A2A4C374FDECA0AB4F603394848DAA1419DFC277F243F0BD5EDDFF7A5FD10885F84E38F60A4724252524D37E8614D01597FFBEF9CC3DF2481E65
310
5708E7EC3316387AF4722FF4A271C5002B2C0FD7AAE12B7704DC3D8E518AB3AA10EB7D812ACCE28C06DBD7A0F6E1DEB3FE9046501F06FECD2CA0379841760F29C91928FA4288D74442F380138B83C200F7B552832D0A1F19BC410811EB3D7C80D522DA255A25798092AC4A59F83E36EFAE68A63BE23FB6ED3923CF997B9389
310
3078E09D1F20FD470687867D765282F2378E592AFA12714302597BD218E2659F0C21544D551964390A49D96F0D1D3106B2BC2351541510D67B81E9706CBAF6A4C646FE751C6D74C16AC3D4696905530149D01E07116239B1973F05D086B854522F92FB382B0A92E282D73447B1AE83E2C884D0515BBAA4DA63B6A408125CA2
310
F7582C4F921D83A5388A03A8BE4A56FF9EB757C9A0C8B76F5164B55E96065CFED7A040491ED775DD390C6CA773422FAE8C6976C413D86780CA60B4C3BC4C3F47BD892412DF41D4BD77937F031E8A7E3A3CF20802C53A64D5F39AB5CD89EDB19F3984A1E9C476A7B34615E7D0928795AC6E892BA8B4C2D7E01993FDC3B02028
310
557EF29C02C75140E2B84A823A87943881B20D95151DE4B1538826DD834464E8B844EBA488C450540F0EB3BC5E91150B1CC60B96B7C26CEB18108AA4D0D70D12E4488A5E23E6BAE03D2C6BD5CEEBFF72AAFF3A62B67B9B47FCFA9CD15D2FA76AE921AB365964B080297262A35E4E79E1B7DD2FE1CDCE791CC6928888707567
310
212C84E227C28619BC6BEAED398A675486104AEFF9A771031EB1C3BB431DA29013A3117D01874A6AB2B66D774710EE5802518AB50D0BA9094C28108BB477EC21FE8640D5502D1696A884AC7A7DC3529B09C398031F27687DF974DFA1022B83DFFECA30C2CF1D0A6275C98ABF13A4BE6F0E356E878290E8FBE6C4EBE543956C
310
5344586E64668176F9878FBCFFBCB2A0B9B096CBB53D592F1D637C3DB935C6EBD9AD319F7B7363BAB657B3B97B7BE3CE6F2D8A8BACA2212E2CC71A05B2DACAD3BD348C1ABA215D084C22CEB78BD29EBB0AFEBF0BE9715635145CD88528363FB471E84F111756B28E3D99CEA7EE7C047FECB937F566AC921DBCDA149BA713CA
310
65D56643F464D67D77A5658EEA72C2838EC6F1A0A0988EED79E342A2B3E9CD5C70A42C282EA85E5C5EBC78B3A93D99DB63E8A52E3DEBBDC5CB71D1DE2B552BDBBFAB7CF9E9F9F9F8809F9E9F956478716EFD3DA36CD220C3B142AC2FB32AEECFC6823DF1450E1E78FA982D57E3E5FCE6D6F0D6D395319ECCAE8D9B154CCB9D
310
B53B725693EBF5D23B80264A8EA1E9FB3F91AA24B3AD09270CEA8B2C26705F8277DA1E67D06AC24068401AA3092E780B097596A89676E2B266C0DB4FF5B8BB44DB58BE1D3E20B8338845E1538530AF86F6EE4A17EBDA2F30A16643623E37341F21BF8BE8A86B1525573A984049208D9B5B9834F2B92EA7DE992483DA50BA67
310
CD69FD56F3FFE135860ED8CA41AE66CF105C84648A75C2D426E75738108365DDF77ED1253B1A2AE1715B958D308785833402047957530B0703D94701EF0B84DFD372D926DFA34032E8D2E4A41DD4548D12D13DBFF968E17DBDFA6AB14B8BCD172D8FAB3D53E7A9B24AA164B0722EAEEAF9A00F8621C4CC111B782C3F58D075
310
3C626AC10424CE5E2D396AD57EABEF502C5E3D8A0B15981816D844BBE21116407394B0A9748DA0A2DF26FAB4F42B016750C36BCAFECD4A1399AED508B41B00263DBF4DD1C04FD82D1AF38AF686D6E8174C1DB8AA27E4CD835CF02D76F3B3F807504B03041400060808005257925AD919CE0AE2000000550100003C00000066
310
62782F43434631354643322D344135452D344637452D383839382D3646314437383345423338452F7265736F75726365732F322F636E782E786D6C4D90CD6EC32010845FC542EAD180DD44B5224C5E22A75E220A1B1705588B9FAA7DFB4242A59E7635F369353BE2FCEDDDF00531590C2B99282703048DC6866D2525DFC685
310
0C67292262FE879121280F2B693291628B58F62E19B8A9E29AEA6CB877915F370810ADBEEE612383762AA59524FD095E5155321A48776A545674A2111296A8A19EC8D6433FA123A80C86C899CFC7911FC669B94CFC745C4EAF6FEF8235528A0F44D7791B3244DC5F66AEB1AEA126E28235408A126DA7DA1BD5F88B476B3CC1
310
AA2D45CAB176D0B1FCB357CC7AB5017B204F570AD69EACE3D1409DAD10F90B504B03041400060808005257925AFF15A4A45D000000800000003A0000006662782F43434631354643322D344135452D344637452D383839382D3646314437383345423338452F7265736F75726365732F636E782E786D6C4D8B3B0E80201005
310
AF42B6F75B59F0390B113044D83508C6E30BC6C26AF226F3B8BA6360974DA7271430F523308B2B198F9B80925DB700539227A2FCCB80A18E5640D320F996A81C9F32D6E9129A0D1EF74FCE750E6D57BC7165FBCA07504B03041400060808005257925A1C3B02064301000056050000300000006662782F4343463135464332
310
2D344135452D344637452D383839382D3646314437383345423338452F636E782E786D6CCD94C14E032110865F6543E271D9DD6A63D3B034F1E0137830DE5876BA6259D8C060ECDB0B95B61AD3E8A1497B23C347F2FF333FC3561FA32EDEC179654D4B1A5A93028CB4BD32434B02AECB0529569C396BF11B460A234668492A
310
13CE0667C3944B3DAC45D0A9AA95D9E4A24074AA0B089E14520BEF5BE2E52B8C828A80B607BFA1BD40411BEAC0DBE024C4F7A846C8EFA50381D0133EAB67F3B2BE2B9BC553532FE78BE5EDFD0BAB12C95967ADCEBC3208CE4E37B35ADA7834514ECDAA0470169CCA54F240F8511BED946155BCE7CC47BD66C81C6EA7C44D93
310
5652606C5465250296110231B2EA0BE6AC4A8E7FF87E7C783E6A88A75E399068DDF6626D684EB5E1208DC644FCAF0B3BF02FF3B67B8B962F37F79386B3B0B3D9DD27D7C7E8FE4E42CC933083BEC60F709076FEFCC7C5824A5EA3E9BDB23379AE762B300E3E6D44FE09504B03041400060808005257925A6FD7EA557F000000
310
A30000000B0000006662782F636E782E786D6C4D8C410EC2201405AF42FE1E15DBDA6F02348A708FC6D28648C1D4623CBE60BA70F592C99BE1DD67F6E46D97978B4100DB1D80D8708F830B9380B48E148174922F31AE7F3720A19FAD808241F26989E9B9A1C18E7DF2857A171E1B54CAB0C6A823AD2F8DA6B56935453C233D
310
19766BB1D2D70A7536F645C9F3EBE52D79F905504B03041400060808005257925AA6D797065F0000008200000007000000636E782E786D6C4DCB3B0E80201045D1AD90E9FD7516806B51190811670C8A61F982B1B0BAC9C97B72CA7B1037C6D3332918DA1E04D2CAC69353902EDB8C20262D23F3F59B81A079470595414B17
310
391D1F19B4730A5583A7ED43BBE4025D9592775E5ADFFA01504B03041400060808005257925AECFD112DA800000026010000130000005B436F6E74656E745F54797065735D2E786D6C7D4F4B0EC22010BD0A61DF525D18634ABB506FE00510A79458060253536F2FD89D5197F3FED3F68B9BD80362B21E25DFD40D6780DADF
310
2C1AC9671AAA3D677DD75E9E0112CB5A4C928F44E12044D22338956A1F003333F8E814E5331A1194BE2B0362DB343BA13D122055543278D79E6050F344ECBC6478EDCD76CE8EABAE5449AE4298AC56946789C28AAFBEABC53F3EAF09A84A1441B91F0101CD4780756578C173A578FFDDBD00504B0304140006080800525792
310
5A3DEE336E64000000790000001B0000006175746F6465736B2D64657369676E2D7061636B6167652E786D6C35CBC10E83200C00D05F21DCA56CA76D41FC96062B120735B69A7DBE268BB7777961F8D5AF396893C2ADB70FE7ADA196782C2DF776D7A97B5933C430F15651E5469C55D70F80A4992A3ADC954792C525AE70A1
310
E4D6AD9816CC044FEFDF01FE3FDE907802504B03041400060808005257925A6022371CF40000008E0100003D0000006662782F43434631354643322D344135452D344637452D383839382D3646314437383345423338452F7265736F75726365732F322F636F72652E786D6C8550CB6E833010FC15B4770336A140641CB5D0
310
7C414FBD59B643AD041BF951F5F36B27546A4F3DED6A76667677E8E96BBD159FCA796DCD08B8ACA1504658A9CD32420C17D4437162D4591B7ED1A0307C55236418185D9C8DDB0E096B8232193556AA1DE4DEAB0085B8A566042F3ED4CA4B1E4362F86BB97171E58B2A71F9E0311AA396BB54CBE4A62F5A3960E4E5756A664C
310
D0340F4FE8D07703EAF1F98C1AD2CD434B8661EA9E6995C58C06BDFE6C174EF1A064D2D7A445F501E1FE0DD7C7B63F36DD3BAD3293511F5CFA795F9ABF4B745A3DD03F6E7193FFBB456D424376B787C203C3E9B8FB80D12AA793CA3DBA547392EC1B504B03041400060808005257925AE936E007F9000000960100003B0000
310
006662782F43434631354643322D344135452D344637452D383839382D3646314437383345423338452F7265736F75726365732F636F72652E786D6C8550CB6E833010FC15E4BB019B5020328E5A68BEA0A7DE2C7B43AD041BF951F5F36B27546A4F3DED6A76667677D8E96BBD159FE0BCB66644A4AC5101465AA5CD32A218
310
2EB847C58933676DF8454385112B8C28C388B3C5D9B8ED90B42680C9A8B10A7650780F0115F2969A1179F901AB28450C89E1AFE526E4552C5092F2C1E32C46AD76A956C94D5F3438C4E9CBEBD4CC84E2691E9EF0A1EF06DC93F31937B49B87960EC3D43DB32A8B390B7AFDD92E1D88002AE96BDAE2FA8049FF46EA63DB1F9B
310
EE9D5599C9990F2EFDBC2FCDDF21EEC0DBE82478563DA67F5CE3A6FE778DDA8486EEAE0F85479CA423EF03CEAA9C522AF70853CD89F26F504B03041400060808005257925A3F47385BF3000000B1010000310000006662782F43434631354643322D344135452D344637452D383839382D3646314437383345423338452F63
310
6F72652E786D6C8D50CB6E833010FC15B47703E651DCC8386A297C414FBD59C6A156828DFCA8FAF9B50395DA5B4E6BCDCE7866879EBFD75BF625AD5346F780F31232A98599955E7A08FE8208646746AD31FE0F0D32CD57D9438281D1C59AB01D9030DA4B9D506D667980DC39E92113B7F8E8C1894FB9F29C071F19EE9A6F5C
310
5CF922739CEF3C46BD5A7FA5C24AEEE50CAC2AAB16950DC2E41D97A7969CEAEE831689C968086A3EACD41CDDD545490B6C1826DC4E43859A977644CDD48D889067829E26FCD6917A7CADC9488B2466D4791B6F3E3E49D73D2ADF85FF32876D7E20B3D2BEAE0EC35DE180E198E7BE60B44805C6716F37CE5436FB01504B0304
310
1400060808005257925A368BA82C54010000DD0200000C0000006662782F636F72652E786D6C8D52CB6E833010FC15E4BB79260522E3A84D9A2FE8A937071C6A056C646C94CFEF9A872887A61592B1667766674726C747DB7803D7BD50B240911F228FCB525542D605B2E68633E41D29D14A991F6DC893ACE5057230A2A4D6
310
CA7633542A69B874A854159F41D6F7DC20AF6CE052A0BEFCE22DF39935D0D1DFFD8E957756733FF2A73E4AAC15D54C1515A8899BE01AD1F8EDFD949CA3189FCEF90BDE65698EB3E872C1499C9EF37D9CE7A7F495048E4C8911ED32BDD49C195E013F8CF738DCE128FB88C2C33E3B24E927095C2725BDD1B0F33CD46D87E8ED
310
FA20C1846FF46C57FDAD678534493CEB4D8C1ED108EC8D054A02970FFCC6F0B619C260C8CFB06BB3AC700768E0A5517A07954AD9B534B0C672900EBDF123C15405E551E0379DF889CE730D088AC91AAC3103D7AB356EFAD653C7351ECCC3934AB7AC59CD4D16D7731DB45969A197AA51FA3FEC65D525CCC03D4CFA0D504B03
310
041400060808005257925AD34AC83907010000B201000008000000636F72652E786D6C8D50CB6E842014FD15C21E151CAB4E9049AB9D2FE8AA3B0A8C4346C1084CDABF2F8C3669775D5D721EF71C2E3D7DCE13B8ABD5696B3A88B30202658495DA8C1D0CFE821A084E8CAED6FA5F32080C9F5507130C191D571B961D12D678
310
65126AAC543BC89D531E0231C547079DB8AA99673CF8A870B76CE1E2C64795E16CD331EAF5FC6315ABE25E49C848412A541C106EDE7071AC9A6359BFD33C29190D41CB3D4ACB98AE2F5AADD1F2F2DA970326A81FDA277468EA1635F87C4625A987B6226DDBD7CF344F66469D5FE39FF725B1A7078EDF532ECD378AD10F6BA7
310
5D104B4960CDF4055941F344FC291D16F98FD2DAF892EC0B3787830CC7420F2206A70BC6F1386F9CE9DAEC1B504B010214001400060808005257925A0000000000000000000000003700000000000000000000000000000000006662782F43434631354643322D344135452D344637452D383839382D364631443738334542
310
3338452F617474726962757465732E62696E504B010214001400060808005257925A0000000000000000000000003500000000000000000000000000550000006662782F43434631354643322D344135452D344637452D383839382D3646314437383345423338452F76657274696365732E62696E504B0102140014000608
310
08005257925AF270F13306000000040000003600000000000000000000000000A80000006662782F43434631354643322D344135452D344637452D383839382D3646314437383345423338452F747269616E676C65732E62696E504B010214001400060808005257925AB5A795FFE3790000DE790000420000000000000000
310
0000000000020100006662782F43434631354643322D344135452D344637452D383839382D3646314437383345423338452F7265736F75726365732F322F305F67656E657269632E706E67504B010214001400060808005257925A51464CB489000000430100003600000000000000000000000000457B00006662782F4343
310
4631354643322D344135452D344637452D383839382D3646314437383345423338452F6469726563746F72792E786D6C504B010214001400060808005257925A85BB8F7D630700009A1D00003400000000000000000000000000227C00006662782F43434631354643322D344135452D344637452D383839382D3646314437
310
383345423338452F6F626A656374732E786D6C504B010214001400060808005257925AD919CE0AE2000000550100003C00000000000000000000000000D78300006662782F43434631354643322D344135452D344637452D383839382D3646314437383345423338452F7265736F75726365732F322F636E782E786D6C504B
310
010214001400060808005257925AFF15A4A45D000000800000003A00000000000000000000000000138500006662782F43434631354643322D344135452D344637452D383839382D3646314437383345423338452F7265736F75726365732F636E782E786D6C504B010214001400060808005257925A1C3B02064301000056
310
0500003000000000000000000000000000C88500006662782F43434631354643322D344135452D344637452D383839382D3646314437383345423338452F636E782E786D6C504B010214001400060808005257925A6FD7EA557F000000A30000000B00000000000000000000000000598700006662782F636E782E786D6C50
310
4B010214001400060808005257925AA6D797065F00000082000000070000000000000000000000000001880000636E782E786D6C504B010214001400060808005257925AECFD112DA8000000260100001300000000000000000000000000858800005B436F6E74656E745F54797065735D2E786D6C504B0102140014000608
310
08005257925A3DEE336E64000000790000001B000000000000000000000000005E8900006175746F6465736B2D64657369676E2D7061636B6167652E786D6C504B010214001400060808005257925A6022371CF40000008E0100003D00000000000000000000000000FB8900006662782F43434631354643322D344135452D
310
344637452D383839382D3646314437383345423338452F7265736F75726365732F322F636F72652E786D6C504B010214001400060808005257925AE936E007F9000000960100003B000000000000000000000000004A8B00006662782F43434631354643322D344135452D344637452D383839382D36463144373833454233
310
38452F7265736F75726365732F636F72652E786D6C504B010214001400060808005257925A3F47385BF3000000B101000031000000000000000000000000009C8C00006662782F43434631354643322D344135452D344637452D383839382D3646314437383345423338452F636F72652E786D6C504B010214001400060808
310
005257925A368BA82C54010000DD0200000C00000000000000000000000000DE8D00006662782F636F72652E786D6C504B010214001400060808005257925AD34AC83907010000B201000008000000000000000000000000005C8F0000636F72652E786D6C504B050600000000120012002D060000899000000000
  0
XRECORD
  5
142
102
{ACAD_REACTORS
330
13E
102
}
330
13E
100
AcDbXrecord
280
     1
270
     1
271
     1
  0
XRECORD
  5
144
102
{ACAD_REACTORS
330
13E
102
}
330
13E
100
AcDbXrecord
280
     1
270
     1
271
     1
  0
XRECORD
  5
145
102
{ACAD_REACTORS
330
13E
102
}
330
13E
100
AcDbXrecord
280
     1
270
     1
271
     1
  0
XRECORD
  5
143
102
{ACAD_REACTORS
330
13E
102
}
330
13E
100
AcDbXrecord
280
     1
270
     1
271
     1
  0
XRECORD
  5
155
102
{ACAD_REACTORS
330
154
102
}
330
154
100
AcDbXrecord
280
     1
102
DISPLAYNAME
  1
Imperial24
102
FLAGS
 90
        0
  0
CELLSTYLEMAP
  5
152
102
{ACAD_REACTORS
330
151
102
}
330
151
100
AcDbCellStyleMap
 90
        3
300
CELLSTYLE
  1
TABLEFORMAT_BEGIN
 90
        5
170
     1
 91
        0
 92
    32768
 62
   257
 93
        1
300
CONTENTFORMAT
  1
CONTENTFORMAT_BEGIN
 90
        0
 91
        0
 92
      512
 93
        0
300

 40
0.0
140
1.0
 94
        5
 62
     0
340
55
144
0.25
309
CONTENTFORMAT_END
171
     0
 94
        0
309
TABLEFORMAT_END
  1
CELLSTYLE_BEGIN
 90
        1
 91
        1
300
_TITLE
309
CELLSTYLE_END
300
CELLSTYLE
  1
TABLEFORMAT_BEGIN
 90
        5
170
     1
 91
        0
 92
        0
 62
   257
 93
        1
300
CONTENTFORMAT
  1
CONTENTFORMAT_BEGIN
 90
        0
 91
        0
 92
      512
 93
        0
300

 40
0.0
140
1.0
 94
        5
 62
     0
340
55
144
0.18
309
CONTENTFORMAT_END
171
     0
 94
        0
309
TABLEFORMAT_END
  1
CELLSTYLE_BEGIN
 90
        2
 91
        1
300
_HEADER
309
CELLSTYLE_END
300
CELLSTYLE
  1
TABLEFORMAT_BEGIN
 90
        5
170
     1
 91
        0
 92
        0
 62
   257
 93
        1
300
CONTENTFORMAT
  1
CONTENTFORMAT_BEGIN
 90
        0
 91
        0
 92
      512
 93
        0
300

 40
0.0
140
1.0
 94
        2
 62
     0
340
55
144
0.18
309
CONTENTFORMAT_END
171
     0
 94
        0
309
TABLEFORMAT_END
  1
CELLSTYLE_BEGIN
 90
        3
 91
        2
300
_DATA
309
CELLSTYLE_END
  0
ENDSEC
  0
SECTION
  2
ACDSDATA
 70
     2
 71
     8
  0
ACDSSCHEMA
 90
        0
  1
AcDb3DSolid_ASM_Data
  2
AcDbDs::ID
280
    10
 91
        8
  2
ASM_Data
280
    15
 91
        0
101
ACDSRECORD
 95
        0
 90
        1
  2
AcDbDs::TreatedAsObjectData
280
     1
291
     1
101
ACDSRECORD
 95
        0
 90
        2
  2
AcDbDs::Legacy
280
     1
291
     1
101
ACDSRECORD
  1
AcDbDs::ID
 90
        3
  2
AcDs:Indexable
280
     1
291
     1
101
ACDSRECORD
  1
AcDbDs::ID
 90
        4
  2
AcDbDs::HandleAttribute
280
     7
282
     1
  0
ACDSSCHEMA
 90
        1
  1
AcDbDs::TreatedAsObjectDataSchema
  2
AcDbDs::TreatedAsObjectData
280
     1
 91
        0
  0
ACDSSCHEMA
 90
        2
  1
AcDbDs::LegacySchema
  2
AcDbDs::Legacy
280
     1
 91
        0
  0
ACDSSCHEMA
 90
        3
  1
AcDbDs::IndexedPropertySchema
  2
AcDs:Indexable
280
     1
 91
        0
  0
ACDSSCHEMA
 90
        4
  1
AcDbDs::HandleAttributeSchema
  2
AcDbDs::HandleAttribute
280
     7
 91
        1
284
     1
  0
ACDSRECORD
 90
        0
  2
AcDbDs::ID
280
    10
320
147
  2
ASM_Data
280
    15
 94
   281002
310
414349532042696E61727946696C652855000000000000020000000C00000007104175746F6465736B204175746F434144071441534D203233312E302E302E3635353335204E540718467269204170722031382031303A35383A33372032303235066666666666663940068DEDB5A0F7C6B03E06BBBDD7D9DF7CDB3D0D0961
310
736D6865616465720CFFFFFFFF04FFFFFFFF070D3233312E302E302E3635353335110D04626F64790C0200000004FFFFFFFF0CFFFFFFFF0C030000000CFFFFFFFF0C04000000110E0D4154545249425F435553544F4D0D066174747269620CFFFFFFFF04FFFFFFFF0C050000000CFFFFFFFF0C01000000071454696D657374
310
616D705F6174747269625F646566040100000006CCB8F6252DCC1843110D046C756D700CFFFFFFFF04FFFFFFFF0CFFFFFFFF0CFFFFFFFF0C060000000C01000000110D097472616E73666F726D0CFFFFFFFF04FFFFFFFF14000000000000F03F00000000000000000000000000000000140000000000000000000000000000
310
F03F00000000000000001400000000000000000000000000000000000000000000F03F1400000000000000000000000000000000000000000000000006000000000000F03F0B0B0B110E0D4154545249425F435553544F4D0D066174747269620C0700000004FFFFFFFF0CFFFFFFFF0C020000000C01000000071667656E65
310
7269635F7461675F6174747269625F6465660403000000040300000004FFFFFFFF071767656E657269635F7461675F6174747269625F64656620040100000004030000000703333138040100000004000000000400000000110D057368656C6C0CFFFFFFFF04FFFFFFFF0CFFFFFFFF0CFFFFFFFF0CFFFFFFFF0C080000000C
310
FFFFFFFF0C03000000110E0D4154545249425F435553544F4D0D066174747269620CFFFFFFFF04FFFFFFFF0CFFFFFFFF0CFFFFFFFF0C05000000071667656E657269635F7461675F6174747269625F6465660403000000040300000004FFFFFFFF071767656E657269635F7461675F6174747269625F646566200401000000
310
04000000000700040000000004050000000442010000044401000004460100000448010000044B0100000400000000110D04666163650C0900000004FFFFFFFF0CFFFFFFFF0C0A0000000C0B0000000C060000000CFFFFFFFF0C0C0000000A0B110E0D4154545249425F435553544F4D0D066174747269620CFFFFFFFF04FF
310
FFFFFF0CFFFFFFFF0CFFFFFFFF0C08000000071667656E657269635F7461675F6174747269625F6465660403000000040300000004FFFFFFFF071767656E657269635F7461675F6174747269625F6465662004010000000403000000070331313904000000000401000000044E0100000400000000110D04666163650C0D00
310
000004FFFFFFFF0CFFFFFFFF0C0E0000000C0F0000000C060000000CFFFFFFFF0C100000000A0B110D046C6F6F700CFFFFFFFF04FFFFFFFF0CFFFFFFFF0C110000000C120000000C08000000110E04636F6E650D07737572666163650CFFFFFFFF04FFFFFFFF0CFFFFFFFF13A4AE3C08AD791FC0DAFF63820C50E9BF343333
310
3333B338C01400000000000000000000000000000000000000000000F0BF1480C8E2EB8A15C53F10DF653A7467363D000000000000000006000000000000F03F0B0B06000000000000000006000000000000F03F0680C8E2EB8A15C53F0B0B0B0B0B110E0D4154545249425F435553544F4D0D066174747269620CFFFFFFFF
310
04FFFFFFFF0CFFFFFFFF0CFFFFFFFF0C0A000000071667656E657269635F7461675F6174747269625F6465660403000000040300000004FFFFFFFF071767656E657269635F7461675F6174747269625F6465662004010000000403000000070331313704000000000401000000044E0100000400000000110D04666163650C
310
1300000004FFFFFFFF0CFFFFFFFF0C140000000C150000000C060000000CFFFFFFFF0C160000000A0B110D046C6F6F700CFFFFFFFF04FFFFFFFF0CFFFFFFFF0C170000000C180000000C0A000000110E04636F6E650D07737572666163650CFFFFFFFF04FFFFFFFF0CFFFFFFFF133252C2AF629B18C0AAE263820C50E9BF34
310
33333333B338C01400000000000000000000000000000000000000000000F0BF1480C8E2EB8A15C53F10DF653A7467363D000000000000000006000000000000F03F0B0B06000000000000000006000000000000F03F0680C8E2EB8A15C53F0B0B0B0B0B110D046C6F6F700CFFFFFFFF04FFFFFFFF0CFFFFFFFF0CFFFFFFFF
310
0C190000000C08000000110D06636F656467650CFFFFFFFF04FFFFFFFF0CFFFFFFFF0C120000000C120000000C1A0000000C1B0000000A0C0B00000004000000000CFFFFFFFF110E0D4154545249425F435553544F4D0D066174747269620CFFFFFFFF04FFFFFFFF0CFFFFFFFF0CFFFFFFFF0C0E000000071667656E657269
310
635F7461675F6174747269625F6465660403000000040300000004FFFFFFFF071767656E657269635F7461675F6174747269625F6465662004010000000403000000070331313504000000000401000000044E0100000400000000110D04666163650C1C00000004FFFFFFFF0CFFFFFFFF0C1D0000000C1E0000000C060000
310
000CFFFFFFFF0C1F0000000A0B110D046C6F6F700CFFFFFFFF04FFFFFFFF0CFFFFFFFF0C200000000C210000000C0E000000110E04636F6E650D07737572666163650CFFFFFFFF04FFFFFFFF0CFFFFFFFF13AE3A2DAE2E9311C0C5C463820C50E9BF3333333333B338C0140000000000000000000000000000000000000000
310
0000F0BF1480C8E2EB8A15C53F10DF653A7467363D000000000000000006000000000000F03F0B0B06000000000000000006000000000000F03F0680C8E2EB8A15C53F0B0B0B0B0B110D046C6F6F700CFFFFFFFF04FFFFFFFF0CFFFFFFFF0CFFFFFFFF0C220000000C0A000000110D06636F656467650CFFFFFFFF04FFFFFF
310
FF0CFFFFFFFF0C180000000C180000000C230000000C240000000A0C0F00000004000000000CFFFFFFFF110D06636F656467650C2500000004FFFFFFFF0CFFFFFFFF0C190000000C190000000C260000000C270000000A0C1100000004000000000CFFFFFFFF110D06636F656467650CFFFFFFFF04FFFFFFFF0CFFFFFFFF0C
310
1A0000000C1A0000000C120000000C1B0000000B0C2800000004000000000CFFFFFFFF110D04656467650CFFFFFFFF04FFFFFFFF0CFFFFFFFF0C2900000006182D4454FB2109C00C2900000006182D4454FB2109400C1A0000000C2A0000000B0707756E6B6E6F776E110E0D4154545249425F435553544F4D0D0661747472
310
69620CFFFFFFFF04FFFFFFFF0CFFFFFFFF0CFFFFFFFF0C14000000071667656E657269635F7461675F6174747269625F6465660403000000040300000004FFFFFFFF071767656E657269635F7461675F6174747269625F6465662004010000000403000000070331313304000000000401000000044E010000040000000011
310
0D04666163650C2B00000004FFFFFFFF0CFFFFFFFF0C2C0000000C2D0000000C060000000CFFFFFFFF0C2E0000000A0B110D046C6F6F700CFFFFFFFF04FFFFFFFF0CFFFFFFFF0C2F0000000C300000000C14000000110E04636F6E650D07737572666163650CFFFFFFFF04FFFFFFFF0CFFFFFFFF13491C3CA6EF1405C0E0A6
310
63820C50E9BF3333333333B338C01400000000000000000000000000000000000000000000F0BF1480C8E2EB8A15C53F10DF653A7467363D000000000000000006000000000000F03F0B0B06000000000000000006000000000000F03F0680C8E2EB8A15C53F0B0B0B0B0B110D046C6F6F700CFFFFFFFF04FFFFFFFF0CFFFF
310
FFFF0CFFFFFFFF0C310000000C0E000000110D06636F656467650CFFFFFFFF04FFFFFFFF0CFFFFFFFF0C210000000C210000000C320000000C330000000A0C1500000004000000000CFFFFFFFF110D06636F656467650C3400000004FFFFFFFF0CFFFFFFFF0C220000000C220000000C350000000C360000000A0C17000000
310
04000000000CFFFFFFFF110D06636F656467650CFFFFFFFF04FFFFFFFF0CFFFFFFFF0C230000000C230000000C180000000C240000000B0C3700000004000000000CFFFFFFFF110D04656467650CFFFFFFFF04FFFFFFFF0CFFFFFFFF0C3800000006182D4454FB2109C00C3800000006182D4454FB2109400C230000000C39
310
0000000B0707756E6B6E6F776E110E0D4154545249425F435553544F4D0D066174747269620CFFFFFFFF04FFFFFFFF0CFFFFFFFF0CFFFFFFFF0C190000000711736B657463685F6174747269625F646566040100000004010000000403000000070D32393820302031203020312031110D06636F656467650CFFFFFFFF04FF
310
FFFFFF0CFFFFFFFF0C260000000C260000000C190000000C270000000B0C3A00000004000000000CFFFFFFFF110D04656467650C3B00000004FFFFFFFF0CFFFFFFFF0C3C00000006192D4454FB2109C00C3C00000006172D4454FB2109400C260000000C3D0000000B0707756E6B6E6F776E110D046C6F6F700CFFFFFFFF04
310
FFFFFFFF0CFFFFFFFF0C370000000C1A0000000C3E000000110D067665727465780CFFFFFFFF04FFFFFFFF0CFFFFFFFF0C1B00000004000000000C3F000000110E07656C6C697073650D0563757276650CFFFFFFFF04FFFFFFFF0CFFFFFFFF13A4AE3C08AD791FC0DAFF63820C50E9BF00000000000039C014000000000000
310
00800000000000000080000000000000F03F1480C8E2EB8A15C53F10DF653A7467363D000000000000000006000000000000F03F0B0B110E0D4154545249425F435553544F4D0D066174747269620CFFFFFFFF04FFFFFFFF0CFFFFFFFF0CFFFFFFFF0C1D000000071667656E657269635F7461675F6174747269625F646566
310
0403000000040300000004FFFFFFFF071767656E657269635F7461675F6174747269625F6465662004010000000403000000070331313104000000000401000000044E0100000400000000110D04666163650C4000000004FFFFFFFF0CFFFFFFFF0C410000000C420000000C060000000CFFFFFFFF0C430000000A0B110D04
310
6C6F6F700CFFFFFFFF04FFFFFFFF0CFFFFFFFF0C440000000C450000000C1D000000110E04636F6E650D07737572666163650CFFFFFFFF04FFFFFFFF0CFFFFFFFF1328961DD56B61EDBF74800BDE700AD2BF3333333333B338C014000000000000C03C0000000000000000000000000000F0BF1490C8E2EB8A15C53F21DF65
310
3A7467363D90C8E2EB8A15953C06000000000000F03F0B0B06000000000000000006000000000000F03F0690C8E2EB8A15C53F0B0B0B0B0B110D046C6F6F700CFFFFFFFF04FFFFFFFF0CFFFFFFFF0CFFFFFFFF0C460000000C14000000110D06636F656467650CFFFFFFFF04FFFFFFFF0CFFFFFFFF0C300000000C30000000
310
0C470000000C480000000A0C1E00000004000000000CFFFFFFFF110D06636F656467650C4900000004FFFFFFFF0CFFFFFFFF0C310000000C310000000C4A0000000C4B0000000A0C2000000004000000000CFFFFFFFF110D06636F656467650CFFFFFFFF04FFFFFFFF0CFFFFFFFF0C320000000C320000000C210000000C33
310
0000000B0C4C00000004000000000CFFFFFFFF110D04656467650CFFFFFFFF04FFFFFFFF0CFFFFFFFF0C4D00000006182D4454FB2109C00C4D00000006182D4454FB2109400C320000000C4E0000000B0707756E6B6E6F776E110E0D4154545249425F435553544F4D0D066174747269620CFFFFFFFF04FFFFFFFF0CFFFFFF
310
FF0CFFFFFFFF0C220000000711736B657463685F6174747269625F646566040100000004010000000403000000070D32363720302031203020312031110D06636F656467650CFFFFFFFF04FFFFFFFF0CFFFFFFFF0C350000000C350000000C220000000C360000000B0C4F00000004000000000CFFFFFFFF110D0465646765
310
0C5000000004FFFFFFFF0CFFFFFFFF0C5100000006182D4454FB2109C00C5100000006182D4454FB2109400C350000000C520000000B0707756E6B6E6F776E110D046C6F6F700CFFFFFFFF04FFFFFFFF0CFFFFFFFF0C4C0000000C230000000C3E000000110D067665727465780CFFFFFFFF04FFFFFFFF0CFFFFFFFF0C2400
310
000004000000000C53000000110E07656C6C697073650D0563757276650CFFFFFFFF04FFFFFFFF0CFFFFFFFF133252C2AF629B18C0AAE263820C50E9BF00000000000039C01400000000000000800000000000000080000000000000F03F1480C8E2EB8A15C53F10DF653A7467363D000000000000000006000000000000F0
310
3F0B0B110D046C6F6F700CFFFFFFFF04FFFFFFFF0CFFFFFFFF0C4F0000000C260000000C54000000110E0D4154545249425F435553544F4D0D066174747269620CFFFFFFFF04FFFFFFFF0CFFFFFFFF0CFFFFFFFF0C27000000071667656E657269635F7461675F6174747269625F6465660403000000040300000004FFFFFF
310
FF071767656E657269635F7461675F6174747269625F646566200401000000040400000007042D32393804000000000401000000044E0100000400000000110D067665727465780CFFFFFFFF04FFFFFFFF0CFFFFFFFF0C2700000004000000000C55000000110E07656C6C697073650D0563757276650CFFFFFFFF04FFFFFF
310
FF0CFFFFFFFF13A4AE3C08AD791FC0DAFF63820C50E9BF3333333333B338C01400000000000000800000000000000080000000000000F0BF1480C8E2EB8A15C53F10DF653A7467363D000000000000000006000000000000F03F0B0B110D04666163650C5600000004FFFFFFFF0CFFFFFFFF0C570000000C280000000C0600
310
00000CFFFFFFFF0C580000000B0B110D05706F696E740CFFFFFFFF04FFFFFFFF0CFFFFFFFF1374E2CDAF2C1120C0A70264820C50E9BF00000000000039C0110E0D4154545249425F435553544F4D0D066174747269620CFFFFFFFF04FFFFFFFF0CFFFFFFFF0CFFFFFFFF0C2C000000071667656E657269635F7461675F6174
310
747269625F6465660403000000040300000004FFFFFFFF071767656E657269635F7461675F6174747269625F6465662004010000000403000000070331303904000000000401000000044E0100000400000000110D04666163650C5900000004FFFFFFFF0CFFFFFFFF0C5A0000000C5B0000000C060000000CFFFFFFFF0C5C
310
0000000A0B110D046C6F6F700CFFFFFFFF04FFFFFFFF0CFFFFFFFF0C5D0000000C5E0000000C2C000000110E04636F6E650D07737572666163650CFFFFFFFF04FFFFFFFF0CFFFFFFFF131656B5EEE690E93F7E6C63820C50E9BF3333333333B338C014000000000000B03C0000000000000000000000000000F0BF1490C8E2
310
EB8A15C53F21DF653A7467363D90C8E2EB8A15853C06000000000000F03F0B0B06000000000000000006000000000000F03F0690C8E2EB8A15C53F0B0B0B0B0B110D046C6F6F700CFFFFFFFF04FFFFFFFF0CFFFFFFFF0CFFFFFFFF0C5F0000000C1D000000110D06636F656467650CFFFFFFFF04FFFFFFFF0CFFFFFFFF0C45
310
0000000C450000000C600000000C610000000A0C2D00000004000000000CFFFFFFFF110D06636F656467650C6200000004FFFFFFFF0CFFFFFFFF0C460000000C460000000C630000000C640000000A0C2F00000004000000000CFFFFFFFF110D06636F656467650CFFFFFFFF04FFFFFFFF0CFFFFFFFF0C470000000C470000
310
000C300000000C480000000B0C6500000004000000000CFFFFFFFF110D04656467650CFFFFFFFF04FFFFFFFF0CFFFFFFFF0C6600000006182D4454FB2109C00C6600000006182D4454FB2109400C470000000C670000000B0707756E6B6E6F776E110E0D4154545249425F435553544F4D0D066174747269620CFFFFFFFF04
310
FFFFFFFF0CFFFFFFFF0CFFFFFFFF0C310000000711736B657463685F6174747269625F646566040100000004010000000403000000070D33363520302031203020312031110D06636F656467650CFFFFFFFF04FFFFFFFF0CFFFFFFFF0C4A0000000C4A0000000C310000000C4B0000000B0C6800000004000000000CFFFFFF
310
FF110D04656467650C6900000004FFFFFFFF0CFFFFFFFF0C6A00000006182D4454FB2109C00C6A00000006182D4454FB2109400C4A0000000C6B0000000B0707756E6B6E6F776E110D046C6F6F700CFFFFFFFF04FFFFFFFF0CFFFFFFFF0C650000000C320000000C3E000000110D067665727465780CFFFFFFFF04FFFFFFFF
310
0CFFFFFFFF0C3300000004000000000C6C000000110E07656C6C697073650D0563757276650CFFFFFFFF04FFFFFFFF0CFFFFFFFF13AE3A2DAE2E9311C0C5C463820C50E9BF00000000000039C01400000000000000800000000000000080000000000000F03F1480C8E2EB8A15C53F10DF653A7467363D0000000000000000
310
06000000000000F03F0B0B110D046C6F6F700CFFFFFFFF04FFFFFFFF0CFFFFFFFF0C680000000C350000000C54000000110E0D4154545249425F435553544F4D0D066174747269620CFFFFFFFF04FFFFFFFF0CFFFFFFFF0CFFFFFFFF0C36000000071667656E657269635F7461675F6174747269625F646566040300000004
310
0300000004FFFFFFFF071767656E657269635F7461675F6174747269625F646566200401000000040400000007042D32363704000000000401000000044E0100000400000000110D067665727465780CFFFFFFFF04FFFFFFFF0CFFFFFFFF0C3600000004000000000C6D000000110E07656C6C697073650D0563757276650C
310
FFFFFFFF04FFFFFFFF0CFFFFFFFF133252C2AF629B18C0AAE263820C50E9BF3333333333B338C01400000000000000800000000000000080000000000000F0BF1480C8E2EB8A15C53F10DF653A7467363D000000000000000006000000000000F03F0B0B110D05706F696E740CFFFFFFFF04FFFFFFFF0CFFFFFFFF13766821
310
070F4419C077E563820C50E9BF00000000000039C0110D04666163650C6E00000004FFFFFFFF0CFFFFFFFF0C6F0000000C3A0000000C060000000CFFFFFFFF0C700000000B0B110D05706F696E740CFFFFFFFF04FFFFFFFF0CFFFFFFFF1374E2CDAF2C1120C0A80264820C50E9BF3433333333B338C0110E0D415454524942
310
5F435553544F4D0D066174747269620C7100000004FFFFFFFF0CFFFFFFFF0CFFFFFFFF0C3E000000071667656E657269635F7461675F6174747269625F6465660403000000040300000004FFFFFFFF071767656E657269635F7461675F6174747269625F646566200401000000040200000007023630040000000004010000
310
0004C2FEFFFF0400000000110D04666163650C7200000004FFFFFFFF0CFFFFFFFF0C730000000C740000000C060000000CFFFFFFFF0C750000000B0B110E05706C616E650D07737572666163650CFFFFFFFF04FFFFFFFF0CFFFFFFFF1353A72E6A234F22C0A9E0C61A72B40A4000000000000039C014000000000000000000
310
00000000000000000000000000F0BF149A9999999999B9BFF66095DDFFFF0DB900000000000000000B0B0B0B0B110E0D4154545249425F435553544F4D0D066174747269620CFFFFFFFF04FFFFFFFF0CFFFFFFFF0CFFFFFFFF0C41000000071667656E657269635F7461675F6174747269625F646566040300000004030000
310
0004FFFFFFFF071767656E657269635F7461675F6174747269625F6465662004010000000403000000070331303704000000000401000000044E0100000400000000110D04666163650C7600000004FFFFFFFF0CFFFFFFFF0C770000000C780000000C060000000CFFFFFFFF0C790000000A0B110D046C6F6F700CFFFFFFFF
310
04FFFFFFFF0CFFFFFFFF0C7A0000000C7B0000000C41000000110E04636F6E650D07737572666163650CFFFFFFFF04FFFFFFFF0CFFFFFFFF13700EA26CCE2004404C4F63820C50E9BF3333333333B338C01400000000000000000000000000000000000000000000F0BF1472C8E2EB8A15C53F01DF653A7467363D00000000
310
0000000006000000000000F03F0B0B06000000000000000006000000000000F03F0672C8E2EB8A15C53F0B0B0B0B0B110D046C6F6F700CFFFFFFFF04FFFFFFFF0CFFFFFFFF0CFFFFFFFF0C7C0000000C2C000000110D06636F656467650CFFFFFFFF04FFFFFFFF0CFFFFFFFF0C5E0000000C5E0000000C7D0000000C7E0000
310
000A0C4200000004000000000CFFFFFFFF110D06636F656467650C7F00000004FFFFFFFF0CFFFFFFFF0C5F0000000C5F0000000C800000000C810000000A0C4400000004000000000CFFFFFFFF110D06636F656467650CFFFFFFFF04FFFFFFFF0CFFFFFFFF0C600000000C600000000C450000000C610000000B0C82000000
310
04000000000CFFFFFFFF110D04656467650CFFFFFFFF04FFFFFFFF0CFFFFFFFF0C8300000006182D4454FB2109C00C8300000006182D4454FB2109400C600000000C840000000B0707756E6B6E6F776E110E0D4154545249425F435553544F4D0D066174747269620CFFFFFFFF04FFFFFFFF0CFFFFFFFF0CFFFFFFFF0C4600
310
00000711736B657463685F6174747269625F646566040100000004010000000403000000070D34303020302031203020312031110D06636F656467650CFFFFFFFF04FFFFFFFF0CFFFFFFFF0C630000000C630000000C460000000C640000000B0C8500000004000000000CFFFFFFFF110D04656467650C8600000004FFFFFF
310
FF0CFFFFFFFF0C8700000006182D4454FB2109C00C8700000006182D4454FB2109400C630000000C880000000B0707756E6B6E6F776E110D046C6F6F700CFFFFFFFF04FFFFFFFF0CFFFFFFFF0C820000000C470000000C3E000000110D067665727465780CFFFFFFFF04FFFFFFFF0CFFFFFFFF0C4800000004000000000C89
310
000000110E07656C6C697073650D0563757276650CFFFFFFFF04FFFFFFFF0CFFFFFFFF13491C3CA6EF1405C0E0A663820C50E9BF00000000000039C01400000000000000800000000000000080000000000000F03F1480C8E2EB8A15C53F10DF653A7467363D000000000000000006000000000000F03F0B0B110D046C6F6F
310
700CFFFFFFFF04FFFFFFFF0CFFFFFFFF0C850000000C4A0000000C54000000110E0D4154545249425F435553544F4D0D066174747269620CFFFFFFFF04FFFFFFFF0CFFFFFFFF0CFFFFFFFF0C4B000000071667656E657269635F7461675F6174747269625F6465660403000000040300000004FFFFFFFF071767656E657269
310
635F7461675F6174747269625F646566200401000000040400000007042D33363504000000000401000000044E0100000400000000110D067665727465780CFFFFFFFF04FFFFFFFF0CFFFFFFFF0C4B00000004000000000C8A000000110E07656C6C697073650D0563757276650CFFFFFFFF04FFFFFFFF0CFFFFFFFF13AE3A
310
2DAE2E9311C0C5C463820C50E9BF3333333333B338C01400000000000000800000000000000080000000000000F0BF1480C8E2EB8A15C53F10DF653A7467363D000000000000000006000000000000F03F0B0B110D05706F696E740CFFFFFFFF04FFFFFFFF0CFFFFFFFF13F2508C05DB3B12C092C763820C50E9BF00000000
310
000039C0110D05706F696E740CFFFFFFFF04FFFFFFFF0CFFFFFFFF13746821070F4419C077E563820C50E9BF3433333333B338C0110E0D4154545249425F435553544F4D0D066174747269620C8B00000004FFFFFFFF0CFFFFFFFF0CFFFFFFFF0C54000000071667656E657269635F7461675F6174747269625F6465660403
310
000000040300000004FFFFFFFF071767656E657269635F7461675F6174747269625F64656620040100000004010000000701340400000000040100000004C2FEFFFF0400000000110D04666163650C8C00000004FFFFFFFF0CFFFFFFFF0C8D0000000C8E0000000C060000000CFFFFFFFF0C8F0000000A0B110E05706C616E
310
650D07737572666163650CFFFFFFFF04FFFFFFFF0CFFFFFFFF13B80E843CD08BEEBFD22B4AAA7781F23F3333333333B338C01400000000000000000000000000000000000000000000F03F149A9999999999B93FF66095DDFFFF0D3900000000000000000B0B0B0B0B110E0D4154545249425F435553544F4D0D0661747472
310
69620CFFFFFFFF04FFFFFFFF0CFFFFFFFF0CFFFFFFFF0C56000000071667656E657269635F7461675F6174747269625F6465660403000000040300000004FFFFFFFF071767656E657269635F7461675F6174747269625F64656620040100000004000000000700040000000004050000000442010000044401000004460100
310
000448010000044B0100000400000000110E0D4154545249425F435553544F4D0D066174747269620C9000000004FFFFFFFF0CFFFFFFFF0CFFFFFFFF0C57000000071667656E657269635F7461675F6174747269625F6465660403000000040300000004FFFFFFFF071767656E657269635F7461675F6174747269625F6465
310
662004010000000402000000070236310400000000040100000004C2FEFFFF0400000000110D04666163650C9100000004FFFFFFFF0CFFFFFFFF0C920000000C930000000C060000000CFFFFFFFF0C940000000A0B110D046C6F6F700CFFFFFFFF04FFFFFFFF0CFFFFFFFF0CFFFFFFFF0C950000000C57000000110E05746F
310
7275730D07737572666163650CFFFFFFFF04FFFFFFFF0CFFFFFFFF13EC40C803BDA821C0B669F9E0F465F0BF36ED245207F238C0140769A0B0DEE9CCBC61A02F72E073C4BC000000000000F03F06EAA96CAFF563FEBF06150000000000044014000000000000F03F9A5C7DEAFFBF42390769A0B0DEE9CC3C0B0B0B0B0B110E
310
0D4154545249425F435553544F4D0D066174747269620CFFFFFFFF04FFFFFFFF0CFFFFFFFF0CFFFFFFFF0C5A000000071667656E657269635F7461675F6174747269625F6465660403000000040300000004FFFFFFFF071767656E657269635F7461675F6174747269625F6465662004010000000403000000070331303504
310
000000000401000000044E0100000400000000110D04666163650C9600000004FFFFFFFF0CFFFFFFFF0C970000000C980000000C060000000CFFFFFFFF0C990000000A0B110D046C6F6F700CFFFFFFFF04FFFFFFFF0CFFFFFFFF0C9A0000000C9B0000000C5A000000110E04636F6E650D07737572666163650CFFFFFFFF04
310
FFFFFFFF0CFFFFFFFF13AC63CB8EB1EE10401B3263820C50E9BF3333333333B338C01400000000000000000000000000000000000000000000F0BF1470C8E2EB8A15C53FFFDE653A7467363D000000000000000006000000000000F03F0B0B06000000000000000006000000000000F03F0670C8E2EB8A15C53F0B0B0B0B0B
310
110D046C6F6F700CFFFFFFFF04FFFFFFFF0CFFFFFFFF0CFFFFFFFF0C9C0000000C41000000110D06636F656467650CFFFFFFFF04FFFFFFFF0CFFFFFFFF0C7B0000000C7B0000000C9D0000000C9E0000000A0C5B00000004000000000CFFFFFFFF110D06636F656467650C9F00000004FFFFFFFF0CFFFFFFFF0C7C0000000C
310
7C0000000CA00000000CA10000000A0C5D00000004000000000CFFFFFFFF110D06636F656467650CFFFFFFFF04FFFFFFFF0CFFFFFFFF0C7D0000000C7D0000000C5E0000000C7E0000000B0CA200000004000000000CFFFFFFFF110D04656467650CFFFFFFFF04FFFFFFFF0CFFFFFFFF0CA300000006182D4454FB2109C00C
310
A300000006182D4454FB2109400C7D0000000CA40000000B0707756E6B6E6F776E110E0D4154545249425F435553544F4D0D066174747269620CFFFFFFFF04FFFFFFFF0CFFFFFFFF0CFFFFFFFF0C5F0000000711736B657463685F6174747269625F646566040100000004010000000403000000070D313930203020312030
310
20312031110D06636F656467650CFFFFFFFF04FFFFFFFF0CFFFFFFFF0C800000000C800000000C5F0000000C810000000B0CA500000004000000000CFFFFFFFF110D04656467650CA600000004FFFFFFFF0CFFFFFFFF0CA700000006192D4454FB2109C00CA700000006172D4454FB2109400C800000000CA80000000B0707
310
756E6B6E6F776E110D046C6F6F700CFFFFFFFF04FFFFFFFF0CFFFFFFFF0CA20000000C600000000C3E000000110D067665727465780CFFFFFFFF04FFFFFFFF0CFFFFFFFF0C6100000004000000000CA9000000110E07656C6C697073650D0563757276650CFFFFFFFF04FFFFFFFF0CFFFFFFFF1327961DD56B61EDBF74800B
310
DE700AD2BFFFFFFFFFFFFF38C01400000000000000800000000000000080000000000000F03F1490C8E2EB8A15C53F21DF653A7467363D90C8E2EB8A15953C06000000000000F03F0B0B110D046C6F6F700CFFFFFFFF04FFFFFFFF0CFFFFFFFF0CA50000000C630000000C54000000110E0D4154545249425F435553544F4D
310
0D066174747269620CFFFFFFFF04FFFFFFFF0CFFFFFFFF0CFFFFFFFF0C64000000071667656E657269635F7461675F6174747269625F6465660403000000040300000004FFFFFFFF071767656E657269635F7461675F6174747269625F646566200401000000040400000007042D34303004000000000401000000044E0100
310
000400000000110D067665727465780CFFFFFFFF04FFFFFFFF0CFFFFFFFF0C6400000004000000000CAA000000110E07656C6C697073650D0563757276650CFFFFFFFF04FFFFFFFF0CFFFFFFFF13491C3CA6EF1405C0E0A663820C50E9BF3333333333B338C01400000000000000800000000000000080000000000000F0BF
310
1480C8E2EB8A15C53F10DF653A7467363D000000000000000006000000000000F03F0B0B110D05706F696E740CFFFFFFFF04FFFFFFFF0CFFFFFFFF13D148FA54486606C0ADA963820C50E9BF00000000000039C0110D05706F696E740CFFFFFFFF04FFFFFFFF0CFFFFFFFF13F2508C05DB3B12C092C763820C50E9BF333333
310
3333B338C0110E0D4154545249425F435553544F4D0D066174747269620CFFFFFFFF04FFFFFFFF0CFFFFFFFF0CFFFFFFFF0C6E000000071667656E657269635F7461675F6174747269625F6465660403000000040300000004FFFFFFFF071767656E657269635F7461675F6174747269625F64656620040100000004000000
310
000700040000000004050000000442010000044401000004460100000448010000044B0100000400000000110E0D4154545249425F435553544F4D0D066174747269620CAB00000004FFFFFFFF0CFFFFFFFF0CFFFFFFFF0C6F000000071667656E657269635F7461675F6174747269625F6465660403000000040300000004
310
FFFFFFFF071767656E657269635F7461675F6174747269625F64656620040100000004010000000701300400000000040100000004C2FEFFFF0400000000110D04666163650CAC00000004FFFFFFFF0CFFFFFFFF0CAD0000000CAE0000000C060000000CFFFFFFFF0CAF0000000A0B110D046C6F6F700CFFFFFFFF04FFFFFF
310
FF0CFFFFFFFF0CFFFFFFFF0CB00000000C6F000000110E04636F6E650D07737572666163650CFFFFFFFF04FFFFFFFF0CFFFFFFFF13DC46E6B625491B4081DA45852EA90A40D7F4C54C72C738C014903BB6E818523A39DF2A973584155F39000000000000F03F14000000000000CC3F06B12DEDFF6720391F749FCBD50717B9
310
06000000000000F03F0B0B06D44F38816FFEE43F06371CA1B49426E83F06000000000000CC3F0B0B0B0B0B110E0D4154545249425F435553544F4D0D066174747269620CFFFFFFFF04FFFFFFFF0CFFFFFFFF0CFFFFFFFF0C72000000071667656E657269635F7461675F6174747269625F6465660403000000040300000004
310
FFFFFFFF071767656E657269635F7461675F6174747269625F64656620040100000004000000000700040000000004050000000442010000044401000004460100000448010000044B0100000400000000110E0D4154545249425F435553544F4D0D066174747269620CB100000004FFFFFFFF0CFFFFFFFF0CFFFFFFFF0C73
310
000000071667656E657269635F7461675F6174747269625F6465660403000000040300000004FFFFFFFF071767656E657269635F7461675F6174747269625F6465662004010000000402000000070236320400000000040100000004C2FEFFFF0400000000110D04666163650CB200000004FFFFFFFF0CFFFFFFFF0CB30000
310
000CB40000000C060000000CFFFFFFFF0CB50000000B0B110D046C6F6F700CFFFFFFFF04FFFFFFFF0CFFFFFFFF0CFFFFFFFF0CB60000000C73000000110E04636F6E650D07737572666163650CFFFFFFFF04FFFFFFFF0CFFFFFFFF13EC40C803BDA821C0B669F9E0F465F0BF66666666666639C01400000000000000000000
310
000000000000000000000000F0BF14A49999999999D93F036195DDFFFF2D39000000000000000006000000000000F03F0B0B06000000000000000006000000000000F03F06A49999999999D93F0B0B0B0B0B110D06636F656467650CFFFFFFFF04FFFFFFFF0CFFFFFFFF0CB70000000CB80000000CB90000000CBA0000000A
310
0C7400000004000000000CFFFFFFFF110E0D4154545249425F435553544F4D0D066174747269620CFFFFFFFF04FFFFFFFF0CFFFFFFFF0CFFFFFFFF0C77000000071667656E657269635F7461675F6174747269625F6465660403000000040300000004FFFFFFFF071767656E657269635F7461675F6174747269625F646566
310
2004010000000403000000070331303304000000000401000000044E0100000400000000110D04666163650CBB00000004FFFFFFFF0CFFFFFFFF0CBC0000000CBD0000000C060000000CFFFFFFFF0CBE0000000A0B110D046C6F6F700CFFFFFFFF04FFFFFFFF0CFFFFFFFF0CBF0000000CC00000000C77000000110E04636F
310
6E650D07737572666163650CFFFFFFFF04FFFFFFFF0CFFFFFFFF13BC989ED5AA341B406D5DF7B56D4FF0BF3333333333B338C01400000000000000000000000000000000000000000000F0BF14606666666666D2BF2C3333034B8D43BD000000000000000006000000000000F03F0B0B060000000000000000060000000000
310
00F03F06606666666666D23F0B0B0B0B0B110D046C6F6F700CFFFFFFFF04FFFFFFFF0CFFFFFFFF0CFFFFFFFF0CC10000000C5A000000110D06636F656467650CFFFFFFFF04FFFFFFFF0CFFFFFFFF0C9B0000000C9B0000000CC20000000CC30000000A0C7800000004000000000CFFFFFFFF110D06636F656467650CC40000
310
0004FFFFFFFF0CFFFFFFFF0C9C0000000C9C0000000CC50000000CC60000000A0C7A00000004000000000CFFFFFFFF110D06636F656467650CFFFFFFFF04FFFFFFFF0CFFFFFFFF0C9D0000000C9D0000000C7B0000000C9E0000000B0CC700000004000000000CFFFFFFFF110D04656467650CFFFFFFFF04FFFFFFFF0CFFFF
310
FFFF0CC800000006182D4454FB2109C00CC800000006182D4454FB2109400C9D0000000CC90000000B0707756E6B6E6F776E110E0D4154545249425F435553544F4D0D066174747269620CFFFFFFFF04FFFFFFFF0CFFFFFFFF0CFFFFFFFF0C7C0000000711736B657463685F6174747269625F646566040100000004010000
310
000403000000070D34313220302031203020312031110D06636F656467650CFFFFFFFF04FFFFFFFF0CFFFFFFFF0CA00000000CA00000000C7C0000000CA10000000B0CCA00000004000000000CFFFFFFFF110D04656467650CCB00000004FFFFFFFF0CFFFFFFFF0CCC00000006182D4454FB2109C00CCC00000006182D4454
310
FB2109400CA00000000CCD0000000B0707756E6B6E6F776E110D046C6F6F700CFFFFFFFF04FFFFFFFF0CFFFFFFFF0CC70000000C7D0000000C3E000000110D067665727465780CFFFFFFFF04FFFFFFFF0CFFFFFFFF0C7E00000004000000000CCE000000110E07656C6C697073650D0563757276650CFFFFFFFF04FFFFFFFF
310
0CFFFFFFFF131756B5EEE690E93F7E6C63820C50E9BFFFFFFFFFFFFF38C01400000000000000800000000000000080000000000000F03F1490C8E2EB8A15C53F21DF653A7467363D90C8E2EB8A15853C06000000000000F03F0B0B110D046C6F6F700CFFFFFFFF04FFFFFFFF0CFFFFFFFF0CCA0000000C800000000C540000
310
00110E0D4154545249425F435553544F4D0D066174747269620CFFFFFFFF04FFFFFFFF0CFFFFFFFF0CFFFFFFFF0C81000000071667656E657269635F7461675F6174747269625F6465660403000000040300000004FFFFFFFF071767656E657269635F7461675F6174747269625F646566200401000000040400000007042D
310
31393004000000000401000000044E0100000400000000110D067665727465780CFFFFFFFF04FFFFFFFF0CFFFFFFFF0C8100000004000000000CCF000000110E07656C6C697073650D0563757276650CFFFFFFFF04FFFFFFFF0CFFFFFFFF1328961DD56B61EDBF74800BDE700AD2BF3333333333B338C01400000000000000
310
800000000000000080000000000000F0BF1490C8E2EB8A15C53F21DF653A7467363D90C8E2EB8A15953C06000000000000F03F0B0B110D05706F696E740CFFFFFFFF04FFFFFFFF0CFFFFFFFF1326240B486753F1BF0E860BDE700AD2BFFFFFFFFFFFFF38C0110D05706F696E740CFFFFFFFF04FFFFFFFF0CFFFFFFFF13D148
310
FA54486606C0ADA963820C50E9BF3333333333B338C0110E0D4154545249425F435553544F4D0D066174747269620CFFFFFFFF04FFFFFFFF0CFFFFFFFF0CFFFFFFFF0C8C000000071667656E657269635F7461675F6174747269625F6465660403000000040300000004FFFFFFFF071767656E657269635F7461675F617474
310
7269625F64656620040100000004000000000700040000000004050000000442010000044401000004460100000448010000044B0100000400000000110E0D4154545249425F435553544F4D0D066174747269620CD000000004FFFFFFFF0CFFFFFFFF0CFFFFFFFF0C8D000000071667656E657269635F7461675F61747472
310
69625F6465660403000000040300000004FFFFFFFF071767656E657269635F7461675F6174747269625F64656620040100000004010000000701310400000000040100000004C2FEFFFF0400000000110D04666163650CD100000004FFFFFFFF0CFFFFFFFF0CD20000000CD30000000C060000000CFFFFFFFF0CD40000000A
310
0B110D046C6F6F700CFFFFFFFF04FFFFFFFF0CFFFFFFFF0CFFFFFFFF0CD50000000C8D000000110E04636F6E650D07737572666163650CFFFFFFFF04FFFFFFFF0CFFFFFFFF1348A503E30C7621C07DDA45852EA90A40D7F4C54C72C738C014903BB6E818523A39DF2A973584155F39000000000000F03F14000000000000CC
310
3F06B12DEDFF6720391F749FCBD50717B906000000000000F03F0B0B06D44F38816FFEE43F06371CA1B49426E83F06000000000000CC3F0B0B0B0B0B110D06636F656467650CFFFFFFFF04FFFFFFFF0CFFFFFFFF0CD60000000CD60000000CD70000000CD80000000B0C8E00000004000000000CFFFFFFFF110E0D41545452
310
49425F435553544F4D0D066174747269620CFFFFFFFF04FFFFFFFF0CFFFFFFFF0CFFFFFFFF0C91000000071667656E657269635F7461675F6174747269625F6465660403000000040300000004FFFFFFFF071767656E657269635F7461675F6174747269625F64656620040100000004000000000700040000000004050000
310
000442010000044401000004460100000448010000044B0100000400000000110E0D4154545249425F435553544F4D0D066174747269620CD900000004FFFFFFFF0CFFFFFFFF0CFFFFFFFF0C92000000071667656E657269635F7461675F6174747269625F6465660403000000040300000004FFFFFFFF071767656E657269
310
635F7461675F6174747269625F6465662004010000000402000000070236330400000000040100000004C2FEFFFF0400000000110D04666163650CDA00000004FFFFFFFF0CFFFFFFFF0CDB0000000CDC0000000C060000000CFFFFFFFF0CDD0000000B0B110D046C6F6F700CFFFFFFFF04FFFFFFFF0CFFFFFFFF0CFFFFFFFF
310
0CDE0000000C92000000110E05706C616E650D07737572666163650CFFFFFFFF04FFFFFFFF0CFFFFFFFF13287E6FF885AE1B4016D05F475BCCF6BFCDCCCCCCCCCC39C0149A5C7DEAFFBF42B9000000000000F03F000000000000000014000000000000000000000000000000009A9999999999B93F0B0B0B0B0B110D06636F
310
656467650CFFFFFFFF04FFFFFFFF0CFFFFFFFF0CDF0000000CE00000000CE10000000CE20000000A0C9300000004000000000CFFFFFFFF110D06636F656467650CFFFFFFFF04FFFFFFFF0CFFFFFFFF0CE30000000C950000000CE40000000CE50000000A0C7400000004000000000CFFFFFFFF110D06636F656467650CFFFF
310
FFFF04FFFFFFFF0CFFFFFFFF0C950000000CE30000000CE60000000CE70000000A0C7400000004000000000CFFFFFFFF110D06636F656467650CFFFFFFFF04FFFFFFFF0CFFFFFFFF0CE80000000CE90000000C950000000CBA0000000B0CEA00000004000000000CFFFFFFFF110D04656467650CFFFFFFFF04FFFFFFFF0CFF
310
FFFFFF0CEB00000006082D4454FB21E9BF0CEC00000006232D4454FB21E93F0CB90000000CED0000000B070E74616E67656E745F6E6F745F6732110E0D4154545249425F435553544F4D0D066174747269620CFFFFFFFF04FFFFFFFF0CFFFFFFFF0CFFFFFFFF0C97000000071667656E657269635F7461675F617474726962
310
5F6465660403000000040300000004FFFFFFFF071767656E657269635F7461675F6174747269625F6465662004010000000403000000070331303104000000000401000000044E0100000400000000110D04666163650CEE00000004FFFFFFFF0CFFFFFFFF0CEF0000000CF00000000C060000000CFFFFFFFF0CF10000000A
310
0B110D046C6F6F700CFFFFFFFF04FFFFFFFF0CFFFFFFFF0CF20000000CF30000000C97000000110E04636F6E650D07737572666163650CFFFFFFFF04FFFFFFFF0CFFFFFFFF13EE311791C6321940624DB6B76F90E73F3333333333B338C01400000000000000000000000000000000000000000000F0BF1480C8E2EB8A15C5
310
3F10DF653A7467363D000000000000000006000000000000F03F0B0B06000000000000000006000000000000F03F0680C8E2EB8A15C53F0B0B0B0B0B110D046C6F6F700CFFFFFFFF04FFFFFFFF0CFFFFFFFF0CFFFFFFFF0CF40000000C77000000110D06636F656467650CFFFFFFFF04FFFFFFFF0CFFFFFFFF0CF50000000C
310
F50000000CF60000000CF70000000A0C9800000004000000000CFFFFFFFF110D06636F656467650CF800000004FFFFFFFF0CFFFFFFFF0CC10000000CC10000000CF90000000CFA0000000A0C9A00000004000000000CFFFFFFFF110D06636F656467650CFFFFFFFF04FFFFFFFF0CFFFFFFFF0CC20000000CC20000000C9B00
310
00000CC30000000B0CFB00000004000000000CFFFFFFFF110D04656467650CFFFFFFFF04FFFFFFFF0CFFFFFFFF0CFC00000006182D4454FB2109C00CFC00000006182D4454FB2109400CC20000000CFD0000000B0707756E6B6E6F776E110E0D4154545249425F435553544F4D0D066174747269620CFFFFFFFF04FFFFFFFF
310
0CFFFFFFFF0CFFFFFFFF0C9C0000000711736B657463685F6174747269625F646566040100000004010000000403000000070D33353620302031203020312031110D06636F656467650CFFFFFFFF04FFFFFFFF0CFFFFFFFF0CC50000000CC50000000C9C0000000CC60000000B0CFE00000004000000000CFFFFFFFF110D04
310
656467650CFF00000004FFFFFFFF0CFFFFFFFF0C0001000006182D4454FB2109C00C0001000006182D4454FB2109400CC50000000C010100000B0707756E6B6E6F776E110D046C6F6F700CFFFFFFFF04FFFFFFFF0CFFFFFFFF0CFB0000000C9D0000000C3E000000110D067665727465780CFFFFFFFF04FFFFFFFF0CFFFFFF
310
FF0C9E00000004000000000C02010000110E07656C6C697073650D0563757276650CFFFFFFFF04FFFFFFFF0CFFFFFFFF13700EA26CCE2004404C4F63820C50E9BF00000000000039C01400000000000000800000000000000080000000000000F03F1472C8E2EB8A15C53F01DF653A7467363D000000000000000006000000
310
000000F03F0B0B110D046C6F6F700CFFFFFFFF04FFFFFFFF0CFFFFFFFF0CFE0000000CA00000000C54000000110E0D4154545249425F435553544F4D0D066174747269620CFFFFFFFF04FFFFFFFF0CFFFFFFFF0CFFFFFFFF0CA1000000071667656E657269635F7461675F6174747269625F64656604030000000403000000
310
04FFFFFFFF071767656E657269635F7461675F6174747269625F646566200401000000040400000007042D34313204000000000401000000044E0100000400000000110D067665727465780CFFFFFFFF04FFFFFFFF0CFFFFFFFF0CA100000004000000000C03010000110E07656C6C697073650D0563757276650CFFFFFFFF
310
04FFFFFFFF0CFFFFFFFF131656B5EEE690E93F7E6C63820C50E9BF3333333333B338C01400000000000000800000000000000080000000000000F0BF1490C8E2EB8A15C53F21DF653A7467363D90C8E2EB8A15853C06000000000000F03F0B0B110D05706F696E740CFFFFFFFF04FFFFFFFF0CFFFFFFFF13F3A3BC33844BE4
310
3F4B6F63820C50E9BFFFFFFFFFFFFF38C0110D05706F696E740CFFFFFFFF04FFFFFFFF0CFFFFFFFF1328240B486753F1BF10860BDE700AD2BF3333333333B338C0110E0D4154545249425F435553544F4D0D066174747269620CFFFFFFFF04FFFFFFFF0CFFFFFFFF0CFFFFFFFF0CAC000000071667656E657269635F746167
310
5F6174747269625F6465660403000000040300000004FFFFFFFF071767656E657269635F7461675F6174747269625F64656620040100000004000000000700040000000004050000000442010000044401000004460100000448010000044B0100000400000000110E0D4154545249425F435553544F4D0D06617474726962
310
0C0401000004FFFFFFFF0CFFFFFFFF0CFFFFFFFF0CAD000000071667656E657269635F7461675F6174747269625F6465660403000000040300000004FFFFFFFF071767656E657269635F7461675F6174747269625F64656620040100000004010000000701320400000000040100000004C2FEFFFF0400000000110D046661
310
63650C0501000004FFFFFFFF0CFFFFFFFF0C060100000C070100000C060000000CFFFFFFFF0C080100000A0B110D046C6F6F700CFFFFFFFF04FFFFFFFF0CFFFFFFFF0CFFFFFFFF0C090100000CAD000000110E04636F6E650D07737572666163650CFFFFFFFF04FFFFFFFF0CFFFFFFFF1347A503E30C7621C0765DF7B56D4F
310
F0BFD7F4C54C72C738C014903BB6E818523A39DF2A973584155F39000000000000F03F14000000000000CC3F06B12DEDFF6720391F749FCBD50717B906000000000000F03F0B0B06D44F38816FFEE43F06371CA1B49426E83F06000000000000CC3F0B0B0B0B0B110D06636F656467650CFFFFFFFF04FFFFFFFF0CFFFFFFFF
310
0C0A0100000C0A0100000C0B0100000C0C0100000B0CAE00000004000000000CFFFFFFFF110D06636F656467650CFFFFFFFF04FFFFFFFF0CFFFFFFFF0CB00000000CB00000000C0D0100000C0E0100000A0C8E00000004000000000CFFFFFFFF110D06636F656467650CFFFFFFFF04FFFFFFFF0CFFFFFFFF0C0F0100000C0F
310
0100000CB00000000CD80000000A0C1001000004000000000CFFFFFFFF110D04656467650CFFFFFFFF04FFFFFFFF0CFFFFFFFF0C1101000006E52864D97B67DC3F0C1201000006AB763261DCAAF43F0CB00000000C130100000B0707756E6B6E6F776E110E0D4154545249425F435553544F4D0D066174747269620CFFFFFF
310
FF04FFFFFFFF0CFFFFFFFF0CFFFFFFFF0CB2000000071667656E657269635F7461675F6174747269625F6465660403000000040300000004FFFFFFFF071767656E657269635F7461675F6174747269625F64656620040100000004000000000700040000000004050000000442010000044401000004460100000448010000
310
044B0100000400000000110E0D4154545249425F435553544F4D0D066174747269620C1401000004FFFFFFFF0CFFFFFFFF0CFFFFFFFF0CB3000000071667656E657269635F7461675F6174747269625F6465660403000000040300000004FFFFFFFF071767656E657269635F7461675F6174747269625F6465662004010000
310
000402000000070236340400000000040100000004C2FEFFFF0400000000110D04666163650C1501000004FFFFFFFF0CFFFFFFFF0C160100000C170100000C060000000CFFFFFFFF0C180100000A0B110D046C6F6F700CFFFFFFFF04FFFFFFFF0CFFFFFFFF0CFFFFFFFF0C190100000CB3000000110E05746F7275730D0773
310
7572666163650CFFFFFFFF04FFFFFFFF0CFFFFFFFF13287E6FF885AE1B40AE69F9E0F465F0BF5F18CA9FF80E39C014EB9E8C39A22F30BDBBF3B0743B37183D000000000000F03F060D471B4063C2BDBF067943193206FFE63F14000000000000F03F9A5C7DEAFFBF4239EB9E8C39A22F303D0B0B0B0B0B110D06636F656467
310
650CFFFFFFFF04FFFFFFFF0CFFFFFFFF0C1A0100000C1B0100000C1C0100000C1D0100000B0CB400000004000000000CFFFFFFFF110D06636F656467650CFFFFFFFF04FFFFFFFF0CFFFFFFFF0C1C0100000CB60000000C1E0100000C1F0100000A0C9300000004000000000CFFFFFFFF110D06636F656467650CFFFFFFFF04
310
FFFFFFFF0CFFFFFFFF0CB60000000C1C0100000C200100000C210100000B0C9300000004000000000CFFFFFFFF110D06636F656467650CFFFFFFFF04FFFFFFFF0CFFFFFFFF0C220100000C230100000CB60000000CE20000000B0C2401000004000000000CFFFFFFFF110D04656467650CFFFFFFFF04FFFFFFFF0CFFFFFFFF
310
0C250100000600000000000000000C2601000006000000000000F03F0CB60000000C270100000B070E74616E67656E745F6E6F745F6732110D06636F656467650CFFFFFFFF04FFFFFFFF0CFFFFFFFF0CB80000000CB70000000C280100000C290100000A0C7400000004000000000CFFFFFFFF110D06636F656467650CFFFF
310
FFFF04FFFFFFFF0CFFFFFFFF0C2A0100000C2B0100000CB70000000CE50000000B0C2C01000004000000000CFFFFFFFF110D04656467650CFFFFFFFF04FFFFFFFF0CFFFFFFFF0C2D01000006B090504639E7D4BF0CEB00000006548A6B695E1C77BF0CE40000000C2E0100000B070E74616E67656E745F6E6F745F6732110D
310
06636F656467650CFFFFFFFF04FFFFFFFF0CFFFFFFFF0C2F0100000C300100000CB80000000CE70000000B0C3101000004000000000CFFFFFFFF110D04656467650CFFFFFFFF04FFFFFFFF0CFFFFFFFF0CEC000000067D8A6B695E1C773F0C32010000060783504639E7D43F0CB80000000C330100000B070E74616E67656E
310
745F6E6F745F6732110D06636F656467650CFFFFFFFF04FFFFFFFF0CFFFFFFFF0C340100000CB90000000C350100000C360100000A0CEA00000004000000000CFFFFFFFF110D06636F656467650CFFFFFFFF04FFFFFFFF0CFFFFFFFF0CB90000000C340100000C370100000C380100000B0CEA00000004000000000CFFFFFF
310
FF110D046C6F6F700CFFFFFFFF04FFFFFFFF0CFFFFFFFF0CFFFFFFFF0CE90000000C39010000110D067665727465780CFFFFFFFF04FFFFFFFF0CFFFFFFFF0C3801000004010000000C3A010000110D067665727465780CFFFFFFFF04FFFFFFFF0CFFFFFFFF0C3601000004010000000C3B010000110E07656C6C697073650D
310
0563757276650CFFFFFFFF04FFFFFFFF0CFFFFFFFF13EC40C803BDA821C0B669F9E0F465F0BF2740B12A67C939C01400000000000000000000000000000000000000000000F0BF14D712B4DBC894D4BFCF12B4DBC894D4BF000000000000008006000000000000F03F0A06082D4454FB21E9BF0A06232D4454FB21E93F110E
310
0D4154545249425F435553544F4D0D066174747269620CFFFFFFFF04FFFFFFFF0CFFFFFFFF0CFFFFFFFF0CBC000000071667656E657269635F7461675F6174747269625F6465660403000000040300000004FFFFFFFF071767656E657269635F7461675F6174747269625F6465662004010000000402000000070239340400
310
0000000401000000044E0100000400000000110D04666163650C3C01000004FFFFFFFF0CFFFFFFFF0C3D0100000C3E0100000C060000000CFFFFFFFF0C3F0100000A0B110D046C6F6F700CFFFFFFFF04FFFFFFFF0CFFFFFFFF0CFFFFFFFF0C400100000CBC000000110E05706C616E650D07737572666163650CFFFFFFFF04
310
FFFFFFFF0CFFFFFFFF135D8E78F1FDE111400957D6773134FB3F3333333333B338C014000000000000F03F8FA8020BAA04613D0000000000000000148FA8020BAA04613D000000000000F0BF2FA7E4FEFFFF7F3C0B0B0B0B0B110D046C6F6F700CFFFFFFFF04FFFFFFFF0CFFFFFFFF0CFFFFFFFF0C410100000C9700000011
310
0D06636F656467650CFFFFFFFF04FFFFFFFF0CFFFFFFFF0CF30000000CF30000000C420100000C430100000A0CBD00000004000000000CFFFFFFFF110D06636F656467650CFFFFFFFF04FFFFFFFF0CFFFFFFFF0CF40000000CF40000000C440100000C450100000A0CBF00000004000000000CFFFFFFFF110D06636F656467
310
650C4601000004FFFFFFFF0CFFFFFFFF0CC00000000CC00000000C470100000C480100000A0C9800000004000000000CFFFFFFFF110D06636F656467650CFFFFFFFF04FFFFFFFF0CFFFFFFFF0C490100000C490100000CC00000000CF70000000B0C0701000004000000000CFFFFFFFF110D04656467650CFFFFFFFF04FFFF
310
FFFF0CFFFFFFFF0C4A010000068D2A64D97B67DC3F0C4B01000006B5763261DCAAF43F0CF60000000C4C0100000B0707756E6B6E6F776E110E0D4154545249425F435553544F4D0D066174747269620CFFFFFFFF04FFFFFFFF0CFFFFFFFF0CFFFFFFFF0CC10000000711736B657463685F6174747269625F64656604010000
310
0004010000000403000000070D31353620302031203020312031110D06636F656467650CFFFFFFFF04FFFFFFFF0CFFFFFFFF0CF90000000CF90000000CC10000000CFA0000000B0C4D01000004000000000CFFFFFFFF110D04656467650C4E01000004FFFFFFFF0CFFFFFFFF0C4F01000006152D4454FB2109C00C4F010000
310
061B2D4454FB2109400CF90000000C500100000B0707756E6B6E6F776E110D046C6F6F700CFFFFFFFF04FFFFFFFF0CFFFFFFFF0C510100000CC20000000C3E000000110D067665727465780CFFFFFFFF04FFFFFFFF0CFFFFFFFF0CC300000004000000000C52010000110E07656C6C697073650D0563757276650CFFFFFFFF
310
04FFFFFFFF0CFFFFFFFF13AC63CB8EB1EE10401B3263820C50E9BF00000000000039C01400000000000000800000000000000080000000000000F03F1470C8E2EB8A15C53FFFDE653A7467363D000000000000000006000000000000F03F0B0B110D046C6F6F700CFFFFFFFF04FFFFFFFF0CFFFFFFFF0C4D0100000CC50000
310
000C54000000110E0D4154545249425F435553544F4D0D066174747269620CFFFFFFFF04FFFFFFFF0CFFFFFFFF0CFFFFFFFF0CC6000000071667656E657269635F7461675F6174747269625F6465660403000000040300000004FFFFFFFF071767656E657269635F7461675F6174747269625F646566200401000000040400
310
000007042D33353604000000000401000000044E0100000400000000110D067665727465780CFFFFFFFF04FFFFFFFF0CFFFFFFFF0CC600000004000000000C53010000110E07656C6C697073650D0563757276650CFFFFFFFF04FFFFFFFF0CFFFFFFFF13700EA26CCE2004404C4F63820C50E9BF3333333333B338C0140000
310
0000000000800000000000000080000000000000F0BF1472C8E2EB8A15C53F01DF653A7467363D000000000000000006000000000000F03F0B0B110D05706F696E740CFFFFFFFF04FFFFFFFF0CFFFFFFFF13E9E1E3BD75CF0240195263820C50E9BF00000000000039C0110D05706F696E740CFFFFFFFF04FFFFFFFF0CFFFF
310
FFFF13F2A3BC33844BE43F4B6F63820C50E9BF3333333333B338C0110E0D4154545249425F435553544F4D0D066174747269620CFFFFFFFF04FFFFFFFF0CFFFFFFFF0CFFFFFFFF0CD1000000071667656E657269635F7461675F6174747269625F6465660403000000040300000004FFFFFFFF071767656E657269635F7461
310
675F6174747269625F64656620040100000004000000000700040000000004050000000442010000044401000004460100000448010000044B0100000400000000110E0D4154545249425F435553544F4D0D066174747269620C5401000004FFFFFFFF0CFFFFFFFF0CFFFFFFFF0CD2000000071667656E657269635F746167
310
5F6174747269625F6465660403000000040300000004FFFFFFFF071767656E657269635F7461675F6174747269625F64656620040100000004010000000701330400000000040100000004C2FEFFFF0400000000110D04666163650C5501000004FFFFFFFF0CFFFFFFFF0C560100000C570100000C060000000CFFFFFFFF0C
310
580100000B0B110D046C6F6F700CFFFFFFFF04FFFFFFFF0CFFFFFFFF0CFFFFFFFF0CF60000000CD2000000110E04636F6E650D07737572666163650CFFFFFFFF04FFFFFFFF0CFFFFFFFF13DC46E6B625491B406E5DF7B56D4FF0BFD7F4C54C72C738C014903BB6E818523A39DF2A973584155F39000000000000F03F140000
310
00000000CC3F06B12DEDFF6720391F749FCBD50717B906000000000000F03F0B0B06D44F38816FFEE43F06371CA1B49426E83F06000000000000CC3F0B0B0B0B0B110D06636F656467650CFFFFFFFF04FFFFFFFF0CFFFFFFFF0C590100000C590100000C5A0100000C5B0100000B0CD300000004000000000CFFFFFFFF110D
310
06636F656467650CFFFFFFFF04FFFFFFFF0CFFFFFFFF0CD50000000CD50000000C5C0100000C5D0100000A0CAE00000004000000000CFFFFFFFF110D06636F656467650CFFFFFFFF04FFFFFFFF0CFFFFFFFF0C5E0100000C5E0100000CD50000000C0C0100000A0C5F01000004000000000CFFFFFFFF110D04656467650CFF
310
FFFFFF04FFFFFFFF0CFFFFFFFF0C6001000006DE2B64D97B67DC3F0C6101000006DF753261DCAAF43F0CD50000000C620100000B0707756E6B6E6F776E110D06636F656467650CFFFFFFFF04FFFFFFFF0CFFFFFFFF0C630100000C630100000CD60000000C0E0100000B0C6401000004000000000CFFFFFFFF110D04656467
310
650CFFFFFFFF04FFFFFFFF0CFFFFFFFF0C1101000006865664E57AB0F9BF0C1201000006C15564E57AB0F93F0CD60000000C650100000B0707756E6B6E6F776E110D06636F656467650C6601000004FFFFFFFF0CFFFFFFFF0CD70000000CD70000000C630100000C670100000A0C1001000004000000000CFFFFFFFF110D04
310
6C6F6F700CFFFFFFFF04FFFFFFFF0CFFFFFFFF0C680100000CD70000000C69010000110D067665727465780CFFFFFFFF04FFFFFFFF0CFFFFFFFF0C0E01000004000000000C6A010000110D067665727465780CFFFFFFFF04FFFFFFFF0CFFFFFFFF0CD800000004010000000C6B010000110E08696E7463757276650D056375
310
7276650CFFFFFFFF04FFFFFFFF0CFFFFFFFF0B0F0D0B696E745F696E745F637572043C5A000015000000000D046E75627304030000001500000000040900000006E52864D97B67DC3F040300000006E977AAF7555CE13F0402000000061CB06E52A4D6E43F0402000000063116FDD4AF4DE83F040200000006467C8B57BBC4
310
EB3F0402000000065DE219DAC63BEF3F0402000000063A24542E6959F13F0402000000065440B65B9016F33F040200000006AB763261DCAAF43F040300000006B46F4246E83E1B40061585CB1CA0F50C40063333333333B338C00623EFFBC4DC601B40060ED6110D43F30C40067A33081BE1B338C00692A8D2956C841B4006
310
631B4EF16FE40C4006BD1FD48299B438C0063CFA0527ADC91B40062E2C84A208AB0C4006F601191C05B638C0067C09B8D1CFEA1B4006C6EC9CD6A67D0C4006D6F996CDB5B638C006CF15CFE20C1F1C400670E12BD708150C4006F8BE75D3CEB738C0062CD18416AC351C4006E47A5753E5D20B4006955BA40A4AB838C006DF
310
62285EAE531C40068F4DA317EE410B4006B1A82A3AEEB838C00624FF043C115B1C40063A647C251AF30A400680F2C80217B938C0064CFF043C115B1C400637530FE5425F0A400682F2C80217B938C0063163285EAE531C4006D369E8F26E100A4006B2A82A3AEEB838C006CBD18416AC351C40063D3C34B7777F094006985B
310
A40A4AB838C0069016CFE20C1F1C400680D55F33543D094006FCBE75D3CEB738C006740AB8D1CFEA1B4006BCC9EE33B6D4084006DCF996CDB5B638C0064CFB0527ADC91B40060D8A076854A7084006FC01191C05B638C0065FA9D2956C841B4006F5993D19ED6D084006C11FD48299B438C00688EFFBC4DC601B4006FCDE79
310
FD195F0840067C33081BE1B338C006C26F4246E83E1B4006EB2FC0EDBC5C0840063333333333B338C006C7550CE6B036273F0D04636F6E6513D2989ED5AA341B4080DA45852EA90A403333333333B338C01400000000000000000000000000000000000000000000F0BF14606666666666D2BF2C3333034B8D43BD00000000
310
0000000006000000000000F03F0B0B06000000000000000006000000000000F03F06606666666666D23F0B0B0B0B0B0D04636F6E6513DC46E6B625491B4081DA45852EA90A40D7F4C54C72C738C014903BB6E818523A39DF2A973584155F39000000000000F03F14000000000000CC3F06B12DEDFF6720391F749FCBD50717
310
B906000000000000F03F0B0B06D44F38816FFEE4BF06371CA1B49426E8BF06000000000000CC3F0B0B0B0B0B0D066E756C6C62730D066E756C6C62730B0B0400000000040000000004000000000400000000100B0B110E0D4154545249425F435553544F4D0D066174747269620CFFFFFFFF04FFFFFFFF0CFFFFFFFF0CFFFF
310
FFFF0CDA000000071667656E657269635F7461675F6174747269625F6465660403000000040300000004FFFFFFFF071767656E657269635F7461675F6174747269625F64656620040100000004000000000700040000000004050000000442010000044401000004460100000448010000044B0100000400000000110E0D41
310
54545249425F435553544F4D0D066174747269620C6C01000004FFFFFFFF0CFFFFFFFF0CFFFFFFFF0CDB000000071667656E657269635F7461675F6174747269625F6465660403000000040300000004FFFFFFFF071767656E657269635F7461675F6174747269625F64656620040100000004020000000702363504000000
310
00040100000004C2FEFFFF0400000000110D04666163650C6D01000004FFFFFFFF0CFFFFFFFF0C6E0100000C6F0100000C060000000CFFFFFFFF0C700100000B0B110D046C6F6F700CFFFFFFFF04FFFFFFFF0CFFFFFFFF0CFFFFFFFF0C710100000CDB000000110E04636F6E650D07737572666163650CFFFFFFFF04FFFFFF
310
FF0CFFFFFFFF132C7E6FF885AE1B40AE69F9E0F465F0BF66666666666639C01400000000000000000000000000000000000000000000F0BF14006195DDFFFF2DB9A29999999999D93F000000000000000006000000000000F03F0B0B06000000000000000006000000000000F03F06A29999999999D93F0B0B0B0B0B110D06
310
636F656467650CFFFFFFFF04FFFFFFFF0CFFFFFFFF0C720100000C730100000C740100000C750100000A0CDC00000004000000000CFFFFFFFF110D06636F656467650CFFFFFFFF04FFFFFFFF0CFFFFFFFF0C760100000CDE0000000C770100000C780100000A0CB400000004000000000CFFFFFFFF110D06636F656467650C
310
FFFFFFFF04FFFFFFFF0CFFFFFFFF0CDE0000000C760100000C790100000C7A0100000B0CB400000004000000000CFFFFFFFF110D06636F656467650CFFFFFFFF04FFFFFFFF0CFFFFFFFF0CE00000000CDF0000000CDE0000000C1D0100000A0C9300000004000000000CFFFFFFFF110D04656467650CFFFFFFFF04FFFFFFFF
310
0CFFFFFFFF0C7B0100000600000000000000000C7C01000006000000000000F03F0C1C0100000C7D0100000B070E74616E67656E745F6E6F745F6732110D06636F656467650CFFFFFFFF04FFFFFFFF0CFFFFFFFF0C7E0100000C770100000CDF0000000C1F0100000B0C7F01000004000000000CFFFFFFFF110D0465646765
310
0CFFFFFFFF04FFFFFFFF0CFFFFFFFF0C7C010000061B2D4454FB21F93F0C25010000061B2D4454FB2109400C1E0100000C800100000B0707756E6B6E6F776E110D06636F656467650CFFFFFFFF04FFFFFFFF0CFFFFFFFF0C790100000C810100000CE00000000C210100000A0C8201000004000000000CFFFFFFFF110D0465
310
6467650CFFFFFFFF04FFFFFFFF0CFFFFFFFF0C7B010000061B2D4454FB21F93F0C26010000061B2D4454FB2109400C200100000C830100000B0707756E6B6E6F776E110D06636F656467650CFFFFFFFF04FFFFFFFF0CFFFFFFFF0C840100000CE10000000C810100000C850100000B0C2401000004000000000CFFFFFFFF11
310
0D06636F656467650CFFFFFFFF04FFFFFFFF0CFFFFFFFF0CE10000000C840100000C7E0100000C860100000A0C2401000004000000000CFFFFFFFF110D046C6F6F700CFFFFFFFF04FFFFFFFF0CFFFFFFFF0CFFFFFFFF0C840100000C87010000110D067665727465780CFFFFFFFF04FFFFFFFF0CFFFFFFFF0C1F0100000401
310
0000000C88010000110D067665727465780CFFFFFFFF04FFFFFFFF0CFFFFFFFF0C8501000004000000000C89010000110E0873747261696768740D0563757276650CFFFFFFFF04FFFFFFFF0CFFFFFFFF13B80D95D0897522C0AE69F9E0F465F0BF00000000000039C014000000000000000000000000000000009A99999999
310
99E9BF0A0600000000000000000A06000000000000F03F110D06636F656467650CFFFFFFFF04FFFFFFFF0CFFFFFFFF0C8A0100000C8B0100000CE30000000C290100000B0C8C01000004000000000CFFFFFFFF110D04656467650CFFFFFFFF04FFFFFFFF0CFFFFFFFF0C3201000006172D4454FB21E9BF0C2D01000006152D
310
4454FB21E93F0C280100000C8D0100000B070E74616E67656E745F6E6F745F6732110D06636F656467650CFFFFFFFF04FFFFFFFF0CFFFFFFFF0C8E0100000CE40000000C8F0100000C900100000A0C2C01000004000000000CFFFFFFFF110D06636F656467650CFFFFFFFF04FFFFFFFF0CFFFFFFFF0CE40000000C8E010000
310
0C910100000C920100000A0C2C01000004000000000CFFFFFFFF110D046C6F6F700CFFFFFFFF04FFFFFFFF0CFFFFFFFF0CFFFFFFFF0C2A0100000C93010000110D067665727465780CFFFFFFFF04FFFFFFFF0CFFFFFFFF0C9401000004010000000C95010000110E07656C6C697073650D0563757276650CFFFFFFFF04FFFF
310
FFFF0CFFFFFFFF13ED40C803BDA821C01480E69C01FCEB3F36ED245207F238C014000000000000F03F8E5D97D5321FBF3C61E2960C00A4A63C14D37F17C4AEB2D43C7DEE4F7194CB02C0D2F2FB54AF58EBBF06000000000000F03F0A06B090504639E7D4BF0A06548A6B695E1C77BF110D06636F656467650CFFFFFFFF04FF
310
FFFFFF0CFFFFFFFF0C960100000CE60000000C970100000C980100000A0C3101000004000000000CFFFFFFFF110D06636F656467650CFFFFFFFF04FFFFFFFF0CFFFFFFFF0CE60000000C960100000C990100000C9A0100000A0C3101000004000000000CFFFFFFFF110D046C6F6F700CFFFFFFFF04FFFFFFFF0CFFFFFFFF0C
310
FFFFFFFF0C300100000C9B010000110D067665727465780CFFFFFFFF04FFFFFFFF0CFFFFFFFF0C9C01000004010000000C9D010000110E07656C6C697073650D0563757276650CFFFFFFFF04FFFFFFFF0CFFFFFFFF136657B59B7CB81BC0AE69F9E0F465F0BF36ED245207F238C014FF13A77CA36EB3BC000000000000F03F
310
E263D8A5ED459CBC147DEE4F7194CB02C08844DF66E3D8C9BCD2F2FB54AF58EBBF06000000000000F03F0A067D8A6B695E1C773F0A060783504639E7D43F110D06636F656467650CFFFFFFFF04FFFFFFFF0CFFFFFFFF0CE90000000CE80000000C9E0100000C9F0100000B0CEA00000004000000000CFFFFFFFF110D06636F
310
656467650CFFFFFFFF04FFFFFFFF0CFFFFFFFF0C990100000CA00100000CE80000000C360100000B0CA101000004000000000CFFFFFFFF110D04656467650CFFFFFFFF04FFFFFFFF0CFFFFFFFF0CA20100000600000000000000000CEC000000063443597025A4F33F0C350100000CA30100000B070E74616E67656E745F6E
310
6F745F6732110D06636F656467650CFFFFFFFF04FFFFFFFF0CFFFFFFFF0CA40100000C8F0100000CE90000000C380100000A0CA501000004000000000CFFFFFFFF110D04656467650CFFFFFFFF04FFFFFFFF0CFFFFFFFF0CA60100000600000000000000000CEB000000061C43597025A4F33F0CE90000000CA70100000B07
310
0E74616E67656E745F6E6F745F6732110D04666163650CA801000004FFFFFFFF0CFFFFFFFF0CA90100000CEA0000000C060000000CFFFFFFFF0CAA0100000B0B110D05706F696E740CFFFFFFFF04FFFFFFFF0CFFFFFFFF13EC40C803BDA821C05E7BEAD2C0ACF7BF2740B12A67C939C0110D05706F696E740CFFFFFFFF04FF
310
FFFFFF0CFFFFFFFF1320630682969122C0AE69F9E0F465F0BF2740B12A67C939C0110E0D4154545249425F435553544F4D0D066174747269620CFFFFFFFF04FFFFFFFF0CFFFFFFFF0CFFFFFFFF0CEF000000071667656E657269635F7461675F6174747269625F6465660403000000040300000004FFFFFFFF071767656E65
310
7269635F7461675F6174747269625F64656620040100000004020000000702393304000000000401000000044E0100000400000000110D04666163650CAB01000004FFFFFFFF0CFFFFFFFF0CAC0100000CAD0100000C060000000CFFFFFFFF0CAE0100000A0B110D046C6F6F700CFFFFFFFF04FFFFFFFF0CFFFFFFFF0CFFFF
310
FFFF0CAF0100000CEF000000110E05706C616E650D07737572666163650CFFFFFFFF04FFFFFFFF0CFFFFFFFF130002D09EECFC0F400753D6773134FB3F3333333333B338C0148FA8020BAA0461BD000000000000F03F000000000000000014000000000000F03F8FA8020BAA04613D774D6BFFFF2FB23C0B0B0B0B0B110D06
310
636F656467650CFFFFFFFF04FFFFFFFF0CFFFFFFFF0CB00100000CB10100000CB20100000CB30100000A0CF000000004000000000CFFFFFFFF110D06636F656467650CB401000004FFFFFFFF0CFFFFFFFF0C410100000C410100000CB50100000CB60100000A0CF200000004000000000CFFFFFFFF110D06636F656467650C
310
FFFFFFFF04FFFFFFFF0CFFFFFFFF0C420100000C420100000CF30000000C430100000B0CB701000004000000000CFFFFFFFF110D04656467650CFFFFFFFF04FFFFFFFF0CFFFFFFFF0CB801000006182D4454FB2109C00CB801000006182D4454FB2109400C420100000CB90100000B0707756E6B6E6F776E110D06636F6564
310
67650CFFFFFFFF04FFFFFFFF0CFFFFFFFF0C440100000C440100000CF40000000C450100000B0C5101000004000000000CFFFFFFFF110D04656467650CFFFFFFFF04FFFFFFFF0CFFFFFFFF0CBA01000006182D4454FB2109C00CBA01000006182D4454FB2109400C440100000CBB0100000B0707756E6B6E6F776E110E0D41
310
54545249425F435553544F4D0D066174747269620CFFFFFFFF04FFFFFFFF0CFFFFFFFF0CFFFFFFFF0CF50000000711736B657463685F6174747269625F646566040100000004010000000403000000070D31323820302030203020312031110D06636F656467650CFFFFFFFF04FFFFFFFF0CFFFFFFFF0CBC0100000CBC0100
310
000CF50000000C480100000B0CBD01000004000000000CFFFFFFFF110D04656467650CBE01000004FFFFFFFF0CFFFFFFFF0C4B01000006F94A64E57AB0F9BF0C4A01000006695C64E57AB0F93F0C470100000CBF0100000B0707756E6B6E6F776E110D06636F656467650CFFFFFFFF04FFFFFFFF0CFFFFFFFF0CF60000000C
310
F60000000CBC0100000CC00100000A0C0701000004000000000CFFFFFFFF110D067665727465780CFFFFFFFF04FFFFFFFF0CFFFFFFFF0CC001000004000000000CC1010000110D067665727465780CFFFFFFFF04FFFFFFFF0CFFFFFFFF0CF700000004010000000CC2010000110E08696E7463757276650D0563757276650C
310
FFFFFFFF04FFFFFFFF0CFFFFFFFF0B0F0D0B696E745F696E745F637572043C5A000015000000000D046E756273040300000015000000000409000000068D2A64D97B67DC3F040300000006FC77AAF7555CE13F04020000000630B06E52A4D6E43F0402000000064816FDD4AF4DE83F040200000006607C8B57BBC4EB3F0402
310
0000000672E219DAC63BEF3F0402000000064224542E6959F13F0402000000066040B65B9016F33F040200000006B5763261DCAAF43F040300000006B46F4246E83E1B40068A10D80D156DE7BF063333333333B338C0061BEFFBC4DC601B4006BCCCBE4C8976E7BF067B33081BE1B338C0067FA8D2956C841B400660B7CDBB
310
D5B1E7BF06BF1FD48299B438C00622FA0527ADC91B40061374F5F67297E8BF06F901191C05B638C0066509B8D1CFEA1B4006C0719226FA4CE9BF06DAF996CDB5B638C006B815CFE20C1F1C4006159F562472EFEABF06FDBE75D3CEB738C00616D18416AC351C40064039A83300F8EBBF069C5BA40A4AB838C006CA62285EAE
310
531C400691EE7822DD3BEEBF06B8A82A3AEEB838C0060EFF043C115B1C4006EA9314EB2C77EFBF0686F2C80217B938C00636FF043C115B1C4006FC6B64F644E3F0BF0688F2C80217B938C0061B63285EAE531C4006C43EB2DAEC80F1BF06B9A82A3AEEB838C006B5D18416AC351C4006EE991A52DBA2F2BF069D5BA40A4AB8
310
38C0067B16CFE20C1F1C40066567C3592227F3BF0602BF75D3CEB738C0065F0AB8D1CFEA1B4006F07EA5585EF8F3BF06DFF996CDB5B638C00636FB0527ADC91B400651FE73F02153F4BF06FF01191C05B638C0064AA9D2956C841B400680DE078EF0C5F4BF06C21FD48299B438C00673EFFBC4DC601B400675548FC596E3F4
310
BF067D33081BE1B338C006AC6F4246E83E1B400697B202E550E8F4BF063333333333B338C0064F690AE6B036273F0D04636F6E6513BC989ED5AA341B406D5DF7B56D4FF0BF3333333333B338C01400000000000000000000000000000000000000000000F0BF14606666666666D2BF2C3333034B8D43BD0000000000000000
310
06000000000000F03F0B0B06000000000000000006000000000000F03F06606666666666D23F0B0B0B0B0B0D04636F6E6513DC46E6B625491B406E5DF7B56D4FF0BFD7F4C54C72C738C014903BB6E818523A39DF2A973584155F39000000000000F03F14000000000000CC3F06B12DEDFF6720391F749FCBD50717B9060000
310
00000000F03F0B0B06D44F38816FFEE4BF06371CA1B49426E8BF06000000000000CC3F0B0B0B0B0B0D066E756C6C62730D066E756C6C62730B0B0400000000040000000004000000000400000000100B0B110D046C6F6F700CFFFFFFFF04FFFFFFFF0CFFFFFFFF0CC30100000CF90000000C54000000110E0D415454524942
310
5F435553544F4D0D066174747269620CFFFFFFFF04FFFFFFFF0CFFFFFFFF0CFFFFFFFF0CFA000000071667656E657269635F7461675F6174747269625F6465660403000000040300000004FFFFFFFF071767656E657269635F7461675F6174747269625F646566200401000000040400000007042D31353604000000000401
310
000000044E0100000400000000110D067665727465780CFFFFFFFF04FFFFFFFF0CFFFFFFFF0CFA00000004000000000CC4010000110E07656C6C697073650D0563757276650CFFFFFFFF04FFFFFFFF0CFFFFFFFF13AC63CB8EB1EE10401B3263820C50E9BF3333333333B338C0140000000000000080000000000000008000
310
0000000000F0BF1470C8E2EB8A15C53FFFDE653A7467363D000000000000000006000000000000F03F0B0B110D046C6F6F700CFFFFFFFF04FFFFFFFF0CFFFFFFFF0CB70100000C440100000C3E000000110D05706F696E740CFFFFFFFF04FFFFFFFF0CFFFFFFFF13684D6C3705461040E83463820C50E9BF00000000000039
310
C0110D05706F696E740CFFFFFFFF04FFFFFFFF0CFFFFFFFF13E8E1E3BD75CF0240195263820C50E9BF3333333333B338C0110E0D4154545249425F435553544F4D0D066174747269620CFFFFFFFF04FFFFFFFF0CFFFFFFFF0CFFFFFFFF0C05010000071667656E657269635F7461675F6174747269625F6465660403000000
310
040300000004FFFFFFFF071767656E657269635F7461675F6174747269625F64656620040100000004000000000700040000000004050000000442010000044401000004460100000448010000044B0100000400000000110E0D4154545249425F435553544F4D0D066174747269620CC501000004FFFFFFFF0CFFFFFFFF0C
310
FFFFFFFF0C06010000071667656E657269635F7461675F6174747269625F6465660403000000040300000004FFFFFFFF071767656E657269635F7461675F6174747269625F64656620040100000004010000000701350400000000040100000004C2FEFFFF0400000000110D04666163650CC601000004FFFFFFFF0CFFFFFF
310
FF0CC70100000CC80100000C060000000CFFFFFFFF0CC90100000A0B110D046C6F6F700CFFFFFFFF04FFFFFFFF0CFFFFFFFF0CFFFFFFFF0CCA0100000C06010000110E05706C616E650D07737572666163650CFFFFFFFF04FFFFFFFF0CFFFFFFFF13287E6FF885AE1B4016D05F475BCCF6BF5C8FC2F528DC38C0149A5C7DEA
310
FFBF42B9000000000000F03F000000000000000014000000000000000000000000000000009A9999999999B93F0B0B0B0B0B110D06636F656467650CFFFFFFFF04FFFFFFFF0CFFFFFFFF0C090100000C090100000CCB0100000CCC0100000A0CD300000004000000000CFFFFFFFF110D06636F656467650CFFFFFFFF04FFFF
310
FFFF0CFFFFFFFF0CCD0100000CCD0100000C090100000C5B0100000A0CCE01000004000000000CFFFFFFFF110D04656467650CFFFFFFFF04FFFFFFFF0CFFFFFFFF0CCF010000065F68666A7B67DC3F0CD001000006CA42CA68DCAAF43F0C090100000CD10100000B0707756E6B6E6F776E110D06636F656467650CFFFFFFFF
310
04FFFFFFFF0CFFFFFFFF0CD20100000CD20100000C0A0100000C5D0100000B0CD301000004000000000CFFFFFFFF110D04656467650CFFFFFFFF04FFFFFFFF0CFFFFFFFF0C6001000006E85364E57AB0F9BF0C61010000060A5364E57AB0F93F0C0A0100000CD40100000B0707756E6B6E6F776E110D06636F656467650CD5
310
01000004FFFFFFFF0CFFFFFFFF0C0B0100000C0B0100000CD20100000CD60100000A0C5F01000004000000000CFFFFFFFF110D046C6F6F700CFFFFFFFF04FFFFFFFF0CFFFFFFFF0CD70100000C0B0100000CD8010000110D067665727465780CFFFFFFFF04FFFFFFFF0CFFFFFFFF0C5D01000004000000000CD9010000110D
310
067665727465780CFFFFFFFF04FFFFFFFF0CFFFFFFFF0C0C01000004010000000CDA010000110E08696E7463757276650D0563757276650CFFFFFFFF04FFFFFFFF0CFFFFFFFF0B0F0D0B696E745F696E745F637572043C5A000015000000000D046E75627304030000001500000000040900000006DE2B64D97B67DC3F0403
310
00000006D977AAF7555CE13F04020000000613B06E52A4D6E43F0402000000062A16FDD4AF4DE83F040200000006407C8B57BBC4EB3F04020000000658E219DAC63BEF3F0402000000063824542E6959F13F0402000000065040B65B9016F33F040200000006DF753261DCAAF43F040300000006C490559B2B7B21C0060E85
310
CB1CA0F50C40063433333333B338C00614D1F85B316A21C006FCD5110D43F30C40067B33081BE1B338C00666748D73695821C006531B4EF16FE40C4006BD1FD48299B438C00699CBF32AC93521C0062A2C84A208AB0C4006F601191C05B638C006F8C39AD5372521C006C3EC9CD6A67D0C4006D8F996CDB5B638C006CE3D0F
310
4D190B21C0066CE12BD708150C4006F9BE75D3CEB738C006206034B3C9FF20C006DF7A5753E5D20B4006965BA40A4AB838C0064697628FC8F020C0068B4DA317EE410B4006B2A82A3AEEB838C0062449742017ED20C00637647C251AF30A400682F2C80217B938C0061049742017ED20C00633530FE5425F0A400682F2C802
310
17B938C0061D97628FC8F020C006CE69E8F26E100A4006B3A82A3AEEB838C006D15F34B3C9FF20C006383C34B7777F094006995BA40A4AB838C0066E3D0F4D190B21C0067CD55F33543D094006FEBE75D3CEB738C0067CC39AD5372521C006B8C9EE33B6D4084006DEF996CDB5B638C0060FCBF32AC93521C0060B8A076854
310
A7084006FC01191C05B638C006FD738D73695821C006FF993D19ED6D084006C11FD48299B438C006E0D0F85B316A21C00606DF79FD195F0840067D33081BE1B338C006BC90559B2B7B21C006EA2FC0EDBC5C0840063433333333B338C006F23C0AE6B036273F0D04636F6E65134D7CA7534A8021C07CDA45852EA90A403433
310
333333B338C01400000000000000000000000000000000000000000000F0BF14606666666666D2BF2C3333034B8D43BD000000000000000006000000000000F03F0B0B06000000000000000006000000000000F03F06606666666666D23F0B0B0B0B0B0D04636F6E651348A503E30C7621C07DDA45852EA90A40D7F4C54C72
310
C738C014903BB6E818523A39DF2A973584155F39000000000000F03F14000000000000CC3F06B12DEDFF6720391F749FCBD50717B906000000000000F03F0B0B06D44F38816FFEE4BF06371CA1B49426E8BF06000000000000CC3F0B0B0B0B0B0D066E756C6C62730D066E756C6C62730B0B04000000000400000000040000
310
00000400000000100B0B110D06636F656467650CFFFFFFFF04FFFFFFFF0CFFFFFFFF0C0D0100000C0D0100000C0F0100000C670100000B0C6401000004000000000CFFFFFFFF110D046C6F6F700CFFFFFFFF04FFFFFFFF0CFFFFFFFF0CD30100000C630100000C54000000110E07656C6C697073650D0563757276650CFFFF
310
FFFF04FFFFFFFF0CFFFFFFFF13DC46E6B625491B4081DA45852EA90A403333333333B338C01400000000000000000000000000000000000000000000F0BF14676666666666D23FB25D43E7FF8F2539000000000000000006000000000000F03F0B0B110E0D4154545249425F435553544F4D0D066174747269620CFFFFFFFF
310
04FFFFFFFF0CFFFFFFFF0CFFFFFFFF0C0F0100000711736B657463685F6174747269625F646566040100000004010000000403000000070D31323220302030203020312031110D04656467650CDB01000004FFFFFFFF0CFFFFFFFF0C1201000006F94A64E57AB0F9BF0C1101000006365B64E57AB0F93F0C630100000CDC01
310
00000B0707756E6B6E6F776E110D046C6F6F700CFFFFFFFF04FFFFFFFF0CFFFFFFFF0CFFFFFFFF0CDD0100000C69010000110D04666163650CDE01000004FFFFFFFF0CFFFFFFFF0CDF0100000C100100000C060000000CFFFFFFFF0CE00100000A0B110D05706F696E740CFFFFFFFF04FFFFFFFF0CFFFFFFFF13B46F4246E8
310
3E1B401585CB1CA0F50C403333333333B338C0110D05706F696E740CFFFFFFFF04FFFFFFFF0CFFFFFFFF13C26F4246E83E1B40EB2FC0EDBC5C08403333333333B338C0110E0D4154545249425F435553544F4D0D066174747269620CFFFFFFFF04FFFFFFFF0CFFFFFFFF0CFFFFFFFF0C15010000071667656E657269635F74
310
61675F6174747269625F6465660403000000040300000004FFFFFFFF071767656E657269635F7461675F6174747269625F64656620040100000004000000000700040000000004050000000442010000044401000004460100000448010000044B0100000400000000110E0D4154545249425F435553544F4D0D0661747472
310
69620CE101000004FFFFFFFF0CFFFFFFFF0CFFFFFFFF0C16010000071667656E657269635F7461675F6174747269625F6465660403000000040300000004FFFFFFFF071767656E657269635F7461675F6174747269625F6465662004010000000402000000070236360400000000040100000004C2FEFFFF0400000000110D
310
04666163650CE201000004FFFFFFFF0CFFFFFFFF0CE30100000CE40100000C060000000CFFFFFFFF0CE50100000B0B110D046C6F6F700CFFFFFFFF04FFFFFFFF0CFFFFFFFF0CFFFFFFFF0CE60100000C16010000110E05706C616E650D07737572666163650CFFFFFFFF04FFFFFFFF0CFFFFFFFF13C41709921F481D40A5E0
310
C61A72B40A405C8FC2F528DC38C014000000000000F0BF9A5C7DEAFFBF42B9000000000000000014000000000000000000000000000000009A9999999999B93F0B0B0B0B0B110D06636F656467650CFFFFFFFF04FFFFFFFF0CFFFFFFFF0CE70100000CE80100000C760100000CE90100000B0C1701000004000000000CFFFF
310
FFFF110D06636F656467650CFFFFFFFF04FFFFFFFF0CFFFFFFFF0CEA0100000C190100000CEB0100000CEC0100000B0CDC00000004000000000CFFFFFFFF110D06636F656467650CFFFFFFFF04FFFFFFFF0CFFFFFFFF0C190100000CEA0100000CED0100000CEE0100000A0CDC00000004000000000CFFFFFFFF110D06636F
310
656467650CFFFFFFFF04FFFFFFFF0CFFFFFFFF0CEF0100000CF00100000C190100000C750100000B0CF101000004000000000CFFFFFFFF110D04656467650CFFFFFFFF04FFFFFFFF0CFFFFFFFF0CF2010000063B2D4454FB21E9BF0CF3010000061B2D4454FB21E93F0C740100000CF40100000B070E74616E67656E745F6E
310
6F745F6732110D06636F656467650CFFFFFFFF04FFFFFFFF0CFFFFFFFF0C1B0100000C1A0100000C710100000CE90100000A0CB400000004000000000CFFFFFFFF110D06636F656467650CFFFFFFFF04FFFFFFFF0CFFFFFFFF0C1E0100000CF50100000C1A0100000C780100000B0C7F01000004000000000CFFFFFFFF110D
310
04656467650CFFFFFFFF04FFFFFFFF0CFFFFFFFF0CF60100000600000000000000000C7C01000006000000000000F03F0C770100000CF70100000B0707756E6B6E6F776E110D06636F656467650CFFFFFFFF04FFFFFFFF0CFFFFFFFF0CF80100000C200100000C1B0100000C7A0100000A0C8201000004000000000CFFFFFF
310
FF110D04656467650CFFFFFFFF04FFFFFFFF0CFFFFFFFF0CF90100000600000000000000000C7B01000006000000000000F03F0C790100000CFA0100000B0707756E6B6E6F776E110D067665727465780CFFFFFFFF04FFFFFFFF0CFFFFFFFF0C2101000004000000000CFB010000110D067665727465780CFFFFFFFF04FFFF
310
FFFF0CFFFFFFFF0C7801000004010000000CFC010000110E0873747261696768740D0563757276650CFFFFFFFF04FFFFFFFF0CFFFFFFFF13EC40C803BDA821C01ED05F475BCCF6BFCDCCCCCCCCCC39C014000000000000000000000000000000009A9999999999E93F0A0600000000000000000A06000000000000F03F110D
310
06636F656467650CFFFFFFFF04FFFFFFFF0CFFFFFFFF0CFD0100000C1E0100000C230100000C860100000B0C7F01000004000000000CFFFFFFFF110D046C6F6F700CFFFFFFFF04FFFFFFFF0CFFFFFFFF0CFE0100000CFD0100000C3E000000110E07656C6C697073650D0563757276650CFFFFFFFF04FFFFFFFF0CFFFFFFFF
310
13EC40C803BDA821C0B669F9E0F465F0BF00000000000039C01400000000000000000000000000000000000000000000F0BF14A49999999999D93F036195DDFFFF2D39000000000000000006000000000000F03F0A061B2D4454FB21F93F0A061B2D4454FB210940110D06636F656467650CFFFFFFFF04FFFFFFFF0CFFFFFF
310
FF0C200100000CFF0100000C220100000C850100000A0C8201000004000000000CFFFFFFFF110D046C6F6F700CFFFFFFFF04FFFFFFFF0CFFFFFFFF0CFFFFFFFF0C810100000C00020000110E07656C6C697073650D0563757276650CFFFFFFFF04FFFFFFFF0CFFFFFFFF13EC40C803BDA821C0B669F9E0F465F0BFCDCCCCCC
310
CCCC39C01400000000000000000000000000000000000000000000F0BF14A49999999999D93F036195DDFFFF2D39000000000000000006000000000000F03F0A061B2D4454FB21F93F0A061B2D4454FB210940110D06636F656467650CFFFFFFFF04FFFFFFFF0CFFFFFFFF0C230100000C220100000C010200000C02020000
310
0B0C2401000004000000000CFFFFFFFF110D04656467650CFFFFFFFF04FFFFFFFF0CFFFFFFFF0C260100000600000000000000000C0302000006000000000000F03F0C810100000C040200000B0707756E6B6E6F776E110D04656467650CFFFFFFFF04FFFFFFFF0CFFFFFFFF0C250100000600000000000000000C05020000
310
06000000000000F03F0C7E0100000C060200000B0707756E6B6E6F776E110D04666163650C0702000004FFFFFFFF0CFFFFFFFF0CFFFFFFFF0C240100000C060000000CFFFFFFFF0C080200000B0B110D05706F696E740CFFFFFFFF04FFFFFFFF0CFFFFFFFF13B80D95D0897522C0AE69F9E0F465F0BF00000000000039C011
310
0D05706F696E740CFFFFFFFF04FFFFFFFF0CFFFFFFFF13B80D95D0897522C0AE69F9E0F465F0BFCDCCCCCCCCCC39C0110D06636F656467650CFFFFFFFF04FFFFFFFF0CFFFFFFFF0C090200000C280100000C0A0200000C940100000A0C8C01000004000000000CFFFFFFFF110D06636F656467650CFFFFFFFF04FFFFFFFF0C
310
FFFFFFFF0C280100000C090200000C0B0200000C9C0100000B0C8C01000004000000000CFFFFFFFF110D046C6F6F700CFFFFFFFF04FFFFFFFF0CFFFFFFFF0CFFFFFFFF0C8A0100000C0C020000110E07656C6C697073650D0563757276650CFFFFFFFF04FFFFFFFF0CFFFFFFFF13EC40C803BDA821C0B669F9E0F465F0BF14
310
3CC0A2440039C01400000000000000000000000000000000000000000000F03F147DDD8E01E026DBBF72DD8E01E026DBBF000000000000000006000000000000F03F0A06172D4454FB21E9BF0A06152D4454FB21E93F110D06636F656467650CFFFFFFFF04FFFFFFFF0CFFFFFFFF0C2B0100000C2A0100000C0D0200000C0E
310
0200000A0C2C01000004000000000CFFFFFFFF110D06636F656467650CFFFFFFFF04FFFFFFFF0CFFFFFFFF0C370100000C0F0200000C2A0100000C900100000B0CA501000004000000000CFFFFFFFF110D04656467650CFFFFFFFF04FFFFFFFF0CFFFFFFFF0C10020000060F0441100441A03C0CEB00000006000000000000
310
F03F0C8F0100000C110200000B070E74616E67656E745F6E6F745F6732110D06636F656467650CFFFFFFFF04FFFFFFFF0CFFFFFFFF0C120200000C0A0200000C2B0100000C920100000B0C1302000004000000000CFFFFFFFF110D04656467650CFFFFFFFF04FFFFFFFF0CFFFFFFFF0C2D0100000617866118866188BC0C14
310
02000006FFFFFFFFFFFFEF3F0C910100000C150200000B070E74616E67656E745F6E6F745F6732110D04666163650C1602000004FFFFFFFF0CFFFFFFFF0C3E0000000C2C0100000C060000000CFFFFFFFF0C170200000B0B110D04656467650CFFFFFFFF04FFFFFFFF0CFFFFFFFF0C18020000067800000000F9B53C0C2D01
310
00000675BBA5F5E1EDBA3F0C0A0200000C190200000B070E74616E67656E745F6E6F745F6732110D05706F696E740CFFFFFFFF04FFFFFFFF0CFFFFFFFF13EC40C803BDA821C08E5EFB4476FFF9BF8C3BC0A2440039C0110D06636F656467650CFFFFFFFF04FFFFFFFF0CFFFFFFFF0C300100000C2F0100000C1A0200000C1B
310
0200000B0C3101000004000000000CFFFFFFFF110D06636F656467650CFFFFFFFF04FFFFFFFF0CFFFFFFFF0C0B0200000C1C0200000C2F0100000C980100000B0C1D02000004000000000CFFFFFFFF110D04656467650CFFFFFFFF04FFFFFFFF0CFFFFFFFF0C1E0200000600000000000000000C3201000006010000000000
310
F03F0C970100000C1F0200000B070E74616E67656E745F6E6F745F6732110D06636F656467650CFFFFFFFF04FFFFFFFF0CFFFFFFFF0C200200000C350100000C300100000C9A0100000B0CA101000004000000000CFFFFFFFF110D04656467650CFFFFFFFF04FFFFFFFF0CFFFFFFFF0CEC0000000600000000000000000C21
310
02000006000000000000F03F0C990100000C220200000B070E74616E67656E745F6E6F745F6732110D04666163650C2302000004FFFFFFFF0CFFFFFFFF0C870100000C310100000C060000000CFFFFFFFF0C240200000B0B110D04656467650CFFFFFFFF04FFFFFFFF0CFFFFFFFF0C25020000062E97FFFFBFEBC2BC0C3201
310
0000062B30A5F5E1EDBA3F0C8B0100000C260200000B070E74616E67656E745F6E6F745F6732110D05706F696E740CFFFFFFFF04FFFFFFFF0CFFFFFFFF13807F4830EDDB22C0B669F9E0F465F0BF143CC0A2440039C0110D06636F656467650CFFFFFFFF04FFFFFFFF0CFFFFFFFF0C270200000C280200000C340100000C9F
310
0100000A0C2902000004000000000CFFFFFFFF110D04656467650CFFFFFFFF04FFFFFFFF0CFFFFFFFF0CA201000006242D4454FB21E9BF0CA601000006122D4454FB21E93F0C340100000C2A0200000B070E74616E67656E745F6E6F745F6732110D06636F656467650CFFFFFFFF04FFFFFFFF0CFFFFFFFF0C350100000C20
310
0200000C270200000C2B0200000B0CA101000004000000000CFFFFFFFF110D046C6F6F700CFFFFFFFF04FFFFFFFF0CFFFFFFFF0CFFFFFFFF0C350100000C2C020000110D067665727465780CFFFFFFFF04FFFFFFFF0CFFFFFFFF0C3601000004000000000C2D020000110E07656C6C697073650D0563757276650CFFFFFFFF
310
04FFFFFFFF0CFFFFFFFF131DF557F6F18722C0AE69F9E0F465F0BF48E17A14AEC739C0149A5C7DEAFFBF42B9000000000000F03F000000000000000014000000000000000000000000000000007C14AE47E17A94BF06000000000000F03F0A0600000000000000000A063443597025A4F33F110D06636F656467650CFFFFFF
310
FF04FFFFFFFF0CFFFFFFFF0C0F0200000C370100000C280200000C2E0200000B0CA501000004000000000CFFFFFFFF110D046C6F6F700CFFFFFFFF04FFFFFFFF0CFFFFFFFF0CFFFFFFFF0C0F0200000C2F020000110D067665727465780CFFFFFFFF04FFFFFFFF0CFFFFFFFF0C3801000004000000000C30020000110E0765
310
6C6C697073650D0563757276650CFFFFFFFF04FFFFFFFF0CFFFFFFFF13EC40C803BDA821C03E0B77759C5FF7BF48E17A14AEC739C014000000000000F0BF9A5C7DEAFFBF42B9000000000000000014000000000000000000000000000000007C14AE47E17A94BF06000000000000F03F0A0600000000000000000A061C4359
310
7025A4F33F110E0D4154545249425F435553544F4D0D066174747269620C3102000004FFFFFFFF0CFFFFFFFF0CFFFFFFFF0C39010000071667656E657269635F7461675F6174747269625F6465660403000000040300000004FFFFFFFF071767656E657269635F7461675F6174747269625F64656620040100000004020000
310
00070232330400000000040100000004C2FEFFFF0400000000110D04666163650C3202000004FFFFFFFF0CFFFFFFFF0C2F0200000C330200000C060000000CFFFFFFFF0C340200000B0B110E05746F7275730D07737572666163650CFFFFFFFF04FFFFFFFF0CFFFFFFFF13EC40C803BDA821C0B669F9E0F465F0BF48E17A14
310
AEC739C01400000000000000000000000000000000000000000000F0BF063486F6519EE6DB3F067C14AE47E17A943F14000000000000F0BF9A5C7DEAFFBF42B900000000000000000B0B0B0B0B110E0D4154545249425F435553544F4D0D066174747269620CFFFFFFFF04FFFFFFFF0CFFFFFFFF0CFFFFFFFF0C3D01000007
310
1667656E657269635F7461675F6174747269625F6465660403000000040300000004FFFFFFFF071767656E657269635F7461675F6174747269625F64656620040100000004020000000702393604000000000401000000044E0100000400000000110D04666163650C3502000004FFFFFFFF0CFFFFFFFF0C360200000C3702
310
00000C060000000CFFFFFFFF0C380200000A0B110D046C6F6F700CFFFFFFFF04FFFFFFFF0CFFFFFFFF0CFFFFFFFF0C390200000C3D010000110E05706C616E650D07737572666163650CFFFFFFFF04FFFFFFFF0CFFFFFFFF130406D09EECFC0F403AD0A3CEE82FE83F3333333333B338C014000000000000F0BF8FA8020BAA
310
0461BD0000000000000080148FA8020BAA0461BD000000000000F03F2FA7E4FEFFFF7FBC0B0B0B0B0B110D06636F656467650CFFFFFFFF04FFFFFFFF0CFFFFFFFF0C3A0200000C3B0200000C3C0200000C3D0200000A0C3E01000004000000000CFFFFFFFF110D06636F656467650CFFFFFFFF04FFFFFFFF0CFFFFFFFF0C3E
310
0200000C400100000C3F0200000C400200000A0CF000000004000000000CFFFFFFFF110D06636F656467650CFFFFFFFF04FFFFFFFF0CFFFFFFFF0C400100000C3E0200000C3A0200000C410200000B0CF000000004000000000CFFFFFFFF110D06636F656467650CFFFFFFFF04FFFFFFFF0CFFFFFFFF0C3C0200000C420200
310
000C400100000CB30100000B0C4302000004000000000CFFFFFFFF110D04656467650CFFFFFFFF04FFFFFFFF0CFFFFFFFF0C4402000006055A606F9636FCBF0C45020000063ADEB7BDB234EABF0CB20100000C460200000B0707756E6B6E6F776E110E0D4154545249425F435553544F4D0D066174747269620CFFFFFFFF04
310
FFFFFFFF0CFFFFFFFF0CFFFFFFFF0C410100000711736B657463685F6174747269625F646566040100000004010000000403000000070D31383720302031203020312031110D06636F656467650CFFFFFFFF04FFFFFFFF0CFFFFFFFF0CB50100000CB50100000C410100000CB60100000B0CC301000004000000000CFFFFFF
310
FF110D04656467650C4702000004FFFFFFFF0CFFFFFFFF0C4802000006112D4454FB2109C00C48020000061F2D4454FB2109400CB50100000C490200000B0707756E6B6E6F776E110D046C6F6F700CFFFFFFFF04FFFFFFFF0CFFFFFFFF0C430200000C420100000C3E000000110D067665727465780CFFFFFFFF04FFFFFFFF
310
0CFFFFFFFF0C4301000004000000000C4A020000110E07656C6C697073650D0563757276650CFFFFFFFF04FFFFFFFF0CFFFFFFFF13EE311791C6321940624DB6B76F90E73F00000000000039C01400000000000000800000000000000080000000000000F03F1480C8E2EB8A15C53F10DF653A7467363D0000000000000000
310
06000000000000F03F0B0B110D067665727465780CFFFFFFFF04FFFFFFFF0CFFFFFFFF0C4501000004000000000C4B020000110E07656C6C697073650D0563757276650CFFFFFFFF04FFFFFFFF0CFFFFFFFF13BC989ED5AA341B406D5DF7B56D4FF0BF00000000000039C01400000000000000800000000000000080000000
310
000000F03F14606666666666D2BF2C3333034B8D43BD000000000000000006000000000000F03F0B0B110D06636F656467650CFFFFFFFF04FFFFFFFF0CFFFFFFFF0C470100000C470100000C490100000CC00100000B0CBD01000004000000000CFFFFFFFF110D046C6F6F700CFFFFFFFF04FFFFFFFF0CFFFFFFFF0CFFFFFF
310
FF0C470100000C54000000110E0D4154545249425F435553544F4D0D066174747269620CFFFFFFFF04FFFFFFFF0CFFFFFFFF0CFFFFFFFF0C48010000071667656E657269635F7461675F6174747269625F6465660403000000040300000004FFFFFFFF071767656E657269635F7461675F6174747269625F64656620040100
310
0000040400000007042D31323804000000000401000000044E0100000400000000110E07656C6C697073650D0563757276650CFFFFFFFF04FFFFFFFF0CFFFFFFFF13BC989ED5AA341B406D5DF7B56D4FF0BF3333333333B338C01400000000000000800000000000000080000000000000F0BF14606666666666D2BF2C3333
310
034B8D43BD000000000000000006000000000000F03F0B0B110D04656467650CFFFFFFFF04FFFFFFFF0CFFFFFFFF0C4A01000006845664E57AB0F9BF0C4B01000006F35664E57AB0F93F0C490100000C4C0200000B0707756E6B6E6F776E110D05706F696E740CFFFFFFFF04FFFFFFFF0CFFFFFFFF13B46F4246E83E1B408A
310
10D80D156DE7BF3333333333B338C0110D05706F696E740CFFFFFFFF04FFFFFFFF0CFFFFFFFF13AC6F4246E83E1B4097B202E550E8F4BF3333333333B338C0110D046C6F6F700CFFFFFFFF04FFFFFFFF0CFFFFFFFF0C4D0200000CB50100000C54000000110D05706F696E740CFFFFFFFF04FFFFFFFF0CFFFFFFFF13684D6C
310
3705461040E63463820C50E9BF3333333333B338C0110E0D4154545249425F435553544F4D0D066174747269620CFFFFFFFF04FFFFFFFF0CFFFFFFFF0CFFFFFFFF0C55010000071667656E657269635F7461675F6174747269625F6465660403000000040300000004FFFFFFFF071767656E657269635F7461675F61747472
310
69625F64656620040100000004000000000700040000000004050000000442010000044401000004460100000448010000044B0100000400000000110E0D4154545249425F435553544F4D0D066174747269620C4E02000004FFFFFFFF0CFFFFFFFF0CFFFFFFFF0C56010000071667656E657269635F7461675F6174747269
310
625F6465660403000000040300000004FFFFFFFF071767656E657269635F7461675F6174747269625F64656620040100000004010000000701360400000000040100000004C2FEFFFF0400000000110D04666163650C4F02000004FFFFFFFF0CFFFFFFFF0C500200000C510200000C060000000CFFFFFFFF0C520200000B0B
310
110D046C6F6F700CFFFFFFFF04FFFFFFFF0CFFFFFFFF0CFFFFFFFF0C530200000C56010000110E04636F6E650D07737572666163650CFFFFFFFF04FFFFFFFF0CFFFFFFFF13EC40C803BDA821C0B669F9E0F465F0BFE17A14AE47C138C01400000000000000000000000000000000000000000000F0BF14A49999999999D93F
310
036195DDFFFF2D39000000000000000006000000000000F03F0B0B06000000000000000006000000000000F03F06A49999999999D93F0B0B0B0B0B110D06636F656467650CFFFFFFFF04FFFFFFFF0CFFFFFFFF0C540200000C550200000C560200000C570200000B0C5701000004000000000CFFFFFFFF110D06636F656467
310
650CFFFFFFFF04FFFFFFFF0CFFFFFFFF0C580200000C580200000C590100000CCC0100000B0C5902000004000000000CFFFFFFFF110D04656467650CFFFFFFFF04FFFFFFFF0CFFFFFFFF0CCF01000006045464E57AB0F9BF0CD001000006055464E57AB0F93F0C590100000C5A0200000B0707756E6B6E6F776E110D06636F
310
656467650C5B02000004FFFFFFFF0CFFFFFFFF0C5A0100000C5A0100000C580200000C5C0200000A0CCE01000004000000000CFFFFFFFF110D046C6F6F700CFFFFFFFF04FFFFFFFF0CFFFFFFFF0C5D0200000C5A0100000C5E020000110D067665727465780CFFFFFFFF04FFFFFFFF0CFFFFFFFF0CCC01000004000000000C
310
5F020000110D067665727465780CFFFFFFFF04FFFFFFFF0CFFFFFFFF0C5B01000004010000000C60020000110E08696E7463757276650D0563757276650CFFFFFFFF04FFFFFFFF0CFFFFFFFF0B0F0D0B696E745F696E745F637572043C5A000015000000000D046E756273040300000015000000000409000000065F68666A
310
7B67DC3F0403000000065BBC7DD58A5BE13F040200000006F638150E0ED5E43F040200000006892768BAE44CE83F0402000000061C16BB66BBC4EB3F040200000006327C49E9C63BEF3F04020000000624F1EB356959F13F0402000000063F0D4E639016F33F040200000006CA42CA68DCAAF43F040300000006C490559B2B
310
7B21C006A810D80D156DE7BF063433333333B338C006BF8E5A88356A21C00658C0CEF98676E7BF067B7748F0E0B338C006B498B3CD715821C00688C9C0D5B8B1E7BF068B90202C99B438C006EA0F470AD83521C0063EEDE840F396E8BF06E2A9D37E04B638C006E9D9E7EE482521C0066E53F93C304CE9BF0606C7EE16B5B6
310
38C006271C07EE250B21C006D02D054B60EEEABF06C0D0474ACEB738C006CCC067B1D1FF20C006A89DEBDF11F7EBBF0659DA64B349B838C00664511B3DCAF020C00665CBEFDE553BEEBF064F9E9527EEB838C0062D49742017ED20C006D7BB7D32E976EFBF0688F2C80217B938C0061949742017ED20C006086C64F644E3F0
310
BF0688F2C80217B938C0062697628FC8F020C006CE3EB2DAEC80F1BF06B8A82A3AEEB838C006DA5F34B3C9FF20C006FB991A52DBA2F2BF069E5BA40A4AB838C006783D0F4D190B21C0067267C3592227F3BF0602BF75D3CEB738C00686C39AD5372521C006FC7EA5585EF8F3BF06E0F996CDB5B638C0061ACBF32AC93521C0
310
065CFE73F02153F4BF06FE01191C05B638C00607748D73695821C0066EDE078EF0C5F4BF06C31FD48299B438C006E9D0F85B316A21C0065F548FC596E3F4BF067D33081BE1B338C006C490559B2B7B21C00698B202E550E8F4BF063433333333B338C0065BFD6137D53A273F0D04636F6E6513567CA7534A8021C0765DF7B5
310
6D4FF0BF3433333333B338C01400000000000000000000000000000000000000000000F0BF14606666666666D2BF2C3333034B8D43BD000000000000000006000000000000F03F0B0B06000000000000000006000000000000F03F06606666666666D23F0B0B0B0B0B0D04636F6E651347A503E30C7621C0765DF7B56D4FF0
310
BFD7F4C54C72C738C014903BB6E818523A39DF2A973584155F39000000000000F03F14000000000000CC3F06B12DEDFF6720391F749FCBD50717B906000000000000F03F0B0B06D44F38816FFEE4BF06371CA1B49426E8BF06000000000000CC3F0B0B0B0B0B0D066E756C6C62730D066E756C6C62730B0B04000000000400
310
00000004000000000400000000100B0B110D06636F656467650CFFFFFFFF04FFFFFFFF0CFFFFFFFF0C5C0100000C5C0100000C5E0100000CD60100000B0CD301000004000000000CFFFFFFFF110D046C6F6F700CFFFFFFFF04FFFFFFFF0CFFFFFFFF0C590200000CD20100000C54000000110E07656C6C697073650D056375
310
7276650CFFFFFFFF04FFFFFFFF0CFFFFFFFF1348A503E30C7621C07DDA45852EA90A403333333333B338C01400000000000000000000000000000000000000000000F0BF14676666666666D23FB25D43E7FF8F2539000000000000000006000000000000F03F0B0B110E0D4154545249425F435553544F4D0D066174747269
310
620CFFFFFFFF04FFFFFFFF0CFFFFFFFF0CFFFFFFFF0C5E0100000711736B657463685F6174747269625F646566040100000004010000000403000000070D31323420302030203020312031110D04656467650C6102000004FFFFFFFF0CFFFFFFFF0C6101000006B14D64E57AB0F9BF0C6001000006D35D64E57AB0F93F0CD2
310
0100000C620200000B0707756E6B6E6F776E110D046C6F6F700CFFFFFFFF04FFFFFFFF0CFFFFFFFF0CFFFFFFFF0C630200000CD8010000110D04666163650C6402000004FFFFFFFF0CFFFFFFFF0C540000000C5F0100000C060000000CFFFFFFFF0C650200000A0B110D05706F696E740CFFFFFFFF04FFFFFFFF0CFFFFFFFF
310
13C490559B2B7B21C00E85CB1CA0F50C403433333333B338C0110D05706F696E740CFFFFFFFF04FFFFFFFF0CFFFFFFFF13BC90559B2B7B21C0EA2FC0EDBC5C08403433333333B338C0110E0D4154545249425F435553544F4D0D066174747269620CFFFFFFFF04FFFFFFFF0CFFFFFFFF0CFFFFFFFF0C67010000071667656E
310
657269635F7461675F6174747269625F6465660403000000040300000004FFFFFFFF071767656E657269635F7461675F6174747269625F646566200401000000040400000007042D31323204000000000401000000044E0100000400000000110E07656C6C697073650D0563757276650CFFFFFFFF04FFFFFFFF0CFFFFFFFF
310
13D2989ED5AA341B4080DA45852EA90A403333333333B338C01400000000000000800000000000000080000000000000F0BF14606666666666D2BF2C3333034B8D43BD000000000000000006000000000000F03F0B0B110D06636F656467650CFFFFFFFF04FFFFFFFF0CFFFFFFFF0CDD0100000CDD0100000C660200000C67
310
0200000A0C6801000004000000000CFFFFFFFF110E0D4154545249425F435553544F4D0D066174747269620CFFFFFFFF04FFFFFFFF0CFFFFFFFF0CFFFFFFFF0C69010000071667656E657269635F7461675F6174747269625F6465660403000000040300000004FFFFFFFF071767656E657269635F7461675F617474726962
310
5F64656620040100000004020000000702313504000000000401000000044E0100000400000000110D04666163650C6802000004FFFFFFFF0CFFFFFFFF0C690200000C6A0200000C060000000CFFFFFFFF0C6B0200000A0B110E04636F6E650D07737572666163650CFFFFFFFF04FFFFFFFF0CFFFFFFFF13D2989ED5AA341B
310
4080DA45852EA90A403333333333B338C01400000000000000000000000000000000000000000000F0BF14606666666666D2BF2C3333034B8D43BD000000000000000006000000000000F03F0B0B06000000000000000006000000000000F03F06606666666666D23F0B0B0B0B0B110E0D4154545249425F435553544F4D0D
310
066174747269620CFFFFFFFF04FFFFFFFF0CFFFFFFFF0CFFFFFFFF0C6D010000071667656E657269635F7461675F6174747269625F6465660403000000040300000004FFFFFFFF071767656E657269635F7461675F6174747269625F6465662004010000000400000000070004000000000405000000044201000004440100
310
0004460100000448010000044B0100000400000000110E0D4154545249425F435553544F4D0D066174747269620C6C02000004FFFFFFFF0CFFFFFFFF0CFFFFFFFF0C6E010000071667656E657269635F7461675F6174747269625F6465660403000000040300000004FFFFFFFF071767656E657269635F7461675F61747472
310
69625F6465662004010000000402000000070236370400000000040100000004C2FEFFFF0400000000110D04666163650C6D02000004FFFFFFFF0CFFFFFFFF0C6E0200000C6F0200000C060000000CFFFFFFFF0C700200000B0B110D046C6F6F700CFFFFFFFF04FFFFFFFF0CFFFFFFFF0CFFFFFFFF0C710200000C6E010000
310
110E04636F6E650D07737572666163650CFFFFFFFF04FFFFFFFF0CFFFFFFFF131C116F6B7C371B40A5E0C61A72B40A405E18CA9FF80E39C0149A5C7DEAFFBF4239000000000000F0BF0000000000000000149C9B369B7FEBE63F60C3136BF9DB3A391DBB30943FF1AD3F06000000000000F03F0B0B06000000000000000006
310
000000000000F03F06ED42193206FFE63F0B0B0B0B0B110D06636F656467650CFFFFFFFF04FFFFFFFF0CFFFFFFFF0C720200000C730200000C740200000C750200000B0C6F01000004000000000CFFFFFFFF110D06636F656467650CFFFFFFFF04FFFFFFFF0CFFFFFFFF0C760200000C710100000CF50100000C770200000A
310
0C1701000004000000000CFFFFFFFF110D06636F656467650CFFFFFFFF04FFFFFFFF0CFFFFFFFF0C710100000C760200000CF80100000C780200000B0C1701000004000000000CFFFFFFFF110D04656467650CFFFFFFFF04FFFFFFFF0CFFFFFFFF0CF90100000600000000000000000CF601000006000000000000F03F0C76
310
0100000C790200000B070E74616E67656E745F6E6F745F6732110D06636F656467650CFFFFFFFF04FFFFFFFF0CFFFFFFFF0C730100000C720100000C7A0200000C7B0200000A0CDC00000004000000000CFFFFFFFF110D06636F656467650CFFFFFFFF04FFFFFFFF0CFFFFFFFF0C7C0200000C7D0200000C720100000CEC01
310
00000A0C7E02000004000000000CFFFFFFFF110D04656467650CFFFFFFFF04FFFFFFFF0CFFFFFFFF0CF201000006D5CE0797ED42E0BF0C7F0200000631895EA61B2058BF0CEB0100000C800200000B070E74616E67656E745F6E6F745F6732110D06636F656467650CFFFFFFFF04FFFFFFFF0CFFFFFFFF0C810200000C7102
310
00000C730100000CEE0100000B0CE401000004000000000CFFFFFFFF110D04656467650CFFFFFFFF04FFFFFFFF0CFFFFFFFF0CF301000006E3CE0797ED42E0BF0C8202000006760F20A61B2058BF0C730100000C830200000B070E74616E67656E745F6E6F745F6732110D06636F656467650CFFFFFFFF04FFFFFFFF0CFFFF
310
FFFF0C840200000C740100000C850200000C860200000A0CF101000004000000000CFFFFFFFF110D06636F656467650CFFFFFFFF04FFFFFFFF0CFFFFFFFF0C740100000C840200000C870200000C880200000A0CF101000004000000000CFFFFFFFF110D046C6F6F700CFFFFFFFF04FFFFFFFF0CFFFFFFFF0CFFFFFFFF0CF0
310
0100000C89020000110D067665727465780CFFFFFFFF04FFFFFFFF0CFFFFFFFF0C8802000004000000000C8A020000110D067665727465780CFFFFFFFF04FFFFFFFF0CFFFFFFFF0C8602000004010000000C8B020000110E07656C6C697073650D0563757276650CFFFFFFFF04FFFFFFFF0CFFFFFFFF132C7E6FF885AE1B40
310
AE69F9E0F465F0BF58C4B247ACA838C01400000000000000000000000000000000000000000000F03F14FC5C49A2ECC4D53F285D49A2ECC4D5BF000000000000000006000000000000F03F0A063B2D4454FB21E9BF0A061B2D4454FB21E93F110D06636F656467650CFFFFFFFF04FFFFFFFF0CFFFFFFFF0C770100000C8C02
310
00000CE70100000C770200000B0C7F01000004000000000CFFFFFFFF110D067665727465780CFFFFFFFF04FFFFFFFF0CFFFFFFFF0C7702000004010000000C8D020000110E0873747261696768740D0563757276650CFFFFFFFF04FFFFFFFF0CFFFFFFFF13287E6FF885AE1B4016D05F475BCCF6BF00000000000039C014FF
310
FFFFFFFF7F2FC02767D3EAFF7482B900000000000000000A0600000000000000000A06000000000000F03F110D06636F656467650CFFFFFFFF04FFFFFFFF0CFFFFFFFF0C8E0200000C790100000CE80100000C780200000A0C8201000004000000000CFFFFFFFF110D067665727465780CFFFFFFFF04FFFFFFFF0CFFFFFFFF
310
0C7A01000004000000000C8F020000110E0873747261696768740D0563757276650CFFFFFFFF04FFFFFFFF0CFFFFFFFF13287E6FF885AE1B4016D05F475BCCF6BFCDCCCCCCCCCC39C014FFFFFFFFFF7F2FC02767D3EAFF7482B900000000000000000A0600000000000000000A06000000000000F03F110D05706F696E740C
310
FFFFFFFF04FFFFFFFF0CFFFFFFFF13EC40C803BDA821C01ED05F475BCCF6BFCDCCCCCCCCCC39C0110D05706F696E740CFFFFFFFF04FFFFFFFF0CFFFFFFFF13EC40C803BDA821C01ED05F475BCCF6BF00000000000039C0110D06636F656467650CFFFFFFFF04FFFFFFFF0CFFFFFFFF0C900200000C7E0100000C910200000C
310
920200000B0C7F01000004000000000CFFFFFFFF110D046C6F6F700CFFFFFFFF04FFFFFFFF0CFFFFFFFF0C930200000C940200000C3E000000110D06636F656467650CFFFFFFFF04FFFFFFFF0CFFFFFFFF0C810100000C950200000C960200000C970200000A0C8201000004000000000CFFFFFFFF110D04666163650C9802
310
000004FFFFFFFF0CFFFFFFFF0C990200000C290200000C060000000CFFFFFFFF0C9A0200000B0B110D06636F656467650CFFFFFFFF04FFFFFFFF0CFFFFFFFF0C960200000C910200000C840100000C020200000A0C9B02000004000000000CFFFFFFFF110D04656467650CFFFFFFFF04FFFFFFFF0CFFFFFFFF0C0302000006
310
00000000000000000C0502000006000000000000F03F0C010200000C9C0200000B070E74616E67656E745F6E6F745F6732110D067665727465780CFFFFFFFF04FFFFFFFF0CFFFFFFFF0C8501000004010000000C9D020000110E0873747261696768740D0563757276650CFFFFFFFF04FFFFFFFF0CFFFFFFFF13B80D95D089
310
7522C0AE69F9E0F465F0BFCDCCCCCCCCCC39C014F93B2382997364B9C0CAA145B673114000000000000000000A0600000000000000000A06000000000000F03F110D067665727465780CFFFFFFFF04FFFFFFFF0CFFFFFFFF0C9202000004000000000C9E020000110E0873747261696768740D0563757276650CFFFFFFFF04
310
FFFFFFFF0CFFFFFFFF13B80D95D0897522C0AE69F9E0F465F0BF00000000000039C014F93B2382997364B9C0CAA145B673114000000000000000000A0600000000000000000A06000000000000F03F110E0D4154545249425F435553544F4D0D066174747269620C9F02000004FFFFFFFF0CFFFFFFFF0CFFFFFFFF0C870100
310
00071667656E657269635F7461675F6174747269625F6465660403000000040300000004FFFFFFFF071767656E657269635F7461675F6174747269625F6465662004010000000402000000070237370400000000040100000004C2FEFFFF0400000000110E05706C616E650D07737572666163650CFFFFFFFF04FFFFFFFF0C
310
FFFFFFFF13B80D95D0897522C0AE69F9E0F465F0BFCDCCCCCCCCCC39C014000000000000F03F9A5C7DEAFFBF4239000000000000000014000000000000000000000000000000009A9999999999B9BF0B0B0B0B0B110D06636F656467650CFFFFFFFF04FFFFFFFF0CFFFFFFFF0C8B0100000C8A0100000CA00200000CA10200
310
000B0C8C01000004000000000CFFFFFFFF110D06636F656467650CFFFFFFFF04FFFFFFFF0CFFFFFFFF0C910100000CA20200000C8A0100000C940100000B0C1302000004000000000CFFFFFFFF110D06636F656467650CFFFFFFFF04FFFFFFFF0CFFFFFFFF0CA30200000C970100000C8B0100000C9C0100000A0C1D020000
310
04000000000CFFFFFFFF110D04666163650CA402000004FFFFFFFF0CFFFFFFFF0CA50200000C8C0100000C060000000CFFFFFFFF0CA60200000B0B110D06636F656467650CFFFFFFFF04FFFFFFFF0CFFFFFFFF0CA70200000CA80200000C8E0100000C0E0200000B0CA902000004000000000CFFFFFFFF110D04656467650C
310
FFFFFFFF04FFFFFFFF0CFFFFFFFF0C1402000006B090504639E7D4BF0C10020000067D8A6B695E1C77BF0C0D0200000CAA0200000B070E74616E67656E745F6E6F745F6732110D06636F656467650CFFFFFFFF04FFFFFFFF0CFFFFFFFF0C8F0100000CA40100000CAB0200000CAC0200000B0CA501000004000000000CFFFF
310
FFFF110D067665727465780CFFFFFFFF04FFFFFFFF0CFFFFFFFF0CAC02000004010000000CAD020000110E0873747261696768740D0563757276650CFFFFFFFF04FFFFFFFF0CFFFFFFFF132C7E6FF885AE1B404E7BEAD2C0ACF7BF2740B12A67C939C0140200000000802FC02867D3EAFF7482B900000000000000000A060F
310
0441100441A03C0A06000000000000F03F110D06636F656467650CFFFFFFFF04FFFFFFFF0CFFFFFFFF0CA20200000C910100000CAE0200000CAF0200000B0C1302000004000000000CFFFFFFFF110D046C6F6F700CFFFFFFFF04FFFFFFFF0CFFFFFFFF0CFFFFFFFF0C120200000CB0020000110D067665727465780CFFFFFF
310
FF04FFFFFFFF0CFFFFFFFF0CAF02000004000000000CB1020000110E0873747261696768740D0563757276650CFFFFFFFF04FFFFFFFF0CFFFFFFFF13EC40C803BDA821C08E5EFB4476FFF9BF8C3BC0A2440039C0140200000000802F402867D3EAFF74823900000000000000000A0617866118866188BC0A06FFFFFFFFFFFF
310
EF3F110E0D4154545249425F435553544F4D0D066174747269620CB202000004FFFFFFFF0CFFFFFFFF0CFFFFFFFF0C93010000071667656E657269635F7461675F6174747269625F6465660403000000040300000004FFFFFFFF071767656E657269635F7461675F6174747269625F64656620040100000004020000000702
310
35350400000000040100000004C2FEFFFF0400000000110E04636F6E650D07737572666163650CFFFFFFFF04FFFFFFFF0CFFFFFFFF13287E6FF885AE1B402480E69C01FCEB3F36ED245207F238C014000000000000F0BF4A893B17C7719CBC000000000000000014467EFEB6F5B4B03C7BEE4F7194CB02C0CFF2FB54AF58EB
310
BF06000000000000F03F0B0B06000000000000000006000000000000F03F06FEFFFFFFFFFF03400B0B0B0B0B110D067665727465780CFFFFFFFF04FFFFFFFF0CFFFFFFFF0CB302000004010000000CB4020000110E07656C6C697073650D0563757276650CFFFFFFFF04FFFFFFFF0CFFFFFFFF13EC40C803BDA821C0AEC3DB
310
F08FADF9BFE1632579270039C014000000000000F03FF1DB5A742ADBFCBC59830BCC1FB54DBD147E9173130000B03CFC355457DB6894BFDD168CDEA3255B3F06000000000000F03F0A067800000000F9B53C0A0675BBA5F5E1EDBA3F110D06636F656467650CFFFFFFFF04FFFFFFFF0CFFFFFFFF0CB50200000CB60200000C
310
960100000C1B0200000A0CB702000004000000000CFFFFFFFF110D04656467650CFFFFFFFF04FFFFFFFF0CFFFFFFFF0C1E020000060691504639E7D4BF0C21020000067D8A6B695E1C77BF0C1A0200000CB80200000B070E74616E67656E745F6E6F745F6732110D06636F656467650CFFFFFFFF04FFFFFFFF0CFFFFFFFF0C
310
970100000CA30200000CB90200000CBA0200000B0C1D02000004000000000CFFFFFFFF110D046C6F6F700CFFFFFFFF04FFFFFFFF0CFFFFFFFF0CFFFFFFFF0C0B0200000CBB020000110D067665727465780CFFFFFFFF04FFFFFFFF0CFFFFFFFF0C1B02000004000000000CBC020000110E0873747261696768740D05637572
310
76650CFFFFFFFF04FFFFFFFF0CFFFFFFFF13877F4830EDDB22C0A9E0C61A72B40A40893BC0A2440039C014F93B238299736439C0CAA145B67311C000000000000000000A0600000000000000000A06010000000000F03F110D06636F656467650CFFFFFFFF04FFFFFFFF0CFFFFFFFF0CA00100000C990100000CBD0200000C
310
BE0200000A0CA101000004000000000CFFFFFFFF110D067665727465780CFFFFFFFF04FFFFFFFF0CFFFFFFFF0CBE02000004010000000CBF020000110E0873747261696768740D0563757276650CFFFFFFFF04FFFFFFFF0CFFFFFFFF1320630682969122C0AE69F9E0F465F0BF2740B12A67C939C014F93B2382997364B9C0
310
CAA145B673114000000000000000000A0600000000000000000A06000000000000F03F110E0D4154545249425F435553544F4D0D066174747269620CC002000004FFFFFFFF0CFFFFFFFF0CFFFFFFFF0C9B010000071667656E657269635F7461675F6174747269625F6465660403000000040300000004FFFFFFFF07176765
310
6E657269635F7461675F6174747269625F6465662004010000000402000000070237360400000000040100000004C2FEFFFF0400000000110E04636F6E650D07737572666163650CFFFFFFFF04FFFFFFFF0CFFFFFFFF136657B59B7CB81BC0AE69F9E0F465F0BF36ED245207F238C0147381AE77D200B6BC000000000000F0
310
3F0000000000000000147BEE4F7194CB02C02C556158E3D8C9BCCFF2FB54AF58EBBF06000000000000F03F0B0B06000000000000000006000000000000F03F06FEFFFFFFFFFF03400B0B0B0B0B110D067665727465780CFFFFFFFF04FFFFFFFF0CFFFFFFFF0CC102000004000000000CC2020000110E07656C6C697073650D
310
0563757276650CFFFFFFFF04FFFFFFFF0CFFFFFFFF13258CC465B0D122C0AE69F9E0F465F0BF69642579270039C0144371B06DBFB9033D000000000000F0BF7DBED1D4F7A83D3D140C705457DB6894BF5B8C85F71D4D56BB956B8BDEA3255B3F06000000000000F03F0A062E97FFFFBFEBC2BC0A062B30A5F5E1EDBA3F110D
310
06636F656467650CFFFFFFFF04FFFFFFFF0CFFFFFFFF0CC30200000C9E0100000CA00100000C2B0200000A0C2902000004000000000CFFFFFFFF110D06636F656467650CFFFFFFFF04FFFFFFFF0CFFFFFFFF0C9E0100000CC40200000CA40100000C2E0200000A0C2902000004000000000CFFFFFFFF110D046C6F6F700CFF
310
FFFFFF04FFFFFFFF0CFFFFFFFF0C820100000CC30200000C00020000110E07656C6C697073650D0563757276650CFFFFFFFF04FFFFFFFF0CFFFFFFFF13EC40C803BDA821C0B669F9E0F465F0BFCDCCCCCCCCCC39C01400000000000000000000000000000000000000000000F03F14A509FF0B98BAD3BF9D09FF0B98BAD3BF
310
000000000000000006000000000000F03F0A06242D4454FB21E9BF0A06122D4454FB21E93F110D04656467650CFFFFFFFF04FFFFFFFF0CFFFFFFFF0CC50200000600000000000000000CA201000006000000000000F03F0CA00100000CC60200000B070E74616E67656E745F6E6F745F6732110D04666163650CC702000004
310
FFFFFFFF0CFFFFFFFF0CC80200000CA10100000C060000000CFFFFFFFF0CC90200000B0B110D05706F696E740CFFFFFFFF04FFFFFFFF0CFFFFFFFF131DF557F6F18722C0AE69F9E0F465F0BFCDCCCCCCCCCC39C0110D04656467650CFFFFFFFF04FFFFFFFF0CFFFFFFFF0CA60100000617866118866188BC0CCA02000006FF
310
FFFFFFFFFFEF3F0CA40100000CCB0200000B070E74616E67656E745F6E6F745F6732110D04666163650CCC02000004FFFFFFFF0CFFFFFFFF0CCD0200000CA50100000C060000000CFFFFFFFF0CCE0200000B0B110D05706F696E740CFFFFFFFF04FFFFFFFF0CFFFFFFFF13EC40C803BDA821C03E0B77759C5FF7BFCDCCCCCC
310
CCCC39C0110E0D4154545249425F435553544F4D0D066174747269620CFFFFFFFF04FFFFFFFF0CFFFFFFFF0CFFFFFFFF0CA8010000071667656E657269635F7461675F6174747269625F6465660403000000040300000004FFFFFFFF071767656E657269635F7461675F6174747269625F6465662004010000000400000000
310
0700040000000004050000000442010000044401000004460100000448010000044B0100000400000000110E0D4154545249425F435553544F4D0D066174747269620CCF02000004FFFFFFFF0CFFFFFFFF0CFFFFFFFF0CA9010000071667656E657269635F7461675F6174747269625F6465660403000000040300000004FF
310
FFFFFF071767656E657269635F7461675F6174747269625F6465662004010000000402000000070232340400000000040100000004C2FEFFFF0400000000110D046C6F6F700CFFFFFFFF04FFFFFFFF0CFFFFFFFF0CFFFFFFFF0CD00200000CA9010000110E05746F7275730D07737572666163650CFFFFFFFF04FFFFFFFF0C
310
FFFFFFFF132C7E6FF885AE1B40A9E0C61A72B40A4048E17A14AEC739C01400000000000000000000000000000000000000000000F0BF062486F6519EE6DB3F067C14AE47E17A943F14000000000000F0BF9A5C7DEAFFBF42B900000000000000000B0B0B0B0B110E0D4154545249425F435553544F4D0D066174747269620C
310
FFFFFFFF04FFFFFFFF0CFFFFFFFF0CFFFFFFFF0CAC010000071667656E657269635F7461675F6174747269625F6465660403000000040300000004FFFFFFFF071767656E657269635F7461675F6174747269625F64656620040100000004020000000702393504000000000401000000044E0100000400000000110D046661
310
63650CD102000004FFFFFFFF0CFFFFFFFF0CD20200000CD30200000C060000000CFFFFFFFF0CD40200000A0B110D046C6F6F700CFFFFFFFF04FFFFFFFF0CFFFFFFFF0CFFFFFFFF0CD50200000CAC010000110E05706C616E650D07737572666163650CFFFFFFFF04FFFFFFFF0CFFFFFFFF13609078F1FDE1114042D8A3CEE8
310
2FE83F3333333333B338C014000000C06D00613D000000000000F0BF000000000000000014000000000000F0BF000000C06D0061BD774D6BFFFF2FB2BC0B0B0B0B0B110D06636F656467650CFFFFFFFF04FFFFFFFF0CFFFFFFFF0CD60200000CD70200000CD80200000CD90200000A0CAD01000004000000000CFFFFFFFF11
310
0D06636F656467650CFFFFFFFF04FFFFFFFF0CFFFFFFFF0CDA0200000CAF0100000CB10100000C410200000A0C3E01000004000000000CFFFFFFFF110D06636F656467650CFFFFFFFF04FFFFFFFF0CFFFFFFFF0CAF0100000CDA0200000CD60200000CDB0200000B0C3E01000004000000000CFFFFFFFF110D06636F656467
310
650CFFFFFFFF04FFFFFFFF0CFFFFFFFF0CD80200000CB20100000CAF0100000C3D0200000B0C4302000004000000000CFFFFFFFF110D04656467650CFFFFFFFF04FFFFFFFF0CFFFFFFFF0C45020000067233F333E6311CC00CDC0200000615A6E2915E4E1AC00C3C0200000CDD0200000B0707756E6B6E6F776E110D06636F
310
656467650CDE02000004FFFFFFFF0CFFFFFFFF0CB10100000CB00100000CDF0200000CE00200000A0CF000000004000000000CFFFFFFFF110D06636F656467650CFFFFFFFF04FFFFFFFF0CFFFFFFFF0CD50200000CE10200000CB00100000C400200000B0C3702000004000000000CFFFFFFFF110D04656467650CFFFFFFFF
310
04FFFFFFFF0CFFFFFFFF0CE20200000600000000000000000C4402000006403333333333D33F0CB00100000CE30200000B0707756E6B6E6F776E110D04656467650CFFFFFFFF04FFFFFFFF0CFFFFFFFF0CE40200000600000000000000000C4502000006403333333333D33F0C3A0200000CE50200000B0707756E6B6E6F77
310
6E110D06636F656467650CFFFFFFFF04FFFFFFFF0CFFFFFFFF0CB20100000CD80200000CD50200000CE60200000B0C4302000004000000000CFFFFFFFF110D046C6F6F700CFFFFFFFF04FFFFFFFF0CFFFFFFFF0CE70200000CD80200000C3E000000110D067665727465780CFFFFFFFF04FFFFFFFF0CFFFFFFFF0CE6020000
310
04010000000CE8020000110D067665727465780CFFFFFFFF04FFFFFFFF0CFFFFFFFF0CB301000004010000000CE9020000110E0873747261696768740D0563757276650CFFFFFFFF04FFFFFFFF0CFFFFFFFF13A08C78F1FDE111401323596B4527044000000000000039C0148FA8020BAA0461BD000000000000F03F000000
310
00000000000B0B110E0D4154545249425F435553544F4D0D066174747269620CFFFFFFFF04FFFFFFFF0CFFFFFFFF0CFFFFFFFF0CB6010000071667656E657269635F7461675F6174747269625F6465660403000000040300000004FFFFFFFF071767656E657269635F7461675F6174747269625F6465662004010000000404
310
00000007042D31383704000000000401000000044E0100000400000000110D067665727465780CFFFFFFFF04FFFFFFFF0CFFFFFFFF0CB601000004000000000CEA020000110E07656C6C697073650D0563757276650CFFFFFFFF04FFFFFFFF0CFFFFFFFF13EE311791C6321940624DB6B76F90E73F3333333333B338C01400
310
000000000000800000000000000080000000000000F0BF1480C8E2EB8A15C53F10DF653A7467363D000000000000000006000000000000F03F0B0B110D05706F696E740CFFFFFFFF04FFFFFFFF0CFFFFFFFF13AA1BB8391A8A1840954AB6B76F90E73F00000000000039C0110D05706F696E740CFFFFFFFF04FFFFFFFF0CFF
310
FFFFFF1322FF043C115B1C40FB5AF7B56D4FF0BF00000000000039C0110E07656C6C697073650D0563757276650CFFFFFFFF04FFFFFFFF0CFFFFFFFF13DC46E6B625491B406E5DF7B56D4FF0BF3333333333B338C01400000000000000000000000000000000000000000000F0BF14676666666666D23FB25D43E7FF8F2539
310
000000000000000006000000000000F03F0B0B110D046C6F6F700CFFFFFFFF04FFFFFFFF0CFFFFFFFF0CEB0200000CEC0200000C54000000110E0D4154545249425F435553544F4D0D066174747269620CFFFFFFFF04FFFFFFFF0CFFFFFFFF0CFFFFFFFF0CC6010000071667656E657269635F7461675F6174747269625F64
310
65660403000000040300000004FFFFFFFF071767656E657269635F7461675F6174747269625F64656620040100000004000000000700040000000004050000000442010000044401000004460100000448010000044B0100000400000000110E0D4154545249425F435553544F4D0D066174747269620CED02000004FFFFFF
310
FF0CFFFFFFFF0CFFFFFFFF0CC7010000071667656E657269635F7461675F6174747269625F6465660403000000040300000004FFFFFFFF071767656E657269635F7461675F6174747269625F64656620040100000004010000000701370400000000040100000004C2FEFFFF0400000000110D04666163650CEE02000004FF
310
FFFFFF0CFFFFFFFF0CEF0200000CF00200000C060000000CFFFFFFFF0CF10200000A0B110D046C6F6F700CFFFFFFFF04FFFFFFFF0CFFFFFFFF0CFFFFFFFF0CF20200000CC7010000110E05706C616E650D07737572666163650CFFFFFFFF04FFFFFFFF0CFFFFFFFF13B80D95D0897522C0AE69F9E0F465F0BF5C8FC2F528DC
310
38C014000000000000F03F9A5C7DEAFFBF4239000000000000000014000000000000000000000000000000009A9999999999B9BF0B0B0B0B0B110D06636F656467650CFFFFFFFF04FFFFFFFF0CFFFFFFFF0CF30200000CF40200000CF50200000CF60200000B0CC801000004000000000CFFFFFFFF110D06636F656467650C
310
FFFFFFFF04FFFFFFFF0CFFFFFFFF0CF70200000CCA0100000CF40200000CF80200000B0C5701000004000000000CFFFFFFFF110D06636F656467650CFFFFFFFF04FFFFFFFF0CFFFFFFFF0CCA0100000CF70200000CF90200000CFA0200000A0C5701000004000000000CFFFFFFFF110D06636F656467650CFFFFFFFF04FFFF
310
FFFF0CFFFFFFFF0CFB0200000CF50200000CCA0100000C570200000A0CFC02000004000000000CFFFFFFFF110D04656467650CFFFFFFFF04FFFFFFFF0CFFFFFFFF0CFD0200000600000000000000000CFE02000006FFFFFFFFFFFFEF3F0C560200000CFF0200000B0707756E6B6E6F776E110D06636F656467650CFFFFFFFF
310
04FFFFFFFF0CFFFFFFFF0CCB0100000CCB0100000CCD0100000C5C0200000B0C5902000004000000000CFFFFFFFF110D046C6F6F700CFFFFFFFF04FFFFFFFF0CFFFFFFFF0CBD0100000C580200000C54000000110E07656C6C697073650D0563757276650CFFFFFFFF04FFFFFFFF0CFFFFFFFF1347A503E30C7621C0765DF7
310
B56D4FF0BF3333333333B338C01400000000000000000000000000000000000000000000F0BF14676666666666D23FB25D43E7FF8F2539000000000000000006000000000000F03F0B0B110E0D4154545249425F435553544F4D0D066174747269620CFFFFFFFF04FFFFFFFF0CFFFFFFFF0CFFFFFFFF0CCD0100000711736B
310
657463685F6174747269625F646566040100000004010000000403000000070D31323620302030203020312031110D04656467650C0003000004FFFFFFFF0CFFFFFFFF0CD001000006CD4D64E57AB0F9BF0CCF01000006CD5E64E57AB0F93F0C580200000C010300000B0707756E6B6E6F776E110D046C6F6F700CFFFFFFFF
310
04FFFFFFFF0CFFFFFFFF0CFFFFFFFF0C020300000C5E020000110D04666163650C0303000004FFFFFFFF0CFFFFFFFF0C040300000CCE0100000C060000000CFFFFFFFF0C050300000A0B110D05706F696E740CFFFFFFFF04FFFFFFFF0CFFFFFFFF13C490559B2B7B21C0A810D80D156DE7BF3433333333B338C0110D05706F
310
696E740CFFFFFFFF04FFFFFFFF0CFFFFFFFF13C490559B2B7B21C098B202E550E8F4BF3433333333B338C0110E0D4154545249425F435553544F4D0D066174747269620CFFFFFFFF04FFFFFFFF0CFFFFFFFF0CFFFFFFFF0CD6010000071667656E657269635F7461675F6174747269625F6465660403000000040300000004
310
FFFFFFFF071767656E657269635F7461675F6174747269625F646566200401000000040400000007042D31323404000000000401000000044E0100000400000000110E07656C6C697073650D0563757276650CFFFFFFFF04FFFFFFFF0CFFFFFFFF134D7CA7534A8021C07CDA45852EA90A403333333333B338C01400000000
310
000000800000000000000080000000000000F0BF14606666666666D2BF2C3333034B8D43BD000000000000000006000000000000F03F0B0B110D06636F656467650CFFFFFFFF04FFFFFFFF0CFFFFFFFF0C630200000C630200000C060300000C070300000A0CD701000004000000000CFFFFFFFF110E0D4154545249425F43
310
5553544F4D0D066174747269620CFFFFFFFF04FFFFFFFF0CFFFFFFFF0CFFFFFFFF0CD8010000071667656E657269635F7461675F6174747269625F6465660403000000040300000004FFFFFFFF071767656E657269635F7461675F6174747269625F6465662004010000000403000000070331323004000000000401000000
310
044E0100000400000000110E04636F6E650D07737572666163650CFFFFFFFF04FFFFFFFF0CFFFFFFFF134D7CA7534A8021C07CDA45852EA90A403433333333B338C01400000000000000000000000000000000000000000000F0BF14606666666666D2BF2C3333034B8D43BD000000000000000006000000000000F03F0B0B
310
06000000000000000006000000000000F03F06606666666666D23F0B0B0B0B0B110D06636F656467650CFFFFFFFF04FFFFFFFF0CFFFFFFFF0C660200000C660200000CDD0100000C670200000B0C0803000004000000000CFFFFFFFF110D04656467650CFFFFFFFF04FFFFFFFF0CFFFFFFFF0C0903000006182D4454FB2109
310
C00C0903000006182D4454FB2109400C660200000C0A0300000B0707756E6B6E6F776E110E0D4154545249425F435553544F4D0D066174747269620CFFFFFFFF04FFFFFFFF0CFFFFFFFF0CFFFFFFFF0CDF010000071667656E657269635F7461675F6174747269625F6465660403000000040300000004FFFFFFFF07176765
310
6E657269635F7461675F6174747269625F64656620040100000004020000000702313304000000000401000000044E0100000400000000110D04666163650C0B03000004FFFFFFFF0CFFFFFFFF0C0C0300000C0D0300000C060000000CFFFFFFFF0C0E0300000A0B110D046C6F6F700CFFFFFFFF04FFFFFFFF0CFFFFFFFF0C
310
0F0300000C100300000CDF010000110E04636F6E650D07737572666163650CFFFFFFFF04FFFFFFFF0CFFFFFFFF136E4DB5EEE690E93F14460BDE700AD2BF3333333333B338C014000000000000B03C0000000000000000000000000000F0BF1490C8E2EB8A15C53F21DF653A7467363D90C8E2EB8A15853C06000000000000
310
F03F0B0B06000000000000000006000000000000F03F0690C8E2EB8A15C53F0B0B0B0B0B110E0D4154545249425F435553544F4D0D066174747269620CFFFFFFFF04FFFFFFFF0CFFFFFFFF0CFFFFFFFF0CE2010000071667656E657269635F7461675F6174747269625F6465660403000000040300000004FFFFFFFF071767
310
656E657269635F7461675F6174747269625F64656620040100000004000000000700040000000004050000000442010000044401000004460100000448010000044B0100000400000000110E0D4154545249425F435553544F4D0D066174747269620C1103000004FFFFFFFF0CFFFFFFFF0CFFFFFFFF0CE301000007166765
310
6E657269635F7461675F6174747269625F6465660403000000040300000004FFFFFFFF071767656E657269635F7461675F6174747269625F6465662004010000000402000000070236380400000000040100000004C2FEFFFF0400000000110D04666163650C1203000004FFFFFFFF0CFFFFFFFF0C130300000C140300000C
310
060000000CFFFFFFFF0C150300000A0B110D046C6F6F700CFFFFFFFF04FFFFFFFF0CFFFFFFFF0CFFFFFFFF0C160300000CE3010000110E05706C616E650D07737572666163650CFFFFFFFF04FFFFFFFF0CFFFFFFFF13C41709921F481D40A5E0C61A72B40A40CDCCCCCCCCCC39C014000000000000F0BF9A5C7DEAFFBF42B9
310
000000000000000014000000000000000000000000000000009A9999999999B93F0B0B0B0B0B110D06636F656467650CFFFFFFFF04FFFFFFFF0CFFFFFFFF0CED0100000C170300000C180300000C190300000A0CE401000004000000000CFFFFFFFF110D06636F656467650CFFFFFFFF04FFFFFFFF0CFFFFFFFF0C1A030000
310
0CE60100000C1B0300000C1C0300000B0C6F01000004000000000CFFFFFFFF110D06636F656467650CFFFFFFFF04FFFFFFFF0CFFFFFFFF0CE60100000C1A0300000C1D0300000C1E0300000A0C6F01000004000000000CFFFFFFFF110D06636F656467650CFFFFFFFF04FFFFFFFF0CFFFFFFFF0C1F0300000CFB0200000CE6
310
0100000C750200000A0CFC02000004000000000CFFFFFFFF110D04656467650CFFFFFFFF04FFFFFFFF0CFFFFFFFF0C200300000600000000000000000C2103000006000000000000F03F0C740200000C220300000B0707756E6B6E6F776E110D06636F656467650CFFFFFFFF04FFFFFFFF0CFFFFFFFF0CE80100000CE70100
310
000C160300000C230300000A0C1701000004000000000CFFFFFFFF110D04656467650CFFFFFFFF04FFFFFFFF0CFFFFFFFF0C24030000062A2D4454FB21F93F0CF6010000062C2D4454FB2109400CF50100000C250300000B0707756E6B6E6F776E110D04656467650CFFFFFFFF04FFFFFFFF0CFFFFFFFF0C26030000062A2D
310
4454FB21F93F0CF9010000062C2D4454FB2109400CF80100000C270300000B0707756E6B6E6F776E110E0873747261696768740D0563757276650CFFFFFFFF04FFFFFFFF0CFFFFFFFF13287E6FF885AE1B4016D05F475BCCF6BFCDCCCCCCCCCC39C014000000000000000000000000000000009A9999999999E93F0A060000
310
0000000000000A06000000000000F03F110D06636F656467650CFFFFFFFF04FFFFFFFF0CFFFFFFFF0CAE0200000C280300000CEA0100000C7B0200000B0C2903000004000000000CFFFFFFFF110D04656467650CFFFFFFFF04FFFFFFFF0CFFFFFFFF0C8202000006282D4454FB21E9BF0C7F02000006F92C4454FB21E93F0C
310
7A0200000C2A0300000B070E74616E67656E745F6E6F745F6732110D06636F656467650CFFFFFFFF04FFFFFFFF0CFFFFFFFF0C2B0300000CEB0100000C2C0300000C2D0300000A0C7E02000004000000000CFFFFFFFF110D06636F656467650CFFFFFFFF04FFFFFFFF0CFFFFFFFF0CEB0100000C2B0300000CA20200000C2E
310
0300000A0C7E02000004000000000CFFFFFFFF110D046C6F6F700CFFFFFFFF04FFFFFFFF0CFFFFFFFF0CFFFFFFFF0C7C0200000C2F030000110D067665727465780CFFFFFFFF04FFFFFFFF0CFFFFFFFF0C2E03000004000000000C30030000110E07656C6C697073650D0563757276650CFFFFFFFF04FFFFFFFF0CFFFFFFFF
310
13287E6FF885AE1B40EC6AEF599D13EDBF5E18CA9FF80E39C014000000000000F03F5B6846E48E9FBE3CBD6088B6C30084BC144410D0197F14B63C9C9B369B7FEBE6BF1DBB30943FF1AD3F06000000000000F03F0A06D5CE0797ED42E0BF0A0631895EA61B2058BF110D06636F656467650CFFFFFFFF04FFFFFFFF0CFFFFFF
310
FF0C170300000CED0100000C310300000C320300000A0CE401000004000000000CFFFFFFFF110D067665727465780CFFFFFFFF04FFFFFFFF0CFFFFFFFF0C3303000004010000000C34030000110E07656C6C697073650D0563757276650CFFFFFFFF04FFFFFFFF0CFFFFFFFF131C116F6B7C371B40AE69F9E0F465F0BF5E18
310
CA9FF80E39C0145B6846E48E9FBEBC000000000000F03FBD6088B6C30084BC149C9B369B7FEBE63F4410D0197F14B63C1DBB30943FF1AD3F06000000000000F03F0A06E3CE0797ED42E0BF0A06760F20A61B2058BF110D06636F656467650CFFFFFFFF04FFFFFFFF0CFFFFFFFF0CF00100000CEF0100000C350300000C3603
310
00000B0CF101000004000000000CFFFFFFFF110D06636F656467650CFFFFFFFF04FFFFFFFF0CFFFFFFFF0C180300000C370300000CEF0100000C860200000B0C3803000004000000000CFFFFFFFF110D04656467650CFFFFFFFF04FFFFFFFF0CFFFFFFFF0C390300000600000000000000000CF301000006B8661FC2A465EF
310
3F0C850200000C3A0300000B070E74616E67656E745F6E6F745F6732110D06636F656467650CFFFFFFFF04FFFFFFFF0CFFFFFFFF0C3B0300000C2C0300000CF00100000C880200000B0C3C03000004000000000CFFFFFFFF110D04656467650CFFFFFFFF04FFFFFFFF0CFFFFFFFF0CF201000006DCFFFFFF3FE8FD3C0C3D03
310
0000065B661FC2A465EF3F0C870200000C3E0300000B070E74616E67656E745F6E6F745F6732110D04666163650C3F03000004FFFFFFFF0CFFFFFFFF0C2F0300000CF10100000C060000000CFFFFFFFF0C400300000B0B110D05706F696E740CFFFFFFFF04FFFFFFFF0CFFFFFFFF13287E6FF885AE1B40FEA95D694818F8BF
310
58C4B247ACA838C0110D05706F696E740CFFFFFFFF04FFFFFFFF0CFFFFFFFF133C8E88DA1A9B1D40AE69F9E0F465F0BF58C4B247ACA838C0110D06636F656467650CFFFFFFFF04FFFFFFFF0CFFFFFFFF0CF50100000C410300000C420300000C430300000B0C7F01000004000000000CFFFFFFFF110D05706F696E740CFFFF
310
FFFF04FFFFFFFF0CFFFFFFFF13287E6FF885AE1B4016D05F475BCCF6BF00000000000039C0110D06636F656467650CFFFFFFFF04FFFFFFFF0CFFFFFFFF0C440300000CF80100000C450300000C460300000A0C8201000004000000000CFFFFFFFF110D05706F696E740CFFFFFFFF04FFFFFFFF0CFFFFFFFF13287E6FF885AE
310
1B4016D05F475BCCF6BFCDCCCCCCCCCC39C0110D06636F656467650CFFFFFFFF04FFFFFFFF0CFFFFFFFF0C410300000CFD0100000C470300000C480300000B0C7F01000004000000000CFFFFFFFF110D06636F656467650CFFFFFFFF04FFFFFFFF0CFFFFFFFF0C010200000C490300000CFD0100000C920200000A0C9B0200
310
0004000000000CFFFFFFFF110D04656467650CFFFFFFFF04FFFFFFFF0CFFFFFFFF0C0502000006182D4454FB21F93F0C4A03000006152D4454FB2109400CFD0100000C4B0300000B0707756E6B6E6F776E110D046C6F6F700CFFFFFFFF04FFFFFFFF0CFFFFFFFF0CFFFFFFFF0C4C0300000C3E000000110D06636F65646765
310
0CFFFFFFFF04FFFFFFFF0CFFFFFFFF0C4D0300000C4E0300000C4F0300000C500300000A0CFE01000004000000000CFFFFFFFF110D06636F656467650CFFFFFFFF04FFFFFFFF0CFFFFFFFF0CFF0100000C440300000C510300000C520300000A0C8201000004000000000CFFFFFFFF110D06636F656467650CFFFFFFFF04FF
310
FFFFFF0CFFFFFFFF0C490300000C010200000CFF0100000C970200000B0C9B02000004000000000CFFFFFFFF110D04656467650CFFFFFFFF04FFFFFFFF0CFFFFFFFF0C0302000006182D4454FB21F93F0C5303000006152D4454FB2109400CFF0100000C540300000B0707756E6B6E6F776E110E0D4154545249425F435553
310
544F4D0D066174747269620C5503000004FFFFFFFF0CFFFFFFFF0CFFFFFFFF0C00020000071667656E657269635F7461675F6174747269625F6465660403000000040300000004FFFFFFFF071767656E657269635F7461675F6174747269625F6465662004010000000402000000070233320400000000040100000004C2FE
310
FFFF0400000000110D04666163650C5603000004FFFFFFFF0CFFFFFFFF0C570300000C580300000C060000000CFFFFFFFF0C590300000B0B110E05706C616E650D07737572666163650CFFFFFFFF04FFFFFFFF0CFFFFFFFF1386DA619D568222C0A9E0C61A72B40A40CDCCCCCCCCCC39C01400000000000000000000000000
310
000000000000000000F0BF149A9999999999B9BFF66095DDFFFF0DB900000000000000000B0B0B0B0B110D046C6F6F700CFFFFFFFF04FFFFFFFF0CFFFFFFFF0CFFFFFFFF0C490300000C5A030000110E0873747261696768740D0563757276650CFFFFFFFF04FFFFFFFF0CFFFFFFFF13B90D95D0897522C0A9E0C61A72B40A
310
40CDCCCCCCCCCC39C014000000000000000000000000000000009A9999999999E93F0A0600000000000000000A06000000000000F03F110D05706F696E740CFFFFFFFF04FFFFFFFF0CFFFFFFFF13B90D95D0897522C0A9E0C61A72B40A40CDCCCCCCCCCC39C0110D05706F696E740CFFFFFFFF04FFFFFFFF0CFFFFFFFF13B9
310
0D95D0897522C0A9E0C61A72B40A4000000000000039C0110E0D4154545249425F435553544F4D0D066174747269620CFFFFFFFF04FFFFFFFF0CFFFFFFFF0CFFFFFFFF0C07020000071667656E657269635F7461675F6174747269625F6465660403000000040300000004FFFFFFFF071767656E657269635F7461675F6174
310
747269625F64656620040100000004000000000700040000000004050000000442010000044401000004460100000448010000044B0100000400000000110D06636F656467650CFFFFFFFF04FFFFFFFF0CFFFFFFFF0C5B0300000C5C0300000C090200000CA10200000A0C5D03000004000000000CFFFFFFFF110D04656467
310
650CFFFFFFFF04FFFFFFFF0CFFFFFFFF0C18020000061F2D4454FB21E9BF0C25020000061B2D4454FB21E93F0CA00200000C5E0300000B070E74616E67656E745F6E6F745F6732110D06636F656467650CFFFFFFFF04FFFFFFFF0CFFFFFFFF0C0A0200000C120200000C7D0200000C2E0300000B0C1302000004000000000C
310
FFFFFFFF110D06636F656467650CFFFFFFFF04FFFFFFFF0CFFFFFFFF0C1C0200000C0B0200000C5F0300000C600300000B0C1D02000004000000000CFFFFFFFF110E0D4154545249425F435553544F4D0D066174747269620C6103000004FFFFFFFF0CFFFFFFFF0CFFFFFFFF0C0C020000071667656E657269635F7461675F
310
6174747269625F6465660403000000040300000004FFFFFFFF071767656E657269635F7461675F6174747269625F6465662004010000000402000000070234380400000000040100000004C2FEFFFF0400000000110D04666163650C6203000004FFFFFFFF0CFFFFFFFF0CBB0200000C630300000C060000000CFFFFFFFF0C
310
640300000B0B110E05746F7275730D07737572666163650CFFFFFFFF04FFFFFFFF0CFFFFFFFF13EC40C803BDA821C0B669F9E0F465F0BF69642579270039C01400000000000000000000000000000000000000000000F0BF0690B3C41F368FE23F067C14AE47E17A943F14000000000000F0BF9A5C7DEAFFBF42B900000000
310
000000000B0B0B0B0B110D06636F656467650CFFFFFFFF04FFFFFFFF0CFFFFFFFF0C650300000C0D0200000C660300000C670300000A0CA902000004000000000CFFFFFFFF110D06636F656467650CFFFFFFFF04FFFFFFFF0CFFFFFFFF0C0D0200000C650300000C680300000C690300000A0CA902000004000000000CFFFF
310
FFFF110D046C6F6F700CFFFFFFFF04FFFFFFFF0CFFFFFFFF0CFFFFFFFF0CA70200000C6A030000110E07656C6C697073650D0563757276650CFFFFFFFF04FFFFFFFF0CFFFFFFFF13287E6FF885AE1B402480E69C01FCEB3F36ED245207F238C014000000000000F03FF4C4A58FAD39BB3CBC85C5DF52CEA33C142F82B30B45
310
1BD23C7DEE4F7194CB02C0D2F2FB54AF58EBBF06000000000000F03F0A06B090504639E7D4BF0A067D8A6B695E1C77BF110D06636F656467650CFFFFFFFF04FFFFFFFF0CFFFFFFFF0C6B0300000C660300000C0F0200000CAC0200000A0C6C03000004000000000CFFFFFFFF110D04656467650CFFFFFFFF04FFFFFFFF0CFF
310
FFFFFF0CCA0200000600000000000000000C10020000063443597025A4F33F0C0F0200000C6D0300000B070E74616E67656E745F6E6F745F6732110D05706F696E740CFFFFFFFF04FFFFFFFF0CFFFFFFFF132C7E6FF885AE1B404E7BEAD2C0ACF7BF2740B12A67C939C0110D06636F656467650CFFFFFFFF04FFFFFFFF0CFF
310
FFFFFF0C680300000C7A0200000C120200000CAF0200000A0C2903000004000000000CFFFFFFFF110D04656467650CFFFFFFFF04FFFFFFFF0CFFFFFFFF0C1402000006F0FEFFFFEB49F0BC0C7F020000065BBAA5F5E1EDBA3F0C120200000C6E0300000B070E74616E67656E745F6E6F745F6732110D04666163650C6F0300
310
0004FFFFFFFF0CFFFFFFFF0C700300000C130200000C060000000CFFFFFFFF0C710300000B0B110D05706F696E740CFFFFFFFF04FFFFFFFF0CFFFFFFFF132C7E6FF885AE1B40865EFB4476FFF9BF8C3BC0A2440039C0110E0D4154545249425F435553544F4D0D066174747269620CFFFFFFFF04FFFFFFFF0CFFFFFFFF0CFF
310
FFFFFF0C16020000071667656E657269635F7461675F6174747269625F6465660403000000040300000004FFFFFFFF071767656E657269635F7461675F6174747269625F64656620040100000004000000000700040000000004050000000442010000044401000004460100000448010000044B0100000400000000110D04
310
656467650CFFFFFFFF04FFFFFFFF0CFFFFFFFF0C7203000006DACE0797ED42E0BF0C1802000006AD895EA61B2058BF0C2B0300000C730300000B070E74616E67656E745F6E6F745F6732110D05706F696E740CFFFFFFFF04FFFFFFFF0CFFFFFFFF13EC40C803BDA821C08614395E33FFF9BFB1E995E2BAFF38C0110D06636F
310
656467650CFFFFFFFF04FFFFFFFF0CFFFFFFFF0C740300000C1A0200000C750300000C760300000A0CB702000004000000000CFFFFFFFF110D06636F656467650CFFFFFFFF04FFFFFFFF0CFFFFFFFF0C1A0200000C740300000C770300000C780300000A0CB702000004000000000CFFFFFFFF110D046C6F6F700CFFFFFFFF
310
04FFFFFFFF0CFFFFFFFF0CFFFFFFFF0CB60200000C79030000110E07656C6C697073650D0563757276650CFFFFFFFF04FFFFFFFF0CFFFFFFFF136857B59B7CB81BC0A9E0C61A72B40A4036ED245207F238C014FF13A77CA36EB33C000000000000F0BFE263D8A5ED459C3C147DEE4F7194CB02C08844DF66E3D8C9BCD2F2FB
310
54AF58EBBF06000000000000F03F0A060691504639E7D4BF0A067D8A6B695E1C77BF110D06636F656467650CFFFFFFFF04FFFFFFFF0CFFFFFFFF0C7A0300000C750300000C1C0200000CBA0200000A0C7B03000004000000000CFFFFFFFF110D04656467650CFFFFFFFF04FFFFFFFF0CFFFFFFFF0C7C030000068900000020
310
29DB3C0C1E020000063ABDA5F5E1EDBA3F0C1C0200000C7D0300000B070E74616E67656E745F6E6F745F6732110D04666163650C7E03000004FFFFFFFF0CFFFFFFFF0C7F0300000C1D0200000C060000000CFFFFFFFF0C800300000B0B110D05706F696E740CFFFFFFFF04FFFFFFFF0CFFFFFFFF13877F4830EDDB22C0A9E0
310
C61A72B40A40893BC0A2440039C0110D06636F656467650CFFFFFFFF04FFFFFFFF0CFFFFFFFF0C770300000C810300000C200200000CBE0200000B0C8203000004000000000CFFFFFFFF110D04656467650CFFFFFFFF04FFFFFFFF0CFFFFFFFF0CC50200000600000000000000000C21020000066343597025A4F33F0CBD02
310
00000C830300000B070E74616E67656E745F6E6F745F6732110D05706F696E740CFFFFFFFF04FFFFFFFF0CFFFFFFFF1321630682969122C0A9E0C61A72B40A402740B12A67C939C0110E0D4154545249425F435553544F4D0D066174747269620CFFFFFFFF04FFFFFFFF0CFFFFFFFF0CFFFFFFFF0C23020000071667656E65
310
7269635F7461675F6174747269625F6465660403000000040300000004FFFFFFFF071767656E657269635F7461675F6174747269625F64656620040100000004000000000700040000000004050000000442010000044401000004460100000448010000044B0100000400000000110D04656467650CFFFFFFFF04FFFFFFFF
310
0CFFFFFFFF0C25020000068C512EA61B20583F0C8403000006D4CE0797ED42E03F0C5C0300000C850300000B070E74616E67656E745F6E6F745F6732110D05706F696E740CFFFFFFFF04FFFFFFFF0CFFFFFFFF135D3670D3E4DB22C0AE69F9E0F465F0BF3BEA95E2BAFF38C0110D06636F656467650CFFFFFFFF04FFFFFFFF
310
0CFFFFFFFF0C860300000C270200000C810300000C870300000A0C2902000004000000000CFFFFFFFF110D06636F656467650CFFFFFFFF04FFFFFFFF0CFFFFFFFF0C280200000C880300000C6B0300000C890300000A0C2902000004000000000CFFFFFFFF110D067665727465780CFFFFFFFF04FFFFFFFF0CFFFFFFFF0CBE
310
02000004000000000C8A030000110E0873747261696768740D0563757276650CFFFFFFFF04FFFFFFFF0CFFFFFFFF131EF557F6F18722C0A9E0C61A72B40A40CDCCCCCCCCCC39C014F93B238299736439C0CAA145B67311C000000000000000000A0600000000000000000A06000000000000F03F110E0D4154545249425F43
310
5553544F4D0D066174747269620C8B03000004FFFFFFFF0CFFFFFFFF0CFFFFFFFF0C2C020000071667656E657269635F7461675F6174747269625F6465660403000000040300000004FFFFFFFF071767656E657269635F7461675F6174747269625F6465662004010000000402000000070232310400000000040100000004
310
C2FEFFFF0400000000110D04666163650C8C03000004FFFFFFFF0CFFFFFFFF0C390100000C8D0300000C060000000CFFFFFFFF0C8E0300000B0B110E04636F6E650D07737572666163650CFFFFFFFF04FFFFFFFF0CFFFFFFFF131DF557F6F18722C0AE69F9E0F465F0BF48E17A14AEC739C0147381AE77D200B6BC00000000
310
0000F03F000000000000000014D0BACF6D759787BFC154ADE5BB3850BC4B38DDFBE8BD90BF06000000000000F03F0B0B06000000000000000006000000000000F03F067C14AE47E17A943F0B0B0B0B0B110D067665727465780CFFFFFFFF04FFFFFFFF0CFFFFFFFF0CAC02000004000000000C8F030000110E087374726169
310
6768740D0563757276650CFFFFFFFF04FFFFFFFF0CFFFFFFFF13EC40C803BDA821C03E0B77759C5FF7BFCDCCCCCCCCCC39C0140200000000802F402867D3EAFF74823900000000000000000A0617866118866188BC0A06FFFFFFFFFFFFEF3F110E0D4154545249425F435553544F4D0D066174747269620C9003000004FFFF
310
FFFF0CFFFFFFFF0CFFFFFFFF0C2F020000071667656E657269635F7461675F6174747269625F6465660403000000040300000004FFFFFFFF071767656E657269635F7461675F6174747269625F6465662004010000000402000000070232350400000000040100000004C2FEFFFF0400000000110D04666163650C91030000
310
04FFFFFFFF0CFFFFFFFF0C920300000C930300000C060000000CFFFFFFFF0C940300000B0B110E04636F6E650D07737572666163650CFFFFFFFF04FFFFFFFF0CFFFFFFFF13287E6FF885AE1B403E0B77759C5FF7BF48E17A14AEC739C014000000000000F0BF4A893B17C7719CBC000000000000000014C48CC45D68F8343C
310
D0BACF6D759787BF4B38DDFBE8BD90BF06000000000000F03F0B0B06000000000000000006000000000000F03F067C14AE47E17A943F0B0B0B0B0B110E0D4154545249425F435553544F4D0D066174747269620CFFFFFFFF04FFFFFFFF0CFFFFFFFF0CFFFFFFFF0C32020000071667656E657269635F7461675F6174747269
310
625F6465660403000000040300000004FFFFFFFF071767656E657269635F7461675F6174747269625F64656620040100000004000000000700040000000004050000000442010000044401000004460100000448010000044B0100000400000000110D06636F656467650CFFFFFFFF04FFFFFFFF0CFFFFFFFF0C950300000C
310
960300000C970300000C980300000B0C3302000004000000000CFFFFFFFF110E0D4154545249425F435553544F4D0D066174747269620CFFFFFFFF04FFFFFFFF0CFFFFFFFF0CFFFFFFFF0C36020000071667656E657269635F7461675F6174747269625F6465660403000000040300000004FFFFFFFF071767656E65726963
310
5F7461675F6174747269625F64656620040100000004020000000702383604000000000401000000044E0100000400000000110D04666163650C9903000004FFFFFFFF0CFFFFFFFF0C9A0300000C9B0300000C060000000CFFFFFFFF0C9C0300000A0B110D046C6F6F700CFFFFFFFF04FFFFFFFF0CFFFFFFFF0CFFFFFFFF0C
310
9D0300000C36020000110E05706C616E650D07737572666163650CFFFFFFFF04FFFFFFFF0CFFFFFFFF13A578CEAFEE74F03F1FDC0A41ECCBFA3F3333333333B338C014000000000000F03F000000C06D00613D000000000000B03C14000000C06D00613D000000000000F0BF07A7E4FEFFFF7F3C0B0B0B0B0B110D06636F65
310
6467650CFFFFFFFF04FFFFFFFF0CFFFFFFFF0C9E0300000C3F0200000C420200000CE60200000A0C3702000004000000000CFFFFFFFF110D06636F656467650CFFFFFFFF04FFFFFFFF0CFFFFFFFF0C9F0300000C390200000C3B0200000CDB0200000A0CAD01000004000000000CFFFFFFFF110D06636F656467650CFFFFFF
310
FF04FFFFFFFF0CFFFFFFFF0C390200000C9F0300000C9E0300000CA00300000B0CAD01000004000000000CFFFFFFFF110D06636F656467650CFFFFFFFF04FFFFFFFF0CFFFFFFFF0C420200000C3C0200000C390200000CD90200000B0C4302000004000000000CFFFFFFFF110D04656467650CFFFFFFFF04FFFFFFFF0CFFFF
310
FFFF0CDC020000069CE6665AEB30D63F0CA10300000691241EE777A8F43F0CD80200000CA20300000B0707756E6B6E6F776E110D06636F656467650CA303000004FFFFFFFF0CFFFFFFFF0C3B0200000C3A0200000CA40300000CA50300000A0C3E01000004000000000CFFFFFFFF110D04656467650CFFFFFFFF04FFFFFFFF
310
0CFFFFFFFF0CA60300000600000000000000000CDC02000006403333333333D33F0C3B0200000CA70300000B0707756E6B6E6F776E110D067665727465780CFFFFFFFF04FFFFFFFF0CFFFFFFFF0CD902000004000000000CA8030000110E0873747261696768740D0563757276650CFFFFFFFF04FFFFFFFF0CFFFFFFFF132A
310
4AF584D09F04C0101BD6773134FB3F00000000000039C014000000000000F0BF8FA8020BAA0461BD00000000000000800B0B110E0D4154545249425F435553544F4D0D066174747269620CFFFFFFFF04FFFFFFFF0CFFFFFFFF0CFFFFFFFF0C3E0200000711736B657463685F6174747269625F646566040100000004010000
310
000403000000070D32353520302031203020312031110D06636F656467650CFFFFFFFF04FFFFFFFF0CFFFFFFFF0CA90300000CA40300000C3E0200000CE00200000B0C4D02000004000000000CFFFFFFFF110D04656467650CFFFFFFFF04FFFFFFFF0CFFFFFFFF0CE40200000618FA179B7365D1BF0CE202000006C4D87C53
310
C085E53F0CDF0200000CAA0300000B0707756E6B6E6F776E110D06636F656467650CAB03000004FFFFFFFF0CFFFFFFFF0C3F0200000C9E0300000CA90300000CAC0300000A0C3702000004000000000CFFFFFFFF110D067665727465780CFFFFFFFF04FFFFFFFF0CFFFFFFFF0CAC03000004000000000CAD030000110E0873
310
747261696768740D0563757276650CFFFFFFFF04FFFFFFFF0CFFFFFFFF13609078F1FDE1114042D8A3CEE82FE83F3333333333B338C01400000000000000000000000000000000000000000000F0BF0B0B110D067665727465780CFFFFFFFF04FFFFFFFF0CFFFFFFFF0CE002000004000000000CAE030000110E0873747261
310
696768740D0563757276650CFFFFFFFF04FFFFFFFF0CFFFFFFFF135D8E78F1FDE111400957D6773134FB3F3333333333B338C01400000000000000000000000000000000000000000000F0BF0B0B110D04656467650CFFFFFFFF04FFFFFFFF0CFFFFFFFF0CA103000006665FDAC09A5C19400C4402000006C4ECEA6222401B
310
400C420200000CAF0300000B0707756E6B6E6F776E110D046C6F6F700CFFFFFFFF04FFFFFFFF0CFFFFFFFF0CB00300000CB10300000C3E000000110D05706F696E740CFFFFFFFF04FFFFFFFF0CFFFFFFFF13609078F1FDE1114042D8A3CEE82FE83F00000000000039C0110D05706F696E740CFFFFFFFF04FFFFFFFF0CFFFF
310
FFFF135D8E78F1FDE111400957D6773134FB3F00000000000039C0110D05706F696E740CFFFFFFFF04FFFFFFFF0CFFFFFFFF13AA1BB8391A8A18409A4AB6B76F90E73F3333333333B338C0110D046C6F6F700CFFFFFFFF04FFFFFFFF0CFFFFFFFF0CB20300000CB30300000C54000000110D06636F656467650CFFFFFFFF04
310
FFFFFFFF0CFFFFFFFF0CA40300000CA90300000C9F0300000CB40300000B0C4D02000004000000000CFFFFFFFF110E0D4154545249425F435553544F4D0D066174747269620CFFFFFFFF04FFFFFFFF0CFFFFFFFF0CFFFFFFFF0C4F020000071667656E657269635F7461675F6174747269625F646566040300000004030000
310
0004FFFFFFFF071767656E657269635F7461675F6174747269625F64656620040100000004000000000700040000000004050000000442010000044401000004460100000448010000044B0100000400000000110E0D4154545249425F435553544F4D0D066174747269620CB503000004FFFFFFFF0CFFFFFFFF0CFFFFFFFF
310
0C50020000071667656E657269635F7461675F6174747269625F6465660403000000040300000004FFFFFFFF071767656E657269635F7461675F6174747269625F64656620040100000004010000000701380400000000040100000004C2FEFFFF0400000000110D04666163650CB603000004FFFFFFFF0CFFFFFFFF0CB703
310
00000CB80300000C060000000CFFFFFFFF0CB90300000B0B110D046C6F6F700CFFFFFFFF04FFFFFFFF0CFFFFFFFF0CFFFFFFFF0CBA0300000C50020000110E04636F6E650D07737572666163650CFFFFFFFF04FFFFFFFF0CFFFFFFFF13EC40C803BDA821C0A9E0C61A72B40A40E17A14AE47C138C014000000000000000000
310
00000000000000000000000000F0BF14F06095DDFFFF2D39949999999999D9BF000000000000000006000000000000F03F0B0B06000000000000000006000000000000F03F06949999999999D93F0B0B0B0B0B110D06636F656467650CFFFFFFFF04FFFFFFFF0CFFFFFFFF0CBB0300000CBC0300000CBD0300000CBE030000
310
0B0C5102000004000000000CFFFFFFFF110D06636F656467650CFFFFFFFF04FFFFFFFF0CFFFFFFFF0CBF0300000C530200000CBC0300000CC00300000A0CC801000004000000000CFFFFFFFF110D06636F656467650CFFFFFFFF04FFFFFFFF0CFFFFFFFF0C530200000CBF0300000C540200000CF80200000A0CC801000004
310
000000000CFFFFFFFF110D06636F656467650CFFFFFFFF04FFFFFFFF0CFFFFFFFF0C560200000CBD0300000C530200000CF60200000A0CFC02000004000000000CFFFFFFFF110D04656467650CFFFFFFFF04FFFFFFFF0CFFFFFFFF0CFE020000061B2D4454FB21F93F0CC1030000061B2D4454FB2109400CF50200000CC203
310
00000B0707756E6B6E6F776E110D06636F656467650CFFFFFFFF04FFFFFFFF0CFFFFFFFF0C550200000C540200000CC30300000CC40300000A0C5701000004000000000CFFFFFFFF110D04656467650CFFFFFFFF04FFFFFFFF0CFFFFFFFF0CFE0200000600000000000000000CC503000006F4FFFFFFFFFFEF3F0C54020000
310
0CC60300000B070E74616E67656E745F6E6F745F6732110D06636F656467650CFFFFFFFF04FFFFFFFF0CFFFFFFFF0CC70300000CC80300000C550200000CFA0200000B0CC903000004000000000CFFFFFFFF110D04656467650CFFFFFFFF04FFFFFFFF0CFFFFFFFF0CFD0200000600000000000000000CCA03000006F4FFFF
310
FFFFFFEF3F0C550200000CCB0300000B070E74616E67656E745F6E6F745F6732110D06636F656467650CFFFFFFFF04FFFFFFFF0CFFFFFFFF0C740200000C560200000CC80300000CCC0300000A0CFC02000004000000000CFFFFFFFF110D046C6F6F700CFFFFFFFF04FFFFFFFF0CFFFFFFFF0C640100000CCD0300000C5400
310
0000110D067665727465780CFFFFFFFF04FFFFFFFF0CFFFFFFFF0C5702000004000000000CCE030000110D067665727465780CFFFFFFFF04FFFFFFFF0CFFFFFFFF0CF602000004000000000CCF030000110E0873747261696768740D0563757276650CFFFFFFFF04FFFFFFFF0CFFFFFFFF13287E6FF885AE1B4016D05F475B
310
CCF6BF3333333333B338C0140000000000802FC02767D3EAFF7482B900000000000000000A0600000000000000000A06FFFFFFFFFFFFEF3F110E0D4154545249425F435553544F4D0D066174747269620CFFFFFFFF04FFFFFFFF0CFFFFFFFF0CFFFFFFFF0C5C020000071667656E657269635F7461675F6174747269625F64
310
65660403000000040300000004FFFFFFFF071767656E657269635F7461675F6174747269625F646566200401000000040400000007042D31323604000000000401000000044E0100000400000000110E07656C6C697073650D0563757276650CFFFFFFFF04FFFFFFFF0CFFFFFFFF13567CA7534A8021C0765DF7B56D4FF0BF
310
3333333333B338C01400000000000000800000000000000080000000000000F0BF14606666666666D2BF2C3333034B8D43BD000000000000000006000000000000F03F0B0B110D06636F656467650CFFFFFFFF04FFFFFFFF0CFFFFFFFF0C020300000C020300000CD00300000CD10300000A0C5D02000004000000000CFFFF
310
FFFF110E0D4154545249425F435553544F4D0D066174747269620CFFFFFFFF04FFFFFFFF0CFFFFFFFF0CFFFFFFFF0C5E020000071667656E657269635F7461675F6174747269625F6465660403000000040300000004FFFFFFFF071767656E657269635F7461675F6174747269625F64656620040100000004010000000701
310
3304000000000401000000044E0100000400000000110D04666163650CD203000004FFFFFFFF0CFFFFFFFF0CD30300000CD40300000C060000000CFFFFFFFF0CD50300000A0B110E04636F6E650D07737572666163650CFFFFFFFF04FFFFFFFF0CFFFFFFFF13567CA7534A8021C0765DF7B56D4FF0BF3433333333B338C014
310
00000000000000000000000000000000000000000000F0BF14606666666666D2BF2C3333034B8D43BD000000000000000006000000000000F03F0B0B06000000000000000006000000000000F03F06606666666666D23F0B0B0B0B0B110D06636F656467650CFFFFFFFF04FFFFFFFF0CFFFFFFFF0C060300000C060300000C
310
630200000C070300000B0CD603000004000000000CFFFFFFFF110D04656467650CFFFFFFFF04FFFFFFFF0CFFFFFFFF0CD703000006182D4454FB2109C00CD703000006182D4454FB2109400C060300000CD80300000B0707756E6B6E6F776E110D046C6F6F700CFFFFFFFF04FFFFFFFF0CFFFFFFFF0CD90300000C66020000
310
0C3E000000110D067665727465780CFFFFFFFF04FFFFFFFF0CFFFFFFFF0C6702000004000000000CDA030000110E07656C6C697073650D0563757276650CFFFFFFFF04FFFFFFFF0CFFFFFFFF13D2989ED5AA341B4080DA45852EA90A4000000000000039C01400000000000000800000000000000080000000000000F03F14
310
606666666666D2BF2C3333034B8D43BD000000000000000006000000000000F03F0B0B110E0D4154545249425F435553544F4D0D066174747269620CFFFFFFFF04FFFFFFFF0CFFFFFFFF0CFFFFFFFF0C69020000071667656E657269635F7461675F6174747269625F6465660403000000040300000004FFFFFFFF07176765
310
6E657269635F7461675F6174747269625F64656620040100000004020000000702313104000000000401000000044E0100000400000000110D04666163650CDB03000004FFFFFFFF0CFFFFFFFF0CDC0300000CDD0300000C060000000CFFFFFFFF0CDE0300000A0B110D046C6F6F700CFFFFFFFF04FFFFFFFF0CFFFFFFFF0C
310
DF0300000CE00300000C69020000110E04636F6E650D07737572666163650CFFFFFFFF04FFFFFFFF0CFFFFFFFF130484839B4A6DFCBFAC9D0BDE700AD2BF3333333333B338C014000000000000C03C0000000000000000000000000000F0BF1490C8E2EB8A15C53F21DF653A7467363D90C8E2EB8A15953C06000000000000
310
F03F0B0B06000000000000000006000000000000F03F0690C8E2EB8A15C53F0B0B0B0B0B110D046C6F6F700CFFFFFFFF04FFFFFFFF0CFFFFFFFF0CFFFFFFFF0CE10300000CDF010000110D06636F656467650CFFFFFFFF04FFFFFFFF0CFFFFFFFF0C100300000C100300000CE20300000CE30300000A0C6A02000004000000
310
000CFFFFFFFF110E0D4154545249425F435553544F4D0D066174747269620CFFFFFFFF04FFFFFFFF0CFFFFFFFF0CFFFFFFFF0C6D020000071667656E657269635F7461675F6174747269625F6465660403000000040300000004FFFFFFFF071767656E657269635F7461675F6174747269625F646566200401000000040000
310
00000700040000000004050000000442010000044401000004460100000448010000044B0100000400000000110E0D4154545249425F435553544F4D0D066174747269620CE403000004FFFFFFFF0CFFFFFFFF0CFFFFFFFF0C6E020000071667656E657269635F7461675F6174747269625F64656604030000000403000000
310
04FFFFFFFF071767656E657269635F7461675F6174747269625F6465662004010000000402000000070236390400000000040100000004C2FEFFFF0400000000110D04666163650CE503000004FFFFFFFF0CFFFFFFFF0CE60300000CE70300000C060000000CFFFFFFFF0CE80300000B0B110D046C6F6F700CFFFFFFFF04FF
310
FFFFFF0CFFFFFFFF0CFFFFFFFF0CE90300000C6E020000110E04636F6E650D07737572666163650CFFFFFFFF04FFFFFFFF0CFFFFFFFF132C7E6FF885AE1B40A9E0C61A72B40A40E17A14AE47C138C01400000000000000000000000000000000000000000000F0BF14919999999999D9BFEC6095DDFFFF2DB9000000000000
310
000006000000000000F03F0B0B06000000000000000006000000000000F03F06919999999999D93F0B0B0B0B0B110D06636F656467650CFFFFFFFF04FFFFFFFF0CFFFFFFFF0C420300000C450300000C760200000C230300000B0C6F02000004000000000CFFFFFFFF110D06636F656467650CFFFFFFFF04FFFFFFFF0CFFFF
310
FFFF0C710200000C810200000CEA0300000CEB0300000A0CE401000004000000000CFFFFFFFF110D06636F656467650CFFFFFFFF04FFFFFFFF0CFFFFFFFF0CEC0300000C850200000C710200000C190300000B0C3803000004000000000CFFFFFFFF110D04656467650CFFFFFFFF04FFFFFFFF0CFFFFFFFF0CF30100000675
310
92C04AD200A63C0CED03000006000000000000F03F0C180300000CEE0300000B070E74616E67656E745F6E6F745F6732110D06636F656467650CFFFFFFFF04FFFFFFFF0CFFFFFFFF0C730200000C720200000CEF0300000CF00300000A0C6F01000004000000000CFFFFFFFF110D06636F656467650CFFFFFFFF04FFFFFFFF
310
0CFFFFFFFF0CC80300000CC70300000C720200000C1C0300000A0CC903000004000000000CFFFFFFFF110D04656467650CFFFFFFFF04FFFFFFFF0CFFFFFFFF0C210300000600000000000000000CF103000006F4FFFFFFFFFFEF3F0C1B0300000CF20300000B070E74616E67656E745F6E6F745F6732110D06636F65646765
310
0CFFFFFFFF04FFFFFFFF0CFFFFFFFF0CF30300000CE90300000C730200000C1E0300000B0C1403000004000000000CFFFFFFFF110D04656467650CFFFFFFFF04FFFFFFFF0CFFFFFFFF0C200300000600000000000000000CF403000006F4FFFFFFFFFFEF3F0C730200000CF50300000B070E74616E67656E745F6E6F745F67
310
32110D06636F656467650CFFFFFFFF04FFFFFFFF0CFFFFFFFF0CCD0300000C740200000CE90300000CF60300000A0CFC02000004000000000CFFFFFFFF110D067665727465780CFFFFFFFF04FFFFFFFF0CFFFFFFFF0C7502000004000000000CF7030000110D067665727465780CFFFFFFFF04FFFFFFFF0CFFFFFFFF0CCC03
310
000004000000000CF8030000110E0873747261696768740D0563757276650CFFFFFFFF04FFFFFFFF0CFFFFFFFF13C41709921F481D40A5E0C61A72B40A403333333333B338C014F93B238299736439BFCAA145B67311C000000000000000000A0600000000000000000A06000000000000F03F110D04656467650CFFFFFFFF
310
04FFFFFFFF0CFFFFFFFF0C260300000600000000000000000C2403000006000000000000F03F0C760200000CF90300000B070E74616E67656E745F6E6F745F6732110D067665727465780CFFFFFFFF04FFFFFFFF0CFFFFFFFF0C4303000004010000000CFA030000110E07656C6C697073650D0563757276650CFFFFFFFF04
310
FFFFFFFF0CFFFFFFFF132C7E6FF885AE1B40AE69F9E0F465F0BF00000000000039C01400000000000000000000000000000000000000000000F0BF14006195DDFFFF2DB9A29999999999D93F000000000000000006000000000000F03F0A062A2D4454FB21F93F0A062C2D4454FB210940110D067665727465780CFFFFFFFF
310
04FFFFFFFF0CFFFFFFFF0C7802000004000000000CFB030000110E07656C6C697073650D0563757276650CFFFFFFFF04FFFFFFFF0CFFFFFFFF132C7E6FF885AE1B40AE69F9E0F465F0BFCDCCCCCCCCCC39C01400000000000000000000000000000000000000000000F0BF14006195DDFFFF2DB9A29999999999D93F000000
310
000000000006000000000000F03F0A062A2D4454FB21F93F0A062C2D4454FB210940110D06636F656467650CFFFFFFFF04FFFFFFFF0CFFFFFFFF0C7A0200000C680300000CFC0300000C330300000B0C2903000004000000000CFFFFFFFF110D046C6F6F700CFFFFFFFF04FFFFFFFF0CFFFFFFFF0CFFFFFFFF0C280300000C
310
70030000110E07656C6C697073650D0563757276650CFFFFFFFF04FFFFFFFF0CFFFFFFFF132C7E6FF885AE1B40AE69F9E0F465F0BF64EA95E2BAFF38C01400000000000000000000000000000000000000000000F0BF147CC0C4C72226DB3FB2C0C4C72226DBBF000000000000000006000000000000F03F0A06282D4454FB
310
21E9BF0A06F92C4454FB21E93F110D06636F656467650CFFFFFFFF04FFFFFFFF0CFFFFFFFF0C7D0200000C7C0200000C5B0300000CB30200000B0C7E02000004000000000CFFFFFFFF110D06636F656467650CFFFFFFFF04FFFFFFFF0CFFFFFFFF0C870200000CFD0300000C7C0200000C2D0300000B0C3C03000004000000
310
000CFFFFFFFF110D04656467650CFFFFFFFF04FFFFFFFF0CFFFFFFFF0C720300000600000000000000000CF201000006000000000000F03F0C2C0300000CFE0300000B070E74616E67656E745F6E6F745F6732110D04656467650CFFFFFFFF04FFFFFFFF0CFFFFFFFF0C7F0200000600000000000000000C18020000060100
310
00000000F03F0C7D0200000CFF0300000B070E74616E67656E745F6E6F745F6732110D04666163650C0004000004FFFFFFFF0CFFFFFFFF0C010400000C7E0200000C060000000CFFFFFFFF0C020400000B0B110D05706F696E740CFFFFFFFF04FFFFFFFF0CFFFFFFFF132C7E6FF885AE1B407E14395E33FFF9BFB1E995E2BA
310
FF38C0110D06636F656467650CFFFFFFFF04FFFFFFFF0CFFFFFFFF0CFC0300000C030400000C810200000C320300000B0C6303000004000000000CFFFFFFFF110D04656467650CFFFFFFFF04FFFFFFFF0CFFFFFFFF0C040400000600000000000000000C8202000006000000000000F03F0C310300000C050400000B070E74
310
616E67656E745F6E6F745F6732110D04656467650CFFFFFFFF04FFFFFFFF0CFFFFFFFF0C0604000006EA0300003050DB3C0C82020000066B0BA5F5E1EDBA3F0C280300000C070400000B070E74616E67656E745F6E6F745F6732110D05706F696E740CFFFFFFFF04FFFFFFFF0CFFFFFFFF131869BF97D5141E40AE69F9E0F4
310
65F0BF64EA95E2BAFF38C0110D06636F656467650CFFFFFFFF04FFFFFFFF0CFFFFFFFF0C080400000C090400000C840200000C360300000A0C0A04000004000000000CFFFFFFFF110D04656467650CFFFFFFFF04FFFFFFFF0CFFFFFFFF0C39030000061A2D4454FB21E9BF0C3D030000063E2D4454FB21E93F0C840200000C
310
0B0400000B070E74616E67656E745F6E6F745F6732110D06636F656467650CFFFFFFFF04FFFFFFFF0CFFFFFFFF0C850200000CEC0300000C080400000C0C0400000B0C3803000004000000000CFFFFFFFF110D046C6F6F700CFFFFFFFF04FFFFFFFF0CFFFFFFFF0CFFFFFFFF0C850200000C0D040000110D06766572746578
310
0CFFFFFFFF04FFFFFFFF0CFFFFFFFF0C8602000004000000000C0E040000110E07656C6C697073650D0563757276650CFFFFFFFF04FFFFFFFF0CFFFFFFFF13900B1547158A1D40AE69F9E0F465F0BFEC51B81E85AB38C0149A5C7DEAFFBF42B9000000000000F03F0000000000000000140000000000000000000000000000
310
00007C14AE47E17A943F06000000000000F03F0A0600000000000000000A06B8661FC2A465EF3F110D06636F656467650CFFFFFFFF04FFFFFFFF0CFFFFFFFF0CFD0300000C870200000C090400000C0F0400000B0C3C03000004000000000CFFFFFFFF110D046C6F6F700CFFFFFFFF04FFFFFFFF0CFFFFFFFF0CFFFFFFFF0C
310
870200000C10040000110D067665727465780CFFFFFFFF04FFFFFFFF0CFFFFFFFF0C8802000004010000000C11040000110E07656C6C697073650D0563757276650CFFFFFFFF04FFFFFFFF0CFFFFFFFF13287E6FF885AE1B404E9F8F1B32D4F7BFEC51B81E85AB38C014000000000000F0BF9A5C7DEAFFBF42B90000000000
310
00000014DAD27AB488F2E33842AA8273930591BFC69A6C2CB8C6863F06000000000000F03F0A06DCFFFFFF3FE8FD3C0A065B661FC2A465EF3F110E0D4154545249425F435553544F4D0D066174747269620C1204000004FFFFFFFF0CFFFFFFFF0CFFFFFFFF0C89020000071667656E657269635F7461675F6174747269625F
310
6465660403000000040300000004FFFFFFFF071767656E657269635F7461675F6174747269625F6465662004010000000402000000070234300400000000040100000004C2FEFFFF0400000000110E05746F7275730D07737572666163650CFFFFFFFF04FFFFFFFF0CFFFFFFFF132C7E6FF885AE1B40AE69F9E0F465F0BFEC
310
51B81E85AB38C01400000000000000000000000000000000000000000000F0BF068AD658EAF4B8DD3F067C14AE47E17A943F14000000000000F0BF9A5C7DEAFFBF42B900000000000000000B0B0B0B0B110D06636F656467650CFFFFFFFF04FFFFFFFF0CFFFFFFFF0C8C0200000C900200000C130400000C140400000B0C7F
310
01000004000000000CFFFFFFFF110D06636F656467650CFFFFFFFF04FFFFFFFF0CFFFFFFFF0C150400000C160300000C8C0200000C430300000A0C6F02000004000000000CFFFFFFFF110D04656467650CFFFFFFFF04FFFFFFFF0CFFFFFFFF0C160400000600000000000000000C2403000006000000000000F03F0C8C0200
310
000C170400000B0707756E6B6E6F776E110D06636F656467650CFFFFFFFF04FFFFFFFF0CFFFFFFFF0C950200000C8E0200000C180400000C190400000A0C8201000004000000000CFFFFFFFF110D06636F656467650CFFFFFFFF04FFFFFFFF0CFFFFFFFF0C160300000C150400000C8E0200000C460300000B0C6F02000004
310
000000000CFFFFFFFF110D04656467650CFFFFFFFF04FFFFFFFF0CFFFFFFFF0C1A0400000600000000000000000C2603000006000000000000F03F0C8E0200000C1B0400000B0707756E6B6E6F776E110D06636F656467650CFFFFFFFF04FFFFFFFF0CFFFFFFFF0C1C0400000C1D0400000C900200000C480300000A0C1E04
310
000004000000000CFFFFFFFF110D04656467650CFFFFFFFF04FFFFFFFF0CFFFFFFFF0C4A0300000600000000000000000C1F04000006010000000000F03F0C900200000C200400000B0707756E6B6E6F776E110D06636F656467650CFFFFFFFF04FFFFFFFF0CFFFFFFFF0C910200000C960200000C1C0400000C210400000B
310
0C9B02000004000000000CFFFFFFFF110D067665727465780CFFFFFFFF04FFFFFFFF0CFFFFFFFF0C9202000004010000000C22040000110E07656C6C697073650D0563757276650CFFFFFFFF04FFFFFFFF0CFFFFFFFF13EC40C803BDA821C0A9E0C61A72B40A4000000000000039C014000000000000000000000000000000
310
00000000000000F0BF14F06095DDFFFF2D39949999999999D9BF000000000000000006000000000000F03F0A06182D4454FB21F93F0A06152D4454FB210940110D06636F656467650CFFFFFFFF04FFFFFFFF0CFFFFFFFF0C230400000C240400000C250400000C260400000A0C9302000004000000000CFFFFFFFF110D0663
310
6F656467650CFFFFFFFF04FFFFFFFF0CFFFFFFFF0C270400000C940200000C280400000C290400000A0CFE01000004000000000CFFFFFFFF110D06636F656467650CFFFFFFFF04FFFFFFFF0CFFFFFFFF0C940200000C270400000C2A0400000C2B0400000A0CFE01000004000000000CFFFFFFFF110D06636F656467650CFF
310
FFFFFF04FFFFFFFF0CFFFFFFFF0C2C0400000C2D0400000C940200000C500300000B0C2E04000004000000000CFFFFFFFF110D04656467650CFFFFFFFF04FFFFFFFF0CFFFFFFFF0C2F0400000600000000000000000C3004000006000000000000F03F0C4F0300000C310400000B0707756E6B6E6F776E110D06636F656467
310
650CFFFFFFFF04FFFFFFFF0CFFFFFFFF0C1D0400000C1C0400000C950200000C520300000B0C1E04000004000000000CFFFFFFFF110D04656467650CFFFFFFFF04FFFFFFFF0CFFFFFFFF0C530300000600000000000000000C3204000006010000000000F03F0C950200000C330400000B0707756E6B6E6F776E110D067665
310
727465780CFFFFFFFF04FFFFFFFF0CFFFFFFFF0C5203000004000000000C34040000110E07656C6C697073650D0563757276650CFFFFFFFF04FFFFFFFF0CFFFFFFFF13EC40C803BDA821C0A9E0C61A72B40A40CDCCCCCCCCCC39C01400000000000000000000000000000000000000000000F0BF14F06095DDFFFF2D399499
310
99999999D9BF000000000000000006000000000000F03F0A06182D4454FB21F93F0A06152D4454FB210940110E0D4154545249425F435553544F4D0D066174747269620CFFFFFFFF04FFFFFFFF0CFFFFFFFF0CFFFFFFFF0C98020000071667656E657269635F7461675F6174747269625F6465660403000000040300000004
310
FFFFFFFF071767656E657269635F7461675F6174747269625F64656620040100000004000000000700040000000004050000000442010000044401000004460100000448010000044B0100000400000000110E0D4154545249425F435553544F4D0D066174747269620C3504000004FFFFFFFF0CFFFFFFFF0CFFFFFFFF0C99
310
020000071667656E657269635F7461675F6174747269625F6465660403000000040300000004FFFFFFFF071767656E657269635F7461675F6174747269625F6465662004010000000402000000070233330400000000040100000004C2FEFFFF0400000000110D04666163650C3604000004FFFFFFFF0CFFFFFFFF0C370400
310
000C380400000C060000000CFFFFFFFF0C390400000B0B110D046C6F6F700CFFFFFFFF04FFFFFFFF0CFFFFFFFF0CFFFFFFFF0C3A0400000C99020000110E05746F7275730D07737572666163650CFFFFFFFF04FFFFFFFF0CFFFFFFFF13EC40C803BDA821C0A9E0C61A72B40A40EC51B81E85AB38C014000000000000000000
310
00000000000000000000000000F0BF0695D658EAF4B8DD3F067C14AE47E17A943F14000000000000F0BF9A5C7DEAFFBF42B900000000000000000B0B0B0B0B110D04666163650C3B04000004FFFFFFFF0CFFFFFFFF0C9B0100000C9B0200000C060000000CFFFFFFFF0C3C0400000A0B110D06636F656467650CFFFFFFFF04
310
FFFFFFFF0CFFFFFFFF0C3D0400000CA00200000C2B0300000CB30200000A0C5D03000004000000000CFFFFFFFF110D06636F656467650CFFFFFFFF04FFFFFFFF0CFFFFFFFF0CA00200000C3D0400000C3E0400000CC10200000A0C5D03000004000000000CFFFFFFFF110D046C6F6F700CFFFFFFFF04FFFFFFFF0CFFFFFFFF
310
0CFFFFFFFF0C3D0400000C01040000110E07656C6C697073650D0563757276650CFFFFFFFF04FFFFFFFF0CFFFFFFFF13EC40C803BDA821C0B669F9E0F465F0BF3BEA95E2BAFF38C01400000000000000000000000000000000000000000000F0BF1407C0C4C72226DBBFFCBFC4C72226DBBF00000000000000800600000000
310
0000F03F0A061F2D4454FB21E9BF0A061B2D4454FB21E93F110D06636F656467650CFFFFFFFF04FFFFFFFF0CFFFFFFFF0C3E0400000C3F0400000CA30200000C600300000A0C4004000004000000000CFFFFFFFF110D04656467650CFFFFFFFF04FFFFFFFF0CFFFFFFFF0C250200000600000000000000000C7C0300000600
310
0000000000F03F0C5F0300000C410400000B070E74616E67656E745F6E6F745F6732110E0D4154545249425F435553544F4D0D066174747269620CFFFFFFFF04FFFFFFFF0CFFFFFFFF0CFFFFFFFF0CA4020000071667656E657269635F7461675F6174747269625F6465660403000000040300000004FFFFFFFF071767656E
310
657269635F7461675F6174747269625F64656620040100000004000000000700040000000004050000000442010000044401000004460100000448010000044B0100000400000000110E0D4154545249425F435553544F4D0D066174747269620C4204000004FFFFFFFF0CFFFFFFFF0CFFFFFFFF0CA5020000071667656E65
310
7269635F7461675F6174747269625F6465660403000000040300000004FFFFFFFF071767656E657269635F7461675F6174747269625F6465662004010000000402000000070234390400000000040100000004C2FEFFFF0400000000110D046C6F6F700CFFFFFFFF04FFFFFFFF0CFFFFFFFF0CFFFFFFFF0C030400000CA502
310
0000110E04636F6E650D07737572666163650CFFFFFFFF04FFFFFFFF0CFFFFFFFF13A81468BC6C001E40A1E0C61A72B40A40E2632579270039C0149A5C7DEAFFBF4239000000000000F0BF000000000000000014C0AE7F5F7778943F446064C82BFDE738B5EF652D47E2433F06000000000000F03F0B0B0600000000000000
310
0006000000000000F03F067D14AE47E17A943F0B0B0B0B0B110D06636F656467650CFFFFFFFF04FFFFFFFF0CFFFFFFFF0CA80200000CA70200000C430400000C440400000A0CA902000004000000000CFFFFFFFF110D06636F656467650CFFFFFFFF04FFFFFFFF0CFFFFFFFF0CAB0200000C450400000CA70200000C670300
310
000B0C6C03000004000000000CFFFFFFFF110D04656467650CFFFFFFFF04FFFFFFFF0CFFFFFFFF0C46040000060B2D4454FB21E9BF0C1002000006F82C4454FB21E93F0C660300000C470400000B070E74616E67656E745F6E6F745F6732110D06636F656467650CFFFFFFFF04FFFFFFFF0CFFFFFFFF0C280300000CAE0200
310
000CA80200000C690300000B0C2903000004000000000CFFFFFFFF110D04656467650CFFFFFFFF04FFFFFFFF0CFFFFFFFF0C1402000006052D4454FB21E9BF0C06040000060A2D4454FB21E93F0C680300000C480400000B070E74616E67656E745F6E6F745F6732110D04666163650C4904000004FFFFFFFF0CFFFFFFFF0C
310
930100000CA90200000C060000000CFFFFFFFF0C4A0400000B0B110D06636F656467650CFFFFFFFF04FFFFFFFF0CFFFFFFFF0C450400000CAB0200000CC40200000C890300000B0C6C03000004000000000CFFFFFFFF110D046C6F6F700CFFFFFFFF04FFFFFFFF0CFFFFFFFF0CFFFFFFFF0CAB0200000C92030000110E0765
310
6C6C697073650D0563757276650CFFFFFFFF04FFFFFFFF0CFFFFFFFF132C7E6FF885AE1B403E0B77759C5FF7BF48E17A14AEC739C014000000000000F0BF9A5C7DEAFFBF42B9000000000000000014000000000000000000000000000000007C14AE47E17A94BF06000000000000F03F0A0600000000000000000A06344359
310
7025A4F33F110E07656C6C697073650D0563757276650CFFFFFFFF04FFFFFFFF0CFFFFFFFF132C7E6FF885AE1B40A6C3DBF08FADF9BFE1632579270039C014000000000000F0BFDB6CEE36A830153DB8FD26D746C16DBD140E94337333074A3B47B8E607957994BFC5ACAAD79A293DBF06000000000000F03F0A06F0FEFFFF
310
EB49F0BC0A065BBAA5F5E1EDBA3F110E0D4154545249425F435553544F4D0D066174747269620C4B04000004FFFFFFFF0CFFFFFFFF0CFFFFFFFF0CB0020000071667656E657269635F7461675F6174747269625F6465660403000000040300000004FFFFFFFF071767656E657269635F7461675F6174747269625F64656620
310
04010000000402000000070234360400000000040100000004C2FEFFFF0400000000110D04666163650C4C04000004FFFFFFFF0CFFFFFFFF0C0C0200000C290300000C060000000CFFFFFFFF0C4D0400000B0B110E04636F6E650D07737572666163650CFFFFFFFF04FFFFFFFF0CFFFFFFFF13287E6FF885AE1B40A6C3DBF0
310
8FADF9BFE1632579270039C014000000000000F0BF4A893B17C7719CBC00000000000000001465F91B353132423CBEAE7F5F777894BF96F2652D47E2433F06000000000000F03F0B0B06000000000000000006000000000000F03F067B14AE47E17A943F0B0B0B0B0B110D067665727465780CFFFFFFFF04FFFFFFFF0CFFFF
310
FFFF0C4E04000004000000000C4F040000110E07656C6C697073650D0563757276650CFFFFFFFF04FFFFFFFF0CFFFFFFFF13EC40C803BDA821C0FC6AEF599D13EDBF5E18CA9FF80E39C014000000000000F03FFEE4BBF1C980C13C782F58FAA9DD86BC1485C241647F3DB93C9C9B369B7FEBE6BF1DBB30943FF1AD3F060000
310
00000000F03F0A06DACE0797ED42E0BF0A06AD895EA61B2058BF110D06636F656467650CFFFFFFFF04FFFFFFFF0CFFFFFFFF0CB60200000CB50200000C500400000C510400000B0CB702000004000000000CFFFFFFFF110D06636F656467650CFFFFFFFF04FFFFFFFF0CFFFFFFFF0CB90200000C520400000CB50200000C76
310
0300000B0C7B03000004000000000CFFFFFFFF110D04656467650CFFFFFFFF04FFFFFFFF0CFFFFFFFF0C5304000006192D4454FB21E9BF0C1E02000006122D4454FB21E93F0CB50200000C540400000B070E74616E67656E745F6E6F745F6732110D06636F656467650CFFFFFFFF04FFFFFFFF0CFFFFFFFF0C550400000CBD
310
0200000CB60200000C780300000B0C8203000004000000000CFFFFFFFF110D04656467650CFFFFFFFF04FFFFFFFF0CFFFFFFFF0C2102000006112D4454FB21E9BF0C5604000006172D4454FB21E93F0C770300000C570400000B070E74616E67656E745F6E6F745F6732110D04666163650C5804000004FFFFFFFF0CFFFFFF
310
FF0C000200000CB70200000C060000000CFFFFFFFF0C590400000B0B110D06636F656467650CFFFFFFFF04FFFFFFFF0CFFFFFFFF0C520400000CB90200000C5A0400000C5B0400000B0C7B03000004000000000CFFFFFFFF110D046C6F6F700CFFFFFFFF04FFFFFFFF0CFFFFFFFF0CFFFFFFFF0CB90200000C5C040000110D
310
067665727465780CFFFFFFFF04FFFFFFFF0CFFFFFFFF0C5D04000004010000000C5E040000110E07656C6C697073650D0563757276650CFFFFFFFF04FFFFFFFF0CFFFFFFFF132B8CC465B0D122C0A9E0C61A72B40A40DE632579270039C0149A5C7DEAFFBF4239000000000000F0BF000000000000000014F5355457DB6894
310
BFF46AE6EEE0EAE7B8A01C8CDEA3255B3F06000000000000F03F0A06890000002029DB3C0A063ABDA5F5E1EDBA3F110E0D4154545249425F435553544F4D0D066174747269620C5F04000004FFFFFFFF0CFFFFFFFF0CFFFFFFFF0CBB020000071667656E657269635F7461675F6174747269625F6465660403000000040300
310
000004FFFFFFFF071767656E657269635F7461675F6174747269625F6465662004010000000402000000070235300400000000040100000004C2FEFFFF0400000000110D04666163650C6004000004FFFFFFFF0CFFFFFFFF0C5C0400000C610400000C060000000CFFFFFFFF0C620400000B0B110E04636F6E650D07737572
310
666163650CFFFFFFFF04FFFFFFFF0CFFFFFFFF132A8CC465B0D122C0AE69F9E0F465F0BFDE632579270039C0147381AE77D200B6BC000000000000F03F000000000000000014BCAE7F5F777894BF35918D69B1265CBC3FFB652D47E2433F06000000000000F03F0B0B06000000000000000006000000000000F03F067B14AE
310
47E17A943F0B0B0B0B0B110D06636F656467650CFFFFFFFF04FFFFFFFF0CFFFFFFFF0CBD0200000C550400000CC30200000C870300000B0C8203000004000000000CFFFFFFFF110D046C6F6F700CFFFFFFFF04FFFFFFFF0CFFFFFFFF0CFFFFFFFF0CBD0200000C63040000110E07656C6C697073650D0563757276650CFFFF
310
FFFF04FFFFFFFF0CFFFFFFFF131DF557F6F18722C0A9E0C61A72B40A4048E17A14AEC739C0149A5C7DEAFFBF42B9000000000000F03F000000000000000014000000000000000000000000000000007C14AE47E17A94BF06000000000000F03F0A0600000000000000000A066343597025A4F33F110D067665727465780CFF
310
FFFFFF04FFFFFFFF0CFFFFFFFF0C6404000004000000000C65040000110E07656C6C697073650D0563757276650CFFFFFFFF04FFFFFFFF0CFFFFFFFF13650A483D386D21C0AE69F9E0F465F0BF5E18CA9FF80E39C014DA24FF6C84DBB5BC000000000000F03F90BAACE0EF8D7C3C149C9B369B7FEBE6BF37BD7F5FFC84AFBC
310
1DBB30943FF1AD3F06000000000000F03F0A068C512EA61B20583F0A06D4CE0797ED42E03F110D06636F656467650CFFFFFFFF04FFFFFFFF0CFFFFFFFF0C660400000CC30200000C670400000C680400000A0C2902000004000000000CFFFFFFFF110D04656467650CFFFFFFFF04FFFFFFFF0CFFFFFFFF0C6904000006112D
310
4454FB21E9BF0CC502000006132D4454FB21E93F0C810300000C6A0400000B070E74616E67656E745F6E6F745F6732110D06636F656467650CFFFFFFFF04FFFFFFFF0CFFFFFFFF0CC40200000C660400000C6B0400000C6C0400000A0C2902000004000000000CFFFFFFFF110D04656467650CFFFFFFFF04FFFFFFFF0CFFFF
310
FFFF0CCA02000006F92C4454FB21E9BF0C6D04000006062D4454FB21E93F0C6B0300000C6E0400000B070E74616E67656E745F6E6F745F6732110D05706F696E740CFFFFFFFF04FFFFFFFF0CFFFFFFFF131DF557F6F18722C0A9E0C61A72B40A40CDCCCCCCCCCC39C0110E0D4154545249425F435553544F4D0D0661747472
310
69620CFFFFFFFF04FFFFFFFF0CFFFFFFFF0CFFFFFFFF0CC7020000071667656E657269635F7461675F6174747269625F6465660403000000040300000004FFFFFFFF071767656E657269635F7461675F6174747269625F64656620040100000004000000000700040000000004050000000442010000044401000004460100
310
000448010000044B0100000400000000110E0D4154545249425F435553544F4D0D066174747269620C6F04000004FFFFFFFF0CFFFFFFFF0CFFFFFFFF0CC8020000071667656E657269635F7461675F6174747269625F6465660403000000040300000004FFFFFFFF071767656E657269635F7461675F6174747269625F6465
310
662004010000000402000000070232320400000000040100000004C2FEFFFF0400000000110D046C6F6F700CFFFFFFFF04FFFFFFFF0CFFFFFFFF0CFFFFFFFF0C700400000CC8020000110E04636F6E650D07737572666163650CFFFFFFFF04FFFFFFFF0CFFFFFFFF13EC40C803BDA821C06DB105E545310E4048E17A14AEC7
310
39C014000000000000F03F9A5C7DEAFFBF42390000000000000000144305F87C7DA5DBB8D0BACF6D7597873F4B38DDFBE8BD90BF06000000000000F03F0B0B06000000000000000006000000000000F03F067C14AE47E17A943F0B0B0B0B0B110D05706F696E740CFFFFFFFF04FFFFFFFF0CFFFFFFFF132C7E6FF885AE1B40
310
3E0B77759C5FF7BFCDCCCCCCCCCC39C0110E0D4154545249425F435553544F4D0D066174747269620CFFFFFFFF04FFFFFFFF0CFFFFFFFF0CFFFFFFFF0CCC020000071667656E657269635F7461675F6174747269625F6465660403000000040300000004FFFFFFFF071767656E657269635F7461675F6174747269625F6465
310
6620040100000004000000000700040000000004050000000442010000044401000004460100000448010000044B0100000400000000110E0D4154545249425F435553544F4D0D066174747269620C7104000004FFFFFFFF0CFFFFFFFF0CFFFFFFFF0CCD020000071667656E657269635F7461675F6174747269625F646566
310
0403000000040300000004FFFFFFFF071767656E657269635F7461675F6174747269625F6465662004010000000402000000070232360400000000040100000004C2FEFFFF0400000000110D04666163650C7204000004FFFFFFFF0CFFFFFFFF0C730400000C6C0300000C060000000CFFFFFFFF0C740400000B0B110D046C
310
6F6F700CFFFFFFFF04FFFFFFFF0CFFFFFFFF0CFFFFFFFF0C750400000CCD020000110E04636F6E650D07737572666163650CFFFFFFFF04FFFFFFFF0CFFFFFFFF138CE68EDDEF6C1D40A1E0C61A72B40A4048E17A14AEC739C0149A5C7DEAFFBF4239000000000000F0BF00000000000000001475BCCF6D7597873F3107F87C
310
7DA5DB38B737DDFBE8BD90BF06000000000000F03F0B0B06000000000000000006000000000000F03F067C14AE47E17A943F0B0B0B0B0B110D06636F656467650CFFFFFFFF04FFFFFFFF0CFFFFFFFF0C760400000CD00200000C660400000C770400000B0C3302000004000000000CFFFFFFFF110D06636F656467650CFFFF
310
FFFF04FFFFFFFF0CFFFFFFFF0CD00200000C760400000C780400000C790400000B0C3302000004000000000CFFFFFFFF110D06636F656467650CFFFFFFFF04FFFFFFFF0CFFFFFFFF0C7A0400000C6B0400000CD00200000C980300000A0C9303000004000000000CFFFFFFFF110D04656467650CFFFFFFFF04FFFFFFFF0CFF
310
FFFFFF0C7B0400000661030000600122BD0C7C04000006AA42597025A4F33F0CD00200000C7D0400000B070E74616E67656E745F6E6F745F6732110E0D4154545249425F435553544F4D0D066174747269620CFFFFFFFF04FFFFFFFF0CFFFFFFFF0CFFFFFFFF0CD2020000071667656E657269635F7461675F617474726962
310
5F6465660403000000040300000004FFFFFFFF071767656E657269635F7461675F6174747269625F64656620040100000004020000000702383504000000000401000000044E0100000400000000110D04666163650C7E04000004FFFFFFFF0CFFFFFFFF0C7F0400000C800400000C060000000CFFFFFFFF0C810400000A0B
310
110D046C6F6F700CFFFFFFFF04FFFFFFFF0CFFFFFFFF0CFFFFFFFF0C820400000CD2020000110E05706C616E650D07737572666163650CFFFFFFFF04FFFFFFFF0CFFFFFFFF13B8EF146FF037E23F39D80A41ECCBFA3F3333333333B338C0148B75CD58E5F960BD000000000000F03F8B75CD58E5F920BA14000000000000F0
310
3F8B75CD58E5F9603D774D6BFFFF2FB23C0B0B0B0B0B110D06636F656467650CFFFFFFFF04FFFFFFFF0CFFFFFFFF0C830400000C840400000C850400000C860400000A0CD302000004000000000CFFFFFFFF110D06636F656467650CFFFFFFFF04FFFFFFFF0CFFFFFFFF0CE10200000CD50200000CD70200000CA00300000A
310
0C3702000004000000000CFFFFFFFF110D06636F656467650C8704000004FFFFFFFF0CFFFFFFFF0CD70200000CD60200000CEC0200000CB40300000A0CAD01000004000000000CFFFFFFFF110D04656467650CFFFFFFFF04FFFFFFFF0CFFFFFFFF0C880400000600000000000000000CA103000006403333333333D33F0C9E
310
0300000C890400000B0707756E6B6E6F776E110D067665727465780CFFFFFFFF04FFFFFFFF0CFFFFFFFF0CD902000004010000000C8A040000110E0873747261696768740D0563757276650CFFFFFFFF04FFFFFFFF0CFFFFFFFF138600D09EECFC0F40570638273660004000000000000039C0148FA8020BAA04613D000000
310
000000F0BF00000000000000000B0B110E0D4154545249425F435553544F4D0D066174747269620CFFFFFFFF04FFFFFFFF0CFFFFFFFF0CFFFFFFFF0CDA0200000711736B657463685F6174747269625F646566040100000004010000000403000000070D32353420302031203020312031110D06636F656467650CFFFFFFFF
310
04FFFFFFFF0CFFFFFFFF0CDF0200000CEC0200000CDA0200000CA50300000B0C4D02000004000000000CFFFFFFFF110D04656467650CFFFFFFFF04FFFFFFFF0CFFFFFFFF0CA603000006FF83F856F0CF03400CE402000006B99E199BFF9607400CA40300000C8B0400000B0707756E6B6E6F776E110D067665727465780CFF
310
FFFFFF04FFFFFFFF0CFFFFFFFF0CB403000004010000000C8C040000110E0873747261696768740D0563757276650CFFFFFFFF04FFFFFFFF0CFFFFFFFF130002D09EECFC0F400753D6773134FB3F3333333333B338C01400000000000000000000000000000000000000000000F0BF0B0B110D05706F696E740CFFFFFFFF04
310
FFFFFFFF0CFFFFFFFF130002D09EECFC0F400753D6773134FB3F00000000000039C0110D06636F656467650CFFFFFFFF04FFFFFFFF0CFFFFFFFF0CEC0200000CDF0200000CE10200000CAC0300000B0C4D02000004000000000CFFFFFFFF110E0873747261696768740D0563757276650CFFFFFFFF04FFFFFFFF0CFFFFFFFF
310
13F18E78F1FDE1114083581091D4DAF63F3333333333B338C0148FA8020BAA04613D000000000000F0BF00000000000000000B0B110E0D4154545249425F435553544F4D0D066174747269620CFFFFFFFF04FFFFFFFF0CFFFFFFFF0CFFFFFFFF0CE10200000711736B657463685F6174747269625F64656604010000000401
310
0000000403000000070D32353020302031203020312031110D04656467650CFFFFFFFF04FFFFFFFF0CFFFFFFFF0CE2020000065D1109F977B305C00C8804000006A1F6E7B468EC01C00CA90300000C8D0400000B0707756E6B6E6F776E110D05706F696E740CFFFFFFFF04FFFFFFFF0CFFFFFFFF13609078F1FDE1114042D8
310
A3CEE82FE83F3333333333B338C0110D05706F696E740CFFFFFFFF04FFFFFFFF0CFFFFFFFF135D8E78F1FDE111400957D6773134FB3F3333333333B338C0110E0873747261696768740D0563757276650CFFFFFFFF04FFFFFFFF0CFFFFFFFF13C9B8E4E248BC02C07064A3CEE82FE83F00000000000039C014000000000000
310
F03F000000C06D00613D00000000000000000B0B110D046C6F6F700CFFFFFFFF04FFFFFFFF0CFFFFFFFF0C8E0400000C8F0400000C3E000000110D06636F656467650CFFFFFFFF04FFFFFFFF0CFFFFFFFF0C900400000C910400000C920400000C930400000B0CE702000004000000000CFFFFFFFF110D046C6F6F700CFFFF
310
FFFF04FFFFFFFF0CFFFFFFFF0C940400000C950400000C54000000110D06636F656467650CFFFFFFFF04FFFFFFFF0CFFFFFFFF0C960400000C970400000C980400000C990400000B0CEB02000004000000000CFFFFFFFF110D04656467650CFFFFFFFF04FFFFFFFF0CFFFFFFFF0C880400000668B7E10B0DA6C9BF0CA60300
310
0006FA6710DEF6CEE73F0CEC0200000C9A0400000B0707756E6B6E6F776E110E0D4154545249425F435553544F4D0D066174747269620CFFFFFFFF04FFFFFFFF0CFFFFFFFF0CFFFFFFFF0CEE020000071667656E657269635F7461675F6174747269625F6465660403000000040300000004FFFFFFFF071767656E65726963
310
5F7461675F6174747269625F64656620040100000004000000000700040000000004050000000442010000044401000004460100000448010000044B0100000400000000110E0D4154545249425F435553544F4D0D066174747269620C9B04000004FFFFFFFF0CFFFFFFFF0CFFFFFFFF0CEF020000071667656E657269635F
310
7461675F6174747269625F6465660403000000040300000004FFFFFFFF071767656E657269635F7461675F6174747269625F64656620040100000004010000000701390400000000040100000004C2FEFFFF0400000000110D04666163650C9C04000004FFFFFFFF0CFFFFFFFF0C9D0400000C9E0400000C060000000CFFFF
310
FFFF0C9F0400000B0B110D046C6F6F700CFFFFFFFF04FFFFFFFF0CFFFFFFFF0CFFFFFFFF0CA00400000CEF020000110E05706C616E650D07737572666163650CFFFFFFFF04FFFFFFFF0CFFFFFFFF13B80E843CD08BEEBF7E36C6ADC132F1BF5C8FC2F528DC38C0149A5C7DEAFFBF42B9000000000000F03F00000000000000
310
0014000000000000000000000000000000009A9999999999B93F0B0B0B0B0B110D06636F656467650CFFFFFFFF04FFFFFFFF0CFFFFFFFF0CA10400000CA20400000CA30400000CA40400000B0CF002000004000000000CFFFFFFFF110D06636F656467650CFFFFFFFF04FFFFFFFF0CFFFFFFFF0CA50400000CF20200000CA2
310
0400000CA60400000B0C5102000004000000000CFFFFFFFF110D06636F656467650CFFFFFFFF04FFFFFFFF0CFFFFFFFF0CF20200000CA50400000CF30200000CC00300000B0C5102000004000000000CFFFFFFFF110D06636F656467650CFFFFFFFF04FFFFFFFF0CFFFFFFFF0CF50200000CA30400000CF20200000CBE0300
310
000A0CFC02000004000000000CFFFFFFFF110D04656467650CFFFFFFFF04FFFFFFFF0CFFFFFFFF0CC10300000646C300B96D568DBC0CA704000006000000000000F03F0CBD0300000CA80400000B0707756E6B6E6F776E110D06636F656467650CFFFFFFFF04FFFFFFFF0CFFFFFFFF0CF40200000CF30200000CA90400000C
310
AA0400000A0CC801000004000000000CFFFFFFFF110D04656467650CFFFFFFFF04FFFFFFFF0CFFFFFFFF0CAB0400000600000000000000000CC103000006F4FFFFFFFFFFEF3F0CF30200000CAC0400000B070E74616E67656E745F6E6F745F6732110D067665727465780CFFFFFFFF04FFFFFFFF0CFFFFFFFF0CBE03000004
310
000000000CAD040000110E07656C6C697073650D0563757276650CFFFFFFFF04FFFFFFFF0CFFFFFFFF13EC40C803BDA821C0B669F9E0F465F0BF3333333333B338C01400000000000000000000000000000000000000000000F0BF14A49999999999D93F036195DDFFFF2D39000000000000000006000000000000F03F0A06
310
1B2D4454FB21F93F0A061B2D4454FB210940110D06636F656467650CFFFFFFFF04FFFFFFFF0CFFFFFFFF0CA90400000CAE0400000CF70200000CC40300000B0CAF04000004000000000CFFFFFFFF110D04656467650CFFFFFFFF04FFFFFFFF0CFFFFFFFF0CCA0300000600000000000000000CC503000006000000000000F0
310
3F0CF70200000CB00400000B0707756E6B6E6F776E110D067665727465780CFFFFFFFF04FFFFFFFF0CFFFFFFFF0CF802000004010000000CB1040000110E0873747261696768740D0563757276650CFFFFFFFF04FFFFFFFF0CFFFFFFFF13EC40C803BDA821C01ED05F475BCCF6BF3333333333B338C0140000000000000000
310
00000000000000009A9999999999A93F0A0600000000000000000A06F4FFFFFFFFFFEF3F110D06636F656467650CFFFFFFFF04FFFFFFFF0CFFFFFFFF0C1B0300000CF90200000CAE0400000CB20400000A0CC903000004000000000CFFFFFFFF110D06636F656467650CFFFFFFFF04FFFFFFFF0CFFFFFFFF0CF90200000C1B
310
0300000CFB0200000CCC0300000B0CC903000004000000000CFFFFFFFF110D046C6F6F700CFFFFFFFF04FFFFFFFF0CFFFFFFFF0CFFFFFFFF0CC80300000CB3040000110D067665727465780CFFFFFFFF04FFFFFFFF0CFFFFFFFF0CC403000004000000000CB4040000110E0873747261696768740D0563757276650CFFFFFF
310
FF04FFFFFFFF0CFFFFFFFF13287E6FF885AE1B4016D05F475BCCF6BF3333333333B338C014000000000000000000000000000000009A9999999999A93F0A0600000000000000000A06F4FFFFFFFFFFEF3F110D04656467650CFFFFFFFF04FFFFFFFF0CFFFFFFFF0C21030000062A2D4454FB21F93F0CFD020000062C2D4454
310
FB2109400CFB0200000CB50400000B0707756E6B6E6F776E110D06636F656467650CFFFFFFFF04FFFFFFFF0CFFFFFFFF0CA30400000C1F0300000CB60400000CB70400000A0CFC02000004000000000CFFFFFFFF110D05706F696E740CFFFFFFFF04FFFFFFFF0CFFFFFFFF13287E6FF885AE1B4016D05F475BCCF6BF333333
310
3333B338C0110D05706F696E740CFFFFFFFF04FFFFFFFF0CFFFFFFFF13EC40C803BDA821C01ED05F475BCCF6BF3333333333B338C0110D06636F656467650CFFFFFFFF04FFFFFFFF0CFFFFFFFF0CD00300000CD00300000C020300000CD10300000B0CB804000004000000000CFFFFFFFF110D04656467650CFFFFFFFF04FF
310
FFFFFF0CFFFFFFFF0CB904000006182D4454FB2109C00CB904000006182D4454FB2109400CD00300000CBA0400000B0707756E6B6E6F776E110E0D4154545249425F435553544F4D0D066174747269620CFFFFFFFF04FFFFFFFF0CFFFFFFFF0CFFFFFFFF0C04030000071667656E657269635F7461675F6174747269625F64
310
65660403000000040300000004FFFFFFFF071767656E657269635F7461675F6174747269625F646566200401000000040100000007013404000000000401000000044E0100000400000000110D04666163650CBB04000004FFFFFFFF0CFFFFFFFF0CBC0400000CBD0400000C060000000CFFFFFFFF0CBE0400000A0B110D04
310
6C6F6F700CFFFFFFFF04FFFFFFFF0CFFFFFFFF0CBF0400000CC00400000C04030000110E04636F6E650D07737572666163650CFFFFFFFF04FFFFFFFF0CFFFFFFFF13B8AF3C08AD791FC0D06C0CDE700AD2BF3433333333B338C01400000000000000000000000000000000000000000000F0BF1480C8E2EB8A15C53F10DF65
310
3A7467363D000000000000000006000000000000F03F0B0B06000000000000000006000000000000F03F0680C8E2EB8A15C53F0B0B0B0B0B110D046C6F6F700CFFFFFFFF04FFFFFFFF0CFFFFFFFF0C7F0100000C060300000C3E000000110D067665727465780CFFFFFFFF04FFFFFFFF0CFFFFFFFF0C070300000400000000
310
0CC1040000110E07656C6C697073650D0563757276650CFFFFFFFF04FFFFFFFF0CFFFFFFFF134D7CA7534A8021C07CDA45852EA90A4000000000000039C01400000000000000800000000000000080000000000000F03F14606666666666D2BF2C3333034B8D43BD000000000000000006000000000000F03F0B0B110D046C
310
6F6F700CFFFFFFFF04FFFFFFFF0CFFFFFFFF0CC20400000CE20300000C3E000000110D05706F696E740CFFFFFFFF04FFFFFFFF0CFFFFFFFF1338FF043C115B1C40B9DB45852EA90A4000000000000039C0110E0D4154545249425F435553544F4D0D066174747269620CFFFFFFFF04FFFFFFFF0CFFFFFFFF0CFFFFFFFF0C0C
310
030000071667656E657269635F7461675F6174747269625F6465660403000000040300000004FFFFFFFF071767656E657269635F7461675F6174747269625F646566200401000000040100000007013904000000000401000000044E0100000400000000110D04666163650CC304000004FFFFFFFF0CFFFFFFFF0CC4040000
310
0CC50400000C060000000CFFFFFFFF0CC60400000A0B110D046C6F6F700CFFFFFFFF04FFFFFFFF0CFFFFFFFF0CC70400000CC80400000C0C030000110E04636F6E650D07737572666163650CFFFFFFFF04FFFFFFFF0CFFFFFFFF130F1BE00313480CC074D90BDE700AD2BF3333333333B338C0140000000000000000000000
310
0000000000000000000000F0BF1480C8E2EB8A15C53F10DF653A7467363D000000000000000006000000000000F03F0B0B06000000000000000006000000000000F03F0680C8E2EB8A15C53F0B0B0B0B0B110D046C6F6F700CFFFFFFFF04FFFFFFFF0CFFFFFFFF0CFFFFFFFF0CC90400000C69020000110D06636F65646765
310
0CFFFFFFFF04FFFFFFFF0CFFFFFFFF0CE00300000CE00300000CCA0400000CCB0400000A0C0D03000004000000000CFFFFFFFF110D06636F656467650CCC04000004FFFFFFFF0CFFFFFFFF0CE10300000CE10300000CCD0400000CCE0400000A0C0F03000004000000000CFFFFFFFF110D06636F656467650CFFFFFFFF04FF
310
FFFFFF0CFFFFFFFF0CE20300000CE20300000C100300000CE30300000B0CD903000004000000000CFFFFFFFF110D04656467650CFFFFFFFF04FFFFFFFF0CFFFFFFFF0CCF04000006182D4454FB2109C00CCF04000006182D4454FB2109400CE20300000CD00400000B0707756E6B6E6F776E110E0D4154545249425F435553
310
544F4D0D066174747269620CFFFFFFFF04FFFFFFFF0CFFFFFFFF0CFFFFFFFF0C12030000071667656E657269635F7461675F6174747269625F6465660403000000040300000004FFFFFFFF071767656E657269635F7461675F6174747269625F64656620040100000004000000000700040000000004050000000442010000
310
044401000004460100000448010000044B0100000400000000110E0D4154545249425F435553544F4D0D066174747269620CD104000004FFFFFFFF0CFFFFFFFF0CFFFFFFFF0C13030000071667656E657269635F7461675F6174747269625F6465660403000000040300000004FFFFFFFF071767656E657269635F7461675F
310
6174747269625F6465662004010000000402000000070237300400000000040100000004C2FEFFFF0400000000110D04666163650CD204000004FFFFFFFF0CFFFFFFFF0CD30400000CD40400000C060000000CFFFFFFFF0CD50400000A0B110D046C6F6F700CFFFFFFFF04FFFFFFFF0CFFFFFFFF0CFFFFFFFF0CD60400000C
310
13030000110E05746F7275730D07737572666163650CFFFFFFFF04FFFFFFFF0CFFFFFFFF132C7E6FF885AE1B40A7E0C61A72B40A405D18CA9FF80E39C0142DAC0EA76916093D292AC5D19264DFBC000000000000F03F0617421B4063C2BDBF06BE42193206FFE63F14000000000000F03F9A5C7DEAFFBF42392DAC0EA76916
310
09BD0B0B0B0B0B110D06636F656467650CFFFFFFFF04FFFFFFFF0CFFFFFFFF0C1D0300000CD70400000C1F0300000CF60300000B0C1403000004000000000CFFFFFFFF110D06636F656467650CFFFFFFFF04FFFFFFFF0CFFFFFFFF0CD80400000CD60400000C170300000CEB0300000B0CE703000004000000000CFFFFFFFF
310
110D04656467650CFFFFFFFF04FFFFFFFF0CFFFFFFFF0CED03000006DFCE0797ED42E0BF0C0404000006FA4A5EA61B2058BF0C170300000CD90400000B070E74616E67656E745F6E6F745F6732110D06636F656467650CFFFFFFFF04FFFFFFFF0CFFFFFFFF0C370300000C180300000CDA0400000CDB0400000A0C38030000
310
04000000000CFFFFFFFF110D067665727465780CFFFFFFFF04FFFFFFFF0CFFFFFFFF0CDB04000004010000000CDC040000110E0873747261696768740D0563757276650CFFFFFFFF04FFFFFFFF0CFFFFFFFF133C8E88DA1A9B1D40B669F9E0F465F0BF58C4B247ACA838C014F93B2382997364B9C0CAA145B6731140000000
310
00000000000A067592C04AD200A63C0A06000000000000F03F110D06636F656467650CFFFFFFFF04FFFFFFFF0CFFFFFFFF0CAE0400000CDD0400000C1A0300000CF00300000B0CAF04000004000000000CFFFFFFFF110D04656467650CFFFFFFFF04FFFFFFFF0CFFFFFFFF0CF40300000600000000000000000CF103000006
310
000000000000F03F0CEF0300000CDE0400000B0707756E6B6E6F776E110D067665727465780CFFFFFFFF04FFFFFFFF0CFFFFFFFF0CB204000004000000000CDF040000110E0873747261696768740D0563757276650CFFFFFFFF04FFFFFFFF0CFFFFFFFF13C41709921F481D40AE69F9E0F465F0BF3333333333B338C01400
310
0000000000000000000000000000009A9999999999A93F0A0600000000000000000A06F4FFFFFFFFFFEF3F110D06636F656467650CFFFFFFFF04FFFFFFFF0CFFFFFFFF0CD70400000C1D0300000CDD0400000CE00400000A0C1403000004000000000CFFFFFFFF110D067665727465780CFFFFFFFF04FFFFFFFF0CFFFFFFFF
310
0CE004000004010000000CE1040000110E0873747261696768740D0563757276650CFFFFFFFF04FFFFFFFF0CFFFFFFFF13C01709921F481D40A5E0C61A72B40A403333333333B338C014000000000000000000000000000000009A9999999999A93F0A0600000000000000000A06F4FFFFFFFFFFEF3F110D04656467650CFF
310
FFFFFF04FFFFFFFF0CFFFFFFFF0CE204000006182D4454FB21F93F0C20030000061F2D4454FB2109400C1F0300000CE30400000B0707756E6B6E6F776E110D05706F696E740CFFFFFFFF04FFFFFFFF0CFFFFFFFF13C81709921F481D40A5E0C61A72B40A403333333333B338C0110D05706F696E740CFFFFFFFF04FFFFFFFF
310
0CFFFFFFFF13C81709921F481D40AE69F9E0F465F0BF3333333333B338C0110E0873747261696768740D0563757276650CFFFFFFFF04FFFFFFFF0CFFFFFFFF13C41709921F481D40AE69F9E0F465F0BFCDCCCCCCCCCC39C014000000000000000000000000000000009A9999999999E93F0A0600000000000000000A060000
310
00000000F03F110D05706F696E740CFFFFFFFF04FFFFFFFF0CFFFFFFFF13C41709921F481D40AE69F9E0F465F0BF00000000000039C0110D05706F696E740CFFFFFFFF04FFFFFFFF0CFFFFFFFF13C41709921F481D40AE69F9E0F465F0BFCDCCCCCCCCCC39C0110D06636F656467650CFFFFFFFF04FFFFFFFF0CFFFFFFFF0C
310
E40400000C310300000C280300000C330300000A0C6303000004000000000CFFFFFFFF110D06636F656467650CFFFFFFFF04FFFFFFFF0CFFFFFFFF0C2C0300000C3B0300000CE50400000C4E0400000A0C3C03000004000000000CFFFFFFFF110E0873747261696768740D0563757276650CFFFFFFFF04FFFFFFFF0CFFFFFF
310
FF13EC40C803BDA821C0FEA95D694818F8BF58C4B247ACA838C014FFFFFFFFFF7F2F402767D3EAFF74823900000000000000000A0600000000000000000A06000000000000F03F110E0873747261696768740D0563757276650CFFFFFFFF04FFFFFFFF0CFFFFFFFF132C7E6FF885AE1B407E14395E33FFF9BFB1E995E2BAFF
310
38C0140000000000802FC02767D3EAFF7482B900000000000000000A0600000000000000000A06010000000000F03F110E0D4154545249425F435553544F4D0D066174747269620CE604000004FFFFFFFF0CFFFFFFFF0CFFFFFFFF0C2F030000071667656E657269635F7461675F6174747269625F64656604030000000403
310
00000004FFFFFFFF071767656E657269635F7461675F6174747269625F6465662004010000000402000000070234310400000000040100000004C2FEFFFF0400000000110D04666163650CE704000004FFFFFFFF0CFFFFFFFF0CE80400000C5D0300000C060000000CFFFFFFFF0CE90400000B0B110E04636F6E650D077375
310
72666163650CFFFFFFFF04FFFFFFFF0CFFFFFFFF13287E6FF885AE1B40EC6AEF599D13EDBF5E18CA9FF80E39C014000000000000F0BF4A893B17C7719CBC0000000000000000147A5691DB8D5F943C9C9B369B7FEBE6BF1DBB30943FF1AD3F06000000000000F03F0B0B06000000000000000006000000000000F03F06ED42
310
193206FFE63F0B0B0B0B0B110D06636F656467650CFFFFFFFF04FFFFFFFF0CFFFFFFFF0C310300000CE40400000CEA0400000CEB0400000B0C6303000004000000000CFFFFFFFF110D067665727465780CFFFFFFFF04FFFFFFFF0CFFFFFFFF0CEB04000004010000000CEC040000110E0873747261696768740D0563757276
310
650CFFFFFFFF04FFFFFFFF0CFFFFFFFF13DC68BF97D5141E40A5E0C61A72B40A40B2E995E2BAFF38C014F93B238299736439BFCAA145B67311C000000000000000000A0600000000000000000A06000000000000F03F110D067665727465780CFFFFFFFF04FFFFFFFF0CFFFFFFFF0CED04000004000000000CEE040000110E
310
07656C6C697073650D0563757276650CFFFFFFFF04FFFFFFFF0CFFFFFFFF139C1468BC6C001E40B669F9E0F465F0BF91642579270039C0141208AA44D27C0A3D000000000000F0BFE327FC63CC98623D1403B6E6079579943FF074A3C8D0B74DBBDF14ACD79A293DBF06000000000000F03F0A06EA0300003050DB3C0A066B
310
0BA5F5E1EDBA3F110D06636F656467650CFFFFFFFF04FFFFFFFF0CFFFFFFFF0CEF0400000C350300000C370300000C0C0400000A0C0A04000004000000000CFFFFFFFF110D06636F656467650CFFFFFFFF04FFFFFFFF0CFFFFFFFF0C350300000CF00400000C3B0300000C0F0400000A0C0A04000004000000000CFFFFFFFF
310
110D046C6F6F700CFFFFFFFF04FFFFFFFF0CFFFFFFFF0CAF0400000CF10400000CF2040000110E07656C6C697073650D0563757276650CFFFFFFFF04FFFFFFFF0CFFFFFFFF132C7E6FF885AE1B40AE69F9E0F465F0BF6666666666A638C01400000000000000000000000000000000000000000000F0BF14F4CE1D4A5804D5
310
3F1DCF1D4A5804D5BF000000000000000006000000000000F03F0A061A2D4454FB21E9BF0A063E2D4454FB21E93F110D04656467650CFFFFFFFF04FFFFFFFF0CFFFFFFFF0CF30400000600000000000000000C3903000006000000000000F03F0C370300000CF40400000B070E74616E67656E745F6E6F745F6732110D0466
310
6163650CF504000004FFFFFFFF0CFFFFFFFF0C890200000C380300000C060000000CFFFFFFFF0CF60400000B0B110D05706F696E740CFFFFFFFF04FFFFFFFF0CFFFFFFFF13900B1547158A1D40AE69F9E0F465F0BF6666666666A638C0110D04656467650CFFFFFFFF04FFFFFFFF0CFFFFFFFF0C3D03000006000000000000
310
00000CF704000006000000000000F03F0C3B0300000CF80400000B070E74616E67656E745F6E6F745F6732110D04666163650CF904000004FFFFFFFF0CFFFFFFFF0C0D0400000C3C0300000C060000000CFFFFFFFF0CFA0400000B0B110D05706F696E740CFFFFFFFF04FFFFFFFF0CFFFFFFFF13287E6FF885AE1B404E9F8F
310
1B32D4F7BF6666666666A638C0110E0D4154545249425F435553544F4D0D066174747269620CFFFFFFFF04FFFFFFFF0CFFFFFFFF0CFFFFFFFF0C3F030000071667656E657269635F7461675F6174747269625F6465660403000000040300000004FFFFFFFF071767656E657269635F7461675F6174747269625F6465662004
310
0100000004000000000700040000000004050000000442010000044401000004460100000448010000044B0100000400000000110D06636F656467650CFFFFFFFF04FFFFFFFF0CFFFFFFFF0CFB0400000CFC0400000C410300000C140400000A0CD404000004000000000CFFFFFFFF110D04656467650CFFFFFFFF04FFFFFF
310
FF0CFFFFFFFF0C1F04000006182D4454FB21F93F0C16040000061F2D4454FB2109400C410300000CFD0400000B0707756E6B6E6F776E110D06636F656467650CFFFFFFFF04FFFFFFFF0CFFFFFFFF0C450300000C420300000CFC0400000CFE0400000A0C6F02000004000000000CFFFFFFFF110D067665727465780CFFFFFF
310
FF04FFFFFFFF0CFFFFFFFF0C1404000004010000000CFF040000110E0873747261696768740D0563757276650CFFFFFFFF04FFFFFFFF0CFFFFFFFF13C41709921F481D40A5E0C61A72B40A4000000000000039C014F93B238299736439BFCAA145B67311C000000000000000000A0600000000000000000A06000000000000
310
F03F110D06636F656467650CFFFFFFFF04FFFFFFFF0CFFFFFFFF0CFC0400000CFB0400000C440300000C190400000B0CD404000004000000000CFFFFFFFF110D04656467650CFFFFFFFF04FFFFFFFF0CFFFFFFFF0C3204000006182D4454FB21F93F0C1A040000061F2D4454FB2109400C440300000C000500000B0707756E
310
6B6E6F776E110D067665727465780CFFFFFFFF04FFFFFFFF0CFFFFFFFF0C4603000004000000000C01050000110E0873747261696768740D0563757276650CFFFFFFFF04FFFFFFFF0CFFFFFFFF13C41709921F481D40A5E0C61A72B40A40CDCCCCCCCCCC39C014F93B238299736439BFCAA145B67311C00000000000000000
310
0A0600000000000000000A06000000000000F03F110D06636F656467650CFFFFFFFF04FFFFFFFF0CFFFFFFFF0C510300000C470300000C490300000C210400000A0C1E04000004000000000CFFFFFFFF110D06636F656467650CFFFFFFFF04FFFFFFFF0CFFFFFFFF0C470300000C510300000CFB0400000C020500000B0C1E
310
04000004000000000CFFFFFFFF110D046C6F6F700CFFFFFFFF04FFFFFFFF0CFFFFFFFF0CFFFFFFFF0C1D0400000C03050000110D067665727465780CFFFFFFFF04FFFFFFFF0CFFFFFFFF0C4803000004010000000C04050000110E0873747261696768740D0563757276650CFFFFFFFF04FFFFFFFF0CFFFFFFFF13ED40C803
310
BDA821C0DB13FA4DA5E70D4000000000000039C0140000000000802F402767D3EAFF74823900000000000000000A0600000000000000000A06010000000000F03F110D04656467650CFFFFFFFF04FFFFFFFF0CFFFFFFFF0C530300000600000000000000000C4A03000006000000000000F03F0C1C0400000C050500000B07
310
0E74616E67656E745F6E6F745F6732110D05706F696E740CFFFFFFFF04FFFFFFFF0CFFFFFFFF13ED40C803BDA821C0DB13FA4DA5E70D4000000000000039C0110D06636F656467650CFFFFFFFF04FFFFFFFF0CFFFFFFFF0C060500000C4C0300000C070500000C080500000A0C9302000004000000000CFFFFFFFF110D0663
310
6F656467650CFFFFFFFF04FFFFFFFF0CFFFFFFFF0C4C0300000C060500000C090500000C0A0500000A0C9302000004000000000CFFFFFFFF110D06636F656467650CFFFFFFFF04FFFFFFFF0CFFFFFFFF0C0B0500000C0C0500000C4C0300000C260400000B0C0D05000004000000000CFFFFFFFF110D04656467650CFFFFFF
310
FF04FFFFFFFF0CFFFFFFFF0C0E05000006EC2C4454FB21E9BF0C0F050000063C2B4454FB21E93F0C250400000C100500000B0707756E6B6E6F776E110D06636F656467650CFFFFFFFF04FFFFFFFF0CFFFFFFFF0C4E0300000C4D0300000CA00400000C110500000A0CFE01000004000000000CFFFFFFFF110D06636F656467
310
650CFFFFFFFF04FFFFFFFF0CFFFFFFFF0C120500000C130500000C4D0300000C290400000B0C9E04000004000000000CFFFFFFFF110D04656467650CFFFFFFFF04FFFFFFFF0CFFFFFFFF0C1405000006602C4454FB21E9BF0C2F04000006592D4454FB21E93F0C280400000C150500000B0707756E6B6E6F776E110D06636F
310
656467650CFFFFFFFF04FFFFFFFF0CFFFFFFFF0C160500000C170500000C4E0300000C2B0400000B0C1805000004000000000CFFFFFFFF110D04656467650CFFFFFFFF04FFFFFFFF0CFFFFFFFF0C3004000006662C4454FB21E9BF0C1905000006522D4454FB21E93F0C2A0400000C1A0500000B0707756E6B6E6F776E110D
310
06636F656467650CFFFFFFFF04FFFFFFFF0CFFFFFFFF0C1B0500000C4F0300000C170500000C1C0500000B0C2E04000004000000000CFFFFFFFF110D06636F656467650CFFFFFFFF04FFFFFFFF0CFFFFFFFF0C4F0300000C1B0500000C120500000C1D0500000A0C2E04000004000000000CFFFFFFFF110D046C6F6F700CFF
310
FFFFFF04FFFFFFFF0CFFFFFFFF0CFFFFFFFF0C4F0300000C1E050000110D067665727465780CFFFFFFFF04FFFFFFFF0CFFFFFFFF0C2904000004010000000C1F050000110D067665727465780CFFFFFFFF04FFFFFFFF0CFFFFFFFF0C2B04000004000000000C20050000110E0873747261696768740D0563757276650CFFFF
310
FFFF04FFFFFFFF0CFFFFFFFF13B00E843CD08BE6BF16D05F475BCCF2BF00000000000039C014000000000000E0BF9A5C7DEAFFBF32B900000000000000000A0600000000000000000A06000000000000F03F110D067665727465780CFFFFFFFF04FFFFFFFF0CFFFFFFFF0C1904000004000000000C21050000110E08737472
310
61696768740D0563757276650CFFFFFFFF04FFFFFFFF0CFFFFFFFF13ED40C803BDA821C0DB13FA4DA5E70D40CDCCCCCCCCCC39C0140000000000802F402767D3EAFF74823900000000000000000A0600000000000000000A06010000000000F03F110D05706F696E740CFFFFFFFF04FFFFFFFF0CFFFFFFFF13ED40C803BDA8
310
21C0DB13FA4DA5E70D40CDCCCCCCCCCC39C0110E0D4154545249425F435553544F4D0D066174747269620CFFFFFFFF04FFFFFFFF0CFFFFFFFF0CFFFFFFFF0C56030000071667656E657269635F7461675F6174747269625F6465660403000000040300000004FFFFFFFF071767656E657269635F7461675F6174747269625F
310
64656620040100000004000000000700040000000004050000000442010000044401000004460100000448010000044B0100000400000000110E0D4154545249425F435553544F4D0D066174747269620C2205000004FFFFFFFF0CFFFFFFFF0CFFFFFFFF0C57030000071667656E657269635F7461675F6174747269625F64
310
65660403000000040300000004FFFFFFFF071767656E657269635F7461675F6174747269625F6465662004010000000402000000070233340400000000040100000004C2FEFFFF0400000000110D04666163650C2305000004FFFFFFFF0CFFFFFFFF0C240500000C250500000C060000000CFFFFFFFF0C260500000B0B110D
310
046C6F6F700CFFFFFFFF04FFFFFFFF0CFFFFFFFF0CFFFFFFFF0C270500000C57030000110E04636F6E650D07737572666163650CFFFFFFFF04FFFFFFFF0CFFFFFFFF13A1071BAB849622C0AE69F9E0F465F0BFEC51B81E85AB38C0147381AE77D200B6BC000000000000F03F00000000000000001455967E7F394C83BFCA1C
310
1AE8CC894ABC1D1B6E4A8910923F06000000000000F03F0B0B06000000000000000006000000000000F03F067B14AE47E17A943F0B0B0B0B0B110D06636F656467650CFFFFFFFF04FFFFFFFF0CFFFFFFFF0C280500000C290500000C2A0500000C2B0500000B0C5803000004000000000CFFFFFFFF110E0D4154545249425F
310
435553544F4D0D066174747269620C2C05000004FFFFFFFF0CFFFFFFFF0CFFFFFFFF0C5A030000071667656E657269635F7461675F6174747269625F6465660403000000040300000004FFFFFFFF071767656E657269635F7461675F6174747269625F64656620040100000004020000000702373504000000000401000000
310
04C2FEFFFF0400000000110E04636F6E650D07737572666163650CFFFFFFFF04FFFFFFFF0CFFFFFFFF13EC40C803BDA821C0A9E0C61A72B40A4066666666666639C01400000000000000000000000000000000000000000000F0BF14F06095DDFFFF2D39949999999999D9BF000000000000000006000000000000F03F0B0B
310
06000000000000000006000000000000F03F06949999999999D93F0B0B0B0B0B110D06636F656467650CFFFFFFFF04FFFFFFFF0CFFFFFFFF0C5C0300000C5B0300000C2D0500000C2E0500000A0C5D03000004000000000CFFFFFFFF110D06636F656467650CFFFFFFFF04FFFFFFFF0CFFFFFFFF0C2F0500000C5F0300000C
310
5C0300000CC10200000B0C4004000004000000000CFFFFFFFF110D06636F656467650CFFFFFFFF04FFFFFFFF0CFFFFFFFF0C5F0300000C2F0500000C300500000C5D0400000B0C4004000004000000000CFFFFFFFF110D046C6F6F700CFFFFFFFF04FFFFFFFF0CFFFFFFFF0CFFFFFFFF0C2F0500000CE8040000110E087374
310
7261696768740D0563757276650CFFFFFFFF04FFFFFFFF0CFFFFFFFF13453670D3E4DB22C0AE69F9E0F465F0BFADE995E2BAFF38C014F93B2382997364B9C0CAA145B673114000000000000000000A0600000000000000000A06000000000000F03F110E0D4154545249425F435553544F4D0D066174747269620CFFFFFFFF
310
04FFFFFFFF0CFFFFFFFF0CFFFFFFFF0C62030000071667656E657269635F7461675F6174747269625F6465660403000000040300000004FFFFFFFF071767656E657269635F7461675F6174747269625F6465662004010000000400000000070004000000000405000000044201000004440100000446010000044801000004
310
4B0100000400000000110D06636F656467650CFFFFFFFF04FFFFFFFF0CFFFFFFFF0C310500000C320500000C650300000C440400000B0C3305000004000000000CFFFFFFFF110D04656467650CFFFFFFFF04FFFFFFFF0CFFFFFFFF0C0604000006FD7E504639E7D4BF0C46040000066A886B695E1C77BF0C430400000C3405
310
00000B070E74616E67656E745F6E6F745F6732110D06636F656467650CFFFFFFFF04FFFFFFFF0CFFFFFFFF0C660300000C6B0300000C750400000C350500000A0C6C03000004000000000CFFFFFFFF110D067665727465780CFFFFFFFF04FFFFFFFF0CFFFFFFFF0C3505000004000000000C36050000110E07656C6C697073
310
650D0563757276650CFFFFFFFF04FFFFFFFF0CFFFFFFFF132C7E6FF885AE1B40AE69F9E0F465F0BF2740B12A67C939C01400000000000000000000000000000000000000000000F0BF14C212B4DBC894D43FEB12B4DBC894D4BF000000000000000006000000000000F03F0A060B2D4454FB21E9BF0A06F82C4454FB21E93F
310
110E07656C6C697073650D0563757276650CFFFFFFFF04FFFFFFFF0CFFFFFFFF132C7E6FF885AE1B40AE69F9E0F465F0BF3D3CC0A2440039C01400000000000000000000000000000000000000000000F03F143CDD8E01E026DB3F5CDD8E01E026DBBF000000000000000006000000000000F03F0A06052D4454FB21E9BF0A
310
060A2D4454FB21E93F110E0D4154545249425F435553544F4D0D066174747269620C3705000004FFFFFFFF0CFFFFFFFF0CFFFFFFFF0C6A030000071667656E657269635F7461675F6174747269625F6465660403000000040300000004FFFFFFFF071767656E657269635F7461675F6174747269625F646566200401000000
310
0402000000070235340400000000040100000004C2FEFFFF0400000000110E05746F7275730D07737572666163650CFFFFFFFF04FFFFFFFF0CFFFFFFFF13287E6FF885AE1B40AE69F9E0F465F0BF35ED245207F238C014449EE4826918C23C282B976FA4BDBB3C000000000000F03F0603AA6CAFF563FEBF06260000000000
310
044014000000000000F03F9A5C7DEAFFBF4239449EE4826918C2BC0B0B0B0B0B110E0D4154545249425F435553544F4D0D066174747269620CFFFFFFFF04FFFFFFFF0CFFFFFFFF0CFFFFFFFF0C6F030000071667656E657269635F7461675F6174747269625F6465660403000000040300000004FFFFFFFF071767656E6572
310
69635F7461675F6174747269625F64656620040100000004000000000700040000000004050000000442010000044401000004460100000448010000044B0100000400000000110E0D4154545249425F435553544F4D0D066174747269620C3805000004FFFFFFFF0CFFFFFFFF0CFFFFFFFF0C70030000071667656E657269
310
635F7461675F6174747269625F6465660403000000040300000004FFFFFFFF071767656E657269635F7461675F6174747269625F6465662004010000000402000000070234370400000000040100000004C2FEFFFF0400000000110E05746F7275730D07737572666163650CFFFFFFFF04FFFFFFFF0CFFFFFFFF132C7E6FF8
310
85AE1B40AE69F9E0F465F0BF91642579270039C01400000000000000000000000000000000000000000000F0BF0680B3C41F368FE23F067C14AE47E17A943F14000000000000F0BF9A5C7DEAFFBF42B900000000000000000B0B0B0B0B110D04656467650CFFFFFFFF04FFFFFFFF0CFFFFFFFF0C720300000644000000006A
310
B8BC0CF704000006E5651FC2A465EF3F0CE50400000C390500000B070E74616E67656E745F6E6F745F6732110D05706F696E740CFFFFFFFF04FFFFFFFF0CFFFFFFFF13EC40C803BDA821C0FEA95D694818F8BF58C4B247ACA838C0110D06636F656467650CFFFFFFFF04FFFFFFFF0CFFFFFFFF0C3A0500000C3B0500000C74
310
0300000C510400000A0C3C05000004000000000CFFFFFFFF110D04656467650CFFFFFFFF04FFFFFFFF0CFFFFFFFF0C5304000006008C504639E7D4BF0C5604000006548A6B695E1C77BF0C500400000C3D0500000B070E74616E67656E745F6E6F745F6732110D06636F656467650CFFFFFFFF04FFFFFFFF0CFFFFFFFF0C75
310
0300000C7A0300000C3E0500000C3F0500000B0C7B03000004000000000CFFFFFFFF110D067665727465780CFFFFFFFF04FFFFFFFF0CFFFFFFFF0C5104000004000000000C40050000110E07656C6C697073650D0563757276650CFFFFFFFF04FFFFFFFF0CFFFFFFFF13EC40C803BDA821C0A9E0C61A72B40A40BB3BC0A244
310
0039C01400000000000000000000000000000000000000000000F03F14C8DD8E01E026DBBFBDDD8E01E026DB3F000000000000000006000000000000F03F0A06192D4454FB21E9BF0A06122D4454FB21E93F110D06636F656467650CFFFFFFFF04FFFFFFFF0CFFFFFFFF0C810300000C770300000C410500000C420500000B
310
0C8203000004000000000CFFFFFFFF110D067665727465780CFFFFFFFF04FFFFFFFF0CFFFFFFFF0C7803000004010000000C43050000110E07656C6C697073650D0563757276650CFFFFFFFF04FFFFFFFF0CFFFFFFFF13EC40C803BDA821C0A9E0C61A72B40A402740B12A67C939C014000000000000000000000000000000
310
00000000000000F0BF14CE12B4DBC894D4BFC512B4DBC894D43F000000000000000006000000000000F03F0A06112D4454FB21E9BF0A06172D4454FB21E93F110E0D4154545249425F435553544F4D0D066174747269620C4405000004FFFFFFFF0CFFFFFFFF0CFFFFFFFF0C79030000071667656E657269635F7461675F61
310
74747269625F6465660403000000040300000004FFFFFFFF071767656E657269635F7461675F6174747269625F6465662004010000000402000000070233310400000000040100000004C2FEFFFF0400000000110E05746F7275730D07737572666163650CFFFFFFFF04FFFFFFFF0CFFFFFFFF13EC40C803BDA821C0A7E0C6
310
1A72B40A4036ED245207F238C01456D2CD3DA387C03C1EF03696915EB8BC000000000000F03F06F3A96CAFF563FEBF06170000000000044014000000000000F03F9A5C7DEAFFBF423956D2CD3DA387C0BC0B0B0B0B0B110D06636F656467650CFFFFFFFF04FFFFFFFF0CFFFFFFFF0C300500000C450500000C7A0300000C5B
310
0400000A0C4605000004000000000CFFFFFFFF110D04656467650CFFFFFFFF04FFFFFFFF0CFFFFFFFF0C7C03000006122D4454FB21E9BF0C4705000006142D4454FB21E93F0C5A0400000C480500000B070E74616E67656E745F6E6F745F6732110D04666163650C4905000004FFFFFFFF0CFFFFFFFF0C4A0500000C7B0300
310
000C060000000CFFFFFFFF0C4B0500000B0B110D04656467650CFFFFFFFF04FFFFFFFF0CFFFFFFFF0C4C05000006DBCE0797ED42E0BF0C7C0300000694B55FA61B2058BF0C3F0400000C4D0500000B070E74616E67656E745F6E6F745F6732110D05706F696E740CFFFFFFFF04FFFFFFFF0CFFFFFFFF13463670D3E4DB22C0
310
A9E0C61A72B40A40ADE995E2BAFF38C0110E0D4154545249425F435553544F4D0D066174747269620CFFFFFFFF04FFFFFFFF0CFFFFFFFF0CFFFFFFFF0C7E030000071667656E657269635F7461675F6174747269625F6465660403000000040300000004FFFFFFFF071767656E657269635F7461675F6174747269625F6465
310
6620040100000004000000000700040000000004050000000442010000044401000004460100000448010000044B0100000400000000110E0D4154545249425F435553544F4D0D066174747269620C4E05000004FFFFFFFF0CFFFFFFFF0CFFFFFFFF0C7F030000071667656E657269635F7461675F6174747269625F646566
310
0403000000040300000004FFFFFFFF071767656E657269635F7461675F6174747269625F6465662004010000000402000000070235310400000000040100000004C2FEFFFF0400000000110D046C6F6F700CFFFFFFFF04FFFFFFFF0CFFFFFFFF0CFFFFFFFF0C4F0500000C7F030000110E05746F7275730D07737572666163
310
650CFFFFFFFF04FFFFFFFF0CFFFFFFFF132C7E6FF885AE1B40A9E0C61A72B40A4091642579270039C01400000000000000000000000000000000000000000000F0BF0680B3C41F368FE23F067C14AE47E17A943F14000000000000F0BF9A5C7DEAFFBF42B900000000000000000B0B0B0B0B110D04666163650C5005000004
310
FFFFFFFF0CFFFFFFFF0C2C0200000C820300000C060000000CFFFFFFFF0C510500000B0B110D04656467650CFFFFFFFF04FFFFFFFF0CFFFFFFFF0C84030000065700000090E7043D0C52050000063C661FC2A465EF3F0C270500000C530500000B070E74616E67656E745F6E6F745F6732110D05706F696E740CFFFFFFFF04
310
FFFFFFFF0CFFFFFFFF13F6C8D474079F22C0B669F9E0F465F0BF58C4B247ACA838C0110D06636F656467650CFFFFFFFF04FFFFFFFF0CFFFFFFFF0C880300000C860300000C950300000C770400000A0C2902000004000000000CFFFFFFFF110D06636F656467650CFFFFFFFF04FFFFFFFF0CFFFFFFFF0C410500000C700400
310
000C860300000C680400000B0C8D03000004000000000CFFFFFFFF110D04656467650CFFFFFFFF04FFFFFFFF0CFFFFFFFF0C540500000600000000000000000C6904000006010000000000F03F0C670400000C550500000B070E74616E67656E745F6E6F745F6732110D067665727465780CFFFFFFFF04FFFFFFFF0CFFFFFF
310
FF0C4205000004010000000C56050000110E07656C6C697073650D0563757276650CFFFFFFFF04FFFFFFFF0CFFFFFFFF13EC40C803BDA821C0A9E0C61A72B40A40CDCCCCCCCCCC39C01400000000000000000000000000000000000000000000F03F149909FF0B98BAD3BF9209FF0B98BAD33F000000000000000006000000
310
000000F03F0A06112D4454FB21E9BF0A06132D4454FB21E93F110D06636F656467650CFFFFFFFF04FFFFFFFF0CFFFFFFFF0C970300000C750400000C880300000C6C0400000B0C9303000004000000000CFFFFFFFF110D04656467650CFFFFFFFF04FFFFFFFF0CFFFFFFFF0C6D0400000646C300B96D569D3C0C7C04000006
310
000000000000F03F0C6B0400000C570500000B070E74616E67656E745F6E6F745F6732110D067665727465780CFFFFFFFF04FFFFFFFF0CFFFFFFFF0C3505000004010000000C58050000110E07656C6C697073650D0563757276650CFFFFFFFF04FFFFFFFF0CFFFFFFFF132C7E6FF885AE1B40AE69F9E0F465F0BFCDCCCCCC
310
CCCC39C01400000000000000000000000000000000000000000000F03F148B09FF0B98BAD33FB209FF0B98BAD3BF000000000000000006000000000000F03F0A06F92C4454FB21E9BF0A06062D4454FB21E93F110E0D4154545249425F435553544F4D0D066174747269620CFFFFFFFF04FFFFFFFF0CFFFFFFFF0CFFFFFFFF
310
0C8C030000071667656E657269635F7461675F6174747269625F6465660403000000040300000004FFFFFFFF071767656E657269635F7461675F6174747269625F64656620040100000004000000000700040000000004050000000442010000044401000004460100000448010000044B0100000400000000110D06636F65
310
6467650CFFFFFFFF04FFFFFFFF0CFFFFFFFF0C670400000C590500000C760400000C5A0500000B0C8D03000004000000000CFFFFFFFF110E0D4154545249425F435553544F4D0D066174747269620CFFFFFFFF04FFFFFFFF0CFFFFFFFF0CFFFFFFFF0C91030000071667656E657269635F7461675F6174747269625F646566
310
0403000000040300000004FFFFFFFF071767656E657269635F7461675F6174747269625F64656620040100000004000000000700040000000004050000000442010000044401000004460100000448010000044B0100000400000000110E0D4154545249425F435553544F4D0D066174747269620C5B05000004FFFFFFFF0C
310
FFFFFFFF0CFFFFFFFF0C92030000071667656E657269635F7461675F6174747269625F6465660403000000040300000004FFFFFFFF071767656E657269635F7461675F6174747269625F6465662004010000000402000000070232370400000000040100000004C2FEFFFF0400000000110D04666163650C5C05000004FFFF
310
FFFF0CFFFFFFFF0C5D0500000C330500000C060000000CFFFFFFFF0C5E0500000B0B110E05746F7275730D07737572666163650CFFFFFFFF04FFFFFFFF0CFFFFFFFF132C7E6FF885AE1B40AE69F9E0F465F0BF48E17A14AEC739C01400000000000000000000000000000000000000000000F0BF063086F6519EE6DB3F067C
310
14AE47E17A943F14000000000000F0BF9A5C7DEAFFBF42B900000000000000000B0B0B0B0B110D06636F656467650CFFFFFFFF04FFFFFFFF0CFFFFFFFF0C6B0400000C7A0400000C450400000C350500000B0C9303000004000000000CFFFFFFFF110D06636F656467650CFFFFFFFF04FFFFFFFF0CFFFFFFFF0C960300000C
310
950300000C700400000C5A0500000A0C3302000004000000000CFFFFFFFF110D04656467650CFFFFFFFF04FFFFFFFF0CFFFFFFFF0C7C04000006342D4454FB21E9BF0C5405000006182D4454FB21E93F0C950300000C5F0500000B070E74616E67656E745F6E6F745F6732110D06636F656467650CFFFFFFFF04FFFFFFFF0C
310
FFFFFFFF0C600500000C610500000C960300000C790400000A0C6205000004000000000CFFFFFFFF110D04656467650CFFFFFFFF04FFFFFFFF0CFFFFFFFF0C63050000062B2D4454FB21E9BF0C7B04000006322D4454FB21E93F0C960300000C640500000B070E74616E67656E745F6E6F745F6732110D06636F656467650C
310
FFFFFFFF04FFFFFFFF0CFFFFFFFF0C750400000C970300000C310500000C650500000B0C9303000004000000000CFFFFFFFF110D067665727465780CFFFFFFFF04FFFFFFFF0CFFFFFFFF0C9803000004000000000C66050000110D067665727465780CFFFFFFFF04FFFFFFFF0CFFFFFFFF0C9803000004010000000C670500
310
00110E07656C6C697073650D0563757276650CFFFFFFFF04FFFFFFFF0CFFFFFFFF138CE68EDDEF6C1D40A5E0C61A72B40A4048E17A14AEC739C01489158008B98A273D000000000000F03F4B408FD87CD310BD14FC03DC5C1749933F454037000000D0BC0AF1ED6563917BBF06000000000000F03F0A0661030000600122BD
310
0A06AA42597025A4F33F110E0D4154545249425F435553544F4D0D066174747269620CFFFFFFFF04FFFFFFFF0CFFFFFFFF0CFFFFFFFF0C9A030000071667656E657269635F7461675F6174747269625F6465660403000000040300000004FFFFFFFF071767656E657269635F7461675F6174747269625F6465662004010000
310
0004020000000702383804000000000401000000044E0100000400000000110D04666163650C6805000004FFFFFFFF0CFFFFFFFF0C690500000C6A0500000C060000000CFFFFFFFF0C6B0500000A0B110D046C6F6F700CFFFFFFFF04FFFFFFFF0CFFFFFFFF0CFFFFFFFF0C920400000C9A030000110E05706C616E650D0773
310
7572666163650CFFFFFFFF04FFFFFFFF0CFFFFFFFF13FEFE146FF037E23F5AB6F76E8FD7E83F3333333333B338C014000000000000F0BF000000C06D0061BD000000000000B0BC14000000C06D0061BD000000000000F03F07A7E4FEFFFF7FBC0B0B0B0B0B110D06636F656467650CFFFFFFFF04FFFFFFFF0CFFFFFFFF0C6C
310
0500000C6D0500000C910400000C6E0500000A0C9B03000004000000000CFFFFFFFF110D06636F656467650CFFFFFFFF04FFFFFFFF0CFFFFFFFF0C6F0500000C9D0300000C700500000C710500000A0CD302000004000000000CFFFFFFFF110D06636F656467650CFFFFFFFF04FFFFFFFF0CFFFFFFFF0C9D0300000C6F0500
310
000C6C0500000C720500000B0CD302000004000000000CFFFFFFFF110D06636F656467650CFFFFFFFF04FFFFFFFF0CFFFFFFFF0C910400000C900400000C9D0300000C860400000B0CE702000004000000000CFFFFFFFF110D04656467650CFFFFFFFF04FFFFFFFF0CFFFFFFFF0C7305000006EB9AD083A0AEFBBF0C740500
310
0006C23B83F4F79CEABF0C850400000C750500000B0707756E6B6E6F776E110E0D4154545249425F435553544F4D0D066174747269620CFFFFFFFF04FFFFFFFF0CFFFFFFFF0CFFFFFFFF0C9F0300000711736B657463685F6174747269625F646566040100000004010000000403000000070D323532203020312030203120
310
31110D067665727465780CFFFFFFFF04FFFFFFFF0CFFFFFFFF0CB403000004000000000C76050000110E0873747261696768740D0563757276650CFFFFFFFF04FFFFFFFF0CFFFFFFFF130406D09EECFC0F403AD0A3CEE82FE83F3333333333B338C01400000000000000000000000000000000000000000000F0BF0B0B110D
310
05706F696E740CFFFFFFFF04FFFFFFFF0CFFFFFFFF130406D09EECFC0F403AD0A3CEE82FE83F00000000000039C0110E0873747261696768740D0563757276650CFFFFFFFF04FFFFFFFF0CFFFFFFFF1302FCAE8FF859F83FF43DD6773134FB3F3333333333B338C014000000000000F03F8FA8020BAA04613D000000000000
310
00800B0B110D05706F696E740CFFFFFFFF04FFFFFFFF0CFFFFFFFF130002D09EECFC0F400753D6773134FB3F3333333333B338C0110E0873747261696768740D0563757276650CFFFFFFFF04FFFFFFFF0CFFFFFFFF13C61ED0D30721FC3F24AAA3CEE82FE83F3333333333B338C014000000000000F0BF000000C06D0061BD
310
00000000000000000B0B110D046C6F6F700CFFFFFFFF04FFFFFFFF0CFFFFFFFF0C770500000C780500000C3E000000110D06636F656467650CFFFFFFFF04FFFFFFFF0CFFFFFFFF0C790500000C7A0500000C7B0500000C7C0500000B0CB003000004000000000CFFFFFFFF110D06636F656467650CFFFFFFFF04FFFFFFFF0C
310
FFFFFFFF0C850400000CB10300000C7D0500000C7E0500000B0CE702000004000000000CFFFFFFFF110D06636F656467650CFFFFFFFF04FFFFFFFF0CFFFFFFFF0CB10300000C850400000C820400000C6E0500000B0CE702000004000000000CFFFFFFFF110D06636F656467650CFFFFFFFF04FFFFFFFF0CFFFFFFFF0C7F05
310
00000C800500000CB10300000C930400000A0C8004000004000000000CFFFFFFFF110D04656467650CFFFFFFFF04FFFFFFFF0CFFFFFFFF0C81050000066C7DE8D5A679D83F0C8205000006671C093F8E7EF43F0CB10300000C830500000B0707756E6B6E6F776E110D046C6F6F700CFFFFFFFF04FFFFFFFF0CFFFFFFFF0C84
310
0500000C850500000C54000000110D06636F656467650CFFFFFFFF04FFFFFFFF0CFFFFFFFF0C860500000C870500000C880500000C890500000B0CB203000004000000000CFFFFFFFF110D06636F656467650CFFFFFFFF04FFFFFFFF0CFFFFFFFF0C8A0500000CB30300000C8B0500000C8C0500000B0CEB02000004000000
310
000CFFFFFFFF110D06636F656467650CFFFFFFFF04FFFFFFFF0CFFFFFFFF0CB30300000C8A0500000C8D0500000C8E0500000B0CEB02000004000000000CFFFFFFFF110D06636F656467650C8F05000004FFFFFFFF0CFFFFFFFF0C800500000C7F0500000CB30300000C990400000A0C8004000004000000000CFFFFFFFF11
310
0D04656467650CFFFFFFFF04FFFFFFFF0CFFFFFFFF0C9005000006647639CBBF56C8BF0C91050000067F9C4F2099AAE63F0CB30300000C920500000B0707756E6B6E6F776E110E0873747261696768740D0563757276650CFFFFFFFF04FFFFFFFF0CFFFFFFFF132A05D09EECFC0F40143E9C116C99EE3F3333333333B338C0
310
148FA8020BAA0461BD000000000000F03F00000000000000000B0B110E0D4154545249425F435553544F4D0D066174747269620CFFFFFFFF04FFFFFFFF0CFFFFFFFF0CFFFFFFFF0CB6030000071667656E657269635F7461675F6174747269625F6465660403000000040300000004FFFFFFFF071767656E657269635F7461
310
675F6174747269625F64656620040100000004000000000700040000000004050000000442010000044401000004460100000448010000044B0100000400000000110E0D4154545249425F435553544F4D0D066174747269620C9305000004FFFFFFFF0CFFFFFFFF0CFFFFFFFF0CB7030000071667656E657269635F746167
310
5F6174747269625F6465660403000000040300000004FFFFFFFF071767656E657269635F7461675F6174747269625F6465662004010000000402000000070231300400000000040100000004C2FEFFFF0400000000110D04666163650C9405000004FFFFFFFF0CFFFFFFFF0CB30400000C950500000C060000000CFFFFFFFF
310
0C960500000B0B110D046C6F6F700CFFFFFFFF04FFFFFFFF0CFFFFFFFF0CFFFFFFFF0C280400000CB7030000110E04636F6E650D07737572666163650CFFFFFFFF04FFFFFFFF0CFFFFFFFF13E041B76F03BFE9BF1ED05F475BCCF2BF5C8FC2F528DC38C01400000000000000000000000000000000000000000000F0BF14A2
310
62FF51181AB23F7363FF51181AB23F000000000000000006000000000000F03F0B0B06000000000000000006000000000000F03F069A9999999999B93F0B0B0B0B0B110D06636F656467650CFFFFFFFF04FFFFFFFF0CFFFFFFFF0C970500000C980500000C270400000C110500000B0CB803000004000000000CFFFFFFFF11
310
0D06636F656467650CFFFFFFFF04FFFFFFFF0CFFFFFFFF0C990500000CBA0300000C9A0500000C9B0500000B0CF002000004000000000CFFFFFFFF110D06636F656467650CFFFFFFFF04FFFFFFFF0CFFFFFFFF0CBA0300000C990500000CBB0300000CA60400000A0CF002000004000000000CFFFFFFFF110D06636F656467
310
650CFFFFFFFF04FFFFFFFF0CFFFFFFFF0CBD0300000CCD0300000CBA0300000CA40400000A0CFC02000004000000000CFFFFFFFF110D04656467650CFFFFFFFF04FFFFFFFF0CFFFFFFFF0CA704000006182D4454FB21F93F0C9C05000006152D4454FB2109400CA30400000C9D0500000B0707756E6B6E6F776E110D06636F
310
656467650CFFFFFFFF04FFFFFFFF0CFFFFFFFF0CBC0300000CBB0300000C9E0500000C9F0500000A0C5102000004000000000CFFFFFFFF110D04656467650CFFFFFFFF04FFFFFFFF0CFFFFFFFF0CA70400000600000000000000000CA005000006F4FFFFFFFFFFEF3F0CBB0300000CA10500000B070E74616E67656E745F6E
310
6F745F6732110D067665727465780CFFFFFFFF04FFFFFFFF0CFFFFFFFF0CA404000004000000000CA2050000110E0873747261696768740D0563757276650CFFFFFFFF04FFFFFFFF0CFFFFFFFF13B80D95D0897522C0AE69F9E0F465F0BF3333333333B338C014F93B2382997364B9C0CAA145B67311400000000000000000
310
0A0646C300B96D568DBC0A06000000000000F03F110D06636F656467650CFFFFFFFF04FFFFFFFF0CFFFFFFFF0C9E0500000CC30300000CBF0300000CAA0400000B0CAF04000004000000000CFFFFFFFF110D04656467650CFFFFFFFF04FFFFFFFF0CFFFFFFFF0CC5030000061B2D4454FB21F93F0CAB040000061B2D4454FB
310
2109400CBF0300000CA30500000B0707756E6B6E6F776E110D067665727465780CFFFFFFFF04FFFFFFFF0CFFFFFFFF0CC003000004000000000CA4050000110E0873747261696768740D0563757276650CFFFFFFFF04FFFFFFFF0CFFFFFFFF13B80D95D0897522C0AE69F9E0F465F0BF6666666666A638C014000000000000
310
000000000000000000009A9999999999A9BF0A0600000000000000000A06F4FFFFFFFFFFEF3F110D05706F696E740CFFFFFFFF04FFFFFFFF0CFFFFFFFF13B80D95D0897522C0AE69F9E0F465F0BF3333333333B338C0110D06636F656467650CFFFFFFFF04FFFFFFFF0CFFFFFFFF0CC30300000CEF0300000CC70300000CB2
310
0400000B0CAF04000004000000000CFFFFFFFF110D046C6F6F700CFFFFFFFF04FFFFFFFF0CFFFFFFFF0CFFFFFFFF0CA50500000CF2040000110E0873747261696768740D0563757276650CFFFFFFFF04FFFFFFFF0CFFFFFFFF13287E6FF885AE1B4016D05F475BCCF6BF6666666666A638C014FFFFFFFFFF7F2FC02767D3EA
310
FF7482B900000000000000000A0600000000000000000A06000000000000F03F110D05706F696E740CFFFFFFFF04FFFFFFFF0CFFFFFFFF13EC40C803BDA821C01ED05F475BCCF6BF6666666666A638C0110D04656467650CFFFFFFFF04FFFFFFFF0CFFFFFFFF0CF1030000062A2D4454FB21F93F0CCA030000062C2D4454FB
310
2109400CC70300000CA60500000B0707756E6B6E6F776E110D04666163650CA705000004FFFFFFFF0CFFFFFFFF0CA80500000CC90300000C060000000CFFFFFFFF0CA90500000A0B110D05706F696E740CFFFFFFFF04FFFFFFFF0CFFFFFFFF13287E6FF885AE1B4016D05F475BCCF6BF6666666666A638C0110E07656C6C69
310
7073650D0563757276650CFFFFFFFF04FFFFFFFF0CFFFFFFFF132C7E6FF885AE1B40AE69F9E0F465F0BF3333333333B338C01400000000000000000000000000000000000000000000F0BF14006195DDFFFF2DB9A29999999999D93F000000000000000006000000000000F03F0A062A2D4454FB21F93F0A062C2D4454FB21
310
0940110D06636F656467650CFFFFFFFF04FFFFFFFF0CFFFFFFFF0CAA0500000C9A0500000CCD0300000CB70400000B0CAB05000004000000000CFFFFFFFF110D04656467650CFFFFFFFF04FFFFFFFF0CFFFFFFFF0C9C0500000610044110044170BC0CE204000006010000000000F03F0CCD0300000CAC0500000B0707756E
310
6B6E6F776E110D046C6F6F700CFFFFFFFF04FFFFFFFF0CFFFFFFFF0CAD0500000CD00300000C3E000000110D067665727465780CFFFFFFFF04FFFFFFFF0CFFFFFFFF0CD103000004000000000CAE050000110E07656C6C697073650D0563757276650CFFFFFFFF04FFFFFFFF0CFFFFFFFF13567CA7534A8021C0765DF7B56D
310
4FF0BF00000000000039C01400000000000000800000000000000080000000000000F03F14606666666666D2BF2C3333034B8D43BD000000000000000006000000000000F03F0B0B110E0D4154545249425F435553544F4D0D066174747269620CFFFFFFFF04FFFFFFFF0CFFFFFFFF0CFFFFFFFF0CD3030000071667656E65
310
7269635F7461675F6174747269625F6465660403000000040300000004FFFFFFFF071767656E657269635F7461675F6174747269625F646566200401000000040100000007013604000000000401000000044E0100000400000000110D04666163650CAF05000004FFFFFFFF0CFFFFFFFF0CB00500000CB10500000C060000
310
000CFFFFFFFF0CB20500000A0B110D046C6F6F700CFFFFFFFF04FFFFFFFF0CFFFFFFFF0CB30500000CB40500000CD3030000110E04636F6E650D07737572666163650CFFFFFFFF04FFFFFFFF0CFFFFFFFF134653C2AF629B18C070320CDE700AD2BF3433333333B338C0140000000000000000000000000000000000000000
310
0000F0BF1480C8E2EB8A15C53F10DF653A7467363D000000000000000006000000000000F03F0B0B06000000000000000006000000000000F03F0680C8E2EB8A15C53F0B0B0B0B0B110D046C6F6F700CFFFFFFFF04FFFFFFFF0CFFFFFFFF0CFFFFFFFF0CB50500000C04030000110D06636F656467650CFFFFFFFF04FFFFFF
310
FF0CFFFFFFFF0CC00400000CC00400000CB60500000CB70500000A0CD403000004000000000CFFFFFFFF110D05706F696E740CFFFFFFFF04FFFFFFFF0CFFFFFFFF131A49742017ED20C0B5DB45852EA90A4000000000000039C0110D046C6F6F700CFFFFFFFF04FFFFFFFF0CFFFFFFFF0CB80500000CCA0400000C3E000000
310
110E0D4154545249425F435553544F4D0D066174747269620CFFFFFFFF04FFFFFFFF0CFFFFFFFF0CFFFFFFFF0CDC030000071667656E657269635F7461675F6174747269625F6465660403000000040300000004FFFFFFFF071767656E657269635F7461675F6174747269625F646566200401000000040100000007013704
310
000000000401000000044E0100000400000000110D04666163650CB905000004FFFFFFFF0CFFFFFFFF0C5E0200000CBA0500000C060000000CFFFFFFFF0CBB0500000A0B110D046C6F6F700CFFFFFFFF04FFFFFFFF0CFFFFFFFF0CBC0500000CBD0500000CDC030000110E04636F6E650D07737572666163650CFFFFFFFF04
310
FFFFFFFF0CFFFFFFFF13E6686ADA530215C05FD363820C50E9BF3433333333B338C01400000000000000000000000000000000000000000000F0BF1480C8E2EB8A15C53F10DF653A7467363D000000000000000006000000000000F03F0B0B06000000000000000006000000000000F03F0680C8E2EB8A15C53F0B0B0B0B0B
310
110D046C6F6F700CFFFFFFFF04FFFFFFFF0CFFFFFFFF0CFFFFFFFF0CBE0500000C0C030000110D06636F656467650CFFFFFFFF04FFFFFFFF0CFFFFFFFF0CC80400000CC80400000CBF0500000CC00500000A0CDD03000004000000000CFFFFFFFF110D06636F656467650CC105000004FFFFFFFF0CFFFFFFFF0CC90400000C
310
C90400000CC20500000CC30500000A0CDF03000004000000000CFFFFFFFF110D06636F656467650CFFFFFFFF04FFFFFFFF0CFFFFFFFF0CCA0400000CCA0400000CE00300000CCB0400000B0CC204000004000000000CFFFFFFFF110D04656467650CFFFFFFFF04FFFFFFFF0CFFFFFFFF0CC405000006182D4454FB2109C00C
310
C405000006182D4454FB2109400CCA0400000CC50500000B0707756E6B6E6F776E110E0D4154545249425F435553544F4D0D066174747269620CFFFFFFFF04FFFFFFFF0CFFFFFFFF0CFFFFFFFF0CE10300000711736B657463685F6174747269625F646566040100000004010000000403000000070D333638203020312030
310
20312031110D06636F656467650CFFFFFFFF04FFFFFFFF0CFFFFFFFF0CCD0400000CCD0400000CE10300000CCE0400000B0CC605000004000000000CFFFFFFFF110D04656467650CC705000004FFFFFFFF0CFFFFFFFF0CC805000006192D4454FB2109C00CC805000006172D4454FB2109400CCD0400000CC90500000B0707
310
756E6B6E6F776E110D067665727465780CFFFFFFFF04FFFFFFFF0CFFFFFFFF0CE303000004000000000CCA050000110E07656C6C697073650D0563757276650CFFFFFFFF04FFFFFFFF0CFFFFFFFF136F4DB5EEE690E93F14460BDE700AD2BFFFFFFFFFFFFF38C01400000000000000800000000000000080000000000000F0
310
3F1490C8E2EB8A15C53F21DF653A7467363D90C8E2EB8A15853C06000000000000F03F0B0B110E0D4154545249425F435553544F4D0D066174747269620CFFFFFFFF04FFFFFFFF0CFFFFFFFF0CFFFFFFFF0CE5030000071667656E657269635F7461675F6174747269625F6465660403000000040300000004FFFFFFFF0717
310
67656E657269635F7461675F6174747269625F64656620040100000004000000000700040000000004050000000442010000044401000004460100000448010000044B0100000400000000110E0D4154545249425F435553544F4D0D066174747269620CCB05000004FFFFFFFF0CFFFFFFFF0CFFFFFFFF0CE6030000071667
310
656E657269635F7461675F6174747269625F6465660403000000040300000004FFFFFFFF071767656E657269635F7461675F6174747269625F6465662004010000000402000000070237310400000000040100000004C2FEFFFF0400000000110D04666163650CCC05000004FFFFFFFF0CFFFFFFFF0CCD0500000CAB050000
310
0C060000000CFFFFFFFF0CCE0500000B0B110D046C6F6F700CFFFFFFFF04FFFFFFFF0CFFFFFFFF0CFFFFFFFF0CFC0400000CE6030000110E04636F6E650D07737572666163650CFFFFFFFF04FFFFFFFF0CFFFFFFFF132C7E6FF885AE1B40A9E0C61A72B40A4066666666666639C01400000000000000000000000000000000
310
000000000000F0BF14919999999999D9BFEC6095DDFFFF2DB9000000000000000006000000000000F03F0B0B06000000000000000006000000000000F03F06919999999999D93F0B0B0B0B0B110D06636F656467650CFFFFFFFF04FFFFFFFF0CFFFFFFFF0CEA0300000CCF0500000CD00500000CD10500000A0CE703000004
310
000000000CFFFFFFFF110D06636F656467650CFFFFFFFF04FFFFFFFF0CFFFFFFFF0CE90300000CF30300000CAA0500000CD20500000A0C1403000004000000000CFFFFFFFF110D06636F656467650CFFFFFFFF04FFFFFFFF0CFFFFFFFF0CCF0500000CEA0300000CD30500000CD40500000A0CE703000004000000000CFFFF
310
FFFF110E07656C6C697073650D0563757276650CFFFFFFFF04FFFFFFFF0CFFFFFFFF131C116F6B7C371B40A5E0C61A72B40A405E18CA9FF80E39C014BB0615E5893DBABC000000000000F03F035F6FD3DD2381BC149C9B369B7FEBE63F975B13D07EEBB23C1DBB30943FF1AD3F06000000000000F03F0A06DFCE0797ED42E0
310
BF0A06FA4A5EA61B2058BF110D06636F656467650CFFFFFFFF04FFFFFFFF0CFFFFFFFF0CD00500000CD50500000CEC0300000CDB0400000B0CD605000004000000000CFFFFFFFF110D04656467650CFFFFFFFF04FFFFFFFF0CFFFFFFFF0CF30400000600000000000000000CED030000061F671FC2A465EF3F0CDA0400000C
310
D70500000B070E74616E67656E745F6E6F745F6732110D05706F696E740CFFFFFFFF04FFFFFFFF0CFFFFFFFF133C8E88DA1A9B1D40A5E0C61A72B40A4058C4B247ACA838C0110D06636F656467650CFFFFFFFF04FFFFFFFF0CFFFFFFFF0CEF0300000CD80500000CF30300000CE00400000B0CAF04000004000000000CFFFF
310
FFFF110E0873747261696768740D0563757276650CFFFFFFFF04FFFFFFFF0CFFFFFFFF13C41709921F481D40A5E0C61A72B40A406666666666A638C014F93B238299736439BFCAA145B67311C000000000000000000A0600000000000000000A06000000000000F03F110D05706F696E740CFFFFFFFF04FFFFFFFF0CFFFFFF
310
FF13C41709921F481D40AE69F9E0F465F0BF6666666666A638C0110D04656467650CFFFFFFFF04FFFFFFFF0CFFFFFFFF0CD905000006182D4454FB21F93F0CF4030000061F2D4454FB2109400CDD0400000CDA0500000B0707756E6B6E6F776E110D05706F696E740CFFFFFFFF04FFFFFFFF0CFFFFFFFF13C41709921F481D
310
40A5E0C61A72B40A406666666666A638C0110D067665727465780CFFFFFFFF04FFFFFFFF0CFFFFFFFF0CB704000004010000000CDB050000110E07656C6C697073650D0563757276650CFFFFFFFF04FFFFFFFF0CFFFFFFFF132C7E6FF885AE1B40A9E0C61A72B40A403333333333B338C01400000000000000000000000000
310
000000000000000000F0BF14919999999999D9BFEC6095DDFFFF2DB9000000000000000006000000000000F03F0A06182D4454FB21F93F0A061F2D4454FB210940110D06636F656467650CFFFFFFFF04FFFFFFFF0CFFFFFFFF0C030400000CFC0300000C320500000CED0400000B0C6303000004000000000CFFFFFFFF110D
310
06636F656467650CFFFFFFFF04FFFFFFFF0CFFFFFFFF0CDC0500000C2D0500000CFD0300000C4E0400000B0CDD05000004000000000CFFFFFFFF110E0D4154545249425F435553544F4D0D066174747269620CFFFFFFFF04FFFFFFFF0CFFFFFFFF0CFFFFFFFF0C00040000071667656E657269635F7461675F617474726962
310
5F6465660403000000040300000004FFFFFFFF071767656E657269635F7461675F6174747269625F64656620040100000004000000000700040000000004050000000442010000044401000004460100000448010000044B0100000400000000110E0D4154545249425F435553544F4D0D066174747269620CDE05000004FF
310
FFFFFF0CFFFFFFFF0CFFFFFFFF0C01040000071667656E657269635F7461675F6174747269625F6465660403000000040300000004FFFFFFFF071767656E657269635F7461675F6174747269625F6465662004010000000402000000070234320400000000040100000004C2FEFFFF0400000000110D04666163650CDF0500
310
0004FFFFFFFF0CFFFFFFFF0CE00500000C400400000C060000000CFFFFFFFF0CE10500000B0B110E05746F7275730D07737572666163650CFFFFFFFF04FFFFFFFF0CFFFFFFFF13EC40C803BDA821C0B669F9E0F465F0BF5D18CA9FF80E39C0143882523A3BDF023DDEF440DAE1C9D9BC000000000000F03F06BA421B4063C2
310
BDBF06D542193206FFE63F14000000000000F03F9A5C7DEAFFBF42393882523A3BDF02BD0B0B0B0B0B110D06636F656467650CFFFFFFFF04FFFFFFFF0CFFFFFFFF0CE20500000CD30500000C030400000CEB0400000A0C6104000004000000000CFFFFFFFF110D04656467650CFFFFFFFF04FFFFFFFF0CFFFFFFFF0CE30500
310
00064E030000C05CC5BC0C0404000006BFB9A5F5E1EDBA3F0C030400000CE40500000B070E74616E67656E745F6E6F745F6732110D05706F696E740CFFFFFFFF04FFFFFFFF0CFFFFFFFF13DC68BF97D5141E40A5E0C61A72B40A40B2E995E2BAFF38C0110D04656467650CFFFFFFFF04FFFFFFFF0CFFFFFFFF0C0604000006
310
7692C04AD200A63C0CE305000006010000000000F03F0C320500000CE50500000B070E74616E67656E745F6E6F745F6732110D05706F696E740CFFFFFFFF04FFFFFFFF0CFFFFFFFF1350FB6F51E6141E40B669F9E0F465F0BF3D3CC0A2440039C0110D06636F656467650CFFFFFFFF04FFFFFFFF0CFFFFFFFF0CE60500000C
310
080400000CD50500000CE70500000A0C0A04000004000000000CFFFFFFFF110D06636F656467650CFFFFFFFF04FFFFFFFF0CFFFFFFFF0C090400000CE80500000CDC0500000CE90500000A0C0A04000004000000000CFFFFFFFF110D06636F656467650CFFFFFFFF04FFFFFFFF0CFFFFFFFF0CE80500000CE60500000C2805
310
00000CEA0500000A0C0A04000004000000000CFFFFFFFF110D04666163650CEB05000004FFFFFFFF0CFFFFFFFF0CB00200000C0A0400000C060000000CFFFFFFFF0CEC0500000B0B110D067665727465780CFFFFFFFF04FFFFFFFF0CFFFFFFFF0CDB04000004000000000CED050000110E0873747261696768740D05637572
310
76650CFFFFFFFF04FFFFFFFF0CFFFFFFFF13900B1547158A1D40A5E0C61A72B40A406666666666A638C014F93B238299736439C0CAA145B67311C000000000000000000A0600000000000000000A06000000000000F03F110E0D4154545249425F435553544F4D0D066174747269620CEE05000004FFFFFFFF0CFFFFFFFF0C
310
FFFFFFFF0C0D040000071667656E657269635F7461675F6174747269625F6465660403000000040300000004FFFFFFFF071767656E657269635F7461675F6174747269625F6465662004010000000402000000070233390400000000040100000004C2FEFFFF0400000000110E04636F6E650D07737572666163650CFFFFFF
310
FF04FFFFFFFF0CFFFFFFFF13900B1547158A1D40A5E0C61A72B40A40EC51B81E85AB38C0149A5C7DEAFFBF4239000000000000F0BF000000000000000014F4977E7F394C833F34BE7647539DD638AF1A6E4A8910923F06000000000000F03F0B0B06000000000000000006000000000000F03F067C14AE47E17A943F0B0B0B
310
0B0B110D067665727465780CFFFFFFFF04FFFFFFFF0CFFFFFFFF0C4E04000004010000000CEF050000110E0873747261696768740D0563757276650CFFFFFFFF04FFFFFFFF0CFFFFFFFF13287E6FF885AE1B404E9F8F1B32D4F7BF6666666666A638C014FFFFFFFFFF7F2FC02767D3EAFF7482B900000000000000000A0600
310
000000000000000A06000000000000F03F110E0D4154545249425F435553544F4D0D066174747269620CF005000004FFFFFFFF0CFFFFFFFF0CFFFFFFFF0C10040000071667656E657269635F7461675F6174747269625F6465660403000000040300000004FFFFFFFF071767656E657269635F7461675F6174747269625F64
310
65662004010000000402000000070233380400000000040100000004C2FEFFFF0400000000110E04636F6E650D07737572666163650CFFFFFFFF04FFFFFFFF0CFFFFFFFF13287E6FF885AE1B404E9F8F1B32D4F7BFEC51B81E85AB38C014000000000000F0BF4A893B17C7719CBC000000000000000014773CA18A4F27313C
310
C7967E7F394C83BFFF1A6E4A8910923F06000000000000F03F0B0B06000000000000000006000000000000F03F067C14AE47E17A943F0B0B0B0B0B110D06636F656467650CFFFFFFFF04FFFFFFFF0CFFFFFFFF0C180400000C130400000C1D0400000C020500000A0CD404000004000000000CFFFFFFFF110D06636F656467
310
650CFFFFFFFF04FFFFFFFF0CFFFFFFFF0C130400000C180400000C150400000CFE0400000B0CD404000004000000000CFFFFFFFF110E07656C6C697073650D0563757276650CFFFFFFFF04FFFFFFFF0CFFFFFFFF132C7E6FF885AE1B40A9E0C61A72B40A4000000000000039C0140000000000000000000000000000000000
310
0000000000F0BF14919999999999D9BFEC6095DDFFFF2DB9000000000000000006000000000000F03F0A06182D4454FB21F93F0A061F2D4454FB210940110D04656467650CFFFFFFFF04FFFFFFFF0CFFFFFFFF0C1A0400000600000000000000000C1604000006000000000000F03F0C150400000CF10500000B070E74616E
310
67656E745F6E6F745F6732110D05706F696E740CFFFFFFFF04FFFFFFFF0CFFFFFFFF13C41709921F481D40A5E0C61A72B40A4000000000000039C0110E07656C6C697073650D0563757276650CFFFFFFFF04FFFFFFFF0CFFFFFFFF132C7E6FF885AE1B40A9E0C61A72B40A40CDCCCCCCCCCC39C01400000000000000000000
310
000000000000000000000000F0BF14919999999999D9BFEC6095DDFFFF2DB9000000000000000006000000000000F03F0A06182D4454FB21F93F0A061F2D4454FB210940110D05706F696E740CFFFFFFFF04FFFFFFFF0CFFFFFFFF13C41709921F481D40A5E0C61A72B40A40CDCCCCCCCCCC39C0110D04656467650CFFFFFF
310
FF04FFFFFFFF0CFFFFFFFF0C320400000600000000000000000C1F04000006000000000000F03F0CFB0400000CF20500000B070E74616E67656E745F6E6F745F6732110D04666163650CF305000004FFFFFFFF0CFFFFFFFF0C5A0300000C1E0400000C060000000CFFFFFFFF0CF40500000B0B110D05706F696E740CFFFFFF
310
FF04FFFFFFFF0CFFFFFFFF132C7E6FF885AE1B40DB13FA4DA5E70D4000000000000039C0110E0873747261696768740D0563757276650CFFFFFFFF04FFFFFFFF0CFFFFFFFF13ED40C803BDA821C0DB13FA4DA5E70D40CDCCCCCCCCCC39C014000000000000000000000000000000009A9999999999E93F0A06000000000000
310
00000A06000000000000F03F110D06636F656467650CFFFFFFFF04FFFFFFFF0CFFFFFFFF0C240400000C230400000CF50500000CF60500000A0C9302000004000000000CFFFFFFFF110D06636F656467650CFFFFFFFF04FFFFFFFF0CFFFFFFFF0CF70500000CF80500000C230400000C080500000B0CF90500000400000000
310
0CFFFFFFFF110D04656467650CFFFFFFFF04FFFFFFFF0CFFFFFFFF0CFA050000061CAAAAAAAAAAEA3C0C0E05000006EFFFFFFFFFFFEF3F0C070500000CFB0500000B0707756E6B6E6F776E110D06636F656467650CFFFFFFFF04FFFFFFFF0CFFFFFFFF0CFC0500000CFD0500000C240400000C0A0500000B0CFE0500000400
310
0000000CFFFFFFFF110D04656467650CFFFFFFFF04FFFFFFFF0CFFFFFFFF0C0F05000006000000000000E0BC0CFF05000006080000000000F03F0C090500000C000600000B0707756E6B6E6F776E110D06636F656467650CFFFFFFFF04FFFFFFFF0CFFFFFFFF0C010600000C250400000CFD0500000C020600000B0C0D0500
310
0004000000000CFFFFFFFF110D06636F656467650CFFFFFFFF04FFFFFFFF0CFFFFFFFF0C250400000C010600000CF70500000C030600000B0C0D05000004000000000CFFFFFFFF110D046C6F6F700CFFFFFFFF04FFFFFFFF0CFFFFFFFF0CFFFFFFFF0C250400000C04060000110D067665727465780CFFFFFFFF04FFFFFFFF
310
0CFFFFFFFF0C2604000004000000000C05060000110D067665727465780CFFFFFFFF04FFFFFFFF0CFFFFFFFF0C2604000004010000000C06060000110E07656C6C697073650D0563757276650CFFFFFFFF04FFFFFFFF0CFFFFFFFF13C86DA8844EACF1BFE513FA4DA5E70B4000000000000039C01400000000000000000000
310
000000000000000000000000F0BF14F162FF51181AB2BF2363FF51181AB2BF000000000000008006000000000000F03F0A06EC2C4454FB21E9BF0A063C2B4454FB21E93F110D04656467650CFFFFFFFF04FFFFFFFF0CFFFFFFFF0C190500000600000000000000000C1405000006E5FFFFFFFFFFEF3F0CA00400000C070600
310
000B0707756E6B6E6F776E110D06636F656467650CFFFFFFFF04FFFFFFFF0CFFFFFFFF0C080600000C280400000C2D0400000C1D0500000B0C9E04000004000000000CFFFFFFFF110D06636F656467650CFFFFFFFF04FFFFFFFF0CFFFFFFFF0C280400000C080600000C970500000C090600000B0C9E04000004000000000C
310
FFFFFFFF110D067665727465780CFFFFFFFF04FFFFFFFF0CFFFFFFFF0C1105000004010000000C0A060000110E07656C6C697073650D0563757276650CFFFFFFFF04FFFFFFFF0CFFFFFFFF13E041B76F03BFE9BF1ED05F475BCCF2BF00000000000039C01400000000000000000000000000000000000000000000F0BF14A2
310
62FF51181AB23F7363FF51181AB23F000000000000000006000000000000F03F0A06602C4454FB21E9BF0A06592D4454FB21E93F110D06636F656467650CFFFFFFFF04FFFFFFFF0CFFFFFFFF0C0B0600000C2A0400000C980500000C0C0600000B0C1805000004000000000CFFFFFFFF110D06636F656467650CFFFFFFFF04
310
FFFFFFFF0CFFFFFFFF0C2A0400000C0B0600000C2C0400000C1C0500000A0C1805000004000000000CFFFFFFFF110D046C6F6F700CFFFFFFFF04FFFFFFFF0CFFFFFFFF0CFFFFFFFF0C2A0400000CA8050000110D067665727465780CFFFFFFFF04FFFFFFFF0CFFFFFFFF0C1105000004000000000C0D060000110E07656C6C
310
697073650D0563757276650CFFFFFFFF04FFFFFFFF0CFFFFFFFF13BC6DA8844EACF1BF1ED05F475BCCF2BF00000000000039C01400000000000000000000000000000000000000000000F0BF142B63FF51181AB2BFEA62FF51181AB23F000000000000000006000000000000F03F0A06662C4454FB21E9BF0A06522D4454FB
310
21E93F110D06636F656467650CFFFFFFFF04FFFFFFFF0CFFFFFFFF0C2D0400000C2C0400000C0E0600000C0F0600000B0C2E04000004000000000CFFFFFFFF110D04656467650CFFFFFFFF04FFFFFFFF0CFFFFFFFF0C3004000006604BBEA0AAAA9ABC0C1006000006020000000000F03F0C170500000C110600000B070775
310
6E6B6E6F776E110D04656467650CFFFFFFFF04FFFFFFFF0CFFFFFFFF0C2F04000006604BBEA0AAAA9ABC0C1206000006020000000000F03F0C120500000C130600000B0707756E6B6E6F776E110D04666163650C1406000004FFFFFFFF0CFFFFFFFF0C150600000C2E0400000C060000000CFFFFFFFF0C160600000B0B110D
310
05706F696E740CFFFFFFFF04FFFFFFFF0CFFFFFFFF13B00E843CD08BE6BF16D05F475BCCF2BF00000000000039C0110D05706F696E740CFFFFFFFF04FFFFFFFF0CFFFFFFFF135807421EE845F3BF16D05F475BCCF2BF00000000000039C0110D05706F696E740CFFFFFFFF04FFFFFFFF0CFFFFFFFF132C7E6FF885AE1B40DB
310
13FA4DA5E70D40CDCCCCCCCCCC39C0110E0D4154545249425F435553544F4D0D066174747269620CFFFFFFFF04FFFFFFFF0CFFFFFFFF0CFFFFFFFF0C36040000071667656E657269635F7461675F6174747269625F6465660403000000040300000004FFFFFFFF071767656E657269635F7461675F6174747269625F646566
310
20040100000004000000000700040000000004050000000442010000044401000004460100000448010000044B0100000400000000110E0D4154545249425F435553544F4D0D066174747269620C1706000004FFFFFFFF0CFFFFFFFF0CFFFFFFFF0C37040000071667656E657269635F7461675F6174747269625F64656604
310
03000000040300000004FFFFFFFF071767656E657269635F7461675F6174747269625F6465662004010000000402000000070233350400000000040100000004C2FEFFFF0400000000110D04666163650C1806000004FFFFFFFF0CFFFFFFFF0C190600000CDD0500000C060000000CFFFFFFFF0C1A0600000B0B110D046C6F
310
6F700CFFFFFFFF04FFFFFFFF0CFFFFFFFF0CFFFFFFFF0C1B0600000C37040000110E04636F6E650D07737572666163650CFFFFFFFF04FFFFFFFF0CFFFFFFFF13EC40C803BDA821C07BFB11B8906B0E40EC51B81E85AB38C014000000000000F03F9A5C7DEAFFBF42390000000000000000144DBC7647539DD6B855967E7F39
310
4C833F1D1B6E4A8910923F06000000000000F03F0B0B06000000000000000006000000000000F03F067B14AE47E17A943F0B0B0B0B0B110D06636F656467650CFFFFFFFF04FFFFFFFF0CFFFFFFFF0C1C0600000C1D0600000C1E0600000C640400000B0C3804000004000000000CFFFFFFFF110D06636F656467650CFFFFFF
310
FF04FFFFFFFF0CFFFFFFFF0C1F0600000C3A0400000CF10400000CEA0500000B0C5803000004000000000CFFFFFFFF110D06636F656467650CFFFFFFFF04FFFFFFFF0CFFFFFFFF0C3A0400000C1F0600000C200600000C210600000B0C5803000004000000000CFFFFFFFF110D06636F656467650CFFFFFFFF04FFFFFFFF0C
310
FFFFFFFF0C1D0600000C1C0600000C3A0400000C2B0500000A0C3804000004000000000CFFFFFFFF110D04656467650CFFFFFFFF04FFFFFFFF0CFFFFFFFF0C4C0500000663FFFFFFFF87C33C0C22060000065C661FC2A465EF3F0C3A0400000C230600000B070E74616E67656E745F6E6F745F6732110E0D4154545249425F
310
435553544F4D0D066174747269620CFFFFFFFF04FFFFFFFF0CFFFFFFFF0CFFFFFFFF0C3B040000071667656E657269635F7461675F6174747269625F6465660403000000040300000004FFFFFFFF071767656E657269635F7461675F6174747269625F64656620040100000004000000000700040000000004050000000442
310
010000044401000004460100000448010000044B0100000400000000110D06636F656467650CFFFFFFFF04FFFFFFFF0CFFFFFFFF0CE50400000C1E0600000C3D0400000C2E0500000B0CDD05000004000000000CFFFFFFFF110D04656467650CFFFFFFFF04FFFFFFFF0CFFFFFFFF0C84030000061A2D4454FB21E9BF0C7203
310
0000061E2D4454FB21E93F0C2D0500000C240600000B070E74616E67656E745F6E6F745F6732110D06636F656467650CFFFFFFFF04FFFFFFFF0CFFFFFFFF0C3F0400000C3E0400000C1D0600000C250600000A0C4004000004000000000CFFFFFFFF110D06636F656467650CFFFFFFFF04FFFFFFFF0CFFFFFFFF0C20060000
310
0C5A0400000C3F0400000C5D0400000A0C4605000004000000000CFFFFFFFF110D06636F656467650CFFFFFFFF04FFFFFFFF0CFFFFFFFF0C260600000C430400000C7A0400000C650500000A0C3305000004000000000CFFFFFFFF110D06636F656467650CFFFFFFFF04FFFFFFFF0CFFFFFFFF0C430400000C260600000CE4
310
0400000CED0400000A0C3305000004000000000CFFFFFFFF110D046C6F6F700CFFFFFFFF04FFFFFFFF0CFFFFFFFF0CFFFFFFFF0C310500000C73040000110E07656C6C697073650D0563757276650CFFFFFFFF04FFFFFFFF0CFFFFFFFF13BC53948C88151440BE69F9E0F465F0BF36ED245207F238C014F4C4A58FAD39BBBC
310
000000000000F03FBC85C5DF52CEA33C147DEE4F7194CB02402F82B30B451BD23CD2F2FB54AF58EBBF06000000000000F03F0A06FD7E504639E7D4BF0A066A886B695E1C77BF110D04656467650CFFFFFFFF04FFFFFFFF0CFFFFFFFF0C460400000600000000000000000C6D040000064443597025A4F33F0C750400000C27
310
0600000B070E74616E67656E745F6E6F745F6732110D05706F696E740CFFFFFFFF04FFFFFFFF0CFFFFFFFF1394C2EBF438801D40B669F9E0F465F0BF2740B12A67C939C0110E0D4154545249425F435553544F4D0D066174747269620CFFFFFFFF04FFFFFFFF0CFFFFFFFF0CFFFFFFFF0C49040000071667656E657269635F
310
7461675F6174747269625F6465660403000000040300000004FFFFFFFF071767656E657269635F7461675F6174747269625F64656620040100000004000000000700040000000004050000000442010000044401000004460100000448010000044B0100000400000000110E0D4154545249425F435553544F4D0D06617474
310
7269620CFFFFFFFF04FFFFFFFF0CFFFFFFFF0CFFFFFFFF0C4C040000071667656E657269635F7461675F6174747269625F6465660403000000040300000004FFFFFFFF071767656E657269635F7461675F6174747269625F646566200401000000040000000007000400000000040500000004420100000444010000044601
310
00000448010000044B0100000400000000110E07656C6C697073650D0563757276650CFFFFFFFF04FFFFFFFF0CFFFFFFFF13EC40C803BDA821C0569F8F1B32D4F7BFEC51B81E85AB38C014000000000000F0BF9A5C7DEAFFBF42B90000000000000000148DD27AB488F2E33800AA8273930591BF249B6C2CB8C6863F060000
310
00000000F03F0A0644000000006AB8BC0A06E5651FC2A465EF3F110D06636F656467650CFFFFFFFF04FFFFFFFF0CFFFFFFFF0C280600000C500400000C290600000C2A0600000A0C3C05000004000000000CFFFFFFFF110D06636F656467650CFFFFFFFF04FFFFFFFF0CFFFFFFFF0C500400000C280600000C590500000C2B
310
0600000A0C3C05000004000000000CFFFFFFFF110D046C6F6F700CFFFFFFFF04FFFFFFFF0CFFFFFFFF0CFFFFFFFF0C3B0500000C2C060000110E07656C6C697073650D0563757276650CFFFFFFFF04FFFFFFFF0CFFFFFFFF13EC40C803BDA821C08A172186EE04F73F36ED245207F238C014000000000000F0BFFF13A77CA3
310
6EB3BCE263D8A5ED459C3C148844DF66E3D8C9BC7DEE4F7194CB0240D2F2FB54AF58EBBF06000000000000F03F0A06008C504639E7D4BF0A06548A6B695E1C77BF110D06636F656467650CFFFFFFFF04FFFFFFFF0CFFFFFFFF0C2D0600000C290600000C520400000C3F0500000A0C2E06000004000000000CFFFFFFFF110D
310
04656467650CFFFFFFFF04FFFFFFFF0CFFFFFFFF0C4705000006C9E0FFFFBF7AC03C0C53040000069A8AA5F5E1EDBA3F0C520400000C2F0600000B070E74616E67656E745F6E6F745F6732110D05706F696E740CFFFFFFFF04FFFFFFFF0CFFFFFFFF13EC40C803BDA821C009DBC7CC32810F40BB3BC0A2440039C0110D0663
310
6F656467650CFFFFFFFF04FFFFFFFF0CFFFFFFFF0C590500000C670400000C550400000C420500000A0C8D03000004000000000CFFFFFFFF110D04656467650CFFFFFFFF04FFFFFFFF0CFFFFFFFF0C5604000006990000000088A33C0C6904000006E342597025A4F33F0C550400000C300600000B070E74616E67656E745F
310
6E6F745F6732110D05706F696E740CFFFFFFFF04FFFFFFFF0CFFFFFFFF13EC40C803BDA821C07969BF13D8570E402740B12A67C939C0110E0D4154545249425F435553544F4D0D066174747269620CFFFFFFFF04FFFFFFFF0CFFFFFFFF0CFFFFFFFF0C58040000071667656E657269635F7461675F6174747269625F646566
310
0403000000040300000004FFFFFFFF071767656E657269635F7461675F6174747269625F64656620040100000004000000000700040000000004050000000442010000044401000004460100000448010000044B0100000400000000110D06636F656467650CFFFFFFFF04FFFFFFFF0CFFFFFFFF0C5A0400000C200600000C
310
310600000C320600000B0C4605000004000000000CFFFFFFFF110D046C6F6F700CFFFFFFFF04FFFFFFFF0CFFFFFFFF0CFFFFFFFF0C200600000CE0050000110D067665727465780CFFFFFFFF04FFFFFFFF0CFFFFFFFF0C3206000004010000000C33060000110E07656C6C697073650D0563757276650CFFFFFFFF04FFFFFF
310
FF0CFFFFFFFF13EC40C803BDA821C0A9E0C61A72B40A40E0E995E2BAFF38C01400000000000000000000000000000000000000000000F0BF14B8BEC4C72226DBBFADBEC4C72226DB3F000000000000000006000000000000F03F0A06122D4454FB21E9BF0A06142D4454FB21E93F110E0D4154545249425F435553544F4D0D
310
066174747269620C3406000004FFFFFFFF0CFFFFFFFF0CFFFFFFFF0C5C040000071667656E657269635F7461675F6174747269625F6465660403000000040300000004FFFFFFFF071767656E657269635F7461675F6174747269625F6465662004010000000402000000070235320400000000040100000004C2FEFFFF0400
310
000000110D04666163650C3506000004FFFFFFFF0CFFFFFFFF0C6A0300000C2E0600000C060000000CFFFFFFFF0C360600000B0B110E05746F7275730D07737572666163650CFFFFFFFF04FFFFFFFF0CFFFFFFFF13EC40C803BDA821C0A9E0C61A72B40A4010642579270039C0140000000000000000000000000000000000
310
0000000000F0BF06CFB3C41F368FE23F067C14AE47E17A943F14000000000000F0BF9A5C7DEAFFBF42B900000000000000000B0B0B0B0B110D067665727465780CFFFFFFFF04FFFFFFFF0CFFFFFFFF0C2B05000004000000000C37060000110E07656C6C697073650D0563757276650CFFFFFFFF04FFFFFFFF0CFFFFFFFF13
310
660A483D386D21C0A9E0C61A72B40A405E18CA9FF80E39C014DA24FF6C84DBB53C000000000000F0BF90BAACE0EF8D7CBC149C9B369B7FEBE6BF37BD7F5FFC84AFBC1DBB30943FF1AD3F06000000000000F03F0A06DBCE0797ED42E0BF0A0694B55FA61B2058BF110E0D4154545249425F435553544F4D0D06617474726962
310
0CFFFFFFFF04FFFFFFFF0CFFFFFFFF0CFFFFFFFF0C60040000071667656E657269635F7461675F6174747269625F6465660403000000040300000004FFFFFFFF071767656E657269635F7461675F6174747269625F646566200401000000040000000007000400000000040500000004420100000444010000044601000004
310
48010000044B0100000400000000110D06636F656467650CFFFFFFFF04FFFFFFFF0CFFFFFFFF0CD30500000CE20500000C380600000C390600000B0C6104000004000000000CFFFFFFFF110E0D4154545249425F435553544F4D0D066174747269620C3A06000004FFFFFFFF0CFFFFFFFF0CFFFFFFFF0C6304000007166765
310
6E657269635F7461675F6174747269625F6465660403000000040300000004FFFFFFFF071767656E657269635F7461675F6174747269625F6465662004010000000402000000070232300400000000040100000004C2FEFFFF0400000000110E05746F7275730D07737572666163650CFFFFFFFF04FFFFFFFF0CFFFFFFFF13
310
EC40C803BDA821C0A9E0C61A72B40A4048E17A14AEC739C01400000000000000000000000000000000000000000000F0BF062486F6519EE6DB3F067C14AE47E17A943F14000000000000F0BF9A5C7DEAFFBF42B900000000000000000B0B0B0B0B110D067665727465780CFFFFFFFF04FFFFFFFF0CFFFFFFFF0C6404000004
310
010000000C3B060000110E07656C6C697073650D0563757276650CFFFFFFFF04FFFFFFFF0CFFFFFFFF13A1071BAB849622C0B669F9E0F465F0BFEC51B81E85AB38C0149A5C7DEAFFBF42B9000000000000F03F00000000000000001407AA8273930591BF95D27AB488F2E3B8A89A6C2CB8C6863F06000000000000F03F0A06
310
5700000090E7043D0A063C661FC2A465EF3F110D067665727465780CFFFFFFFF04FFFFFFFF0CFFFFFFFF0C5A05000004010000000C3C060000110E0873747261696768740D0563757276650CFFFFFFFF04FFFFFFFF0CFFFFFFFF132C7E6FF885AE1B406DB105E545310E40CDCCCCCCCCCC39C0140000000000802FC02767D3
310
EAFF7482B900000000000000000A0600000000000000000A06010000000000F03F110D05706F696E740CFFFFFFFF04FFFFFFFF0CFFFFFFFF13ED40C803BDA821C06DB105E545310E40CDCCCCCCCCCC39C0110E0873747261696768740D0563757276650CFFFFFFFF04FFFFFFFF0CFFFFFFFF138CE68EDDEF6C1D40B669F9E0
310
F465F0BFCDCCCCCCCCCC39C014F93B2382997364B9C0CAA145B673114000000000000000000A0646C300B96D569D3C0A06000000000000F03F110D05706F696E740CFFFFFFFF04FFFFFFFF0CFFFFFFFF138CE68EDDEF6C1D40B669F9E0F465F0BFCDCCCCCCCCCC39C0110D06636F656467650CFFFFFFFF04FFFFFFFF0CFFFF
310
FFFF0C700400000C410500000C3B0500000C2B0600000B0C8D03000004000000000CFFFFFFFF110D04656467650CFFFFFFFF04FFFFFFFF0CFFFFFFFF0C6305000006CDFFFFFFFF87B33C0C54050000063543597025A4F33F0C700400000C3D0600000B070E74616E67656E745F6E6F745F6732110E0D4154545249425F4355
310
53544F4D0D066174747269620CFFFFFFFF04FFFFFFFF0CFFFFFFFF0CFFFFFFFF0C72040000071667656E657269635F7461675F6174747269625F6465660403000000040300000004FFFFFFFF071767656E657269635F7461675F6174747269625F646566200401000000040000000007000400000000040500000004420100
310
00044401000004460100000448010000044B0100000400000000110E0D4154545249425F435553544F4D0D066174747269620C3E06000004FFFFFFFF0CFFFFFFFF0CFFFFFFFF0C73040000071667656E657269635F7461675F6174747269625F6465660403000000040300000004FFFFFFFF071767656E657269635F746167
310
5F6174747269625F6465662004010000000402000000070232380400000000040100000004C2FEFFFF0400000000110D04666163650C3F06000004FFFFFFFF0CFFFFFFFF0C2C0600000C620500000C060000000CFFFFFFFF0C400600000B0B110E04636F6E650D07737572666163650CFFFFFFFF04FFFFFFFF0CFFFFFFFF13
310
BC53948C88151440A1E0C61A72B40A4036ED245207F238C0149A5C7DEAFFBF4239000000000000F0BF0000000000000000147BEE4F7194CB02409C0285DB91065639CFF2FB54AF58EBBF06000000000000F03F0B0B06000000000000000006000000000000F03F06FEFFFFFFFFFF03400B0B0B0B0B110E07656C6C69707365
310
0D0563757276650CFFFFFFFF04FFFFFFFF0CFFFFFFFF132C7E6FF885AE1B40A9E0C61A72B40A40CDCCCCCCCCCC39C01400000000000000000000000000000000000000000000F03F149509FF0B98BAD33F9509FF0B98BAD33F000000000000000006000000000000F03F0A06342D4454FB21E9BF0A06182D4454FB21E93F11
310
0D06636F656467650CFFFFFFFF04FFFFFFFF0CFFFFFFFF0C410600000C780400000C280600000C420600000A0C6205000004000000000CFFFFFFFF110D06636F656467650CFFFFFFFF04FFFFFFFF0CFFFFFFFF0C780400000C410600000C260600000C430600000B0C6205000004000000000CFFFFFFFF110D046C6F6F700C
310
FFFFFFFF04FFFFFFFF0CFFFFFFFF0CFFFFFFFF0C780400000C5D050000110D067665727465780CFFFFFFFF04FFFFFFFF0CFFFFFFFF0C5A05000004000000000C44060000110E07656C6C697073650D0563757276650CFFFFFFFF04FFFFFFFF0CFFFFFFFF132C7E6FF885AE1B40A9E0C61A72B40A402740B12A67C939C01400
310
000000000000000000000000000000000000000000F0BF14E012B4DBC894D43FC812B4DBC894D43F000000000000000006000000000000F03F0A062B2D4454FB21E9BF0A06322D4454FB21E93F110D04656467650CFFFFFFFF04FFFFFFFF0CFFFFFFFF0C7B0400000600000000000000000C4604000006000000000000F03F
310
0C7A0400000C450600000B070E74616E67656E745F6E6F745F6732110D05706F696E740CFFFFFFFF04FFFFFFFF0CFFFFFFFF1390C2EBF438801D40A3E0C61A72B40A402740B12A67C939C0110D05706F696E740CFFFFFFFF04FFFFFFFF0CFFFFFFFF138CE68EDDEF6C1D40A5E0C61A72B40A40CDCCCCCCCCCC39C0110E0D41
310
54545249425F435553544F4D0D066174747269620CFFFFFFFF04FFFFFFFF0CFFFFFFFF0CFFFFFFFF0C7F040000071667656E657269635F7461675F6174747269625F6465660403000000040300000004FFFFFFFF071767656E657269635F7461675F6174747269625F64656620040100000004020000000702383704000000
310
000401000000044E0100000400000000110D04666163650C4606000004FFFFFFFF0CFFFFFFFF0C470600000C480600000C060000000CFFFFFFFF0C490600000A0B110D046C6F6F700CFFFFFFFF04FFFFFFFF0CFFFFFFFF0CFFFFFFFF0C7D0500000C7F040000110E05706C616E650D07737572666163650CFFFFFFFF04FFFF
310
FFFF0CFFFFFFFF134880CEAFEE74F03F2ABEF76E8FD7E83F3333333333B338C014000000C06D00613D000000000000F0BF000000C06D00213A14000000000000F0BF000000C06D0061BD774D6BFFFF2FB2BC0B0B0B0B0B110D06636F656467650CFFFFFFFF04FFFFFFFF0CFFFFFFFF0C8B0500000C820400000C840400000C
310
720500000A0C9B03000004000000000CFFFFFFFF110D06636F656467650CFFFFFFFF04FFFFFFFF0CFFFFFFFF0C820400000C8B0500000C7F0500000C4A0600000B0C9B03000004000000000CFFFFFFFF110D04656467650CFFFFFFFF04FFFFFFFF0CFFFFFFFF0C7405000006BDF4300FE04815C00C81050000068BF41F71A2
310
7213C00C910400000C4B0600000B0707756E6B6E6F776E110D06636F656467650C4C06000004FFFFFFFF0CFFFFFFFF0C840400000C830400000C8A0500000C4D0600000A0CD302000004000000000CFFFFFFFF110D06636F656467650CFFFFFFFF04FFFFFFFF0CFFFFFFFF0C7D0500000C8D0500000C830400000C71050000
310
0B0C6A05000004000000000CFFFFFFFF110D04656467650CFFFFFFFF04FFFFFFFF0CFFFFFFFF0C4E0600000600000000000000000C7305000006403333333333D33F0C830400000C4F0600000B0707756E6B6E6F776E110D04656467650CFFFFFFFF04FFFFFFFF0CFFFFFFFF0C500600000600000000000000000C74050000
310
06403333333333D33F0C6C0500000C510600000B0707756E6B6E6F776E110D067665727465780CFFFFFFFF04FFFFFFFF0CFFFFFFFF0C7E05000004010000000C52060000110D067665727465780CFFFFFFFF04FFFFFFFF0CFFFFFFFF0C8604000004010000000C53060000110E0873747261696768740D0563757276650CFF
310
FFFFFF04FFFFFFFF0CFFFFFFFF139871CEAFEE74F03F003DA61D340D044000000000000039C014000000C06D0061BD000000000000F03F00000000000000000B0B110D05706F696E740CFFFFFFFF04FFFFFFFF0CFFFFFFFF130406D09EECFC0F403AD0A3CEE82FE83F3333333333B338C0110D046C6F6F700CFFFFFFFF04FF
310
FFFFFF0CFFFFFFFF0C540600000C550600000C3E000000110D06636F656467650CFFFFFFFF04FFFFFFFF0CFFFFFFFF0C560600000C570600000C580600000C590600000B0C8E04000004000000000CFFFFFFFF110D06636F656467650CFFFFFFFF04FFFFFFFF0CFFFFFFFF0C5A0600000C8F0400000C5B0600000C5C060000
310
0B0CB003000004000000000CFFFFFFFF110D06636F656467650CFFFFFFFF04FFFFFFFF0CFFFFFFFF0C8F0400000C5A0600000C5D0600000C5E0600000B0CB003000004000000000CFFFFFFFF110D06636F656467650CFFFFFFFF04FFFFFFFF0CFFFFFFFF0C5F0600000C600600000C8F0400000C7C0500000A0C6106000004
310
000000000CFFFFFFFF110D04656467650CFFFFFFFF04FFFFFFFF0CFFFFFFFF0C620600000634E6665AEB30D63F0C630600000677241EE777A8F43F0C8F0400000C640600000B0707756E6B6E6F776E110D06636F656467650CFFFFFFFF04FFFFFFFF0CFFFFFFFF0C650600000C700500000C900400000C7E0500000A0C6A05
310
000004000000000CFFFFFFFF110D04656467650CFFFFFFFF04FFFFFFFF0CFFFFFFFF0C8205000006717417A2838712400C7305000006A3742840C15D14400C900400000C660600000B0707756E6B6E6F776E110D06636F656467650CFFFFFFFF04FFFFFFFF0CFFFFFFFF0C980400000C920400000C6D0500000C4A0600000A
310
0C8004000004000000000CFFFFFFFF110D06636F656467650CFFFFFFFF04FFFFFFFF0CFFFFFFFF0C920400000C980400000C650600000C670600000B0C8004000004000000000CFFFFFFFF110D067665727465780CFFFFFFFF04FFFFFFFF0CFFFFFFFF0C9304000004000000000C68060000110D067665727465780CFFFFFF
310
FF04FFFFFFFF0CFFFFFFFF0C9304000004010000000C69060000110E0873747261696768740D0563757276650CFFFFFFFF04FFFFFFFF0CFFFFFFFF1338E9146FF037E23FCA7B42FB2A75004000000000000039C014000000C06D00613D000000000000F0BF00000000000000000B0B110D046C6F6F700CFFFFFFFF04FFFFFF
310
FF0CFFFFFFFF0C6A0600000C6B0600000C54000000110D06636F656467650CFFFFFFFF04FFFFFFFF0CFFFFFFFF0C6C0600000C6D0600000C6E0600000C6F0600000B0C9404000004000000000CFFFFFFFF110D06636F656467650CFFFFFFFF04FFFFFFFF0CFFFFFFFF0C700600000C950400000C710600000C720600000B0C
310
B203000004000000000CFFFFFFFF110D06636F656467650CFFFFFFFF04FFFFFFFF0CFFFFFFFF0C950400000C700600000C730600000C740600000B0CB203000004000000000CFFFFFFFF110D06636F656467650C7506000004FFFFFFFF0CFFFFFFFF0C600600000C5F0600000C950400000C890500000A0C61060000040000
310
00000CFFFFFFFF110D04656467650CFFFFFFFF04FFFFFFFF0CFFFFFFFF0C7606000006F8B7E10B0DA6C9BF0C7706000006D66710DEF6CEE73F0C950400000C780600000B0707756E6B6E6F776E110D06636F656467650CFFFFFFFF04FFFFFFFF0CFFFFFFFF0C970400000C960400000C6F0500000C4D0600000B0CEB020000
310
04000000000CFFFFFFFF110D06636F656467650C7906000004FFFFFFFF0CFFFFFFFF0C6D0500000C6C0500000C960400000C8C0500000A0C9B03000004000000000CFFFFFFFF110D04656467650CFFFFFFFF04FFFFFFFF0CFFFFFFFF0C91050000069E83CC55E061E83F0C500600000698422AA3E689F33F0C960400000C7A
310
0600000B0707756E6B6E6F776E110D06636F656467650C7B06000004FFFFFFFF0CFFFFFFFF0C700500000C650600000C970400000C8E0500000A0C6A05000004000000000CFFFFFFFF110D04656467650CFFFFFFFF04FFFFFFFF0CFFFFFFFF0C4E06000006688410CED6BAEFBF0C9005000006D68288DDE908E1BF0C970400
310
000C7C0600000B0707756E6B6E6F776E110E0D4154545249425F435553544F4D0D066174747269620CFFFFFFFF04FFFFFFFF0CFFFFFFFF0CFFFFFFFF0C980400000711736B657463685F6174747269625F646566040100000004010000000403000000070D31343120302031203020312031110D067665727465780CFFFFFF
310
FF04FFFFFFFF0CFFFFFFFF0C9904000004000000000C7D060000110D067665727465780CFFFFFFFF04FFFFFFFF0CFFFFFFFF0C9904000004010000000C7E060000110E0873747261696768740D0563757276650CFFFFFFFF04FFFFFFFF0CFFFFFFFF13C2FB146FF037E23FF313C6613FEDEE3F3333333333B338C014000000
310
C06D0061BD000000000000F03F00000000000000000B0B110E0D4154545249425F435553544F4D0D066174747269620CFFFFFFFF04FFFFFFFF0CFFFFFFFF0CFFFFFFFF0C9C040000071667656E657269635F7461675F6174747269625F6465660403000000040300000004FFFFFFFF071767656E657269635F7461675F6174
310
747269625F64656620040100000004000000000700040000000004050000000442010000044401000004460100000448010000044B0100000400000000110E0D4154545249425F435553544F4D0D066174747269620C7F06000004FFFFFFFF0CFFFFFFFF0CFFFFFFFF0C9D040000071667656E657269635F7461675F617474
310
7269625F6465660403000000040300000004FFFFFFFF071767656E657269635F7461675F6174747269625F6465662004010000000402000000070231310400000000040100000004C2FEFFFF0400000000110D046C6F6F700CFFFFFFFF04FFFFFFFF0CFFFFFFFF0CFFFFFFFF0CF50500000C9D040000110E04636F6E650D07
310
737572666163650CFFFFFFFF04FFFFFFFF0CFFFFFFFF13F041B76F03BFE9BFE513FA4DA5E70B405C8FC2F528DC38C01400000000000000000000000000000000000000000000F0BF14F162FF51181AB23F2363FF51181AB2BF000000000000000006000000000000F03F0B0B06000000000000000006000000000000F03F06
310
999999999999B93F0B0B0B0B0B110D06636F656467650CFFFFFFFF04FFFFFFFF0CFFFFFFFF0C800600000CA00400000C130500000C090600000A0CB803000004000000000CFFFFFFFF110D06636F656467650CFFFFFFFF04FFFFFFFF0CFFFFFFFF0CA00400000C800600000C160500000C0C0600000A0CB803000004000000
310
000CFFFFFFFF110D06636F656467650CFFFFFFFF04FFFFFFFF0CFFFFFFFF0CA20400000CA10400000CA50500000C810600000A0CF002000004000000000CFFFFFFFF110D06636F656467650CFFFFFFFF04FFFFFFFF0CFFFFFFFF0CB60400000C820600000CA10400000C9B0500000A0CAB05000004000000000CFFFFFFFF11
310
0D04656467650CFFFFFFFF04FFFFFFFF0CFFFFFFFF0C9C0500000600000000000000000C8306000006F4FFFFFFFFFFEF3F0CA10400000C840600000B070E74616E67656E745F6E6F745F6732110D067665727465780CFFFFFFFF04FFFFFFFF0CFFFFFFFF0CB704000004000000000C85060000110E07656C6C697073650D05
310
63757276650CFFFFFFFF04FFFFFFFF0CFFFFFFFF13EC40C803BDA821C0A9E0C61A72B40A403333333333B338C01400000000000000000000000000000000000000000000F0BF14F06095DDFFFF2D39949999999999D9BF000000000000000006000000000000F03F0A06182D4454FB21F93F0A06152D4454FB210940110D06
310
636F656467650CFFFFFFFF04FFFFFFFF0CFFFFFFFF0CA50500000CA90400000CA50400000C9F0500000B0CAF04000004000000000CFFFFFFFF110D04656467650CFFFFFFFF04FFFFFFFF0CFFFFFFFF0CAB0400000600000000000000000CA005000006000000000000F03F0CA50400000C860600000B0707756E6B6E6F776E
310
110D067665727465780CFFFFFFFF04FFFFFFFF0CFFFFFFFF0CA604000004010000000C87060000110E0873747261696768740D0563757276650CFFFFFFFF04FFFFFFFF0CFFFFFFFF13B90D95D0897522C0A9E0C61A72B40A403333333333B338C014000000000000000000000000000000009A9999999999A93F0A06000000
310
00000000000A06F4FFFFFFFFFFEF3F110D05706F696E740CFFFFFFFF04FFFFFFFF0CFFFFFFFF13B90D95D0897522C0A9E0C61A72B40A403333333333B338C0110E07656C6C697073650D0563757276650CFFFFFFFF04FFFFFFFF0CFFFFFFFF13EC40C803BDA821C0B669F9E0F465F0BF6666666666A638C014000000000000
310
00000000000000000000000000000000F0BF14A49999999999D93F036195DDFFFF2D39000000000000000006000000000000F03F0A061B2D4454FB21F93F0A061B2D4454FB210940110D05706F696E740CFFFFFFFF04FFFFFFFF0CFFFFFFFF13B80D95D0897522C0AE69F9E0F465F0BF6666666666A638C0110D06636F6564
310
67650CFFFFFFFF04FFFFFFFF0CFFFFFFFF0CD80500000C9E0500000C990500000C810600000B0CAF04000004000000000CFFFFFFFF110E07656C6C697073650D0563757276650CFFFFFFFF04FFFFFFFF0CFFFFFFFF132C7E6FF885AE1B40AE69F9E0F465F0BF6666666666A638C01400000000000000000000000000000000
310
000000000000F0BF14006195DDFFFF2DB9A29999999999D93F000000000000000006000000000000F03F0A062A2D4454FB21F93F0A062C2D4454FB210940110E0D4154545249425F435553544F4D0D066174747269620C8806000004FFFFFFFF0CFFFFFFFF0CFFFFFFFF0CB3040000071667656E657269635F7461675F6174
310
747269625F6465660403000000040300000004FFFFFFFF071767656E657269635F7461675F6174747269625F6465662004010000000402000000070231320400000000040100000004C2FEFFFF0400000000110D04666163650C8906000004FFFFFFFF0CFFFFFFFF0C040600000C180500000C060000000CFFFFFFFF0C8A06
310
00000B0B110E04636F6E650D07737572666163650CFFFFFFFF04FFFFFFFF0CFFFFFFFF132C7E6FF885AE1B40AE69F9E0F465F0BFE17A14AE47C138C01400000000000000000000000000000000000000000000F0BF14006195DDFFFF2DB9A29999999999D93F000000000000000006000000000000F03F0B0B060000000000
310
00000006000000000000F03F06A29999999999D93F0B0B0B0B0B110D06636F656467650CFFFFFFFF04FFFFFFFF0CFFFFFFFF0C820600000CB60400000CD70400000CD20500000B0CAB05000004000000000CFFFFFFFF110D046C6F6F700CFFFFFFFF04FFFFFFFF0CFFFFFFFF0CFFFFFFFF0CB60400000CD3040000110E0873
310
747261696768740D0563757276650CFFFFFFFF04FFFFFFFF0CFFFFFFFF13EC40C803BDA821C0DB13FA4DA5E70D403333333333B338C0140000000000802F402767D3EAFF74823900000000000000000A0610044110044170BC0A06010000000000F03F110D046C6F6F700CFFFFFFFF04FFFFFFFF0CFFFFFFFF0C8B0600000C
310
B60500000C3E000000110D05706F696E740CFFFFFFFF04FFFFFFFF0CFFFFFFFF132349742017ED20C0045BF7B56D4FF0BF00000000000039C0110E0D4154545249425F435553544F4D0D066174747269620CFFFFFFFF04FFFFFFFF0CFFFFFFFF0CFFFFFFFF0CBC040000071667656E657269635F7461675F6174747269625F
310
6465660403000000040300000004FFFFFFFF071767656E657269635F7461675F6174747269625F646566200401000000040100000007013804000000000401000000044E0100000400000000110D04666163650C8C06000004FFFFFFFF0CFFFFFFFF0C8D0600000C8E0600000C060000000CFFFFFFFF0C8F0600000A0B110D
310
046C6F6F700CFFFFFFFF04FFFFFFFF0CFFFFFFFF0C900600000C910600000CBC040000110E04636F6E650D07737572666163650CFFFFFFFF04FFFFFFFF0CFFFFFFFF13C43B2DAE2E9311C0A4F60BDE700AD2BF3333333333B338C01400000000000000000000000000000000000000000000F0BF1480C8E2EB8A15C53F10DF
310
653A7467363D000000000000000006000000000000F03F0B0B06000000000000000006000000000000F03F0680C8E2EB8A15C53F0B0B0B0B0B110D046C6F6F700CFFFFFFFF04FFFFFFFF0CFFFFFFFF0CFFFFFFFF0C920600000CD3030000110D06636F656467650CFFFFFFFF04FFFFFFFF0CFFFFFFFF0CB40500000CB40500
310
000C930600000C940600000A0CBD04000004000000000CFFFFFFFF110D06636F656467650C9506000004FFFFFFFF0CFFFFFFFF0CB50500000CB50500000C960600000C970600000A0CBF04000004000000000CFFFFFFFF110D06636F656467650CFFFFFFFF04FFFFFFFF0CFFFFFFFF0CB60500000CB60500000CC00400000C
310
B70500000B0CAD05000004000000000CFFFFFFFF110D04656467650CFFFFFFFF04FFFFFFFF0CFFFFFFFF0C9806000006182D4454FB2109C00C9806000006182D4454FB2109400CB60500000C990600000B0707756E6B6E6F776E110D046C6F6F700CFFFFFFFF04FFFFFFFF0CFFFFFFFF0C9A0600000CBF0500000C3E000000
310
110E0D4154545249425F435553544F4D0D066174747269620CFFFFFFFF04FFFFFFFF0CFFFFFFFF0CFFFFFFFF0CC4040000071667656E657269635F7461675F6174747269625F6465660403000000040300000004FFFFFFFF071767656E657269635F7461675F6174747269625F646566200401000000040100000007013504
310
000000000401000000044E0100000400000000110D046C6F6F700CFFFFFFFF04FFFFFFFF0CFFFFFFFF0C9B0600000C9C0600000CC4040000110E04636F6E650D07737572666163650CFFFFFFFF04FFFFFFFF0CFFFFFFFF136A80FFDB870A1CC042F163820C50E9BF3433333333B338C0140000000000000000000000000000
310
0000000000000000F0BF1480C8E2EB8A15C53F10DF653A7467363D000000000000000006000000000000F03F0B0B06000000000000000006000000000000F03F0680C8E2EB8A15C53F0B0B0B0B0B110D046C6F6F700CFFFFFFFF04FFFFFFFF0CFFFFFFFF0CFFFFFFFF0C9D0600000CDC030000110D06636F656467650CFFFF
310
FFFF04FFFFFFFF0CFFFFFFFF0CBD0500000CBD0500000C9E0600000C9F0600000A0CC504000004000000000CFFFFFFFF110D06636F656467650CA006000004FFFFFFFF0CFFFFFFFF0CBE0500000CBE0500000CA10600000CA20600000A0CC704000004000000000CFFFFFFFF110D06636F656467650CFFFFFFFF04FFFFFFFF
310
0CFFFFFFFF0CBF0500000CBF0500000CC80400000CC00500000B0CB805000004000000000CFFFFFFFF110D04656467650CFFFFFFFF04FFFFFFFF0CFFFFFFFF0CA306000006182D4454FB2109C00CA306000006182D4454FB2109400CBF0500000CA40600000B0707756E6B6E6F776E110E0D4154545249425F435553544F4D
310
0D066174747269620CFFFFFFFF04FFFFFFFF0CFFFFFFFF0CFFFFFFFF0CC90400000711736B657463685F6174747269625F646566040100000004010000000403000000070D34303320302031203020312031110D06636F656467650CFFFFFFFF04FFFFFFFF0CFFFFFFFF0CC20500000CC20500000CC90400000CC30500000B
310
0CA506000004000000000CFFFFFFFF110D04656467650CA606000004FFFFFFFF0CFFFFFFFF0CA706000006172D4454FB2109C00CA706000006192D4454FB2109400CC20500000CA80600000B0707756E6B6E6F776E110D067665727465780CFFFFFFFF04FFFFFFFF0CFFFFFFFF0CCB04000004000000000CA9060000110E07
310
656C6C697073650D0563757276650CFFFFFFFF04FFFFFFFF0CFFFFFFFF130384839B4A6DFCBFAC9D0BDE700AD2BFFFFFFFFFFFFF38C01400000000000000800000000000000080000000000000F03F1490C8E2EB8A15C53F21DF653A7467363D90C8E2EB8A15953C06000000000000F03F0B0B110D046C6F6F700CFFFFFFFF
310
04FFFFFFFF0CFFFFFFFF0CA50600000CCD0400000C54000000110E0D4154545249425F435553544F4D0D066174747269620CFFFFFFFF04FFFFFFFF0CFFFFFFFF0CFFFFFFFF0CCE040000071667656E657269635F7461675F6174747269625F6465660403000000040300000004FFFFFFFF071767656E657269635F7461675F
310
6174747269625F646566200401000000040400000007042D33363804000000000401000000044E0100000400000000110D067665727465780CFFFFFFFF04FFFFFFFF0CFFFFFFFF0CCE04000004000000000CAA060000110E07656C6C697073650D0563757276650CFFFFFFFF04FFFFFFFF0CFFFFFFFF136E4DB5EEE690E93F
310
14460BDE700AD2BF3333333333B338C01400000000000000800000000000000080000000000000F0BF1490C8E2EB8A15C53F21DF653A7467363D90C8E2EB8A15853C06000000000000F03F0B0B110D05706F696E740CFFFFFFFF04FFFFFFFF0CFFFFFFFF134B9BBC33844BE43FAE4B0BDE700AD2BFFFFFFFFFFFFF38C0110E
310
0D4154545249425F435553544F4D0D066174747269620CFFFFFFFF04FFFFFFFF0CFFFFFFFF0CFFFFFFFF0CD2040000071667656E657269635F7461675F6174747269625F6465660403000000040300000004FFFFFFFF071767656E657269635F7461675F6174747269625F6465662004010000000400000000070004000000
310
0004050000000442010000044401000004460100000448010000044B0100000400000000110E0D4154545249425F435553544F4D0D066174747269620CAB06000004FFFFFFFF0CFFFFFFFF0CFFFFFFFF0CD3040000071667656E657269635F7461675F6174747269625F6465660403000000040300000004FFFFFFFF071767
310
656E657269635F7461675F6174747269625F6465662004010000000402000000070237320400000000040100000004C2FEFFFF0400000000110D04666163650CAC06000004FFFFFFFF0CFFFFFFFF0C030500000CAD0600000C060000000CFFFFFFFF0CAE0600000B0B110E05706C616E650D07737572666163650CFFFFFFFF
310
04FFFFFFFF0CFFFFFFFF13EC40C803BDA821C0DB13FA4DA5E70D405C8FC2F528DC38C0149A5C7DEAFFBF4239000000000000F0BF000000000000000014000000000000000000000000000000009A9999999999B9BF0B0B0B0B0B110D06636F656467650CFFFFFFFF04FFFFFFFF0CFFFFFFFF0CD60400000CD80400000CAF06
310
00000CB00600000A0CE703000004000000000CFFFFFFFF110D06636F656467650CFFFFFFFF04FFFFFFFF0CFFFFFFFF0CB10600000CDA0400000CD60400000CD10500000B0CD605000004000000000CFFFFFFFF110D04656467650CFFFFFFFF04FFFFFFFF0CFFFFFFFF0CED03000006232D4454FB21E9BF0CB2060000061F2D
310
4454FB21E93F0CD00500000CB30600000B070E74616E67656E745F6E6F745F6732110D04656467650CFFFFFFFF04FFFFFFFF0CFFFFFFFF0CE20400000600000000000000000CD905000006F4FFFFFFFFFFEF3F0CD70400000CB40600000B070E74616E67656E745F6E6F745F6732110D06636F656467650CFFFFFFFF04FFFF
310
FFFF0CFFFFFFFF0CEA0400000C4F0500000CD80400000CD40500000B0C6104000004000000000CFFFFFFFF110D04656467650CFFFFFFFF04FFFFFFFF0CFFFFFFFF0CB5060000061D2D4454FB21E9BF0C0404000006212D4454FB21E93F0CD30500000CB60600000B070E74616E67656E745F6E6F745F6732110D06636F6564
310
67650CFFFFFFFF04FFFFFFFF0CFFFFFFFF0CDA0400000CB10600000CEF0400000CE70500000B0CD605000004000000000CFFFFFFFF110D046C6F6F700CFFFFFFFF04FFFFFFFF0CFFFFFFFF0CFFFFFFFF0CDA0400000C19060000110E07656C6C697073650D0563757276650CFFFFFFFF04FFFFFFFF0CFFFFFFFF13900B1547
310
158A1D40A5E0C61A72B40A40EC51B81E85AB38C0149A5C7DEAFFBF42B9000000000000F03F000000000000000014000000000000000000000000000000007C14AE47E17A943F06000000000000F03F0A0600000000000000000A061F671FC2A465EF3F110D06636F656467650CFFFFFFFF04FFFFFFFF0CFFFFFFFF0CDD0400
310
000CA50500000C820600000CB70600000B0CAF04000004000000000CFFFFFFFF110D067665727465780CFFFFFFFF04FFFFFFFF0CFFFFFFFF0CB706000004010000000CB8060000110E07656C6C697073650D0563757276650CFFFFFFFF04FFFFFFFF0CFFFFFFFF132C7E6FF885AE1B40A9E0C61A72B40A406666666666A638
310
C01400000000000000000000000000000000000000000000F0BF14919999999999D9BFEC6095DDFFFF2DB9000000000000000006000000000000F03F0A06182D4454FB21F93F0A061F2D4454FB210940110D05706F696E740CFFFFFFFF04FFFFFFFF0CFFFFFFFF132C7E6FF885AE1B40DB13FA4DA5E70D403333333333B338
310
C0110D06636F656467650CFFFFFFFF04FFFFFFFF0CFFFFFFFF0C1E0600000CE50400000CF00400000CE90500000B0CDD05000004000000000CFFFFFFFF110D046C6F6F700CFFFFFFFF04FFFFFFFF0CFFFFFFFF0CFFFFFFFF0CE50400000C24050000110E0D4154545249425F435553544F4D0D066174747269620CFFFFFFFF
310
04FFFFFFFF0CFFFFFFFF0CFFFFFFFF0CE7040000071667656E657269635F7461675F6174747269625F6465660403000000040300000004FFFFFFFF071767656E657269635F7461675F6174747269625F6465662004010000000400000000070004000000000405000000044201000004440100000446010000044801000004
310
4B0100000400000000110E0D4154545249425F435553544F4D0D066174747269620CB906000004FFFFFFFF0CFFFFFFFF0CFFFFFFFF0CE8040000071667656E657269635F7461675F6174747269625F6465660403000000040300000004FFFFFFFF071767656E657269635F7461675F6174747269625F646566200401000000
310
0402000000070234330400000000040100000004C2FEFFFF0400000000110D04666163650CBA06000004FFFFFFFF0CFFFFFFFF0CF20400000C460500000C060000000CFFFFFFFF0CBB0600000B0B110E04636F6E650D07737572666163650CFFFFFFFF04FFFFFFFF0CFFFFFFFF13650A483D386D21C0AE69F9E0F465F0BF5E
310
18CA9FF80E39C0147381AE77D200B6BC000000000000F03F0000000000000000149C9B369B7FEBE6BFB06AC7F3FC84AFBC1DBB30943FF1AD3F06000000000000F03F0B0B06000000000000000006000000000000F03F06ED42193206FFE63F0B0B0B0B0B110D06636F656467650CFFFFFFFF04FFFFFFFF0CFFFFFFFF0C4F05
310
00000CEA0400000C410600000CBC0600000B0C6104000004000000000CFFFFFFFF110D067665727465780CFFFFFFFF04FFFFFFFF0CFFFFFFFF0C4306000004000000000CBD060000110E07656C6C697073650D0563757276650CFFFFFFFF04FFFFFFFF0CFFFFFFFF13A81468BC6C001E40A3E0C61A72B40A40E26325792700
310
39C01449A36552FCC80F3D000000000000F0BF4A3E5D21F550663D1407B6E6079579943F6A191496668543BB90A9AAD79A293DBF06000000000000F03F0A064E030000C05CC5BC0A06BFB9A5F5E1EDBA3F110E0873747261696768740D0563757276650CFFFFFFFF04FFFFFFFF0CFFFFFFFF1360FB6F51E6141E40B669F9E0
310
F465F0BF8D3BC0A2440039C014F93B2382997364B9BFCAA145B673114000000000000000000A067692C04AD200A63C0A06010000000000F03F110D06636F656467650CFFFFFFFF04FFFFFFFF0CFFFFFFFF0CF10400000CEF0400000CBE0600000CBF0600000A0C0A04000004000000000CFFFFFFFF110D04656467650CFFFF
310
FFFF04FFFFFFFF0CFFFFFFFF0CC006000006252D4454FB21E9BF0CF3040000061D2D4454FB21E93F0CD50500000CC10600000B070E74616E67656E745F6E6F745F6732110D06636F656467650CFFFFFFFF04FFFFFFFF0CFFFFFFFF0CF00400000CF10400000C1C0600000CC20600000A0C0A04000004000000000CFFFFFFFF
310
110D04656467650CFFFFFFFF04FFFFFFFF0CFFFFFFFF0CF7040000061E2D4454FB21E9BF0C52050000061B2D4454FB21E93F0CDC0500000CC30600000B070E74616E67656E745F6E6F745F6732110D04656467650CFFFFFFFF04FFFFFFFF0CFFFFFFFF0C2206000006242D4454FB21E9BF0CC406000006122D4454FB21E93F
310
0C280500000CC50600000B070E74616E67656E745F6E6F745F6732110E0D4154545249425F435553544F4D0D066174747269620CC606000004FFFFFFFF0CFFFFFFFF0CFFFFFFFF0CF2040000071667656E657269635F7461675F6174747269625F6465660403000000040300000004FFFFFFFF071767656E657269635F7461
310
675F6174747269625F6465662004010000000402000000070234350400000000040100000004C2FEFFFF0400000000110E05706C616E650D07737572666163650CFFFFFFFF04FFFFFFFF0CFFFFFFFF13EC40C803BD8822C0A9E0C61A72B40A406666666666A638C01400000000000000000000000000000000000000000000
310
F03F149A9999999999B93FF66095DDFFFF0D3900000000000000000B0B0B0B0B110D05706F696E740CFFFFFFFF04FFFFFFFF0CFFFFFFFF13900B1547158A1D40A5E0C61A72B40A406666666666A638C0110E0D4154545249425F435553544F4D0D066174747269620CFFFFFFFF04FFFFFFFF0CFFFFFFFF0CFFFFFFFF0CF504
310
0000071667656E657269635F7461675F6174747269625F6465660403000000040300000004FFFFFFFF071767656E657269635F7461675F6174747269625F64656620040100000004000000000700040000000004050000000442010000044401000004460100000448010000044B0100000400000000110D05706F696E740C
310
FFFFFFFF04FFFFFFFF0CFFFFFFFF13EC40C803BDA821C0569F8F1B32D4F7BF6666666666A638C0110E0D4154545249425F435553544F4D0D066174747269620CFFFFFFFF04FFFFFFFF0CFFFFFFFF0CFFFFFFFF0CF9040000071667656E657269635F7461675F6174747269625F6465660403000000040300000004FFFFFFFF
310
071767656E657269635F7461675F6174747269625F64656620040100000004000000000700040000000004050000000442010000044401000004460100000448010000044B0100000400000000110E0873747261696768740D0563757276650CFFFFFFFF04FFFFFFFF0CFFFFFFFF13C01709921F481D40A5E0C61A72B40A40
310
CDCCCCCCCCCC39C014000000000000000000000000000000009A9999999999E93F0A0600000000000000000A06000000000000F03F110E0873747261696768740D0563757276650CFFFFFFFF04FFFFFFFF0CFFFFFFFF132C7E6FF885AE1B40DB13FA4DA5E70D40CDCCCCCCCCCC39C014000000000000000000000000000000
310
009A9999999999E93F0A0600000000000000000A06000000000000F03F110E0D4154545249425F435553544F4D0D066174747269620CC706000004FFFFFFFF0CFFFFFFFF0CFFFFFFFF0C03050000071667656E657269635F7461675F6174747269625F6465660403000000040300000004FFFFFFFF071767656E657269635F
310
7461675F6174747269625F6465662004010000000402000000070237340400000000040100000004C2FEFFFF0400000000110E05706C616E650D07737572666163650CFFFFFFFF04FFFFFFFF0CFFFFFFFF13EC40C803BDA821C0DB13FA4DA5E70D40CDCCCCCCCCCC39C0149A5C7DEAFFBF4239000000000000F0BF00000000
310
0000000014000000000000000000000000000000009A9999999999B9BF0B0B0B0B0B110D06636F656467650CFFFFFFFF04FFFFFFFF0CFFFFFFFF0CC80600000CC90600000C060500000CF60500000B0C9505000004000000000CFFFFFFFF110D04656467650CFFFFFFFF04FFFFFFFF0CFFFFFFFF0CFF050000063C2B4454FB
310
21E9BF0CFA05000006AC2B4454FB21E93F0CF50500000CCA0600000B0707756E6B6E6F776E110D06636F656467650CFFFFFFFF04FFFFFFFF0CFFFFFFFF0CCB0600000C070500000C0C0500000C030600000A0CF905000004000000000CFFFFFFFF110D06636F656467650CFFFFFFFF04FFFFFFFF0CFFFFFFFF0C070500000C
310
CB0600000CC80600000CCC0600000A0CF905000004000000000CFFFFFFFF110D046C6F6F700CFFFFFFFF04FFFFFFFF0CFFFFFFFF0CFFFFFFFF0C070500000CCD060000110D067665727465780CFFFFFFFF04FFFFFFFF0CFFFFFFFF0CF605000004010000000CCE060000110E0873747261696768740D0563757276650CFFFF
310
FFFF04FFFFFFFF0CFFFFFFFF13C841B76F03BFE9BF19472D81D81A0B4000000000000039C0149A3333333333D3BF310930E6FF7F26B900000000000000000A061CAAAAAAAAAAEA3C0A06EFFFFFFFFFFFEF3F110D06636F656467650CFFFFFFFF04FFFFFFFF0CFFFFFFFF0CCF0600000C090500000CC90600000CD00600000B
310
0CFE05000004000000000CFFFFFFFF110D06636F656467650CFFFFFFFF04FFFFFFFF0CFFFFFFFF0C090500000CCF0600000C0B0500000C020600000A0CFE05000004000000000CFFFFFFFF110D046C6F6F700CFFFFFFFF04FFFFFFFF0CFFFFFFFF0CFFFFFFFF0C090500000CD1060000110D067665727465780CFFFFFFFF04
310
FFFFFFFF0CFFFFFFFF0CF605000004000000000CD2060000110E0873747261696768740D0563757276650CFFFFFFFF04FFFFFFFF0CFFFFFFFF136007421EE845F3BFD913FA4DA5E70B4000000000000039C014000000000000E03F9A5C7DEAFFBF323900000000000000000A06000000000000E0BC0A06080000000000F03F
310
110D06636F656467650CFFFFFFFF04FFFFFFFF0CFFFFFFFF0C0C0500000C0B0500000CD30600000CD40600000B0C0D05000004000000000CFFFFFFFF110D04656467650CFFFFFFFF04FFFFFFFF0CFFFFFFFF0C0F05000006604BBEA0AAAA9ABC0CD506000006020000000000F03F0C0B0500000CD60600000B0707756E6B6E
310
6F776E110D04656467650CFFFFFFFF04FFFFFFFF0CFFFFFFFF0CD70600000600000000000000000C0E05000006020000000000F03F0C0C0500000CD80600000B070E74616E67656E745F6E6F745F6732110D04666163650CD906000004FFFFFFFF0CFFFFFFFF0CCD0600000C0D0500000C060000000CFFFFFFFF0CDA060000
310
0B0B110D05706F696E740CFFFFFFFF04FFFFFFFF0CFFFFFFFF13C86DA8844EACF1BF19472D81D81A0B4000000000000039C0110D05706F696E740CFFFFFFFF04FFFFFFFF0CFFFFFFFF136407421EE845F3BFD913FA4DA5E70B4000000000000039C0110E0873747261696768740D0563757276650CFFFFFFFF04FFFFFFFF0C
310
FFFFFFFF13BC6DA8844EACF1BF7E36C6ADC132F1BF00000000000039C014403333333333D33FC80830E6FF7F263900000000000000000A0600000000000000000A06E5FFFFFFFFFFEF3F110D06636F656467650CFFFFFFFF04FFFFFFFF0CFFFFFFFF0C130500000C120500000CDB0600000CDC0600000B0C9E040000040000
310
00000CFFFFFFFF110D04656467650CFFFFFFFF04FFFFFFFF0CFFFFFFFF0CDD0600000600000000000000000C1405000006020000000000F03F0C970500000CDE0600000B070E74616E67656E745F6E6F745F6732110D05706F696E740CFFFFFFFF04FFFFFFFF0CFFFFFFFF13E041B76F03BFE9BF7E36C6ADC132F1BF000000
310
00000039C0110D06636F656467650CFFFFFFFF04FFFFFFFF0CFFFFFFFF0C170500000C160500000CDF0600000CE00600000B0C1805000004000000000CFFFFFFFF110D04656467650CFFFFFFFF04FFFFFFFF0CFFFFFFFF0C1905000006604BBEA0AAAA9ABC0CE106000006020000000000F03F0C980500000CE20600000B07
310
0E74616E67656E745F6E6F745F6732110D05706F696E740CFFFFFFFF04FFFFFFFF0CFFFFFFFF13BC6DA8844EACF1BF7E36C6ADC132F1BF00000000000039C0110D06636F656467650CFFFFFFFF04FFFFFFFF0CFFFFFFFF0CDF0600000CDB0600000C1B0500000C0F0600000A0CE306000004000000000CFFFFFFFF110D0465
310
6467650CFFFFFFFF04FFFFFFFF0CFFFFFFFF0C100600000600000000000000000C1206000006000000000000F03F0C1B0500000CE40600000B0707756E6B6E6F776E110D067665727465780CFFFFFFFF04FFFFFFFF0CFFFFFFFF0CE006000004010000000CE5060000110E0873747261696768740D0563757276650CFFFFFF
310
FF04FFFFFFFF0CFFFFFFFF135807421EE845F3BF16D05F475BCCF2BF00000000000039C01400000000000000000000000000000000B81E85EB51B8BEBF0A06604BBEA0AAAA9ABC0A06020000000000F03F110D067665727465780CFFFFFFFF04FFFFFFFF0CFFFFFFFF0C1D05000004010000000CE6060000110E0873747261
310
696768740D0563757276650CFFFFFFFF04FFFFFFFF0CFFFFFFFF13B00E843CD08BE6BF16D05F475BCCF2BF00000000000039C01400000000000000000000000000000000B81E85EB51B8BEBF0A06604BBEA0AAAA9ABC0A06020000000000F03F110E0D4154545249425F435553544F4D0D066174747269620CE706000004FF
310
FFFFFF0CFFFFFFFF0CFFFFFFFF0C1E050000071667656E657269635F7461675F6174747269625F6465660403000000040300000004FFFFFFFF071767656E657269635F7461675F6174747269625F6465662004010000000402000000070231380400000000040100000004C2FEFFFF0400000000110D04666163650CE80600
310
0004FFFFFFFF0CFFFFFFFF0C630400000CE30600000C060000000CFFFFFFFF0CE90600000A0B110E05706C616E650D07737572666163650CFFFFFFFF04FFFFFFFF0CFFFFFFFF135807421EE845F3BF16D05F475BCCF2BF5C8FC2F528DC38C0149A5C7DEAFFBF4239000000000000F0BF000000000000000014000000000000
310
000000000000000000009A9999999999B9BF0B0B0B0B0B110E0D4154545249425F435553544F4D0D066174747269620CFFFFFFFF04FFFFFFFF0CFFFFFFFF0CFFFFFFFF0C23050000071667656E657269635F7461675F6174747269625F6465660403000000040300000004FFFFFFFF071767656E657269635F7461675F6174
310
747269625F64656620040100000004000000000700040000000004050000000442010000044401000004460100000448010000044B0100000400000000110E0D4154545249425F435553544F4D0D066174747269620CEA06000004FFFFFFFF0CFFFFFFFF0CFFFFFFFF0C24050000071667656E657269635F7461675F617474
310
7269625F6465660403000000040300000004FFFFFFFF071767656E657269635F7461675F6174747269625F6465662004010000000402000000070233360400000000040100000004C2FEFFFF0400000000110D04666163650CEB06000004FFFFFFFF0CFFFFFFFF0C100400000CD60500000C060000000CFFFFFFFF0CEC0600
310
000B0B110E05746F7275730D07737572666163650CFFFFFFFF04FFFFFFFF0CFFFFFFFF13EC40C803BDA821C0B669F9E0F465F0BFEC51B81E85AB38C01400000000000000000000000000000000000000000000F0BF068FD658EAF4B8DD3F067C14AE47E17A943F14000000000000F0BF9A5C7DEAFFBF42B900000000000000
310
000B0B0B0B0B110D06636F656467650CFFFFFFFF04FFFFFFFF0CFFFFFFFF0CED0600000CBE0600000CB10600000CEE0600000B0C2505000004000000000CFFFFFFFF110D06636F656467650CFFFFFFFF04FFFFFFFF0CFFFFFFFF0C2A0500000C270500000CE80500000CC20600000B0C3804000004000000000CFFFFFFFF11
310
0D06636F656467650CFFFFFFFF04FFFFFFFF0CFFFFFFFF0C270500000C2A0500000C2F0500000C250600000B0C3804000004000000000CFFFFFFFF110D06636F656467650CFFFFFFFF04FFFFFFFF0CFFFFFFFF0C2D0500000CDC0500000C270500000C640400000A0CDD05000004000000000CFFFFFFFF110D06636F656467
310
650CFFFFFFFF04FFFFFFFF0CFFFFFFFF0C290500000C280500000CEF0600000CF00600000B0C5803000004000000000CFFFFFFFF110D06636F656467650CFFFFFFFF04FFFFFFFF0CFFFFFFFF0C450500000C300500000C290500000C210600000A0C4605000004000000000CFFFFFFFF110D04656467650CFFFFFFFF04FFFF
310
FFFF0CFFFFFFFF0CF106000006122D4454FB21E9BF0C4C05000006232D4454FB21E93F0C290500000CF20600000B070E74616E67656E745F6E6F745F6732110D067665727465780CFFFFFFFF04FFFFFFFF0CFFFFFFFF0C2B05000004010000000CF3060000110E07656C6C697073650D0563757276650CFFFFFFFF04FFFFFF
310
FF0CFFFFFFFF13A1071BAB849622C0A5E0C61A72B40A40EC51B81E85AB38C0149A5C7DEAFFBF42B9000000000000F03F0000000000000000148AAA8273930591BF2ED37AB488F2E3B8269B6C2CB8C6863F06000000000000F03F0A0663FFFFFFFF87C33C0A065C661FC2A465EF3F110E07656C6C697073650D056375727665
310
0CFFFFFFFF04FFFFFFFF0CFFFFFFFF13EC40C803BDA821C0B669F9E0F465F0BF58C4B247ACA838C01400000000000000000000000000000000000000000000F03F14185D49A2ECC4D5BF105D49A2ECC4D5BF000000000000000006000000000000F03F0A061A2D4454FB21E9BF0A061E2D4454FB21E93F110D04656467650C
310
FFFFFFFF04FFFFFFFF0CFFFFFFFF0C4C0500000646C300B96D56AD3C0C8403000006010000000000F03F0C1D0600000CF40600000B070E74616E67656E745F6E6F745F6732110D06636F656467650CFFFFFFFF04FFFFFFFF0CFFFFFFFF0C320500000C310500000C610500000C430600000A0C3305000004000000000CFFFF
310
FFFF110E07656C6C697073650D0563757276650CFFFFFFFF04FFFFFFFF0CFFFFFFFF138CE68EDDEF6C1D40B669F9E0F465F0BF48E17A14AEC739C014BB99F266B98A07BD000000000000F03F4B408FD87CD3F03C14F407DC5C1749933F07FC22390000B03C6FF3ED6563917BBF06000000000000F03F0A0600000000000000
310
000A064443597025A4F33F110D06636F656467650CFFFFFFFF04FFFFFFFF0CFFFFFFFF0C3B0500000C3A0500000C600500000C420600000B0C3C05000004000000000CFFFFFFFF110D06636F656467650CFFFFFFFF04FFFFFFFF0CFFFFFFFF0C3E0500000C380600000C3A0500000C2A0600000B0C2E06000004000000000C
310
FFFFFFFF110D04656467650CFFFFFFFF04FFFFFFFF0CFFFFFFFF0CF50600000600000000000000800C5304000006010000000000F03F0C3A0500000CF60600000B070E74616E67656E745F6E6F745F6732110D04656467650CFFFFFFFF04FFFFFFFF0CFFFFFFFF0C560400000610044110044180BC0C630500000601000000
310
0000F03F0C590500000CF70600000B070E74616E67656E745F6E6F745F6732110D04666163650CF806000004FFFFFFFF0CFFFFFFFF0C790300000C3C0500000C060000000CFFFFFFFF0CF90600000B0B110D06636F656467650CFFFFFFFF04FFFFFFFF0CFFFFFFFF0C380600000C3E0500000CFA0600000CFB0600000B0C2E
310
06000004000000000CFFFFFFFF110D046C6F6F700CFFFFFFFF04FFFFFFFF0CFFFFFFFF0CFFFFFFFF0C3E0500000C4A050000110E07656C6C697073650D0563757276650CFFFFFFFF04FFFFFFFF0CFFFFFFFF13ED40C803BDA821C09B0DB8A23F580F4010642579270039C014000000000000F0BFF1DB5A742ADBFC3C59830B
310
CC1FB54DBD14525273130000B0BCF4495457DB68943F84DC8BDEA3255B3F06000000000000F03F0A06C9E0FFFFBF7AC03C0A069A8AA5F5E1EDBA3F110E07656C6C697073650D0563757276650CFFFFFFFF04FFFFFFFF0CFFFFFFFF13ED40C803BDA821C06DB105E545310E4048E17A14AEC739C014000000000000F0BF5691
310
0DAAB88A173D4B408FD87CD300BD147211978EFFFFBF3C7605DC5C1749933FEFF1ED6563917BBF06000000000000F03F0A06990000000088A33C0A06E342597025A4F33F110D06636F656467650CFFFFFFFF04FFFFFFFF0CFFFFFFFF0CFC0600000CFA0600000C450500000C320600000A0CAD06000004000000000CFFFFFF
310
FF110D04656467650CFFFFFFFF04FFFFFFFF0CFFFFFFFF0CF106000006D6CE0797ED42E0BF0C4705000006DDFD4DA61B2058BF0C450500000CFD0600000B070E74616E67656E745F6E6F745F6732110D05706F696E740CFFFFFFFF04FFFFFFFF0CFFFFFFFF13ED40C803BDA821C031B6665911810F40E0E995E2BAFF38C011
310
0E0D4154545249425F435553544F4D0D066174747269620CFFFFFFFF04FFFFFFFF0CFFFFFFFF0CFFFFFFFF0C49050000071667656E657269635F7461675F6174747269625F6465660403000000040300000004FFFFFFFF071767656E657269635F7461675F6174747269625F64656620040100000004000000000700040000
310
000004050000000442010000044401000004460100000448010000044B0100000400000000110E0D4154545249425F435553544F4D0D066174747269620CFE06000004FFFFFFFF0CFFFFFFFF0CFFFFFFFF0C4A050000071667656E657269635F7461675F6174747269625F6465660403000000040300000004FFFFFFFF0717
310
67656E657269635F7461675F6174747269625F6465662004010000000402000000070235330400000000040100000004C2FEFFFF0400000000110E04636F6E650D07737572666163650CFFFFFFFF04FFFFFFFF0CFFFFFFFF13EC40C803BDA821C0A30DB8A23F580F40DE632579270039C014000000000000F03F9A5C7DEAFF
310
BF42390000000000000000143E6064C82BFDE7B8BCAE7F5F7778943F87FA652D47E2433F06000000000000F03F0B0B06000000000000000006000000000000F03F067B14AE47E17A943F0B0B0B0B0B110D05706F696E740CFFFFFFFF04FFFFFFFF0CFFFFFFFF13F6C8D474079F22C0A5E0C61A72B40A4058C4B247ACA838C0
310
110D06636F656467650CFFFFFFFF04FFFFFFFF0CFFFFFFFF0C290600000C2D0600000C4F0500000C390600000A0C2E06000004000000000CFFFFFFFF110D04656467650CFFFFFFFF04FFFFFFFF0CFFFFFFFF0CF506000006C4040000006A983C0CB5060000066F06A5F5E1EDBA3F0C4F0500000CFF0600000B070E74616E67
310
656E745F6E6F745F6732110E0D4154545249425F435553544F4D0D066174747269620CFFFFFFFF04FFFFFFFF0CFFFFFFFF0CFFFFFFFF0C50050000071667656E657269635F7461675F6174747269625F6465660403000000040300000004FFFFFFFF071767656E657269635F7461675F6174747269625F6465662004010000
310
0004000000000700040000000004050000000442010000044401000004460100000448010000044B0100000400000000110D05706F696E740CFFFFFFFF04FFFFFFFF0CFFFFFFFF13A1071BAB849622C0B669F9E0F465F0BF6666666666A638C0110D05706F696E740CFFFFFFFF04FFFFFFFF0CFFFFFFFF132C7E6FF885AE1B
310
406DB105E545310E40CDCCCCCCCCCC39C0110E07656C6C697073650D0563757276650CFFFFFFFF04FFFFFFFF0CFFFFFFFF132C7E6FF885AE1B406DB105E545310E4048E17A14AEC739C014000000000000F0BF9A5C7DEAFFBF42B90000000000000000149371E446A799E6B80606DC5C1749933F02F1ED6563917BBF060000
310
00000000F03F0A06CDFFFFFFFF87B33C0A063543597025A4F33F110E0D4154545249425F435553544F4D0D066174747269620CFFFFFFFF04FFFFFFFF0CFFFFFFFF0CFFFFFFFF0C5C050000071667656E657269635F7461675F6174747269625F6465660403000000040300000004FFFFFFFF071767656E657269635F746167
310
5F6174747269625F64656620040100000004000000000700040000000004050000000442010000044401000004460100000448010000044B0100000400000000110E0D4154545249425F435553544F4D0D066174747269620C0007000004FFFFFFFF0CFFFFFFFF0CFFFFFFFF0C5D050000071667656E657269635F7461675F
310
6174747269625F6465660403000000040300000004FFFFFFFF071767656E657269635F7461675F6174747269625F6465662004010000000402000000070232390400000000040100000004C2FEFFFF0400000000110E05746F7275730D07737572666163650CFFFFFFFF04FFFFFFFF0CFFFFFFFF13287E6FF885AE1B40A9E0
310
C61A72B40A4037ED245207F238C0144029AA58A245D03C614A9EF9CA18BDBC000000000000F03F0629A96CAFF563FEBF06B7FFFFFFFFFF034014000000000000F03F9A5C7DEAFFBF42394029AA58A245D0BC0B0B0B0B0B110D06636F656467650CFFFFFFFF04FFFFFFFF0CFFFFFFFF0C610500000C600500000CE20500000C
310
BC0600000A0C6205000004000000000CFFFFFFFF110D04656467650CFFFFFFFF04FFFFFFFF0CFFFFFFFF0CF506000006FD7E504639E7D4BF0C6305000006A68A6B695E1C77BF0C600500000C010700000B070E74616E67656E745F6E6F745F6732110D04656467650CFFFFFFFF04FFFFFFFF0CFFFFFFFF0CE3050000069F90
310
504639E7D4BF0C7B04000006498B6B695E1C77BF0C260600000C020700000B070E74616E67656E745F6E6F745F6732110D05706F696E740CFFFFFFFF04FFFFFFFF0CFFFFFFFF132C7E6FF885AE1B407969BF13D8570E402740B12A67C939C0110E0873747261696768740D0563757276650CFFFFFFFF04FFFFFFFF0CFFFFFF
310
FF1390C2EBF438801D40A3E0C61A72B40A402740B12A67C939C014F93B238299736439BFCAA145B67311C000000000000000000A0600000000000000000A06000000000000F03F110E0D4154545249425F435553544F4D0D066174747269620CFFFFFFFF04FFFFFFFF0CFFFFFFFF0CFFFFFFFF0C69050000071667656E6572
310
69635F7461675F6174747269625F6465660403000000040300000004FFFFFFFF071767656E657269635F7461675F6174747269625F64656620040100000004020000000702373804000000000401000000044E0100000400000000110D04666163650C0307000004FFFFFFFF0CFFFFFFFF0C040700000C050700000C060000
310
000CFFFFFFFF0C060700000A0B110D046C6F6F700CFFFFFFFF04FFFFFFFF0CFFFFFFFF0CFFFFFFFF0C070700000C69050000110E05706C616E650D07737572666163650CFFFFFFFF04FFFFFFFF0CFFFFFFFF1308254E5716A817C0C3FED5773134FB3F3433333333B338C014000000000000F03FC45DF5937CEF603D000000
310
000000000014C45DF5937CEF603D000000000000F0BF6EA6E4FEFFFF7F3C0B0B0B0B0B110D04656467650CFFFFFFFF04FFFFFFFF0CFFFFFFFF0C910500000600000000000000000C8105000006403333333333D33F0C6D0500000C080700000B0707756E6B6E6F776E110E0873747261696768740D0563757276650CFFFFFF
310
FF04FFFFFFFF0CFFFFFFFF1394563D63A42B11C0F4AE0A41ECCBFA3F00000000000039C014000000000000F0BF8B75CD58E5F960BD00000000000000800B0B110E0D4154545249425F435553544F4D0D066174747269620CFFFFFFFF04FFFFFFFF0CFFFFFFFF0CFFFFFFFF0C6F0500000711736B657463685F617474726962
310
5F646566040100000004010000000403000000070D31343420302031203020312031110D04656467650CFFFFFFFF04FFFFFFFF0CFFFFFFFF0C5006000006E43E812DE994D0BF0C4E06000006A25A5D7CD475E43F0C8A0500000C090700000B0707756E6B6E6F776E110D067665727465780CFFFFFFFF04FFFFFFFF0CFFFFFF
310
FF0C8E05000004000000000C0A070000110E0873747261696768740D0563757276650CFFFFFFFF04FFFFFFFF0CFFFFFFFF134880CEAFEE74F03F2ABEF76E8FD7E83F3333333333B338C014000000000000B03C0000000000000000000000000000F0BF0B0B110D067665727465780CFFFFFFFF04FFFFFFFF0CFFFFFFFF0C4D
310
06000004000000000C0B070000110E0873747261696768740D0563757276650CFFFFFFFF04FFFFFFFF0CFFFFFFFF13A578CEAFEE74F03F1FDC0A41ECCBFA3F3333333333B338C014000000000000B03C0000000000000000000000000000F0BF0B0B110D05706F696E740CFFFFFFFF04FFFFFFFF0CFFFFFFFF134880CEAFEE
310
74F03F2ABEF76E8FD7E83F00000000000039C0110D05706F696E740CFFFFFFFF04FFFFFFFF0CFFFFFFFF13A578CEAFEE74F03F1FDC0A41ECCBFA3F00000000000039C0110D046C6F6F700CFFFFFFFF04FFFFFFFF0CFFFFFFFF0C0C0700000C0D0700000C3E000000110D06636F656467650CFFFFFFFF04FFFFFFFF0CFFFFFF
310
FF0C0E0700000C0F0700000C100700000C110700000B0C7705000004000000000CFFFFFFFF110D06636F656467650CFFFFFFFF04FFFFFFFF0CFFFFFFFF0C120700000C780500000C130700000C140700000B0C8E04000004000000000CFFFFFFFF110D06636F656467650CFFFFFFFF04FFFFFFFF0CFFFFFFFF0C780500000C
310
120700000C150700000C160700000B0C8E04000004000000000CFFFFFFFF110D06636F656467650CFFFFFFFF04FFFFFFFF0CFFFFFFFF0C170700000C180700000C780500000C590600000A0C1907000004000000000CFFFFFFFF110D04656467650CFFFFFFFF04FFFFFFFF0CFFFFFFFF0C1A070000069CE6665AEB30D63F0C
310
1B070000068F241EE777A8F43F0C780500000C1C0700000B0707756E6B6E6F776E110D06636F656467650CFFFFFFFF04FFFFFFFF0CFFFFFFFF0C7A0500000C790500000C070700000C1D0700000B0CB003000004000000000CFFFFFFFF110D06636F656467650CFFFFFFFF04FFFFFFFF0CFFFFFFFF0C1E0700000C1F070000
310
0C790500000C5C0600000A0C2007000004000000000CFFFFFFFF110D04656467650CFFFFFFFF04FFFFFFFF0CFFFFFFFF0C630600000634FE15D8425EF23F0C2107000006444C1EFA60ECF93F0C790500000C220700000B0707756E6B6E6F776E110D06636F656467650CFFFFFFFF04FFFFFFFF0CFFFFFFFF0C230700000C24
310
0700000C7A0500000C5E0600000A0C0507000004000000000CFFFFFFFF110D04656467650CFFFFFFFF04FFFFFFFF0CFFFFFFFF0C25070000065073220B70B3FDBF0C620600000638251AE95125F6BF0C7A0500000C260700000B0707756E6B6E6F776E110D06636F656467650CFFFFFFFF04FFFFFFFF0CFFFFFFFF0C880500
310
000C7B0500000C240700000C270700000A0C6106000004000000000CFFFFFFFF110D06636F656467650CFFFFFFFF04FFFFFFFF0CFFFFFFFF0C7B0500000C880500000C1E0700000C280700000B0C6106000004000000000CFFFFFFFF110D046C6F6F700CFFFFFFFF04FFFFFFFF0CFFFFFFFF0CFFFFFFFF0C7B0500000C0407
310
0000110D067665727465780CFFFFFFFF04FFFFFFFF0CFFFFFFFF0C7C05000004000000000C29070000110D067665727465780CFFFFFFFF04FFFFFFFF0CFFFFFFFF0C7C05000004010000000C2A070000110E0873747261696768740D0563757276650CFFFFFFFF04FFFFFFFF0CFFFFFFFF134839D0DF9D8B19C026DA372736
310
60004000000000000039C014C45DF5937CEF603D000000000000F0BF00000000000000000B0B110D06636F656467650CFFFFFFFF04FFFFFFFF0CFFFFFFFF0C8D0500000C7D0500000C800500000C670600000A0C6A05000004000000000CFFFFFFFF110E0873747261696768740D0563757276650CFFFFFFFF04FFFFFFFF0C
310
FFFFFFFF1391D43494854010C09C67F76E8FD7E83F00000000000039C014000000000000F03F000000C06D00613D00000000000000000B0B110D04656467650CFFFFFFFF04FFFFFFFF0CFFFFFFFF0C900500000600000000000000000C8205000006403333333333D33F0C650600000C2B0700000B0707756E6B6E6F776E11
310
0D05706F696E740CFFFFFFFF04FFFFFFFF0CFFFFFFFF13B9EF146FF037E23F39D80A41ECCBFA3F00000000000039C0110D05706F696E740CFFFFFFFF04FFFFFFFF0CFFFFFFFF13FFFE146FF037E23F5AB6F76E8FD7E83F00000000000039C0110D046C6F6F700CFFFFFFFF04FFFFFFFF0CFFFFFFFF0C2C0700000C2D070000
310
0C54000000110D06636F656467650CFFFFFFFF04FFFFFFFF0CFFFFFFFF0C2E0700000C2F0700000C300700000C310700000B0C8405000004000000000CFFFFFFFF110D06636F656467650CFFFFFFFF04FFFFFFFF0CFFFFFFFF0C320700000C850500000C330700000C340700000B0C9404000004000000000CFFFFFFFF110D
310
06636F656467650CFFFFFFFF04FFFFFFFF0CFFFFFFFF0C850500000C320700000C350700000C360700000B0C9404000004000000000CFFFFFFFF110D06636F656467650C3707000004FFFFFFFF0CFFFFFFFF0C180700000C170700000C850500000C6F0600000A0C1907000004000000000CFFFFFFFF110D04656467650CFF
310
FFFFFF04FFFFFFFF0CFFFFFFFF0C38070000061CB7E10B0DA6C9BF0C3907000006096810DEF6CEE73F0C850500000C3A0700000B0707756E6B6E6F776E110D06636F656467650CFFFFFFFF04FFFFFFFF0CFFFFFFFF0C870500000C860500000C3B0700000C3C0700000B0CB203000004000000000CFFFFFFFF110D06636F65
310
6467650C3D07000004FFFFFFFF0CFFFFFFFF0C240700000C230700000C860500000C720600000A0C0507000004000000000CFFFFFFFF110D04656467650CFFFFFFFF04FFFFFFFF0CFFFFFFFF0C77060000068FB53FD823BA05C00C3E07000006838E3BC714F301C00C860500000C3F0700000B0707756E6B6E6F776E110D06
310
636F656467650C4007000004FFFFFFFF0CFFFFFFFF0C1F0700000C1E0700000C870500000C740600000A0C2007000004000000000CFFFFFFFF110D04656467650CFFFFFFFF04FFFFFFFF0CFFFFFFFF0C41070000060BA2BD4F9CD603400C760600000613C9C160AB9D07400C870500000C420700000B0707756E6B6E6F776E
310
110E0D4154545249425F435553544F4D0D066174747269620CFFFFFFFF04FFFFFFFF0CFFFFFFFF0CFFFFFFFF0C880500000711736B657463685F6174747269625F646566040100000004010000000403000000070D32313420302031203020312031110D067665727465780CFFFFFFFF04FFFFFFFF0CFFFFFFFF0C89050000
310
04000000000C43070000110D067665727465780CFFFFFFFF04FFFFFFFF0CFFFFFFFF0C8905000004010000000C44070000110E0873747261696768740D0563757276650CFFFFFFFF04FFFFFFFF0CFFFFFFFF13F836D0DF9D8B19C0A88D9B116C99EE3F3333333333B338C014C45DF5937CEF60BD000000000000F03F000000
310
00000000000B0B110E0D4154545249425F435553544F4D0D066174747269620CFFFFFFFF04FFFFFFFF0CFFFFFFFF0CFFFFFFFF0C8B0500000711736B657463685F6174747269625F646566040100000004010000000403000000070D31343320302031203020312031110E0873747261696768740D0563757276650CFFFFFF
310
FF04FFFFFFFF0CFFFFFFFF13984FDE9ABFA7C8BFC2D10A41ECCBFA3F3333333333B338C014000000000000F03F8B75CD58E5F9603D00000000000000800B0B110E0D4154545249425F435553544F4D0D066174747269620CFFFFFFFF04FFFFFFFF0CFFFFFFFF0CFFFFFFFF0C8D0500000711736B657463685F617474726962
310
5F646566040100000004010000000403000000070D31333920302031203020312031110E0873747261696768740D0563757276650CFFFFFFFF04FFFFFFFF0CFFFFFFFF137AC2C71869F0A23F4EADF76E8FD7E83F3333333333B338C014000000000000F0BF000000C06D0061BD00000000000000000B0B110D05706F696E74
310
0CFFFFFFFF04FFFFFFFF0CFFFFFFFF13FEFE146FF037E23F5AB6F76E8FD7E83F3333333333B338C0110D05706F696E740CFFFFFFFF04FFFFFFFF0CFFFFFFFF13B8EF146FF037E23F39D80A41ECCBFA3F3333333333B338C0110E0D4154545249425F435553544F4D0D066174747269620CFFFFFFFF04FFFFFFFF0CFFFFFFFF
310
0CFFFFFFFF0C94050000071667656E657269635F7461675F6174747269625F6465660403000000040300000004FFFFFFFF071767656E657269635F7461675F6174747269625F64656620040100000004000000000700040000000004050000000442010000044401000004460100000448010000044B010000040000000011
310
0D06636F656467650CFFFFFFFF04FFFFFFFF0CFFFFFFFF0C980500000C970500000C450700000C460700000B0CB803000004000000000CFFFFFFFF110D04656467650CFFFFFFFF04FFFFFFFF0CFFFFFFFF0CA005000006182D4454FB21F93F0C8306000006152D4454FB2109400C990500000C470700000B0707756E6B6E6F
310
776E110D06636F656467650CFFFFFFFF04FFFFFFFF0CFFFFFFFF0C9A0500000CAA0500000CD80500000CB70600000A0CAB05000004000000000CFFFFFFFF110D067665727465780CFFFFFFFF04FFFFFFFF0CFFFFFFFF0C9B05000004010000000C48070000110E0873747261696768740D0563757276650CFFFFFFFF04FFFF
310
FFFF0CFFFFFFFF13ED40C803BDA821C0DB13FA4DA5E70D403333333333B338C014000000000000000000000000000000009A9999999999A93F0A0600000000000000000A06F4FFFFFFFFFFEF3F110D05706F696E740CFFFFFFFF04FFFFFFFF0CFFFFFFFF13ED40C803BDA821C0DB13FA4DA5E70D403333333333B338C0110E
310
0873747261696768740D0563757276650CFFFFFFFF04FFFFFFFF0CFFFFFFFF13B80D95D0897522C0AE69F9E0F465F0BF6666666666A638C014F93B2382997364B9C0CAA145B673114000000000000000000A0600000000000000000A06000000000000F03F110D05706F696E740CFFFFFFFF04FFFFFFFF0CFFFFFFFF13B90D
310
95D0897522C0A9E0C61A72B40A406666666666A638C0110E0D4154545249425F435553544F4D0D066174747269620CFFFFFFFF04FFFFFFFF0CFFFFFFFF0CFFFFFFFF0CA7050000071667656E657269635F7461675F6174747269625F6465660403000000040300000004FFFFFFFF071767656E657269635F7461675F617474
310
7269625F64656620040100000004000000000700040000000004050000000442010000044401000004460100000448010000044B0100000400000000110E0D4154545249425F435553544F4D0D066174747269620C4907000004FFFFFFFF0CFFFFFFFF0CFFFFFFFF0CA8050000071667656E657269635F7461675F61747472
310
69625F6465660403000000040300000004FFFFFFFF071767656E657269635F7461675F6174747269625F6465662004010000000402000000070231330400000000040100000004C2FEFFFF0400000000110E04636F6E650D07737572666163650CFFFFFFFF04FFFFFFFF0CFFFFFFFF13BC6DA8844EACF1BF1ED05F475BCCF2
310
BF5C8FC2F528DC38C01400000000000000000000000000000000000000000000F0BF142B63FF51181AB2BFEA62FF51181AB23F000000000000000006000000000000F03F0B0B06000000000000000006000000000000F03F069A9999999999B93F0B0B0B0B0B110D046C6F6F700CFFFFFFFF04FFFFFFFF0CFFFFFFFF0C4A07
310
00000C930600000C3E000000110E0D4154545249425F435553544F4D0D066174747269620CFFFFFFFF04FFFFFFFF0CFFFFFFFF0CFFFFFFFF0CB0050000071667656E657269635F7461675F6174747269625F6465660403000000040300000004FFFFFFFF071767656E657269635F7461675F6174747269625F646566200401
310
00000004020000000702313004000000000401000000044E0100000400000000110D04666163650C4B07000004FFFFFFFF0CFFFFFFFF0C4C0700000C4D0700000C060000000CFFFFFFFF0C4E0700000A0B110D046C6F6F700CFFFFFFFF04FFFFFFFF0CFFFFFFFF0C4F0700000C500700000CB0050000110E04636F6E650D07
310
737572666163650CFFFFFFFF04FFFFFFFF0CFFFFFFFF13731E3CA6EF1405C0DCBA0BDE700AD2BF3333333333B338C01400000000000000000000000000000000000000000000F0BF1480C8E2EB8A15C53F10DF653A7467363D000000000000000006000000000000F03F0B0B06000000000000000006000000000000F03F06
310
80C8E2EB8A15C53F0B0B0B0B0B110D046C6F6F700CFFFFFFFF04FFFFFFFF0CFFFFFFFF0CFFFFFFFF0C510700000CBC040000110D06636F656467650CFFFFFFFF04FFFFFFFF0CFFFFFFFF0C910600000C910600000C520700000C530700000A0CB105000004000000000CFFFFFFFF110D06636F656467650C5407000004FFFF
310
FFFF0CFFFFFFFF0C920600000C920600000C550700000C560700000A0CB305000004000000000CFFFFFFFF110D06636F656467650CFFFFFFFF04FFFFFFFF0CFFFFFFFF0C930600000C930600000CB40500000C940600000B0C8B06000004000000000CFFFFFFFF110D04656467650CFFFFFFFF04FFFFFFFF0CFFFFFFFF0C57
310
07000006182D4454FB2109C00C5707000006182D4454FB2109400C930600000C580700000B0707756E6B6E6F776E110E0D4154545249425F435553544F4D0D066174747269620CFFFFFFFF04FFFFFFFF0CFFFFFFFF0CFFFFFFFF0CB50500000711736B657463685F6174747269625F64656604010000000401000000040300
310
0000070D32333120302031203020312031110D06636F656467650CFFFFFFFF04FFFFFFFF0CFFFFFFFF0C960600000C960600000CB50500000C970600000B0C5907000004000000000CFFFFFFFF110D04656467650C5A07000004FFFFFFFF0CFFFFFFFF0C5B07000006172D4454FB2109C00C5B07000006192D4454FB210940
310
0C960600000C5C0700000B0707756E6B6E6F776E110D067665727465780CFFFFFFFF04FFFFFFFF0CFFFFFFFF0CB705000004000000000C5D070000110E07656C6C697073650D0563757276650CFFFFFFFF04FFFFFFFF0CFFFFFFFF13B8AF3C08AD791FC0D06C0CDE700AD2BF00000000000039C01400000000000000800000
310
000000000080000000000000F03F1480C8E2EB8A15C53F10DF653A7467363D000000000000000006000000000000F03F0B0B110D046C6F6F700CFFFFFFFF04FFFFFFFF0CFFFFFFFF0C5E0700000C9E0600000C3E000000110D046C6F6F700CFFFFFFFF04FFFFFFFF0CFFFFFFFF0CFFFFFFFF0C5F0700000CC4040000110D06
310
636F656467650CFFFFFFFF04FFFFFFFF0CFFFFFFFF0C9C0600000C9C0600000C600700000C610700000A0CBA05000004000000000CFFFFFFFF110D06636F656467650C6207000004FFFFFFFF0CFFFFFFFF0C9D0600000C9D0600000C630700000C640700000A0CBC05000004000000000CFFFFFFFF110D06636F656467650C
310
FFFFFFFF04FFFFFFFF0CFFFFFFFF0C9E0600000C9E0600000CBD0500000C9F0600000B0C9A06000004000000000CFFFFFFFF110D04656467650CFFFFFFFF04FFFFFFFF0CFFFFFFFF0C6507000006182D4454FB2109C00C6507000006182D4454FB2109400C9E0600000C660700000B0707756E6B6E6F776E110E0D41545452
310
49425F435553544F4D0D066174747269620CFFFFFFFF04FFFFFFFF0CFFFFFFFF0CFFFFFFFF0CBE0500000711736B657463685F6174747269625F646566040100000004010000000403000000070D32383120302031203020312031110D06636F656467650CFFFFFFFF04FFFFFFFF0CFFFFFFFF0CA10600000CA10600000CBE
310
0500000CA20600000B0C6707000004000000000CFFFFFFFF110D04656467650C6807000004FFFFFFFF0CFFFFFFFF0C6907000006192D4454FB2109C00C6907000006172D4454FB2109400CA10600000C6A0700000B0707756E6B6E6F776E110D067665727465780CFFFFFFFF04FFFFFFFF0CFFFFFFFF0CC005000004000000
310
000C6B070000110E07656C6C697073650D0563757276650CFFFFFFFF04FFFFFFFF0CFFFFFFFF130F1BE00313480CC074D90BDE700AD2BF00000000000039C01400000000000000800000000000000080000000000000F03F1480C8E2EB8A15C53F10DF653A7467363D000000000000000006000000000000F03F0B0B110D04
310
6C6F6F700CFFFFFFFF04FFFFFFFF0CFFFFFFFF0C670700000CC20500000C54000000110E0D4154545249425F435553544F4D0D066174747269620CFFFFFFFF04FFFFFFFF0CFFFFFFFF0CFFFFFFFF0CC3050000071667656E657269635F7461675F6174747269625F6465660403000000040300000004FFFFFFFF071767656E
310
657269635F7461675F6174747269625F646566200401000000040400000007042D34303304000000000401000000044E0100000400000000110D067665727465780CFFFFFFFF04FFFFFFFF0CFFFFFFFF0CC305000004000000000C6C070000110E07656C6C697073650D0563757276650CFFFFFFFF04FFFFFFFF0CFFFFFFFF
310
130484839B4A6DFCBFAC9D0BDE700AD2BF3333333333B338C01400000000000000800000000000000080000000000000F0BF1490C8E2EB8A15C53F21DF653A7467363D90C8E2EB8A15953C06000000000000F03F0B0B110D05706F696E740CFFFFFFFF04FFFFFFFF0CFFFFFFFF1315DDFFF8FB0FFFBF46A30BDE700AD2BFFF
310
FFFFFFFFFF38C0110D05706F696E740CFFFFFFFF04FFFFFFFF0CFFFFFFFF13489BBC33844BE43FB04B0BDE700AD2BF3333333333B338C0110E0D4154545249425F435553544F4D0D066174747269620CFFFFFFFF04FFFFFFFF0CFFFFFFFF0CFFFFFFFF0CCC050000071667656E657269635F7461675F6174747269625F6465
310
660403000000040300000004FFFFFFFF071767656E657269635F7461675F6174747269625F64656620040100000004000000000700040000000004050000000442010000044401000004460100000448010000044B0100000400000000110E0D4154545249425F435553544F4D0D066174747269620C6D07000004FFFFFFFF
310
0CFFFFFFFF0CFFFFFFFF0CCD050000071667656E657269635F7461675F6174747269625F6465660403000000040300000004FFFFFFFF071767656E657269635F7461675F6174747269625F6465662004010000000402000000070237330400000000040100000004C2FEFFFF0400000000110D046C6F6F700CFFFFFFFF04FF
310
FFFFFF0CFFFFFFFF0CFFFFFFFF0CFC0600000CCD050000110E04636F6E650D07737572666163650CFFFFFFFF04FFFFFFFF0CFFFFFFFF13EC40C803BDA821C08D06C6005FC609405E18CA9FF80E39C014000000000000F03F9A5C7DEAFFBF423900000000000000001460C3136BF9DB3AB99C9B369B7FEBE63F1DBB30943FF1
310
AD3F06000000000000F03F0B0B06000000000000000006000000000000F03F06ED42193206FFE63F0B0B0B0B0B110D06636F656467650CFFFFFFFF04FFFFFFFF0CFFFFFFFF0CFA0600000CFC0600000CCF0500000CB00600000B0CAD06000004000000000CFFFFFFFF110D04656467650CFFFFFFFF04FFFFFFFF0CFFFFFFFF
310
0CB206000006D4CE0797ED42E0BF0CB5060000061A0C20A61B2058BF0CCF0500000C6E0700000B070E74616E67656E745F6E6F745F6732110D06636F656467650CFFFFFFFF04FFFFFFFF0CFFFFFFFF0CD50500000CD00500000C1B0600000CEE0600000A0CD605000004000000000CFFFFFFFF110D067665727465780CFFFF
310
FFFF04FFFFFFFF0CFFFFFFFF0CEE06000004010000000C6F070000110E07656C6C697073650D0563757276650CFFFFFFFF04FFFFFFFF0CFFFFFFFF132C7E6FF885AE1B40A9E0C61A72B40A4058C4B247ACA838C01400000000000000000000000000000000000000000000F03F141D5D49A2ECC4D53F145D49A2ECC4D53F00
310
0000000000000006000000000000F03F0A06232D4454FB21E9BF0A061F2D4454FB21E93F110E0873747261696768740D0563757276650CFFFFFFFF04FFFFFFFF0CFFFFFFFF132C7E6FF885AE1B40DB13FA4DA5E70D403333333333B338C014000000000000000000000000000000009A9999999999A93F0A06000000000000
310
00000A06F4FFFFFFFFFFEF3F110D067665727465780CFFFFFFFF04FFFFFFFF0CFFFFFFFF0C3906000004010000000C70070000110E07656C6C697073650D0563757276650CFFFFFFFF04FFFFFFFF0CFFFFFFFF132C7E6FF885AE1B40A9E0C61A72B40A4064EA95E2BAFF38C014000000000000000000000000000000000000
310
00000000F0BF14A0C0C4C72226DB3F97C0C4C72226DB3F000000000000000006000000000000F03F0A061D2D4454FB21E9BF0A06212D4454FB21E93F110D04656467650CFFFFFFFF04FFFFFFFF0CFFFFFFFF0C830600000600000000000000000CD905000006010000000000F03F0CD80500000C710700000B0707756E6B6E
310
6F776E110D05706F696E740CFFFFFFFF04FFFFFFFF0CFFFFFFFF132C7E6FF885AE1B40DB13FA4DA5E70D406666666666A638C0110E0D4154545249425F435553544F4D0D066174747269620CFFFFFFFF04FFFFFFFF0CFFFFFFFF0CFFFFFFFF0CDF050000071667656E657269635F7461675F6174747269625F646566040300
310
0000040300000004FFFFFFFF071767656E657269635F7461675F6174747269625F64656620040100000004000000000700040000000004050000000442010000044401000004460100000448010000044B0100000400000000110E0D4154545249425F435553544F4D0D066174747269620C7207000004FFFFFFFF0CFFFFFF
310
FF0CFFFFFFFF0CE0050000071667656E657269635F7461675F6174747269625F6465660403000000040300000004FFFFFFFF071767656E657269635F7461675F6174747269625F6465662004010000000402000000070234340400000000040100000004C2FEFFFF0400000000110E05746F7275730D07737572666163650C
310
FFFFFFFF04FFFFFFFF0CFFFFFFFF13ED40C803BDA821C0A9E0C61A72B40A405D18CA9FF80E39C0146128E1EBD17D043DA89EA228970CE33C000000000000F03F06F1401B4063C2BDBF06A642193206FFE63F14000000000000F03F9A5C7DEAFFBF42396128E1EBD17D04BD0B0B0B0B0B110D04656467650CFFFFFFFF04FFFF
310
FFFF0CFFFFFFFF0CE305000006342D4454FB21E9BF0CF5060000061E2D4454FB21E93F0C410600000C730700000B070E74616E67656E745F6E6F745F6732110D05706F696E740CFFFFFFFF04FFFFFFFF0CFFFFFFFF135CFB6F51E6141E40A3E0C61A72B40A408D3BC0A2440039C0110D06636F656467650CFFFFFFFF04FFFF
310
FFFF0CFFFFFFFF0C1B0600000CEF0600000CE60500000CBF0600000B0C2505000004000000000CFFFFFFFF110D04656467650CFFFFFFFF04FFFFFFFF0CFFFFFFFF0CC40600000600000000000000000CC006000006010000000000F03F0CBE0600000C740700000B070E74616E67656E745F6E6F745F6732110D0676657274
310
65780CFFFFFFFF04FFFFFFFF0CFFFFFFFF0CEE06000004000000000C75070000110E07656C6C697073650D0563757276650CFFFFFFFF04FFFFFFFF0CFFFFFFFF132C7E6FF885AE1B40A9E0C61A72B40A406666666666A638C01400000000000000000000000000000000000000000000F0BF1418CF1D4A5804D53F07CF1D4A
310
5804D53F000000000000000006000000000000F03F0A06252D4454FB21E9BF0A061D2D4454FB21E93F110D04656467650CFFFFFFFF04FFFFFFFF0CFFFFFFFF0C520500000600000000000000000C2206000006000000000000F03F0C1C0600000C760700000B070E74616E67656E745F6E6F745F6732110E07656C6C697073
310
650D0563757276650CFFFFFFFF04FFFFFFFF0CFFFFFFFF13EC40C803BDA821C0B669F9E0F465F0BF6666666666A638C01400000000000000000000000000000000000000000000F0BF1410CF1D4A5804D5BF08CF1D4A5804D5BF000000000000008006000000000000F03F0A061E2D4454FB21E9BF0A061B2D4454FB21E93F
310
110D067665727465780CFFFFFFFF04FFFFFFFF0CFFFFFFFF0CEA05000004010000000C77070000110E07656C6C697073650D0563757276650CFFFFFFFF04FFFFFFFF0CFFFFFFFF13EC40C803BDA821C0A9E0C61A72B40A406666666666A638C01400000000000000000000000000000000000000000000F0BF1414CF1D4A58
310
04D5BF0CCF1D4A5804D53F000000000000000006000000000000F03F0A06242D4454FB21E9BF0A06122D4454FB21E93F110E0D4154545249425F435553544F4D0D066174747269620CFFFFFFFF04FFFFFFFF0CFFFFFFFF0CFFFFFFFF0CEB050000071667656E657269635F7461675F6174747269625F646566040300000004
310
0300000004FFFFFFFF071767656E657269635F7461675F6174747269625F64656620040100000004000000000700040000000004050000000442010000044401000004460100000448010000044B0100000400000000110E0D4154545249425F435553544F4D0D066174747269620CFFFFFFFF04FFFFFFFF0CFFFFFFFF0CFF
310
FFFFFF0CF3050000071667656E657269635F7461675F6174747269625F6465660403000000040300000004FFFFFFFF071767656E657269635F7461675F6174747269625F64656620040100000004000000000700040000000004050000000442010000044401000004460100000448010000044B0100000400000000110D06
310
636F656467650CFFFFFFFF04FFFFFFFF0CFFFFFFFF0C780700000CF50500000CF80500000CCC0600000B0C9505000004000000000CFFFFFFFF110D06636F656467650CFFFFFFFF04FFFFFFFF0CFFFFFFFF0CF50500000C780700000CFC0500000CD00600000A0C9505000004000000000CFFFFFFFF110E07656C6C69707365
310
0D0563757276650CFFFFFFFF04FFFFFFFF0CFFFFFFFF13F041B76F03BFE9BFE513FA4DA5E70B4000000000000039C01400000000000000000000000000000000000000000000F0BF14F162FF51181AB23F2363FF51181AB2BF000000000000000006000000000000F03F0A063C2B4454FB21E9BF0A06AC2B4454FB21E93F11
310
0D06636F656467650CFFFFFFFF04FFFFFFFF0CFFFFFFFF0CF80500000CF70500000C790700000C7A0700000B0CF905000004000000000CFFFFFFFF110D04656467650CFFFFFFFF04FFFFFFFF0CFFFFFFFF0CFA05000006604BBEA0AAAA9ABC0C7B07000006020000000000F03F0CC80600000C7C0700000B070E74616E6765
310
6E745F6E6F745F6732110D04666163650C7D07000004FFFFFFFF0CFFFFFFFF0CD10600000CF90500000C060000000CFFFFFFFF0C7E0700000B0B110D05706F696E740CFFFFFFFF04FFFFFFFF0CFFFFFFFF13D041B76F03BFE9BF19472D81D81A0B4000000000000039C0110D06636F656467650CFFFFFFFF04FFFFFFFF0CFF
310
FFFFFF0CFD0500000CFC0500000C7F0700000C800700000B0CFE05000004000000000CFFFFFFFF110D04656467650CFFFFFFFF04FFFFFFFF0CFFFFFFFF0CFF05000006604BBEA0AAAA9ABC0C8107000006020000000000F03F0CC90600000C820700000B0707756E6B6E6F776E110D04666163650C8307000004FFFFFFFF0C
310
FFFFFFFF0C840700000CFE0500000C060000000CFFFFFFFF0C850700000B0B110D05706F696E740CFFFFFFFF04FFFFFFFF0CFFFFFFFF13B80E843CD08BE6BFD913FA4DA5E70B4000000000000039C0110D06636F656467650CFFFFFFFF04FFFFFFFF0CFFFFFFFF0C7F0700000C790700000C010600000CD40600000A0C8607
310
000004000000000CFFFFFFFF110D04656467650CFFFFFFFF04FFFFFFFF0CFFFFFFFF0CD5060000063C2B4454FB21E9BF0CD706000006EC2C4454FB21E93F0C010600000C870700000B0707756E6B6E6F776E110D067665727465780CFFFFFFFF04FFFFFFFF0CFFFFFFFF0C0206000004010000000C88070000110E08737472
310
61696768740D0563757276650CFFFFFFFF04FFFFFFFF0CFFFFFFFF136407421EE845F3BFD913FA4DA5E70B4000000000000039C01400000000000000000000000000000000B81E85EB51B8BEBF0A06604BBEA0AAAA9ABC0A06020000000000F03F110D067665727465780CFFFFFFFF04FFFFFFFF0CFFFFFFFF0CD406000004
310
010000000C89070000110E0873747261696768740D0563757276650CFFFFFFFF04FFFFFFFF0CFFFFFFFF13C86DA8844EACF1BF19472D81D81A0B401F85EB51B81E39C01400000000000000000000000000000000B81E85EB51B8BE3F0A0600000000000000000A06020000000000F03F110E0D4154545249425F435553544F
310
4D0D066174747269620C8A07000004FFFFFFFF0CFFFFFFFF0CFFFFFFFF0C04060000071667656E657269635F7461675F6174747269625F6465660403000000040300000004FFFFFFFF071767656E657269635F7461675F6174747269625F6465662004010000000402000000070231340400000000040100000004C2FEFFFF
310
0400000000110E04636F6E650D07737572666163650CFFFFFFFF04FFFFFFFF0CFFFFFFFF13C86DA8844EACF1BFE513FA4DA5E70B405C8FC2F528DC38C01400000000000000000000000000000000000000000000F0BF14F162FF51181AB2BF2363FF51181AB2BF000000000000008006000000000000F03F0B0B0600000000
310
0000000006000000000000F03F06999999999999B93F0B0B0B0B0B110D06636F656467650CFFFFFFFF04FFFFFFFF0CFFFFFFFF0C0E0600000C450700000C080600000CDC0600000A0CE306000004000000000CFFFFFFFF110D04656467650CFFFFFFFF04FFFFFFFF0CFFFFFFFF0C1206000006592D4454FB21E9BF0CDD0600
310
0006602C4454FB21E93F0C080600000C8B0700000B0707756E6B6E6F776E110D067665727465780CFFFFFFFF04FFFFFFFF0CFFFFFFFF0C0906000004000000000C8C070000110E0873747261696768740D0563757276650CFFFFFFFF04FFFFFFFF0CFFFFFFFF13E041B76F03BFE9BF7E36C6ADC132F1BF1F85EB51B81E39C0
310
1400000000000000000000000000000000B81E85EB51B8BE3F0A0600000000000000000A06020000000000F03F110D06636F656467650CFFFFFFFF04FFFFFFFF0CFFFFFFFF0C450700000C0E0600000C0B0600000CE00600000A0CE306000004000000000CFFFFFFFF110D04656467650CFFFFFFFF04FFFFFFFF0CFFFFFFFF
310
0CE106000006522D4454FB21E9BF0C10060000067A2C4454FB21E93F0C0B0600000C8D0700000B0707756E6B6E6F776E110D067665727465780CFFFFFFFF04FFFFFFFF0CFFFFFFFF0C4607000004010000000C8E070000110E0873747261696768740D0563757276650CFFFFFFFF04FFFFFFFF0CFFFFFFFF13BC6DA8844EAC
310
F1BF7E36C6ADC132F1BF00000000000039C01400000000000000000000000000000000B81E85EB51B8BEBF0A06604BBEA0AAAA9ABC0A06020000000000F03F110D046C6F6F700CFFFFFFFF04FFFFFFFF0CFFFFFFFF0CFFFFFFFF0CDF0600000C15060000110E0873747261696768740D0563757276650CFFFFFFFF04FFFFFF
310
FF0CFFFFFFFF135807421EE845F3BF16D05F475BCCF2BF1F85EB51B81E39C014000000000000E03F9A5C7DEAFFBF323900000000000000000A0600000000000000000A06000000000000F03F110D05706F696E740CFFFFFFFF04FFFFFFFF0CFFFFFFFF135807421EE845F3BF16D05F475BCCF2BF1F85EB51B81E39C0110D05
310
706F696E740CFFFFFFFF04FFFFFFFF0CFFFFFFFF13B00E843CD08BE6BF16D05F475BCCF2BF1F85EB51B81E39C0110E0D4154545249425F435553544F4D0D066174747269620CFFFFFFFF04FFFFFFFF0CFFFFFFFF0CFFFFFFFF0C14060000071667656E657269635F7461675F6174747269625F646566040300000004030000
310
0004FFFFFFFF071767656E657269635F7461675F6174747269625F64656620040100000004000000000700040000000004050000000442010000044401000004460100000448010000044B0100000400000000110E0D4154545249425F435553544F4D0D066174747269620C8F07000004FFFFFFFF0CFFFFFFFF0CFFFFFFFF
310
0C15060000071667656E657269635F7461675F6174747269625F6465660403000000040300000004FFFFFFFF071767656E657269635F7461675F6174747269625F6465662004010000000402000000070231390400000000040100000004C2FEFFFF0400000000110E05706C616E650D07737572666163650CFFFFFFFF04FF
310
FFFFFF0CFFFFFFFF135C07421EE845F1BF4E03937A8EFFF1BF1F85EB51B81E39C01400000000000000000000000000000000000000000000F03F149A9999999999B93FF66095DDFFFF0D3900000000000000000B0B0B0B0B110E0D4154545249425F435553544F4D0D066174747269620CFFFFFFFF04FFFFFFFF0CFFFFFFFF
310
0CFFFFFFFF0C18060000071667656E657269635F7461675F6174747269625F6465660403000000040300000004FFFFFFFF071767656E657269635F7461675F6174747269625F64656620040100000004000000000700040000000004050000000442010000044401000004460100000448010000044B010000040000000011
310
0E0D4154545249425F435553544F4D0D066174747269620C9007000004FFFFFFFF0CFFFFFFFF0CFFFFFFFF0C19060000071667656E657269635F7461675F6174747269625F6465660403000000040300000004FFFFFFFF071767656E657269635F7461675F6174747269625F64656620040100000004020000000702333704
310
00000000040100000004C2FEFFFF0400000000110E05746F7275730D07737572666163650CFFFFFFFF04FFFFFFFF0CFFFFFFFF132C7E6FF885AE1B40A9E0C61A72B40A40EC51B81E85AB38C01400000000000000000000000000000000000000000000F0BF0694D658EAF4B8DD3F067C14AE47E17A943F14000000000000F0
310
BF9A5C7DEAFFBF42B900000000000000000B0B0B0B0B110D06636F656467650CFFFFFFFF04FFFFFFFF0CFFFFFFFF0CEF0600000C1B0600000CFC0600000C910700000B0C2505000004000000000CFFFFFFFF110D04656467650CFFFFFFFF04FFFFFFFF0CFFFFFFFF0CC00600000600000000000000000CB206000006BF661F
310
C2A465EF3F0C1B0600000C920700000B070E74616E67656E745F6E6F745F6732110D06636F656467650CFFFFFFFF04FFFFFFFF0CFFFFFFFF0CBE0600000CED0600000C1F0600000CF00600000A0C2505000004000000000CFFFFFFFF110D04656467650CFFFFFFFF04FFFFFFFF0CFFFFFFFF0CC40600000600000000000000
310
000CF10600000695661FC2A465EF3F0C1F0600000C930700000B070E74616E67656E745F6E6F745F6732110D067665727465780CFFFFFFFF04FFFFFFFF0CFFFFFFFF0CF006000004010000000C94070000110E07656C6C697073650D0563757276650CFFFFFFFF04FFFFFFFF0CFFFFFFFF13EC40C803BDA821C0A9E0C61A72
310
B40A4058C4B247ACA838C01400000000000000000000000000000000000000000000F03F141E5D49A2ECC4D5BF165D49A2ECC4D53F000000000000000006000000000000F03F0A06122D4454FB21E9BF0A06232D4454FB21E93F110D05706F696E740CFFFFFFFF04FFFFFFFF0CFFFFFFFF13A1071BAB849622C0A5E0C61A72
310
B40A406666666666A638C0110E0873747261696768740D0563757276650CFFFFFFFF04FFFFFFFF0CFFFFFFFF13F6C8D474079F22C0A9E0C61A72B40A4058C4B247ACA838C014F93B238299736439C0CAA145B67311C000000000000000000A0646C300B96D56AD3C0A06010000000000F03F110D067665727465780CFFFFFF
310
FF04FFFFFFFF0CFFFFFFFF0C4206000004000000000C95070000110E0873747261696768740D0563757276650CFFFFFFFF04FFFFFFFF0CFFFFFFFF132C7E6FF885AE1B4011DBC7CC32810F40893BC0A2440039C0140000000000802FC02767D3EAFF7482B900000000000000000A0600000000000000800A06010000000000
310
F03F110E0873747261696768740D0563757276650CFFFFFFFF04FFFFFFFF0CFFFFFFFF13EC40C803BDA821C07969BF13D8570E402740B12A67C939C0140000000000802F402767D3EAFF74823900000000000000000A0610044110044180BC0A06010000000000F03F110E0D4154545249425F435553544F4D0D0661747472
310
69620C9607000004FFFFFFFF0CFFFFFFFF0CFFFFFFFF0C2C060000071667656E657269635F7461675F6174747269625F6465660403000000040300000004FFFFFFFF071767656E657269635F7461675F6174747269625F6465662004010000000402000000070233300400000000040100000004C2FEFFFF0400000000110E
310
04636F6E650D07737572666163650CFFFFFFFF04FFFFFFFF0CFFFFFFFF13EC40C803BDA821C092172186EE04F73F36ED245207F238C014000000000000F03F9A5C7DEAFFBF42390000000000000000149C0285DB910656B97BEE4F7194CB0240CFF2FB54AF58EBBF06000000000000F03F0B0B060000000000000000060000
310
00000000F03F06FEFFFFFFFFFF03400B0B0B0B0B110D06636F656467650CFFFFFFFF04FFFFFFFF0CFFFFFFFF0C310600000CAF0600000C2D0600000CFB0600000A0CAD06000004000000000CFFFFFFFF110D04656467650CFFFFFFFF04FFFFFFFF0CFFFFFFFF0C470500000600000000000000000CB5060000060100000000
310
00F03F0C2D0600000C970700000B070E74616E67656E745F6E6F745F6732110D06636F656467650CFFFFFFFF04FFFFFFFF0CFFFFFFFF0CAF0600000C310600000CED0600000C910700000A0CAD06000004000000000CFFFFFFFF110E07656C6C697073650D0563757276650CFFFFFFFF04FFFFFFFF0CFFFFFFFF13ED40C803
310
BDA821C08D06C6005FC609405E18CA9FF80E39C014000000000000F0BFDA24FF6C84DBB5BC90BAACE0EF8D7CBC1437BD7F5FFC84AFBC9C9B369B7FEBE63F1DBB30943FF1AD3F06000000000000F03F0A06D6CE0797ED42E0BF0A06DDFD4DA61B2058BF110E0D4154545249425F435553544F4D0D066174747269620CFFFFFF
310
FF04FFFFFFFF0CFFFFFFFF0CFFFFFFFF0C35060000071667656E657269635F7461675F6174747269625F6465660403000000040300000004FFFFFFFF071767656E657269635F7461675F6174747269625F64656620040100000004000000000700040000000004050000000442010000044401000004460100000448010000
310
044B0100000400000000110E07656C6C697073650D0563757276650CFFFFFFFF04FFFFFFFF0CFFFFFFFF132C7E6FF885AE1B40890DB8A23F580F4091642579270039C014000000000000F03F9A5C7DEAFFBF4239000000000000000014149CBB897AFEE7B873B5E6079579943FA212ACD79A293DBF06000000000000F03F0A
310
06C4040000006A983C0A066F06A5F5E1EDBA3F110E0D4154545249425F435553544F4D0D066174747269620CFFFFFFFF04FFFFFFFF0CFFFFFFFF0CFFFFFFFF0C3F060000071667656E657269635F7461675F6174747269625F6465660403000000040300000004FFFFFFFF071767656E657269635F7461675F617474726962
310
5F64656620040100000004000000000700040000000004050000000442010000044401000004460100000448010000044B0100000400000000110E07656C6C697073650D0563757276650CFFFFFFFF04FFFFFFFF0CFFFFFFFF132C7E6FF885AE1B4092172186EE04F73F36ED245207F238C014000000000000F0BF592CB449
310
2854B7BC97282BC1A4F8A03C149C1DF772B607CFBC7DEE4F7194CB0240D2F2FB54AF58EBBF06000000000000F03F0A06FD7E504639E7D4BF0A06A68A6B695E1C77BF110E07656C6C697073650D0563757276650CFFFFFFFF04FFFFFFFF0CFFFFFFFF13B853948C88151440A1E0C61A72B40A4036ED245207F238C014592CB4
310
492854B7BC000000000000F03F97282BC1A4F8A03C147DEE4F7194CB02409C1DF772B607CF3CD2F2FB54AF58EBBF06000000000000F03F0A069F90504639E7D4BF0A06498B6B695E1C77BF110E0D4154545249425F435553544F4D0D066174747269620CFFFFFFFF04FFFFFFFF0CFFFFFFFF0CFFFFFFFF0C47060000071667
310
656E657269635F7461675F6174747269625F6465660403000000040300000004FFFFFFFF071767656E657269635F7461675F6174747269625F64656620040100000004020000000702373704000000000401000000044E0100000400000000110D04666163650C9807000004FFFFFFFF0CFFFFFFFF0C990700000C61060000
310
0C060000000CFFFFFFFF0C9A0700000A0B110D046C6F6F700CFFFFFFFF04FFFFFFFF0CFFFFFFFF0CFFFFFFFF0C5D0600000C47060000110E05706C616E650D07737572666163650CFFFFFFFF04FFFFFFFF0CFFFFFFFF138E38D0DF9D8B19C0BFFAD5773134FB3F3433333333B338C014C4F73B0BAA0461BD000000000000F0
310
3F000000000000000014000000000000F03FC4F73B0BAA04613D774D6BFFFF2FB23C0B0B0B0B0B110D06636F656467650CFFFFFFFF04FFFFFFFF0CFFFFFFFF0C9B0700000C9C0700000C5A0600000C1D0700000A0C4806000004000000000CFFFFFFFF110E0873747261696768740D0563757276650CFFFFFFFF04FFFFFFFF
310
0CFFFFFFFF13B8EF146FF037E23F39D80A41ECCBFA3F3333333333B338C014000000000000B03C0000000000000000000000000000F0BF0B0B110E0873747261696768740D0563757276650CFFFFFFFF04FFFFFFFF0CFFFFFFFF13D97ACEAFEE74F03F668CAAF5B1A6F63F3333333333B338C014000000C06D00613D000000
310
000000F0BF00000000000000000B0B110D05706F696E740CFFFFFFFF04FFFFFFFF0CFFFFFFFF134880CEAFEE74F03F2ABEF76E8FD7E83F3333333333B338C0110D05706F696E740CFFFFFFFF04FFFFFFFF0CFFFFFFFF13A578CEAFEE74F03F1FDC0A41ECCBFA3F3333333333B338C0110D046C6F6F700CFFFFFFFF04FFFFFF
310
FF0CFFFFFFFF0C9D0700000C9E0700000C3E000000110D06636F656467650CFFFFFFFF04FFFFFFFF0CFFFFFFFF0C9F0700000CA00700000CA10700000CA20700000B0C5406000004000000000CFFFFFFFF110D06636F656467650CFFFFFFFF04FFFFFFFF0CFFFFFFFF0CA30700000C550600000CA40700000CA50700000B0C
310
7705000004000000000CFFFFFFFF110D06636F656467650CFFFFFFFF04FFFFFFFF0CFFFFFFFF0C550600000CA60700000CA70700000CA80700000B0C7705000004000000000CFFFFFFFF110D06636F656467650CFFFFFFFF04FFFFFFFF0CFFFFFFFF0CA90700000CAA0700000C550600000C110700000A0CAB070000040000
310
00000CFFFFFFFF110D04656467650CFFFFFFFF04FFFFFFFF0CFFFFFFFF0CAC070000066A8F5740AC0DF5BF0CAD070000068052142FB069963F0C550600000CAE0700000B0707756E6B6E6F776E110D06636F656467650CFFFFFFFF04FFFFFFFF0CFFFFFFFF0C570600000C560600000CAF0700000CB00700000B0C8E040000
310
04000000000CFFFFFFFF110D06636F656467650CFFFFFFFF04FFFFFFFF0CFFFFFFFF0CB10700000CB20700000C560600000C140700000A0CB307000004000000000CFFFFFFFF110D04656467650CFFFFFFFF04FFFFFFFF0CFFFFFFFF0C1B070000069945763E0C4007400CB407000006A36C7A4F1B070B400C560600000CB5
310
0700000B0707756E6B6E6F776E110D06636F656467650CFFFFFFFF04FFFFFFFF0CFFFFFFFF0CB60700000CB70700000C570600000C160700000A0CB807000004000000000CFFFFFFFF110D04656467650CFFFFFFFF04FFFFFFFF0CFFFFFFFF0CB9070000062780FCD7A2EA0CC00C1A070000061D59F8C6932309C00C570600
310
000CBA0700000B0707756E6B6E6F776E110D06636F656467650CFFFFFFFF04FFFFFFFF0CFFFFFFFF0C6E0600000C580600000CB70700000CBB0700000A0C1907000004000000000CFFFFFFFF110D06636F656467650CFFFFFFFF04FFFFFFFF0CFFFFFFFF0C580600000C6E0600000CB10700000CBC0700000B0C1907000004
310
000000000CFFFFFFFF110D046C6F6F700CFFFFFFFF04FFFFFFFF0CFFFFFFFF0CFFFFFFFF0C580600000CBD070000110D067665727465780CFFFFFFFF04FFFFFFFF0CFFFFFFFF0C5906000004000000000CBE070000110D067665727465780CFFFFFFFF04FFFFFFFF0CFFFFFFFF0C5906000004010000000CBF070000110E08
310
73747261696768740D0563757276650CFFFFFFFF04FFFFFFFF0CFFFFFFFF1398E5C91A66F506C025E937273660004000000000000039C0141E510556E608613D000000000000F0BF00000000000000000B0B110D04656467650CFFFFFFFF04FFFFFFFF0CFFFFFFFF0C2107000006E959606F9636FCBF0C2507000006FEDDB7
310
BDB234EABF0C5A0600000CC00700000B0707756E6B6E6F776E110D06636F656467650CFFFFFFFF04FFFFFFFF0CFFFFFFFF0C730600000C5B0600000C600600000C280700000A0C2007000004000000000CFFFFFFFF110D06636F656467650CFFFFFFFF04FFFFFFFF0CFFFFFFFF0C5B0600000C730600000C9B0700000CC107
310
00000B0C2007000004000000000CFFFFFFFF110D046C6F6F700CFFFFFFFF04FFFFFFFF0CFFFFFFFF0CFFFFFFFF0C5B0600000C99070000110D067665727465780CFFFFFFFF04FFFFFFFF0CFFFFFFFF0C5C06000004010000000CC2070000110E0873747261696768740D0563757276650CFFFFFFFF04FFFFFFFF0CFFFFFFFF
310
1319B6D5952E231EC0280CA3CEE82FE83F00000000000039C014000000000000F03F000000C06D00613D00000000000000000B0B110D06636F656467650CFFFFFFFF04FFFFFFFF0CFFFFFFFF0C710600000C5D0600000C9C0700000CC30700000A0C0507000004000000000CFFFFFFFF110D06636F656467650CFFFFFFFF04
310
FFFFFFFF0CFFFFFFFF0C5D0600000C710600000C5F0600000C270700000B0C0507000004000000000CFFFFFFFF110D067665727465780CFFFFFFFF04FFFFFFFF0CFFFFFFFF0C1D07000004010000000CC4070000110E0873747261696768740D0563757276650CFFFFFFFF04FFFFFFFF0CFFFFFFFF13DCC1165AF2141FC0F8
310
EED5773134FB3F00000000000039C014000000000000F0BFC4F73B0BAA0461BD00000000000000800B0B110D04656467650CFFFFFFFF04FFFFFFFF0CFFFFFFFF0C770600000600000000000000000C6206000006003333333333D33F0C240700000CC50700000B0707756E6B6E6F776E110D04656467650CFFFFFFFF04FFFF
310
FFFF0CFFFFFFFF0C760600000600000000000000000C6306000006003333333333D33F0C1E0700000CC60700000B0707756E6B6E6F776E110D05706F696E740CFFFFFFFF04FFFFFFFF0CFFFFFFFF138E38D0DF9D8B19C0BFFAD5773134FB3F00000000000039C0110D05706F696E740CFFFFFFFF04FFFFFFFF0CFFFFFFFF13
310
8C36D0DF9D8B19C0AA1FA3CEE82FE83F00000000000039C0110E0873747261696768740D0563757276650CFFFFFFFF04FFFFFFFF0CFFFFFFFF13FEFE146FF037E23F5AB6F76E8FD7E83F3333333333B338C014000000000000B03C0000000000000000000000000000F0BF0B0B110D046C6F6F700CFFFFFFFF04FFFFFFFF0C
310
FFFFFFFF0CC70700000CC80700000C54000000110D06636F656467650CFFFFFFFF04FFFFFFFF0CFFFFFFFF0CC90700000CCA0700000CCB0700000CCC0700000B0C6A06000004000000000CFFFFFFFF110D06636F656467650CFFFFFFFF04FFFFFFFF0CFFFFFFFF0CCD0700000C6B0600000CCE0700000CCF0700000B0C8405
310
000004000000000CFFFFFFFF110D06636F656467650CFFFFFFFF04FFFFFFFF0CFFFFFFFF0C6B0600000CD00700000CD10700000CD20700000B0C8405000004000000000CFFFFFFFF110D06636F656467650CD307000004FFFFFFFF0CFFFFFFFF0CAA0700000CA90700000C6B0600000C310700000A0CAB0700000400000000
310
0CFFFFFFFF110D04656467650CFFFFFFFF04FFFFFFFF0CFFFFFFFF0CD407000006E43E5E065DCDF1BF0CD507000006800EADD5AFCFCC3F0C6B0600000CD60700000B0707756E6B6E6F776E110D06636F656467650CFFFFFFFF04FFFFFFFF0CFFFFFFFF0C6D0600000C6C0600000CD70700000CD80700000B0C940400000400
310
0000000CFFFFFFFF110D06636F656467650CD907000004FFFFFFFF0CFFFFFFFF0CB70700000CB60700000C6C0600000C340700000A0CB807000004000000000CFFFFFFFF110D04656467650CFFFFFFFF04FFFFFFFF0CFFFFFFFF0C39070000063ABC5117E4A4EEBF0CDA07000006244082A64F11DFBF0C6C0600000CDB0700
310
000B0707756E6B6E6F776E110D06636F656467650CDC07000004FFFFFFFF0CFFFFFFFF0CB20700000CB10700000C6D0600000C360700000A0CB307000004000000000CFFFFFFFF110D04656467650CFFFFFFFF04FFFFFFFF0CFFFFFFFF0CDD07000006266E49F5C516E73F0C38070000062705AD1C8119F33F0C6D0600000C
310
DE0700000B0707756E6B6E6F776E110E0D4154545249425F435553544F4D0D066174747269620CFFFFFFFF04FFFFFFFF0CFFFFFFFF0CFFFFFFFF0C6E0600000711736B657463685F6174747269625F646566040100000004010000000403000000070D32383920302031203020312031110D067665727465780CFFFFFFFF04
310
FFFFFFFF0CFFFFFFFF0C6F06000004000000000CDF070000110D067665727465780CFFFFFFFF04FFFFFFFF0CFFFFFFFF0C6F06000004010000000CE0070000110E0873747261696768740D0563757276650CFFFFFFFF04FFFFFFFF0CFFFFFFFF13F2E0C91A66F506C03DC99B116C99EE3F3333333333B338C0141E510556E6
310
0861BD000000000000F03F00000000000000000B0B110D06636F656467650CE107000004FFFFFFFF0CFFFFFFFF0C9C0700000C9B0700000C700600000C3C0700000A0C4806000004000000000CFFFFFFFF110D04656467650CFFFFFFFF04FFFFFFFF0CFFFFFFFF0C3E07000006E4F9179B7365D1BF0C4107000006E2D87C53
310
C085E53F0C700600000CE20700000B0707756E6B6E6F776E110E0D4154545249425F435553544F4D0D066174747269620CFFFFFFFF04FFFFFFFF0CFFFFFFFF0CFFFFFFFF0C710600000711736B657463685F6174747269625F646566040100000004010000000403000000070D32313620302031203020312031110D067665
310
727465780CFFFFFFFF04FFFFFFFF0CFFFFFFFF0C3C07000004000000000CE3070000110E0873747261696768740D0563757276650CFFFFFFFF04FFFFFFFF0CFFFFFFFF138DBB60E7175D0DC0DA11D6773134FB3F3333333333B338C014000000000000F03FC4F73B0BAA04613D00000000000000800B0B110E0D4154545249
310
425F435553544F4D0D066174747269620CFFFFFFFF04FFFFFFFF0CFFFFFFFF0CFFFFFFFF0C730600000711736B657463685F6174747269625F646566040100000004010000000403000000070D32313220302031203020312031110D067665727465780CFFFFFFFF04FFFFFFFF0CFFFFFFFF0C7406000004000000000CE407
310
0000110E0873747261696768740D0563757276650CFFFFFFFF04FFFFFFFF0CFFFFFFFF1305A4DE5E90790BC0DB51A3CEE82FE83F3333333333B338C014000000000000F0BF000000C06D0061BD00000000000000000B0B110D05706F696E740CFFFFFFFF04FFFFFFFF0CFFFFFFFF138C36D0DF9D8B19C0AA1FA3CEE82FE83F
310
3433333333B338C0110D05706F696E740CFFFFFFFF04FFFFFFFF0CFFFFFFFF138E38D0DF9D8B19C0BFFAD5773134FB3F3433333333B338C0110D06636F656467650CFFFFFFFF04FFFFFFFF0CFFFFFFFF0CDB0600000CDF0600000C800600000C460700000A0CE306000004000000000CFFFFFFFF110D04656467650CFFFFFF
310
FF04FFFFFFFF0CFFFFFFFF0CDD0600000699AAAAAAAAAAEA3C0CE106000006000000000000F03F0C800600000CE50700000B0707756E6B6E6F776E110E07656C6C697073650D0563757276650CFFFFFFFF04FFFFFFFF0CFFFFFFFF13EC40C803BDA821C0A9E0C61A72B40A406666666666A638C01400000000000000000000
310
000000000000000000000000F0BF14F06095DDFFFF2D39949999999999D9BF000000000000000006000000000000F03F0A06182D4454FB21F93F0A06152D4454FB210940110D05706F696E740CFFFFFFFF04FFFFFFFF0CFFFFFFFF13ED40C803BDA821C0DB13FA4DA5E70D406666666666A638C0110E0D4154545249425F43
310
5553544F4D0D066174747269620CFFFFFFFF04FFFFFFFF0CFFFFFFFF0CFFFFFFFF0C89060000071667656E657269635F7461675F6174747269625F6465660403000000040300000004FFFFFFFF071767656E657269635F7461675F6174747269625F6465662004010000000400000000070004000000000405000000044201
310
0000044401000004460100000448010000044B0100000400000000110D046C6F6F700CFFFFFFFF04FFFFFFFF0CFFFFFFFF0CE60700000C520700000C3E000000110E0D4154545249425F435553544F4D0D066174747269620CFFFFFFFF04FFFFFFFF0CFFFFFFFF0CFFFFFFFF0C8D060000071667656E657269635F7461675F
310
6174747269625F6465660403000000040300000004FFFFFFFF071767656E657269635F7461675F6174747269625F64656620040100000004020000000702313204000000000401000000044E0100000400000000110D04666163650CE707000004FFFFFFFF0CFFFFFFFF0CE80700000CE90700000C060000000CFFFFFFFF0C
310
EA0700000A0B110D046C6F6F700CFFFFFFFF04FFFFFFFF0CFFFFFFFF0CEB0700000CEC0700000C8D060000110E04636F6E650D07737572666163650CFFFFFFFF04FFFFFFFF0CFFFFFFFF13C04542332784AEBF44630BDE700AD2BF3333333333B338C014000000000000B43C0000000000000000000000000000F0BF1490C8
310
E2EB8A15C53F21DF653A7467363DB47ADBA6ED5A8A3C06000000000000F03F0B0B06000000000000000006000000000000F03F0690C8E2EB8A15C53F0B0B0B0B0B110D046C6F6F700CFFFFFFFF04FFFFFFFF0CFFFFFFFF0CFFFFFFFF0CED0700000CB0050000110D06636F656467650CFFFFFFFF04FFFFFFFF0CFFFFFFFF0C
310
500700000C500700000CEE0700000CEF0700000A0C8E06000004000000000CFFFFFFFF110D06636F656467650CF007000004FFFFFFFF0CFFFFFFFF0C510700000C510700000CF10700000CF20700000A0C9006000004000000000CFFFFFFFF110D06636F656467650CFFFFFFFF04FFFFFFFF0CFFFFFFFF0C520700000C5207
310
00000C910600000C530700000B0C4A07000004000000000CFFFFFFFF110D04656467650CFFFFFFFF04FFFFFFFF0CFFFFFFFF0CF307000006182D4454FB2109C00CF307000006182D4454FB2109400C520700000CF40700000B0707756E6B6E6F776E110E0D4154545249425F435553544F4D0D066174747269620CFFFFFFFF
310
04FFFFFFFF0CFFFFFFFF0CFFFFFFFF0C920600000711736B657463685F6174747269625F646566040100000004010000000403000000070D34303620302031203020312031110D06636F656467650CFFFFFFFF04FFFFFFFF0CFFFFFFFF0C550700000C550700000C920600000C560700000B0CF507000004000000000CFFFF
310
FFFF110D04656467650CF607000004FFFFFFFF0CFFFFFFFF0CF707000006172D4454FB2109C00CF707000006192D4454FB2109400C550700000CF80700000B0707756E6B6E6F776E110D067665727465780CFFFFFFFF04FFFFFFFF0CFFFFFFFF0C9406000004000000000CF9070000110E07656C6C697073650D0563757276
310
650CFFFFFFFF04FFFFFFFF0CFFFFFFFF134653C2AF629B18C070320CDE700AD2BF00000000000039C01400000000000000800000000000000080000000000000F03F1480C8E2EB8A15C53F10DF653A7467363D000000000000000006000000000000F03F0B0B110D046C6F6F700CFFFFFFFF04FFFFFFFF0CFFFFFFFF0CF507
310
00000C960600000C54000000110E0D4154545249425F435553544F4D0D066174747269620CFFFFFFFF04FFFFFFFF0CFFFFFFFF0CFFFFFFFF0C97060000071667656E657269635F7461675F6174747269625F6465660403000000040300000004FFFFFFFF071767656E657269635F7461675F6174747269625F646566200401
310
000000040400000007042D32333104000000000401000000044E0100000400000000110D067665727465780CFFFFFFFF04FFFFFFFF0CFFFFFFFF0C9706000004000000000CFA070000110E07656C6C697073650D0563757276650CFFFFFFFF04FFFFFFFF0CFFFFFFFF13B8AF3C08AD791FC0D06C0CDE700AD2BF3333333333
310
B338C01400000000000000800000000000000080000000000000F0BF1480C8E2EB8A15C53F10DF653A7467363D000000000000000006000000000000F03F0B0B110D05706F696E740CFFFFFFFF04FFFFFFFF0CFFFFFFFF13FEE2CDAF2C1120C06A720CDE700AD2BF00000000000039C0110D046C6F6F700CFFFFFFFF04FFFF
310
FFFF0CFFFFFFFF0CB80400000C600700000C3E000000110D06636F656467650CFB07000004FFFFFFFF0CFFFFFFFF0C5F0700000C5F0700000CFC0700000CFD0700000A0C9B06000004000000000CFFFFFFFF110D06636F656467650CFFFFFFFF04FFFFFFFF0CFFFFFFFF0C600700000C600700000C9C0600000C610700000B
310
0C5E07000004000000000CFFFFFFFF110D04656467650CFFFFFFFF04FFFFFFFF0CFFFFFFFF0CFE07000006182D4454FB2109C00CFE07000006182D4454FB2109400C600700000CFF0700000B0707756E6B6E6F776E110E0D4154545249425F435553544F4D0D066174747269620CFFFFFFFF04FFFFFFFF0CFFFFFFFF0CFFFF
310
FFFF0C9D0600000711736B657463685F6174747269625F646566040100000004010000000403000000070D31373320302031203020312031110D06636F656467650CFFFFFFFF04FFFFFFFF0CFFFFFFFF0C630700000C630700000C9D0600000C640700000B0C0008000004000000000CFFFFFFFF110D04656467650C010800
310
0004FFFFFFFF0CFFFFFFFF0C0208000006192D4454FB2109C00C0208000006172D4454FB2109400C630700000C030800000B0707756E6B6E6F776E110D067665727465780CFFFFFFFF04FFFFFFFF0CFFFFFFFF0C9F06000004000000000C04080000110E07656C6C697073650D0563757276650CFFFFFFFF04FFFFFFFF0CFF
310
FFFFFF13E6686ADA530215C05FD363820C50E9BF00000000000039C01400000000000000800000000000000080000000000000F03F1480C8E2EB8A15C53F10DF653A7467363D000000000000000006000000000000F03F0B0B110D046C6F6F700CFFFFFFFF04FFFFFFFF0CFFFFFFFF0C000800000CA10600000C5400000011
310
0E0D4154545249425F435553544F4D0D066174747269620CFFFFFFFF04FFFFFFFF0CFFFFFFFF0CFFFFFFFF0CA2060000071667656E657269635F7461675F6174747269625F6465660403000000040300000004FFFFFFFF071767656E657269635F7461675F6174747269625F646566200401000000040400000007042D3238
310
3104000000000401000000044E0100000400000000110D067665727465780CFFFFFFFF04FFFFFFFF0CFFFFFFFF0CA206000004000000000C05080000110E07656C6C697073650D0563757276650CFFFFFFFF04FFFFFFFF0CFFFFFFFF130F1BE00313480CC074D90BDE700AD2BF3333333333B338C014000000000000008000
310
00000000000080000000000000F0BF1480C8E2EB8A15C53F10DF653A7467363D000000000000000006000000000000F03F0B0B110D05706F696E740CFFFFFFFF04FFFFFFFF0CFFFFFFFF1397479EB26B990DC00EDF0BDE700AD2BF00000000000039C0110D05706F696E740CFFFFFFFF04FFFFFFFF0CFFFFFFFF1314DDFFF8
310
FB0FFFBF44A30BDE700AD2BF3333333333B338C0110E0D4154545249425F435553544F4D0D066174747269620CFFFFFFFF04FFFFFFFF0CFFFFFFFF0CFFFFFFFF0CAC060000071667656E657269635F7461675F6174747269625F6465660403000000040300000004FFFFFFFF071767656E657269635F7461675F6174747269
310
625F64656620040100000004000000000700040000000004050000000442010000044401000004460100000448010000044B0100000400000000110E07656C6C697073650D0563757276650CFFFFFFFF04FFFFFFFF0CFFFFFFFF132C7E6FF885AE1B408D06C6005FC609405E18CA9FF80E39C014000000000000F0BFBB0615
310
E5893DBABC035F6FD3DD2381BC14975B13D07EEBB2BC9C9B369B7FEBE63F1DBB30943FF1AD3F06000000000000F03F0A06D4CE0797ED42E0BF0A061A0C20A61B2058BF110D05706F696E740CFFFFFFFF04FFFFFFFF0CFFFFFFFF132C7E6FF885AE1B40D100F9DE9B8D0E4058C4B247ACA838C0110D05706F696E740CFFFFFF
310
FF04FFFFFFFF0CFFFFFFFF132C7E6FF885AE1B4089B6665911810F4064EA95E2BAFF38C0110E0873747261696768740D0563757276650CFFFFFFFF04FFFFFFFF0CFFFFFFFF13ED40C803BDA821C0DB13FA4DA5E70D406666666666A638C0140000000000802F402767D3EAFF74823900000000000000000A06000000000000
310
00000A06010000000000F03F110E0D4154545249425F435553544F4D0D066174747269620CFFFFFFFF04FFFFFFFF0CFFFFFFFF0CFFFFFFFF0CBA060000071667656E657269635F7461675F6174747269625F6465660403000000040300000004FFFFFFFF071767656E657269635F7461675F6174747269625F646566200401
310
00000004000000000700040000000004050000000442010000044401000004460100000448010000044B0100000400000000110E07656C6C697073650D0563757276650CFFFFFFFF04FFFFFFFF0CFFFFFFFF132C7E6FF885AE1B40A9E0C61A72B40A403D3CC0A2440039C01400000000000000000000000000000000000000
310
000000F03F1442DD8E01E026DB3F37DD8E01E026DB3F000000000000000006000000000000F03F0A06342D4454FB21E9BF0A061E2D4454FB21E93F110E0873747261696768740D0563757276650CFFFFFFFF04FFFFFFFF0CFFFFFFFF13ED40C803BDA821C07BFB11B8906B0E406666666666A638C0140000000000802F4027
310
67D3EAFF74823900000000000000000A0600000000000000000A06010000000000F03F110D05706F696E740CFFFFFFFF04FFFFFFFF0CFFFFFFFF132C7E6FF885AE1B407BFB11B8906B0E406666666666A638C0110E0873747261696768740D0563757276650CFFFFFFFF04FFFFFFFF0CFFFFFFFF13A1071BAB849622C0B669
310
F9E0F465F0BF6666666666A638C014F93B2382997364B9C0CAA145B673114000000000000000000A0600000000000000000A06000000000000F03F110D05706F696E740CFFFFFFFF04FFFFFFFF0CFFFFFFFF13ED40C803BDA821C07BFB11B8906B0E406666666666A638C0110D06636F656467650CFFFFFFFF04FFFFFFFF0C
310
FFFFFFFF0CC90600000CC80600000C060800000C070800000B0C9505000004000000000CFFFFFFFF110D06636F656467650CFFFFFFFF04FFFFFFFF0CFFFFFFFF0CD30600000C060800000CCB0600000C7A0700000A0C8607000004000000000CFFFFFFFF110D04656467650CFFFFFFFF04FFFFFFFF0CFFFFFFFF0CD7060000
310
0600000000000000000C7B07000006EAFFFFFFFFFFEF3F0CCB0600000C080800000B0707756E6B6E6F776E110D067665727465780CFFFFFFFF04FFFFFFFF0CFFFFFFFF0CCC06000004010000000C09080000110E0873747261696768740D0563757276650CFFFFFFFF04FFFFFFFF0CFFFFFFFF13F041B76F03BFE9BF19472D
310
81D81A0B4000000000000039C01400000000000000000000000000000000B81E85EB51B8BEBF0A06604BBEA0AAAA9ABC0A06020000000000F03F110E0D4154545249425F435553544F4D0D066174747269620C0A08000004FFFFFFFF0CFFFFFFFF0CFFFFFFFF0CCD060000071667656E657269635F7461675F617474726962
310
5F6465660403000000040300000004FFFFFFFF071767656E657269635F7461675F6174747269625F6465662004010000000402000000070231350400000000040100000004C2FEFFFF0400000000110E05706C616E650D07737572666163650CFFFFFFFF04FFFFFFFF0CFFFFFFFF136407421EE845F3BF19472D81D81A0B40
310
5C8FC2F528DC38C0149A5C7DEAFFBF4239000000000000F0BF000000000000000014000000000000000000000000000000009A9999999999B9BF0B0B0B0B0B110D06636F656467650CFFFFFFFF04FFFFFFFF0CFFFFFFFF0C060800000CD30600000CCF0600000C800700000A0C8607000004000000000CFFFFFFFF110D0465
310
6467650CFFFFFFFF04FFFFFFFF0CFFFFFFFF0C8107000006F2FFFFFFFFFFDFBC0CD506000006010000000000F03F0CCF0600000C0B0800000B0707756E6B6E6F776E110D067665727465780CFFFFFFFF04FFFFFFFF0CFFFFFFFF0C0708000004010000000C0C080000110E0873747261696768740D0563757276650CFFFFFF
310
FF04FFFFFFFF0CFFFFFFFF13B80E843CD08BE6BFD913FA4DA5E70B4000000000000039C01400000000000000000000000000000000B81E85EB51B8BEBF0A06604BBEA0AAAA9ABC0A06020000000000F03F110E0D4154545249425F435553544F4D0D066174747269620C0D08000004FFFFFFFF0CFFFFFFFF0CFFFFFFFF0CD1
310
060000071667656E657269635F7461675F6174747269625F6465660403000000040300000004FFFFFFFF071767656E657269635F7461675F6174747269625F6465662004010000000402000000070231360400000000040100000004C2FEFFFF0400000000110D04666163650C0E08000004FFFFFFFF0CFFFFFFFF0C1E0500
310
000C860700000C060000000CFFFFFFFF0C0F0800000A0B110E05706C616E650D07737572666163650CFFFFFFFF04FFFFFFFF0CFFFFFFFF13C80E843CD08BEEBFD913FA4DA5E70B405C8FC2F528DC38C0149A5C7DEAFFBF42B9000000000000F03F000000000000000014000000000000000000000000000000009A99999999
310
99B93F0B0B0B0B0B110D046C6F6F700CFFFFFFFF04FFFFFFFF0CFFFFFFFF0CFFFFFFFF0CD30600000C84070000110E07656C6C697073650D0563757276650CFFFFFFFF04FFFFFFFF0CFFFFFFFF13C86DA8844EACF1BFE513FA4DA5E70B401F85EB51B81E39C01400000000000000000000000000000000000000000000F03F
310
14F162FF51181AB2BF2363FF51181AB2BF000000000000000006000000000000F03F0A063C2B4454FB21E9BF0A06EC2C4454FB21E93F110D05706F696E740CFFFFFFFF04FFFFFFFF0CFFFFFFFF136407421EE845F3BFD913FA4DA5E70B401F85EB51B81E39C0110D05706F696E740CFFFFFFFF04FFFFFFFF0CFFFFFFFF13C8
310
6DA8844EACF1BF0B472D81D81A0B401F85EB51B81E39C0110E0D4154545249425F435553544F4D0D066174747269620CFFFFFFFF04FFFFFFFF0CFFFFFFFF0CFFFFFFFF0CD9060000071667656E657269635F7461675F6174747269625F6465660403000000040300000004FFFFFFFF071767656E657269635F7461675F6174
310
747269625F64656620040100000004000000000700040000000004050000000442010000044401000004460100000448010000044B0100000400000000110E07656C6C697073650D0563757276650CFFFFFFFF04FFFFFFFF0CFFFFFFFF13E041B76F03BFE9BF1ED05F475BCCF2BF1F85EB51B81E39C0140000000000000000
310
0000000000000000000000000000F03F14A262FF51181AB23F7363FF51181AB23F000000000000000006000000000000F03F0A06592D4454FB21E9BF0A06602C4454FB21E93F110D05706F696E740CFFFFFFFF04FFFFFFFF0CFFFFFFFF13E041B76F03BFE9BF7E36C6ADC132F1BF1F85EB51B81E39C0110E07656C6C697073
310
650D0563757276650CFFFFFFFF04FFFFFFFF0CFFFFFFFF13BC6DA8844EACF1BF1ED05F475BCCF2BF1F85EB51B81E39C01400000000000000000000000000000000000000000000F03F142B63FF51181AB2BFEA62FF51181AB23F000000000000000006000000000000F03F0A06522D4454FB21E9BF0A067A2C4454FB21E93F
310
110D05706F696E740CFFFFFFFF04FFFFFFFF0CFFFFFFFF13BC6DA8844EACF1BF7E36C6ADC132F1BF1F85EB51B81E39C0110E0D4154545249425F435553544F4D0D066174747269620CFFFFFFFF04FFFFFFFF0CFFFFFFFF0CFFFFFFFF0CE8060000071667656E657269635F7461675F6174747269625F646566040300000004
310
0300000004FFFFFFFF071767656E657269635F7461675F6174747269625F64656620040100000004000000000700040000000004050000000442010000044401000004460100000448010000044B0100000400000000110E0D4154545249425F435553544F4D0D066174747269620CFFFFFFFF04FFFFFFFF0CFFFFFFFF0CFF
310
FFFFFF0CEB060000071667656E657269635F7461675F6174747269625F6465660403000000040300000004FFFFFFFF071767656E657269635F7461675F6174747269625F64656620040100000004000000000700040000000004050000000442010000044401000004460100000448010000044B0100000400000000110D04
310
656467650CFFFFFFFF04FFFFFFFF0CFFFFFFFF0CB20600000600000000000000000CF106000006010000000000F03F0CED0600000C100800000B070E74616E67656E745F6E6F745F6732110E07656C6C697073650D0563757276650CFFFFFFFF04FFFFFFFF0CFFFFFFFF132C7E6FF885AE1B407BFB11B8906B0E40EC51B81E
310
85AB38C014000000000000F0BF9A5C7DEAFFBF42B9000000000000000014000000000000000000000000000000007C14AE47E17A943F06000000000000F03F0A0600000000000000000A06BF661FC2A465EF3F110E07656C6C697073650D0563757276650CFFFFFFFF04FFFFFFFF0CFFFFFFFF13ED40C803BDA821C07BFB11
310
B8906B0E40EC51B81E85AB38C014000000000000F0BF9A5C7DEAFFBF42B9000000000000000014000000000000000000000000000000007C14AE47E17A943F06000000000000F03F0A0600000000000000000A0695661FC2A465EF3F110D05706F696E740CFFFFFFFF04FFFFFFFF0CFFFFFFFF13ED40C803BDA821C0D100F9
310
DE9B8D0E4058C4B247ACA838C0110D05706F696E740CFFFFFFFF04FFFFFFFF0CFFFFFFFF132C7E6FF885AE1B40F3DAC7CC32810F403D3CC0A2440039C0110E0D4154545249425F435553544F4D0D066174747269620CFFFFFFFF04FFFFFFFF0CFFFFFFFF0CFFFFFFFF0CF8060000071667656E657269635F7461675F617474
310
7269625F6465660403000000040300000004FFFFFFFF071767656E657269635F7461675F6174747269625F64656620040100000004000000000700040000000004050000000442010000044401000004460100000448010000044B0100000400000000110E0873747261696768740D0563757276650CFFFFFFFF04FFFFFFFF
310
0CFFFFFFFF13ED40C803BDA821C00DB6665911810F40ADE995E2BAFF38C0140000000000802F402767D3EAFF74823900000000000000000A0600000000000000000A06010000000000F03F110E0D4154545249425F435553544F4D0D066174747269620CFFFFFFFF04FFFFFFFF0CFFFFFFFF0CFFFFFFFF0C04070000071667
310
656E657269635F7461675F6174747269625F6465660403000000040300000004FFFFFFFF071767656E657269635F7461675F6174747269625F64656620040100000004020000000702383004000000000401000000044E0100000400000000110D04666163650C1108000004FFFFFFFF0CFFFFFFFF0C120800000C20070000
310
0C060000000CFFFFFFFF0C130800000A0B110E05706C616E650D07737572666163650CFFFFFFFF04FFFFFFFF0CFFFFFFFF138C36D0DF9D8B19C0AA1FA3CEE82FE83F3433333333B338C014000000000000F0BFC45DF5937CEF60BD000000000000008014C45DF5937CEF60BD000000000000F03F6EA6E4FEFFFF7FBC0B0B0B
310
0B0B110D06636F656467650CFFFFFFFF04FFFFFFFF0CFFFFFFFF0C3B0700000C070700000C1F0700000CC10700000A0C4806000004000000000CFFFFFFFF110D06636F656467650CFFFFFFFF04FFFFFFFF0CFFFFFFFF0C070700000C3B0700000C230700000CC30700000B0C4806000004000000000CFFFFFFFF110D046C6F
310
6F700CFFFFFFFF04FFFFFFFF0CFFFFFFFF0C140800000C150800000C3E000000110D06636F656467650CFFFFFFFF04FFFFFFFF0CFFFFFFFF0C160800000C170800000C180800000C190800000B0C0C07000004000000000CFFFFFFFF110D06636F656467650CFFFFFFFF04FFFFFFFF0CFFFFFFFF0C1A0800000C0D0700000C
310
1B0800000C1C0800000B0C5406000004000000000CFFFFFFFF110D06636F656467650CFFFFFFFF04FFFFFFFF0CFFFFFFFF0C0D0700000C1A0800000C1D0800000C1E0800000B0C5406000004000000000CFFFFFFFF110D06636F656467650CFFFFFFFF04FFFFFFFF0CFFFFFFFF0C1F0800000C200800000C0D0700000CA207
310
00000A0C2108000004000000000CFFFFFFFF110D04656467650CFFFFFFFF04FFFFFFFF0CFFFFFFFF0C220800000694E6665AEB30D63F0C23080000068D241EE777A8F43F0C0D0700000C240800000B0707756E6B6E6F776E110D06636F656467650CFFFFFFFF04FFFFFFFF0CFFFFFFFF0C250800000C0E0700000C26080000
310
0C270800000B0C7705000004000000000CFFFFFFFF110D06636F656467650CFFFFFFFF04FFFFFFFF0CFFFFFFFF0C280800000C290800000C0E0700000CA50700000A0C2A08000004000000000CFFFFFFFF110D04656467650CFFFFFFFF04FFFFFFFF0CFFFFFFFF0CAD07000006BB8EB73F14A61EC00C2B0800000667E81B11
310
614B1BC00C0E0700000C2C0800000B0707756E6B6E6F776E110D06636F656467650CFFFFFFFF04FFFFFFFF0CFFFFFFFF0C0F0700000C2D0800000C2E0800000C2F0800000B0C7705000004000000000CFFFFFFFF110D06636F656467650CFFFFFFFF04FFFFFFFF0CFFFFFFFF0C300800000C310800000C0F0700000CA80700
310
000A0C3208000004000000000CFFFFFFFF110D04656467650CFFFFFFFF04FFFFFFFF0CFFFFFFFF0C3308000006885ABEC59415DD3F0CAC0700000691BB69A8BAF81C400C0F0700000C340800000B0707756E6B6E6F776E110D06636F656467650CFFFFFFFF04FFFFFFFF0CFFFFFFFF0C300700000C100700000C310800000C
310
350800000A0CAB07000004000000000CFFFFFFFF110D06636F656467650CFFFFFFFF04FFFFFFFF0CFFFFFFFF0C100700000C300700000C280800000C360800000B0CAB07000004000000000CFFFFFFFF110D046C6F6F700CFFFFFFFF04FFFFFFFF0CFFFFFFFF0CFFFFFFFF0C100700000C37080000110D067665727465780C
310
FFFFFFFF04FFFFFFFF0CFFFFFFFF0C1107000004000000000C38080000110D067665727465780CFFFFFFFF04FFFFFFFF0CFFFFFFFF0C1107000004010000000C39080000110E0873747261696768740D0563757276650CFFFFFFFF04FFFFFFFF0CFFFFFFFF137028767C2E531540DF46257B45E10A4000000000000039C014
310
000000C06D0061BD000000000000F03F00000000000000000B0B110D06636F656467650CFFFFFFFF04FFFFFFFF0CFFFFFFFF0C3A0800000C3B0800000C120700000CB00700000A0C3C08000004000000000CFFFFFFFF110D04656467650CFFFFFFFF04FFFFFFFF0CFFFFFFFF0CB407000006055A606F9636FCBF0CB9070000
310
0636DEB7BDB234EABF0C120700000C3D0800000B0707756E6B6E6F776E110D06636F656467650CFFFFFFFF04FFFFFFFF0CFFFFFFFF0C350700000C130700000C180700000CBC0700000A0CB307000004000000000CFFFFFFFF110D06636F656467650CFFFFFFFF04FFFFFFFF0CFFFFFFFF0C130700000C350700000C3A0800
310
000C3E0800000B0CB307000004000000000CFFFFFFFF110D046C6F6F700CFFFFFFFF04FFFFFFFF0CFFFFFFFF0CFFFFFFFF0C130700000C3F080000110D067665727465780CFFFFFFFF04FFFFFFFF0CFFFFFFFF0C1407000004010000000C40080000110E0873747261696768740D0563757276650CFFFFFFFF04FFFFFFFF0C
310
FFFFFFFF13D812A02CB91A17C00C2AA3CEE82FE83F00000000000039C014000000000000F03F000000C06D00613D00000000000000000B0B110D06636F656467650CFFFFFFFF04FFFFFFFF0CFFFFFFFF0C330700000C150700000C3B0800000C410800000A0CB807000004000000000CFFFFFFFF110D06636F656467650CFF
310
FFFFFF04FFFFFFFF0CFFFFFFFF0C150700000C330700000C170700000CBB0700000B0CB807000004000000000CFFFFFFFF110D046C6F6F700CFFFFFFFF04FFFFFFFF0CFFFFFFFF0CFFFFFFFF0C150700000C42080000110D067665727465780CFFFFFFFF04FFFFFFFF0CFFFFFFFF0CB007000004010000000C43080000110E
310
0873747261696768740D0563757276650CFFFFFFFF04FFFFFFFF0CFFFFFFFF139C1EE1F07C0C18C0E6FDD5773134FB3F00000000000039C014000000000000F0BFC4F73B0BAA0461BD00000000000000800B0B110D04656467650CFFFFFFFF04FFFFFFFF0CFFFFFFFF0C390700000600000000000000000C1A070000064033
310
33333333D33F0CB70700000C440800000B0707756E6B6E6F776E110D04656467650CFFFFFFFF04FFFFFFFF0CFFFFFFFF0C380700000600000000000000000C1B07000006403333333333D33F0CB10700000C450800000B0707756E6B6E6F776E110D04666163650C4608000004FFFFFFFF0CFFFFFFFF0C3F0800000C190700
310
000C060000000CFFFFFFFF0C470800000A0B110D05706F696E740CFFFFFFFF04FFFFFFFF0CFFFFFFFF131BE4C91A66F506C0A318D6773134FB3F00000000000039C0110D05706F696E740CFFFFFFFF04FFFFFFFF0CFFFFFFFF1317E0C91A66F506C0765BA3CEE82FE83F00000000000039C0110E0873747261696768740D05
310
63757276650CFFFFFFFF04FFFFFFFF0CFFFFFFFF13C4264E5716A817C0E1F6586B4527044000000000000039C014C45DF5937CEF60BD000000000000F03F00000000000000000B0B110D04656467650CFFFFFFFF04FFFFFFFF0CFFFFFFFF0C410700000600000000000000000C2107000006003333333333D33F0C9B070000
310
0C480800000B0707756E6B6E6F776E110D05706F696E740CFFFFFFFF04FFFFFFFF0CFFFFFFFF1308234E5716A817C0B227A3CEE82FE83F00000000000039C0110D04656467650CFFFFFFFF04FFFFFFFF0CFFFFFFFF0C3E0700000600000000000000000C2507000006003333333333D33F0C230700000C490800000B070775
310
6E6B6E6F776E110D05706F696E740CFFFFFFFF04FFFFFFFF0CFFFFFFFF1308254E5716A817C0C3FED5773134FB3F00000000000039C0110E0873747261696768740D0563757276650CFFFFFFFF04FFFFFFFF0CFFFFFFFF138E38D0DF9D8B19C0BFFAD5773134FB3F3433333333B338C0140000000000000000000000000000
310
0000000000000000F0BF0B0B110E0873747261696768740D0563757276650CFFFFFFFF04FFFFFFFF0CFFFFFFFF138C36D0DF9D8B19C0AA1FA3CEE82FE83F3433333333B338C01400000000000000000000000000000000000000000000F0BF0B0B110D046C6F6F700CFFFFFFFF04FFFFFFFF0CFFFFFFFF0C4A0800000C4B08
310
00000C54000000110D06636F656467650CFFFFFFFF04FFFFFFFF0CFFFFFFFF0C4C0800000C4D0800000C4E0800000C4F0800000B0C2C07000004000000000CFFFFFFFF110D06636F656467650CFFFFFFFF04FFFFFFFF0CFFFFFFFF0C500800000C2D0700000C510800000C520800000B0C6A06000004000000000CFFFFFFFF
310
110D06636F656467650CFFFFFFFF04FFFFFFFF0CFFFFFFFF0C2D0700000C500800000C530800000C540800000B0C6A06000004000000000CFFFFFFFF110D06636F656467650C5508000004FFFFFFFF0CFFFFFFFF0C200800000C1F0800000C2D0700000CCC0700000A0C2108000004000000000CFFFFFFFF110D0465646765
310
0CFFFFFFFF04FFFFFFFF0CFFFFFFFF0C560800000614B7E10B0DA6C9BF0C57080000060B6810DEF6CEE73F0C2D0700000C580800000B0707756E6B6E6F776E110D06636F656467650CFFFFFFFF04FFFFFFFF0CFFFFFFFF0C590800000C2E0700000C5A0800000C5B0800000B0C8405000004000000000CFFFFFFFF110D0663
310
6F656467650C5C08000004FFFFFFFF0CFFFFFFFF0C310800000C300800000C2E0700000CCF0700000A0C3208000004000000000CFFFFFFFF110D04656467650CFFFFFFFF04FFFFFFFF0CFFFFFFFF0CD507000006F6AE0684A82409C00C5D08000006DBFC14341A2A0D400C2E0700000C5E0800000B0707756E6B6E6F776E11
310
0D06636F656467650CFFFFFFFF04FFFFFFFF0CFFFFFFFF0C2F0700000C5F0800000C600800000C610800000B0C8405000004000000000CFFFFFFFF110D06636F656467650C6208000004FFFFFFFF0CFFFFFFFF0C290800000C280800000C2F0700000CD20700000A0C2A08000004000000000CFFFFFFFF110D04656467650C
310
FFFFFFFF04FFFFFFFF0CFFFFFFFF0C6308000006A0086B55F5C905400CD4070000064855A2B25B7F0C400C2F0700000C640800000B0707756E6B6E6F776E110E0D4154545249425F435553544F4D0D066174747269620CFFFFFFFF04FFFFFFFF0CFFFFFFFF0CFFFFFFFF0C300700000711736B657463685F6174747269625F
310
646566040100000004010000000403000000070D33393120302031203020312031110D067665727465780CFFFFFFFF04FFFFFFFF0CFFFFFFFF0C3107000004000000000C65080000110D067665727465780CFFFFFFFF04FFFFFFFF0CFFFFFFFF0C3107000004010000000C66080000110E0873747261696768740D05637572
310
76650CFFFFFFFF04FFFFFFFF0CFFFFFFFF13C22A767C2E531540125054586A2702403333333333B338C014000000C06D00613D000000000000F0BF00000000000000000B0B110D06636F656467650C6708000004FFFFFFFF0CFFFFFFFF0C3B0800000C3A0800000C320700000CD80700000A0C3C08000004000000000CFFFF
310
FFFF110D04656467650CFFFFFFFF04FFFFFFFF0CFFFFFFFF0CDA0700000640FA179B7365D1BF0CDD07000006B4D87C53C085E53F0C320700000C680800000B0707756E6B6E6F776E110E0D4154545249425F435553544F4D0D066174747269620CFFFFFFFF04FFFFFFFF0CFFFFFFFF0CFFFFFFFF0C330700000711736B6574
310
63685F6174747269625F646566040100000004010000000403000000070D32393120302031203020312031110D067665727465780CFFFFFFFF04FFFFFFFF0CFFFFFFFF0CD807000004000000000C69080000110E0873747261696768740D0563757276650CFFFFFFFF04FFFFFFFF0CFFFFFFFF1319EAEA295A98FEBFC820D6
310
773134FB3F3333333333B338C014000000000000F03FC4F73B0BAA04613D00000000000000800B0B110E0D4154545249425F435553544F4D0D066174747269620CFFFFFFFF04FFFFFFFF0CFFFFFFFF0CFFFFFFFF0C350700000711736B657463685F6174747269625F646566040100000004010000000403000000070D3238
310
3720302031203020312031110D067665727465780CFFFFFFFF04FFFFFFFF0CFFFFFFFF0C3607000004000000000C6A080000110E0873747261696768740D0563757276650CFFFFFFFF04FFFFFFFF0CFFFFFFFF1307BBE6184BD1FABFBE6FA3CEE82FE83F3333333333B338C014000000000000F0BF000000C06D0061BD0000
310
0000000000000B0B110D05706F696E740CFFFFFFFF04FFFFFFFF0CFFFFFFFF1317E0C91A66F506C0765BA3CEE82FE83F3333333333B338C0110D05706F696E740CFFFFFFFF04FFFFFFFF0CFFFFFFFF131BE4C91A66F506C0A318D6773134FB3F3333333333B338C0110E0D4154545249425F435553544F4D0D066174747269
310
620CFFFFFFFF04FFFFFFFF0CFFFFFFFF0CFFFFFFFF0C3B0700000711736B657463685F6174747269625F646566040100000004010000000403000000070D32313720302031203020312031110E0873747261696768740D0563757276650CFFFFFFFF04FFFFFFFF0CFFFFFFFF1374244E5716A817C04A001091D4DAF63F3333
310
333333B338C014C45DF5937CEF603D000000000000F0BF00000000000000000B0B110D05706F696E740CFFFFFFFF04FFFFFFFF0CFFFFFFFF1308254E5716A817C0C3FED5773134FB3F3433333333B338C0110D05706F696E740CFFFFFFFF04FFFFFFFF0CFFFFFFFF1308234E5716A817C0B227A3CEE82FE83F3433333333B3
310
38C0110E0873747261696768740D0563757276650CFFFFFFFF04FFFFFFFF0CFFFFFFFF13D841B76F03BFE9BF7E36C6ADC132F1BF1F85EB51B81E39C014403333333333D3BFC80830E6FF7F26B900000000000000000A0699AAAAAAAAAAEA3C0A06000000000000F03F110D046C6F6F700CFFFFFFFF04FFFFFFFF0CFFFFFFFF
310
0C6B0800000CEE0700000C3E000000110E0D4154545249425F435553544F4D0D066174747269620CFFFFFFFF04FFFFFFFF0CFFFFFFFF0CFFFFFFFF0C4C070000071667656E657269635F7461675F6174747269625F6465660403000000040300000004FFFFFFFF071767656E657269635F7461675F6174747269625F646566
310
20040100000004020000000702313404000000000401000000044E0100000400000000110D04666163650C6C08000004FFFFFFFF0CFFFFFFFF0C6D0800000C6E0800000C060000000CFFFFFFFF0C6F0800000A0B110D046C6F6F700CFFFFFFFF04FFFFFFFF0CFFFFFFFF0C700800000C710800000C4C070000110E04636F6E
310
650D07737572666163650CFFFFFFFF04FFFFFFFF0CFFFFFFFF13F7634F280885FA3FE45D63820C50E9BF3333333333B338C014000000000000C03C0000000000000000000000000000F0BF1472C8E2EB8A15C53F01DF653A7467363D72C8E2EB8A15953C06000000000000F03F0B0B06000000000000000006000000000000
310
F03F0672C8E2EB8A15C53F0B0B0B0B0B110D046C6F6F700CFFFFFFFF04FFFFFFFF0CFFFFFFFF0CFFFFFFFF0C720800000C8D060000110D06636F656467650CFFFFFFFF04FFFFFFFF0CFFFFFFFF0CEC0700000CEC0700000C730800000C740800000A0C4D07000004000000000CFFFFFFFF110D06636F656467650C75080000
310
04FFFFFFFF0CFFFFFFFF0CED0700000CED0700000C760800000C770800000A0C4F07000004000000000CFFFFFFFF110D06636F656467650CFFFFFFFF04FFFFFFFF0CFFFFFFFF0CEE0700000CEE0700000C500700000CEF0700000B0CE607000004000000000CFFFFFFFF110D04656467650CFFFFFFFF04FFFFFFFF0CFFFFFF
310
FF0C7808000006182D4454FB2109C00C7808000006182D4454FB2109400CEE0700000C790800000B0707756E6B6E6F776E110E0D4154545249425F435553544F4D0D066174747269620CFFFFFFFF04FFFFFFFF0CFFFFFFFF0CFFFFFFFF0C510700000711736B657463685F6174747269625F64656604010000000401000000
310
0403000000070D31363720302031203020312031110D06636F656467650CFFFFFFFF04FFFFFFFF0CFFFFFFFF0CF10700000CF10700000C510700000CF20700000B0C7A08000004000000000CFFFFFFFF110D04656467650C7B08000004FFFFFFFF0CFFFFFFFF0C7C08000006192D4454FB2109C00C7C08000006172D4454FB
310
2109400CF10700000C7D0800000B0707756E6B6E6F776E110D067665727465780CFFFFFFFF04FFFFFFFF0CFFFFFFFF0C5307000004000000000C7E080000110E07656C6C697073650D0563757276650CFFFFFFFF04FFFFFFFF0CFFFFFFFF13C43B2DAE2E9311C0A4F60BDE700AD2BF00000000000039C01400000000000000
310
800000000000000080000000000000F03F1480C8E2EB8A15C53F10DF653A7467363D000000000000000006000000000000F03F0B0B110D046C6F6F700CFFFFFFFF04FFFFFFFF0CFFFFFFFF0C7A0800000C550700000C54000000110E0D4154545249425F435553544F4D0D066174747269620CFFFFFFFF04FFFFFFFF0CFFFF
310
FFFF0CFFFFFFFF0C56070000071667656E657269635F7461675F6174747269625F6465660403000000040300000004FFFFFFFF071767656E657269635F7461675F6174747269625F646566200401000000040400000007042D34303604000000000401000000044E0100000400000000110D067665727465780CFFFFFFFF04
310
FFFFFFFF0CFFFFFFFF0C5607000004000000000C7F080000110E07656C6C697073650D0563757276650CFFFFFFFF04FFFFFFFF0CFFFFFFFF134653C2AF629B18C070320CDE700AD2BF3333333333B338C01400000000000000800000000000000080000000000000F0BF1480C8E2EB8A15C53F10DF653A7467363D00000000
310
0000000006000000000000F03F0B0B110D05706F696E740CFFFFFFFF04FFFFFFFF0CFFFFFFFF138A6921070F4419C00A380CDE700AD2BF00000000000039C0110D05706F696E740CFFFFFFFF04FFFFFFFF0CFFFFFFFF13FEE2CDAF2C1120C068720CDE700AD2BF3433333333B338C0110E0D4154545249425F435553544F4D
310
0D066174747269620CFFFFFFFF04FFFFFFFF0CFFFFFFFF0CFFFFFFFF0C5F0700000711736B657463685F6174747269625F646566040100000004010000000403000000070D32393520302031203020312031110D06636F656467650CFFFFFFFF04FFFFFFFF0CFFFFFFFF0CFC0700000CFC0700000C5F0700000CFD0700000B
310
0C8008000004000000000CFFFFFFFF110D04656467650C8108000004FFFFFFFF0CFFFFFFFF0C8208000006182D4454FB2109C00C8208000006182D4454FB2109400CFC0700000C830800000B0707756E6B6E6F776E110D067665727465780CFFFFFFFF04FFFFFFFF0CFFFFFFFF0C6107000004000000000C84080000110E07
310
656C6C697073650D0563757276650CFFFFFFFF04FFFFFFFF0CFFFFFFFF136A80FFDB870A1CC042F163820C50E9BF00000000000039C01400000000000000800000000000000080000000000000F03F1480C8E2EB8A15C53F10DF653A7467363D000000000000000006000000000000F03F0B0B110D046C6F6F700CFFFFFFFF
310
04FFFFFFFF0CFFFFFFFF0C800800000C630700000C54000000110E0D4154545249425F435553544F4D0D066174747269620CFFFFFFFF04FFFFFFFF0CFFFFFFFF0CFFFFFFFF0C64070000071667656E657269635F7461675F6174747269625F6465660403000000040300000004FFFFFFFF071767656E657269635F7461675F
310
6174747269625F646566200401000000040400000007042D31373304000000000401000000044E0100000400000000110D067665727465780CFFFFFFFF04FFFFFFFF0CFFFFFFFF0C6407000004000000000C85080000110E07656C6C697073650D0563757276650CFFFFFFFF04FFFFFFFF0CFFFFFFFF13E6686ADA530215C0
310
5FD363820C50E9BF3333333333B338C01400000000000000800000000000000080000000000000F0BF1480C8E2EB8A15C53F10DF653A7467363D000000000000000006000000000000F03F0B0B110D05706F696E740CFFFFFFFF04FFFFFFFF0CFFFFFFFF132A7FC93100AB15C02CD663820C50E9BF00000000000039C0110D
310
05706F696E740CFFFFFFFF04FFFFFFFF0CFFFFFFFF1397479EB26B990DC010DF0BDE700AD2BF3333333333B338C0110D06636F656467650CFFFFFFFF04FFFFFFFF0CFFFFFFFF0C790700000C7F0700000C780700000C070800000A0C8607000004000000000CFFFFFFFF110D04656467650CFFFFFFFF04FFFFFFFF0CFFFFFF
310
FF0C7B07000006EC2C4454FB21E9BF0C81070000063C2B4454FB21E93F0C780700000C860800000B0707756E6B6E6F776E110E0873747261696768740D0563757276650CFFFFFFFF04FFFFFFFF0CFFFFFFFF13C86DA8844EACF1BF0B472D81D81A0B401F85EB51B81E39C0144D3333333333D33FD70830E6FF7F2639000000
310
00000000000A0600000000000000000A06EAFFFFFFFFFFEF3F110D05706F696E740CFFFFFFFF04FFFFFFFF0CFFFFFFFF13F041B76F03BFE9BF0B472D81D81A0B401F85EB51B81E39C0110E0D4154545249425F435553544F4D0D066174747269620CFFFFFFFF04FFFFFFFF0CFFFFFFFF0CFFFFFFFF0C7D070000071667656E
310
657269635F7461675F6174747269625F6465660403000000040300000004FFFFFFFF071767656E657269635F7461675F6174747269625F64656620040100000004000000000700040000000004050000000442010000044401000004460100000448010000044B0100000400000000110E0873747261696768740D05637572
310
76650CFFFFFFFF04FFFFFFFF0CFFFFFFFF13C00E843CD08BE6BFD913FA4DA5E70B401F85EB51B81E39C014070000000000E0BFA25C7DEAFFBF32B900000000000000000A06F2FFFFFFFFFFDFBC0A06010000000000F03F110D05706F696E740CFFFFFFFF04FFFFFFFF0CFFFFFFFF13B80E843CD08BE6BFD913FA4DA5E70B40
310
1F85EB51B81E39C0110E0D4154545249425F435553544F4D0D066174747269620CFFFFFFFF04FFFFFFFF0CFFFFFFFF0CFFFFFFFF0C83070000071667656E657269635F7461675F6174747269625F6465660403000000040300000004FFFFFFFF071767656E657269635F7461675F6174747269625F64656620040100000004
310
000000000700040000000004050000000442010000044401000004460100000448010000044B0100000400000000110E0D4154545249425F435553544F4D0D066174747269620C8708000004FFFFFFFF0CFFFFFFFF0CFFFFFFFF0C84070000071667656E657269635F7461675F6174747269625F6465660403000000040300
310
000004FFFFFFFF071767656E657269635F7461675F6174747269625F6465662004010000000402000000070231370400000000040100000004C2FEFFFF0400000000110E05706C616E650D07737572666163650CFFFFFFFF04FFFFFFFF0CFFFFFFFF136407421EE845F1BF79AD93E73E810B401F85EB51B81E39C014000000
310
00000000000000000000000000000000000000F03F149A9999999999B93FF66095DDFFFF0D3900000000000000000B0B0B0B0B110E0873747261696768740D0563757276650CFFFFFFFF04FFFFFFFF0CFFFFFFFF132C7E6FF885AE1B40D100F9DE9B8D0E4058C4B247ACA838C0140000000000802FC02767D3EAFF7482B900
310
000000000000000A0600000000000000000A06010000000000F03F110E0D4154545249425F435553544F4D0D066174747269620CFFFFFFFF04FFFFFFFF0CFFFFFFFF0CFFFFFFFF0C99070000071667656E657269635F7461675F6174747269625F6465660403000000040300000004FFFFFFFF071767656E657269635F7461
310
675F6174747269625F64656620040100000004020000000702373904000000000401000000044E0100000400000000110D04666163650C8808000004FFFFFFFF0CFFFFFFFF0C420800000C3C0800000C060000000CFFFFFFFF0C890800000A0B110E05706C616E650D07737572666163650CFFFFFFFF04FFFFFFFF0CFFFFFF
310
FF1308234E5716A817C0B227A3CEE82FE83F3433333333B338C014000000C06D00613D000000000000F0BF000000000000000014000000000000F0BF000000C06D0061BD774D6BFFFF2FB2BC0B0B0B0B0B110D046C6F6F700CFFFFFFFF04FFFFFFFF0CFFFFFFFF0C8A0800000C8B0800000C3E000000110D06636F65646765
310
0CFFFFFFFF04FFFFFFFF0CFFFFFFFF0C8C0800000C8D0800000C8E0800000C8F0800000B0C9D07000004000000000CFFFFFFFF110D06636F656467650CFFFFFFFF04FFFFFFFF0CFFFFFFFF0C900800000C9E0700000C910800000C920800000B0C0C07000004000000000CFFFFFFFF110D06636F656467650CFFFFFFFF04FF
310
FFFFFF0CFFFFFFFF0C9E0700000C900800000C930800000C940800000B0C0C07000004000000000CFFFFFFFF110D06636F656467650CFFFFFFFF04FFFFFFFF0CFFFFFFFF0C950800000C960800000C9E0700000C190800000A0C9708000004000000000CFFFFFFFF110D04656467650CFFFFFFFF04FFFFFFFF0CFFFFFFFF0C
310
980800000664E6665AEB30D63F0C990800000683241EE777A8F43F0C9E0700000C9A0800000B0707756E6B6E6F776E110D06636F656467650CFFFFFFFF04FFFFFFFF0CFFFFFFFF0CA00700000C9F0700000C9B0800000C9C0800000B0C5406000004000000000CFFFFFFFF110D06636F656467650CFFFFFFFF04FFFFFFFF0C
310
FFFFFFFF0C9D0800000C9E0800000C9F0700000C1C0800000A0C9F08000004000000000CFFFFFFFF110D04656467650CFFFFFFFF04FFFFFFFF0CFFFFFFFF0C23080000061D13BB937AA603400CA008000006273ABFA4896D07400C9F0700000CA10800000B0707756E6B6E6F776E110D06636F656467650CFFFFFFFF04FFFF
310
FFFF0CFFFFFFFF0CA20800000CA30800000CA00700000C1E0800000A0CA408000004000000000CFFFFFFFF110D04656467650CFFFFFFFF04FFFFFFFF0CFFFFFFFF0CA508000006AB4D412D115109C00C2208000006A1263D1C028A05C00CA00700000CA60800000B0707756E6B6E6F776E110D06636F656467650CFFFFFFFF
310
04FFFFFFFF0CFFFFFFFF0CCB0700000CA10700000CA30800000CA70800000A0C2108000004000000000CFFFFFFFF110D06636F656467650CFFFFFFFF04FFFFFFFF0CFFFFFFFF0CA10700000CCB0700000C9D0800000CA80800000B0C2108000004000000000CFFFFFFFF110D046C6F6F700CFFFFFFFF04FFFFFFFF0CFFFFFF
310
FF0CFFFFFFFF0CA10700000CA9080000110D067665727465780CFFFFFFFF04FFFFFFFF0CFFFFFFFF0CA207000004000000000CAA080000110D067665727465780CFFFFFFFF04FFFFFFFF0CFFFFFFFF0CA207000004010000000CAB080000110E0873747261696768740D0563757276650CFFFFFFFF04FFFFFFFF0CFFFFFFFF
310
13904A407089280EC050E537273660004000000000000039C0141E510556E608613D000000000000F0BF00000000000000000B0B110D06636F656467650CFFFFFFFF04FFFFFFFF0CFFFFFFFF0CAC0800000CA30700000CAD0800000CAE0800000B0C7705000004000000000CFFFFFFFF110D06636F656467650CFFFFFFFF04
310
FFFFFFFF0CFFFFFFFF0CAF0800000CB00800000CA30700000C270800000A0CB108000004000000000CFFFFFFFF110D04656467650CFFFFFFFF04FFFFFFFF0CFFFFFFFF0C2B0800000608F07F69267CD6BF0CB208000006C8659D63F0AED33F0CA30700000CB30800000B0707756E6B6E6F776E110D06636F656467650CFFFF
310
FFFF04FFFFFFFF0CFFFFFFFF0CD10700000CA40700000CAA0700000C360800000A0C2A08000004000000000CFFFFFFFF110D06636F656467650CFFFFFFFF04FFFFFFFF0CFFFFFFFF0CA40700000CD10700000CAF0800000CB40800000B0C2A08000004000000000CFFFFFFFF110D046C6F6F700CFFFFFFFF04FFFFFFFF0CFF
310
FFFFFF0CFFFFFFFF0CA40700000CB5080000110D067665727465780CFFFFFFFF04FFFFFFFF0CFFFFFFFF0CA507000004010000000CB6080000110E0873747261696768740D0563757276650CFFFFFFFF04FFFFFFFF0CFFFFFFFF13AECC8286CBA502C0FA4E83DB180E0B4000000000000039C014000000000000F0BFAC9C2D
310
A1A8FB60BD00000000000000800B0B110D06636F656467650CFFFFFFFF04FFFFFFFF0CFFFFFFFF0CA60700000CB70800000CB80800000CB90800000B0C7705000004000000000CFFFFFFFF110D06636F656467650CFFFFFFFF04FFFFFFFF0CFFFFFFFF0CBA0800000CBB0800000CA60700000C2F0800000A0CBC0800000400
310
0000000CFFFFFFFF110D04656467650CFFFFFFFF04FFFFFFFF0CFFFFFFFF0CBD080000068085DDBF5151A0BF0C3308000006203E9B7F05B4E43F0CA60700000CBE0800000B0707756E6B6E6F776E110D06636F656467650CFFFFFFFF04FFFFFFFF0CFFFFFFFF0CCE0700000CA70700000CBB0800000CBF0800000A0C320800
310
0004000000000CFFFFFFFF110D06636F656467650CFFFFFFFF04FFFFFFFF0CFFFFFFFF0CA70700000CCE0700000CA90700000C350800000B0C3208000004000000000CFFFFFFFF110D046C6F6F700CFFFFFFFF04FFFFFFFF0CFFFFFFFF0CFFFFFFFF0CA70700000CC0080000110D067665727465780CFFFFFFFF04FFFFFFFF
310
0CFFFFFFFF0C2F08000004010000000CC1080000110E0873747261696768740D0563757276650CFFFFFFFF04FFFFFFFF0CFFFFFFFF135441CEAF3096FEBF6260F95A6F5A004000000000000039C014000000000000F03F5B6FEE532200613D00000000000000000B0B110D04656467650CFFFFFFFF04FFFFFFFF0CFFFFFFFF
310
0CD50700000600000000000000000CAC07000006403333333333D33F0C310800000CC20800000B0707756E6B6E6F776E110D04656467650CFFFFFFFF04FFFFFFFF0CFFFFFFFF0CD40700000600000000000000000CAD07000006403333333333D33F0C280800000CC30800000B0707756E6B6E6F776E110D04666163650CC4
310
08000004FFFFFFFF0CFFFFFFFF0CB50800000CAB0700000C060000000CFFFFFFFF0CC50800000A0B110D05706F696E740CFFFFFFFF04FFFFFFFF0CFFFFFFFF133C2B767C2E5315402A7FF95A6F5A004000000000000039C0110D05706F696E740CFFFFFFFF04FFFFFFFF0CFFFFFFFF136428767C2E531540846F83DB180E0B
310
4000000000000039C0110D06636F656467650CFFFFFFFF04FFFFFFFF0CFFFFFFFF0CD70700000CAF0700000CB20700000C3E0800000A0C3C08000004000000000CFFFFFFFF110D06636F656467650CFFFFFFFF04FFFFFFFF0CFFFFFFFF0CAF0700000CD70700000CB60700000C410800000B0C3C08000004000000000CFFFF
310
FFFF110D046C6F6F700CFFFFFFFF04FFFFFFFF0CFFFFFFFF0CFFFFFFFF0CAF0700000C12080000110E0873747261696768740D0563757276650CFFFFFFFF04FFFFFFFF0CFFFFFFFF138DC0C509572E03C0E105596B4527044000000000000039C0141E510556E60861BD000000000000F03F00000000000000000B0B110D04
310
656467650CFFFFFFFF04FFFFFFFF0CFFFFFFFF0CDD0700000600000000000000000CB407000006403333333333D33F0C3A0800000CC60800000B0707756E6B6E6F776E110D04666163650CC708000004FFFFFFFF0CFFFFFFFF0CC80800000CB30700000C060000000CFFFFFFFF0CC90800000A0B110D05706F696E740CFFFF
310
FFFF04FFFFFFFF0CFFFFFFFF130DB9C509572E03C07A63A3CEE82FE83F00000000000039C0110D04656467650CFFFFFFFF04FFFFFFFF0CFFFFFFFF0CDA0700000600000000000000000CB907000006403333333333D33F0CB60700000CCA0800000B0707756E6B6E6F776E110D04666163650CCB08000004FFFFFFFF0CFFFF
310
FFFF0CBD0700000CB80700000C060000000CFFFFFFFF0CCC0800000A0B110D05706F696E740CFFFFFFFF04FFFFFFFF0CFFFFFFFF1311BDC509572E03C0A71CD6773134FB3F00000000000039C0110E0873747261696768740D0563757276650CFFFFFFFF04FFFFFFFF0CFFFFFFFF131BE4C91A66F506C0A318D6773134FB3F
310
3333333333B338C01400000000000000000000000000000000000000000000F0BF0B0B110E0873747261696768740D0563757276650CFFFFFFFF04FFFFFFFF0CFFFFFFFF1317E0C91A66F506C0765BA3CEE82FE83F3333333333B338C01400000000000000000000000000000000000000000000F0BF0B0B110E0D41545452
310
49425F435553544F4D0D066174747269620CFFFFFFFF04FFFFFFFF0CFFFFFFFF0CFFFFFFFF0CBD070000071667656E657269635F7461675F6174747269625F6465660403000000040300000004FFFFFFFF071767656E657269635F7461675F6174747269625F64656620040100000004020000000702373204000000000401
310
000000044E0100000400000000110E05706C616E650D07737572666163650CFFFFFFFF04FFFFFFFF0CFFFFFFFF1317E0C91A66F506C0765BA3CEE82FE83F3333333333B338C014000000000000F0BF1E510556E60861BD0000000000000080141E510556E60861BD000000000000F03F54A7E4FEFFFF7FBC0B0B0B0B0B110E
310
0873747261696768740D0563757276650CFFFFFFFF04FFFFFFFF0CFFFFFFFF1308234E5716A817C0B227A3CEE82FE83F3433333333B338C01400000000000000000000000000000000000000000000F0BF0B0B110E0873747261696768740D0563757276650CFFFFFFFF04FFFFFFFF0CFFFFFFFF1308254E5716A817C0C3FE
310
D5773134FB3F3433333333B338C01400000000000000000000000000000000000000000000F0BF0B0B110D046C6F6F700CFFFFFFFF04FFFFFFFF0CFFFFFFFF0CCD0800000CCE0800000C54000000110D06636F656467650CFFFFFFFF04FFFFFFFF0CFFFFFFFF0CCF0800000CD00800000CD10800000CD20800000B0CC70700
310
0004000000000CFFFFFFFF110D06636F656467650CFFFFFFFF04FFFFFFFF0CFFFFFFFF0CD30800000CC80700000CD40800000CD50800000B0C2C07000004000000000CFFFFFFFF110D06636F656467650CFFFFFFFF04FFFFFFFF0CFFFFFFFF0CC80700000CD30800000CD60800000CD70800000B0C2C07000004000000000C
310
FFFFFFFF110D06636F656467650CD808000004FFFFFFFF0CFFFFFFFF0C960800000C950800000CC80700000C4F0800000A0C9708000004000000000CFFFFFFFF110D04656467650CFFFFFFFF04FFFFFFFF0CFFFFFFFF0CD90800000640B7E10B0DA6C9BF0CDA08000006046810DEF6CEE73F0CC80700000CDB0800000B0707
310
756E6B6E6F776E110D06636F656467650CFFFFFFFF04FFFFFFFF0CFFFFFFFF0CCA0700000CC90700000CDC0800000CDD0800000B0C6A06000004000000000CFFFFFFFF110D06636F656467650CDE08000004FFFFFFFF0CFFFFFFFF0CA30800000CA20800000CC90700000C520800000A0CA408000004000000000CFFFFFFFF
310
110D04656467650CFFFFFFFF04FFFFFFFF0CFFFFFFFF0C570800000616431F619585F6BF0CDF0800000604EA2D7EEEEEEDBF0CC90700000CE00800000B0707756E6B6E6F776E110D06636F656467650CE108000004FFFFFFFF0CFFFFFFFF0C9E0800000C9D0800000CCA0700000C540800000A0C9F08000004000000000CFF
310
FFFFFF110D04656467650CFFFFFFFF04FFFFFFFF0CFFFFFFFF0CE2080000060A1C1B5086BEF23F0C56080000061E6A2372A44CFA3F0CCA0700000CE30800000B0707756E6B6E6F776E110E0D4154545249425F435553544F4D0D066174747269620CFFFFFFFF04FFFFFFFF0CFFFFFFFF0CFFFFFFFF0CCB0700000711736B65
310
7463685F6174747269625F646566040100000004010000000403000000070D31363120302031203020312031110D067665727465780CFFFFFFFF04FFFFFFFF0CFFFFFFFF0CCC07000004000000000CE4080000110D067665727465780CFFFFFFFF04FFFFFFFF0CFFFFFFFF0CCC07000004010000000CE5080000110E087374
310
7261696768740D0563757276650CFFFFFFFF04FFFFFFFF0CFFFFFFFF13E945407089280EC0EBB99B116C99EE3F3333333333B338C0141E510556E60861BD000000000000F03F00000000000000000B0B110D06636F656467650CFFFFFFFF04FFFFFFFF0CFFFFFFFF0CE60800000CCD0700000CE70800000CE80800000B0C84
310
05000004000000000CFFFFFFFF110D06636F656467650CE908000004FFFFFFFF0CFFFFFFFF0CBB0800000CBA0800000CCD0700000C5B0800000A0CBC08000004000000000CFFFFFFFF110D04656467650CFFFFFFFF04FFFFFFFF0CFFFFFFFF0C5D08000006283A5117CE66DC3F0CEA08000006C6D9A0D340F6F13F0CCD0700
310
000CEB0800000B0707756E6B6E6F776E110E0D4154545249425F435553544F4D0D066174747269620CFFFFFFFF04FFFFFFFF0CFFFFFFFF0CFFFFFFFF0CCE0700000711736B657463685F6174747269625F646566040100000004010000000403000000070D33393320302031203020312031110D067665727465780CFFFFFF
310
FF04FFFFFFFF0CFFFFFFFF0C5B08000004000000000CEC080000110E0873747261696768740D0563757276650CFFFFFFFF04FFFFFFFF0CFFFFFFFF1382A7E574B4810140CE71F95A6F5A00403333333333B338C014000000000000F0BF5B6FEE53220061BD00000000000000000B0B110D06636F656467650CFFFFFFFF04FF
310
FFFFFF0CFFFFFFFF0CD00700000CED0800000CEE0800000CEF0800000B0C8405000004000000000CFFFFFFFF110D06636F656467650CF008000004FFFFFFFF0CFFFFFFFF0CB00800000CAF0800000CD00700000C610800000A0CB108000004000000000CFFFFFFFF110D04656467650CFFFFFFFF04FFFFFFFF0CFFFFFFFF0C
310
F10800000650287559F40FE93F0C63080000069CE901E0BF12F73F0CD00700000CF20800000B0707756E6B6E6F776E110E0D4154545249425F435553544F4D0D066174747269620CFFFFFFFF04FFFFFFFF0CFFFFFFFF0CFFFFFFFF0CD10700000711736B657463685F6174747269625F646566040100000004010000000403
310
000000070D33383920302031203020312031110D067665727465780CFFFFFFFF04FFFFFFFF0CFFFFFFFF0CD207000004000000000CF3080000110E0873747261696768740D0563757276650CFFFFFFFF04FFFFFFFF0CFFFFFFFF13FFF6938C024EFC3F626083DB180E0B403333333333B338C014000000000000F03FAC9C2D
310
A1A8FB603D00000000000000800B0B110D05706F696E740CFFFFFFFF04FFFFFFFF0CFFFFFFFF136428767C2E531540846F83DB180E0B403333333333B338C0110D05706F696E740CFFFFFFFF04FFFFFFFF0CFFFFFFFF133C2B767C2E5315402A7FF95A6F5A00403333333333B338C0110E0D4154545249425F435553544F4D
310
0D066174747269620CFFFFFFFF04FFFFFFFF0CFFFFFFFF0CFFFFFFFF0CD70700000711736B657463685F6174747269625F646566040100000004010000000403000000070D32393220302031203020312031110E0873747261696768740D0563757276650CFFFFFFFF04FFFFFFFF0CFFFFFFFF13E9BBC509572E03C0171E10
310
91D4DAF63F3333333333B338C0141E510556E608613D000000000000F0BF00000000000000000B0B110D05706F696E740CFFFFFFFF04FFFFFFFF0CFFFFFFFF1311BDC509572E03C0A71CD6773134FB3F3333333333B338C0110D05706F696E740CFFFFFFFF04FFFFFFFF0CFFFFFFFF130DB9C509572E03C07A63A3CEE82FE8
310
3F3333333333B338C0110D046C6F6F700CFFFFFFFF04FFFFFFFF0CFFFFFFFF0CF40800000C730800000C3E000000110E0D4154545249425F435553544F4D0D066174747269620CFFFFFFFF04FFFFFFFF0CFFFFFFFF0CFFFFFFFF0CE8070000071667656E657269635F7461675F6174747269625F6465660403000000040300
310
000004FFFFFFFF071767656E657269635F7461675F6174747269625F64656620040100000004020000000702313604000000000401000000044E0100000400000000110D04666163650CF508000004FFFFFFFF0CFFFFFFFF0CF60800000CF70800000C060000000CFFFFFFFF0CF80800000A0B110D046C6F6F700CFFFFFFFF
310
04FFFFFFFF0CFFFFFFFF0CF90800000CFA0800000CE8070000110E04636F6E650D07737572666163650CFFFFFFFF04FFFFFFFF0CFFFFFFFF13460CA26CCE200440B00B0BDE700AD2BF3333333333B338C01400000000000000000000000000000000000000000000F0BF1472C8E2EB8A15C53F01DF653A7467363D00000000
310
0000000006000000000000F03F0B0B06000000000000000006000000000000F03F0672C8E2EB8A15C53F0B0B0B0B0B110D046C6F6F700CFFFFFFFF04FFFFFFFF0CFFFFFFFF0CFFFFFFFF0CFB0800000C4C070000110D06636F656467650CFFFFFFFF04FFFFFFFF0CFFFFFFFF0C710800000C710800000CFC0800000CFD0800
310
000A0CE907000004000000000CFFFFFFFF110D06636F656467650CFE08000004FFFFFFFF0CFFFFFFFF0C720800000C720800000CFF0800000C000900000A0CEB07000004000000000CFFFFFFFF110D06636F656467650CFFFFFFFF04FFFFFFFF0CFFFFFFFF0C730800000C730800000CEC0700000C740800000B0C6B080000
310
04000000000CFFFFFFFF110D04656467650CFFFFFFFF04FFFFFFFF0CFFFFFFFF0C0109000006182D4454FB2109C00C0109000006182D4454FB2109400C730800000C020900000B0707756E6B6E6F776E110E0D4154545249425F435553544F4D0D066174747269620CFFFFFFFF04FFFFFFFF0CFFFFFFFF0CFFFFFFFF0CED07
310
00000711736B657463685F6174747269625F646566040100000004010000000403000000070D34303920302031203020312031110D06636F656467650CFFFFFFFF04FFFFFFFF0CFFFFFFFF0C760800000C760800000CED0700000C770800000B0C0309000004000000000CFFFFFFFF110D04656467650C0409000004FFFFFF
310
FF0CFFFFFFFF0C0509000006172D4454FB2109C00C0509000006192D4454FB2109400C760800000C060900000B0707756E6B6E6F776E110D067665727465780CFFFFFFFF04FFFFFFFF0CFFFFFFFF0CEF07000004000000000C07090000110E07656C6C697073650D0563757276650CFFFFFFFF04FFFFFFFF0CFFFFFFFF1373
310
1E3CA6EF1405C0DCBA0BDE700AD2BF00000000000039C01400000000000000800000000000000080000000000000F03F1480C8E2EB8A15C53F10DF653A7467363D000000000000000006000000000000F03F0B0B110D046C6F6F700CFFFFFFFF04FFFFFFFF0CFFFFFFFF0C030900000CF10700000C54000000110E0D415454
310
5249425F435553544F4D0D066174747269620CFFFFFFFF04FFFFFFFF0CFFFFFFFF0CFFFFFFFF0CF2070000071667656E657269635F7461675F6174747269625F6465660403000000040300000004FFFFFFFF071767656E657269635F7461675F6174747269625F646566200401000000040400000007042D31363704000000
310
000401000000044E0100000400000000110D067665727465780CFFFFFFFF04FFFFFFFF0CFFFFFFFF0CF207000004000000000C08090000110E07656C6C697073650D0563757276650CFFFFFFFF04FFFFFFFF0CFFFFFFFF13C43B2DAE2E9311C0A4F60BDE700AD2BF3333333333B338C0140000000000000080000000000000
310
0080000000000000F0BF1480C8E2EB8A15C53F10DF653A7467363D000000000000000006000000000000F03F0B0B110D05706F696E740CFFFFFFFF04FFFFFFFF0CFFFFFFFF1308528C05DB3B12C03EFC0BDE700AD2BF00000000000039C0110D05706F696E740CFFFFFFFF04FFFFFFFF0CFFFFFFFF13886921070F4419C008
310
380CDE700AD2BF3433333333B338C0110D046C6F6F700CFFFFFFFF04FFFFFFFF0CFFFFFFFF0C590700000CFC0700000C54000000110E0D4154545249425F435553544F4D0D066174747269620CFFFFFFFF04FFFFFFFF0CFFFFFFFF0CFFFFFFFF0CFD070000071667656E657269635F7461675F6174747269625F6465660403
310
000000040300000004FFFFFFFF071767656E657269635F7461675F6174747269625F646566200401000000040400000007042D32393504000000000401000000044E0100000400000000110D067665727465780CFFFFFFFF04FFFFFFFF0CFFFFFFFF0CFD07000004000000000C09090000110E07656C6C697073650D056375
310
7276650CFFFFFFFF04FFFFFFFF0CFFFFFFFF136A80FFDB870A1CC042F163820C50E9BF3333333333B338C01400000000000000800000000000000080000000000000F0BF1480C8E2EB8A15C53F10DF653A7467363D000000000000000006000000000000F03F0B0B110D05706F696E740CFFFFFFFF04FFFFFFFF0CFFFFFFFF
310
13AE965E3334B31CC00FF463820C50E9BF00000000000039C0110D05706F696E740CFFFFFFFF04FFFFFFFF0CFFFFFFFF132A7FC93100AB15C02DD663820C50E9BF3433333333B338C0110E07656C6C697073650D0563757276650CFFFFFFFF04FFFFFFFF0CFFFFFFFF13F041B76F03BFE9BFE513FA4DA5E70B401F85EB51B8
310
1E39C01400000000000000000000000000000000000000000000F03F14F162FF51181AB23F2363FF51181AB2BF000000000000000006000000000000F03F0A06EC2C4454FB21E9BF0A063C2B4454FB21E93F110E0D4154545249425F435553544F4D0D066174747269620CFFFFFFFF04FFFFFFFF0CFFFFFFFF0CFFFFFFFF0C
310
0E080000071667656E657269635F7461675F6174747269625F6465660403000000040300000004FFFFFFFF071767656E657269635F7461675F6174747269625F64656620040100000004000000000700040000000004050000000442010000044401000004460100000448010000044B0100000400000000110E0D41545452
310
49425F435553544F4D0D066174747269620CFFFFFFFF04FFFFFFFF0CFFFFFFFF0CFFFFFFFF0C12080000071667656E657269635F7461675F6174747269625F6465660403000000040300000004FFFFFFFF071767656E657269635F7461675F6174747269625F64656620040100000004020000000702373004000000000401
310
000000044E0100000400000000110E05706C616E650D07737572666163650CFFFFFFFF04FFFFFFFF0CFFFFFFFF1311BDC509572E03C0A71CD6773134FB3F3333333333B338C014000000000000F03F1E510556E608613D0000000000000000141E510556E608613D000000000000F0BF54A7E4FEFFFF7F3C0B0B0B0B0B110D
310
046C6F6F700CFFFFFFFF04FFFFFFFF0CFFFFFFFF0C0A0900000C0B0900000C3E000000110D06636F656467650CFFFFFFFF04FFFFFFFF0CFFFFFFFF0C0C0900000C0D0900000C0E0900000C0F0900000B0C1408000004000000000CFFFFFFFF110D06636F656467650CFFFFFFFF04FFFFFFFF0CFFFFFFFF0C100900000C1508
310
00000C110900000C120900000B0C9D07000004000000000CFFFFFFFF110D06636F656467650CFFFFFFFF04FFFFFFFF0CFFFFFFFF0C150800000C100900000C130900000C140900000B0C9D07000004000000000CFFFFFFFF110D06636F656467650CFFFFFFFF04FFFFFFFF0CFFFFFFFF0C150900000C160900000C15080000
310
0C8F0800000A0C1709000004000000000CFFFFFFFF110D04656467650CFFFFFFFF04FFFFFFFF0CFFFFFFFF0C18090000065CE6665AEB30D63F0C19090000067F241EE777A8F43F0C150800000C1A0900000B0707756E6B6E6F776E110D06636F656467650CFFFFFFFF04FFFFFFFF0CFFFFFFFF0C170800000C160800000C1B
310
0900000C1C0900000B0C0C07000004000000000CFFFFFFFF110D06636F656467650CFFFFFFFF04FFFFFFFF0CFFFFFFFF0C1D0900000C1E0900000C160800000C920800000A0C1F09000004000000000CFFFFFFFF110D04656467650CFFFFFFFF04FFFFFFFF0CFFFFFFFF0C9908000006E06AA75BF0FFE63F0C200900000688
310
03DC4F160EF33F0C160800000C210900000B0707756E6B6E6F776E110D06636F656467650CFFFFFFFF04FFFFFFFF0CFFFFFFFF0C220900000C230900000C170800000C940800000A0C2409000004000000000CFFFFFFFF110D04656467650CFFFFFFFF04FFFFFFFF0CFFFFFFFF0C2509000006902AE06025D5F6BF0C980800
310
0006F0B8AF7D0E8EEEBF0C170800000C260900000B0707756E6B6E6F776E110D06636F656467650CFFFFFFFF04FFFFFFFF0CFFFFFFFF0C4E0800000C180800000C230900000C270900000A0C9708000004000000000CFFFFFFFF110D06636F656467650CFFFFFFFF04FFFFFFFF0CFFFFFFFF0C180800000C4E0800000C1D09
310
00000C280900000B0C9708000004000000000CFFFFFFFF110D046C6F6F700CFFFFFFFF04FFFFFFFF0CFFFFFFFF0CFFFFFFFF0C180800000C29090000110D067665727465780CFFFFFFFF04FFFFFFFF0CFFFFFFFF0C1908000004000000000C2A090000110D067665727465780CFFFFFFFF04FFFFFFFF0CFFFFFFFF0C190800
310
0004010000000C2B090000110E0873747261696768740D0563757276650CFFFFFFFF04FFFFFFFF0CFFFFFFFF13AA5DF134C3FA1CC086D637273660004000000000000039C014000000C06D00613D000000000000F0BF00000000000000000B0B110D06636F656467650CFFFFFFFF04FFFFFFFF0CFFFFFFFF0C2C0900000C2D
310
0900000C1A0800000C9C0800000A0C2E09000004000000000CFFFFFFFF110D04656467650CFFFFFFFF04FFFFFFFF0CFFFFFFFF0CA008000006055A606F9636FCBF0CA50800000636DEB7BDB234EABF0C1A0800000C2F0900000B0707756E6B6E6F776E110D06636F656467650CFFFFFFFF04FFFFFFFF0CFFFFFFFF0C530800
310
000C1B0800000C200800000CA80800000A0C9F08000004000000000CFFFFFFFF110D06636F656467650CFFFFFFFF04FFFFFFFF0CFFFFFFFF0C1B0800000C530800000C2C0900000C300900000B0C9F08000004000000000CFFFFFFFF110D046C6F6F700CFFFFFFFF04FFFFFFFF0CFFFFFFFF0CFFFFFFFF0C1B0800000C3109
310
0000110D067665727465780CFFFFFFFF04FFFFFFFF0CFFFFFFFF0C1C08000004010000000C32090000110E0873747261696768740D0563757276650CFFFFFFFF04FFFFFFFF0CFFFFFFFF1316ACFD0182E718C06222A3CEE82FE83F00000000000039C014000000000000F03F000000C06D00613D00000000000000000B0B11
310
0D06636F656467650CFFFFFFFF04FFFFFFFF0CFFFFFFFF0C510800000C1D0800000C2D0900000C330900000A0CA408000004000000000CFFFFFFFF110D06636F656467650CFFFFFFFF04FFFFFFFF0CFFFFFFFF0C1D0800000C510800000C1F0800000CA70800000B0CA408000004000000000CFFFFFFFF110D046C6F6F700C
310
FFFFFFFF04FFFFFFFF0CFFFFFFFF0CFFFFFFFF0C1D0800000C34090000110D067665727465780CFFFFFFFF04FFFFFFFF0CFFFFFFFF0C9C08000004010000000C35090000110E0873747261696768740D0563757276650CFFFFFFFF04FFFFFFFF0CFFFFFFFF13DAB73EC645D919C012FAD5773134FB3F00000000000039C014
310
000000000000F0BFC4F73B0BAA0461BD00000000000000800B0B110D04656467650CFFFFFFFF04FFFFFFFF0CFFFFFFFF0C570800000600000000000000000C2208000006403333333333D33F0CA30800000C360900000B0707756E6B6E6F776E110D04656467650CFFFFFFFF04FFFFFFFF0CFFFFFFFF0C5608000006000000
310
00000000000C2308000006403333333333D33F0C9D0800000C370900000B0707756E6B6E6F776E110D04666163650C3809000004FFFFFFFF0CFFFFFFFF0C310900000C210800000C060000000CFFFFFFFF0C390900000A0B110D05706F696E740CFFFFFFFF04FFFFFFFF0CFFFFFFFF131349407089280EC0FB10D6773134FB
310
3F00000000000039C0110D05706F696E740CFFFFFFFF04FFFFFFFF0CFFFFFFFF130F45407089280EC0264CA3CEE82FE83F00000000000039C0110D06636F656467650CFFFFFFFF04FFFFFFFF0CFFFFFFFF0C3A0900000C250800000C3B0900000C3C0900000B0C7705000004000000000CFFFFFFFF110D06636F656467650C
310
FFFFFFFF04FFFFFFFF0CFFFFFFFF0C3D0900000C3E0900000C250800000CAE0800000A0C3F09000004000000000CFFFFFFFF110D04656467650CFFFFFFFF04FFFFFFFF0CFFFFFFFF0CB208000006359F81A8F3021DC00C40090000069931B679CE9319C00C250800000C410900000B0707756E6B6E6F776E110D06636F6564
310
67650CFFFFFFFF04FFFFFFFF0CFFFFFFFF0C600800000C260800000C290800000CB40800000A0CB108000004000000000CFFFFFFFF110D06636F656467650CFFFFFFFF04FFFFFFFF0CFFFFFFFF0C260800000C600800000C3D0900000C420900000B0CB108000004000000000CFFFFFFFF110D046C6F6F700CFFFFFFFF04FF
310
FFFFFF0CFFFFFFFF0CFFFFFFFF0C260800000C43090000110D067665727465780CFFFFFFFF04FFFFFFFF0CFFFFFFFF0C2708000004010000000C44090000110E0873747261696768740D0563757276650CFFFFFFFF04FFFFFFFF0CFFFFFFFF13D082DA4D7BF81140F16D530E943E084000000000000039C014000000C06D00
310
613D000000000000F0BF00000000000000000B0B110D04656467650CFFFFFFFF04FFFFFFFF0CFFFFFFFF0C630800000600000000000000000C2B08000006403333333333D33F0CAF0800000C450900000B0707756E6B6E6F776E110D04666163650C4609000004FFFFFFFF0CFFFFFFFF0C430900000C2A0800000C06000000
310
0CFFFFFFFF0C470900000A0B110D05706F696E740CFFFFFFFF04FFFFFFFF0CFFFFFFFF131082DA4D7BF81140F26B83DB180E0B4000000000000039C0110D06636F656467650CFFFFFFFF04FFFFFFFF0CFFFFFFFF0C2D0800000C3A0900000C480900000C490900000B0C7705000004000000000CFFFFFFFF110D06636F6564
310
67650CFFFFFFFF04FFFFFFFF0CFFFFFFFF0C4A0900000C4B0900000C2D0800000CB90800000A0C4C09000004000000000CFFFFFFFF110D04656467650CFFFFFFFF04FFFFFFFF0CFFFFFFFF0C4D090000068DE4C957E22E16C00CBD080000063AA1C5F413CA0EC00C2D0800000C4E0900000B0707756E6B6E6F776E110D0663
310
6F656467650CFFFFFFFF04FFFFFFFF0CFFFFFFFF0C5A0800000C2E0800000C4B0900000C4F0900000A0CBC08000004000000000CFFFFFFFF110D06636F656467650CFFFFFFFF04FFFFFFFF0CFFFFFFFF0C2E0800000C5A0800000C300800000CBF0800000B0CBC08000004000000000CFFFFFFFF110D046C6F6F700CFFFFFF
310
FF04FFFFFFFF0CFFFFFFFF0CFFFFFFFF0C2E0800000C50090000110D067665727465780CFFFFFFFF04FFFFFFFF0CFFFFFFFF0CB908000004010000000C51090000110E0873747261696768740D0563757276650CFFFFFFFF04FFFFFFFF0CFFFFFFFF1330B05E7ECB50F7BFD831E0BA7087054000000000000039C014000000
310
C06D00613D000000000000F0BF00000000000000000B0B110D04656467650CFFFFFFFF04FFFFFFFF0CFFFFFFFF0C5D0800000600000000000000000C3308000006403333333333D33F0C300800000C520900000B0707756E6B6E6F776E110D04666163650C5309000004FFFFFFFF0CFFFFFFFF0C370800000C320800000C06
310
0000000CFFFFFFFF0C540900000A0B110D05706F696E740CFFFFFFFF04FFFFFFFF0CFFFFFFFF13B2AA5E7ECB50F7BF5062F95A6F5A004000000000000039C0110E0873747261696768740D0563757276650CFFFFFFFF04FFFFFFFF0CFFFFFFFF133C2B767C2E5315402A7FF95A6F5A00403333333333B338C0140000000000
310
0000000000000000000000000000000000F0BF0B0B110E0873747261696768740D0563757276650CFFFFFFFF04FFFFFFFF0CFFFFFFFF136428767C2E531540846F83DB180E0B403333333333B338C01400000000000000000000000000000000000000000000F0BF0B0B110E0D4154545249425F435553544F4D0D06617474
310
7269620CFFFFFFFF04FFFFFFFF0CFFFFFFFF0CFFFFFFFF0C37080000071667656E657269635F7461675F6174747269625F6465660403000000040300000004FFFFFFFF071767656E657269635F7461675F6174747269625F64656620040100000004020000000702363404000000000401000000044E010000040000000011
310
0E05706C616E650D07737572666163650CFFFFFFFF04FFFFFFFF0CFFFFFFFF136428767C2E531540846F83DB180E0B403333333333B338C014000000000000F03F000000C06D00613D000000000000000014000000C06D00613D000000000000F0BF07A7E4FEFFFF7F3C0B0B0B0B0B110E0873747261696768740D05637572
310
76650CFFFFFFFF04FFFFFFFF0CFFFFFFFF130DB9C509572E03C07A63A3CEE82FE83F3333333333B338C01400000000000000000000000000000000000000000000F0BF0B0B110E0D4154545249425F435553544F4D0D066174747269620CFFFFFFFF04FFFFFFFF0CFFFFFFFF0CFFFFFFFF0C3F080000071667656E65726963
310
5F7461675F6174747269625F6465660403000000040300000004FFFFFFFF071767656E657269635F7461675F6174747269625F64656620040100000004020000000702373104000000000401000000044E0100000400000000110D04666163650C5509000004FFFFFFFF0CFFFFFFFF0C560900000C570900000C060000000C
310
FFFFFFFF0C580900000A0B110E05706C616E650D07737572666163650CFFFFFFFF04FFFFFFFF0CFFFFFFFF130DB9C509572E03C07A63A3CEE82FE83F3333333333B338C014000000C06D00613D000000000000F0BF000000000000000014000000000000F0BF000000C06D0061BD774D6BFFFF2FB2BC0B0B0B0B0B110E0873
310
747261696768740D0563757276650CFFFFFFFF04FFFFFFFF0CFFFFFFFF1311BDC509572E03C0A71CD6773134FB3F3333333333B338C01400000000000000000000000000000000000000000000F0BF0B0B110E0D4154545249425F435553544F4D0D066174747269620CFFFFFFFF04FFFFFFFF0CFFFFFFFF0CFFFFFFFF0C42
310
080000071667656E657269635F7461675F6174747269625F6465660403000000040300000004FFFFFFFF071767656E657269635F7461675F6174747269625F64656620040100000004020000000702363904000000000401000000044E0100000400000000110E05706C616E650D07737572666163650CFFFFFFFF04FFFFFF
310
FF0CFFFFFFFF131BE4C91A66F506C0A318D6773134FB3F3333333333B338C014C4F73B0BAA0461BD000000000000F03F000000000000000014000000000000F03FC4F73B0BAA04613D774D6BFFFF2FB23C0B0B0B0B0B110D046C6F6F700CFFFFFFFF04FFFFFFFF0CFFFFFFFF0C590900000C5A0900000C54000000110D0663
310
6F656467650CFFFFFFFF04FFFFFFFF0CFFFFFFFF0C5B0900000C5C0900000C5D0900000C5E0900000B0C4A08000004000000000CFFFFFFFF110D06636F656467650CFFFFFFFF04FFFFFFFF0CFFFFFFFF0C5F0900000C4B0800000C600900000C610900000B0CC707000004000000000CFFFFFFFF110D06636F656467650CFF
310
FFFFFF04FFFFFFFF0CFFFFFFFF0C4B0800000C5F0900000C620900000C630900000B0CC707000004000000000CFFFFFFFF110D06636F656467650C6409000004FFFFFFFF0CFFFFFFFF0C160900000C150900000C4B0800000CD20800000A0C1709000004000000000CFFFFFFFF110D04656467650CFFFFFFFF04FFFFFFFF0C
310
FFFFFFFF0C650900000638B7E10B0DA6C9BF0C6609000006026810DEF6CEE73F0C4B0800000C670900000B0707756E6B6E6F776E110D06636F656467650CFFFFFFFF04FFFFFFFF0CFFFFFFFF0C4D0800000C4C0800000C680900000C690900000B0C2C07000004000000000CFFFFFFFF110D06636F656467650C6A09000004
310
FFFFFFFF0CFFFFFFFF0C230900000C220900000C4C0800000CD50800000A0C2409000004000000000CFFFFFFFF110D04656467650CFFFFFFFF04FFFFFFFF0CFFFFFFFF0CDA08000006F0D9602D492909C00C6B09000006E4B25C1C3A6205C00C4C0800000C6C0900000B0707756E6B6E6F776E110D06636F656467650C6D09
310
000004FFFFFFFF0CFFFFFFFF0C1E0900000C1D0900000C4D0800000CD70800000A0C1F09000004000000000CFFFFFFFF110D04656467650CFFFFFFFF04FFFFFFFF0CFFFFFFFF0C6E0900000669C6DEA4C14507400CD90800000675EDE2B5D00C0B400C4D0800000C6F0900000B0707756E6B6E6F776E110E0D415454524942
310
5F435553544F4D0D066174747269620CFFFFFFFF04FFFFFFFF0CFFFFFFFF0CFFFFFFFF0C4E0800000711736B657463685F6174747269625F646566040100000004010000000403000000070D32373220302031203020312031110D067665727465780CFFFFFFFF04FFFFFFFF0CFFFFFFFF0C4F08000004000000000C700900
310
00110D067665727465780CFFFFFFFF04FFFFFFFF0CFFFFFFFF0C4F08000004010000000C71090000110E0873747261696768740D0563757276650CFFFFFFFF04FFFFFFFF0CFFFFFFFF135A5BF134C3FA1CC0E27E9B116C99EE3F3333333333B338C014000000C06D0061BD000000000000F03F00000000000000000B0B110D
310
06636F656467650C7209000004FFFFFFFF0CFFFFFFFF0C2D0900000C2C0900000C500800000CDD0800000A0C2E09000004000000000CFFFFFFFF110D04656467650CFFFFFFFF04FFFFFFFF0CFFFFFFFF0CDF0800000644FA179B7365D1BF0CE208000006B2D87C53C085E53F0C500800000C730900000B0707756E6B6E6F77
310
6E110E0D4154545249425F435553544F4D0D066174747269620CFFFFFFFF04FFFFFFFF0CFFFFFFFF0CFFFFFFFF0C510800000711736B657463685F6174747269625F646566040100000004010000000403000000070D31363320302031203020312031110D067665727465780CFFFFFFFF04FFFFFFFF0CFFFFFFFF0CDD0800
310
0004000000000C74090000110E0873747261696768740D0563757276650CFFFFFFFF04FFFFFFFF0CFFFFFFFF1388A7B0BFBEE502C0F51CD6773134FB3F3333333333B338C014000000000000F03FC4F73B0BAA04613D00000000000000800B0B110E0D4154545249425F435553544F4D0D066174747269620CFFFFFFFF04FF
310
FFFFFF0CFFFFFFFF0CFFFFFFFF0C530800000711736B657463685F6174747269625F646566040100000004010000000403000000070D31353920302031203020312031110D067665727465780CFFFFFFFF04FFFFFFFF0CFFFFFFFF0C5408000004000000000C75090000110E0873747261696768740D0563757276650CFFFF
310
FFFF04FFFFFFFF0CFFFFFFFF1300902E37370201C01968A3CEE82FE83F3333333333B338C014000000000000F0BF000000C06D0061BD00000000000000000B0B110D05706F696E740CFFFFFFFF04FFFFFFFF0CFFFFFFFF130F45407089280EC0264CA3CEE82FE83F3333333333B338C0110D05706F696E740CFFFFFFFF04FF
310
FFFFFF0CFFFFFFFF131349407089280EC0FB10D6773134FB3F3333333333B338C0110D06636F656467650CFFFFFFFF04FFFFFFFF0CFFFFFFFF0C760900000C590800000C770900000C780900000B0C8405000004000000000CFFFFFFFF110D06636F656467650C7909000004FFFFFFFF0CFFFFFFFF0C4B0900000C4A090000
310
0C590800000CE80800000A0C4C09000004000000000CFFFFFFFF110D04656467650CFFFFFFFF04FFFFFFFF0CFFFFFFFF0CEA08000006983739C0C615D0BF0C7A09000006DA018EC5EF21F73F0C590800000C7B0900000B0707756E6B6E6F776E110E0D4154545249425F435553544F4D0D066174747269620CFFFFFFFF04FF
310
FFFFFF0CFFFFFFFF0CFFFFFFFF0C5A0800000711736B657463685F6174747269625F646566040100000004010000000403000000070D33393420302031203020312031110D067665727465780CFFFFFFFF04FFFFFFFF0CFFFFFFFF0CE808000004000000000C7C090000110E0873747261696768740D0563757276650CFFFF
310
FFFF04FFFFFFFF0CFFFFFFFF13ECA65E7ECB50F7BF16761E302B9BF93F3333333333B338C014000000C06D0061BD000000000000F03F00000000000000000B0B110D05706F696E740CFFFFFFFF04FFFFFFFF0CFFFFFFFF13B2AA5E7ECB50F7BF5062F95A6F5A00403333333333B338C0110D06636F656467650CFFFFFFFF04
310
FFFFFFFF0CFFFFFFFF0C5F0800000C760900000C7D0900000C7E0900000B0C8405000004000000000CFFFFFFFF110D06636F656467650C7F09000004FFFFFFFF0CFFFFFFFF0C3E0900000C3D0900000C5F0800000CEF0800000A0C3F09000004000000000CFFFFFFFF110D04656467650CFFFFFFFF04FFFFFFFF0CFFFFFFFF
310
0C8009000006079B9F26D05A02400CF1080000063F7636841A3909400C5F0800000C810900000B0707756E6B6E6F776E110E0D4154545249425F435553544F4D0D066174747269620CFFFFFFFF04FFFFFFFF0CFFFFFFFF0CFFFFFFFF0C600800000711736B657463685F6174747269625F6465660401000000040100000004
310
03000000070D33383720302031203020312031110D067665727465780CFFFFFFFF04FFFFFFFF0CFFFFFFFF0C6108000004000000000C82090000110E0873747261696768740D0563757276650CFFFFFFFF04FFFFFFFF0CFFFFFFFF132185DA4D7BF8114048EE04D77109FF3F3333333333B338C014000000C06D0061BD0000
310
00000000F03F00000000000000000B0B110D05706F696E740CFFFFFFFF04FFFFFFFF0CFFFFFFFF131082DA4D7BF81140F26B83DB180E0B403333333333B338C0110D046C6F6F700CFFFFFFFF04FFFFFFFF0CFFFFFFFF0C830900000CFC0800000C3E000000110E0D4154545249425F435553544F4D0D066174747269620CFF
310
FFFFFF04FFFFFFFF0CFFFFFFFF0CFFFFFFFF0C6D080000071667656E657269635F7461675F6174747269625F6465660403000000040300000004FFFFFFFF071767656E657269635F7461675F6174747269625F64656620040100000004020000000702313804000000000401000000044E0100000400000000110D04666163
310
650C8409000004FFFFFFFF0CFFFFFFFF0C850900000C860900000C060000000CFFFFFFFF0C870900000A0B110D046C6F6F700CFFFFFFFF04FFFFFFFF0CFFFFFFFF0C880900000C890900000C6D080000110E04636F6E650D07737572666163650CFFFFFFFF04FFFFFFFF0CFFFFFFFF139762CB8EB1EE104050D10ADE700AD2
310
BF3333333333B338C01400000000000000000000000000000000000000000000F0BF1470C8E2EB8A15C53FFFDE653A7467363D000000000000000006000000000000F03F0B0B06000000000000000006000000000000F03F0670C8E2EB8A15C53F0B0B0B0B0B110D046C6F6F700CFFFFFFFF04FFFFFFFF0CFFFFFFFF0CFFFF
310
FFFF0C8A0900000CE8070000110D06636F656467650CFFFFFFFF04FFFFFFFF0CFFFFFFFF0CFA0800000CFA0800000C8B0900000C8C0900000A0C6E08000004000000000CFFFFFFFF110D06636F656467650C8D09000004FFFFFFFF0CFFFFFFFF0CFB0800000CFB0800000C8E0900000C8F0900000A0C700800000400000000
310
0CFFFFFFFF110D06636F656467650CFFFFFFFF04FFFFFFFF0CFFFFFFFF0CFC0800000CFC0800000C710800000CFD0800000B0CF408000004000000000CFFFFFFFF110D04656467650CFFFFFFFF04FFFFFFFF0CFFFFFFFF0C9009000006182D4454FB2109C00C9009000006182D4454FB2109400CFC0800000C910900000B07
310
07756E6B6E6F776E110E0D4154545249425F435553544F4D0D066174747269620CFFFFFFFF04FFFFFFFF0CFFFFFFFF0CFFFFFFFF0C720800000711736B657463685F6174747269625F646566040100000004010000000403000000070D33333920302031203020312031110D06636F656467650CFFFFFFFF04FFFFFFFF0CFF
310
FFFFFF0CFF0800000CFF0800000C720800000C000900000B0C9209000004000000000CFFFFFFFF110D04656467650C9309000004FFFFFFFF0CFFFFFFFF0C9409000006192D4454FB2109C00C9409000006172D4454FB2109400CFF0800000C950900000B0707756E6B6E6F776E110D067665727465780CFFFFFFFF04FFFFFF
310
FF0CFFFFFFFF0C7408000004000000000C96090000110E07656C6C697073650D0563757276650CFFFFFFFF04FFFFFFFF0CFFFFFFFF13B44542332784AEBF44630BDE700AD2BFFFFFFFFFFFFF38C01400000000000000800000000000000080000000000000F03F1490C8E2EB8A15C53F21DF653A7467363DB47ADBA6ED5A8A
310
3C06000000000000F03F0B0B110D046C6F6F700CFFFFFFFF04FFFFFFFF0CFFFFFFFF0C920900000C760800000C54000000110E0D4154545249425F435553544F4D0D066174747269620CFFFFFFFF04FFFFFFFF0CFFFFFFFF0CFFFFFFFF0C77080000071667656E657269635F7461675F6174747269625F6465660403000000
310
040300000004FFFFFFFF071767656E657269635F7461675F6174747269625F646566200401000000040400000007042D34303904000000000401000000044E0100000400000000110D067665727465780CFFFFFFFF04FFFFFFFF0CFFFFFFFF0C7708000004000000000C97090000110E07656C6C697073650D056375727665
310
0CFFFFFFFF04FFFFFFFF0CFFFFFFFF13731E3CA6EF1405C0DCBA0BDE700AD2BF3333333333B338C01400000000000000800000000000000080000000000000F0BF1480C8E2EB8A15C53F10DF653A7467363D000000000000000006000000000000F03F0B0B110D05706F696E740CFFFFFFFF04FFFFFFFF0CFFFFFFFF13FB4A
310
FA54486606C076C00BDE700AD2BF00000000000039C0110D05706F696E740CFFFFFFFF04FFFFFFFF0CFFFFFFFF1308528C05DB3B12C040FC0BDE700AD2BF3333333333B338C0110D05706F696E740CFFFFFFFF04FFFFFFFF0CFFFFFFFF13AE965E3334B31CC00FF463820C50E9BF3433333333B338C0110D046C6F6F700CFF
310
FFFFFF04FFFFFFFF0CFFFFFFFF0C980900000C990900000C3E000000110D06636F656467650CFFFFFFFF04FFFFFFFF0CFFFFFFFF0C0B0900000C0B0900000C9A0900000C9B0900000B0C8A08000004000000000CFFFFFFFF110D06636F656467650CFFFFFFFF04FFFFFFFF0CFFFFFFFF0C9C0900000C8B0800000C9D090000
310
0C9E0900000B0C1408000004000000000CFFFFFFFF110D06636F656467650CFFFFFFFF04FFFFFFFF0CFFFFFFFF0C8B0800000C9C0900000C9F0900000CA00900000B0C1408000004000000000CFFFFFFFF110D06636F656467650CFFFFFFFF04FFFFFFFF0CFFFFFFFF0CA10900000CA20900000C8B0800000C0F0900000A0C
310
A309000004000000000CFFFFFFFF110D04656467650CFFFFFFFF04FFFFFFFF0CFFFFFFFF0CA40900000664E6665AEB30D63F0CA50900000683241EE777A8F43F0C8B0800000CA60900000B0707756E6B6E6F776E110D06636F656467650CFFFFFFFF04FFFFFFFF0CFFFFFFFF0C8D0800000C8C0800000CA70900000CA80900
310
000B0C9D07000004000000000CFFFFFFFF110D06636F656467650CFFFFFFFF04FFFFFFFF0CFFFFFFFF0CA90900000CAA0900000C8C0800000C120900000A0CAB09000004000000000CFFFFFFFF110D04656467650CFFFFFFFF04FFFFFFFF0CFFFFFFFF0C190900000672D90C01E33514400CAC09000006D0661DA36A191640
310
0C8C0800000CAD0900000B0707756E6B6E6F776E110D06636F656467650CFFFFFFFF04FFFFFFFF0CFFFFFFFF0CAE0900000CAF0900000C8D0800000C140900000A0CB009000004000000000CFFFFFFFF110D04656467650CFFFFFFFF04FFFFFFFF0CFFFFFFFF0CB1090000067EAD25742E0B17C00C1809000006212015D2A6
310
2715C00C8D0800000CB20900000B0707756E6B6E6F776E110D06636F656467650CFFFFFFFF04FFFFFFFF0CFFFFFFFF0CD10800000C8E0800000CAF0900000CB30900000A0C1709000004000000000CFFFFFFFF110D06636F656467650CFFFFFFFF04FFFFFFFF0CFFFFFFFF0C8E0800000CD10800000CA90900000CB4090000
310
0B0C1709000004000000000CFFFFFFFF110D046C6F6F700CFFFFFFFF04FFFFFFFF0CFFFFFFFF0CFFFFFFFF0C8E0800000CB5090000110D067665727465780CFFFFFFFF04FFFFFFFF0CFFFFFFFF0C8F08000004000000000CB6090000110D067665727465780CFFFFFFFF04FFFFFFFF0CFFFFFFFF0C8F08000004010000000C
310
B7090000110E0873747261696768740D0563757276650CFFFFFFFF04FFFFFFFF0CFFFFFFFF1368D1333F1BC4F63F5CFB37273660004000000000000039C014DC553FAD5EFF603D000000000000F0BF00000000000000000B0B110D06636F656467650CFFFFFFFF04FFFFFFFF0CFFFFFFFF0CB80900000CB90900000C900800
310
000C1C0900000A0CBA09000004000000000CFFFFFFFF110D04656467650CFFFFFFFF04FFFFFFFF0CFFFFFFFF0C2009000006F759606F9636FCBF0C25090000061ADEB7BDB234EABF0C900800000CBB0900000B0707756E6B6E6F776E110D06636F656467650CFFFFFFFF04FFFFFFFF0CFFFFFFFF0CD60800000C910800000C
310
960800000C280900000A0C1F09000004000000000CFFFFFFFF110D06636F656467650CFFFFFFFF04FFFFFFFF0CFFFFFFFF0C910800000CD60800000CB80900000CBC0900000B0C1F09000004000000000CFFFFFFFF110D046C6F6F700CFFFFFFFF04FFFFFFFF0CFFFFFFFF0CFFFFFFFF0C910800000CBD090000110D067665
310
727465780CFFFFFFFF04FFFFFFFF0CFFFFFFFF0C9208000004010000000CBE090000110E0873747261696768740D0563757276650CFFFFFFFF04FFFFFFFF0CFFFFFFFF1348486640C1DA1FC0DC04A3CEE82FE83F00000000000039C014000000000000F03F000000C06D00613D00000000000000000B0B110D06636F656467
310
650CFFFFFFFF04FFFFFFFF0CFFFFFFFF0CD40800000C930800000CB90900000CBF0900000A0C2409000004000000000CFFFFFFFF110D06636F656467650CFFFFFFFF04FFFFFFFF0CFFFFFFFF0C930800000CD40800000C950800000C270900000B0C2409000004000000000CFFFFFFFF110D046C6F6F700CFFFFFFFF04FFFF
310
FFFF0CFFFFFFFF0CFFFFFFFF0C930800000CC0090000110D067665727465780CFFFFFFFF04FFFFFFFF0CFFFFFFFF0C1C09000004010000000CC1090000110E0873747261696768740D0563757276650CFFFFFFFF04FFFFFFFF0CFFFFFFFF1307AA5382426620C052EBD5773134FB3F00000000000039C014000000000000F0
310
BFC4F73B0BAA0461BD00000000000000800B0B110D04656467650CFFFFFFFF04FFFFFFFF0CFFFFFFFF0CDA0800000600000000000000000C9808000006003333333333D33F0C230900000CC20900000B0707756E6B6E6F776E110D04656467650CFFFFFFFF04FFFFFFFF0CFFFFFFFF0CD90800000600000000000000000C99
310
08000006003333333333D33F0C1D0900000CC30900000B0707756E6B6E6F776E110D04666163650CC409000004FFFFFFFF0CFFFFFFFF0CBD0900000C970800000C060000000CFFFFFFFF0CC50900000A0B110D05706F696E740CFFFFFFFF04FFFFFFFF0CFFFFFFFF13F05CF134C3FA1CC073F3D5773134FB3F000000000000
310
39C0110D05706F696E740CFFFFFFFF04FFFFFFFF0CFFFFFFFF13EC5AF134C3FA1CC01211A3CEE82FE83F00000000000039C0110D06636F656467650CFFFFFFFF04FFFFFFFF0CFFFFFFFF0CDC0800000C9B0800000C9E0800000C300900000A0C2E09000004000000000CFFFFFFFF110D06636F656467650CFFFFFFFF04FFFF
310
FFFF0CFFFFFFFF0C9B0800000CDC0800000CA20800000C330900000B0C2E09000004000000000CFFFFFFFF110D046C6F6F700CFFFFFFFF04FFFFFFFF0CFFFFFFFF0CFFFFFFFF0C9B0800000CC6090000110E0873747261696768740D0563757276650CFFFFFFFF04FFFFFFFF0CFFFFFFFF1385253C5F7A610AC00E02596B45
310
27044000000000000039C0141E510556E60861BD000000000000F03F00000000000000000B0B110D04656467650CFFFFFFFF04FFFFFFFF0CFFFFFFFF0CE20800000600000000000000000CA008000006403333333333D33F0C2C0900000CC70900000B0707756E6B6E6F776E110D04666163650CC809000004FFFFFFFF0CFF
310
FFFFFF0CC90900000C9F0800000C060000000CFFFFFFFF0CCA0900000A0B110D05706F696E740CFFFFFFFF04FFFFFFFF0CFFFFFFFF13051E3C5F7A610AC02E54A3CEE82FE83F00000000000039C0110D04656467650CFFFFFFFF04FFFFFFFF0CFFFFFFFF0CDF0800000600000000000000000CA508000006403333333333D3
310
3F0CA20800000CCB0900000B0707756E6B6E6F776E110D04666163650CCC09000004FFFFFFFF0CFFFFFFFF0CA90800000CA40800000C060000000CFFFFFFFF0CCD0900000A0B110D05706F696E740CFFFFFFFF04FFFFFFFF0CFFFFFFFF1309223C5F7A610AC00115D6773134FB3F00000000000039C0110E08737472616967
310
68740D0563757276650CFFFFFFFF04FFFFFFFF0CFFFFFFFF131349407089280EC0FB10D6773134FB3F3333333333B338C01400000000000000000000000000000000000000000000F0BF0B0B110E0873747261696768740D0563757276650CFFFFFFFF04FFFFFFFF0CFFFFFFFF130F45407089280EC0264CA3CEE82FE83F33
310
33333333B338C01400000000000000000000000000000000000000000000F0BF0B0B110E0D4154545249425F435553544F4D0D066174747269620CFFFFFFFF04FFFFFFFF0CFFFFFFFF0CFFFFFFFF0CA9080000071667656E657269635F7461675F6174747269625F6465660403000000040300000004FFFFFFFF071767656E
310
657269635F7461675F6174747269625F64656620040100000004020000000702353004000000000401000000044E0100000400000000110E05706C616E650D07737572666163650CFFFFFFFF04FFFFFFFF0CFFFFFFFF130F45407089280EC0264CA3CEE82FE83F3333333333B338C014000000000000F0BF1E510556E60861
310
BD0000000000000080141E510556E60861BD000000000000F03F54A7E4FEFFFF7FBC0B0B0B0B0B110D06636F656467650CFFFFFFFF04FFFFFFFF0CFFFFFFFF0CB70800000CAC0800000CCE0900000CCF0900000B0C7705000004000000000CFFFFFFFF110D06636F656467650CFFFFFFFF04FFFFFFFF0CFFFFFFFF0CD00900
310
000CD10900000CAC0800000C3C0900000A0CD209000004000000000CFFFFFFFF110D04656467650CFFFFFFFF04FFFFFFFF0CFFFFFFFF0C4009000006600816E53D62E4BF0CD3090000060052142FB069963F0CAC0800000CD40900000B0707756E6B6E6F776E110D06636F656467650CFFFFFFFF04FFFFFFFF0CFFFFFFFF0C
310
EE0800000CAD0800000CB00800000C420900000A0C3F09000004000000000CFFFFFFFF110D06636F656467650CFFFFFFFF04FFFFFFFF0CFFFFFFFF0CAD0800000CEE0800000CD00900000CD50900000B0C3F09000004000000000CFFFFFFFF110D046C6F6F700CFFFFFFFF04FFFFFFFF0CFFFFFFFF0CFFFFFFFF0CAD080000
310
0CD6090000110D067665727465780CFFFFFFFF04FFFFFFFF0CFFFFFFFF0CAE08000004010000000CD7090000110E0873747261696768740D0563757276650CFFFFFFFF04FFFFFFFF0CFFFFFFFF137C374EB5F01406C05AA2DF01B6C8054000000000000039C014000000000000F0BFCF4ADE78160561BD0000000000000080
310
0B0B110D04656467650CFFFFFFFF04FFFFFFFF0CFFFFFFFF0CF10800000600000000000000000CB208000006403333333333D33F0C3D0900000CD80900000B0707756E6B6E6F776E110D04666163650CD909000004FFFFFFFF0CFFFFFFFF0CD60900000CB10800000C060000000CFFFFFFFF0CDA0900000A0B110D05706F69
310
6E740CFFFFFFFF04FFFFFFFF0CFFFFFFFF137783DA4D7BF8114038C1DF01B6C8054000000000000039C0110E0873747261696768740D0563757276650CFFFFFFFF04FFFFFFFF0CFFFFFFFF131082DA4D7BF81140F26B83DB180E0B403333333333B338C01400000000000000000000000000000000000000000000F0BF0B0B
310
110E0D4154545249425F435553544F4D0D066174747269620CFFFFFFFF04FFFFFFFF0CFFFFFFFF0CFFFFFFFF0CB5080000071667656E657269635F7461675F6174747269625F6465660403000000040300000004FFFFFFFF071767656E657269635F7461675F6174747269625F646566200401000000040200000007023633
310
04000000000401000000044E0100000400000000110E05706C616E650D07737572666163650CFFFFFFFF04FFFFFFFF0CFFFFFFFF131082DA4D7BF81140F26B83DB180E0B403333333333B338C014AC9C2DA1A8FB60BD000000000000F03F000000000000000014000000000000F03FAC9C2DA1A8FB603D774D6BFFFF2FB23C
310
0B0B0B0B0B110D06636F656467650CFFFFFFFF04FFFFFFFF0CFFFFFFFF0CDB0900000CDC0900000CB70800000C490900000A0CDD09000004000000000CFFFFFFFF110D04656467650CFFFFFFFF04FFFFFFFF0CFFFFFFFF0CDE0900000660F07F69267CD6BF0C4D0900000670659D63F0AED33F0CB70800000CDF0900000B07
310
07756E6B6E6F776E110D06636F656467650CFFFFFFFF04FFFFFFFF0CFFFFFFFF0CE70800000CB80800000CDC0900000CE00900000A0C4C09000004000000000CFFFFFFFF110D06636F656467650CFFFFFFFF04FFFFFFFF0CFFFFFFFF0CB80800000CE70800000CBA0800000C4F0900000B0C4C09000004000000000CFFFFFF
310
FF110D046C6F6F700CFFFFFFFF04FFFFFFFF0CFFFFFFFF0CFFFFFFFF0CB80800000CE1090000110D067665727465780CFFFFFFFF04FFFFFFFF0CFFFFFFFF0C4909000004010000000CE2090000110E0873747261696768740D0563757276650CFFFFFFFF04FFFFFFFF0CFFFFFFFF13BB7CFAD93C3915C09397DF01B6C80540
310
00000000000039C014000000000000F0BF000000C06D0061BD00000000000000800B0B110D04656467650CFFFFFFFF04FFFFFFFF0CFFFFFFFF0CEA0800000600000000000000000CBD08000006403333333333D33F0CBA0800000CE30900000B0707756E6B6E6F776E110D04666163650CE409000004FFFFFFFF0CFFFFFFFF
310
0CC00800000CBC0800000C060000000CFFFFFFFF0CE50900000A0B110D05706F696E740CFFFFFFFF04FFFFFFFF0CFFFFFFFF1378B05E7ECB50F7BFEEA7DF01B6C8054000000000000039C0110E0873747261696768740D0563757276650CFFFFFFFF04FFFFFFFF0CFFFFFFFF13B2AA5E7ECB50F7BF5062F95A6F5A00403333
310
333333B338C01400000000000000000000000000000000000000000000F0BF0B0B110E0D4154545249425F435553544F4D0D066174747269620CFFFFFFFF04FFFFFFFF0CFFFFFFFF0CFFFFFFFF0CC0080000071667656E657269635F7461675F6174747269625F6465660403000000040300000004FFFFFFFF071767656E65
310
7269635F7461675F6174747269625F64656620040100000004020000000702353504000000000401000000044E0100000400000000110E05706C616E650D07737572666163650CFFFFFFFF04FFFFFFFF0CFFFFFFFF133C2B767C2E5315402A7FF95A6F5A00403333333333B338C0145B6FEE532200613D000000000000F0BF
310
000000000000000014000000000000F0BF5B6FEE53220061BD774D6BFFFF2FB2BC0B0B0B0B0B110E0D4154545249425F435553544F4D0D066174747269620CFFFFFFFF04FFFFFFFF0CFFFFFFFF0CFFFFFFFF0CC8080000071667656E657269635F7461675F6174747269625F6465660403000000040300000004FFFFFFFF07
310
1767656E657269635F7461675F6174747269625F64656620040100000004020000000702353904000000000401000000044E0100000400000000110D04666163650CE609000004FFFFFFFF0CFFFFFFFF0CE10900000CDD0900000C060000000CFFFFFFFF0CE70900000A0B110D046C6F6F700CFFFFFFFF04FFFFFFFF0CFFFF
310
FFFF0CFFFFFFFF0CCE0900000CC8080000110E05706C616E650D07737572666163650CFFFFFFFF04FFFFFFFF0CFFFFFFFF1390CDECB9AFB4CE3FDE5983DB180E0B403333333333B338C0147BA1B80F40FF60BD000000000000F03F000000000000000014000000000000F03F7BA1B80F40FF603D774D6BFFFF2FB23C0B0B0B
310
0B0B110D046C6F6F700CFFFFFFFF04FFFFFFFF0CFFFFFFFF0CE80900000CE90900000C54000000110D06636F656467650CFFFFFFFF04FFFFFFFF0CFFFFFFFF0C5A0900000C5A0900000CEA0900000CEB0900000B0CCD08000004000000000CFFFFFFFF110D06636F656467650CFFFFFFFF04FFFFFFFF0CFFFFFFFF0CEC0900
310
000CCE0800000CED0900000CEE0900000B0C4A08000004000000000CFFFFFFFF110D06636F656467650CFFFFFFFF04FFFFFFFF0CFFFFFFFF0CCE0800000CEC0900000CEF0900000CF00900000B0C4A08000004000000000CFFFFFFFF110D06636F656467650CF109000004FFFFFFFF0CFFFFFFFF0CA20900000CA10900000C
310
CE0800000C5E0900000A0CA309000004000000000CFFFFFFFF110D04656467650CFFFFFFFF04FFFFFFFF0CFFFFFFFF0CF20900000640B7E10B0DA6C9BF0CF309000006046810DEF6CEE73F0CCE0800000CF40900000B0707756E6B6E6F776E110D06636F656467650CFFFFFFFF04FFFFFFFF0CFFFFFFFF0CD00800000CCF08
310
00000CF50900000CF60900000B0CC707000004000000000CFFFFFFFF110D06636F656467650CF709000004FFFFFFFF0CFFFFFFFF0CAF0900000CAE0900000CCF0800000C610900000A0CB009000004000000000CFFFFFFFF110D04656467650CFFFFFFFF04FFFFFFFF0CFFFFFFFF0C66090000062BF0BAAE0105F33F0CF809
310
0000069F25FD362093FA3F0CCF0800000CF90900000B0707756E6B6E6F776E110D06636F656467650CFA09000004FFFFFFFF0CFFFFFFFF0CAA0900000CA90900000CD00800000C630900000A0CAB09000004000000000CFFFFFFFF110D04656467650CFFFFFFFF04FFFFFFFF0CFFFFFFFF0CFB09000006E40ADCF210CCF6BF
310
0C6509000006E1AA33D5E47BEEBF0CD00800000CFC0900000B0707756E6B6E6F776E110E0D4154545249425F435553544F4D0D066174747269620CFFFFFFFF04FFFFFFFF0CFFFFFFFF0CFFFFFFFF0CD10800000711736B657463685F6174747269625F646566040100000004010000000403000000070D3331342030203120
310
3020312031110D067665727465780CFFFFFFFF04FFFFFFFF0CFFFFFFFF0CD208000004000000000CFD090000110D067665727465780CFFFFFFFF04FFFFFFFF0CFFFFFFFF0CD208000004010000000CFE090000110E0873747261696768740D0563757276650CFFFFFFFF04FFFFFFFF0CFFFFFFFF13ACDA333F1BC4F63F4012
310
9C116C99EE3F3333333333B338C014DC553FAD5EFF60BD000000000000F03F00000000000000000B0B110D06636F656467650CFF09000004FFFFFFFF0CFFFFFFFF0CB90900000CB80900000CD30800000C690900000A0CBA09000004000000000CFFFFFFFF110D04656467650CFFFFFFFF04FFFFFFFF0CFFFFFFFF0C6B0900
310
000638FA179B7365D1BF0C6E09000006B8D87C53C085E53F0CD30800000C000A00000B0707756E6B6E6F776E110E0D4154545249425F435553544F4D0D066174747269620CFFFFFFFF04FFFFFFFF0CFFFFFFFF0CFFFFFFFF0CD40800000711736B657463685F6174747269625F646566040100000004010000000403000000
310
070D32373420302031203020312031110D067665727465780CFFFFFFFF04FFFFFFFF0CFFFFFFFF0C6909000004000000000C010A0000110E0873747261696768740D0563757276650CFFFFFFFF04FFFFFFFF0CFFFFFFFF13F8EF409E1E6610C0360ED6773134FB3F3333333333B338C014000000000000F03FC4F73B0BAA04
310
613D00000000000000800B0B110E0D4154545249425F435553544F4D0D066174747269620CFFFFFFFF04FFFFFFFF0CFFFFFFFF0CFFFFFFFF0CD60800000711736B657463685F6174747269625F646566040100000004010000000403000000070D32373020302031203020312031110D067665727465780CFFFFFFFF04FFFF
310
FFFF0CFFFFFFFF0CD708000004000000000C020A0000110E0873747261696768740D0563757276650CFFFFFFFF04FFFFFFFF0CFFFFFFFF1363C8FFB3B5E80EC0904AA3CEE82FE83F3333333333B338C014000000000000F0BF000000C06D0061BD00000000000000000B0B110D05706F696E740CFFFFFFFF04FFFFFFFF0CFF
310
FFFFFF13EC5AF134C3FA1CC01211A3CEE82FE83F3433333333B338C0110D05706F696E740CFFFFFFFF04FFFFFFFF0CFFFFFFFF13F05CF134C3FA1CC073F3D5773134FB3F3433333333B338C0110E0D4154545249425F435553544F4D0D066174747269620CFFFFFFFF04FFFFFFFF0CFFFFFFFF0CFFFFFFFF0CDC0800000711
310
736B657463685F6174747269625F646566040100000004010000000403000000070D31363420302031203020312031110E0873747261696768740D0563757276650CFFFFFFFF04FFFFFFFF0CFFFFFFFF13E1203C5F7A610AC070161091D4DAF63F3333333333B338C0141E510556E608613D000000000000F0BF0000000000
310
0000000B0B110D05706F696E740CFFFFFFFF04FFFFFFFF0CFFFFFFFF1309223C5F7A610AC00115D6773134FB3F3333333333B338C0110D05706F696E740CFFFFFFFF04FFFFFFFF0CFFFFFFFF13051E3C5F7A610AC02E54A3CEE82FE83F3333333333B338C0110D06636F656467650CFFFFFFFF04FFFFFFFF0CFFFFFFFF0CED
310
0800000CE60800000C030A00000C040A00000B0C8405000004000000000CFFFFFFFF110D06636F656467650C050A000004FFFFFFFF0CFFFFFFFF0CDC0900000CDB0900000CE60800000C780900000A0CDD09000004000000000CFFFFFFFF110D04656467650CFFFFFFFF04FFFFFFFF0CFFFFFFFF0C7A0900000654287559F4
310
0FE93F0C060A0000069EE901E0BF12F73F0CE60800000C070A00000B0707756E6B6E6F776E110E0D4154545249425F435553544F4D0D066174747269620CFFFFFFFF04FFFFFFFF0CFFFFFFFF0CFFFFFFFF0CE70800000711736B657463685F6174747269625F646566040100000004010000000403000000070D3337372030
310
2031203020312031110D067665727465780CFFFFFFFF04FFFFFFFF0CFFFFFFFF0C7809000004000000000C080A0000110E0873747261696768740D0563757276650CFFFFFFFF04FFFFFFFF0CFFFFFFFF13926250CE594BF3BF00A9DF01B6C805403333333333B338C014000000000000F03F000000C06D00613D0000000000
310
0000800B0B110D05706F696E740CFFFFFFFF04FFFFFFFF0CFFFFFFFF1378B05E7ECB50F7BFEEA7DF01B6C805403333333333B338C0110D06636F656467650C090A000004FFFFFFFF0CFFFFFFFF0CD10900000CD00900000CED0800000C7E0900000A0CD209000004000000000CFFFFFFFF110D04656467650CFFFFFFFF04FF
310
FFFFFF0CFFFFFFFF0C0A0A000006E43E5E065DCDF1BF0C8009000006B0A55B4C5D0ADDBF0CED0800000C0B0A00000B0707756E6B6E6F776E110E0D4154545249425F435553544F4D0D066174747269620CFFFFFFFF04FFFFFFFF0CFFFFFFFF0CFFFFFFFF0CEE0800000711736B657463685F6174747269625F646566040100
310
000004010000000403000000070D33383520302031203020312031110D067665727465780CFFFFFFFF04FFFFFFFF0CFFFFFFFF0CEF08000004000000000C0C0A0000110E0873747261696768740D0563757276650CFFFFFFFF04FFFFFFFF0CFFFFFFFF135E21FD2EB86FF53FCDB3DF01B6C805403333333333B338C0140000
310
00000000F03FCF4ADE781605613D00000000000000800B0B110D05706F696E740CFFFFFFFF04FFFFFFFF0CFFFFFFFF137783DA4D7BF8114038C1DF01B6C805403333333333B338C0110D046C6F6F700CFFFFFFFF04FFFFFFFF0CFFFFFFFF0C0D0A00000C8B0900000C3E000000110E0D4154545249425F435553544F4D0D06
310
6174747269620CFFFFFFFF04FFFFFFFF0CFFFFFFFF0CFFFFFFFF0CF6080000071667656E657269635F7461675F6174747269625F6465660403000000040300000004FFFFFFFF071767656E657269635F7461675F6174747269625F64656620040100000004020000000702323004000000000401000000044E010000040000
310
0000110D04666163650C0E0A000004FFFFFFFF0CFFFFFFFF0C0F0A00000C100A00000C060000000CFFFFFFFF0C110A00000A0B110D046C6F6F700CFFFFFFFF04FFFFFFFF0CFFFFFFFF0C120A00000C130A00000CF6080000110E04636F6E650D07737572666163650CFFFFFFFF04FFFFFFFF0CFFFFFFFF1326C045E7FBCC17
310
40FB36B06ED4A1E9BF3333333333B338C01400000000000000000000000000000000000000000000F0BF1480C8E2EB8A15C53F10DF653A7467363D000000000000000006000000000000F03F0B0B06000000000000000006000000000000F03F0680C8E2EB8A15C53F0B0B0B0B0B110D046C6F6F700CFFFFFFFF04FFFFFFFF
310
0CFFFFFFFF0CFFFFFFFF0C140A00000C6D080000110D06636F656467650CFFFFFFFF04FFFFFFFF0CFFFFFFFF0C890900000C890900000C150A00000C160A00000A0CF708000004000000000CFFFFFFFF110D06636F656467650C170A000004FFFFFFFF0CFFFFFFFF0C8A0900000C8A0900000C180A00000C190A00000A0CF9
310
08000004000000000CFFFFFFFF110D06636F656467650CFFFFFFFF04FFFFFFFF0CFFFFFFFF0C8B0900000C8B0900000CFA0800000C8C0900000B0C8309000004000000000CFFFFFFFF110D04656467650CFFFFFFFF04FFFFFFFF0CFFFFFFFF0C1A0A000006182D4454FB2109C00C1A0A000006182D4454FB2109400C8B0900
310
000C1B0A00000B0707756E6B6E6F776E110E0D4154545249425F435553544F4D0D066174747269620CFFFFFFFF04FFFFFFFF0CFFFFFFFF0CFFFFFFFF0CFB0800000711736B657463685F6174747269625F646566040100000004010000000403000000070D32303920302031203020312031110D06636F656467650CFFFFFF
310
FF04FFFFFFFF0CFFFFFFFF0C8E0900000C8E0900000CFB0800000C8F0900000B0C1C0A000004000000000CFFFFFFFF110D04656467650C1D0A000004FFFFFFFF0CFFFFFFFF0C1E0A000006182D4454FB2109C00C1E0A000006182D4454FB2109400C8E0900000C1F0A00000B0707756E6B6E6F776E110D067665727465780C
310
FFFFFFFF04FFFFFFFF0CFFFFFFFF0CFD08000004000000000C200A0000110E07656C6C697073650D0563757276650CFFFFFFFF04FFFFFFFF0CFFFFFFFF13F8634F280885FA3FE45D63820C50E9BFFFFFFFFFFFFF38C01400000000000000800000000000000080000000000000F03F1472C8E2EB8A15C53F01DF653A746736
310
3D72C8E2EB8A15953C06000000000000F03F0B0B110D046C6F6F700CFFFFFFFF04FFFFFFFF0CFFFFFFFF0C1C0A00000CFF0800000C54000000110E0D4154545249425F435553544F4D0D066174747269620CFFFFFFFF04FFFFFFFF0CFFFFFFFF0CFFFFFFFF0C00090000071667656E657269635F7461675F6174747269625F
310
6465660403000000040300000004FFFFFFFF071767656E657269635F7461675F6174747269625F646566200401000000040400000007042D33333904000000000401000000044E0100000400000000110D067665727465780CFFFFFFFF04FFFFFFFF0CFFFFFFFF0C0009000004000000000C210A0000110E07656C6C697073
310
650D0563757276650CFFFFFFFF04FFFFFFFF0CFFFFFFFF13C04542332784AEBF44630BDE700AD2BF3333333333B338C01400000000000000800000000000000080000000000000F0BF1490C8E2EB8A15C53F21DF653A7467363DB47ADBA6ED5A8A3C06000000000000F03F0B0B110D05706F696E740CFFFFFFFF04FFFFFFFF
310
0CFFFFFFFF13FD59B3B894B6CCBFDE680BDE700AD2BFFFFFFFFFFFFF38C0110D05706F696E740CFFFFFFFF04FFFFFFFF0CFFFFFFFF13FB4AFA54486606C074C00BDE700AD2BF3333333333B338C0110D046C6F6F700CFFFFFFFF04FFFFFFFF0CFFFFFFFF0C080300000C220A00000C3E000000110D06636F656467650CFFFF
310
FFFF04FFFFFFFF0CFFFFFFFF0C990900000C990900000C230A00000C240A00000B0C0A09000004000000000CFFFFFFFF110D06636F656467650CFFFFFFFF04FFFFFFFF0CFFFFFFFF0C9A0900000C9A0900000C0B0900000C9B0900000A0C250A000004000000000CFFFFFFFF110D04656467650CFFFFFFFF04FFFFFFFF0CFF
310
FFFFFF0C260A000006182D4454FB2109C00C260A000006182D4454FB2109400C0B0900000C270A00000B0707756E6B6E6F776E110D06636F656467650CFFFFFFFF04FFFFFFFF0CFFFFFFFF0C0D0900000C0C0900000C280A00000C290A00000B0C1408000004000000000CFFFFFFFF110D06636F656467650CFFFFFFFF04FF
310
FFFFFF0CFFFFFFFF0C2A0A00000C2B0A00000C0C0900000C9E0900000A0C2C0A000004000000000CFFFFFFFF110D04656467650CFFFFFFFF04FFFFFFFF0CFFFFFFFF0CA50900000648D9784B2D141B400C2D0A00000692A350FAB4F71C400C0C0900000C2E0A00000B0707756E6B6E6F776E110D06636F656467650CFFFFFF
310
FF04FFFFFFFF0CFFFFFFFF0C2F0A00000C300A00000C0D0900000CA00900000A0C310A000004000000000CFFFFFFFF110D04656467650CFFFFFFFF04FFFFFFFF0CFFFFFFFF0C320A000006B688BCD178E91DC00CA4090000066EBEE422F1051CC00C0D0900000C330A00000B0707756E6B6E6F776E110D06636F656467650C
310
FFFFFFFF04FFFFFFFF0CFFFFFFFF0C5D0900000C0E0900000C300A00000C340A00000A0CA309000004000000000CFFFFFFFF110D06636F656467650CFFFFFFFF04FFFFFFFF0CFFFFFFFF0C0E0900000C5D0900000C2A0A00000C350A00000B0CA309000004000000000CFFFFFFFF110D046C6F6F700CFFFFFFFF04FFFFFFFF
310
0CFFFFFFFF0CFFFFFFFF0C0E0900000C360A0000110D067665727465780CFFFFFFFF04FFFFFFFF0CFFFFFFFF0C0F09000004000000000C370A0000110D067665727465780CFFFFFFFF04FFFFFFFF0CFFFFFFFF0C0F09000004010000000C380A0000110E0873747261696768740D0563757276650CFFFFFFFF04FFFFFFFF0C
310
FFFFFFFF13F4306C719B6D1340F60938273660004000000000000039C014000000C06D00613D000000000000F0BF00000000000000000B0B110D06636F656467650CFFFFFFFF04FFFFFFFF0CFFFFFFFF0C390A00000C3A0A00000C100900000CA80900000A0C3B0A000004000000000CFFFFFFFF110D04656467650CFFFFFF
310
FF04FFFFFFFF0CFFFFFFFF0CAC09000006F559606F9636FCBF0CB10900000616DEB7BDB234EABF0C100900000C3C0A00000B0707756E6B6E6F776E110D06636F656467650CFFFFFFFF04FFFFFFFF0CFFFFFFFF0C620900000C110900000C160900000CB40900000A0CAB09000004000000000CFFFFFFFF110D06636F656467
310
650CFFFFFFFF04FFFFFFFF0CFFFFFFFF0C110900000C620900000C390A00000C3D0A00000B0CAB09000004000000000CFFFFFFFF110D046C6F6F700CFFFFFFFF04FFFFFFFF0CFFFFFFFF0CFFFFFFFF0C110900000C3E0A0000110D067665727465780CFFFFFFFF04FFFFFFFF0CFFFFFFFF0C1209000004010000000C3F0A00
310
00110E0873747261696768740D0563757276650CFFFFFFFF04FFFFFFFF0CFFFFFFFF13B4C47F62B8090DC0864EA3CEE82FE83F00000000000039C014000000000000F03F000000C06D00613D00000000000000000B0B110D06636F656467650CFFFFFFFF04FFFFFFFF0CFFFFFFFF0C600900000C130900000C3A0A00000C40
310
0A00000A0CB009000004000000000CFFFFFFFF110D06636F656467650CFFFFFFFF04FFFFFFFF0CFFFFFFFF0C130900000C600900000C150900000CB30900000B0CB009000004000000000CFFFFFFFF110D046C6F6F700CFFFFFFFF04FFFFFFFF0CFFFFFFFF0CFFFFFFFF0C130900000C410A0000110D067665727465780CFF
310
FFFFFF04FFFFFFFF0CFFFFFFFF0CA809000004010000000C420A0000110E0873747261696768740D0563757276650CFFFFFFFF04FFFFFFFF0CFFFFFFFF131456900440ED0EC02110D6773134FB3F00000000000039C014000000000000F0BF8FA8020BAA0461BD00000000000000800B0B110D04656467650CFFFFFFFF04FF
310
FFFFFF0CFFFFFFFF0C660900000600000000000000000C1809000006403333333333D33F0CAF0900000C430A00000B0707756E6B6E6F776E110D04656467650CFFFFFFFF04FFFFFFFF0CFFFFFFFF0C650900000600000000000000000C1909000006403333333333D33F0CA90900000C440A00000B0707756E6B6E6F776E11
310
0D04666163650C450A000004FFFFFFFF0CFFFFFFFF0C3E0A00000C170900000C060000000CFFFFFFFF0C460A00000A0B110D05706F696E740CFFFFFFFF04FFFFFFFF0CFFFFFFFF135BD4333F1BC4F63F213DD6773134FB3F00000000000039C0110D05706F696E740CFFFFFFFF04FFFFFFFF0CFFFFFFFF1362DC333F1BC4F6
310
3F72A4A3CEE82FE83F00000000000039C0110D06636F656467650CFFFFFFFF04FFFFFFFF0CFFFFFFFF0C680900000C1B0900000C1E0900000CBC0900000A0CBA09000004000000000CFFFFFFFF110D06636F656467650CFFFFFFFF04FFFFFFFF0CFFFFFFFF0C1B0900000C680900000C220900000CBF0900000B0CBA090000
310
04000000000CFFFFFFFF110D046C6F6F700CFFFFFFFF04FFFFFFFF0CFFFFFFFF0CFFFFFFFF0C1B0900000CC9090000110E0873747261696768740D0563757276650CFFFFFFFF04FFFFFFFF0CFFFFFFFF13284B6FAC3B171BC042F3586B4527044000000000000039C014000000C06D0061BD000000000000F03F0000000000
310
0000000B0B110D04656467650CFFFFFFFF04FFFFFFFF0CFFFFFFFF0C6E0900000600000000000000000C2009000006003333333333D33F0CB80900000C470A00000B0707756E6B6E6F776E110D04666163650C480A000004FFFFFFFF0CFFFFFFFF0C490A00000C1F0900000C060000000CFFFFFFFF0C4A0A00000A0B110D05
310
706F696E740CFFFFFFFF04FFFFFFFF0CFFFFFFFF1366476FAC3B171BC01A19A3CEE82FE83F00000000000039C0110D04656467650CFFFFFFFF04FFFFFFFF0CFFFFFFFF0C6B0900000600000000000000000C2509000006003333333333D33F0C220900000C4B0A00000B0707756E6B6E6F776E110D04666163650C4C0A0000
310
04FFFFFFFF0CFFFFFFFF0C290900000C240900000C060000000CFFFFFFFF0C4D0A00000A0B110D05706F696E740CFFFFFFFF04FFFFFFFF0CFFFFFFFF136A496FAC3B171BC077F7D5773134FB3F00000000000039C0110E0873747261696768740D0563757276650CFFFFFFFF04FFFFFFFF0CFFFFFFFF13F05CF134C3FA1CC0
310
73F3D5773134FB3F3433333333B338C01400000000000000000000000000000000000000000000F0BF0B0B110E0873747261696768740D0563757276650CFFFFFFFF04FFFFFFFF0CFFFFFFFF13EC5AF134C3FA1CC01211A3CEE82FE83F3433333333B338C01400000000000000000000000000000000000000000000F0BF0B
310
0B110E0D4154545249425F435553544F4D0D066174747269620CFFFFFFFF04FFFFFFFF0CFFFFFFFF0CFFFFFFFF0C29090000071667656E657269635F7461675F6174747269625F6465660403000000040300000004FFFFFFFF071767656E657269635F7461675F6174747269625F6465662004010000000402000000070234
310
3204000000000401000000044E0100000400000000110E05706C616E650D07737572666163650CFFFFFFFF04FFFFFFFF0CFFFFFFFF13EC5AF134C3FA1CC01211A3CEE82FE83F3433333333B338C014000000000000F0BF000000C06D0061BD000000000000008014000000C06D0061BD000000000000F03F07A7E4FEFFFF7F
310
BC0B0B0B0B0B110D04666163650C4E0A000004FFFFFFFF0CFFFFFFFF0C340900000C2E0900000C060000000CFFFFFFFF0C4F0A00000A0B110E0873747261696768740D0563757276650CFFFFFFFF04FFFFFFFF0CFFFFFFFF13051E3C5F7A610AC02E54A3CEE82FE83F3333333333B338C01400000000000000000000000000
310
000000000000000000F0BF0B0B110E0D4154545249425F435553544F4D0D066174747269620CFFFFFFFF04FFFFFFFF0CFFFFFFFF0CFFFFFFFF0C31090000071667656E657269635F7461675F6174747269625F6465660403000000040300000004FFFFFFFF071767656E657269635F7461675F6174747269625F6465662004
310
0100000004020000000702343904000000000401000000044E0100000400000000110D04666163650C500A000004FFFFFFFF0CFFFFFFFF0CC00900000CBA0900000C060000000CFFFFFFFF0C510A00000A0B110E05706C616E650D07737572666163650CFFFFFFFF04FFFFFFFF0CFFFFFFFF13051E3C5F7A610AC02E54A3CE
310
E82FE83F3333333333B338C014000000C06D00613D000000000000F0BF000000000000000014000000000000F0BF000000C06D0061BD774D6BFFFF2FB2BC0B0B0B0B0B110E0873747261696768740D0563757276650CFFFFFFFF04FFFFFFFF0CFFFFFFFF1309223C5F7A610AC00115D6773134FB3F3333333333B338C01400
310
000000000000000000000000000000000000000000F0BF0B0B110E0D4154545249425F435553544F4D0D066174747269620CFFFFFFFF04FFFFFFFF0CFFFFFFFF0CFFFFFFFF0C34090000071667656E657269635F7461675F6174747269625F6465660403000000040300000004FFFFFFFF071767656E657269635F7461675F
310
6174747269625F64656620040100000004020000000702343704000000000401000000044E0100000400000000110E05706C616E650D07737572666163650CFFFFFFFF04FFFFFFFF0CFFFFFFFF131349407089280EC0FB10D6773134FB3F3333333333B338C014C4F73B0BAA0461BD000000000000F03F0000000000000000
310
14000000000000F03FC4F73B0BAA04613D774D6BFFFF2FB23C0B0B0B0B0B110D06636F656467650CFFFFFFFF04FFFFFFFF0CFFFFFFFF0C520A00000C530A00000C3A0900000CCF0900000A0C5709000004000000000CFFFFFFFF110D04656467650CFFFFFFFF04FFFFFFFF0CFFFFFFFF0CD3090000064F042B65D32E20C00C
310
DE09000006965A1629F6C912C00C3A0900000C540A00000B0707756E6B6E6F776E110D06636F656467650CFFFFFFFF04FFFFFFFF0CFFFFFFFF0C7D0900000C3B0900000C3E0900000CD50900000A0CD209000004000000000CFFFFFFFF110D06636F656467650CFFFFFFFF04FFFFFFFF0CFFFFFFFF0C3B0900000C7D090000
310
0C520A00000C550A00000B0CD209000004000000000CFFFFFFFF110D046C6F6F700CFFFFFFFF04FFFFFFFF0CFFFFFFFF0CFFFFFFFF0C3B0900000C560A0000110D067665727465780CFFFFFFFF04FFFFFFFF0CFFFFFFFF0C3C09000004010000000C570A0000110E0873747261696768740D0563757276650CFFFFFFFF04FF
310
FFFFFF0CFFFFFFFF1300291E3EAC120D40A83F257B45E10A4000000000000039C014000000C06D0061BD000000000000F03F00000000000000000B0B110D04656467650CFFFFFFFF04FFFFFFFF0CFFFFFFFF0C800900000600000000000000000C4009000006403333333333D33F0CD00900000C580A00000B0707756E6B6E
310
6F776E110D04666163650C590A000004FFFFFFFF0CFFFFFFFF0C560A00000C3F0900000C060000000CFFFFFFFF0C5A0A00000A0B110D05706F696E740CFFFFFFFF04FFFFFFFF0CFFFFFFFF13B62B1E3EAC120D4090BDDF01B6C8054000000000000039C0110E0873747261696768740D0563757276650CFFFFFFFF04FFFFFF
310
FF0CFFFFFFFF137783DA4D7BF8114038C1DF01B6C805403333333333B338C01400000000000000000000000000000000000000000000F0BF0B0B110E0D4154545249425F435553544F4D0D066174747269620CFFFFFFFF04FFFFFFFF0CFFFFFFFF0CFFFFFFFF0C43090000071667656E657269635F7461675F617474726962
310
5F6465660403000000040300000004FFFFFFFF071767656E657269635F7461675F6174747269625F64656620040100000004020000000702363204000000000401000000044E0100000400000000110E05706C616E650D07737572666163650CFFFFFFFF04FFFFFFFF0CFFFFFFFF137783DA4D7BF8114038C1DF01B6C80540
310
3333333333B338C014000000000000F0BF000000C06D0061BD000000000000008014000000C06D0061BD000000000000F03F07A7E4FEFFFF7FBC0B0B0B0B0B110D06636F656467650CFFFFFFFF04FFFFFFFF0CFFFFFFFF0C770900000C480900000C530A00000C5B0A00000A0CDD09000004000000000CFFFFFFFF110D0663
310
6F656467650CFFFFFFFF04FFFFFFFF0CFFFFFFFF0C480900000C770900000C4A0900000CE00900000B0CDD09000004000000000CFFFFFFFF110D046C6F6F700CFFFFFFFF04FFFFFFFF0CFFFFFFFF0CFFFFFFFF0C480900000C56090000110D067665727465780CFFFFFFFF04FFFFFFFF0CFFFFFFFF0CCF0900000401000000
310
0C5C0A0000110E0873747261696768740D0563757276650CFFFFFFFF04FFFFFFFF0CFFFFFFFF1360E5ECB9AFB4CE3FD25B530E943E084000000000000039C014E173648552F7603D000000000000F0BF00000000000000000B0B110D04656467650CFFFFFFFF04FFFFFFFF0CFFFFFFFF0C7A0900000600000000000000000C
310
4D09000006403333333333D33F0C4A0900000C5D0A00000B0707756E6B6E6F776E110D04666163650C5E0A000004FFFFFFFF0CFFFFFFFF0C500900000C4C0900000C060000000CFFFFFFFF0C5F0A00000A0B110D05706F696E740CFFFFFFFF04FFFFFFFF0CFFFFFFFF1340FAECB9AFB4CE3F24AFDF01B6C805400000000000
310
0039C0110E0873747261696768740D0563757276650CFFFFFFFF04FFFFFFFF0CFFFFFFFF1378B05E7ECB50F7BFEEA7DF01B6C805403333333333B338C01400000000000000000000000000000000000000000000F0BF0B0B110E0D4154545249425F435553544F4D0D066174747269620CFFFFFFFF04FFFFFFFF0CFFFFFFFF
310
0CFFFFFFFF0C50090000071667656E657269635F7461675F6174747269625F6465660403000000040300000004FFFFFFFF071767656E657269635F7461675F6174747269625F64656620040100000004020000000702353604000000000401000000044E0100000400000000110E05706C616E650D07737572666163650CFF
310
FFFFFF04FFFFFFFF0CFFFFFFFF13B2AA5E7ECB50F7BF5062F95A6F5A00403333333333B338C014000000000000F0BF000000C06D0061BD000000000000008014000000C06D0061BD000000000000F03F07A7E4FEFFFF7FBC0B0B0B0B0B110E0D4154545249425F435553544F4D0D066174747269620CFFFFFFFF04FFFFFFFF
310
0CFFFFFFFF0CFFFFFFFF0C56090000071667656E657269635F7461675F6174747269625F6465660403000000040300000004FFFFFFFF071767656E657269635F7461675F6174747269625F64656620040100000004020000000702353804000000000401000000044E0100000400000000110E05706C616E650D0773757266
310
6163650CFFFFFFFF04FFFFFFFF0CFFFFFFFF1340FAECB9AFB4CE3F24AFDF01B6C805403333333333B338C014000000000000F0BFE173648552F760BD000000000000008014E173648552F760BD000000000000F03FB4A6E4FEFFFF7FBC0B0B0B0B0B110D046C6F6F700CFFFFFFFF04FFFFFFFF0CFFFFFFFF0CC60500000C60
310
0A00000C54000000110D06636F656467650CFFFFFFFF04FFFFFFFF0CFFFFFFFF0CE90900000CE90900000C610A00000C620A00000B0C5909000004000000000CFFFFFFFF110D06636F656467650C630A000004FFFFFFFF0CFFFFFFFF0CEA0900000CEA0900000C5A0900000CEB0900000A0C640A000004000000000CFFFFFF
310
FF110D04656467650C650A000004FFFFFFFF0CFFFFFFFF0C660A000006192D4454FB2109C00C660A000006172D4454FB2109400C5A0900000C670A00000B0707756E6B6E6F776E110D06636F656467650CFFFFFFFF04FFFFFFFF0CFFFFFFFF0C5C0900000C5B0900000C680A00000C690A00000B0C4A08000004000000000C
310
FFFFFFFF110D06636F656467650C6A0A000004FFFFFFFF0CFFFFFFFF0C300A00000C2F0A00000C5B0900000CEE0900000A0C310A000004000000000CFFFFFFFF110D04656467650CFFFFFFFF04FFFFFFFF0CFFFFFFFF0CF309000006B0B4FC78153F07400C6B0A0000064249ACD624060B400C5B0900000C6C0A00000B0707
310
756E6B6E6F776E110D06636F656467650C6D0A000004FFFFFFFF0CFFFFFFFF0C2B0A00000C2A0A00000C5C0900000CF00900000A0C2C0A000004000000000CFFFFFFFF110D04656467650CFFFFFFFF04FFFFFFFF0CFFFFFFFF0C6E0A000006F97ED4279D2209C00CF20900000665EA24CA8D5B05C00C5C0900000C6F0A0000
310
0B0707756E6B6E6F776E110E0D4154545249425F435553544F4D0D066174747269620CFFFFFFFF04FFFFFFFF0CFFFFFFFF0CFFFFFFFF0C5D0900000711736B657463685F6174747269625F646566040100000004010000000403000000070D33333020302031203020312031110D067665727465780CFFFFFFFF04FFFFFFFF
310
0CFFFFFFFF0C5E09000004000000000C700A0000110D067665727465780CFFFFFFFF04FFFFFFFF0CFFFFFFFF0C5E09000004010000000C710A0000110E0873747261696768740D0563757276650CFFFFFFFF04FFFFFFFF0CFFFFFFFF1345336C719B6D1340A24C9C116C99EE3F3333333333B338C014000000C06D0061BD00
310
0000000000F03F00000000000000000B0B110D06636F656467650C720A000004FFFFFFFF0CFFFFFFFF0C3A0A00000C390A00000C5F0900000CF60900000A0C3B0A000004000000000CFFFFFFFF110D04656467650CFFFFFFFF04FFFFFFFF0CFFFFFFFF0CF80900000634FA179B7365D1BF0CFB09000006BAD87C53C085E53F
310
0C5F0900000C730A00000B0707756E6B6E6F776E110E0D4154545249425F435553544F4D0D066174747269620CFFFFFFFF04FFFFFFFF0CFFFFFFFF0CFFFFFFFF0C600900000711736B657463685F6174747269625F646566040100000004010000000403000000070D33313620302031203020312031110D06766572746578
310
0CFFFFFFFF04FFFFFFFF0CFFFFFFFF0CF609000004000000000C740A0000110E0873747261696768740D0563757276650CFFFFFFFF04FFFFFFFF0CFFFFFFFF137721C783CCF8CD3F0433D6773134FB3F3333333333B338C014000000000000F03F8FA8020BAA04613D00000000000000800B0B110E0D4154545249425F4355
310
53544F4D0D066174747269620CFFFFFFFF04FFFFFFFF0CFFFFFFFF0CFFFFFFFF0C620900000711736B657463685F6174747269625F646566040100000004010000000403000000070D33313220302031203020312031110D067665727465780CFFFFFFFF04FFFFFFFF0CFFFFFFFF0C6309000004000000000C750A0000110E
310
0873747261696768740D0563757276650CFFFFFFFF04FFFFFFFF0CFFFFFFFF13C21B6852A318DE3F3C94A3CEE82FE83F3333333333B338C014000000000000F0BF000000C06D0061BD00000000000000000B0B110D05706F696E740CFFFFFFFF04FFFFFFFF0CFFFFFFFF1361DC333F1BC4F63F72A4A3CEE82FE83F33333333
310
33B338C0110D05706F696E740CFFFFFFFF04FFFFFFFF0CFFFFFFFF135AD4333F1BC4F63F213DD6773134FB3F3333333333B338C0110E0D4154545249425F435553544F4D0D066174747269620CFFFFFFFF04FFFFFFFF0CFFFFFFFF0CFFFFFFFF0C680900000711736B657463685F6174747269625F64656604010000000401
310
0000000403000000070D32373520302031203020312031110E0873747261696768740D0563757276650CFFFFFFFF04FFFFFFFF0CFFFFFFFF13D6486FAC3B171BC0E9F80F91D4DAF63F3333333333B338C014000000C06D00613D000000000000F0BF00000000000000000B0B110D05706F696E740CFFFFFFFF04FFFFFFFF0C
310
FFFFFFFF136A496FAC3B171BC077F7D5773134FB3F3433333333B338C0110D05706F696E740CFFFFFFFF04FFFFFFFF0CFFFFFFFF1366476FAC3B171BC01A19A3CEE82FE83F3433333333B338C0110D06636F656467650C760A000004FFFFFFFF0CFFFFFFFF0C530A00000C520A00000C760900000C040A00000A0C57090000
310
04000000000CFFFFFFFF110D04656467650CFFFFFFFF04FFFFFFFF0CFFFFFFFF0C060A000006F8B37F157E1CE33F0C0A0A0000060E49DFC780EE0F400C760900000C770A00000B0707756E6B6E6F776E110E0D4154545249425F435553544F4D0D066174747269620CFFFFFFFF04FFFFFFFF0CFFFFFFFF0CFFFFFFFF0C7709
310
00000711736B657463685F6174747269625F646566040100000004010000000403000000070D33373920302031203020312031110D067665727465780CFFFFFFFF04FFFFFFFF0CFFFFFFFF0C040A000004000000000C780A0000110E0873747261696768740D0563757276650CFFFFFFFF04FFFFFFFF0CFFFFFFFF13682FED
310
B9AFB4CE3F1ECA04D77109FF3F3333333333B338C014E173648552F760BD000000000000F03F00000000000000000B0B110D05706F696E740CFFFFFFFF04FFFFFFFF0CFFFFFFFF1340FAECB9AFB4CE3F24AFDF01B6C805403333333333B338C0110E0D4154545249425F435553544F4D0D066174747269620CFFFFFFFF04FF
310
FFFFFF0CFFFFFFFF0CFFFFFFFF0C7D0900000711736B657463685F6174747269625F646566040100000004010000000403000000070D33383320302031203020312031110D067665727465780CFFFFFFFF04FFFFFFFF0CFFFFFFFF0C7E09000004000000000C790A0000110E0873747261696768740D0563757276650CFFFF
310
FFFF04FFFFFFFF0CFFFFFFFF13A42D1E3EAC120D40DA4854586A2702403333333333B338C014000000C06D00613D000000000000F0BF00000000000000000B0B110D05706F696E740CFFFFFFFF04FFFFFFFF0CFFFFFFFF13B62B1E3EAC120D4090BDDF01B6C805403333333333B338C0110D046C6F6F700CFFFFFFFF04FFFF
310
FFFF0CFFFFFFFF0C7A0A00000C150A00000C3E000000110E0D4154545249425F435553544F4D0D066174747269620CFFFFFFFF04FFFFFFFF0CFFFFFFFF0CFFFFFFFF0C85090000071667656E657269635F7461675F6174747269625F6465660403000000040300000004FFFFFFFF071767656E657269635F7461675F617474
310
7269625F64656620040100000004020000000702323204000000000401000000044E0100000400000000110D04666163650C7B0A000004FFFFFFFF0CFFFFFFFF0C7C0A00000C7D0A00000C060000000CFFFFFFFF0C7E0A00000A0B110D046C6F6F700CFFFFFFFF04FFFFFFFF0CFFFFFFFF0C7F0A00000C800A00000C850900
310
00110E04636F6E650D07737572666163650CFFFFFFFF04FFFFFFFF0CFFFFFFFF137ED42111331F17409244B6B76F90E73F3333333333B338C01400000000000000000000000000000000000000000000F0BF1470C8E2EB8A15C53FFFDE653A7467363D000000000000000006000000000000F03F0B0B060000000000000000
310
06000000000000F03F0670C8E2EB8A15C53F0B0B0B0B0B110D046C6F6F700CFFFFFFFF04FFFFFFFF0CFFFFFFFF0CFFFFFFFF0C810A00000CF6080000110D06636F656467650CFFFFFFFF04FFFFFFFF0CFFFFFFFF0C130A00000C130A00000C820A00000C830A00000A0C8609000004000000000CFFFFFFFF110D06636F6564
310
67650C840A000004FFFFFFFF0CFFFFFFFF0C140A00000C140A00000C850A00000C860A00000A0C8809000004000000000CFFFFFFFF110D06636F656467650CFFFFFFFF04FFFFFFFF0CFFFFFFFF0C150A00000C150A00000C890900000C160A00000B0C0D0A000004000000000CFFFFFFFF110D04656467650CFFFFFFFF04FF
310
FFFFFF0CFFFFFFFF0C870A000006182D4454FB2109C00C870A000006182D4454FB2109400C150A00000C880A00000B0707756E6B6E6F776E110E0D4154545249425F435553544F4D0D066174747269620CFFFFFFFF04FFFFFFFF0CFFFFFFFF0CFFFFFFFF0C8A0900000711736B657463685F6174747269625F646566040100
310
000004010000000403000000070D32323020302031203020312031110D06636F656467650CFFFFFFFF04FFFFFFFF0CFFFFFFFF0C180A00000C180A00000C8A0900000C190A00000B0C890A000004000000000CFFFFFFFF110D04656467650C8A0A000004FFFFFFFF0CFFFFFFFF0C8B0A000006192D4454FB2109C00C8B0A00
310
0006172D4454FB2109400C180A00000C8C0A00000B0707756E6B6E6F776E110D067665727465780CFFFFFFFF04FFFFFFFF0CFFFFFFFF0C8C09000004000000000C8D0A0000110E07656C6C697073650D0563757276650CFFFFFFFF04FFFFFFFF0CFFFFFFFF13460CA26CCE200440B00B0BDE700AD2BF00000000000039C014
310
00000000000000800000000000000080000000000000F03F1472C8E2EB8A15C53F01DF653A7467363D000000000000000006000000000000F03F0B0B110D046C6F6F700CFFFFFFFF04FFFFFFFF0CFFFFFFFF0C890A00000C8E0900000C54000000110E0D4154545249425F435553544F4D0D066174747269620CFFFFFFFF04
310
FFFFFFFF0CFFFFFFFF0CFFFFFFFF0C8F090000071667656E657269635F7461675F6174747269625F6465660403000000040300000004FFFFFFFF071767656E657269635F7461675F6174747269625F646566200401000000040400000007042D32303904000000000401000000044E0100000400000000110D067665727465
310
780CFFFFFFFF04FFFFFFFF0CFFFFFFFF0C8F09000004000000000C8E0A0000110E07656C6C697073650D0563757276650CFFFFFFFF04FFFFFFFF0CFFFFFFFF13F7634F280885FA3FE45D63820C50E9BF3333333333B338C01400000000000000800000000000000080000000000000F0BF1472C8E2EB8A15C53F01DF653A74
310
67363D72C8E2EB8A15953C06000000000000F03F0B0B110D05706F696E740CFFFFFFFF04FFFFFFFF0CFFFFFFFF13EA0AD3CA56E2F73FB16063820C50E9BFFFFFFFFFFFFF38C0110D05706F696E740CFFFFFFFF04FFFFFFFF0CFFFFFFFF13005AB3B894B6CCBFE0680BDE700AD2BF3333333333B338C0110D06636F65646765
310
0CFFFFFFFF04FFFFFFFF0CFFFFFFFF0C220A00000C220A00000C8F0A00000C900A00000B0C9809000004000000000CFFFFFFFF110D06636F656467650CFFFFFFFF04FFFFFFFF0CFFFFFFFF0C230A00000C230A00000C990900000C240A00000A0C910A000004000000000CFFFFFFFF110D04656467650CFFFFFFFF04FFFFFF
310
FF0CFFFFFFFF0C920A000006182D4454FB2109C00C920A000006182D4454FB2109400C990900000C930A00000B0707756E6B6E6F776E110D046C6F6F700CFFFFFFFF04FFFFFFFF0CFFFFFFFF0C640A00000C9A0900000C940A0000110D067665727465780CFFFFFFFF04FFFFFFFF0CFFFFFFFF0C9B09000004000000000C95
310
0A0000110E07656C6C697073650D0563757276650CFFFFFFFF04FFFFFFFF0CFFFFFFFF13C0331791C632194081239951CD45BFBF00000000000039C01400000000000000800000000000000080000000000000F03F1480C8E2EB8A15C53F10DF653A7467363D000000000060C6B906000000000000F03F0B0B110D06636F65
310
6467650CFFFFFFFF04FFFFFFFF0CFFFFFFFF0C960A00000C970A00000C9C0900000C290A00000A0C980A000004000000000CFFFFFFFF110D04656467650CFFFFFFFF04FFFFFFFF0CFFFFFFFF0C2D0A000006F759606F9636FCBF0C320A0000061ADEB7BDB234EABF0C9C0900000C990A00000B0707756E6B6E6F776E110D06
310
636F656467650CFFFFFFFF04FFFFFFFF0CFFFFFFFF0CEF0900000C9D0900000CA20900000C350A00000A0C2C0A000004000000000CFFFFFFFF110D06636F656467650CFFFFFFFF04FFFFFFFF0CFFFFFFFF0C9D0900000CEF0900000C960A00000C9A0A00000B0C2C0A000004000000000CFFFFFFFF110D046C6F6F700CFFFF
310
FFFF04FFFFFFFF0CFFFFFFFF0CFFFFFFFF0C9D0900000C9B0A0000110D067665727465780CFFFFFFFF04FFFFFFFF0CFFFFFFFF0C9E09000004010000000C9C0A0000110E0873747261696768740D0563757276650CFFFFFFFF04FFFFFFFF0CFFFFFFFF135A963268479AFEBFBC6BA3CEE82FE83F00000000000039C0140000
310
00000000F03F000000C06D00613D00000000000000000B0B110D06636F656467650CFFFFFFFF04FFFFFFFF0CFFFFFFFF0CED0900000C9F0900000C970A00000C9D0A00000A0C310A000004000000000CFFFFFFFF110D06636F656467650CFFFFFFFF04FFFFFFFF0CFFFFFFFF0C9F0900000CED0900000CA10900000C340A00
310
000B0C310A000004000000000CFFFFFFFF110D046C6F6F700CFFFFFFFF04FFFFFFFF0CFFFFFFFF0CFFFFFFFF0C9F0900000C9E0A0000110D067665727465780CFFFFFFFF04FFFFFFFF0CFFFFFFFF0C290A000004010000000C9F0A0000110E0873747261696768740D0563757276650CFFFFFFFF04FFFFFFFF0CFFFFFFFF13
310
7919F162AB3001C0B61ED6773134FB3F00000000000039C014000000000000F0BFF700E60AAA0461BD00000000000000800B0B110D04656467650CFFFFFFFF04FFFFFFFF0CFFFFFFFF0CF30900000600000000000000000CA409000006403333333333D33F0C300A00000CA00A00000B0707756E6B6E6F776E110D04656467
310
650CFFFFFFFF04FFFFFFFF0CFFFFFFFF0CF20900000600000000000000000CA509000006403333333333D33F0C2A0A00000CA10A00000B0707756E6B6E6F776E110D04666163650CA20A000004FFFFFFFF0CFFFFFFFF0C9B0A00000CA30900000C060000000CFFFFFFFF0CA30A00000A0B110D05706F696E740CFFFFFFFF04
310
FFFFFFFF0CFFFFFFFF13B1316C719B6D1340535AD6773134FB3F00000000000039C0110D05706F696E740CFFFFFFFF04FFFFFFFF0CFFFFFFFF13B2336C719B6D1340D2DEA3CEE82FE83F00000000000039C0110D06636F656467650CFFFFFFFF04FFFFFFFF0CFFFFFFFF0CF50900000CA70900000CAA0900000C3D0A00000A
310
0C3B0A000004000000000CFFFFFFFF110D06636F656467650CFFFFFFFF04FFFFFFFF0CFFFFFFFF0CA70900000CF50900000CAE0900000C400A00000B0C3B0A000004000000000CFFFFFFFF110D046C6F6F700CFFFFFFFF04FFFFFFFF0CFFFFFFFF0CFFFFFFFF0CA70900000C490A0000110E0873747261696768740D056375
310
7276650CFFFFFFFF04FFFFFFFF0CFFFFFFFF13DC0276C73952FE3F1818596B4527044000000000000039C014DC553FAD5EFF60BD000000000000F03F00000000000000000B0B110D04656467650CFFFFFFFF04FFFFFFFF0CFFFFFFFF0CFB0900000600000000000000000CAC09000006403333333333D33F0C390A00000CA4
310
0A00000B0707756E6B6E6F776E110D04666163650CA50A000004FFFFFFFF0CFFFFFFFF0CA60A00000CAB0900000C060000000CFFFFFFFF0CA70A00000A0B110D05706F696E740CFFFFFFFF04FFFFFFFF0CFFFFFFFF13D61176C73952FE3F76ACA3CEE82FE83F00000000000039C0110D04656467650CFFFFFFFF04FFFFFFFF
310
0CFFFFFFFF0CF80900000600000000000000000CB109000006403333333333D33F0CAE0900000CA80A00000B0707756E6B6E6F776E110D04666163650CA90A000004FFFFFFFF0CFFFFFFFF0CB50900000CB00900000C060000000CFFFFFFFF0CAA0A00000A0B110D05706F696E740CFFFFFFFF04FFFFFFFF0CFFFFFFFF13CF
310
0976C73952FE3F2541D6773134FB3F00000000000039C0110E0873747261696768740D0563757276650CFFFFFFFF04FFFFFFFF0CFFFFFFFF135AD4333F1BC4F63F213DD6773134FB3F3333333333B338C014000000000000C03C0000000000000000000000000000F0BF0B0B110E0873747261696768740D0563757276650C
310
FFFFFFFF04FFFFFFFF0CFFFFFFFF1361DC333F1BC4F63F72A4A3CEE82FE83F3333333333B338C014000000000000C03C0000000000000000000000000000F0BF0B0B110E0D4154545249425F435553544F4D0D066174747269620CFFFFFFFF04FFFFFFFF0CFFFFFFFF0CFFFFFFFF0CB5090000071667656E657269635F7461
310
675F6174747269625F6465660403000000040300000004FFFFFFFF071767656E657269635F7461675F6174747269625F64656620040100000004020000000702333404000000000401000000044E0100000400000000110E05706C616E650D07737572666163650CFFFFFFFF04FFFFFFFF0CFFFFFFFF1361DC333F1BC4F63F
310
72A4A3CEE82FE83F3333333333B338C014000000000000F0BFDC553FAD5EFF60BD000000000000C0BC14DC553FAD5EFF60BD000000000000F03FFEA6E4FEFFFF7FBC0B0B0B0B0B110E0873747261696768740D0563757276650CFFFFFFFF04FFFFFFFF0CFFFFFFFF1366476FAC3B171BC01A19A3CEE82FE83F3433333333B3
310
38C01400000000000000000000000000000000000000000000F0BF0B0B110E0D4154545249425F435553544F4D0D066174747269620CFFFFFFFF04FFFFFFFF0CFFFFFFFF0CFFFFFFFF0CBD090000071667656E657269635F7461675F6174747269625F6465660403000000040300000004FFFFFFFF071767656E657269635F
310
7461675F6174747269625F64656620040100000004020000000702343104000000000401000000044E0100000400000000110D04666163650CAB0A000004FFFFFFFF0CFFFFFFFF0C410A00000C3B0A00000C060000000CFFFFFFFF0CAC0A00000A0B110E05706C616E650D07737572666163650CFFFFFFFF04FFFFFFFF0CFF
310
FFFFFF1366476FAC3B171BC01A19A3CEE82FE83F3433333333B338C014000000C06D00613D000000000000F0BF000000000000000014000000000000F0BF000000C06D0061BD774D6BFFFF2FB2BC0B0B0B0B0B110E0873747261696768740D0563757276650CFFFFFFFF04FFFFFFFF0CFFFFFFFF136A496FAC3B171BC077F7
310
D5773134FB3F3433333333B338C01400000000000000000000000000000000000000000000F0BF0B0B110E0D4154545249425F435553544F4D0D066174747269620CFFFFFFFF04FFFFFFFF0CFFFFFFFF0CFFFFFFFF0CC0090000071667656E657269635F7461675F6174747269625F6465660403000000040300000004FFFF
310
FFFF071767656E657269635F7461675F6174747269625F64656620040100000004020000000702333904000000000401000000044E0100000400000000110E05706C616E650D07737572666163650CFFFFFFFF04FFFFFFFF0CFFFFFFFF13F05CF134C3FA1CC073F3D5773134FB3F3433333333B338C014C4F73B0BAA0461BD
310
000000000000F03F000000000000000014000000000000F03FC4F73B0BAA04613D774D6BFFFF2FB23C0B0B0B0B0B110E0D4154545249425F435553544F4D0D066174747269620CFFFFFFFF04FFFFFFFF0CFFFFFFFF0CFFFFFFFF0CC6090000071667656E657269635F7461675F6174747269625F6465660403000000040300
310
000004FFFFFFFF071767656E657269635F7461675F6174747269625F64656620040100000004020000000702343804000000000401000000044E0100000400000000110E05706C616E650D07737572666163650CFFFFFFFF04FFFFFFFF0CFFFFFFFF1309223C5F7A610AC00115D6773134FB3F3333333333B338C014000000
310
000000F03F1E510556E608613D0000000000000000141E510556E608613D000000000000F0BF54A7E4FEFFFF7F3C0B0B0B0B0B110E0D4154545249425F435553544F4D0D066174747269620CFFFFFFFF04FFFFFFFF0CFFFFFFFF0CFFFFFFFF0CC9090000071667656E657269635F7461675F6174747269625F646566040300
310
0000040300000004FFFFFFFF071767656E657269635F7461675F6174747269625F64656620040100000004020000000702343004000000000401000000044E0100000400000000110E05706C616E650D07737572666163650CFFFFFFFF04FFFFFFFF0CFFFFFFFF136A496FAC3B171BC077F7D5773134FB3F3433333333B338
310
C014000000000000F03F000000C06D00613D000000000000000014000000C06D00613D000000000000F0BF07A7E4FEFFFF7F3C0B0B0B0B0B110D06636F656467650CFFFFFFFF04FFFFFFFF0CFFFFFFFF0C030A00000CCE0900000CD10900000C550A00000A0C5709000004000000000CFFFFFFFF110D06636F656467650CFF
310
FFFFFF04FFFFFFFF0CFFFFFFFF0CCE0900000C030A00000CDB0900000C5B0A00000B0C5709000004000000000CFFFFFFFF110E0873747261696768740D0563757276650CFFFFFFFF04FFFFFFFF0CFFFFFFFF1329F446AB50D411C0E94583DB180E0B4000000000000039C014000000000000F0BF7BA1B80F40FF60BD000000
310
00000000800B0B110D04656467650CFFFFFFFF04FFFFFFFF0CFFFFFFFF0C0A0A00000600000000000000000CD309000006403333333333D33F0C520A00000CAD0A00000B0707756E6B6E6F776E110D04666163650CAE0A000004FFFFFFFF0CFFFFFFFF0CC60900000CD20900000C060000000CFFFFFFFF0CAF0A00000A0B11
310
0D05706F696E740CFFFFFFFF04FFFFFFFF0CFFFFFFFF13E9281E3EAC120D404C6883DB180E0B4000000000000039C0110E0873747261696768740D0563757276650CFFFFFFFF04FFFFFFFF0CFFFFFFFF13B62B1E3EAC120D4090BDDF01B6C805403333333333B338C014000000000000000000000000000000000000000000
310
00F0BF0B0B110E0D4154545249425F435553544F4D0D066174747269620CFFFFFFFF04FFFFFFFF0CFFFFFFFF0CFFFFFFFF0CD6090000071667656E657269635F7461675F6174747269625F6465660403000000040300000004FFFFFFFF071767656E657269635F7461675F6174747269625F64656620040100000004020000
310
000702363104000000000401000000044E0100000400000000110E05706C616E650D07737572666163650CFFFFFFFF04FFFFFFFF0CFFFFFFFF13B62B1E3EAC120D4090BDDF01B6C805403333333333B338C014CF4ADE78160561BD000000000000F03F000000000000000014000000000000F03FCF4ADE781605613D774D6B
310
FFFF2FB23C0B0B0B0B0B110D04656467650CFFFFFFFF04FFFFFFFF0CFFFFFFFF0C060A00000600000000000000000CDE09000006403333333333D33F0CDB0900000CB00A00000B0707756E6B6E6F776E110D05706F696E740CFFFFFFFF04FFFFFFFF0CFFFFFFFF1390CDECB9AFB4CE3FDE5983DB180E0B4000000000000039
310
C0110E0873747261696768740D0563757276650CFFFFFFFF04FFFFFFFF0CFFFFFFFF1340FAECB9AFB4CE3F24AFDF01B6C805403333333333B338C01400000000000000000000000000000000000000000000F0BF0B0B110E0D4154545249425F435553544F4D0D066174747269620CFFFFFFFF04FFFFFFFF0CFFFFFFFF0CFF
310
FFFFFF0CE1090000071667656E657269635F7461675F6174747269625F6465660403000000040300000004FFFFFFFF071767656E657269635F7461675F6174747269625F64656620040100000004020000000702353704000000000401000000044E0100000400000000110E05706C616E650D07737572666163650CFFFFFF
310
FF04FFFFFFFF0CFFFFFFFF1378B05E7ECB50F7BFEEA7DF01B6C805403333333333B338C014000000C06D0061BD000000000000F03F000000000000000014000000000000F03F000000C06D00613D774D6BFFFF2FB23C0B0B0B0B0B110D06636F656467650CFFFFFFFF04FFFFFFFF0CFFFFFFFF0C600A00000C600A00000CB1
310
0A00000CB20A00000B0CE809000004000000000CFFFFFFFF110D06636F656467650CB30A000004FFFFFFFF0CFFFFFFFF0C610A00000C610A00000CE90900000C620A00000A0CB40A000004000000000CFFFFFFFF110D04656467650CB50A000004FFFFFFFF0CFFFFFFFF0CB60A000006182D4454FB2109C00CB60A00000618
310
2D4454FB2109400CE90900000CB70A00000B0707756E6B6E6F776E110E0D4154545249425F435553544F4D0D066174747269620CFFFFFFFF04FFFFFFFF0CFFFFFFFF0CFFFFFFFF0CEA0900000711736B657463685F6174747269625F646566040100000004010000000403000000070D31343720302031203020312031110D
310
046C6F6F700CFFFFFFFF04FFFFFFFF0CFFFFFFFF0CFFFFFFFF0CEA0900000C940A0000110E0D4154545249425F435553544F4D0D066174747269620CFFFFFFFF04FFFFFFFF0CFFFFFFFF0CFFFFFFFF0CEB090000071667656E657269635F7461675F6174747269625F6465660403000000040300000004FFFFFFFF07176765
310
6E657269635F7461675F6174747269625F646566200401000000040400000007042D31343704000000000401000000044E0100000400000000110D067665727465780CFFFFFFFF04FFFFFFFF0CFFFFFFFF0CEB09000004000000000CB80A0000110E07656C6C697073650D0563757276650CFFFFFFFF04FFFFFFFF0CFFFFFF
310
FF13C0331791C632194080239951CD45BFBF3333333333B338C01400000000000000800000000000000080000000000000F0BF1480C8E2EB8A15C53F10DF653A7467363D000000000060C6B906000000000000F03F0B0B110D06636F656467650CB90A000004FFFFFFFF0CFFFFFFFF0C970A00000C960A00000CEC0900000C
310
690A00000A0C980A000004000000000CFFFFFFFF110D04656467650CFFFFFFFF04FFFFFFFF0CFFFFFFFF0C6B0A00000638FA179B7365D1BF0C6E0A000006B8D87C53C085E53F0CEC0900000CBA0A00000B0707756E6B6E6F776E110E0D4154545249425F435553544F4D0D066174747269620CFFFFFFFF04FFFFFFFF0CFFFF
310
FFFF0CFFFFFFFF0CED0900000711736B657463685F6174747269625F646566040100000004010000000403000000070D33333220302031203020312031110D067665727465780CFFFFFFFF04FFFFFFFF0CFFFFFFFF0C690A000004000000000CBB0A0000110E0873747261696768740D0563757276650CFFFFFFFF04FFFFFF
310
FF0CFFFFFFFF13645DB7D34238FF3F9941D6773134FB3F3333333333B338C014000000000000F03FF700E60AAA04613D00000000000000800B0B110E0D4154545249425F435553544F4D0D066174747269620CFFFFFFFF04FFFFFFFF0CFFFFFFFF0CFFFFFFFF0CEF0900000711736B657463685F6174747269625F64656604
310
0100000004010000000403000000070D33323820302031203020312031110D067665727465780CFFFFFFFF04FFFFFFFF0CFFFFFFFF0CF009000004000000000CBC0A0000110E0873747261696768740D0563757276650CFFFFFFFF04FFFFFFFF0CFFFFFFFF13FF7CB318A97F01406FB1A3CEE82FE83F3333333333B338C014
310
000000000000F0BF000000C06D0061BD00000000000000000B0B110D05706F696E740CFFFFFFFF04FFFFFFFF0CFFFFFFFF13B2336C719B6D1340D2DEA3CEE82FE83F3333333333B338C0110D05706F696E740CFFFFFFFF04FFFFFFFF0CFFFFFFFF13B1316C719B6D1340535AD6773134FB3F3333333333B338C0110E0D4154
310
545249425F435553544F4D0D066174747269620CFFFFFFFF04FFFFFFFF0CFFFFFFFF0CFFFFFFFF0CF50900000711736B657463685F6174747269625F646566040100000004010000000403000000070D33313720302031203020312031110E0873747261696768740D0563757276650CFFFFFFFF04FFFFFFFF0CFFFFFFFF13
310
1D0C76C73952FE3F98421091D4DAF63F3333333333B338C014DC553FAD5EFF603D000000000000F0BF00000000000000000B0B110D05706F696E740CFFFFFFFF04FFFFFFFF0CFFFFFFFF13CE0976C73952FE3F2541D6773134FB3F3333333333B338C0110D05706F696E740CFFFFFFFF04FFFFFFFF0CFFFFFFFF13D51176C7
310
3952FE3F76ACA3CEE82FE83F3333333333B338C0110E0D4154545249425F435553544F4D0D066174747269620CFFFFFFFF04FFFFFFFF0CFFFFFFFF0CFFFFFFFF0C030A00000711736B657463685F6174747269625F646566040100000004010000000403000000070D33383120302031203020312031110E08737472616967
310
68740D0563757276650CFFFFFFFF04FFFFFFFF0CFFFFFFFF132701094EA4DED6BF555783DB180E0B403333333333B338C014000000000000F03F7BA1B80F40FF603D00000000000000800B0B110D05706F696E740CFFFFFFFF04FFFFFFFF0CFFFFFFFF1390CDECB9AFB4CE3FDE5983DB180E0B403333333333B338C0110D05
310
706F696E740CFFFFFFFF04FFFFFFFF0CFFFFFFFF13E9281E3EAC120D404C6883DB180E0B403333333333B338C0110D046C6F6F700CFFFFFFFF04FFFFFFFF0CFFFFFFFF0CBD0A00000C820A00000C3E000000110E0D4154545249425F435553544F4D0D066174747269620CFFFFFFFF04FFFFFFFF0CFFFFFFFF0CFFFFFFFF0C
310
0F0A0000071667656E657269635F7461675F6174747269625F6465660403000000040300000004FFFFFFFF071767656E657269635F7461675F6174747269625F64656620040100000004020000000702323804000000000401000000044E0100000400000000110D04666163650CBE0A000004FFFFFFFF0CFFFFFFFF0CBF0A
310
00000CC00A00000C060000000CFFFFFFFF0CC10A00000A0B110D046C6F6F700CFFFFFFFF04FFFFFFFF0CFFFFFFFF0CFFFFFFFF0CC20A00000C0F0A0000110E05706C616E650D07737572666163650CFFFFFFFF04FFFFFFFF0CFFFFFFFF13A9C7CB6BB1E50C40BD4FD6773134FB3F3333333333B338C014000000000000F03F
310
000000C06D00613D000000000000000014000000C06D00613D000000000000F0BF07A7E4FEFFFF7F3C0B0B0B0B0B110D046C6F6F700CFFFFFFFF04FFFFFFFF0CFFFFFFFF0CFFFFFFFF0CC30A00000C85090000110D06636F656467650CFFFFFFFF04FFFFFFFF0CFFFFFFFF0C800A00000C800A00000CC40A00000CC50A0000
310
0A0C100A000004000000000CFFFFFFFF110D06636F656467650CC60A000004FFFFFFFF0CFFFFFFFF0C810A00000C810A00000CC70A00000CC80A00000A0C120A000004000000000CFFFFFFFF110D06636F656467650CFFFFFFFF04FFFFFFFF0CFFFFFFFF0C820A00000C820A00000C130A00000C830A00000B0C7A0A000004
310
000000000CFFFFFFFF110D04656467650CFFFFFFFF04FFFFFFFF0CFFFFFFFF0CC90A000006182D4454FB2109C00CC90A000006182D4454FB2109400C820A00000CCA0A00000B0707756E6B6E6F776E110E0D4154545249425F435553544F4D0D066174747269620CFFFFFFFF04FFFFFFFF0CFFFFFFFF0CFFFFFFFF0C140A00
310
000711736B657463685F6174747269625F646566040100000004010000000403000000070D33373120302031203020312031110D06636F656467650CFFFFFFFF04FFFFFFFF0CFFFFFFFF0C850A00000C850A00000C140A00000C860A00000B0CCB0A000004000000000CFFFFFFFF110D04656467650CCC0A000004FFFFFFFF
310
0CFFFFFFFF0CCD0A000006172D4454FB2109C00CCD0A000006192D4454FB2109400C850A00000CCE0A00000B0707756E6B6E6F776E110D067665727465780CFFFFFFFF04FFFFFFFF0CFFFFFFFF0C160A000004000000000CCF0A0000110E07656C6C697073650D0563757276650CFFFFFFFF04FFFFFFFF0CFFFFFFFF139762
310
CB8EB1EE104050D10ADE700AD2BF00000000000039C01400000000000000800000000000000080000000000000F03F1470C8E2EB8A15C53FFFDE653A7467363D000000000000000006000000000000F03F0B0B110D046C6F6F700CFFFFFFFF04FFFFFFFF0CFFFFFFFF0CCB0A00000C180A00000C54000000110E0D41545452
310
49425F435553544F4D0D066174747269620CFFFFFFFF04FFFFFFFF0CFFFFFFFF0CFFFFFFFF0C190A0000071667656E657269635F7461675F6174747269625F6465660403000000040300000004FFFFFFFF071767656E657269635F7461675F6174747269625F646566200401000000040400000007042D3232300400000000
310
0401000000044E0100000400000000110D067665727465780CFFFFFFFF04FFFFFFFF0CFFFFFFFF0C190A000004000000000CD00A0000110E07656C6C697073650D0563757276650CFFFFFFFF04FFFFFFFF0CFFFFFFFF13460CA26CCE200440B00B0BDE700AD2BF3333333333B338C014000000000000008000000000000000
310
80000000000000F0BF1472C8E2EB8A15C53F01DF653A7467363D000000000000000006000000000000F03F0B0B110D05706F696E740CFFFFFFFF04FFFFFFFF0CFFFFFFFF13BFDFE3BD75CF02404A110BDE700AD2BF00000000000039C0110D05706F696E740CFFFFFFFF04FFFFFFFF0CFFFFFFFF13E90AD3CA56E2F73FB160
310
63820C50E9BF3333333333B338C0110D06636F656467650CFFFFFFFF04FFFFFFFF0CFFFFFFFF0C8F0A00000C8F0A00000C220A00000C900A00000A0CD10A000004000000000CFFFFFFFF110D04656467650CFFFFFFFF04FFFFFFFF0CFFFFFFFF0CD20A000006182D4454FB2109C00CD20A000006182D4454FB2109400C220A
310
00000CD30A00000B0707756E6B6E6F776E110D046C6F6F700CFFFFFFFF04FFFFFFFF0CFFFFFFFF0CB40A00000C230A00000CD40A0000110D067665727465780CFFFFFFFF04FFFFFFFF0CFFFFFFFF0C240A000004000000000CD50A0000110E07656C6C697073650D0563757276650CFFFFFFFF04FFFFFFFF0CFFFFFFFF13E6
310
9108BBD65D1440812363820C50E9BF00000000000039C01400000000000000800000000000000080000000000000F03F1470C8E2EB8A15C53FFFDE653A7467363D000000000000000006000000000000F03F0B0B110D04666163650CD60A000004FFFFFFFF0CFFFFFFFF0CD40A00000C250A00000C060000000CFFFFFFFF0C
310
D70A00000A0B110D05706F696E740CFFFFFFFF04FFFFFFFF0CFFFFFFFF137C1DB8391A8A1840E9399951CD45BFBF00000000000039C0110D06636F656467650CFFFFFFFF04FFFFFFFF0CFFFFFFFF0C680A00000C280A00000C2B0A00000C9A0A00000A0C980A000004000000000CFFFFFFFF110D06636F656467650CFFFFFF
310
FF04FFFFFFFF0CFFFFFFFF0C280A00000C680A00000C2F0A00000C9D0A00000B0C980A000004000000000CFFFFFFFF110D046C6F6F700CFFFFFFFF04FFFFFFFF0CFFFFFFFF0CFFFFFFFF0C280A00000CA60A0000110E0873747261696768740D0563757276650CFFFFFFFF04FFFFFFFF0CFFFFFFFF133CFA432023511540B2
310
26596B4527044000000000000039C014000000C06D0061BD000000000000F03F00000000000000000B0B110D04656467650CFFFFFFFF04FFFFFFFF0CFFFFFFFF0C6E0A00000600000000000000000C2D0A000006403333333333D33F0C960A00000CD80A00000B0707756E6B6E6F776E110D04666163650CD90A000004FFFF
310
FFFF0CFFFFFFFF0C940A00000C2C0A00000C060000000CFFFFFFFF0CDA0A00000A0B110D05706F696E740CFFFFFFFF04FFFFFFFF0CFFFFFFFF13FCFD432023511540DAE6A3CEE82FE83F00000000000039C0110D04656467650CFFFFFFFF04FFFFFFFF0CFFFFFFFF0C6B0A00000600000000000000000C320A000006403333
310
333333D33F0C2F0A00000CDB0A00000B0707756E6B6E6F776E110D04666163650CDC0A000004FFFFFFFF0CFFFFFFFF0C360A00000C310A00000C060000000CFFFFFFFF0CDD0A00000A0B110D05706F696E740CFFFFFFFF04FFFFFFFF0CFFFFFFFF13FAFB432023511540575ED6773134FB3F00000000000039C0110E087374
310
7261696768740D0563757276650CFFFFFFFF04FFFFFFFF0CFFFFFFFF13B1316C719B6D1340535AD6773134FB3F3333333333B338C01400000000000000000000000000000000000000000000F0BF0B0B110E0873747261696768740D0563757276650CFFFFFFFF04FFFFFFFF0CFFFFFFFF13B2336C719B6D1340D2DEA3CEE8
310
2FE83F3333333333B338C01400000000000000000000000000000000000000000000F0BF0B0B110E0D4154545249425F435553544F4D0D066174747269620CFFFFFFFF04FFFFFFFF0CFFFFFFFF0CFFFFFFFF0C360A0000071667656E657269635F7461675F6174747269625F6465660403000000040300000004FFFFFFFF07
310
1767656E657269635F7461675F6174747269625F64656620040100000004020000000702323604000000000401000000044E0100000400000000110E05706C616E650D07737572666163650CFFFFFFFF04FFFFFFFF0CFFFFFFFF13B2336C719B6D1340D2DEA3CEE82FE83F3333333333B338C014000000000000F0BF000000
310
C06D0061BD000000000000008014000000C06D0061BD000000000000F03F07A7E4FEFFFF7FBC0B0B0B0B0B110E0873747261696768740D0563757276650CFFFFFFFF04FFFFFFFF0CFFFFFFFF13D51176C73952FE3F76ACA3CEE82FE83F3333333333B338C014000000000000C03C0000000000000000000000000000F0BF0B
310
0B110E0D4154545249425F435553544F4D0D066174747269620CFFFFFFFF04FFFFFFFF0CFFFFFFFF0CFFFFFFFF0C3E0A0000071667656E657269635F7461675F6174747269625F6465660403000000040300000004FFFFFFFF071767656E657269635F7461675F6174747269625F6465662004010000000402000000070233
310
3304000000000401000000044E0100000400000000110D04666163650CDE0A000004FFFFFFFF0CFFFFFFFF0C9E0A00000C980A00000C060000000CFFFFFFFF0CDF0A00000A0B110E05706C616E650D07737572666163650CFFFFFFFF04FFFFFFFF0CFFFFFFFF13D51176C73952FE3F76ACA3CEE82FE83F3333333333B338C0
310
14000000C06D00613D000000000000F0BF000000C06D00313A14000000000000F0BF000000C06D0061BD774D6BFFFF2FB2BC0B0B0B0B0B110E0873747261696768740D0563757276650CFFFFFFFF04FFFFFFFF0CFFFFFFFF13CE0976C73952FE3F2541D6773134FB3F3333333333B338C014000000000000C03C0000000000
310
000000000000000000F0BF0B0B110E0D4154545249425F435553544F4D0D066174747269620CFFFFFFFF04FFFFFFFF0CFFFFFFFF0CFFFFFFFF0C410A0000071667656E657269635F7461675F6174747269625F6465660403000000040300000004FFFFFFFF071767656E657269635F7461675F6174747269625F6465662004
310
0100000004020000000702333104000000000401000000044E0100000400000000110E05706C616E650D07737572666163650CFFFFFFFF04FFFFFFFF0CFFFFFFFF135AD4333F1BC4F63F213DD6773134FB3F3333333333B338C0148FA8020BAA0461BD000000000000F03F8FA8020BAA0431BA14000000000000F03F8FA802
310
0BAA04613D774D6BFFFF2FB23C0B0B0B0B0B110E0D4154545249425F435553544F4D0D066174747269620CFFFFFFFF04FFFFFFFF0CFFFFFFFF0CFFFFFFFF0C490A0000071667656E657269635F7461675F6174747269625F6465660403000000040300000004FFFFFFFF071767656E657269635F7461675F6174747269625F
310
64656620040100000004020000000702333204000000000401000000044E0100000400000000110E05706C616E650D07737572666163650CFFFFFFFF04FFFFFFFF0CFFFFFFFF13CE0976C73952FE3F2541D6773134FB3F3333333333B338C014000000000000F03FDC553FAD5EFF603D000000000000C03C14DC553FAD5EFF
310
603D000000000000F0BFFEA6E4FEFFFF7F3C0B0B0B0B0B110E0873747261696768740D0563757276650CFFFFFFFF04FFFFFFFF0CFFFFFFFF13E9281E3EAC120D404C6883DB180E0B403333333333B338C01400000000000000000000000000000000000000000000F0BF0B0B110E0D4154545249425F435553544F4D0D0661
310
74747269620CFFFFFFFF04FFFFFFFF0CFFFFFFFF0CFFFFFFFF0C560A0000071667656E657269635F7461675F6174747269625F6465660403000000040300000004FFFFFFFF071767656E657269635F7461675F6174747269625F64656620040100000004020000000702363004000000000401000000044E01000004000000
310
00110E05706C616E650D07737572666163650CFFFFFFFF04FFFFFFFF0CFFFFFFFF13E9281E3EAC120D404C6883DB180E0B403333333333B338C014000000000000F03F000000C06D00613D000000000000000014000000C06D00613D000000000000F0BF07A7E4FEFFFF7F3C0B0B0B0B0B110E0873747261696768740D0563
310
757276650CFFFFFFFF04FFFFFFFF0CFFFFFFFF1390CDECB9AFB4CE3FDE5983DB180E0B403333333333B338C01400000000000000000000000000000000000000000000F0BF0B0B110D06636F656467650CE00A000004FFFFFFFF0CFFFFFFFF0CB10A00000CB10A00000C600A00000CB20A00000A0CE10A000004000000000C
310
FFFFFFFF110D04656467650CE20A000004FFFFFFFF0CFFFFFFFF0CE30A000006192D4454FB2109C00CE30A000006172D4454FB2109400C600A00000CE40A00000B0707756E6B6E6F776E110E0D4154545249425F435553544F4D0D066174747269620CFFFFFFFF04FFFFFFFF0CFFFFFFFF0CFFFFFFFF0C610A00000711736B
310
657463685F6174747269625F646566040100000004010000000403000000070D33303920302031203020312031110D046C6F6F700CFFFFFFFF04FFFFFFFF0CFFFFFFFF0CFFFFFFFF0C610A00000CD40A0000110E0D4154545249425F435553544F4D0D066174747269620CFFFFFFFF04FFFFFFFF0CFFFFFFFF0CFFFFFFFF0C
310
620A0000071667656E657269635F7461675F6174747269625F6465660403000000040300000004FFFFFFFF071767656E657269635F7461675F6174747269625F646566200401000000040400000007042D33303904000000000401000000044E0100000400000000110D067665727465780CFFFFFFFF04FFFFFFFF0CFFFFFF
310
FF0C620A000004000000000CE50A0000110E07656C6C697073650D0563757276650CFFFFFFFF04FFFFFFFF0CFFFFFFFF13E69108BBD65D1440812363820C50E9BF3333333333B338C01400000000000000800000000000000080000000000000F0BF1470C8E2EB8A15C53FFFDE653A7467363D000000000000000006000000
310
000000F03F0B0B110D05706F696E740CFFFFFFFF04FFFFFFFF0CFFFFFFFF137C1DB8391A8A1840F0399951CD45BFBF3333333333B338C0110E0D4154545249425F435553544F4D0D066174747269620CFFFFFFFF04FFFFFFFF0CFFFFFFFF0CFFFFFFFF0C680A00000711736B657463685F6174747269625F64656604010000
310
0004010000000403000000070D33333320302031203020312031110E0873747261696768740D0563757276650CFFFFFFFF04FFFFFFFF0CFFFFFFFF138EFC432023511540C95F1091D4DAF63F3333333333B338C014000000C06D00613D000000000000F0BF00000000000000000B0B110D05706F696E740CFFFFFFFF04FFFF
310
FFFF0CFFFFFFFF13FAFB432023511540575ED6773134FB3F3333333333B338C0110D05706F696E740CFFFFFFFF04FFFFFFFF0CFFFFFFFF13FCFD432023511540DAE6A3CEE82FE83F3333333333B338C0110D046C6F6F700CFFFFFFFF04FFFFFFFF0CFFFFFFFF0CE60A00000CC40A00000C3E000000110E0D4154545249425F
310
435553544F4D0D066174747269620CFFFFFFFF04FFFFFFFF0CFFFFFFFF0CFFFFFFFF0C7C0A0000071667656E657269635F7461675F6174747269625F6465660403000000040300000004FFFFFFFF071767656E657269635F7461675F6174747269625F64656620040100000004020000000702323704000000000401000000
310
044E0100000400000000110D04666163650CE70A000004FFFFFFFF0CFFFFFFFF0CE80A00000CE90A00000C060000000CFFFFFFFF0CEA0A00000A0B110D046C6F6F700CFFFFFFFF04FFFFFFFF0CFFFFFFFF0CFFFFFFFF0CEB0A00000C7C0A0000110E05706C616E650D07737572666163650CFFFFFFFF04FFFFFFFF0CFFFFFF
310
FF13EEACAA27A21E0940B94BD6773134FB3F3333333333B338C0148FA8020BAA0461BD000000000000F03F000000000000000014000000000000F03F8FA8020BAA04613D774D6BFFFF2FB23C0B0B0B0B0B110D06636F656467650CFFFFFFFF04FFFFFFFF0CFFFFFFFF0CEC0A00000CED0A00000CEE0A00000CEF0A00000A0C
310
7D0A000004000000000CFFFFFFFF110D06636F656467650CF00A000004FFFFFFFF0CFFFFFFFF0CC30A00000CC30A00000CF10A00000CF20A00000A0C7F0A000004000000000CFFFFFFFF110D06636F656467650CFFFFFFFF04FFFFFFFF0CFFFFFFFF0CC40A00000CC40A00000C800A00000CC50A00000B0CBD0A0000040000
310
00000CFFFFFFFF110D04656467650CFFFFFFFF04FFFFFFFF0CFFFFFFFF0CF30A000006182D4454FB2109C00CF30A000006182D4454FB2109400CC40A00000CF40A00000B0707756E6B6E6F776E110E0D4154545249425F435553544F4D0D066174747269620CFFFFFFFF04FFFFFFFF0CFFFFFFFF0CFFFFFFFF0C810A000007
310
11736B657463685F6174747269625F646566040100000004010000000403000000070D31373620302031203020312031110D06636F656467650CFFFFFFFF04FFFFFFFF0CFFFFFFFF0CC70A00000CC70A00000C810A00000CC80A00000B0CF50A000004000000000CFFFFFFFF110D04656467650CF60A000004FFFFFFFF0CFF
310
FFFFFF0CF70A000006182D4454FB2109C00CF70A000006182D4454FB2109400CC70A00000CF80A00000B0707756E6B6E6F776E110D067665727465780CFFFFFFFF04FFFFFFFF0CFFFFFFFF0C830A000004000000000CF90A0000110E07656C6C697073650D0563757276650CFFFFFFFF04FFFFFFFF0CFFFFFFFF1326C045E7
310
FBCC1740FB36B06ED4A1E9BF00000000000039C01400000000000000800000000000000080000000000000F03F1480C8E2EB8A15C53F10DF653A7467363D000000000000000006000000000000F03F0B0B110D046C6F6F700CFFFFFFFF04FFFFFFFF0CFFFFFFFF0CF50A00000C850A00000C54000000110E0D415454524942
310
5F435553544F4D0D066174747269620CFFFFFFFF04FFFFFFFF0CFFFFFFFF0CFFFFFFFF0C860A0000071667656E657269635F7461675F6174747269625F6465660403000000040300000004FFFFFFFF071767656E657269635F7461675F6174747269625F646566200401000000040400000007042D33373104000000000401
310
000000044E0100000400000000110D067665727465780CFFFFFFFF04FFFFFFFF0CFFFFFFFF0C860A000004000000000CFA0A0000110E07656C6C697073650D0563757276650CFFFFFFFF04FFFFFFFF0CFFFFFFFF139762CB8EB1EE104050D10ADE700AD2BF3333333333B338C0140000000000000080000000000000008000
310
0000000000F0BF1470C8E2EB8A15C53FFFDE653A7467363D000000000000000006000000000000F03F0B0B110D05706F696E740CFFFFFFFF04FFFFFFFF0CFFFFFFFF13544C6C3705461040EAD60ADE700AD2BF00000000000039C0110D05706F696E740CFFFFFFFF04FFFFFFFF0CFFFFFFFF13BEDFE3BD75CF02404C110BDE
310
700AD2BF3333333333B338C0110D046C6F6F700CFFFFFFFF04FFFFFFFF0CFFFFFFFF0CE10A00000C8F0A00000CFB0A0000110D067665727465780CFFFFFFFF04FFFFFFFF0CFFFFFFFF0C900A000004000000000CFC0A0000110E07656C6C697073650D0563757276650CFFFFFFFF04FFFFFFFF0CFFFFFFFF13E46A1CC518FF
310
0A40B34063820C50E9BF00000000000039C01400000000000000800000000000000080000000000000F03F1470C8E2EB8A15C53FFFDE653A7467363D000000000000000006000000000000F03F0B0B110D04666163650CFD0A000004FFFFFFFF0CFFFFFFFF0CFB0A00000C910A00000C060000000CFFFFFFFF0CFE0A00000A
310
0B110D05706F696E740CFFFFFFFF04FFFFFFFF0CFFFFFFFF13A27BA9632AB513404E2663820C50E9BF00000000000039C0110E0D4154545249425F435553544F4D0D066174747269620CFFFFFFFF04FFFFFFFF0CFFFFFFFF0CFFFFFFFF0C940A0000071667656E657269635F7461675F6174747269625F6465660403000000
310
040300000004FFFFFFFF071767656E657269635F7461675F6174747269625F64656620040100000004020000000702323104000000000401000000044E0100000400000000110E04636F6E650D07737572666163650CFFFFFFFF04FFFFFFFF0CFFFFFFFF13C0331791C632194080239951CD45BFBF3333333333B338C01400
310
0000000000000000000000000080BC000000000000F0BF1480C8E2EB8A15C53F10DF653A7467363D000000000060C6B906000000000000F03F0B0B06000000000000000006000000000000F03F0680C8E2EB8A15C53F0B0B0B0B0B110E0873747261696768740D0563757276650CFFFFFFFF04FFFFFFFF0CFFFFFFFF13FCFD
310
432023511540DAE6A3CEE82FE83F3333333333B338C01400000000000000000000000000000000000000000000F0BF0B0B110E0D4154545249425F435553544F4D0D066174747269620CFFFFFFFF04FFFFFFFF0CFFFFFFFF0CFFFFFFFF0C9B0A0000071667656E657269635F7461675F6174747269625F6465660403000000
310
040300000004FFFFFFFF071767656E657269635F7461675F6174747269625F64656620040100000004020000000702323504000000000401000000044E0100000400000000110E05706C616E650D07737572666163650CFFFFFFFF04FFFFFFFF0CFFFFFFFF13FCFD432023511540DAE6A3CEE82FE83F3333333333B338C014
310
000000C06D00613D000000000000F0BF000000000000000014000000000000F0BF000000C06D0061BD774D6BFFFF2FB2BC0B0B0B0B0B110E0873747261696768740D0563757276650CFFFFFFFF04FFFFFFFF0CFFFFFFFF13FAFB432023511540575ED6773134FB3F3333333333B338C0140000000000000000000000000000
310
0000000000000000F0BF0B0B110E0D4154545249425F435553544F4D0D066174747269620CFFFFFFFF04FFFFFFFF0CFFFFFFFF0CFFFFFFFF0C9E0A0000071667656E657269635F7461675F6174747269625F6465660403000000040300000004FFFFFFFF071767656E657269635F7461675F6174747269625F646566200401
310
00000004020000000702323304000000000401000000044E0100000400000000110E05706C616E650D07737572666163650CFFFFFFFF04FFFFFFFF0CFFFFFFFF13B1316C719B6D1340535AD6773134FB3F3333333333B338C014F700E60AAA0461BD000000000000F03F000000000000000014000000000000F03FF700E60A
310
AA04613D774D6BFFFF2FB23C0B0B0B0B0B110E0D4154545249425F435553544F4D0D066174747269620CFFFFFFFF04FFFFFFFF0CFFFFFFFF0CFFFFFFFF0CA60A0000071667656E657269635F7461675F6174747269625F6465660403000000040300000004FFFFFFFF071767656E657269635F7461675F6174747269625F64
310
656620040100000004020000000702323404000000000401000000044E0100000400000000110E05706C616E650D07737572666163650CFFFFFFFF04FFFFFFFF0CFFFFFFFF13FAFB432023511540575ED6773134FB3F3333333333B338C014000000000000F03F000000C06D00613D000000000000000014000000C06D0061
310
3D000000000000F0BF07A7E4FEFFFF7F3C0B0B0B0B0B110E0D4154545249425F435553544F4D0D066174747269620CFFFFFFFF04FFFFFFFF0CFFFFFFFF0CFFFFFFFF0CB10A00000711736B657463685F6174747269625F646566040100000004010000000403000000070D33343520302031203020312031110D046C6F6F70
310
0CFFFFFFFF04FFFFFFFF0CFFFFFFFF0CFFFFFFFF0CB10A00000CFB0A0000110E0D4154545249425F435553544F4D0D066174747269620CFFFFFFFF04FFFFFFFF0CFFFFFFFF0CFFFFFFFF0CB20A0000071667656E657269635F7461675F6174747269625F6465660403000000040300000004FFFFFFFF071767656E65726963
310
5F7461675F6174747269625F646566200401000000040400000007042D33343504000000000401000000044E0100000400000000110D067665727465780CFFFFFFFF04FFFFFFFF0CFFFFFFFF0CB20A000004000000000CFF0A0000110E07656C6C697073650D0563757276650CFFFFFFFF04FFFFFFFF0CFFFFFFFF13E46A1C
310
C518FF0A40B34063820C50E9BF3333333333B338C01400000000000000800000000000000080000000000000F0BF1470C8E2EB8A15C53FFFDE653A7467363D000000000000000006000000000000F03F0B0B110D05706F696E740CFFFFFFFF04FFFFFFFF0CFFFFFFFF13A47BA9632AB513404E2663820C50E9BF3333333333
310
B338C0110D046C6F6F700CFFFFFFFF04FFFFFFFF0CFFFFFFFF0C000B00000C010B00000C3E000000110E0D4154545249425F435553544F4D0D066174747269620CFFFFFFFF04FFFFFFFF0CFFFFFFFF0CFFFFFFFF0CBF0A0000071667656E657269635F7461675F6174747269625F6465660403000000040300000004FFFFFF
310
FF071767656E657269635F7461675F6174747269625F64656620040100000004020000000702333004000000000401000000044E0100000400000000110D04666163650C020B000004FFFFFFFF0CFFFFFFFF0C030B00000C040B00000C060000000CFFFFFFFF0C050B00000A0B110D046C6F6F700CFFFFFFFF04FFFFFFFF0C
310
FFFFFFFF0CFFFFFFFF0C060B00000CBF0A0000110E05706C616E650D07737572666163650CFFFFFFFF04FFFFFFFF0CFFFFFFFF13F2B0AA27A21E0940A2C1A3CEE82FE83F3333333333B338C014000000000000F0BFDC553FAD5EFF60BD000000000000008014DC553FAD5EFF60BD000000000000F03FFEA6E4FEFFFF7FBC0B
310
0B0B0B0B110D06636F656467650CFFFFFFFF04FFFFFFFF0CFFFFFFFF0C070B00000C080B00000C090B00000C0A0B00000A0CC00A000004000000000CFFFFFFFF110D06636F656467650CFFFFFFFF04FFFFFFFF0CFFFFFFFF0C0B0B00000CC20A00000C0C0B00000C0D0B00000A0C7D0A000004000000000CFFFFFFFF110D06
310
636F656467650CFFFFFFFF04FFFFFFFF0CFFFFFFFF0CC20A00000C0B0B00000C070B00000C0E0B00000B0C7D0A000004000000000CFFFFFFFF110D06636F656467650CFFFFFFFF04FFFFFFFF0CFFFFFFFF0C090B00000C0F0B00000CC20A00000CEF0A00000B0CE60A000004000000000CFFFFFFFF110D04656467650CFFFF
310
FFFF04FFFFFFFF0CFFFFFFFF0C100B000006F959606F9636FCBF0C110B0000061EDEB7BDB234EABF0CEE0A00000C120B00000B0707756E6B6E6F776E110E0D4154545249425F435553544F4D0D066174747269620CFFFFFFFF04FFFFFFFF0CFFFFFFFF0CFFFFFFFF0CC30A00000711736B657463685F6174747269625F6465
310
66040100000004010000000403000000070D33333620302031203020312031110D06636F656467650CFFFFFFFF04FFFFFFFF0CFFFFFFFF0CF10A00000CF10A00000CC30A00000CF20A00000B0C130B000004000000000CFFFFFFFF110D04656467650C140B000004FFFFFFFF0CFFFFFFFF0C150B000006172D4454FB2109C0
310
0C150B000006192D4454FB2109400CF10A00000C160B00000B0707756E6B6E6F776E110D067665727465780CFFFFFFFF04FFFFFFFF0CFFFFFFFF0CC50A000004000000000C170B0000110E07656C6C697073650D0563757276650CFFFFFFFF04FFFFFFFF0CFFFFFFFF137ED42111331F17409244B6B76F90E73F0000000000
310
0039C01400000000000000800000000000000080000000000000F03F1470C8E2EB8A15C53FFFDE653A7467363D000000000000000006000000000000F03F0B0B110D046C6F6F700CFFFFFFFF04FFFFFFFF0CFFFFFFFF0C130B00000CC70A00000C54000000110E0D4154545249425F435553544F4D0D066174747269620CFF
310
FFFFFF04FFFFFFFF0CFFFFFFFF0CFFFFFFFF0CC80A0000071667656E657269635F7461675F6174747269625F6465660403000000040300000004FFFFFFFF071767656E657269635F7461675F6174747269625F646566200401000000040400000007042D31373604000000000401000000044E0100000400000000110D0676
310
65727465780CFFFFFFFF04FFFFFFFF0CFFFFFFFF0CC80A000004000000000C180B0000110E07656C6C697073650D0563757276650CFFFFFFFF04FFFFFFFF0CFFFFFFFF1326C045E7FBCC1740FB36B06ED4A1E9BF3333333333B338C01400000000000000800000000000000080000000000000F0BF1480C8E2EB8A15C53F10
310
DF653A7467363D000000000000000006000000000000F03F0B0B110D05706F696E740CFFFFFFFF04FFFFFFFF0CFFFFFFFF13E2A9E68F4F241740C839B06ED4A1E9BF00000000000039C0110D05706F696E740CFFFFFFFF04FFFFFFFF0CFFFFFFFF13544C6C3705461040E8D60ADE700AD2BF3333333333B338C0110D046661
310
63650C190B000004FFFFFFFF0CFFFFFFFF0C690100000CD10A00000C060000000CFFFFFFFF0C1A0B00000A0B110D05706F696E740CFFFFFFFF04FFFFFFFF0CFFFFFFFF135D3E5E16C0AD0940804363820C50E9BF00000000000039C0110E0D4154545249425F435553544F4D0D066174747269620CFFFFFFFF04FFFFFFFF0C
310
FFFFFFFF0CFFFFFFFF0CD40A0000071667656E657269635F7461675F6174747269625F6465660403000000040300000004FFFFFFFF071767656E657269635F7461675F6174747269625F64656620040100000004020000000702313904000000000401000000044E0100000400000000110E04636F6E650D07737572666163
310
650CFFFFFFFF04FFFFFFFF0CFFFFFFFF13E69108BBD65D1440812363820C50E9BF3333333333B338C01400000000000000000000000000000000000000000000F0BF1470C8E2EB8A15C53FFFDE653A7467363D000000000000000006000000000000F03F0B0B06000000000000000006000000000000F03F0670C8E2EB8A15
310
C53F0B0B0B0B0B110D05706F696E740CFFFFFFFF04FFFFFFFF0CFFFFFFFF135E3E5E16C0AD0940814363820C50E9BF3333333333B338C0110D046C6F6F700CFFFFFFFF04FFFFFFFF0CFFFFFFFF0C1B0B00000C1C0B00000C3E000000110D06636F656467650CFFFFFFFF04FFFFFFFF0CFFFFFFFF0C0F0B00000C090B00000C
310
060B00000C1D0B00000B0CE60A000004000000000CFFFFFFFF110E0D4154545249425F435553544F4D0D066174747269620CFFFFFFFF04FFFFFFFF0CFFFFFFFF0CFFFFFFFF0CE80A0000071667656E657269635F7461675F6174747269625F6465660403000000040300000004FFFFFFFF071767656E657269635F7461675F
310
6174747269625F64656620040100000004020000000702323904000000000401000000044E0100000400000000110D04666163650C1E0B000004FFFFFFFF0CFFFFFFFF0C1F0B00000C200B00000C060000000CFFFFFFFF0C210B00000A0B110D046C6F6F700CFFFFFFFF04FFFFFFFF0CFFFFFFFF0CFFFFFFFF0C220B00000C
310
E80A0000110E05706C616E650D07737572666163650CFFFFFFFF04FFFFFFFF0CFFFFFFFF13ACCBCB6BB1E50C40A6C9A3CEE82FE83F3333333333B338C014000000C06D00613D000000000000F0BF000000000000000014000000000000F0BF000000C06D0061BD774D6BFFFF2FB2BC0B0B0B0B0B110D06636F656467650CFF
310
FFFFFF04FFFFFFFF0CFFFFFFFF0C230B00000C240B00000C010B00000C1D0B00000A0CE90A000004000000000CFFFFFFFF110D06636F656467650CFFFFFFFF04FFFFFFFF0CFFFFFFFF0C250B00000CEB0A00000CED0A00000C0E0B00000A0CC00A000004000000000CFFFFFFFF110D06636F656467650CFFFFFFFF04FFFFFF
310
FF0CFFFFFFFF0CEB0A00000C250B00000C230B00000C260B00000B0CC00A000004000000000CFFFFFFFF110D06636F656467650CFFFFFFFF04FFFFFFFF0CFFFFFFFF0C010B00000CEE0A00000CEB0A00000C0A0B00000B0CE60A000004000000000CFFFFFFFF110D04656467650CFFFFFFFF04FFFFFFFF0CFFFFFFFF0C110B
310
0000062EDE2996537A1AC00C270B000006D05019F4CB9618C00C090B00000C280B00000B0707756E6B6E6F776E110D06636F656467650C290B000004FFFFFFFF0CFFFFFFFF0CED0A00000CEC0A00000C2A0B00000C2B0B00000A0C7D0A000004000000000CFFFFFFFF110D06636F656467650CFFFFFFFF04FFFFFFFF0CFFFF
310
FFFF0C220B00000C2C0B00000CEC0A00000C0D0B00000B0C040B000004000000000CFFFFFFFF110D04656467650CFFFFFFFF04FFFFFFFF0CFFFFFFFF0C2D0B00000600000000000000000C100B000006403333333333D33F0CEC0A00000C2E0B00000B0707756E6B6E6F776E110D04656467650CFFFFFFFF04FFFFFFFF0CFF
310
FFFFFF0C2F0B00000600000000000000000C110B000006403333333333D33F0C070B00000C300B00000B0707756E6B6E6F776E110D06636F656467650CFFFFFFFF04FFFFFFFF0CFFFFFFFF0CEE0A00000C010B00000C220B00000C310B00000B0CE60A000004000000000CFFFFFFFF110D067665727465780CFFFFFFFF04FF
310
FFFFFF0CFFFFFFFF0C310B000004010000000C320B0000110D067665727465780CFFFFFFFF04FFFFFFFF0CFFFFFFFF0CEF0A000004010000000C330B0000110E0873747261696768740D0563757276650CFFFFFFFF04FFFFFFFF0CFFFFFFFF132CC4CB6BB1E50C40661F596B4527044000000000000039C014000000C06D00
310
61BD000000000000F03F00000000000000000B0B110D046C6F6F700CFFFFFFFF04FFFFFFFF0CFFFFFFFF0C340B00000CF10A00000C54000000110E0D4154545249425F435553544F4D0D066174747269620CFFFFFFFF04FFFFFFFF0CFFFFFFFF0CFFFFFFFF0CF20A0000071667656E657269635F7461675F6174747269625F
310
6465660403000000040300000004FFFFFFFF071767656E657269635F7461675F6174747269625F646566200401000000040400000007042D33333604000000000401000000044E0100000400000000110D067665727465780CFFFFFFFF04FFFFFFFF0CFFFFFFFF0CF20A000004000000000C350B0000110E07656C6C697073
310
650D0563757276650CFFFFFFFF04FFFFFFFF0CFFFFFFFF137ED42111331F17409244B6B76F90E73F3333333333B338C01400000000000000800000000000000080000000000000F0BF1470C8E2EB8A15C53FFFDE653A7467363D000000000000000006000000000000F03F0B0B110D05706F696E740CFFFFFFFF04FFFFFFFF
310
0CFFFFFFFF133ABEC2B986761640C541B6B76F90E73F00000000000039C0110D05706F696E740CFFFFFFFF04FFFFFFFF0CFFFFFFFF13E2A9E68F4F241740C839B06ED4A1E9BF3333333333B338C0110E0D4154545249425F435553544F4D0D066174747269620CFFFFFFFF04FFFFFFFF0CFFFFFFFF0CFFFFFFFF0CFB0A0000
310
071667656E657269635F7461675F6174747269625F6465660403000000040300000004FFFFFFFF071767656E657269635F7461675F6174747269625F64656620040100000004020000000702313704000000000401000000044E0100000400000000110E04636F6E650D07737572666163650CFFFFFFFF04FFFFFFFF0CFFFF
310
FFFF13E46A1CC518FF0A40B34063820C50E9BF3333333333B338C01400000000000000000000000000000000000000000000F0BF1470C8E2EB8A15C53FFFDE653A7467363D000000000000000006000000000000F03F0B0B06000000000000000006000000000000F03F0670C8E2EB8A15C53F0B0B0B0B0B110D046C6F6F70
310
0CFFFFFFFF04FFFFFFFF0CFFFFFFFF0C360B00000C370B00000C3E000000110D06636F656467650CFFFFFFFF04FFFFFFFF0CFFFFFFFF0C380B00000C390B00000C3A0B00000C3B0B00000B0C000B000004000000000CFFFFFFFF110D04656467650CFFFFFFFF04FFFFFFFF0CFFFFFFFF0C270B0000065CE6665AEB30D63F0C
310
3C0B0000067F241EE777A8F43F0C010B00000C3D0B00000B0707756E6B6E6F776E110E0D4154545249425F435553544F4D0D066174747269620CFFFFFFFF04FFFFFFFF0CFFFFFFFF0CFFFFFFFF0C030B0000071667656E657269635F7461675F6174747269625F6465660403000000040300000004FFFFFFFF071767656E65
310
7269635F7461675F6174747269625F64656620040100000004020000000702333604000000000401000000044E0100000400000000110D04666163650C3E0B000004FFFFFFFF0CFFFFFFFF0C3F0B00000C400B00000C060000000CFFFFFFFF0C410B00000A0B110D046C6F6F700CFFFFFFFF04FFFFFFFF0CFFFFFFFF0CFFFF
310
FFFF0C420B00000C030B0000110E05706C616E650D07737572666163650CFFFFFFFF04FFFFFFFF0CFFFFFFFF1330E7D48882C8C63F8D32D6773134FB3F3333333333B338C014000000000000F03F1E510556E608613D000000000000B03C141E510556E608613D000000000000F0BF54A7E4FEFFFF7F3C0B0B0B0B0B110D06
310
636F656467650CFFFFFFFF04FFFFFFFF0CFFFFFFFF0C430B00000C0C0B00000C0F0B00000C310B00000A0C040B000004000000000CFFFFFFFF110D06636F656467650CFFFFFFFF04FFFFFFFF0CFFFFFFFF0C440B00000C060B00000C080B00000C260B00000A0CE90A000004000000000CFFFFFFFF110D06636F656467650C
310
FFFFFFFF04FFFFFFFF0CFFFFFFFF0C060B00000C440B00000C430B00000C450B00000B0CE90A000004000000000CFFFFFFFF110D06636F656467650C460B000004FFFFFFFF0CFFFFFFFF0C080B00000C070B00000C470B00000C480B00000A0CC00A000004000000000CFFFFFFFF110D04656467650CFFFFFFFF04FFFFFFFF
310
0CFFFFFFFF0C490B00000600000000000000000C270B000006403333333333D33F0C080B00000C4A0B00000B0707756E6B6E6F776E110D067665727465780CFFFFFFFF04FFFFFFFF0CFFFFFFFF0C1D0B000004000000000C4B0B0000110E0873747261696768740D0563757276650CFFFFFFFF04FFFFFFFF0CFFFFFFFF13B3
310
F487C0F50E08C06A17D6773134FB3F00000000000039C014000000000000F0BF8FA8020BAA0461BD00000000000000800B0B110E0D4154545249425F435553544F4D0D066174747269620CFFFFFFFF04FFFFFFFF0CFFFFFFFF0CFFFFFFFF0C0B0B00000711736B657463685F6174747269625F646566040100000004010000
310
000403000000070D33323520302031203020312031110D06636F656467650CFFFFFFFF04FFFFFFFF0CFFFFFFFF0C4C0B00000C470B00000C0B0B00000C2B0B00000B0C340B000004000000000CFFFFFFFF110D04656467650CFFFFFFFF04FFFFFFFF0CFFFFFFFF0C2F0B00000630FA179B7365D1BF0C2D0B000006BCD87C53
310
C085E53F0C2A0B00000C4D0B00000B0707756E6B6E6F776E110D06636F656467650C4E0B000004FFFFFFFF0CFFFFFFFF0C0C0B00000C430B00000C4C0B00000C4F0B00000A0C040B000004000000000CFFFFFFFF110D067665727465780CFFFFFFFF04FFFFFFFF0CFFFFFFFF0C4F0B000004000000000C500B0000110E0873
310
747261696768740D0563757276650CFFFFFFFF04FFFFFFFF0CFFFFFFFF13ACCBCB6BB1E50C40A6C9A3CEE82FE83F3333333333B338C01400000000000000000000000000000000000000000000F0BF0B0B110D067665727465780CFFFFFFFF04FFFFFFFF0CFFFFFFFF0C2B0B000004000000000C510B0000110E0873747261
310
696768740D0563757276650CFFFFFFFF04FFFFFFFF0CFFFFFFFF13A9C7CB6BB1E50C40BD4FD6773134FB3F3333333333B338C01400000000000000000000000000000000000000000000F0BF0B0B110D04656467650CFFFFFFFF04FFFFFFFF0CFFFFFFFF0C3C0B000006220A112308A517400C100B000006809721C58F8819
310
400C0F0B00000C520B00000B0707756E6B6E6F776E110D05706F696E740CFFFFFFFF04FFFFFFFF0CFFFFFFFF13ACCBCB6BB1E50C40A6C9A3CEE82FE83F00000000000039C0110D05706F696E740CFFFFFFFF04FFFFFFFF0CFFFFFFFF13A9C7CB6BB1E50C40BD4FD6773134FB3F00000000000039C0110D046C6F6F700CFFFF
310
FFFF04FFFFFFFF0CFFFFFFFF0C530B00000C540B00000C54000000110D05706F696E740CFFFFFFFF04FFFFFFFF0CFFFFFFFF133ABEC2B986761640C641B6B76F90E73F3333333333B338C0110D046C6F6F700CFFFFFFFF04FFFFFFFF0CFFFFFFFF0C550B00000C560B00000C3E000000110D06636F656467650CFFFFFFFF04
310
FFFFFFFF0CFFFFFFFF0C570B00000C580B00000C590B00000C5A0B00000B0C1B0B000004000000000CFFFFFFFF110D06636F656467650CFFFFFFFF04FFFFFFFF0CFFFFFFFF0C5B0B00000C1C0B00000C5C0B00000C5D0B00000B0C000B000004000000000CFFFFFFFF110D06636F656467650CFFFFFFFF04FFFFFFFF0CFFFF
310
FFFF0C1C0B00000C5B0B00000C5E0B00000C5F0B00000B0C000B000004000000000CFFFFFFFF110D06636F656467650CFFFFFFFF04FFFFFFFF0CFFFFFFFF0C600B00000C610B00000C1C0B00000C3B0B00000A0C620B000004000000000CFFFFFFFF110D04656467650CFFFFFFFF04FFFFFFFF0CFFFFFFFF0C630B000006AC
310
E6665AEB30D63F0C640B00000695241EE777A8F43F0C1C0B00000C650B00000B0707756E6B6E6F776E110D067665727465780CFFFFFFFF04FFFFFFFF0CFFFFFFFF0C1D0B000004010000000C660B0000110E0873747261696768740D0563757276650CFFFFFFFF04FFFFFFFF0CFFFFFFFF1377ABAA27A21E0940A802382736
310
60004000000000000039C014DC553FAD5EFF603D000000000000F0BF00000000000000000B0B110E0D4154545249425F435553544F4D0D066174747269620CFFFFFFFF04FFFFFFFF0CFFFFFFFF0CFFFFFFFF0C1F0B0000071667656E657269635F7461675F6174747269625F6465660403000000040300000004FFFFFFFF07
310
1767656E657269635F7461675F6174747269625F64656620040100000004020000000702333504000000000401000000044E0100000400000000110D04666163650C670B000004FFFFFFFF0CFFFFFFFF0C680B00000C620B00000C060000000CFFFFFFFF0C690B00000A0B110D046C6F6F700CFFFFFFFF04FFFFFFFF0CFFFF
310
FFFF0CFFFFFFFF0C5E0B00000C1F0B0000110E05706C616E650D07737572666163650CFFFFFFFF04FFFFFFFF0CFFFFFFFF13C0FF85753AD4D2BF892ED6773134FB3F3333333333B338C0146059C90AAA0461BD000000000000F03F6059C90AAA0421BA14000000000000F03F6059C90AAA04613D774D6BFFFF2FB23C0B0B0B
310
0B0B110D06636F656467650CFFFFFFFF04FFFFFFFF0CFFFFFFFF0C6A0B00000C6B0B00000C5B0B00000C6C0B00000A0C200B000004000000000CFFFFFFFF110D06636F656467650CFFFFFFFF04FFFFFFFF0CFFFFFFFF0C2C0B00000C220B00000C240B00000C450B00000A0C040B000004000000000CFFFFFFFF110D06636F
310
656467650C6D0B000004FFFFFFFF0CFFFFFFFF0C240B00000C230B00000C540B00000C6E0B00000A0CE90A000004000000000CFFFFFFFF110D04656467650CFFFFFFFF04FFFFFFFF0CFFFFFFFF0C6F0B00000600000000000000000C3C0B000006403333333333D33F0C430B00000C700B00000B0707756E6B6E6F776E110E
310
0D4154545249425F435553544F4D0D066174747269620CFFFFFFFF04FFFFFFFF0CFFFFFFFF0CFFFFFFFF0C250B00000711736B657463685F6174747269625F646566040100000004010000000403000000070D33323420302031203020312031110D06636F656467650CFFFFFFFF04FFFFFFFF0CFFFFFFFF0C2A0B00000C54
310
0B00000C250B00000C480B00000B0C340B000004000000000CFFFFFFFF110D04656467650CFFFFFFFF04FFFFFFFF0CFFFFFFFF0C490B00000676D9651BCB6000400C2F0B00000631F4865FDA2704400C470B00000C710B00000B0707756E6B6E6F776E110D067665727465780CFFFFFFFF04FFFFFFFF0CFFFFFFFF0C6E0B00
310
0004010000000C720B0000110E0873747261696768740D0563757276650CFFFFFFFF04FFFFFFFF0CFFFFFFFF13EEACAA27A21E0940B94BD6773134FB3F3333333333B338C01400000000000000000000000000000000000000000000F0BF0B0B110D05706F696E740CFFFFFFFF04FFFFFFFF0CFFFFFFFF13EEACAA27A21E09
310
40B94BD6773134FB3F00000000000039C0110D06636F656467650CFFFFFFFF04FFFFFFFF0CFFFFFFFF0C540B00000C2A0B00000C2C0B00000C4F0B00000B0C340B000004000000000CFFFFFFFF110E0873747261696768740D0563757276650CFFFFFFFF04FFFFFFFF0CFFFFFFFF13D2C8CB6BB1E50C4031511091D4DAF63F
310
3333333333B338C014000000C06D00613D000000000000F0BF00000000000000000B0B110E0D4154545249425F435553544F4D0D066174747269620CFFFFFFFF04FFFFFFFF0CFFFFFFFF0CFFFFFFFF0C2C0B00000711736B657463685F6174747269625F646566040100000004010000000403000000070D33323020302031
310
203020312031110D04656467650CFFFFFFFF04FFFFFFFF0CFFFFFFFF0C2D0B000006D36676BD524402C00C6F0B0000063298AAF286FAFCBF0C4C0B00000C730B00000B0707756E6B6E6F776E110D05706F696E740CFFFFFFFF04FFFFFFFF0CFFFFFFFF13ACCBCB6BB1E50C40A6C9A3CEE82FE83F3333333333B338C0110D05
310
706F696E740CFFFFFFFF04FFFFFFFF0CFFFFFFFF13A9C7CB6BB1E50C40BD4FD6773134FB3F3333333333B338C0110E0873747261696768740D0563757276650CFFFFFFFF04FFFFFFFF0CFFFFFFFF135363771E6E2B06C01C5DA3CEE82FE83F00000000000039C014000000000000F03F000000C06D00613D00000000000000
310
000B0B110D046C6F6F700CFFFFFFFF04FFFFFFFF0CFFFFFFFF0C740B00000C750B00000C54000000110D06636F656467650CFFFFFFFF04FFFFFFFF0CFFFFFFFF0C470B00000C4C0B00000C440B00000C6E0B00000B0C340B000004000000000CFFFFFFFF110D046C6F6F700CFFFFFFFF04FFFFFFFF0CFFFFFFFF0C760B0000
310
0C770B00000C3E000000110D06636F656467650CFFFFFFFF04FFFFFFFF0CFFFFFFFF0C780B00000C790B00000C7A0B00000C7B0B00000B0C360B000004000000000CFFFFFFFF110D06636F656467650CFFFFFFFF04FFFFFFFF0CFFFFFFFF0C7C0B00000C370B00000C7D0B00000C7E0B00000B0C1B0B000004000000000CFF
310
FFFFFF110D06636F656467650CFFFFFFFF04FFFFFFFF0CFFFFFFFF0C370B00000C7C0B00000C7F0B00000C800B00000B0C1B0B000004000000000CFFFFFFFF110D06636F656467650CFFFFFFFF04FFFFFFFF0CFFFFFFFF0C810B00000C820B00000C370B00000C5A0B00000A0C830B000004000000000CFFFFFFFF110D0465
310
6467650CFFFFFFFF04FFFFFFFF0CFFFFFFFF0C840B0000064CE6665AEB30D63F0C850B0000067D241EE777A8F43F0C370B00000C860B00000B0707756E6B6E6F776E110D06636F656467650CFFFFFFFF04FFFFFFFF0CFFFFFFFF0C390B00000C380B00000C420B00000C6C0B00000B0C000B000004000000000CFFFFFFFF11
310
0D06636F656467650CFFFFFFFF04FFFFFFFF0CFFFFFFFF0C870B00000C880B00000C380B00000C5D0B00000A0C890B000004000000000CFFFFFFFF110D04656467650CFFFFFFFF04FFFFFFFF0CFFFFFFFF0C640B000006FFF1B2B8BDC610400C8A0B00000633F9517445AA12400C380B00000C8B0B00000B0707756E6B6E6F
310
776E110D06636F656467650CFFFFFFFF04FFFFFFFF0CFFFFFFFF0C8C0B00000C8D0B00000C390B00000C5F0B00000A0C400B000004000000000CFFFFFFFF110D04656467650CFFFFFFFF04FFFFFFFF0CFFFFFFFF0C8E0B000006CD7C2152099C13C00C630B0000069775829681B811C00C390B00000C8F0B00000B0707756E
310
6B6E6F776E110D06636F656467650CFFFFFFFF04FFFFFFFF0CFFFFFFFF0C900B00000C3A0B00000C8D0B00000C910B00000A0C620B000004000000000CFFFFFFFF110D06636F656467650CFFFFFFFF04FFFFFFFF0CFFFFFFFF0C3A0B00000C900B00000C870B00000C920B00000B0C620B000004000000000CFFFFFFFF110D
310
046C6F6F700CFFFFFFFF04FFFFFFFF0CFFFFFFFF0CFFFFFFFF0C3A0B00000C3F0B0000110D067665727465780CFFFFFFFF04FFFFFFFF0CFFFFFFFF0C3B0B000004000000000C930B0000110D067665727465780CFFFFFFFF04FFFFFFFF0CFFFFFFFF0C3B0B000004010000000C940B0000110E0873747261696768740D0563
310
757276650CFFFFFFFF04FFFFFFFF0CFFFFFFFF137F0B86753AD4D2BF1AF437273660004000000000000039C0141E510556E608613D000000000000F0BF00000000000000000B0B110D05706F696E740CFFFFFFFF04FFFFFFFF0CFFFFFFFF13F2B0AA27A21E0940A2C1A3CEE82FE83F00000000000039C0110E0D4154545249
310
425F435553544F4D0D066174747269620CFFFFFFFF04FFFFFFFF0CFFFFFFFF0CFFFFFFFF0C3F0B0000071667656E657269635F7461675F6174747269625F6465660403000000040300000004FFFFFFFF071767656E657269635F7461675F6174747269625F6465662004010000000402000000070233380400000000040100
310
0000044E0100000400000000110D04666163650C950B000004FFFFFFFF0CFFFFFFFF0C960B00000C890B00000C060000000CFFFFFFFF0C970B00000A0B110E05706C616E650D07737572666163650CFFFFFFFF04FFFFFFFF0CFFFFFFFF1388DF85753AD4D2BF3E87A3CEE82FE83F3333333333B338C014000000000000F0BF
310
1E510556E60861BD000000000000B0BC141E510556E60861BD000000000000F03F54A7E4FEFFFF7FBC0B0B0B0B0B110D06636F656467650CFFFFFFFF04FFFFFFFF0CFFFFFFFF0C980B00000C420B00000C880B00000C990B00000A0C200B000004000000000CFFFFFFFF110D06636F656467650CFFFFFFFF04FFFFFFFF0CFF
310
FFFFFF0C420B00000C980B00000C8C0B00000C9A0B00000B0C200B000004000000000CFFFFFFFF110D04656467650CFFFFFFFF04FFFFFFFF0CFFFFFFFF0C8A0B0000060B5A606F9636FCBF0C8E0B00000642DEB7BDB234EABF0C5B0B00000C9B0B00000B0707756E6B6E6F776E110E0D4154545249425F435553544F4D0D06
310
6174747269620CFFFFFFFF04FFFFFFFF0CFFFFFFFF0CFFFFFFFF0C440B00000711736B657463685F6174747269625F646566040100000004010000000403000000070D33323220302031203020312031110D04656467650CFFFFFFFF04FFFFFFFF0CFFFFFFFF0C6F0B00000634B7E10B0DA6C9BF0C490B000006036810DEF6
310
CEE73F0C540B00000C9C0B00000B0707756E6B6E6F776E110D067665727465780CFFFFFFFF04FFFFFFFF0CFFFFFFFF0C6E0B000004000000000C9D0B0000110E0873747261696768740D0563757276650CFFFFFFFF04FFFFFFFF0CFFFFFFFF13F2B0AA27A21E0940A2C1A3CEE82FE83F3333333333B338C014000000000000
310
00000000000000000000000000000000F0BF0B0B110E0873747261696768740D0563757276650CFFFFFFFF04FFFFFFFF0CFFFFFFFF13F0A68918AE7BF13F4E3AD6773134FB3F3333333333B338C014000000000000F03F8FA8020BAA04613D00000000000000800B0B110D05706F696E740CFFFFFFFF04FFFFFFFF0CFFFFFF
310
FF13EEACAA27A21E0940B94BD6773134FB3F3333333333B338C0110E0873747261696768740D0563757276650CFFFFFFFF04FFFFFFFF0CFFFFFFFF13B2C9AA5CBD42F53FD4A2A3CEE82FE83F3333333333B338C014000000000000F0BF000000C06D0061BD00000000000000000B0B110D046C6F6F700CFFFFFFFF04FFFFFF
310
FF0CFFFFFFFF0C9E0B00000C9F0B00000C54000000110D06636F656467650CFFFFFFFF04FFFFFFFF0CFFFFFFFF0CA00B00000CA10B00000C900B00000CA20B00000B0C530B000004000000000CFFFFFFFF110D046C6F6F700CFFFFFFFF04FFFFFFFF0CFFFFFFFF0CA30B00000CA40B00000C3E000000110D06636F65646765
310
0CFFFFFFFF04FFFFFFFF0CFFFFFFFF0CA50B00000CA60B00000CA70B00000CA80B00000B0C550B000004000000000CFFFFFFFF110D06636F656467650CFFFFFFFF04FFFFFFFF0CFFFFFFFF0CA90B00000C560B00000CAA0B00000CAB0B00000B0C360B000004000000000CFFFFFFFF110D06636F656467650CFFFFFFFF04FF
310
FFFFFF0CFFFFFFFF0C560B00000CA90B00000CAC0B00000CAD0B00000B0C360B000004000000000CFFFFFFFF110D06636F656467650CFFFFFFFF04FFFFFFFF0CFFFFFFFF0CAE0B00000CAF0B00000C560B00000C7B0B00000A0CB00B000004000000000CFFFFFFFF110D04656467650CFFFFFFFF04FFFFFFFF0CFFFFFFFF0C
310
B10B00000624E6665AEB30D63F0CB20B00000673241EE777A8F43F0C560B00000CB30B00000B0707756E6B6E6F776E110D06636F656467650CFFFFFFFF04FFFFFFFF0CFFFFFFFF0C580B00000C570B00000CB40B00000CB50B00000B0C1B0B000004000000000CFFFFFFFF110D06636F656467650CFFFFFFFF04FFFFFFFF0C
310
FFFFFFFF0CB60B00000CB70B00000C570B00000C7E0B00000A0CB80B000004000000000CFFFFFFFF110D04656467650CFFFFFFFF04FFFFFFFF0CFFFFFFFF0C850B000006B494F1D25F90F93F0CB90B000006C6D8B6603F8F00400C570B00000CBA0B00000B0707756E6B6E6F776E110D06636F656467650CFFFFFFFF04FFFF
310
FFFF0CFFFFFFFF0CBB0B00000CBC0B00000C580B00000C800B00000A0CBD0B000004000000000CFFFFFFFF110D04656467650CFFFFFFFF04FFFFFFFF0CFFFFFFFF0CBE0B000006FCDF551CC77202C00C840B00000620A32F4A6F57FDBF0C580B00000CBF0B00000B0707756E6B6E6F776E110D06636F656467650CFFFFFFFF
310
04FFFFFFFF0CFFFFFFFF0CC00B00000C590B00000CBC0B00000CC10B00000A0C830B000004000000000CFFFFFFFF110D06636F656467650CFFFFFFFF04FFFFFFFF0CFFFFFFFF0C590B00000CC00B00000CB60B00000CC20B00000B0C830B000004000000000CFFFFFFFF110D046C6F6F700CFFFFFFFF04FFFFFFFF0CFFFFFF
310
FF0CFFFFFFFF0C590B00000CC30B0000110D067665727465780CFFFFFFFF04FFFFFFFF0CFFFFFFFF0C5A0B000004000000000CC40B0000110D067665727465780CFFFFFFFF04FFFFFFFF0CFFFFFFFF0C5A0B000004010000000CC50B0000110E0873747261696768740D0563757276650CFFFFFFFF04FFFFFFFF0CFFFFFFFF
310
13577A452F8FF215C0FBDD37273660004000000000000039C014E2AEFA29F5F7603D000000000000F0BF00000000000000000B0B110D06636F656467650CFFFFFFFF04FFFFFFFF0CFFFFFFFF0CC60B00000C5C0B00000C610B00000C920B00000A0C890B000004000000000CFFFFFFFF110D06636F656467650CFFFFFFFF04
310
FFFFFFFF0CFFFFFFFF0C5C0B00000CC60B00000C6A0B00000C990B00000B0C890B000004000000000CFFFFFFFF110D046C6F6F700CFFFFFFFF04FFFFFFFF0CFFFFFFFF0CFFFFFFFF0C5C0B00000C680B0000110D067665727465780CFFFFFFFF04FFFFFFFF0CFFFFFFFF0C5D0B000004010000000CC70B0000110E08737472
310
61696768740D0563757276650CFFFFFFFF04FFFFFFFF0CFFFFFFFF13F74F0B6001F411C0EE3FA3CEE82FE83F00000000000039C014000000000000F03F000000C06D00613D00000000000000000B0B110D06636F656467650CFFFFFFFF04FFFFFFFF0CFFFFFFFF0CC80B00000C5E0B00000C6B0B00000C9A0B00000A0C400B
310
000004000000000CFFFFFFFF110D06636F656467650CFFFFFFFF04FFFFFFFF0CFFFFFFFF0C5E0B00000CC80B00000C600B00000C910B00000B0C400B000004000000000CFFFFFFFF110D067665727465780CFFFFFFFF04FFFFFFFF0CFFFFFFFF0C6C0B000004010000000CC90B0000110E0873747261696768740D05637572
310
76650CFFFFFFFF04FFFFFFFF0CFFFFFFFF1393D5DA3DC5E512C0D708D6773134FB3F00000000000039C014000000000000F0BF6059C90AAA0461BD00000000000000800B0B110D06636F656467650CCA0B000004FFFFFFFF0CFFFFFFFF0C610B00000C600B00000C750B00000CA20B00000A0C620B000004000000000CFFFF
310
FFFF110D04656467650CFFFFFFFF04FFFFFFFF0CFFFFFFFF0CCB0B00000600000000000000000C630B000006403333333333D33F0C8D0B00000CCC0B00000B0707756E6B6E6F776E110D04656467650CFFFFFFFF04FFFFFFFF0CFFFFFFFF0CCD0B00000600000000000000000C640B000006403333333333D33F0C870B0000
310
0CCE0B00000B0707756E6B6E6F776E110D05706F696E740CFFFFFFFF04FFFFFFFF0CFFFFFFFF13BFFF85753AD4D2BF892ED6773134FB3F00000000000039C0110D05706F696E740CFFFFFFFF04FFFFFFFF0CFFFFFFFF1387DF85753AD4D2BF3E87A3CEE82FE83F00000000000039C0110E0D4154545249425F435553544F4D
310
0D066174747269620CFFFFFFFF04FFFFFFFF0CFFFFFFFF0CFFFFFFFF0C680B0000071667656E657269635F7461675F6174747269625F6465660403000000040300000004FFFFFFFF071767656E657269635F7461675F6174747269625F64656620040100000004020000000702333704000000000401000000044E01000004
310
00000000110D04666163650CCF0B000004FFFFFFFF0CFFFFFFFF0CD00B00000CD10B00000C060000000CFFFFFFFF0CD20B00000A0B110E05706C616E650D07737572666163650CFFFFFFFF04FFFFFFFF0CFFFFFFFF138827D58882C8C63F468FA3CEE82FE83F3333333333B338C014000000C06D00613D000000000000F0BF
310
000000C06D00213A14000000000000F0BF000000C06D0061BD774D6BFFFF2FB2BC0B0B0B0B0B110D06636F656467650CD30B000004FFFFFFFF0CFFFFFFFF0C6B0B00000C6A0B00000CD40B00000CD50B00000A0C200B000004000000000CFFFFFFFF110D04656467650CFFFFFFFF04FFFFFFFF0CFFFFFFFF0CD60B00000600
310
000000000000000C8A0B000006403333333333D33F0C6A0B00000CD70B00000B0707756E6B6E6F776E110D04656467650CFFFFFFFF04FFFFFFFF0CFFFFFFFF0CD80B00000600000000000000000C8E0B000006403333333333D33F0C8C0B00000CD90B00000B0707756E6B6E6F776E110E0873747261696768740D05637572
310
76650CFFFFFFFF04FFFFFFFF0CFFFFFFFF1381AFD48882C8C63FD710596B4527044000000000000039C0141E510556E60861BD000000000000F03F00000000000000000B0B110E0873747261696768740D0563757276650CFFFFFFFF04FFFFFFFF0CFFFFFFFF1318B0AA27A21E09406F2F9C116C99EE3F3333333333B338C0
310
14DC553FAD5EFF60BD000000000000F03F00000000000000000B0B110D05706F696E740CFFFFFFFF04FFFFFFFF0CFFFFFFFF13F2B0AA27A21E0940A2C1A3CEE82FE83F3333333333B338C0110D046C6F6F700CFFFFFFFF04FFFFFFFF0CFFFFFFFF0CDA0B00000CDB0B00000C54000000110D06636F656467650CFFFFFFFF04
310
FFFFFFFF0CFFFFFFFF0CDC0B00000CDD0B00000CC00B00000CDE0B00000B0C740B000004000000000CFFFFFFFF110D06636F656467650CFFFFFFFF04FFFFFFFF0CFFFFFFFF0CD40B00000C750B00000CC80B00000CDF0B00000B0C530B000004000000000CFFFFFFFF110D06636F656467650CFFFFFFFF04FFFFFFFF0CFFFF
310
FFFF0C750B00000CD40B00000CC60B00000CE00B00000B0C530B000004000000000CFFFFFFFF110D04656467650CFFFFFFFF04FFFFFFFF0CFFFFFFFF0CCD0B0000064CB7E10B0DA6C9BF0CCB0B000006016810DEF6CEE73F0C750B00000CE10B00000B0707756E6B6E6F776E110D046C6F6F700CFFFFFFFF04FFFFFFFF0CFF
310
FFFFFF0CE20B00000CE30B00000C3E000000110D06636F656467650CFFFFFFFF04FFFFFFFF0CFFFFFFFF0CE40B00000CE50B00000CE60B00000CE70B00000B0C760B000004000000000CFFFFFFFF110D06636F656467650CFFFFFFFF04FFFFFFFF0CFFFFFFFF0CE80B00000C770B00000CE90B00000CEA0B00000B0C550B00
310
0004000000000CFFFFFFFF110D06636F656467650CFFFFFFFF04FFFFFFFF0CFFFFFFFF0C770B00000CE80B00000CEB0B00000CEC0B00000B0C550B000004000000000CFFFFFFFF110D06636F656467650CFFFFFFFF04FFFFFFFF0CFFFFFFFF0CED0B00000CEE0B00000C770B00000CA80B00000A0CEF0B000004000000000C
310
FFFFFFFF110D04656467650CFFFFFFFF04FFFFFFFF0CFFFFFFFF0CF00B00000664E6665AEB30D63F0CF10B00000681241EE777A8F43F0C770B00000CF20B00000B0707756E6B6E6F776E110D06636F656467650CFFFFFFFF04FFFFFFFF0CFFFFFFFF0C790B00000C780B00000CF30B00000CF40B00000B0C360B0000040000
310
00000CFFFFFFFF110D06636F656467650CFFFFFFFF04FFFFFFFF0CFFFFFFFF0CF50B00000CF60B00000C780B00000CAB0B00000A0CF70B000004000000000CFFFFFFFF110D04656467650CFFFFFFFF04FFFFFFFF0CFFFFFFFF0CB20B00000699825D2D31AF0A400CF80B00000605919BA440760E400C780B00000CF90B0000
310
0B0707756E6B6E6F776E110D06636F656467650CFFFFFFFF04FFFFFFFF0CFFFFFFFF0CFA0B00000CFB0B00000C790B00000CAD0B00000A0CFC0B000004000000000CFFFFFFFF110D04656467650CFFFFFFFF04FFFFFFFF0CFFFFFFFF0CFD0B0000061C4C1D30E42C10C00CB10B000006CE89FCE8B8920CC00C790B00000CFE
310
0B00000B0707756E6B6E6F776E110D06636F656467650CFFFFFFFF04FFFFFFFF0CFFFFFFFF0CFF0B00000C7A0B00000CFB0B00000C000C00000A0CB00B000004000000000CFFFFFFFF110D06636F656467650CFFFFFFFF04FFFFFFFF0CFFFFFFFF0C7A0B00000CFF0B00000CF50B00000C010C00000B0CB00B000004000000
310
000CFFFFFFFF110D046C6F6F700CFFFFFFFF04FFFFFFFF0CFFFFFFFF0CFFFFFFFF0C7A0B00000C020C0000110D067665727465780CFFFFFFFF04FFFFFFFF0CFFFFFFFF0C7B0B000004000000000C030C0000110D067665727465780CFFFFFFFF04FFFFFFFF0CFFFFFFFF0C7B0B000004010000000C040C0000110E08737472
310
61696768740D0563757276650CFFFFFFFF04FFFFFFFF0CFFFFFFFF133284C1D61B1700C0BDEC37273660004000000000000039C014E2AEFA29F5F7603D000000000000F0BF00000000000000000B0B110D06636F656467650CFFFFFFFF04FFFFFFFF0CFFFFFFFF0C050C00000C060C00000C7C0B00000CB50B00000A0CD10B
310
000004000000000CFFFFFFFF110D04656467650CFFFFFFFF04FFFFFFFF0CFFFFFFFF0CB90B000006EF59606F9636FCBF0CBE0B0000060ADEB7BDB234EABF0C7C0B00000C070C00000B0707756E6B6E6F776E110D06636F656467650CFFFFFFFF04FFFFFFFF0CFFFFFFFF0C080C00000C7D0B00000C820B00000CC20B00000A
310
0CB80B000004000000000CFFFFFFFF110D06636F656467650CFFFFFFFF04FFFFFFFF0CFFFFFFFF0C7D0B00000C080C00000C050C00000C090C00000B0CB80B000004000000000CFFFFFFFF110D046C6F6F700CFFFFFFFF04FFFFFFFF0CFFFFFFFF0CFFFFFFFF0C7D0B00000C0A0C0000110D067665727465780CFFFFFFFF04
310
FFFFFFFF0CFFFFFFFF0C7E0B000004010000000C0B0C0000110E0873747261696768740D0563757276650CFFFFFFFF04FFFFFFFF0CFFFFFFFF13C7DC0124A7561CC0CA13A3CEE82FE83F00000000000039C014000000000000F03F000000C06D00613D00000000000000000B0B110D06636F656467650CFFFFFFFF04FFFFFF
310
FF0CFFFFFFFF0C0C0C00000C7F0B00000C060C00000C0D0C00000A0CBD0B000004000000000CFFFFFFFF110D06636F656467650CFFFFFFFF04FFFFFFFF0CFFFFFFFF0C7F0B00000C0C0C00000C810B00000CC10B00000B0CBD0B000004000000000CFFFFFFFF110D046C6F6F700CFFFFFFFF04FFFFFFFF0CFFFFFFFF0CFFFF
310
FFFF0C7F0B00000CD00B0000110D067665727465780CFFFFFFFF04FFFFFFFF0CFFFFFFFF0CB50B000004010000000C0E0C0000110E0873747261696768740D0563757276650CFFFFFFFF04FFFFFFFF0CFFFFFFFF136262D1016B481DC0C8F2D5773134FB3F00000000000039C014000000000000F0BF6059C90AAA0461BD00
310
000000000000800B0B110D06636F656467650C0F0C000004FFFFFFFF0CFFFFFFFF0C820B00000C810B00000C9F0B00000CDE0B00000A0C830B000004000000000CFFFFFFFF110D04656467650CFFFFFFFF04FFFFFFFF0CFFFFFFFF0C100C00000600000000000000000C840B000006003333333333D33F0CBC0B00000C110C
310
00000B0707756E6B6E6F776E110D04656467650CFFFFFFFF04FFFFFFFF0CFFFFFFFF0C120C00000600000000000000000C850B000006003333333333D33F0CB60B00000C130C00000B0707756E6B6E6F776E110D04666163650C140C000004FFFFFFFF0CFFFFFFFF0C0A0C00000C830B00000C060000000CFFFFFFFF0C150C
310
00000A0B110D05706F696E740CFFFFFFFF04FFFFFFFF0CFFFFFFFF139A79452F8FF215C06302D6773134FB3F00000000000039C0110D05706F696E740CFFFFFFFF04FFFFFFFF0CFFFFFFFF139A77452F8FF215C0F22EA3CEE82FE83F00000000000039C0110D06636F656467650C160C000004FFFFFFFF0CFFFFFFFF0C880B
310
00000C870B00000CA10B00000CE00B00000A0C890B000004000000000CFFFFFFFF110D05706F696E740CFFFFFFFF04FFFFFFFF0CFFFFFFFF138A27D58882C8C63F468FA3CEE82FE83F00000000000039C0110D06636F656467650C170C000004FFFFFFFF0CFFFFFFFF0C8D0B00000C8C0B00000CA00B00000CDF0B00000A0C
310
400B000004000000000CFFFFFFFF110D05706F696E740CFFFFFFFF04FFFFFFFF0CFFFFFFFF1332E7D48882C8C63F8D32D6773134FB3F00000000000039C0110E0D4154545249425F435553544F4D0D066174747269620CFFFFFFFF04FFFFFFFF0CFFFFFFFF0CFFFFFFFF0C900B00000711736B657463685F6174747269625F
310
646566040100000004010000000403000000070D32303320302031203020312031110D067665727465780CFFFFFFFF04FFFFFFFF0CFFFFFFFF0CA20B000004010000000C180C0000110E0873747261696768740D0563757276650CFFFFFFFF04FFFFFFFF0CFFFFFFFF13C0FF85753AD4D2BF892ED6773134FB3F3333333333
310
B338C014000000000000B03C0000000000000000000000000000F0BF0B0B110D067665727465780CFFFFFFFF04FFFFFFFF0CFFFFFFFF0CA20B000004000000000C190C0000110E0873747261696768740D0563757276650CFFFFFFFF04FFFFFFFF0CFFFFFFFF1388DF85753AD4D2BF3E87A3CEE82FE83F3333333333B338C0
310
14000000000000B03C0000000000000000000000000000F0BF0B0B110E0D4154545249425F435553544F4D0D066174747269620CFFFFFFFF04FFFFFFFF0CFFFFFFFF0CFFFFFFFF0C960B0000071667656E657269635F7461675F6174747269625F6465660403000000040300000004FFFFFFFF071767656E657269635F7461
310
675F6174747269625F64656620040100000004020000000702343404000000000401000000044E0100000400000000110D04666163650C1A0C000004FFFFFFFF0CFFFFFFFF0CC30B00000CBD0B00000C060000000CFFFFFFFF0C1B0C00000A0B110D046C6F6F700CFFFFFFFF04FFFFFFFF0CFFFFFFFF0CFFFFFFFF0CB40B00
310
000C960B0000110E05706C616E650D07737572666163650CFFFFFFFF04FFFFFFFF0CFFFFFFFF136472A673070F14C06906D6773134FB3F3433333333B338C014000000000000F03FE2AEFA29F5F7603D000000000000000014E2AEFA29F5F7603D000000000000F0BFBBA6E4FEFFFF7F3C0B0B0B0B0B110E0D415454524942
310
5F435553544F4D0D066174747269620CFFFFFFFF04FFFFFFFF0CFFFFFFFF0CFFFFFFFF0C980B00000711736B657463685F6174747269625F646566040100000004010000000403000000070D32303620302031203020312031110D06636F656467650CFFFFFFFF04FFFFFFFF0CFFFFFFFF0CA10B00000CA00B00000C980B00
310
000CD50B00000B0C530B000004000000000CFFFFFFFF110D04656467650CFFFFFFFF04FFFFFFFF0CFFFFFFFF0CD80B00000628FA179B7365D1BF0CD60B000006C0D87C53C085E53F0CD40B00000C1C0C00000B0707756E6B6E6F776E110D067665727465780CFFFFFFFF04FFFFFFFF0CFFFFFFFF0CE00B000004000000000C
310
1D0C0000110E0873747261696768740D0563757276650CFFFFFFFF04FFFFFFFF0CFFFFFFFF138827D58882C8C63F468FA3CEE82FE83F3333333333B338C014000000000000B03C0000000000000000000000000000F0BF0B0B110D067665727465780CFFFFFFFF04FFFFFFFF0CFFFFFFFF0CD50B000004000000000C1E0C00
310
00110E0873747261696768740D0563757276650CFFFFFFFF04FFFFFFFF0CFFFFFFFF1330E7D48882C8C63F8D32D6773134FB3F3333333333B338C014000000000000B03C0000000000000000000000000000F0BF0B0B110D046C6F6F700CFFFFFFFF04FFFFFFFF0CFFFFFFFF0C1F0C00000C200C00000C54000000110D0663
310
6F656467650CFFFFFFFF04FFFFFFFF0CFFFFFFFF0C210C00000C220C00000CFF0B00000C230C00000B0C9E0B000004000000000CFFFFFFFF110D06636F656467650CFFFFFFFF04FFFFFFFF0CFFFFFFFF0C240C00000C9F0B00000C0C0C00000C250C00000B0C740B000004000000000CFFFFFFFF110D06636F656467650CFF
310
FFFFFF04FFFFFFFF0CFFFFFFFF0C9F0B00000C240C00000C080C00000C260C00000B0C740B000004000000000CFFFFFFFF110D04656467650CFFFFFFFF04FFFFFFFF0CFFFFFFFF0C120C00000694B7E10B0DA6C9BF0C100C000006EF6710DEF6CEE73F0C9F0B00000C270C00000B0707756E6B6E6F776E110D04656467650C
310
FFFFFFFF04FFFFFFFF0CFFFFFFFF0CCB0B0000061818C101B321D53F0CD80B000006B8C5D85D17ADE93F0CA00B00000C280C00000B0707756E6B6E6F776E110D04656467650CFFFFFFFF04FFFFFFFF0CFFFFFFFF0CD60B000006E5A85C6FF81EE2BF0CCD0B000006F8792393D415B8BF0CA10B00000C290C00000B0707756E
310
6B6E6F776E110E0873747261696768740D0563757276650CFFFFFFFF04FFFFFFFF0CFFFFFFFF135CE685753AD4D2BF11F59B116C99EE3F3333333333B338C0141E510556E60861BD000000000000F03F00000000000000000B0B110D046C6F6F700CFFFFFFFF04FFFFFFFF0CFFFFFFFF0C2A0C00000C2B0C00000C3E000000
310
110D06636F656467650CFFFFFFFF04FFFFFFFF0CFFFFFFFF0C2C0C00000C2D0C00000C2E0C00000C2F0C00000B0CA30B000004000000000CFFFFFFFF110D06636F656467650CFFFFFFFF04FFFFFFFF0CFFFFFFFF0C300C00000CA40B00000C310C00000C320C00000B0C760B000004000000000CFFFFFFFF110D06636F6564
310
67650CFFFFFFFF04FFFFFFFF0CFFFFFFFF0CA40B00000C300C00000C330C00000C340C00000B0C760B000004000000000CFFFFFFFF110D06636F656467650CFFFFFFFF04FFFFFFFF0CFFFFFFFF0C350C00000C360C00000CA40B00000CE70B00000A0C370C000004000000000CFFFFFFFF110D04656467650CFFFFFFFF04FF
310
FFFFFF0CFFFFFFFF0C380C00000644E6665AEB30D63F0C390C00000679241EE777A8F43F0CA40B00000C3A0C00000B0707756E6B6E6F776E110D06636F656467650CFFFFFFFF04FFFFFFFF0CFFFFFFFF0CA60B00000CA50B00000C3B0C00000C3C0C00000B0C550B000004000000000CFFFFFFFF110D06636F656467650CFF
310
FFFFFF04FFFFFFFF0CFFFFFFFF0C3D0C00000C3E0C00000CA50B00000CEA0B00000A0C3F0C000004000000000CFFFFFFFF110D04656467650CFFFFFFFF04FFFFFFFF0CFFFFFFFF0CF10B0000064CB3614F561E0E400C400C000006DBE04FE3B2F210400CA50B00000C410C00000B0707756E6B6E6F776E110D06636F656467
310
650CFFFFFFFF04FFFFFFFF0CFFFFFFFF0C420C00000C430C00000CA60B00000CEC0B00000A0C440C000004000000000CFFFFFFFF110D04656467650CFFFFFFFF04FFFFFFFF0CFFFFFFFF0C450C00000674641FC176E411C00CF00B0000063F5D8005EF0010C00CA60B00000C460C00000B0707756E6B6E6F776E110D06636F
310
656467650CFFFFFFFF04FFFFFFFF0CFFFFFFFF0C470C00000CA70B00000C430C00000C480C00000A0CEF0B000004000000000CFFFFFFFF110D06636F656467650CFFFFFFFF04FFFFFFFF0CFFFFFFFF0CA70B00000C470C00000C3D0C00000C490C00000B0CEF0B000004000000000CFFFFFFFF110D046C6F6F700CFFFFFFFF
310
04FFFFFFFF0CFFFFFFFF0CFFFFFFFF0CA70B00000C4A0C0000110D067665727465780CFFFFFFFF04FFFFFFFF0CFFFFFFFF0CA80B000004000000000C4B0C0000110D067665727465780CFFFFFFFF04FFFFFFFF0CFFFFFFFF0CA80B000004010000000C4C0C0000110E0873747261696768740D0563757276650CFFFFFFFF04
310
FFFFFFFF0CFFFFFFFF13A0457225A371F2BF6AF037273660004000000000000039C014000000C06D00613D000000000000F0BF00000000000000000B0B110D06636F656467650CFFFFFFFF04FFFFFFFF0CFFFFFFFF0C4D0C00000C4E0C00000CA90B00000CF40B00000A0C4F0C000004000000000CFFFFFFFF110D04656467
310
650CFFFFFFFF04FFFFFFFF0CFFFFFFFF0CF80B000006E759606F9636FCBF0CFD0B000006FADDB7BDB234EABF0CA90B00000C500C00000B0707756E6B6E6F776E110D06636F656467650CFFFFFFFF04FFFFFFFF0CFFFFFFFF0C510C00000CAA0B00000CAF0B00000C010C00000A0CF70B000004000000000CFFFFFFFF110D06
310
636F656467650CFFFFFFFF04FFFFFFFF0CFFFFFFFF0CAA0B00000C510C00000C4D0C00000C520C00000B0CF70B000004000000000CFFFFFFFF110D046C6F6F700CFFFFFFFF04FFFFFFFF0CFFFFFFFF0CFFFFFFFF0CAA0B00000C530C0000110D067665727465780CFFFFFFFF04FFFFFFFF0CFFFFFFFF0CAB0B000004010000
310
000C540C0000110E0873747261696768740D0563757276650CFFFFFFFF04FFFFFFFF0CFFFFFFFF13A8800F82266315C05831A3CEE82FE83F00000000000039C014000000000000F03F000000C06D00613D00000000000000000B0B110D06636F656467650CFFFFFFFF04FFFFFFFF0CFFFFFFFF0C550C00000CAC0B00000C4E
310
0C00000C560C00000A0CFC0B000004000000000CFFFFFFFF110D06636F656467650CFFFFFFFF04FFFFFFFF0CFFFFFFFF0CAC0B00000C550C00000CAE0B00000C000C00000B0CFC0B000004000000000CFFFFFFFF110D046C6F6F700CFFFFFFFF04FFFFFFFF0CFFFFFFFF0CFFFFFFFF0CAC0B00000C570C0000110D06766572
310
7465780CFFFFFFFF04FFFFFFFF0CFFFFFFFF0CF40B000004010000000C580C0000110E0873747261696768740D0563757276650CFFFFFFFF04FFFFFFFF0CFFFFFFFF134306DF5FEA5416C08E01D6773134FB3F00000000000039C014000000000000F0BF6059C90AAA0461BD00000000000000800B0B110D06636F65646765
310
0C590C000004FFFFFFFF0CFFFFFFFF0CAF0B00000CAE0B00000CDB0B00000C230C00000A0CB00B000004000000000CFFFFFFFF110D04656467650CFFFFFFFF04FFFFFFFF0CFFFFFFFF0C5A0C00000600000000000000000CB10B000006403333333333D33F0CFB0B00000C5B0C00000B0707756E6B6E6F776E110D04656467
310
650CFFFFFFFF04FFFFFFFF0CFFFFFFFF0C5C0C00000600000000000000000CB20B000006403333333333D33F0CF50B00000C5D0C00000B0707756E6B6E6F776E110D04666163650C5E0C000004FFFFFFFF0CFFFFFFFF0C530C00000CB00B00000C060000000CFFFFFFFF0C5F0C00000A0B110D05706F696E740CFFFFFFFF04
310
FFFFFFFF0CFFFFFFFF13B882C1D61B1700C0F11FD6773134FB3F00000000000039C0110D05706F696E740CFFFFFFFF04FFFFFFFF0CFFFFFFFF13B77EC1D61B1700C00E6AA3CEE82FE83F00000000000039C0110D06636F656467650CFFFFFFFF04FFFFFFFF0CFFFFFFFF0C600C00000CB40B00000CB70B00000C090C00000A
310
0CD10B000004000000000CFFFFFFFF110D06636F656467650CFFFFFFFF04FFFFFFFF0CFFFFFFFF0CB40B00000C600C00000CBB0B00000C0D0C00000B0CD10B000004000000000CFFFFFFFF110E0873747261696768740D0563757276650CFFFFFFFF04FFFFFFFF0CFFFFFFFF132074A673070F14C0B7FA586B452704400000
310
0000000039C014E2AEFA29F5F760BD000000000000F03F00000000000000000B0B110D06636F656467650C610C000004FFFFFFFF0CFFFFFFFF0CB70B00000CB60B00000CDD0B00000C260C00000A0CB80B000004000000000CFFFFFFFF110D04656467650CFFFFFFFF04FFFFFFFF0CFFFFFFFF0C620C000006000000000000
310
00000CB90B000006403333333333D33F0C050C00000C630C00000B0707756E6B6E6F776E110D04666163650C640C000004FFFFFFFF0CFFFFFFFF0C650C00000CB80B00000C060000000CFFFFFFFF0C660C00000A0B110D05706F696E740CFFFFFFFF04FFFFFFFF0CFFFFFFFF136470A673070F14C0FE36A3CEE82FE83F0000
310
0000000039C0110D06636F656467650C670C000004FFFFFFFF0CFFFFFFFF0CBC0B00000CBB0B00000CDC0B00000C250C00000A0CBD0B000004000000000CFFFFFFFF110D04656467650CFFFFFFFF04FFFFFFFF0CFFFFFFFF0C680C00000600000000000000000CBE0B000006003333333333D33F0CBB0B00000C690C00000B
310
0707756E6B6E6F776E110D05706F696E740CFFFFFFFF04FFFFFFFF0CFFFFFFFF136472A673070F14C06906D6773134FB3F00000000000039C0110E0D4154545249425F435553544F4D0D066174747269620CFFFFFFFF04FFFFFFFF0CFFFFFFFF0CFFFFFFFF0CC00B00000711736B657463685F6174747269625F6465660401
310
00000004010000000403000000070D32343420302031203020312031110D067665727465780CFFFFFFFF04FFFFFFFF0CFFFFFFFF0CDE0B000004010000000C6A0C0000110E0873747261696768740D0563757276650CFFFFFFFF04FFFFFFFF0CFFFFFFFF139A79452F8FF215C06302D6773134FB3F3433333333B338C01400
310
000000000000000000000000000000000000000000F0BF0B0B110D067665727465780CFFFFFFFF04FFFFFFFF0CFFFFFFFF0CDE0B000004000000000C6B0C0000110E0873747261696768740D0563757276650CFFFFFFFF04FFFFFFFF0CFFFFFFFF139A77452F8FF215C0F22EA3CEE82FE83F3433333333B338C01400000000
310
000000000000000000000000000000000000F0BF0B0B110E0D4154545249425F435553544F4D0D066174747269620CFFFFFFFF04FFFFFFFF0CFFFFFFFF0CFFFFFFFF0CC30B0000071667656E657269635F7461675F6174747269625F6465660403000000040300000004FFFFFFFF071767656E657269635F7461675F617474
310
7269625F64656620040100000004020000000702343604000000000401000000044E0100000400000000110E05706C616E650D07737572666163650CFFFFFFFF04FFFFFFFF0CFFFFFFFF139A77452F8FF215C0F22EA3CEE82FE83F3433333333B338C014000000000000F0BFE2AEFA29F5F760BD000000000000008014E2AE
310
FA29F5F760BD000000000000F03FBBA6E4FEFFFF7FBC0B0B0B0B0B110E0D4154545249425F435553544F4D0D066174747269620CFFFFFFFF04FFFFFFFF0CFFFFFFFF0CFFFFFFFF0CC60B00000711736B657463685F6174747269625F646566040100000004010000000403000000070D32303120302031203020312031110E
310
0D4154545249425F435553544F4D0D066174747269620CFFFFFFFF04FFFFFFFF0CFFFFFFFF0CFFFFFFFF0CC80B00000711736B657463685F6174747269625F646566040100000004010000000403000000070D32303520302031203020312031110D05706F696E740CFFFFFFFF04FFFFFFFF0CFFFFFFFF13C0FF85753AD4D2
310
BF892ED6773134FB3F3333333333B338C0110D05706F696E740CFFFFFFFF04FFFFFFFF0CFFFFFFFF1388DF85753AD4D2BF3E87A3CEE82FE83F3333333333B338C0110E0D4154545249425F435553544F4D0D066174747269620CFFFFFFFF04FFFFFFFF0CFFFFFFFF0CFFFFFFFF0CD00B0000071667656E657269635F746167
310
5F6174747269625F6465660403000000040300000004FFFFFFFF071767656E657269635F7461675F6174747269625F64656620040100000004020000000702343304000000000401000000044E0100000400000000110E05706C616E650D07737572666163650CFFFFFFFF04FFFFFFFF0CFFFFFFFF139A79452F8FF215C063
310
02D6773134FB3F3433333333B338C0146059C90AAA0461BD000000000000F03F000000000000000014000000000000F03F6059C90AAA04613D774D6BFFFF2FB23C0B0B0B0B0B110E0873747261696768740D0563757276650CFFFFFFFF04FFFFFFFF0CFFFFFFFF13B4F9D48882C8C63F03341091D4DAF63F3333333333B338
310
C0141E510556E608613D000000000000F0BF00000000000000000B0B110D05706F696E740CFFFFFFFF04FFFFFFFF0CFFFFFFFF138827D58882C8C63F468FA3CEE82FE83F3333333333B338C0110D05706F696E740CFFFFFFFF04FFFFFFFF0CFFFFFFFF1330E7D48882C8C63F8D32D6773134FB3F3333333333B338C0110D04
310
6C6F6F700CFFFFFFFF04FFFFFFFF0CFFFFFFFF0C6C0C00000C6D0C00000C54000000110D06636F656467650CFFFFFFFF04FFFFFFFF0CFFFFFFFF0C6E0C00000C6F0C00000C470C00000C700C00000B0CDA0B000004000000000CFFFFFFFF110D06636F656467650CFFFFFFFF04FFFFFFFF0CFFFFFFFF0C710C00000CDB0B00
310
000C550C00000C720C00000B0C9E0B000004000000000CFFFFFFFF110D06636F656467650CFFFFFFFF04FFFFFFFF0CFFFFFFFF0CDB0B00000C710C00000C510C00000C730C00000B0C9E0B000004000000000CFFFFFFFF110D04656467650CFFFFFFFF04FFFFFFFF0CFFFFFFFF0C5C0C00000650B7E10B0DA6C9BF0C5A0C00
310
0006006810DEF6CEE73F0CDB0B00000C740C00000B0707756E6B6E6F776E110D06636F656467650CFFFFFFFF04FFFFFFFF0CFFFFFFFF0CDD0B00000CDC0B00000C600C00000C750C00000B0C740B000004000000000CFFFFFFFF110D04656467650CFFFFFFFF04FFFFFFFF0CFFFFFFFF0C100C0000069BF6B427152102C00C
310
680C0000065ED0ED600BB4FCBF0CDC0B00000C760C00000B0707756E6B6E6F776E110D04656467650CFFFFFFFF04FFFFFFFF0CFFFFFFFF0C620C00000667EF156C8D3D00400C120C000006D3FD53E39C0404400CDD0B00000C770C00000B0707756E6B6E6F776E110E0873747261696768740D0563757276650CFFFFFFFF04
310
FFFFFFFF0CFFFFFFFF130778452F8FF215C0D79C9B116C99EE3F3333333333B338C014E2AEFA29F5F760BD000000000000F03F00000000000000000B0B110E0873747261696768740D0563757276650CFFFFFFFF04FFFFFFFF0CFFFFFFFF13EC8BA3BBF6FAE3BFBA2BD6773134FB3F3333333333B338C014000000000000F0
310
3F6059C90AAA04613D00000000000000800B0B110E0873747261696768740D0563757276650CFFFFFFFF04FFFFFFFF0CFFFFFFFF1306BE4E9AAFD9D8BFA585A3CEE82FE83F3333333333B338C014000000000000F0BF000000C06D0061BD00000000000000000B0B110D046C6F6F700CFFFFFFFF04FFFFFFFF0CFFFFFFFF0C
310
780C00000C790C00000C3E000000110D06636F656467650CFFFFFFFF04FFFFFFFF0CFFFFFFFF0C7A0C00000C7B0C00000C7C0C00000C7D0C00000B0CE20B000004000000000CFFFFFFFF110D06636F656467650CFFFFFFFF04FFFFFFFF0CFFFFFFFF0C7E0C00000CE30B00000C7F0C00000C800C00000B0CA30B0000040000
310
00000CFFFFFFFF110D06636F656467650CFFFFFFFF04FFFFFFFF0CFFFFFFFF0CE30B00000C7E0C00000C810C00000C820C00000B0CA30B000004000000000CFFFFFFFF110D06636F656467650CFFFFFFFF04FFFFFFFF0CFFFFFFFF0C830C00000C840C00000CE30B00000C2F0C00000A0C850C000004000000000CFFFFFFFF
310
110D04656467650CFFFFFFFF04FFFFFFFF0CFFFFFFFF0C860C00000664E6665AEB30D63F0C870C00000683241EE777A8F43F0CE30B00000C880C00000B0707756E6B6E6F776E110D06636F656467650CFFFFFFFF04FFFFFFFF0CFFFFFFFF0CE50B00000CE40B00000C890C00000C8A0C00000B0C760B000004000000000CFF
310
FFFFFF110D06636F656467650CFFFFFFFF04FFFFFFFF0CFFFFFFFF0C8B0C00000C8C0C00000CE40B00000C320C00000A0C8D0C000004000000000CFFFFFFFF110D04656467650CFFFFFFFF04FFFFFFFF0CFFFFFFFF0C390C0000060AFB7C0B553700400C8E0C0000067609BB8264FE03400CE40B00000C8F0C00000B070775
310
6E6B6E6F776E110D06636F656467650CFFFFFFFF04FFFFFFFF0CFFFFFFFF0C900C00000C910C00000CE50B00000C340C00000A0C920C000004000000000CFFFFFFFF110D04656467650CFFFFFFFF04FFFFFFFF0CFFFFFFFF0C930C000006AC105A3EECE105C00C380C00000640021CC7DC1A02C00CE50B00000C940C00000B
310
0707756E6B6E6F776E110D06636F656467650CFFFFFFFF04FFFFFFFF0CFFFFFFFF0C950C00000CE60B00000C910C00000C960C00000A0C370C000004000000000CFFFFFFFF110D06636F656467650CFFFFFFFF04FFFFFFFF0CFFFFFFFF0CE60B00000C950C00000C8B0C00000C970C00000B0C370C000004000000000CFFFF
310
FFFF110D046C6F6F700CFFFFFFFF04FFFFFFFF0CFFFFFFFF0CFFFFFFFF0CE60B00000C980C0000110D067665727465780CFFFFFFFF04FFFFFFFF0CFFFFFFFF0CE70B000004000000000C990C0000110D067665727465780CFFFFFFFF04FFFFFFFF0CFFFFFFFF0CE70B000004010000000C9A0C0000110E0873747261696768
310
740D0563757276650CFFFFFFFF04FFFFFFFF0CFFFFFFFF13A749410D6A8312C0A0E137273660004000000000000039C014E2AEFA29F5F7603D000000000000F0BF00000000000000000B0B110D06636F656467650CFFFFFFFF04FFFFFFFF0CFFFFFFFF0C9B0C00000C9C0C00000CE80B00000C3C0C00000A0C9D0C00000400
310
0000000CFFFFFFFF110D04656467650CFFFFFFFF04FFFFFFFF0CFFFFFFFF0C400C000006F959606F9636FCBF0C450C0000061ADEB7BDB234EABF0CE80B00000C9E0C00000B0707756E6B6E6F776E110D06636F656467650CFFFFFFFF04FFFFFFFF0CFFFFFFFF0C9F0C00000CE90B00000CEE0B00000C490C00000A0C3F0C00
310
0004000000000CFFFFFFFF110D06636F656467650CFFFFFFFF04FFFFFFFF0CFFFFFFFF0CE90B00000C9F0C00000C9B0C00000CA00C00000B0C3F0C000004000000000CFFFFFFFF110D046C6F6F700CFFFFFFFF04FFFFFFFF0CFFFFFFFF0CFFFFFFFF0CE90B00000CA10C0000110D067665727465780CFFFFFFFF04FFFFFFFF
310
0CFFFFFFFF0CEA0B000004010000000CA20C0000110E0873747261696768740D0563757276650CFFFFFFFF04FFFFFFFF0CFFFFFFFF134F680DF193AB13C0A238A3CEE82FE83F00000000000039C014000000000000F03F000000C06D00613D00000000000000000B0B110D06636F656467650CFFFFFFFF04FFFFFFFF0CFFFF
310
FFFF0CA30C00000CEB0B00000C9C0C00000CA40C00000A0C440C000004000000000CFFFFFFFF110D06636F656467650CFFFFFFFF04FFFFFFFF0CFFFFFFFF0CEB0B00000CA30C00000CED0B00000C480C00000B0C440C000004000000000CFFFFFFFF110D046C6F6F700CFFFFFFFF04FFFFFFFF0CFFFFFFFF0CFFFFFFFF0CEB
310
0B00000CA50C0000110D067665727465780CFFFFFFFF04FFFFFFFF0CFFFFFFFF0C3C0C000004010000000CA60C0000110E0873747261696768740D0563757276650CFFFFFFFF04FFFFFFFF0CFFFFFFFF13EBEDDCCE579D14C02F05D6773134FB3F00000000000039C014000000000000F0BF6059C90AAA0461BD0000000000
310
0000800B0B110D06636F656467650CA70C000004FFFFFFFF0CFFFFFFFF0CEE0B00000CED0B00000C200C00000C700C00000A0CEF0B000004000000000CFFFFFFFF110D04656467650CFFFFFFFF04FFFFFFFF0CFFFFFFFF0CA80C00000600000000000000000CF00B000006403333333333D33F0C430C00000CA90C00000B07
310
07756E6B6E6F776E110D04656467650CFFFFFFFF04FFFFFFFF0CFFFFFFFF0CAA0C00000600000000000000000CF10B000006403333333333D33F0C3D0C00000CAB0C00000B0707756E6B6E6F776E110D04666163650CAC0C000004FFFFFFFF0CFFFFFFFF0CA10C00000CEF0B00000C060000000CFFFFFFFF0CAD0C00000A0B
310
110D05706F696E740CFFFFFFFF04FFFFFFFF0CFFFFFFFF13AF427225A371F2BF3B27D6773134FB3F00000000000039C0110D05706F696E740CFFFFFFFF04FFFFFFFF0CFFFFFFFF13A53A7225A371F2BFA678A3CEE82FE83F00000000000039C0110D06636F656467650CFFFFFFFF04FFFFFFFF0CFFFFFFFF0CAE0C00000CF3
310
0B00000CF60B00000C520C00000A0C4F0C000004000000000CFFFFFFFF110D06636F656467650CFFFFFFFF04FFFFFFFF0CFFFFFFFF0CF30B00000CAE0C00000CFA0B00000C560C00000B0C4F0C000004000000000CFFFFFFFF110D046C6F6F700CFFFFFFFF04FFFFFFFF0CFFFFFFFF0CFFFFFFFF0CF30B00000C650C000011
310
0E0873747261696768740D0563757276650CFFFFFFFF04FFFFFFFF0CFFFFFFFF138CEF06BF18A0F8BF7809596B4527044000000000000039C014E2AEFA29F5F760BD000000000000F03F00000000000000000B0B110D06636F656467650CAF0C000004FFFFFFFF0CFFFFFFFF0CF60B00000CF50B00000C220C00000C730C00
310
000A0CF70B000004000000000CFFFFFFFF110D04656467650CFFFFFFFF04FFFFFFFF0CFFFFFFFF0CB00C00000600000000000000000CF80B000006403333333333D33F0C4D0C00000CB10C00000B0707756E6B6E6F776E110D04666163650CB20C000004FFFFFFFF0CFFFFFFFF0CB30C00000CF70B00000C060000000CFFFF
310
FFFF0CB40C00000A0B110D05706F696E740CFFFFFFFF04FFFFFFFF0CFFFFFFFF1396E006BF18A0F8BF1272A3CEE82FE83F00000000000039C0110D06636F656467650CB50C000004FFFFFFFF0CFFFFFFFF0CFB0B00000CFA0B00000C210C00000C720C00000A0CFC0B000004000000000CFFFFFFFF110D04656467650CFFFF
310
FFFF04FFFFFFFF0CFFFFFFFF0CB60C00000600000000000000000CFD0B000006403333333333D33F0CFA0B00000CB70C00000B0707756E6B6E6F776E110D04666163650CB80C000004FFFFFFFF0CFFFFFFFF0C020C00000CFC0B00000C060000000CFFFFFFFF0CB90C00000A0B110D05706F696E740CFFFFFFFF04FFFFFFFF
310
0CFFFFFFFF139CE806BF18A0F8BFF323D6773134FB3F00000000000039C0110E0D4154545249425F435553544F4D0D066174747269620CFFFFFFFF04FFFFFFFF0CFFFFFFFF0CFFFFFFFF0CFF0B00000711736B657463685F6174747269625F646566040100000004010000000403000000070D333530203020312030203120
310
31110D067665727465780CFFFFFFFF04FFFFFFFF0CFFFFFFFF0C230C000004010000000CBA0C0000110E0873747261696768740D0563757276650CFFFFFFFF04FFFFFFFF0CFFFFFFFF13B882C1D61B1700C0F11FD6773134FB3F3333333333B338C01400000000000000000000000000000000000000000000F0BF0B0B110D
310
067665727465780CFFFFFFFF04FFFFFFFF0CFFFFFFFF0C230C000004000000000CBB0C0000110E0873747261696768740D0563757276650CFFFFFFFF04FFFFFFFF0CFFFFFFFF13B77EC1D61B1700C00E6AA3CEE82FE83F3333333333B338C01400000000000000000000000000000000000000000000F0BF0B0B110E0D4154
310
545249425F435553544F4D0D066174747269620CFFFFFFFF04FFFFFFFF0CFFFFFFFF0CFFFFFFFF0C020C0000071667656E657269635F7461675F6174747269625F6465660403000000040300000004FFFFFFFF071767656E657269635F7461675F6174747269625F6465662004010000000402000000070235340400000000
310
0401000000044E0100000400000000110E05706C616E650D07737572666163650CFFFFFFFF04FFFFFFFF0CFFFFFFFF13B77EC1D61B1700C00E6AA3CEE82FE83F3333333333B338C014000000000000F0BFE2AEFA29F5F760BD000000000000008014E2AEFA29F5F760BD000000000000F03FBBA6E4FEFFFF7FBC0B0B0B0B0B
310
110D06636F656467650CBC0C000004FFFFFFFF0CFFFFFFFF0C060C00000C050C00000C240C00000C750C00000A0CD10B000004000000000CFFFFFFFF110E0D4154545249425F435553544F4D0D066174747269620CFFFFFFFF04FFFFFFFF0CFFFFFFFF0CFFFFFFFF0C080C00000711736B657463685F6174747269625F6465
310
66040100000004010000000403000000070D32343220302031203020312031110D067665727465780CFFFFFFFF04FFFFFFFF0CFFFFFFFF0C260C000004000000000CBD0C0000110E0873747261696768740D0563757276650CFFFFFFFF04FFFFFFFF0CFFFFFFFF136470A673070F14C0FE36A3CEE82FE83F3333333333B338
310
C01400000000000000000000000000000000000000000000F0BF0B0B110E0D4154545249425F435553544F4D0D066174747269620CFFFFFFFF04FFFFFFFF0CFFFFFFFF0CFFFFFFFF0C0A0C0000071667656E657269635F7461675F6174747269625F6465660403000000040300000004FFFFFFFF071767656E657269635F74
310
61675F6174747269625F64656620040100000004020000000702343504000000000401000000044E0100000400000000110D04666163650CBE0C000004FFFFFFFF0CFFFFFFFF0C570C00000C4F0C00000C060000000CFFFFFFFF0CBF0C00000A0B110E05706C616E650D07737572666163650CFFFFFFFF04FFFFFFFF0CFFFF
310
FFFF136470A673070F14C0FE36A3CEE82FE83F3333333333B338C014000000C06D00613D000000000000F0BF000000000000000014000000000000F0BF000000C06D0061BD774D6BFFFF2FB2BC0B0B0B0B0B110E0D4154545249425F435553544F4D0D066174747269620CFFFFFFFF04FFFFFFFF0CFFFFFFFF0CFFFFFFFF0C
310
0C0C00000711736B657463685F6174747269625F646566040100000004010000000403000000070D32343620302031203020312031110D067665727465780CFFFFFFFF04FFFFFFFF0CFFFFFFFF0C750C000004000000000CC00C0000110E0873747261696768740D0563757276650CFFFFFFFF04FFFFFFFF0CFFFFFFFF1364
310
72A673070F14C06906D6773134FB3F3433333333B338C01400000000000000000000000000000000000000000000F0BF0B0B110D05706F696E740CFFFFFFFF04FFFFFFFF0CFFFFFFFF139A79452F8FF215C06302D6773134FB3F3433333333B338C0110D05706F696E740CFFFFFFFF04FFFFFFFF0CFFFFFFFF139A77452F8F
310
F215C0F22EA3CEE82FE83F3433333333B338C0110D046C6F6F700CFFFFFFFF04FFFFFFFF0CFFFFFFFF0CC10C00000CC20C00000C54000000110D06636F656467650CFFFFFFFF04FFFFFFFF0CFFFFFFFF0CC30C00000CC40C00000C950C00000CC50C00000B0C1F0C000004000000000CFFFFFFFF110D06636F656467650CFF
310
FFFFFF04FFFFFFFF0CFFFFFFFF0CC60C00000C200C00000CA30C00000CC70C00000B0CDA0B000004000000000CFFFFFFFF110D06636F656467650CFFFFFFFF04FFFFFFFF0CFFFFFFFF0C200C00000CC60C00000C9F0C00000CC80C00000B0CDA0B000004000000000CFFFFFFFF110D04656467650CFFFFFFFF04FFFFFFFF0C
310
FFFFFFFF0CAA0C00000640B7E10B0DA6C9BF0CA80C000006006810DEF6CEE73F0C200C00000CC90C00000B0707756E6B6E6F776E110D06636F656467650CFFFFFFFF04FFFFFFFF0CFFFFFFFF0C220C00000C210C00000CAE0C00000CCA0C00000B0C9E0B000004000000000CFFFFFFFF110D04656467650CFFFFFFFF04FFFF
310
FFFF0CFFFFFFFF0C5A0C00000674F9408F4FE8E0BF0CB60C000006C0FC8B241BC1ACBF0C210C00000CCB0C00000B0707756E6B6E6F776E110D04656467650CFFFFFFFF04FFFFFFFF0CFFFFFFFF0CB00C00000644B9894161B4D23F0C5C0C0000065216BD7D6E76E83F0C220C00000CCC0C00000B0707756E6B6E6F776E110E
310
0873747261696768740D0563757276650CFFFFFFFF04FFFFFFFF0CFFFFFFFF13907FC1D61B1700C0E2D79B116C99EE3F3333333333B338C014E2AEFA29F5F760BD000000000000F03F00000000000000000B0B110D04656467650CFFFFFFFF04FFFFFFFF0CFFFFFFFF0C680C00000610FA179B7365D1BF0C620C000006CCD8
310
7C53C085E53F0C240C00000CCD0C00000B0707756E6B6E6F776E110E0873747261696768740D0563757276650CFFFFFFFF04FFFFFFFF0CFFFFFFFF1399FCD53609C409C0AB15D6773134FB3F3333333333B338C014000000000000F03F6059C90AAA04613D00000000000000800B0B110E0873747261696768740D05637572
310
76650CFFFFFFFF04FFFFFFFF0CFFFFFFFF1361F1367B81E007C08259A3CEE82FE83F3333333333B338C014000000000000F0BF000000C06D0061BD00000000000000000B0B110D046C6F6F700CFFFFFFFF04FFFFFFFF0CFFFFFFFF0CCE0C00000CCF0C00000C3E000000110D06636F656467650CFFFFFFFF04FFFFFFFF0CFF
310
FFFFFF0CD00C00000CD10C00000CD20C00000CD30C00000B0C2A0C000004000000000CFFFFFFFF110D06636F656467650CFFFFFFFF04FFFFFFFF0CFFFFFFFF0CD40C00000C2B0C00000CD50C00000CD60C00000B0CE20B000004000000000CFFFFFFFF110D06636F656467650CFFFFFFFF04FFFFFFFF0CFFFFFFFF0C2B0C00
310
000CD40C00000CD70C00000CD80C00000B0CE20B000004000000000CFFFFFFFF110D06636F656467650CFFFFFFFF04FFFFFFFF0CFFFFFFFF0CD90C00000CDA0C00000C2B0C00000C7D0C00000A0CDB0C000004000000000CFFFFFFFF110D04656467650CFFFFFFFF04FFFFFFFF0CFFFFFFFF0CDC0C000006BCE6665AEB30D6
310
3F0CDD0C00000697241EE777A8F43F0C2B0C00000CDE0C00000B0707756E6B6E6F776E110D06636F656467650CFFFFFFFF04FFFFFFFF0CFFFFFFFF0C2D0C00000C2C0C00000CDF0C00000CE00C00000B0CA30B000004000000000CFFFFFFFF110D06636F656467650CFFFFFFFF04FFFFFFFF0CFFFFFFFF0CE10C00000CE20C
310
00000C2C0C00000C800C00000A0CE30C000004000000000CFFFFFFFF110D04656467650CFFFFFFFF04FFFFFFFF0CFFFFFFFF0C870C000006C0ED1440B986D23F0CE40C00000610131BE4985FE83F0C2C0C00000CE50C00000B0707756E6B6E6F776E110D06636F656467650CFFFFFFFF04FFFFFFFF0CFFFFFFFF0CE60C0000
310
0CE70C00000C2D0C00000C820C00000A0CE80C000004000000000CFFFFFFFF110D04656467650CFFFFFFFF04FFFFFFFF0CFFFFFFFF0CE90C00000620612306B7EDEFBF0C860C000006F0C412C27AD1E0BF0C2D0C00000CEA0C00000B0707756E6B6E6F776E110D06636F656467650CFFFFFFFF04FFFFFFFF0CFFFFFFFF0CEB
310
0C00000C2E0C00000CE70C00000CEC0C00000A0C850C000004000000000CFFFFFFFF110D06636F656467650CFFFFFFFF04FFFFFFFF0CFFFFFFFF0C2E0C00000CEB0C00000CE10C00000CED0C00000B0C850C000004000000000CFFFFFFFF110D046C6F6F700CFFFFFFFF04FFFFFFFF0CFFFFFFFF0CFFFFFFFF0C2E0C00000C
310
EE0C0000110D067665727465780CFFFFFFFF04FFFFFFFF0CFFFFFFFF0C2F0C000004000000000CEF0C0000110D067665727465780CFFFFFFFF04FFFFFFFF0CFFFFFFFF0C2F0C000004010000000CF00C0000110E0873747261696768740D0563757276650CFFFFFFFF04FFFFFFFF0CFFFFFFFF13554DEC11F43420C0E0D237
310
273660004000000000000039C014000000C06D00613D000000000000F0BF00000000000000000B0B110D06636F656467650CFFFFFFFF04FFFFFFFF0CFFFFFFFF0CF10C00000CF20C00000C300C00000C8A0C00000A0CF30C000004000000000CFFFFFFFF110D04656467650CFFFFFFFF04FFFFFFFF0CFFFFFFFF0C8E0C0000
310
06ED59606F9636FCBF0C930C00000606DEB7BDB234EABF0C300C00000CF40C00000B0707756E6B6E6F776E110D06636F656467650CFFFFFFFF04FFFFFFFF0CFFFFFFFF0CF50C00000C310C00000C360C00000C970C00000A0C8D0C000004000000000CFFFFFFFF110D06636F656467650CFFFFFFFF04FFFFFFFF0CFFFFFFFF
310
0C310C00000CF50C00000CF10C00000CF60C00000B0C8D0C000004000000000CFFFFFFFF110D046C6F6F700CFFFFFFFF04FFFFFFFF0CFFFFFFFF0CFFFFFFFF0C310C00000CF70C0000110D067665727465780CFFFFFFFF04FFFFFFFF0CFFFFFFFF0C320C000004010000000CF80C0000110E0873747261696768740D056375
310
7276650CFFFFFFFF04FFFFFFFF0CFFFFFFFF136FC4FF92149F1AC0161BA3CEE82FE83F00000000000039C014000000000000F03F000000C06D00613D00000000000000000B0B110D06636F656467650CFFFFFFFF04FFFFFFFF0CFFFFFFFF0CF90C00000C330C00000CF20C00000CFA0C00000A0C920C000004000000000CFF
310
FFFFFF110D06636F656467650CFFFFFFFF04FFFFFFFF0CFFFFFFFF0C330C00000CF90C00000C350C00000C960C00000B0C920C000004000000000CFFFFFFFF110D046C6F6F700CFFFFFFFF04FFFFFFFF0CFFFFFFFF0CFFFFFFFF0C330C00000CFB0C0000110D067665727465780CFFFFFFFF04FFFFFFFF0CFFFFFFFF0C8A0C
310
000004010000000CFC0C0000110E0873747261696768740D0563757276650CFFFFFFFF04FFFFFFFF0CFFFFFFFF130A4ACF70D8901BC06CF6D5773134FB3F00000000000039C014000000000000F0BF6059C90AAA0461BD00000000000000800B0B110D06636F656467650CFD0C000004FFFFFFFF0CFFFFFFFF0C360C00000C
310
350C00000C6D0C00000CC50C00000A0C370C000004000000000CFFFFFFFF110D04656467650CFFFFFFFF04FFFFFFFF0CFFFFFFFF0CFE0C00000600000000000000000C380C000006403333333333D33F0C910C00000CFF0C00000B0707756E6B6E6F776E110D04656467650CFFFFFFFF04FFFFFFFF0CFFFFFFFF0C000D0000
310
0600000000000000000C390C000006403333333333D33F0C8B0C00000C010D00000B0707756E6B6E6F776E110D04666163650C020D000004FFFFFFFF0CFFFFFFFF0CF70C00000C370C00000C060000000CFFFFFFFF0C030D00000A0B110D05706F696E740CFFFFFFFF04FFFFFFFF0CFFFFFFFF13EA48410D6A8312C0AF09D6
310
773134FB3F00000000000039C0110D05706F696E740CFFFFFFFF04FFFFFFFF0CFFFFFFFF13EA46410D6A8312C08E3DA3CEE82FE83F00000000000039C0110D06636F656467650CFFFFFFFF04FFFFFFFF0CFFFFFFFF0C040D00000C3B0C00000C3E0C00000CA00C00000A0C9D0C000004000000000CFFFFFFFF110D06636F65
310
6467650CFFFFFFFF04FFFFFFFF0CFFFFFFFF0C3B0C00000C040D00000C420C00000CA40C00000B0C9D0C000004000000000CFFFFFFFF110D046C6F6F700CFFFFFFFF04FFFFFFFF0CFFFFFFFF0CFFFFFFFF0C3B0C00000CB30C0000110E0873747261696768740D0563757276650CFFFFFFFF04FFFFFFFF0CFFFFFFFF139F59
310
EC6D08C7E5BF270D596B4527044000000000000039C014000000C06D0061BD000000000000F03F00000000000000000B0B110D06636F656467650C050D000004FFFFFFFF0CFFFFFFFF0C3E0C00000C3D0C00000C6F0C00000CC80C00000A0C3F0C000004000000000CFFFFFFFF110D04656467650CFFFFFFFF04FFFFFFFF0C
310
FFFFFFFF0C060D00000600000000000000000C400C000006403333333333D33F0C9B0C00000C070D00000B0707756E6B6E6F776E110D04666163650C080D000004FFFFFFFF0CFFFFFFFF0C090D00000C3F0C00000C060000000CFFFFFFFF0C0A0D00000A0B110D05706F696E740CFFFFFFFF04FFFFFFFF0CFFFFFFFF13A33B
310
EC6D08C7E5BFAA80A3CEE82FE83F00000000000039C0110D06636F656467650C0B0D000004FFFFFFFF0CFFFFFFFF0C430C00000C420C00000C6E0C00000CC70C00000A0C440C000004000000000CFFFFFFFF110D04656467650CFFFFFFFF04FFFFFFFF0CFFFFFFFF0C0C0D00000600000000000000000C450C000006403333
310
333333D33F0C420C00000C0D0D00000B0707756E6B6E6F776E110D04666163650C0E0D000004FFFFFFFF0CFFFFFFFF0C4A0C00000C440C00000C060000000CFFFFFFFF0C0F0D00000A0B110D05706F696E740CFFFFFFFF04FFFFFFFF0CFFFFFFFF13B74BEC6D08C7E5BF412BD6773134FB3F00000000000039C0110E0D4154
310
545249425F435553544F4D0D066174747269620CFFFFFFFF04FFFFFFFF0CFFFFFFFF0CFFFFFFFF0C470C00000711736B657463685F6174747269625F646566040100000004010000000403000000070D31393520302031203020312031110D067665727465780CFFFFFFFF04FFFFFFFF0CFFFFFFFF0C700C00000401000000
310
0C100D0000110E0873747261696768740D0563757276650CFFFFFFFF04FFFFFFFF0CFFFFFFFF13B0427225A371F2BF3B27D6773134FB3F3333333333B338C014000000000000C03C0000000000000000000000000000F0BF0B0B110D067665727465780CFFFFFFFF04FFFFFFFF0CFFFFFFFF0C700C000004000000000C110D
310
0000110E0873747261696768740D0563757276650CFFFFFFFF04FFFFFFFF0CFFFFFFFF13A63A7225A371F2BFA678A3CEE82FE83F3333333333B338C014000000000000C03C0000000000000000000000000000F0BF0B0B110E0D4154545249425F435553544F4D0D066174747269620CFFFFFFFF04FFFFFFFF0CFFFFFFFF0C
310
FFFFFFFF0C4A0C0000071667656E657269635F7461675F6174747269625F6465660403000000040300000004FFFFFFFF071767656E657269635F7461675F6174747269625F64656620040100000004020000000702363804000000000401000000044E0100000400000000110E05706C616E650D07737572666163650CFFFF
310
FFFF04FFFFFFFF0CFFFFFFFF13A63A7225A371F2BFA678A3CEE82FE83F3333333333B338C014000000000000F0BF000000C06D0061BD000000000000C0BC14000000C06D0061BD000000000000F03F07A7E4FEFFFF7FBC0B0B0B0B0B110D06636F656467650C120D000004FFFFFFFF0CFFFFFFFF0C4E0C00000C4D0C00000C
310
710C00000CCA0C00000A0C4F0C000004000000000CFFFFFFFF110E0D4154545249425F435553544F4D0D066174747269620CFFFFFFFF04FFFFFFFF0CFFFFFFFF0CFFFFFFFF0C510C00000711736B657463685F6174747269625F646566040100000004010000000403000000070D33343820302031203020312031110D0676
310
65727465780CFFFFFFFF04FFFFFFFF0CFFFFFFFF0C730C000004000000000C130D0000110E0873747261696768740D0563757276650CFFFFFFFF04FFFFFFFF0CFFFFFFFF1396E006BF18A0F8BF1272A3CEE82FE83F3333333333B338C01400000000000000000000000000000000000000000000F0BF0B0B110E0D41545452
310
49425F435553544F4D0D066174747269620CFFFFFFFF04FFFFFFFF0CFFFFFFFF0CFFFFFFFF0C530C0000071667656E657269635F7461675F6174747269625F6465660403000000040300000004FFFFFFFF071767656E657269635F7461675F6174747269625F64656620040100000004020000000702353304000000000401
310
000000044E0100000400000000110D04666163650C140D000004FFFFFFFF0CFFFFFFFF0CA50C00000C9D0C00000C060000000CFFFFFFFF0C150D00000A0B110E05706C616E650D07737572666163650CFFFFFFFF04FFFFFFFF0CFFFFFFFF1396E006BF18A0F8BF1272A3CEE82FE83F3333333333B338C014000000C06D0061
310
3D000000000000F0BF000000000000000014000000000000F0BF000000C06D0061BD774D6BFFFF2FB2BC0B0B0B0B0B110E0D4154545249425F435553544F4D0D066174747269620CFFFFFFFF04FFFFFFFF0CFFFFFFFF0CFFFFFFFF0C550C00000711736B657463685F6174747269625F646566040100000004010000000403
310
000000070D33353220302031203020312031110D067665727465780CFFFFFFFF04FFFFFFFF0CFFFFFFFF0CCA0C000004000000000C160D0000110E0873747261696768740D0563757276650CFFFFFFFF04FFFFFFFF0CFFFFFFFF139CE806BF18A0F8BFF323D6773134FB3F3333333333B338C0140000000000000000000000
310
0000000000000000000000F0BF0B0B110E0D4154545249425F435553544F4D0D066174747269620CFFFFFFFF04FFFFFFFF0CFFFFFFFF0CFFFFFFFF0C570C0000071667656E657269635F7461675F6174747269625F6465660403000000040300000004FFFFFFFF071767656E657269635F7461675F6174747269625F646566
310
20040100000004020000000702353104000000000401000000044E0100000400000000110E05706C616E650D07737572666163650CFFFFFFFF04FFFFFFFF0CFFFFFFFF13B882C1D61B1700C0F11FD6773134FB3F3333333333B338C0146059C90AAA0461BD000000000000F03F000000000000000014000000000000F03F60
310
59C90AAA04613D774D6BFFFF2FB23C0B0B0B0B0B110D05706F696E740CFFFFFFFF04FFFFFFFF0CFFFFFFFF13B882C1D61B1700C0F11FD6773134FB3F3333333333B338C0110D05706F696E740CFFFFFFFF04FFFFFFFF0CFFFFFFFF13B77EC1D61B1700C00E6AA3CEE82FE83F3333333333B338C0110E0D4154545249425F43
310
5553544F4D0D066174747269620CFFFFFFFF04FFFFFFFF0CFFFFFFFF0CFFFFFFFF0C600C00000711736B657463685F6174747269625F646566040100000004010000000403000000070D32343720302031203020312031110D05706F696E740CFFFFFFFF04FFFFFFFF0CFFFFFFFF136470A673070F14C0FE36A3CEE82FE83F
310
3333333333B338C0110E0D4154545249425F435553544F4D0D066174747269620CFFFFFFFF04FFFFFFFF0CFFFFFFFF0CFFFFFFFF0C650C0000071667656E657269635F7461675F6174747269625F6465660403000000040300000004FFFFFFFF071767656E657269635F7461675F6174747269625F64656620040100000004
310
020000000702353204000000000401000000044E0100000400000000110E05706C616E650D07737572666163650CFFFFFFFF04FFFFFFFF0CFFFFFFFF139CE806BF18A0F8BFF323D6773134FB3F3333333333B338C014000000000000F03FE2AEFA29F5F7603D000000000000000014E2AEFA29F5F7603D000000000000F0BF
310
BBA6E4FEFFFF7F3C0B0B0B0B0B110D05706F696E740CFFFFFFFF04FFFFFFFF0CFFFFFFFF136472A673070F14C06906D6773134FB3F3433333333B338C0110D046C6F6F700CFFFFFFFF04FFFFFFFF0CFFFFFFFF0C170D00000C180D00000C54000000110D06636F656467650CFFFFFFFF04FFFFFFFF0CFFFFFFFF0C190D0000
310
0C1A0D00000CEB0C00000C1B0D00000B0C6C0C000004000000000CFFFFFFFF110D06636F656467650CFFFFFFFF04FFFFFFFF0CFFFFFFFF0C1C0D00000C6D0C00000CF90C00000C1D0D00000B0C1F0C000004000000000CFFFFFFFF110D06636F656467650CFFFFFFFF04FFFFFFFF0CFFFFFFFF0C6D0C00000C1C0D00000CF5
310
0C00000C1E0D00000B0C1F0C000004000000000CFFFFFFFF110D04656467650CFFFFFFFF04FFFFFFFF0CFFFFFFFF0C000D00000680B7E10B0DA6C9BF0CFE0C000006F06710DEF6CEE73F0C6D0C00000C1F0D00000B0707756E6B6E6F776E110D06636F656467650CFFFFFFFF04FFFFFFFF0CFFFFFFFF0C6F0C00000C6E0C00
310
000C040D00000C200D00000B0CDA0B000004000000000CFFFFFFFF110D04656467650CFFFFFFFF04FFFFFFFF0CFFFFFFFF0CA80C000006A0B58139D85DB9BF0C0C0D000006E80590AB05E1D73F0C6E0C00000C210D00000B0707756E6B6E6F776E110D04656467650CFFFFFFFF04FFFFFFFF0CFFFFFFFF0C060D0000068898
310
2F9D8F89C1BF0CAA0C0000060CA758EBB373D53F0C6F0C00000C220D00000B0707756E6B6E6F776E110E0873747261696768740D0563757276650CFFFFFFFF04FFFFFFFF0CFFFFFFFF135A3C7225A371F2BF76E69B116C99EE3F3333333333B338C014000000C06D0061BD000000000000F03F00000000000000000B0B110D
310
04656467650CFFFFFFFF04FFFFFFFF0CFFFFFFFF0CB60C00000630FA179B7365D1BF0CB00C000006BCD87C53C085E53F0C710C00000C230D00000B0707756E6B6E6F776E110E0873747261696768740D0563757276650CFFFFFFFF04FFFFFFFF0CFFFFFFFF13B688E2E50FBAF7BF7024D6773134FB3F3333333333B338C014
310
000000000000F03F6059C90AAA04613D00000000000000800B0B110E0873747261696768740D0563757276650CFFFFFFFF04FFFFFFFF0CFFFFFFFF134572A46E00F3F3BF0A77A3CEE82FE83F3333333333B338C014000000000000F0BF000000C06D0061BD00000000000000000B0B110E0873747261696768740D05637572
310
76650CFFFFFFFF04FFFFFFFF0CFFFFFFFF13D071A673070F14C0E5071091D4DAF63F3333333333B338C014E2AEFA29F5F7603D000000000000F0BF00000000000000000B0B110D046C6F6F700CFFFFFFFF04FFFFFFFF0CFFFFFFFF0C240D00000C250D00000C3E000000110D06636F656467650CFFFFFFFF04FFFFFFFF0CFF
310
FFFFFF0CCF0C00000CCF0C00000C260D00000C270D00000B0C780C000004000000000CFFFFFFFF110D06636F656467650CFFFFFFFF04FFFFFFFF0CFFFFFFFF0C280D00000C790C00000C290D00000C2A0D00000B0C2A0C000004000000000CFFFFFFFF110D06636F656467650CFFFFFFFF04FFFFFFFF0CFFFFFFFF0C790C00
310
000C280D00000C2B0D00000C2C0D00000B0C2A0C000004000000000CFFFFFFFF110D06636F656467650CFFFFFFFF04FFFFFFFF0CFFFFFFFF0C2D0D00000C2E0D00000C790C00000CD30C00000A0C2F0D000004000000000CFFFFFFFF110D04656467650CFFFFFFFF04FFFFFFFF0CFFFFFFFF0C300D00000618A403F852DAD1
310
BF0C310D0000066A8924DB69B1EA3F0C790C00000C320D00000B0707756E6B6E6F776E110D06636F656467650CFFFFFFFF04FFFFFFFF0CFFFFFFFF0C7B0C00000C7A0C00000C330D00000C340D00000B0CE20B000004000000000CFFFFFFFF110D06636F656467650CFFFFFFFF04FFFFFFFF0CFFFFFFFF0C350D00000C360D
310
00000C7A0C00000CD60C00000A0C370D000004000000000CFFFFFFFF110D04656467650CFFFFFFFF04FFFFFFFF0CFFFFFFFF0CDD0C000006CAF10E9275ED15400C380D000006287F1F34FDD017400C7A0C00000C390D00000B0707756E6B6E6F776E110D06636F656467650CFFFFFFFF04FFFFFFFF0CFFFFFFFF0C3A0D0000
310
0C3B0D00000C7B0C00000CD80C00000A0C3C0D000004000000000CFFFFFFFF110D04656467650CFFFFFFFF04FFFFFFFF0CFFFFFFFF0C3D0D000006D6C52705C1C218C00CDC0C0000067838176339DF16C00C7B0C00000C3E0D00000B0707756E6B6E6F776E110D06636F656467650CFFFFFFFF04FFFFFFFF0CFFFFFFFF0C3F
310
0D00000C7C0C00000C3B0D00000C400D00000A0CDB0C000004000000000CFFFFFFFF110D06636F656467650CFFFFFFFF04FFFFFFFF0CFFFFFFFF0C7C0C00000C3F0D00000C350D00000C410D00000B0CDB0C000004000000000CFFFFFFFF110D046C6F6F700CFFFFFFFF04FFFFFFFF0CFFFFFFFF0CFFFFFFFF0C7C0C00000C
310
420D0000110D067665727465780CFFFFFFFF04FFFFFFFF0CFFFFFFFF0C7D0C000004000000000C430D0000110D067665727465780CFFFFFFFF04FFFFFFFF0CFFFFFFFF0C7D0C000004010000000C440D0000110E0873747261696768740D0563757276650CFFFFFFFF04FFFFFFFF0CFFFFFFFF13134AA2E3574002400EFF37
310
273660004000000000000039C014FAA64443D707613D000000000000F0BF00000000000000000B0B110D06636F656467650CFFFFFFFF04FFFFFFFF0CFFFFFFFF0C450D00000C460D00000C7E0C00000CE00C00000A0C470D000004000000000CFFFFFFFF110D04656467650CFFFFFFFF04FFFFFFFF0CFFFFFFFF0CE40C0000
310
06F759606F9636FCBF0CE90C0000061EDEB7BDB234EABF0C7E0C00000C480D00000B0707756E6B6E6F776E110D06636F656467650CFFFFFFFF04FFFFFFFF0CFFFFFFFF0C490D00000C7F0C00000C840C00000CED0C00000A0CE30C000004000000000CFFFFFFFF110D06636F656467650CFFFFFFFF04FFFFFFFF0CFFFFFFFF
310
0C7F0C00000C490D00000C450D00000C4A0D00000B0CE30C000004000000000CFFFFFFFF110D046C6F6F700CFFFFFFFF04FFFFFFFF0CFFFFFFFF0CFFFFFFFF0C7F0C00000C4B0D0000110D067665727465780CFFFFFFFF04FFFFFFFF0CFFFFFFFF0C800C000004010000000C4C0D0000110E0873747261696768740D056375
310
7276650CFFFFFFFF04FFFFFFFF0CFFFFFFFF1364F3ECDB29C920C090FDA2CEE82FE83F00000000000039C014000000000000F03F000000C06D00613D00000000000000000B0B110D06636F656467650CFFFFFFFF04FFFFFFFF0CFFFFFFFF0C4D0D00000C810C00000C460D00000C4E0D00000A0CE80C000004000000000CFF
310
FFFFFF110D06636F656467650CFFFFFFFF04FFFFFFFF0CFFFFFFFF0C810C00000C4D0D00000C830C00000CEC0C00000B0CE80C000004000000000CFFFFFFFF110D046C6F6F700CFFFFFFFF04FFFFFFFF0CFFFFFFFF0CFFFFFFFF0C810C00000C4F0D0000110D067665727465780CFFFFFFFF04FFFFFFFF0CFFFFFFFF0CE00C
310
000004010000000C500D0000110E0873747261696768740D0563757276650CFFFFFFFF04FFFFFFFF0CFFFFFFFF1347790DBE0B4221C0AEE7D5773134FB3F00000000000039C014000000000000F0BFC4F73B0BAA0461BD00000000000000800B0B110D06636F656467650C510D000004FFFFFFFF0CFFFFFFFF0C840C00000C
310
830C00000CC20C00000C1B0D00000A0C850C000004000000000CFFFFFFFF110D04656467650CFFFFFFFF04FFFFFFFF0CFFFFFFFF0C520D00000600000000000000000C860C000006003333333333D33F0CE70C00000C530D00000B0707756E6B6E6F776E110D04656467650CFFFFFFFF04FFFFFFFF0CFFFFFFFF0C540D0000
310
0600000000000000000C870C000006003333333333D33F0CE10C00000C550D00000B0707756E6B6E6F776E110D04666163650C560D000004FFFFFFFF0CFFFFFFFF0C4B0D00000C850C00000C060000000CFFFFFFFF0C570D00000A0B110D05706F696E740CFFFFFFFF04FFFFFFFF0CFFFFFFFF13F84CEC11F43420C027ECD5
310
773134FB3F00000000000039C0110D05706F696E740CFFFFFFFF04FFFFFFFF0CFFFFFFFF13F64BEC11F43420C07A02A3CEE82FE83F00000000000039C0110D06636F656467650CFFFFFFFF04FFFFFFFF0CFFFFFFFF0C580D00000C890C00000C8C0C00000CF60C00000A0CF30C000004000000000CFFFFFFFF110D06636F65
310
6467650CFFFFFFFF04FFFFFFFF0CFFFFFFFF0C890C00000C580D00000C900C00000CFA0C00000B0CF30C000004000000000CFFFFFFFF110D046C6F6F700CFFFFFFFF04FFFFFFFF0CFFFFFFFF0CFFFFFFFF0C890C00000C090D0000110E0873747261696768740D0563757276650CFFFFFFFF04FFFFFFFF0CFFFFFFFF137043
310
A251E29F10C05CFE586B4527044000000000000039C014E2AEFA29F5F760BD000000000000F03F00000000000000000B0B110D06636F656467650C590D000004FFFFFFFF0CFFFFFFFF0C8C0C00000C8B0C00000CC40C00000C1E0D00000A0C8D0C000004000000000CFFFFFFFF110D04656467650CFFFFFFFF04FFFFFFFF0C
310
FFFFFFFF0C5A0D00000600000000000000000C8E0C000006403333333333D33F0CF10C00000C5B0D00000B0707756E6B6E6F776E110D04666163650C5C0D000004FFFFFFFF0CFFFFFFFF0C5D0D00000C8D0C00000C060000000CFFFFFFFF0C5E0D00000A0B110D05706F696E740CFFFFFFFF04FFFFFFFF0CFFFFFFFF13B43F
310
A251E29F10C09645A3CEE82FE83F00000000000039C0110D06636F656467650C5F0D000004FFFFFFFF0CFFFFFFFF0C910C00000C900C00000CC30C00000C1D0D00000A0C920C000004000000000CFFFFFFFF110D04656467650CFFFFFFFF04FFFFFFFF0CFFFFFFFF0C600D00000600000000000000000C930C000006403333
310
333333D33F0C900C00000C610D00000B0707756E6B6E6F776E110D04666163650C620D000004FFFFFFFF0CFFFFFFFF0C980C00000C920C00000C060000000CFFFFFFFF0C630D00000A0B110D05706F696E740CFFFFFFFF04FFFFFFFF0CFFFFFFFF13B441A251E29F10C0B50DD6773134FB3F00000000000039C0110E0D4154
310
545249425F435553544F4D0D066174747269620CFFFFFFFF04FFFFFFFF0CFFFFFFFF0CFFFFFFFF0C950C00000711736B657463685F6174747269625F646566040100000004010000000403000000070D31333320302031203020312031110D067665727465780CFFFFFFFF04FFFFFFFF0CFFFFFFFF0CC50C00000401000000
310
0C640D0000110E0873747261696768740D0563757276650CFFFFFFFF04FFFFFFFF0CFFFFFFFF13EA48410D6A8312C0AF09D6773134FB3F3333333333B338C01400000000000000000000000000000000000000000000F0BF0B0B110D067665727465780CFFFFFFFF04FFFFFFFF0CFFFFFFFF0CC50C000004000000000C650D
310
0000110E0873747261696768740D0563757276650CFFFFFFFF04FFFFFFFF0CFFFFFFFF13EA46410D6A8312C08E3DA3CEE82FE83F3333333333B338C01400000000000000000000000000000000000000000000F0BF0B0B110E0D4154545249425F435553544F4D0D066174747269620CFFFFFFFF04FFFFFFFF0CFFFFFFFF0C
310
FFFFFFFF0C980C0000071667656E657269635F7461675F6174747269625F6465660403000000040300000004FFFFFFFF071767656E657269635F7461675F6174747269625F64656620040100000004020000000702373604000000000401000000044E0100000400000000110E05706C616E650D07737572666163650CFFFF
310
FFFF04FFFFFFFF0CFFFFFFFF13EA46410D6A8312C08E3DA3CEE82FE83F3333333333B338C014000000000000F0BFE2AEFA29F5F760BD000000000000008014E2AEFA29F5F760BD000000000000F03FBBA6E4FEFFFF7FBC0B0B0B0B0B110D06636F656467650C660D000004FFFFFFFF0CFFFFFFFF0C9C0C00000C9B0C00000C
310
C60C00000C200D00000A0C9D0C000004000000000CFFFFFFFF110E0D4154545249425F435553544F4D0D066174747269620CFFFFFFFF04FFFFFFFF0CFFFFFFFF0CFFFFFFFF0C9F0C00000711736B657463685F6174747269625F646566040100000004010000000403000000070D31393320302031203020312031110D0676
310
65727465780CFFFFFFFF04FFFFFFFF0CFFFFFFFF0CC80C000004000000000C670D0000110E0873747261696768740D0563757276650CFFFFFFFF04FFFFFFFF0CFFFFFFFF13A43BEC6D08C7E5BFAA80A3CEE82FE83F3333333333B338C014000000000000C03C0000000000000000000000000000F0BF0B0B110E0D41545452
310
49425F435553544F4D0D066174747269620CFFFFFFFF04FFFFFFFF0CFFFFFFFF0CFFFFFFFF0CA10C0000071667656E657269635F7461675F6174747269625F6465660403000000040300000004FFFFFFFF071767656E657269635F7461675F6174747269625F64656620040100000004020000000702363704000000000401
310
000000044E0100000400000000110D04666163650C680D000004FFFFFFFF0CFFFFFFFF0CFB0C00000CF30C00000C060000000CFFFFFFFF0C690D00000A0B110E05706C616E650D07737572666163650CFFFFFFFF04FFFFFFFF0CFFFFFFFF13A43BEC6D08C7E5BFAA80A3CEE82FE83F3333333333B338C014000000C06D0061
310
3D000000000000F0BF000000C06D00313A14000000000000F0BF000000C06D0061BD774D6BFFFF2FB2BC0B0B0B0B0B110E0D4154545249425F435553544F4D0D066174747269620CFFFFFFFF04FFFFFFFF0CFFFFFFFF0CFFFFFFFF0CA30C00000711736B657463685F6174747269625F646566040100000004010000000403
310
000000070D31393720302031203020312031110D067665727465780CFFFFFFFF04FFFFFFFF0CFFFFFFFF0C200D000004000000000C6A0D0000110E0873747261696768740D0563757276650CFFFFFFFF04FFFFFFFF0CFFFFFFFF13B84BEC6D08C7E5BF412BD6773134FB3F3333333333B338C014000000000000C03C000000
310
0000000000000000000000F0BF0B0B110E0D4154545249425F435553544F4D0D066174747269620CFFFFFFFF04FFFFFFFF0CFFFFFFFF0CFFFFFFFF0CA50C0000071667656E657269635F7461675F6174747269625F6465660403000000040300000004FFFFFFFF071767656E657269635F7461675F6174747269625F646566
310
20040100000004020000000702363504000000000401000000044E0100000400000000110E05706C616E650D07737572666163650CFFFFFFFF04FFFFFFFF0CFFFFFFFF13B0427225A371F2BF3B27D6773134FB3F3333333333B338C0146059C90AAA0461BD000000000000F03F6059C90AAA0431BA14000000000000F03F60
310
59C90AAA04613D774D6BFFFF2FB23C0B0B0B0B0B110D05706F696E740CFFFFFFFF04FFFFFFFF0CFFFFFFFF13B0427225A371F2BF3B27D6773134FB3F3333333333B338C0110D05706F696E740CFFFFFFFF04FFFFFFFF0CFFFFFFFF13A63A7225A371F2BFA678A3CEE82FE83F3333333333B338C0110E0D4154545249425F43
310
5553544F4D0D066174747269620CFFFFFFFF04FFFFFFFF0CFFFFFFFF0CFFFFFFFF0CAE0C00000711736B657463685F6174747269625F646566040100000004010000000403000000070D33353320302031203020312031110D05706F696E740CFFFFFFFF04FFFFFFFF0CFFFFFFFF1396E006BF18A0F8BF1272A3CEE82FE83F
310
3333333333B338C0110E0D4154545249425F435553544F4D0D066174747269620CFFFFFFFF04FFFFFFFF0CFFFFFFFF0CFFFFFFFF0CB30C0000071667656E657269635F7461675F6174747269625F6465660403000000040300000004FFFFFFFF071767656E657269635F7461675F6174747269625F64656620040100000004
310
020000000702363604000000000401000000044E0100000400000000110E05706C616E650D07737572666163650CFFFFFFFF04FFFFFFFF0CFFFFFFFF13B84BEC6D08C7E5BF412BD6773134FB3F3333333333B338C014000000000000F03F000000C06D00613D000000000000C03C14000000C06D00613D000000000000F0BF
310
07A7E4FEFFFF7F3C0B0B0B0B0B110D05706F696E740CFFFFFFFF04FFFFFFFF0CFFFFFFFF139CE806BF18A0F8BFF323D6773134FB3F3333333333B338C0110D046C6F6F700CFFFFFFFF04FFFFFFFF0CFFFFFFFF0C6B0D00000C6C0D00000C54000000110D06636F656467650CFFFFFFFF04FFFFFFFF0CFFFFFFFF0C6D0D0000
310
0C6E0D00000C3F0D00000C6F0D00000B0CC10C000004000000000CFFFFFFFF110D06636F656467650CFFFFFFFF04FFFFFFFF0CFFFFFFFF0C700D00000CC20C00000C4D0D00000C710D00000B0C6C0C000004000000000CFFFFFFFF110D06636F656467650CFFFFFFFF04FFFFFFFF0CFFFFFFFF0CC20C00000C700D00000C49
310
0D00000C720D00000B0C6C0C000004000000000CFFFFFFFF110D04656467650CFFFFFFFF04FFFFFFFF0CFFFFFFFF0C540D00000640B7E10B0DA6C9BF0C520D000006046810DEF6CEE73F0CC20C00000C730D00000B0707756E6B6E6F776E110D06636F656467650CFFFFFFFF04FFFFFFFF0CFFFFFFFF0CC40C00000CC30C00
310
000C580D00000C740D00000B0C1F0C000004000000000CFFFFFFFF110D04656467650CFFFFFFFF04FFFFFFFF0CFFFFFFFF0CFE0C000006D68B610BE063FDBF0C600D000006FE6EE51CC1D5F5BF0CC30C00000C750D00000B0707756E6B6E6F776E110D04656467650CFFFFFFFF04FFFFFFFF0CFFFFFFFF0C5A0D0000066E7D
310
2394D09CF93F0C000D00000623CD4FC1779500400CC40C00000C760D00000B0707756E6B6E6F776E110E0873747261696768740D0563757276650CFFFFFFFF04FFFFFFFF0CFFFFFFFF135747410D6A8312C06EAB9B116C99EE3F3333333333B338C014E2AEFA29F5F760BD000000000000F03F00000000000000000B0B110D
310
04656467650CFFFFFFFF04FFFFFFFF0CFFFFFFFF0C0C0D00000634FA179B7365D1BF0C060D000006BED87C53C085E53F0CC60C00000C770D00000B0707756E6B6E6F776E110E0873747261696768740D0563757276650CFFFFFFFF04FFFFFFFF0CFFFFFFFF135627DAA1C5DBF0BF1228D6773134FB3F3333333333B338C014
310
000000000000F03F6059C90AAA04613D00000000000000800B0B110E0873747261696768740D0563757276650CFFFFFFFF04FFFFFFFF0CFFFFFFFF13C62138556C29EABF567EA3CEE82FE83F3333333333B338C014000000000000F0BF000000C06D0061BD00000000000000000B0B110E0873747261696768740D05637572
310
76650CFFFFFFFF04FFFFFFFF0CFFFFFFFF134EE606BF18A0F8BF67251091D4DAF63F3333333333B338C014E2AEFA29F5F7603D000000000000F0BF00000000000000000B0B110D046C6F6F700CFFFFFFFF04FFFFFFFF0CFFFFFFFF0C780D00000C790D00000C3E000000110D06636F656467650CFFFFFFFF04FFFFFFFF0CFF
310
FFFFFF0C250D00000C250D00000C7A0D00000C7B0D00000B0CCE0C000004000000000CFFFFFFFF110D06636F656467650CFFFFFFFF04FFFFFFFF0CFFFFFFFF0C260D00000C260D00000CCF0C00000C270D00000A0C7C0D000004000000000CFFFFFFFF110D04656467650CFFFFFFFF04FFFFFFFF0CFFFFFFFF0C7D0D000006
310
182D4454FB2109C00C7D0D000006182D4454FB2109400CCF0C00000C7E0D00000B0707756E6B6E6F776E110D06636F656467650CFFFFFFFF04FFFFFFFF0CFFFFFFFF0CD10C00000CD00C00000C7F0D00000C800D00000B0C2A0C000004000000000CFFFFFFFF110D06636F656467650CFFFFFFFF04FFFFFFFF0CFFFFFFFF0C
310
810D00000C820D00000CD00C00000C2A0D00000A0C830D000004000000000CFFFFFFFF110D04656467650CFFFFFFFF04FFFFFFFF0CFFFFFFFF0C310D000006C09410E662031C400C840D0000066DE9132132351F400CD00C00000C850D00000B0707756E6B6E6F776E110D06636F656467650CFFFFFFFF04FFFFFFFF0CFFFF
310
FFFF0C860D00000C870D00000CD10C00000C2C0D00000A0C880D000004000000000CFFFFFFFF110D04656467650CFFFFFFFF04FFFFFFFF0CFFFFFFFF0C890D000006E2C94ADF0C6720C00C300D000006163F92834A9C1DC00CD10C00000C8A0D00000B0707756E6B6E6F776E110D06636F656467650CFFFFFFFF04FFFFFFFF
310
0CFFFFFFFF0C8B0D00000CD20C00000C870D00000C8C0D00000A0C2F0D000004000000000CFFFFFFFF110D06636F656467650CFFFFFFFF04FFFFFFFF0CFFFFFFFF0CD20C00000C8B0D00000C810D00000C8D0D00000B0C2F0D000004000000000CFFFFFFFF110D046C6F6F700CFFFFFFFF04FFFFFFFF0CFFFFFFFF0CFFFFFF
310
FF0CD20C00000C8E0D0000110D067665727465780CFFFFFFFF04FFFFFFFF0CFFFFFFFF0CD30C000004000000000C8F0D0000110D067665727465780CFFFFFFFF04FFFFFFFF0CFFFFFFFF0CD30C000004010000000C900D0000110E0873747261696768740D0563757276650CFFFFFFFF04FFFFFFFF0CFFFFFFFF134C31C732
310
4E9A164057FDFDA31708044000000000000039C01487C4F6A49D07613D000000000000F0BF00000000000000000B0B110D06636F656467650CFFFFFFFF04FFFFFFFF0CFFFFFFFF0C910D00000C920D00000CD40C00000C340D00000A0C930D000004000000000CFFFFFFFF110D04656467650CFFFFFFFF04FFFFFFFF0CFFFF
310
FFFF0C380D0000060F5A606F9636FCBF0C3D0D0000064ADEB7BDB234EABF0CD40C00000C940D00000B0707756E6B6E6F776E110D06636F656467650CFFFFFFFF04FFFFFFFF0CFFFFFFFF0C950D00000CD50C00000CDA0C00000C410D00000A0C370D000004000000000CFFFFFFFF110D06636F656467650CFFFFFFFF04FFFF
310
FFFF0CFFFFFFFF0CD50C00000C950D00000C910D00000C960D00000B0C370D000004000000000CFFFFFFFF110D046C6F6F700CFFFFFFFF04FFFFFFFF0CFFFFFFFF0CFFFFFFFF0CD50C00000C970D0000110D067665727465780CFFFFFFFF04FFFFFFFF0CFFFFFFFF0CD60C000004010000000C980D0000110E087374726169
310
6768740D0563757276650CFFFFFFFF04FFFFFFFF0CFFFFFFFF1303947B40939A09C0D255A3CEE82FE83F00000000000039C014000000000000F03F000000C06D00613D00000000000000000B0B110D06636F656467650CFFFFFFFF04FFFFFFFF0CFFFFFFFF0C990D00000CD70C00000C920D00000C9A0D00000A0C3C0D0000
310
04000000000CFFFFFFFF110D06636F656467650CFFFFFFFF04FFFFFFFF0CFFFFFFFF0CD70C00000C990D00000CD90C00000C400D00000B0C3C0D000004000000000CFFFFFFFF110D046C6F6F700CFFFFFFFF04FFFFFFFF0CFFFFFFFF0CFFFFFFFF0CD70C00000C9B0D0000110D067665727465780CFFFFFFFF04FFFFFFFF0C
310
FFFFFFFF0C340D000004010000000C9C0D0000110E0873747261696768740D0563757276650CFFFFFFFF04FFFFFFFF0CFFFFFFFF1364258CE21A7E0BC0C613D6773134FB3F00000000000039C014000000000000F0BF8FA8020BAA0461BD00000000000000800B0B110D06636F656467650C9D0D000004FFFFFFFF0CFFFFFF
310
FF0CDA0C00000CD90C00000C180D00000C6F0D00000A0CDB0C000004000000000CFFFFFFFF110D04656467650CFFFFFFFF04FFFFFFFF0CFFFFFFFF0C9E0D00000600000000000000000CDC0C000006403333333333D33F0C3B0D00000C9F0D00000B0707756E6B6E6F776E110D04656467650CFFFFFFFF04FFFFFFFF0CFFFF
310
FFFF0CA00D00000600000000000000000CDD0C000006403333333333D33F0C350D00000CA10D00000B0707756E6B6E6F776E110D04666163650CA20D000004FFFFFFFF0CFFFFFFFF0C970D00000CDB0C00000C060000000CFFFFFFFF0CA30D00000A0B110D05706F696E740CFFFFFFFF04FFFFFFFF0CFFFFFFFF138D4BA2E3
310
574002406D44D6773134FB3F00000000000039C0110D05706F696E740CFFFFFFFF04FFFFFFFF0CFFFFFFFF13924FA2E3574002400AB3A3CEE82FE83F00000000000039C0110D06636F656467650CFFFFFFFF04FFFFFFFF0CFFFFFFFF0CA40D00000CDF0C00000CE20C00000C4A0D00000A0C470D000004000000000CFFFFFF
310
FF110D06636F656467650CFFFFFFFF04FFFFFFFF0CFFFFFFFF0CDF0C00000CA40D00000CE60C00000C4E0D00000B0C470D000004000000000CFFFFFFFF110D046C6F6F700CFFFFFFFF04FFFFFFFF0CFFFFFFFF0CFFFFFFFF0CDF0C00000C5D0D0000110E0873747261696768740D0563757276650CFFFFFFFF04FFFFFFFF0C
310
FFFFFFFF132888569B60861EC09CEF586B4527044000000000000039C014000000C06D0061BD000000000000F03F00000000000000000B0B110D06636F656467650CA50D000004FFFFFFFF0CFFFFFFFF0CE20C00000CE10C00000C1A0D00000C720D00000A0CE30C000004000000000CFFFFFFFF110D04656467650CFFFFFF
310
FF04FFFFFFFF0CFFFFFFFF0CA60D00000600000000000000000CE40C000006003333333333D33F0C450D00000CA70D00000B0707756E6B6E6F776E110D04666163650CA80D000004FFFFFFFF0CFFFFFFFF0CA90D00000CE30C00000C060000000CFFFFFFFF0CAA0D00000A0B110D05706F696E740CFFFFFFFF04FFFFFFFF0C
310
FFFFFFFF136684569B60861EC0820AA3CEE82FE83F00000000000039C0110D06636F656467650CAB0D000004FFFFFFFF0CFFFFFFFF0CE70C00000CE60C00000C190D00000C710D00000A0CE80C000004000000000CFFFFFFFF110D04656467650CFFFFFFFF04FFFFFFFF0CFFFFFFFF0CAC0D00000600000000000000000CE9
310
0C000006003333333333D33F0CE60C00000CAD0D00000B0707756E6B6E6F776E110D04666163650CAE0D000004FFFFFFFF0CFFFFFFFF0CEE0C00000CE80C00000C060000000CFFFFFFFF0CAF0D00000A0B110D05706F696E740CFFFFFFFF04FFFFFFFF0CFFFFFFFF136A86569B60861EC029F0D5773134FB3F000000000000
310
39C0110E0D4154545249425F435553544F4D0D066174747269620CFFFFFFFF04FFFFFFFF0CFFFFFFFF0CFFFFFFFF0CEB0C00000711736B657463685F6174747269625F646566040100000004010000000403000000070D32333620302031203020312031110D067665727465780CFFFFFFFF04FFFFFFFF0CFFFFFFFF0C1B0D
310
000004010000000CB00D0000110E0873747261696768740D0563757276650CFFFFFFFF04FFFFFFFF0CFFFFFFFF13F84CEC11F43420C027ECD5773134FB3F3433333333B338C01400000000000000000000000000000000000000000000F0BF0B0B110D067665727465780CFFFFFFFF04FFFFFFFF0CFFFFFFFF0C1B0D000004
310
000000000CB10D0000110E0873747261696768740D0563757276650CFFFFFFFF04FFFFFFFF0CFFFFFFFF13F64BEC11F43420C07A02A3CEE82FE83F3433333333B338C01400000000000000000000000000000000000000000000F0BF0B0B110E0D4154545249425F435553544F4D0D066174747269620CFFFFFFFF04FFFFFF
310
FF0CFFFFFFFF0CFFFFFFFF0CEE0C0000071667656E657269635F7461675F6174747269625F6465660403000000040300000004FFFFFFFF071767656E657269635F7461675F6174747269625F64656620040100000004020000000702383404000000000401000000044E0100000400000000110E05706C616E650D07737572
310
666163650CFFFFFFFF04FFFFFFFF0CFFFFFFFF13F64BEC11F43420C07A02A3CEE82FE83F3433333333B338C014000000000000F0BF000000C06D0061BD000000000000008014000000C06D0061BD000000000000F03F07A7E4FEFFFF7FBC0B0B0B0B0B110D06636F656467650CB20D000004FFFFFFFF0CFFFFFFFF0CF20C00
310
000CF10C00000C1C0D00000C740D00000A0CF30C000004000000000CFFFFFFFF110E0D4154545249425F435553544F4D0D066174747269620CFFFFFFFF04FFFFFFFF0CFFFFFFFF0CFFFFFFFF0CF50C00000711736B657463685F6174747269625F646566040100000004010000000403000000070D31333120302031203020
310
312031110D067665727465780CFFFFFFFF04FFFFFFFF0CFFFFFFFF0C1E0D000004000000000CB30D0000110E0873747261696768740D0563757276650CFFFFFFFF04FFFFFFFF0CFFFFFFFF13B43FA251E29F10C09645A3CEE82FE83F3333333333B338C01400000000000000000000000000000000000000000000F0BF0B0B
310
110E0D4154545249425F435553544F4D0D066174747269620CFFFFFFFF04FFFFFFFF0CFFFFFFFF0CFFFFFFFF0CF70C0000071667656E657269635F7461675F6174747269625F6465660403000000040300000004FFFFFFFF071767656E657269635F7461675F6174747269625F646566200401000000040200000007023735
310
04000000000401000000044E0100000400000000110D04666163650CB40D000004FFFFFFFF0CFFFFFFFF0C4F0D00000C470D00000C060000000CFFFFFFFF0CB50D00000A0B110E05706C616E650D07737572666163650CFFFFFFFF04FFFFFFFF0CFFFFFFFF13B43FA251E29F10C09645A3CEE82FE83F3333333333B338C014
310
000000C06D00613D000000000000F0BF000000000000000014000000000000F0BF000000C06D0061BD774D6BFFFF2FB2BC0B0B0B0B0B110E0D4154545249425F435553544F4D0D066174747269620CFFFFFFFF04FFFFFFFF0CFFFFFFFF0CFFFFFFFF0CF90C00000711736B657463685F6174747269625F6465660401000000
310
04010000000403000000070D31333520302031203020312031110D067665727465780CFFFFFFFF04FFFFFFFF0CFFFFFFFF0C740D000004000000000CB60D0000110E0873747261696768740D0563757276650CFFFFFFFF04FFFFFFFF0CFFFFFFFF13B441A251E29F10C0B50DD6773134FB3F3333333333B338C01400000000
310
000000000000000000000000000000000000F0BF0B0B110E0D4154545249425F435553544F4D0D066174747269620CFFFFFFFF04FFFFFFFF0CFFFFFFFF0CFFFFFFFF0CFB0C0000071667656E657269635F7461675F6174747269625F6465660403000000040300000004FFFFFFFF071767656E657269635F7461675F617474
310
7269625F64656620040100000004020000000702373304000000000401000000044E0100000400000000110E05706C616E650D07737572666163650CFFFFFFFF04FFFFFFFF0CFFFFFFFF13EA48410D6A8312C0AF09D6773134FB3F3333333333B338C0146059C90AAA0461BD000000000000F03F0000000000000000140000
310
00000000F03F6059C90AAA04613D774D6BFFFF2FB23C0B0B0B0B0B110D05706F696E740CFFFFFFFF04FFFFFFFF0CFFFFFFFF13EA48410D6A8312C0AF09D6773134FB3F3333333333B338C0110D05706F696E740CFFFFFFFF04FFFFFFFF0CFFFFFFFF13EA46410D6A8312C08E3DA3CEE82FE83F3333333333B338C0110E0D41
310
54545249425F435553544F4D0D066174747269620CFFFFFFFF04FFFFFFFF0CFFFFFFFF0CFFFFFFFF0C040D00000711736B657463685F6174747269625F646566040100000004010000000403000000070D31393820302031203020312031110D05706F696E740CFFFFFFFF04FFFFFFFF0CFFFFFFFF13A43BEC6D08C7E5BFAA
310
80A3CEE82FE83F3333333333B338C0110E0D4154545249425F435553544F4D0D066174747269620CFFFFFFFF04FFFFFFFF0CFFFFFFFF0CFFFFFFFF0C090D0000071667656E657269635F7461675F6174747269625F6465660403000000040300000004FFFFFFFF071767656E657269635F7461675F6174747269625F646566
310
20040100000004020000000702373404000000000401000000044E0100000400000000110E05706C616E650D07737572666163650CFFFFFFFF04FFFFFFFF0CFFFFFFFF13B441A251E29F10C0B50DD6773134FB3F3333333333B338C014000000000000F03FE2AEFA29F5F7603D000000000000000014E2AEFA29F5F7603D00
310
0000000000F0BFBBA6E4FEFFFF7F3C0B0B0B0B0B110D05706F696E740CFFFFFFFF04FFFFFFFF0CFFFFFFFF13B84BEC6D08C7E5BF412BD6773134FB3F3333333333B338C0110D046C6F6F700CFFFFFFFF04FFFFFFFF0CFFFFFFFF0CB70D00000CB80D00000C54000000110D06636F656467650CFFFFFFFF04FFFFFFFF0CFFFF
310
FFFF0CB90D00000CBA0D00000C8B0D00000CBB0D00000B0C170D000004000000000CFFFFFFFF110D06636F656467650CFFFFFFFF04FFFFFFFF0CFFFFFFFF0CBC0D00000C180D00000C990D00000CBD0D00000B0CC10C000004000000000CFFFFFFFF110D06636F656467650CFFFFFFFF04FFFFFFFF0CFFFFFFFF0C180D0000
310
0CBC0D00000C950D00000CBE0D00000B0CC10C000004000000000CFFFFFFFF110D04656467650CFFFFFFFF04FFFFFFFF0CFFFFFFFF0CA00D0000066CB7E10B0DA6C9BF0C9E0D000006F56710DEF6CEE73F0C180D00000CBF0D00000B0707756E6B6E6F776E110D06636F656467650CFFFFFFFF04FFFFFFFF0CFFFFFFFF0C1A
310
0D00000C190D00000CA40D00000CC00D00000B0C6C0C000004000000000CFFFFFFFF110D04656467650CFFFFFFFF04FFFFFFFF0CFFFFFFFF0C520D000006F016481C6E980CC00CAC0D000006E4EF430B5FD108C00C190D00000CC10D00000B0707756E6B6E6F776E110D04656467650CFFFFFFFF04FFFFFFFF0CFFFFFFFF0C
310
A60D0000066A03C693E6B40A400C540D000006762ACAA4F57B0E400C1A0D00000CC20D00000B0707756E6B6E6F776E110E0873747261696768740D0563757276650CFFFFFFFF04FFFFFFFF0CFFFFFFFF132D4CEC11F43420C04A709B116C99EE3F3333333333B338C014000000C06D0061BD000000000000F03F0000000000
310
0000000B0B110D04656467650CFFFFFFFF04FFFFFFFF0CFFFFFFFF0C600D00000618FA179B7365D1BF0C5A0D000006C8D87C53C085E53F0C1C0D00000CC30D00000B0707756E6B6E6F776E110E0873747261696768740D0563757276650CFFFFFFFF04FFFFFFFF0CFFFFFFFF13E9CBD114E45406C05019D6773134FB3F3333
310
333333B338C014000000000000F03F6059C90AAA04613D00000000000000800B0B110E0873747261696768740D0563757276650CFFFFFFFF04FFFFFFFF0CFFFFFFFF13B1C032595C7104C0CD60A3CEE82FE83F3333333333B338C014000000000000F0BF000000C06D0061BD00000000000000000B0B110E08737472616967
310
68740D0563757276650CFFFFFFFF04FFFFFFFF0CFFFFFFFF131947EC6D08C7E5BFB42C1091D4DAF63F3333333333B338C014000000C06D00613D000000000000F0BF00000000000000000B0B110D046C6F6F700CFFFFFFFF04FFFFFFFF0CFFFFFFFF0CC40D00000CC50D00000C3E000000110D06636F656467650CFFFFFFFF
310
04FFFFFFFF0CFFFFFFFF0C790D00000C790D00000CC60D00000CC70D00000B0C240D000004000000000CFFFFFFFF110D06636F656467650CFFFFFFFF04FFFFFFFF0CFFFFFFFF0C7A0D00000C7A0D00000C250D00000C7B0D00000A0CC80D000004000000000CFFFFFFFF110D04656467650CFFFFFFFF04FFFFFFFF0CFFFFFF
310
FF0CC90D000006182D4454FB2109C00CC90D000006182D4454FB2109400C250D00000CCA0D00000B0707756E6B6E6F776E110D046C6F6F700CFFFFFFFF04FFFFFFFF0CFFFFFFFF0CCB0D00000C260D00000CCC0D0000110D067665727465780CFFFFFFFF04FFFFFFFF0CFFFFFFFF0C270D000004000000000CCD0D0000110E
310
07656C6C697073650D0563757276650CFFFFFFFF04FFFFFFFF0CFFFFFFFF1350D62111331F1740316A9951CD45BFBF00000000000039C01400000000000000800000000000000080000000000000F03F1470C8E2EB8A15C53FFFDE653A7467363D000000000060C6B906000000000000F03F0B0B110D06636F656467650CFF
310
FFFFFF04FFFFFFFF0CFFFFFFFF0CCE0D00000CCF0D00000C280D00000C800D00000A0CD00D000004000000000CFFFFFFFF110D04656467650CFFFFFFFF04FFFFFFFF0CFFFFFFFF0C840D00000691DB5BC35940F6BF0C890D00000658B7225F40C4D1BF0C280D00000CD10D00000B0707756E6B6E6F776E110D06636F656467
310
650CFFFFFFFF04FFFFFFFF0CFFFFFFFF0CD20D00000C290D00000C2E0D00000C8D0D00000A0C830D000004000000000CFFFFFFFF110D06636F656467650CFFFFFFFF04FFFFFFFF0CFFFFFFFF0C290D00000CD20D00000CCE0D00000CD30D00000B0C830D000004000000000CFFFFFFFF110D046C6F6F700CFFFFFFFF04FFFF
310
FFFF0CFFFFFFFF0CFFFFFFFF0C290D00000CD40D0000110D067665727465780CFFFFFFFF04FFFFFFFF0CFFFFFFFF0C2A0D000004010000000CD50D0000110E0873747261696768740D0563757276650CFFFFFFFF04FFFFFFFF0CFFFFFFFF13B58625CD52A4F5BF737A695A7AB7FA3F00000000000039C014000000000000F0
310
3F000000C06D00613D00000000000000000B0B110D06636F656467650CFFFFFFFF04FFFFFFFF0CFFFFFFFF0CD60D00000C2B0D00000CCF0D00000CD70D00000A0C880D000004000000000CFFFFFFFF110D06636F656467650CFFFFFFFF04FFFFFFFF0CFFFFFFFF0C2B0D00000CD60D00000C2D0D00000C8C0D00000B0C880D
310
000004000000000CFFFFFFFF110D046C6F6F700CFFFFFFFF04FFFFFFFF0CFFFFFFFF0CFFFFFFFF0C2B0D00000CD80D0000110D067665727465780CFFFFFFFF04FFFFFFFF0CFFFFFFFF0C800D000004010000000CD90D0000110E0873747261696768740D0563757276650CFFFFFFFF04FFFFFFFF0CFFFFFFFF1387392C43F1
310
07FCBF5A52FE026243064000000000000039C014000000000000F0BF33E425ED6F0561BD00000000000000800B0B110D06636F656467650CDA0D000004FFFFFFFF0CFFFFFFFF0C2E0D00000C2D0D00000C6C0D00000CBB0D00000A0C2F0D000004000000000CFFFFFFFF110D04656467650CFFFFFFFF04FFFFFFFF0CFFFFFF
310
FF0CDB0D00000600000000000000000C300D000006403333333333D33F0C870D00000CDC0D00000B0707756E6B6E6F776E110D04656467650CFFFFFFFF04FFFFFFFF0CFFFFFFFF0CDD0D00000600000000000000000C310D000006403333333333D33F0C810D00000CDE0D00000B0707756E6B6E6F776E110D04666163650C
310
DF0D000004FFFFFFFF0CFFFFFFFF0CD40D00000C2F0D00000C060000000CFFFFFFFF0CE00D00000A0B110D05706F696E740CFFFFFFFF04FFFFFFFF0CFFFFFFFF13B430C7324E9A1640DA71FE026243064000000000000039C0110D05706F696E740CFFFFFFFF04FFFFFFFF0CFFFFFFFF131333C7324E9A1640F9B5695A7AB7
310
FA3F00000000000039C0110D06636F656467650CFFFFFFFF04FFFFFFFF0CFFFFFFFF0CE10D00000C330D00000C360D00000C960D00000A0C930D000004000000000CFFFFFFFF110D06636F656467650CFFFFFFFF04FFFFFFFF0CFFFFFFFF0C330D00000CE10D00000C3A0D00000C9A0D00000B0C930D000004000000000CFF
310
FFFFFF110D046C6F6F700CFFFFFFFF04FFFFFFFF0CFFFFFFFF0CFFFFFFFF0C330D00000CA90D0000110E0873747261696768740D0563757276650CFFFFFFFF04FFFFFFFF0CFFFFFFFF13CC62C32767070640CB1B596B4527044000000000000039C014FAA64443D70761BD000000000000F03F00000000000000000B0B110D
310
06636F656467650CE20D000004FFFFFFFF0CFFFFFFFF0C360D00000C350D00000C6E0D00000CBE0D00000A0C370D000004000000000CFFFFFFFF110D04656467650CFFFFFFFF04FFFFFFFF0CFFFFFFFF0CE30D00000600000000000000000C380D000006403333333333D33F0C910D00000CE40D00000B0707756E6B6E6F77
310
6E110D04666163650CE50D000004FFFFFFFF0CFFFFFFFF0CE60D00000C370D00000C060000000CFFFFFFFF0CE70D00000A0B110D05706F696E740CFFFFFFFF04FFFFFFFF0CFFFFFFFF134C6AC327670706400EBBA3CEE82FE83F00000000000039C0110D06636F656467650CE80D000004FFFFFFFF0CFFFFFFFF0C3B0D0000
310
0C3A0D00000C6D0D00000CBD0D00000A0C3C0D000004000000000CFFFFFFFF110D04656467650CFFFFFFFF04FFFFFFFF0CFFFFFFFF0CE90D00000600000000000000000C3D0D000006403333333333D33F0C3A0D00000CEA0D00000B0707756E6B6E6F776E110D04666163650CEB0D000004FFFFFFFF0CFFFFFFFF0C420D00
310
000C3C0D00000C060000000CFFFFFFFF0CEC0D00000A0B110D05706F696E740CFFFFFFFF04FFFFFFFF0CFFFFFFFF134766C327670706407148D6773134FB3F00000000000039C0110E0D4154545249425F435553544F4D0D066174747269620CFFFFFFFF04FFFFFFFF0CFFFFFFFF0CFFFFFFFF0C3F0D00000711736B657463
310
685F6174747269625F646566040100000004010000000403000000070D31383120302031203020312031110D067665727465780CFFFFFFFF04FFFFFFFF0CFFFFFFFF0C6F0D000004010000000CED0D0000110E0873747261696768740D0563757276650CFFFFFFFF04FFFFFFFF0CFFFFFFFF138D4BA2E3574002406D44D677
310
3134FB3F3333333333B338C01400000000000000000000000000000000000000000000F0BF0B0B110D067665727465780CFFFFFFFF04FFFFFFFF0CFFFFFFFF0C6F0D000004000000000CEE0D0000110E0873747261696768740D0563757276650CFFFFFFFF04FFFFFFFF0CFFFFFFFF13924FA2E3574002400AB3A3CEE82FE8
310
3F3333333333B338C01400000000000000000000000000000000000000000000F0BF0B0B110E0D4154545249425F435553544F4D0D066174747269620CFFFFFFFF04FFFFFFFF0CFFFFFFFF0CFFFFFFFF0C420D0000071667656E657269635F7461675F6174747269625F6465660403000000040300000004FFFFFFFF071767
310
656E657269635F7461675F6174747269625F64656620040100000004020000000702393204000000000401000000044E0100000400000000110E05706C616E650D07737572666163650CFFFFFFFF04FFFFFFFF0CFFFFFFFF13924FA2E3574002400AB3A3CEE82FE83F3333333333B338C014000000000000F0BFFAA64443D7
310
0761BD000000000000008014FAA64443D70761BD000000000000F03F4BA7E4FEFFFF7FBC0B0B0B0B0B110D06636F656467650CEF0D000004FFFFFFFF0CFFFFFFFF0C460D00000C450D00000C700D00000CC00D00000A0C470D000004000000000CFFFFFFFF110E0D4154545249425F435553544F4D0D066174747269620CFF
310
FFFFFF04FFFFFFFF0CFFFFFFFF0CFFFFFFFF0C490D00000711736B657463685F6174747269625F646566040100000004010000000403000000070D32333420302031203020312031110D067665727465780CFFFFFFFF04FFFFFFFF0CFFFFFFFF0C720D000004000000000CF00D0000110E0873747261696768740D05637572
310
76650CFFFFFFFF04FFFFFFFF0CFFFFFFFF136684569B60861EC0820AA3CEE82FE83F3433333333B338C01400000000000000000000000000000000000000000000F0BF0B0B110E0D4154545249425F435553544F4D0D066174747269620CFFFFFFFF04FFFFFFFF0CFFFFFFFF0CFFFFFFFF0C4B0D0000071667656E65726963
310
5F7461675F6174747269625F6465660403000000040300000004FFFFFFFF071767656E657269635F7461675F6174747269625F64656620040100000004020000000702383304000000000401000000044E0100000400000000110D04666163650CF10D000004FFFFFFFF0CFFFFFFFF0C9B0D00000C930D00000C060000000C
310
FFFFFFFF0CF20D00000A0B110E05706C616E650D07737572666163650CFFFFFFFF04FFFFFFFF0CFFFFFFFF136684569B60861EC0820AA3CEE82FE83F3433333333B338C014000000C06D00613D000000000000F0BF000000000000000014000000000000F0BF000000C06D0061BD774D6BFFFF2FB2BC0B0B0B0B0B110E0D41
310
54545249425F435553544F4D0D066174747269620CFFFFFFFF04FFFFFFFF0CFFFFFFFF0CFFFFFFFF0C4D0D00000711736B657463685F6174747269625F646566040100000004010000000403000000070D32333820302031203020312031110D067665727465780CFFFFFFFF04FFFFFFFF0CFFFFFFFF0CC00D000004000000
310
000CF30D0000110E0873747261696768740D0563757276650CFFFFFFFF04FFFFFFFF0CFFFFFFFF136A86569B60861EC029F0D5773134FB3F3433333333B338C01400000000000000000000000000000000000000000000F0BF0B0B110E0D4154545249425F435553544F4D0D066174747269620CFFFFFFFF04FFFFFFFF0CFF
310
FFFFFF0CFFFFFFFF0C4F0D0000071667656E657269635F7461675F6174747269625F6465660403000000040300000004FFFFFFFF071767656E657269635F7461675F6174747269625F64656620040100000004020000000702383104000000000401000000044E0100000400000000110E05706C616E650D07737572666163
310
650CFFFFFFFF04FFFFFFFF0CFFFFFFFF13F84CEC11F43420C027ECD5773134FB3F3433333333B338C014C4F73B0BAA0461BD000000000000F03F000000000000000014000000000000F03FC4F73B0BAA04613D774D6BFFFF2FB23C0B0B0B0B0B110D05706F696E740CFFFFFFFF04FFFFFFFF0CFFFFFFFF13F84CEC11F43420
310
C027ECD5773134FB3F3433333333B338C0110D05706F696E740CFFFFFFFF04FFFFFFFF0CFFFFFFFF13F64BEC11F43420C07A02A3CEE82FE83F3433333333B338C0110E0D4154545249425F435553544F4D0D066174747269620CFFFFFFFF04FFFFFFFF0CFFFFFFFF0CFFFFFFFF0C580D00000711736B657463685F61747472
310
69625F646566040100000004010000000403000000070D31333620302031203020312031110D05706F696E740CFFFFFFFF04FFFFFFFF0CFFFFFFFF13B43FA251E29F10C09645A3CEE82FE83F3333333333B338C0110E0D4154545249425F435553544F4D0D066174747269620CFFFFFFFF04FFFFFFFF0CFFFFFFFF0CFFFFFF
310
FF0C5D0D0000071667656E657269635F7461675F6174747269625F6465660403000000040300000004FFFFFFFF071767656E657269635F7461675F6174747269625F64656620040100000004020000000702383204000000000401000000044E0100000400000000110E05706C616E650D07737572666163650CFFFFFFFF04
310
FFFFFFFF0CFFFFFFFF136A86569B60861EC029F0D5773134FB3F3433333333B338C014000000000000F03F000000C06D00613D000000000000000014000000C06D00613D000000000000F0BF07A7E4FEFFFF7F3C0B0B0B0B0B110D05706F696E740CFFFFFFFF04FFFFFFFF0CFFFFFFFF13B441A251E29F10C0B50DD6773134
310
FB3F3333333333B338C0110D046C6F6F700CFFFFFFFF04FFFFFFFF0CFFFFFFFF0CF40D00000CF50D00000C54000000110D06636F656467650CFFFFFFFF04FFFFFFFF0CFFFFFFFF0CB80D00000CB80D00000CF60D00000CF70D00000B0C6B0D000004000000000CFFFFFFFF110D06636F656467650CFFFFFFFF04FFFFFFFF0C
310
FFFFFFFF0CF80D00000C6C0D00000CD60D00000CF90D00000B0C170D000004000000000CFFFFFFFF110D06636F656467650CFFFFFFFF04FFFFFFFF0CFFFFFFFF0C6C0D00000CF80D00000CD20D00000CFA0D00000B0C170D000004000000000CFFFFFFFF110D04656467650CFFFFFFFF04FFFFFFFF0CFFFFFFFF0CDD0D0000
310
06D0A33E60056CD03F0CDB0D000006AFD6A2034BEAF53F0C6C0D00000CFB0D00000B0707756E6B6E6F776E110D06636F656467650CFFFFFFFF04FFFFFFFF0CFFFFFFFF0C6E0D00000C6D0D00000CE10D00000CFC0D00000B0CC10C000004000000000CFFFFFFFF110D04656467650CFFFFFFFF04FFFFFFFF0CFFFFFFFF0C9E
310
0D0000068B51C3F24BE3F93F0CE90D00000680C3823DB5B800400C6D0D00000CFD0D00000B0707756E6B6E6F776E110D04656467650CFFFFFFFF04FFFFFFFF0CFFFFFFFF0CE30D000006466CE4365BAAFDBF0CA00D000006D236A2AE3C1CF6BF0C6E0D00000CFE0D00000B0707756E6B6E6F776E110E087374726169676874
310
0D0563757276650CFFFFFFFF04FFFFFFFF0CFFFFFFFF13B84EA2E357400240E5209C116C99EE3F3333333333B338C014FAA64443D70761BD000000000000F03F00000000000000000B0B110D04656467650CFFFFFFFF04FFFFFFFF0CFFFFFFFF0CAC0D00000630FA179B7365D1BF0CA60D000006B8D87C53C085E53F0C700D
310
00000CFF0D00000B0707756E6B6E6F776E110E0873747261696768740D0563757276650CFFFFFFFF04FFFFFFFF0CFFFFFFFF13788EB415B11D12C0910AD6773134FB3F3333333333B338C014000000000000F03FC4F73B0BAA04613D00000000000000800B0B110E0873747261696768740D0563757276650CFFFFFFFF04FF
310
FFFFFF0CFFFFFFFF13B1827351ED2B11C04443A3CEE82FE83F3333333333B338C014000000000000F0BF000000C06D0061BD00000000000000000B0B110E0873747261696768740D0563757276650CFFFFFFFF04FFFFFFFF0CFFFFFFFF132041A251E29F10C02F0F1091D4DAF63F3333333333B338C014E2AEFA29F5F7603D
310
000000000000F0BF00000000000000000B0B110D046C6F6F700CFFFFFFFF04FFFFFFFF0CFFFFFFFF0C000E00000C010E00000C3E000000110D06636F656467650CFFFFFFFF04FFFFFFFF0CFFFFFFFF0CC50D00000CC50D00000C020E00000C030E00000B0C780D000004000000000CFFFFFFFF110D06636F656467650CFFFF
310
FFFF04FFFFFFFF0CFFFFFFFF0CC60D00000CC60D00000C790D00000CC70D00000A0C040E000004000000000CFFFFFFFF110D04656467650CFFFFFFFF04FFFFFFFF0CFFFFFFFF0C050E000006182D4454FB2109C00C050E000006182D4454FB2109400C790D00000C060E00000B0707756E6B6E6F776E110D046C6F6F700CFF
310
FFFFFF04FFFFFFFF0CFFFFFFFF0C070E00000C7A0D00000C080E0000110D067665727465780CFFFFFFFF04FFFFFFFF0CFFFFFFFF0C7B0D000004000000000C090E0000110E07656C6C697073650D0563757276650CFFFFFFFF04FFFFFFFF0CFFFFFFFF13D29008BBD65D14401CB40ADE700AD2BF00000000000039C0140000
310
0000000000800000000000000080000000000000F03F1470C8E2EB8A15C53FFFDE653A7467363D000000000000000006000000000000F03F0B0B110D046C6F6F700CFFFFFFFF04FFFFFFFF0CFFFFFFFF0CFFFFFFFF0CF60D00000CCC0D0000110D04666163650C0A0E000004FFFFFFFF0CFFFFFFFF0C080E00000C7C0D0000
310
0C060000000CFFFFFFFF0C0B0E00000A0B110D05706F696E740CFFFFFFFF04FFFFFFFF0CFFFFFFFF130CC0C2B98676164099809951CD45BFBF00000000000039C0110D06636F656467650CFFFFFFFF04FFFFFFFF0CFFFFFFFF0C0C0E00000C7F0D00000C820D00000CD30D00000A0CD00D000004000000000CFFFFFFFF110D
310
06636F656467650CFFFFFFFF04FFFFFFFF0CFFFFFFFF0C7F0D00000C0C0E00000C860D00000CD70D00000B0CD00D000004000000000CFFFFFFFF110D046C6F6F700CFFFFFFFF04FFFFFFFF0CFFFFFFFF0CFFFFFFFF0C7F0D00000CE60D0000110E0873747261696768740D0563757276650CFFFFFFFF04FFFFFFFF0CFFFFFF
310
FF13CB84CA6D1DCC19402BCCE20EEA7B084000000000000039C01487C4F6A49D0761BD000000000000F03F00000000000000000B0B110D06636F656467650C0D0E000004FFFFFFFF0CFFFFFFFF0C820D00000C810D00000CBA0D00000CFA0D00000A0C830D000004000000000CFFFFFFFF110D04656467650CFFFFFFFF04FF
310
FFFFFF0CFFFFFFFF0C0E0E00000600000000000000000C840D000006403333333333D33F0CCE0D00000C0F0E00000B0707756E6B6E6F776E110D04666163650C100E000004FFFFFFFF0CFFFFFFFF0CCC0D00000C830D00000C060000000CFFFFFFFF0C110E00000A0B110D05706F696E740CFFFFFFFF04FFFFFFFF0CFFFFFF
310
FF13C087CA6D1DCC1940C5BC695A7AB7FA3F00000000000039C0110D06636F656467650C120E000004FFFFFFFF0CFFFFFFFF0C870D00000C860D00000CB90D00000CF90D00000A0C880D000004000000000CFFFFFFFF110D04656467650CFFFFFFFF04FFFFFFFF0CFFFFFFFF0C130E00000600000000000000000C890D0000
310
06403333333333D33F0C860D00000C140E00000B0707756E6B6E6F776E110D04666163650C150E000004FFFFFFFF0CFFFFFFFF0C8E0D00000C880D00000C060000000CFFFFFFFF0C160E00000A0B110D05706F696E740CFFFFFFFF04FFFFFFFF0CFFFFFFFF136285CA6D1DCC19404075FE026243064000000000000039C011
310
0E0D4154545249425F435553544F4D0D066174747269620CFFFFFFFF04FFFFFFFF0C170E00000CFFFFFFFF0C8B0D00000711736B657463685F6174747269625F646566040100000004010000000403000000070D34333420302031203020312031110D067665727465780CFFFFFFFF04FFFFFFFF0CFFFFFFFF0CBB0D000004
310
010000000C180E0000110E0873747261696768740D0563757276650CFFFFFFFF04FFFFFFFF0CFFFFFFFF13B430C7324E9A1640DA71FE02624306403333333333B338C01400000000000000000000000000000000000000000000F0BF0B0B110D067665727465780CFFFFFFFF04FFFFFFFF0CFFFFFFFF0CBB0D000004000000
310
000C190E0000110E0873747261696768740D0563757276650CFFFFFFFF04FFFFFFFF0CFFFFFFFF131333C7324E9A1640F9B5695A7AB7FA3F3333333333B338C01400000000000000000000000000000000000000000000F0BF0B0B110E0D4154545249425F435553544F4D0D066174747269620CFFFFFFFF04FFFFFFFF0CFF
310
FFFFFF0CFFFFFFFF0C8E0D0000071667656E657269635F7461675F6174747269625F6465660403000000040300000004FFFFFFFF071767656E657269635F7461675F6174747269625F6465662004010000000403000000070331303004000000000401000000044E0100000400000000110E05706C616E650D077375726661
310
63650CFFFFFFFF04FFFFFFFF0CFFFFFFFF131333C7324E9A1640F9B5695A7AB7FA3F3333333333B338C014000000000000F0BF87C4F6A49D0761BD00000000000000801487C4F6A49D0761BD000000000000F03F48A7E4FEFFFF7FBC0B0B0B0B0B110D06636F656467650C1A0E000004FFFFFFFF0CFFFFFFFF0C920D00000C
310
910D00000CBC0D00000CFC0D00000A0C930D000004000000000CFFFFFFFF110E0D4154545249425F435553544F4D0D066174747269620CFFFFFFFF04FFFFFFFF0CFFFFFFFF0CFFFFFFFF0C950D00000711736B657463685F6174747269625F646566040100000004010000000403000000070D313739203020312030203120
310
31110D067665727465780CFFFFFFFF04FFFFFFFF0CFFFFFFFF0CBE0D000004000000000C1B0E0000110E0873747261696768740D0563757276650CFFFFFFFF04FFFFFFFF0CFFFFFFFF134C6AC327670706400EBBA3CEE82FE83F3333333333B338C01400000000000000000000000000000000000000000000F0BF0B0B110E
310
0D4154545249425F435553544F4D0D066174747269620CFFFFFFFF04FFFFFFFF0CFFFFFFFF0CFFFFFFFF0C970D0000071667656E657269635F7461675F6174747269625F6465660403000000040300000004FFFFFFFF071767656E657269635F7461675F6174747269625F6465662004010000000402000000070239310400
310
0000000401000000044E0100000400000000110D04666163650C1C0E000004FFFFFFFF0CFFFFFFFF0CD80D00000CD00D00000C060000000CFFFFFFFF0C1D0E00000A0B110E05706C616E650D07737572666163650CFFFFFFFF04FFFFFFFF0CFFFFFFFF134C6AC327670706400EBBA3CEE82FE83F3333333333B338C0140000
310
00C06D00613D000000000000F0BF000000000000000014000000000000F0BF000000C06D0061BD774D6BFFFF2FB2BC0B0B0B0B0B110E0D4154545249425F435553544F4D0D066174747269620CFFFFFFFF04FFFFFFFF0CFFFFFFFF0CFFFFFFFF0C990D00000711736B657463685F6174747269625F64656604010000000401
310
0000000403000000070D31383320302031203020312031110D067665727465780CFFFFFFFF04FFFFFFFF0CFFFFFFFF0CFC0D000004000000000C1E0E0000110E0873747261696768740D0563757276650CFFFFFFFF04FFFFFFFF0CFFFFFFFF134766C327670706407148D6773134FB3F3333333333B338C014000000000000
310
00000000000000000000000000000000F0BF0B0B110E0D4154545249425F435553544F4D0D066174747269620CFFFFFFFF04FFFFFFFF0CFFFFFFFF0CFFFFFFFF0C9B0D0000071667656E657269635F7461675F6174747269625F6465660403000000040300000004FFFFFFFF071767656E657269635F7461675F6174747269
310
625F64656620040100000004020000000702383904000000000401000000044E0100000400000000110E05706C616E650D07737572666163650CFFFFFFFF04FFFFFFFF0CFFFFFFFF138D4BA2E3574002406D44D6773134FB3F3333333333B338C0148FA8020BAA0461BD000000000000F03F00000000000000001400000000
310
0000F03F8FA8020BAA04613D774D6BFFFF2FB23C0B0B0B0B0B110D05706F696E740CFFFFFFFF04FFFFFFFF0CFFFFFFFF138D4BA2E3574002406D44D6773134FB3F3333333333B338C0110D05706F696E740CFFFFFFFF04FFFFFFFF0CFFFFFFFF13924FA2E3574002400AB3A3CEE82FE83F3333333333B338C0110E0D415454
310
5249425F435553544F4D0D066174747269620CFFFFFFFF04FFFFFFFF0CFFFFFFFF0CFFFFFFFF0CA40D00000711736B657463685F6174747269625F646566040100000004010000000403000000070D32333920302031203020312031110D05706F696E740CFFFFFFFF04FFFFFFFF0CFFFFFFFF136684569B60861EC0820AA3
310
CEE82FE83F3433333333B338C0110E0D4154545249425F435553544F4D0D066174747269620CFFFFFFFF04FFFFFFFF0CFFFFFFFF0CFFFFFFFF0CA90D0000071667656E657269635F7461675F6174747269625F6465660403000000040300000004FFFFFFFF071767656E657269635F7461675F6174747269625F6465662004
310
0100000004020000000702393004000000000401000000044E0100000400000000110E05706C616E650D07737572666163650CFFFFFFFF04FFFFFFFF0CFFFFFFFF134766C327670706407148D6773134FB3F3333333333B338C014000000000000F03FFAA64443D707613D000000000000000014FAA64443D707613D000000
310
000000F0BF4BA7E4FEFFFF7F3C0B0B0B0B0B110D05706F696E740CFFFFFFFF04FFFFFFFF0CFFFFFFFF136A86569B60861EC029F0D5773134FB3F3433333333B338C0110D046C6F6F700CFFFFFFFF04FFFFFFFF0CFFFFFFFF0C1F0E00000C200E00000C54000000110D06636F656467650CFFFFFFFF04FFFFFFFF0CFFFFFFFF
310
0CF50D00000CF50D00000C210E00000C220E00000B0CB70D000004000000000CFFFFFFFF110D06636F656467650C230E000004FFFFFFFF0CFFFFFFFF0CF60D00000CF60D00000CB80D00000CF70D00000A0CCB0D000004000000000CFFFFFFFF110D04656467650C240E000004FFFFFFFF0CFFFFFFFF0C250E000006172D44
310
54FB2109C00C250E000006192D4454FB2109400CB80D00000C260E00000B0707756E6B6E6F776E110D06636F656467650CFFFFFFFF04FFFFFFFF0CFFFFFFFF0CBA0D00000CB90D00000C0C0E00000C270E00000B0C170D000004000000000CFFFFFFFF110D04656467650CFFFFFFFF04FFFFFFFF0CFFFFFFFF0CDB0D000006
310
01B6573AC86B0A400C130E000006AE2F2F58B36710400CB90D00000C280E00000B0707756E6B6E6F776E110D04656467650CFFFFFFFF04FFFFFFFF0CFFFFFFFF0C0E0E000006AE0A5B75979D0DC00CDD0D000006546154FFF83907C00CBA0D00000C290E00000B0707756E6B6E6F776E110E0873747261696768740D056375
310
7276650CFFFFFFFF04FFFFFFFF0CFFFFFFFF139F33C7324E9A1640050D5A02799CF63F3333333333B338C01487C4F6A49D0761BD000000000000F03F00000000000000000B0B110D04656467650CFFFFFFFF04FFFFFFFF0CFFFFFFFF0CE90D00000614FA179B7365D1BF0CE30D000006CAD87C53C085E53F0CBC0D00000C2A
310
0E00000B0707756E6B6E6F776E110E0873747261696768740D0563757276650CFFFFFFFF04FFFFFFFF0CFFFFFFFF131E8B02A9C73AE53FA936D6773134FB3F3333333333B338C014000000000000F03F8FA8020BAA04613D00000000000000800B0B110E0873747261696768740D0563757276650CFFFFFFFF04FFFFFFFF0C
310
FFFFFFFF13A4D04431E6C8EC3F889BA3CEE82FE83F3333333333B338C014000000000000F0BF000000C06D0061BD00000000000000000B0B110E0873747261696768740D0563757276650CFFFFFFFF04FFFFFFFF0CFFFFFFFF13D685569B60861EC09DF10F91D4DAF63F3333333333B338C014000000C06D00613D00000000
310
0000F0BF00000000000000000B0B110D046C6F6F700CFFFFFFFF04FFFFFFFF0CFFFFFFFF0C2B0E00000C2C0E00000C3E000000110D06636F656467650CFFFFFFFF04FFFFFFFF0CFFFFFFFF0C010E00000C010E00000C2D0E00000C2E0E00000B0CC40D000004000000000CFFFFFFFF110D06636F656467650CFFFFFFFF04FF
310
FFFFFF0CFFFFFFFF0C020E00000C020E00000CC50D00000C030E00000A0C2F0E000004000000000CFFFFFFFF110D04656467650CFFFFFFFF04FFFFFFFF0CFFFFFFFF0C300E000006182D4454FB2109C00C300E000006182D4454FB2109400CC50D00000C310E00000B0707756E6B6E6F776E110D046C6F6F700CFFFFFFFF04
310
FFFFFFFF0CFFFFFFFF0C320E00000CC60D00000C330E0000110D067665727465780CFFFFFFFF04FFFFFFFF0CFFFFFFFF0CC70D000004000000000C340E0000110E07656C6C697073650D0563757276650CFFFFFFFF04FFFFFFFF0CFFFFFFFF13BA681CC518FF0A4080EE0ADE700AD2BF00000000000039C014000000000000
310
00800000000000000080000000000000F03F1470C8E2EB8A15C53FFFDE653A7467363D000000000000000006000000000000F03F0B0B110D046C6F6F700CFFFFFFFF04FFFFFFFF0CFFFFFFFF0CFFFFFFFF0C210E00000C080E0000110D04666163650C350E000004FFFFFFFF0CFFFFFFFF0C330E00000CC80D00000C060000
310
000CFFFFFFFF0C360E00000A0B110D05706F696E740CFFFFFFFF04FFFFFFFF0CFFFFFFFF138E7AA9632AB51340B6B90ADE700AD2BF00000000000039C0110E0D4154545249425F435553544F4D0D066174747269620CFFFFFFFF04FFFFFFFF0CFFFFFFFF0CFFFFFFFF0CCC0D0000071667656E657269635F7461675F617474
310
7269625F6465660403000000040300000004FFFFFFFF071767656E657269635F7461675F6174747269625F6465662004010000000403000000070331303204000000000401000000044E0100000400000000110E04636F6E650D07737572666163650CFFFFFFFF04FFFFFFFF0CFFFFFFFF1350D62111331F1740306A9951CD
310
45BFBF3333333333B338C014000000000000000000000000000080BC000000000000F0BF1470C8E2EB8A15C53FFFDE653A7467363D000000000060C6B906000000000000F03F0B0B06000000000000000006000000000000F03F0670C8E2EB8A15C53F0B0B0B0B0B110D06636F656467650C370E000004FFFFFFFF0CFFFFFF
310
FF0CCF0D00000CCE0D00000CF80D00000C270E00000A0CD00D000004000000000CFFFFFFFF110E0D4154545249425F435553544F4D0D066174747269620CFFFFFFFF04FFFFFFFF0C380E00000CFFFFFFFF0CD20D00000711736B657463685F6174747269625F646566040100000004010000000403000000070D3433332030
310
2031203020312031110D067665727465780CFFFFFFFF04FFFFFFFF0CFFFFFFFF0CFA0D000004000000000C390E0000110E0873747261696768740D0563757276650CFFFFFFFF04FFFFFFFF0CFFFFFFFF13C087CA6D1DCC1940C5BC695A7AB7FA3F3333333333B338C014000000000000000000000000000000000000000000
310
00F0BF0B0B110E0D4154545249425F435553544F4D0D066174747269620CFFFFFFFF04FFFFFFFF0CFFFFFFFF0CFFFFFFFF0CD40D0000071667656E657269635F7461675F6174747269625F6465660403000000040300000004FFFFFFFF071767656E657269635F7461675F6174747269625F64656620040100000004020000
310
000702393904000000000401000000044E0100000400000000110E05706C616E650D07737572666163650CFFFFFFFF04FFFFFFFF0CFFFFFFFF13C087CA6D1DCC1940C5BC695A7AB7FA3F3333333333B338C014000000C06D00613D000000000000F0BF000000000000000014000000000000F0BF000000C06D0061BD774D6B
310
FFFF2FB2BC0B0B0B0B0B110E0D4154545249425F435553544F4D0D066174747269620CFFFFFFFF04FFFFFFFF0C3A0E00000CFFFFFFFF0CD60D00000711736B657463685F6174747269625F646566040100000004010000000403000000070D34333520302031203020312031110D067665727465780CFFFFFFFF04FFFFFFFF
310
0CFFFFFFFF0C270E000004000000000C3B0E0000110E0873747261696768740D0563757276650CFFFFFFFF04FFFFFFFF0CFFFFFFFF136285CA6D1DCC19404075FE02624306403333333333B338C01400000000000000000000000000000000000000000000F0BF0B0B110E0D4154545249425F435553544F4D0D0661747472
310
69620CFFFFFFFF04FFFFFFFF0CFFFFFFFF0CFFFFFFFF0CD80D0000071667656E657269635F7461675F6174747269625F6465660403000000040300000004FFFFFFFF071767656E657269635F7461675F6174747269625F64656620040100000004020000000702393704000000000401000000044E0100000400000000110E
310
05706C616E650D07737572666163650CFFFFFFFF04FFFFFFFF0CFFFFFFFF13B430C7324E9A1640DA71FE02624306403333333333B338C01433E425ED6F0561BD000000000000F03F000000000000000014000000000000F03F33E425ED6F05613D774D6BFFFF2FB23C0B0B0B0B0B110E0D4154545249425F435553544F4D0D
310
066174747269620CFFFFFFFF04FFFFFFFF0CFFFFFFFF0CDA0D00000C8B0D00000711736B657463685F6174747269625F646566040100000004010000000403000000070D33303320302031203020312031110D05706F696E740CFFFFFFFF04FFFFFFFF0CFFFFFFFF13B430C7324E9A1640DA71FE02624306403333333333B3
310
38C0110D05706F696E740CFFFFFFFF04FFFFFFFF0CFFFFFFFF131333C7324E9A1640F9B5695A7AB7FA3F3333333333B338C0110E0D4154545249425F435553544F4D0D066174747269620CFFFFFFFF04FFFFFFFF0CFFFFFFFF0CFFFFFFFF0CE10D00000711736B657463685F6174747269625F646566040100000004010000
310
000403000000070D31383420302031203020312031110D05706F696E740CFFFFFFFF04FFFFFFFF0CFFFFFFFF134C6AC327670706400EBBA3CEE82FE83F3333333333B338C0110E0D4154545249425F435553544F4D0D066174747269620CFFFFFFFF04FFFFFFFF0CFFFFFFFF0CFFFFFFFF0CE60D0000071667656E65726963
310
5F7461675F6174747269625F6465660403000000040300000004FFFFFFFF071767656E657269635F7461675F6174747269625F64656620040100000004020000000702393804000000000401000000044E0100000400000000110E05706C616E650D07737572666163650CFFFFFFFF04FFFFFFFF0CFFFFFFFF136285CA6D1D
310
CC19404075FE02624306403333333333B338C014000000000000F03F87C4F6A49D07613D00000000000000001487C4F6A49D07613D000000000000F0BF48A7E4FEFFFF7F3C0B0B0B0B0B110D05706F696E740CFFFFFFFF04FFFFFFFF0CFFFFFFFF134766C327670706407148D6773134FB3F3333333333B338C0110D046C6F
310
6F700CFFFFFFFF04FFFFFFFF0CFFFFFFFF0C3C0E00000C3D0E00000C54000000110D06636F656467650CFFFFFFFF04FFFFFFFF0CFFFFFFFF0C200E00000C200E00000C3E0E00000C3F0E00000B0CF40D000004000000000CFFFFFFFF110D06636F656467650C400E000004FFFFFFFF0CFFFFFFFF0C210E00000C210E00000C
310
F50D00000C220E00000A0C070E000004000000000CFFFFFFFF110D04656467650C410E000004FFFFFFFF0CFFFFFFFF0C420E000006192D4454FB2109C00C420E000006172D4454FB2109400CF50D00000C430E00000B0707756E6B6E6F776E110E0D4154545249425F435553544F4D0D066174747269620CFFFFFFFF04FFFF
310
FFFF0CFFFFFFFF0CFFFFFFFF0CF60D00000711736B657463685F6174747269625F646566040100000004010000000403000000070D32363120302031203020312031110E0D4154545249425F435553544F4D0D066174747269620CFFFFFFFF04FFFFFFFF0CFFFFFFFF0CFFFFFFFF0CF70D0000071667656E657269635F7461
310
675F6174747269625F6465660403000000040300000004FFFFFFFF071767656E657269635F7461675F6174747269625F646566200401000000040400000007042D32363104000000000401000000044E0100000400000000110D067665727465780CFFFFFFFF04FFFFFFFF0CFFFFFFFF0CF70D000004000000000C440E0000
310
110E07656C6C697073650D0563757276650CFFFFFFFF04FFFFFFFF0CFFFFFFFF1350D62111331F1740306A9951CD45BFBF3333333333B338C01400000000000000800000000000000080000000000000F0BF1470C8E2EB8A15C53FFFDE653A7467363D000000000060C6B906000000000000F03F0B0B110D04656467650CFF
310
FFFFFF04FFFFFFFF0CFFFFFFFF0C130E000006A27FB25B4C05EABF0C0E0E000006A8B7E7F68D32D33F0CF80D00000C450E00000B0707756E6B6E6F776E110E0873747261696768740D0563757276650CFFFFFFFF04FFFFFFFF0CFFFFFFFF1367AB362BD4C80240CC63FE02624306403333333333B338C014000000000000F0
310
3F33E425ED6F05613D00000000000000800B0B110E0873747261696768740D0563757276650CFFFFFFFF04FFFFFFFF0CFFFFFFFF13D2043A66A3FA05404D9D695A7AB7FA3F3333333333B338C014000000000000F0BF000000C06D0061BD00000000000000000B0B110E0873747261696768740D0563757276650CFFFFFFFF
310
04FFFFFFFF0CFFFFFFFF137067C32767070640EC491091D4DAF63F3333333333B338C014FAA64443D707613D000000000000F0BF00000000000000000B0B110D046C6F6F700CFFFFFFFF04FFFFFFFF0CFFFFFFFF0C460E00000C470E00000C3E000000110D06636F656467650CFFFFFFFF04FFFFFFFF0CFFFFFFFF0C2C0E00
310
000C2C0E00000C480E00000C490E00000B0C000E000004000000000CFFFFFFFF110D06636F656467650CFFFFFFFF04FFFFFFFF0CFFFFFFFF0C2D0E00000C2D0E00000C010E00000C2E0E00000A0C4A0E000004000000000CFFFFFFFF110D04656467650CFFFFFFFF04FFFFFFFF0CFFFFFFFF0C4B0E000006182D4454FB2109
310
C00C4B0E000006182D4454FB2109400C010E00000C4C0E00000B0707756E6B6E6F776E110D046C6F6F700CFFFFFFFF04FFFFFFFF0CFFFFFFFF0C4D0E00000C020E00000C4E0E0000110D067665727465780CFFFFFFFF04FFFFFFFF0CFFFFFFFF0C030E000004000000000C4F0E0000110E07656C6C697073650D0563757276
310
650CFFFFFFFF04FFFFFFFF0CFFFFFFFF13A45F4F280885FA3FE0280BDE700AD2BFFFFFFFFFFFFF38C01400000000000000800000000000000080000000000000F03F1472C8E2EB8A15C53F01DF653A7467363D72C8E2EB8A15953C06000000000000F03F0B0B110D046C6F6F700CFFFFFFFF04FFFFFFFF0CFFFFFFFF0CFFFF
310
FFFF0C3E0E00000C330E0000110D04666163650C500E000004FFFFFFFF0CFFFFFFFF0C4E0E00000C040E00000C060000000CFFFFFFFF0C510E00000A0B110D05706F696E740CFFFFFFFF04FFFFFFFF0CFFFFFFFF13333C5E16C0AD09401AF40ADE700AD2BF00000000000039C0110E0D4154545249425F435553544F4D0D06
310
6174747269620CFFFFFFFF04FFFFFFFF0CFFFFFFFF0CFFFFFFFF0C080E0000071667656E657269635F7461675F6174747269625F6465660403000000040300000004FFFFFFFF071767656E657269635F7461675F6174747269625F6465662004010000000403000000070331303404000000000401000000044E0100000400
310
000000110E04636F6E650D07737572666163650CFFFFFFFF04FFFFFFFF0CFFFFFFFF13D29008BBD65D14401CB40ADE700AD2BF3333333333B338C01400000000000000000000000000000000000000000000F0BF1470C8E2EB8A15C53FFFDE653A7467363D000000000000000006000000000000F03F0B0B06000000000000
310
000006000000000000F03F0670C8E2EB8A15C53F0B0B0B0B0B110E0D4154545249425F435553544F4D0D066174747269620CFFFFFFFF04FFFFFFFF0C520E00000CFFFFFFFF0C0C0E00000711736B657463685F6174747269625F646566040100000004010000000403000000070D34333620302031203020312031110E0D41
310
54545249425F435553544F4D0D066174747269620CFFFFFFFF04FFFFFFFF0CFFFFFFFF0C0D0E00000CD20D00000711736B657463685F6174747269625F646566040100000004010000000403000000070D33303120302031203020312031110D05706F696E740CFFFFFFFF04FFFFFFFF0CFFFFFFFF13C087CA6D1DCC1940C5
310
BC695A7AB7FA3F3333333333B338C0110E0D4154545249425F435553544F4D0D066174747269620CFFFFFFFF04FFFFFFFF0CFFFFFFFF0C120E00000CD60D00000711736B657463685F6174747269625F646566040100000004010000000403000000070D33303520302031203020312031110D05706F696E740CFFFFFFFF04
310
FFFFFFFF0CFFFFFFFF136285CA6D1DCC19404075FE02624306403333333333B338C0110D046C6F6F700CFFFFFFFF04FFFFFFFF0CFFFFFFFF0C530E00000C540E00000C54000000110D06636F656467650CFFFFFFFF04FFFFFFFF0CFFFFFFFF0C3D0E00000C3D0E00000C550E00000C560E00000B0C1F0E000004000000000C
310
FFFFFFFF110D06636F656467650C570E000004FFFFFFFF0CFFFFFFFF0C3E0E00000C3E0E00000C200E00000C3F0E00000A0C320E000004000000000CFFFFFFFF110D04656467650C580E000004FFFFFFFF0CFFFFFFFF0C590E000006192D4454FB2109C00C590E000006172D4454FB2109400C200E00000C5A0E00000B0707
310
756E6B6E6F776E110E0D4154545249425F435553544F4D0D066174747269620CFFFFFFFF04FFFFFFFF0CFFFFFFFF0CFFFFFFFF0C210E00000711736B657463685F6174747269625F646566040100000004010000000403000000070D32383420302031203020312031110E0D4154545249425F435553544F4D0D0661747472
310
69620CFFFFFFFF04FFFFFFFF0CFFFFFFFF0CFFFFFFFF0C220E0000071667656E657269635F7461675F6174747269625F6465660403000000040300000004FFFFFFFF071767656E657269635F7461675F6174747269625F646566200401000000040400000007042D32383404000000000401000000044E0100000400000000
310
110D067665727465780CFFFFFFFF04FFFFFFFF0CFFFFFFFF0C220E000004000000000C5B0E0000110E07656C6C697073650D0563757276650CFFFFFFFF04FFFFFFFF0CFFFFFFFF13D29008BBD65D14401CB40ADE700AD2BF3333333333B338C01400000000000000800000000000000080000000000000F0BF1470C8E2EB8A
310
15C53FFFDE653A7467363D000000000000000006000000000000F03F0B0B110D05706F696E740CFFFFFFFF04FFFFFFFF0CFFFFFFFF130CC0C2B98676164090809951CD45BFBF3333333333B338C0110E0873747261696768740D0563757276650CFFFFFFFF04FFFFFFFF0CFFFFFFFF131D87CA6D1DCC1940AFAA23D81D84FF
310
3F3333333333B338C01487C4F6A49D07613D000000000000F0BF00000000000000000B0B110D046C6F6F700CFFFFFFFF04FFFFFFFF0CFFFFFFFF0C5C0E00000C5D0E00000C3E000000110D06636F656467650CFFFFFFFF04FFFFFFFF0CFFFFFFFF0C470E00000C470E00000C5E0E00000C5F0E00000B0C2B0E000004000000
310
000CFFFFFFFF110D06636F656467650CFFFFFFFF04FFFFFFFF0CFFFFFFFF0C480E00000C480E00000C2C0E00000C490E00000A0C600E000004000000000CFFFFFFFF110D04656467650CFFFFFFFF04FFFFFFFF0CFFFFFFFF0C610E000006182D4454FB2109C00C610E000006182D4454FB2109400C2C0E00000C620E00000B
310
0707756E6B6E6F776E110D046C6F6F700CFFFFFFFF04FFFFFFFF0CFFFFFFFF0C630E00000C2D0E00000C640E0000110D067665727465780CFFFFFFFF04FFFFFFFF0CFFFFFFFF0C2E0E000004000000000C650E0000110E07656C6C697073650D0563757276650CFFFFFFFF04FFFFFFFF0CFFFFFFFF13F4BA41332784AEBF16
310
7B63820C50E9BFFFFFFFFFFFFF38C01400000000000000800000000000000080000000000000F03F1490C8E2EB8A15C53F21DF653A7467363DB47ADBA6ED5A8A3C06000000000000F03F0B0B110D046C6F6F700CFFFFFFFF04FFFFFFFF0CFFFFFFFF0CFFFFFFFF0C550E00000C4E0E0000110D04666163650C660E000004FF
310
FFFFFF0CFFFFFFFF0C640E00000C2F0E00000C060000000CFFFFFFFF0C670E00000A0B110D05706F696E740CFFFFFFFF04FFFFFFFF0CFFFFFFFF139606D3CA56E2F73F7A2E0BDE700AD2BFFFFFFFFFFFFF38C0110E0D4154545249425F435553544F4D0D066174747269620CFFFFFFFF04FFFFFFFF0CFFFFFFFF0CFFFFFFFF
310
0C330E0000071667656E657269635F7461675F6174747269625F6465660403000000040300000004FFFFFFFF071767656E657269635F7461675F6174747269625F6465662004010000000403000000070331303604000000000401000000044E0100000400000000110E04636F6E650D07737572666163650CFFFFFFFF04FF
310
FFFFFF0CFFFFFFFF13BA681CC518FF0A4080EE0ADE700AD2BF3333333333B338C01400000000000000000000000000000000000000000000F0BF1470C8E2EB8A15C53FFFDE653A7467363D000000000000000006000000000000F03F0B0B06000000000000000006000000000000F03F0670C8E2EB8A15C53F0B0B0B0B0B11
310
0E0D4154545249425F435553544F4D0D066174747269620CFFFFFFFF04FFFFFFFF0CFFFFFFFF0C370E00000C0C0E00000711736B657463685F6174747269625F646566040100000004010000000403000000070D33303620302031203020312031110D046C6F6F700CFFFFFFFF04FFFFFFFF0CFFFFFFFF0C680E00000C690E
310
00000C54000000110D06636F656467650CFFFFFFFF04FFFFFFFF0CFFFFFFFF0C540E00000C540E00000C6A0E00000C6B0E00000B0C3C0E000004000000000CFFFFFFFF110D06636F656467650C6C0E000004FFFFFFFF0CFFFFFFFF0C550E00000C550E00000C3D0E00000C560E00000A0C4D0E000004000000000CFFFFFFFF
310
110D04656467650C6D0E000004FFFFFFFF0CFFFFFFFF0C6E0E000006192D4454FB2109C00C6E0E000006172D4454FB2109400C3D0E00000C6F0E00000B0707756E6B6E6F776E110E0D4154545249425F435553544F4D0D066174747269620CFFFFFFFF04FFFFFFFF0CFFFFFFFF0CFFFFFFFF0C3E0E00000711736B65746368
310
5F6174747269625F646566040100000004010000000403000000070D33343220302031203020312031110E0D4154545249425F435553544F4D0D066174747269620CFFFFFFFF04FFFFFFFF0CFFFFFFFF0CFFFFFFFF0C3F0E0000071667656E657269635F7461675F6174747269625F6465660403000000040300000004FFFF
310
FFFF071767656E657269635F7461675F6174747269625F646566200401000000040400000007042D33343204000000000401000000044E0100000400000000110D067665727465780CFFFFFFFF04FFFFFFFF0CFFFFFFFF0C3F0E000004000000000C700E0000110E07656C6C697073650D0563757276650CFFFFFFFF04FFFF
310
FFFF0CFFFFFFFF13BA681CC518FF0A4080EE0ADE700AD2BF3333333333B338C01400000000000000800000000000000080000000000000F0BF1470C8E2EB8A15C53FFFDE653A7467363D000000000000000006000000000000F03F0B0B110D05706F696E740CFFFFFFFF04FFFFFFFF0CFFFFFFFF138E7AA9632AB51340B8B9
310
0ADE700AD2BF3333333333B338C0110D046C6F6F700CFFFFFFFF04FFFFFFFF0CFFFFFFFF0CD60300000C710E00000C3E000000110D06636F656467650CFFFFFFFF04FFFFFFFF0CFFFFFFFF0C5D0E00000C5D0E00000C720E00000C730E00000B0C460E000004000000000CFFFFFFFF110D06636F656467650CFFFFFFFF04FF
310
FFFFFF0CFFFFFFFF0C5E0E00000C5E0E00000C470E00000C5F0E00000A0C740E000004000000000CFFFFFFFF110D04656467650CFFFFFFFF04FFFFFFFF0CFFFFFFFF0C750E000006182D4454FB2109C00C750E000006182D4454FB2109400C470E00000C760E00000B0707756E6B6E6F776E110D046C6F6F700CFFFFFFFF04
310
FFFFFFFF0CFFFFFFFF0C770E00000C480E00000C780E0000110D067665727465780CFFFFFFFF04FFFFFFFF0CFFFFFFFF0C490E000004000000000C790E0000110E07656C6C697073650D0563757276650CFFFFFFFF04FFFFFFFF0CFFFFFFFF13B17F839B4A6DFCBF489863820C50E9BFFFFFFFFFFFFF38C014000000000000
310
00800000000000000080000000000000F03F1490C8E2EB8A15C53F21DF653A7467363D90C8E2EB8A15953C06000000000000F03F0B0B110D046C6F6F700CFFFFFFFF04FFFFFFFF0CFFFFFFFF0CFFFFFFFF0C6A0E00000C640E0000110D04666163650C7A0E000004FFFFFFFF0CFFFFFFFF0C780E00000C4A0E00000C060000
310
000CFFFFFFFF0C7B0E00000A0B110D05706F696E740CFFFFFFFF04FFFFFFFF0CFFFFFFFF134D37B3B894B6CCBFE37D63820C50E9BFFFFFFFFFFFFF38C0110E0D4154545249425F435553544F4D0D066174747269620CFFFFFFFF04FFFFFFFF0CFFFFFFFF0CFFFFFFFF0C4E0E0000071667656E657269635F7461675F617474
310
7269625F6465660403000000040300000004FFFFFFFF071767656E657269635F7461675F6174747269625F6465662004010000000403000000070331303804000000000401000000044E0100000400000000110E04636F6E650D07737572666163650CFFFFFFFF04FFFFFFFF0CFFFFFFFF13A35F4F280885FA3FE0280BDE70
310
0AD2BF3333333333B338C014000000000000C03C0000000000000000000000000000F0BF1472C8E2EB8A15C53F01DF653A7467363D72C8E2EB8A15953C06000000000000F03F0B0B06000000000000000006000000000000F03F0672C8E2EB8A15C53F0B0B0B0B0B110D046C6F6F700CFFFFFFFF04FFFFFFFF0CFFFFFFFF0C
310
7C0E00000C7D0E00000C54000000110D06636F656467650CFFFFFFFF04FFFFFFFF0CFFFFFFFF0C690E00000C690E00000C7E0E00000C7F0E00000B0C530E000004000000000CFFFFFFFF110D06636F656467650C800E000004FFFFFFFF0CFFFFFFFF0C6A0E00000C6A0E00000C540E00000C6B0E00000A0C630E0000040000
310
00000CFFFFFFFF110D04656467650C810E000004FFFFFFFF0CFFFFFFFF0C820E000006182D4454FB2109C00C820E000006182D4454FB2109400C540E00000C830E00000B0707756E6B6E6F776E110E0D4154545249425F435553544F4D0D066174747269620CFFFFFFFF04FFFFFFFF0CFFFFFFFF0CFFFFFFFF0C550E000007
310
11736B657463685F6174747269625F646566040100000004010000000403000000070D32353820302031203020312031110E0D4154545249425F435553544F4D0D066174747269620CFFFFFFFF04FFFFFFFF0CFFFFFFFF0CFFFFFFFF0C560E0000071667656E657269635F7461675F6174747269625F646566040300000004
310
0300000004FFFFFFFF071767656E657269635F7461675F6174747269625F646566200401000000040400000007042D32353804000000000401000000044E0100000400000000110D067665727465780CFFFFFFFF04FFFFFFFF0CFFFFFFFF0C560E000004000000000C840E0000110E07656C6C697073650D0563757276650C
310
FFFFFFFF04FFFFFFFF0CFFFFFFFF13A35F4F280885FA3FE0280BDE700AD2BF3333333333B338C01400000000000000800000000000000080000000000000F0BF1472C8E2EB8A15C53F01DF653A7467363D72C8E2EB8A15953C06000000000000F03F0B0B110D05706F696E740CFFFFFFFF04FFFFFFFF0CFFFFFFFF13333C5E
310
16C0AD09401CF40ADE700AD2BF3333333333B338C0110D06636F656467650CFFFFFFFF04FFFFFFFF0CFFFFFFFF0C710E00000C710E00000C850E00000C860E00000B0C5C0E000004000000000CFFFFFFFF110D06636F656467650CFFFFFFFF04FFFFFFFF0CFFFFFFFF0C720E00000C720E00000C5D0E00000C730E00000A0C
310
870E000004000000000CFFFFFFFF110D04656467650CFFFFFFFF04FFFFFFFF0CFFFFFFFF0C880E000006182D4454FB2109C00C880E000006182D4454FB2109400C5D0E00000C890E00000B0707756E6B6E6F776E110D046C6F6F700CFFFFFFFF04FFFFFFFF0CFFFFFFFF0C8A0E00000C5E0E00000C8B0E0000110D06766572
310
7465780CFFFFFFFF04FFFFFFFF0CFFFFFFFF0C5F0E000004000000000C8C0E0000110E07656C6C697073650D0563757276650CFFFFFFFF04FFFFFFFF0CFFFFFFFF13E518E00313480CC02DB663820C50E9BF00000000000039C01400000000000000800000000000000080000000000000F03F1480C8E2EB8A15C53F10DF65
310
3A7467363D000000000000000006000000000000F03F0B0B110D046C6F6F700CFFFFFFFF04FFFFFFFF0CFFFFFFFF0CFFFFFFFF0C7E0E00000C780E0000110D04666163650C8D0E000004FFFFFFFF0CFFFFFFFF0C8B0E00000C600E00000C060000000CFFFFFFFF0C8E0E00000A0B110D05706F696E740CFFFFFFFF04FFFFFF
310
FF0CFFFFFFFF13C3D8FFF8FB0FFFBF159B63820C50E9BFFFFFFFFFFFFF38C0110E0D4154545249425F435553544F4D0D066174747269620CFFFFFFFF04FFFFFFFF0CFFFFFFFF0CFFFFFFFF0C640E0000071667656E657269635F7461675F6174747269625F6465660403000000040300000004FFFFFFFF071767656E657269
310
635F7461675F6174747269625F6465662004010000000403000000070331313004000000000401000000044E0100000400000000110E04636F6E650D07737572666163650CFFFFFFFF04FFFFFFFF0CFFFFFFFF1300BB41332784AEBF167B63820C50E9BF3333333333B338C014000000000000B43C00000000000000000000
310
00000000F0BF1490C8E2EB8A15C53F21DF653A7467363DB47ADBA6ED5A8A3C06000000000000F03F0B0B06000000000000000006000000000000F03F0690C8E2EB8A15C53F0B0B0B0B0B110D046C6F6F700CFFFFFFFF04FFFFFFFF0CFFFFFFFF0C8F0E00000C900E00000C54000000110D06636F656467650CFFFFFFFF04FF
310
FFFFFF0CFFFFFFFF0C7D0E00000C7D0E00000C910E00000C920E00000B0C680E000004000000000CFFFFFFFF110D06636F656467650C930E000004FFFFFFFF0CFFFFFFFF0C7E0E00000C7E0E00000C690E00000C7F0E00000A0C770E000004000000000CFFFFFFFF110D04656467650C940E000004FFFFFFFF0CFFFFFFFF0C
310
950E000006182D4454FB2109C00C950E000006182D4454FB2109400C690E00000C960E00000B0707756E6B6E6F776E110E0D4154545249425F435553544F4D0D066174747269620CFFFFFFFF04FFFFFFFF0CFFFFFFFF0CFFFFFFFF0C6A0E00000711736B657463685F6174747269625F646566040100000004010000000403
310
000000070D33353920302031203020312031110E0D4154545249425F435553544F4D0D066174747269620CFFFFFFFF04FFFFFFFF0CFFFFFFFF0CFFFFFFFF0C6B0E0000071667656E657269635F7461675F6174747269625F6465660403000000040300000004FFFFFFFF071767656E657269635F7461675F6174747269625F
310
646566200401000000040400000007042D33353904000000000401000000044E0100000400000000110D067665727465780CFFFFFFFF04FFFFFFFF0CFFFFFFFF0C6B0E000004000000000C970E0000110E07656C6C697073650D0563757276650CFFFFFFFF04FFFFFFFF0CFFFFFFFF1300BB41332784AEBF167B63820C50E9
310
BF3333333333B338C01400000000000000800000000000000080000000000000F0BF1490C8E2EB8A15C53F21DF653A7467363DB47ADBA6ED5A8A3C06000000000000F03F0B0B110D05706F696E740CFFFFFFFF04FFFFFFFF0CFFFFFFFF139506D3CA56E2F73F7C2E0BDE700AD2BF3333333333B338C0110D06636F65646765
310
0CFFFFFFFF04FFFFFFFF0CFFFFFFFF0C850E00000C850E00000C710E00000C860E00000A0C980E000004000000000CFFFFFFFF110D04656467650CFFFFFFFF04FFFFFFFF0CFFFFFFFF0C990E000006182D4454FB2109C00C990E000006182D4454FB2109400C710E00000C9A0E00000B0707756E6B6E6F776E110D046C6F6F
310
700CFFFFFFFF04FFFFFFFF0CFFFFFFFF0C9B0E00000C720E00000C9C0E0000110D067665727465780CFFFFFFFF04FFFFFFFF0CFFFFFFFF0C730E000004000000000C9D0E0000110E07656C6C697073650D0563757276650CFFFFFFFF04FFFFFFFF0CFFFFFFFF13FC696ADA530215C0D8130CDE700AD2BF00000000000039C0
310
1400000000000000800000000000000080000000000000F03F1480C8E2EB8A15C53F10DF653A7467363D000000000000000006000000000000F03F0B0B110D046C6F6F700CFFFFFFFF04FFFFFFFF0CFFFFFFFF0CFFFFFFFF0C910E00000C8B0E0000110D04666163650C9E0E000004FFFFFFFF0CFFFFFFFF0C9C0E00000C74
310
0E00000C060000000CFFFFFFFF0C9F0E00000A0B110D05706F696E740CFFFFFFFF04FFFFFFFF0CFFFFFFFF136D459EB26B990DC0FAB863820C50E9BF00000000000039C0110E0D4154545249425F435553544F4D0D066174747269620CFFFFFFFF04FFFFFFFF0CFFFFFFFF0CFFFFFFFF0C780E0000071667656E657269635F
310
7461675F6174747269625F6465660403000000040300000004FFFFFFFF071767656E657269635F7461675F6174747269625F6465662004010000000403000000070331313204000000000401000000044E0100000400000000110E04636F6E650D07737572666163650CFFFFFFFF04FFFFFFFF0CFFFFFFFF13B27F839B4A6D
310
FCBF489863820C50E9BF3333333333B338C014000000000000C03C0000000000000000000000000000F0BF1490C8E2EB8A15C53F21DF653A7467363D90C8E2EB8A15953C06000000000000F03F0B0B06000000000000000006000000000000F03F0690C8E2EB8A15C53F0B0B0B0B0B110D046C6F6F700CFFFFFFFF04FFFFFF
310
FF0CFFFFFFFF0CFC0200000CA00E00000C54000000110D06636F656467650CFFFFFFFF04FFFFFFFF0CFFFFFFFF0C900E00000C900E00000CA10E00000CA20E00000B0C7C0E000004000000000CFFFFFFFF110D06636F656467650CA30E000004FFFFFFFF0CFFFFFFFF0C910E00000C910E00000C7D0E00000C920E00000A0C
310
8A0E000004000000000CFFFFFFFF110D04656467650CA40E000004FFFFFFFF0CFFFFFFFF0CA50E000006182D4454FB2109C00CA50E000006182D4454FB2109400C7D0E00000CA60E00000B0707756E6B6E6F776E110E0D4154545249425F435553544F4D0D066174747269620CFFFFFFFF04FFFFFFFF0CFFFFFFFF0CFFFFFF
310
FF0C7E0E00000711736B657463685F6174747269625F646566040100000004010000000403000000070D32373820302031203020312031110E0D4154545249425F435553544F4D0D066174747269620CFFFFFFFF04FFFFFFFF0CFFFFFFFF0CFFFFFFFF0C7F0E0000071667656E657269635F7461675F6174747269625F6465
310
660403000000040300000004FFFFFFFF071767656E657269635F7461675F6174747269625F646566200401000000040400000007042D32373804000000000401000000044E0100000400000000110D067665727465780CFFFFFFFF04FFFFFFFF0CFFFFFFFF0C7F0E000004000000000CA70E0000110E07656C6C697073650D
310
0563757276650CFFFFFFFF04FFFFFFFF0CFFFFFFFF13B27F839B4A6DFCBF489863820C50E9BF3333333333B338C01400000000000000800000000000000080000000000000F0BF1490C8E2EB8A15C53F21DF653A7467363D90C8E2EB8A15953C06000000000000F03F0B0B110D05706F696E740CFFFFFFFF04FFFFFFFF0CFF
310
FFFFFF135037B3B894B6CCBFE37D63820C50E9BF3333333333B338C0110D046C6F6F700CFFFFFFFF04FFFFFFFF0CFFFFFFFF0CA80E00000C850E00000CA90E0000110D067665727465780CFFFFFFFF04FFFFFFFF0CFFFFFFFF0C860E000004000000000CAA0E0000110E07656C6C697073650D0563757276650CFFFFFFFF04
310
FFFFFFFF0CFFFFFFFF137E81FFDB870A1CC0A04F0CDE700AD2BF00000000000039C01400000000000000800000000000000080000000000000F03F1480C8E2EB8A15C53F10DF653A7467363D000000000000000006000000000000F03F0B0B110D046C6F6F700CFFFFFFFF04FFFFFFFF0CFFFFFFFF0CFFFFFFFF0CA10E0000
310
0C9C0E0000110D04666163650CAB0E000004FFFFFFFF0CFFFFFFFF0CA90E00000C870E00000C060000000CFFFFFFFF0CAC0E00000A0B110D05706F696E740CFFFFFFFF04FFFFFFFF0CFFFFFFFF134080C93100AB15C072190CDE700AD2BF00000000000039C0110E0D4154545249425F435553544F4D0D066174747269620C
310
FFFFFFFF04FFFFFFFF0CFFFFFFFF0CFFFFFFFF0C8B0E0000071667656E657269635F7461675F6174747269625F6465660403000000040300000004FFFFFFFF071767656E657269635F7461675F6174747269625F6465662004010000000403000000070331313404000000000401000000044E0100000400000000110E0463
310
6F6E650D07737572666163650CFFFFFFFF04FFFFFFFF0CFFFFFFFF13E518E00313480CC02DB663820C50E9BF3333333333B338C01400000000000000000000000000000000000000000000F0BF1480C8E2EB8A15C53F10DF653A7467363D000000000000000006000000000000F03F0B0B0600000000000000000600000000
310
0000F03F0680C8E2EB8A15C53F0B0B0B0B0B110D06636F656467650CFFFFFFFF04FFFFFFFF0CFFFFFFFF0CA00E00000CA00E00000CAD0E00000CAE0E00000B0C8F0E000004000000000CFFFFFFFF110D06636F656467650CAF0E000004FFFFFFFF0CFFFFFFFF0CA10E00000CA10E00000C900E00000CA20E00000A0C9B0E00
310
0004000000000CFFFFFFFF110D04656467650CB00E000004FFFFFFFF0CFFFFFFFF0CB10E000006192D4454FB2109C00CB10E000006172D4454FB2109400C900E00000CB20E00000B0707756E6B6E6F776E110E0D4154545249425F435553544F4D0D066174747269620CFFFFFFFF04FFFFFFFF0CFFFFFFFF0CFFFFFFFF0C91
310
0E00000711736B657463685F6174747269625F646566040100000004010000000403000000070D31353320302031203020312031110E0D4154545249425F435553544F4D0D066174747269620CFFFFFFFF04FFFFFFFF0CFFFFFFFF0CFFFFFFFF0C920E0000071667656E657269635F7461675F6174747269625F6465660403
310
000000040300000004FFFFFFFF071767656E657269635F7461675F6174747269625F646566200401000000040400000007042D31353304000000000401000000044E0100000400000000110D067665727465780CFFFFFFFF04FFFFFFFF0CFFFFFFFF0C920E000004000000000CB30E0000110E07656C6C697073650D056375
310
7276650CFFFFFFFF04FFFFFFFF0CFFFFFFFF13E518E00313480CC02DB663820C50E9BF3333333333B338C01400000000000000800000000000000080000000000000F0BF1480C8E2EB8A15C53F10DF653A7467363D000000000000000006000000000000F03F0B0B110D05706F696E740CFFFFFFFF04FFFFFFFF0CFFFFFFFF
310
13C2D8FFF8FB0FFFBF159B63820C50E9BF3333333333B338C0110D046C6F6F700CFFFFFFFF04FFFFFFFF0CFFFFFFFF0CFFFFFFFF0CAD0E00000CA90E0000110D04666163650CB40E000004FFFFFFFF0CFFFFFFFF0CD80100000C980E00000C060000000CFFFFFFFF0CB50E00000A0B110D05706F696E740CFFFFFFFF04FFFF
310
FFFF0CFFFFFFFF13C2975E3334B31CC03A550CDE700AD2BF00000000000039C0110E0D4154545249425F435553544F4D0D066174747269620CFFFFFFFF04FFFFFFFF0CFFFFFFFF0CFFFFFFFF0C9C0E0000071667656E657269635F7461675F6174747269625F6465660403000000040300000004FFFFFFFF071767656E6572
310
69635F7461675F6174747269625F6465662004010000000403000000070331313604000000000401000000044E0100000400000000110E04636F6E650D07737572666163650CFFFFFFFF04FFFFFFFF0CFFFFFFFF13FC696ADA530215C0D8130CDE700AD2BF3333333333B338C0140000000000000000000000000000000000
310
0000000000F0BF1480C8E2EB8A15C53F10DF653A7467363D000000000000000006000000000000F03F0B0B06000000000000000006000000000000F03F0680C8E2EB8A15C53F0B0B0B0B0B110D06636F656467650CB60E000004FFFFFFFF0CFFFFFFFF0CAD0E00000CAD0E00000CA00E00000CAE0E00000A0CA80E00000400
310
0000000CFFFFFFFF110D04656467650CB70E000004FFFFFFFF0CFFFFFFFF0CB80E000006172D4454FB2109C00CB80E000006192D4454FB2109400CA00E00000CB90E00000B0707756E6B6E6F776E110E0D4154545249425F435553544F4D0D066174747269620CFFFFFFFF04FFFFFFFF0CFFFFFFFF0CFFFFFFFF0CA10E0000
310
0711736B657463685F6174747269625F646566040100000004010000000403000000070D33363220302031203020312031110E0D4154545249425F435553544F4D0D066174747269620CFFFFFFFF04FFFFFFFF0CFFFFFFFF0CFFFFFFFF0CA20E0000071667656E657269635F7461675F6174747269625F6465660403000000
310
040300000004FFFFFFFF071767656E657269635F7461675F6174747269625F646566200401000000040400000007042D33363204000000000401000000044E0100000400000000110D067665727465780CFFFFFFFF04FFFFFFFF0CFFFFFFFF0CA20E000004000000000CBA0E0000110E07656C6C697073650D056375727665
310
0CFFFFFFFF04FFFFFFFF0CFFFFFFFF13FC696ADA530215C0D8130CDE700AD2BF3333333333B338C01400000000000000800000000000000080000000000000F0BF1480C8E2EB8A15C53F10DF653A7467363D000000000000000006000000000000F03F0B0B110D05706F696E740CFFFFFFFF04FFFFFFFF0CFFFFFFFF136D45
310
9EB26B990DC0FAB863820C50E9BF3333333333B338C0110E0D4154545249425F435553544F4D0D066174747269620CFFFFFFFF04FFFFFFFF0CFFFFFFFF0CFFFFFFFF0CA90E0000071667656E657269635F7461675F6174747269625F6465660403000000040300000004FFFFFFFF071767656E657269635F7461675F617474
310
7269625F6465662004010000000403000000070331313804000000000401000000044E0100000400000000110E04636F6E650D07737572666163650CFFFFFFFF04FFFFFFFF0CFFFFFFFF137E81FFDB870A1CC0A04F0CDE700AD2BF3433333333B338C01400000000000000000000000000000000000000000000F0BF1480C8
310
E2EB8A15C53F10DF653A7467363D000000000000000006000000000000F03F0B0B06000000000000000006000000000000F03F0680C8E2EB8A15C53F0B0B0B0B0B110E0D4154545249425F435553544F4D0D066174747269620CFFFFFFFF04FFFFFFFF0CFFFFFFFF0CFFFFFFFF0CAD0E00000711736B657463685F61747472
310
69625F646566040100000004010000000403000000070D33393720302031203020312031110E0D4154545249425F435553544F4D0D066174747269620CFFFFFFFF04FFFFFFFF0CFFFFFFFF0CFFFFFFFF0CAE0E0000071667656E657269635F7461675F6174747269625F6465660403000000040300000004FFFFFFFF071767
310
656E657269635F7461675F6174747269625F646566200401000000040400000007042D33393704000000000401000000044E0100000400000000110D067665727465780CFFFFFFFF04FFFFFFFF0CFFFFFFFF0CAE0E000004000000000CBB0E0000110E07656C6C697073650D0563757276650CFFFFFFFF04FFFFFFFF0CFFFF
310
FFFF137E81FFDB870A1CC0A04F0CDE700AD2BF3333333333B338C01400000000000000800000000000000080000000000000F0BF1480C8E2EB8A15C53F10DF653A7467363D000000000000000006000000000000F03F0B0B110D05706F696E740CFFFFFFFF04FFFFFFFF0CFFFFFFFF134080C93100AB15C074190CDE700AD2
310
BF3433333333B338C0110D05706F696E740CFFFFFFFF04FFFFFFFF0CFFFFFFFF13C2975E3334B31CC038550CDE700AD2BF3433333333B338C0110E03456E640E026F660E0341534D0D0464617461
  0
ENDSEC
  0
EOF
