ISO-10303-21;
HEADER;
/* Generated by software containing ST-Developer
 * from STEP Tools, Inc. (www.steptools.com) 
 */

FILE_DESCRIPTION(
/* description */ (''),
/* implementation_level */ '2;1');

FILE_NAME(
/* name */ 'Back Bezel Cutout.step',
/* time_stamp */ '2025-04-29T18:40:29-04:00',
/* author */ (''),
/* organization */ (''),
/* preprocessor_version */ 'ST-DEVELOPER v20.1',
/* originating_system */ 'Autodesk Translation Framework v14.4.0.0',
/* authorisation */ '');

FILE_SCHEMA (('AUTOMOTIVE_DESIGN { 1 0 10303 214 3 1 1 }'));
ENDSEC;

DATA;
#10=MECHANICAL_DESIGN_GEOMETRIC_PRESENTATION_REPRESENTATION('',(#13),#2435);
#11=SHAPE_REPRESENTATION_RELATIONSHIP('SRR','None',#2442,#12);
#12=ADVANCED_BREP_SHAPE_REPRESENTATION('',(#14),#2434);
#13=STYLED_ITEM('',(#2452),#14);
#14=MANIFOLD_SOLID_BREP('Body1',#1347);
#15=(
BOUNDED_SURFACE()
B_SPLINE_SURFACE(2,2,((#2212,#2213,#2214),(#2215,#2216,#2217),(#2218,#2219,
#2220)),.UNSPECIFIED.,.F.,.F.,.F.)
B_SPLINE_SURFACE_WITH_KNOTS((3,3),(3,3),(-0.343221559813748,-0.0222510723425224),
(-7.58237148984437E-15,1.57079632679489),.UNSPECIFIED.)
GEOMETRIC_REPRESENTATION_ITEM()
RATIONAL_B_SPLINE_SURFACE(((1.,0.707106781186547,1.),(0.987149858989904,
0.698020359339105,0.987149858989904),(1.,0.707106781186547,1.)))
REPRESENTATION_ITEM('')
SURFACE()
);
#16=(
BOUNDED_SURFACE()
B_SPLINE_SURFACE(2,2,((#2228,#2229,#2230),(#2231,#2232,#2233),(#2234,#2235,
#2236)),.UNSPECIFIED.,.F.,.F.,.F.)
B_SPLINE_SURFACE_WITH_KNOTS((3,3),(3,3),(-0.343221559813745,-0.0222510723425188),
(1.5707963267949,3.14159265358979),.UNSPECIFIED.)
GEOMETRIC_REPRESENTATION_ITEM()
RATIONAL_B_SPLINE_SURFACE(((1.,0.707106781186547,1.),(0.987149858989923,
0.698020359339118,0.987149858989923),(1.,0.707106781186547,1.)))
REPRESENTATION_ITEM('')
SURFACE()
);
#17=(
BOUNDED_SURFACE()
B_SPLINE_SURFACE(2,2,((#2302,#2303,#2304),(#2305,#2306,#2307),(#2308,#2309,
#2310)),.UNSPECIFIED.,.F.,.F.,.F.)
B_SPLINE_SURFACE_WITH_KNOTS((3,3),(3,3),(0.082941228903907,0.589638662356838),
(-3.14159265358979,-1.5707963267949),.UNSPECIFIED.)
GEOMETRIC_REPRESENTATION_ITEM()
RATIONAL_B_SPLINE_SURFACE(((1.,0.707106781186547,1.),(0.968078504842241,
0.684534875494882,0.968078504842241),(1.,0.707106781186547,1.)))
REPRESENTATION_ITEM('')
SURFACE()
);
#18=(
BOUNDED_SURFACE()
B_SPLINE_SURFACE(2,2,((#2318,#2319,#2320),(#2321,#2322,#2323),(#2324,#2325,
#2326)),.UNSPECIFIED.,.F.,.F.,.F.)
B_SPLINE_SURFACE_WITH_KNOTS((3,3),(3,3),(0.0829412289043509,0.589638662356836),
(1.5707963267949,3.1415926535898),.UNSPECIFIED.)
GEOMETRIC_REPRESENTATION_ITEM()
RATIONAL_B_SPLINE_SURFACE(((1.,0.707106781186546,1.),(0.968078504842419,
0.684534875495007,0.968078504842419),(1.,0.707106781186546,1.)))
REPRESENTATION_ITEM('')
SURFACE()
);
#19=(
BOUNDED_SURFACE()
B_SPLINE_SURFACE(2,2,((#2366,#2367,#2368),(#2369,#2370,#2371),(#2372,#2373,
#2374)),.UNSPECIFIED.,.F.,.F.,.F.)
B_SPLINE_SURFACE_WITH_KNOTS((3,3),(3,3),(-0.343221559813744,-0.0222510723425244),
(-1.5707963267949,-3.66519474765419E-15),.UNSPECIFIED.)
GEOMETRIC_REPRESENTATION_ITEM()
RATIONAL_B_SPLINE_SURFACE(((1.,0.707106781186548,1.),(0.987149858989919,
0.698020359339116,0.987149858989919),(1.,0.707106781186548,1.)))
REPRESENTATION_ITEM('')
SURFACE()
);
#20=(
BOUNDED_SURFACE()
B_SPLINE_SURFACE(2,2,((#2386,#2387,#2388),(#2389,#2390,#2391),(#2392,#2393,
#2394)),.UNSPECIFIED.,.F.,.F.,.F.)
B_SPLINE_SURFACE_WITH_KNOTS((3,3),(3,3),(-0.343221559813745,-0.0222510723425243),
(-3.14159265358979,-1.5707963267949),.UNSPECIFIED.)
GEOMETRIC_REPRESENTATION_ITEM()
RATIONAL_B_SPLINE_SURFACE(((1.,0.707106781186548,1.),(0.987149858989899,
0.698020359339103,0.987149858989899),(1.,0.707106781186548,1.)))
REPRESENTATION_ITEM('')
SURFACE()
);
#21=(
BOUNDED_SURFACE()
B_SPLINE_SURFACE(2,2,((#2400,#2401,#2402),(#2403,#2404,#2405),(#2406,#2407,
#2408)),.UNSPECIFIED.,.F.,.F.,.F.)
B_SPLINE_SURFACE_WITH_KNOTS((3,3),(3,3),(0.0829412289036592,0.58963866235681),
(-1.5707963267949,-2.87471626801414E-15),.UNSPECIFIED.)
GEOMETRIC_REPRESENTATION_ITEM()
RATIONAL_B_SPLINE_SURFACE(((1.,0.707106781186548,1.),(0.968078504842188,
0.684534875494846,0.968078504842188),(1.,0.707106781186548,1.)))
REPRESENTATION_ITEM('')
SURFACE()
);
#22=(
BOUNDED_SURFACE()
B_SPLINE_SURFACE(2,2,((#2419,#2420,#2421),(#2422,#2423,#2424),(#2425,#2426,
#2427)),.UNSPECIFIED.,.F.,.F.,.F.)
B_SPLINE_SURFACE_WITH_KNOTS((3,3),(3,3),(0.0829412289037094,0.589638662356849),
(-1.49263347984208E-15,1.57079632679491),.UNSPECIFIED.)
GEOMETRIC_REPRESENTATION_ITEM()
RATIONAL_B_SPLINE_SURFACE(((1.,0.707106781186544,1.),(0.968078504842324,
0.684534875494938,0.968078504842324),(1.,0.707106781186544,1.)))
REPRESENTATION_ITEM('')
SURFACE()
);
#23=TOROIDAL_SURFACE('',#1423,4.35950832406976,0.2);
#24=TOROIDAL_SURFACE('',#1432,4.35950832406976,0.2);
#25=TOROIDAL_SURFACE('',#1436,4.35950832406976,0.2);
#26=TOROIDAL_SURFACE('',#1444,4.35950832406976,0.2);
#27=TOROIDAL_SURFACE('',#1459,4.64413861135975,0.2);
#28=TOROIDAL_SURFACE('',#1468,4.64413861135974,0.2);
#29=TOROIDAL_SURFACE('',#1472,4.64413861135975,0.2);
#30=TOROIDAL_SURFACE('',#1480,4.64413861135974,0.2);
#31=TOROIDAL_SURFACE('',#1497,5.79981863067232,0.2);
#32=TOROIDAL_SURFACE('',#1501,5.79981863067234,0.2);
#33=TOROIDAL_SURFACE('',#1508,5.79981863067232,0.2);
#34=TOROIDAL_SURFACE('',#1511,5.79981863067241,0.2);
#35=CONICAL_SURFACE('',#1390,2.1875,0.715584993317675);
#36=CONICAL_SURFACE('',#1393,2.1875,0.715584993317675);
#37=CONICAL_SURFACE('',#1396,2.1875,0.715584993317675);
#38=CONICAL_SURFACE('',#1399,2.1875,0.715584993317675);
#39=CYLINDRICAL_SURFACE('',#1378,1.);
#40=CYLINDRICAL_SURFACE('',#1382,1.);
#41=CYLINDRICAL_SURFACE('',#1384,4.);
#42=CYLINDRICAL_SURFACE('',#1387,4.);
#43=CYLINDRICAL_SURFACE('',#1408,4.00000000000001);
#44=CYLINDRICAL_SURFACE('',#1411,4.);
#45=CYLINDRICAL_SURFACE('',#1413,4.);
#46=CYLINDRICAL_SURFACE('',#1415,1.);
#47=CYLINDRICAL_SURFACE('',#1417,1.);
#48=CYLINDRICAL_SURFACE('',#1428,0.2);
#49=CYLINDRICAL_SURFACE('',#1430,0.2);
#50=CYLINDRICAL_SURFACE('',#1440,0.2);
#51=CYLINDRICAL_SURFACE('',#1442,0.2);
#52=CYLINDRICAL_SURFACE('',#1447,25.);
#53=CYLINDRICAL_SURFACE('',#1452,25.);
#54=CYLINDRICAL_SURFACE('',#1464,0.2);
#55=CYLINDRICAL_SURFACE('',#1466,0.2);
#56=CYLINDRICAL_SURFACE('',#1476,0.2);
#57=CYLINDRICAL_SURFACE('',#1478,0.2);
#58=CYLINDRICAL_SURFACE('',#1483,7.18630884026508);
#59=CYLINDRICAL_SURFACE('',#1488,7.18630884026508);
#60=CYLINDRICAL_SURFACE('',#1494,0.2);
#61=CYLINDRICAL_SURFACE('',#1504,0.2);
#62=CYLINDRICAL_SURFACE('',#1506,0.2);
#63=CYLINDRICAL_SURFACE('',#1513,0.2);
#64=CYLINDRICAL_SURFACE('',#1515,25.);
#65=CYLINDRICAL_SURFACE('',#1517,1.75);
#66=CYLINDRICAL_SURFACE('',#1518,1.75);
#67=CYLINDRICAL_SURFACE('',#1519,1.75);
#68=CYLINDRICAL_SURFACE('',#1520,1.75);
#69=CYLINDRICAL_SURFACE('',#1522,4.00000000000001);
#70=CYLINDRICAL_SURFACE('',#1525,4.);
#71=CYLINDRICAL_SURFACE('',#1527,7.18630884026508);
#72=CYLINDRICAL_SURFACE('',#1530,4.);
#73=CYLINDRICAL_SURFACE('',#1533,7.18630884026508);
#74=CYLINDRICAL_SURFACE('',#1534,25.);
#75=FACE_BOUND('',#276,.T.);
#76=FACE_BOUND('',#277,.T.);
#77=FACE_BOUND('',#278,.T.);
#78=FACE_BOUND('',#279,.T.);
#79=FACE_BOUND('',#280,.T.);
#80=FACE_BOUND('',#281,.T.);
#81=FACE_BOUND('',#282,.T.);
#82=FACE_BOUND('',#296,.T.);
#83=FACE_BOUND('',#297,.T.);
#84=FACE_BOUND('',#298,.T.);
#85=FACE_BOUND('',#299,.T.);
#86=FACE_BOUND('',#300,.T.);
#87=FACE_BOUND('',#325,.T.);
#88=FACE_BOUND('',#339,.T.);
#89=CIRCLE('',#1366,4.);
#90=CIRCLE('',#1367,4.);
#91=CIRCLE('',#1368,4.);
#92=CIRCLE('',#1369,4.00000000000001);
#93=CIRCLE('',#1370,1.);
#94=CIRCLE('',#1371,1.);
#95=CIRCLE('',#1372,1.75);
#96=CIRCLE('',#1373,1.75);
#97=CIRCLE('',#1374,1.75);
#98=CIRCLE('',#1375,1.75);
#99=CIRCLE('',#1376,1.);
#100=CIRCLE('',#1377,1.);
#101=CIRCLE('',#1379,1.);
#102=CIRCLE('',#1383,1.);
#103=CIRCLE('',#1385,4.);
#104=CIRCLE('',#1388,4.);
#105=CIRCLE('',#1391,1.75);
#106=CIRCLE('',#1392,2.875);
#107=CIRCLE('',#1394,1.75);
#108=CIRCLE('',#1395,2.875);
#109=CIRCLE('',#1397,1.75);
#110=CIRCLE('',#1398,2.875);
#111=CIRCLE('',#1400,1.75);
#112=CIRCLE('',#1401,2.875);
#113=CIRCLE('',#1403,4.);
#114=CIRCLE('',#1404,4.00000000000001);
#115=CIRCLE('',#1405,4.);
#116=CIRCLE('',#1406,4.);
#117=CIRCLE('',#1409,4.00000000000001);
#118=CIRCLE('',#1412,4.);
#119=CIRCLE('',#1414,4.);
#120=CIRCLE('',#1416,1.);
#121=CIRCLE('',#1418,1.);
#122=CIRCLE('',#1424,0.2);
#123=CIRCLE('',#1425,4.54784340939206);
#124=CIRCLE('',#1426,0.199999999999997);
#125=CIRCLE('',#1427,4.35950832406976);
#126=CIRCLE('',#1429,0.2);
#127=CIRCLE('',#1431,0.200000000000001);
#128=CIRCLE('',#1433,0.2);
#129=CIRCLE('',#1434,4.54784340939207);
#130=CIRCLE('',#1435,4.35950832406976);
#131=CIRCLE('',#1437,0.199999999999984);
#132=CIRCLE('',#1438,4.35950832406976);
#133=CIRCLE('',#1439,4.54784340939207);
#134=CIRCLE('',#1441,0.2);
#135=CIRCLE('',#1443,0.200000000000019);
#136=CIRCLE('',#1445,4.35950832406976);
#137=CIRCLE('',#1446,4.54784340939207);
#138=CIRCLE('',#1448,25.);
#139=CIRCLE('',#1449,25.);
#140=CIRCLE('',#1450,25.);
#141=CIRCLE('',#1451,5.99976912169301);
#142=CIRCLE('',#1453,25.);
#143=CIRCLE('',#1454,25.);
#144=CIRCLE('',#1455,5.99976912169311);
#145=CIRCLE('',#1457,4.00000000000001);
#146=CIRCLE('',#1458,4.);
#147=CIRCLE('',#1460,0.200000000000003);
#148=CIRCLE('',#1461,4.64413861135975);
#149=CIRCLE('',#1462,0.2);
#150=CIRCLE('',#1463,4.81036694316589);
#151=CIRCLE('',#1465,0.199999999999998);
#152=CIRCLE('',#1467,0.2);
#153=CIRCLE('',#1469,0.199999999999999);
#154=CIRCLE('',#1470,4.64413861135974);
#155=CIRCLE('',#1471,4.81036694316589);
#156=CIRCLE('',#1473,0.2);
#157=CIRCLE('',#1474,4.81036694316589);
#158=CIRCLE('',#1475,4.64413861135975);
#159=CIRCLE('',#1477,0.2);
#160=CIRCLE('',#1479,0.2);
#161=CIRCLE('',#1481,4.81036694316589);
#162=CIRCLE('',#1482,4.64413861135974);
#163=CIRCLE('',#1484,7.18630884026508);
#164=CIRCLE('',#1485,7.18630884026508);
#165=CIRCLE('',#1486,7.18630884026508);
#166=CIRCLE('',#1487,5.99913110020425);
#167=CIRCLE('',#1489,7.18630884026508);
#168=CIRCLE('',#1490,7.18630884026508);
#169=CIRCLE('',#1491,5.99913110020399);
#170=CIRCLE('',#1493,4.);
#171=CIRCLE('',#1495,0.200000000000006);
#172=CIRCLE('',#1496,0.199999999999998);
#173=CIRCLE('',#1498,0.199999999999987);
#174=CIRCLE('',#1499,5.99913110020437);
#175=CIRCLE('',#1500,5.99976912169302);
#176=CIRCLE('',#1502,0.200000000000504);
#177=CIRCLE('',#1503,5.99976912169305);
#178=CIRCLE('',#1505,0.199999999999986);
#179=CIRCLE('',#1507,0.199999999999998);
#180=CIRCLE('',#1509,0.199999999999982);
#181=CIRCLE('',#1510,5.99913110020438);
#182=CIRCLE('',#1512,0.200000000000172);
#183=CIRCLE('',#1514,25.);
#184=CIRCLE('',#1516,25.);
#185=CIRCLE('',#1521,25.);
#186=CIRCLE('',#1524,7.18630884026508);
#187=CIRCLE('',#1528,7.18630884026508);
#188=CIRCLE('',#1531,7.18630884026508);
#189=FACE_OUTER_BOUND('',#271,.T.);
#190=FACE_OUTER_BOUND('',#272,.T.);
#191=FACE_OUTER_BOUND('',#273,.T.);
#192=FACE_OUTER_BOUND('',#274,.T.);
#193=FACE_OUTER_BOUND('',#275,.T.);
#194=FACE_OUTER_BOUND('',#283,.T.);
#195=FACE_OUTER_BOUND('',#284,.T.);
#196=FACE_OUTER_BOUND('',#285,.T.);
#197=FACE_OUTER_BOUND('',#286,.T.);
#198=FACE_OUTER_BOUND('',#287,.T.);
#199=FACE_OUTER_BOUND('',#288,.T.);
#200=FACE_OUTER_BOUND('',#289,.T.);
#201=FACE_OUTER_BOUND('',#290,.T.);
#202=FACE_OUTER_BOUND('',#291,.T.);
#203=FACE_OUTER_BOUND('',#292,.T.);
#204=FACE_OUTER_BOUND('',#293,.T.);
#205=FACE_OUTER_BOUND('',#294,.T.);
#206=FACE_OUTER_BOUND('',#295,.T.);
#207=FACE_OUTER_BOUND('',#301,.T.);
#208=FACE_OUTER_BOUND('',#302,.T.);
#209=FACE_OUTER_BOUND('',#303,.T.);
#210=FACE_OUTER_BOUND('',#304,.T.);
#211=FACE_OUTER_BOUND('',#305,.T.);
#212=FACE_OUTER_BOUND('',#306,.T.);
#213=FACE_OUTER_BOUND('',#307,.T.);
#214=FACE_OUTER_BOUND('',#308,.T.);
#215=FACE_OUTER_BOUND('',#309,.T.);
#216=FACE_OUTER_BOUND('',#310,.T.);
#217=FACE_OUTER_BOUND('',#311,.T.);
#218=FACE_OUTER_BOUND('',#312,.T.);
#219=FACE_OUTER_BOUND('',#313,.T.);
#220=FACE_OUTER_BOUND('',#314,.T.);
#221=FACE_OUTER_BOUND('',#315,.T.);
#222=FACE_OUTER_BOUND('',#316,.T.);
#223=FACE_OUTER_BOUND('',#317,.T.);
#224=FACE_OUTER_BOUND('',#318,.T.);
#225=FACE_OUTER_BOUND('',#319,.T.);
#226=FACE_OUTER_BOUND('',#320,.T.);
#227=FACE_OUTER_BOUND('',#321,.T.);
#228=FACE_OUTER_BOUND('',#322,.T.);
#229=FACE_OUTER_BOUND('',#323,.T.);
#230=FACE_OUTER_BOUND('',#324,.T.);
#231=FACE_OUTER_BOUND('',#326,.T.);
#232=FACE_OUTER_BOUND('',#327,.T.);
#233=FACE_OUTER_BOUND('',#328,.T.);
#234=FACE_OUTER_BOUND('',#329,.T.);
#235=FACE_OUTER_BOUND('',#330,.T.);
#236=FACE_OUTER_BOUND('',#331,.T.);
#237=FACE_OUTER_BOUND('',#332,.T.);
#238=FACE_OUTER_BOUND('',#333,.T.);
#239=FACE_OUTER_BOUND('',#334,.T.);
#240=FACE_OUTER_BOUND('',#335,.T.);
#241=FACE_OUTER_BOUND('',#336,.T.);
#242=FACE_OUTER_BOUND('',#337,.T.);
#243=FACE_OUTER_BOUND('',#338,.T.);
#244=FACE_OUTER_BOUND('',#340,.T.);
#245=FACE_OUTER_BOUND('',#341,.T.);
#246=FACE_OUTER_BOUND('',#342,.T.);
#247=FACE_OUTER_BOUND('',#343,.T.);
#248=FACE_OUTER_BOUND('',#344,.T.);
#249=FACE_OUTER_BOUND('',#345,.T.);
#250=FACE_OUTER_BOUND('',#346,.T.);
#251=FACE_OUTER_BOUND('',#347,.T.);
#252=FACE_OUTER_BOUND('',#348,.T.);
#253=FACE_OUTER_BOUND('',#349,.T.);
#254=FACE_OUTER_BOUND('',#350,.T.);
#255=FACE_OUTER_BOUND('',#351,.T.);
#256=FACE_OUTER_BOUND('',#352,.T.);
#257=FACE_OUTER_BOUND('',#353,.T.);
#258=FACE_OUTER_BOUND('',#354,.T.);
#259=FACE_OUTER_BOUND('',#355,.T.);
#260=FACE_OUTER_BOUND('',#356,.T.);
#261=FACE_OUTER_BOUND('',#357,.T.);
#262=FACE_OUTER_BOUND('',#358,.T.);
#263=FACE_OUTER_BOUND('',#359,.T.);
#264=FACE_OUTER_BOUND('',#360,.T.);
#265=FACE_OUTER_BOUND('',#361,.T.);
#266=FACE_OUTER_BOUND('',#362,.T.);
#267=FACE_OUTER_BOUND('',#363,.T.);
#268=FACE_OUTER_BOUND('',#364,.T.);
#269=FACE_OUTER_BOUND('',#365,.T.);
#270=FACE_OUTER_BOUND('',#366,.T.);
#271=EDGE_LOOP('',(#859,#860,#861,#862));
#272=EDGE_LOOP('',(#863,#864,#865,#866));
#273=EDGE_LOOP('',(#867,#868,#869,#870));
#274=EDGE_LOOP('',(#871,#872,#873,#874));
#275=EDGE_LOOP('',(#875,#876,#877,#878,#879,#880,#881,#882));
#276=EDGE_LOOP('',(#883,#884,#885,#886));
#277=EDGE_LOOP('',(#887,#888,#889,#890));
#278=EDGE_LOOP('',(#891));
#279=EDGE_LOOP('',(#892));
#280=EDGE_LOOP('',(#893));
#281=EDGE_LOOP('',(#894));
#282=EDGE_LOOP('',(#895,#896,#897,#898));
#283=EDGE_LOOP('',(#899,#900,#901,#902));
#284=EDGE_LOOP('',(#903,#904,#905,#906));
#285=EDGE_LOOP('',(#907,#908,#909,#910));
#286=EDGE_LOOP('',(#911,#912,#913,#914));
#287=EDGE_LOOP('',(#915,#916,#917,#918));
#288=EDGE_LOOP('',(#919,#920,#921,#922));
#289=EDGE_LOOP('',(#923,#924,#925,#926));
#290=EDGE_LOOP('',(#927,#928,#929,#930));
#291=EDGE_LOOP('',(#931,#932,#933,#934));
#292=EDGE_LOOP('',(#935,#936,#937,#938));
#293=EDGE_LOOP('',(#939,#940,#941,#942));
#294=EDGE_LOOP('',(#943,#944,#945,#946));
#295=EDGE_LOOP('',(#947,#948,#949,#950,#951,#952,#953,#954));
#296=EDGE_LOOP('',(#955,#956,#957,#958));
#297=EDGE_LOOP('',(#959));
#298=EDGE_LOOP('',(#960));
#299=EDGE_LOOP('',(#961));
#300=EDGE_LOOP('',(#962));
#301=EDGE_LOOP('',(#963,#964,#965,#966));
#302=EDGE_LOOP('',(#967,#968,#969,#970));
#303=EDGE_LOOP('',(#971,#972,#973,#974));
#304=EDGE_LOOP('',(#975,#976,#977,#978));
#305=EDGE_LOOP('',(#979,#980,#981,#982));
#306=EDGE_LOOP('',(#983,#984,#985,#986));
#307=EDGE_LOOP('',(#987,#988,#989,#990));
#308=EDGE_LOOP('',(#991,#992,#993,#994));
#309=EDGE_LOOP('',(#995,#996,#997,#998));
#310=EDGE_LOOP('',(#999,#1000,#1001,#1002));
#311=EDGE_LOOP('',(#1003,#1004,#1005,#1006));
#312=EDGE_LOOP('',(#1007,#1008,#1009,#1010));
#313=EDGE_LOOP('',(#1011,#1012,#1013,#1014));
#314=EDGE_LOOP('',(#1015,#1016,#1017,#1018));
#315=EDGE_LOOP('',(#1019,#1020,#1021,#1022));
#316=EDGE_LOOP('',(#1023,#1024,#1025,#1026));
#317=EDGE_LOOP('',(#1027,#1028,#1029,#1030));
#318=EDGE_LOOP('',(#1031,#1032,#1033,#1034));
#319=EDGE_LOOP('',(#1035,#1036,#1037,#1038));
#320=EDGE_LOOP('',(#1039,#1040,#1041,#1042));
#321=EDGE_LOOP('',(#1043,#1044,#1045,#1046));
#322=EDGE_LOOP('',(#1047,#1048,#1049,#1050));
#323=EDGE_LOOP('',(#1051,#1052,#1053,#1054));
#324=EDGE_LOOP('',(#1055,#1056,#1057,#1058,#1059,#1060,#1061,#1062));
#325=EDGE_LOOP('',(#1063,#1064,#1065,#1066,#1067,#1068,#1069,#1070));
#326=EDGE_LOOP('',(#1071,#1072,#1073,#1074));
#327=EDGE_LOOP('',(#1075,#1076,#1077,#1078));
#328=EDGE_LOOP('',(#1079,#1080,#1081,#1082));
#329=EDGE_LOOP('',(#1083,#1084,#1085,#1086));
#330=EDGE_LOOP('',(#1087,#1088,#1089,#1090));
#331=EDGE_LOOP('',(#1091,#1092,#1093,#1094));
#332=EDGE_LOOP('',(#1095,#1096,#1097,#1098));
#333=EDGE_LOOP('',(#1099,#1100,#1101,#1102));
#334=EDGE_LOOP('',(#1103,#1104,#1105,#1106));
#335=EDGE_LOOP('',(#1107,#1108,#1109,#1110));
#336=EDGE_LOOP('',(#1111,#1112,#1113,#1114));
#337=EDGE_LOOP('',(#1115,#1116,#1117,#1118));
#338=EDGE_LOOP('',(#1119,#1120,#1121,#1122,#1123,#1124,#1125,#1126));
#339=EDGE_LOOP('',(#1127,#1128,#1129,#1130,#1131,#1132,#1133,#1134));
#340=EDGE_LOOP('',(#1135,#1136,#1137,#1138));
#341=EDGE_LOOP('',(#1139,#1140,#1141,#1142));
#342=EDGE_LOOP('',(#1143,#1144,#1145,#1146));
#343=EDGE_LOOP('',(#1147,#1148,#1149,#1150));
#344=EDGE_LOOP('',(#1151,#1152,#1153,#1154));
#345=EDGE_LOOP('',(#1155,#1156,#1157,#1158));
#346=EDGE_LOOP('',(#1159,#1160,#1161,#1162));
#347=EDGE_LOOP('',(#1163,#1164,#1165,#1166));
#348=EDGE_LOOP('',(#1167,#1168,#1169,#1170));
#349=EDGE_LOOP('',(#1171,#1172,#1173,#1174));
#350=EDGE_LOOP('',(#1175,#1176,#1177,#1178));
#351=EDGE_LOOP('',(#1179,#1180,#1181,#1182));
#352=EDGE_LOOP('',(#1183,#1184,#1185,#1186));
#353=EDGE_LOOP('',(#1187,#1188,#1189,#1190));
#354=EDGE_LOOP('',(#1191,#1192,#1193,#1194));
#355=EDGE_LOOP('',(#1195,#1196,#1197,#1198));
#356=EDGE_LOOP('',(#1199,#1200,#1201,#1202));
#357=EDGE_LOOP('',(#1203,#1204,#1205,#1206));
#358=EDGE_LOOP('',(#1207,#1208,#1209,#1210));
#359=EDGE_LOOP('',(#1211,#1212,#1213,#1214));
#360=EDGE_LOOP('',(#1215,#1216,#1217,#1218));
#361=EDGE_LOOP('',(#1219,#1220,#1221,#1222));
#362=EDGE_LOOP('',(#1223,#1224,#1225,#1226));
#363=EDGE_LOOP('',(#1227,#1228,#1229,#1230));
#364=EDGE_LOOP('',(#1231,#1232,#1233,#1234));
#365=EDGE_LOOP('',(#1235,#1236,#1237,#1238));
#366=EDGE_LOOP('',(#1239,#1240,#1241,#1242));
#367=LINE('',#1981,#459);
#368=LINE('',#1983,#460);
#369=LINE('',#1985,#461);
#370=LINE('',#1986,#462);
#371=LINE('',#1989,#463);
#372=LINE('',#1991,#464);
#373=LINE('',#1992,#465);
#374=LINE('',#1995,#466);
#375=LINE('',#1997,#467);
#376=LINE('',#1998,#468);
#377=LINE('',#2000,#469);
#378=LINE('',#2001,#470);
#379=LINE('',#2007,#471);
#380=LINE('',#2011,#472);
#381=LINE('',#2015,#473);
#382=LINE('',#2018,#474);
#383=LINE('',#2021,#475);
#384=LINE('',#2025,#476);
#385=LINE('',#2039,#477);
#386=LINE('',#2042,#478);
#387=LINE('',#2045,#479);
#388=LINE('',#2048,#480);
#389=LINE('',#2051,#481);
#390=LINE('',#2052,#482);
#391=LINE('',#2055,#483);
#392=LINE('',#2057,#484);
#393=LINE('',#2058,#485);
#394=LINE('',#2061,#486);
#395=LINE('',#2065,#487);
#396=LINE('',#2068,#488);
#397=LINE('',#2071,#489);
#398=LINE('',#2072,#490);
#399=LINE('',#2075,#491);
#400=LINE('',#2079,#492);
#401=LINE('',#2080,#493);
#402=LINE('',#2085,#494);
#403=LINE('',#2091,#495);
#404=LINE('',#2097,#496);
#405=LINE('',#2103,#497);
#406=LINE('',#2108,#498);
#407=LINE('',#2112,#499);
#408=LINE('',#2116,#500);
#409=LINE('',#2120,#501);
#410=LINE('',#2124,#502);
#411=LINE('',#2126,#503);
#412=LINE('',#2127,#504);
#413=LINE('',#2130,#505);
#414=LINE('',#2134,#506);
#415=LINE('',#2135,#507);
#416=LINE('',#2138,#508);
#417=LINE('',#2143,#509);
#418=LINE('',#2147,#510);
#419=LINE('',#2150,#511);
#420=LINE('',#2153,#512);
#421=LINE('',#2156,#513);
#422=LINE('',#2171,#514);
#423=LINE('',#2172,#515);
#424=LINE('',#2177,#516);
#425=LINE('',#2178,#517);
#426=LINE('',#2195,#518);
#427=LINE('',#2196,#519);
#428=LINE('',#2201,#520);
#429=LINE('',#2202,#521);
#430=LINE('',#2210,#522);
#431=LINE('',#2227,#523);
#432=LINE('',#2244,#524);
#433=LINE('',#2247,#525);
#434=LINE('',#2261,#526);
#435=LINE('',#2262,#527);
#436=LINE('',#2267,#528);
#437=LINE('',#2268,#529);
#438=LINE('',#2285,#530);
#439=LINE('',#2286,#531);
#440=LINE('',#2291,#532);
#441=LINE('',#2292,#533);
#442=LINE('',#2300,#534);
#443=LINE('',#2317,#535);
#444=LINE('',#2332,#536);
#445=LINE('',#2335,#537);
#446=LINE('',#2341,#538);
#447=LINE('',#2354,#539);
#448=LINE('',#2357,#540);
#449=LINE('',#2365,#541);
#450=LINE('',#2379,#542);
#451=LINE('',#2381,#543);
#452=LINE('',#2383,#544);
#453=LINE('',#2385,#545);
#454=LINE('',#2397,#546);
#455=LINE('',#2399,#547);
#456=LINE('',#2411,#548);
#457=LINE('',#2413,#549);
#458=LINE('',#2418,#550);
#459=VECTOR('',#1539,10.);
#460=VECTOR('',#1540,10.);
#461=VECTOR('',#1541,10.);
#462=VECTOR('',#1542,10.);
#463=VECTOR('',#1545,10.);
#464=VECTOR('',#1546,10.);
#465=VECTOR('',#1547,10.);
#466=VECTOR('',#1550,10.);
#467=VECTOR('',#1551,10.);
#468=VECTOR('',#1552,10.);
#469=VECTOR('',#1555,10.);
#470=VECTOR('',#1556,10.);
#471=VECTOR('',#1561,10.);
#472=VECTOR('',#1564,10.);
#473=VECTOR('',#1567,10.);
#474=VECTOR('',#1570,10.);
#475=VECTOR('',#1571,10.);
#476=VECTOR('',#1574,10.);
#477=VECTOR('',#1587,10.);
#478=VECTOR('',#1590,10.);
#479=VECTOR('',#1593,1.2);
#480=VECTOR('',#1596,1.2);
#481=VECTOR('',#1599,1.2);
#482=VECTOR('',#1600,3.00000000000001);
#483=VECTOR('',#1603,1.2);
#484=VECTOR('',#1604,3.00000000000001);
#485=VECTOR('',#1605,1.2);
#486=VECTOR('',#1608,1.2);
#487=VECTOR('',#1613,8.);
#488=VECTOR('',#1616,8.);
#489=VECTOR('',#1619,8.);
#490=VECTOR('',#1620,157.5);
#491=VECTOR('',#1623,8.);
#492=VECTOR('',#1628,8.);
#493=VECTOR('',#1629,43.63);
#494=VECTOR('',#1634,2.1875);
#495=VECTOR('',#1641,2.1875);
#496=VECTOR('',#1648,2.1875);
#497=VECTOR('',#1655,2.1875);
#498=VECTOR('',#1660,157.5);
#499=VECTOR('',#1663,43.63);
#500=VECTOR('',#1666,157.5);
#501=VECTOR('',#1669,43.63);
#502=VECTOR('',#1674,0.5);
#503=VECTOR('',#1675,157.5);
#504=VECTOR('',#1676,0.5);
#505=VECTOR('',#1679,0.5);
#506=VECTOR('',#1684,0.5);
#507=VECTOR('',#1685,43.63);
#508=VECTOR('',#1688,0.5);
#509=VECTOR('',#1695,0.5);
#510=VECTOR('',#1700,1.2);
#511=VECTOR('',#1703,1.2);
#512=VECTOR('',#1708,5.00000000000001);
#513=VECTOR('',#1713,5.);
#514=VECTOR('',#1730,43.63);
#515=VECTOR('',#1731,43.63);
#516=VECTOR('',#1736,157.5);
#517=VECTOR('',#1737,157.5);
#518=VECTOR('',#1758,157.5);
#519=VECTOR('',#1759,157.5);
#520=VECTOR('',#1764,43.63);
#521=VECTOR('',#1765,43.63);
#522=VECTOR('',#1776,43.63);
#523=VECTOR('',#1787,157.5);
#524=VECTOR('',#1796,157.5);
#525=VECTOR('',#1799,43.63);
#526=VECTOR('',#1814,43.63);
#527=VECTOR('',#1815,43.63);
#528=VECTOR('',#1820,157.5);
#529=VECTOR('',#1821,157.5);
#530=VECTOR('',#1842,157.5);
#531=VECTOR('',#1843,157.5);
#532=VECTOR('',#1848,43.63);
#533=VECTOR('',#1849,43.63);
#534=VECTOR('',#1860,157.5);
#535=VECTOR('',#1871,43.63);
#536=VECTOR('',#1878,157.5);
#537=VECTOR('',#1881,43.63);
#538=VECTOR('',#1888,157.5);
#539=VECTOR('',#1907,43.63);
#540=VECTOR('',#1912,43.63);
#541=VECTOR('',#1925,157.5);
#542=VECTOR('',#1934,1.75);
#543=VECTOR('',#1937,1.75);
#544=VECTOR('',#1940,1.75);
#545=VECTOR('',#1943,1.75);
#546=VECTOR('',#1948,8.);
#547=VECTOR('',#1951,8.);
#548=VECTOR('',#1956,8.);
#549=VECTOR('',#1959,0.5);
#550=VECTOR('',#1968,0.5);
#551=VERTEX_POINT('',#1979);
#552=VERTEX_POINT('',#1980);
#553=VERTEX_POINT('',#1982);
#554=VERTEX_POINT('',#1984);
#555=VERTEX_POINT('',#1988);
#556=VERTEX_POINT('',#1990);
#557=VERTEX_POINT('',#1994);
#558=VERTEX_POINT('',#1996);
#559=VERTEX_POINT('',#2003);
#560=VERTEX_POINT('',#2004);
#561=VERTEX_POINT('',#2006);
#562=VERTEX_POINT('',#2008);
#563=VERTEX_POINT('',#2010);
#564=VERTEX_POINT('',#2012);
#565=VERTEX_POINT('',#2014);
#566=VERTEX_POINT('',#2016);
#567=VERTEX_POINT('',#2019);
#568=VERTEX_POINT('',#2020);
#569=VERTEX_POINT('',#2022);
#570=VERTEX_POINT('',#2024);
#571=VERTEX_POINT('',#2027);
#572=VERTEX_POINT('',#2029);
#573=VERTEX_POINT('',#2031);
#574=VERTEX_POINT('',#2033);
#575=VERTEX_POINT('',#2035);
#576=VERTEX_POINT('',#2036);
#577=VERTEX_POINT('',#2038);
#578=VERTEX_POINT('',#2040);
#579=VERTEX_POINT('',#2044);
#580=VERTEX_POINT('',#2046);
#581=VERTEX_POINT('',#2050);
#582=VERTEX_POINT('',#2054);
#583=VERTEX_POINT('',#2056);
#584=VERTEX_POINT('',#2060);
#585=VERTEX_POINT('',#2064);
#586=VERTEX_POINT('',#2066);
#587=VERTEX_POINT('',#2070);
#588=VERTEX_POINT('',#2074);
#589=VERTEX_POINT('',#2078);
#590=VERTEX_POINT('',#2082);
#591=VERTEX_POINT('',#2084);
#592=VERTEX_POINT('',#2088);
#593=VERTEX_POINT('',#2090);
#594=VERTEX_POINT('',#2094);
#595=VERTEX_POINT('',#2096);
#596=VERTEX_POINT('',#2100);
#597=VERTEX_POINT('',#2102);
#598=VERTEX_POINT('',#2106);
#599=VERTEX_POINT('',#2107);
#600=VERTEX_POINT('',#2109);
#601=VERTEX_POINT('',#2111);
#602=VERTEX_POINT('',#2113);
#603=VERTEX_POINT('',#2115);
#604=VERTEX_POINT('',#2117);
#605=VERTEX_POINT('',#2119);
#606=VERTEX_POINT('',#2123);
#607=VERTEX_POINT('',#2125);
#608=VERTEX_POINT('',#2129);
#609=VERTEX_POINT('',#2133);
#610=VERTEX_POINT('',#2137);
#611=VERTEX_POINT('',#2141);
#612=VERTEX_POINT('',#2145);
#613=VERTEX_POINT('',#2149);
#614=VERTEX_POINT('',#2159);
#615=VERTEX_POINT('',#2160);
#616=VERTEX_POINT('',#2162);
#617=VERTEX_POINT('',#2164);
#618=VERTEX_POINT('',#2168);
#619=VERTEX_POINT('',#2169);
#620=VERTEX_POINT('',#2174);
#621=VERTEX_POINT('',#2175);
#622=VERTEX_POINT('',#2180);
#623=VERTEX_POINT('',#2181);
#624=VERTEX_POINT('',#2186);
#625=VERTEX_POINT('',#2187);
#626=VERTEX_POINT('',#2192);
#627=VERTEX_POINT('',#2193);
#628=VERTEX_POINT('',#2198);
#629=VERTEX_POINT('',#2199);
#630=VERTEX_POINT('',#2207);
#631=VERTEX_POINT('',#2209);
#632=VERTEX_POINT('',#2221);
#633=VERTEX_POINT('',#2225);
#634=VERTEX_POINT('',#2237);
#635=VERTEX_POINT('',#2241);
#636=VERTEX_POINT('',#2243);
#637=VERTEX_POINT('',#2245);
#638=VERTEX_POINT('',#2249);
#639=VERTEX_POINT('',#2250);
#640=VERTEX_POINT('',#2252);
#641=VERTEX_POINT('',#2254);
#642=VERTEX_POINT('',#2258);
#643=VERTEX_POINT('',#2259);
#644=VERTEX_POINT('',#2264);
#645=VERTEX_POINT('',#2265);
#646=VERTEX_POINT('',#2270);
#647=VERTEX_POINT('',#2271);
#648=VERTEX_POINT('',#2276);
#649=VERTEX_POINT('',#2277);
#650=VERTEX_POINT('',#2282);
#651=VERTEX_POINT('',#2283);
#652=VERTEX_POINT('',#2288);
#653=VERTEX_POINT('',#2289);
#654=VERTEX_POINT('',#2297);
#655=VERTEX_POINT('',#2299);
#656=VERTEX_POINT('',#2311);
#657=VERTEX_POINT('',#2315);
#658=VERTEX_POINT('',#2327);
#659=VERTEX_POINT('',#2331);
#660=VERTEX_POINT('',#2333);
#661=VERTEX_POINT('',#2337);
#662=VERTEX_POINT('',#2339);
#663=VERTEX_POINT('',#2343);
#664=VERTEX_POINT('',#2348);
#665=VERTEX_POINT('',#2352);
#666=VERTEX_POINT('',#2359);
#667=EDGE_CURVE('',#551,#552,#367,.T.);
#668=EDGE_CURVE('',#553,#551,#368,.T.);
#669=EDGE_CURVE('',#554,#553,#369,.T.);
#670=EDGE_CURVE('',#554,#552,#370,.T.);
#671=EDGE_CURVE('',#552,#555,#371,.T.);
#672=EDGE_CURVE('',#556,#554,#372,.T.);
#673=EDGE_CURVE('',#556,#555,#373,.T.);
#674=EDGE_CURVE('',#555,#557,#374,.T.);
#675=EDGE_CURVE('',#558,#556,#375,.T.);
#676=EDGE_CURVE('',#558,#557,#376,.T.);
#677=EDGE_CURVE('',#557,#551,#377,.T.);
#678=EDGE_CURVE('',#553,#558,#378,.T.);
#679=EDGE_CURVE('',#559,#560,#89,.T.);
#680=EDGE_CURVE('',#561,#559,#379,.T.);
#681=EDGE_CURVE('',#562,#561,#90,.T.);
#682=EDGE_CURVE('',#563,#562,#380,.T.);
#683=EDGE_CURVE('',#564,#563,#91,.T.);
#684=EDGE_CURVE('',#565,#564,#381,.T.);
#685=EDGE_CURVE('',#566,#565,#92,.T.);
#686=EDGE_CURVE('',#560,#566,#382,.T.);
#687=EDGE_CURVE('',#567,#568,#383,.T.);
#688=EDGE_CURVE('',#569,#567,#93,.T.);
#689=EDGE_CURVE('',#570,#569,#384,.T.);
#690=EDGE_CURVE('',#568,#570,#94,.T.);
#691=EDGE_CURVE('',#571,#571,#95,.T.);
#692=EDGE_CURVE('',#572,#572,#96,.T.);
#693=EDGE_CURVE('',#573,#573,#97,.T.);
#694=EDGE_CURVE('',#574,#574,#98,.T.);
#695=EDGE_CURVE('',#575,#576,#99,.T.);
#696=EDGE_CURVE('',#577,#575,#385,.T.);
#697=EDGE_CURVE('',#578,#577,#100,.T.);
#698=EDGE_CURVE('',#576,#578,#386,.T.);
#699=EDGE_CURVE('',#577,#579,#387,.T.);
#700=EDGE_CURVE('',#579,#580,#101,.T.);
#701=EDGE_CURVE('',#578,#580,#388,.T.);
#702=EDGE_CURVE('',#581,#575,#389,.T.);
#703=EDGE_CURVE('',#581,#579,#390,.T.);
#704=EDGE_CURVE('',#582,#569,#391,.T.);
#705=EDGE_CURVE('',#582,#583,#392,.T.);
#706=EDGE_CURVE('',#570,#583,#393,.T.);
#707=EDGE_CURVE('',#567,#584,#394,.T.);
#708=EDGE_CURVE('',#584,#582,#102,.T.);
#709=EDGE_CURVE('',#585,#561,#395,.T.);
#710=EDGE_CURVE('',#585,#586,#103,.T.);
#711=EDGE_CURVE('',#586,#562,#396,.T.);
#712=EDGE_CURVE('',#587,#559,#397,.T.);
#713=EDGE_CURVE('',#587,#585,#398,.T.);
#714=EDGE_CURVE('',#588,#560,#399,.T.);
#715=EDGE_CURVE('',#588,#587,#104,.T.);
#716=EDGE_CURVE('',#566,#589,#400,.T.);
#717=EDGE_CURVE('',#589,#588,#401,.T.);
#718=EDGE_CURVE('',#590,#590,#105,.T.);
#719=EDGE_CURVE('',#590,#591,#402,.T.);
#720=EDGE_CURVE('',#591,#591,#106,.T.);
#721=EDGE_CURVE('',#592,#592,#107,.T.);
#722=EDGE_CURVE('',#592,#593,#403,.T.);
#723=EDGE_CURVE('',#593,#593,#108,.T.);
#724=EDGE_CURVE('',#594,#594,#109,.T.);
#725=EDGE_CURVE('',#594,#595,#404,.T.);
#726=EDGE_CURVE('',#595,#595,#110,.T.);
#727=EDGE_CURVE('',#596,#596,#111,.T.);
#728=EDGE_CURVE('',#596,#597,#405,.T.);
#729=EDGE_CURVE('',#597,#597,#112,.T.);
#730=EDGE_CURVE('',#598,#599,#406,.T.);
#731=EDGE_CURVE('',#600,#598,#113,.T.);
#732=EDGE_CURVE('',#601,#600,#407,.T.);
#733=EDGE_CURVE('',#602,#601,#114,.T.);
#734=EDGE_CURVE('',#603,#602,#408,.T.);
#735=EDGE_CURVE('',#604,#603,#115,.T.);
#736=EDGE_CURVE('',#605,#604,#409,.T.);
#737=EDGE_CURVE('',#599,#605,#116,.T.);
#738=EDGE_CURVE('',#602,#606,#410,.T.);
#739=EDGE_CURVE('',#607,#606,#411,.T.);
#740=EDGE_CURVE('',#603,#607,#412,.T.);
#741=EDGE_CURVE('',#608,#601,#413,.T.);
#742=EDGE_CURVE('',#606,#608,#117,.T.);
#743=EDGE_CURVE('',#600,#609,#414,.T.);
#744=EDGE_CURVE('',#608,#609,#415,.T.);
#745=EDGE_CURVE('',#598,#610,#416,.T.);
#746=EDGE_CURVE('',#609,#610,#118,.T.);
#747=EDGE_CURVE('',#611,#607,#119,.T.);
#748=EDGE_CURVE('',#604,#611,#417,.T.);
#749=EDGE_CURVE('',#583,#612,#120,.T.);
#750=EDGE_CURVE('',#568,#612,#418,.T.);
#751=EDGE_CURVE('',#576,#613,#419,.T.);
#752=EDGE_CURVE('',#613,#581,#121,.T.);
#753=EDGE_CURVE('',#580,#613,#420,.T.);
#754=EDGE_CURVE('',#612,#584,#421,.T.);
#755=EDGE_CURVE('',#614,#615,#122,.T.);
#756=EDGE_CURVE('',#615,#616,#123,.T.);
#757=EDGE_CURVE('',#616,#617,#124,.T.);
#758=EDGE_CURVE('',#617,#614,#125,.T.);
#759=EDGE_CURVE('',#618,#619,#126,.T.);
#760=EDGE_CURVE('',#619,#615,#422,.T.);
#761=EDGE_CURVE('',#614,#618,#423,.T.);
#762=EDGE_CURVE('',#620,#621,#127,.T.);
#763=EDGE_CURVE('',#621,#617,#424,.T.);
#764=EDGE_CURVE('',#616,#620,#425,.T.);
#765=EDGE_CURVE('',#622,#623,#128,.T.);
#766=EDGE_CURVE('',#623,#619,#129,.T.);
#767=EDGE_CURVE('',#618,#622,#130,.T.);
#768=EDGE_CURVE('',#624,#625,#131,.T.);
#769=EDGE_CURVE('',#625,#621,#132,.T.);
#770=EDGE_CURVE('',#620,#624,#133,.T.);
#771=EDGE_CURVE('',#626,#627,#134,.T.);
#772=EDGE_CURVE('',#627,#623,#426,.T.);
#773=EDGE_CURVE('',#622,#626,#427,.T.);
#774=EDGE_CURVE('',#628,#629,#135,.T.);
#775=EDGE_CURVE('',#629,#625,#428,.T.);
#776=EDGE_CURVE('',#624,#628,#429,.T.);
#777=EDGE_CURVE('',#626,#629,#136,.T.);
#778=EDGE_CURVE('',#628,#627,#137,.T.);
#779=EDGE_CURVE('',#630,#624,#138,.T.);
#780=EDGE_CURVE('',#631,#630,#430,.T.);
#781=EDGE_CURVE('',#631,#628,#139,.T.);
#782=EDGE_CURVE('',#632,#620,#140,.T.);
#783=EDGE_CURVE('',#630,#632,#141,.T.);
#784=EDGE_CURVE('',#633,#616,#142,.T.);
#785=EDGE_CURVE('',#632,#633,#431,.T.);
#786=EDGE_CURVE('',#634,#615,#143,.T.);
#787=EDGE_CURVE('',#633,#634,#144,.T.);
#788=EDGE_CURVE('',#635,#589,#145,.T.);
#789=EDGE_CURVE('',#636,#635,#432,.T.);
#790=EDGE_CURVE('',#637,#636,#146,.T.);
#791=EDGE_CURVE('',#586,#637,#433,.T.);
#792=EDGE_CURVE('',#638,#639,#147,.T.);
#793=EDGE_CURVE('',#639,#640,#148,.T.);
#794=EDGE_CURVE('',#640,#641,#149,.T.);
#795=EDGE_CURVE('',#641,#638,#150,.T.);
#796=EDGE_CURVE('',#642,#643,#151,.T.);
#797=EDGE_CURVE('',#643,#639,#434,.T.);
#798=EDGE_CURVE('',#638,#642,#435,.T.);
#799=EDGE_CURVE('',#644,#645,#152,.T.);
#800=EDGE_CURVE('',#645,#641,#436,.T.);
#801=EDGE_CURVE('',#640,#644,#437,.T.);
#802=EDGE_CURVE('',#646,#647,#153,.T.);
#803=EDGE_CURVE('',#647,#643,#154,.T.);
#804=EDGE_CURVE('',#642,#646,#155,.T.);
#805=EDGE_CURVE('',#648,#649,#156,.T.);
#806=EDGE_CURVE('',#649,#645,#157,.T.);
#807=EDGE_CURVE('',#644,#648,#158,.T.);
#808=EDGE_CURVE('',#650,#651,#159,.T.);
#809=EDGE_CURVE('',#651,#647,#438,.T.);
#810=EDGE_CURVE('',#646,#650,#439,.T.);
#811=EDGE_CURVE('',#652,#653,#160,.T.);
#812=EDGE_CURVE('',#653,#649,#440,.T.);
#813=EDGE_CURVE('',#648,#652,#441,.T.);
#814=EDGE_CURVE('',#650,#653,#161,.T.);
#815=EDGE_CURVE('',#652,#651,#162,.T.);
#816=EDGE_CURVE('',#646,#654,#163,.T.);
#817=EDGE_CURVE('',#655,#654,#442,.T.);
#818=EDGE_CURVE('',#650,#655,#164,.T.);
#819=EDGE_CURVE('',#656,#642,#165,.T.);
#820=EDGE_CURVE('',#654,#656,#166,.T.);
#821=EDGE_CURVE('',#638,#657,#167,.T.);
#822=EDGE_CURVE('',#656,#657,#443,.T.);
#823=EDGE_CURVE('',#641,#658,#168,.T.);
#824=EDGE_CURVE('',#657,#658,#169,.T.);
#825=EDGE_CURVE('',#610,#659,#444,.T.);
#826=EDGE_CURVE('',#659,#660,#170,.T.);
#827=EDGE_CURVE('',#660,#611,#445,.T.);
#828=EDGE_CURVE('',#661,#655,#171,.T.);
#829=EDGE_CURVE('',#654,#662,#172,.T.);
#830=EDGE_CURVE('',#662,#661,#446,.T.);
#831=EDGE_CURVE('',#631,#663,#173,.T.);
#832=EDGE_CURVE('',#663,#655,#174,.T.);
#833=EDGE_CURVE('',#661,#631,#175,.T.);
#834=EDGE_CURVE('',#656,#664,#176,.T.);
#835=EDGE_CURVE('',#664,#662,#177,.T.);
#836=EDGE_CURVE('',#630,#665,#178,.T.);
#837=EDGE_CURVE('',#665,#663,#447,.T.);
#838=EDGE_CURVE('',#657,#634,#179,.T.);
#839=EDGE_CURVE('',#634,#664,#448,.T.);
#840=EDGE_CURVE('',#632,#666,#180,.T.);
#841=EDGE_CURVE('',#666,#665,#181,.T.);
#842=EDGE_CURVE('',#658,#633,#182,.T.);
#843=EDGE_CURVE('',#658,#666,#449,.T.);
#844=EDGE_CURVE('',#661,#627,#183,.T.);
#845=EDGE_CURVE('',#662,#623,#184,.T.);
#846=EDGE_CURVE('',#571,#596,#450,.T.);
#847=EDGE_CURVE('',#572,#592,#451,.T.);
#848=EDGE_CURVE('',#573,#594,#452,.T.);
#849=EDGE_CURVE('',#574,#590,#453,.T.);
#850=EDGE_CURVE('',#619,#664,#185,.T.);
#851=EDGE_CURVE('',#635,#565,#454,.T.);
#852=EDGE_CURVE('',#636,#564,#455,.T.);
#853=EDGE_CURVE('',#653,#663,#186,.T.);
#854=EDGE_CURVE('',#637,#563,#456,.T.);
#855=EDGE_CURVE('',#605,#660,#457,.T.);
#856=EDGE_CURVE('',#649,#665,#187,.T.);
#857=EDGE_CURVE('',#599,#659,#458,.T.);
#858=EDGE_CURVE('',#645,#666,#188,.T.);
#859=ORIENTED_EDGE('',*,*,#667,.F.);
#860=ORIENTED_EDGE('',*,*,#668,.F.);
#861=ORIENTED_EDGE('',*,*,#669,.F.);
#862=ORIENTED_EDGE('',*,*,#670,.T.);
#863=ORIENTED_EDGE('',*,*,#671,.F.);
#864=ORIENTED_EDGE('',*,*,#670,.F.);
#865=ORIENTED_EDGE('',*,*,#672,.F.);
#866=ORIENTED_EDGE('',*,*,#673,.T.);
#867=ORIENTED_EDGE('',*,*,#674,.F.);
#868=ORIENTED_EDGE('',*,*,#673,.F.);
#869=ORIENTED_EDGE('',*,*,#675,.F.);
#870=ORIENTED_EDGE('',*,*,#676,.T.);
#871=ORIENTED_EDGE('',*,*,#677,.F.);
#872=ORIENTED_EDGE('',*,*,#676,.F.);
#873=ORIENTED_EDGE('',*,*,#678,.F.);
#874=ORIENTED_EDGE('',*,*,#668,.T.);
#875=ORIENTED_EDGE('',*,*,#679,.F.);
#876=ORIENTED_EDGE('',*,*,#680,.F.);
#877=ORIENTED_EDGE('',*,*,#681,.F.);
#878=ORIENTED_EDGE('',*,*,#682,.F.);
#879=ORIENTED_EDGE('',*,*,#683,.F.);
#880=ORIENTED_EDGE('',*,*,#684,.F.);
#881=ORIENTED_EDGE('',*,*,#685,.F.);
#882=ORIENTED_EDGE('',*,*,#686,.F.);
#883=ORIENTED_EDGE('',*,*,#674,.T.);
#884=ORIENTED_EDGE('',*,*,#677,.T.);
#885=ORIENTED_EDGE('',*,*,#667,.T.);
#886=ORIENTED_EDGE('',*,*,#671,.T.);
#887=ORIENTED_EDGE('',*,*,#687,.F.);
#888=ORIENTED_EDGE('',*,*,#688,.F.);
#889=ORIENTED_EDGE('',*,*,#689,.F.);
#890=ORIENTED_EDGE('',*,*,#690,.F.);
#891=ORIENTED_EDGE('',*,*,#691,.T.);
#892=ORIENTED_EDGE('',*,*,#692,.T.);
#893=ORIENTED_EDGE('',*,*,#693,.T.);
#894=ORIENTED_EDGE('',*,*,#694,.T.);
#895=ORIENTED_EDGE('',*,*,#695,.F.);
#896=ORIENTED_EDGE('',*,*,#696,.F.);
#897=ORIENTED_EDGE('',*,*,#697,.F.);
#898=ORIENTED_EDGE('',*,*,#698,.F.);
#899=ORIENTED_EDGE('',*,*,#697,.T.);
#900=ORIENTED_EDGE('',*,*,#699,.T.);
#901=ORIENTED_EDGE('',*,*,#700,.T.);
#902=ORIENTED_EDGE('',*,*,#701,.F.);
#903=ORIENTED_EDGE('',*,*,#696,.T.);
#904=ORIENTED_EDGE('',*,*,#702,.F.);
#905=ORIENTED_EDGE('',*,*,#703,.T.);
#906=ORIENTED_EDGE('',*,*,#699,.F.);
#907=ORIENTED_EDGE('',*,*,#689,.T.);
#908=ORIENTED_EDGE('',*,*,#704,.F.);
#909=ORIENTED_EDGE('',*,*,#705,.T.);
#910=ORIENTED_EDGE('',*,*,#706,.F.);
#911=ORIENTED_EDGE('',*,*,#688,.T.);
#912=ORIENTED_EDGE('',*,*,#707,.T.);
#913=ORIENTED_EDGE('',*,*,#708,.T.);
#914=ORIENTED_EDGE('',*,*,#704,.T.);
#915=ORIENTED_EDGE('',*,*,#681,.T.);
#916=ORIENTED_EDGE('',*,*,#709,.F.);
#917=ORIENTED_EDGE('',*,*,#710,.T.);
#918=ORIENTED_EDGE('',*,*,#711,.T.);
#919=ORIENTED_EDGE('',*,*,#680,.T.);
#920=ORIENTED_EDGE('',*,*,#712,.F.);
#921=ORIENTED_EDGE('',*,*,#713,.T.);
#922=ORIENTED_EDGE('',*,*,#709,.T.);
#923=ORIENTED_EDGE('',*,*,#679,.T.);
#924=ORIENTED_EDGE('',*,*,#714,.F.);
#925=ORIENTED_EDGE('',*,*,#715,.T.);
#926=ORIENTED_EDGE('',*,*,#712,.T.);
#927=ORIENTED_EDGE('',*,*,#686,.T.);
#928=ORIENTED_EDGE('',*,*,#716,.T.);
#929=ORIENTED_EDGE('',*,*,#717,.T.);
#930=ORIENTED_EDGE('',*,*,#714,.T.);
#931=ORIENTED_EDGE('',*,*,#718,.F.);
#932=ORIENTED_EDGE('',*,*,#719,.T.);
#933=ORIENTED_EDGE('',*,*,#720,.F.);
#934=ORIENTED_EDGE('',*,*,#719,.F.);
#935=ORIENTED_EDGE('',*,*,#721,.F.);
#936=ORIENTED_EDGE('',*,*,#722,.T.);
#937=ORIENTED_EDGE('',*,*,#723,.F.);
#938=ORIENTED_EDGE('',*,*,#722,.F.);
#939=ORIENTED_EDGE('',*,*,#724,.F.);
#940=ORIENTED_EDGE('',*,*,#725,.T.);
#941=ORIENTED_EDGE('',*,*,#726,.F.);
#942=ORIENTED_EDGE('',*,*,#725,.F.);
#943=ORIENTED_EDGE('',*,*,#727,.F.);
#944=ORIENTED_EDGE('',*,*,#728,.T.);
#945=ORIENTED_EDGE('',*,*,#729,.F.);
#946=ORIENTED_EDGE('',*,*,#728,.F.);
#947=ORIENTED_EDGE('',*,*,#730,.F.);
#948=ORIENTED_EDGE('',*,*,#731,.F.);
#949=ORIENTED_EDGE('',*,*,#732,.F.);
#950=ORIENTED_EDGE('',*,*,#733,.F.);
#951=ORIENTED_EDGE('',*,*,#734,.F.);
#952=ORIENTED_EDGE('',*,*,#735,.F.);
#953=ORIENTED_EDGE('',*,*,#736,.F.);
#954=ORIENTED_EDGE('',*,*,#737,.F.);
#955=ORIENTED_EDGE('',*,*,#675,.T.);
#956=ORIENTED_EDGE('',*,*,#672,.T.);
#957=ORIENTED_EDGE('',*,*,#669,.T.);
#958=ORIENTED_EDGE('',*,*,#678,.T.);
#959=ORIENTED_EDGE('',*,*,#720,.T.);
#960=ORIENTED_EDGE('',*,*,#723,.T.);
#961=ORIENTED_EDGE('',*,*,#726,.T.);
#962=ORIENTED_EDGE('',*,*,#729,.T.);
#963=ORIENTED_EDGE('',*,*,#734,.T.);
#964=ORIENTED_EDGE('',*,*,#738,.T.);
#965=ORIENTED_EDGE('',*,*,#739,.F.);
#966=ORIENTED_EDGE('',*,*,#740,.F.);
#967=ORIENTED_EDGE('',*,*,#733,.T.);
#968=ORIENTED_EDGE('',*,*,#741,.F.);
#969=ORIENTED_EDGE('',*,*,#742,.F.);
#970=ORIENTED_EDGE('',*,*,#738,.F.);
#971=ORIENTED_EDGE('',*,*,#732,.T.);
#972=ORIENTED_EDGE('',*,*,#743,.T.);
#973=ORIENTED_EDGE('',*,*,#744,.F.);
#974=ORIENTED_EDGE('',*,*,#741,.T.);
#975=ORIENTED_EDGE('',*,*,#731,.T.);
#976=ORIENTED_EDGE('',*,*,#745,.T.);
#977=ORIENTED_EDGE('',*,*,#746,.F.);
#978=ORIENTED_EDGE('',*,*,#743,.F.);
#979=ORIENTED_EDGE('',*,*,#735,.T.);
#980=ORIENTED_EDGE('',*,*,#740,.T.);
#981=ORIENTED_EDGE('',*,*,#747,.F.);
#982=ORIENTED_EDGE('',*,*,#748,.F.);
#983=ORIENTED_EDGE('',*,*,#690,.T.);
#984=ORIENTED_EDGE('',*,*,#706,.T.);
#985=ORIENTED_EDGE('',*,*,#749,.T.);
#986=ORIENTED_EDGE('',*,*,#750,.F.);
#987=ORIENTED_EDGE('',*,*,#695,.T.);
#988=ORIENTED_EDGE('',*,*,#751,.T.);
#989=ORIENTED_EDGE('',*,*,#752,.T.);
#990=ORIENTED_EDGE('',*,*,#702,.T.);
#991=ORIENTED_EDGE('',*,*,#698,.T.);
#992=ORIENTED_EDGE('',*,*,#701,.T.);
#993=ORIENTED_EDGE('',*,*,#753,.T.);
#994=ORIENTED_EDGE('',*,*,#751,.F.);
#995=ORIENTED_EDGE('',*,*,#752,.F.);
#996=ORIENTED_EDGE('',*,*,#753,.F.);
#997=ORIENTED_EDGE('',*,*,#700,.F.);
#998=ORIENTED_EDGE('',*,*,#703,.F.);
#999=ORIENTED_EDGE('',*,*,#687,.T.);
#1000=ORIENTED_EDGE('',*,*,#750,.T.);
#1001=ORIENTED_EDGE('',*,*,#754,.T.);
#1002=ORIENTED_EDGE('',*,*,#707,.F.);
#1003=ORIENTED_EDGE('',*,*,#749,.F.);
#1004=ORIENTED_EDGE('',*,*,#705,.F.);
#1005=ORIENTED_EDGE('',*,*,#708,.F.);
#1006=ORIENTED_EDGE('',*,*,#754,.F.);
#1007=ORIENTED_EDGE('',*,*,#755,.T.);
#1008=ORIENTED_EDGE('',*,*,#756,.T.);
#1009=ORIENTED_EDGE('',*,*,#757,.T.);
#1010=ORIENTED_EDGE('',*,*,#758,.T.);
#1011=ORIENTED_EDGE('',*,*,#759,.T.);
#1012=ORIENTED_EDGE('',*,*,#760,.T.);
#1013=ORIENTED_EDGE('',*,*,#755,.F.);
#1014=ORIENTED_EDGE('',*,*,#761,.T.);
#1015=ORIENTED_EDGE('',*,*,#762,.T.);
#1016=ORIENTED_EDGE('',*,*,#763,.T.);
#1017=ORIENTED_EDGE('',*,*,#757,.F.);
#1018=ORIENTED_EDGE('',*,*,#764,.T.);
#1019=ORIENTED_EDGE('',*,*,#765,.T.);
#1020=ORIENTED_EDGE('',*,*,#766,.T.);
#1021=ORIENTED_EDGE('',*,*,#759,.F.);
#1022=ORIENTED_EDGE('',*,*,#767,.T.);
#1023=ORIENTED_EDGE('',*,*,#768,.T.);
#1024=ORIENTED_EDGE('',*,*,#769,.T.);
#1025=ORIENTED_EDGE('',*,*,#762,.F.);
#1026=ORIENTED_EDGE('',*,*,#770,.T.);
#1027=ORIENTED_EDGE('',*,*,#771,.T.);
#1028=ORIENTED_EDGE('',*,*,#772,.T.);
#1029=ORIENTED_EDGE('',*,*,#765,.F.);
#1030=ORIENTED_EDGE('',*,*,#773,.T.);
#1031=ORIENTED_EDGE('',*,*,#774,.T.);
#1032=ORIENTED_EDGE('',*,*,#775,.T.);
#1033=ORIENTED_EDGE('',*,*,#768,.F.);
#1034=ORIENTED_EDGE('',*,*,#776,.T.);
#1035=ORIENTED_EDGE('',*,*,#771,.F.);
#1036=ORIENTED_EDGE('',*,*,#777,.T.);
#1037=ORIENTED_EDGE('',*,*,#774,.F.);
#1038=ORIENTED_EDGE('',*,*,#778,.T.);
#1039=ORIENTED_EDGE('',*,*,#776,.F.);
#1040=ORIENTED_EDGE('',*,*,#779,.F.);
#1041=ORIENTED_EDGE('',*,*,#780,.F.);
#1042=ORIENTED_EDGE('',*,*,#781,.T.);
#1043=ORIENTED_EDGE('',*,*,#770,.F.);
#1044=ORIENTED_EDGE('',*,*,#782,.F.);
#1045=ORIENTED_EDGE('',*,*,#783,.F.);
#1046=ORIENTED_EDGE('',*,*,#779,.T.);
#1047=ORIENTED_EDGE('',*,*,#764,.F.);
#1048=ORIENTED_EDGE('',*,*,#784,.F.);
#1049=ORIENTED_EDGE('',*,*,#785,.F.);
#1050=ORIENTED_EDGE('',*,*,#782,.T.);
#1051=ORIENTED_EDGE('',*,*,#756,.F.);
#1052=ORIENTED_EDGE('',*,*,#786,.F.);
#1053=ORIENTED_EDGE('',*,*,#787,.F.);
#1054=ORIENTED_EDGE('',*,*,#784,.T.);
#1055=ORIENTED_EDGE('',*,*,#758,.F.);
#1056=ORIENTED_EDGE('',*,*,#763,.F.);
#1057=ORIENTED_EDGE('',*,*,#769,.F.);
#1058=ORIENTED_EDGE('',*,*,#775,.F.);
#1059=ORIENTED_EDGE('',*,*,#777,.F.);
#1060=ORIENTED_EDGE('',*,*,#773,.F.);
#1061=ORIENTED_EDGE('',*,*,#767,.F.);
#1062=ORIENTED_EDGE('',*,*,#761,.F.);
#1063=ORIENTED_EDGE('',*,*,#717,.F.);
#1064=ORIENTED_EDGE('',*,*,#788,.F.);
#1065=ORIENTED_EDGE('',*,*,#789,.F.);
#1066=ORIENTED_EDGE('',*,*,#790,.F.);
#1067=ORIENTED_EDGE('',*,*,#791,.F.);
#1068=ORIENTED_EDGE('',*,*,#710,.F.);
#1069=ORIENTED_EDGE('',*,*,#713,.F.);
#1070=ORIENTED_EDGE('',*,*,#715,.F.);
#1071=ORIENTED_EDGE('',*,*,#792,.T.);
#1072=ORIENTED_EDGE('',*,*,#793,.T.);
#1073=ORIENTED_EDGE('',*,*,#794,.T.);
#1074=ORIENTED_EDGE('',*,*,#795,.T.);
#1075=ORIENTED_EDGE('',*,*,#796,.T.);
#1076=ORIENTED_EDGE('',*,*,#797,.T.);
#1077=ORIENTED_EDGE('',*,*,#792,.F.);
#1078=ORIENTED_EDGE('',*,*,#798,.T.);
#1079=ORIENTED_EDGE('',*,*,#799,.T.);
#1080=ORIENTED_EDGE('',*,*,#800,.T.);
#1081=ORIENTED_EDGE('',*,*,#794,.F.);
#1082=ORIENTED_EDGE('',*,*,#801,.T.);
#1083=ORIENTED_EDGE('',*,*,#802,.T.);
#1084=ORIENTED_EDGE('',*,*,#803,.T.);
#1085=ORIENTED_EDGE('',*,*,#796,.F.);
#1086=ORIENTED_EDGE('',*,*,#804,.T.);
#1087=ORIENTED_EDGE('',*,*,#805,.T.);
#1088=ORIENTED_EDGE('',*,*,#806,.T.);
#1089=ORIENTED_EDGE('',*,*,#799,.F.);
#1090=ORIENTED_EDGE('',*,*,#807,.T.);
#1091=ORIENTED_EDGE('',*,*,#808,.T.);
#1092=ORIENTED_EDGE('',*,*,#809,.T.);
#1093=ORIENTED_EDGE('',*,*,#802,.F.);
#1094=ORIENTED_EDGE('',*,*,#810,.T.);
#1095=ORIENTED_EDGE('',*,*,#811,.T.);
#1096=ORIENTED_EDGE('',*,*,#812,.T.);
#1097=ORIENTED_EDGE('',*,*,#805,.F.);
#1098=ORIENTED_EDGE('',*,*,#813,.T.);
#1099=ORIENTED_EDGE('',*,*,#808,.F.);
#1100=ORIENTED_EDGE('',*,*,#814,.T.);
#1101=ORIENTED_EDGE('',*,*,#811,.F.);
#1102=ORIENTED_EDGE('',*,*,#815,.T.);
#1103=ORIENTED_EDGE('',*,*,#810,.F.);
#1104=ORIENTED_EDGE('',*,*,#816,.T.);
#1105=ORIENTED_EDGE('',*,*,#817,.F.);
#1106=ORIENTED_EDGE('',*,*,#818,.F.);
#1107=ORIENTED_EDGE('',*,*,#804,.F.);
#1108=ORIENTED_EDGE('',*,*,#819,.F.);
#1109=ORIENTED_EDGE('',*,*,#820,.F.);
#1110=ORIENTED_EDGE('',*,*,#816,.F.);
#1111=ORIENTED_EDGE('',*,*,#798,.F.);
#1112=ORIENTED_EDGE('',*,*,#821,.T.);
#1113=ORIENTED_EDGE('',*,*,#822,.F.);
#1114=ORIENTED_EDGE('',*,*,#819,.T.);
#1115=ORIENTED_EDGE('',*,*,#795,.F.);
#1116=ORIENTED_EDGE('',*,*,#823,.T.);
#1117=ORIENTED_EDGE('',*,*,#824,.F.);
#1118=ORIENTED_EDGE('',*,*,#821,.F.);
#1119=ORIENTED_EDGE('',*,*,#793,.F.);
#1120=ORIENTED_EDGE('',*,*,#797,.F.);
#1121=ORIENTED_EDGE('',*,*,#803,.F.);
#1122=ORIENTED_EDGE('',*,*,#809,.F.);
#1123=ORIENTED_EDGE('',*,*,#815,.F.);
#1124=ORIENTED_EDGE('',*,*,#813,.F.);
#1125=ORIENTED_EDGE('',*,*,#807,.F.);
#1126=ORIENTED_EDGE('',*,*,#801,.F.);
#1127=ORIENTED_EDGE('',*,*,#746,.T.);
#1128=ORIENTED_EDGE('',*,*,#825,.T.);
#1129=ORIENTED_EDGE('',*,*,#826,.T.);
#1130=ORIENTED_EDGE('',*,*,#827,.T.);
#1131=ORIENTED_EDGE('',*,*,#747,.T.);
#1132=ORIENTED_EDGE('',*,*,#739,.T.);
#1133=ORIENTED_EDGE('',*,*,#742,.T.);
#1134=ORIENTED_EDGE('',*,*,#744,.T.);
#1135=ORIENTED_EDGE('',*,*,#828,.T.);
#1136=ORIENTED_EDGE('',*,*,#817,.T.);
#1137=ORIENTED_EDGE('',*,*,#829,.T.);
#1138=ORIENTED_EDGE('',*,*,#830,.T.);
#1139=ORIENTED_EDGE('',*,*,#831,.T.);
#1140=ORIENTED_EDGE('',*,*,#832,.T.);
#1141=ORIENTED_EDGE('',*,*,#828,.F.);
#1142=ORIENTED_EDGE('',*,*,#833,.T.);
#1143=ORIENTED_EDGE('',*,*,#829,.F.);
#1144=ORIENTED_EDGE('',*,*,#820,.T.);
#1145=ORIENTED_EDGE('',*,*,#834,.T.);
#1146=ORIENTED_EDGE('',*,*,#835,.T.);
#1147=ORIENTED_EDGE('',*,*,#836,.T.);
#1148=ORIENTED_EDGE('',*,*,#837,.T.);
#1149=ORIENTED_EDGE('',*,*,#831,.F.);
#1150=ORIENTED_EDGE('',*,*,#780,.T.);
#1151=ORIENTED_EDGE('',*,*,#834,.F.);
#1152=ORIENTED_EDGE('',*,*,#822,.T.);
#1153=ORIENTED_EDGE('',*,*,#838,.T.);
#1154=ORIENTED_EDGE('',*,*,#839,.T.);
#1155=ORIENTED_EDGE('',*,*,#840,.T.);
#1156=ORIENTED_EDGE('',*,*,#841,.T.);
#1157=ORIENTED_EDGE('',*,*,#836,.F.);
#1158=ORIENTED_EDGE('',*,*,#783,.T.);
#1159=ORIENTED_EDGE('',*,*,#838,.F.);
#1160=ORIENTED_EDGE('',*,*,#824,.T.);
#1161=ORIENTED_EDGE('',*,*,#842,.T.);
#1162=ORIENTED_EDGE('',*,*,#787,.T.);
#1163=ORIENTED_EDGE('',*,*,#842,.F.);
#1164=ORIENTED_EDGE('',*,*,#843,.T.);
#1165=ORIENTED_EDGE('',*,*,#840,.F.);
#1166=ORIENTED_EDGE('',*,*,#785,.T.);
#1167=ORIENTED_EDGE('',*,*,#778,.F.);
#1168=ORIENTED_EDGE('',*,*,#781,.F.);
#1169=ORIENTED_EDGE('',*,*,#833,.F.);
#1170=ORIENTED_EDGE('',*,*,#844,.T.);
#1171=ORIENTED_EDGE('',*,*,#772,.F.);
#1172=ORIENTED_EDGE('',*,*,#844,.F.);
#1173=ORIENTED_EDGE('',*,*,#830,.F.);
#1174=ORIENTED_EDGE('',*,*,#845,.T.);
#1175=ORIENTED_EDGE('',*,*,#691,.F.);
#1176=ORIENTED_EDGE('',*,*,#846,.T.);
#1177=ORIENTED_EDGE('',*,*,#727,.T.);
#1178=ORIENTED_EDGE('',*,*,#846,.F.);
#1179=ORIENTED_EDGE('',*,*,#692,.F.);
#1180=ORIENTED_EDGE('',*,*,#847,.T.);
#1181=ORIENTED_EDGE('',*,*,#721,.T.);
#1182=ORIENTED_EDGE('',*,*,#847,.F.);
#1183=ORIENTED_EDGE('',*,*,#693,.F.);
#1184=ORIENTED_EDGE('',*,*,#848,.T.);
#1185=ORIENTED_EDGE('',*,*,#724,.T.);
#1186=ORIENTED_EDGE('',*,*,#848,.F.);
#1187=ORIENTED_EDGE('',*,*,#694,.F.);
#1188=ORIENTED_EDGE('',*,*,#849,.T.);
#1189=ORIENTED_EDGE('',*,*,#718,.T.);
#1190=ORIENTED_EDGE('',*,*,#849,.F.);
#1191=ORIENTED_EDGE('',*,*,#766,.F.);
#1192=ORIENTED_EDGE('',*,*,#845,.F.);
#1193=ORIENTED_EDGE('',*,*,#835,.F.);
#1194=ORIENTED_EDGE('',*,*,#850,.F.);
#1195=ORIENTED_EDGE('',*,*,#685,.T.);
#1196=ORIENTED_EDGE('',*,*,#851,.F.);
#1197=ORIENTED_EDGE('',*,*,#788,.T.);
#1198=ORIENTED_EDGE('',*,*,#716,.F.);
#1199=ORIENTED_EDGE('',*,*,#684,.T.);
#1200=ORIENTED_EDGE('',*,*,#852,.F.);
#1201=ORIENTED_EDGE('',*,*,#789,.T.);
#1202=ORIENTED_EDGE('',*,*,#851,.T.);
#1203=ORIENTED_EDGE('',*,*,#814,.F.);
#1204=ORIENTED_EDGE('',*,*,#818,.T.);
#1205=ORIENTED_EDGE('',*,*,#832,.F.);
#1206=ORIENTED_EDGE('',*,*,#853,.F.);
#1207=ORIENTED_EDGE('',*,*,#683,.T.);
#1208=ORIENTED_EDGE('',*,*,#854,.F.);
#1209=ORIENTED_EDGE('',*,*,#790,.T.);
#1210=ORIENTED_EDGE('',*,*,#852,.T.);
#1211=ORIENTED_EDGE('',*,*,#736,.T.);
#1212=ORIENTED_EDGE('',*,*,#748,.T.);
#1213=ORIENTED_EDGE('',*,*,#827,.F.);
#1214=ORIENTED_EDGE('',*,*,#855,.F.);
#1215=ORIENTED_EDGE('',*,*,#812,.F.);
#1216=ORIENTED_EDGE('',*,*,#853,.T.);
#1217=ORIENTED_EDGE('',*,*,#837,.F.);
#1218=ORIENTED_EDGE('',*,*,#856,.F.);
#1219=ORIENTED_EDGE('',*,*,#682,.T.);
#1220=ORIENTED_EDGE('',*,*,#711,.F.);
#1221=ORIENTED_EDGE('',*,*,#791,.T.);
#1222=ORIENTED_EDGE('',*,*,#854,.T.);
#1223=ORIENTED_EDGE('',*,*,#737,.T.);
#1224=ORIENTED_EDGE('',*,*,#855,.T.);
#1225=ORIENTED_EDGE('',*,*,#826,.F.);
#1226=ORIENTED_EDGE('',*,*,#857,.F.);
#1227=ORIENTED_EDGE('',*,*,#806,.F.);
#1228=ORIENTED_EDGE('',*,*,#856,.T.);
#1229=ORIENTED_EDGE('',*,*,#841,.F.);
#1230=ORIENTED_EDGE('',*,*,#858,.F.);
#1231=ORIENTED_EDGE('',*,*,#730,.T.);
#1232=ORIENTED_EDGE('',*,*,#857,.T.);
#1233=ORIENTED_EDGE('',*,*,#825,.F.);
#1234=ORIENTED_EDGE('',*,*,#745,.F.);
#1235=ORIENTED_EDGE('',*,*,#800,.F.);
#1236=ORIENTED_EDGE('',*,*,#858,.T.);
#1237=ORIENTED_EDGE('',*,*,#843,.F.);
#1238=ORIENTED_EDGE('',*,*,#823,.F.);
#1239=ORIENTED_EDGE('',*,*,#760,.F.);
#1240=ORIENTED_EDGE('',*,*,#850,.T.);
#1241=ORIENTED_EDGE('',*,*,#839,.F.);
#1242=ORIENTED_EDGE('',*,*,#786,.T.);
#1243=PLANE('',#1361);
#1244=PLANE('',#1362);
#1245=PLANE('',#1363);
#1246=PLANE('',#1364);
#1247=PLANE('',#1365);
#1248=PLANE('',#1380);
#1249=PLANE('',#1381);
#1250=PLANE('',#1386);
#1251=PLANE('',#1389);
#1252=PLANE('',#1402);
#1253=PLANE('',#1407);
#1254=PLANE('',#1410);
#1255=PLANE('',#1419);
#1256=PLANE('',#1420);
#1257=PLANE('',#1421);
#1258=PLANE('',#1422);
#1259=PLANE('',#1456);
#1260=PLANE('',#1492);
#1261=PLANE('',#1523);
#1262=PLANE('',#1526);
#1263=PLANE('',#1529);
#1264=PLANE('',#1532);
#1265=ADVANCED_FACE('',(#189),#1243,.F.);
#1266=ADVANCED_FACE('',(#190),#1244,.F.);
#1267=ADVANCED_FACE('',(#191),#1245,.F.);
#1268=ADVANCED_FACE('',(#192),#1246,.F.);
#1269=ADVANCED_FACE('',(#193,#75,#76,#77,#78,#79,#80,#81),#1247,.T.);
#1270=ADVANCED_FACE('',(#194),#39,.T.);
#1271=ADVANCED_FACE('',(#195),#1248,.T.);
#1272=ADVANCED_FACE('',(#196),#1249,.T.);
#1273=ADVANCED_FACE('',(#197),#40,.T.);
#1274=ADVANCED_FACE('',(#198),#41,.F.);
#1275=ADVANCED_FACE('',(#199),#1250,.T.);
#1276=ADVANCED_FACE('',(#200),#42,.F.);
#1277=ADVANCED_FACE('',(#201),#1251,.T.);
#1278=ADVANCED_FACE('',(#202),#35,.F.);
#1279=ADVANCED_FACE('',(#203),#36,.F.);
#1280=ADVANCED_FACE('',(#204),#37,.F.);
#1281=ADVANCED_FACE('',(#205),#38,.F.);
#1282=ADVANCED_FACE('',(#206,#82,#83,#84,#85,#86),#1252,.T.);
#1283=ADVANCED_FACE('',(#207),#1253,.T.);
#1284=ADVANCED_FACE('',(#208),#43,.F.);
#1285=ADVANCED_FACE('',(#209),#1254,.T.);
#1286=ADVANCED_FACE('',(#210),#44,.F.);
#1287=ADVANCED_FACE('',(#211),#45,.F.);
#1288=ADVANCED_FACE('',(#212),#46,.T.);
#1289=ADVANCED_FACE('',(#213),#47,.T.);
#1290=ADVANCED_FACE('',(#214),#1255,.T.);
#1291=ADVANCED_FACE('',(#215),#1256,.F.);
#1292=ADVANCED_FACE('',(#216),#1257,.T.);
#1293=ADVANCED_FACE('',(#217),#1258,.F.);
#1294=ADVANCED_FACE('',(#218),#23,.T.);
#1295=ADVANCED_FACE('',(#219),#48,.T.);
#1296=ADVANCED_FACE('',(#220),#49,.T.);
#1297=ADVANCED_FACE('',(#221),#24,.T.);
#1298=ADVANCED_FACE('',(#222),#25,.T.);
#1299=ADVANCED_FACE('',(#223),#50,.T.);
#1300=ADVANCED_FACE('',(#224),#51,.T.);
#1301=ADVANCED_FACE('',(#225),#26,.T.);
#1302=ADVANCED_FACE('',(#226),#52,.T.);
#1303=ADVANCED_FACE('',(#227),#15,.F.);
#1304=ADVANCED_FACE('',(#228),#53,.T.);
#1305=ADVANCED_FACE('',(#229),#16,.F.);
#1306=ADVANCED_FACE('',(#230,#87),#1259,.T.);
#1307=ADVANCED_FACE('',(#231),#27,.T.);
#1308=ADVANCED_FACE('',(#232),#54,.T.);
#1309=ADVANCED_FACE('',(#233),#55,.T.);
#1310=ADVANCED_FACE('',(#234),#28,.T.);
#1311=ADVANCED_FACE('',(#235),#29,.T.);
#1312=ADVANCED_FACE('',(#236),#56,.T.);
#1313=ADVANCED_FACE('',(#237),#57,.T.);
#1314=ADVANCED_FACE('',(#238),#30,.T.);
#1315=ADVANCED_FACE('',(#239),#58,.T.);
#1316=ADVANCED_FACE('',(#240),#17,.F.);
#1317=ADVANCED_FACE('',(#241),#59,.T.);
#1318=ADVANCED_FACE('',(#242),#18,.F.);
#1319=ADVANCED_FACE('',(#243,#88),#1260,.T.);
#1320=ADVANCED_FACE('',(#244),#60,.T.);
#1321=ADVANCED_FACE('',(#245),#31,.T.);
#1322=ADVANCED_FACE('',(#246),#32,.T.);
#1323=ADVANCED_FACE('',(#247),#61,.T.);
#1324=ADVANCED_FACE('',(#248),#62,.T.);
#1325=ADVANCED_FACE('',(#249),#33,.T.);
#1326=ADVANCED_FACE('',(#250),#34,.T.);
#1327=ADVANCED_FACE('',(#251),#63,.T.);
#1328=ADVANCED_FACE('',(#252),#19,.F.);
#1329=ADVANCED_FACE('',(#253),#64,.T.);
#1330=ADVANCED_FACE('',(#254),#65,.F.);
#1331=ADVANCED_FACE('',(#255),#66,.F.);
#1332=ADVANCED_FACE('',(#256),#67,.F.);
#1333=ADVANCED_FACE('',(#257),#68,.F.);
#1334=ADVANCED_FACE('',(#258),#20,.F.);
#1335=ADVANCED_FACE('',(#259),#69,.F.);
#1336=ADVANCED_FACE('',(#260),#1261,.T.);
#1337=ADVANCED_FACE('',(#261),#21,.F.);
#1338=ADVANCED_FACE('',(#262),#70,.F.);
#1339=ADVANCED_FACE('',(#263),#1262,.T.);
#1340=ADVANCED_FACE('',(#264),#71,.T.);
#1341=ADVANCED_FACE('',(#265),#1263,.T.);
#1342=ADVANCED_FACE('',(#266),#72,.F.);
#1343=ADVANCED_FACE('',(#267),#22,.F.);
#1344=ADVANCED_FACE('',(#268),#1264,.T.);
#1345=ADVANCED_FACE('',(#269),#73,.T.);
#1346=ADVANCED_FACE('',(#270),#74,.T.);
#1347=CLOSED_SHELL('',(#1265,#1266,#1267,#1268,#1269,#1270,#1271,#1272,
#1273,#1274,#1275,#1276,#1277,#1278,#1279,#1280,#1281,#1282,#1283,#1284,
#1285,#1286,#1287,#1288,#1289,#1290,#1291,#1292,#1293,#1294,#1295,#1296,
#1297,#1298,#1299,#1300,#1301,#1302,#1303,#1304,#1305,#1306,#1307,#1308,
#1309,#1310,#1311,#1312,#1313,#1314,#1315,#1316,#1317,#1318,#1319,#1320,
#1321,#1322,#1323,#1324,#1325,#1326,#1327,#1328,#1329,#1330,#1331,#1332,
#1333,#1334,#1335,#1336,#1337,#1338,#1339,#1340,#1341,#1342,#1343,#1344,
#1345,#1346));
#1348=DERIVED_UNIT_ELEMENT(#1350,1.);
#1349=DERIVED_UNIT_ELEMENT(#2437,-3.);
#1350=(
MASS_UNIT()
NAMED_UNIT(*)
SI_UNIT(.KILO.,.GRAM.)
);
#1351=DERIVED_UNIT((#1348,#1349));
#1352=MEASURE_REPRESENTATION_ITEM('density measure',
POSITIVE_RATIO_MEASURE(7850.),#1351);
#1353=PROPERTY_DEFINITION_REPRESENTATION(#1358,#1355);
#1354=PROPERTY_DEFINITION_REPRESENTATION(#1359,#1356);
#1355=REPRESENTATION('material name',(#1357),#2434);
#1356=REPRESENTATION('density',(#1352),#2434);
#1357=DESCRIPTIVE_REPRESENTATION_ITEM('Steel','Steel');
#1358=PROPERTY_DEFINITION('material property','material name',#2444);
#1359=PROPERTY_DEFINITION('material property','density of part',#2444);
#1360=AXIS2_PLACEMENT_3D('',#1977,#1535,#1536);
#1361=AXIS2_PLACEMENT_3D('',#1978,#1537,#1538);
#1362=AXIS2_PLACEMENT_3D('',#1987,#1543,#1544);
#1363=AXIS2_PLACEMENT_3D('',#1993,#1548,#1549);
#1364=AXIS2_PLACEMENT_3D('',#1999,#1553,#1554);
#1365=AXIS2_PLACEMENT_3D('',#2002,#1557,#1558);
#1366=AXIS2_PLACEMENT_3D('',#2005,#1559,#1560);
#1367=AXIS2_PLACEMENT_3D('',#2009,#1562,#1563);
#1368=AXIS2_PLACEMENT_3D('',#2013,#1565,#1566);
#1369=AXIS2_PLACEMENT_3D('',#2017,#1568,#1569);
#1370=AXIS2_PLACEMENT_3D('',#2023,#1572,#1573);
#1371=AXIS2_PLACEMENT_3D('',#2026,#1575,#1576);
#1372=AXIS2_PLACEMENT_3D('',#2028,#1577,#1578);
#1373=AXIS2_PLACEMENT_3D('',#2030,#1579,#1580);
#1374=AXIS2_PLACEMENT_3D('',#2032,#1581,#1582);
#1375=AXIS2_PLACEMENT_3D('',#2034,#1583,#1584);
#1376=AXIS2_PLACEMENT_3D('',#2037,#1585,#1586);
#1377=AXIS2_PLACEMENT_3D('',#2041,#1588,#1589);
#1378=AXIS2_PLACEMENT_3D('',#2043,#1591,#1592);
#1379=AXIS2_PLACEMENT_3D('',#2047,#1594,#1595);
#1380=AXIS2_PLACEMENT_3D('',#2049,#1597,#1598);
#1381=AXIS2_PLACEMENT_3D('',#2053,#1601,#1602);
#1382=AXIS2_PLACEMENT_3D('',#2059,#1606,#1607);
#1383=AXIS2_PLACEMENT_3D('',#2062,#1609,#1610);
#1384=AXIS2_PLACEMENT_3D('',#2063,#1611,#1612);
#1385=AXIS2_PLACEMENT_3D('',#2067,#1614,#1615);
#1386=AXIS2_PLACEMENT_3D('',#2069,#1617,#1618);
#1387=AXIS2_PLACEMENT_3D('',#2073,#1621,#1622);
#1388=AXIS2_PLACEMENT_3D('',#2076,#1624,#1625);
#1389=AXIS2_PLACEMENT_3D('',#2077,#1626,#1627);
#1390=AXIS2_PLACEMENT_3D('',#2081,#1630,#1631);
#1391=AXIS2_PLACEMENT_3D('',#2083,#1632,#1633);
#1392=AXIS2_PLACEMENT_3D('',#2086,#1635,#1636);
#1393=AXIS2_PLACEMENT_3D('',#2087,#1637,#1638);
#1394=AXIS2_PLACEMENT_3D('',#2089,#1639,#1640);
#1395=AXIS2_PLACEMENT_3D('',#2092,#1642,#1643);
#1396=AXIS2_PLACEMENT_3D('',#2093,#1644,#1645);
#1397=AXIS2_PLACEMENT_3D('',#2095,#1646,#1647);
#1398=AXIS2_PLACEMENT_3D('',#2098,#1649,#1650);
#1399=AXIS2_PLACEMENT_3D('',#2099,#1651,#1652);
#1400=AXIS2_PLACEMENT_3D('',#2101,#1653,#1654);
#1401=AXIS2_PLACEMENT_3D('',#2104,#1656,#1657);
#1402=AXIS2_PLACEMENT_3D('',#2105,#1658,#1659);
#1403=AXIS2_PLACEMENT_3D('',#2110,#1661,#1662);
#1404=AXIS2_PLACEMENT_3D('',#2114,#1664,#1665);
#1405=AXIS2_PLACEMENT_3D('',#2118,#1667,#1668);
#1406=AXIS2_PLACEMENT_3D('',#2121,#1670,#1671);
#1407=AXIS2_PLACEMENT_3D('',#2122,#1672,#1673);
#1408=AXIS2_PLACEMENT_3D('',#2128,#1677,#1678);
#1409=AXIS2_PLACEMENT_3D('',#2131,#1680,#1681);
#1410=AXIS2_PLACEMENT_3D('',#2132,#1682,#1683);
#1411=AXIS2_PLACEMENT_3D('',#2136,#1686,#1687);
#1412=AXIS2_PLACEMENT_3D('',#2139,#1689,#1690);
#1413=AXIS2_PLACEMENT_3D('',#2140,#1691,#1692);
#1414=AXIS2_PLACEMENT_3D('',#2142,#1693,#1694);
#1415=AXIS2_PLACEMENT_3D('',#2144,#1696,#1697);
#1416=AXIS2_PLACEMENT_3D('',#2146,#1698,#1699);
#1417=AXIS2_PLACEMENT_3D('',#2148,#1701,#1702);
#1418=AXIS2_PLACEMENT_3D('',#2151,#1704,#1705);
#1419=AXIS2_PLACEMENT_3D('',#2152,#1706,#1707);
#1420=AXIS2_PLACEMENT_3D('',#2154,#1709,#1710);
#1421=AXIS2_PLACEMENT_3D('',#2155,#1711,#1712);
#1422=AXIS2_PLACEMENT_3D('',#2157,#1714,#1715);
#1423=AXIS2_PLACEMENT_3D('',#2158,#1716,#1717);
#1424=AXIS2_PLACEMENT_3D('',#2161,#1718,#1719);
#1425=AXIS2_PLACEMENT_3D('',#2163,#1720,#1721);
#1426=AXIS2_PLACEMENT_3D('',#2165,#1722,#1723);
#1427=AXIS2_PLACEMENT_3D('',#2166,#1724,#1725);
#1428=AXIS2_PLACEMENT_3D('',#2167,#1726,#1727);
#1429=AXIS2_PLACEMENT_3D('',#2170,#1728,#1729);
#1430=AXIS2_PLACEMENT_3D('',#2173,#1732,#1733);
#1431=AXIS2_PLACEMENT_3D('',#2176,#1734,#1735);
#1432=AXIS2_PLACEMENT_3D('',#2179,#1738,#1739);
#1433=AXIS2_PLACEMENT_3D('',#2182,#1740,#1741);
#1434=AXIS2_PLACEMENT_3D('',#2183,#1742,#1743);
#1435=AXIS2_PLACEMENT_3D('',#2184,#1744,#1745);
#1436=AXIS2_PLACEMENT_3D('',#2185,#1746,#1747);
#1437=AXIS2_PLACEMENT_3D('',#2188,#1748,#1749);
#1438=AXIS2_PLACEMENT_3D('',#2189,#1750,#1751);
#1439=AXIS2_PLACEMENT_3D('',#2190,#1752,#1753);
#1440=AXIS2_PLACEMENT_3D('',#2191,#1754,#1755);
#1441=AXIS2_PLACEMENT_3D('',#2194,#1756,#1757);
#1442=AXIS2_PLACEMENT_3D('',#2197,#1760,#1761);
#1443=AXIS2_PLACEMENT_3D('',#2200,#1762,#1763);
#1444=AXIS2_PLACEMENT_3D('',#2203,#1766,#1767);
#1445=AXIS2_PLACEMENT_3D('',#2204,#1768,#1769);
#1446=AXIS2_PLACEMENT_3D('',#2205,#1770,#1771);
#1447=AXIS2_PLACEMENT_3D('',#2206,#1772,#1773);
#1448=AXIS2_PLACEMENT_3D('',#2208,#1774,#1775);
#1449=AXIS2_PLACEMENT_3D('',#2211,#1777,#1778);
#1450=AXIS2_PLACEMENT_3D('',#2222,#1779,#1780);
#1451=AXIS2_PLACEMENT_3D('',#2223,#1781,#1782);
#1452=AXIS2_PLACEMENT_3D('',#2224,#1783,#1784);
#1453=AXIS2_PLACEMENT_3D('',#2226,#1785,#1786);
#1454=AXIS2_PLACEMENT_3D('',#2238,#1788,#1789);
#1455=AXIS2_PLACEMENT_3D('',#2239,#1790,#1791);
#1456=AXIS2_PLACEMENT_3D('',#2240,#1792,#1793);
#1457=AXIS2_PLACEMENT_3D('',#2242,#1794,#1795);
#1458=AXIS2_PLACEMENT_3D('',#2246,#1797,#1798);
#1459=AXIS2_PLACEMENT_3D('',#2248,#1800,#1801);
#1460=AXIS2_PLACEMENT_3D('',#2251,#1802,#1803);
#1461=AXIS2_PLACEMENT_3D('',#2253,#1804,#1805);
#1462=AXIS2_PLACEMENT_3D('',#2255,#1806,#1807);
#1463=AXIS2_PLACEMENT_3D('',#2256,#1808,#1809);
#1464=AXIS2_PLACEMENT_3D('',#2257,#1810,#1811);
#1465=AXIS2_PLACEMENT_3D('',#2260,#1812,#1813);
#1466=AXIS2_PLACEMENT_3D('',#2263,#1816,#1817);
#1467=AXIS2_PLACEMENT_3D('',#2266,#1818,#1819);
#1468=AXIS2_PLACEMENT_3D('',#2269,#1822,#1823);
#1469=AXIS2_PLACEMENT_3D('',#2272,#1824,#1825);
#1470=AXIS2_PLACEMENT_3D('',#2273,#1826,#1827);
#1471=AXIS2_PLACEMENT_3D('',#2274,#1828,#1829);
#1472=AXIS2_PLACEMENT_3D('',#2275,#1830,#1831);
#1473=AXIS2_PLACEMENT_3D('',#2278,#1832,#1833);
#1474=AXIS2_PLACEMENT_3D('',#2279,#1834,#1835);
#1475=AXIS2_PLACEMENT_3D('',#2280,#1836,#1837);
#1476=AXIS2_PLACEMENT_3D('',#2281,#1838,#1839);
#1477=AXIS2_PLACEMENT_3D('',#2284,#1840,#1841);
#1478=AXIS2_PLACEMENT_3D('',#2287,#1844,#1845);
#1479=AXIS2_PLACEMENT_3D('',#2290,#1846,#1847);
#1480=AXIS2_PLACEMENT_3D('',#2293,#1850,#1851);
#1481=AXIS2_PLACEMENT_3D('',#2294,#1852,#1853);
#1482=AXIS2_PLACEMENT_3D('',#2295,#1854,#1855);
#1483=AXIS2_PLACEMENT_3D('',#2296,#1856,#1857);
#1484=AXIS2_PLACEMENT_3D('',#2298,#1858,#1859);
#1485=AXIS2_PLACEMENT_3D('',#2301,#1861,#1862);
#1486=AXIS2_PLACEMENT_3D('',#2312,#1863,#1864);
#1487=AXIS2_PLACEMENT_3D('',#2313,#1865,#1866);
#1488=AXIS2_PLACEMENT_3D('',#2314,#1867,#1868);
#1489=AXIS2_PLACEMENT_3D('',#2316,#1869,#1870);
#1490=AXIS2_PLACEMENT_3D('',#2328,#1872,#1873);
#1491=AXIS2_PLACEMENT_3D('',#2329,#1874,#1875);
#1492=AXIS2_PLACEMENT_3D('',#2330,#1876,#1877);
#1493=AXIS2_PLACEMENT_3D('',#2334,#1879,#1880);
#1494=AXIS2_PLACEMENT_3D('',#2336,#1882,#1883);
#1495=AXIS2_PLACEMENT_3D('',#2338,#1884,#1885);
#1496=AXIS2_PLACEMENT_3D('',#2340,#1886,#1887);
#1497=AXIS2_PLACEMENT_3D('',#2342,#1889,#1890);
#1498=AXIS2_PLACEMENT_3D('',#2344,#1891,#1892);
#1499=AXIS2_PLACEMENT_3D('',#2345,#1893,#1894);
#1500=AXIS2_PLACEMENT_3D('',#2346,#1895,#1896);
#1501=AXIS2_PLACEMENT_3D('',#2347,#1897,#1898);
#1502=AXIS2_PLACEMENT_3D('',#2349,#1899,#1900);
#1503=AXIS2_PLACEMENT_3D('',#2350,#1901,#1902);
#1504=AXIS2_PLACEMENT_3D('',#2351,#1903,#1904);
#1505=AXIS2_PLACEMENT_3D('',#2353,#1905,#1906);
#1506=AXIS2_PLACEMENT_3D('',#2355,#1908,#1909);
#1507=AXIS2_PLACEMENT_3D('',#2356,#1910,#1911);
#1508=AXIS2_PLACEMENT_3D('',#2358,#1913,#1914);
#1509=AXIS2_PLACEMENT_3D('',#2360,#1915,#1916);
#1510=AXIS2_PLACEMENT_3D('',#2361,#1917,#1918);
#1511=AXIS2_PLACEMENT_3D('',#2362,#1919,#1920);
#1512=AXIS2_PLACEMENT_3D('',#2363,#1921,#1922);
#1513=AXIS2_PLACEMENT_3D('',#2364,#1923,#1924);
#1514=AXIS2_PLACEMENT_3D('',#2375,#1926,#1927);
#1515=AXIS2_PLACEMENT_3D('',#2376,#1928,#1929);
#1516=AXIS2_PLACEMENT_3D('',#2377,#1930,#1931);
#1517=AXIS2_PLACEMENT_3D('',#2378,#1932,#1933);
#1518=AXIS2_PLACEMENT_3D('',#2380,#1935,#1936);
#1519=AXIS2_PLACEMENT_3D('',#2382,#1938,#1939);
#1520=AXIS2_PLACEMENT_3D('',#2384,#1941,#1942);
#1521=AXIS2_PLACEMENT_3D('',#2395,#1944,#1945);
#1522=AXIS2_PLACEMENT_3D('',#2396,#1946,#1947);
#1523=AXIS2_PLACEMENT_3D('',#2398,#1949,#1950);
#1524=AXIS2_PLACEMENT_3D('',#2409,#1952,#1953);
#1525=AXIS2_PLACEMENT_3D('',#2410,#1954,#1955);
#1526=AXIS2_PLACEMENT_3D('',#2412,#1957,#1958);
#1527=AXIS2_PLACEMENT_3D('',#2414,#1960,#1961);
#1528=AXIS2_PLACEMENT_3D('',#2415,#1962,#1963);
#1529=AXIS2_PLACEMENT_3D('',#2416,#1964,#1965);
#1530=AXIS2_PLACEMENT_3D('',#2417,#1966,#1967);
#1531=AXIS2_PLACEMENT_3D('',#2428,#1969,#1970);
#1532=AXIS2_PLACEMENT_3D('',#2429,#1971,#1972);
#1533=AXIS2_PLACEMENT_3D('',#2430,#1973,#1974);
#1534=AXIS2_PLACEMENT_3D('',#2431,#1975,#1976);
#1535=DIRECTION('axis',(0.,0.,1.));
#1536=DIRECTION('refdir',(1.,0.,0.));
#1537=DIRECTION('center_axis',(1.,4.84798722302462E-13,0.));
#1538=DIRECTION('ref_axis',(4.84798722302462E-13,-1.,-5.62568093956232E-17));
#1539=DIRECTION('',(-4.84798722302462E-13,1.,4.6638319533296E-29));
#1540=DIRECTION('',(0.,0.,-1.));
#1541=DIRECTION('',(4.84798722302462E-13,-1.,-4.6638319533296E-29));
#1542=DIRECTION('',(0.,0.,-1.));
#1543=DIRECTION('center_axis',(-4.84798722302462E-13,1.,0.));
#1544=DIRECTION('ref_axis',(1.,4.84798722302462E-13,-6.66296503785625E-17));
#1545=DIRECTION('',(-1.,-4.84798722302462E-13,3.02663742620117E-29));
#1546=DIRECTION('',(1.,4.84798722302462E-13,-3.02663742620117E-29));
#1547=DIRECTION('',(0.,0.,-1.));
#1548=DIRECTION('center_axis',(-1.,-4.84798722302462E-13,0.));
#1549=DIRECTION('ref_axis',(-4.84798722302462E-13,1.,5.62568093956232E-17));
#1550=DIRECTION('',(4.84798722302462E-13,-1.,-4.6638319533296E-29));
#1551=DIRECTION('',(-4.84798722302462E-13,1.,4.6638319533296E-29));
#1552=DIRECTION('',(0.,0.,-1.));
#1553=DIRECTION('center_axis',(4.84798722302462E-13,-1.,0.));
#1554=DIRECTION('ref_axis',(-1.,-4.84798722302462E-13,6.66296503785625E-17));
#1555=DIRECTION('',(1.,4.84798722302462E-13,-3.02663742620117E-29));
#1556=DIRECTION('',(-1.,-4.84798722302462E-13,3.02663742620117E-29));
#1557=DIRECTION('center_axis',(-3.02663742620343E-29,4.66383195332813E-29,
-1.));
#1558=DIRECTION('ref_axis',(-1.,-3.02926198723267E-28,3.02663742620343E-29));
#1559=DIRECTION('center_axis',(3.02663742620343E-29,-4.66383195332813E-29,
1.));
#1560=DIRECTION('ref_axis',(3.02926198723267E-28,-1.,-4.66383195332813E-29));
#1561=DIRECTION('',(-1.,-3.02926198723267E-28,3.02663742620343E-29));
#1562=DIRECTION('center_axis',(3.02663742620343E-29,-4.66383195332813E-29,
1.));
#1563=DIRECTION('ref_axis',(-1.,-3.02926198723267E-28,3.02663742620343E-29));
#1564=DIRECTION('',(-3.02926198723267E-28,1.,4.66383195332813E-29));
#1565=DIRECTION('center_axis',(3.02663742620343E-29,-4.66383195332813E-29,
1.));
#1566=DIRECTION('ref_axis',(-3.02926198723267E-28,1.,4.66383195332813E-29));
#1567=DIRECTION('',(1.,3.02926198723267E-28,-3.02663742620343E-29));
#1568=DIRECTION('center_axis',(3.02663742620343E-29,-4.66383195332813E-29,
1.));
#1569=DIRECTION('ref_axis',(1.,3.02926198723267E-28,-3.02663742620343E-29));
#1570=DIRECTION('',(3.02926198723267E-28,-1.,-4.66383195332813E-29));
#1571=DIRECTION('',(-1.,-3.02926198723267E-28,3.02663742620343E-29));
#1572=DIRECTION('center_axis',(-3.02663742620343E-29,4.66383195332813E-29,
-1.));
#1573=DIRECTION('ref_axis',(0.707106781186533,0.707106781186562,1.15767135225149E-29));
#1574=DIRECTION('',(1.,3.02926198723267E-28,-3.02663742620343E-29));
#1575=DIRECTION('center_axis',(-3.02663742620343E-29,4.66383195332813E-29,
-1.));
#1576=DIRECTION('ref_axis',(-0.707106781186552,0.707106781186543,5.43798304877426E-29));
#1577=DIRECTION('center_axis',(3.02663742620343E-29,-4.66383195332813E-29,
1.));
#1578=DIRECTION('ref_axis',(1.,3.02926198723267E-28,-3.02663742620343E-29));
#1579=DIRECTION('center_axis',(3.02663742620343E-29,-4.66383195332813E-29,
1.));
#1580=DIRECTION('ref_axis',(1.,3.02926198723267E-28,-3.02663742620343E-29));
#1581=DIRECTION('center_axis',(3.02663742620343E-29,-4.66383195332813E-29,
1.));
#1582=DIRECTION('ref_axis',(1.,3.02926198723267E-28,-3.02663742620343E-29));
#1583=DIRECTION('center_axis',(3.02663742620343E-29,-4.66383195332813E-29,
1.));
#1584=DIRECTION('ref_axis',(1.,3.02926198723267E-28,-3.02663742620343E-29));
#1585=DIRECTION('center_axis',(-3.02663742620343E-29,4.66383195332813E-29,
-1.));
#1586=DIRECTION('ref_axis',(-0.707106781186544,-0.707106781186551,-1.15767135225141E-29));
#1587=DIRECTION('',(-1.,-3.02926198723267E-28,3.02663742620343E-29));
#1588=DIRECTION('center_axis',(-3.02663742620343E-29,4.66383195332813E-29,
-1.));
#1589=DIRECTION('ref_axis',(0.707106781186544,-0.707106781186551,-5.43798304877427E-29));
#1590=DIRECTION('',(1.,3.02926198723267E-28,-3.02663742620343E-29));
#1591=DIRECTION('center_axis',(-3.02663742620343E-29,4.66383195332813E-29,
-1.));
#1592=DIRECTION('ref_axis',(0.707106781186544,-0.707106781186551,-5.43798304877427E-29));
#1593=DIRECTION('',(-3.02663742620343E-29,4.66383195332813E-29,-1.));
#1594=DIRECTION('center_axis',(3.02663742620343E-29,-4.66383195332813E-29,
1.));
#1595=DIRECTION('ref_axis',(0.707106781186544,-0.707106781186551,-5.43798304877427E-29));
#1596=DIRECTION('',(-3.02663742620343E-29,4.66383195332813E-29,-1.));
#1597=DIRECTION('center_axis',(3.02926198723267E-28,-1.,-4.66383195332813E-29));
#1598=DIRECTION('ref_axis',(-3.02663742620343E-29,4.66383195332813E-29,
-1.));
#1599=DIRECTION('',(3.02663742620343E-29,-4.66383195332813E-29,1.));
#1600=DIRECTION('',(1.,3.02926198723267E-28,-3.02663742620343E-29));
#1601=DIRECTION('center_axis',(-3.02926198723267E-28,1.,4.66383195332813E-29));
#1602=DIRECTION('ref_axis',(3.02663742620343E-29,-4.66383195332813E-29,
1.));
#1603=DIRECTION('',(3.02663742620343E-29,-4.66383195332813E-29,1.));
#1604=DIRECTION('',(-1.,-3.02926198723267E-28,3.02663742620343E-29));
#1605=DIRECTION('',(-3.02663742620343E-29,4.66383195332813E-29,-1.));
#1606=DIRECTION('center_axis',(-3.02663742620343E-29,4.66383195332813E-29,
-1.));
#1607=DIRECTION('ref_axis',(0.707106781186533,0.707106781186562,1.15767135225149E-29));
#1608=DIRECTION('',(-3.02663742620343E-29,4.66383195332813E-29,-1.));
#1609=DIRECTION('center_axis',(3.02663742620343E-29,-4.66383195332813E-29,
1.));
#1610=DIRECTION('ref_axis',(0.707106781186533,0.707106781186562,1.15767135225149E-29));
#1611=DIRECTION('center_axis',(-3.02663742620343E-29,4.66383195332813E-29,
-1.));
#1612=DIRECTION('ref_axis',(-1.,-3.02926198723267E-28,3.02663742620343E-29));
#1613=DIRECTION('',(3.02663742620343E-29,-4.66383195332813E-29,1.));
#1614=DIRECTION('center_axis',(-3.02663742620343E-29,4.66383195332813E-29,
-1.));
#1615=DIRECTION('ref_axis',(-1.,-3.02926198723267E-28,3.02663742620343E-29));
#1616=DIRECTION('',(3.02663742620343E-29,-4.66383195332813E-29,1.));
#1617=DIRECTION('center_axis',(3.02926198723267E-28,-1.,-4.66383195332813E-29));
#1618=DIRECTION('ref_axis',(-3.02663742620343E-29,4.66383195332813E-29,
-1.));
#1619=DIRECTION('',(3.02663742620343E-29,-4.66383195332813E-29,1.));
#1620=DIRECTION('',(1.,3.02926198723267E-28,-3.02663742620343E-29));
#1621=DIRECTION('center_axis',(-3.02663742620343E-29,4.66383195332813E-29,
-1.));
#1622=DIRECTION('ref_axis',(3.02926198723267E-28,-1.,-4.66383195332813E-29));
#1623=DIRECTION('',(3.02663742620343E-29,-4.66383195332813E-29,1.));
#1624=DIRECTION('center_axis',(-3.02663742620343E-29,4.66383195332813E-29,
-1.));
#1625=DIRECTION('ref_axis',(3.02926198723267E-28,-1.,-4.66383195332813E-29));
#1626=DIRECTION('center_axis',(1.,3.02926198723267E-28,-3.02663742620343E-29));
#1627=DIRECTION('ref_axis',(-3.02663742620343E-29,4.66383195332813E-29,
-1.));
#1628=DIRECTION('',(-3.02663742620343E-29,4.66383195332813E-29,-1.));
#1629=DIRECTION('',(-3.02926198723267E-28,1.,4.66383195332813E-29));
#1630=DIRECTION('center_axis',(3.02714434430343E-29,-4.66143732532813E-29,
1.));
#1631=DIRECTION('ref_axis',(1.,3.02926198723267E-28,-3.02714434430343E-29));
#1632=DIRECTION('center_axis',(3.02663742620343E-29,-4.66383195332813E-29,
1.));
#1633=DIRECTION('ref_axis',(1.,3.02926198723267E-28,-3.02663742620343E-29));
#1634=DIRECTION('',(-0.656059028990507,-8.03440589907284E-17,0.754709580222772));
#1635=DIRECTION('center_axis',(-3.02663742620343E-29,4.66383195332813E-29,
-1.));
#1636=DIRECTION('ref_axis',(1.,3.02926198723267E-28,-3.02663742620343E-29));
#1637=DIRECTION('center_axis',(3.02714434430343E-29,-4.66143732532813E-29,
1.));
#1638=DIRECTION('ref_axis',(1.,3.02926198723267E-28,-3.02714434430343E-29));
#1639=DIRECTION('center_axis',(3.02663742620343E-29,-4.66383195332813E-29,
1.));
#1640=DIRECTION('ref_axis',(1.,3.02926198723267E-28,-3.02663742620343E-29));
#1641=DIRECTION('',(-0.656059028990507,-8.03440589907284E-17,0.754709580222772));
#1642=DIRECTION('center_axis',(-3.02663742620343E-29,4.66383195332813E-29,
-1.));
#1643=DIRECTION('ref_axis',(1.,3.02926198723267E-28,-3.02663742620343E-29));
#1644=DIRECTION('center_axis',(3.02714434430343E-29,-4.66143732532813E-29,
1.));
#1645=DIRECTION('ref_axis',(1.,3.02926198723267E-28,-3.02714434430343E-29));
#1646=DIRECTION('center_axis',(3.02663742620343E-29,-4.66383195332813E-29,
1.));
#1647=DIRECTION('ref_axis',(1.,3.02926198723267E-28,-3.02663742620343E-29));
#1648=DIRECTION('',(-0.656059028990507,-8.03440589907284E-17,0.754709580222772));
#1649=DIRECTION('center_axis',(-3.02663742620343E-29,4.66383195332813E-29,
-1.));
#1650=DIRECTION('ref_axis',(1.,3.02926198723267E-28,-3.02663742620343E-29));
#1651=DIRECTION('center_axis',(3.02714434430343E-29,-4.66143732532813E-29,
1.));
#1652=DIRECTION('ref_axis',(1.,3.02926198723267E-28,-3.02714434430343E-29));
#1653=DIRECTION('center_axis',(3.02663742620343E-29,-4.66383195332813E-29,
1.));
#1654=DIRECTION('ref_axis',(1.,3.02926198723267E-28,-3.02663742620343E-29));
#1655=DIRECTION('',(-0.656059028990507,-8.03440589907284E-17,0.754709580222772));
#1656=DIRECTION('center_axis',(-3.02663742620343E-29,4.66383195332813E-29,
-1.));
#1657=DIRECTION('ref_axis',(1.,3.02926198723267E-28,-3.02663742620343E-29));
#1658=DIRECTION('center_axis',(3.02663742620343E-29,-4.66383195332813E-29,
1.));
#1659=DIRECTION('ref_axis',(1.,3.02926198723267E-28,-3.02663742620343E-29));
#1660=DIRECTION('',(1.,3.02926198723267E-28,-3.02663742620343E-29));
#1661=DIRECTION('center_axis',(-3.02663742620343E-29,4.66383195332813E-29,
-1.));
#1662=DIRECTION('ref_axis',(3.02926198723267E-28,-1.,-4.66383195332813E-29));
#1663=DIRECTION('',(-3.02926198723267E-28,1.,4.66383195332813E-29));
#1664=DIRECTION('center_axis',(-3.02663742620343E-29,4.66383195332813E-29,
-1.));
#1665=DIRECTION('ref_axis',(1.,3.02926198723267E-28,-3.02663742620343E-29));
#1666=DIRECTION('',(-1.,-3.02926198723267E-28,3.02663742620343E-29));
#1667=DIRECTION('center_axis',(-3.02663742620343E-29,4.66383195332813E-29,
-1.));
#1668=DIRECTION('ref_axis',(-3.02926198723267E-28,1.,4.66383195332813E-29));
#1669=DIRECTION('',(3.02926198723267E-28,-1.,-4.66383195332813E-29));
#1670=DIRECTION('center_axis',(-3.02663742620343E-29,4.66383195332813E-29,
-1.));
#1671=DIRECTION('ref_axis',(-1.,-3.02926198723267E-28,3.02663742620343E-29));
#1672=DIRECTION('center_axis',(-3.02926198723267E-28,1.,4.66383195332813E-29));
#1673=DIRECTION('ref_axis',(3.02663742620343E-29,-4.66383195332813E-29,
1.));
#1674=DIRECTION('',(3.02663742620343E-29,-4.66383195332813E-29,1.));
#1675=DIRECTION('',(-1.,-3.02926198723267E-28,3.02663742620343E-29));
#1676=DIRECTION('',(3.02663742620343E-29,-4.66383195332813E-29,1.));
#1677=DIRECTION('center_axis',(-3.02663742620343E-29,4.66383195332813E-29,
-1.));
#1678=DIRECTION('ref_axis',(1.,3.02926198723267E-28,-3.02663742620343E-29));
#1679=DIRECTION('',(-3.02663742620343E-29,4.66383195332813E-29,-1.));
#1680=DIRECTION('center_axis',(-3.02663742620343E-29,4.66383195332813E-29,
-1.));
#1681=DIRECTION('ref_axis',(1.,3.02926198723267E-28,-3.02663742620343E-29));
#1682=DIRECTION('center_axis',(1.,3.02926198723267E-28,-3.02663742620343E-29));
#1683=DIRECTION('ref_axis',(-3.02663742620343E-29,4.66383195332813E-29,
-1.));
#1684=DIRECTION('',(3.02663742620343E-29,-4.66383195332813E-29,1.));
#1685=DIRECTION('',(-3.02926198723267E-28,1.,4.66383195332813E-29));
#1686=DIRECTION('center_axis',(-3.02663742620343E-29,4.66383195332813E-29,
-1.));
#1687=DIRECTION('ref_axis',(3.02926198723267E-28,-1.,-4.66383195332813E-29));
#1688=DIRECTION('',(3.02663742620343E-29,-4.66383195332813E-29,1.));
#1689=DIRECTION('center_axis',(-3.02663742620343E-29,4.66383195332813E-29,
-1.));
#1690=DIRECTION('ref_axis',(3.02926198723267E-28,-1.,-4.66383195332813E-29));
#1691=DIRECTION('center_axis',(-3.02663742620343E-29,4.66383195332813E-29,
-1.));
#1692=DIRECTION('ref_axis',(-3.02926198723267E-28,1.,4.66383195332813E-29));
#1693=DIRECTION('center_axis',(-3.02663742620343E-29,4.66383195332813E-29,
-1.));
#1694=DIRECTION('ref_axis',(-3.02926198723267E-28,1.,4.66383195332813E-29));
#1695=DIRECTION('',(3.02663742620343E-29,-4.66383195332813E-29,1.));
#1696=DIRECTION('center_axis',(-3.02663742620343E-29,4.66383195332813E-29,
-1.));
#1697=DIRECTION('ref_axis',(-0.707106781186552,0.707106781186543,5.43798304877426E-29));
#1698=DIRECTION('center_axis',(3.02663742620343E-29,-4.66383195332813E-29,
1.));
#1699=DIRECTION('ref_axis',(-0.707106781186552,0.707106781186543,5.43798304877426E-29));
#1700=DIRECTION('',(-3.02663742620343E-29,4.66383195332813E-29,-1.));
#1701=DIRECTION('center_axis',(-3.02663742620343E-29,4.66383195332813E-29,
-1.));
#1702=DIRECTION('ref_axis',(-0.707106781186544,-0.707106781186551,-1.15767135225141E-29));
#1703=DIRECTION('',(-3.02663742620343E-29,4.66383195332813E-29,-1.));
#1704=DIRECTION('center_axis',(3.02663742620343E-29,-4.66383195332813E-29,
1.));
#1705=DIRECTION('ref_axis',(-0.707106781186544,-0.707106781186551,-1.15767135225141E-29));
#1706=DIRECTION('center_axis',(-3.02926198723267E-28,1.,4.66383195332813E-29));
#1707=DIRECTION('ref_axis',(3.02663742620343E-29,-4.66383195332813E-29,
1.));
#1708=DIRECTION('',(-1.,-3.02926198723267E-28,3.02663742620343E-29));
#1709=DIRECTION('center_axis',(3.02663742620343E-29,-4.66383195332813E-29,
1.));
#1710=DIRECTION('ref_axis',(1.,3.02926198723267E-28,-3.02663742620343E-29));
#1711=DIRECTION('center_axis',(3.02926198723267E-28,-1.,-4.66383195332813E-29));
#1712=DIRECTION('ref_axis',(-3.02663742620343E-29,4.66383195332813E-29,
-1.));
#1713=DIRECTION('',(1.,3.02926198723267E-28,-3.02663742620343E-29));
#1714=DIRECTION('center_axis',(3.02663742620343E-29,-4.66383195332813E-29,
1.));
#1715=DIRECTION('ref_axis',(1.,3.02926198723267E-28,-3.02663742620343E-29));
#1716=DIRECTION('center_axis',(-3.02663742620343E-29,4.66383195332813E-29,
-1.));
#1717=DIRECTION('ref_axis',(-1.,0.,0.));
#1718=DIRECTION('center_axis',(-3.02926198723267E-28,1.,4.66383195332813E-29));
#1719=DIRECTION('ref_axis',(-3.02663742620343E-29,4.66383195332813E-29,
-1.));
#1720=DIRECTION('center_axis',(-3.02663742620343E-29,4.66383195332813E-29,
-1.));
#1721=DIRECTION('ref_axis',(-0.707106781186548,0.707106781186547,5.43798304877426E-29));
#1722=DIRECTION('center_axis',(-1.,2.09093899999997E-14,-7.47229999999997E-15));
#1723=DIRECTION('ref_axis',(2.220445580198E-14,0.941675426611511,-0.33652249689438));
#1724=DIRECTION('center_axis',(3.02663742620343E-29,-4.66383195332813E-29,
1.));
#1725=DIRECTION('ref_axis',(-0.707106781186548,0.707106781186547,5.43798304877426E-29));
#1726=DIRECTION('center_axis',(-3.05355900000303E-16,1.,4.66383195332813E-29));
#1727=DIRECTION('ref_axis',(-0.575967665370909,-1.75875124830369E-16,-0.817472475651128));
#1728=DIRECTION('center_axis',(-3.02926198723267E-28,1.,4.66383195332813E-29));
#1729=DIRECTION('ref_axis',(-3.02663742620343E-29,4.66383195332813E-29,
-1.));
#1730=DIRECTION('',(-3.02926198723267E-28,1.,4.66383195332813E-29));
#1731=DIRECTION('',(3.02926198723267E-28,-1.,-4.66383195332813E-29));
#1732=DIRECTION('center_axis',(1.,3.02926198723267E-28,-3.02663742620343E-29));
#1733=DIRECTION('ref_axis',(-1.99217623355293E-28,0.575967665370909,-0.817472475651128));
#1734=DIRECTION('center_axis',(-1.,-3.02926198723267E-28,3.02663742620343E-29));
#1735=DIRECTION('ref_axis',(-2.95443473253137E-28,0.941675426611517,-0.336522496894363));
#1736=DIRECTION('',(-1.,-3.02926198723267E-28,3.02663742620343E-29));
#1737=DIRECTION('',(1.,3.02926198723267E-28,-3.02663742620343E-29));
#1738=DIRECTION('center_axis',(-3.02663742620343E-29,4.66383195332813E-29,
-1.));
#1739=DIRECTION('ref_axis',(-1.,0.,0.));
#1740=DIRECTION('center_axis',(-1.,-3.02926198723267E-28,3.02663742620343E-29));
#1741=DIRECTION('ref_axis',(-3.02663742620343E-29,4.66383195332813E-29,
-1.));
#1742=DIRECTION('center_axis',(-3.02663742620343E-29,4.66383195332813E-29,
-1.));
#1743=DIRECTION('ref_axis',(-0.707106781186548,-0.707106781186547,-1.15767135225138E-29));
#1744=DIRECTION('center_axis',(3.02663742620343E-29,-4.66383195332813E-29,
1.));
#1745=DIRECTION('ref_axis',(-0.707106781186548,-0.707106781186547,-1.15767135225138E-29));
#1746=DIRECTION('center_axis',(-3.02663742620343E-29,4.66383195332813E-29,
-1.));
#1747=DIRECTION('ref_axis',(-1.,0.,0.));
#1748=DIRECTION('center_axis',(4.18187899999997E-14,1.,-1.49446E-14));
#1749=DIRECTION('ref_axis',(0.941675426611507,-4.44089210207146E-14,-0.336522496894392));
#1750=DIRECTION('center_axis',(3.02663742620343E-29,-4.66383195332813E-29,
1.));
#1751=DIRECTION('ref_axis',(0.707106781186547,0.707106781186547,1.15767135225138E-29));
#1752=DIRECTION('center_axis',(-3.02663742620343E-29,4.66383195332813E-29,
-1.));
#1753=DIRECTION('ref_axis',(0.707106781186549,0.707106781186546,1.15767135225137E-29));
#1754=DIRECTION('center_axis',(-1.,-9.86864900003029E-17,3.02663742620343E-29));
#1755=DIRECTION('ref_axis',(5.68402272490993E-17,-0.575967665370909,-0.817472475651128));
#1756=DIRECTION('center_axis',(-1.,-3.02926198723267E-28,3.02663742620343E-29));
#1757=DIRECTION('ref_axis',(-3.02663742620343E-29,4.66383195332813E-29,
-1.));
#1758=DIRECTION('',(-1.,-3.02926198723267E-28,3.02663742620343E-29));
#1759=DIRECTION('',(1.,3.02926198723267E-28,-3.02663742620343E-29));
#1760=DIRECTION('center_axis',(3.02926198723267E-28,-1.,-4.66383195332813E-29));
#1761=DIRECTION('ref_axis',(0.575967665370946,2.12601237987414E-28,-0.817472475651102));
#1762=DIRECTION('center_axis',(-1.04547000000003E-14,1.,3.73615000000005E-15));
#1763=DIRECTION('ref_axis',(0.941675426611519,1.11022326093676E-14,-0.33652249689436));
#1764=DIRECTION('',(-3.02926198723267E-28,1.,4.66383195332813E-29));
#1765=DIRECTION('',(3.02926198723267E-28,-1.,-4.66383195332813E-29));
#1766=DIRECTION('center_axis',(-3.02663742620343E-29,4.66383195332813E-29,
-1.));
#1767=DIRECTION('ref_axis',(-1.,0.,0.));
#1768=DIRECTION('center_axis',(3.02663742620343E-29,-4.66383195332813E-29,
1.));
#1769=DIRECTION('ref_axis',(0.707106781186545,-0.70710678118655,-5.43798304877427E-29));
#1770=DIRECTION('center_axis',(-3.02663742620343E-29,4.66383195332813E-29,
-1.));
#1771=DIRECTION('ref_axis',(0.707106781186545,-0.70710678118655,-5.43798304877427E-29));
#1772=DIRECTION('center_axis',(3.02926198723267E-28,-1.,-4.66383195332813E-29));
#1773=DIRECTION('ref_axis',(0.939761690235832,3.00620828075534E-28,-0.341830316919218));
#1774=DIRECTION('center_axis',(-3.23751300000303E-16,1.,1.17761800000047E-16));
#1775=DIRECTION('ref_axis',(0.939761690235832,3.44503622319326E-16,-0.341830316919218));
#1776=DIRECTION('',(-3.02926198723267E-28,1.,4.66383195332813E-29));
#1777=DIRECTION('center_axis',(-3.77827000000303E-16,1.,1.37431400000047E-16));
#1778=DIRECTION('ref_axis',(0.939761690235832,4.02045559153686E-16,-0.341830316919218));
#1779=DIRECTION('center_axis',(-1.,-3.23751300000303E-16,1.1776180000003E-16));
#1780=DIRECTION('ref_axis',(-3.4450362231932E-16,0.939761690235832,-0.341830316919218));
#1781=DIRECTION('center_axis',(3.02663742620343E-29,-4.66383195332813E-29,
1.));
#1782=DIRECTION('ref_axis',(0.707106781186548,0.707106781186547,1.15767135225138E-29));
#1783=DIRECTION('center_axis',(1.,3.02926198723267E-28,-3.02663742620343E-29));
#1784=DIRECTION('ref_axis',(-2.9502440083488E-28,0.939761690235832,-0.341830316919218));
#1785=DIRECTION('center_axis',(-1.,-2.69675700000303E-16,9.80922200000302E-17));
#1786=DIRECTION('ref_axis',(-2.86961786297736E-16,0.939761690235832,-0.341830316919218));
#1787=DIRECTION('',(-1.,-3.02926198723267E-28,3.02663742620343E-29));
#1788=DIRECTION('center_axis',(2.69675700000303E-16,-1.,9.80922199999534E-17));
#1789=DIRECTION('ref_axis',(-0.939761690235832,-2.86961786297709E-16,-0.341830316919218));
#1790=DIRECTION('center_axis',(3.02663742620343E-29,-4.66383195332813E-29,
1.));
#1791=DIRECTION('ref_axis',(-0.707106781186548,0.707106781186547,5.43798304877426E-29));
#1792=DIRECTION('center_axis',(-3.02663742620343E-29,4.66383195332813E-29,
-1.));
#1793=DIRECTION('ref_axis',(-1.,-3.02926198723267E-28,3.02663742620343E-29));
#1794=DIRECTION('center_axis',(-3.02663742620343E-29,4.66383195332813E-29,
-1.));
#1795=DIRECTION('ref_axis',(1.,3.02926198723267E-28,-3.02663742620343E-29));
#1796=DIRECTION('',(-1.,-3.02926198723267E-28,3.02663742620343E-29));
#1797=DIRECTION('center_axis',(-3.02663742620343E-29,4.66383195332813E-29,
-1.));
#1798=DIRECTION('ref_axis',(-3.02926198723267E-28,1.,4.66383195332813E-29));
#1799=DIRECTION('',(3.02926198723267E-28,-1.,-4.66383195332813E-29));
#1800=DIRECTION('center_axis',(-3.02663742620343E-29,4.66383195332813E-29,
-1.));
#1801=DIRECTION('ref_axis',(-1.,0.,0.));
#1802=DIRECTION('center_axis',(-3.02926198723267E-28,1.,4.66383195332813E-29));
#1803=DIRECTION('ref_axis',(-0.831141659030721,-2.77708321677291E-28,0.556060736452108));
#1804=DIRECTION('center_axis',(-3.02663742620343E-29,4.66383195332813E-29,
-1.));
#1805=DIRECTION('ref_axis',(-0.707106781186548,0.707106781186547,5.43798304877427E-29));
#1806=DIRECTION('center_axis',(-1.,-3.02926198723267E-28,3.02663742620343E-29));
#1807=DIRECTION('ref_axis',(3.02663742620343E-29,-4.66383195332813E-29,
1.));
#1808=DIRECTION('center_axis',(3.02663742620343E-29,-4.66383195332813E-29,
1.));
#1809=DIRECTION('ref_axis',(-0.707106781186548,0.707106781186547,5.43798304877426E-29));
#1810=DIRECTION('center_axis',(-3.05355900000303E-16,1.,4.66383195332813E-29));
#1811=DIRECTION('ref_axis',(-0.471136531988277,-1.43864319748343E-16,0.882060297386782));
#1812=DIRECTION('center_axis',(-3.02926198723267E-28,1.,4.66383195332813E-29));
#1813=DIRECTION('ref_axis',(-0.831141659030719,-2.77708321677291E-28,0.556060736452111));
#1814=DIRECTION('',(-3.02926198723267E-28,1.,4.66383195332813E-29));
#1815=DIRECTION('',(3.02926198723267E-28,-1.,-4.66383195332813E-29));
#1816=DIRECTION('center_axis',(1.,3.02926198723267E-28,-3.02663742620343E-29));
#1817=DIRECTION('ref_axis',(-1.16022831632482E-28,0.471136531988277,0.882060297386782));
#1818=DIRECTION('center_axis',(-1.,-3.02926198723267E-28,3.02663742620343E-29));
#1819=DIRECTION('ref_axis',(3.02663742620343E-29,-4.66383195332813E-29,
1.));
#1820=DIRECTION('',(-1.,-3.02926198723267E-28,3.02663742620343E-29));
#1821=DIRECTION('',(1.,3.02926198723267E-28,-3.02663742620343E-29));
#1822=DIRECTION('center_axis',(-3.02663742620343E-29,4.66383195332813E-29,
-1.));
#1823=DIRECTION('ref_axis',(-1.,0.,0.));
#1824=DIRECTION('center_axis',(-1.,-3.02926198723267E-28,3.02663742620343E-29));
#1825=DIRECTION('ref_axis',(2.68604525732606E-28,-0.831141659030714,0.556060736452119));
#1826=DIRECTION('center_axis',(-3.02663742620343E-29,4.66383195332813E-29,
-1.));
#1827=DIRECTION('ref_axis',(-0.707106781186548,-0.707106781186547,-1.15767135225138E-29));
#1828=DIRECTION('center_axis',(3.02663742620343E-29,-4.66383195332813E-29,
1.));
#1829=DIRECTION('ref_axis',(-0.707106781186548,-0.707106781186547,-1.15767135225138E-29));
#1830=DIRECTION('center_axis',(-3.02663742620343E-29,4.66383195332813E-29,
-1.));
#1831=DIRECTION('ref_axis',(-1.,0.,0.));
#1832=DIRECTION('center_axis',(-3.02926198723267E-28,1.,4.66383195332813E-29));
#1833=DIRECTION('ref_axis',(3.02663742620343E-29,-4.66383195332813E-29,
1.));
#1834=DIRECTION('center_axis',(3.02663742620343E-29,-4.66383195332813E-29,
1.));
#1835=DIRECTION('ref_axis',(0.707106781186548,0.707106781186547,1.15767135225138E-29));
#1836=DIRECTION('center_axis',(-3.02663742620343E-29,4.66383195332813E-29,
-1.));
#1837=DIRECTION('ref_axis',(0.707106781186548,0.707106781186546,1.15767135225137E-29));
#1838=DIRECTION('center_axis',(-1.,-9.86864900003029E-17,3.02663742620343E-29));
#1839=DIRECTION('ref_axis',(4.64948106528662E-17,-0.471136531988287,0.882060297386777));
#1840=DIRECTION('center_axis',(-1.,-3.02926198723267E-28,3.02663742620343E-29));
#1841=DIRECTION('ref_axis',(2.68604525732608E-28,-0.831141659030721,0.556060736452108));
#1842=DIRECTION('',(-1.,-3.02926198723267E-28,3.02663742620343E-29));
#1843=DIRECTION('',(1.,3.02926198723267E-28,-3.02663742620343E-29));
#1844=DIRECTION('center_axis',(3.02926198723267E-28,-1.,-4.66383195332813E-29));
#1845=DIRECTION('ref_axis',(0.471136531988313,1.01581788717738E-28,0.882060297386763));
#1846=DIRECTION('center_axis',(-3.02926198723267E-28,1.,4.66383195332813E-29));
#1847=DIRECTION('ref_axis',(3.02663742620343E-29,-4.66383195332813E-29,
1.));
#1848=DIRECTION('',(-3.02926198723267E-28,1.,4.66383195332813E-29));
#1849=DIRECTION('',(3.02926198723267E-28,-1.,-4.66383195332813E-29));
#1850=DIRECTION('center_axis',(-3.02663742620343E-29,4.66383195332813E-29,
-1.));
#1851=DIRECTION('ref_axis',(-1.,0.,0.));
#1852=DIRECTION('center_axis',(3.02663742620343E-29,-4.66383195332813E-29,
1.));
#1853=DIRECTION('ref_axis',(0.707106781186545,-0.70710678118655,-5.43798304877427E-29));
#1854=DIRECTION('center_axis',(-3.02663742620343E-29,4.66383195332813E-29,
-1.));
#1855=DIRECTION('ref_axis',(0.707106781186545,-0.70710678118655,-5.43798304877427E-29));
#1856=DIRECTION('center_axis',(-1.,-9.86864900003029E-17,3.02663742620343E-29));
#1857=DIRECTION('ref_axis',(9.83591723841073E-17,-0.996683258101518,0.081378639827303));
#1858=DIRECTION('center_axis',(1.,4.85808100000303E-16,-3.96659700000303E-17));
#1859=DIRECTION('ref_axis',(4.87424762606443E-16,-0.996683258101518,0.081378639827303));
#1860=DIRECTION('',(-1.,-3.02926198723267E-28,3.02663742620343E-29));
#1861=DIRECTION('center_axis',(1.,4.24983300000303E-16,-3.46996500000303E-17));
#1862=DIRECTION('ref_axis',(4.26397550402523E-16,-0.996683258101518,0.081378639827303));
#1863=DIRECTION('center_axis',(-3.03333600000303E-16,1.,2.47670300000466E-17));
#1864=DIRECTION('ref_axis',(-0.996683258101518,-3.0434302795393E-16,0.081378639827303));
#1865=DIRECTION('center_axis',(-3.02663742620343E-29,4.66383195332813E-29,
-1.));
#1866=DIRECTION('ref_axis',(-0.707106781186548,-0.707106781186547,-1.15767135225138E-29));
#1867=DIRECTION('center_axis',(-3.05355900000303E-16,1.,4.66383195332813E-29));
#1868=DIRECTION('ref_axis',(-0.996683258101518,-3.04343113292827E-16,0.081378639827303));
#1869=DIRECTION('center_axis',(3.03333600000303E-16,-1.,-2.47670300000466E-17));
#1870=DIRECTION('ref_axis',(-0.996683258101518,-3.0434302795393E-16,0.081378639827303));
#1871=DIRECTION('',(-3.02926198723267E-28,1.,4.66383195332813E-29));
#1872=DIRECTION('center_axis',(-1.,-3.03333600000303E-16,-2.47670299999697E-17));
#1873=DIRECTION('ref_axis',(-3.04343027953924E-16,0.996683258101518,0.081378639827303));
#1874=DIRECTION('center_axis',(-3.02663742620343E-29,4.66383195332813E-29,
-1.));
#1875=DIRECTION('ref_axis',(-0.707106781186548,0.707106781186547,5.43798304877426E-29));
#1876=DIRECTION('center_axis',(3.02663742620343E-29,-4.66383195332813E-29,
1.));
#1877=DIRECTION('ref_axis',(1.,3.02926198723267E-28,-3.02663742620343E-29));
#1878=DIRECTION('',(1.,3.02926198723267E-28,-3.02663742620343E-29));
#1879=DIRECTION('center_axis',(-3.02663742620343E-29,4.66383195332813E-29,
-1.));
#1880=DIRECTION('ref_axis',(-1.,-3.02926198723267E-28,3.02663742620343E-29));
#1881=DIRECTION('',(3.02926198723267E-28,-1.,-4.66383195332813E-29));
#1882=DIRECTION('center_axis',(-1.,-9.86864900003029E-17,3.02663742620343E-29));
#1883=DIRECTION('ref_axis',(9.86410570536005E-17,-0.999539623440826,0.030340421417189));
#1884=DIRECTION('center_axis',(-1.,1.88205599999997E-14,-8.456876E-13));
#1885=DIRECTION('ref_axis',(2.15299665583285E-21,-0.999752455103557,-0.022249236265756));
#1886=DIRECTION('center_axis',(1.,-6.4073449999997E-15,-2.110846E-13));
#1887=DIRECTION('ref_axis',(1.11022310507446E-14,-0.996562347657024,0.082846166068926));
#1888=DIRECTION('',(1.,3.02926198723267E-28,-3.02663742620343E-29));
#1889=DIRECTION('center_axis',(-3.02663742620343E-29,4.66383195332813E-29,
-1.));
#1890=DIRECTION('ref_axis',(-1.,0.,0.));
#1891=DIRECTION('center_axis',(1.17628500000003E-14,-1.,5.285548E-13));
#1892=DIRECTION('ref_axis',(0.999752455103552,-2.45821748375621E-21,-0.022249236266008));
#1893=DIRECTION('center_axis',(-3.02663742620343E-29,4.66383195332813E-29,
-1.));
#1894=DIRECTION('ref_axis',(0.707106781186545,-0.70710678118655,-5.43798304877427E-29));
#1895=DIRECTION('center_axis',(3.02663742620343E-29,-4.66383195332813E-29,
1.));
#1896=DIRECTION('ref_axis',(0.707106781186546,-0.707106781186549,-5.43798304877427E-29));
#1897=DIRECTION('center_axis',(-3.02663742620343E-29,4.66383195332813E-29,
-1.));
#1898=DIRECTION('ref_axis',(-1.,0.,0.));
#1899=DIRECTION('center_axis',(8.7599160000003E-15,-1.,1.053736E-13));
#1900=DIRECTION('ref_axis',(-0.996562347657081,-3.68943073173351E-21,0.082846166068241));
#1901=DIRECTION('center_axis',(3.02663742620343E-29,-4.66383195332813E-29,
1.));
#1902=DIRECTION('ref_axis',(-0.707106781186548,-0.707106781186547,-1.15767135225138E-29));
#1903=DIRECTION('center_axis',(3.02926198723267E-28,-1.,-4.66383195332813E-29));
#1904=DIRECTION('ref_axis',(0.999539623440826,3.01371712333386E-28,0.030340421417185));
#1905=DIRECTION('center_axis',(1.41154200000003E-14,-1.,6.342657E-13));
#1906=DIRECTION('ref_axis',(0.999752455103557,-1.61474695977468E-21,-0.022249236265756));
#1907=DIRECTION('',(3.02926198723267E-28,-1.,-4.66383195332813E-29));
#1908=DIRECTION('center_axis',(-3.05355900000303E-16,1.,4.66383195332813E-29));
#1909=DIRECTION('ref_axis',(-0.999539623440825,-3.05215321301738E-16,0.030340421417201));
#1910=DIRECTION('center_axis',(3.02926198723267E-28,-1.,-4.66383195332813E-29));
#1911=DIRECTION('ref_axis',(-0.996562347657023,-3.05748649731708E-28,0.082846166068942));
#1912=DIRECTION('',(3.02926198723267E-28,-1.,-4.66383195332813E-29));
#1913=DIRECTION('center_axis',(-3.02663742620343E-29,4.66383195332813E-29,
-1.));
#1914=DIRECTION('ref_axis',(-1.,0.,0.));
#1915=DIRECTION('center_axis',(1.,3.02926198723267E-28,-3.02663742620343E-29));
#1916=DIRECTION('ref_axis',(-3.03524614600644E-28,0.999752455103552,-0.022249236266007));
#1917=DIRECTION('center_axis',(-3.02663742620343E-29,4.66383195332813E-29,
-1.));
#1918=DIRECTION('ref_axis',(0.707106781186548,0.707106781186547,1.15767135225138E-29));
#1919=DIRECTION('center_axis',(-3.02663742620343E-29,4.66383195332813E-29,
-1.));
#1920=DIRECTION('ref_axis',(-1.,0.,0.));
#1921=DIRECTION('center_axis',(-1.,6.4073449999997E-15,-2.110846E-13));
#1922=DIRECTION('ref_axis',(-1.11022310506951E-14,0.996562347657044,0.082846166068692));
#1923=DIRECTION('center_axis',(1.,3.02926198723267E-28,-3.02663742620343E-29));
#1924=DIRECTION('ref_axis',(-3.01868444052334E-28,0.999539623440825,0.0303404214172));
#1925=DIRECTION('',(1.,3.02926198723267E-28,-3.02663742620343E-29));
#1926=DIRECTION('center_axis',(1.,3.77827000000303E-16,1.3743139999997E-16));
#1927=DIRECTION('ref_axis',(4.0204555915366E-16,-0.939761690235832,-0.341830316919218));
#1928=DIRECTION('center_axis',(-1.,-9.86864900003029E-17,3.02663742620343E-29));
#1929=DIRECTION('ref_axis',(9.27417826461159E-17,-0.939761690235832,-0.341830316919218));
#1930=DIRECTION('center_axis',(1.,4.31902700000303E-16,1.5710089999997E-16));
#1931=DIRECTION('ref_axis',(4.59587461804988E-16,-0.939761690235832,-0.341830316919218));
#1932=DIRECTION('center_axis',(3.02663742620343E-29,-4.66383195332813E-29,
1.));
#1933=DIRECTION('ref_axis',(1.,3.02926198723267E-28,-3.02663742620343E-29));
#1934=DIRECTION('',(3.02663742620343E-29,-4.66383195332813E-29,1.));
#1935=DIRECTION('center_axis',(3.02663742620343E-29,-4.66383195332813E-29,
1.));
#1936=DIRECTION('ref_axis',(1.,3.02926198723267E-28,-3.02663742620343E-29));
#1937=DIRECTION('',(3.02663742620343E-29,-4.66383195332813E-29,1.));
#1938=DIRECTION('center_axis',(3.02663742620343E-29,-4.66383195332813E-29,
1.));
#1939=DIRECTION('ref_axis',(1.,3.02926198723267E-28,-3.02663742620343E-29));
#1940=DIRECTION('',(3.02663742620343E-29,-4.66383195332813E-29,1.));
#1941=DIRECTION('center_axis',(3.02663742620343E-29,-4.66383195332813E-29,
1.));
#1942=DIRECTION('ref_axis',(1.,3.02926198723267E-28,-3.02663742620343E-29));
#1943=DIRECTION('',(3.02663742620343E-29,-4.66383195332813E-29,1.));
#1944=DIRECTION('center_axis',(-2.69675700000303E-16,1.,-9.80922199999534E-17));
#1945=DIRECTION('ref_axis',(-0.939761690235832,-2.86961786297709E-16,-0.341830316919218));
#1946=DIRECTION('center_axis',(-3.02663742620343E-29,4.66383195332813E-29,
-1.));
#1947=DIRECTION('ref_axis',(1.,3.02926198723267E-28,-3.02663742620343E-29));
#1948=DIRECTION('',(3.02663742620343E-29,-4.66383195332813E-29,1.));
#1949=DIRECTION('center_axis',(-3.02926198723267E-28,1.,4.66383195332813E-29));
#1950=DIRECTION('ref_axis',(3.02663742620343E-29,-4.66383195332813E-29,
1.));
#1951=DIRECTION('',(3.02663742620343E-29,-4.66383195332813E-29,1.));
#1952=DIRECTION('center_axis',(-4.24983300000303E-16,1.,-3.46996499999533E-17));
#1953=DIRECTION('ref_axis',(0.996683258101518,4.26397550402517E-16,0.081378639827303));
#1954=DIRECTION('center_axis',(-3.02663742620343E-29,4.66383195332813E-29,
-1.));
#1955=DIRECTION('ref_axis',(-3.02926198723267E-28,1.,4.66383195332813E-29));
#1956=DIRECTION('',(3.02663742620343E-29,-4.66383195332813E-29,1.));
#1957=DIRECTION('center_axis',(-1.,-3.02926198723267E-28,3.02663742620343E-29));
#1958=DIRECTION('ref_axis',(3.02663742620343E-29,-4.66383195332813E-29,
1.));
#1959=DIRECTION('',(3.02663742620343E-29,-4.66383195332813E-29,1.));
#1960=DIRECTION('center_axis',(3.02926198723267E-28,-1.,-4.66383195332813E-29));
#1961=DIRECTION('ref_axis',(0.996683258101518,2.98126107700365E-28,0.081378639827303));
#1962=DIRECTION('center_axis',(-3.64158500000303E-16,1.,-2.97333399999534E-17));
#1963=DIRECTION('ref_axis',(0.996683258101518,3.65370339012383E-16,0.081378639827303));
#1964=DIRECTION('center_axis',(-1.,-3.02926198723267E-28,3.02663742620343E-29));
#1965=DIRECTION('ref_axis',(3.02663742620343E-29,-4.66383195332813E-29,
1.));
#1966=DIRECTION('center_axis',(-3.02663742620343E-29,4.66383195332813E-29,
-1.));
#1967=DIRECTION('ref_axis',(-1.,-3.02926198723267E-28,3.02663742620343E-29));
#1968=DIRECTION('',(3.02663742620343E-29,-4.66383195332813E-29,1.));
#1969=DIRECTION('center_axis',(-1.,-3.64158500000303E-16,-2.97333399999697E-17));
#1970=DIRECTION('ref_axis',(-3.65370339012384E-16,0.996683258101518,0.081378639827303));
#1971=DIRECTION('center_axis',(3.02926198723267E-28,-1.,-4.66383195332813E-29));
#1972=DIRECTION('ref_axis',(-3.02663742620343E-29,4.66383195332813E-29,
-1.));
#1973=DIRECTION('center_axis',(1.,3.02926198723267E-28,-3.02663742620343E-29));
#1974=DIRECTION('ref_axis',(-2.99458434337866E-28,0.996683258101518,0.081378639827303));
#1975=DIRECTION('center_axis',(-3.05355900000303E-16,1.,4.66383195332813E-29));
#1976=DIRECTION('ref_axis',(-0.939761690235832,-2.86961776707752E-16,-0.341830316919218));
#1977=CARTESIAN_POINT('',(0.,0.,0.));
#1978=CARTESIAN_POINT('Origin',(-48.2811413576102,8.07108262247671,-152.850396328113));
#1979=CARTESIAN_POINT('',(-48.2811413576055,-1.52891737752329,-156.850396328113));
#1980=CARTESIAN_POINT('',(-48.2811413576102,8.07108262247671,-156.850396328113));
#1981=CARTESIAN_POINT('',(-48.2811413576103,8.2260826224811,-156.850396328113));
#1982=CARTESIAN_POINT('',(-48.2811413576055,-1.52891737752329,-152.850396328113));
#1983=CARTESIAN_POINT('',(-48.2811413576055,-1.52891737752329,-152.850396328113));
#1984=CARTESIAN_POINT('',(-48.2811413576102,8.07108262247671,-152.850396328113));
#1985=CARTESIAN_POINT('',(-48.281141357605,-2.68141737753878,-152.850396328113));
#1986=CARTESIAN_POINT('',(-48.2811413576102,8.07108262247671,-152.850396328113));
#1987=CARTESIAN_POINT('Origin',(-61.6611413576102,8.07108262247023,-152.850396328113));
#1988=CARTESIAN_POINT('',(-61.6611413576102,8.07108262247023,-156.850396328113));
#1989=CARTESIAN_POINT('',(-67.386141357609,8.07108262246745,-156.850396328113));
#1990=CARTESIAN_POINT('',(-61.6611413576102,8.07108262247023,-152.850396328113));
#1991=CARTESIAN_POINT('',(-26.3861413576143,8.07108262248733,-152.850396328113));
#1992=CARTESIAN_POINT('',(-61.6611413576102,8.07108262247023,-152.850396328113));
#1993=CARTESIAN_POINT('Origin',(-61.6611413576056,-1.52891737752978,-152.850396328113));
#1994=CARTESIAN_POINT('',(-61.6611413576056,-1.52891737752978,-156.850396328113));
#1995=CARTESIAN_POINT('',(-61.6611413576079,3.42608262247461,-156.850396328113));
#1996=CARTESIAN_POINT('',(-61.6611413576056,-1.52891737752978,-152.850396328113));
#1997=CARTESIAN_POINT('',(-61.6611413576027,-7.48141737754526,-152.850396328113));
#1998=CARTESIAN_POINT('',(-61.6611413576056,-1.52891737752978,-152.850396328113));
#1999=CARTESIAN_POINT('Origin',(-48.2811413576055,-1.52891737752329,-152.850396328113));
#2000=CARTESIAN_POINT('',(-60.6961413576043,-1.52891737752931,-156.850396328113));
#2001=CARTESIAN_POINT('',(-19.6961413576096,-1.52891737750943,-152.850396328113));
#2002=CARTESIAN_POINT('Origin',(-73.1111413576079,8.38108262247346,-156.850396328113));
#2003=CARTESIAN_POINT('',(-69.8611413576079,12.3810826224735,-156.850396328113));
#2004=CARTESIAN_POINT('',(-73.8611413576079,8.38108262247346,-156.850396328113));
#2005=CARTESIAN_POINT('Origin',(-69.8611413576079,8.38108262247346,-156.850396328113));
#2006=CARTESIAN_POINT('',(87.6388586423921,12.3810826224735,-156.850396328113));
#2007=CARTESIAN_POINT('',(-71.4861413576079,12.3810826224735,-156.850396328113));
#2008=CARTESIAN_POINT('',(91.6388586423921,8.38108262247345,-156.850396328113));
#2009=CARTESIAN_POINT('Origin',(87.6388586423921,8.38108262247346,-156.850396328113));
#2010=CARTESIAN_POINT('',(91.6388586423921,-35.2489173775265,-156.850396328113));
#2011=CARTESIAN_POINT('',(91.6388586423921,8.38108262247345,-156.850396328113));
#2012=CARTESIAN_POINT('',(87.6388586423921,-39.2489173775265,-156.850396328113));
#2013=CARTESIAN_POINT('Origin',(87.6388586423921,-35.2489173775265,-156.850396328113));
#2014=CARTESIAN_POINT('',(-69.8611413576079,-39.2489173775266,-156.850396328113));
#2015=CARTESIAN_POINT('',(7.2638586423921,-39.2489173775265,-156.850396328113));
#2016=CARTESIAN_POINT('',(-73.8611413576079,-35.2489173775265,-156.850396328113));
#2017=CARTESIAN_POINT('Origin',(-69.8611413576079,-35.2489173775265,-156.850396328113));
#2018=CARTESIAN_POINT('',(-73.8611413576079,-13.4339173775265,-156.850396328113));
#2019=CARTESIAN_POINT('',(11.3888586423921,-36.7489173775265,-156.850396328113));
#2020=CARTESIAN_POINT('',(6.38885864239213,-36.7489173775265,-156.850396328113));
#2021=CARTESIAN_POINT('',(-33.3611413576079,-36.7489173775265,-156.850396328113));
#2022=CARTESIAN_POINT('',(10.3888586423921,-35.7489173775265,-156.850396328113));
#2023=CARTESIAN_POINT('Origin',(10.3888586423921,-36.7489173775266,-156.850396328113));
#2024=CARTESIAN_POINT('',(7.38885864239214,-35.7489173775265,-156.850396328113));
#2025=CARTESIAN_POINT('',(-32.1111413576079,-35.7489173775265,-156.850396328113));
#2026=CARTESIAN_POINT('Origin',(7.38885864239213,-36.7489173775266,-156.850396328113));
#2027=CARTESIAN_POINT('',(84.8988586423921,-35.1939173775265,-156.850396328113));
#2028=CARTESIAN_POINT('Origin',(86.6488586423921,-35.1939173775265,-156.850396328113));
#2029=CARTESIAN_POINT('',(-70.6211413576079,8.32608262247343,-156.850396328113));
#2030=CARTESIAN_POINT('Origin',(-68.8711413576079,8.32608262247343,-156.850396328113));
#2031=CARTESIAN_POINT('',(-70.6211413576079,-35.1939173775266,-156.850396328113));
#2032=CARTESIAN_POINT('Origin',(-68.8711413576079,-35.1939173775266,-156.850396328113));
#2033=CARTESIAN_POINT('',(84.8988586423921,8.32608262247345,-156.850396328113));
#2034=CARTESIAN_POINT('Origin',(86.6488586423921,8.32608262247345,-156.850396328113));
#2035=CARTESIAN_POINT('',(7.38885864239211,8.8810826224735,-156.850396328113));
#2036=CARTESIAN_POINT('',(6.38885864239209,9.88108262247344,-156.850396328113));
#2037=CARTESIAN_POINT('Origin',(7.38885864239212,9.8810826224735,-156.850396328113));
#2038=CARTESIAN_POINT('',(10.3888586423921,8.8810826224735,-156.850396328113));
#2039=CARTESIAN_POINT('',(-33.3611413576079,8.8810826224735,-156.850396328113));
#2040=CARTESIAN_POINT('',(11.3888586423921,9.88108262247344,-156.850396328113));
#2041=CARTESIAN_POINT('Origin',(10.3888586423921,9.8810826224735,-156.850396328113));
#2042=CARTESIAN_POINT('',(-32.1111413576079,9.88108262247344,-156.850396328113));
#2043=CARTESIAN_POINT('Origin',(10.3888586423921,9.8810826224735,-154.450396328113));
#2044=CARTESIAN_POINT('',(10.3888586423921,8.88108262247345,-157.050396328112));
#2045=CARTESIAN_POINT('',(10.3888586423921,8.8810826224735,-155.850396328113));
#2046=CARTESIAN_POINT('',(11.3888586423921,9.88108262247344,-157.050396328112));
#2047=CARTESIAN_POINT('Origin',(10.3888586423921,9.8810826224735,-157.050396328112));
#2048=CARTESIAN_POINT('',(11.3888586423921,9.88108262247344,-155.850396328113));
#2049=CARTESIAN_POINT('Origin',(6.3888586423921,8.8810826224735,-154.450396328113));
#2050=CARTESIAN_POINT('',(7.38885864239212,8.88108262247345,-157.050396328112));
#2051=CARTESIAN_POINT('',(7.38885864239212,8.8810826224735,-157.050396328112));
#2052=CARTESIAN_POINT('',(7.38885864239212,8.88108262247345,-157.050396328112));
#2053=CARTESIAN_POINT('Origin',(8.88885864239212,-35.7489173775266,-154.450396328113));
#2054=CARTESIAN_POINT('',(10.3888586423921,-35.7489173775265,-157.050396328112));
#2055=CARTESIAN_POINT('',(10.3888586423921,-35.7489173775266,-157.050396328112));
#2056=CARTESIAN_POINT('',(7.38885864239213,-35.7489173775265,-157.050396328112));
#2057=CARTESIAN_POINT('',(10.3888586423921,-35.7489173775265,-157.050396328112));
#2058=CARTESIAN_POINT('',(7.38885864239213,-35.7489173775266,-155.850396328113));
#2059=CARTESIAN_POINT('Origin',(10.3888586423921,-36.7489173775266,-154.450396328113));
#2060=CARTESIAN_POINT('',(11.3888586423921,-36.7489173775265,-157.050396328112));
#2061=CARTESIAN_POINT('',(11.3888586423921,-36.7489173775265,-155.850396328113));
#2062=CARTESIAN_POINT('Origin',(10.3888586423921,-36.7489173775266,-157.050396328112));
#2063=CARTESIAN_POINT('Origin',(87.6388586423921,8.38108262247346,-159.850396328113));
#2064=CARTESIAN_POINT('',(87.6388586423921,12.3810826224735,-163.850396328112));
#2065=CARTESIAN_POINT('',(87.6388586423921,12.3810826224735,-163.850396328112));
#2066=CARTESIAN_POINT('',(91.6388586423921,8.38108262247345,-163.850396328112));
#2067=CARTESIAN_POINT('Origin',(87.6388586423921,8.38108262247346,-163.850396328112));
#2068=CARTESIAN_POINT('',(91.6388586423921,8.38108262247345,-163.850396328112));
#2069=CARTESIAN_POINT('Origin',(-69.8611413576079,12.3810826224735,-163.850396328112));
#2070=CARTESIAN_POINT('',(-69.8611413576079,12.3810826224735,-163.850396328112));
#2071=CARTESIAN_POINT('',(-69.8611413576079,12.3810826224735,-163.850396328112));
#2072=CARTESIAN_POINT('',(-69.8611413576079,12.3810826224735,-163.850396328112));
#2073=CARTESIAN_POINT('Origin',(-69.8611413576079,8.38108262247346,-159.850396328113));
#2074=CARTESIAN_POINT('',(-73.8611413576079,8.38108262247346,-163.850396328112));
#2075=CARTESIAN_POINT('',(-73.8611413576079,8.38108262247346,-163.850396328112));
#2076=CARTESIAN_POINT('Origin',(-69.8611413576079,8.38108262247346,-163.850396328112));
#2077=CARTESIAN_POINT('Origin',(-73.8611413576079,-35.2489173775265,-163.850396328112));
#2078=CARTESIAN_POINT('',(-73.8611413576079,-35.2489173775265,-163.850396328112));
#2079=CARTESIAN_POINT('',(-73.8611413576079,-35.2489173775265,-155.850396328113));
#2080=CARTESIAN_POINT('',(-73.8611413576079,-35.2489173775265,-163.850396328112));
#2081=CARTESIAN_POINT('Origin',(86.6488586423921,8.32608262247345,-153.641274608077));
#2082=CARTESIAN_POINT('',(84.8988586423921,8.32608262247345,-154.144560786236));
#2083=CARTESIAN_POINT('Origin',(86.6488586423921,8.32608262247345,-154.144560786236));
#2084=CARTESIAN_POINT('',(83.7738586423921,8.32608262247345,-152.850396328113));
#2085=CARTESIAN_POINT('',(84.4613586423921,8.32608262247345,-153.641274608077));
#2086=CARTESIAN_POINT('Origin',(86.6488586423921,8.32608262247345,-152.850396328113));
#2087=CARTESIAN_POINT('Origin',(-68.8711413576079,8.32608262247343,-153.641274608077));
#2088=CARTESIAN_POINT('',(-70.6211413576079,8.32608262247343,-154.144560786236));
#2089=CARTESIAN_POINT('Origin',(-68.8711413576079,8.32608262247343,-154.144560786236));
#2090=CARTESIAN_POINT('',(-71.7461413576079,8.32608262247343,-152.850396328113));
#2091=CARTESIAN_POINT('',(-71.0586413576079,8.32608262247343,-153.641274608077));
#2092=CARTESIAN_POINT('Origin',(-68.8711413576079,8.32608262247343,-152.850396328113));
#2093=CARTESIAN_POINT('Origin',(-68.8711413576079,-35.1939173775266,-153.641274608077));
#2094=CARTESIAN_POINT('',(-70.6211413576079,-35.1939173775266,-154.144560786236));
#2095=CARTESIAN_POINT('Origin',(-68.8711413576079,-35.1939173775266,-154.144560786236));
#2096=CARTESIAN_POINT('',(-71.7461413576079,-35.1939173775266,-152.850396328113));
#2097=CARTESIAN_POINT('',(-71.0586413576079,-35.1939173775266,-153.641274608077));
#2098=CARTESIAN_POINT('Origin',(-68.8711413576079,-35.1939173775266,-152.850396328113));
#2099=CARTESIAN_POINT('Origin',(86.6488586423921,-35.1939173775265,-153.641274608077));
#2100=CARTESIAN_POINT('',(84.8988586423921,-35.1939173775265,-154.144560786236));
#2101=CARTESIAN_POINT('Origin',(86.6488586423921,-35.1939173775265,-154.144560786236));
#2102=CARTESIAN_POINT('',(83.7738586423921,-35.1939173775265,-152.850396328113));
#2103=CARTESIAN_POINT('',(84.4613586423921,-35.1939173775265,-153.641274608077));
#2104=CARTESIAN_POINT('Origin',(86.6488586423921,-35.1939173775265,-152.850396328113));
#2105=CARTESIAN_POINT('Origin',(8.88885864239212,-13.4339173775265,-152.850396328113));
#2106=CARTESIAN_POINT('',(-69.8611413576079,12.3810826224735,-152.850396328113));
#2107=CARTESIAN_POINT('',(87.6388586423921,12.3810826224735,-152.850396328113));
#2108=CARTESIAN_POINT('',(-69.8611413576079,12.3810826224735,-152.850396328113));
#2109=CARTESIAN_POINT('',(-73.8611413576079,8.38108262247346,-152.850396328113));
#2110=CARTESIAN_POINT('Origin',(-69.8611413576079,8.38108262247346,-152.850396328113));
#2111=CARTESIAN_POINT('',(-73.8611413576079,-35.2489173775265,-152.850396328113));
#2112=CARTESIAN_POINT('',(-73.8611413576079,-35.2489173775265,-152.850396328113));
#2113=CARTESIAN_POINT('',(-69.8611413576079,-39.2489173775266,-152.850396328113));
#2114=CARTESIAN_POINT('Origin',(-69.8611413576079,-35.2489173775265,-152.850396328113));
#2115=CARTESIAN_POINT('',(87.6388586423921,-39.2489173775265,-152.850396328113));
#2116=CARTESIAN_POINT('',(87.6388586423921,-39.2489173775265,-152.850396328113));
#2117=CARTESIAN_POINT('',(91.6388586423922,-35.2489173775265,-152.850396328113));
#2118=CARTESIAN_POINT('Origin',(87.6388586423921,-35.2489173775265,-152.850396328113));
#2119=CARTESIAN_POINT('',(91.6388586423922,8.38108262247345,-152.850396328113));
#2120=CARTESIAN_POINT('',(91.6388586423921,8.38108262247345,-152.850396328113));
#2121=CARTESIAN_POINT('Origin',(87.6388586423921,8.38108262247346,-152.850396328113));
#2122=CARTESIAN_POINT('Origin',(87.6388586423921,-39.2489173775265,-154.450396328113));
#2123=CARTESIAN_POINT('',(-69.8611413576079,-39.2489173775266,-152.350396328113));
#2124=CARTESIAN_POINT('',(-69.8611413576079,-39.2489173775266,-152.850396328113));
#2125=CARTESIAN_POINT('',(87.6388586423921,-39.2489173775265,-152.350396328113));
#2126=CARTESIAN_POINT('',(87.6388586423921,-39.2489173775265,-152.350396328113));
#2127=CARTESIAN_POINT('',(87.6388586423921,-39.2489173775265,-152.850396328113));
#2128=CARTESIAN_POINT('Origin',(-69.8611413576079,-35.2489173775265,-153.400396328113));
#2129=CARTESIAN_POINT('',(-73.8611413576079,-35.2489173775265,-152.350396328113));
#2130=CARTESIAN_POINT('',(-73.8611413576079,-35.2489173775265,-152.350396328113));
#2131=CARTESIAN_POINT('Origin',(-69.8611413576079,-35.2489173775265,-152.350396328113));
#2132=CARTESIAN_POINT('Origin',(-73.8611413576079,-35.2489173775265,-154.450396328113));
#2133=CARTESIAN_POINT('',(-73.8611413576079,8.38108262247346,-152.350396328113));
#2134=CARTESIAN_POINT('',(-73.8611413576079,8.38108262247346,-152.850396328113));
#2135=CARTESIAN_POINT('',(-73.8611413576079,-35.2489173775265,-152.350396328113));
#2136=CARTESIAN_POINT('Origin',(-69.8611413576079,8.38108262247346,-153.400396328113));
#2137=CARTESIAN_POINT('',(-69.8611413576079,12.3810826224735,-152.350396328113));
#2138=CARTESIAN_POINT('',(-69.8611413576079,12.3810826224735,-152.850396328113));
#2139=CARTESIAN_POINT('Origin',(-69.8611413576079,8.38108262247346,-152.350396328113));
#2140=CARTESIAN_POINT('Origin',(87.6388586423921,-35.2489173775265,-153.400396328113));
#2141=CARTESIAN_POINT('',(91.6388586423921,-35.2489173775265,-152.350396328113));
#2142=CARTESIAN_POINT('Origin',(87.6388586423921,-35.2489173775265,-152.350396328113));
#2143=CARTESIAN_POINT('',(91.6388586423921,-35.2489173775265,-152.850396328113));
#2144=CARTESIAN_POINT('Origin',(7.38885864239213,-36.7489173775266,-154.450396328113));
#2145=CARTESIAN_POINT('',(6.38885864239214,-36.7489173775265,-157.050396328112));
#2146=CARTESIAN_POINT('Origin',(7.38885864239213,-36.7489173775266,-157.050396328112));
#2147=CARTESIAN_POINT('',(6.38885864239214,-36.7489173775265,-155.850396328113));
#2148=CARTESIAN_POINT('Origin',(7.38885864239212,9.8810826224735,-154.450396328113));
#2149=CARTESIAN_POINT('',(6.3888586423921,9.88108262247344,-157.050396328112));
#2150=CARTESIAN_POINT('',(6.3888586423921,9.88108262247344,-155.850396328113));
#2151=CARTESIAN_POINT('Origin',(7.38885864239212,9.8810826224735,-157.050396328112));
#2152=CARTESIAN_POINT('Origin',(8.8888586423921,9.88108262247344,-154.450396328113));
#2153=CARTESIAN_POINT('',(11.3888586423921,9.88108262247344,-157.050396328112));
#2154=CARTESIAN_POINT('Origin',(7.6388586423921,9.38108262247347,-157.050396328112));
#2155=CARTESIAN_POINT('Origin',(6.38885864239214,-36.7489173775265,-154.450396328113));
#2156=CARTESIAN_POINT('',(6.38885864239214,-36.7489173775265,-157.050396328112));
#2157=CARTESIAN_POINT('Origin',(7.63885864239212,-36.2489173775265,-157.050396328112));
#2158=CARTESIAN_POINT('Origin',(-69.8611413576079,8.38108262247346,-163.650396328113));
#2159=CARTESIAN_POINT('',(-74.2206496816776,8.38108262247346,-163.850396328112));
#2160=CARTESIAN_POINT('',(-74.408984767,8.38108262247346,-163.717700827491));
#2161=CARTESIAN_POINT('Origin',(-74.2206496816776,8.38108262247346,-163.650396328113));
#2162=CARTESIAN_POINT('',(-69.8611413576079,12.9289260318655,-163.717700827491));
#2163=CARTESIAN_POINT('Origin',(-69.8611413576079,8.38108262247346,-163.717700827491));
#2164=CARTESIAN_POINT('',(-69.8611413576079,12.7405909465432,-163.850396328112));
#2165=CARTESIAN_POINT('Origin',(-69.8611413576079,12.7405909465432,-163.650396328113));
#2166=CARTESIAN_POINT('Origin',(-69.8611413576079,8.38108262247346,-163.850396328112));
#2167=CARTESIAN_POINT('Origin',(-74.2206496816776,-35.2489173775265,-163.650396328113));
#2168=CARTESIAN_POINT('',(-74.2206496816776,-35.2489173775265,-163.850396328112));
#2169=CARTESIAN_POINT('',(-74.4089847669999,-35.2489173775265,-163.717700827491));
#2170=CARTESIAN_POINT('Origin',(-74.2206496816776,-35.2489173775265,-163.650396328113));
#2171=CARTESIAN_POINT('',(-74.4089847669999,-35.2489173775265,-163.717700827491));
#2172=CARTESIAN_POINT('',(-74.2206496816777,8.38108262247346,-163.850396328112));
#2173=CARTESIAN_POINT('Origin',(-69.8611413576079,12.7405909465432,-163.650396328113));
#2174=CARTESIAN_POINT('',(87.6388586423921,12.9289260318655,-163.717700827491));
#2175=CARTESIAN_POINT('',(87.6388586423921,12.7405909465432,-163.850396328112));
#2176=CARTESIAN_POINT('Origin',(87.6388586423921,12.7405909465432,-163.650396328113));
#2177=CARTESIAN_POINT('',(87.6388586423921,12.7405909465432,-163.850396328112));
#2178=CARTESIAN_POINT('',(-69.8611413576079,12.9289260318655,-163.717700827491));
#2179=CARTESIAN_POINT('Origin',(-69.8611413576079,-35.2489173775265,-163.650396328113));
#2180=CARTESIAN_POINT('',(-69.8611413576079,-39.6084257015963,-163.850396328112));
#2181=CARTESIAN_POINT('',(-69.8611413576079,-39.7967607869186,-163.717700827491));
#2182=CARTESIAN_POINT('Origin',(-69.8611413576079,-39.6084257015963,-163.650396328113));
#2183=CARTESIAN_POINT('Origin',(-69.8611413576079,-35.2489173775265,-163.717700827491));
#2184=CARTESIAN_POINT('Origin',(-69.8611413576079,-35.2489173775265,-163.850396328112));
#2185=CARTESIAN_POINT('Origin',(87.6388586423921,8.38108262247346,-163.650396328113));
#2186=CARTESIAN_POINT('',(92.1867020517842,8.38108262247344,-163.717700827491));
#2187=CARTESIAN_POINT('',(91.9983669664619,8.38108262247345,-163.850396328112));
#2188=CARTESIAN_POINT('Origin',(91.9983669664619,8.38108262247345,-163.650396328113));
#2189=CARTESIAN_POINT('Origin',(87.6388586423921,8.38108262247346,-163.850396328112));
#2190=CARTESIAN_POINT('Origin',(87.6388586423921,8.38108262247346,-163.717700827491));
#2191=CARTESIAN_POINT('Origin',(87.6388586423921,-39.6084257015963,-163.650396328113));
#2192=CARTESIAN_POINT('',(87.6388586423921,-39.6084257015963,-163.850396328112));
#2193=CARTESIAN_POINT('',(87.6388586423921,-39.7967607869186,-163.717700827491));
#2194=CARTESIAN_POINT('Origin',(87.6388586423921,-39.6084257015963,-163.650396328113));
#2195=CARTESIAN_POINT('',(87.6388586423921,-39.7967607869186,-163.717700827491));
#2196=CARTESIAN_POINT('',(-69.8611413576079,-39.6084257015963,-163.850396328112));
#2197=CARTESIAN_POINT('Origin',(91.9983669664619,8.38108262247343,-163.650396328113));
#2198=CARTESIAN_POINT('',(92.1867020517842,-35.2489173775265,-163.717700827491));
#2199=CARTESIAN_POINT('',(91.9983669664619,-35.2489173775266,-163.850396328112));
#2200=CARTESIAN_POINT('Origin',(91.9983669664619,-35.2489173775266,-163.650396328113));
#2201=CARTESIAN_POINT('',(91.9983669664619,-35.2489173775266,-163.850396328112));
#2202=CARTESIAN_POINT('',(92.1867020517842,8.38108262247344,-163.717700827491));
#2203=CARTESIAN_POINT('Origin',(87.6388586423921,-35.2489173775265,-163.650396328113));
#2204=CARTESIAN_POINT('Origin',(87.6388586423921,-35.2489173775265,-163.850396328112));
#2205=CARTESIAN_POINT('Origin',(87.6388586423921,-35.2489173775265,-163.717700827491));
#2206=CARTESIAN_POINT('Origin',(68.6448163864964,8.38108262247343,-155.304638405132));
#2207=CARTESIAN_POINT('',(93.6386277640852,8.38108262247344,-155.860869311776));
#2208=CARTESIAN_POINT('Origin',(68.6448163864963,8.38108262247343,-155.304638405132));
#2209=CARTESIAN_POINT('',(93.6386277640852,-35.2489173775265,-155.860869311782));
#2210=CARTESIAN_POINT('',(93.6386277640853,-35.2489173775266,-155.860869311776));
#2211=CARTESIAN_POINT('Origin',(68.6448163864964,-35.2489173775266,-155.304638405132));
#2212=CARTESIAN_POINT('Ctrl Pts',(92.1867020517842,8.38108262247347,-163.717700827491));
#2213=CARTESIAN_POINT('Ctrl Pts',(92.1867020517842,12.9289260318656,-163.717700827491));
#2214=CARTESIAN_POINT('Ctrl Pts',(87.6388586423921,12.9289260318656,-163.717700827491));
#2215=CARTESIAN_POINT('Ctrl Pts',(93.5485865617621,8.38108262247347,-159.906802035392));
#2216=CARTESIAN_POINT('Ctrl Pts',(93.5485865617621,14.2908105418435,-159.906802035392));
#2217=CARTESIAN_POINT('Ctrl Pts',(87.6388586423921,14.2908105418435,-159.906802035392));
#2218=CARTESIAN_POINT('Ctrl Pts',(93.6386277640853,8.38108262247347,-155.860869311776));
#2219=CARTESIAN_POINT('Ctrl Pts',(93.6386277640853,14.3808517441666,-155.860869311776));
#2220=CARTESIAN_POINT('Ctrl Pts',(87.6388586423921,14.3808517441666,-155.860869311776));
#2221=CARTESIAN_POINT('',(87.6388586423921,14.3808517441665,-155.860869311782));
#2222=CARTESIAN_POINT('Origin',(87.6388586423921,-10.6129596334223,-155.304638405132));
#2223=CARTESIAN_POINT('Origin',(87.6388586423921,8.38108262247346,-155.860869311782));
#2224=CARTESIAN_POINT('Origin',(-69.8611413576079,-10.6129596334223,-155.304638405132));
#2225=CARTESIAN_POINT('',(-69.8611413576079,14.3808517441666,-155.860869311778));
#2226=CARTESIAN_POINT('Origin',(-69.8611413576079,-10.6129596334223,-155.304638405132));
#2227=CARTESIAN_POINT('',(87.6388586423921,14.3808517441666,-155.860869311776));
#2228=CARTESIAN_POINT('Ctrl Pts',(-69.8611413576079,12.9289260318655,-163.717700827491));
#2229=CARTESIAN_POINT('Ctrl Pts',(-74.408984767,12.9289260318655,-163.717700827491));
#2230=CARTESIAN_POINT('Ctrl Pts',(-74.408984767,8.38108262247346,-163.717700827491));
#2231=CARTESIAN_POINT('Ctrl Pts',(-69.8611413576079,14.2908105418434,-159.906802035392));
#2232=CARTESIAN_POINT('Ctrl Pts',(-75.7708692769779,14.2908105418434,-159.906802035392));
#2233=CARTESIAN_POINT('Ctrl Pts',(-75.7708692769779,8.38108262247346,-159.906802035392));
#2234=CARTESIAN_POINT('Ctrl Pts',(-69.8611413576079,14.3808517441666,-155.860869311776));
#2235=CARTESIAN_POINT('Ctrl Pts',(-75.860910479301,14.3808517441666,-155.860869311776));
#2236=CARTESIAN_POINT('Ctrl Pts',(-75.860910479301,8.38108262247346,-155.860869311776));
#2237=CARTESIAN_POINT('',(-75.8609104793011,8.38108262247346,-155.860869311776));
#2238=CARTESIAN_POINT('Origin',(-50.8670991017121,8.38108262247347,-155.304638405132));
#2239=CARTESIAN_POINT('Origin',(-69.8611413576079,8.38108262247346,-155.860869311778));
#2240=CARTESIAN_POINT('Origin',(-74.1111413576079,8.38108262247346,-163.850396328112));
#2241=CARTESIAN_POINT('',(-69.8611413576079,-39.2489173775266,-163.850396328112));
#2242=CARTESIAN_POINT('Origin',(-69.8611413576079,-35.2489173775265,-163.850396328112));
#2243=CARTESIAN_POINT('',(87.6388586423921,-39.2489173775265,-163.850396328112));
#2244=CARTESIAN_POINT('',(87.6388586423921,-39.2489173775265,-163.850396328112));
#2245=CARTESIAN_POINT('',(91.6388586423921,-35.2489173775265,-163.850396328112));
#2246=CARTESIAN_POINT('Origin',(87.6388586423921,-35.2489173775265,-163.850396328112));
#2247=CARTESIAN_POINT('',(91.6388586423921,8.38108262247345,-163.850396328112));
#2248=CARTESIAN_POINT('Origin',(-69.8611413576079,8.38108262247346,-152.550396328113));
#2249=CARTESIAN_POINT('',(-74.6715083007738,8.38108262247345,-152.439184180822));
#2250=CARTESIAN_POINT('',(-74.5052799689676,8.38108262247345,-152.350396328113));
#2251=CARTESIAN_POINT('Origin',(-74.5052799689676,8.38108262247345,-152.550396328113));
#2252=CARTESIAN_POINT('',(-69.8611413576079,13.0252212338332,-152.350396328113));
#2253=CARTESIAN_POINT('Origin',(-69.8611413576079,8.38108262247346,-152.350396328113));
#2254=CARTESIAN_POINT('',(-69.8611413576079,13.1914495656394,-152.439184180822));
#2255=CARTESIAN_POINT('Origin',(-69.8611413576079,13.0252212338332,-152.550396328113));
#2256=CARTESIAN_POINT('Origin',(-69.8611413576079,8.38108262247346,-152.439184180822));
#2257=CARTESIAN_POINT('Origin',(-74.5052799689676,-35.2489173775265,-152.550396328113));
#2258=CARTESIAN_POINT('',(-74.6715083007738,-35.2489173775265,-152.439184180822));
#2259=CARTESIAN_POINT('',(-74.5052799689676,-35.2489173775265,-152.350396328113));
#2260=CARTESIAN_POINT('Origin',(-74.5052799689676,-35.2489173775265,-152.550396328113));
#2261=CARTESIAN_POINT('',(-74.5052799689676,-35.2489173775265,-152.350396328113));
#2262=CARTESIAN_POINT('',(-74.6715083007738,8.38108262247346,-152.439184180822));
#2263=CARTESIAN_POINT('Origin',(-69.8611413576079,13.0252212338332,-152.550396328113));
#2264=CARTESIAN_POINT('',(87.6388586423921,13.0252212338332,-152.350396328113));
#2265=CARTESIAN_POINT('',(87.6388586423921,13.1914495656394,-152.439184180822));
#2266=CARTESIAN_POINT('Origin',(87.6388586423921,13.0252212338332,-152.550396328113));
#2267=CARTESIAN_POINT('',(87.6388586423921,13.1914495656394,-152.439184180822));
#2268=CARTESIAN_POINT('',(-69.8611413576079,13.0252212338332,-152.350396328113));
#2269=CARTESIAN_POINT('Origin',(-69.8611413576079,-35.2489173775265,-152.550396328113));
#2270=CARTESIAN_POINT('',(-69.8611413576079,-40.0592843206924,-152.439184180822));
#2271=CARTESIAN_POINT('',(-69.8611413576079,-39.8930559888863,-152.350396328113));
#2272=CARTESIAN_POINT('Origin',(-69.8611413576079,-39.8930559888863,-152.550396328113));
#2273=CARTESIAN_POINT('Origin',(-69.8611413576079,-35.2489173775265,-152.350396328113));
#2274=CARTESIAN_POINT('Origin',(-69.8611413576079,-35.2489173775265,-152.439184180822));
#2275=CARTESIAN_POINT('Origin',(87.6388586423921,8.38108262247346,-152.550396328113));
#2276=CARTESIAN_POINT('',(92.2829972537519,8.38108262247345,-152.350396328113));
#2277=CARTESIAN_POINT('',(92.449225585558,8.38108262247345,-152.439184180822));
#2278=CARTESIAN_POINT('Origin',(92.2829972537519,8.38108262247345,-152.550396328113));
#2279=CARTESIAN_POINT('Origin',(87.6388586423921,8.38108262247346,-152.439184180822));
#2280=CARTESIAN_POINT('Origin',(87.6388586423921,8.38108262247346,-152.350396328113));
#2281=CARTESIAN_POINT('Origin',(87.6388586423921,-39.8930559888863,-152.550396328113));
#2282=CARTESIAN_POINT('',(87.6388586423921,-40.0592843206924,-152.439184180822));
#2283=CARTESIAN_POINT('',(87.6388586423921,-39.8930559888863,-152.350396328113));
#2284=CARTESIAN_POINT('Origin',(87.6388586423921,-39.8930559888863,-152.550396328113));
#2285=CARTESIAN_POINT('',(87.6388586423921,-39.8930559888863,-152.350396328113));
#2286=CARTESIAN_POINT('',(-69.8611413576079,-40.0592843206924,-152.439184180822));
#2287=CARTESIAN_POINT('Origin',(92.2829972537519,8.38108262247345,-152.550396328113));
#2288=CARTESIAN_POINT('',(92.2829972537519,-35.2489173775265,-152.350396328113));
#2289=CARTESIAN_POINT('',(92.449225585558,-35.2489173775265,-152.439184180822));
#2290=CARTESIAN_POINT('Origin',(92.2829972537519,-35.2489173775265,-152.550396328113));
#2291=CARTESIAN_POINT('',(92.449225585558,-35.2489173775265,-152.439184180822));
#2292=CARTESIAN_POINT('',(92.2829972537519,8.38108262247345,-152.350396328113));
#2293=CARTESIAN_POINT('Origin',(87.6388586423921,-35.2489173775265,-152.550396328113));
#2294=CARTESIAN_POINT('Origin',(87.6388586423921,-35.2489173775265,-152.439184180822));
#2295=CARTESIAN_POINT('Origin',(87.6388586423921,-35.2489173775265,-152.350396328113));
#2296=CARTESIAN_POINT('Origin',(87.6388586423921,-34.0864436688874,-156.435208366912));
#2297=CARTESIAN_POINT('',(-69.8611413576079,-41.2480484777304,-155.839850231309));
#2298=CARTESIAN_POINT('Origin',(-69.8611413576079,-34.0864436688874,-156.435208366912));
#2299=CARTESIAN_POINT('',(87.6388586423921,-41.2480484777304,-155.839850231309));
#2300=CARTESIAN_POINT('',(87.6388586423921,-41.2480484777304,-155.839850231309));
#2301=CARTESIAN_POINT('Origin',(87.6388586423921,-34.0864436688874,-156.435208366912));
#2302=CARTESIAN_POINT('Ctrl Pts',(-75.8602724578121,-35.2489173775265,-155.839850231314));
#2303=CARTESIAN_POINT('Ctrl Pts',(-75.8602724578121,-41.2480484777308,-155.839850231314));
#2304=CARTESIAN_POINT('Ctrl Pts',(-69.8611413576079,-41.2480484777308,-155.839850231314));
#2305=CARTESIAN_POINT('Ctrl Pts',(-75.7061270692094,-35.2489173775265,-153.985624530393));
#2306=CARTESIAN_POINT('Ctrl Pts',(-75.7061270692094,-41.0939030891281,-153.985624530393));
#2307=CARTESIAN_POINT('Ctrl Pts',(-69.8611413576079,-41.0939030891281,-153.985624530393));
#2308=CARTESIAN_POINT('Ctrl Pts',(-74.6715083007737,-35.2489173775265,-152.439184180822));
#2309=CARTESIAN_POINT('Ctrl Pts',(-74.6715083007737,-40.0592843206924,-152.439184180822));
#2310=CARTESIAN_POINT('Ctrl Pts',(-69.8611413576078,-40.0592843206924,-152.439184180822));
#2311=CARTESIAN_POINT('',(-75.8602724578121,-35.2489173775265,-155.839850231314));
#2312=CARTESIAN_POINT('Origin',(-68.6986676489687,-35.2489173775265,-156.435208366912));
#2313=CARTESIAN_POINT('Origin',(-69.8611413576079,-35.2489173775265,-155.839850231314));
#2314=CARTESIAN_POINT('Origin',(-68.6986676489687,-35.2489173775265,-156.435208366912));
#2315=CARTESIAN_POINT('',(-75.8602724578117,8.38108262247346,-155.839850231309));
#2316=CARTESIAN_POINT('Origin',(-68.6986676489688,8.38108262247346,-156.435208366912));
#2317=CARTESIAN_POINT('',(-75.8602724578117,-35.2489173775265,-155.839850231309));
#2318=CARTESIAN_POINT('Ctrl Pts',(-69.8611413576079,14.3802137226775,-155.839850231311));
#2319=CARTESIAN_POINT('Ctrl Pts',(-75.8602724578119,14.3802137226775,-155.839850231311));
#2320=CARTESIAN_POINT('Ctrl Pts',(-75.8602724578119,8.38108262247346,-155.839850231311));
#2321=CARTESIAN_POINT('Ctrl Pts',(-69.8611413576079,14.226068334074,-153.985624530392));
#2322=CARTESIAN_POINT('Ctrl Pts',(-75.7061270692085,14.2260683340741,-153.985624530392));
#2323=CARTESIAN_POINT('Ctrl Pts',(-75.7061270692085,8.38108262247346,-153.985624530392));
#2324=CARTESIAN_POINT('Ctrl Pts',(-69.8611413576079,13.1914495656394,-152.439184180822));
#2325=CARTESIAN_POINT('Ctrl Pts',(-74.6715083007738,13.1914495656394,-152.439184180822));
#2326=CARTESIAN_POINT('Ctrl Pts',(-74.6715083007738,8.38108262247347,-152.439184180822));
#2327=CARTESIAN_POINT('',(-69.8611413576079,14.3802137226774,-155.839850231311));
#2328=CARTESIAN_POINT('Origin',(-69.8611413576079,7.21860891383431,-156.435208366912));
#2329=CARTESIAN_POINT('Origin',(-69.8611413576079,8.38108262247346,-155.839850231311));
#2330=CARTESIAN_POINT('Origin',(-74.2361413576079,8.38108262247346,-152.350396328113));
#2331=CARTESIAN_POINT('',(87.6388586423921,12.3810826224735,-152.350396328113));
#2332=CARTESIAN_POINT('',(-69.8611413576079,12.3810826224735,-152.350396328113));
#2333=CARTESIAN_POINT('',(91.6388586423921,8.38108262247345,-152.350396328113));
#2334=CARTESIAN_POINT('Origin',(87.6388586423921,8.38108262247346,-152.350396328113));
#2335=CARTESIAN_POINT('',(91.6388586423921,8.38108262247345,-152.350396328113));
#2336=CARTESIAN_POINT('Origin',(87.6388586423921,-41.048736008199,-155.856419464523));
#2337=CARTESIAN_POINT('',(87.6388586423921,-41.2486864992197,-155.860869311776));
#2338=CARTESIAN_POINT('Origin',(87.6388586423921,-41.048736008199,-155.856419464523));
#2339=CARTESIAN_POINT('',(-69.8611413576079,-41.2486864992197,-155.860869311776));
#2340=CARTESIAN_POINT('Origin',(-69.8611413576079,-41.048736008199,-155.856419464523));
#2341=CARTESIAN_POINT('',(-69.8611413576079,-41.2486864992197,-155.860869311776));
#2342=CARTESIAN_POINT('Origin',(87.6388586423921,-35.2489173775265,-155.856419464529));
#2343=CARTESIAN_POINT('',(93.6379897425965,-35.2489173775265,-155.839850231315));
#2344=CARTESIAN_POINT('Origin',(93.4386772730645,-35.2489173775265,-155.856419464529));
#2345=CARTESIAN_POINT('Origin',(87.6388586423921,-35.2489173775265,-155.839850231315));
#2346=CARTESIAN_POINT('Origin',(87.6388586423921,-35.2489173775265,-155.860869311782));
#2347=CARTESIAN_POINT('Origin',(-69.8611413576079,-35.2489173775265,-155.856419464528));
#2348=CARTESIAN_POINT('',(-75.8609104793009,-35.2489173775265,-155.860869311781));
#2349=CARTESIAN_POINT('Origin',(-75.6609599882802,-35.2489173775265,-155.856419464528));
#2350=CARTESIAN_POINT('Origin',(-69.8611413576079,-35.2489173775265,-155.860869311781));
#2351=CARTESIAN_POINT('Origin',(93.4386772730646,8.38108262247343,-155.856419464523));
#2352=CARTESIAN_POINT('',(93.6379897425959,8.38108262247345,-155.839850231309));
#2353=CARTESIAN_POINT('Origin',(93.4386772730646,8.38108262247344,-155.856419464523));
#2354=CARTESIAN_POINT('',(93.6379897425959,8.38108262247345,-155.839850231309));
#2355=CARTESIAN_POINT('Origin',(-75.6609599882803,-35.2489173775265,-155.856419464523));
#2356=CARTESIAN_POINT('Origin',(-75.6609599882803,8.38108262247346,-155.856419464523));
#2357=CARTESIAN_POINT('',(-75.8609104793011,8.38108262247346,-155.860869311776));
#2358=CARTESIAN_POINT('Origin',(87.6388586423921,8.38108262247346,-155.856419464529));
#2359=CARTESIAN_POINT('',(87.6388586423921,14.3802137226778,-155.839850231315));
#2360=CARTESIAN_POINT('Origin',(87.6388586423921,14.1809012531458,-155.856419464529));
#2361=CARTESIAN_POINT('Origin',(87.6388586423921,8.38108262247346,-155.839850231315));
#2362=CARTESIAN_POINT('Origin',(-69.8611413576079,8.38108262247346,-155.856419464524));
#2363=CARTESIAN_POINT('Origin',(-69.8611413576079,14.1809012531459,-155.856419464524));
#2364=CARTESIAN_POINT('Origin',(-69.8611413576079,14.1809012531459,-155.856419464523));
#2365=CARTESIAN_POINT('',(-69.8611413576079,14.3802137226773,-155.839850231309));
#2366=CARTESIAN_POINT('Ctrl Pts',(87.6388586423921,-39.7967607869186,-163.717700827491));
#2367=CARTESIAN_POINT('Ctrl Pts',(92.1867020517842,-39.7967607869186,-163.717700827491));
#2368=CARTESIAN_POINT('Ctrl Pts',(92.1867020517842,-35.2489173775265,-163.717700827491));
#2369=CARTESIAN_POINT('Ctrl Pts',(87.6388586423921,-41.1586452968965,-159.906802035392));
#2370=CARTESIAN_POINT('Ctrl Pts',(93.5485865617621,-41.1586452968965,-159.906802035392));
#2371=CARTESIAN_POINT('Ctrl Pts',(93.5485865617621,-35.2489173775265,-159.906802035392));
#2372=CARTESIAN_POINT('Ctrl Pts',(87.6388586423921,-41.2486864992197,-155.860869311776));
#2373=CARTESIAN_POINT('Ctrl Pts',(93.6386277640853,-41.2486864992197,-155.860869311776));
#2374=CARTESIAN_POINT('Ctrl Pts',(93.6386277640853,-35.2489173775265,-155.860869311776));
#2375=CARTESIAN_POINT('Origin',(87.6388586423921,-16.2548751216308,-155.304638405132));
#2376=CARTESIAN_POINT('Origin',(87.6388586423921,-16.2548751216308,-155.304638405132));
#2377=CARTESIAN_POINT('Origin',(-69.8611413576079,-16.2548751216308,-155.304638405132));
#2378=CARTESIAN_POINT('Origin',(86.6488586423921,-35.1939173775265,-333.216156192803));
#2379=CARTESIAN_POINT('',(84.8988586423921,-35.1939173775265,-333.216156192803));
#2380=CARTESIAN_POINT('Origin',(-68.8711413576079,8.32608262247343,-333.216156192803));
#2381=CARTESIAN_POINT('',(-70.6211413576079,8.32608262247343,-333.216156192803));
#2382=CARTESIAN_POINT('Origin',(-68.8711413576079,-35.1939173775266,-333.216156192803));
#2383=CARTESIAN_POINT('',(-70.6211413576079,-35.1939173775266,-333.216156192803));
#2384=CARTESIAN_POINT('Origin',(86.6488586423921,8.32608262247345,-333.216156192803));
#2385=CARTESIAN_POINT('',(84.8988586423921,8.32608262247345,-333.216156192803));
#2386=CARTESIAN_POINT('Ctrl Pts',(-74.4089847669999,-35.2489173775265,-163.717700827491));
#2387=CARTESIAN_POINT('Ctrl Pts',(-74.4089847669999,-39.7967607869186,-163.717700827491));
#2388=CARTESIAN_POINT('Ctrl Pts',(-69.8611413576079,-39.7967607869186,-163.717700827491));
#2389=CARTESIAN_POINT('Ctrl Pts',(-75.7708692769778,-35.2489173775265,-159.906802035392));
#2390=CARTESIAN_POINT('Ctrl Pts',(-75.7708692769778,-41.1586452968965,-159.906802035392));
#2391=CARTESIAN_POINT('Ctrl Pts',(-69.8611413576079,-41.1586452968965,-159.906802035392));
#2392=CARTESIAN_POINT('Ctrl Pts',(-75.860910479301,-35.2489173775265,-155.860869311776));
#2393=CARTESIAN_POINT('Ctrl Pts',(-75.860910479301,-41.2486864992197,-155.860869311776));
#2394=CARTESIAN_POINT('Ctrl Pts',(-69.8611413576079,-41.2486864992197,-155.860869311776));
#2395=CARTESIAN_POINT('Origin',(-50.8670991017121,-35.2489173775265,-155.304638405132));
#2396=CARTESIAN_POINT('Origin',(-69.8611413576079,-35.2489173775265,-159.850396328113));
#2397=CARTESIAN_POINT('',(-69.8611413576079,-39.2489173775266,-163.850396328112));
#2398=CARTESIAN_POINT('Origin',(87.6388586423921,-39.2489173775265,-163.850396328112));
#2399=CARTESIAN_POINT('',(87.6388586423921,-39.2489173775265,-163.850396328112));
#2400=CARTESIAN_POINT('Ctrl Pts',(87.6388586423921,-41.248048477731,-155.839850231316));
#2401=CARTESIAN_POINT('Ctrl Pts',(93.6379897425965,-41.2480484777309,-155.839850231315));
#2402=CARTESIAN_POINT('Ctrl Pts',(93.6379897425965,-35.2489173775265,-155.839850231315));
#2403=CARTESIAN_POINT('Ctrl Pts',(87.638858642392,-41.0939030891286,-153.985624530394));
#2404=CARTESIAN_POINT('Ctrl Pts',(93.4838443539941,-41.0939030891286,-153.985624530394));
#2405=CARTESIAN_POINT('Ctrl Pts',(93.4838443539941,-35.2489173775265,-153.985624530394));
#2406=CARTESIAN_POINT('Ctrl Pts',(87.6388586423919,-40.0592843206924,-152.439184180822));
#2407=CARTESIAN_POINT('Ctrl Pts',(92.4492255855579,-40.0592843206924,-152.439184180822));
#2408=CARTESIAN_POINT('Ctrl Pts',(92.4492255855579,-35.2489173775265,-152.439184180822));
#2409=CARTESIAN_POINT('Origin',(86.476384933753,-35.2489173775265,-156.435208366912));
#2410=CARTESIAN_POINT('Origin',(87.6388586423921,-35.2489173775265,-159.850396328113));
#2411=CARTESIAN_POINT('',(91.6388586423921,-35.2489173775265,-163.850396328112));
#2412=CARTESIAN_POINT('Origin',(91.6388586423921,8.38108262247345,-154.450396328113));
#2413=CARTESIAN_POINT('',(91.6388586423921,8.38108262247345,-152.850396328113));
#2414=CARTESIAN_POINT('Origin',(86.476384933753,8.38108262247345,-156.435208366912));
#2415=CARTESIAN_POINT('Origin',(86.476384933753,8.38108262247345,-156.435208366912));
#2416=CARTESIAN_POINT('Origin',(91.6388586423921,8.38108262247345,-163.850396328112));
#2417=CARTESIAN_POINT('Origin',(87.6388586423921,8.38108262247346,-153.400396328113));
#2418=CARTESIAN_POINT('',(87.6388586423921,12.3810826224735,-152.850396328113));
#2419=CARTESIAN_POINT('Ctrl Pts',(93.6379897425965,8.38108262247346,-155.839850231315));
#2420=CARTESIAN_POINT('Ctrl Pts',(93.6379897425965,14.3802137226779,-155.839850231315));
#2421=CARTESIAN_POINT('Ctrl Pts',(87.6388586423921,14.3802137226778,-155.839850231315));
#2422=CARTESIAN_POINT('Ctrl Pts',(93.4838443539941,8.38108262247345,-153.985624530394));
#2423=CARTESIAN_POINT('Ctrl Pts',(93.4838443539941,14.2260683340754,-153.985624530394));
#2424=CARTESIAN_POINT('Ctrl Pts',(87.6388586423922,14.2260683340754,-153.985624530394));
#2425=CARTESIAN_POINT('Ctrl Pts',(92.449225585558,8.38108262247345,-152.439184180822));
#2426=CARTESIAN_POINT('Ctrl Pts',(92.449225585558,13.1914495656393,-152.439184180822));
#2427=CARTESIAN_POINT('Ctrl Pts',(87.6388586423922,13.1914495656393,-152.439184180822));
#2428=CARTESIAN_POINT('Origin',(87.6388586423921,7.21860891383431,-156.435208366912));
#2429=CARTESIAN_POINT('Origin',(-69.8611413576079,12.3810826224735,-154.450396328113));
#2430=CARTESIAN_POINT('Origin',(-69.8611413576079,7.21860891383431,-156.435208366912));
#2431=CARTESIAN_POINT('Origin',(-50.8670991017121,-35.2489173775265,-155.304638405132));
#2432=UNCERTAINTY_MEASURE_WITH_UNIT(LENGTH_MEASURE(0.01),#2436,
'DISTANCE_ACCURACY_VALUE',
'Maximum model space distance between geometric entities at asserted c
onnectivities');
#2433=UNCERTAINTY_MEASURE_WITH_UNIT(LENGTH_MEASURE(0.01),#2436,
'DISTANCE_ACCURACY_VALUE',
'Maximum model space distance between geometric entities at asserted c
onnectivities');
#2434=(
GEOMETRIC_REPRESENTATION_CONTEXT(3)
GLOBAL_UNCERTAINTY_ASSIGNED_CONTEXT((#2432))
GLOBAL_UNIT_ASSIGNED_CONTEXT((#2436,#2438,#2439))
REPRESENTATION_CONTEXT('','3D')
);
#2435=(
GEOMETRIC_REPRESENTATION_CONTEXT(3)
GLOBAL_UNCERTAINTY_ASSIGNED_CONTEXT((#2433))
GLOBAL_UNIT_ASSIGNED_CONTEXT((#2436,#2438,#2439))
REPRESENTATION_CONTEXT('','3D')
);
#2436=(
LENGTH_UNIT()
NAMED_UNIT(*)
SI_UNIT(.MILLI.,.METRE.)
);
#2437=(
LENGTH_UNIT()
NAMED_UNIT(*)
SI_UNIT($,.METRE.)
);
#2438=(
NAMED_UNIT(*)
PLANE_ANGLE_UNIT()
SI_UNIT($,.RADIAN.)
);
#2439=(
NAMED_UNIT(*)
SI_UNIT($,.STERADIAN.)
SOLID_ANGLE_UNIT()
);
#2440=SHAPE_DEFINITION_REPRESENTATION(#2441,#2442);
#2441=PRODUCT_DEFINITION_SHAPE('',$,#2444);
#2442=SHAPE_REPRESENTATION('',(#1360),#2434);
#2443=PRODUCT_DEFINITION_CONTEXT('part definition',#2448,'design');
#2444=PRODUCT_DEFINITION('T Bezel closed','T Bezel closed',#2445,#2443);
#2445=PRODUCT_DEFINITION_FORMATION('',$,#2450);
#2446=PRODUCT_RELATED_PRODUCT_CATEGORY('T Bezel closed',
'T Bezel closed',(#2450));
#2447=APPLICATION_PROTOCOL_DEFINITION('international standard',
'automotive_design',2009,#2448);
#2448=APPLICATION_CONTEXT(
'Core Data for Automotive Mechanical Design Process');
#2449=PRODUCT_CONTEXT('part definition',#2448,'mechanical');
#2450=PRODUCT('T Bezel closed','T Bezel closed',$,(#2449));
#2451=PRESENTATION_STYLE_ASSIGNMENT((#2453));
#2452=PRESENTATION_STYLE_ASSIGNMENT((#2454));
#2453=SURFACE_STYLE_USAGE(.BOTH.,#2455);
#2454=SURFACE_STYLE_USAGE(.BOTH.,#2456);
#2455=SURFACE_SIDE_STYLE('',(#2457));
#2456=SURFACE_SIDE_STYLE('',(#2458));
#2457=SURFACE_STYLE_FILL_AREA(#2459);
#2458=SURFACE_STYLE_FILL_AREA(#2460);
#2459=FILL_AREA_STYLE('Steel - Satin',(#2461));
#2460=FILL_AREA_STYLE('Opaque(82,82,82)',(#2462));
#2461=FILL_AREA_STYLE_COLOUR('Steel - Satin',#2463);
#2462=FILL_AREA_STYLE_COLOUR('Opaque(82,82,82)',#2464);
#2463=COLOUR_RGB('Steel - Satin',0.627450980392157,0.627450980392157,0.627450980392157);
#2464=COLOUR_RGB('Opaque(82,82,82)',0.32156862745098,0.32156862745098,0.32156862745098);
ENDSEC;
END-ISO-10303-21;
