ISO-10303-21;
HEADER;
/* Generated by software containing ST-Developer
 * from STEP Tools, Inc. (www.steptools.com) 
 */

FILE_DESCRIPTION(
/* description */ (''),
/* implementation_level */ '2;1');

FILE_NAME(
/* name */ 'Front Bezel Cutout.step',
/* time_stamp */ '2025-04-29T18:40:12-04:00',
/* author */ (''),
/* organization */ (''),
/* preprocessor_version */ 'ST-DEVELOPER v20.1',
/* originating_system */ 'Autodesk Translation Framework v14.4.0.0',
/* authorisation */ '');

FILE_SCHEMA (('AUTOMOTIVE_DESIGN { 1 0 10303 214 3 1 1 }'));
ENDSEC;

DATA;
#10=MECHANICAL_DESIGN_GEOMETRIC_PRESENTATION_REPRESENTATION('',(#13),#6441);
#11=SHAPE_REPRESENTATION_RELATIONSHIP('SRR','None',#6448,#12);
#12=ADVANCED_BREP_SHAPE_REPRESENTATION('',(#14),#6440);
#13=STYLED_ITEM('',(#6458),#14);
#14=MANIFOLD_SOLID_BREP('Body1',#3813);
#15=(
BOUNDED_SURFACE()
B_SPLINE_SURFACE(2,2,((#6191,#6192,#6193),(#6194,#6195,#6196),(#6197,#6198,
#6199)),.UNSPECIFIED.,.F.,.F.,.F.)
B_SPLINE_SURFACE_WITH_KNOTS((3,3),(3,3),(-0.34322155981375,-0.0222510723425245),
(-6.60588841891653E-15,1.57079632679489),.UNSPECIFIED.)
GEOMETRIC_REPRESENTATION_ITEM()
RATIONAL_B_SPLINE_SURFACE(((1.,0.707106781186547,1.),(0.987149858989903,
0.698020359339104,0.987149858989903),(1.,0.707106781186547,1.)))
REPRESENTATION_ITEM('')
SURFACE()
);
#16=(
BOUNDED_SURFACE()
B_SPLINE_SURFACE(2,2,((#6207,#6208,#6209),(#6210,#6211,#6212),(#6213,#6214,
#6215)),.UNSPECIFIED.,.F.,.F.,.F.)
B_SPLINE_SURFACE_WITH_KNOTS((3,3),(3,3),(-0.343221559813745,-0.0222510723425202),
(1.5707963267949,3.14159265358979),.UNSPECIFIED.)
GEOMETRIC_REPRESENTATION_ITEM()
RATIONAL_B_SPLINE_SURFACE(((1.,0.707106781186547,1.),(0.987149858989902,
0.698020359339104,0.987149858989902),(1.,0.707106781186547,1.)))
REPRESENTATION_ITEM('')
SURFACE()
);
#17=(
BOUNDED_SURFACE()
B_SPLINE_SURFACE(2,2,((#6290,#6291,#6292),(#6293,#6294,#6295),(#6296,#6297,
#6298)),.UNSPECIFIED.,.F.,.F.,.F.)
B_SPLINE_SURFACE_WITH_KNOTS((3,3),(3,3),(0.0829412289039044,0.589638662356834),
(-3.14159265358979,-1.5707963267949),.UNSPECIFIED.)
GEOMETRIC_REPRESENTATION_ITEM()
RATIONAL_B_SPLINE_SURFACE(((1.,0.707106781186548,1.),(0.968078504842362,
0.684534875494968,0.968078504842362),(1.,0.707106781186548,1.)))
REPRESENTATION_ITEM('')
SURFACE()
);
#18=(
BOUNDED_SURFACE()
B_SPLINE_SURFACE(2,2,((#6306,#6307,#6308),(#6309,#6310,#6311),(#6312,#6313,
#6314)),.UNSPECIFIED.,.F.,.F.,.F.)
B_SPLINE_SURFACE_WITH_KNOTS((3,3),(3,3),(0.0829412289043559,0.589638662356839),
(1.57079632679489,3.1415926535898),.UNSPECIFIED.)
GEOMETRIC_REPRESENTATION_ITEM()
RATIONAL_B_SPLINE_SURFACE(((1.,0.707106781186546,1.),(0.968078504842422,
0.684534875495008,0.968078504842422),(1.,0.707106781186546,1.)))
REPRESENTATION_ITEM('')
SURFACE()
);
#19=(
BOUNDED_SURFACE()
B_SPLINE_SURFACE(2,2,((#6354,#6355,#6356),(#6357,#6358,#6359),(#6360,#6361,
#6362)),.UNSPECIFIED.,.F.,.F.,.F.)
B_SPLINE_SURFACE_WITH_KNOTS((3,3),(3,3),(-0.343221559813746,-0.0222510723425258),
(-1.5707963267949,-3.66519474765388E-15),.UNSPECIFIED.)
GEOMETRIC_REPRESENTATION_ITEM()
RATIONAL_B_SPLINE_SURFACE(((1.,0.707106781186549,1.),(0.987149858989965,
0.698020359339151,0.987149858989965),(1.,0.707106781186549,1.)))
REPRESENTATION_ITEM('')
SURFACE()
);
#20=(
BOUNDED_SURFACE()
B_SPLINE_SURFACE(2,2,((#6383,#6384,#6385),(#6386,#6387,#6388),(#6389,#6390,
#6391)),.UNSPECIFIED.,.F.,.F.,.F.)
B_SPLINE_SURFACE_WITH_KNOTS((3,3),(3,3),(-0.343221559813745,-0.0222510723425243),
(-3.14159265358979,-1.5707963267949),.UNSPECIFIED.)
GEOMETRIC_REPRESENTATION_ITEM()
RATIONAL_B_SPLINE_SURFACE(((1.,0.707106781186548,1.),(0.987149858989919,
0.698020359339116,0.987149858989919),(1.,0.707106781186548,1.)))
REPRESENTATION_ITEM('')
SURFACE()
);
#21=(
BOUNDED_SURFACE()
B_SPLINE_SURFACE(2,2,((#6398,#6399,#6400),(#6401,#6402,#6403),(#6404,#6405,
#6406)),.UNSPECIFIED.,.F.,.F.,.F.)
B_SPLINE_SURFACE_WITH_KNOTS((3,3),(3,3),(0.0829412289036643,0.589638662356811),
(-1.57079632679489,-1.76433244134215E-15),.UNSPECIFIED.)
GEOMETRIC_REPRESENTATION_ITEM()
RATIONAL_B_SPLINE_SURFACE(((1.,0.70710678118655,1.),(0.968078504842383,
0.684534875494986,0.968078504842383),(1.,0.70710678118655,1.)))
REPRESENTATION_ITEM('')
SURFACE()
);
#22=(
BOUNDED_SURFACE()
B_SPLINE_SURFACE(2,2,((#6418,#6419,#6420),(#6421,#6422,#6423),(#6424,#6425,
#6426)),.UNSPECIFIED.,.F.,.F.,.F.)
B_SPLINE_SURFACE_WITH_KNOTS((3,3),(3,3),(0.0829412289037069,0.589638662356844),
(-5.67313624280145E-16,1.57079632679491),.UNSPECIFIED.)
GEOMETRIC_REPRESENTATION_ITEM()
RATIONAL_B_SPLINE_SURFACE(((1.,0.707106781186544,1.),(0.968078504842194,
0.684534875494846,0.968078504842194),(1.,0.707106781186544,1.)))
REPRESENTATION_ITEM('')
SURFACE()
);
#23=TOROIDAL_SURFACE('',#4064,4.35950832406976,0.2);
#24=TOROIDAL_SURFACE('',#4073,4.35950832406976,0.2);
#25=TOROIDAL_SURFACE('',#4077,4.35950832406976,0.2);
#26=TOROIDAL_SURFACE('',#4085,4.35950832406976,0.2);
#27=TOROIDAL_SURFACE('',#4102,4.64413861135975,0.2);
#28=TOROIDAL_SURFACE('',#4111,4.64413861135974,0.2);
#29=TOROIDAL_SURFACE('',#4115,4.64413861135975,0.2);
#30=TOROIDAL_SURFACE('',#4123,4.64413861135974,0.2);
#31=TOROIDAL_SURFACE('',#4140,5.79981863067232,0.2);
#32=TOROIDAL_SURFACE('',#4144,5.79981863067234,0.2);
#33=TOROIDAL_SURFACE('',#4151,5.79981863067232,0.2);
#34=TOROIDAL_SURFACE('',#4154,5.79981863067241,0.2);
#35=CONICAL_SURFACE('',#4034,2.1875,0.715584993317675);
#36=CONICAL_SURFACE('',#4035,2.1875,0.715584993317675);
#37=CONICAL_SURFACE('',#4036,2.1875,0.715584993317675);
#38=CONICAL_SURFACE('',#4037,2.1875,0.715584993317675);
#39=FACE_BOUND('',#574,.T.);
#40=FACE_BOUND('',#575,.T.);
#41=FACE_BOUND('',#576,.T.);
#42=FACE_BOUND('',#577,.T.);
#43=FACE_BOUND('',#578,.T.);
#44=FACE_BOUND('',#579,.T.);
#45=FACE_BOUND('',#580,.T.);
#46=FACE_BOUND('',#581,.T.);
#47=FACE_BOUND('',#582,.T.);
#48=FACE_BOUND('',#583,.T.);
#49=FACE_BOUND('',#584,.T.);
#50=FACE_BOUND('',#585,.T.);
#51=FACE_BOUND('',#586,.T.);
#52=FACE_BOUND('',#587,.T.);
#53=FACE_BOUND('',#588,.T.);
#54=FACE_BOUND('',#589,.T.);
#55=FACE_BOUND('',#590,.T.);
#56=FACE_BOUND('',#591,.T.);
#57=FACE_BOUND('',#592,.T.);
#58=FACE_BOUND('',#593,.T.);
#59=FACE_BOUND('',#594,.T.);
#60=FACE_BOUND('',#595,.T.);
#61=FACE_BOUND('',#596,.T.);
#62=FACE_BOUND('',#597,.T.);
#63=FACE_BOUND('',#598,.T.);
#64=FACE_BOUND('',#599,.T.);
#65=FACE_BOUND('',#600,.T.);
#66=FACE_BOUND('',#601,.T.);
#67=FACE_BOUND('',#602,.T.);
#68=FACE_BOUND('',#603,.T.);
#69=FACE_BOUND('',#604,.T.);
#70=FACE_BOUND('',#605,.T.);
#71=FACE_BOUND('',#606,.T.);
#72=FACE_BOUND('',#607,.T.);
#73=FACE_BOUND('',#608,.T.);
#74=FACE_BOUND('',#609,.T.);
#75=FACE_BOUND('',#610,.T.);
#76=FACE_BOUND('',#611,.T.);
#77=FACE_BOUND('',#612,.T.);
#78=FACE_BOUND('',#613,.T.);
#79=FACE_BOUND('',#614,.T.);
#80=FACE_BOUND('',#615,.T.);
#81=FACE_BOUND('',#616,.T.);
#82=FACE_BOUND('',#617,.T.);
#83=FACE_BOUND('',#618,.T.);
#84=FACE_BOUND('',#619,.T.);
#85=FACE_BOUND('',#620,.T.);
#86=FACE_BOUND('',#621,.T.);
#87=FACE_BOUND('',#622,.T.);
#88=FACE_BOUND('',#623,.T.);
#89=FACE_BOUND('',#624,.T.);
#90=FACE_BOUND('',#625,.T.);
#91=FACE_BOUND('',#626,.T.);
#92=FACE_BOUND('',#627,.T.);
#93=FACE_BOUND('',#628,.T.);
#94=FACE_BOUND('',#629,.T.);
#95=FACE_BOUND('',#630,.T.);
#96=FACE_BOUND('',#631,.T.);
#97=FACE_BOUND('',#664,.T.);
#98=FACE_BOUND('',#678,.T.);
#99=FACE_BOUND('',#690,.T.);
#100=FACE_BOUND('',#691,.T.);
#101=FACE_BOUND('',#692,.T.);
#102=FACE_BOUND('',#693,.T.);
#103=FACE_BOUND('',#694,.T.);
#104=FACE_BOUND('',#695,.T.);
#105=FACE_BOUND('',#696,.T.);
#106=FACE_BOUND('',#697,.T.);
#107=FACE_BOUND('',#698,.T.);
#108=FACE_BOUND('',#699,.T.);
#109=FACE_BOUND('',#700,.T.);
#110=FACE_BOUND('',#701,.T.);
#111=FACE_BOUND('',#702,.T.);
#112=FACE_BOUND('',#703,.T.);
#113=FACE_BOUND('',#704,.T.);
#114=FACE_BOUND('',#705,.T.);
#115=FACE_BOUND('',#706,.T.);
#116=FACE_BOUND('',#707,.T.);
#117=FACE_BOUND('',#708,.T.);
#118=FACE_BOUND('',#709,.T.);
#119=FACE_BOUND('',#710,.T.);
#120=FACE_BOUND('',#711,.T.);
#121=FACE_BOUND('',#712,.T.);
#122=FACE_BOUND('',#713,.T.);
#123=FACE_BOUND('',#714,.T.);
#124=FACE_BOUND('',#715,.T.);
#125=FACE_BOUND('',#716,.T.);
#126=FACE_BOUND('',#717,.T.);
#127=FACE_BOUND('',#718,.T.);
#128=FACE_BOUND('',#719,.T.);
#129=FACE_BOUND('',#720,.T.);
#130=FACE_BOUND('',#721,.T.);
#131=FACE_BOUND('',#722,.T.);
#132=FACE_BOUND('',#723,.T.);
#133=FACE_BOUND('',#724,.T.);
#134=FACE_BOUND('',#725,.T.);
#135=FACE_BOUND('',#726,.T.);
#136=FACE_BOUND('',#727,.T.);
#137=FACE_BOUND('',#728,.T.);
#138=FACE_BOUND('',#729,.T.);
#139=FACE_BOUND('',#730,.T.);
#140=FACE_BOUND('',#731,.T.);
#141=FACE_BOUND('',#732,.T.);
#142=FACE_BOUND('',#733,.T.);
#143=FACE_BOUND('',#734,.T.);
#144=FACE_BOUND('',#735,.T.);
#145=FACE_BOUND('',#736,.T.);
#146=FACE_BOUND('',#737,.T.);
#147=FACE_BOUND('',#738,.T.);
#148=FACE_BOUND('',#739,.T.);
#149=FACE_BOUND('',#740,.T.);
#150=FACE_BOUND('',#741,.T.);
#151=FACE_BOUND('',#742,.T.);
#152=FACE_BOUND('',#743,.T.);
#153=FACE_BOUND('',#744,.T.);
#154=FACE_BOUND('',#745,.T.);
#155=FACE_BOUND('',#746,.T.);
#156=FACE_BOUND('',#747,.T.);
#157=FACE_BOUND('',#748,.T.);
#158=FACE_BOUND('',#749,.T.);
#159=PLANE('',#3857);
#160=PLANE('',#3858);
#161=PLANE('',#3859);
#162=PLANE('',#3860);
#163=PLANE('',#3861);
#164=PLANE('',#3862);
#165=PLANE('',#3863);
#166=PLANE('',#3864);
#167=PLANE('',#3865);
#168=PLANE('',#3866);
#169=PLANE('',#3867);
#170=PLANE('',#3868);
#171=PLANE('',#3869);
#172=PLANE('',#3870);
#173=PLANE('',#3871);
#174=PLANE('',#3872);
#175=PLANE('',#3873);
#176=PLANE('',#3874);
#177=PLANE('',#3875);
#178=PLANE('',#3876);
#179=PLANE('',#3877);
#180=PLANE('',#3878);
#181=PLANE('',#3879);
#182=PLANE('',#3880);
#183=PLANE('',#3881);
#184=PLANE('',#3882);
#185=PLANE('',#3883);
#186=PLANE('',#3884);
#187=PLANE('',#3885);
#188=PLANE('',#3886);
#189=PLANE('',#3887);
#190=PLANE('',#3888);
#191=PLANE('',#3889);
#192=PLANE('',#3890);
#193=PLANE('',#3891);
#194=PLANE('',#3892);
#195=PLANE('',#3893);
#196=PLANE('',#3894);
#197=PLANE('',#3895);
#198=PLANE('',#3896);
#199=PLANE('',#3897);
#200=PLANE('',#3898);
#201=PLANE('',#3959);
#202=PLANE('',#3960);
#203=PLANE('',#3961);
#204=PLANE('',#3962);
#205=PLANE('',#3963);
#206=PLANE('',#3964);
#207=PLANE('',#3965);
#208=PLANE('',#3966);
#209=PLANE('',#3967);
#210=PLANE('',#3968);
#211=PLANE('',#3969);
#212=PLANE('',#3970);
#213=PLANE('',#3971);
#214=PLANE('',#3972);
#215=PLANE('',#3973);
#216=PLANE('',#3974);
#217=PLANE('',#3975);
#218=PLANE('',#3976);
#219=PLANE('',#3977);
#220=PLANE('',#3978);
#221=PLANE('',#3979);
#222=PLANE('',#3980);
#223=PLANE('',#3981);
#224=PLANE('',#3982);
#225=PLANE('',#3983);
#226=PLANE('',#3984);
#227=PLANE('',#3985);
#228=PLANE('',#3986);
#229=PLANE('',#3987);
#230=PLANE('',#3988);
#231=PLANE('',#3989);
#232=PLANE('',#3990);
#233=PLANE('',#3991);
#234=PLANE('',#3992);
#235=PLANE('',#3993);
#236=PLANE('',#3994);
#237=PLANE('',#4025);
#238=PLANE('',#4038);
#239=PLANE('',#4041);
#240=PLANE('',#4044);
#241=PLANE('',#4059);
#242=PLANE('',#4060);
#243=PLANE('',#4061);
#244=PLANE('',#4062);
#245=PLANE('',#4063);
#246=PLANE('',#4097);
#247=PLANE('',#4135);
#248=PLANE('',#4160);
#249=PLANE('',#4167);
#250=PLANE('',#4170);
#251=PLANE('',#4173);
#252=PLANE('',#4177);
#253=PLANE('',#4179);
#254=PLANE('',#4182);
#255=B_SPLINE_CURVE_WITH_KNOTS('',3,(#5295,#5296,#5297,#5298,#5299,#5300,
#5301,#5302,#5303,#5304),.UNSPECIFIED.,.F.,.F.,(4,2,2,2,4),(0.443816149040381,
0.542521461222122,0.65120140171121,0.759483257287408,0.867765112863605),
 .UNSPECIFIED.);
#256=B_SPLINE_CURVE_WITH_KNOTS('',3,(#5307,#5308,#5309,#5310,#5311,#5312,
#5313,#5314,#5315,#5316),.UNSPECIFIED.,.F.,.F.,(4,2,2,2,4),(0.867765112863605,
0.976046968439802,1.084328824016,1.19300876450509,1.29171407668711),
 .UNSPECIFIED.);
#257=B_SPLINE_CURVE_WITH_KNOTS('',3,(#5599,#5600,#5601,#5602,#5603,#5604,
#5605,#5606,#5607,#5608),.UNSPECIFIED.,.F.,.F.,(4,2,2,2,4),(0.443816149040357,
0.54252146122212,0.651201401711208,0.759483257287405,0.867765112863602),
 .UNSPECIFIED.);
#258=B_SPLINE_CURVE_WITH_KNOTS('',3,(#5611,#5612,#5613,#5614,#5615,#5616,
#5617,#5618,#5619,#5620),.UNSPECIFIED.,.F.,.F.,(4,2,2,2,4),(0.867765112863602,
0.976046968439799,1.084328824016,1.19300876450508,1.29171407668711),
 .UNSPECIFIED.);
#259=B_SPLINE_CURVE_WITH_KNOTS('',3,(#5657,#5658,#5659,#5660,#5661,#5662,
#5663,#5664,#5665,#5666),.UNSPECIFIED.,.F.,.F.,(4,2,2,2,4),(0.443816045671729,
0.542424599623597,0.651007678514161,0.759386409831891,0.867765141149622),
 .UNSPECIFIED.);
#260=B_SPLINE_CURVE_WITH_KNOTS('',3,(#5669,#5670,#5671,#5672,#5673,#5674,
#5675,#5676,#5677,#5678),.UNSPECIFIED.,.F.,.F.,(4,2,2,2,4),(0.867765141149622,
0.976046996725819,1.08432885230202,1.1930087927911,1.29171410497308),
 .UNSPECIFIED.);
#261=B_SPLINE_CURVE_WITH_KNOTS('',3,(#6015,#6016,#6017,#6018,#6019,#6020,
#6021,#6022,#6023,#6024),.UNSPECIFIED.,.F.,.F.,(4,2,2,2,4),(0.443816149040399,
0.542521461222118,0.651201401711207,0.759483257287404,0.867765112863601),
 .UNSPECIFIED.);
#262=B_SPLINE_CURVE_WITH_KNOTS('',3,(#6027,#6028,#6029,#6030,#6031,#6032,
#6033,#6034,#6035,#6036),.UNSPECIFIED.,.F.,.F.,(4,2,2,2,4),(0.867765112863601,
0.976046968439799,1.084328824016,1.19300876450508,1.29171407668706),
 .UNSPECIFIED.);
#263=FACE_OUTER_BOUND('',#455,.T.);
#264=FACE_OUTER_BOUND('',#456,.T.);
#265=FACE_OUTER_BOUND('',#457,.T.);
#266=FACE_OUTER_BOUND('',#458,.T.);
#267=FACE_OUTER_BOUND('',#459,.T.);
#268=FACE_OUTER_BOUND('',#460,.T.);
#269=FACE_OUTER_BOUND('',#461,.T.);
#270=FACE_OUTER_BOUND('',#462,.T.);
#271=FACE_OUTER_BOUND('',#463,.T.);
#272=FACE_OUTER_BOUND('',#464,.T.);
#273=FACE_OUTER_BOUND('',#465,.T.);
#274=FACE_OUTER_BOUND('',#466,.T.);
#275=FACE_OUTER_BOUND('',#467,.T.);
#276=FACE_OUTER_BOUND('',#468,.T.);
#277=FACE_OUTER_BOUND('',#469,.T.);
#278=FACE_OUTER_BOUND('',#470,.T.);
#279=FACE_OUTER_BOUND('',#471,.T.);
#280=FACE_OUTER_BOUND('',#472,.T.);
#281=FACE_OUTER_BOUND('',#473,.T.);
#282=FACE_OUTER_BOUND('',#474,.T.);
#283=FACE_OUTER_BOUND('',#475,.T.);
#284=FACE_OUTER_BOUND('',#476,.T.);
#285=FACE_OUTER_BOUND('',#477,.T.);
#286=FACE_OUTER_BOUND('',#478,.T.);
#287=FACE_OUTER_BOUND('',#479,.T.);
#288=FACE_OUTER_BOUND('',#480,.T.);
#289=FACE_OUTER_BOUND('',#481,.T.);
#290=FACE_OUTER_BOUND('',#482,.T.);
#291=FACE_OUTER_BOUND('',#483,.T.);
#292=FACE_OUTER_BOUND('',#484,.T.);
#293=FACE_OUTER_BOUND('',#485,.T.);
#294=FACE_OUTER_BOUND('',#486,.T.);
#295=FACE_OUTER_BOUND('',#487,.T.);
#296=FACE_OUTER_BOUND('',#488,.T.);
#297=FACE_OUTER_BOUND('',#489,.T.);
#298=FACE_OUTER_BOUND('',#490,.T.);
#299=FACE_OUTER_BOUND('',#491,.T.);
#300=FACE_OUTER_BOUND('',#492,.T.);
#301=FACE_OUTER_BOUND('',#493,.T.);
#302=FACE_OUTER_BOUND('',#494,.T.);
#303=FACE_OUTER_BOUND('',#495,.T.);
#304=FACE_OUTER_BOUND('',#496,.T.);
#305=FACE_OUTER_BOUND('',#497,.T.);
#306=FACE_OUTER_BOUND('',#498,.T.);
#307=FACE_OUTER_BOUND('',#499,.T.);
#308=FACE_OUTER_BOUND('',#500,.T.);
#309=FACE_OUTER_BOUND('',#501,.T.);
#310=FACE_OUTER_BOUND('',#502,.T.);
#311=FACE_OUTER_BOUND('',#503,.T.);
#312=FACE_OUTER_BOUND('',#504,.T.);
#313=FACE_OUTER_BOUND('',#505,.T.);
#314=FACE_OUTER_BOUND('',#506,.T.);
#315=FACE_OUTER_BOUND('',#507,.T.);
#316=FACE_OUTER_BOUND('',#508,.T.);
#317=FACE_OUTER_BOUND('',#509,.T.);
#318=FACE_OUTER_BOUND('',#510,.T.);
#319=FACE_OUTER_BOUND('',#511,.T.);
#320=FACE_OUTER_BOUND('',#512,.T.);
#321=FACE_OUTER_BOUND('',#513,.T.);
#322=FACE_OUTER_BOUND('',#514,.T.);
#323=FACE_OUTER_BOUND('',#515,.T.);
#324=FACE_OUTER_BOUND('',#516,.T.);
#325=FACE_OUTER_BOUND('',#517,.T.);
#326=FACE_OUTER_BOUND('',#518,.T.);
#327=FACE_OUTER_BOUND('',#519,.T.);
#328=FACE_OUTER_BOUND('',#520,.T.);
#329=FACE_OUTER_BOUND('',#521,.T.);
#330=FACE_OUTER_BOUND('',#522,.T.);
#331=FACE_OUTER_BOUND('',#523,.T.);
#332=FACE_OUTER_BOUND('',#524,.T.);
#333=FACE_OUTER_BOUND('',#525,.T.);
#334=FACE_OUTER_BOUND('',#526,.T.);
#335=FACE_OUTER_BOUND('',#527,.T.);
#336=FACE_OUTER_BOUND('',#528,.T.);
#337=FACE_OUTER_BOUND('',#529,.T.);
#338=FACE_OUTER_BOUND('',#530,.T.);
#339=FACE_OUTER_BOUND('',#531,.T.);
#340=FACE_OUTER_BOUND('',#532,.T.);
#341=FACE_OUTER_BOUND('',#533,.T.);
#342=FACE_OUTER_BOUND('',#534,.T.);
#343=FACE_OUTER_BOUND('',#535,.T.);
#344=FACE_OUTER_BOUND('',#536,.T.);
#345=FACE_OUTER_BOUND('',#537,.T.);
#346=FACE_OUTER_BOUND('',#538,.T.);
#347=FACE_OUTER_BOUND('',#539,.T.);
#348=FACE_OUTER_BOUND('',#540,.T.);
#349=FACE_OUTER_BOUND('',#541,.T.);
#350=FACE_OUTER_BOUND('',#542,.T.);
#351=FACE_OUTER_BOUND('',#543,.T.);
#352=FACE_OUTER_BOUND('',#544,.T.);
#353=FACE_OUTER_BOUND('',#545,.T.);
#354=FACE_OUTER_BOUND('',#546,.T.);
#355=FACE_OUTER_BOUND('',#547,.T.);
#356=FACE_OUTER_BOUND('',#548,.T.);
#357=FACE_OUTER_BOUND('',#549,.T.);
#358=FACE_OUTER_BOUND('',#550,.T.);
#359=FACE_OUTER_BOUND('',#551,.T.);
#360=FACE_OUTER_BOUND('',#552,.T.);
#361=FACE_OUTER_BOUND('',#553,.T.);
#362=FACE_OUTER_BOUND('',#554,.T.);
#363=FACE_OUTER_BOUND('',#555,.T.);
#364=FACE_OUTER_BOUND('',#556,.T.);
#365=FACE_OUTER_BOUND('',#557,.T.);
#366=FACE_OUTER_BOUND('',#558,.T.);
#367=FACE_OUTER_BOUND('',#559,.T.);
#368=FACE_OUTER_BOUND('',#560,.T.);
#369=FACE_OUTER_BOUND('',#561,.T.);
#370=FACE_OUTER_BOUND('',#562,.T.);
#371=FACE_OUTER_BOUND('',#563,.T.);
#372=FACE_OUTER_BOUND('',#564,.T.);
#373=FACE_OUTER_BOUND('',#565,.T.);
#374=FACE_OUTER_BOUND('',#566,.T.);
#375=FACE_OUTER_BOUND('',#567,.T.);
#376=FACE_OUTER_BOUND('',#568,.T.);
#377=FACE_OUTER_BOUND('',#569,.T.);
#378=FACE_OUTER_BOUND('',#570,.T.);
#379=FACE_OUTER_BOUND('',#571,.T.);
#380=FACE_OUTER_BOUND('',#572,.T.);
#381=FACE_OUTER_BOUND('',#573,.T.);
#382=FACE_OUTER_BOUND('',#632,.T.);
#383=FACE_OUTER_BOUND('',#633,.T.);
#384=FACE_OUTER_BOUND('',#634,.T.);
#385=FACE_OUTER_BOUND('',#635,.T.);
#386=FACE_OUTER_BOUND('',#636,.T.);
#387=FACE_OUTER_BOUND('',#637,.T.);
#388=FACE_OUTER_BOUND('',#638,.T.);
#389=FACE_OUTER_BOUND('',#639,.T.);
#390=FACE_OUTER_BOUND('',#640,.T.);
#391=FACE_OUTER_BOUND('',#641,.T.);
#392=FACE_OUTER_BOUND('',#642,.T.);
#393=FACE_OUTER_BOUND('',#643,.T.);
#394=FACE_OUTER_BOUND('',#644,.T.);
#395=FACE_OUTER_BOUND('',#645,.T.);
#396=FACE_OUTER_BOUND('',#646,.T.);
#397=FACE_OUTER_BOUND('',#647,.T.);
#398=FACE_OUTER_BOUND('',#648,.T.);
#399=FACE_OUTER_BOUND('',#649,.T.);
#400=FACE_OUTER_BOUND('',#650,.T.);
#401=FACE_OUTER_BOUND('',#651,.T.);
#402=FACE_OUTER_BOUND('',#652,.T.);
#403=FACE_OUTER_BOUND('',#653,.T.);
#404=FACE_OUTER_BOUND('',#654,.T.);
#405=FACE_OUTER_BOUND('',#655,.T.);
#406=FACE_OUTER_BOUND('',#656,.T.);
#407=FACE_OUTER_BOUND('',#657,.T.);
#408=FACE_OUTER_BOUND('',#658,.T.);
#409=FACE_OUTER_BOUND('',#659,.T.);
#410=FACE_OUTER_BOUND('',#660,.T.);
#411=FACE_OUTER_BOUND('',#661,.T.);
#412=FACE_OUTER_BOUND('',#662,.T.);
#413=FACE_OUTER_BOUND('',#663,.T.);
#414=FACE_OUTER_BOUND('',#665,.T.);
#415=FACE_OUTER_BOUND('',#666,.T.);
#416=FACE_OUTER_BOUND('',#667,.T.);
#417=FACE_OUTER_BOUND('',#668,.T.);
#418=FACE_OUTER_BOUND('',#669,.T.);
#419=FACE_OUTER_BOUND('',#670,.T.);
#420=FACE_OUTER_BOUND('',#671,.T.);
#421=FACE_OUTER_BOUND('',#672,.T.);
#422=FACE_OUTER_BOUND('',#673,.T.);
#423=FACE_OUTER_BOUND('',#674,.T.);
#424=FACE_OUTER_BOUND('',#675,.T.);
#425=FACE_OUTER_BOUND('',#676,.T.);
#426=FACE_OUTER_BOUND('',#677,.T.);
#427=FACE_OUTER_BOUND('',#679,.T.);
#428=FACE_OUTER_BOUND('',#680,.T.);
#429=FACE_OUTER_BOUND('',#681,.T.);
#430=FACE_OUTER_BOUND('',#682,.T.);
#431=FACE_OUTER_BOUND('',#683,.T.);
#432=FACE_OUTER_BOUND('',#684,.T.);
#433=FACE_OUTER_BOUND('',#685,.T.);
#434=FACE_OUTER_BOUND('',#686,.T.);
#435=FACE_OUTER_BOUND('',#687,.T.);
#436=FACE_OUTER_BOUND('',#688,.T.);
#437=FACE_OUTER_BOUND('',#689,.T.);
#438=FACE_OUTER_BOUND('',#750,.T.);
#439=FACE_OUTER_BOUND('',#751,.T.);
#440=FACE_OUTER_BOUND('',#752,.T.);
#441=FACE_OUTER_BOUND('',#753,.T.);
#442=FACE_OUTER_BOUND('',#754,.T.);
#443=FACE_OUTER_BOUND('',#755,.T.);
#444=FACE_OUTER_BOUND('',#756,.T.);
#445=FACE_OUTER_BOUND('',#757,.T.);
#446=FACE_OUTER_BOUND('',#758,.T.);
#447=FACE_OUTER_BOUND('',#759,.T.);
#448=FACE_OUTER_BOUND('',#760,.T.);
#449=FACE_OUTER_BOUND('',#761,.T.);
#450=FACE_OUTER_BOUND('',#762,.T.);
#451=FACE_OUTER_BOUND('',#763,.T.);
#452=FACE_OUTER_BOUND('',#764,.T.);
#453=FACE_OUTER_BOUND('',#765,.T.);
#454=FACE_OUTER_BOUND('',#766,.T.);
#455=EDGE_LOOP('',(#2497,#2498,#2499,#2500));
#456=EDGE_LOOP('',(#2501,#2502,#2503,#2504));
#457=EDGE_LOOP('',(#2505,#2506,#2507,#2508));
#458=EDGE_LOOP('',(#2509,#2510,#2511,#2512));
#459=EDGE_LOOP('',(#2513,#2514,#2515,#2516));
#460=EDGE_LOOP('',(#2517,#2518,#2519,#2520));
#461=EDGE_LOOP('',(#2521,#2522,#2523,#2524));
#462=EDGE_LOOP('',(#2525,#2526,#2527,#2528));
#463=EDGE_LOOP('',(#2529,#2530,#2531,#2532,#2533,#2534));
#464=EDGE_LOOP('',(#2535,#2536,#2537,#2538));
#465=EDGE_LOOP('',(#2539,#2540,#2541,#2542));
#466=EDGE_LOOP('',(#2543,#2544,#2545,#2546));
#467=EDGE_LOOP('',(#2547,#2548,#2549,#2550));
#468=EDGE_LOOP('',(#2551,#2552,#2553,#2554));
#469=EDGE_LOOP('',(#2555,#2556,#2557,#2558));
#470=EDGE_LOOP('',(#2559,#2560,#2561,#2562));
#471=EDGE_LOOP('',(#2563,#2564,#2565,#2566));
#472=EDGE_LOOP('',(#2567,#2568,#2569,#2570));
#473=EDGE_LOOP('',(#2571,#2572,#2573,#2574));
#474=EDGE_LOOP('',(#2575,#2576,#2577,#2578));
#475=EDGE_LOOP('',(#2579,#2580,#2581,#2582));
#476=EDGE_LOOP('',(#2583,#2584,#2585,#2586));
#477=EDGE_LOOP('',(#2587,#2588,#2589,#2590));
#478=EDGE_LOOP('',(#2591,#2592,#2593,#2594));
#479=EDGE_LOOP('',(#2595,#2596,#2597,#2598));
#480=EDGE_LOOP('',(#2599,#2600,#2601,#2602));
#481=EDGE_LOOP('',(#2603,#2604,#2605,#2606));
#482=EDGE_LOOP('',(#2607,#2608,#2609,#2610));
#483=EDGE_LOOP('',(#2611,#2612,#2613,#2614));
#484=EDGE_LOOP('',(#2615,#2616,#2617,#2618));
#485=EDGE_LOOP('',(#2619,#2620,#2621,#2622));
#486=EDGE_LOOP('',(#2623,#2624,#2625,#2626));
#487=EDGE_LOOP('',(#2627,#2628,#2629,#2630));
#488=EDGE_LOOP('',(#2631,#2632,#2633,#2634));
#489=EDGE_LOOP('',(#2635,#2636,#2637,#2638));
#490=EDGE_LOOP('',(#2639,#2640,#2641,#2642));
#491=EDGE_LOOP('',(#2643,#2644,#2645,#2646));
#492=EDGE_LOOP('',(#2647,#2648,#2649,#2650));
#493=EDGE_LOOP('',(#2651,#2652,#2653,#2654));
#494=EDGE_LOOP('',(#2655,#2656,#2657,#2658));
#495=EDGE_LOOP('',(#2659,#2660,#2661,#2662));
#496=EDGE_LOOP('',(#2663,#2664,#2665,#2666));
#497=EDGE_LOOP('',(#2667,#2668,#2669,#2670));
#498=EDGE_LOOP('',(#2671,#2672,#2673,#2674));
#499=EDGE_LOOP('',(#2675,#2676,#2677,#2678));
#500=EDGE_LOOP('',(#2679,#2680,#2681,#2682));
#501=EDGE_LOOP('',(#2683,#2684,#2685,#2686));
#502=EDGE_LOOP('',(#2687,#2688,#2689,#2690));
#503=EDGE_LOOP('',(#2691,#2692,#2693,#2694));
#504=EDGE_LOOP('',(#2695,#2696,#2697,#2698));
#505=EDGE_LOOP('',(#2699,#2700,#2701,#2702));
#506=EDGE_LOOP('',(#2703,#2704,#2705,#2706));
#507=EDGE_LOOP('',(#2707,#2708,#2709,#2710));
#508=EDGE_LOOP('',(#2711,#2712,#2713,#2714));
#509=EDGE_LOOP('',(#2715,#2716,#2717,#2718));
#510=EDGE_LOOP('',(#2719,#2720,#2721,#2722,#2723,#2724));
#511=EDGE_LOOP('',(#2725,#2726,#2727,#2728));
#512=EDGE_LOOP('',(#2729,#2730,#2731,#2732));
#513=EDGE_LOOP('',(#2733,#2734,#2735,#2736));
#514=EDGE_LOOP('',(#2737,#2738,#2739,#2740));
#515=EDGE_LOOP('',(#2741,#2742,#2743,#2744));
#516=EDGE_LOOP('',(#2745,#2746,#2747,#2748,#2749,#2750));
#517=EDGE_LOOP('',(#2751,#2752,#2753,#2754));
#518=EDGE_LOOP('',(#2755,#2756,#2757,#2758));
#519=EDGE_LOOP('',(#2759,#2760,#2761,#2762));
#520=EDGE_LOOP('',(#2763,#2764,#2765,#2766));
#521=EDGE_LOOP('',(#2767,#2768,#2769,#2770));
#522=EDGE_LOOP('',(#2771,#2772,#2773,#2774));
#523=EDGE_LOOP('',(#2775,#2776,#2777,#2778));
#524=EDGE_LOOP('',(#2779,#2780,#2781,#2782));
#525=EDGE_LOOP('',(#2783,#2784,#2785,#2786));
#526=EDGE_LOOP('',(#2787,#2788,#2789,#2790));
#527=EDGE_LOOP('',(#2791,#2792,#2793,#2794));
#528=EDGE_LOOP('',(#2795,#2796,#2797,#2798));
#529=EDGE_LOOP('',(#2799,#2800,#2801,#2802));
#530=EDGE_LOOP('',(#2803,#2804,#2805,#2806));
#531=EDGE_LOOP('',(#2807,#2808,#2809,#2810));
#532=EDGE_LOOP('',(#2811,#2812,#2813,#2814));
#533=EDGE_LOOP('',(#2815,#2816,#2817,#2818));
#534=EDGE_LOOP('',(#2819,#2820,#2821,#2822));
#535=EDGE_LOOP('',(#2823,#2824,#2825,#2826));
#536=EDGE_LOOP('',(#2827,#2828,#2829,#2830));
#537=EDGE_LOOP('',(#2831,#2832,#2833,#2834));
#538=EDGE_LOOP('',(#2835,#2836,#2837,#2838));
#539=EDGE_LOOP('',(#2839,#2840,#2841,#2842));
#540=EDGE_LOOP('',(#2843,#2844,#2845,#2846));
#541=EDGE_LOOP('',(#2847,#2848,#2849,#2850));
#542=EDGE_LOOP('',(#2851,#2852,#2853,#2854));
#543=EDGE_LOOP('',(#2855,#2856,#2857,#2858));
#544=EDGE_LOOP('',(#2859,#2860,#2861,#2862));
#545=EDGE_LOOP('',(#2863,#2864,#2865,#2866));
#546=EDGE_LOOP('',(#2867,#2868,#2869,#2870));
#547=EDGE_LOOP('',(#2871,#2872,#2873,#2874));
#548=EDGE_LOOP('',(#2875,#2876,#2877,#2878));
#549=EDGE_LOOP('',(#2879,#2880,#2881,#2882));
#550=EDGE_LOOP('',(#2883,#2884,#2885,#2886));
#551=EDGE_LOOP('',(#2887,#2888,#2889,#2890));
#552=EDGE_LOOP('',(#2891,#2892,#2893,#2894));
#553=EDGE_LOOP('',(#2895,#2896,#2897,#2898));
#554=EDGE_LOOP('',(#2899,#2900,#2901,#2902));
#555=EDGE_LOOP('',(#2903,#2904,#2905,#2906));
#556=EDGE_LOOP('',(#2907,#2908,#2909,#2910));
#557=EDGE_LOOP('',(#2911,#2912,#2913,#2914));
#558=EDGE_LOOP('',(#2915,#2916,#2917,#2918));
#559=EDGE_LOOP('',(#2919,#2920,#2921,#2922));
#560=EDGE_LOOP('',(#2923,#2924,#2925,#2926));
#561=EDGE_LOOP('',(#2927,#2928,#2929,#2930));
#562=EDGE_LOOP('',(#2931,#2932,#2933,#2934));
#563=EDGE_LOOP('',(#2935,#2936,#2937,#2938));
#564=EDGE_LOOP('',(#2939,#2940,#2941,#2942));
#565=EDGE_LOOP('',(#2943,#2944,#2945,#2946));
#566=EDGE_LOOP('',(#2947,#2948,#2949,#2950));
#567=EDGE_LOOP('',(#2951,#2952,#2953,#2954));
#568=EDGE_LOOP('',(#2955,#2956,#2957,#2958));
#569=EDGE_LOOP('',(#2959,#2960,#2961,#2962));
#570=EDGE_LOOP('',(#2963,#2964,#2965,#2966));
#571=EDGE_LOOP('',(#2967,#2968,#2969,#2970));
#572=EDGE_LOOP('',(#2971,#2972,#2973,#2974,#2975,#2976));
#573=EDGE_LOOP('',(#2977,#2978,#2979,#2980,#2981,#2982,#2983,#2984));
#574=EDGE_LOOP('',(#2985));
#575=EDGE_LOOP('',(#2986));
#576=EDGE_LOOP('',(#2987));
#577=EDGE_LOOP('',(#2988));
#578=EDGE_LOOP('',(#2989));
#579=EDGE_LOOP('',(#2990));
#580=EDGE_LOOP('',(#2991));
#581=EDGE_LOOP('',(#2992));
#582=EDGE_LOOP('',(#2993));
#583=EDGE_LOOP('',(#2994,#2995,#2996,#2997));
#584=EDGE_LOOP('',(#2998,#2999,#3000,#3001));
#585=EDGE_LOOP('',(#3002,#3003,#3004,#3005));
#586=EDGE_LOOP('',(#3006,#3007,#3008,#3009));
#587=EDGE_LOOP('',(#3010,#3011,#3012,#3013,#3014,#3015,#3016,#3017,#3018,
#3019));
#588=EDGE_LOOP('',(#3020,#3021,#3022,#3023));
#589=EDGE_LOOP('',(#3024,#3025,#3026,#3027));
#590=EDGE_LOOP('',(#3028,#3029,#3030,#3031));
#591=EDGE_LOOP('',(#3032,#3033,#3034,#3035));
#592=EDGE_LOOP('',(#3036));
#593=EDGE_LOOP('',(#3037));
#594=EDGE_LOOP('',(#3038));
#595=EDGE_LOOP('',(#3039));
#596=EDGE_LOOP('',(#3040));
#597=EDGE_LOOP('',(#3041));
#598=EDGE_LOOP('',(#3042));
#599=EDGE_LOOP('',(#3043));
#600=EDGE_LOOP('',(#3044));
#601=EDGE_LOOP('',(#3045));
#602=EDGE_LOOP('',(#3046));
#603=EDGE_LOOP('',(#3047));
#604=EDGE_LOOP('',(#3048));
#605=EDGE_LOOP('',(#3049));
#606=EDGE_LOOP('',(#3050));
#607=EDGE_LOOP('',(#3051));
#608=EDGE_LOOP('',(#3052));
#609=EDGE_LOOP('',(#3053));
#610=EDGE_LOOP('',(#3054,#3055,#3056,#3057));
#611=EDGE_LOOP('',(#3058,#3059,#3060,#3061));
#612=EDGE_LOOP('',(#3062,#3063,#3064,#3065));
#613=EDGE_LOOP('',(#3066,#3067,#3068,#3069));
#614=EDGE_LOOP('',(#3070,#3071,#3072,#3073));
#615=EDGE_LOOP('',(#3074,#3075,#3076,#3077));
#616=EDGE_LOOP('',(#3078,#3079,#3080,#3081));
#617=EDGE_LOOP('',(#3082,#3083,#3084,#3085));
#618=EDGE_LOOP('',(#3086,#3087,#3088,#3089));
#619=EDGE_LOOP('',(#3090));
#620=EDGE_LOOP('',(#3091));
#621=EDGE_LOOP('',(#3092));
#622=EDGE_LOOP('',(#3093));
#623=EDGE_LOOP('',(#3094));
#624=EDGE_LOOP('',(#3095));
#625=EDGE_LOOP('',(#3096));
#626=EDGE_LOOP('',(#3097));
#627=EDGE_LOOP('',(#3098));
#628=EDGE_LOOP('',(#3099,#3100));
#629=EDGE_LOOP('',(#3101,#3102));
#630=EDGE_LOOP('',(#3103,#3104));
#631=EDGE_LOOP('',(#3105,#3106));
#632=EDGE_LOOP('',(#3107,#3108,#3109));
#633=EDGE_LOOP('',(#3110,#3111,#3112));
#634=EDGE_LOOP('',(#3113,#3114,#3115));
#635=EDGE_LOOP('',(#3116,#3117,#3118));
#636=EDGE_LOOP('',(#3119,#3120,#3121,#3122));
#637=EDGE_LOOP('',(#3123,#3124,#3125,#3126));
#638=EDGE_LOOP('',(#3127,#3128,#3129,#3130));
#639=EDGE_LOOP('',(#3131,#3132,#3133,#3134));
#640=EDGE_LOOP('',(#3135,#3136,#3137,#3138));
#641=EDGE_LOOP('',(#3139,#3140,#3141,#3142));
#642=EDGE_LOOP('',(#3143,#3144,#3145,#3146));
#643=EDGE_LOOP('',(#3147,#3148,#3149,#3150));
#644=EDGE_LOOP('',(#3151,#3152,#3153,#3154));
#645=EDGE_LOOP('',(#3155,#3156,#3157,#3158));
#646=EDGE_LOOP('',(#3159,#3160,#3161,#3162));
#647=EDGE_LOOP('',(#3163,#3164,#3165,#3166));
#648=EDGE_LOOP('',(#3167,#3168,#3169,#3170));
#649=EDGE_LOOP('',(#3171,#3172,#3173,#3174));
#650=EDGE_LOOP('',(#3175,#3176,#3177,#3178));
#651=EDGE_LOOP('',(#3179,#3180,#3181,#3182));
#652=EDGE_LOOP('',(#3183,#3184,#3185,#3186));
#653=EDGE_LOOP('',(#3187,#3188,#3189,#3190));
#654=EDGE_LOOP('',(#3191,#3192,#3193,#3194));
#655=EDGE_LOOP('',(#3195,#3196,#3197,#3198));
#656=EDGE_LOOP('',(#3199,#3200,#3201,#3202));
#657=EDGE_LOOP('',(#3203,#3204,#3205,#3206));
#658=EDGE_LOOP('',(#3207,#3208,#3209,#3210));
#659=EDGE_LOOP('',(#3211,#3212,#3213,#3214));
#660=EDGE_LOOP('',(#3215,#3216,#3217,#3218));
#661=EDGE_LOOP('',(#3219,#3220,#3221,#3222));
#662=EDGE_LOOP('',(#3223,#3224,#3225,#3226));
#663=EDGE_LOOP('',(#3227,#3228,#3229,#3230,#3231,#3232,#3233,#3234));
#664=EDGE_LOOP('',(#3235,#3236,#3237,#3238,#3239,#3240,#3241,#3242));
#665=EDGE_LOOP('',(#3243,#3244,#3245,#3246));
#666=EDGE_LOOP('',(#3247,#3248,#3249,#3250));
#667=EDGE_LOOP('',(#3251,#3252,#3253,#3254));
#668=EDGE_LOOP('',(#3255,#3256,#3257,#3258));
#669=EDGE_LOOP('',(#3259,#3260,#3261,#3262));
#670=EDGE_LOOP('',(#3263,#3264,#3265,#3266));
#671=EDGE_LOOP('',(#3267,#3268,#3269,#3270));
#672=EDGE_LOOP('',(#3271,#3272,#3273,#3274));
#673=EDGE_LOOP('',(#3275,#3276,#3277,#3278));
#674=EDGE_LOOP('',(#3279,#3280,#3281,#3282));
#675=EDGE_LOOP('',(#3283,#3284,#3285,#3286));
#676=EDGE_LOOP('',(#3287,#3288,#3289,#3290));
#677=EDGE_LOOP('',(#3291,#3292,#3293,#3294,#3295,#3296,#3297,#3298));
#678=EDGE_LOOP('',(#3299,#3300,#3301,#3302,#3303,#3304,#3305,#3306));
#679=EDGE_LOOP('',(#3307,#3308,#3309,#3310));
#680=EDGE_LOOP('',(#3311,#3312,#3313,#3314));
#681=EDGE_LOOP('',(#3315,#3316,#3317,#3318));
#682=EDGE_LOOP('',(#3319,#3320,#3321,#3322));
#683=EDGE_LOOP('',(#3323,#3324,#3325,#3326));
#684=EDGE_LOOP('',(#3327,#3328,#3329,#3330));
#685=EDGE_LOOP('',(#3331,#3332,#3333,#3334));
#686=EDGE_LOOP('',(#3335,#3336,#3337,#3338));
#687=EDGE_LOOP('',(#3339,#3340,#3341,#3342));
#688=EDGE_LOOP('',(#3343,#3344,#3345,#3346));
#689=EDGE_LOOP('',(#3347,#3348,#3349,#3350,#3351,#3352,#3353,#3354));
#690=EDGE_LOOP('',(#3355));
#691=EDGE_LOOP('',(#3356));
#692=EDGE_LOOP('',(#3357));
#693=EDGE_LOOP('',(#3358));
#694=EDGE_LOOP('',(#3359));
#695=EDGE_LOOP('',(#3360));
#696=EDGE_LOOP('',(#3361));
#697=EDGE_LOOP('',(#3362));
#698=EDGE_LOOP('',(#3363));
#699=EDGE_LOOP('',(#3364));
#700=EDGE_LOOP('',(#3365,#3366,#3367,#3368));
#701=EDGE_LOOP('',(#3369,#3370,#3371,#3372));
#702=EDGE_LOOP('',(#3373,#3374,#3375,#3376));
#703=EDGE_LOOP('',(#3377,#3378,#3379,#3380));
#704=EDGE_LOOP('',(#3381,#3382,#3383,#3384,#3385,#3386,#3387,#3388,#3389,
#3390));
#705=EDGE_LOOP('',(#3391,#3392,#3393,#3394));
#706=EDGE_LOOP('',(#3395,#3396,#3397,#3398));
#707=EDGE_LOOP('',(#3399,#3400,#3401,#3402));
#708=EDGE_LOOP('',(#3403,#3404,#3405,#3406));
#709=EDGE_LOOP('',(#3407));
#710=EDGE_LOOP('',(#3408));
#711=EDGE_LOOP('',(#3409));
#712=EDGE_LOOP('',(#3410));
#713=EDGE_LOOP('',(#3411));
#714=EDGE_LOOP('',(#3412));
#715=EDGE_LOOP('',(#3413));
#716=EDGE_LOOP('',(#3414));
#717=EDGE_LOOP('',(#3415));
#718=EDGE_LOOP('',(#3416));
#719=EDGE_LOOP('',(#3417));
#720=EDGE_LOOP('',(#3418));
#721=EDGE_LOOP('',(#3419));
#722=EDGE_LOOP('',(#3420));
#723=EDGE_LOOP('',(#3421));
#724=EDGE_LOOP('',(#3422));
#725=EDGE_LOOP('',(#3423));
#726=EDGE_LOOP('',(#3424));
#727=EDGE_LOOP('',(#3425));
#728=EDGE_LOOP('',(#3426));
#729=EDGE_LOOP('',(#3427,#3428,#3429,#3430));
#730=EDGE_LOOP('',(#3431,#3432,#3433,#3434));
#731=EDGE_LOOP('',(#3435,#3436,#3437,#3438));
#732=EDGE_LOOP('',(#3439,#3440,#3441,#3442));
#733=EDGE_LOOP('',(#3443,#3444,#3445,#3446));
#734=EDGE_LOOP('',(#3447,#3448,#3449,#3450));
#735=EDGE_LOOP('',(#3451,#3452,#3453,#3454));
#736=EDGE_LOOP('',(#3455,#3456,#3457,#3458));
#737=EDGE_LOOP('',(#3459,#3460,#3461,#3462));
#738=EDGE_LOOP('',(#3463));
#739=EDGE_LOOP('',(#3464));
#740=EDGE_LOOP('',(#3465));
#741=EDGE_LOOP('',(#3466));
#742=EDGE_LOOP('',(#3467));
#743=EDGE_LOOP('',(#3468));
#744=EDGE_LOOP('',(#3469));
#745=EDGE_LOOP('',(#3470));
#746=EDGE_LOOP('',(#3471));
#747=EDGE_LOOP('',(#3472));
#748=EDGE_LOOP('',(#3473,#3474,#3475,#3476));
#749=EDGE_LOOP('',(#3477,#3478,#3479,#3480));
#750=EDGE_LOOP('',(#3481,#3482,#3483,#3484));
#751=EDGE_LOOP('',(#3485,#3486,#3487,#3488));
#752=EDGE_LOOP('',(#3489,#3490,#3491,#3492));
#753=EDGE_LOOP('',(#3493,#3494,#3495,#3496));
#754=EDGE_LOOP('',(#3497,#3498,#3499,#3500));
#755=EDGE_LOOP('',(#3501,#3502,#3503,#3504));
#756=EDGE_LOOP('',(#3505,#3506,#3507,#3508));
#757=EDGE_LOOP('',(#3509,#3510,#3511,#3512));
#758=EDGE_LOOP('',(#3513,#3514,#3515,#3516));
#759=EDGE_LOOP('',(#3517,#3518,#3519,#3520));
#760=EDGE_LOOP('',(#3521,#3522,#3523,#3524));
#761=EDGE_LOOP('',(#3525,#3526,#3527,#3528));
#762=EDGE_LOOP('',(#3529,#3530,#3531,#3532));
#763=EDGE_LOOP('',(#3533,#3534,#3535,#3536));
#764=EDGE_LOOP('',(#3537,#3538,#3539,#3540));
#765=EDGE_LOOP('',(#3541,#3542,#3543,#3544));
#766=EDGE_LOOP('',(#3545,#3546,#3547,#3548));
#767=LINE('',#5248,#1113);
#768=LINE('',#5254,#1114);
#769=LINE('',#5260,#1115);
#770=LINE('',#5266,#1116);
#771=LINE('',#5272,#1117);
#772=LINE('',#5278,#1118);
#773=LINE('',#5284,#1119);
#774=LINE('',#5290,#1120);
#775=LINE('',#5318,#1121);
#776=LINE('',#5324,#1122);
#777=LINE('',#5329,#1123);
#778=LINE('',#5331,#1124);
#779=LINE('',#5333,#1125);
#780=LINE('',#5334,#1126);
#781=LINE('',#5337,#1127);
#782=LINE('',#5339,#1128);
#783=LINE('',#5340,#1129);
#784=LINE('',#5343,#1130);
#785=LINE('',#5345,#1131);
#786=LINE('',#5346,#1132);
#787=LINE('',#5348,#1133);
#788=LINE('',#5349,#1134);
#789=LINE('',#5353,#1135);
#790=LINE('',#5355,#1136);
#791=LINE('',#5357,#1137);
#792=LINE('',#5358,#1138);
#793=LINE('',#5361,#1139);
#794=LINE('',#5363,#1140);
#795=LINE('',#5364,#1141);
#796=LINE('',#5367,#1142);
#797=LINE('',#5369,#1143);
#798=LINE('',#5370,#1144);
#799=LINE('',#5372,#1145);
#800=LINE('',#5373,#1146);
#801=LINE('',#5377,#1147);
#802=LINE('',#5379,#1148);
#803=LINE('',#5381,#1149);
#804=LINE('',#5382,#1150);
#805=LINE('',#5385,#1151);
#806=LINE('',#5387,#1152);
#807=LINE('',#5388,#1153);
#808=LINE('',#5391,#1154);
#809=LINE('',#5393,#1155);
#810=LINE('',#5394,#1156);
#811=LINE('',#5396,#1157);
#812=LINE('',#5397,#1158);
#813=LINE('',#5401,#1159);
#814=LINE('',#5403,#1160);
#815=LINE('',#5405,#1161);
#816=LINE('',#5406,#1162);
#817=LINE('',#5409,#1163);
#818=LINE('',#5411,#1164);
#819=LINE('',#5412,#1165);
#820=LINE('',#5415,#1166);
#821=LINE('',#5417,#1167);
#822=LINE('',#5418,#1168);
#823=LINE('',#5420,#1169);
#824=LINE('',#5421,#1170);
#825=LINE('',#5425,#1171);
#826=LINE('',#5427,#1172);
#827=LINE('',#5429,#1173);
#828=LINE('',#5430,#1174);
#829=LINE('',#5433,#1175);
#830=LINE('',#5435,#1176);
#831=LINE('',#5436,#1177);
#832=LINE('',#5439,#1178);
#833=LINE('',#5441,#1179);
#834=LINE('',#5442,#1180);
#835=LINE('',#5445,#1181);
#836=LINE('',#5447,#1182);
#837=LINE('',#5448,#1183);
#838=LINE('',#5451,#1184);
#839=LINE('',#5453,#1185);
#840=LINE('',#5454,#1186);
#841=LINE('',#5457,#1187);
#842=LINE('',#5459,#1188);
#843=LINE('',#5460,#1189);
#844=LINE('',#5463,#1190);
#845=LINE('',#5465,#1191);
#846=LINE('',#5466,#1192);
#847=LINE('',#5469,#1193);
#848=LINE('',#5471,#1194);
#849=LINE('',#5472,#1195);
#850=LINE('',#5475,#1196);
#851=LINE('',#5477,#1197);
#852=LINE('',#5478,#1198);
#853=LINE('',#5480,#1199);
#854=LINE('',#5481,#1200);
#855=LINE('',#5485,#1201);
#856=LINE('',#5487,#1202);
#857=LINE('',#5489,#1203);
#858=LINE('',#5490,#1204);
#859=LINE('',#5493,#1205);
#860=LINE('',#5495,#1206);
#861=LINE('',#5496,#1207);
#862=LINE('',#5499,#1208);
#863=LINE('',#5501,#1209);
#864=LINE('',#5502,#1210);
#865=LINE('',#5504,#1211);
#866=LINE('',#5505,#1212);
#867=LINE('',#5509,#1213);
#868=LINE('',#5511,#1214);
#869=LINE('',#5513,#1215);
#870=LINE('',#5514,#1216);
#871=LINE('',#5517,#1217);
#872=LINE('',#5519,#1218);
#873=LINE('',#5520,#1219);
#874=LINE('',#5523,#1220);
#875=LINE('',#5525,#1221);
#876=LINE('',#5526,#1222);
#877=LINE('',#5528,#1223);
#878=LINE('',#5529,#1224);
#879=LINE('',#5533,#1225);
#880=LINE('',#5535,#1226);
#881=LINE('',#5537,#1227);
#882=LINE('',#5538,#1228);
#883=LINE('',#5541,#1229);
#884=LINE('',#5543,#1230);
#885=LINE('',#5544,#1231);
#886=LINE('',#5547,#1232);
#887=LINE('',#5549,#1233);
#888=LINE('',#5550,#1234);
#889=LINE('',#5552,#1235);
#890=LINE('',#5553,#1236);
#891=LINE('',#5557,#1237);
#892=LINE('',#5559,#1238);
#893=LINE('',#5561,#1239);
#894=LINE('',#5562,#1240);
#895=LINE('',#5565,#1241);
#896=LINE('',#5567,#1242);
#897=LINE('',#5568,#1243);
#898=LINE('',#5571,#1244);
#899=LINE('',#5573,#1245);
#900=LINE('',#5574,#1246);
#901=LINE('',#5576,#1247);
#902=LINE('',#5577,#1248);
#903=LINE('',#5582,#1249);
#904=LINE('',#5588,#1250);
#905=LINE('',#5594,#1251);
#906=LINE('',#5622,#1252);
#907=LINE('',#5628,#1253);
#908=LINE('',#5634,#1254);
#909=LINE('',#5640,#1255);
#910=LINE('',#5646,#1256);
#911=LINE('',#5652,#1257);
#912=LINE('',#5680,#1258);
#913=LINE('',#5686,#1259);
#914=LINE('',#5692,#1260);
#915=LINE('',#5698,#1261);
#916=LINE('',#5704,#1262);
#917=LINE('',#5710,#1263);
#918=LINE('',#5716,#1264);
#919=LINE('',#5722,#1265);
#920=LINE('',#5728,#1266);
#921=LINE('',#5734,#1267);
#922=LINE('',#5740,#1268);
#923=LINE('',#5745,#1269);
#924=LINE('',#5747,#1270);
#925=LINE('',#5749,#1271);
#926=LINE('',#5750,#1272);
#927=LINE('',#5753,#1273);
#928=LINE('',#5755,#1274);
#929=LINE('',#5756,#1275);
#930=LINE('',#5759,#1276);
#931=LINE('',#5761,#1277);
#932=LINE('',#5762,#1278);
#933=LINE('',#5764,#1279);
#934=LINE('',#5765,#1280);
#935=LINE('',#5769,#1281);
#936=LINE('',#5771,#1282);
#937=LINE('',#5773,#1283);
#938=LINE('',#5774,#1284);
#939=LINE('',#5777,#1285);
#940=LINE('',#5779,#1286);
#941=LINE('',#5780,#1287);
#942=LINE('',#5783,#1288);
#943=LINE('',#5785,#1289);
#944=LINE('',#5786,#1290);
#945=LINE('',#5788,#1291);
#946=LINE('',#5789,#1292);
#947=LINE('',#5793,#1293);
#948=LINE('',#5795,#1294);
#949=LINE('',#5797,#1295);
#950=LINE('',#5798,#1296);
#951=LINE('',#5801,#1297);
#952=LINE('',#5803,#1298);
#953=LINE('',#5804,#1299);
#954=LINE('',#5807,#1300);
#955=LINE('',#5809,#1301);
#956=LINE('',#5810,#1302);
#957=LINE('',#5812,#1303);
#958=LINE('',#5813,#1304);
#959=LINE('',#5817,#1305);
#960=LINE('',#5819,#1306);
#961=LINE('',#5821,#1307);
#962=LINE('',#5822,#1308);
#963=LINE('',#5825,#1309);
#964=LINE('',#5827,#1310);
#965=LINE('',#5828,#1311);
#966=LINE('',#5831,#1312);
#967=LINE('',#5833,#1313);
#968=LINE('',#5834,#1314);
#969=LINE('',#5836,#1315);
#970=LINE('',#5837,#1316);
#971=LINE('',#5841,#1317);
#972=LINE('',#5843,#1318);
#973=LINE('',#5845,#1319);
#974=LINE('',#5846,#1320);
#975=LINE('',#5849,#1321);
#976=LINE('',#5851,#1322);
#977=LINE('',#5852,#1323);
#978=LINE('',#5855,#1324);
#979=LINE('',#5857,#1325);
#980=LINE('',#5858,#1326);
#981=LINE('',#5860,#1327);
#982=LINE('',#5861,#1328);
#983=LINE('',#5865,#1329);
#984=LINE('',#5867,#1330);
#985=LINE('',#5869,#1331);
#986=LINE('',#5870,#1332);
#987=LINE('',#5873,#1333);
#988=LINE('',#5875,#1334);
#989=LINE('',#5876,#1335);
#990=LINE('',#5879,#1336);
#991=LINE('',#5881,#1337);
#992=LINE('',#5882,#1338);
#993=LINE('',#5884,#1339);
#994=LINE('',#5885,#1340);
#995=LINE('',#5889,#1341);
#996=LINE('',#5891,#1342);
#997=LINE('',#5893,#1343);
#998=LINE('',#5894,#1344);
#999=LINE('',#5897,#1345);
#1000=LINE('',#5899,#1346);
#1001=LINE('',#5900,#1347);
#1002=LINE('',#5903,#1348);
#1003=LINE('',#5905,#1349);
#1004=LINE('',#5906,#1350);
#1005=LINE('',#5908,#1351);
#1006=LINE('',#5909,#1352);
#1007=LINE('',#5913,#1353);
#1008=LINE('',#5915,#1354);
#1009=LINE('',#5917,#1355);
#1010=LINE('',#5918,#1356);
#1011=LINE('',#5921,#1357);
#1012=LINE('',#5923,#1358);
#1013=LINE('',#5924,#1359);
#1014=LINE('',#5927,#1360);
#1015=LINE('',#5929,#1361);
#1016=LINE('',#5930,#1362);
#1017=LINE('',#5932,#1363);
#1018=LINE('',#5933,#1364);
#1019=LINE('',#5937,#1365);
#1020=LINE('',#5939,#1366);
#1021=LINE('',#5941,#1367);
#1022=LINE('',#5942,#1368);
#1023=LINE('',#5945,#1369);
#1024=LINE('',#5947,#1370);
#1025=LINE('',#5948,#1371);
#1026=LINE('',#5951,#1372);
#1027=LINE('',#5953,#1373);
#1028=LINE('',#5954,#1374);
#1029=LINE('',#5956,#1375);
#1030=LINE('',#5957,#1376);
#1031=LINE('',#5962,#1377);
#1032=LINE('',#5968,#1378);
#1033=LINE('',#5974,#1379);
#1034=LINE('',#5980,#1380);
#1035=LINE('',#5986,#1381);
#1036=LINE('',#5992,#1382);
#1037=LINE('',#5998,#1383);
#1038=LINE('',#6004,#1384);
#1039=LINE('',#6010,#1385);
#1040=LINE('',#6038,#1386);
#1041=LINE('',#6043,#1387);
#1042=LINE('',#6047,#1388);
#1043=LINE('',#6051,#1389);
#1044=LINE('',#6055,#1390);
#1045=LINE('',#6067,#1391);
#1046=LINE('',#6069,#1392);
#1047=LINE('',#6070,#1393);
#1048=LINE('',#6073,#1394);
#1049=LINE('',#6077,#1395);
#1050=LINE('',#6078,#1396);
#1051=LINE('',#6081,#1397);
#1052=LINE('',#6086,#1398);
#1053=LINE('',#6088,#1399);
#1054=LINE('',#6090,#1400);
#1055=LINE('',#6091,#1401);
#1056=LINE('',#6096,#1402);
#1057=LINE('',#6103,#1403);
#1058=LINE('',#6106,#1404);
#1059=LINE('',#6110,#1405);
#1060=LINE('',#6116,#1406);
#1061=LINE('',#6122,#1407);
#1062=LINE('',#6125,#1408);
#1063=LINE('',#6127,#1409);
#1064=LINE('',#6128,#1410);
#1065=LINE('',#6130,#1411);
#1066=LINE('',#6131,#1412);
#1067=LINE('',#6134,#1413);
#1068=LINE('',#6135,#1414);
#1069=LINE('',#6150,#1415);
#1070=LINE('',#6151,#1416);
#1071=LINE('',#6156,#1417);
#1072=LINE('',#6157,#1418);
#1073=LINE('',#6174,#1419);
#1074=LINE('',#6175,#1420);
#1075=LINE('',#6180,#1421);
#1076=LINE('',#6181,#1422);
#1077=LINE('',#6189,#1423);
#1078=LINE('',#6206,#1424);
#1079=LINE('',#6222,#1425);
#1080=LINE('',#6226,#1426);
#1081=LINE('',#6230,#1427);
#1082=LINE('',#6234,#1428);
#1083=LINE('',#6249,#1429);
#1084=LINE('',#6250,#1430);
#1085=LINE('',#6255,#1431);
#1086=LINE('',#6256,#1432);
#1087=LINE('',#6273,#1433);
#1088=LINE('',#6274,#1434);
#1089=LINE('',#6279,#1435);
#1090=LINE('',#6280,#1436);
#1091=LINE('',#6288,#1437);
#1092=LINE('',#6305,#1438);
#1093=LINE('',#6320,#1439);
#1094=LINE('',#6323,#1440);
#1095=LINE('',#6329,#1441);
#1096=LINE('',#6342,#1442);
#1097=LINE('',#6345,#1443);
#1098=LINE('',#6353,#1444);
#1099=LINE('',#6371,#1445);
#1100=LINE('',#6375,#1446);
#1101=LINE('',#6379,#1447);
#1102=LINE('',#6382,#1448);
#1103=LINE('',#6394,#1449);
#1104=LINE('',#6395,#1450);
#1105=LINE('',#6397,#1451);
#1106=LINE('',#6409,#1452);
#1107=LINE('',#6411,#1453);
#1108=LINE('',#6415,#1454);
#1109=LINE('',#6417,#1455);
#1110=LINE('',#6429,#1456);
#1111=LINE('',#6433,#1457);
#1112=LINE('',#6435,#1458);
#1113=VECTOR('',#4189,1.64719929865502);
#1114=VECTOR('',#4196,1.64719929865502);
#1115=VECTOR('',#4203,1.64719929865502);
#1116=VECTOR('',#4210,1.64719929865502);
#1117=VECTOR('',#4217,1.64719929865502);
#1118=VECTOR('',#4224,1.64719929865502);
#1119=VECTOR('',#4231,1.64719929865501);
#1120=VECTOR('',#4238,1.64719929865501);
#1121=VECTOR('',#4245,2.875);
#1122=VECTOR('',#4252,1.64719929865502);
#1123=VECTOR('',#4257,10.);
#1124=VECTOR('',#4258,10.);
#1125=VECTOR('',#4259,10.);
#1126=VECTOR('',#4260,10.);
#1127=VECTOR('',#4263,10.);
#1128=VECTOR('',#4264,10.);
#1129=VECTOR('',#4265,10.);
#1130=VECTOR('',#4268,10.);
#1131=VECTOR('',#4269,10.);
#1132=VECTOR('',#4270,10.);
#1133=VECTOR('',#4273,10.);
#1134=VECTOR('',#4274,10.);
#1135=VECTOR('',#4277,10.);
#1136=VECTOR('',#4278,10.);
#1137=VECTOR('',#4279,10.);
#1138=VECTOR('',#4280,10.);
#1139=VECTOR('',#4283,10.);
#1140=VECTOR('',#4284,10.);
#1141=VECTOR('',#4285,10.);
#1142=VECTOR('',#4288,10.);
#1143=VECTOR('',#4289,10.);
#1144=VECTOR('',#4290,10.);
#1145=VECTOR('',#4293,10.);
#1146=VECTOR('',#4294,10.);
#1147=VECTOR('',#4297,10.);
#1148=VECTOR('',#4298,10.);
#1149=VECTOR('',#4299,10.);
#1150=VECTOR('',#4300,10.);
#1151=VECTOR('',#4303,10.);
#1152=VECTOR('',#4304,10.);
#1153=VECTOR('',#4305,10.);
#1154=VECTOR('',#4308,10.);
#1155=VECTOR('',#4309,10.);
#1156=VECTOR('',#4310,10.);
#1157=VECTOR('',#4313,10.);
#1158=VECTOR('',#4314,10.);
#1159=VECTOR('',#4317,10.);
#1160=VECTOR('',#4318,10.);
#1161=VECTOR('',#4319,10.);
#1162=VECTOR('',#4320,10.);
#1163=VECTOR('',#4323,10.);
#1164=VECTOR('',#4324,10.);
#1165=VECTOR('',#4325,10.);
#1166=VECTOR('',#4328,10.);
#1167=VECTOR('',#4329,10.);
#1168=VECTOR('',#4330,10.);
#1169=VECTOR('',#4333,10.);
#1170=VECTOR('',#4334,10.);
#1171=VECTOR('',#4337,10.);
#1172=VECTOR('',#4338,10.);
#1173=VECTOR('',#4339,10.);
#1174=VECTOR('',#4340,10.);
#1175=VECTOR('',#4343,10.);
#1176=VECTOR('',#4344,10.);
#1177=VECTOR('',#4345,10.);
#1178=VECTOR('',#4348,10.);
#1179=VECTOR('',#4349,10.);
#1180=VECTOR('',#4350,10.);
#1181=VECTOR('',#4353,10.);
#1182=VECTOR('',#4354,10.);
#1183=VECTOR('',#4355,10.);
#1184=VECTOR('',#4358,10.);
#1185=VECTOR('',#4359,10.);
#1186=VECTOR('',#4360,10.);
#1187=VECTOR('',#4363,10.);
#1188=VECTOR('',#4364,10.);
#1189=VECTOR('',#4365,10.);
#1190=VECTOR('',#4368,10.);
#1191=VECTOR('',#4369,10.);
#1192=VECTOR('',#4370,10.);
#1193=VECTOR('',#4373,10.);
#1194=VECTOR('',#4374,10.);
#1195=VECTOR('',#4375,10.);
#1196=VECTOR('',#4378,10.);
#1197=VECTOR('',#4379,10.);
#1198=VECTOR('',#4380,10.);
#1199=VECTOR('',#4383,10.);
#1200=VECTOR('',#4384,10.);
#1201=VECTOR('',#4387,10.);
#1202=VECTOR('',#4388,10.);
#1203=VECTOR('',#4389,10.);
#1204=VECTOR('',#4390,10.);
#1205=VECTOR('',#4393,10.);
#1206=VECTOR('',#4394,10.);
#1207=VECTOR('',#4395,10.);
#1208=VECTOR('',#4398,10.);
#1209=VECTOR('',#4399,10.);
#1210=VECTOR('',#4400,10.);
#1211=VECTOR('',#4403,10.);
#1212=VECTOR('',#4404,10.);
#1213=VECTOR('',#4407,10.);
#1214=VECTOR('',#4408,10.);
#1215=VECTOR('',#4409,10.);
#1216=VECTOR('',#4410,10.);
#1217=VECTOR('',#4413,10.);
#1218=VECTOR('',#4414,10.);
#1219=VECTOR('',#4415,10.);
#1220=VECTOR('',#4418,10.);
#1221=VECTOR('',#4419,10.);
#1222=VECTOR('',#4420,10.);
#1223=VECTOR('',#4423,10.);
#1224=VECTOR('',#4424,10.);
#1225=VECTOR('',#4427,10.);
#1226=VECTOR('',#4428,10.);
#1227=VECTOR('',#4429,10.);
#1228=VECTOR('',#4430,10.);
#1229=VECTOR('',#4433,10.);
#1230=VECTOR('',#4434,10.);
#1231=VECTOR('',#4435,10.);
#1232=VECTOR('',#4438,10.);
#1233=VECTOR('',#4439,10.);
#1234=VECTOR('',#4440,10.);
#1235=VECTOR('',#4443,10.);
#1236=VECTOR('',#4444,10.);
#1237=VECTOR('',#4447,10.);
#1238=VECTOR('',#4448,10.);
#1239=VECTOR('',#4449,10.);
#1240=VECTOR('',#4450,10.);
#1241=VECTOR('',#4453,10.);
#1242=VECTOR('',#4454,10.);
#1243=VECTOR('',#4455,10.);
#1244=VECTOR('',#4458,10.);
#1245=VECTOR('',#4459,10.);
#1246=VECTOR('',#4460,10.);
#1247=VECTOR('',#4463,10.);
#1248=VECTOR('',#4464,10.);
#1249=VECTOR('',#4469,1.64719929865502);
#1250=VECTOR('',#4476,1.64719929865501);
#1251=VECTOR('',#4483,1.64719929865501);
#1252=VECTOR('',#4490,2.875);
#1253=VECTOR('',#4497,1.64719929865502);
#1254=VECTOR('',#4504,1.64719929865502);
#1255=VECTOR('',#4511,1.64719929865502);
#1256=VECTOR('',#4518,1.64719929865502);
#1257=VECTOR('',#4525,1.64719929865502);
#1258=VECTOR('',#4532,2.875);
#1259=VECTOR('',#4539,1.64719929865502);
#1260=VECTOR('',#4546,1.64719929865502);
#1261=VECTOR('',#4553,1.64719929865502);
#1262=VECTOR('',#4560,1.64719929865502);
#1263=VECTOR('',#4567,1.64719929865502);
#1264=VECTOR('',#4574,1.64719929865501);
#1265=VECTOR('',#4581,1.64719929865501);
#1266=VECTOR('',#4588,1.64719929865501);
#1267=VECTOR('',#4595,1.64719929865502);
#1268=VECTOR('',#4602,1.64719929865501);
#1269=VECTOR('',#4607,10.);
#1270=VECTOR('',#4608,10.);
#1271=VECTOR('',#4609,10.);
#1272=VECTOR('',#4610,10.);
#1273=VECTOR('',#4613,10.);
#1274=VECTOR('',#4614,10.);
#1275=VECTOR('',#4615,10.);
#1276=VECTOR('',#4618,10.);
#1277=VECTOR('',#4619,10.);
#1278=VECTOR('',#4620,10.);
#1279=VECTOR('',#4623,10.);
#1280=VECTOR('',#4624,10.);
#1281=VECTOR('',#4627,10.);
#1282=VECTOR('',#4628,10.);
#1283=VECTOR('',#4629,10.);
#1284=VECTOR('',#4630,10.);
#1285=VECTOR('',#4633,10.);
#1286=VECTOR('',#4634,10.);
#1287=VECTOR('',#4635,10.);
#1288=VECTOR('',#4638,10.);
#1289=VECTOR('',#4639,10.);
#1290=VECTOR('',#4640,10.);
#1291=VECTOR('',#4643,10.);
#1292=VECTOR('',#4644,10.);
#1293=VECTOR('',#4647,10.);
#1294=VECTOR('',#4648,10.);
#1295=VECTOR('',#4649,10.);
#1296=VECTOR('',#4650,10.);
#1297=VECTOR('',#4653,10.);
#1298=VECTOR('',#4654,10.);
#1299=VECTOR('',#4655,10.);
#1300=VECTOR('',#4658,10.);
#1301=VECTOR('',#4659,10.);
#1302=VECTOR('',#4660,10.);
#1303=VECTOR('',#4663,10.);
#1304=VECTOR('',#4664,10.);
#1305=VECTOR('',#4667,10.);
#1306=VECTOR('',#4668,10.);
#1307=VECTOR('',#4669,10.);
#1308=VECTOR('',#4670,10.);
#1309=VECTOR('',#4673,10.);
#1310=VECTOR('',#4674,10.);
#1311=VECTOR('',#4675,10.);
#1312=VECTOR('',#4678,10.);
#1313=VECTOR('',#4679,10.);
#1314=VECTOR('',#4680,10.);
#1315=VECTOR('',#4683,10.);
#1316=VECTOR('',#4684,10.);
#1317=VECTOR('',#4687,10.);
#1318=VECTOR('',#4688,10.);
#1319=VECTOR('',#4689,10.);
#1320=VECTOR('',#4690,10.);
#1321=VECTOR('',#4693,10.);
#1322=VECTOR('',#4694,10.);
#1323=VECTOR('',#4695,10.);
#1324=VECTOR('',#4698,10.);
#1325=VECTOR('',#4699,10.);
#1326=VECTOR('',#4700,10.);
#1327=VECTOR('',#4703,10.);
#1328=VECTOR('',#4704,10.);
#1329=VECTOR('',#4707,10.);
#1330=VECTOR('',#4708,10.);
#1331=VECTOR('',#4709,10.);
#1332=VECTOR('',#4710,10.);
#1333=VECTOR('',#4713,10.);
#1334=VECTOR('',#4714,10.);
#1335=VECTOR('',#4715,10.);
#1336=VECTOR('',#4718,10.);
#1337=VECTOR('',#4719,10.);
#1338=VECTOR('',#4720,10.);
#1339=VECTOR('',#4723,10.);
#1340=VECTOR('',#4724,10.);
#1341=VECTOR('',#4727,10.);
#1342=VECTOR('',#4728,10.);
#1343=VECTOR('',#4729,10.);
#1344=VECTOR('',#4730,10.);
#1345=VECTOR('',#4733,10.);
#1346=VECTOR('',#4734,10.);
#1347=VECTOR('',#4735,10.);
#1348=VECTOR('',#4738,10.);
#1349=VECTOR('',#4739,10.);
#1350=VECTOR('',#4740,10.);
#1351=VECTOR('',#4743,10.);
#1352=VECTOR('',#4744,10.);
#1353=VECTOR('',#4747,10.);
#1354=VECTOR('',#4748,10.);
#1355=VECTOR('',#4749,10.);
#1356=VECTOR('',#4750,10.);
#1357=VECTOR('',#4753,10.);
#1358=VECTOR('',#4754,10.);
#1359=VECTOR('',#4755,10.);
#1360=VECTOR('',#4758,10.);
#1361=VECTOR('',#4759,10.);
#1362=VECTOR('',#4760,10.);
#1363=VECTOR('',#4763,10.);
#1364=VECTOR('',#4764,10.);
#1365=VECTOR('',#4767,10.);
#1366=VECTOR('',#4768,10.);
#1367=VECTOR('',#4769,10.);
#1368=VECTOR('',#4770,10.);
#1369=VECTOR('',#4773,10.);
#1370=VECTOR('',#4774,10.);
#1371=VECTOR('',#4775,10.);
#1372=VECTOR('',#4778,10.);
#1373=VECTOR('',#4779,10.);
#1374=VECTOR('',#4780,10.);
#1375=VECTOR('',#4783,10.);
#1376=VECTOR('',#4784,10.);
#1377=VECTOR('',#4789,1.64719929865501);
#1378=VECTOR('',#4796,1.64719929865501);
#1379=VECTOR('',#4803,1.64719929865501);
#1380=VECTOR('',#4810,1.64719929865501);
#1381=VECTOR('',#4817,1.64719929865502);
#1382=VECTOR('',#4824,1.64719929865502);
#1383=VECTOR('',#4831,1.64719929865502);
#1384=VECTOR('',#4838,1.64719929865502);
#1385=VECTOR('',#4845,1.64719929865502);
#1386=VECTOR('',#4852,2.875);
#1387=VECTOR('',#4857,157.5);
#1388=VECTOR('',#4860,43.63);
#1389=VECTOR('',#4863,157.5);
#1390=VECTOR('',#4866,43.63);
#1391=VECTOR('',#4887,0.5);
#1392=VECTOR('',#4888,157.5);
#1393=VECTOR('',#4889,0.5);
#1394=VECTOR('',#4892,0.5);
#1395=VECTOR('',#4897,0.5);
#1396=VECTOR('',#4898,43.63);
#1397=VECTOR('',#4901,0.5);
#1398=VECTOR('',#4906,3.00000000000001);
#1399=VECTOR('',#4907,1.2);
#1400=VECTOR('',#4908,3.00000000000001);
#1401=VECTOR('',#4909,1.2);
#1402=VECTOR('',#4914,1.2);
#1403=VECTOR('',#4921,1.2);
#1404=VECTOR('',#4924,1.2);
#1405=VECTOR('',#4929,0.5);
#1406=VECTOR('',#4936,1.2);
#1407=VECTOR('',#4941,1.2);
#1408=VECTOR('',#4944,1.2);
#1409=VECTOR('',#4947,3.00000000000006);
#1410=VECTOR('',#4948,3.00000000000001);
#1411=VECTOR('',#4951,5.);
#1412=VECTOR('',#4952,5.00000000000001);
#1413=VECTOR('',#4957,5.);
#1414=VECTOR('',#4958,5.);
#1415=VECTOR('',#4975,43.63);
#1416=VECTOR('',#4976,43.63);
#1417=VECTOR('',#4981,157.5);
#1418=VECTOR('',#4982,157.5);
#1419=VECTOR('',#5003,157.5);
#1420=VECTOR('',#5004,157.5);
#1421=VECTOR('',#5009,43.63);
#1422=VECTOR('',#5010,43.63);
#1423=VECTOR('',#5021,43.63);
#1424=VECTOR('',#5032,157.5);
#1425=VECTOR('',#5039,43.63);
#1426=VECTOR('',#5042,157.5);
#1427=VECTOR('',#5045,43.63);
#1428=VECTOR('',#5048,157.5);
#1429=VECTOR('',#5065,43.63);
#1430=VECTOR('',#5066,43.63);
#1431=VECTOR('',#5071,157.5);
#1432=VECTOR('',#5072,157.5);
#1433=VECTOR('',#5093,157.5);
#1434=VECTOR('',#5094,157.5);
#1435=VECTOR('',#5099,43.63);
#1436=VECTOR('',#5100,43.63);
#1437=VECTOR('',#5111,157.5);
#1438=VECTOR('',#5122,43.63);
#1439=VECTOR('',#5129,157.5);
#1440=VECTOR('',#5132,43.63);
#1441=VECTOR('',#5139,157.5);
#1442=VECTOR('',#5158,43.63);
#1443=VECTOR('',#5163,43.63);
#1444=VECTOR('',#5176,157.5);
#1445=VECTOR('',#5187,157.5);
#1446=VECTOR('',#5190,43.63);
#1447=VECTOR('',#5193,157.5);
#1448=VECTOR('',#5196,43.63);
#1449=VECTOR('',#5201,8.);
#1450=VECTOR('',#5202,8.);
#1451=VECTOR('',#5205,8.);
#1452=VECTOR('',#5210,8.);
#1453=VECTOR('',#5213,0.5);
#1454=VECTOR('',#5220,8.);
#1455=VECTOR('',#5223,0.5);
#1456=VECTOR('',#5228,8.);
#1457=VECTOR('',#5235,8.);
#1458=VECTOR('',#5238,8.);
#1459=CIRCLE('',#3828,1.64719929865502);
#1460=CIRCLE('',#3829,1.64719929865502);
#1461=CIRCLE('',#3831,1.64719929865502);
#1462=CIRCLE('',#3832,1.64719929865502);
#1463=CIRCLE('',#3834,1.64719929865502);
#1464=CIRCLE('',#3835,1.64719929865502);
#1465=CIRCLE('',#3837,1.64719929865502);
#1466=CIRCLE('',#3838,1.64719929865502);
#1467=CIRCLE('',#3840,1.64719929865502);
#1468=CIRCLE('',#3841,1.64719929865502);
#1469=CIRCLE('',#3843,1.64719929865502);
#1470=CIRCLE('',#3844,1.64719929865502);
#1471=CIRCLE('',#3846,1.64719929865501);
#1472=CIRCLE('',#3847,1.64719929865501);
#1473=CIRCLE('',#3849,1.64719929865501);
#1474=CIRCLE('',#3850,1.64719929865501);
#1475=CIRCLE('',#3852,2.875);
#1476=CIRCLE('',#3853,2.875);
#1477=CIRCLE('',#3855,1.64719929865502);
#1478=CIRCLE('',#3856,1.64719929865502);
#1479=CIRCLE('',#3900,1.64719929865502);
#1480=CIRCLE('',#3901,1.64719929865502);
#1481=CIRCLE('',#3903,1.64719929865501);
#1482=CIRCLE('',#3904,1.64719929865501);
#1483=CIRCLE('',#3906,1.64719929865501);
#1484=CIRCLE('',#3907,1.64719929865501);
#1485=CIRCLE('',#3909,2.875);
#1486=CIRCLE('',#3910,2.875);
#1487=CIRCLE('',#3912,1.64719929865502);
#1488=CIRCLE('',#3913,1.64719929865502);
#1489=CIRCLE('',#3915,1.64719929865502);
#1490=CIRCLE('',#3916,1.64719929865502);
#1491=CIRCLE('',#3918,1.64719929865502);
#1492=CIRCLE('',#3919,1.64719929865502);
#1493=CIRCLE('',#3921,1.64719929865502);
#1494=CIRCLE('',#3922,1.64719929865502);
#1495=CIRCLE('',#3924,1.64719929865502);
#1496=CIRCLE('',#3925,1.64719929865502);
#1497=CIRCLE('',#3927,2.875);
#1498=CIRCLE('',#3928,2.875);
#1499=CIRCLE('',#3930,1.64719929865502);
#1500=CIRCLE('',#3931,1.64719929865502);
#1501=CIRCLE('',#3933,1.64719929865502);
#1502=CIRCLE('',#3934,1.64719929865502);
#1503=CIRCLE('',#3936,1.64719929865502);
#1504=CIRCLE('',#3937,1.64719929865502);
#1505=CIRCLE('',#3939,1.64719929865502);
#1506=CIRCLE('',#3940,1.64719929865502);
#1507=CIRCLE('',#3942,1.64719929865502);
#1508=CIRCLE('',#3943,1.64719929865502);
#1509=CIRCLE('',#3945,1.64719929865501);
#1510=CIRCLE('',#3946,1.64719929865501);
#1511=CIRCLE('',#3948,1.64719929865501);
#1512=CIRCLE('',#3949,1.64719929865501);
#1513=CIRCLE('',#3951,1.64719929865501);
#1514=CIRCLE('',#3952,1.64719929865501);
#1515=CIRCLE('',#3954,1.64719929865502);
#1516=CIRCLE('',#3955,1.64719929865502);
#1517=CIRCLE('',#3957,1.64719929865501);
#1518=CIRCLE('',#3958,1.64719929865501);
#1519=CIRCLE('',#3996,1.64719929865501);
#1520=CIRCLE('',#3997,1.64719929865501);
#1521=CIRCLE('',#3999,1.64719929865501);
#1522=CIRCLE('',#4000,1.64719929865501);
#1523=CIRCLE('',#4002,1.64719929865501);
#1524=CIRCLE('',#4003,1.64719929865501);
#1525=CIRCLE('',#4005,1.64719929865501);
#1526=CIRCLE('',#4006,1.64719929865501);
#1527=CIRCLE('',#4008,1.64719929865502);
#1528=CIRCLE('',#4009,1.64719929865502);
#1529=CIRCLE('',#4011,1.64719929865502);
#1530=CIRCLE('',#4012,1.64719929865502);
#1531=CIRCLE('',#4014,1.64719929865502);
#1532=CIRCLE('',#4015,1.64719929865502);
#1533=CIRCLE('',#4017,1.64719929865502);
#1534=CIRCLE('',#4018,1.64719929865502);
#1535=CIRCLE('',#4020,1.64719929865502);
#1536=CIRCLE('',#4021,1.64719929865502);
#1537=CIRCLE('',#4023,2.875);
#1538=CIRCLE('',#4024,2.875);
#1539=CIRCLE('',#4026,4.);
#1540=CIRCLE('',#4027,4.00000000000001);
#1541=CIRCLE('',#4028,4.);
#1542=CIRCLE('',#4029,4.);
#1543=CIRCLE('',#4030,2.875);
#1544=CIRCLE('',#4031,2.875);
#1545=CIRCLE('',#4032,2.875);
#1546=CIRCLE('',#4033,2.875);
#1547=CIRCLE('',#4040,4.00000000000001);
#1548=CIRCLE('',#4043,4.);
#1549=CIRCLE('',#4046,1.);
#1550=CIRCLE('',#4047,1.);
#1551=CIRCLE('',#4049,1.);
#1552=CIRCLE('',#4050,1.);
#1553=CIRCLE('',#4052,4.);
#1554=CIRCLE('',#4054,1.);
#1555=CIRCLE('',#4055,1.);
#1556=CIRCLE('',#4057,1.);
#1557=CIRCLE('',#4058,1.);
#1558=CIRCLE('',#4065,0.2);
#1559=CIRCLE('',#4066,4.54784340939206);
#1560=CIRCLE('',#4067,0.199999999999997);
#1561=CIRCLE('',#4068,4.35950832406976);
#1562=CIRCLE('',#4070,0.2);
#1563=CIRCLE('',#4072,0.200000000000001);
#1564=CIRCLE('',#4074,0.2);
#1565=CIRCLE('',#4075,4.54784340939207);
#1566=CIRCLE('',#4076,4.35950832406976);
#1567=CIRCLE('',#4078,0.199999999999984);
#1568=CIRCLE('',#4079,4.35950832406976);
#1569=CIRCLE('',#4080,4.54784340939207);
#1570=CIRCLE('',#4082,0.2);
#1571=CIRCLE('',#4084,0.200000000000019);
#1572=CIRCLE('',#4086,4.35950832406976);
#1573=CIRCLE('',#4087,4.54784340939207);
#1574=CIRCLE('',#4089,25.);
#1575=CIRCLE('',#4090,25.);
#1576=CIRCLE('',#4091,25.);
#1577=CIRCLE('',#4092,5.99976912169301);
#1578=CIRCLE('',#4094,25.);
#1579=CIRCLE('',#4095,25.);
#1580=CIRCLE('',#4096,5.99976912169311);
#1581=CIRCLE('',#4098,4.00000000000001);
#1582=CIRCLE('',#4099,4.);
#1583=CIRCLE('',#4100,4.);
#1584=CIRCLE('',#4101,4.);
#1585=CIRCLE('',#4103,0.200000000000003);
#1586=CIRCLE('',#4104,4.64413861135975);
#1587=CIRCLE('',#4105,0.2);
#1588=CIRCLE('',#4106,4.81036694316589);
#1589=CIRCLE('',#4108,0.199999999999998);
#1590=CIRCLE('',#4110,0.2);
#1591=CIRCLE('',#4112,0.199999999999999);
#1592=CIRCLE('',#4113,4.64413861135974);
#1593=CIRCLE('',#4114,4.81036694316589);
#1594=CIRCLE('',#4116,0.2);
#1595=CIRCLE('',#4117,4.81036694316589);
#1596=CIRCLE('',#4118,4.64413861135975);
#1597=CIRCLE('',#4120,0.2);
#1598=CIRCLE('',#4122,0.2);
#1599=CIRCLE('',#4124,4.81036694316589);
#1600=CIRCLE('',#4125,4.64413861135974);
#1601=CIRCLE('',#4127,7.18630884026508);
#1602=CIRCLE('',#4128,7.18630884026508);
#1603=CIRCLE('',#4129,7.18630884026508);
#1604=CIRCLE('',#4130,5.99913110020425);
#1605=CIRCLE('',#4132,7.18630884026508);
#1606=CIRCLE('',#4133,7.18630884026508);
#1607=CIRCLE('',#4134,5.99913110020399);
#1608=CIRCLE('',#4136,4.);
#1609=CIRCLE('',#4138,0.200000000000006);
#1610=CIRCLE('',#4139,0.199999999999998);
#1611=CIRCLE('',#4141,0.199999999999987);
#1612=CIRCLE('',#4142,5.99913110020437);
#1613=CIRCLE('',#4143,5.99976912169302);
#1614=CIRCLE('',#4145,0.200000000000504);
#1615=CIRCLE('',#4146,5.99976912169305);
#1616=CIRCLE('',#4148,0.199999999999986);
#1617=CIRCLE('',#4150,0.199999999999998);
#1618=CIRCLE('',#4152,0.199999999999982);
#1619=CIRCLE('',#4153,5.99913110020438);
#1620=CIRCLE('',#4155,0.200000000000172);
#1621=CIRCLE('',#4157,25.);
#1622=CIRCLE('',#4159,25.);
#1623=CIRCLE('',#4161,4.);
#1624=CIRCLE('',#4162,4.);
#1625=CIRCLE('',#4163,4.);
#1626=CIRCLE('',#4164,4.00000000000001);
#1627=CIRCLE('',#4165,25.);
#1628=CIRCLE('',#4168,7.18630884026508);
#1629=CIRCLE('',#4172,7.18630884026508);
#1630=CIRCLE('',#4175,7.18630884026508);
#1631=VERTEX_POINT('',#5245);
#1632=VERTEX_POINT('',#5247);
#1633=VERTEX_POINT('',#5251);
#1634=VERTEX_POINT('',#5253);
#1635=VERTEX_POINT('',#5257);
#1636=VERTEX_POINT('',#5259);
#1637=VERTEX_POINT('',#5263);
#1638=VERTEX_POINT('',#5265);
#1639=VERTEX_POINT('',#5269);
#1640=VERTEX_POINT('',#5271);
#1641=VERTEX_POINT('',#5275);
#1642=VERTEX_POINT('',#5277);
#1643=VERTEX_POINT('',#5281);
#1644=VERTEX_POINT('',#5283);
#1645=VERTEX_POINT('',#5287);
#1646=VERTEX_POINT('',#5289);
#1647=VERTEX_POINT('',#5293);
#1648=VERTEX_POINT('',#5294);
#1649=VERTEX_POINT('',#5305);
#1650=VERTEX_POINT('',#5317);
#1651=VERTEX_POINT('',#5321);
#1652=VERTEX_POINT('',#5323);
#1653=VERTEX_POINT('',#5327);
#1654=VERTEX_POINT('',#5328);
#1655=VERTEX_POINT('',#5330);
#1656=VERTEX_POINT('',#5332);
#1657=VERTEX_POINT('',#5336);
#1658=VERTEX_POINT('',#5338);
#1659=VERTEX_POINT('',#5342);
#1660=VERTEX_POINT('',#5344);
#1661=VERTEX_POINT('',#5351);
#1662=VERTEX_POINT('',#5352);
#1663=VERTEX_POINT('',#5354);
#1664=VERTEX_POINT('',#5356);
#1665=VERTEX_POINT('',#5360);
#1666=VERTEX_POINT('',#5362);
#1667=VERTEX_POINT('',#5366);
#1668=VERTEX_POINT('',#5368);
#1669=VERTEX_POINT('',#5375);
#1670=VERTEX_POINT('',#5376);
#1671=VERTEX_POINT('',#5378);
#1672=VERTEX_POINT('',#5380);
#1673=VERTEX_POINT('',#5384);
#1674=VERTEX_POINT('',#5386);
#1675=VERTEX_POINT('',#5390);
#1676=VERTEX_POINT('',#5392);
#1677=VERTEX_POINT('',#5399);
#1678=VERTEX_POINT('',#5400);
#1679=VERTEX_POINT('',#5402);
#1680=VERTEX_POINT('',#5404);
#1681=VERTEX_POINT('',#5408);
#1682=VERTEX_POINT('',#5410);
#1683=VERTEX_POINT('',#5414);
#1684=VERTEX_POINT('',#5416);
#1685=VERTEX_POINT('',#5423);
#1686=VERTEX_POINT('',#5424);
#1687=VERTEX_POINT('',#5426);
#1688=VERTEX_POINT('',#5428);
#1689=VERTEX_POINT('',#5432);
#1690=VERTEX_POINT('',#5434);
#1691=VERTEX_POINT('',#5438);
#1692=VERTEX_POINT('',#5440);
#1693=VERTEX_POINT('',#5444);
#1694=VERTEX_POINT('',#5446);
#1695=VERTEX_POINT('',#5450);
#1696=VERTEX_POINT('',#5452);
#1697=VERTEX_POINT('',#5456);
#1698=VERTEX_POINT('',#5458);
#1699=VERTEX_POINT('',#5462);
#1700=VERTEX_POINT('',#5464);
#1701=VERTEX_POINT('',#5468);
#1702=VERTEX_POINT('',#5470);
#1703=VERTEX_POINT('',#5474);
#1704=VERTEX_POINT('',#5476);
#1705=VERTEX_POINT('',#5483);
#1706=VERTEX_POINT('',#5484);
#1707=VERTEX_POINT('',#5486);
#1708=VERTEX_POINT('',#5488);
#1709=VERTEX_POINT('',#5492);
#1710=VERTEX_POINT('',#5494);
#1711=VERTEX_POINT('',#5498);
#1712=VERTEX_POINT('',#5500);
#1713=VERTEX_POINT('',#5507);
#1714=VERTEX_POINT('',#5508);
#1715=VERTEX_POINT('',#5510);
#1716=VERTEX_POINT('',#5512);
#1717=VERTEX_POINT('',#5516);
#1718=VERTEX_POINT('',#5518);
#1719=VERTEX_POINT('',#5522);
#1720=VERTEX_POINT('',#5524);
#1721=VERTEX_POINT('',#5531);
#1722=VERTEX_POINT('',#5532);
#1723=VERTEX_POINT('',#5534);
#1724=VERTEX_POINT('',#5536);
#1725=VERTEX_POINT('',#5540);
#1726=VERTEX_POINT('',#5542);
#1727=VERTEX_POINT('',#5546);
#1728=VERTEX_POINT('',#5548);
#1729=VERTEX_POINT('',#5555);
#1730=VERTEX_POINT('',#5556);
#1731=VERTEX_POINT('',#5558);
#1732=VERTEX_POINT('',#5560);
#1733=VERTEX_POINT('',#5564);
#1734=VERTEX_POINT('',#5566);
#1735=VERTEX_POINT('',#5570);
#1736=VERTEX_POINT('',#5572);
#1737=VERTEX_POINT('',#5579);
#1738=VERTEX_POINT('',#5581);
#1739=VERTEX_POINT('',#5585);
#1740=VERTEX_POINT('',#5587);
#1741=VERTEX_POINT('',#5591);
#1742=VERTEX_POINT('',#5593);
#1743=VERTEX_POINT('',#5597);
#1744=VERTEX_POINT('',#5598);
#1745=VERTEX_POINT('',#5609);
#1746=VERTEX_POINT('',#5621);
#1747=VERTEX_POINT('',#5625);
#1748=VERTEX_POINT('',#5627);
#1749=VERTEX_POINT('',#5631);
#1750=VERTEX_POINT('',#5633);
#1751=VERTEX_POINT('',#5637);
#1752=VERTEX_POINT('',#5639);
#1753=VERTEX_POINT('',#5643);
#1754=VERTEX_POINT('',#5645);
#1755=VERTEX_POINT('',#5649);
#1756=VERTEX_POINT('',#5651);
#1757=VERTEX_POINT('',#5655);
#1758=VERTEX_POINT('',#5656);
#1759=VERTEX_POINT('',#5667);
#1760=VERTEX_POINT('',#5679);
#1761=VERTEX_POINT('',#5683);
#1762=VERTEX_POINT('',#5685);
#1763=VERTEX_POINT('',#5689);
#1764=VERTEX_POINT('',#5691);
#1765=VERTEX_POINT('',#5695);
#1766=VERTEX_POINT('',#5697);
#1767=VERTEX_POINT('',#5701);
#1768=VERTEX_POINT('',#5703);
#1769=VERTEX_POINT('',#5707);
#1770=VERTEX_POINT('',#5709);
#1771=VERTEX_POINT('',#5713);
#1772=VERTEX_POINT('',#5715);
#1773=VERTEX_POINT('',#5719);
#1774=VERTEX_POINT('',#5721);
#1775=VERTEX_POINT('',#5725);
#1776=VERTEX_POINT('',#5727);
#1777=VERTEX_POINT('',#5731);
#1778=VERTEX_POINT('',#5733);
#1779=VERTEX_POINT('',#5737);
#1780=VERTEX_POINT('',#5739);
#1781=VERTEX_POINT('',#5743);
#1782=VERTEX_POINT('',#5744);
#1783=VERTEX_POINT('',#5746);
#1784=VERTEX_POINT('',#5748);
#1785=VERTEX_POINT('',#5752);
#1786=VERTEX_POINT('',#5754);
#1787=VERTEX_POINT('',#5758);
#1788=VERTEX_POINT('',#5760);
#1789=VERTEX_POINT('',#5767);
#1790=VERTEX_POINT('',#5768);
#1791=VERTEX_POINT('',#5770);
#1792=VERTEX_POINT('',#5772);
#1793=VERTEX_POINT('',#5776);
#1794=VERTEX_POINT('',#5778);
#1795=VERTEX_POINT('',#5782);
#1796=VERTEX_POINT('',#5784);
#1797=VERTEX_POINT('',#5791);
#1798=VERTEX_POINT('',#5792);
#1799=VERTEX_POINT('',#5794);
#1800=VERTEX_POINT('',#5796);
#1801=VERTEX_POINT('',#5800);
#1802=VERTEX_POINT('',#5802);
#1803=VERTEX_POINT('',#5806);
#1804=VERTEX_POINT('',#5808);
#1805=VERTEX_POINT('',#5815);
#1806=VERTEX_POINT('',#5816);
#1807=VERTEX_POINT('',#5818);
#1808=VERTEX_POINT('',#5820);
#1809=VERTEX_POINT('',#5824);
#1810=VERTEX_POINT('',#5826);
#1811=VERTEX_POINT('',#5830);
#1812=VERTEX_POINT('',#5832);
#1813=VERTEX_POINT('',#5839);
#1814=VERTEX_POINT('',#5840);
#1815=VERTEX_POINT('',#5842);
#1816=VERTEX_POINT('',#5844);
#1817=VERTEX_POINT('',#5848);
#1818=VERTEX_POINT('',#5850);
#1819=VERTEX_POINT('',#5854);
#1820=VERTEX_POINT('',#5856);
#1821=VERTEX_POINT('',#5863);
#1822=VERTEX_POINT('',#5864);
#1823=VERTEX_POINT('',#5866);
#1824=VERTEX_POINT('',#5868);
#1825=VERTEX_POINT('',#5872);
#1826=VERTEX_POINT('',#5874);
#1827=VERTEX_POINT('',#5878);
#1828=VERTEX_POINT('',#5880);
#1829=VERTEX_POINT('',#5887);
#1830=VERTEX_POINT('',#5888);
#1831=VERTEX_POINT('',#5890);
#1832=VERTEX_POINT('',#5892);
#1833=VERTEX_POINT('',#5896);
#1834=VERTEX_POINT('',#5898);
#1835=VERTEX_POINT('',#5902);
#1836=VERTEX_POINT('',#5904);
#1837=VERTEX_POINT('',#5911);
#1838=VERTEX_POINT('',#5912);
#1839=VERTEX_POINT('',#5914);
#1840=VERTEX_POINT('',#5916);
#1841=VERTEX_POINT('',#5920);
#1842=VERTEX_POINT('',#5922);
#1843=VERTEX_POINT('',#5926);
#1844=VERTEX_POINT('',#5928);
#1845=VERTEX_POINT('',#5935);
#1846=VERTEX_POINT('',#5936);
#1847=VERTEX_POINT('',#5938);
#1848=VERTEX_POINT('',#5940);
#1849=VERTEX_POINT('',#5944);
#1850=VERTEX_POINT('',#5946);
#1851=VERTEX_POINT('',#5950);
#1852=VERTEX_POINT('',#5952);
#1853=VERTEX_POINT('',#5959);
#1854=VERTEX_POINT('',#5961);
#1855=VERTEX_POINT('',#5965);
#1856=VERTEX_POINT('',#5967);
#1857=VERTEX_POINT('',#5971);
#1858=VERTEX_POINT('',#5973);
#1859=VERTEX_POINT('',#5977);
#1860=VERTEX_POINT('',#5979);
#1861=VERTEX_POINT('',#5983);
#1862=VERTEX_POINT('',#5985);
#1863=VERTEX_POINT('',#5989);
#1864=VERTEX_POINT('',#5991);
#1865=VERTEX_POINT('',#5995);
#1866=VERTEX_POINT('',#5997);
#1867=VERTEX_POINT('',#6001);
#1868=VERTEX_POINT('',#6003);
#1869=VERTEX_POINT('',#6007);
#1870=VERTEX_POINT('',#6009);
#1871=VERTEX_POINT('',#6013);
#1872=VERTEX_POINT('',#6014);
#1873=VERTEX_POINT('',#6025);
#1874=VERTEX_POINT('',#6037);
#1875=VERTEX_POINT('',#6041);
#1876=VERTEX_POINT('',#6042);
#1877=VERTEX_POINT('',#6044);
#1878=VERTEX_POINT('',#6046);
#1879=VERTEX_POINT('',#6048);
#1880=VERTEX_POINT('',#6050);
#1881=VERTEX_POINT('',#6052);
#1882=VERTEX_POINT('',#6054);
#1883=VERTEX_POINT('',#6066);
#1884=VERTEX_POINT('',#6068);
#1885=VERTEX_POINT('',#6072);
#1886=VERTEX_POINT('',#6076);
#1887=VERTEX_POINT('',#6080);
#1888=VERTEX_POINT('',#6084);
#1889=VERTEX_POINT('',#6085);
#1890=VERTEX_POINT('',#6087);
#1891=VERTEX_POINT('',#6089);
#1892=VERTEX_POINT('',#6093);
#1893=VERTEX_POINT('',#6095);
#1894=VERTEX_POINT('',#6099);
#1895=VERTEX_POINT('',#6100);
#1896=VERTEX_POINT('',#6102);
#1897=VERTEX_POINT('',#6104);
#1898=VERTEX_POINT('',#6108);
#1899=VERTEX_POINT('',#6112);
#1900=VERTEX_POINT('',#6114);
#1901=VERTEX_POINT('',#6118);
#1902=VERTEX_POINT('',#6119);
#1903=VERTEX_POINT('',#6121);
#1904=VERTEX_POINT('',#6123);
#1905=VERTEX_POINT('',#6138);
#1906=VERTEX_POINT('',#6139);
#1907=VERTEX_POINT('',#6141);
#1908=VERTEX_POINT('',#6143);
#1909=VERTEX_POINT('',#6147);
#1910=VERTEX_POINT('',#6148);
#1911=VERTEX_POINT('',#6153);
#1912=VERTEX_POINT('',#6154);
#1913=VERTEX_POINT('',#6159);
#1914=VERTEX_POINT('',#6160);
#1915=VERTEX_POINT('',#6165);
#1916=VERTEX_POINT('',#6166);
#1917=VERTEX_POINT('',#6171);
#1918=VERTEX_POINT('',#6172);
#1919=VERTEX_POINT('',#6177);
#1920=VERTEX_POINT('',#6178);
#1921=VERTEX_POINT('',#6186);
#1922=VERTEX_POINT('',#6188);
#1923=VERTEX_POINT('',#6200);
#1924=VERTEX_POINT('',#6204);
#1925=VERTEX_POINT('',#6216);
#1926=VERTEX_POINT('',#6220);
#1927=VERTEX_POINT('',#6221);
#1928=VERTEX_POINT('',#6223);
#1929=VERTEX_POINT('',#6225);
#1930=VERTEX_POINT('',#6227);
#1931=VERTEX_POINT('',#6229);
#1932=VERTEX_POINT('',#6231);
#1933=VERTEX_POINT('',#6233);
#1934=VERTEX_POINT('',#6237);
#1935=VERTEX_POINT('',#6238);
#1936=VERTEX_POINT('',#6240);
#1937=VERTEX_POINT('',#6242);
#1938=VERTEX_POINT('',#6246);
#1939=VERTEX_POINT('',#6247);
#1940=VERTEX_POINT('',#6252);
#1941=VERTEX_POINT('',#6253);
#1942=VERTEX_POINT('',#6258);
#1943=VERTEX_POINT('',#6259);
#1944=VERTEX_POINT('',#6264);
#1945=VERTEX_POINT('',#6265);
#1946=VERTEX_POINT('',#6270);
#1947=VERTEX_POINT('',#6271);
#1948=VERTEX_POINT('',#6276);
#1949=VERTEX_POINT('',#6277);
#1950=VERTEX_POINT('',#6285);
#1951=VERTEX_POINT('',#6287);
#1952=VERTEX_POINT('',#6299);
#1953=VERTEX_POINT('',#6303);
#1954=VERTEX_POINT('',#6315);
#1955=VERTEX_POINT('',#6319);
#1956=VERTEX_POINT('',#6321);
#1957=VERTEX_POINT('',#6325);
#1958=VERTEX_POINT('',#6327);
#1959=VERTEX_POINT('',#6331);
#1960=VERTEX_POINT('',#6336);
#1961=VERTEX_POINT('',#6340);
#1962=VERTEX_POINT('',#6347);
#1963=VERTEX_POINT('',#6367);
#1964=VERTEX_POINT('',#6368);
#1965=VERTEX_POINT('',#6370);
#1966=VERTEX_POINT('',#6372);
#1967=VERTEX_POINT('',#6374);
#1968=VERTEX_POINT('',#6376);
#1969=VERTEX_POINT('',#6378);
#1970=VERTEX_POINT('',#6380);
#1971=EDGE_CURVE('',#1631,#1631,#1459,.T.);
#1972=EDGE_CURVE('',#1631,#1632,#767,.T.);
#1973=EDGE_CURVE('',#1632,#1632,#1460,.T.);
#1974=EDGE_CURVE('',#1633,#1633,#1461,.T.);
#1975=EDGE_CURVE('',#1633,#1634,#768,.T.);
#1976=EDGE_CURVE('',#1634,#1634,#1462,.T.);
#1977=EDGE_CURVE('',#1635,#1635,#1463,.T.);
#1978=EDGE_CURVE('',#1635,#1636,#769,.T.);
#1979=EDGE_CURVE('',#1636,#1636,#1464,.T.);
#1980=EDGE_CURVE('',#1637,#1637,#1465,.T.);
#1981=EDGE_CURVE('',#1637,#1638,#770,.T.);
#1982=EDGE_CURVE('',#1638,#1638,#1466,.T.);
#1983=EDGE_CURVE('',#1639,#1639,#1467,.T.);
#1984=EDGE_CURVE('',#1639,#1640,#771,.T.);
#1985=EDGE_CURVE('',#1640,#1640,#1468,.T.);
#1986=EDGE_CURVE('',#1641,#1641,#1469,.T.);
#1987=EDGE_CURVE('',#1641,#1642,#772,.T.);
#1988=EDGE_CURVE('',#1642,#1642,#1470,.T.);
#1989=EDGE_CURVE('',#1643,#1643,#1471,.T.);
#1990=EDGE_CURVE('',#1643,#1644,#773,.T.);
#1991=EDGE_CURVE('',#1644,#1644,#1472,.T.);
#1992=EDGE_CURVE('',#1645,#1645,#1473,.T.);
#1993=EDGE_CURVE('',#1645,#1646,#774,.T.);
#1994=EDGE_CURVE('',#1646,#1646,#1474,.T.);
#1995=EDGE_CURVE('',#1647,#1648,#255,.T.);
#1996=EDGE_CURVE('',#1649,#1647,#1475,.T.);
#1997=EDGE_CURVE('',#1648,#1649,#256,.T.);
#1998=EDGE_CURVE('',#1648,#1650,#775,.T.);
#1999=EDGE_CURVE('',#1650,#1650,#1476,.T.);
#2000=EDGE_CURVE('',#1651,#1651,#1477,.T.);
#2001=EDGE_CURVE('',#1651,#1652,#776,.T.);
#2002=EDGE_CURVE('',#1652,#1652,#1478,.T.);
#2003=EDGE_CURVE('',#1653,#1654,#777,.T.);
#2004=EDGE_CURVE('',#1655,#1653,#778,.T.);
#2005=EDGE_CURVE('',#1656,#1655,#779,.T.);
#2006=EDGE_CURVE('',#1656,#1654,#780,.T.);
#2007=EDGE_CURVE('',#1654,#1657,#781,.T.);
#2008=EDGE_CURVE('',#1658,#1656,#782,.T.);
#2009=EDGE_CURVE('',#1658,#1657,#783,.T.);
#2010=EDGE_CURVE('',#1657,#1659,#784,.T.);
#2011=EDGE_CURVE('',#1660,#1658,#785,.T.);
#2012=EDGE_CURVE('',#1660,#1659,#786,.T.);
#2013=EDGE_CURVE('',#1659,#1653,#787,.T.);
#2014=EDGE_CURVE('',#1655,#1660,#788,.T.);
#2015=EDGE_CURVE('',#1661,#1662,#789,.T.);
#2016=EDGE_CURVE('',#1663,#1661,#790,.T.);
#2017=EDGE_CURVE('',#1664,#1663,#791,.T.);
#2018=EDGE_CURVE('',#1664,#1662,#792,.T.);
#2019=EDGE_CURVE('',#1662,#1665,#793,.T.);
#2020=EDGE_CURVE('',#1666,#1664,#794,.T.);
#2021=EDGE_CURVE('',#1666,#1665,#795,.T.);
#2022=EDGE_CURVE('',#1665,#1667,#796,.T.);
#2023=EDGE_CURVE('',#1668,#1666,#797,.T.);
#2024=EDGE_CURVE('',#1668,#1667,#798,.T.);
#2025=EDGE_CURVE('',#1667,#1661,#799,.T.);
#2026=EDGE_CURVE('',#1663,#1668,#800,.T.);
#2027=EDGE_CURVE('',#1669,#1670,#801,.T.);
#2028=EDGE_CURVE('',#1671,#1669,#802,.T.);
#2029=EDGE_CURVE('',#1672,#1671,#803,.T.);
#2030=EDGE_CURVE('',#1672,#1670,#804,.T.);
#2031=EDGE_CURVE('',#1670,#1673,#805,.T.);
#2032=EDGE_CURVE('',#1674,#1672,#806,.T.);
#2033=EDGE_CURVE('',#1674,#1673,#807,.T.);
#2034=EDGE_CURVE('',#1673,#1675,#808,.T.);
#2035=EDGE_CURVE('',#1676,#1674,#809,.T.);
#2036=EDGE_CURVE('',#1676,#1675,#810,.T.);
#2037=EDGE_CURVE('',#1675,#1669,#811,.T.);
#2038=EDGE_CURVE('',#1671,#1676,#812,.T.);
#2039=EDGE_CURVE('',#1677,#1678,#813,.T.);
#2040=EDGE_CURVE('',#1679,#1677,#814,.T.);
#2041=EDGE_CURVE('',#1680,#1679,#815,.T.);
#2042=EDGE_CURVE('',#1680,#1678,#816,.T.);
#2043=EDGE_CURVE('',#1678,#1681,#817,.T.);
#2044=EDGE_CURVE('',#1682,#1680,#818,.T.);
#2045=EDGE_CURVE('',#1682,#1681,#819,.T.);
#2046=EDGE_CURVE('',#1681,#1683,#820,.T.);
#2047=EDGE_CURVE('',#1684,#1682,#821,.T.);
#2048=EDGE_CURVE('',#1684,#1683,#822,.T.);
#2049=EDGE_CURVE('',#1683,#1677,#823,.T.);
#2050=EDGE_CURVE('',#1679,#1684,#824,.T.);
#2051=EDGE_CURVE('',#1685,#1686,#825,.T.);
#2052=EDGE_CURVE('',#1687,#1685,#826,.T.);
#2053=EDGE_CURVE('',#1688,#1687,#827,.T.);
#2054=EDGE_CURVE('',#1688,#1686,#828,.T.);
#2055=EDGE_CURVE('',#1686,#1689,#829,.T.);
#2056=EDGE_CURVE('',#1690,#1688,#830,.T.);
#2057=EDGE_CURVE('',#1690,#1689,#831,.T.);
#2058=EDGE_CURVE('',#1689,#1691,#832,.T.);
#2059=EDGE_CURVE('',#1692,#1690,#833,.T.);
#2060=EDGE_CURVE('',#1692,#1691,#834,.T.);
#2061=EDGE_CURVE('',#1691,#1693,#835,.T.);
#2062=EDGE_CURVE('',#1694,#1692,#836,.T.);
#2063=EDGE_CURVE('',#1694,#1693,#837,.T.);
#2064=EDGE_CURVE('',#1693,#1695,#838,.T.);
#2065=EDGE_CURVE('',#1696,#1694,#839,.T.);
#2066=EDGE_CURVE('',#1696,#1695,#840,.T.);
#2067=EDGE_CURVE('',#1695,#1697,#841,.T.);
#2068=EDGE_CURVE('',#1698,#1696,#842,.T.);
#2069=EDGE_CURVE('',#1698,#1697,#843,.T.);
#2070=EDGE_CURVE('',#1697,#1699,#844,.T.);
#2071=EDGE_CURVE('',#1700,#1698,#845,.T.);
#2072=EDGE_CURVE('',#1700,#1699,#846,.T.);
#2073=EDGE_CURVE('',#1699,#1701,#847,.T.);
#2074=EDGE_CURVE('',#1702,#1700,#848,.T.);
#2075=EDGE_CURVE('',#1702,#1701,#849,.T.);
#2076=EDGE_CURVE('',#1701,#1703,#850,.T.);
#2077=EDGE_CURVE('',#1704,#1702,#851,.T.);
#2078=EDGE_CURVE('',#1704,#1703,#852,.T.);
#2079=EDGE_CURVE('',#1703,#1685,#853,.T.);
#2080=EDGE_CURVE('',#1687,#1704,#854,.T.);
#2081=EDGE_CURVE('',#1705,#1706,#855,.T.);
#2082=EDGE_CURVE('',#1707,#1705,#856,.T.);
#2083=EDGE_CURVE('',#1708,#1707,#857,.T.);
#2084=EDGE_CURVE('',#1708,#1706,#858,.T.);
#2085=EDGE_CURVE('',#1706,#1709,#859,.T.);
#2086=EDGE_CURVE('',#1710,#1708,#860,.T.);
#2087=EDGE_CURVE('',#1710,#1709,#861,.T.);
#2088=EDGE_CURVE('',#1709,#1711,#862,.T.);
#2089=EDGE_CURVE('',#1712,#1710,#863,.T.);
#2090=EDGE_CURVE('',#1712,#1711,#864,.T.);
#2091=EDGE_CURVE('',#1711,#1705,#865,.T.);
#2092=EDGE_CURVE('',#1707,#1712,#866,.T.);
#2093=EDGE_CURVE('',#1713,#1714,#867,.T.);
#2094=EDGE_CURVE('',#1715,#1713,#868,.T.);
#2095=EDGE_CURVE('',#1716,#1715,#869,.T.);
#2096=EDGE_CURVE('',#1716,#1714,#870,.T.);
#2097=EDGE_CURVE('',#1714,#1717,#871,.T.);
#2098=EDGE_CURVE('',#1718,#1716,#872,.T.);
#2099=EDGE_CURVE('',#1718,#1717,#873,.T.);
#2100=EDGE_CURVE('',#1717,#1719,#874,.T.);
#2101=EDGE_CURVE('',#1720,#1718,#875,.T.);
#2102=EDGE_CURVE('',#1720,#1719,#876,.T.);
#2103=EDGE_CURVE('',#1719,#1713,#877,.T.);
#2104=EDGE_CURVE('',#1715,#1720,#878,.T.);
#2105=EDGE_CURVE('',#1721,#1722,#879,.T.);
#2106=EDGE_CURVE('',#1723,#1721,#880,.T.);
#2107=EDGE_CURVE('',#1724,#1723,#881,.T.);
#2108=EDGE_CURVE('',#1724,#1722,#882,.T.);
#2109=EDGE_CURVE('',#1722,#1725,#883,.T.);
#2110=EDGE_CURVE('',#1726,#1724,#884,.T.);
#2111=EDGE_CURVE('',#1726,#1725,#885,.T.);
#2112=EDGE_CURVE('',#1725,#1727,#886,.T.);
#2113=EDGE_CURVE('',#1728,#1726,#887,.T.);
#2114=EDGE_CURVE('',#1728,#1727,#888,.T.);
#2115=EDGE_CURVE('',#1727,#1721,#889,.T.);
#2116=EDGE_CURVE('',#1723,#1728,#890,.T.);
#2117=EDGE_CURVE('',#1729,#1730,#891,.T.);
#2118=EDGE_CURVE('',#1731,#1729,#892,.T.);
#2119=EDGE_CURVE('',#1732,#1731,#893,.T.);
#2120=EDGE_CURVE('',#1732,#1730,#894,.T.);
#2121=EDGE_CURVE('',#1730,#1733,#895,.T.);
#2122=EDGE_CURVE('',#1734,#1732,#896,.T.);
#2123=EDGE_CURVE('',#1734,#1733,#897,.T.);
#2124=EDGE_CURVE('',#1733,#1735,#898,.T.);
#2125=EDGE_CURVE('',#1736,#1734,#899,.T.);
#2126=EDGE_CURVE('',#1736,#1735,#900,.T.);
#2127=EDGE_CURVE('',#1735,#1729,#901,.T.);
#2128=EDGE_CURVE('',#1731,#1736,#902,.T.);
#2129=EDGE_CURVE('',#1737,#1737,#1479,.T.);
#2130=EDGE_CURVE('',#1737,#1738,#903,.T.);
#2131=EDGE_CURVE('',#1738,#1738,#1480,.T.);
#2132=EDGE_CURVE('',#1739,#1739,#1481,.T.);
#2133=EDGE_CURVE('',#1739,#1740,#904,.T.);
#2134=EDGE_CURVE('',#1740,#1740,#1482,.T.);
#2135=EDGE_CURVE('',#1741,#1741,#1483,.T.);
#2136=EDGE_CURVE('',#1741,#1742,#905,.T.);
#2137=EDGE_CURVE('',#1742,#1742,#1484,.T.);
#2138=EDGE_CURVE('',#1743,#1744,#257,.T.);
#2139=EDGE_CURVE('',#1745,#1743,#1485,.T.);
#2140=EDGE_CURVE('',#1744,#1745,#258,.T.);
#2141=EDGE_CURVE('',#1744,#1746,#906,.T.);
#2142=EDGE_CURVE('',#1746,#1746,#1486,.T.);
#2143=EDGE_CURVE('',#1747,#1747,#1487,.T.);
#2144=EDGE_CURVE('',#1747,#1748,#907,.T.);
#2145=EDGE_CURVE('',#1748,#1748,#1488,.T.);
#2146=EDGE_CURVE('',#1749,#1749,#1489,.T.);
#2147=EDGE_CURVE('',#1749,#1750,#908,.T.);
#2148=EDGE_CURVE('',#1750,#1750,#1490,.T.);
#2149=EDGE_CURVE('',#1751,#1751,#1491,.T.);
#2150=EDGE_CURVE('',#1751,#1752,#909,.T.);
#2151=EDGE_CURVE('',#1752,#1752,#1492,.T.);
#2152=EDGE_CURVE('',#1753,#1753,#1493,.T.);
#2153=EDGE_CURVE('',#1753,#1754,#910,.T.);
#2154=EDGE_CURVE('',#1754,#1754,#1494,.T.);
#2155=EDGE_CURVE('',#1755,#1755,#1495,.T.);
#2156=EDGE_CURVE('',#1755,#1756,#911,.T.);
#2157=EDGE_CURVE('',#1756,#1756,#1496,.T.);
#2158=EDGE_CURVE('',#1757,#1758,#259,.T.);
#2159=EDGE_CURVE('',#1759,#1757,#1497,.T.);
#2160=EDGE_CURVE('',#1758,#1759,#260,.T.);
#2161=EDGE_CURVE('',#1758,#1760,#912,.T.);
#2162=EDGE_CURVE('',#1760,#1760,#1498,.T.);
#2163=EDGE_CURVE('',#1761,#1761,#1499,.T.);
#2164=EDGE_CURVE('',#1761,#1762,#913,.T.);
#2165=EDGE_CURVE('',#1762,#1762,#1500,.T.);
#2166=EDGE_CURVE('',#1763,#1763,#1501,.T.);
#2167=EDGE_CURVE('',#1763,#1764,#914,.T.);
#2168=EDGE_CURVE('',#1764,#1764,#1502,.T.);
#2169=EDGE_CURVE('',#1765,#1765,#1503,.T.);
#2170=EDGE_CURVE('',#1765,#1766,#915,.T.);
#2171=EDGE_CURVE('',#1766,#1766,#1504,.T.);
#2172=EDGE_CURVE('',#1767,#1767,#1505,.T.);
#2173=EDGE_CURVE('',#1767,#1768,#916,.T.);
#2174=EDGE_CURVE('',#1768,#1768,#1506,.T.);
#2175=EDGE_CURVE('',#1769,#1769,#1507,.T.);
#2176=EDGE_CURVE('',#1769,#1770,#917,.T.);
#2177=EDGE_CURVE('',#1770,#1770,#1508,.T.);
#2178=EDGE_CURVE('',#1771,#1771,#1509,.T.);
#2179=EDGE_CURVE('',#1771,#1772,#918,.T.);
#2180=EDGE_CURVE('',#1772,#1772,#1510,.T.);
#2181=EDGE_CURVE('',#1773,#1773,#1511,.T.);
#2182=EDGE_CURVE('',#1773,#1774,#919,.T.);
#2183=EDGE_CURVE('',#1774,#1774,#1512,.T.);
#2184=EDGE_CURVE('',#1775,#1775,#1513,.T.);
#2185=EDGE_CURVE('',#1775,#1776,#920,.T.);
#2186=EDGE_CURVE('',#1776,#1776,#1514,.T.);
#2187=EDGE_CURVE('',#1777,#1777,#1515,.T.);
#2188=EDGE_CURVE('',#1777,#1778,#921,.T.);
#2189=EDGE_CURVE('',#1778,#1778,#1516,.T.);
#2190=EDGE_CURVE('',#1779,#1779,#1517,.T.);
#2191=EDGE_CURVE('',#1779,#1780,#922,.T.);
#2192=EDGE_CURVE('',#1780,#1780,#1518,.T.);
#2193=EDGE_CURVE('',#1781,#1782,#923,.T.);
#2194=EDGE_CURVE('',#1783,#1781,#924,.T.);
#2195=EDGE_CURVE('',#1784,#1783,#925,.T.);
#2196=EDGE_CURVE('',#1784,#1782,#926,.T.);
#2197=EDGE_CURVE('',#1782,#1785,#927,.T.);
#2198=EDGE_CURVE('',#1786,#1784,#928,.T.);
#2199=EDGE_CURVE('',#1786,#1785,#929,.T.);
#2200=EDGE_CURVE('',#1785,#1787,#930,.T.);
#2201=EDGE_CURVE('',#1788,#1786,#931,.T.);
#2202=EDGE_CURVE('',#1788,#1787,#932,.T.);
#2203=EDGE_CURVE('',#1787,#1781,#933,.T.);
#2204=EDGE_CURVE('',#1783,#1788,#934,.T.);
#2205=EDGE_CURVE('',#1789,#1790,#935,.T.);
#2206=EDGE_CURVE('',#1791,#1789,#936,.T.);
#2207=EDGE_CURVE('',#1792,#1791,#937,.T.);
#2208=EDGE_CURVE('',#1792,#1790,#938,.T.);
#2209=EDGE_CURVE('',#1790,#1793,#939,.T.);
#2210=EDGE_CURVE('',#1794,#1792,#940,.T.);
#2211=EDGE_CURVE('',#1794,#1793,#941,.T.);
#2212=EDGE_CURVE('',#1793,#1795,#942,.T.);
#2213=EDGE_CURVE('',#1796,#1794,#943,.T.);
#2214=EDGE_CURVE('',#1796,#1795,#944,.T.);
#2215=EDGE_CURVE('',#1795,#1789,#945,.T.);
#2216=EDGE_CURVE('',#1791,#1796,#946,.T.);
#2217=EDGE_CURVE('',#1797,#1798,#947,.T.);
#2218=EDGE_CURVE('',#1799,#1797,#948,.T.);
#2219=EDGE_CURVE('',#1800,#1799,#949,.T.);
#2220=EDGE_CURVE('',#1800,#1798,#950,.T.);
#2221=EDGE_CURVE('',#1798,#1801,#951,.T.);
#2222=EDGE_CURVE('',#1802,#1800,#952,.T.);
#2223=EDGE_CURVE('',#1802,#1801,#953,.T.);
#2224=EDGE_CURVE('',#1801,#1803,#954,.T.);
#2225=EDGE_CURVE('',#1804,#1802,#955,.T.);
#2226=EDGE_CURVE('',#1804,#1803,#956,.T.);
#2227=EDGE_CURVE('',#1803,#1797,#957,.T.);
#2228=EDGE_CURVE('',#1799,#1804,#958,.T.);
#2229=EDGE_CURVE('',#1805,#1806,#959,.T.);
#2230=EDGE_CURVE('',#1807,#1805,#960,.T.);
#2231=EDGE_CURVE('',#1808,#1807,#961,.T.);
#2232=EDGE_CURVE('',#1808,#1806,#962,.T.);
#2233=EDGE_CURVE('',#1806,#1809,#963,.T.);
#2234=EDGE_CURVE('',#1810,#1808,#964,.T.);
#2235=EDGE_CURVE('',#1810,#1809,#965,.T.);
#2236=EDGE_CURVE('',#1809,#1811,#966,.T.);
#2237=EDGE_CURVE('',#1812,#1810,#967,.T.);
#2238=EDGE_CURVE('',#1812,#1811,#968,.T.);
#2239=EDGE_CURVE('',#1811,#1805,#969,.T.);
#2240=EDGE_CURVE('',#1807,#1812,#970,.T.);
#2241=EDGE_CURVE('',#1813,#1814,#971,.T.);
#2242=EDGE_CURVE('',#1815,#1813,#972,.T.);
#2243=EDGE_CURVE('',#1816,#1815,#973,.T.);
#2244=EDGE_CURVE('',#1816,#1814,#974,.T.);
#2245=EDGE_CURVE('',#1814,#1817,#975,.T.);
#2246=EDGE_CURVE('',#1818,#1816,#976,.T.);
#2247=EDGE_CURVE('',#1818,#1817,#977,.T.);
#2248=EDGE_CURVE('',#1817,#1819,#978,.T.);
#2249=EDGE_CURVE('',#1820,#1818,#979,.T.);
#2250=EDGE_CURVE('',#1820,#1819,#980,.T.);
#2251=EDGE_CURVE('',#1819,#1813,#981,.T.);
#2252=EDGE_CURVE('',#1815,#1820,#982,.T.);
#2253=EDGE_CURVE('',#1821,#1822,#983,.T.);
#2254=EDGE_CURVE('',#1823,#1821,#984,.T.);
#2255=EDGE_CURVE('',#1824,#1823,#985,.T.);
#2256=EDGE_CURVE('',#1824,#1822,#986,.T.);
#2257=EDGE_CURVE('',#1822,#1825,#987,.T.);
#2258=EDGE_CURVE('',#1826,#1824,#988,.T.);
#2259=EDGE_CURVE('',#1826,#1825,#989,.T.);
#2260=EDGE_CURVE('',#1825,#1827,#990,.T.);
#2261=EDGE_CURVE('',#1828,#1826,#991,.T.);
#2262=EDGE_CURVE('',#1828,#1827,#992,.T.);
#2263=EDGE_CURVE('',#1827,#1821,#993,.T.);
#2264=EDGE_CURVE('',#1823,#1828,#994,.T.);
#2265=EDGE_CURVE('',#1829,#1830,#995,.T.);
#2266=EDGE_CURVE('',#1831,#1829,#996,.T.);
#2267=EDGE_CURVE('',#1832,#1831,#997,.T.);
#2268=EDGE_CURVE('',#1832,#1830,#998,.T.);
#2269=EDGE_CURVE('',#1830,#1833,#999,.T.);
#2270=EDGE_CURVE('',#1834,#1832,#1000,.T.);
#2271=EDGE_CURVE('',#1834,#1833,#1001,.T.);
#2272=EDGE_CURVE('',#1833,#1835,#1002,.T.);
#2273=EDGE_CURVE('',#1836,#1834,#1003,.T.);
#2274=EDGE_CURVE('',#1836,#1835,#1004,.T.);
#2275=EDGE_CURVE('',#1835,#1829,#1005,.T.);
#2276=EDGE_CURVE('',#1831,#1836,#1006,.T.);
#2277=EDGE_CURVE('',#1837,#1838,#1007,.T.);
#2278=EDGE_CURVE('',#1839,#1837,#1008,.T.);
#2279=EDGE_CURVE('',#1840,#1839,#1009,.T.);
#2280=EDGE_CURVE('',#1840,#1838,#1010,.T.);
#2281=EDGE_CURVE('',#1838,#1841,#1011,.T.);
#2282=EDGE_CURVE('',#1842,#1840,#1012,.T.);
#2283=EDGE_CURVE('',#1842,#1841,#1013,.T.);
#2284=EDGE_CURVE('',#1841,#1843,#1014,.T.);
#2285=EDGE_CURVE('',#1844,#1842,#1015,.T.);
#2286=EDGE_CURVE('',#1844,#1843,#1016,.T.);
#2287=EDGE_CURVE('',#1843,#1837,#1017,.T.);
#2288=EDGE_CURVE('',#1839,#1844,#1018,.T.);
#2289=EDGE_CURVE('',#1845,#1846,#1019,.T.);
#2290=EDGE_CURVE('',#1847,#1845,#1020,.T.);
#2291=EDGE_CURVE('',#1848,#1847,#1021,.T.);
#2292=EDGE_CURVE('',#1848,#1846,#1022,.T.);
#2293=EDGE_CURVE('',#1846,#1849,#1023,.T.);
#2294=EDGE_CURVE('',#1850,#1848,#1024,.T.);
#2295=EDGE_CURVE('',#1850,#1849,#1025,.T.);
#2296=EDGE_CURVE('',#1849,#1851,#1026,.T.);
#2297=EDGE_CURVE('',#1852,#1850,#1027,.T.);
#2298=EDGE_CURVE('',#1852,#1851,#1028,.T.);
#2299=EDGE_CURVE('',#1851,#1845,#1029,.T.);
#2300=EDGE_CURVE('',#1847,#1852,#1030,.T.);
#2301=EDGE_CURVE('',#1853,#1853,#1519,.T.);
#2302=EDGE_CURVE('',#1853,#1854,#1031,.T.);
#2303=EDGE_CURVE('',#1854,#1854,#1520,.T.);
#2304=EDGE_CURVE('',#1855,#1855,#1521,.T.);
#2305=EDGE_CURVE('',#1855,#1856,#1032,.T.);
#2306=EDGE_CURVE('',#1856,#1856,#1522,.T.);
#2307=EDGE_CURVE('',#1857,#1857,#1523,.T.);
#2308=EDGE_CURVE('',#1857,#1858,#1033,.T.);
#2309=EDGE_CURVE('',#1858,#1858,#1524,.T.);
#2310=EDGE_CURVE('',#1859,#1859,#1525,.T.);
#2311=EDGE_CURVE('',#1859,#1860,#1034,.T.);
#2312=EDGE_CURVE('',#1860,#1860,#1526,.T.);
#2313=EDGE_CURVE('',#1861,#1861,#1527,.T.);
#2314=EDGE_CURVE('',#1861,#1862,#1035,.T.);
#2315=EDGE_CURVE('',#1862,#1862,#1528,.T.);
#2316=EDGE_CURVE('',#1863,#1863,#1529,.T.);
#2317=EDGE_CURVE('',#1863,#1864,#1036,.T.);
#2318=EDGE_CURVE('',#1864,#1864,#1530,.T.);
#2319=EDGE_CURVE('',#1865,#1865,#1531,.T.);
#2320=EDGE_CURVE('',#1865,#1866,#1037,.T.);
#2321=EDGE_CURVE('',#1866,#1866,#1532,.T.);
#2322=EDGE_CURVE('',#1867,#1867,#1533,.T.);
#2323=EDGE_CURVE('',#1867,#1868,#1038,.T.);
#2324=EDGE_CURVE('',#1868,#1868,#1534,.T.);
#2325=EDGE_CURVE('',#1869,#1869,#1535,.T.);
#2326=EDGE_CURVE('',#1869,#1870,#1039,.T.);
#2327=EDGE_CURVE('',#1870,#1870,#1536,.T.);
#2328=EDGE_CURVE('',#1871,#1872,#261,.T.);
#2329=EDGE_CURVE('',#1873,#1871,#1537,.T.);
#2330=EDGE_CURVE('',#1872,#1873,#262,.T.);
#2331=EDGE_CURVE('',#1872,#1874,#1040,.T.);
#2332=EDGE_CURVE('',#1874,#1874,#1538,.T.);
#2333=EDGE_CURVE('',#1875,#1876,#1041,.T.);
#2334=EDGE_CURVE('',#1877,#1875,#1539,.T.);
#2335=EDGE_CURVE('',#1878,#1877,#1042,.T.);
#2336=EDGE_CURVE('',#1879,#1878,#1540,.T.);
#2337=EDGE_CURVE('',#1880,#1879,#1043,.T.);
#2338=EDGE_CURVE('',#1881,#1880,#1541,.T.);
#2339=EDGE_CURVE('',#1882,#1881,#1044,.T.);
#2340=EDGE_CURVE('',#1876,#1882,#1542,.T.);
#2341=EDGE_CURVE('',#1743,#1745,#1543,.T.);
#2342=EDGE_CURVE('',#1871,#1873,#1544,.T.);
#2343=EDGE_CURVE('',#1757,#1759,#1545,.T.);
#2344=EDGE_CURVE('',#1647,#1649,#1546,.T.);
#2345=EDGE_CURVE('',#1879,#1883,#1045,.T.);
#2346=EDGE_CURVE('',#1884,#1883,#1046,.T.);
#2347=EDGE_CURVE('',#1880,#1884,#1047,.T.);
#2348=EDGE_CURVE('',#1885,#1878,#1048,.T.);
#2349=EDGE_CURVE('',#1883,#1885,#1547,.T.);
#2350=EDGE_CURVE('',#1877,#1886,#1049,.T.);
#2351=EDGE_CURVE('',#1885,#1886,#1050,.T.);
#2352=EDGE_CURVE('',#1875,#1887,#1051,.T.);
#2353=EDGE_CURVE('',#1886,#1887,#1548,.T.);
#2354=EDGE_CURVE('',#1888,#1889,#1052,.T.);
#2355=EDGE_CURVE('',#1890,#1889,#1053,.T.);
#2356=EDGE_CURVE('',#1890,#1891,#1054,.T.);
#2357=EDGE_CURVE('',#1888,#1891,#1055,.T.);
#2358=EDGE_CURVE('',#1889,#1892,#1549,.T.);
#2359=EDGE_CURVE('',#1892,#1893,#1056,.T.);
#2360=EDGE_CURVE('',#1893,#1890,#1550,.T.);
#2361=EDGE_CURVE('',#1894,#1895,#1551,.T.);
#2362=EDGE_CURVE('',#1895,#1896,#1057,.T.);
#2363=EDGE_CURVE('',#1896,#1897,#1552,.T.);
#2364=EDGE_CURVE('',#1894,#1897,#1058,.T.);
#2365=EDGE_CURVE('',#1898,#1884,#1553,.T.);
#2366=EDGE_CURVE('',#1881,#1898,#1059,.T.);
#2367=EDGE_CURVE('',#1899,#1888,#1554,.T.);
#2368=EDGE_CURVE('',#1891,#1900,#1555,.T.);
#2369=EDGE_CURVE('',#1899,#1900,#1060,.T.);
#2370=EDGE_CURVE('',#1901,#1902,#1556,.T.);
#2371=EDGE_CURVE('',#1902,#1903,#1061,.T.);
#2372=EDGE_CURVE('',#1903,#1904,#1557,.T.);
#2373=EDGE_CURVE('',#1904,#1901,#1062,.T.);
#2374=EDGE_CURVE('',#1895,#1901,#1063,.T.);
#2375=EDGE_CURVE('',#1904,#1896,#1064,.T.);
#2376=EDGE_CURVE('',#1902,#1894,#1065,.T.);
#2377=EDGE_CURVE('',#1897,#1903,#1066,.T.);
#2378=EDGE_CURVE('',#1892,#1899,#1067,.T.);
#2379=EDGE_CURVE('',#1900,#1893,#1068,.T.);
#2380=EDGE_CURVE('',#1905,#1906,#1558,.T.);
#2381=EDGE_CURVE('',#1906,#1907,#1559,.T.);
#2382=EDGE_CURVE('',#1907,#1908,#1560,.T.);
#2383=EDGE_CURVE('',#1908,#1905,#1561,.T.);
#2384=EDGE_CURVE('',#1909,#1910,#1562,.T.);
#2385=EDGE_CURVE('',#1910,#1906,#1069,.T.);
#2386=EDGE_CURVE('',#1905,#1909,#1070,.T.);
#2387=EDGE_CURVE('',#1911,#1912,#1563,.T.);
#2388=EDGE_CURVE('',#1912,#1908,#1071,.T.);
#2389=EDGE_CURVE('',#1907,#1911,#1072,.T.);
#2390=EDGE_CURVE('',#1913,#1914,#1564,.T.);
#2391=EDGE_CURVE('',#1914,#1910,#1565,.T.);
#2392=EDGE_CURVE('',#1909,#1913,#1566,.T.);
#2393=EDGE_CURVE('',#1915,#1916,#1567,.T.);
#2394=EDGE_CURVE('',#1916,#1912,#1568,.T.);
#2395=EDGE_CURVE('',#1911,#1915,#1569,.T.);
#2396=EDGE_CURVE('',#1917,#1918,#1570,.T.);
#2397=EDGE_CURVE('',#1918,#1914,#1073,.T.);
#2398=EDGE_CURVE('',#1913,#1917,#1074,.T.);
#2399=EDGE_CURVE('',#1919,#1920,#1571,.T.);
#2400=EDGE_CURVE('',#1920,#1916,#1075,.T.);
#2401=EDGE_CURVE('',#1915,#1919,#1076,.T.);
#2402=EDGE_CURVE('',#1917,#1920,#1572,.T.);
#2403=EDGE_CURVE('',#1919,#1918,#1573,.T.);
#2404=EDGE_CURVE('',#1921,#1915,#1574,.T.);
#2405=EDGE_CURVE('',#1922,#1921,#1077,.T.);
#2406=EDGE_CURVE('',#1922,#1919,#1575,.T.);
#2407=EDGE_CURVE('',#1923,#1911,#1576,.T.);
#2408=EDGE_CURVE('',#1921,#1923,#1577,.T.);
#2409=EDGE_CURVE('',#1924,#1907,#1578,.T.);
#2410=EDGE_CURVE('',#1923,#1924,#1078,.T.);
#2411=EDGE_CURVE('',#1925,#1906,#1579,.T.);
#2412=EDGE_CURVE('',#1924,#1925,#1580,.T.);
#2413=EDGE_CURVE('',#1926,#1927,#1079,.T.);
#2414=EDGE_CURVE('',#1928,#1926,#1581,.T.);
#2415=EDGE_CURVE('',#1929,#1928,#1080,.T.);
#2416=EDGE_CURVE('',#1930,#1929,#1582,.T.);
#2417=EDGE_CURVE('',#1931,#1930,#1081,.T.);
#2418=EDGE_CURVE('',#1932,#1931,#1583,.T.);
#2419=EDGE_CURVE('',#1933,#1932,#1082,.T.);
#2420=EDGE_CURVE('',#1927,#1933,#1584,.T.);
#2421=EDGE_CURVE('',#1934,#1935,#1585,.T.);
#2422=EDGE_CURVE('',#1935,#1936,#1586,.T.);
#2423=EDGE_CURVE('',#1936,#1937,#1587,.T.);
#2424=EDGE_CURVE('',#1937,#1934,#1588,.T.);
#2425=EDGE_CURVE('',#1938,#1939,#1589,.T.);
#2426=EDGE_CURVE('',#1939,#1935,#1083,.T.);
#2427=EDGE_CURVE('',#1934,#1938,#1084,.T.);
#2428=EDGE_CURVE('',#1940,#1941,#1590,.T.);
#2429=EDGE_CURVE('',#1941,#1937,#1085,.T.);
#2430=EDGE_CURVE('',#1936,#1940,#1086,.T.);
#2431=EDGE_CURVE('',#1942,#1943,#1591,.T.);
#2432=EDGE_CURVE('',#1943,#1939,#1592,.T.);
#2433=EDGE_CURVE('',#1938,#1942,#1593,.T.);
#2434=EDGE_CURVE('',#1944,#1945,#1594,.T.);
#2435=EDGE_CURVE('',#1945,#1941,#1595,.T.);
#2436=EDGE_CURVE('',#1940,#1944,#1596,.T.);
#2437=EDGE_CURVE('',#1946,#1947,#1597,.T.);
#2438=EDGE_CURVE('',#1947,#1943,#1087,.T.);
#2439=EDGE_CURVE('',#1942,#1946,#1088,.T.);
#2440=EDGE_CURVE('',#1948,#1949,#1598,.T.);
#2441=EDGE_CURVE('',#1949,#1945,#1089,.T.);
#2442=EDGE_CURVE('',#1944,#1948,#1090,.T.);
#2443=EDGE_CURVE('',#1946,#1949,#1599,.T.);
#2444=EDGE_CURVE('',#1948,#1947,#1600,.T.);
#2445=EDGE_CURVE('',#1942,#1950,#1601,.T.);
#2446=EDGE_CURVE('',#1951,#1950,#1091,.T.);
#2447=EDGE_CURVE('',#1946,#1951,#1602,.T.);
#2448=EDGE_CURVE('',#1952,#1938,#1603,.T.);
#2449=EDGE_CURVE('',#1950,#1952,#1604,.T.);
#2450=EDGE_CURVE('',#1934,#1953,#1605,.T.);
#2451=EDGE_CURVE('',#1952,#1953,#1092,.T.);
#2452=EDGE_CURVE('',#1937,#1954,#1606,.T.);
#2453=EDGE_CURVE('',#1953,#1954,#1607,.T.);
#2454=EDGE_CURVE('',#1887,#1955,#1093,.T.);
#2455=EDGE_CURVE('',#1955,#1956,#1608,.T.);
#2456=EDGE_CURVE('',#1956,#1898,#1094,.T.);
#2457=EDGE_CURVE('',#1957,#1951,#1609,.T.);
#2458=EDGE_CURVE('',#1950,#1958,#1610,.T.);
#2459=EDGE_CURVE('',#1958,#1957,#1095,.T.);
#2460=EDGE_CURVE('',#1922,#1959,#1611,.T.);
#2461=EDGE_CURVE('',#1959,#1951,#1612,.T.);
#2462=EDGE_CURVE('',#1957,#1922,#1613,.T.);
#2463=EDGE_CURVE('',#1952,#1960,#1614,.T.);
#2464=EDGE_CURVE('',#1960,#1958,#1615,.T.);
#2465=EDGE_CURVE('',#1921,#1961,#1616,.T.);
#2466=EDGE_CURVE('',#1961,#1959,#1096,.T.);
#2467=EDGE_CURVE('',#1953,#1925,#1617,.T.);
#2468=EDGE_CURVE('',#1925,#1960,#1097,.T.);
#2469=EDGE_CURVE('',#1923,#1962,#1618,.T.);
#2470=EDGE_CURVE('',#1962,#1961,#1619,.T.);
#2471=EDGE_CURVE('',#1954,#1924,#1620,.T.);
#2472=EDGE_CURVE('',#1954,#1962,#1098,.T.);
#2473=EDGE_CURVE('',#1957,#1918,#1621,.T.);
#2474=EDGE_CURVE('',#1958,#1914,#1622,.T.);
#2475=EDGE_CURVE('',#1963,#1964,#1623,.T.);
#2476=EDGE_CURVE('',#1964,#1965,#1099,.T.);
#2477=EDGE_CURVE('',#1965,#1966,#1624,.T.);
#2478=EDGE_CURVE('',#1966,#1967,#1100,.T.);
#2479=EDGE_CURVE('',#1967,#1968,#1625,.T.);
#2480=EDGE_CURVE('',#1968,#1969,#1101,.T.);
#2481=EDGE_CURVE('',#1969,#1970,#1626,.T.);
#2482=EDGE_CURVE('',#1970,#1963,#1102,.T.);
#2483=EDGE_CURVE('',#1910,#1960,#1627,.T.);
#2484=EDGE_CURVE('',#1970,#1926,#1103,.T.);
#2485=EDGE_CURVE('',#1928,#1969,#1104,.T.);
#2486=EDGE_CURVE('',#1929,#1968,#1105,.T.);
#2487=EDGE_CURVE('',#1949,#1959,#1628,.T.);
#2488=EDGE_CURVE('',#1930,#1967,#1106,.T.);
#2489=EDGE_CURVE('',#1882,#1956,#1107,.T.);
#2490=EDGE_CURVE('',#1945,#1961,#1629,.T.);
#2491=EDGE_CURVE('',#1931,#1966,#1108,.T.);
#2492=EDGE_CURVE('',#1876,#1955,#1109,.T.);
#2493=EDGE_CURVE('',#1941,#1962,#1630,.T.);
#2494=EDGE_CURVE('',#1932,#1965,#1110,.T.);
#2495=EDGE_CURVE('',#1933,#1964,#1111,.T.);
#2496=EDGE_CURVE('',#1927,#1963,#1112,.T.);
#2497=ORIENTED_EDGE('',*,*,#1971,.F.);
#2498=ORIENTED_EDGE('',*,*,#1972,.T.);
#2499=ORIENTED_EDGE('',*,*,#1973,.F.);
#2500=ORIENTED_EDGE('',*,*,#1972,.F.);
#2501=ORIENTED_EDGE('',*,*,#1974,.F.);
#2502=ORIENTED_EDGE('',*,*,#1975,.T.);
#2503=ORIENTED_EDGE('',*,*,#1976,.F.);
#2504=ORIENTED_EDGE('',*,*,#1975,.F.);
#2505=ORIENTED_EDGE('',*,*,#1977,.F.);
#2506=ORIENTED_EDGE('',*,*,#1978,.T.);
#2507=ORIENTED_EDGE('',*,*,#1979,.F.);
#2508=ORIENTED_EDGE('',*,*,#1978,.F.);
#2509=ORIENTED_EDGE('',*,*,#1980,.F.);
#2510=ORIENTED_EDGE('',*,*,#1981,.T.);
#2511=ORIENTED_EDGE('',*,*,#1982,.F.);
#2512=ORIENTED_EDGE('',*,*,#1981,.F.);
#2513=ORIENTED_EDGE('',*,*,#1983,.F.);
#2514=ORIENTED_EDGE('',*,*,#1984,.T.);
#2515=ORIENTED_EDGE('',*,*,#1985,.F.);
#2516=ORIENTED_EDGE('',*,*,#1984,.F.);
#2517=ORIENTED_EDGE('',*,*,#1986,.F.);
#2518=ORIENTED_EDGE('',*,*,#1987,.T.);
#2519=ORIENTED_EDGE('',*,*,#1988,.F.);
#2520=ORIENTED_EDGE('',*,*,#1987,.F.);
#2521=ORIENTED_EDGE('',*,*,#1989,.F.);
#2522=ORIENTED_EDGE('',*,*,#1990,.T.);
#2523=ORIENTED_EDGE('',*,*,#1991,.F.);
#2524=ORIENTED_EDGE('',*,*,#1990,.F.);
#2525=ORIENTED_EDGE('',*,*,#1992,.F.);
#2526=ORIENTED_EDGE('',*,*,#1993,.T.);
#2527=ORIENTED_EDGE('',*,*,#1994,.F.);
#2528=ORIENTED_EDGE('',*,*,#1993,.F.);
#2529=ORIENTED_EDGE('',*,*,#1995,.F.);
#2530=ORIENTED_EDGE('',*,*,#1996,.F.);
#2531=ORIENTED_EDGE('',*,*,#1997,.F.);
#2532=ORIENTED_EDGE('',*,*,#1998,.T.);
#2533=ORIENTED_EDGE('',*,*,#1999,.F.);
#2534=ORIENTED_EDGE('',*,*,#1998,.F.);
#2535=ORIENTED_EDGE('',*,*,#2000,.F.);
#2536=ORIENTED_EDGE('',*,*,#2001,.T.);
#2537=ORIENTED_EDGE('',*,*,#2002,.F.);
#2538=ORIENTED_EDGE('',*,*,#2001,.F.);
#2539=ORIENTED_EDGE('',*,*,#2003,.F.);
#2540=ORIENTED_EDGE('',*,*,#2004,.F.);
#2541=ORIENTED_EDGE('',*,*,#2005,.F.);
#2542=ORIENTED_EDGE('',*,*,#2006,.T.);
#2543=ORIENTED_EDGE('',*,*,#2007,.F.);
#2544=ORIENTED_EDGE('',*,*,#2006,.F.);
#2545=ORIENTED_EDGE('',*,*,#2008,.F.);
#2546=ORIENTED_EDGE('',*,*,#2009,.T.);
#2547=ORIENTED_EDGE('',*,*,#2010,.F.);
#2548=ORIENTED_EDGE('',*,*,#2009,.F.);
#2549=ORIENTED_EDGE('',*,*,#2011,.F.);
#2550=ORIENTED_EDGE('',*,*,#2012,.T.);
#2551=ORIENTED_EDGE('',*,*,#2013,.F.);
#2552=ORIENTED_EDGE('',*,*,#2012,.F.);
#2553=ORIENTED_EDGE('',*,*,#2014,.F.);
#2554=ORIENTED_EDGE('',*,*,#2004,.T.);
#2555=ORIENTED_EDGE('',*,*,#2015,.F.);
#2556=ORIENTED_EDGE('',*,*,#2016,.F.);
#2557=ORIENTED_EDGE('',*,*,#2017,.F.);
#2558=ORIENTED_EDGE('',*,*,#2018,.T.);
#2559=ORIENTED_EDGE('',*,*,#2019,.F.);
#2560=ORIENTED_EDGE('',*,*,#2018,.F.);
#2561=ORIENTED_EDGE('',*,*,#2020,.F.);
#2562=ORIENTED_EDGE('',*,*,#2021,.T.);
#2563=ORIENTED_EDGE('',*,*,#2022,.F.);
#2564=ORIENTED_EDGE('',*,*,#2021,.F.);
#2565=ORIENTED_EDGE('',*,*,#2023,.F.);
#2566=ORIENTED_EDGE('',*,*,#2024,.T.);
#2567=ORIENTED_EDGE('',*,*,#2025,.F.);
#2568=ORIENTED_EDGE('',*,*,#2024,.F.);
#2569=ORIENTED_EDGE('',*,*,#2026,.F.);
#2570=ORIENTED_EDGE('',*,*,#2016,.T.);
#2571=ORIENTED_EDGE('',*,*,#2027,.F.);
#2572=ORIENTED_EDGE('',*,*,#2028,.F.);
#2573=ORIENTED_EDGE('',*,*,#2029,.F.);
#2574=ORIENTED_EDGE('',*,*,#2030,.T.);
#2575=ORIENTED_EDGE('',*,*,#2031,.F.);
#2576=ORIENTED_EDGE('',*,*,#2030,.F.);
#2577=ORIENTED_EDGE('',*,*,#2032,.F.);
#2578=ORIENTED_EDGE('',*,*,#2033,.T.);
#2579=ORIENTED_EDGE('',*,*,#2034,.F.);
#2580=ORIENTED_EDGE('',*,*,#2033,.F.);
#2581=ORIENTED_EDGE('',*,*,#2035,.F.);
#2582=ORIENTED_EDGE('',*,*,#2036,.T.);
#2583=ORIENTED_EDGE('',*,*,#2037,.F.);
#2584=ORIENTED_EDGE('',*,*,#2036,.F.);
#2585=ORIENTED_EDGE('',*,*,#2038,.F.);
#2586=ORIENTED_EDGE('',*,*,#2028,.T.);
#2587=ORIENTED_EDGE('',*,*,#2039,.F.);
#2588=ORIENTED_EDGE('',*,*,#2040,.F.);
#2589=ORIENTED_EDGE('',*,*,#2041,.F.);
#2590=ORIENTED_EDGE('',*,*,#2042,.T.);
#2591=ORIENTED_EDGE('',*,*,#2043,.F.);
#2592=ORIENTED_EDGE('',*,*,#2042,.F.);
#2593=ORIENTED_EDGE('',*,*,#2044,.F.);
#2594=ORIENTED_EDGE('',*,*,#2045,.T.);
#2595=ORIENTED_EDGE('',*,*,#2046,.F.);
#2596=ORIENTED_EDGE('',*,*,#2045,.F.);
#2597=ORIENTED_EDGE('',*,*,#2047,.F.);
#2598=ORIENTED_EDGE('',*,*,#2048,.T.);
#2599=ORIENTED_EDGE('',*,*,#2049,.F.);
#2600=ORIENTED_EDGE('',*,*,#2048,.F.);
#2601=ORIENTED_EDGE('',*,*,#2050,.F.);
#2602=ORIENTED_EDGE('',*,*,#2040,.T.);
#2603=ORIENTED_EDGE('',*,*,#2051,.F.);
#2604=ORIENTED_EDGE('',*,*,#2052,.F.);
#2605=ORIENTED_EDGE('',*,*,#2053,.F.);
#2606=ORIENTED_EDGE('',*,*,#2054,.T.);
#2607=ORIENTED_EDGE('',*,*,#2055,.F.);
#2608=ORIENTED_EDGE('',*,*,#2054,.F.);
#2609=ORIENTED_EDGE('',*,*,#2056,.F.);
#2610=ORIENTED_EDGE('',*,*,#2057,.T.);
#2611=ORIENTED_EDGE('',*,*,#2058,.F.);
#2612=ORIENTED_EDGE('',*,*,#2057,.F.);
#2613=ORIENTED_EDGE('',*,*,#2059,.F.);
#2614=ORIENTED_EDGE('',*,*,#2060,.T.);
#2615=ORIENTED_EDGE('',*,*,#2061,.F.);
#2616=ORIENTED_EDGE('',*,*,#2060,.F.);
#2617=ORIENTED_EDGE('',*,*,#2062,.F.);
#2618=ORIENTED_EDGE('',*,*,#2063,.T.);
#2619=ORIENTED_EDGE('',*,*,#2064,.F.);
#2620=ORIENTED_EDGE('',*,*,#2063,.F.);
#2621=ORIENTED_EDGE('',*,*,#2065,.F.);
#2622=ORIENTED_EDGE('',*,*,#2066,.T.);
#2623=ORIENTED_EDGE('',*,*,#2067,.F.);
#2624=ORIENTED_EDGE('',*,*,#2066,.F.);
#2625=ORIENTED_EDGE('',*,*,#2068,.F.);
#2626=ORIENTED_EDGE('',*,*,#2069,.T.);
#2627=ORIENTED_EDGE('',*,*,#2070,.F.);
#2628=ORIENTED_EDGE('',*,*,#2069,.F.);
#2629=ORIENTED_EDGE('',*,*,#2071,.F.);
#2630=ORIENTED_EDGE('',*,*,#2072,.T.);
#2631=ORIENTED_EDGE('',*,*,#2073,.F.);
#2632=ORIENTED_EDGE('',*,*,#2072,.F.);
#2633=ORIENTED_EDGE('',*,*,#2074,.F.);
#2634=ORIENTED_EDGE('',*,*,#2075,.T.);
#2635=ORIENTED_EDGE('',*,*,#2076,.F.);
#2636=ORIENTED_EDGE('',*,*,#2075,.F.);
#2637=ORIENTED_EDGE('',*,*,#2077,.F.);
#2638=ORIENTED_EDGE('',*,*,#2078,.T.);
#2639=ORIENTED_EDGE('',*,*,#2079,.F.);
#2640=ORIENTED_EDGE('',*,*,#2078,.F.);
#2641=ORIENTED_EDGE('',*,*,#2080,.F.);
#2642=ORIENTED_EDGE('',*,*,#2052,.T.);
#2643=ORIENTED_EDGE('',*,*,#2081,.F.);
#2644=ORIENTED_EDGE('',*,*,#2082,.F.);
#2645=ORIENTED_EDGE('',*,*,#2083,.F.);
#2646=ORIENTED_EDGE('',*,*,#2084,.T.);
#2647=ORIENTED_EDGE('',*,*,#2085,.F.);
#2648=ORIENTED_EDGE('',*,*,#2084,.F.);
#2649=ORIENTED_EDGE('',*,*,#2086,.F.);
#2650=ORIENTED_EDGE('',*,*,#2087,.T.);
#2651=ORIENTED_EDGE('',*,*,#2088,.F.);
#2652=ORIENTED_EDGE('',*,*,#2087,.F.);
#2653=ORIENTED_EDGE('',*,*,#2089,.F.);
#2654=ORIENTED_EDGE('',*,*,#2090,.T.);
#2655=ORIENTED_EDGE('',*,*,#2091,.F.);
#2656=ORIENTED_EDGE('',*,*,#2090,.F.);
#2657=ORIENTED_EDGE('',*,*,#2092,.F.);
#2658=ORIENTED_EDGE('',*,*,#2082,.T.);
#2659=ORIENTED_EDGE('',*,*,#2093,.F.);
#2660=ORIENTED_EDGE('',*,*,#2094,.F.);
#2661=ORIENTED_EDGE('',*,*,#2095,.F.);
#2662=ORIENTED_EDGE('',*,*,#2096,.T.);
#2663=ORIENTED_EDGE('',*,*,#2097,.F.);
#2664=ORIENTED_EDGE('',*,*,#2096,.F.);
#2665=ORIENTED_EDGE('',*,*,#2098,.F.);
#2666=ORIENTED_EDGE('',*,*,#2099,.T.);
#2667=ORIENTED_EDGE('',*,*,#2100,.F.);
#2668=ORIENTED_EDGE('',*,*,#2099,.F.);
#2669=ORIENTED_EDGE('',*,*,#2101,.F.);
#2670=ORIENTED_EDGE('',*,*,#2102,.T.);
#2671=ORIENTED_EDGE('',*,*,#2103,.F.);
#2672=ORIENTED_EDGE('',*,*,#2102,.F.);
#2673=ORIENTED_EDGE('',*,*,#2104,.F.);
#2674=ORIENTED_EDGE('',*,*,#2094,.T.);
#2675=ORIENTED_EDGE('',*,*,#2105,.F.);
#2676=ORIENTED_EDGE('',*,*,#2106,.F.);
#2677=ORIENTED_EDGE('',*,*,#2107,.F.);
#2678=ORIENTED_EDGE('',*,*,#2108,.T.);
#2679=ORIENTED_EDGE('',*,*,#2109,.F.);
#2680=ORIENTED_EDGE('',*,*,#2108,.F.);
#2681=ORIENTED_EDGE('',*,*,#2110,.F.);
#2682=ORIENTED_EDGE('',*,*,#2111,.T.);
#2683=ORIENTED_EDGE('',*,*,#2112,.F.);
#2684=ORIENTED_EDGE('',*,*,#2111,.F.);
#2685=ORIENTED_EDGE('',*,*,#2113,.F.);
#2686=ORIENTED_EDGE('',*,*,#2114,.T.);
#2687=ORIENTED_EDGE('',*,*,#2115,.F.);
#2688=ORIENTED_EDGE('',*,*,#2114,.F.);
#2689=ORIENTED_EDGE('',*,*,#2116,.F.);
#2690=ORIENTED_EDGE('',*,*,#2106,.T.);
#2691=ORIENTED_EDGE('',*,*,#2117,.F.);
#2692=ORIENTED_EDGE('',*,*,#2118,.F.);
#2693=ORIENTED_EDGE('',*,*,#2119,.F.);
#2694=ORIENTED_EDGE('',*,*,#2120,.T.);
#2695=ORIENTED_EDGE('',*,*,#2121,.F.);
#2696=ORIENTED_EDGE('',*,*,#2120,.F.);
#2697=ORIENTED_EDGE('',*,*,#2122,.F.);
#2698=ORIENTED_EDGE('',*,*,#2123,.T.);
#2699=ORIENTED_EDGE('',*,*,#2124,.F.);
#2700=ORIENTED_EDGE('',*,*,#2123,.F.);
#2701=ORIENTED_EDGE('',*,*,#2125,.F.);
#2702=ORIENTED_EDGE('',*,*,#2126,.T.);
#2703=ORIENTED_EDGE('',*,*,#2127,.F.);
#2704=ORIENTED_EDGE('',*,*,#2126,.F.);
#2705=ORIENTED_EDGE('',*,*,#2128,.F.);
#2706=ORIENTED_EDGE('',*,*,#2118,.T.);
#2707=ORIENTED_EDGE('',*,*,#2129,.F.);
#2708=ORIENTED_EDGE('',*,*,#2130,.T.);
#2709=ORIENTED_EDGE('',*,*,#2131,.F.);
#2710=ORIENTED_EDGE('',*,*,#2130,.F.);
#2711=ORIENTED_EDGE('',*,*,#2132,.F.);
#2712=ORIENTED_EDGE('',*,*,#2133,.T.);
#2713=ORIENTED_EDGE('',*,*,#2134,.F.);
#2714=ORIENTED_EDGE('',*,*,#2133,.F.);
#2715=ORIENTED_EDGE('',*,*,#2135,.F.);
#2716=ORIENTED_EDGE('',*,*,#2136,.T.);
#2717=ORIENTED_EDGE('',*,*,#2137,.F.);
#2718=ORIENTED_EDGE('',*,*,#2136,.F.);
#2719=ORIENTED_EDGE('',*,*,#2138,.F.);
#2720=ORIENTED_EDGE('',*,*,#2139,.F.);
#2721=ORIENTED_EDGE('',*,*,#2140,.F.);
#2722=ORIENTED_EDGE('',*,*,#2141,.T.);
#2723=ORIENTED_EDGE('',*,*,#2142,.F.);
#2724=ORIENTED_EDGE('',*,*,#2141,.F.);
#2725=ORIENTED_EDGE('',*,*,#2143,.F.);
#2726=ORIENTED_EDGE('',*,*,#2144,.T.);
#2727=ORIENTED_EDGE('',*,*,#2145,.F.);
#2728=ORIENTED_EDGE('',*,*,#2144,.F.);
#2729=ORIENTED_EDGE('',*,*,#2146,.F.);
#2730=ORIENTED_EDGE('',*,*,#2147,.T.);
#2731=ORIENTED_EDGE('',*,*,#2148,.F.);
#2732=ORIENTED_EDGE('',*,*,#2147,.F.);
#2733=ORIENTED_EDGE('',*,*,#2149,.F.);
#2734=ORIENTED_EDGE('',*,*,#2150,.T.);
#2735=ORIENTED_EDGE('',*,*,#2151,.F.);
#2736=ORIENTED_EDGE('',*,*,#2150,.F.);
#2737=ORIENTED_EDGE('',*,*,#2152,.F.);
#2738=ORIENTED_EDGE('',*,*,#2153,.T.);
#2739=ORIENTED_EDGE('',*,*,#2154,.F.);
#2740=ORIENTED_EDGE('',*,*,#2153,.F.);
#2741=ORIENTED_EDGE('',*,*,#2155,.F.);
#2742=ORIENTED_EDGE('',*,*,#2156,.T.);
#2743=ORIENTED_EDGE('',*,*,#2157,.F.);
#2744=ORIENTED_EDGE('',*,*,#2156,.F.);
#2745=ORIENTED_EDGE('',*,*,#2158,.F.);
#2746=ORIENTED_EDGE('',*,*,#2159,.F.);
#2747=ORIENTED_EDGE('',*,*,#2160,.F.);
#2748=ORIENTED_EDGE('',*,*,#2161,.T.);
#2749=ORIENTED_EDGE('',*,*,#2162,.F.);
#2750=ORIENTED_EDGE('',*,*,#2161,.F.);
#2751=ORIENTED_EDGE('',*,*,#2163,.F.);
#2752=ORIENTED_EDGE('',*,*,#2164,.T.);
#2753=ORIENTED_EDGE('',*,*,#2165,.F.);
#2754=ORIENTED_EDGE('',*,*,#2164,.F.);
#2755=ORIENTED_EDGE('',*,*,#2166,.F.);
#2756=ORIENTED_EDGE('',*,*,#2167,.T.);
#2757=ORIENTED_EDGE('',*,*,#2168,.F.);
#2758=ORIENTED_EDGE('',*,*,#2167,.F.);
#2759=ORIENTED_EDGE('',*,*,#2169,.F.);
#2760=ORIENTED_EDGE('',*,*,#2170,.T.);
#2761=ORIENTED_EDGE('',*,*,#2171,.F.);
#2762=ORIENTED_EDGE('',*,*,#2170,.F.);
#2763=ORIENTED_EDGE('',*,*,#2172,.F.);
#2764=ORIENTED_EDGE('',*,*,#2173,.T.);
#2765=ORIENTED_EDGE('',*,*,#2174,.F.);
#2766=ORIENTED_EDGE('',*,*,#2173,.F.);
#2767=ORIENTED_EDGE('',*,*,#2175,.F.);
#2768=ORIENTED_EDGE('',*,*,#2176,.T.);
#2769=ORIENTED_EDGE('',*,*,#2177,.F.);
#2770=ORIENTED_EDGE('',*,*,#2176,.F.);
#2771=ORIENTED_EDGE('',*,*,#2178,.F.);
#2772=ORIENTED_EDGE('',*,*,#2179,.T.);
#2773=ORIENTED_EDGE('',*,*,#2180,.F.);
#2774=ORIENTED_EDGE('',*,*,#2179,.F.);
#2775=ORIENTED_EDGE('',*,*,#2181,.F.);
#2776=ORIENTED_EDGE('',*,*,#2182,.T.);
#2777=ORIENTED_EDGE('',*,*,#2183,.F.);
#2778=ORIENTED_EDGE('',*,*,#2182,.F.);
#2779=ORIENTED_EDGE('',*,*,#2184,.F.);
#2780=ORIENTED_EDGE('',*,*,#2185,.T.);
#2781=ORIENTED_EDGE('',*,*,#2186,.F.);
#2782=ORIENTED_EDGE('',*,*,#2185,.F.);
#2783=ORIENTED_EDGE('',*,*,#2187,.F.);
#2784=ORIENTED_EDGE('',*,*,#2188,.T.);
#2785=ORIENTED_EDGE('',*,*,#2189,.F.);
#2786=ORIENTED_EDGE('',*,*,#2188,.F.);
#2787=ORIENTED_EDGE('',*,*,#2190,.F.);
#2788=ORIENTED_EDGE('',*,*,#2191,.T.);
#2789=ORIENTED_EDGE('',*,*,#2192,.F.);
#2790=ORIENTED_EDGE('',*,*,#2191,.F.);
#2791=ORIENTED_EDGE('',*,*,#2193,.F.);
#2792=ORIENTED_EDGE('',*,*,#2194,.F.);
#2793=ORIENTED_EDGE('',*,*,#2195,.F.);
#2794=ORIENTED_EDGE('',*,*,#2196,.T.);
#2795=ORIENTED_EDGE('',*,*,#2197,.F.);
#2796=ORIENTED_EDGE('',*,*,#2196,.F.);
#2797=ORIENTED_EDGE('',*,*,#2198,.F.);
#2798=ORIENTED_EDGE('',*,*,#2199,.T.);
#2799=ORIENTED_EDGE('',*,*,#2200,.F.);
#2800=ORIENTED_EDGE('',*,*,#2199,.F.);
#2801=ORIENTED_EDGE('',*,*,#2201,.F.);
#2802=ORIENTED_EDGE('',*,*,#2202,.T.);
#2803=ORIENTED_EDGE('',*,*,#2203,.F.);
#2804=ORIENTED_EDGE('',*,*,#2202,.F.);
#2805=ORIENTED_EDGE('',*,*,#2204,.F.);
#2806=ORIENTED_EDGE('',*,*,#2194,.T.);
#2807=ORIENTED_EDGE('',*,*,#2205,.F.);
#2808=ORIENTED_EDGE('',*,*,#2206,.F.);
#2809=ORIENTED_EDGE('',*,*,#2207,.F.);
#2810=ORIENTED_EDGE('',*,*,#2208,.T.);
#2811=ORIENTED_EDGE('',*,*,#2209,.F.);
#2812=ORIENTED_EDGE('',*,*,#2208,.F.);
#2813=ORIENTED_EDGE('',*,*,#2210,.F.);
#2814=ORIENTED_EDGE('',*,*,#2211,.T.);
#2815=ORIENTED_EDGE('',*,*,#2212,.F.);
#2816=ORIENTED_EDGE('',*,*,#2211,.F.);
#2817=ORIENTED_EDGE('',*,*,#2213,.F.);
#2818=ORIENTED_EDGE('',*,*,#2214,.T.);
#2819=ORIENTED_EDGE('',*,*,#2215,.F.);
#2820=ORIENTED_EDGE('',*,*,#2214,.F.);
#2821=ORIENTED_EDGE('',*,*,#2216,.F.);
#2822=ORIENTED_EDGE('',*,*,#2206,.T.);
#2823=ORIENTED_EDGE('',*,*,#2217,.F.);
#2824=ORIENTED_EDGE('',*,*,#2218,.F.);
#2825=ORIENTED_EDGE('',*,*,#2219,.F.);
#2826=ORIENTED_EDGE('',*,*,#2220,.T.);
#2827=ORIENTED_EDGE('',*,*,#2221,.F.);
#2828=ORIENTED_EDGE('',*,*,#2220,.F.);
#2829=ORIENTED_EDGE('',*,*,#2222,.F.);
#2830=ORIENTED_EDGE('',*,*,#2223,.T.);
#2831=ORIENTED_EDGE('',*,*,#2224,.F.);
#2832=ORIENTED_EDGE('',*,*,#2223,.F.);
#2833=ORIENTED_EDGE('',*,*,#2225,.F.);
#2834=ORIENTED_EDGE('',*,*,#2226,.T.);
#2835=ORIENTED_EDGE('',*,*,#2227,.F.);
#2836=ORIENTED_EDGE('',*,*,#2226,.F.);
#2837=ORIENTED_EDGE('',*,*,#2228,.F.);
#2838=ORIENTED_EDGE('',*,*,#2218,.T.);
#2839=ORIENTED_EDGE('',*,*,#2229,.F.);
#2840=ORIENTED_EDGE('',*,*,#2230,.F.);
#2841=ORIENTED_EDGE('',*,*,#2231,.F.);
#2842=ORIENTED_EDGE('',*,*,#2232,.T.);
#2843=ORIENTED_EDGE('',*,*,#2233,.F.);
#2844=ORIENTED_EDGE('',*,*,#2232,.F.);
#2845=ORIENTED_EDGE('',*,*,#2234,.F.);
#2846=ORIENTED_EDGE('',*,*,#2235,.T.);
#2847=ORIENTED_EDGE('',*,*,#2236,.F.);
#2848=ORIENTED_EDGE('',*,*,#2235,.F.);
#2849=ORIENTED_EDGE('',*,*,#2237,.F.);
#2850=ORIENTED_EDGE('',*,*,#2238,.T.);
#2851=ORIENTED_EDGE('',*,*,#2239,.F.);
#2852=ORIENTED_EDGE('',*,*,#2238,.F.);
#2853=ORIENTED_EDGE('',*,*,#2240,.F.);
#2854=ORIENTED_EDGE('',*,*,#2230,.T.);
#2855=ORIENTED_EDGE('',*,*,#2241,.F.);
#2856=ORIENTED_EDGE('',*,*,#2242,.F.);
#2857=ORIENTED_EDGE('',*,*,#2243,.F.);
#2858=ORIENTED_EDGE('',*,*,#2244,.T.);
#2859=ORIENTED_EDGE('',*,*,#2245,.F.);
#2860=ORIENTED_EDGE('',*,*,#2244,.F.);
#2861=ORIENTED_EDGE('',*,*,#2246,.F.);
#2862=ORIENTED_EDGE('',*,*,#2247,.T.);
#2863=ORIENTED_EDGE('',*,*,#2248,.F.);
#2864=ORIENTED_EDGE('',*,*,#2247,.F.);
#2865=ORIENTED_EDGE('',*,*,#2249,.F.);
#2866=ORIENTED_EDGE('',*,*,#2250,.T.);
#2867=ORIENTED_EDGE('',*,*,#2251,.F.);
#2868=ORIENTED_EDGE('',*,*,#2250,.F.);
#2869=ORIENTED_EDGE('',*,*,#2252,.F.);
#2870=ORIENTED_EDGE('',*,*,#2242,.T.);
#2871=ORIENTED_EDGE('',*,*,#2253,.F.);
#2872=ORIENTED_EDGE('',*,*,#2254,.F.);
#2873=ORIENTED_EDGE('',*,*,#2255,.F.);
#2874=ORIENTED_EDGE('',*,*,#2256,.T.);
#2875=ORIENTED_EDGE('',*,*,#2257,.F.);
#2876=ORIENTED_EDGE('',*,*,#2256,.F.);
#2877=ORIENTED_EDGE('',*,*,#2258,.F.);
#2878=ORIENTED_EDGE('',*,*,#2259,.T.);
#2879=ORIENTED_EDGE('',*,*,#2260,.F.);
#2880=ORIENTED_EDGE('',*,*,#2259,.F.);
#2881=ORIENTED_EDGE('',*,*,#2261,.F.);
#2882=ORIENTED_EDGE('',*,*,#2262,.T.);
#2883=ORIENTED_EDGE('',*,*,#2263,.F.);
#2884=ORIENTED_EDGE('',*,*,#2262,.F.);
#2885=ORIENTED_EDGE('',*,*,#2264,.F.);
#2886=ORIENTED_EDGE('',*,*,#2254,.T.);
#2887=ORIENTED_EDGE('',*,*,#2265,.F.);
#2888=ORIENTED_EDGE('',*,*,#2266,.F.);
#2889=ORIENTED_EDGE('',*,*,#2267,.F.);
#2890=ORIENTED_EDGE('',*,*,#2268,.T.);
#2891=ORIENTED_EDGE('',*,*,#2269,.F.);
#2892=ORIENTED_EDGE('',*,*,#2268,.F.);
#2893=ORIENTED_EDGE('',*,*,#2270,.F.);
#2894=ORIENTED_EDGE('',*,*,#2271,.T.);
#2895=ORIENTED_EDGE('',*,*,#2272,.F.);
#2896=ORIENTED_EDGE('',*,*,#2271,.F.);
#2897=ORIENTED_EDGE('',*,*,#2273,.F.);
#2898=ORIENTED_EDGE('',*,*,#2274,.T.);
#2899=ORIENTED_EDGE('',*,*,#2275,.F.);
#2900=ORIENTED_EDGE('',*,*,#2274,.F.);
#2901=ORIENTED_EDGE('',*,*,#2276,.F.);
#2902=ORIENTED_EDGE('',*,*,#2266,.T.);
#2903=ORIENTED_EDGE('',*,*,#2277,.F.);
#2904=ORIENTED_EDGE('',*,*,#2278,.F.);
#2905=ORIENTED_EDGE('',*,*,#2279,.F.);
#2906=ORIENTED_EDGE('',*,*,#2280,.T.);
#2907=ORIENTED_EDGE('',*,*,#2281,.F.);
#2908=ORIENTED_EDGE('',*,*,#2280,.F.);
#2909=ORIENTED_EDGE('',*,*,#2282,.F.);
#2910=ORIENTED_EDGE('',*,*,#2283,.T.);
#2911=ORIENTED_EDGE('',*,*,#2284,.F.);
#2912=ORIENTED_EDGE('',*,*,#2283,.F.);
#2913=ORIENTED_EDGE('',*,*,#2285,.F.);
#2914=ORIENTED_EDGE('',*,*,#2286,.T.);
#2915=ORIENTED_EDGE('',*,*,#2287,.F.);
#2916=ORIENTED_EDGE('',*,*,#2286,.F.);
#2917=ORIENTED_EDGE('',*,*,#2288,.F.);
#2918=ORIENTED_EDGE('',*,*,#2278,.T.);
#2919=ORIENTED_EDGE('',*,*,#2289,.F.);
#2920=ORIENTED_EDGE('',*,*,#2290,.F.);
#2921=ORIENTED_EDGE('',*,*,#2291,.F.);
#2922=ORIENTED_EDGE('',*,*,#2292,.T.);
#2923=ORIENTED_EDGE('',*,*,#2293,.F.);
#2924=ORIENTED_EDGE('',*,*,#2292,.F.);
#2925=ORIENTED_EDGE('',*,*,#2294,.F.);
#2926=ORIENTED_EDGE('',*,*,#2295,.T.);
#2927=ORIENTED_EDGE('',*,*,#2296,.F.);
#2928=ORIENTED_EDGE('',*,*,#2295,.F.);
#2929=ORIENTED_EDGE('',*,*,#2297,.F.);
#2930=ORIENTED_EDGE('',*,*,#2298,.T.);
#2931=ORIENTED_EDGE('',*,*,#2299,.F.);
#2932=ORIENTED_EDGE('',*,*,#2298,.F.);
#2933=ORIENTED_EDGE('',*,*,#2300,.F.);
#2934=ORIENTED_EDGE('',*,*,#2290,.T.);
#2935=ORIENTED_EDGE('',*,*,#2301,.F.);
#2936=ORIENTED_EDGE('',*,*,#2302,.T.);
#2937=ORIENTED_EDGE('',*,*,#2303,.F.);
#2938=ORIENTED_EDGE('',*,*,#2302,.F.);
#2939=ORIENTED_EDGE('',*,*,#2304,.F.);
#2940=ORIENTED_EDGE('',*,*,#2305,.T.);
#2941=ORIENTED_EDGE('',*,*,#2306,.F.);
#2942=ORIENTED_EDGE('',*,*,#2305,.F.);
#2943=ORIENTED_EDGE('',*,*,#2307,.F.);
#2944=ORIENTED_EDGE('',*,*,#2308,.T.);
#2945=ORIENTED_EDGE('',*,*,#2309,.F.);
#2946=ORIENTED_EDGE('',*,*,#2308,.F.);
#2947=ORIENTED_EDGE('',*,*,#2310,.F.);
#2948=ORIENTED_EDGE('',*,*,#2311,.T.);
#2949=ORIENTED_EDGE('',*,*,#2312,.F.);
#2950=ORIENTED_EDGE('',*,*,#2311,.F.);
#2951=ORIENTED_EDGE('',*,*,#2313,.F.);
#2952=ORIENTED_EDGE('',*,*,#2314,.T.);
#2953=ORIENTED_EDGE('',*,*,#2315,.F.);
#2954=ORIENTED_EDGE('',*,*,#2314,.F.);
#2955=ORIENTED_EDGE('',*,*,#2316,.F.);
#2956=ORIENTED_EDGE('',*,*,#2317,.T.);
#2957=ORIENTED_EDGE('',*,*,#2318,.F.);
#2958=ORIENTED_EDGE('',*,*,#2317,.F.);
#2959=ORIENTED_EDGE('',*,*,#2319,.F.);
#2960=ORIENTED_EDGE('',*,*,#2320,.T.);
#2961=ORIENTED_EDGE('',*,*,#2321,.F.);
#2962=ORIENTED_EDGE('',*,*,#2320,.F.);
#2963=ORIENTED_EDGE('',*,*,#2322,.F.);
#2964=ORIENTED_EDGE('',*,*,#2323,.T.);
#2965=ORIENTED_EDGE('',*,*,#2324,.F.);
#2966=ORIENTED_EDGE('',*,*,#2323,.F.);
#2967=ORIENTED_EDGE('',*,*,#2325,.F.);
#2968=ORIENTED_EDGE('',*,*,#2326,.T.);
#2969=ORIENTED_EDGE('',*,*,#2327,.F.);
#2970=ORIENTED_EDGE('',*,*,#2326,.F.);
#2971=ORIENTED_EDGE('',*,*,#2328,.F.);
#2972=ORIENTED_EDGE('',*,*,#2329,.F.);
#2973=ORIENTED_EDGE('',*,*,#2330,.F.);
#2974=ORIENTED_EDGE('',*,*,#2331,.T.);
#2975=ORIENTED_EDGE('',*,*,#2332,.F.);
#2976=ORIENTED_EDGE('',*,*,#2331,.F.);
#2977=ORIENTED_EDGE('',*,*,#2333,.F.);
#2978=ORIENTED_EDGE('',*,*,#2334,.F.);
#2979=ORIENTED_EDGE('',*,*,#2335,.F.);
#2980=ORIENTED_EDGE('',*,*,#2336,.F.);
#2981=ORIENTED_EDGE('',*,*,#2337,.F.);
#2982=ORIENTED_EDGE('',*,*,#2338,.F.);
#2983=ORIENTED_EDGE('',*,*,#2339,.F.);
#2984=ORIENTED_EDGE('',*,*,#2340,.F.);
#2985=ORIENTED_EDGE('',*,*,#1971,.T.);
#2986=ORIENTED_EDGE('',*,*,#1974,.T.);
#2987=ORIENTED_EDGE('',*,*,#1977,.T.);
#2988=ORIENTED_EDGE('',*,*,#1980,.T.);
#2989=ORIENTED_EDGE('',*,*,#1983,.T.);
#2990=ORIENTED_EDGE('',*,*,#1986,.T.);
#2991=ORIENTED_EDGE('',*,*,#1989,.T.);
#2992=ORIENTED_EDGE('',*,*,#1992,.T.);
#2993=ORIENTED_EDGE('',*,*,#2000,.T.);
#2994=ORIENTED_EDGE('',*,*,#2011,.T.);
#2995=ORIENTED_EDGE('',*,*,#2008,.T.);
#2996=ORIENTED_EDGE('',*,*,#2005,.T.);
#2997=ORIENTED_EDGE('',*,*,#2014,.T.);
#2998=ORIENTED_EDGE('',*,*,#2023,.T.);
#2999=ORIENTED_EDGE('',*,*,#2020,.T.);
#3000=ORIENTED_EDGE('',*,*,#2017,.T.);
#3001=ORIENTED_EDGE('',*,*,#2026,.T.);
#3002=ORIENTED_EDGE('',*,*,#2035,.T.);
#3003=ORIENTED_EDGE('',*,*,#2032,.T.);
#3004=ORIENTED_EDGE('',*,*,#2029,.T.);
#3005=ORIENTED_EDGE('',*,*,#2038,.T.);
#3006=ORIENTED_EDGE('',*,*,#2047,.T.);
#3007=ORIENTED_EDGE('',*,*,#2044,.T.);
#3008=ORIENTED_EDGE('',*,*,#2041,.T.);
#3009=ORIENTED_EDGE('',*,*,#2050,.T.);
#3010=ORIENTED_EDGE('',*,*,#2068,.T.);
#3011=ORIENTED_EDGE('',*,*,#2065,.T.);
#3012=ORIENTED_EDGE('',*,*,#2062,.T.);
#3013=ORIENTED_EDGE('',*,*,#2059,.T.);
#3014=ORIENTED_EDGE('',*,*,#2056,.T.);
#3015=ORIENTED_EDGE('',*,*,#2053,.T.);
#3016=ORIENTED_EDGE('',*,*,#2080,.T.);
#3017=ORIENTED_EDGE('',*,*,#2077,.T.);
#3018=ORIENTED_EDGE('',*,*,#2074,.T.);
#3019=ORIENTED_EDGE('',*,*,#2071,.T.);
#3020=ORIENTED_EDGE('',*,*,#2089,.T.);
#3021=ORIENTED_EDGE('',*,*,#2086,.T.);
#3022=ORIENTED_EDGE('',*,*,#2083,.T.);
#3023=ORIENTED_EDGE('',*,*,#2092,.T.);
#3024=ORIENTED_EDGE('',*,*,#2101,.T.);
#3025=ORIENTED_EDGE('',*,*,#2098,.T.);
#3026=ORIENTED_EDGE('',*,*,#2095,.T.);
#3027=ORIENTED_EDGE('',*,*,#2104,.T.);
#3028=ORIENTED_EDGE('',*,*,#2113,.T.);
#3029=ORIENTED_EDGE('',*,*,#2110,.T.);
#3030=ORIENTED_EDGE('',*,*,#2107,.T.);
#3031=ORIENTED_EDGE('',*,*,#2116,.T.);
#3032=ORIENTED_EDGE('',*,*,#2125,.T.);
#3033=ORIENTED_EDGE('',*,*,#2122,.T.);
#3034=ORIENTED_EDGE('',*,*,#2119,.T.);
#3035=ORIENTED_EDGE('',*,*,#2128,.T.);
#3036=ORIENTED_EDGE('',*,*,#2129,.T.);
#3037=ORIENTED_EDGE('',*,*,#2132,.T.);
#3038=ORIENTED_EDGE('',*,*,#2135,.T.);
#3039=ORIENTED_EDGE('',*,*,#2143,.T.);
#3040=ORIENTED_EDGE('',*,*,#2146,.T.);
#3041=ORIENTED_EDGE('',*,*,#2149,.T.);
#3042=ORIENTED_EDGE('',*,*,#2152,.T.);
#3043=ORIENTED_EDGE('',*,*,#2155,.T.);
#3044=ORIENTED_EDGE('',*,*,#2163,.T.);
#3045=ORIENTED_EDGE('',*,*,#2166,.T.);
#3046=ORIENTED_EDGE('',*,*,#2169,.T.);
#3047=ORIENTED_EDGE('',*,*,#2172,.T.);
#3048=ORIENTED_EDGE('',*,*,#2175,.T.);
#3049=ORIENTED_EDGE('',*,*,#2178,.T.);
#3050=ORIENTED_EDGE('',*,*,#2181,.T.);
#3051=ORIENTED_EDGE('',*,*,#2184,.T.);
#3052=ORIENTED_EDGE('',*,*,#2187,.T.);
#3053=ORIENTED_EDGE('',*,*,#2190,.T.);
#3054=ORIENTED_EDGE('',*,*,#2201,.T.);
#3055=ORIENTED_EDGE('',*,*,#2198,.T.);
#3056=ORIENTED_EDGE('',*,*,#2195,.T.);
#3057=ORIENTED_EDGE('',*,*,#2204,.T.);
#3058=ORIENTED_EDGE('',*,*,#2213,.T.);
#3059=ORIENTED_EDGE('',*,*,#2210,.T.);
#3060=ORIENTED_EDGE('',*,*,#2207,.T.);
#3061=ORIENTED_EDGE('',*,*,#2216,.T.);
#3062=ORIENTED_EDGE('',*,*,#2225,.T.);
#3063=ORIENTED_EDGE('',*,*,#2222,.T.);
#3064=ORIENTED_EDGE('',*,*,#2219,.T.);
#3065=ORIENTED_EDGE('',*,*,#2228,.T.);
#3066=ORIENTED_EDGE('',*,*,#2237,.T.);
#3067=ORIENTED_EDGE('',*,*,#2234,.T.);
#3068=ORIENTED_EDGE('',*,*,#2231,.T.);
#3069=ORIENTED_EDGE('',*,*,#2240,.T.);
#3070=ORIENTED_EDGE('',*,*,#2249,.T.);
#3071=ORIENTED_EDGE('',*,*,#2246,.T.);
#3072=ORIENTED_EDGE('',*,*,#2243,.T.);
#3073=ORIENTED_EDGE('',*,*,#2252,.T.);
#3074=ORIENTED_EDGE('',*,*,#2261,.T.);
#3075=ORIENTED_EDGE('',*,*,#2258,.T.);
#3076=ORIENTED_EDGE('',*,*,#2255,.T.);
#3077=ORIENTED_EDGE('',*,*,#2264,.T.);
#3078=ORIENTED_EDGE('',*,*,#2273,.T.);
#3079=ORIENTED_EDGE('',*,*,#2270,.T.);
#3080=ORIENTED_EDGE('',*,*,#2267,.T.);
#3081=ORIENTED_EDGE('',*,*,#2276,.T.);
#3082=ORIENTED_EDGE('',*,*,#2285,.T.);
#3083=ORIENTED_EDGE('',*,*,#2282,.T.);
#3084=ORIENTED_EDGE('',*,*,#2279,.T.);
#3085=ORIENTED_EDGE('',*,*,#2288,.T.);
#3086=ORIENTED_EDGE('',*,*,#2297,.T.);
#3087=ORIENTED_EDGE('',*,*,#2294,.T.);
#3088=ORIENTED_EDGE('',*,*,#2291,.T.);
#3089=ORIENTED_EDGE('',*,*,#2300,.T.);
#3090=ORIENTED_EDGE('',*,*,#2301,.T.);
#3091=ORIENTED_EDGE('',*,*,#2304,.T.);
#3092=ORIENTED_EDGE('',*,*,#2307,.T.);
#3093=ORIENTED_EDGE('',*,*,#2310,.T.);
#3094=ORIENTED_EDGE('',*,*,#2313,.T.);
#3095=ORIENTED_EDGE('',*,*,#2316,.T.);
#3096=ORIENTED_EDGE('',*,*,#2319,.T.);
#3097=ORIENTED_EDGE('',*,*,#2322,.T.);
#3098=ORIENTED_EDGE('',*,*,#2325,.T.);
#3099=ORIENTED_EDGE('',*,*,#2139,.T.);
#3100=ORIENTED_EDGE('',*,*,#2341,.T.);
#3101=ORIENTED_EDGE('',*,*,#2329,.T.);
#3102=ORIENTED_EDGE('',*,*,#2342,.T.);
#3103=ORIENTED_EDGE('',*,*,#2159,.T.);
#3104=ORIENTED_EDGE('',*,*,#2343,.T.);
#3105=ORIENTED_EDGE('',*,*,#1996,.T.);
#3106=ORIENTED_EDGE('',*,*,#2344,.T.);
#3107=ORIENTED_EDGE('',*,*,#2138,.T.);
#3108=ORIENTED_EDGE('',*,*,#2140,.T.);
#3109=ORIENTED_EDGE('',*,*,#2341,.F.);
#3110=ORIENTED_EDGE('',*,*,#2328,.T.);
#3111=ORIENTED_EDGE('',*,*,#2330,.T.);
#3112=ORIENTED_EDGE('',*,*,#2342,.F.);
#3113=ORIENTED_EDGE('',*,*,#2158,.T.);
#3114=ORIENTED_EDGE('',*,*,#2160,.T.);
#3115=ORIENTED_EDGE('',*,*,#2343,.F.);
#3116=ORIENTED_EDGE('',*,*,#1995,.T.);
#3117=ORIENTED_EDGE('',*,*,#1997,.T.);
#3118=ORIENTED_EDGE('',*,*,#2344,.F.);
#3119=ORIENTED_EDGE('',*,*,#2337,.T.);
#3120=ORIENTED_EDGE('',*,*,#2345,.T.);
#3121=ORIENTED_EDGE('',*,*,#2346,.F.);
#3122=ORIENTED_EDGE('',*,*,#2347,.F.);
#3123=ORIENTED_EDGE('',*,*,#2336,.T.);
#3124=ORIENTED_EDGE('',*,*,#2348,.F.);
#3125=ORIENTED_EDGE('',*,*,#2349,.F.);
#3126=ORIENTED_EDGE('',*,*,#2345,.F.);
#3127=ORIENTED_EDGE('',*,*,#2335,.T.);
#3128=ORIENTED_EDGE('',*,*,#2350,.T.);
#3129=ORIENTED_EDGE('',*,*,#2351,.F.);
#3130=ORIENTED_EDGE('',*,*,#2348,.T.);
#3131=ORIENTED_EDGE('',*,*,#2334,.T.);
#3132=ORIENTED_EDGE('',*,*,#2352,.T.);
#3133=ORIENTED_EDGE('',*,*,#2353,.F.);
#3134=ORIENTED_EDGE('',*,*,#2350,.F.);
#3135=ORIENTED_EDGE('',*,*,#2354,.T.);
#3136=ORIENTED_EDGE('',*,*,#2355,.F.);
#3137=ORIENTED_EDGE('',*,*,#2356,.T.);
#3138=ORIENTED_EDGE('',*,*,#2357,.F.);
#3139=ORIENTED_EDGE('',*,*,#2358,.T.);
#3140=ORIENTED_EDGE('',*,*,#2359,.T.);
#3141=ORIENTED_EDGE('',*,*,#2360,.T.);
#3142=ORIENTED_EDGE('',*,*,#2355,.T.);
#3143=ORIENTED_EDGE('',*,*,#2361,.T.);
#3144=ORIENTED_EDGE('',*,*,#2362,.T.);
#3145=ORIENTED_EDGE('',*,*,#2363,.T.);
#3146=ORIENTED_EDGE('',*,*,#2364,.F.);
#3147=ORIENTED_EDGE('',*,*,#2338,.T.);
#3148=ORIENTED_EDGE('',*,*,#2347,.T.);
#3149=ORIENTED_EDGE('',*,*,#2365,.F.);
#3150=ORIENTED_EDGE('',*,*,#2366,.F.);
#3151=ORIENTED_EDGE('',*,*,#2367,.T.);
#3152=ORIENTED_EDGE('',*,*,#2357,.T.);
#3153=ORIENTED_EDGE('',*,*,#2368,.T.);
#3154=ORIENTED_EDGE('',*,*,#2369,.F.);
#3155=ORIENTED_EDGE('',*,*,#2370,.T.);
#3156=ORIENTED_EDGE('',*,*,#2371,.T.);
#3157=ORIENTED_EDGE('',*,*,#2372,.T.);
#3158=ORIENTED_EDGE('',*,*,#2373,.T.);
#3159=ORIENTED_EDGE('',*,*,#2374,.T.);
#3160=ORIENTED_EDGE('',*,*,#2373,.F.);
#3161=ORIENTED_EDGE('',*,*,#2375,.T.);
#3162=ORIENTED_EDGE('',*,*,#2362,.F.);
#3163=ORIENTED_EDGE('',*,*,#2376,.T.);
#3164=ORIENTED_EDGE('',*,*,#2364,.T.);
#3165=ORIENTED_EDGE('',*,*,#2377,.T.);
#3166=ORIENTED_EDGE('',*,*,#2371,.F.);
#3167=ORIENTED_EDGE('',*,*,#2372,.F.);
#3168=ORIENTED_EDGE('',*,*,#2377,.F.);
#3169=ORIENTED_EDGE('',*,*,#2363,.F.);
#3170=ORIENTED_EDGE('',*,*,#2375,.F.);
#3171=ORIENTED_EDGE('',*,*,#2378,.T.);
#3172=ORIENTED_EDGE('',*,*,#2369,.T.);
#3173=ORIENTED_EDGE('',*,*,#2379,.T.);
#3174=ORIENTED_EDGE('',*,*,#2359,.F.);
#3175=ORIENTED_EDGE('',*,*,#2368,.F.);
#3176=ORIENTED_EDGE('',*,*,#2356,.F.);
#3177=ORIENTED_EDGE('',*,*,#2360,.F.);
#3178=ORIENTED_EDGE('',*,*,#2379,.F.);
#3179=ORIENTED_EDGE('',*,*,#2380,.T.);
#3180=ORIENTED_EDGE('',*,*,#2381,.T.);
#3181=ORIENTED_EDGE('',*,*,#2382,.T.);
#3182=ORIENTED_EDGE('',*,*,#2383,.T.);
#3183=ORIENTED_EDGE('',*,*,#2384,.T.);
#3184=ORIENTED_EDGE('',*,*,#2385,.T.);
#3185=ORIENTED_EDGE('',*,*,#2380,.F.);
#3186=ORIENTED_EDGE('',*,*,#2386,.T.);
#3187=ORIENTED_EDGE('',*,*,#2387,.T.);
#3188=ORIENTED_EDGE('',*,*,#2388,.T.);
#3189=ORIENTED_EDGE('',*,*,#2382,.F.);
#3190=ORIENTED_EDGE('',*,*,#2389,.T.);
#3191=ORIENTED_EDGE('',*,*,#2390,.T.);
#3192=ORIENTED_EDGE('',*,*,#2391,.T.);
#3193=ORIENTED_EDGE('',*,*,#2384,.F.);
#3194=ORIENTED_EDGE('',*,*,#2392,.T.);
#3195=ORIENTED_EDGE('',*,*,#2393,.T.);
#3196=ORIENTED_EDGE('',*,*,#2394,.T.);
#3197=ORIENTED_EDGE('',*,*,#2387,.F.);
#3198=ORIENTED_EDGE('',*,*,#2395,.T.);
#3199=ORIENTED_EDGE('',*,*,#2396,.T.);
#3200=ORIENTED_EDGE('',*,*,#2397,.T.);
#3201=ORIENTED_EDGE('',*,*,#2390,.F.);
#3202=ORIENTED_EDGE('',*,*,#2398,.T.);
#3203=ORIENTED_EDGE('',*,*,#2399,.T.);
#3204=ORIENTED_EDGE('',*,*,#2400,.T.);
#3205=ORIENTED_EDGE('',*,*,#2393,.F.);
#3206=ORIENTED_EDGE('',*,*,#2401,.T.);
#3207=ORIENTED_EDGE('',*,*,#2396,.F.);
#3208=ORIENTED_EDGE('',*,*,#2402,.T.);
#3209=ORIENTED_EDGE('',*,*,#2399,.F.);
#3210=ORIENTED_EDGE('',*,*,#2403,.T.);
#3211=ORIENTED_EDGE('',*,*,#2401,.F.);
#3212=ORIENTED_EDGE('',*,*,#2404,.F.);
#3213=ORIENTED_EDGE('',*,*,#2405,.F.);
#3214=ORIENTED_EDGE('',*,*,#2406,.T.);
#3215=ORIENTED_EDGE('',*,*,#2395,.F.);
#3216=ORIENTED_EDGE('',*,*,#2407,.F.);
#3217=ORIENTED_EDGE('',*,*,#2408,.F.);
#3218=ORIENTED_EDGE('',*,*,#2404,.T.);
#3219=ORIENTED_EDGE('',*,*,#2389,.F.);
#3220=ORIENTED_EDGE('',*,*,#2409,.F.);
#3221=ORIENTED_EDGE('',*,*,#2410,.F.);
#3222=ORIENTED_EDGE('',*,*,#2407,.T.);
#3223=ORIENTED_EDGE('',*,*,#2381,.F.);
#3224=ORIENTED_EDGE('',*,*,#2411,.F.);
#3225=ORIENTED_EDGE('',*,*,#2412,.F.);
#3226=ORIENTED_EDGE('',*,*,#2409,.T.);
#3227=ORIENTED_EDGE('',*,*,#2383,.F.);
#3228=ORIENTED_EDGE('',*,*,#2388,.F.);
#3229=ORIENTED_EDGE('',*,*,#2394,.F.);
#3230=ORIENTED_EDGE('',*,*,#2400,.F.);
#3231=ORIENTED_EDGE('',*,*,#2402,.F.);
#3232=ORIENTED_EDGE('',*,*,#2398,.F.);
#3233=ORIENTED_EDGE('',*,*,#2392,.F.);
#3234=ORIENTED_EDGE('',*,*,#2386,.F.);
#3235=ORIENTED_EDGE('',*,*,#2413,.F.);
#3236=ORIENTED_EDGE('',*,*,#2414,.F.);
#3237=ORIENTED_EDGE('',*,*,#2415,.F.);
#3238=ORIENTED_EDGE('',*,*,#2416,.F.);
#3239=ORIENTED_EDGE('',*,*,#2417,.F.);
#3240=ORIENTED_EDGE('',*,*,#2418,.F.);
#3241=ORIENTED_EDGE('',*,*,#2419,.F.);
#3242=ORIENTED_EDGE('',*,*,#2420,.F.);
#3243=ORIENTED_EDGE('',*,*,#2421,.T.);
#3244=ORIENTED_EDGE('',*,*,#2422,.T.);
#3245=ORIENTED_EDGE('',*,*,#2423,.T.);
#3246=ORIENTED_EDGE('',*,*,#2424,.T.);
#3247=ORIENTED_EDGE('',*,*,#2425,.T.);
#3248=ORIENTED_EDGE('',*,*,#2426,.T.);
#3249=ORIENTED_EDGE('',*,*,#2421,.F.);
#3250=ORIENTED_EDGE('',*,*,#2427,.T.);
#3251=ORIENTED_EDGE('',*,*,#2428,.T.);
#3252=ORIENTED_EDGE('',*,*,#2429,.T.);
#3253=ORIENTED_EDGE('',*,*,#2423,.F.);
#3254=ORIENTED_EDGE('',*,*,#2430,.T.);
#3255=ORIENTED_EDGE('',*,*,#2431,.T.);
#3256=ORIENTED_EDGE('',*,*,#2432,.T.);
#3257=ORIENTED_EDGE('',*,*,#2425,.F.);
#3258=ORIENTED_EDGE('',*,*,#2433,.T.);
#3259=ORIENTED_EDGE('',*,*,#2434,.T.);
#3260=ORIENTED_EDGE('',*,*,#2435,.T.);
#3261=ORIENTED_EDGE('',*,*,#2428,.F.);
#3262=ORIENTED_EDGE('',*,*,#2436,.T.);
#3263=ORIENTED_EDGE('',*,*,#2437,.T.);
#3264=ORIENTED_EDGE('',*,*,#2438,.T.);
#3265=ORIENTED_EDGE('',*,*,#2431,.F.);
#3266=ORIENTED_EDGE('',*,*,#2439,.T.);
#3267=ORIENTED_EDGE('',*,*,#2440,.T.);
#3268=ORIENTED_EDGE('',*,*,#2441,.T.);
#3269=ORIENTED_EDGE('',*,*,#2434,.F.);
#3270=ORIENTED_EDGE('',*,*,#2442,.T.);
#3271=ORIENTED_EDGE('',*,*,#2437,.F.);
#3272=ORIENTED_EDGE('',*,*,#2443,.T.);
#3273=ORIENTED_EDGE('',*,*,#2440,.F.);
#3274=ORIENTED_EDGE('',*,*,#2444,.T.);
#3275=ORIENTED_EDGE('',*,*,#2439,.F.);
#3276=ORIENTED_EDGE('',*,*,#2445,.T.);
#3277=ORIENTED_EDGE('',*,*,#2446,.F.);
#3278=ORIENTED_EDGE('',*,*,#2447,.F.);
#3279=ORIENTED_EDGE('',*,*,#2433,.F.);
#3280=ORIENTED_EDGE('',*,*,#2448,.F.);
#3281=ORIENTED_EDGE('',*,*,#2449,.F.);
#3282=ORIENTED_EDGE('',*,*,#2445,.F.);
#3283=ORIENTED_EDGE('',*,*,#2427,.F.);
#3284=ORIENTED_EDGE('',*,*,#2450,.T.);
#3285=ORIENTED_EDGE('',*,*,#2451,.F.);
#3286=ORIENTED_EDGE('',*,*,#2448,.T.);
#3287=ORIENTED_EDGE('',*,*,#2424,.F.);
#3288=ORIENTED_EDGE('',*,*,#2452,.T.);
#3289=ORIENTED_EDGE('',*,*,#2453,.F.);
#3290=ORIENTED_EDGE('',*,*,#2450,.F.);
#3291=ORIENTED_EDGE('',*,*,#2422,.F.);
#3292=ORIENTED_EDGE('',*,*,#2426,.F.);
#3293=ORIENTED_EDGE('',*,*,#2432,.F.);
#3294=ORIENTED_EDGE('',*,*,#2438,.F.);
#3295=ORIENTED_EDGE('',*,*,#2444,.F.);
#3296=ORIENTED_EDGE('',*,*,#2442,.F.);
#3297=ORIENTED_EDGE('',*,*,#2436,.F.);
#3298=ORIENTED_EDGE('',*,*,#2430,.F.);
#3299=ORIENTED_EDGE('',*,*,#2353,.T.);
#3300=ORIENTED_EDGE('',*,*,#2454,.T.);
#3301=ORIENTED_EDGE('',*,*,#2455,.T.);
#3302=ORIENTED_EDGE('',*,*,#2456,.T.);
#3303=ORIENTED_EDGE('',*,*,#2365,.T.);
#3304=ORIENTED_EDGE('',*,*,#2346,.T.);
#3305=ORIENTED_EDGE('',*,*,#2349,.T.);
#3306=ORIENTED_EDGE('',*,*,#2351,.T.);
#3307=ORIENTED_EDGE('',*,*,#2457,.T.);
#3308=ORIENTED_EDGE('',*,*,#2446,.T.);
#3309=ORIENTED_EDGE('',*,*,#2458,.T.);
#3310=ORIENTED_EDGE('',*,*,#2459,.T.);
#3311=ORIENTED_EDGE('',*,*,#2460,.T.);
#3312=ORIENTED_EDGE('',*,*,#2461,.T.);
#3313=ORIENTED_EDGE('',*,*,#2457,.F.);
#3314=ORIENTED_EDGE('',*,*,#2462,.T.);
#3315=ORIENTED_EDGE('',*,*,#2458,.F.);
#3316=ORIENTED_EDGE('',*,*,#2449,.T.);
#3317=ORIENTED_EDGE('',*,*,#2463,.T.);
#3318=ORIENTED_EDGE('',*,*,#2464,.T.);
#3319=ORIENTED_EDGE('',*,*,#2465,.T.);
#3320=ORIENTED_EDGE('',*,*,#2466,.T.);
#3321=ORIENTED_EDGE('',*,*,#2460,.F.);
#3322=ORIENTED_EDGE('',*,*,#2405,.T.);
#3323=ORIENTED_EDGE('',*,*,#2463,.F.);
#3324=ORIENTED_EDGE('',*,*,#2451,.T.);
#3325=ORIENTED_EDGE('',*,*,#2467,.T.);
#3326=ORIENTED_EDGE('',*,*,#2468,.T.);
#3327=ORIENTED_EDGE('',*,*,#2469,.T.);
#3328=ORIENTED_EDGE('',*,*,#2470,.T.);
#3329=ORIENTED_EDGE('',*,*,#2465,.F.);
#3330=ORIENTED_EDGE('',*,*,#2408,.T.);
#3331=ORIENTED_EDGE('',*,*,#2467,.F.);
#3332=ORIENTED_EDGE('',*,*,#2453,.T.);
#3333=ORIENTED_EDGE('',*,*,#2471,.T.);
#3334=ORIENTED_EDGE('',*,*,#2412,.T.);
#3335=ORIENTED_EDGE('',*,*,#2471,.F.);
#3336=ORIENTED_EDGE('',*,*,#2472,.T.);
#3337=ORIENTED_EDGE('',*,*,#2469,.F.);
#3338=ORIENTED_EDGE('',*,*,#2410,.T.);
#3339=ORIENTED_EDGE('',*,*,#2403,.F.);
#3340=ORIENTED_EDGE('',*,*,#2406,.F.);
#3341=ORIENTED_EDGE('',*,*,#2462,.F.);
#3342=ORIENTED_EDGE('',*,*,#2473,.T.);
#3343=ORIENTED_EDGE('',*,*,#2397,.F.);
#3344=ORIENTED_EDGE('',*,*,#2473,.F.);
#3345=ORIENTED_EDGE('',*,*,#2459,.F.);
#3346=ORIENTED_EDGE('',*,*,#2474,.T.);
#3347=ORIENTED_EDGE('',*,*,#2475,.T.);
#3348=ORIENTED_EDGE('',*,*,#2476,.T.);
#3349=ORIENTED_EDGE('',*,*,#2477,.T.);
#3350=ORIENTED_EDGE('',*,*,#2478,.T.);
#3351=ORIENTED_EDGE('',*,*,#2479,.T.);
#3352=ORIENTED_EDGE('',*,*,#2480,.T.);
#3353=ORIENTED_EDGE('',*,*,#2481,.T.);
#3354=ORIENTED_EDGE('',*,*,#2482,.T.);
#3355=ORIENTED_EDGE('',*,*,#1973,.T.);
#3356=ORIENTED_EDGE('',*,*,#1976,.T.);
#3357=ORIENTED_EDGE('',*,*,#1979,.T.);
#3358=ORIENTED_EDGE('',*,*,#1982,.T.);
#3359=ORIENTED_EDGE('',*,*,#1985,.T.);
#3360=ORIENTED_EDGE('',*,*,#1988,.T.);
#3361=ORIENTED_EDGE('',*,*,#1991,.T.);
#3362=ORIENTED_EDGE('',*,*,#1994,.T.);
#3363=ORIENTED_EDGE('',*,*,#1999,.T.);
#3364=ORIENTED_EDGE('',*,*,#2002,.T.);
#3365=ORIENTED_EDGE('',*,*,#2010,.T.);
#3366=ORIENTED_EDGE('',*,*,#2013,.T.);
#3367=ORIENTED_EDGE('',*,*,#2003,.T.);
#3368=ORIENTED_EDGE('',*,*,#2007,.T.);
#3369=ORIENTED_EDGE('',*,*,#2022,.T.);
#3370=ORIENTED_EDGE('',*,*,#2025,.T.);
#3371=ORIENTED_EDGE('',*,*,#2015,.T.);
#3372=ORIENTED_EDGE('',*,*,#2019,.T.);
#3373=ORIENTED_EDGE('',*,*,#2034,.T.);
#3374=ORIENTED_EDGE('',*,*,#2037,.T.);
#3375=ORIENTED_EDGE('',*,*,#2027,.T.);
#3376=ORIENTED_EDGE('',*,*,#2031,.T.);
#3377=ORIENTED_EDGE('',*,*,#2046,.T.);
#3378=ORIENTED_EDGE('',*,*,#2049,.T.);
#3379=ORIENTED_EDGE('',*,*,#2039,.T.);
#3380=ORIENTED_EDGE('',*,*,#2043,.T.);
#3381=ORIENTED_EDGE('',*,*,#2067,.T.);
#3382=ORIENTED_EDGE('',*,*,#2070,.T.);
#3383=ORIENTED_EDGE('',*,*,#2073,.T.);
#3384=ORIENTED_EDGE('',*,*,#2076,.T.);
#3385=ORIENTED_EDGE('',*,*,#2079,.T.);
#3386=ORIENTED_EDGE('',*,*,#2051,.T.);
#3387=ORIENTED_EDGE('',*,*,#2055,.T.);
#3388=ORIENTED_EDGE('',*,*,#2058,.T.);
#3389=ORIENTED_EDGE('',*,*,#2061,.T.);
#3390=ORIENTED_EDGE('',*,*,#2064,.T.);
#3391=ORIENTED_EDGE('',*,*,#2088,.T.);
#3392=ORIENTED_EDGE('',*,*,#2091,.T.);
#3393=ORIENTED_EDGE('',*,*,#2081,.T.);
#3394=ORIENTED_EDGE('',*,*,#2085,.T.);
#3395=ORIENTED_EDGE('',*,*,#2100,.T.);
#3396=ORIENTED_EDGE('',*,*,#2103,.T.);
#3397=ORIENTED_EDGE('',*,*,#2093,.T.);
#3398=ORIENTED_EDGE('',*,*,#2097,.T.);
#3399=ORIENTED_EDGE('',*,*,#2112,.T.);
#3400=ORIENTED_EDGE('',*,*,#2115,.T.);
#3401=ORIENTED_EDGE('',*,*,#2105,.T.);
#3402=ORIENTED_EDGE('',*,*,#2109,.T.);
#3403=ORIENTED_EDGE('',*,*,#2124,.T.);
#3404=ORIENTED_EDGE('',*,*,#2127,.T.);
#3405=ORIENTED_EDGE('',*,*,#2117,.T.);
#3406=ORIENTED_EDGE('',*,*,#2121,.T.);
#3407=ORIENTED_EDGE('',*,*,#2131,.T.);
#3408=ORIENTED_EDGE('',*,*,#2134,.T.);
#3409=ORIENTED_EDGE('',*,*,#2137,.T.);
#3410=ORIENTED_EDGE('',*,*,#2142,.T.);
#3411=ORIENTED_EDGE('',*,*,#2145,.T.);
#3412=ORIENTED_EDGE('',*,*,#2148,.T.);
#3413=ORIENTED_EDGE('',*,*,#2151,.T.);
#3414=ORIENTED_EDGE('',*,*,#2154,.T.);
#3415=ORIENTED_EDGE('',*,*,#2157,.T.);
#3416=ORIENTED_EDGE('',*,*,#2162,.T.);
#3417=ORIENTED_EDGE('',*,*,#2165,.T.);
#3418=ORIENTED_EDGE('',*,*,#2168,.T.);
#3419=ORIENTED_EDGE('',*,*,#2171,.T.);
#3420=ORIENTED_EDGE('',*,*,#2174,.T.);
#3421=ORIENTED_EDGE('',*,*,#2177,.T.);
#3422=ORIENTED_EDGE('',*,*,#2180,.T.);
#3423=ORIENTED_EDGE('',*,*,#2183,.T.);
#3424=ORIENTED_EDGE('',*,*,#2186,.T.);
#3425=ORIENTED_EDGE('',*,*,#2189,.T.);
#3426=ORIENTED_EDGE('',*,*,#2192,.T.);
#3427=ORIENTED_EDGE('',*,*,#2200,.T.);
#3428=ORIENTED_EDGE('',*,*,#2203,.T.);
#3429=ORIENTED_EDGE('',*,*,#2193,.T.);
#3430=ORIENTED_EDGE('',*,*,#2197,.T.);
#3431=ORIENTED_EDGE('',*,*,#2212,.T.);
#3432=ORIENTED_EDGE('',*,*,#2215,.T.);
#3433=ORIENTED_EDGE('',*,*,#2205,.T.);
#3434=ORIENTED_EDGE('',*,*,#2209,.T.);
#3435=ORIENTED_EDGE('',*,*,#2224,.T.);
#3436=ORIENTED_EDGE('',*,*,#2227,.T.);
#3437=ORIENTED_EDGE('',*,*,#2217,.T.);
#3438=ORIENTED_EDGE('',*,*,#2221,.T.);
#3439=ORIENTED_EDGE('',*,*,#2236,.T.);
#3440=ORIENTED_EDGE('',*,*,#2239,.T.);
#3441=ORIENTED_EDGE('',*,*,#2229,.T.);
#3442=ORIENTED_EDGE('',*,*,#2233,.T.);
#3443=ORIENTED_EDGE('',*,*,#2248,.T.);
#3444=ORIENTED_EDGE('',*,*,#2251,.T.);
#3445=ORIENTED_EDGE('',*,*,#2241,.T.);
#3446=ORIENTED_EDGE('',*,*,#2245,.T.);
#3447=ORIENTED_EDGE('',*,*,#2260,.T.);
#3448=ORIENTED_EDGE('',*,*,#2263,.T.);
#3449=ORIENTED_EDGE('',*,*,#2253,.T.);
#3450=ORIENTED_EDGE('',*,*,#2257,.T.);
#3451=ORIENTED_EDGE('',*,*,#2272,.T.);
#3452=ORIENTED_EDGE('',*,*,#2275,.T.);
#3453=ORIENTED_EDGE('',*,*,#2265,.T.);
#3454=ORIENTED_EDGE('',*,*,#2269,.T.);
#3455=ORIENTED_EDGE('',*,*,#2284,.T.);
#3456=ORIENTED_EDGE('',*,*,#2287,.T.);
#3457=ORIENTED_EDGE('',*,*,#2277,.T.);
#3458=ORIENTED_EDGE('',*,*,#2281,.T.);
#3459=ORIENTED_EDGE('',*,*,#2296,.T.);
#3460=ORIENTED_EDGE('',*,*,#2299,.T.);
#3461=ORIENTED_EDGE('',*,*,#2289,.T.);
#3462=ORIENTED_EDGE('',*,*,#2293,.T.);
#3463=ORIENTED_EDGE('',*,*,#2303,.T.);
#3464=ORIENTED_EDGE('',*,*,#2306,.T.);
#3465=ORIENTED_EDGE('',*,*,#2309,.T.);
#3466=ORIENTED_EDGE('',*,*,#2312,.T.);
#3467=ORIENTED_EDGE('',*,*,#2315,.T.);
#3468=ORIENTED_EDGE('',*,*,#2318,.T.);
#3469=ORIENTED_EDGE('',*,*,#2321,.T.);
#3470=ORIENTED_EDGE('',*,*,#2324,.T.);
#3471=ORIENTED_EDGE('',*,*,#2327,.T.);
#3472=ORIENTED_EDGE('',*,*,#2332,.T.);
#3473=ORIENTED_EDGE('',*,*,#2378,.F.);
#3474=ORIENTED_EDGE('',*,*,#2358,.F.);
#3475=ORIENTED_EDGE('',*,*,#2354,.F.);
#3476=ORIENTED_EDGE('',*,*,#2367,.F.);
#3477=ORIENTED_EDGE('',*,*,#2370,.F.);
#3478=ORIENTED_EDGE('',*,*,#2374,.F.);
#3479=ORIENTED_EDGE('',*,*,#2361,.F.);
#3480=ORIENTED_EDGE('',*,*,#2376,.F.);
#3481=ORIENTED_EDGE('',*,*,#2391,.F.);
#3482=ORIENTED_EDGE('',*,*,#2474,.F.);
#3483=ORIENTED_EDGE('',*,*,#2464,.F.);
#3484=ORIENTED_EDGE('',*,*,#2483,.F.);
#3485=ORIENTED_EDGE('',*,*,#2484,.F.);
#3486=ORIENTED_EDGE('',*,*,#2481,.F.);
#3487=ORIENTED_EDGE('',*,*,#2485,.F.);
#3488=ORIENTED_EDGE('',*,*,#2414,.T.);
#3489=ORIENTED_EDGE('',*,*,#2485,.T.);
#3490=ORIENTED_EDGE('',*,*,#2480,.F.);
#3491=ORIENTED_EDGE('',*,*,#2486,.F.);
#3492=ORIENTED_EDGE('',*,*,#2415,.T.);
#3493=ORIENTED_EDGE('',*,*,#2443,.F.);
#3494=ORIENTED_EDGE('',*,*,#2447,.T.);
#3495=ORIENTED_EDGE('',*,*,#2461,.F.);
#3496=ORIENTED_EDGE('',*,*,#2487,.F.);
#3497=ORIENTED_EDGE('',*,*,#2486,.T.);
#3498=ORIENTED_EDGE('',*,*,#2479,.F.);
#3499=ORIENTED_EDGE('',*,*,#2488,.F.);
#3500=ORIENTED_EDGE('',*,*,#2416,.T.);
#3501=ORIENTED_EDGE('',*,*,#2339,.T.);
#3502=ORIENTED_EDGE('',*,*,#2366,.T.);
#3503=ORIENTED_EDGE('',*,*,#2456,.F.);
#3504=ORIENTED_EDGE('',*,*,#2489,.F.);
#3505=ORIENTED_EDGE('',*,*,#2441,.F.);
#3506=ORIENTED_EDGE('',*,*,#2487,.T.);
#3507=ORIENTED_EDGE('',*,*,#2466,.F.);
#3508=ORIENTED_EDGE('',*,*,#2490,.F.);
#3509=ORIENTED_EDGE('',*,*,#2488,.T.);
#3510=ORIENTED_EDGE('',*,*,#2478,.F.);
#3511=ORIENTED_EDGE('',*,*,#2491,.F.);
#3512=ORIENTED_EDGE('',*,*,#2417,.T.);
#3513=ORIENTED_EDGE('',*,*,#2340,.T.);
#3514=ORIENTED_EDGE('',*,*,#2489,.T.);
#3515=ORIENTED_EDGE('',*,*,#2455,.F.);
#3516=ORIENTED_EDGE('',*,*,#2492,.F.);
#3517=ORIENTED_EDGE('',*,*,#2435,.F.);
#3518=ORIENTED_EDGE('',*,*,#2490,.T.);
#3519=ORIENTED_EDGE('',*,*,#2470,.F.);
#3520=ORIENTED_EDGE('',*,*,#2493,.F.);
#3521=ORIENTED_EDGE('',*,*,#2491,.T.);
#3522=ORIENTED_EDGE('',*,*,#2477,.F.);
#3523=ORIENTED_EDGE('',*,*,#2494,.F.);
#3524=ORIENTED_EDGE('',*,*,#2418,.T.);
#3525=ORIENTED_EDGE('',*,*,#2333,.T.);
#3526=ORIENTED_EDGE('',*,*,#2492,.T.);
#3527=ORIENTED_EDGE('',*,*,#2454,.F.);
#3528=ORIENTED_EDGE('',*,*,#2352,.F.);
#3529=ORIENTED_EDGE('',*,*,#2429,.F.);
#3530=ORIENTED_EDGE('',*,*,#2493,.T.);
#3531=ORIENTED_EDGE('',*,*,#2472,.F.);
#3532=ORIENTED_EDGE('',*,*,#2452,.F.);
#3533=ORIENTED_EDGE('',*,*,#2494,.T.);
#3534=ORIENTED_EDGE('',*,*,#2476,.F.);
#3535=ORIENTED_EDGE('',*,*,#2495,.F.);
#3536=ORIENTED_EDGE('',*,*,#2419,.T.);
#3537=ORIENTED_EDGE('',*,*,#2495,.T.);
#3538=ORIENTED_EDGE('',*,*,#2475,.F.);
#3539=ORIENTED_EDGE('',*,*,#2496,.F.);
#3540=ORIENTED_EDGE('',*,*,#2420,.T.);
#3541=ORIENTED_EDGE('',*,*,#2385,.F.);
#3542=ORIENTED_EDGE('',*,*,#2483,.T.);
#3543=ORIENTED_EDGE('',*,*,#2468,.F.);
#3544=ORIENTED_EDGE('',*,*,#2411,.T.);
#3545=ORIENTED_EDGE('',*,*,#2496,.T.);
#3546=ORIENTED_EDGE('',*,*,#2482,.F.);
#3547=ORIENTED_EDGE('',*,*,#2484,.T.);
#3548=ORIENTED_EDGE('',*,*,#2413,.T.);
#3549=CYLINDRICAL_SURFACE('',#3827,1.64719929865502);
#3550=CYLINDRICAL_SURFACE('',#3830,1.64719929865502);
#3551=CYLINDRICAL_SURFACE('',#3833,1.64719929865502);
#3552=CYLINDRICAL_SURFACE('',#3836,1.64719929865502);
#3553=CYLINDRICAL_SURFACE('',#3839,1.64719929865502);
#3554=CYLINDRICAL_SURFACE('',#3842,1.64719929865502);
#3555=CYLINDRICAL_SURFACE('',#3845,1.64719929865501);
#3556=CYLINDRICAL_SURFACE('',#3848,1.64719929865501);
#3557=CYLINDRICAL_SURFACE('',#3851,2.875);
#3558=CYLINDRICAL_SURFACE('',#3854,1.64719929865502);
#3559=CYLINDRICAL_SURFACE('',#3899,1.64719929865502);
#3560=CYLINDRICAL_SURFACE('',#3902,1.64719929865501);
#3561=CYLINDRICAL_SURFACE('',#3905,1.64719929865501);
#3562=CYLINDRICAL_SURFACE('',#3908,2.875);
#3563=CYLINDRICAL_SURFACE('',#3911,1.64719929865502);
#3564=CYLINDRICAL_SURFACE('',#3914,1.64719929865502);
#3565=CYLINDRICAL_SURFACE('',#3917,1.64719929865502);
#3566=CYLINDRICAL_SURFACE('',#3920,1.64719929865502);
#3567=CYLINDRICAL_SURFACE('',#3923,1.64719929865502);
#3568=CYLINDRICAL_SURFACE('',#3926,2.875);
#3569=CYLINDRICAL_SURFACE('',#3929,1.64719929865502);
#3570=CYLINDRICAL_SURFACE('',#3932,1.64719929865502);
#3571=CYLINDRICAL_SURFACE('',#3935,1.64719929865502);
#3572=CYLINDRICAL_SURFACE('',#3938,1.64719929865502);
#3573=CYLINDRICAL_SURFACE('',#3941,1.64719929865502);
#3574=CYLINDRICAL_SURFACE('',#3944,1.64719929865501);
#3575=CYLINDRICAL_SURFACE('',#3947,1.64719929865501);
#3576=CYLINDRICAL_SURFACE('',#3950,1.64719929865501);
#3577=CYLINDRICAL_SURFACE('',#3953,1.64719929865502);
#3578=CYLINDRICAL_SURFACE('',#3956,1.64719929865501);
#3579=CYLINDRICAL_SURFACE('',#3995,1.64719929865501);
#3580=CYLINDRICAL_SURFACE('',#3998,1.64719929865501);
#3581=CYLINDRICAL_SURFACE('',#4001,1.64719929865501);
#3582=CYLINDRICAL_SURFACE('',#4004,1.64719929865501);
#3583=CYLINDRICAL_SURFACE('',#4007,1.64719929865502);
#3584=CYLINDRICAL_SURFACE('',#4010,1.64719929865502);
#3585=CYLINDRICAL_SURFACE('',#4013,1.64719929865502);
#3586=CYLINDRICAL_SURFACE('',#4016,1.64719929865502);
#3587=CYLINDRICAL_SURFACE('',#4019,1.64719929865502);
#3588=CYLINDRICAL_SURFACE('',#4022,2.875);
#3589=CYLINDRICAL_SURFACE('',#4039,4.00000000000001);
#3590=CYLINDRICAL_SURFACE('',#4042,4.);
#3591=CYLINDRICAL_SURFACE('',#4045,1.);
#3592=CYLINDRICAL_SURFACE('',#4048,1.);
#3593=CYLINDRICAL_SURFACE('',#4051,4.);
#3594=CYLINDRICAL_SURFACE('',#4053,1.);
#3595=CYLINDRICAL_SURFACE('',#4056,1.);
#3596=CYLINDRICAL_SURFACE('',#4069,0.2);
#3597=CYLINDRICAL_SURFACE('',#4071,0.2);
#3598=CYLINDRICAL_SURFACE('',#4081,0.2);
#3599=CYLINDRICAL_SURFACE('',#4083,0.2);
#3600=CYLINDRICAL_SURFACE('',#4088,25.);
#3601=CYLINDRICAL_SURFACE('',#4093,25.);
#3602=CYLINDRICAL_SURFACE('',#4107,0.2);
#3603=CYLINDRICAL_SURFACE('',#4109,0.2);
#3604=CYLINDRICAL_SURFACE('',#4119,0.2);
#3605=CYLINDRICAL_SURFACE('',#4121,0.2);
#3606=CYLINDRICAL_SURFACE('',#4126,7.18630884026508);
#3607=CYLINDRICAL_SURFACE('',#4131,7.18630884026508);
#3608=CYLINDRICAL_SURFACE('',#4137,0.2);
#3609=CYLINDRICAL_SURFACE('',#4147,0.2);
#3610=CYLINDRICAL_SURFACE('',#4149,0.2);
#3611=CYLINDRICAL_SURFACE('',#4156,0.2);
#3612=CYLINDRICAL_SURFACE('',#4158,25.);
#3613=CYLINDRICAL_SURFACE('',#4166,4.00000000000001);
#3614=CYLINDRICAL_SURFACE('',#4169,4.);
#3615=CYLINDRICAL_SURFACE('',#4171,7.18630884026508);
#3616=CYLINDRICAL_SURFACE('',#4174,4.);
#3617=CYLINDRICAL_SURFACE('',#4176,4.);
#3618=CYLINDRICAL_SURFACE('',#4178,7.18630884026508);
#3619=CYLINDRICAL_SURFACE('',#4180,4.);
#3620=CYLINDRICAL_SURFACE('',#4181,25.);
#3621=ADVANCED_FACE('',(#263),#3549,.F.);
#3622=ADVANCED_FACE('',(#264),#3550,.F.);
#3623=ADVANCED_FACE('',(#265),#3551,.F.);
#3624=ADVANCED_FACE('',(#266),#3552,.F.);
#3625=ADVANCED_FACE('',(#267),#3553,.F.);
#3626=ADVANCED_FACE('',(#268),#3554,.F.);
#3627=ADVANCED_FACE('',(#269),#3555,.F.);
#3628=ADVANCED_FACE('',(#270),#3556,.F.);
#3629=ADVANCED_FACE('',(#271),#3557,.F.);
#3630=ADVANCED_FACE('',(#272),#3558,.F.);
#3631=ADVANCED_FACE('',(#273),#159,.F.);
#3632=ADVANCED_FACE('',(#274),#160,.F.);
#3633=ADVANCED_FACE('',(#275),#161,.F.);
#3634=ADVANCED_FACE('',(#276),#162,.F.);
#3635=ADVANCED_FACE('',(#277),#163,.F.);
#3636=ADVANCED_FACE('',(#278),#164,.F.);
#3637=ADVANCED_FACE('',(#279),#165,.F.);
#3638=ADVANCED_FACE('',(#280),#166,.F.);
#3639=ADVANCED_FACE('',(#281),#167,.F.);
#3640=ADVANCED_FACE('',(#282),#168,.F.);
#3641=ADVANCED_FACE('',(#283),#169,.F.);
#3642=ADVANCED_FACE('',(#284),#170,.F.);
#3643=ADVANCED_FACE('',(#285),#171,.F.);
#3644=ADVANCED_FACE('',(#286),#172,.F.);
#3645=ADVANCED_FACE('',(#287),#173,.F.);
#3646=ADVANCED_FACE('',(#288),#174,.F.);
#3647=ADVANCED_FACE('',(#289),#175,.F.);
#3648=ADVANCED_FACE('',(#290),#176,.F.);
#3649=ADVANCED_FACE('',(#291),#177,.F.);
#3650=ADVANCED_FACE('',(#292),#178,.F.);
#3651=ADVANCED_FACE('',(#293),#179,.F.);
#3652=ADVANCED_FACE('',(#294),#180,.F.);
#3653=ADVANCED_FACE('',(#295),#181,.F.);
#3654=ADVANCED_FACE('',(#296),#182,.F.);
#3655=ADVANCED_FACE('',(#297),#183,.F.);
#3656=ADVANCED_FACE('',(#298),#184,.F.);
#3657=ADVANCED_FACE('',(#299),#185,.F.);
#3658=ADVANCED_FACE('',(#300),#186,.F.);
#3659=ADVANCED_FACE('',(#301),#187,.F.);
#3660=ADVANCED_FACE('',(#302),#188,.F.);
#3661=ADVANCED_FACE('',(#303),#189,.F.);
#3662=ADVANCED_FACE('',(#304),#190,.F.);
#3663=ADVANCED_FACE('',(#305),#191,.F.);
#3664=ADVANCED_FACE('',(#306),#192,.F.);
#3665=ADVANCED_FACE('',(#307),#193,.F.);
#3666=ADVANCED_FACE('',(#308),#194,.F.);
#3667=ADVANCED_FACE('',(#309),#195,.F.);
#3668=ADVANCED_FACE('',(#310),#196,.F.);
#3669=ADVANCED_FACE('',(#311),#197,.F.);
#3670=ADVANCED_FACE('',(#312),#198,.F.);
#3671=ADVANCED_FACE('',(#313),#199,.F.);
#3672=ADVANCED_FACE('',(#314),#200,.F.);
#3673=ADVANCED_FACE('',(#315),#3559,.F.);
#3674=ADVANCED_FACE('',(#316),#3560,.F.);
#3675=ADVANCED_FACE('',(#317),#3561,.F.);
#3676=ADVANCED_FACE('',(#318),#3562,.F.);
#3677=ADVANCED_FACE('',(#319),#3563,.F.);
#3678=ADVANCED_FACE('',(#320),#3564,.F.);
#3679=ADVANCED_FACE('',(#321),#3565,.F.);
#3680=ADVANCED_FACE('',(#322),#3566,.F.);
#3681=ADVANCED_FACE('',(#323),#3567,.F.);
#3682=ADVANCED_FACE('',(#324),#3568,.F.);
#3683=ADVANCED_FACE('',(#325),#3569,.F.);
#3684=ADVANCED_FACE('',(#326),#3570,.F.);
#3685=ADVANCED_FACE('',(#327),#3571,.F.);
#3686=ADVANCED_FACE('',(#328),#3572,.F.);
#3687=ADVANCED_FACE('',(#329),#3573,.F.);
#3688=ADVANCED_FACE('',(#330),#3574,.F.);
#3689=ADVANCED_FACE('',(#331),#3575,.F.);
#3690=ADVANCED_FACE('',(#332),#3576,.F.);
#3691=ADVANCED_FACE('',(#333),#3577,.F.);
#3692=ADVANCED_FACE('',(#334),#3578,.F.);
#3693=ADVANCED_FACE('',(#335),#201,.F.);
#3694=ADVANCED_FACE('',(#336),#202,.F.);
#3695=ADVANCED_FACE('',(#337),#203,.F.);
#3696=ADVANCED_FACE('',(#338),#204,.F.);
#3697=ADVANCED_FACE('',(#339),#205,.F.);
#3698=ADVANCED_FACE('',(#340),#206,.F.);
#3699=ADVANCED_FACE('',(#341),#207,.F.);
#3700=ADVANCED_FACE('',(#342),#208,.F.);
#3701=ADVANCED_FACE('',(#343),#209,.F.);
#3702=ADVANCED_FACE('',(#344),#210,.F.);
#3703=ADVANCED_FACE('',(#345),#211,.F.);
#3704=ADVANCED_FACE('',(#346),#212,.F.);
#3705=ADVANCED_FACE('',(#347),#213,.F.);
#3706=ADVANCED_FACE('',(#348),#214,.F.);
#3707=ADVANCED_FACE('',(#349),#215,.F.);
#3708=ADVANCED_FACE('',(#350),#216,.F.);
#3709=ADVANCED_FACE('',(#351),#217,.F.);
#3710=ADVANCED_FACE('',(#352),#218,.F.);
#3711=ADVANCED_FACE('',(#353),#219,.F.);
#3712=ADVANCED_FACE('',(#354),#220,.F.);
#3713=ADVANCED_FACE('',(#355),#221,.F.);
#3714=ADVANCED_FACE('',(#356),#222,.F.);
#3715=ADVANCED_FACE('',(#357),#223,.F.);
#3716=ADVANCED_FACE('',(#358),#224,.F.);
#3717=ADVANCED_FACE('',(#359),#225,.F.);
#3718=ADVANCED_FACE('',(#360),#226,.F.);
#3719=ADVANCED_FACE('',(#361),#227,.F.);
#3720=ADVANCED_FACE('',(#362),#228,.F.);
#3721=ADVANCED_FACE('',(#363),#229,.F.);
#3722=ADVANCED_FACE('',(#364),#230,.F.);
#3723=ADVANCED_FACE('',(#365),#231,.F.);
#3724=ADVANCED_FACE('',(#366),#232,.F.);
#3725=ADVANCED_FACE('',(#367),#233,.F.);
#3726=ADVANCED_FACE('',(#368),#234,.F.);
#3727=ADVANCED_FACE('',(#369),#235,.F.);
#3728=ADVANCED_FACE('',(#370),#236,.F.);
#3729=ADVANCED_FACE('',(#371),#3579,.F.);
#3730=ADVANCED_FACE('',(#372),#3580,.F.);
#3731=ADVANCED_FACE('',(#373),#3581,.F.);
#3732=ADVANCED_FACE('',(#374),#3582,.F.);
#3733=ADVANCED_FACE('',(#375),#3583,.F.);
#3734=ADVANCED_FACE('',(#376),#3584,.F.);
#3735=ADVANCED_FACE('',(#377),#3585,.F.);
#3736=ADVANCED_FACE('',(#378),#3586,.F.);
#3737=ADVANCED_FACE('',(#379),#3587,.F.);
#3738=ADVANCED_FACE('',(#380),#3588,.F.);
#3739=ADVANCED_FACE('',(#381,#39,#40,#41,#42,#43,#44,#45,#46,#47,#48,#49,
#50,#51,#52,#53,#54,#55,#56,#57,#58,#59,#60,#61,#62,#63,#64,#65,#66,#67,
#68,#69,#70,#71,#72,#73,#74,#75,#76,#77,#78,#79,#80,#81,#82,#83,#84,#85,
#86,#87,#88,#89,#90,#91,#92,#93,#94,#95,#96),#237,.T.);
#3740=ADVANCED_FACE('',(#382),#35,.F.);
#3741=ADVANCED_FACE('',(#383),#36,.F.);
#3742=ADVANCED_FACE('',(#384),#37,.F.);
#3743=ADVANCED_FACE('',(#385),#38,.F.);
#3744=ADVANCED_FACE('',(#386),#238,.T.);
#3745=ADVANCED_FACE('',(#387),#3589,.F.);
#3746=ADVANCED_FACE('',(#388),#239,.T.);
#3747=ADVANCED_FACE('',(#389),#3590,.F.);
#3748=ADVANCED_FACE('',(#390),#240,.T.);
#3749=ADVANCED_FACE('',(#391),#3591,.T.);
#3750=ADVANCED_FACE('',(#392),#3592,.T.);
#3751=ADVANCED_FACE('',(#393),#3593,.F.);
#3752=ADVANCED_FACE('',(#394),#3594,.T.);
#3753=ADVANCED_FACE('',(#395),#3595,.T.);
#3754=ADVANCED_FACE('',(#396),#241,.T.);
#3755=ADVANCED_FACE('',(#397),#242,.T.);
#3756=ADVANCED_FACE('',(#398),#243,.F.);
#3757=ADVANCED_FACE('',(#399),#244,.T.);
#3758=ADVANCED_FACE('',(#400),#245,.F.);
#3759=ADVANCED_FACE('',(#401),#23,.T.);
#3760=ADVANCED_FACE('',(#402),#3596,.T.);
#3761=ADVANCED_FACE('',(#403),#3597,.T.);
#3762=ADVANCED_FACE('',(#404),#24,.T.);
#3763=ADVANCED_FACE('',(#405),#25,.T.);
#3764=ADVANCED_FACE('',(#406),#3598,.T.);
#3765=ADVANCED_FACE('',(#407),#3599,.T.);
#3766=ADVANCED_FACE('',(#408),#26,.T.);
#3767=ADVANCED_FACE('',(#409),#3600,.T.);
#3768=ADVANCED_FACE('',(#410),#15,.F.);
#3769=ADVANCED_FACE('',(#411),#3601,.T.);
#3770=ADVANCED_FACE('',(#412),#16,.F.);
#3771=ADVANCED_FACE('',(#413,#97),#246,.T.);
#3772=ADVANCED_FACE('',(#414),#27,.T.);
#3773=ADVANCED_FACE('',(#415),#3602,.T.);
#3774=ADVANCED_FACE('',(#416),#3603,.T.);
#3775=ADVANCED_FACE('',(#417),#28,.T.);
#3776=ADVANCED_FACE('',(#418),#29,.T.);
#3777=ADVANCED_FACE('',(#419),#3604,.T.);
#3778=ADVANCED_FACE('',(#420),#3605,.T.);
#3779=ADVANCED_FACE('',(#421),#30,.T.);
#3780=ADVANCED_FACE('',(#422),#3606,.T.);
#3781=ADVANCED_FACE('',(#423),#17,.F.);
#3782=ADVANCED_FACE('',(#424),#3607,.T.);
#3783=ADVANCED_FACE('',(#425),#18,.F.);
#3784=ADVANCED_FACE('',(#426,#98),#247,.T.);
#3785=ADVANCED_FACE('',(#427),#3608,.T.);
#3786=ADVANCED_FACE('',(#428),#31,.T.);
#3787=ADVANCED_FACE('',(#429),#32,.T.);
#3788=ADVANCED_FACE('',(#430),#3609,.T.);
#3789=ADVANCED_FACE('',(#431),#3610,.T.);
#3790=ADVANCED_FACE('',(#432),#33,.T.);
#3791=ADVANCED_FACE('',(#433),#34,.T.);
#3792=ADVANCED_FACE('',(#434),#3611,.T.);
#3793=ADVANCED_FACE('',(#435),#19,.F.);
#3794=ADVANCED_FACE('',(#436),#3612,.T.);
#3795=ADVANCED_FACE('',(#437,#99,#100,#101,#102,#103,#104,#105,#106,#107,
#108,#109,#110,#111,#112,#113,#114,#115,#116,#117,#118,#119,#120,#121,#122,
#123,#124,#125,#126,#127,#128,#129,#130,#131,#132,#133,#134,#135,#136,#137,
#138,#139,#140,#141,#142,#143,#144,#145,#146,#147,#148,#149,#150,#151,#152,
#153,#154,#155,#156,#157,#158),#248,.T.);
#3796=ADVANCED_FACE('',(#438),#20,.F.);
#3797=ADVANCED_FACE('',(#439),#3613,.F.);
#3798=ADVANCED_FACE('',(#440),#249,.T.);
#3799=ADVANCED_FACE('',(#441),#21,.F.);
#3800=ADVANCED_FACE('',(#442),#3614,.F.);
#3801=ADVANCED_FACE('',(#443),#250,.T.);
#3802=ADVANCED_FACE('',(#444),#3615,.T.);
#3803=ADVANCED_FACE('',(#445),#251,.T.);
#3804=ADVANCED_FACE('',(#446),#3616,.F.);
#3805=ADVANCED_FACE('',(#447),#22,.F.);
#3806=ADVANCED_FACE('',(#448),#3617,.F.);
#3807=ADVANCED_FACE('',(#449),#252,.T.);
#3808=ADVANCED_FACE('',(#450),#3618,.T.);
#3809=ADVANCED_FACE('',(#451),#253,.T.);
#3810=ADVANCED_FACE('',(#452),#3619,.F.);
#3811=ADVANCED_FACE('',(#453),#3620,.T.);
#3812=ADVANCED_FACE('',(#454),#254,.T.);
#3813=CLOSED_SHELL('',(#3621,#3622,#3623,#3624,#3625,#3626,#3627,#3628,
#3629,#3630,#3631,#3632,#3633,#3634,#3635,#3636,#3637,#3638,#3639,#3640,
#3641,#3642,#3643,#3644,#3645,#3646,#3647,#3648,#3649,#3650,#3651,#3652,
#3653,#3654,#3655,#3656,#3657,#3658,#3659,#3660,#3661,#3662,#3663,#3664,
#3665,#3666,#3667,#3668,#3669,#3670,#3671,#3672,#3673,#3674,#3675,#3676,
#3677,#3678,#3679,#3680,#3681,#3682,#3683,#3684,#3685,#3686,#3687,#3688,
#3689,#3690,#3691,#3692,#3693,#3694,#3695,#3696,#3697,#3698,#3699,#3700,
#3701,#3702,#3703,#3704,#3705,#3706,#3707,#3708,#3709,#3710,#3711,#3712,
#3713,#3714,#3715,#3716,#3717,#3718,#3719,#3720,#3721,#3722,#3723,#3724,
#3725,#3726,#3727,#3728,#3729,#3730,#3731,#3732,#3733,#3734,#3735,#3736,
#3737,#3738,#3739,#3740,#3741,#3742,#3743,#3744,#3745,#3746,#3747,#3748,
#3749,#3750,#3751,#3752,#3753,#3754,#3755,#3756,#3757,#3758,#3759,#3760,
#3761,#3762,#3763,#3764,#3765,#3766,#3767,#3768,#3769,#3770,#3771,#3772,
#3773,#3774,#3775,#3776,#3777,#3778,#3779,#3780,#3781,#3782,#3783,#3784,
#3785,#3786,#3787,#3788,#3789,#3790,#3791,#3792,#3793,#3794,#3795,#3796,
#3797,#3798,#3799,#3800,#3801,#3802,#3803,#3804,#3805,#3806,#3807,#3808,
#3809,#3810,#3811,#3812));
#3814=DERIVED_UNIT_ELEMENT(#3816,1.);
#3815=DERIVED_UNIT_ELEMENT(#6443,-3.);
#3816=(
MASS_UNIT()
NAMED_UNIT(*)
SI_UNIT(.KILO.,.GRAM.)
);
#3817=DERIVED_UNIT((#3814,#3815));
#3818=MEASURE_REPRESENTATION_ITEM('density measure',
POSITIVE_RATIO_MEASURE(7850.),#3817);
#3819=PROPERTY_DEFINITION_REPRESENTATION(#3824,#3821);
#3820=PROPERTY_DEFINITION_REPRESENTATION(#3825,#3822);
#3821=REPRESENTATION('material name',(#3823),#6440);
#3822=REPRESENTATION('density',(#3818),#6440);
#3823=DESCRIPTIVE_REPRESENTATION_ITEM('Steel','Steel');
#3824=PROPERTY_DEFINITION('material property','material name',#6450);
#3825=PROPERTY_DEFINITION('material property','density of part',#6450);
#3826=AXIS2_PLACEMENT_3D('',#5243,#4183,#4184);
#3827=AXIS2_PLACEMENT_3D('',#5244,#4185,#4186);
#3828=AXIS2_PLACEMENT_3D('',#5246,#4187,#4188);
#3829=AXIS2_PLACEMENT_3D('',#5249,#4190,#4191);
#3830=AXIS2_PLACEMENT_3D('',#5250,#4192,#4193);
#3831=AXIS2_PLACEMENT_3D('',#5252,#4194,#4195);
#3832=AXIS2_PLACEMENT_3D('',#5255,#4197,#4198);
#3833=AXIS2_PLACEMENT_3D('',#5256,#4199,#4200);
#3834=AXIS2_PLACEMENT_3D('',#5258,#4201,#4202);
#3835=AXIS2_PLACEMENT_3D('',#5261,#4204,#4205);
#3836=AXIS2_PLACEMENT_3D('',#5262,#4206,#4207);
#3837=AXIS2_PLACEMENT_3D('',#5264,#4208,#4209);
#3838=AXIS2_PLACEMENT_3D('',#5267,#4211,#4212);
#3839=AXIS2_PLACEMENT_3D('',#5268,#4213,#4214);
#3840=AXIS2_PLACEMENT_3D('',#5270,#4215,#4216);
#3841=AXIS2_PLACEMENT_3D('',#5273,#4218,#4219);
#3842=AXIS2_PLACEMENT_3D('',#5274,#4220,#4221);
#3843=AXIS2_PLACEMENT_3D('',#5276,#4222,#4223);
#3844=AXIS2_PLACEMENT_3D('',#5279,#4225,#4226);
#3845=AXIS2_PLACEMENT_3D('',#5280,#4227,#4228);
#3846=AXIS2_PLACEMENT_3D('',#5282,#4229,#4230);
#3847=AXIS2_PLACEMENT_3D('',#5285,#4232,#4233);
#3848=AXIS2_PLACEMENT_3D('',#5286,#4234,#4235);
#3849=AXIS2_PLACEMENT_3D('',#5288,#4236,#4237);
#3850=AXIS2_PLACEMENT_3D('',#5291,#4239,#4240);
#3851=AXIS2_PLACEMENT_3D('',#5292,#4241,#4242);
#3852=AXIS2_PLACEMENT_3D('',#5306,#4243,#4244);
#3853=AXIS2_PLACEMENT_3D('',#5319,#4246,#4247);
#3854=AXIS2_PLACEMENT_3D('',#5320,#4248,#4249);
#3855=AXIS2_PLACEMENT_3D('',#5322,#4250,#4251);
#3856=AXIS2_PLACEMENT_3D('',#5325,#4253,#4254);
#3857=AXIS2_PLACEMENT_3D('',#5326,#4255,#4256);
#3858=AXIS2_PLACEMENT_3D('',#5335,#4261,#4262);
#3859=AXIS2_PLACEMENT_3D('',#5341,#4266,#4267);
#3860=AXIS2_PLACEMENT_3D('',#5347,#4271,#4272);
#3861=AXIS2_PLACEMENT_3D('',#5350,#4275,#4276);
#3862=AXIS2_PLACEMENT_3D('',#5359,#4281,#4282);
#3863=AXIS2_PLACEMENT_3D('',#5365,#4286,#4287);
#3864=AXIS2_PLACEMENT_3D('',#5371,#4291,#4292);
#3865=AXIS2_PLACEMENT_3D('',#5374,#4295,#4296);
#3866=AXIS2_PLACEMENT_3D('',#5383,#4301,#4302);
#3867=AXIS2_PLACEMENT_3D('',#5389,#4306,#4307);
#3868=AXIS2_PLACEMENT_3D('',#5395,#4311,#4312);
#3869=AXIS2_PLACEMENT_3D('',#5398,#4315,#4316);
#3870=AXIS2_PLACEMENT_3D('',#5407,#4321,#4322);
#3871=AXIS2_PLACEMENT_3D('',#5413,#4326,#4327);
#3872=AXIS2_PLACEMENT_3D('',#5419,#4331,#4332);
#3873=AXIS2_PLACEMENT_3D('',#5422,#4335,#4336);
#3874=AXIS2_PLACEMENT_3D('',#5431,#4341,#4342);
#3875=AXIS2_PLACEMENT_3D('',#5437,#4346,#4347);
#3876=AXIS2_PLACEMENT_3D('',#5443,#4351,#4352);
#3877=AXIS2_PLACEMENT_3D('',#5449,#4356,#4357);
#3878=AXIS2_PLACEMENT_3D('',#5455,#4361,#4362);
#3879=AXIS2_PLACEMENT_3D('',#5461,#4366,#4367);
#3880=AXIS2_PLACEMENT_3D('',#5467,#4371,#4372);
#3881=AXIS2_PLACEMENT_3D('',#5473,#4376,#4377);
#3882=AXIS2_PLACEMENT_3D('',#5479,#4381,#4382);
#3883=AXIS2_PLACEMENT_3D('',#5482,#4385,#4386);
#3884=AXIS2_PLACEMENT_3D('',#5491,#4391,#4392);
#3885=AXIS2_PLACEMENT_3D('',#5497,#4396,#4397);
#3886=AXIS2_PLACEMENT_3D('',#5503,#4401,#4402);
#3887=AXIS2_PLACEMENT_3D('',#5506,#4405,#4406);
#3888=AXIS2_PLACEMENT_3D('',#5515,#4411,#4412);
#3889=AXIS2_PLACEMENT_3D('',#5521,#4416,#4417);
#3890=AXIS2_PLACEMENT_3D('',#5527,#4421,#4422);
#3891=AXIS2_PLACEMENT_3D('',#5530,#4425,#4426);
#3892=AXIS2_PLACEMENT_3D('',#5539,#4431,#4432);
#3893=AXIS2_PLACEMENT_3D('',#5545,#4436,#4437);
#3894=AXIS2_PLACEMENT_3D('',#5551,#4441,#4442);
#3895=AXIS2_PLACEMENT_3D('',#5554,#4445,#4446);
#3896=AXIS2_PLACEMENT_3D('',#5563,#4451,#4452);
#3897=AXIS2_PLACEMENT_3D('',#5569,#4456,#4457);
#3898=AXIS2_PLACEMENT_3D('',#5575,#4461,#4462);
#3899=AXIS2_PLACEMENT_3D('',#5578,#4465,#4466);
#3900=AXIS2_PLACEMENT_3D('',#5580,#4467,#4468);
#3901=AXIS2_PLACEMENT_3D('',#5583,#4470,#4471);
#3902=AXIS2_PLACEMENT_3D('',#5584,#4472,#4473);
#3903=AXIS2_PLACEMENT_3D('',#5586,#4474,#4475);
#3904=AXIS2_PLACEMENT_3D('',#5589,#4477,#4478);
#3905=AXIS2_PLACEMENT_3D('',#5590,#4479,#4480);
#3906=AXIS2_PLACEMENT_3D('',#5592,#4481,#4482);
#3907=AXIS2_PLACEMENT_3D('',#5595,#4484,#4485);
#3908=AXIS2_PLACEMENT_3D('',#5596,#4486,#4487);
#3909=AXIS2_PLACEMENT_3D('',#5610,#4488,#4489);
#3910=AXIS2_PLACEMENT_3D('',#5623,#4491,#4492);
#3911=AXIS2_PLACEMENT_3D('',#5624,#4493,#4494);
#3912=AXIS2_PLACEMENT_3D('',#5626,#4495,#4496);
#3913=AXIS2_PLACEMENT_3D('',#5629,#4498,#4499);
#3914=AXIS2_PLACEMENT_3D('',#5630,#4500,#4501);
#3915=AXIS2_PLACEMENT_3D('',#5632,#4502,#4503);
#3916=AXIS2_PLACEMENT_3D('',#5635,#4505,#4506);
#3917=AXIS2_PLACEMENT_3D('',#5636,#4507,#4508);
#3918=AXIS2_PLACEMENT_3D('',#5638,#4509,#4510);
#3919=AXIS2_PLACEMENT_3D('',#5641,#4512,#4513);
#3920=AXIS2_PLACEMENT_3D('',#5642,#4514,#4515);
#3921=AXIS2_PLACEMENT_3D('',#5644,#4516,#4517);
#3922=AXIS2_PLACEMENT_3D('',#5647,#4519,#4520);
#3923=AXIS2_PLACEMENT_3D('',#5648,#4521,#4522);
#3924=AXIS2_PLACEMENT_3D('',#5650,#4523,#4524);
#3925=AXIS2_PLACEMENT_3D('',#5653,#4526,#4527);
#3926=AXIS2_PLACEMENT_3D('',#5654,#4528,#4529);
#3927=AXIS2_PLACEMENT_3D('',#5668,#4530,#4531);
#3928=AXIS2_PLACEMENT_3D('',#5681,#4533,#4534);
#3929=AXIS2_PLACEMENT_3D('',#5682,#4535,#4536);
#3930=AXIS2_PLACEMENT_3D('',#5684,#4537,#4538);
#3931=AXIS2_PLACEMENT_3D('',#5687,#4540,#4541);
#3932=AXIS2_PLACEMENT_3D('',#5688,#4542,#4543);
#3933=AXIS2_PLACEMENT_3D('',#5690,#4544,#4545);
#3934=AXIS2_PLACEMENT_3D('',#5693,#4547,#4548);
#3935=AXIS2_PLACEMENT_3D('',#5694,#4549,#4550);
#3936=AXIS2_PLACEMENT_3D('',#5696,#4551,#4552);
#3937=AXIS2_PLACEMENT_3D('',#5699,#4554,#4555);
#3938=AXIS2_PLACEMENT_3D('',#5700,#4556,#4557);
#3939=AXIS2_PLACEMENT_3D('',#5702,#4558,#4559);
#3940=AXIS2_PLACEMENT_3D('',#5705,#4561,#4562);
#3941=AXIS2_PLACEMENT_3D('',#5706,#4563,#4564);
#3942=AXIS2_PLACEMENT_3D('',#5708,#4565,#4566);
#3943=AXIS2_PLACEMENT_3D('',#5711,#4568,#4569);
#3944=AXIS2_PLACEMENT_3D('',#5712,#4570,#4571);
#3945=AXIS2_PLACEMENT_3D('',#5714,#4572,#4573);
#3946=AXIS2_PLACEMENT_3D('',#5717,#4575,#4576);
#3947=AXIS2_PLACEMENT_3D('',#5718,#4577,#4578);
#3948=AXIS2_PLACEMENT_3D('',#5720,#4579,#4580);
#3949=AXIS2_PLACEMENT_3D('',#5723,#4582,#4583);
#3950=AXIS2_PLACEMENT_3D('',#5724,#4584,#4585);
#3951=AXIS2_PLACEMENT_3D('',#5726,#4586,#4587);
#3952=AXIS2_PLACEMENT_3D('',#5729,#4589,#4590);
#3953=AXIS2_PLACEMENT_3D('',#5730,#4591,#4592);
#3954=AXIS2_PLACEMENT_3D('',#5732,#4593,#4594);
#3955=AXIS2_PLACEMENT_3D('',#5735,#4596,#4597);
#3956=AXIS2_PLACEMENT_3D('',#5736,#4598,#4599);
#3957=AXIS2_PLACEMENT_3D('',#5738,#4600,#4601);
#3958=AXIS2_PLACEMENT_3D('',#5741,#4603,#4604);
#3959=AXIS2_PLACEMENT_3D('',#5742,#4605,#4606);
#3960=AXIS2_PLACEMENT_3D('',#5751,#4611,#4612);
#3961=AXIS2_PLACEMENT_3D('',#5757,#4616,#4617);
#3962=AXIS2_PLACEMENT_3D('',#5763,#4621,#4622);
#3963=AXIS2_PLACEMENT_3D('',#5766,#4625,#4626);
#3964=AXIS2_PLACEMENT_3D('',#5775,#4631,#4632);
#3965=AXIS2_PLACEMENT_3D('',#5781,#4636,#4637);
#3966=AXIS2_PLACEMENT_3D('',#5787,#4641,#4642);
#3967=AXIS2_PLACEMENT_3D('',#5790,#4645,#4646);
#3968=AXIS2_PLACEMENT_3D('',#5799,#4651,#4652);
#3969=AXIS2_PLACEMENT_3D('',#5805,#4656,#4657);
#3970=AXIS2_PLACEMENT_3D('',#5811,#4661,#4662);
#3971=AXIS2_PLACEMENT_3D('',#5814,#4665,#4666);
#3972=AXIS2_PLACEMENT_3D('',#5823,#4671,#4672);
#3973=AXIS2_PLACEMENT_3D('',#5829,#4676,#4677);
#3974=AXIS2_PLACEMENT_3D('',#5835,#4681,#4682);
#3975=AXIS2_PLACEMENT_3D('',#5838,#4685,#4686);
#3976=AXIS2_PLACEMENT_3D('',#5847,#4691,#4692);
#3977=AXIS2_PLACEMENT_3D('',#5853,#4696,#4697);
#3978=AXIS2_PLACEMENT_3D('',#5859,#4701,#4702);
#3979=AXIS2_PLACEMENT_3D('',#5862,#4705,#4706);
#3980=AXIS2_PLACEMENT_3D('',#5871,#4711,#4712);
#3981=AXIS2_PLACEMENT_3D('',#5877,#4716,#4717);
#3982=AXIS2_PLACEMENT_3D('',#5883,#4721,#4722);
#3983=AXIS2_PLACEMENT_3D('',#5886,#4725,#4726);
#3984=AXIS2_PLACEMENT_3D('',#5895,#4731,#4732);
#3985=AXIS2_PLACEMENT_3D('',#5901,#4736,#4737);
#3986=AXIS2_PLACEMENT_3D('',#5907,#4741,#4742);
#3987=AXIS2_PLACEMENT_3D('',#5910,#4745,#4746);
#3988=AXIS2_PLACEMENT_3D('',#5919,#4751,#4752);
#3989=AXIS2_PLACEMENT_3D('',#5925,#4756,#4757);
#3990=AXIS2_PLACEMENT_3D('',#5931,#4761,#4762);
#3991=AXIS2_PLACEMENT_3D('',#5934,#4765,#4766);
#3992=AXIS2_PLACEMENT_3D('',#5943,#4771,#4772);
#3993=AXIS2_PLACEMENT_3D('',#5949,#4776,#4777);
#3994=AXIS2_PLACEMENT_3D('',#5955,#4781,#4782);
#3995=AXIS2_PLACEMENT_3D('',#5958,#4785,#4786);
#3996=AXIS2_PLACEMENT_3D('',#5960,#4787,#4788);
#3997=AXIS2_PLACEMENT_3D('',#5963,#4790,#4791);
#3998=AXIS2_PLACEMENT_3D('',#5964,#4792,#4793);
#3999=AXIS2_PLACEMENT_3D('',#5966,#4794,#4795);
#4000=AXIS2_PLACEMENT_3D('',#5969,#4797,#4798);
#4001=AXIS2_PLACEMENT_3D('',#5970,#4799,#4800);
#4002=AXIS2_PLACEMENT_3D('',#5972,#4801,#4802);
#4003=AXIS2_PLACEMENT_3D('',#5975,#4804,#4805);
#4004=AXIS2_PLACEMENT_3D('',#5976,#4806,#4807);
#4005=AXIS2_PLACEMENT_3D('',#5978,#4808,#4809);
#4006=AXIS2_PLACEMENT_3D('',#5981,#4811,#4812);
#4007=AXIS2_PLACEMENT_3D('',#5982,#4813,#4814);
#4008=AXIS2_PLACEMENT_3D('',#5984,#4815,#4816);
#4009=AXIS2_PLACEMENT_3D('',#5987,#4818,#4819);
#4010=AXIS2_PLACEMENT_3D('',#5988,#4820,#4821);
#4011=AXIS2_PLACEMENT_3D('',#5990,#4822,#4823);
#4012=AXIS2_PLACEMENT_3D('',#5993,#4825,#4826);
#4013=AXIS2_PLACEMENT_3D('',#5994,#4827,#4828);
#4014=AXIS2_PLACEMENT_3D('',#5996,#4829,#4830);
#4015=AXIS2_PLACEMENT_3D('',#5999,#4832,#4833);
#4016=AXIS2_PLACEMENT_3D('',#6000,#4834,#4835);
#4017=AXIS2_PLACEMENT_3D('',#6002,#4836,#4837);
#4018=AXIS2_PLACEMENT_3D('',#6005,#4839,#4840);
#4019=AXIS2_PLACEMENT_3D('',#6006,#4841,#4842);
#4020=AXIS2_PLACEMENT_3D('',#6008,#4843,#4844);
#4021=AXIS2_PLACEMENT_3D('',#6011,#4846,#4847);
#4022=AXIS2_PLACEMENT_3D('',#6012,#4848,#4849);
#4023=AXIS2_PLACEMENT_3D('',#6026,#4850,#4851);
#4024=AXIS2_PLACEMENT_3D('',#6039,#4853,#4854);
#4025=AXIS2_PLACEMENT_3D('',#6040,#4855,#4856);
#4026=AXIS2_PLACEMENT_3D('',#6045,#4858,#4859);
#4027=AXIS2_PLACEMENT_3D('',#6049,#4861,#4862);
#4028=AXIS2_PLACEMENT_3D('',#6053,#4864,#4865);
#4029=AXIS2_PLACEMENT_3D('',#6056,#4867,#4868);
#4030=AXIS2_PLACEMENT_3D('',#6057,#4869,#4870);
#4031=AXIS2_PLACEMENT_3D('',#6058,#4871,#4872);
#4032=AXIS2_PLACEMENT_3D('',#6059,#4873,#4874);
#4033=AXIS2_PLACEMENT_3D('',#6060,#4875,#4876);
#4034=AXIS2_PLACEMENT_3D('',#6061,#4877,#4878);
#4035=AXIS2_PLACEMENT_3D('',#6062,#4879,#4880);
#4036=AXIS2_PLACEMENT_3D('',#6063,#4881,#4882);
#4037=AXIS2_PLACEMENT_3D('',#6064,#4883,#4884);
#4038=AXIS2_PLACEMENT_3D('',#6065,#4885,#4886);
#4039=AXIS2_PLACEMENT_3D('',#6071,#4890,#4891);
#4040=AXIS2_PLACEMENT_3D('',#6074,#4893,#4894);
#4041=AXIS2_PLACEMENT_3D('',#6075,#4895,#4896);
#4042=AXIS2_PLACEMENT_3D('',#6079,#4899,#4900);
#4043=AXIS2_PLACEMENT_3D('',#6082,#4902,#4903);
#4044=AXIS2_PLACEMENT_3D('',#6083,#4904,#4905);
#4045=AXIS2_PLACEMENT_3D('',#6092,#4910,#4911);
#4046=AXIS2_PLACEMENT_3D('',#6094,#4912,#4913);
#4047=AXIS2_PLACEMENT_3D('',#6097,#4915,#4916);
#4048=AXIS2_PLACEMENT_3D('',#6098,#4917,#4918);
#4049=AXIS2_PLACEMENT_3D('',#6101,#4919,#4920);
#4050=AXIS2_PLACEMENT_3D('',#6105,#4922,#4923);
#4051=AXIS2_PLACEMENT_3D('',#6107,#4925,#4926);
#4052=AXIS2_PLACEMENT_3D('',#6109,#4927,#4928);
#4053=AXIS2_PLACEMENT_3D('',#6111,#4930,#4931);
#4054=AXIS2_PLACEMENT_3D('',#6113,#4932,#4933);
#4055=AXIS2_PLACEMENT_3D('',#6115,#4934,#4935);
#4056=AXIS2_PLACEMENT_3D('',#6117,#4937,#4938);
#4057=AXIS2_PLACEMENT_3D('',#6120,#4939,#4940);
#4058=AXIS2_PLACEMENT_3D('',#6124,#4942,#4943);
#4059=AXIS2_PLACEMENT_3D('',#6126,#4945,#4946);
#4060=AXIS2_PLACEMENT_3D('',#6129,#4949,#4950);
#4061=AXIS2_PLACEMENT_3D('',#6132,#4953,#4954);
#4062=AXIS2_PLACEMENT_3D('',#6133,#4955,#4956);
#4063=AXIS2_PLACEMENT_3D('',#6136,#4959,#4960);
#4064=AXIS2_PLACEMENT_3D('',#6137,#4961,#4962);
#4065=AXIS2_PLACEMENT_3D('',#6140,#4963,#4964);
#4066=AXIS2_PLACEMENT_3D('',#6142,#4965,#4966);
#4067=AXIS2_PLACEMENT_3D('',#6144,#4967,#4968);
#4068=AXIS2_PLACEMENT_3D('',#6145,#4969,#4970);
#4069=AXIS2_PLACEMENT_3D('',#6146,#4971,#4972);
#4070=AXIS2_PLACEMENT_3D('',#6149,#4973,#4974);
#4071=AXIS2_PLACEMENT_3D('',#6152,#4977,#4978);
#4072=AXIS2_PLACEMENT_3D('',#6155,#4979,#4980);
#4073=AXIS2_PLACEMENT_3D('',#6158,#4983,#4984);
#4074=AXIS2_PLACEMENT_3D('',#6161,#4985,#4986);
#4075=AXIS2_PLACEMENT_3D('',#6162,#4987,#4988);
#4076=AXIS2_PLACEMENT_3D('',#6163,#4989,#4990);
#4077=AXIS2_PLACEMENT_3D('',#6164,#4991,#4992);
#4078=AXIS2_PLACEMENT_3D('',#6167,#4993,#4994);
#4079=AXIS2_PLACEMENT_3D('',#6168,#4995,#4996);
#4080=AXIS2_PLACEMENT_3D('',#6169,#4997,#4998);
#4081=AXIS2_PLACEMENT_3D('',#6170,#4999,#5000);
#4082=AXIS2_PLACEMENT_3D('',#6173,#5001,#5002);
#4083=AXIS2_PLACEMENT_3D('',#6176,#5005,#5006);
#4084=AXIS2_PLACEMENT_3D('',#6179,#5007,#5008);
#4085=AXIS2_PLACEMENT_3D('',#6182,#5011,#5012);
#4086=AXIS2_PLACEMENT_3D('',#6183,#5013,#5014);
#4087=AXIS2_PLACEMENT_3D('',#6184,#5015,#5016);
#4088=AXIS2_PLACEMENT_3D('',#6185,#5017,#5018);
#4089=AXIS2_PLACEMENT_3D('',#6187,#5019,#5020);
#4090=AXIS2_PLACEMENT_3D('',#6190,#5022,#5023);
#4091=AXIS2_PLACEMENT_3D('',#6201,#5024,#5025);
#4092=AXIS2_PLACEMENT_3D('',#6202,#5026,#5027);
#4093=AXIS2_PLACEMENT_3D('',#6203,#5028,#5029);
#4094=AXIS2_PLACEMENT_3D('',#6205,#5030,#5031);
#4095=AXIS2_PLACEMENT_3D('',#6217,#5033,#5034);
#4096=AXIS2_PLACEMENT_3D('',#6218,#5035,#5036);
#4097=AXIS2_PLACEMENT_3D('',#6219,#5037,#5038);
#4098=AXIS2_PLACEMENT_3D('',#6224,#5040,#5041);
#4099=AXIS2_PLACEMENT_3D('',#6228,#5043,#5044);
#4100=AXIS2_PLACEMENT_3D('',#6232,#5046,#5047);
#4101=AXIS2_PLACEMENT_3D('',#6235,#5049,#5050);
#4102=AXIS2_PLACEMENT_3D('',#6236,#5051,#5052);
#4103=AXIS2_PLACEMENT_3D('',#6239,#5053,#5054);
#4104=AXIS2_PLACEMENT_3D('',#6241,#5055,#5056);
#4105=AXIS2_PLACEMENT_3D('',#6243,#5057,#5058);
#4106=AXIS2_PLACEMENT_3D('',#6244,#5059,#5060);
#4107=AXIS2_PLACEMENT_3D('',#6245,#5061,#5062);
#4108=AXIS2_PLACEMENT_3D('',#6248,#5063,#5064);
#4109=AXIS2_PLACEMENT_3D('',#6251,#5067,#5068);
#4110=AXIS2_PLACEMENT_3D('',#6254,#5069,#5070);
#4111=AXIS2_PLACEMENT_3D('',#6257,#5073,#5074);
#4112=AXIS2_PLACEMENT_3D('',#6260,#5075,#5076);
#4113=AXIS2_PLACEMENT_3D('',#6261,#5077,#5078);
#4114=AXIS2_PLACEMENT_3D('',#6262,#5079,#5080);
#4115=AXIS2_PLACEMENT_3D('',#6263,#5081,#5082);
#4116=AXIS2_PLACEMENT_3D('',#6266,#5083,#5084);
#4117=AXIS2_PLACEMENT_3D('',#6267,#5085,#5086);
#4118=AXIS2_PLACEMENT_3D('',#6268,#5087,#5088);
#4119=AXIS2_PLACEMENT_3D('',#6269,#5089,#5090);
#4120=AXIS2_PLACEMENT_3D('',#6272,#5091,#5092);
#4121=AXIS2_PLACEMENT_3D('',#6275,#5095,#5096);
#4122=AXIS2_PLACEMENT_3D('',#6278,#5097,#5098);
#4123=AXIS2_PLACEMENT_3D('',#6281,#5101,#5102);
#4124=AXIS2_PLACEMENT_3D('',#6282,#5103,#5104);
#4125=AXIS2_PLACEMENT_3D('',#6283,#5105,#5106);
#4126=AXIS2_PLACEMENT_3D('',#6284,#5107,#5108);
#4127=AXIS2_PLACEMENT_3D('',#6286,#5109,#5110);
#4128=AXIS2_PLACEMENT_3D('',#6289,#5112,#5113);
#4129=AXIS2_PLACEMENT_3D('',#6300,#5114,#5115);
#4130=AXIS2_PLACEMENT_3D('',#6301,#5116,#5117);
#4131=AXIS2_PLACEMENT_3D('',#6302,#5118,#5119);
#4132=AXIS2_PLACEMENT_3D('',#6304,#5120,#5121);
#4133=AXIS2_PLACEMENT_3D('',#6316,#5123,#5124);
#4134=AXIS2_PLACEMENT_3D('',#6317,#5125,#5126);
#4135=AXIS2_PLACEMENT_3D('',#6318,#5127,#5128);
#4136=AXIS2_PLACEMENT_3D('',#6322,#5130,#5131);
#4137=AXIS2_PLACEMENT_3D('',#6324,#5133,#5134);
#4138=AXIS2_PLACEMENT_3D('',#6326,#5135,#5136);
#4139=AXIS2_PLACEMENT_3D('',#6328,#5137,#5138);
#4140=AXIS2_PLACEMENT_3D('',#6330,#5140,#5141);
#4141=AXIS2_PLACEMENT_3D('',#6332,#5142,#5143);
#4142=AXIS2_PLACEMENT_3D('',#6333,#5144,#5145);
#4143=AXIS2_PLACEMENT_3D('',#6334,#5146,#5147);
#4144=AXIS2_PLACEMENT_3D('',#6335,#5148,#5149);
#4145=AXIS2_PLACEMENT_3D('',#6337,#5150,#5151);
#4146=AXIS2_PLACEMENT_3D('',#6338,#5152,#5153);
#4147=AXIS2_PLACEMENT_3D('',#6339,#5154,#5155);
#4148=AXIS2_PLACEMENT_3D('',#6341,#5156,#5157);
#4149=AXIS2_PLACEMENT_3D('',#6343,#5159,#5160);
#4150=AXIS2_PLACEMENT_3D('',#6344,#5161,#5162);
#4151=AXIS2_PLACEMENT_3D('',#6346,#5164,#5165);
#4152=AXIS2_PLACEMENT_3D('',#6348,#5166,#5167);
#4153=AXIS2_PLACEMENT_3D('',#6349,#5168,#5169);
#4154=AXIS2_PLACEMENT_3D('',#6350,#5170,#5171);
#4155=AXIS2_PLACEMENT_3D('',#6351,#5172,#5173);
#4156=AXIS2_PLACEMENT_3D('',#6352,#5174,#5175);
#4157=AXIS2_PLACEMENT_3D('',#6363,#5177,#5178);
#4158=AXIS2_PLACEMENT_3D('',#6364,#5179,#5180);
#4159=AXIS2_PLACEMENT_3D('',#6365,#5181,#5182);
#4160=AXIS2_PLACEMENT_3D('',#6366,#5183,#5184);
#4161=AXIS2_PLACEMENT_3D('',#6369,#5185,#5186);
#4162=AXIS2_PLACEMENT_3D('',#6373,#5188,#5189);
#4163=AXIS2_PLACEMENT_3D('',#6377,#5191,#5192);
#4164=AXIS2_PLACEMENT_3D('',#6381,#5194,#5195);
#4165=AXIS2_PLACEMENT_3D('',#6392,#5197,#5198);
#4166=AXIS2_PLACEMENT_3D('',#6393,#5199,#5200);
#4167=AXIS2_PLACEMENT_3D('',#6396,#5203,#5204);
#4168=AXIS2_PLACEMENT_3D('',#6407,#5206,#5207);
#4169=AXIS2_PLACEMENT_3D('',#6408,#5208,#5209);
#4170=AXIS2_PLACEMENT_3D('',#6410,#5211,#5212);
#4171=AXIS2_PLACEMENT_3D('',#6412,#5214,#5215);
#4172=AXIS2_PLACEMENT_3D('',#6413,#5216,#5217);
#4173=AXIS2_PLACEMENT_3D('',#6414,#5218,#5219);
#4174=AXIS2_PLACEMENT_3D('',#6416,#5221,#5222);
#4175=AXIS2_PLACEMENT_3D('',#6427,#5224,#5225);
#4176=AXIS2_PLACEMENT_3D('',#6428,#5226,#5227);
#4177=AXIS2_PLACEMENT_3D('',#6430,#5229,#5230);
#4178=AXIS2_PLACEMENT_3D('',#6431,#5231,#5232);
#4179=AXIS2_PLACEMENT_3D('',#6432,#5233,#5234);
#4180=AXIS2_PLACEMENT_3D('',#6434,#5236,#5237);
#4181=AXIS2_PLACEMENT_3D('',#6436,#5239,#5240);
#4182=AXIS2_PLACEMENT_3D('',#6437,#5241,#5242);
#4183=DIRECTION('axis',(0.,0.,1.));
#4184=DIRECTION('refdir',(1.,0.,0.));
#4185=DIRECTION('center_axis',(0.,0.,-1.));
#4186=DIRECTION('ref_axis',(1.,4.8321665679224E-13,0.));
#4187=DIRECTION('center_axis',(0.,0.,-1.));
#4188=DIRECTION('ref_axis',(1.,4.8321665679224E-13,0.));
#4189=DIRECTION('',(0.,0.,-1.));
#4190=DIRECTION('center_axis',(0.,0.,1.));
#4191=DIRECTION('ref_axis',(1.,4.8321665679224E-13,0.));
#4192=DIRECTION('center_axis',(0.,0.,-1.));
#4193=DIRECTION('ref_axis',(1.,4.8321665679224E-13,0.));
#4194=DIRECTION('center_axis',(0.,0.,-1.));
#4195=DIRECTION('ref_axis',(1.,4.8321665679224E-13,0.));
#4196=DIRECTION('',(0.,0.,-1.));
#4197=DIRECTION('center_axis',(0.,0.,1.));
#4198=DIRECTION('ref_axis',(1.,4.8321665679224E-13,0.));
#4199=DIRECTION('center_axis',(0.,0.,-1.));
#4200=DIRECTION('ref_axis',(1.,4.8321665679224E-13,0.));
#4201=DIRECTION('center_axis',(0.,0.,-1.));
#4202=DIRECTION('ref_axis',(1.,4.8321665679224E-13,0.));
#4203=DIRECTION('',(0.,0.,-1.));
#4204=DIRECTION('center_axis',(0.,0.,1.));
#4205=DIRECTION('ref_axis',(1.,4.8321665679224E-13,0.));
#4206=DIRECTION('center_axis',(0.,0.,-1.));
#4207=DIRECTION('ref_axis',(1.,4.8321665679224E-13,0.));
#4208=DIRECTION('center_axis',(0.,0.,-1.));
#4209=DIRECTION('ref_axis',(1.,4.8321665679224E-13,0.));
#4210=DIRECTION('',(0.,0.,-1.));
#4211=DIRECTION('center_axis',(0.,0.,1.));
#4212=DIRECTION('ref_axis',(1.,4.8321665679224E-13,0.));
#4213=DIRECTION('center_axis',(4.44089209850063E-16,0.,-1.));
#4214=DIRECTION('ref_axis',(1.,4.8321665679224E-13,4.44089209850063E-16));
#4215=DIRECTION('center_axis',(0.,0.,-1.));
#4216=DIRECTION('ref_axis',(1.,4.8321665679224E-13,4.44089209850063E-16));
#4217=DIRECTION('',(4.44089209850063E-16,0.,-1.));
#4218=DIRECTION('center_axis',(0.,0.,1.));
#4219=DIRECTION('ref_axis',(1.,4.8321665679224E-13,4.44089209850063E-16));
#4220=DIRECTION('center_axis',(2.22044604925031E-16,0.,-1.));
#4221=DIRECTION('ref_axis',(1.,4.8321665679224E-13,2.22044604925031E-16));
#4222=DIRECTION('center_axis',(0.,0.,-1.));
#4223=DIRECTION('ref_axis',(1.,4.8321665679224E-13,2.22044604925031E-16));
#4224=DIRECTION('',(2.22044604925031E-16,0.,-1.));
#4225=DIRECTION('center_axis',(0.,0.,1.));
#4226=DIRECTION('ref_axis',(1.,4.8321665679224E-13,2.22044604925031E-16));
#4227=DIRECTION('center_axis',(0.,0.,-1.));
#4228=DIRECTION('ref_axis',(1.,4.8321665679224E-13,0.));
#4229=DIRECTION('center_axis',(0.,0.,-1.));
#4230=DIRECTION('ref_axis',(1.,4.8321665679224E-13,0.));
#4231=DIRECTION('',(0.,0.,-1.));
#4232=DIRECTION('center_axis',(0.,0.,1.));
#4233=DIRECTION('ref_axis',(1.,4.8321665679224E-13,0.));
#4234=DIRECTION('center_axis',(0.,0.,-1.));
#4235=DIRECTION('ref_axis',(1.,4.8321665679224E-13,0.));
#4236=DIRECTION('center_axis',(0.,0.,-1.));
#4237=DIRECTION('ref_axis',(1.,4.8321665679224E-13,0.));
#4238=DIRECTION('',(0.,0.,-1.));
#4239=DIRECTION('center_axis',(0.,0.,1.));
#4240=DIRECTION('ref_axis',(1.,4.8321665679224E-13,0.));
#4241=DIRECTION('center_axis',(0.,0.,-1.));
#4242=DIRECTION('ref_axis',(-1.,-4.8321665679224E-13,0.));
#4243=DIRECTION('center_axis',(0.,0.,-1.));
#4244=DIRECTION('ref_axis',(-1.,-4.8321665679224E-13,0.));
#4245=DIRECTION('',(0.,0.,-1.));
#4246=DIRECTION('center_axis',(0.,0.,1.));
#4247=DIRECTION('ref_axis',(-1.,-4.8321665679224E-13,0.));
#4248=DIRECTION('center_axis',(0.,0.,-1.));
#4249=DIRECTION('ref_axis',(1.,4.8321665679224E-13,0.));
#4250=DIRECTION('center_axis',(0.,0.,-1.));
#4251=DIRECTION('ref_axis',(1.,4.8321665679224E-13,0.));
#4252=DIRECTION('',(0.,0.,-1.));
#4253=DIRECTION('center_axis',(0.,0.,1.));
#4254=DIRECTION('ref_axis',(1.,4.8321665679224E-13,0.));
#4255=DIRECTION('center_axis',(1.,4.83686893926764E-13,0.));
#4256=DIRECTION('ref_axis',(4.83686893926764E-13,-1.,2.77555755584075E-17));
#4257=DIRECTION('',(-4.83686893926764E-13,1.,0.));
#4258=DIRECTION('',(0.,0.,-1.));
#4259=DIRECTION('',(4.83686893926764E-13,-1.,0.));
#4260=DIRECTION('',(0.,0.,-1.));
#4261=DIRECTION('center_axis',(-4.83686893926764E-13,1.,0.));
#4262=DIRECTION('ref_axis',(1.,4.83686893926764E-13,2.52402265274158E-16));
#4263=DIRECTION('',(-1.,-4.83686893926764E-13,0.));
#4264=DIRECTION('',(1.,4.83686893926764E-13,0.));
#4265=DIRECTION('',(0.,0.,-1.));
#4266=DIRECTION('center_axis',(-1.,-4.83686893926764E-13,0.));
#4267=DIRECTION('ref_axis',(-4.83686893926764E-13,1.,-2.77555755584075E-17));
#4268=DIRECTION('',(4.83686893926764E-13,-1.,0.));
#4269=DIRECTION('',(-4.83686893926764E-13,1.,0.));
#4270=DIRECTION('',(0.,0.,-1.));
#4271=DIRECTION('center_axis',(4.8321665679224E-13,-1.,0.));
#4272=DIRECTION('ref_axis',(-1.,-4.8321665679224E-13,-2.52402265274158E-16));
#4273=DIRECTION('',(1.,4.8321665679224E-13,0.));
#4274=DIRECTION('',(-1.,-4.8321665679224E-13,0.));
#4275=DIRECTION('center_axis',(1.,4.8321665679224E-13,2.22044604925031E-16));
#4276=DIRECTION('ref_axis',(4.8321665679224E-13,-1.,2.77555755584073E-17));
#4277=DIRECTION('',(-4.8321665679224E-13,1.,0.));
#4278=DIRECTION('',(2.22044604925031E-16,0.,-1.));
#4279=DIRECTION('',(4.8321665679224E-13,-1.,0.));
#4280=DIRECTION('',(2.22044604925031E-16,0.,-1.));
#4281=DIRECTION('center_axis',(-4.82491367556044E-13,1.,-1.0713460508872E-28));
#4282=DIRECTION('ref_axis',(1.,4.82491367556044E-13,2.52402265274158E-16));
#4283=DIRECTION('',(-1.,-4.82491367556044E-13,0.));
#4284=DIRECTION('',(1.,4.82491367556044E-13,0.));
#4285=DIRECTION('',(2.22044604925031E-16,0.,-1.));
#4286=DIRECTION('center_axis',(-1.,-4.8321665679224E-13,-2.22044604925031E-16));
#4287=DIRECTION('ref_axis',(-4.8321665679224E-13,1.,-2.77555755584073E-17));
#4288=DIRECTION('',(4.8321665679224E-13,-1.,0.));
#4289=DIRECTION('',(-4.8321665679224E-13,1.,0.));
#4290=DIRECTION('',(2.22044604925031E-16,0.,-1.));
#4291=DIRECTION('center_axis',(4.8321665679224E-13,-1.,1.07295651650627E-28));
#4292=DIRECTION('ref_axis',(-1.,-4.8321665679224E-13,-2.52402265274158E-16));
#4293=DIRECTION('',(1.,4.8321665679224E-13,0.));
#4294=DIRECTION('',(-1.,-4.8321665679224E-13,0.));
#4295=DIRECTION('center_axis',(1.,4.81335708254145E-13,0.));
#4296=DIRECTION('ref_axis',(4.81335708254145E-13,-1.,2.77555755584069E-17));
#4297=DIRECTION('',(-4.81335708254145E-13,1.,0.));
#4298=DIRECTION('',(0.,0.,-1.));
#4299=DIRECTION('',(4.81335708254145E-13,-1.,0.));
#4300=DIRECTION('',(0.,0.,-1.));
#4301=DIRECTION('center_axis',(-4.83686894306006E-13,1.,0.));
#4302=DIRECTION('ref_axis',(1.,4.83686894306006E-13,2.52402265274158E-16));
#4303=DIRECTION('',(-1.,-4.83686894306006E-13,0.));
#4304=DIRECTION('',(1.,4.83686894306006E-13,0.));
#4305=DIRECTION('',(0.,0.,-1.));
#4306=DIRECTION('center_axis',(-1.,-4.81335708254145E-13,0.));
#4307=DIRECTION('ref_axis',(-4.81335708254145E-13,1.,-2.77555755584069E-17));
#4308=DIRECTION('',(4.81335708254145E-13,-1.,0.));
#4309=DIRECTION('',(-4.81335708254145E-13,1.,0.));
#4310=DIRECTION('',(0.,0.,-1.));
#4311=DIRECTION('center_axis',(4.8321665679224E-13,-1.,0.));
#4312=DIRECTION('ref_axis',(-1.,-4.8321665679224E-13,-2.52402265274158E-16));
#4313=DIRECTION('',(1.,4.8321665679224E-13,0.));
#4314=DIRECTION('',(-1.,-4.8321665679224E-13,0.));
#4315=DIRECTION('center_axis',(1.,4.84157131061288E-13,0.));
#4316=DIRECTION('ref_axis',(4.84157131061288E-13,-1.,2.77555755584076E-17));
#4317=DIRECTION('',(-4.84157131061288E-13,1.,0.));
#4318=DIRECTION('',(0.,0.,-1.));
#4319=DIRECTION('',(4.84157131061288E-13,-1.,0.));
#4320=DIRECTION('',(0.,0.,-1.));
#4321=DIRECTION('center_axis',(-4.83686894306006E-13,1.,0.));
#4322=DIRECTION('ref_axis',(1.,4.83686894306006E-13,2.52402265274158E-16));
#4323=DIRECTION('',(-1.,-4.83686894306006E-13,0.));
#4324=DIRECTION('',(1.,4.83686894306006E-13,0.));
#4325=DIRECTION('',(0.,0.,-1.));
#4326=DIRECTION('center_axis',(-1.,-4.84157131061288E-13,0.));
#4327=DIRECTION('ref_axis',(-4.84157131061288E-13,1.,-2.77555755584076E-17));
#4328=DIRECTION('',(4.84157131061288E-13,-1.,0.));
#4329=DIRECTION('',(-4.84157131061288E-13,1.,0.));
#4330=DIRECTION('',(0.,0.,-1.));
#4331=DIRECTION('center_axis',(4.8321665679224E-13,-1.,0.));
#4332=DIRECTION('ref_axis',(-1.,-4.8321665679224E-13,-2.52402265274158E-16));
#4333=DIRECTION('',(1.,4.8321665679224E-13,0.));
#4334=DIRECTION('',(-1.,-4.8321665679224E-13,0.));
#4335=DIRECTION('center_axis',(-4.83085820222794E-13,1.,0.));
#4336=DIRECTION('ref_axis',(1.,4.83085820222794E-13,2.52402265274158E-16));
#4337=DIRECTION('',(-1.,-4.83085820222794E-13,0.));
#4338=DIRECTION('',(0.,0.,-1.));
#4339=DIRECTION('',(1.,4.83085820222794E-13,0.));
#4340=DIRECTION('',(0.,0.,-1.));
#4341=DIRECTION('center_axis',(-1.,-4.82205647401467E-13,0.));
#4342=DIRECTION('ref_axis',(-4.82205647401467E-13,1.,-2.77555755584071E-17));
#4343=DIRECTION('',(4.82205647401467E-13,-1.,0.));
#4344=DIRECTION('',(-4.82205647401467E-13,1.,0.));
#4345=DIRECTION('',(0.,0.,-1.));
#4346=DIRECTION('center_axis',(-4.8321665679224E-13,1.,0.));
#4347=DIRECTION('ref_axis',(1.,4.8321665679224E-13,2.52402265274158E-16));
#4348=DIRECTION('',(-1.,-4.8321665679224E-13,0.));
#4349=DIRECTION('',(1.,4.8321665679224E-13,0.));
#4350=DIRECTION('',(0.,0.,-1.));
#4351=DIRECTION('center_axis',(-1.,-4.8321665679224E-13,0.));
#4352=DIRECTION('ref_axis',(-4.8321665679224E-13,1.,-2.77555755584073E-17));
#4353=DIRECTION('',(4.8321665679224E-13,-1.,0.));
#4354=DIRECTION('',(-4.8321665679224E-13,1.,0.));
#4355=DIRECTION('',(0.,0.,-1.));
#4356=DIRECTION('center_axis',(4.83183947651714E-13,-1.,0.));
#4357=DIRECTION('ref_axis',(-1.,-4.83183947651714E-13,-2.52402265274158E-16));
#4358=DIRECTION('',(1.,4.83183947651714E-13,0.));
#4359=DIRECTION('',(-1.,-4.83183947651714E-13,0.));
#4360=DIRECTION('',(0.,0.,-1.));
#4361=DIRECTION('center_axis',(1.,4.8321665679224E-13,0.));
#4362=DIRECTION('ref_axis',(4.8321665679224E-13,-1.,2.77555755584073E-17));
#4363=DIRECTION('',(-4.8321665679224E-13,1.,0.));
#4364=DIRECTION('',(4.8321665679224E-13,-1.,0.));
#4365=DIRECTION('',(0.,0.,-1.));
#4366=DIRECTION('center_axis',(-4.8268708023699E-13,1.,0.));
#4367=DIRECTION('ref_axis',(1.,4.8268708023699E-13,2.52402265274158E-16));
#4368=DIRECTION('',(-1.,-4.8268708023699E-13,0.));
#4369=DIRECTION('',(1.,4.8268708023699E-13,0.));
#4370=DIRECTION('',(0.,0.,-1.));
#4371=DIRECTION('center_axis',(-1.,-4.8321665679224E-13,0.));
#4372=DIRECTION('ref_axis',(-4.8321665679224E-13,1.,-2.77555755584073E-17));
#4373=DIRECTION('',(4.8321665679224E-13,-1.,0.));
#4374=DIRECTION('',(-4.8321665679224E-13,1.,0.));
#4375=DIRECTION('',(0.,0.,-1.));
#4376=DIRECTION('center_axis',(-4.83733917567212E-13,1.,0.));
#4377=DIRECTION('ref_axis',(1.,4.83733917567212E-13,2.52402265274158E-16));
#4378=DIRECTION('',(-1.,-4.83733917567212E-13,0.));
#4379=DIRECTION('',(1.,4.83733917567212E-13,0.));
#4380=DIRECTION('',(0.,0.,-1.));
#4381=DIRECTION('center_axis',(1.,4.8321665679224E-13,0.));
#4382=DIRECTION('ref_axis',(4.8321665679224E-13,-1.,2.77555755584073E-17));
#4383=DIRECTION('',(-4.8321665679224E-13,1.,0.));
#4384=DIRECTION('',(4.8321665679224E-13,-1.,0.));
#4385=DIRECTION('center_axis',(1.,4.84157131061288E-13,0.));
#4386=DIRECTION('ref_axis',(4.84157131061288E-13,-1.,2.77555755584076E-17));
#4387=DIRECTION('',(-4.84157131061288E-13,1.,0.));
#4388=DIRECTION('',(0.,0.,-1.));
#4389=DIRECTION('',(4.84157131061288E-13,-1.,0.));
#4390=DIRECTION('',(0.,0.,-1.));
#4391=DIRECTION('center_axis',(-4.83686894306006E-13,1.,0.));
#4392=DIRECTION('ref_axis',(1.,4.83686894306006E-13,2.52402265274158E-16));
#4393=DIRECTION('',(-1.,-4.83686894306006E-13,0.));
#4394=DIRECTION('',(1.,4.83686894306006E-13,0.));
#4395=DIRECTION('',(0.,0.,-1.));
#4396=DIRECTION('center_axis',(-1.,-4.84157131061288E-13,0.));
#4397=DIRECTION('ref_axis',(-4.84157131061288E-13,1.,-2.77555755584076E-17));
#4398=DIRECTION('',(4.84157131061288E-13,-1.,0.));
#4399=DIRECTION('',(-4.84157131061288E-13,1.,0.));
#4400=DIRECTION('',(0.,0.,-1.));
#4401=DIRECTION('center_axis',(4.8321665679224E-13,-1.,0.));
#4402=DIRECTION('ref_axis',(-1.,-4.8321665679224E-13,-2.52402265274158E-16));
#4403=DIRECTION('',(1.,4.8321665679224E-13,0.));
#4404=DIRECTION('',(-1.,-4.8321665679224E-13,0.));
#4405=DIRECTION('center_axis',(1.,4.8321665679224E-13,0.));
#4406=DIRECTION('ref_axis',(4.8321665679224E-13,-1.,2.77555755584073E-17));
#4407=DIRECTION('',(-4.8321665679224E-13,1.,0.));
#4408=DIRECTION('',(0.,0.,-1.));
#4409=DIRECTION('',(4.8321665679224E-13,-1.,0.));
#4410=DIRECTION('',(0.,0.,-1.));
#4411=DIRECTION('center_axis',(-4.83686894306006E-13,1.,0.));
#4412=DIRECTION('ref_axis',(1.,4.83686894306006E-13,2.52402265274158E-16));
#4413=DIRECTION('',(-1.,-4.83686894306006E-13,0.));
#4414=DIRECTION('',(1.,4.83686894306006E-13,0.));
#4415=DIRECTION('',(0.,0.,-1.));
#4416=DIRECTION('center_axis',(-1.,-4.8321665679224E-13,0.));
#4417=DIRECTION('ref_axis',(-4.8321665679224E-13,1.,-2.77555755584073E-17));
#4418=DIRECTION('',(4.8321665679224E-13,-1.,0.));
#4419=DIRECTION('',(-4.8321665679224E-13,1.,0.));
#4420=DIRECTION('',(0.,0.,-1.));
#4421=DIRECTION('center_axis',(4.8321665679224E-13,-1.,0.));
#4422=DIRECTION('ref_axis',(-1.,-4.8321665679224E-13,-2.52402265274158E-16));
#4423=DIRECTION('',(1.,4.8321665679224E-13,0.));
#4424=DIRECTION('',(-1.,-4.8321665679224E-13,0.));
#4425=DIRECTION('center_axis',(1.,4.83099097508609E-13,4.44089209850063E-16));
#4426=DIRECTION('ref_axis',(4.83099097508609E-13,-1.,2.77555755584073E-17));
#4427=DIRECTION('',(-4.83099097508609E-13,1.,0.));
#4428=DIRECTION('',(4.44089209850063E-16,0.,-1.));
#4429=DIRECTION('',(4.83099097508609E-13,-1.,0.));
#4430=DIRECTION('',(4.44089209850063E-16,0.,-1.));
#4431=DIRECTION('center_axis',(-4.83686893926764E-13,1.,-2.14800130538768E-28));
#4432=DIRECTION('ref_axis',(1.,4.83686893926764E-13,2.52402265274158E-16));
#4433=DIRECTION('',(-1.,-4.83686893926764E-13,0.));
#4434=DIRECTION('',(1.,4.83686893926764E-13,0.));
#4435=DIRECTION('',(4.44089209850063E-16,0.,-1.));
#4436=DIRECTION('center_axis',(-1.,-4.83099097508609E-13,-4.44089209850063E-16));
#4437=DIRECTION('ref_axis',(-4.83099097508609E-13,1.,-2.77555755584073E-17));
#4438=DIRECTION('',(4.83099097508609E-13,-1.,0.));
#4439=DIRECTION('',(-4.83099097508609E-13,1.,0.));
#4440=DIRECTION('',(4.44089209850063E-16,0.,-1.));
#4441=DIRECTION('center_axis',(4.8321665679224E-13,-1.,2.14591303301255E-28));
#4442=DIRECTION('ref_axis',(-1.,-4.8321665679224E-13,-2.52402265274158E-16));
#4443=DIRECTION('',(1.,4.8321665679224E-13,0.));
#4444=DIRECTION('',(-1.,-4.8321665679224E-13,0.));
#4445=DIRECTION('center_axis',(1.,4.8321665679224E-13,0.));
#4446=DIRECTION('ref_axis',(4.8321665679224E-13,-1.,2.77555755584073E-17));
#4447=DIRECTION('',(-4.8321665679224E-13,1.,0.));
#4448=DIRECTION('',(0.,0.,-1.));
#4449=DIRECTION('',(4.8321665679224E-13,-1.,0.));
#4450=DIRECTION('',(0.,0.,-1.));
#4451=DIRECTION('center_axis',(-4.83686893737143E-13,1.,0.));
#4452=DIRECTION('ref_axis',(1.,4.83686893737143E-13,2.52402265274158E-16));
#4453=DIRECTION('',(-1.,-4.83686893737143E-13,0.));
#4454=DIRECTION('',(1.,4.83686893737143E-13,0.));
#4455=DIRECTION('',(0.,0.,-1.));
#4456=DIRECTION('center_axis',(-1.,-4.8321665679224E-13,0.));
#4457=DIRECTION('ref_axis',(-4.8321665679224E-13,1.,-2.77555755584073E-17));
#4458=DIRECTION('',(4.8321665679224E-13,-1.,0.));
#4459=DIRECTION('',(-4.8321665679224E-13,1.,0.));
#4460=DIRECTION('',(0.,0.,-1.));
#4461=DIRECTION('center_axis',(4.8321665679224E-13,-1.,0.));
#4462=DIRECTION('ref_axis',(-1.,-4.8321665679224E-13,-2.52402265274158E-16));
#4463=DIRECTION('',(1.,4.8321665679224E-13,0.));
#4464=DIRECTION('',(-1.,-4.8321665679224E-13,0.));
#4465=DIRECTION('center_axis',(0.,-2.77555756156289E-17,-1.));
#4466=DIRECTION('ref_axis',(1.,4.8321665679224E-13,-1.33945257631639E-29));
#4467=DIRECTION('center_axis',(0.,0.,-1.));
#4468=DIRECTION('ref_axis',(1.,4.8321665679224E-13,-1.33945257631639E-29));
#4469=DIRECTION('',(0.,-2.77555756156289E-17,-1.));
#4470=DIRECTION('center_axis',(0.,0.,1.));
#4471=DIRECTION('ref_axis',(1.,4.8321665679224E-13,-1.33945257631639E-29));
#4472=DIRECTION('center_axis',(0.,0.,-1.));
#4473=DIRECTION('ref_axis',(1.,4.8321665679224E-13,0.));
#4474=DIRECTION('center_axis',(0.,0.,-1.));
#4475=DIRECTION('ref_axis',(1.,4.8321665679224E-13,0.));
#4476=DIRECTION('',(0.,0.,-1.));
#4477=DIRECTION('center_axis',(0.,0.,1.));
#4478=DIRECTION('ref_axis',(1.,4.8321665679224E-13,0.));
#4479=DIRECTION('center_axis',(0.,0.,-1.));
#4480=DIRECTION('ref_axis',(1.,4.8321665679224E-13,0.));
#4481=DIRECTION('center_axis',(0.,0.,-1.));
#4482=DIRECTION('ref_axis',(1.,4.8321665679224E-13,0.));
#4483=DIRECTION('',(0.,0.,-1.));
#4484=DIRECTION('center_axis',(0.,0.,1.));
#4485=DIRECTION('ref_axis',(1.,4.8321665679224E-13,0.));
#4486=DIRECTION('center_axis',(0.,0.,-1.));
#4487=DIRECTION('ref_axis',(-1.,-4.8321665679224E-13,0.));
#4488=DIRECTION('center_axis',(0.,0.,-1.));
#4489=DIRECTION('ref_axis',(-1.,-4.8321665679224E-13,0.));
#4490=DIRECTION('',(0.,0.,-1.));
#4491=DIRECTION('center_axis',(0.,0.,1.));
#4492=DIRECTION('ref_axis',(-1.,-4.8321665679224E-13,0.));
#4493=DIRECTION('center_axis',(2.22044604925031E-16,0.,-1.));
#4494=DIRECTION('ref_axis',(1.,4.8321665679224E-13,2.22044604925031E-16));
#4495=DIRECTION('center_axis',(0.,0.,-1.));
#4496=DIRECTION('ref_axis',(1.,4.8321665679224E-13,2.22044604925031E-16));
#4497=DIRECTION('',(2.22044604925031E-16,0.,-1.));
#4498=DIRECTION('center_axis',(0.,0.,1.));
#4499=DIRECTION('ref_axis',(1.,4.8321665679224E-13,2.22044604925031E-16));
#4500=DIRECTION('center_axis',(4.44089209850063E-16,0.,-1.));
#4501=DIRECTION('ref_axis',(1.,4.8321665679224E-13,4.44089209850063E-16));
#4502=DIRECTION('center_axis',(0.,0.,-1.));
#4503=DIRECTION('ref_axis',(1.,4.8321665679224E-13,4.44089209850063E-16));
#4504=DIRECTION('',(4.44089209850063E-16,0.,-1.));
#4505=DIRECTION('center_axis',(0.,0.,1.));
#4506=DIRECTION('ref_axis',(1.,4.8321665679224E-13,4.44089209850063E-16));
#4507=DIRECTION('center_axis',(0.,0.,-1.));
#4508=DIRECTION('ref_axis',(1.,4.8321665679224E-13,0.));
#4509=DIRECTION('center_axis',(0.,0.,-1.));
#4510=DIRECTION('ref_axis',(1.,4.8321665679224E-13,0.));
#4511=DIRECTION('',(0.,0.,-1.));
#4512=DIRECTION('center_axis',(0.,0.,1.));
#4513=DIRECTION('ref_axis',(1.,4.8321665679224E-13,0.));
#4514=DIRECTION('center_axis',(0.,0.,-1.));
#4515=DIRECTION('ref_axis',(1.,4.8321665679224E-13,0.));
#4516=DIRECTION('center_axis',(0.,0.,-1.));
#4517=DIRECTION('ref_axis',(1.,4.8321665679224E-13,0.));
#4518=DIRECTION('',(0.,0.,-1.));
#4519=DIRECTION('center_axis',(0.,0.,1.));
#4520=DIRECTION('ref_axis',(1.,4.8321665679224E-13,0.));
#4521=DIRECTION('center_axis',(0.,0.,-1.));
#4522=DIRECTION('ref_axis',(1.,4.8321665679224E-13,0.));
#4523=DIRECTION('center_axis',(0.,0.,-1.));
#4524=DIRECTION('ref_axis',(1.,4.8321665679224E-13,0.));
#4525=DIRECTION('',(0.,0.,-1.));
#4526=DIRECTION('center_axis',(0.,0.,1.));
#4527=DIRECTION('ref_axis',(1.,4.8321665679224E-13,0.));
#4528=DIRECTION('center_axis',(0.,0.,-1.));
#4529=DIRECTION('ref_axis',(-1.,-4.8321665679224E-13,0.));
#4530=DIRECTION('center_axis',(0.,0.,-1.));
#4531=DIRECTION('ref_axis',(-1.,-4.8321665679224E-13,0.));
#4532=DIRECTION('',(0.,0.,-1.));
#4533=DIRECTION('center_axis',(0.,0.,1.));
#4534=DIRECTION('ref_axis',(-1.,-4.8321665679224E-13,0.));
#4535=DIRECTION('center_axis',(0.,0.,-1.));
#4536=DIRECTION('ref_axis',(1.,4.8321665679224E-13,0.));
#4537=DIRECTION('center_axis',(0.,0.,-1.));
#4538=DIRECTION('ref_axis',(1.,4.8321665679224E-13,0.));
#4539=DIRECTION('',(0.,0.,-1.));
#4540=DIRECTION('center_axis',(0.,0.,1.));
#4541=DIRECTION('ref_axis',(1.,4.8321665679224E-13,0.));
#4542=DIRECTION('center_axis',(0.,0.,-1.));
#4543=DIRECTION('ref_axis',(1.,4.8321665679224E-13,0.));
#4544=DIRECTION('center_axis',(0.,0.,-1.));
#4545=DIRECTION('ref_axis',(1.,4.8321665679224E-13,0.));
#4546=DIRECTION('',(0.,0.,-1.));
#4547=DIRECTION('center_axis',(0.,0.,1.));
#4548=DIRECTION('ref_axis',(1.,4.8321665679224E-13,0.));
#4549=DIRECTION('center_axis',(0.,0.,-1.));
#4550=DIRECTION('ref_axis',(1.,4.8321665679224E-13,0.));
#4551=DIRECTION('center_axis',(0.,0.,-1.));
#4552=DIRECTION('ref_axis',(1.,4.8321665679224E-13,0.));
#4553=DIRECTION('',(0.,0.,-1.));
#4554=DIRECTION('center_axis',(0.,0.,1.));
#4555=DIRECTION('ref_axis',(1.,4.8321665679224E-13,0.));
#4556=DIRECTION('center_axis',(0.,0.,-1.));
#4557=DIRECTION('ref_axis',(1.,4.8321665679224E-13,0.));
#4558=DIRECTION('center_axis',(0.,0.,-1.));
#4559=DIRECTION('ref_axis',(1.,4.8321665679224E-13,0.));
#4560=DIRECTION('',(0.,0.,-1.));
#4561=DIRECTION('center_axis',(0.,0.,1.));
#4562=DIRECTION('ref_axis',(1.,4.8321665679224E-13,0.));
#4563=DIRECTION('center_axis',(2.77555756156289E-16,0.,-1.));
#4564=DIRECTION('ref_axis',(1.,4.8321665679224E-13,2.77555756156289E-16));
#4565=DIRECTION('center_axis',(0.,0.,-1.));
#4566=DIRECTION('ref_axis',(1.,4.8321665679224E-13,2.77555756156289E-16));
#4567=DIRECTION('',(2.77555756156289E-16,0.,-1.));
#4568=DIRECTION('center_axis',(0.,0.,1.));
#4569=DIRECTION('ref_axis',(1.,4.8321665679224E-13,2.77555756156289E-16));
#4570=DIRECTION('center_axis',(4.44089209850063E-16,0.,-1.));
#4571=DIRECTION('ref_axis',(1.,4.8321665679224E-13,4.44089209850063E-16));
#4572=DIRECTION('center_axis',(0.,0.,-1.));
#4573=DIRECTION('ref_axis',(1.,4.8321665679224E-13,4.44089209850063E-16));
#4574=DIRECTION('',(4.44089209850063E-16,0.,-1.));
#4575=DIRECTION('center_axis',(0.,0.,1.));
#4576=DIRECTION('ref_axis',(1.,4.8321665679224E-13,4.44089209850063E-16));
#4577=DIRECTION('center_axis',(0.,0.,-1.));
#4578=DIRECTION('ref_axis',(1.,4.8321665679224E-13,0.));
#4579=DIRECTION('center_axis',(0.,0.,-1.));
#4580=DIRECTION('ref_axis',(1.,4.8321665679224E-13,0.));
#4581=DIRECTION('',(0.,0.,-1.));
#4582=DIRECTION('center_axis',(0.,0.,1.));
#4583=DIRECTION('ref_axis',(1.,4.8321665679224E-13,0.));
#4584=DIRECTION('center_axis',(0.,0.,-1.));
#4585=DIRECTION('ref_axis',(1.,4.8321665679224E-13,0.));
#4586=DIRECTION('center_axis',(0.,0.,-1.));
#4587=DIRECTION('ref_axis',(1.,4.8321665679224E-13,0.));
#4588=DIRECTION('',(0.,0.,-1.));
#4589=DIRECTION('center_axis',(0.,0.,1.));
#4590=DIRECTION('ref_axis',(1.,4.8321665679224E-13,0.));
#4591=DIRECTION('center_axis',(0.,0.,-1.));
#4592=DIRECTION('ref_axis',(1.,4.8321665679224E-13,0.));
#4593=DIRECTION('center_axis',(0.,0.,-1.));
#4594=DIRECTION('ref_axis',(1.,4.8321665679224E-13,0.));
#4595=DIRECTION('',(0.,0.,-1.));
#4596=DIRECTION('center_axis',(0.,0.,1.));
#4597=DIRECTION('ref_axis',(1.,4.8321665679224E-13,0.));
#4598=DIRECTION('center_axis',(0.,0.,-1.));
#4599=DIRECTION('ref_axis',(1.,4.8321665679224E-13,0.));
#4600=DIRECTION('center_axis',(0.,0.,-1.));
#4601=DIRECTION('ref_axis',(1.,4.8321665679224E-13,0.));
#4602=DIRECTION('',(0.,0.,-1.));
#4603=DIRECTION('center_axis',(0.,0.,1.));
#4604=DIRECTION('ref_axis',(1.,4.8321665679224E-13,0.));
#4605=DIRECTION('center_axis',(1.,4.8321665679224E-13,0.));
#4606=DIRECTION('ref_axis',(4.8321665679224E-13,-1.,2.77555755584073E-17));
#4607=DIRECTION('',(-4.8321665679224E-13,1.,0.));
#4608=DIRECTION('',(0.,0.,-1.));
#4609=DIRECTION('',(4.8321665679224E-13,-1.,0.));
#4610=DIRECTION('',(0.,0.,-1.));
#4611=DIRECTION('center_axis',(-4.83686893926764E-13,1.,0.));
#4612=DIRECTION('ref_axis',(1.,4.83686893926764E-13,2.52402265274158E-16));
#4613=DIRECTION('',(-1.,-4.83686893926764E-13,0.));
#4614=DIRECTION('',(1.,4.83686893926764E-13,0.));
#4615=DIRECTION('',(0.,0.,-1.));
#4616=DIRECTION('center_axis',(-1.,-4.83099097508609E-13,0.));
#4617=DIRECTION('ref_axis',(-4.83099097508609E-13,1.,-2.77555755584073E-17));
#4618=DIRECTION('',(4.83099097508609E-13,-1.,0.));
#4619=DIRECTION('',(-4.83099097508609E-13,1.,0.));
#4620=DIRECTION('',(0.,0.,-1.));
#4621=DIRECTION('center_axis',(4.8321665679224E-13,-1.,0.));
#4622=DIRECTION('ref_axis',(-1.,-4.8321665679224E-13,-2.52402265274158E-16));
#4623=DIRECTION('',(1.,4.8321665679224E-13,0.));
#4624=DIRECTION('',(-1.,-4.8321665679224E-13,0.));
#4625=DIRECTION('center_axis',(1.,4.84157131061288E-13,2.22044604925031E-16));
#4626=DIRECTION('ref_axis',(4.84157131061288E-13,-1.,2.77555755584076E-17));
#4627=DIRECTION('',(-4.84157131061288E-13,1.,0.));
#4628=DIRECTION('',(2.22044604925031E-16,0.,-1.));
#4629=DIRECTION('',(4.84157131061288E-13,-1.,0.));
#4630=DIRECTION('',(2.22044604925031E-16,0.,-1.));
#4631=DIRECTION('center_axis',(-4.83686893547523E-13,1.,-1.07400065185175E-28));
#4632=DIRECTION('ref_axis',(1.,4.83686893547523E-13,2.52402265274158E-16));
#4633=DIRECTION('',(-1.,-4.83686893547523E-13,0.));
#4634=DIRECTION('',(1.,4.83686893547523E-13,0.));
#4635=DIRECTION('',(2.22044604925031E-16,0.,-1.));
#4636=DIRECTION('center_axis',(-1.,-4.84157131061288E-13,-2.22044604925031E-16));
#4637=DIRECTION('ref_axis',(-4.84157131061288E-13,1.,-2.77555755584076E-17));
#4638=DIRECTION('',(4.84157131061288E-13,-1.,0.));
#4639=DIRECTION('',(-4.84157131061288E-13,1.,0.));
#4640=DIRECTION('',(2.22044604925031E-16,0.,-1.));
#4641=DIRECTION('center_axis',(4.8321665679224E-13,-1.,1.07295651650627E-28));
#4642=DIRECTION('ref_axis',(-1.,-4.8321665679224E-13,-2.52402265274158E-16));
#4643=DIRECTION('',(1.,4.8321665679224E-13,0.));
#4644=DIRECTION('',(-1.,-4.8321665679224E-13,0.));
#4645=DIRECTION('center_axis',(1.,4.82276182523193E-13,0.));
#4646=DIRECTION('ref_axis',(4.82276182523193E-13,-1.,2.77555755584071E-17));
#4647=DIRECTION('',(-4.82276182523193E-13,1.,0.));
#4648=DIRECTION('',(0.,0.,-1.));
#4649=DIRECTION('',(4.82276182523193E-13,-1.,0.));
#4650=DIRECTION('',(0.,0.,-1.));
#4651=DIRECTION('center_axis',(-4.83686893547523E-13,1.,0.));
#4652=DIRECTION('ref_axis',(1.,4.83686893547523E-13,2.52402265274158E-16));
#4653=DIRECTION('',(-1.,-4.83686893547523E-13,0.));
#4654=DIRECTION('',(1.,4.83686893547523E-13,0.));
#4655=DIRECTION('',(0.,0.,-1.));
#4656=DIRECTION('center_axis',(-1.,-4.82276182523193E-13,0.));
#4657=DIRECTION('ref_axis',(-4.82276182523193E-13,1.,-2.77555755584071E-17));
#4658=DIRECTION('',(4.82276182523193E-13,-1.,0.));
#4659=DIRECTION('',(-4.82276182523193E-13,1.,0.));
#4660=DIRECTION('',(0.,0.,-1.));
#4661=DIRECTION('center_axis',(4.8321665679224E-13,-1.,0.));
#4662=DIRECTION('ref_axis',(-1.,-4.8321665679224E-13,-2.52402265274158E-16));
#4663=DIRECTION('',(1.,4.8321665679224E-13,0.));
#4664=DIRECTION('',(-1.,-4.8321665679224E-13,0.));
#4665=DIRECTION('center_axis',(1.,4.82276182523193E-13,0.));
#4666=DIRECTION('ref_axis',(4.82276182523193E-13,-1.,2.77555755584071E-17));
#4667=DIRECTION('',(-4.82276182523193E-13,1.,0.));
#4668=DIRECTION('',(0.,0.,-1.));
#4669=DIRECTION('',(4.82276182523193E-13,-1.,0.));
#4670=DIRECTION('',(0.,0.,-1.));
#4671=DIRECTION('center_axis',(-4.83686893547523E-13,1.,0.));
#4672=DIRECTION('ref_axis',(1.,4.83686893547523E-13,2.52402265274158E-16));
#4673=DIRECTION('',(-1.,-4.83686893547523E-13,0.));
#4674=DIRECTION('',(1.,4.83686893547523E-13,0.));
#4675=DIRECTION('',(0.,0.,-1.));
#4676=DIRECTION('center_axis',(-1.,-4.82276182523193E-13,0.));
#4677=DIRECTION('ref_axis',(-4.82276182523193E-13,1.,-2.77555755584071E-17));
#4678=DIRECTION('',(4.82276182523193E-13,-1.,0.));
#4679=DIRECTION('',(-4.82276182523193E-13,1.,0.));
#4680=DIRECTION('',(0.,0.,-1.));
#4681=DIRECTION('center_axis',(4.8321665679224E-13,-1.,0.));
#4682=DIRECTION('ref_axis',(-1.,-4.8321665679224E-13,-2.52402265274158E-16));
#4683=DIRECTION('',(1.,4.8321665679224E-13,0.));
#4684=DIRECTION('',(-1.,-4.8321665679224E-13,0.));
#4685=DIRECTION('center_axis',(1.,4.8321665679224E-13,4.44089209850063E-16));
#4686=DIRECTION('ref_axis',(4.8321665679224E-13,-1.,2.77555755584073E-17));
#4687=DIRECTION('',(-4.8321665679224E-13,1.,0.));
#4688=DIRECTION('',(4.44089209850063E-16,0.,-1.));
#4689=DIRECTION('',(4.8321665679224E-13,-1.,0.));
#4690=DIRECTION('',(4.44089209850063E-16,0.,-1.));
#4691=DIRECTION('center_axis',(-4.83686893547523E-13,1.,-2.14800130370351E-28));
#4692=DIRECTION('ref_axis',(1.,4.83686893547523E-13,2.52402265274158E-16));
#4693=DIRECTION('',(-1.,-4.83686893547523E-13,0.));
#4694=DIRECTION('',(1.,4.83686893547523E-13,0.));
#4695=DIRECTION('',(4.44089209850063E-16,0.,-1.));
#4696=DIRECTION('center_axis',(-1.,-4.8321665679224E-13,-4.44089209850063E-16));
#4697=DIRECTION('ref_axis',(-4.8321665679224E-13,1.,-2.77555755584073E-17));
#4698=DIRECTION('',(4.8321665679224E-13,-1.,0.));
#4699=DIRECTION('',(-4.8321665679224E-13,1.,0.));
#4700=DIRECTION('',(4.44089209850063E-16,0.,-1.));
#4701=DIRECTION('center_axis',(4.8321665679224E-13,-1.,2.14591303301255E-28));
#4702=DIRECTION('ref_axis',(-1.,-4.8321665679224E-13,-2.52402265274158E-16));
#4703=DIRECTION('',(1.,4.8321665679224E-13,0.));
#4704=DIRECTION('',(-1.,-4.8321665679224E-13,0.));
#4705=DIRECTION('center_axis',(1.,4.82276182523193E-13,0.));
#4706=DIRECTION('ref_axis',(4.82276182523193E-13,-1.,2.77555755584071E-17));
#4707=DIRECTION('',(-4.82276182523193E-13,1.,0.));
#4708=DIRECTION('',(0.,0.,-1.));
#4709=DIRECTION('',(4.82276182523193E-13,-1.,0.));
#4710=DIRECTION('',(0.,0.,-1.));
#4711=DIRECTION('center_axis',(-4.83686893547523E-13,1.,0.));
#4712=DIRECTION('ref_axis',(1.,4.83686893547523E-13,2.52402265274158E-16));
#4713=DIRECTION('',(-1.,-4.83686893547523E-13,0.));
#4714=DIRECTION('',(1.,4.83686893547523E-13,0.));
#4715=DIRECTION('',(0.,0.,-1.));
#4716=DIRECTION('center_axis',(-1.,-4.82276182523193E-13,0.));
#4717=DIRECTION('ref_axis',(-4.82276182523193E-13,1.,-2.77555755584071E-17));
#4718=DIRECTION('',(4.82276182523193E-13,-1.,0.));
#4719=DIRECTION('',(-4.82276182523193E-13,1.,0.));
#4720=DIRECTION('',(0.,0.,-1.));
#4721=DIRECTION('center_axis',(4.8321665679224E-13,-1.,0.));
#4722=DIRECTION('ref_axis',(-1.,-4.8321665679224E-13,-2.52402265274158E-16));
#4723=DIRECTION('',(1.,4.8321665679224E-13,0.));
#4724=DIRECTION('',(-1.,-4.8321665679224E-13,0.));
#4725=DIRECTION('center_axis',(1.,4.8321665679224E-13,0.));
#4726=DIRECTION('ref_axis',(4.8321665679224E-13,-1.,2.77555755584073E-17));
#4727=DIRECTION('',(-4.8321665679224E-13,1.,0.));
#4728=DIRECTION('',(0.,0.,-1.));
#4729=DIRECTION('',(4.8321665679224E-13,-1.,0.));
#4730=DIRECTION('',(0.,0.,-1.));
#4731=DIRECTION('center_axis',(-4.83686894306006E-13,1.,0.));
#4732=DIRECTION('ref_axis',(1.,4.83686894306006E-13,2.52402265274158E-16));
#4733=DIRECTION('',(-1.,-4.83686894306006E-13,0.));
#4734=DIRECTION('',(1.,4.83686894306006E-13,0.));
#4735=DIRECTION('',(0.,0.,-1.));
#4736=DIRECTION('center_axis',(-1.,-4.8321665679224E-13,0.));
#4737=DIRECTION('ref_axis',(-4.8321665679224E-13,1.,-2.77555755584073E-17));
#4738=DIRECTION('',(4.8321665679224E-13,-1.,0.));
#4739=DIRECTION('',(-4.8321665679224E-13,1.,0.));
#4740=DIRECTION('',(0.,0.,-1.));
#4741=DIRECTION('center_axis',(4.8321665679224E-13,-1.,0.));
#4742=DIRECTION('ref_axis',(-1.,-4.8321665679224E-13,-2.52402265274158E-16));
#4743=DIRECTION('',(1.,4.8321665679224E-13,0.));
#4744=DIRECTION('',(-1.,-4.8321665679224E-13,0.));
#4745=DIRECTION('center_axis',(1.,4.84039571777657E-13,0.));
#4746=DIRECTION('ref_axis',(4.84039571777657E-13,-1.,2.77555755584075E-17));
#4747=DIRECTION('',(-4.84039571777657E-13,1.,0.));
#4748=DIRECTION('',(0.,0.,-1.));
#4749=DIRECTION('',(4.84039571777657E-13,-1.,0.));
#4750=DIRECTION('',(0.,0.,-1.));
#4751=DIRECTION('center_axis',(-4.83686893926764E-13,1.,0.));
#4752=DIRECTION('ref_axis',(1.,4.83686893926764E-13,2.52402265274158E-16));
#4753=DIRECTION('',(-1.,-4.83686893926764E-13,0.));
#4754=DIRECTION('',(1.,4.83686893926764E-13,0.));
#4755=DIRECTION('',(0.,0.,-1.));
#4756=DIRECTION('center_axis',(-1.,-4.84039571777657E-13,0.));
#4757=DIRECTION('ref_axis',(-4.84039571777657E-13,1.,-2.77555755584075E-17));
#4758=DIRECTION('',(4.84039571777657E-13,-1.,0.));
#4759=DIRECTION('',(-4.84039571777657E-13,1.,0.));
#4760=DIRECTION('',(0.,0.,-1.));
#4761=DIRECTION('center_axis',(4.8321665679224E-13,-1.,0.));
#4762=DIRECTION('ref_axis',(-1.,-4.8321665679224E-13,-2.52402265274158E-16));
#4763=DIRECTION('',(1.,4.8321665679224E-13,0.));
#4764=DIRECTION('',(-1.,-4.8321665679224E-13,0.));
#4765=DIRECTION('center_axis',(1.,4.84014583790316E-13,0.));
#4766=DIRECTION('ref_axis',(4.84014583790316E-13,-1.,2.77555755584075E-17));
#4767=DIRECTION('',(-4.84014583790316E-13,1.,0.));
#4768=DIRECTION('',(0.,0.,-1.));
#4769=DIRECTION('',(4.84014583790316E-13,-1.,0.));
#4770=DIRECTION('',(0.,0.,-1.));
#4771=DIRECTION('center_axis',(-4.8377271215E-13,1.,0.));
#4772=DIRECTION('ref_axis',(1.,4.8377271215E-13,2.52402265274158E-16));
#4773=DIRECTION('',(-1.,-4.8377271215E-13,0.));
#4774=DIRECTION('',(1.,4.8377271215E-13,0.));
#4775=DIRECTION('',(0.,0.,-1.));
#4776=DIRECTION('center_axis',(-1.,-4.84014583790316E-13,0.));
#4777=DIRECTION('ref_axis',(-4.84014583790316E-13,1.,-2.77555755584075E-17));
#4778=DIRECTION('',(4.84014583790316E-13,-1.,0.));
#4779=DIRECTION('',(-4.84014583790316E-13,1.,0.));
#4780=DIRECTION('',(0.,0.,-1.));
#4781=DIRECTION('center_axis',(4.8321665679224E-13,-1.,0.));
#4782=DIRECTION('ref_axis',(-1.,-4.8321665679224E-13,-2.52402265274158E-16));
#4783=DIRECTION('',(1.,4.8321665679224E-13,0.));
#4784=DIRECTION('',(-1.,-4.8321665679224E-13,0.));
#4785=DIRECTION('center_axis',(0.,-2.77555756156289E-17,-1.));
#4786=DIRECTION('ref_axis',(1.,4.8321665679224E-13,-1.3394525763164E-29));
#4787=DIRECTION('center_axis',(0.,0.,-1.));
#4788=DIRECTION('ref_axis',(1.,4.8321665679224E-13,-1.3394525763164E-29));
#4789=DIRECTION('',(0.,-2.77555756156289E-17,-1.));
#4790=DIRECTION('center_axis',(0.,0.,1.));
#4791=DIRECTION('ref_axis',(1.,4.8321665679224E-13,-1.3394525763164E-29));
#4792=DIRECTION('center_axis',(0.,0.,-1.));
#4793=DIRECTION('ref_axis',(1.,4.8321665679224E-13,0.));
#4794=DIRECTION('center_axis',(0.,0.,-1.));
#4795=DIRECTION('ref_axis',(1.,4.8321665679224E-13,0.));
#4796=DIRECTION('',(0.,0.,-1.));
#4797=DIRECTION('center_axis',(0.,0.,1.));
#4798=DIRECTION('ref_axis',(1.,4.8321665679224E-13,0.));
#4799=DIRECTION('center_axis',(0.,0.,-1.));
#4800=DIRECTION('ref_axis',(1.,4.8321665679224E-13,0.));
#4801=DIRECTION('center_axis',(0.,0.,-1.));
#4802=DIRECTION('ref_axis',(1.,4.8321665679224E-13,0.));
#4803=DIRECTION('',(0.,0.,-1.));
#4804=DIRECTION('center_axis',(0.,0.,1.));
#4805=DIRECTION('ref_axis',(1.,4.8321665679224E-13,0.));
#4806=DIRECTION('center_axis',(4.44089209850063E-16,0.,-1.));
#4807=DIRECTION('ref_axis',(1.,4.8321665679224E-13,4.44089209850063E-16));
#4808=DIRECTION('center_axis',(0.,0.,-1.));
#4809=DIRECTION('ref_axis',(1.,4.8321665679224E-13,4.44089209850063E-16));
#4810=DIRECTION('',(4.44089209850063E-16,0.,-1.));
#4811=DIRECTION('center_axis',(0.,0.,1.));
#4812=DIRECTION('ref_axis',(1.,4.8321665679224E-13,4.44089209850063E-16));
#4813=DIRECTION('center_axis',(2.77555756156289E-16,0.,-1.));
#4814=DIRECTION('ref_axis',(1.,4.8321665679224E-13,2.77555756156289E-16));
#4815=DIRECTION('center_axis',(0.,0.,-1.));
#4816=DIRECTION('ref_axis',(1.,4.8321665679224E-13,2.77555756156289E-16));
#4817=DIRECTION('',(2.77555756156289E-16,0.,-1.));
#4818=DIRECTION('center_axis',(0.,0.,1.));
#4819=DIRECTION('ref_axis',(1.,4.8321665679224E-13,2.77555756156289E-16));
#4820=DIRECTION('center_axis',(4.44089209850063E-16,0.,-1.));
#4821=DIRECTION('ref_axis',(1.,4.8321665679224E-13,4.44089209850063E-16));
#4822=DIRECTION('center_axis',(0.,0.,-1.));
#4823=DIRECTION('ref_axis',(1.,4.8321665679224E-13,4.44089209850063E-16));
#4824=DIRECTION('',(4.44089209850063E-16,0.,-1.));
#4825=DIRECTION('center_axis',(0.,0.,1.));
#4826=DIRECTION('ref_axis',(1.,4.8321665679224E-13,4.44089209850063E-16));
#4827=DIRECTION('center_axis',(0.,0.,-1.));
#4828=DIRECTION('ref_axis',(1.,4.8321665679224E-13,0.));
#4829=DIRECTION('center_axis',(0.,0.,-1.));
#4830=DIRECTION('ref_axis',(1.,4.8321665679224E-13,0.));
#4831=DIRECTION('',(0.,0.,-1.));
#4832=DIRECTION('center_axis',(0.,0.,1.));
#4833=DIRECTION('ref_axis',(1.,4.8321665679224E-13,0.));
#4834=DIRECTION('center_axis',(0.,0.,-1.));
#4835=DIRECTION('ref_axis',(1.,4.8321665679224E-13,0.));
#4836=DIRECTION('center_axis',(0.,0.,-1.));
#4837=DIRECTION('ref_axis',(1.,4.8321665679224E-13,0.));
#4838=DIRECTION('',(0.,0.,-1.));
#4839=DIRECTION('center_axis',(0.,0.,1.));
#4840=DIRECTION('ref_axis',(1.,4.8321665679224E-13,0.));
#4841=DIRECTION('center_axis',(0.,0.,-1.));
#4842=DIRECTION('ref_axis',(1.,4.8321665679224E-13,0.));
#4843=DIRECTION('center_axis',(0.,0.,-1.));
#4844=DIRECTION('ref_axis',(1.,4.8321665679224E-13,0.));
#4845=DIRECTION('',(0.,0.,-1.));
#4846=DIRECTION('center_axis',(0.,0.,1.));
#4847=DIRECTION('ref_axis',(1.,4.8321665679224E-13,0.));
#4848=DIRECTION('center_axis',(0.,0.,-1.));
#4849=DIRECTION('ref_axis',(-1.,-4.8321665679224E-13,0.));
#4850=DIRECTION('center_axis',(0.,0.,-1.));
#4851=DIRECTION('ref_axis',(-1.,-4.8321665679224E-13,0.));
#4852=DIRECTION('',(0.,0.,-1.));
#4853=DIRECTION('center_axis',(0.,0.,1.));
#4854=DIRECTION('ref_axis',(-1.,-4.8321665679224E-13,0.));
#4855=DIRECTION('center_axis',(0.,0.,1.));
#4856=DIRECTION('ref_axis',(1.,7.22223679759973E-33,0.));
#4857=DIRECTION('',(1.,7.22223679759973E-33,0.));
#4858=DIRECTION('center_axis',(0.,0.,-1.));
#4859=DIRECTION('ref_axis',(7.22223679759973E-33,-1.,0.));
#4860=DIRECTION('',(-7.22223679759973E-33,1.,0.));
#4861=DIRECTION('center_axis',(0.,0.,-1.));
#4862=DIRECTION('ref_axis',(1.,7.22223679759974E-33,0.));
#4863=DIRECTION('',(-1.,-7.22223679759973E-33,0.));
#4864=DIRECTION('center_axis',(0.,0.,-1.));
#4865=DIRECTION('ref_axis',(-7.22223679759973E-33,1.,0.));
#4866=DIRECTION('',(7.22223679759973E-33,-1.,0.));
#4867=DIRECTION('center_axis',(0.,0.,-1.));
#4868=DIRECTION('ref_axis',(-1.,-7.22223679759973E-33,0.));
#4869=DIRECTION('center_axis',(0.,0.,-1.));
#4870=DIRECTION('ref_axis',(1.,7.22223679759973E-33,0.));
#4871=DIRECTION('center_axis',(0.,0.,-1.));
#4872=DIRECTION('ref_axis',(1.,7.22223679759973E-33,0.));
#4873=DIRECTION('center_axis',(0.,0.,-1.));
#4874=DIRECTION('ref_axis',(1.,7.22223679759973E-33,0.));
#4875=DIRECTION('center_axis',(0.,0.,-1.));
#4876=DIRECTION('ref_axis',(1.,7.22223679759973E-33,0.));
#4877=DIRECTION('center_axis',(5.069181E-33,2.394628E-32,1.));
#4878=DIRECTION('ref_axis',(1.,7.22223679759973E-33,-5.069181E-33));
#4879=DIRECTION('center_axis',(5.069181E-33,2.394628E-32,1.));
#4880=DIRECTION('ref_axis',(1.,7.22223679759973E-33,-5.069181E-33));
#4881=DIRECTION('center_axis',(5.069181E-33,2.394628E-32,1.));
#4882=DIRECTION('ref_axis',(1.,7.22223679759973E-33,-5.069181E-33));
#4883=DIRECTION('center_axis',(5.069181E-33,2.394628E-32,1.));
#4884=DIRECTION('ref_axis',(1.,7.22223679759973E-33,-5.069181E-33));
#4885=DIRECTION('center_axis',(-7.22223679759973E-33,1.,0.));
#4886=DIRECTION('ref_axis',(0.,0.,1.));
#4887=DIRECTION('',(0.,0.,1.));
#4888=DIRECTION('',(-1.,-7.22223679759974E-33,0.));
#4889=DIRECTION('',(0.,0.,1.));
#4890=DIRECTION('center_axis',(0.,0.,-1.));
#4891=DIRECTION('ref_axis',(1.,7.22223679759974E-33,0.));
#4892=DIRECTION('',(0.,0.,-1.));
#4893=DIRECTION('center_axis',(0.,0.,-1.));
#4894=DIRECTION('ref_axis',(1.,7.22223679759974E-33,0.));
#4895=DIRECTION('center_axis',(1.,7.22223679759973E-33,0.));
#4896=DIRECTION('ref_axis',(0.,0.,-1.));
#4897=DIRECTION('',(0.,0.,1.));
#4898=DIRECTION('',(-7.22223679759973E-33,1.,0.));
#4899=DIRECTION('center_axis',(0.,0.,-1.));
#4900=DIRECTION('ref_axis',(7.22223679759973E-33,-1.,0.));
#4901=DIRECTION('',(0.,0.,1.));
#4902=DIRECTION('center_axis',(0.,0.,-1.));
#4903=DIRECTION('ref_axis',(7.22223679759973E-33,-1.,0.));
#4904=DIRECTION('center_axis',(-7.22223679759973E-33,1.,0.));
#4905=DIRECTION('ref_axis',(0.,0.,1.));
#4906=DIRECTION('',(1.,7.22223679759973E-33,0.));
#4907=DIRECTION('',(0.,0.,1.));
#4908=DIRECTION('',(-1.,-7.22223679759973E-33,0.));
#4909=DIRECTION('',(0.,0.,-1.));
#4910=DIRECTION('center_axis',(0.,0.,-1.));
#4911=DIRECTION('ref_axis',(0.707106781186533,0.707106781186562,0.));
#4912=DIRECTION('center_axis',(0.,0.,-1.));
#4913=DIRECTION('ref_axis',(0.707106781186533,0.707106781186562,0.));
#4914=DIRECTION('',(0.,0.,-1.));
#4915=DIRECTION('center_axis',(0.,0.,1.));
#4916=DIRECTION('ref_axis',(0.707106781186533,0.707106781186562,0.));
#4917=DIRECTION('center_axis',(0.,0.,-1.));
#4918=DIRECTION('ref_axis',(0.707106781186544,-0.707106781186551,0.));
#4919=DIRECTION('center_axis',(0.,0.,-1.));
#4920=DIRECTION('ref_axis',(0.707106781186544,-0.707106781186551,0.));
#4921=DIRECTION('',(0.,0.,-1.));
#4922=DIRECTION('center_axis',(0.,0.,1.));
#4923=DIRECTION('ref_axis',(0.707106781186544,-0.707106781186551,0.));
#4924=DIRECTION('',(0.,0.,-1.));
#4925=DIRECTION('center_axis',(0.,0.,-1.));
#4926=DIRECTION('ref_axis',(-7.22223679759973E-33,1.,0.));
#4927=DIRECTION('center_axis',(0.,0.,-1.));
#4928=DIRECTION('ref_axis',(-7.22223679759973E-33,1.,0.));
#4929=DIRECTION('',(0.,0.,1.));
#4930=DIRECTION('center_axis',(0.,0.,-1.));
#4931=DIRECTION('ref_axis',(-0.707106781186552,0.707106781186543,0.));
#4932=DIRECTION('center_axis',(0.,0.,-1.));
#4933=DIRECTION('ref_axis',(-0.707106781186552,0.707106781186543,0.));
#4934=DIRECTION('center_axis',(0.,0.,1.));
#4935=DIRECTION('ref_axis',(-0.707106781186552,0.707106781186543,0.));
#4936=DIRECTION('',(0.,0.,-1.));
#4937=DIRECTION('center_axis',(0.,0.,-1.));
#4938=DIRECTION('ref_axis',(-0.707106781186544,-0.707106781186551,0.));
#4939=DIRECTION('center_axis',(0.,0.,-1.));
#4940=DIRECTION('ref_axis',(-0.707106781186544,-0.707106781186551,0.));
#4941=DIRECTION('',(0.,0.,-1.));
#4942=DIRECTION('center_axis',(0.,0.,1.));
#4943=DIRECTION('ref_axis',(-0.707106781186544,-0.707106781186551,0.));
#4944=DIRECTION('',(0.,0.,1.));
#4945=DIRECTION('center_axis',(7.22223679759973E-33,-1.,0.));
#4946=DIRECTION('ref_axis',(0.,0.,-1.));
#4947=DIRECTION('',(-1.,-7.22223679759973E-33,0.));
#4948=DIRECTION('',(1.,7.22223679759973E-33,0.));
#4949=DIRECTION('center_axis',(-7.22223679759973E-33,1.,0.));
#4950=DIRECTION('ref_axis',(0.,0.,1.));
#4951=DIRECTION('',(1.,7.22223679759973E-33,0.));
#4952=DIRECTION('',(-1.,-7.22223679759973E-33,0.));
#4953=DIRECTION('center_axis',(0.,0.,1.));
#4954=DIRECTION('ref_axis',(1.,7.22223679759973E-33,0.));
#4955=DIRECTION('center_axis',(7.22223679759973E-33,-1.,0.));
#4956=DIRECTION('ref_axis',(0.,0.,-1.));
#4957=DIRECTION('',(-1.,-7.22223679759973E-33,0.));
#4958=DIRECTION('',(1.,7.22223679759973E-33,0.));
#4959=DIRECTION('center_axis',(0.,0.,1.));
#4960=DIRECTION('ref_axis',(1.,7.22223679759973E-33,0.));
#4961=DIRECTION('center_axis',(0.,0.,-1.));
#4962=DIRECTION('ref_axis',(-1.,0.,0.));
#4963=DIRECTION('center_axis',(-7.22223679759973E-33,1.,0.));
#4964=DIRECTION('ref_axis',(0.,0.,-1.));
#4965=DIRECTION('center_axis',(0.,0.,-1.));
#4966=DIRECTION('ref_axis',(-0.707106781186548,0.707106781186547,0.));
#4967=DIRECTION('center_axis',(-1.,2.090939E-14,-7.4723E-15));
#4968=DIRECTION('ref_axis',(2.22044558019803E-14,0.941675426611511,-0.33652249689438));
#4969=DIRECTION('center_axis',(0.,0.,1.));
#4970=DIRECTION('ref_axis',(-0.707106781186548,0.707106781186547,0.));
#4971=DIRECTION('center_axis',(-3.053559E-16,1.,0.));
#4972=DIRECTION('ref_axis',(-0.575967665370909,-1.75875124830233E-16,-0.817472475651128));
#4973=DIRECTION('center_axis',(-7.22223679759973E-33,1.,0.));
#4974=DIRECTION('ref_axis',(0.,0.,-1.));
#4975=DIRECTION('',(-7.22223679759973E-33,1.,0.));
#4976=DIRECTION('',(7.22223679759973E-33,-1.,0.));
#4977=DIRECTION('center_axis',(1.,7.22223679759973E-33,0.));
#4978=DIRECTION('ref_axis',(-4.15977486706939E-33,0.575967665370909,-0.817472475651128));
#4979=DIRECTION('center_axis',(-1.,-7.22223679759973E-33,0.));
#4980=DIRECTION('ref_axis',(-6.80100291746913E-33,0.941675426611517,-0.336522496894363));
#4981=DIRECTION('',(-1.,-7.22223679759973E-33,0.));
#4982=DIRECTION('',(1.,7.22223679759973E-33,0.));
#4983=DIRECTION('center_axis',(0.,0.,-1.));
#4984=DIRECTION('ref_axis',(-1.,0.,0.));
#4985=DIRECTION('center_axis',(-1.,-7.22223679759973E-33,0.));
#4986=DIRECTION('ref_axis',(0.,0.,-1.));
#4987=DIRECTION('center_axis',(0.,0.,-1.));
#4988=DIRECTION('ref_axis',(-0.707106781186548,-0.707106781186547,0.));
#4989=DIRECTION('center_axis',(0.,0.,1.));
#4990=DIRECTION('ref_axis',(-0.707106781186548,-0.707106781186547,0.));
#4991=DIRECTION('center_axis',(0.,0.,-1.));
#4992=DIRECTION('ref_axis',(-1.,0.,0.));
#4993=DIRECTION('center_axis',(4.181879E-14,1.,-1.49446E-14));
#4994=DIRECTION('ref_axis',(0.941675426611507,-4.4408921020715E-14,-0.336522496894392));
#4995=DIRECTION('center_axis',(0.,0.,1.));
#4996=DIRECTION('ref_axis',(0.707106781186547,0.707106781186547,0.));
#4997=DIRECTION('center_axis',(0.,0.,-1.));
#4998=DIRECTION('ref_axis',(0.707106781186549,0.707106781186546,0.));
#4999=DIRECTION('center_axis',(-1.,-9.868649E-17,0.));
#5000=DIRECTION('ref_axis',(5.68402272489496E-17,-0.575967665370909,-0.817472475651128));
#5001=DIRECTION('center_axis',(-1.,-7.22223679759973E-33,0.));
#5002=DIRECTION('ref_axis',(0.,0.,-1.));
#5003=DIRECTION('',(-1.,-7.22223679759973E-33,0.));
#5004=DIRECTION('',(1.,7.22223679759973E-33,0.));
#5005=DIRECTION('center_axis',(7.22223679759973E-33,-1.,0.));
#5006=DIRECTION('ref_axis',(0.575967665370946,4.15977486706965E-33,-0.817472475651102));
#5007=DIRECTION('center_axis',(-1.04547E-14,1.,3.73615E-15));
#5008=DIRECTION('ref_axis',(0.941675426611519,1.11022326093673E-14,-0.33652249689436));
#5009=DIRECTION('',(-7.22223679759973E-33,1.,0.));
#5010=DIRECTION('',(7.22223679759973E-33,-1.,0.));
#5011=DIRECTION('center_axis',(0.,0.,-1.));
#5012=DIRECTION('ref_axis',(-1.,0.,0.));
#5013=DIRECTION('center_axis',(0.,0.,1.));
#5014=DIRECTION('ref_axis',(0.707106781186545,-0.70710678118655,0.));
#5015=DIRECTION('center_axis',(0.,0.,-1.));
#5016=DIRECTION('ref_axis',(0.707106781186545,-0.70710678118655,0.));
#5017=DIRECTION('center_axis',(7.22223679759973E-33,-1.,0.));
#5018=DIRECTION('ref_axis',(0.939761690235832,6.78718146019575E-33,-0.341830316919218));
#5019=DIRECTION('center_axis',(-3.237513E-16,1.,1.177618E-16));
#5020=DIRECTION('ref_axis',(0.939761690235832,3.44503622319025E-16,-0.341830316919218));
#5021=DIRECTION('',(-7.22223679759973E-33,1.,0.));
#5022=DIRECTION('center_axis',(-3.77827E-16,1.,1.374314E-16));
#5023=DIRECTION('ref_axis',(0.939761690235832,4.02045559153385E-16,-0.341830316919218));
#5024=DIRECTION('center_axis',(-1.,-3.237513E-16,1.177618E-16));
#5025=DIRECTION('ref_axis',(-3.44503622319025E-16,0.939761690235832,-0.341830316919218));
#5026=DIRECTION('center_axis',(0.,0.,1.));
#5027=DIRECTION('ref_axis',(0.707106781186548,0.707106781186547,0.));
#5028=DIRECTION('center_axis',(1.,7.22223679759973E-33,0.));
#5029=DIRECTION('ref_axis',(-6.78718146019575E-33,0.939761690235832,-0.341830316919218));
#5030=DIRECTION('center_axis',(-1.,-2.696757E-16,9.809222E-17));
#5031=DIRECTION('ref_axis',(-2.86961786297441E-16,0.939761690235832,-0.341830316919218));
#5032=DIRECTION('',(-1.,-7.22223679759973E-33,0.));
#5033=DIRECTION('center_axis',(2.696757E-16,-1.,9.809222E-17));
#5034=DIRECTION('ref_axis',(-0.939761690235832,-2.86961786297441E-16,-0.341830316919218));
#5035=DIRECTION('center_axis',(0.,0.,1.));
#5036=DIRECTION('ref_axis',(-0.707106781186548,0.707106781186547,0.));
#5037=DIRECTION('center_axis',(0.,0.,-1.));
#5038=DIRECTION('ref_axis',(-1.,-7.22223679759973E-33,0.));
#5039=DIRECTION('',(-7.22223679759973E-33,1.,0.));
#5040=DIRECTION('center_axis',(0.,0.,-1.));
#5041=DIRECTION('ref_axis',(1.,7.22223679759974E-33,0.));
#5042=DIRECTION('',(-1.,-7.22223679759974E-33,0.));
#5043=DIRECTION('center_axis',(0.,0.,-1.));
#5044=DIRECTION('ref_axis',(-7.22223679759973E-33,1.,0.));
#5045=DIRECTION('',(7.22223679759973E-33,-1.,0.));
#5046=DIRECTION('center_axis',(0.,0.,-1.));
#5047=DIRECTION('ref_axis',(-1.,-7.22223679759973E-33,0.));
#5048=DIRECTION('',(1.,7.22223679759973E-33,0.));
#5049=DIRECTION('center_axis',(0.,0.,-1.));
#5050=DIRECTION('ref_axis',(7.22223679759973E-33,-1.,0.));
#5051=DIRECTION('center_axis',(0.,0.,-1.));
#5052=DIRECTION('ref_axis',(-1.,0.,0.));
#5053=DIRECTION('center_axis',(-7.22223679759973E-33,1.,0.));
#5054=DIRECTION('ref_axis',(-0.831141659030721,-6.00270187386977E-33,0.556060736452108));
#5055=DIRECTION('center_axis',(0.,0.,-1.));
#5056=DIRECTION('ref_axis',(-0.707106781186548,0.707106781186547,0.));
#5057=DIRECTION('center_axis',(-1.,-7.22223679759973E-33,0.));
#5058=DIRECTION('ref_axis',(0.,0.,1.));
#5059=DIRECTION('center_axis',(0.,0.,1.));
#5060=DIRECTION('ref_axis',(-0.707106781186548,0.707106781186547,0.));
#5061=DIRECTION('center_axis',(-3.053559E-16,1.,0.));
#5062=DIRECTION('ref_axis',(-0.471136531988277,-1.43864319748159E-16,0.882060297386782));
#5063=DIRECTION('center_axis',(-7.22223679759973E-33,1.,0.));
#5064=DIRECTION('ref_axis',(-0.831141659030719,-6.00270187386975E-33,0.556060736452111));
#5065=DIRECTION('',(-7.22223679759973E-33,1.,0.));
#5066=DIRECTION('',(7.22223679759973E-33,-1.,0.));
#5067=DIRECTION('center_axis',(1.,7.22223679759973E-33,0.));
#5068=DIRECTION('ref_axis',(-3.40265959801926E-33,0.471136531988277,0.882060297386782));
#5069=DIRECTION('center_axis',(-1.,-7.22223679759973E-33,0.));
#5070=DIRECTION('ref_axis',(0.,0.,1.));
#5071=DIRECTION('',(-1.,-7.22223679759973E-33,0.));
#5072=DIRECTION('',(1.,7.22223679759973E-33,0.));
#5073=DIRECTION('center_axis',(0.,0.,-1.));
#5074=DIRECTION('ref_axis',(-1.,0.,0.));
#5075=DIRECTION('center_axis',(-1.,-7.22223679759973E-33,0.));
#5076=DIRECTION('ref_axis',(6.00270187386971E-33,-0.831141659030714,0.556060736452119));
#5077=DIRECTION('center_axis',(0.,0.,-1.));
#5078=DIRECTION('ref_axis',(-0.707106781186548,-0.707106781186547,0.));
#5079=DIRECTION('center_axis',(0.,0.,1.));
#5080=DIRECTION('ref_axis',(-0.707106781186548,-0.707106781186547,0.));
#5081=DIRECTION('center_axis',(0.,0.,-1.));
#5082=DIRECTION('ref_axis',(-1.,0.,0.));
#5083=DIRECTION('center_axis',(-7.22223679759973E-33,1.,0.));
#5084=DIRECTION('ref_axis',(0.,0.,1.));
#5085=DIRECTION('center_axis',(0.,0.,1.));
#5086=DIRECTION('ref_axis',(0.707106781186548,0.707106781186547,0.));
#5087=DIRECTION('center_axis',(0.,0.,-1.));
#5088=DIRECTION('ref_axis',(0.707106781186548,0.707106781186546,0.));
#5089=DIRECTION('center_axis',(-1.,-9.868649E-17,0.));
#5090=DIRECTION('ref_axis',(4.64948106526968E-17,-0.471136531988287,0.882060297386777));
#5091=DIRECTION('center_axis',(-1.,-7.22223679759973E-33,0.));
#5092=DIRECTION('ref_axis',(6.00270187386976E-33,-0.831141659030721,0.556060736452108));
#5093=DIRECTION('',(-1.,-7.22223679759974E-33,0.));
#5094=DIRECTION('',(1.,7.22223679759974E-33,0.));
#5095=DIRECTION('center_axis',(7.22223679759973E-33,-1.,0.));
#5096=DIRECTION('ref_axis',(0.471136531988313,3.40265959801952E-33,0.882060297386763));
#5097=DIRECTION('center_axis',(-7.22223679759973E-33,1.,0.));
#5098=DIRECTION('ref_axis',(0.,0.,1.));
#5099=DIRECTION('',(-7.22223679759973E-33,1.,0.));
#5100=DIRECTION('',(7.22223679759973E-33,-1.,0.));
#5101=DIRECTION('center_axis',(0.,0.,-1.));
#5102=DIRECTION('ref_axis',(-1.,0.,0.));
#5103=DIRECTION('center_axis',(0.,0.,1.));
#5104=DIRECTION('ref_axis',(0.707106781186545,-0.70710678118655,0.));
#5105=DIRECTION('center_axis',(0.,0.,-1.));
#5106=DIRECTION('ref_axis',(0.707106781186545,-0.70710678118655,0.));
#5107=DIRECTION('center_axis',(-1.,-9.868649E-17,0.));
#5108=DIRECTION('ref_axis',(9.83591723838029E-17,-0.996683258101518,0.081378639827303));
#5109=DIRECTION('center_axis',(1.,4.858081E-16,-3.966597E-17));
#5110=DIRECTION('ref_axis',(4.87424762606139E-16,-0.996683258101518,0.081378639827303));
#5111=DIRECTION('',(-1.,-7.22223679759973E-33,0.));
#5112=DIRECTION('center_axis',(1.,4.249833E-16,-3.469965E-17));
#5113=DIRECTION('ref_axis',(4.26397550402219E-16,-0.996683258101518,0.081378639827303));
#5114=DIRECTION('center_axis',(-3.033336E-16,1.,2.476703E-17));
#5115=DIRECTION('ref_axis',(-0.996683258101518,-3.04343027953625E-16,0.081378639827303));
#5116=DIRECTION('center_axis',(0.,0.,-1.));
#5117=DIRECTION('ref_axis',(-0.707106781186548,-0.707106781186547,0.));
#5118=DIRECTION('center_axis',(-3.053559E-16,1.,0.));
#5119=DIRECTION('ref_axis',(-0.996683258101518,-3.04343113292521E-16,0.081378639827303));
#5120=DIRECTION('center_axis',(3.033336E-16,-1.,-2.476703E-17));
#5121=DIRECTION('ref_axis',(-0.996683258101518,-3.04343027953625E-16,0.081378639827303));
#5122=DIRECTION('',(-7.22223679759973E-33,1.,0.));
#5123=DIRECTION('center_axis',(-1.,-3.033336E-16,-2.476703E-17));
#5124=DIRECTION('ref_axis',(-3.04343027953625E-16,0.996683258101518,0.081378639827303));
#5125=DIRECTION('center_axis',(0.,0.,-1.));
#5126=DIRECTION('ref_axis',(-0.707106781186548,0.707106781186547,0.));
#5127=DIRECTION('center_axis',(0.,0.,1.));
#5128=DIRECTION('ref_axis',(1.,7.22223679759973E-33,0.));
#5129=DIRECTION('',(1.,7.22223679759973E-33,0.));
#5130=DIRECTION('center_axis',(0.,0.,-1.));
#5131=DIRECTION('ref_axis',(-1.,-7.22223679759973E-33,0.));
#5132=DIRECTION('',(7.22223679759973E-33,-1.,0.));
#5133=DIRECTION('center_axis',(-1.,-9.868649E-17,0.));
#5134=DIRECTION('ref_axis',(9.86410570532968E-17,-0.999539623440826,0.030340421417189));
#5135=DIRECTION('center_axis',(-1.,1.882056E-14,-8.456876E-13));
#5136=DIRECTION('ref_axis',(2.15299635366226E-21,-0.999752455103557,-0.022249236265756));
#5137=DIRECTION('center_axis',(1.,-6.407345E-15,-2.110846E-13));
#5138=DIRECTION('ref_axis',(1.11022310507443E-14,-0.996562347657024,0.082846166068926));
#5139=DIRECTION('',(1.,7.22223679759973E-33,0.));
#5140=DIRECTION('center_axis',(0.,0.,-1.));
#5141=DIRECTION('ref_axis',(-1.,0.,0.));
#5142=DIRECTION('center_axis',(1.176285E-14,-1.,5.285548E-13));
#5143=DIRECTION('ref_axis',(0.999752455103552,-2.45821778763786E-21,-0.022249236266008));
#5144=DIRECTION('center_axis',(0.,0.,-1.));
#5145=DIRECTION('ref_axis',(0.707106781186545,-0.70710678118655,0.));
#5146=DIRECTION('center_axis',(0.,0.,1.));
#5147=DIRECTION('ref_axis',(0.707106781186546,-0.707106781186549,0.));
#5148=DIRECTION('center_axis',(0.,0.,-1.));
#5149=DIRECTION('ref_axis',(-1.,0.,0.));
#5150=DIRECTION('center_axis',(8.759916E-15,-1.,1.053736E-13));
#5151=DIRECTION('ref_axis',(-0.996562347657081,-3.68943042599206E-21,0.082846166068241));
#5152=DIRECTION('center_axis',(0.,0.,1.));
#5153=DIRECTION('ref_axis',(-0.707106781186548,-0.707106781186547,0.));
#5154=DIRECTION('center_axis',(7.22223679759973E-33,-1.,0.));
#5155=DIRECTION('ref_axis',(0.999539623440826,7.21891184907331E-33,0.030340421417185));
#5156=DIRECTION('center_axis',(1.411542E-14,-1.,6.342657E-13));
#5157=DIRECTION('ref_axis',(0.999752455103557,-1.61474726365634E-21,-0.022249236265756));
#5158=DIRECTION('',(7.22223679759973E-33,-1.,0.));
#5159=DIRECTION('center_axis',(-3.053559E-16,1.,0.));
#5160=DIRECTION('ref_axis',(-0.999539623440825,-3.05215321301434E-16,0.030340421417201));
#5161=DIRECTION('center_axis',(7.22223679759973E-33,-1.,0.));
#5162=DIRECTION('ref_axis',(-0.996562347657023,-7.19740925835093E-33,0.082846166068942));
#5163=DIRECTION('',(7.22223679759973E-33,-1.,0.));
#5164=DIRECTION('center_axis',(0.,0.,-1.));
#5165=DIRECTION('ref_axis',(-1.,0.,0.));
#5166=DIRECTION('center_axis',(1.,7.22223679759973E-33,0.));
#5167=DIRECTION('ref_axis',(-7.22044896973955E-33,0.999752455103552,-0.022249236266007));
#5168=DIRECTION('center_axis',(0.,0.,-1.));
#5169=DIRECTION('ref_axis',(0.707106781186548,0.707106781186547,0.));
#5170=DIRECTION('center_axis',(0.,0.,-1.));
#5171=DIRECTION('ref_axis',(-1.,0.,0.));
#5172=DIRECTION('center_axis',(-1.,6.407345E-15,-2.110846E-13));
#5173=DIRECTION('ref_axis',(-1.11022310506948E-14,0.996562347657044,0.082846166068692));
#5174=DIRECTION('center_axis',(1.,7.22223679759973E-33,0.));
#5175=DIRECTION('ref_axis',(-7.21891184907331E-33,0.999539623440825,0.0303404214172));
#5176=DIRECTION('',(1.,7.22223679759973E-33,0.));
#5177=DIRECTION('center_axis',(1.,3.77827E-16,1.374314E-16));
#5178=DIRECTION('ref_axis',(4.02045559153385E-16,-0.939761690235832,-0.341830316919218));
#5179=DIRECTION('center_axis',(-1.,-9.868649E-17,0.));
#5180=DIRECTION('ref_axis',(9.27417826458415E-17,-0.939761690235832,-0.341830316919218));
#5181=DIRECTION('center_axis',(1.,4.319027E-16,1.571009E-16));
#5182=DIRECTION('ref_axis',(4.59587461804714E-16,-0.939761690235832,-0.341830316919218));
#5183=DIRECTION('center_axis',(0.,0.,-1.));
#5184=DIRECTION('ref_axis',(-1.,-7.22223679759973E-33,0.));
#5185=DIRECTION('center_axis',(0.,0.,-1.));
#5186=DIRECTION('ref_axis',(7.22223679759973E-33,-1.,0.));
#5187=DIRECTION('',(1.,7.22223679759973E-33,0.));
#5188=DIRECTION('center_axis',(0.,0.,-1.));
#5189=DIRECTION('ref_axis',(-1.,-7.22223679759973E-33,0.));
#5190=DIRECTION('',(7.22223679759973E-33,-1.,0.));
#5191=DIRECTION('center_axis',(0.,0.,-1.));
#5192=DIRECTION('ref_axis',(-7.22223679759973E-33,1.,0.));
#5193=DIRECTION('',(-1.,-7.22223679759974E-33,0.));
#5194=DIRECTION('center_axis',(0.,0.,-1.));
#5195=DIRECTION('ref_axis',(1.,7.22223679759974E-33,0.));
#5196=DIRECTION('',(-7.22223679759973E-33,1.,0.));
#5197=DIRECTION('center_axis',(-2.696757E-16,1.,-9.809222E-17));
#5198=DIRECTION('ref_axis',(-0.939761690235832,-2.86961786297441E-16,-0.341830316919218));
#5199=DIRECTION('center_axis',(0.,0.,-1.));
#5200=DIRECTION('ref_axis',(1.,7.22223679759974E-33,0.));
#5201=DIRECTION('',(0.,0.,-1.));
#5202=DIRECTION('',(0.,0.,1.));
#5203=DIRECTION('center_axis',(-7.22223679759973E-33,1.,0.));
#5204=DIRECTION('ref_axis',(0.,0.,1.));
#5205=DIRECTION('',(0.,0.,1.));
#5206=DIRECTION('center_axis',(-4.249833E-16,1.,-3.469965E-17));
#5207=DIRECTION('ref_axis',(0.996683258101518,4.26397550402219E-16,0.081378639827303));
#5208=DIRECTION('center_axis',(0.,0.,-1.));
#5209=DIRECTION('ref_axis',(-7.22223679759973E-33,1.,0.));
#5210=DIRECTION('',(0.,0.,1.));
#5211=DIRECTION('center_axis',(-1.,-7.22223679759973E-33,0.));
#5212=DIRECTION('ref_axis',(0.,0.,1.));
#5213=DIRECTION('',(0.,0.,1.));
#5214=DIRECTION('center_axis',(7.22223679759973E-33,-1.,0.));
#5215=DIRECTION('ref_axis',(0.996683258101518,7.19828250221238E-33,0.081378639827303));
#5216=DIRECTION('center_axis',(-3.641585E-16,1.,-2.973334E-17));
#5217=DIRECTION('ref_axis',(0.996683258101518,3.65370339012085E-16,0.081378639827303));
#5218=DIRECTION('center_axis',(-1.,-7.22223679759973E-33,0.));
#5219=DIRECTION('ref_axis',(0.,0.,1.));
#5220=DIRECTION('',(0.,0.,1.));
#5221=DIRECTION('center_axis',(0.,0.,-1.));
#5222=DIRECTION('ref_axis',(-1.,-7.22223679759973E-33,0.));
#5223=DIRECTION('',(0.,0.,1.));
#5224=DIRECTION('center_axis',(-1.,-3.641585E-16,-2.973334E-17));
#5225=DIRECTION('ref_axis',(-3.65370339012085E-16,0.996683258101518,0.081378639827303));
#5226=DIRECTION('center_axis',(0.,0.,-1.));
#5227=DIRECTION('ref_axis',(-1.,-7.22223679759973E-33,0.));
#5228=DIRECTION('',(0.,0.,1.));
#5229=DIRECTION('center_axis',(7.22223679759973E-33,-1.,0.));
#5230=DIRECTION('ref_axis',(0.,0.,-1.));
#5231=DIRECTION('center_axis',(1.,7.22223679759973E-33,0.));
#5232=DIRECTION('ref_axis',(-7.19828250221238E-33,0.996683258101518,0.081378639827303));
#5233=DIRECTION('center_axis',(7.22223679759973E-33,-1.,0.));
#5234=DIRECTION('ref_axis',(0.,0.,-1.));
#5235=DIRECTION('',(0.,0.,1.));
#5236=DIRECTION('center_axis',(0.,0.,-1.));
#5237=DIRECTION('ref_axis',(7.22223679759973E-33,-1.,0.));
#5238=DIRECTION('',(0.,0.,1.));
#5239=DIRECTION('center_axis',(-3.053559E-16,1.,0.));
#5240=DIRECTION('ref_axis',(-0.939761690235832,-2.86961776707484E-16,-0.341830316919218));
#5241=DIRECTION('center_axis',(1.,7.22223679759973E-33,0.));
#5242=DIRECTION('ref_axis',(0.,0.,-1.));
#5243=CARTESIAN_POINT('',(0.,0.,0.));
#5244=CARTESIAN_POINT('Origin',(-78.6882412786841,-7.91021589917359,-247.));
#5245=CARTESIAN_POINT('',(-80.3354405773391,-7.91021589917439,-247.));
#5246=CARTESIAN_POINT('Origin',(-78.6882412786841,-7.91021589917359,-247.));
#5247=CARTESIAN_POINT('',(-80.3354405773391,-7.91021589917439,-250.));
#5248=CARTESIAN_POINT('',(-80.3354405773391,-7.91021589917439,-247.));
#5249=CARTESIAN_POINT('Origin',(-78.6882412786841,-7.91021589917359,-250.));
#5250=CARTESIAN_POINT('Origin',(-61.5174364684622,-7.9102158991653,-247.));
#5251=CARTESIAN_POINT('',(-63.1646357671172,-7.91021589916609,-247.));
#5252=CARTESIAN_POINT('Origin',(-61.5174364684622,-7.9102158991653,-247.));
#5253=CARTESIAN_POINT('',(-63.1646357671172,-7.91021589916609,-250.));
#5254=CARTESIAN_POINT('',(-63.1646357671172,-7.91021589916609,-247.));
#5255=CARTESIAN_POINT('Origin',(-61.5174364684622,-7.9102158991653,-250.));
#5256=CARTESIAN_POINT('Origin',(-43.9373275900895,-7.9102158991568,-247.));
#5257=CARTESIAN_POINT('',(-45.5845268887445,-7.9102158991576,-247.));
#5258=CARTESIAN_POINT('Origin',(-43.9373275900895,-7.9102158991568,-247.));
#5259=CARTESIAN_POINT('',(-45.5845268887445,-7.9102158991576,-250.));
#5260=CARTESIAN_POINT('',(-45.5845268887445,-7.9102158991576,-247.));
#5261=CARTESIAN_POINT('Origin',(-43.9373275900895,-7.9102158991568,-250.));
#5262=CARTESIAN_POINT('Origin',(-26.3522271986907,-7.91021589914831,-247.));
#5263=CARTESIAN_POINT('',(-27.9994264973457,-7.9102158991491,-247.));
#5264=CARTESIAN_POINT('Origin',(-26.3522271986907,-7.91021589914831,-247.));
#5265=CARTESIAN_POINT('',(-27.9994264973457,-7.9102158991491,-250.));
#5266=CARTESIAN_POINT('',(-27.9994264973457,-7.9102158991491,-247.));
#5267=CARTESIAN_POINT('Origin',(-26.3522271986907,-7.91021589914831,-250.));
#5268=CARTESIAN_POINT('Origin',(-9.18142238847115,-2.81887261238814,-247.));
#5269=CARTESIAN_POINT('',(-10.8286216871262,-2.81887261238894,-247.));
#5270=CARTESIAN_POINT('Origin',(-9.18142238847115,-2.81887261238814,-247.));
#5271=CARTESIAN_POINT('',(-10.8286216871262,-2.81887261238894,-250.));
#5272=CARTESIAN_POINT('',(-10.8286216871262,-2.81887261238894,-247.));
#5273=CARTESIAN_POINT('Origin',(-9.18142238847115,-2.81887261238814,-250.));
#5274=CARTESIAN_POINT('Origin',(7.98938242175327,-7.91021589913171,-247.));
#5275=CARTESIAN_POINT('',(6.34218312309825,-7.91021589913251,-247.));
#5276=CARTESIAN_POINT('Origin',(7.98938242175327,-7.91021589913171,-247.));
#5277=CARTESIAN_POINT('',(6.34218312309825,-7.91021589913251,-250.));
#5278=CARTESIAN_POINT('',(6.34218312309825,-7.91021589913251,-247.));
#5279=CARTESIAN_POINT('Origin',(7.98938242175327,-7.91021589913171,-250.));
#5280=CARTESIAN_POINT('Origin',(25.1601872319753,-7.91021589912341,-247.));
#5281=CARTESIAN_POINT('',(23.5129879333202,-7.91021589912421,-247.));
#5282=CARTESIAN_POINT('Origin',(25.1601872319753,-7.91021589912341,-247.));
#5283=CARTESIAN_POINT('',(23.5129879333202,-7.91021589912421,-250.));
#5284=CARTESIAN_POINT('',(23.5129879333202,-7.91021589912421,-247.));
#5285=CARTESIAN_POINT('Origin',(25.1601872319753,-7.91021589912341,-250.));
#5286=CARTESIAN_POINT('Origin',(42.3309920421972,-7.91021589911512,-247.));
#5287=CARTESIAN_POINT('',(40.6837927435422,-7.91021589911591,-247.));
#5288=CARTESIAN_POINT('Origin',(42.3309920421972,-7.91021589911512,-247.));
#5289=CARTESIAN_POINT('',(40.6837927435422,-7.91021589911591,-250.));
#5290=CARTESIAN_POINT('',(40.6837927435422,-7.91021589911591,-247.));
#5291=CARTESIAN_POINT('Origin',(42.3309920421972,-7.91021589911512,-250.));
#5292=CARTESIAN_POINT('Origin',(68.0143293171403,-10.1939173775267,-247.));
#5293=CARTESIAN_POINT('',(68.1143293171401,-7.32065703429286,-247.));
#5294=CARTESIAN_POINT('',(70.8893293171403,-10.1939173775253,-247.230073681444));
#5295=CARTESIAN_POINT('Ctrl Pts',(68.1143293171401,-7.32065703429286,-247.));
#5296=CARTESIAN_POINT('Ctrl Pts',(68.4459216869052,-7.33219766514956,-247.026535887739));
#5297=CARTESIAN_POINT('Ctrl Pts',(68.7932046983963,-7.40458361438623,-247.054673927194));
#5298=CARTESIAN_POINT('Ctrl Pts',(69.4694958662015,-7.68487436620151,-247.110154686979));
#5299=CARTESIAN_POINT('Ctrl Pts',(69.7930839238902,-7.90646624885589,-247.137115949243));
#5300=CARTESIAN_POINT('Ctrl Pts',(70.3032259358354,-8.41729231809014,-247.179996645418));
#5301=CARTESIAN_POINT('Ctrl Pts',(70.5241427598619,-8.74023533718891,-247.198797847046));
#5302=CARTESIAN_POINT('Ctrl Pts',(70.8171984788414,-9.44807593659293,-247.223850587986));
#5303=CARTESIAN_POINT('Ctrl Pts',(70.8893293171401,-9.83297785893794,-247.230073681444));
#5304=CARTESIAN_POINT('Ctrl Pts',(70.8893293171403,-10.1939173775253,-247.230073681444));
#5305=CARTESIAN_POINT('',(68.1143293171401,-13.0671777207605,-247.));
#5306=CARTESIAN_POINT('Origin',(68.0143293171403,-10.1939173775267,-247.));
#5307=CARTESIAN_POINT('Ctrl Pts',(70.8893293171403,-10.1939173775253,-247.230073681444));
#5308=CARTESIAN_POINT('Ctrl Pts',(70.8893293171405,-10.5548568961126,-247.230073681444));
#5309=CARTESIAN_POINT('Ctrl Pts',(70.8171984788421,-10.9397588184577,-247.223850587986));
#5310=CARTESIAN_POINT('Ctrl Pts',(70.5241427598633,-11.647599417862,-247.198797847046));
#5311=CARTESIAN_POINT('Ctrl Pts',(70.3032259358371,-11.970542436961,-247.179996645418));
#5312=CARTESIAN_POINT('Ctrl Pts',(69.7930839238924,-12.4813685061957,-247.137115949243));
#5313=CARTESIAN_POINT('Ctrl Pts',(69.469495866204,-12.7029603888504,-247.110154686979));
#5314=CARTESIAN_POINT('Ctrl Pts',(68.7932046983981,-12.9832511406667,-247.054673927194));
#5315=CARTESIAN_POINT('Ctrl Pts',(68.445921686906,-13.0556370899037,-247.026535887739));
#5316=CARTESIAN_POINT('Ctrl Pts',(68.11432931714,-13.0671777207605,-247.));
#5317=CARTESIAN_POINT('',(70.8893293171403,-10.1939173775253,-250.));
#5318=CARTESIAN_POINT('',(70.8893293171403,-10.1939173775253,-247.));
#5319=CARTESIAN_POINT('Origin',(68.0143293171403,-10.1939173775267,-250.));
#5320=CARTESIAN_POINT('Origin',(62.995855970771,7.36381396115046,-247.));
#5321=CARTESIAN_POINT('',(61.3486566721159,7.36381396114967,-247.));
#5322=CARTESIAN_POINT('Origin',(62.995855970771,7.36381396115046,-247.));
#5323=CARTESIAN_POINT('',(61.3486566721159,7.36381396114967,-250.));
#5324=CARTESIAN_POINT('',(61.3486566721159,7.36381396114967,-247.));
#5325=CARTESIAN_POINT('Origin',(62.995855970771,7.36381396115046,-250.));
#5326=CARTESIAN_POINT('Origin',(44.7069527910534,17.0024248897011,-247.));
#5327=CARTESIAN_POINT('',(44.706952791058,7.55848315805231,-250.));
#5328=CARTESIAN_POINT('',(44.7069527910534,17.0024248897011,-250.));
#5329=CARTESIAN_POINT('',(44.7069527910494,25.1917537561202,-250.));
#5330=CARTESIAN_POINT('',(44.706952791058,7.55848315805231,-247.));
#5331=CARTESIAN_POINT('',(44.706952791058,7.55848315805231,-247.));
#5332=CARTESIAN_POINT('',(44.7069527910534,17.0024248897011,-247.));
#5333=CARTESIAN_POINT('',(44.7069527910547,14.2842537561003,-247.));
#5334=CARTESIAN_POINT('',(44.7069527910534,17.0024248897011,-247.));
#5335=CARTESIAN_POINT('Origin',(39.984981925229,17.0024248896988,-247.));
#5336=CARTESIAN_POINT('',(39.984981925229,17.0024248896988,-250.));
#5337=CARTESIAN_POINT('',(-25.7803443788113,17.002424889667,-250.));
#5338=CARTESIAN_POINT('',(39.984981925229,17.0024248896988,-247.));
#5339=CARTESIAN_POINT('',(15.2196556211834,17.0024248896868,-247.));
#5340=CARTESIAN_POINT('',(39.984981925229,17.0024248896988,-247.));
#5341=CARTESIAN_POINT('Origin',(39.9849819252336,7.55848315805003,-247.));
#5342=CARTESIAN_POINT('',(39.9849819252336,7.55848315805003,-250.));
#5343=CARTESIAN_POINT('',(39.9849819252273,20.4697828902935,-250.));
#5344=CARTESIAN_POINT('',(39.9849819252336,7.55848315805003,-247.));
#5345=CARTESIAN_POINT('',(39.9849819252326,9.56228289027367,-247.));
#5346=CARTESIAN_POINT('',(39.9849819252336,7.55848315805003,-247.));
#5347=CARTESIAN_POINT('Origin',(44.706952791058,7.55848315805231,-247.));
#5348=CARTESIAN_POINT('',(-23.4193589458946,7.5584831580194,-250.));
#5349=CARTESIAN_POINT('',(17.5806410541002,7.55848315803921,-247.));
#5350=CARTESIAN_POINT('Origin',(10.2854794191766,16.7478585631557,-247.));
#5351=CARTESIAN_POINT('',(10.2854794191809,7.76313511594656,-250.));
#5352=CARTESIAN_POINT('',(10.2854794191766,16.7478585631557,-250.));
#5353=CARTESIAN_POINT('',(10.2854794191726,25.0644705928391,-250.));
#5354=CARTESIAN_POINT('',(10.2854794191809,7.76313511594656,-247.));
#5355=CARTESIAN_POINT('',(10.2854794191809,7.76313511594656,-247.));
#5356=CARTESIAN_POINT('',(10.2854794191766,16.7478585631557,-247.));
#5357=CARTESIAN_POINT('',(10.2854794191778,14.1569705928193,-247.));
#5358=CARTESIAN_POINT('',(10.2854794191766,16.7478585631557,-247.));
#5359=CARTESIAN_POINT('Origin',(5.69328515011413,16.7478585631535,-247.));
#5360=CARTESIAN_POINT('',(5.69328515011413,16.7478585631535,-250.));
#5361=CARTESIAN_POINT('',(-42.9261927663687,16.7478585631301,-250.));
#5362=CARTESIAN_POINT('',(5.69328515011413,16.7478585631535,-247.));
#5363=CARTESIAN_POINT('',(-1.92619276637399,16.7478585631498,-247.));
#5364=CARTESIAN_POINT('',(5.69328515011413,16.7478585631535,-247.));
#5365=CARTESIAN_POINT('Origin',(5.69328515011847,7.76313511594434,-247.));
#5366=CARTESIAN_POINT('',(5.69328515011847,7.76313511594434,-250.));
#5367=CARTESIAN_POINT('',(5.69328515011228,20.5721088692323,-250.));
#5368=CARTESIAN_POINT('',(5.69328515011847,7.76313511594434,-247.));
#5369=CARTESIAN_POINT('',(5.69328515011755,9.66460886921253,-247.));
#5370=CARTESIAN_POINT('',(5.69328515011847,7.76313511594434,-247.));
#5371=CARTESIAN_POINT('Origin',(10.2854794191809,7.76313511594656,-247.));
#5372=CARTESIAN_POINT('',(-40.6300956318332,7.76313511592196,-250.));
#5373=CARTESIAN_POINT('',(0.369904368161586,7.76313511594177,-247.));
#5374=CARTESIAN_POINT('Origin',(-59.1414772428949,17.0024248896509,-247.));
#5375=CARTESIAN_POINT('',(-59.1414772428903,7.55848315800213,-250.));
#5376=CARTESIAN_POINT('',(-59.1414772428949,17.0024248896509,-250.));
#5377=CARTESIAN_POINT('',(-59.1414772428988,25.1917537560699,-250.));
#5378=CARTESIAN_POINT('',(-59.1414772428903,7.55848315800213,-247.));
#5379=CARTESIAN_POINT('',(-59.1414772428903,7.55848315800213,-247.));
#5380=CARTESIAN_POINT('',(-59.1414772428949,17.0024248896509,-247.));
#5381=CARTESIAN_POINT('',(-59.1414772428935,14.2842537560502,-247.));
#5382=CARTESIAN_POINT('',(-59.1414772428949,17.0024248896509,-247.));
#5383=CARTESIAN_POINT('Origin',(-63.863444300497,17.0024248896486,-247.));
#5384=CARTESIAN_POINT('',(-63.863444300497,17.0024248896486,-250.));
#5385=CARTESIAN_POINT('',(-77.7045574916744,17.0024248896419,-250.));
#5386=CARTESIAN_POINT('',(-63.863444300497,17.0024248896486,-247.));
#5387=CARTESIAN_POINT('',(-36.7045574916796,17.0024248896617,-247.));
#5388=CARTESIAN_POINT('',(-63.863444300497,17.0024248896486,-247.));
#5389=CARTESIAN_POINT('Origin',(-63.8634443004925,7.55848315799985,-247.));
#5390=CARTESIAN_POINT('',(-63.8634443004925,7.55848315799985,-250.));
#5391=CARTESIAN_POINT('',(-63.8634443004987,20.4697828902433,-250.));
#5392=CARTESIAN_POINT('',(-63.8634443004925,7.55848315799985,-247.));
#5393=CARTESIAN_POINT('',(-63.8634443004934,9.56228289022353,-247.));
#5394=CARTESIAN_POINT('',(-63.8634443004925,7.55848315799985,-247.));
#5395=CARTESIAN_POINT('Origin',(-59.1414772428903,7.55848315800213,-247.));
#5396=CARTESIAN_POINT('',(-75.3435739628687,7.5584831579943,-250.));
#5397=CARTESIAN_POINT('',(-34.343573962874,7.55848315801411,-247.));
#5398=CARTESIAN_POINT('Origin',(-23.9762694964123,17.0024248896679,-247.));
#5399=CARTESIAN_POINT('',(-23.9762694964077,7.55848315801912,-250.));
#5400=CARTESIAN_POINT('',(-23.9762694964123,17.0024248896679,-250.));
#5401=CARTESIAN_POINT('',(-23.9762694964163,25.191753756087,-250.));
#5402=CARTESIAN_POINT('',(-23.9762694964077,7.55848315801912,-247.));
#5403=CARTESIAN_POINT('',(-23.9762694964077,7.55848315801912,-247.));
#5404=CARTESIAN_POINT('',(-23.9762694964123,17.0024248896679,-247.));
#5405=CARTESIAN_POINT('',(-23.976269496411,14.2842537560671,-247.));
#5406=CARTESIAN_POINT('',(-23.9762694964123,17.0024248896679,-247.));
#5407=CARTESIAN_POINT('Origin',(-28.6982365540144,17.0024248896656,-247.));
#5408=CARTESIAN_POINT('',(-28.6982365540144,17.0024248896656,-250.));
#5409=CARTESIAN_POINT('',(-60.1219536184331,17.0024248896504,-250.));
#5410=CARTESIAN_POINT('',(-28.6982365540144,17.0024248896656,-247.));
#5411=CARTESIAN_POINT('',(-19.1219536184383,17.0024248896702,-247.));
#5412=CARTESIAN_POINT('',(-28.6982365540144,17.0024248896656,-247.));
#5413=CARTESIAN_POINT('Origin',(-28.6982365540099,7.55848315801684,-247.));
#5414=CARTESIAN_POINT('',(-28.6982365540099,7.55848315801684,-250.));
#5415=CARTESIAN_POINT('',(-28.6982365540161,20.4697828902603,-250.));
#5416=CARTESIAN_POINT('',(-28.6982365540099,7.55848315801684,-247.));
#5417=CARTESIAN_POINT('',(-28.6982365540109,9.56228289024046,-247.));
#5418=CARTESIAN_POINT('',(-28.6982365540099,7.55848315801684,-247.));
#5419=CARTESIAN_POINT('Origin',(-23.9762694964077,7.55848315801912,-247.));
#5420=CARTESIAN_POINT('',(-57.7609700896274,7.5584831580028,-250.));
#5421=CARTESIAN_POINT('',(-16.7609700896327,7.55848315802261,-247.));
#5422=CARTESIAN_POINT('Origin',(2.39889112266252,33.8188334936716,-247.));
#5423=CARTESIAN_POINT('',(36.3411758927861,33.818833493688,-250.));
#5424=CARTESIAN_POINT('',(2.39889112266252,33.8188334936716,-250.));
#5425=CARTESIAN_POINT('',(-44.5733897800987,33.8188334936489,-250.));
#5426=CARTESIAN_POINT('',(36.3411758927861,33.818833493688,-247.));
#5427=CARTESIAN_POINT('',(36.3411758927861,33.818833493688,-247.));
#5428=CARTESIAN_POINT('',(2.39889112266252,33.8188334936716,-247.));
#5429=CARTESIAN_POINT('',(-3.57338978010392,33.8188334936687,-247.));
#5430=CARTESIAN_POINT('',(2.39889112266252,33.8188334936716,-247.));
#5431=CARTESIAN_POINT('Origin',(2.39889112266569,27.2300340141182,-247.));
#5432=CARTESIAN_POINT('',(2.39889112266569,27.2300340141182,-250.));
#5433=CARTESIAN_POINT('',(2.39889112266421,30.3055583183184,-250.));
#5434=CARTESIAN_POINT('',(2.39889112266569,27.2300340141182,-247.));
#5435=CARTESIAN_POINT('',(2.39889112266947,19.3980583182986,-247.));
#5436=CARTESIAN_POINT('',(2.39889112266569,27.2300340141182,-247.));
#5437=CARTESIAN_POINT('Origin',(-14.5722531665072,27.23003401411,-247.));
#5438=CARTESIAN_POINT('',(-14.5722531665072,27.23003401411,-250.));
#5439=CARTESIAN_POINT('',(-53.0589619246819,27.2300340140914,-250.));
#5440=CARTESIAN_POINT('',(-14.5722531665072,27.23003401411,-247.));
#5441=CARTESIAN_POINT('',(-12.0589619246872,27.2300340141112,-247.));
#5442=CARTESIAN_POINT('',(-14.5722531665072,27.23003401411,-247.));
#5443=CARTESIAN_POINT('Origin',(-14.5722531665039,20.4415770600853,-247.));
#5444=CARTESIAN_POINT('',(-14.5722531665039,20.4415770600853,-250.));
#5445=CARTESIAN_POINT('',(-14.572253166507,26.9113298412979,-250.));
#5446=CARTESIAN_POINT('',(-14.5722531665039,20.4415770600853,-247.));
#5447=CARTESIAN_POINT('',(-14.5722531665018,16.0038298412781,-247.));
#5448=CARTESIAN_POINT('',(-14.5722531665039,20.4415770600853,-247.));
#5449=CARTESIAN_POINT('Origin',(53.3123201819654,20.4415770601181,-247.));
#5450=CARTESIAN_POINT('',(53.3123201819654,20.4415770601181,-250.));
#5451=CARTESIAN_POINT('',(-19.116675250444,20.4415770600831,-250.));
#5452=CARTESIAN_POINT('',(53.3123201819654,20.4415770601181,-247.));
#5453=CARTESIAN_POINT('',(21.8833247495508,20.4415770601029,-247.));
#5454=CARTESIAN_POINT('',(53.3123201819654,20.4415770601181,-247.));
#5455=CARTESIAN_POINT('Origin',(53.3123201819589,33.8188334936962,-247.));
#5456=CARTESIAN_POINT('',(53.3123201819589,33.8188334936962,-250.));
#5457=CARTESIAN_POINT('',(53.3123201819591,33.5999580581198,-250.));
#5458=CARTESIAN_POINT('',(53.3123201819589,33.8188334936962,-247.));
#5459=CARTESIAN_POINT('',(53.3123201819643,22.6924580581,-247.));
#5460=CARTESIAN_POINT('',(53.3123201819589,33.8188334936962,-247.));
#5461=CARTESIAN_POINT('Origin',(44.9265786787193,33.8188334936921,-247.));
#5462=CARTESIAN_POINT('',(44.9265786787193,33.8188334936921,-250.));
#5463=CARTESIAN_POINT('',(-23.3095460020703,33.8188334936592,-250.));
#5464=CARTESIAN_POINT('',(44.9265786787193,33.8188334936921,-247.));
#5465=CARTESIAN_POINT('',(17.6904539979245,33.818833493679,-247.));
#5466=CARTESIAN_POINT('',(44.9265786787193,33.8188334936921,-247.));
#5467=CARTESIAN_POINT('Origin',(44.9265786787225,27.2300340141387,-247.));
#5468=CARTESIAN_POINT('',(44.9265786787225,27.2300340141387,-250.));
#5469=CARTESIAN_POINT('',(44.926578678721,30.305558318339,-250.));
#5470=CARTESIAN_POINT('',(44.9265786787225,27.2300340141387,-247.));
#5471=CARTESIAN_POINT('',(44.9265786787262,19.3980583183192,-247.));
#5472=CARTESIAN_POINT('',(44.9265786787225,27.2300340141387,-247.));
#5473=CARTESIAN_POINT('Origin',(36.3411758927893,27.2300340141346,-247.));
#5474=CARTESIAN_POINT('',(36.3411758927893,27.2300340141346,-250.));
#5475=CARTESIAN_POINT('',(-27.6022473950337,27.2300340141036,-250.));
#5476=CARTESIAN_POINT('',(36.3411758927893,27.2300340141346,-247.));
#5477=CARTESIAN_POINT('',(13.397752604961,27.2300340141235,-247.));
#5478=CARTESIAN_POINT('',(36.3411758927893,27.2300340141346,-247.));
#5479=CARTESIAN_POINT('Origin',(36.3411758927861,33.818833493688,-247.));
#5480=CARTESIAN_POINT('',(36.3411758927862,33.5999580581116,-250.));
#5481=CARTESIAN_POINT('',(36.3411758927914,22.6924580580917,-247.));
#5482=CARTESIAN_POINT('Origin',(-32.9759668733846,17.0024248896635,-247.));
#5483=CARTESIAN_POINT('',(-32.97596687338,7.55848315801478,-250.));
#5484=CARTESIAN_POINT('',(-32.9759668733846,17.0024248896635,-250.));
#5485=CARTESIAN_POINT('',(-32.9759668733886,25.1917537560826,-250.));
#5486=CARTESIAN_POINT('',(-32.97596687338,7.55848315801478,-247.));
#5487=CARTESIAN_POINT('',(-32.97596687338,7.55848315801478,-247.));
#5488=CARTESIAN_POINT('',(-32.9759668733846,17.0024248896635,-247.));
#5489=CARTESIAN_POINT('',(-32.9759668733833,14.2842537560628,-247.));
#5490=CARTESIAN_POINT('',(-32.9759668733846,17.0024248896635,-247.));
#5491=CARTESIAN_POINT('Origin',(-37.6979339309867,17.0024248896612,-247.));
#5492=CARTESIAN_POINT('',(-37.6979339309867,17.0024248896612,-250.));
#5493=CARTESIAN_POINT('',(-64.6218023069192,17.0024248896482,-250.));
#5494=CARTESIAN_POINT('',(-37.6979339309867,17.0024248896612,-247.));
#5495=CARTESIAN_POINT('',(-23.6218023069245,17.0024248896681,-247.));
#5496=CARTESIAN_POINT('',(-37.6979339309867,17.0024248896612,-247.));
#5497=CARTESIAN_POINT('Origin',(-37.6979339309822,7.55848315801249,-247.));
#5498=CARTESIAN_POINT('',(-37.6979339309822,7.55848315801249,-250.));
#5499=CARTESIAN_POINT('',(-37.6979339309884,20.469782890256,-250.));
#5500=CARTESIAN_POINT('',(-37.6979339309822,7.55848315801249,-247.));
#5501=CARTESIAN_POINT('',(-37.6979339309832,9.56228289023611,-247.));
#5502=CARTESIAN_POINT('',(-37.6979339309822,7.55848315801249,-247.));
#5503=CARTESIAN_POINT('Origin',(-32.97596687338,7.55848315801478,-247.));
#5504=CARTESIAN_POINT('',(-62.2608187781136,7.55848315800062,-250.));
#5505=CARTESIAN_POINT('',(-21.2608187781188,7.55848315802044,-247.));
#5506=CARTESIAN_POINT('Origin',(-67.7268857411614,17.0024248896467,-247.));
#5507=CARTESIAN_POINT('',(-67.7268857411568,7.55848315799798,-250.));
#5508=CARTESIAN_POINT('',(-67.7268857411614,17.0024248896467,-250.));
#5509=CARTESIAN_POINT('',(-67.7268857411654,25.1917537560658,-250.));
#5510=CARTESIAN_POINT('',(-67.7268857411568,7.55848315799798,-247.));
#5511=CARTESIAN_POINT('',(-67.7268857411568,7.55848315799798,-247.));
#5512=CARTESIAN_POINT('',(-67.7268857411614,17.0024248896467,-247.));
#5513=CARTESIAN_POINT('',(-67.7268857411601,14.284253756046,-247.));
#5514=CARTESIAN_POINT('',(-67.7268857411614,17.0024248896467,-247.));
#5515=CARTESIAN_POINT('Origin',(-72.4488527987636,17.0024248896445,-247.));
#5516=CARTESIAN_POINT('',(-72.4488527987636,17.0024248896445,-250.));
#5517=CARTESIAN_POINT('',(-81.9972617408076,17.0024248896398,-250.));
#5518=CARTESIAN_POINT('',(-72.4488527987636,17.0024248896445,-247.));
#5519=CARTESIAN_POINT('',(-40.9972617408129,17.0024248896597,-247.));
#5520=CARTESIAN_POINT('',(-72.4488527987636,17.0024248896445,-247.));
#5521=CARTESIAN_POINT('Origin',(-72.448852798759,7.5584831579957,-247.));
#5522=CARTESIAN_POINT('',(-72.448852798759,7.5584831579957,-250.));
#5523=CARTESIAN_POINT('',(-72.4488527987652,20.4697828902391,-250.));
#5524=CARTESIAN_POINT('',(-72.448852798759,7.5584831579957,-247.));
#5525=CARTESIAN_POINT('',(-72.44885279876,9.56228289021933,-247.));
#5526=CARTESIAN_POINT('',(-72.448852798759,7.5584831579957,-247.));
#5527=CARTESIAN_POINT('Origin',(-67.7268857411568,7.55848315799798,-247.));
#5528=CARTESIAN_POINT('',(-79.636278212002,7.55848315799223,-250.));
#5529=CARTESIAN_POINT('',(-38.6362782120072,7.55848315801204,-247.));
#5530=CARTESIAN_POINT('Origin',(18.9507463373649,17.0024248896886,-247.));
#5531=CARTESIAN_POINT('',(18.9507463373694,7.55848315803987,-250.));
#5532=CARTESIAN_POINT('',(18.9507463373649,17.0024248896886,-250.));
#5533=CARTESIAN_POINT('',(18.9507463373609,25.1917537561077,-250.));
#5534=CARTESIAN_POINT('',(18.9507463373694,7.55848315803987,-247.));
#5535=CARTESIAN_POINT('',(18.9507463373694,7.55848315803987,-247.));
#5536=CARTESIAN_POINT('',(18.9507463373649,17.0024248896886,-247.));
#5537=CARTESIAN_POINT('',(18.9507463373662,14.2842537560879,-247.));
#5538=CARTESIAN_POINT('',(18.9507463373649,17.0024248896886,-247.));
#5539=CARTESIAN_POINT('Origin',(14.2287754715405,17.0024248896863,-247.));
#5540=CARTESIAN_POINT('',(14.2287754715405,17.0024248896863,-250.));
#5541=CARTESIAN_POINT('',(-38.6584476056556,17.0024248896608,-250.));
#5542=CARTESIAN_POINT('',(14.2287754715405,17.0024248896863,-247.));
#5543=CARTESIAN_POINT('',(2.34155239433914,17.0024248896806,-247.));
#5544=CARTESIAN_POINT('',(14.2287754715405,17.0024248896863,-247.));
#5545=CARTESIAN_POINT('Origin',(14.2287754715451,7.55848315803759,-247.));
#5546=CARTESIAN_POINT('',(14.2287754715451,7.55848315803759,-250.));
#5547=CARTESIAN_POINT('',(14.2287754715388,20.469782890281,-250.));
#5548=CARTESIAN_POINT('',(14.2287754715451,7.55848315803759,-247.));
#5549=CARTESIAN_POINT('',(14.2287754715441,9.56228289026122,-247.));
#5550=CARTESIAN_POINT('',(14.2287754715451,7.55848315803759,-247.));
#5551=CARTESIAN_POINT('Origin',(18.9507463373694,7.55848315803987,-247.));
#5552=CARTESIAN_POINT('',(-36.2974621727388,7.55848315801317,-250.));
#5553=CARTESIAN_POINT('',(4.70253782725589,7.55848315803298,-247.));
#5554=CARTESIAN_POINT('Origin',(53.2923555769866,17.0024248897052,-247.));
#5555=CARTESIAN_POINT('',(53.2923555769912,7.55848315805646,-250.));
#5556=CARTESIAN_POINT('',(53.2923555769866,17.0024248897052,-250.));
#5557=CARTESIAN_POINT('',(53.2923555769827,25.1917537561243,-250.));
#5558=CARTESIAN_POINT('',(53.2923555769912,7.55848315805646,-247.));
#5559=CARTESIAN_POINT('',(53.2923555769912,7.55848315805646,-247.));
#5560=CARTESIAN_POINT('',(53.2923555769866,17.0024248897052,-247.));
#5561=CARTESIAN_POINT('',(53.2923555769879,14.2842537561045,-247.));
#5562=CARTESIAN_POINT('',(53.2923555769866,17.0024248897052,-247.));
#5563=CARTESIAN_POINT('Origin',(48.5703828070511,17.0024248897029,-247.));
#5564=CARTESIAN_POINT('',(48.5703828070511,17.0024248897029,-250.));
#5565=CARTESIAN_POINT('',(-21.4876439379003,17.0024248896691,-250.));
#5566=CARTESIAN_POINT('',(48.5703828070511,17.0024248897029,-247.));
#5567=CARTESIAN_POINT('',(19.5123560620944,17.0024248896889,-247.));
#5568=CARTESIAN_POINT('',(48.5703828070511,17.0024248897029,-247.));
#5569=CARTESIAN_POINT('Origin',(48.5703828070557,7.55848315805418,-247.));
#5570=CARTESIAN_POINT('',(48.5703828070557,7.55848315805418,-250.));
#5571=CARTESIAN_POINT('',(48.5703828070494,20.4697828902976,-250.));
#5572=CARTESIAN_POINT('',(48.5703828070557,7.55848315805418,-247.));
#5573=CARTESIAN_POINT('',(48.5703828070547,9.56228289027781,-247.));
#5574=CARTESIAN_POINT('',(48.5703828070557,7.55848315805418,-247.));
#5575=CARTESIAN_POINT('Origin',(53.2923555769912,7.55848315805646,-247.));
#5576=CARTESIAN_POINT('',(-19.126657552928,7.55848315802147,-250.));
#5577=CARTESIAN_POINT('',(21.8733424470668,7.55848315804128,-247.));
#5578=CARTESIAN_POINT('Origin',(62.9958559707751,-1.22158844396052,-247.));
#5579=CARTESIAN_POINT('',(61.3486566721201,-1.22158844396132,-247.));
#5580=CARTESIAN_POINT('Origin',(62.9958559707751,-1.22158844396052,-247.));
#5581=CARTESIAN_POINT('',(61.3486566721201,-1.22158844396132,-250.));
#5582=CARTESIAN_POINT('',(61.3486566721201,-1.22158844396132,-247.));
#5583=CARTESIAN_POINT('Origin',(62.9958559707751,-1.22158844396052,-250.));
#5584=CARTESIAN_POINT('Origin',(50.9163944473082,-7.91021589911097,-247.));
#5585=CARTESIAN_POINT('',(49.2691951486532,-7.91021589911176,-247.));
#5586=CARTESIAN_POINT('Origin',(50.9163944473082,-7.91021589911097,-247.));
#5587=CARTESIAN_POINT('',(49.2691951486532,-7.91021589911176,-250.));
#5588=CARTESIAN_POINT('',(49.2691951486532,-7.91021589911176,-247.));
#5589=CARTESIAN_POINT('Origin',(50.9163944473082,-7.91021589911097,-250.));
#5590=CARTESIAN_POINT('Origin',(33.7455896370862,-7.91021589911927,-247.));
#5591=CARTESIAN_POINT('',(32.0983903384312,-7.91021589912006,-247.));
#5592=CARTESIAN_POINT('Origin',(33.7455896370862,-7.91021589911927,-247.));
#5593=CARTESIAN_POINT('',(32.0983903384312,-7.91021589912006,-250.));
#5594=CARTESIAN_POINT('',(32.0983903384312,-7.91021589912006,-247.));
#5595=CARTESIAN_POINT('Origin',(33.7455896370862,-7.91021589911927,-250.));
#5596=CARTESIAN_POINT('Origin',(68.0143293171405,33.3260826224733,-247.));
#5597=CARTESIAN_POINT('',(68.1143293171401,36.1993429657071,-247.));
#5598=CARTESIAN_POINT('',(70.8893293171405,33.3260826224747,-247.230073681444));
#5599=CARTESIAN_POINT('Ctrl Pts',(68.1143293171401,36.1993429657071,-247.));
#5600=CARTESIAN_POINT('Ctrl Pts',(68.4459216869053,36.1878023348505,-247.026535887739));
#5601=CARTESIAN_POINT('Ctrl Pts',(68.7932046983964,36.1154163856138,-247.054673927193));
#5602=CARTESIAN_POINT('Ctrl Pts',(69.4694958662018,35.8351256337985,-247.110154686979));
#5603=CARTESIAN_POINT('Ctrl Pts',(69.7930839238904,35.6135337511441,-247.137115949243));
#5604=CARTESIAN_POINT('Ctrl Pts',(70.3032259358356,35.1027076819098,-247.179996645418));
#5605=CARTESIAN_POINT('Ctrl Pts',(70.5241427598621,34.7797646628111,-247.198797847046));
#5606=CARTESIAN_POINT('Ctrl Pts',(70.8171984788416,34.071924063407,-247.223850587986));
#5607=CARTESIAN_POINT('Ctrl Pts',(70.8893293171403,33.687022141062,-247.230073681444));
#5608=CARTESIAN_POINT('Ctrl Pts',(70.8893293171405,33.3260826224747,-247.230073681444));
#5609=CARTESIAN_POINT('',(68.1143293171402,30.4528222792395,-247.));
#5610=CARTESIAN_POINT('Origin',(68.0143293171405,33.3260826224733,-247.));
#5611=CARTESIAN_POINT('Ctrl Pts',(70.8893293171405,33.3260826224747,-247.230073681444));
#5612=CARTESIAN_POINT('Ctrl Pts',(70.8893293171407,32.9651431038874,-247.230073681444));
#5613=CARTESIAN_POINT('Ctrl Pts',(70.8171984788423,32.5802411815423,-247.223850587986));
#5614=CARTESIAN_POINT('Ctrl Pts',(70.5241427598635,31.872400582138,-247.198797847046));
#5615=CARTESIAN_POINT('Ctrl Pts',(70.3032259358373,31.549457563039,-247.179996645418));
#5616=CARTESIAN_POINT('Ctrl Pts',(69.7930839238926,31.0386314938043,-247.137115949243));
#5617=CARTESIAN_POINT('Ctrl Pts',(69.4694958662042,30.8170396111496,-247.110154686979));
#5618=CARTESIAN_POINT('Ctrl Pts',(68.7932046983982,30.5367488593333,-247.054673927194));
#5619=CARTESIAN_POINT('Ctrl Pts',(68.4459216869062,30.4643629100963,-247.026535887739));
#5620=CARTESIAN_POINT('Ctrl Pts',(68.1143293171402,30.4528222792395,-247.));
#5621=CARTESIAN_POINT('',(70.8893293171405,33.3260826224747,-250.));
#5622=CARTESIAN_POINT('',(70.8893293171405,33.3260826224747,-247.));
#5623=CARTESIAN_POINT('Origin',(68.0143293171405,33.3260826224733,-250.));
#5624=CARTESIAN_POINT('Origin',(7.98938242175081,-2.81887261237985,-247.));
#5625=CARTESIAN_POINT('',(6.34218312309579,-2.81887261238064,-247.));
#5626=CARTESIAN_POINT('Origin',(7.98938242175081,-2.81887261237985,-247.));
#5627=CARTESIAN_POINT('',(6.34218312309579,-2.81887261238064,-250.));
#5628=CARTESIAN_POINT('',(6.34218312309579,-2.81887261238064,-247.));
#5629=CARTESIAN_POINT('Origin',(7.98938242175081,-2.81887261237985,-250.));
#5630=CARTESIAN_POINT('Origin',(-17.7668247935822,-2.81887261239229,-247.));
#5631=CARTESIAN_POINT('',(-19.4140240922372,-2.81887261239309,-247.));
#5632=CARTESIAN_POINT('Origin',(-17.7668247935822,-2.81887261239229,-247.));
#5633=CARTESIAN_POINT('',(-19.4140240922372,-2.81887261239309,-250.));
#5634=CARTESIAN_POINT('',(-19.4140240922372,-2.81887261239309,-247.));
#5635=CARTESIAN_POINT('Origin',(-17.7668247935822,-2.81887261239229,-250.));
#5636=CARTESIAN_POINT('Origin',(-35.351925184981,-2.81887261240079,-247.));
#5637=CARTESIAN_POINT('',(-36.999124483636,-2.81887261240159,-247.));
#5638=CARTESIAN_POINT('Origin',(-35.351925184981,-2.81887261240079,-247.));
#5639=CARTESIAN_POINT('',(-36.999124483636,-2.81887261240159,-250.));
#5640=CARTESIAN_POINT('',(-36.999124483636,-2.81887261240159,-247.));
#5641=CARTESIAN_POINT('Origin',(-35.351925184981,-2.81887261240079,-250.));
#5642=CARTESIAN_POINT('Origin',(-52.5227299952005,-7.91021589916095,-247.));
#5643=CARTESIAN_POINT('',(-54.1699292938555,-7.91021589916175,-247.));
#5644=CARTESIAN_POINT('Origin',(-52.5227299952005,-7.91021589916095,-247.));
#5645=CARTESIAN_POINT('',(-54.1699292938555,-7.91021589916175,-250.));
#5646=CARTESIAN_POINT('',(-54.1699292938555,-7.91021589916175,-247.));
#5647=CARTESIAN_POINT('Origin',(-52.5227299952005,-7.91021589916095,-250.));
#5648=CARTESIAN_POINT('Origin',(-70.1028388735731,-7.91021589916945,-247.));
#5649=CARTESIAN_POINT('',(-71.7500381722281,-7.91021589917024,-247.));
#5650=CARTESIAN_POINT('Origin',(-70.1028388735731,-7.91021589916945,-247.));
#5651=CARTESIAN_POINT('',(-71.7500381722281,-7.91021589917024,-250.));
#5652=CARTESIAN_POINT('',(-71.7500381722281,-7.91021589917024,-247.));
#5653=CARTESIAN_POINT('Origin',(-70.1028388735731,-7.91021589916945,-250.));
#5654=CARTESIAN_POINT('Origin',(-87.5056706828597,-10.1939173775267,-247.));
#5655=CARTESIAN_POINT('',(-87.4056706828595,-7.32065703429289,-247.));
#5656=CARTESIAN_POINT('',(-84.6306706828597,-10.1939173775253,-247.230073681444));
#5657=CARTESIAN_POINT('Ctrl Pts',(-87.4056706828595,-7.3206570342929,-247.));
#5658=CARTESIAN_POINT('Ctrl Pts',(-87.0743967156829,-7.33218658357155,-247.026510407372));
#5659=CARTESIAN_POINT('Ctrl Pts',(-86.727432519659,-7.40444581495738,-247.05462224913));
#5660=CARTESIAN_POINT('Ctrl Pts',(-86.051638805147,-7.68426539208498,-247.110060946233));
#5661=CARTESIAN_POINT('Ctrl Pts',(-85.7282206135001,-7.90550345506387,-247.137007077172));
#5662=CARTESIAN_POINT('Ctrl Pts',(-85.2177375637809,-8.41598650478256,-247.179914880114));
#5663=CARTESIAN_POINT('Ctrl Pts',(-84.9964670554655,-8.73909890503389,-247.198745843146));
#5664=CARTESIAN_POINT('Ctrl Pts',(-84.702929588172,-9.44743094847905,-247.223839512138));
#5665=CARTESIAN_POINT('Ctrl Pts',(-84.6306706828599,-9.83265493979952,-247.230073681444));
#5666=CARTESIAN_POINT('Ctrl Pts',(-84.6306706828597,-10.1939173775253,-247.230073681444));
#5667=CARTESIAN_POINT('',(-87.4056706828595,-13.0671777207605,-247.));
#5668=CARTESIAN_POINT('Origin',(-87.5056706828597,-10.1939173775267,-247.));
#5669=CARTESIAN_POINT('Ctrl Pts',(-84.6306706828597,-10.1939173775253,-247.230073681444));
#5670=CARTESIAN_POINT('Ctrl Pts',(-84.6306706828595,-10.5548568961126,-247.230073681444));
#5671=CARTESIAN_POINT('Ctrl Pts',(-84.7028015211579,-10.9397588184577,-247.223850587986));
#5672=CARTESIAN_POINT('Ctrl Pts',(-84.9958572401367,-11.647599417862,-247.198797847046));
#5673=CARTESIAN_POINT('Ctrl Pts',(-85.2167740641629,-11.970542436961,-247.179996645418));
#5674=CARTESIAN_POINT('Ctrl Pts',(-85.7269160761076,-12.4813685061957,-247.137115949243));
#5675=CARTESIAN_POINT('Ctrl Pts',(-86.050504133796,-12.7029603888504,-247.110154686979));
#5676=CARTESIAN_POINT('Ctrl Pts',(-86.7267953016018,-12.9832511406667,-247.054673927194));
#5677=CARTESIAN_POINT('Ctrl Pts',(-87.0740783130937,-13.0556370899037,-247.026535887739));
#5678=CARTESIAN_POINT('Ctrl Pts',(-87.4056706828595,-13.0671777207605,-247.));
#5679=CARTESIAN_POINT('',(-84.6306706828597,-10.1939173775253,-250.));
#5680=CARTESIAN_POINT('',(-84.6306706828597,-10.1939173775253,-247.));
#5681=CARTESIAN_POINT('Origin',(-87.5056706828597,-10.1939173775267,-250.));
#5682=CARTESIAN_POINT('Origin',(-78.6882412786866,-2.81887261242173,-247.));
#5683=CARTESIAN_POINT('',(-80.3354405773416,-2.81887261242252,-247.));
#5684=CARTESIAN_POINT('Origin',(-78.6882412786866,-2.81887261242173,-247.));
#5685=CARTESIAN_POINT('',(-80.3354405773416,-2.81887261242253,-250.));
#5686=CARTESIAN_POINT('',(-80.3354405773416,-2.81887261242253,-247.));
#5687=CARTESIAN_POINT('Origin',(-78.6882412786866,-2.81887261242173,-250.));
#5688=CARTESIAN_POINT('Origin',(-61.5174364684646,-2.81887261241343,-247.));
#5689=CARTESIAN_POINT('',(-63.1646357671196,-2.81887261241423,-247.));
#5690=CARTESIAN_POINT('Origin',(-61.5174364684646,-2.81887261241343,-247.));
#5691=CARTESIAN_POINT('',(-63.1646357671196,-2.81887261241423,-250.));
#5692=CARTESIAN_POINT('',(-63.1646357671196,-2.81887261241423,-247.));
#5693=CARTESIAN_POINT('Origin',(-61.5174364684646,-2.81887261241343,-250.));
#5694=CARTESIAN_POINT('Origin',(-43.937327590092,-2.81887261240494,-247.));
#5695=CARTESIAN_POINT('',(-45.584526888747,-2.81887261240573,-247.));
#5696=CARTESIAN_POINT('Origin',(-43.937327590092,-2.81887261240494,-247.));
#5697=CARTESIAN_POINT('',(-45.584526888747,-2.81887261240573,-250.));
#5698=CARTESIAN_POINT('',(-45.584526888747,-2.81887261240573,-247.));
#5699=CARTESIAN_POINT('Origin',(-43.937327590092,-2.81887261240494,-250.));
#5700=CARTESIAN_POINT('Origin',(-26.3522271986931,-2.81887261239644,-247.));
#5701=CARTESIAN_POINT('',(-27.9994264973481,-2.81887261239724,-247.));
#5702=CARTESIAN_POINT('Origin',(-26.3522271986931,-2.81887261239644,-247.));
#5703=CARTESIAN_POINT('',(-27.9994264973481,-2.81887261239724,-250.));
#5704=CARTESIAN_POINT('',(-27.9994264973481,-2.81887261239724,-247.));
#5705=CARTESIAN_POINT('Origin',(-26.3522271986931,-2.81887261239644,-250.));
#5706=CARTESIAN_POINT('Origin',(-0.596019983360168,-2.81887261238399,-247.));
#5707=CARTESIAN_POINT('',(-2.24321928201519,-2.81887261238479,-247.));
#5708=CARTESIAN_POINT('Origin',(-0.596019983360168,-2.81887261238399,-247.));
#5709=CARTESIAN_POINT('',(-2.24321928201519,-2.81887261238479,-250.));
#5710=CARTESIAN_POINT('',(-2.24321928201519,-2.81887261238479,-247.));
#5711=CARTESIAN_POINT('Origin',(-0.596019983360167,-2.81887261238399,-250.));
#5712=CARTESIAN_POINT('Origin',(16.5747848268643,-7.91021589912756,-247.));
#5713=CARTESIAN_POINT('',(14.9275855282093,-7.91021589912836,-247.));
#5714=CARTESIAN_POINT('Origin',(16.5747848268643,-7.91021589912756,-247.));
#5715=CARTESIAN_POINT('',(14.9275855282093,-7.91021589912836,-250.));
#5716=CARTESIAN_POINT('',(14.9275855282093,-7.91021589912836,-247.));
#5717=CARTESIAN_POINT('Origin',(16.5747848268643,-7.91021589912756,-250.));
#5718=CARTESIAN_POINT('Origin',(25.1601872319728,-2.81887261237155,-247.));
#5719=CARTESIAN_POINT('',(23.5129879333178,-2.81887261237235,-247.));
#5720=CARTESIAN_POINT('Origin',(25.1601872319728,-2.81887261237155,-247.));
#5721=CARTESIAN_POINT('',(23.5129879333178,-2.81887261237234,-250.));
#5722=CARTESIAN_POINT('',(23.5129879333178,-2.81887261237234,-247.));
#5723=CARTESIAN_POINT('Origin',(25.1601872319728,-2.81887261237155,-250.));
#5724=CARTESIAN_POINT('Origin',(42.3309920421948,-2.81887261236325,-247.));
#5725=CARTESIAN_POINT('',(40.6837927435398,-2.81887261236405,-247.));
#5726=CARTESIAN_POINT('Origin',(42.3309920421948,-2.81887261236325,-247.));
#5727=CARTESIAN_POINT('',(40.6837927435398,-2.81887261236405,-250.));
#5728=CARTESIAN_POINT('',(40.6837927435398,-2.81887261236405,-247.));
#5729=CARTESIAN_POINT('Origin',(42.3309920421948,-2.81887261236325,-250.));
#5730=CARTESIAN_POINT('Origin',(59.5017968524193,-8.01004615963137,-247.));
#5731=CARTESIAN_POINT('',(57.8545975537642,-8.01004615963216,-247.));
#5732=CARTESIAN_POINT('Origin',(59.5017968524193,-8.01004615963137,-247.));
#5733=CARTESIAN_POINT('',(57.8545975537642,-8.01004615963216,-250.));
#5734=CARTESIAN_POINT('',(57.8545975537642,-8.01004615963216,-247.));
#5735=CARTESIAN_POINT('Origin',(59.5017968524193,-8.01004615963137,-250.));
#5736=CARTESIAN_POINT('Origin',(57.8046824234946,7.36381396114796,-247.));
#5737=CARTESIAN_POINT('',(56.1574831248395,7.36381396114717,-247.));
#5738=CARTESIAN_POINT('Origin',(57.8046824234946,7.36381396114796,-247.));
#5739=CARTESIAN_POINT('',(56.1574831248395,7.36381396114716,-250.));
#5740=CARTESIAN_POINT('',(56.1574831248395,7.36381396114716,-247.));
#5741=CARTESIAN_POINT('Origin',(57.8046824234946,7.36381396114796,-250.));
#5742=CARTESIAN_POINT('Origin',(36.1215481010091,17.0024248896969,-247.));
#5743=CARTESIAN_POINT('',(36.1215481010136,7.55848315804816,-250.));
#5744=CARTESIAN_POINT('',(36.1215481010091,17.0024248896969,-250.));
#5745=CARTESIAN_POINT('',(36.1215481010051,25.191753756116,-250.));
#5746=CARTESIAN_POINT('',(36.1215481010136,7.55848315804816,-247.));
#5747=CARTESIAN_POINT('',(36.1215481010136,7.55848315804816,-247.));
#5748=CARTESIAN_POINT('',(36.1215481010091,17.0024248896969,-247.));
#5749=CARTESIAN_POINT('',(36.1215481010104,14.2842537560962,-247.));
#5750=CARTESIAN_POINT('',(36.1215481010091,17.0024248896969,-247.));
#5751=CARTESIAN_POINT('Origin',(31.3995772351847,17.0024248896946,-247.));
#5752=CARTESIAN_POINT('',(31.3995772351847,17.0024248896946,-250.));
#5753=CARTESIAN_POINT('',(-30.0730467238335,17.0024248896649,-250.));
#5754=CARTESIAN_POINT('',(31.3995772351847,17.0024248896946,-247.));
#5755=CARTESIAN_POINT('',(10.9269532761612,17.0024248896847,-247.));
#5756=CARTESIAN_POINT('',(31.3995772351847,17.0024248896946,-247.));
#5757=CARTESIAN_POINT('Origin',(31.3995772351893,7.55848315804588,-247.));
#5758=CARTESIAN_POINT('',(31.3995772351893,7.55848315804588,-250.));
#5759=CARTESIAN_POINT('',(31.399577235183,20.4697828902893,-250.));
#5760=CARTESIAN_POINT('',(31.3995772351893,7.55848315804588,-247.));
#5761=CARTESIAN_POINT('',(31.3995772351883,9.56228289026951,-247.));
#5762=CARTESIAN_POINT('',(31.3995772351893,7.55848315804588,-247.));
#5763=CARTESIAN_POINT('Origin',(36.1215481010136,7.55848315804816,-247.));
#5764=CARTESIAN_POINT('',(-27.7120612909168,7.55848315801731,-250.));
#5765=CARTESIAN_POINT('',(13.287938709078,7.55848315803713,-247.));
#5766=CARTESIAN_POINT('Origin',(1.77994076549845,17.0024248896803,-247.));
#5767=CARTESIAN_POINT('',(1.77994076550302,7.55848315803157,-250.));
#5768=CARTESIAN_POINT('',(1.77994076549845,17.0024248896803,-250.));
#5769=CARTESIAN_POINT('',(1.77994076549449,25.1917537560994,-250.));
#5770=CARTESIAN_POINT('',(1.77994076550302,7.55848315803157,-247.));
#5771=CARTESIAN_POINT('',(1.77994076550302,7.55848315803157,-247.));
#5772=CARTESIAN_POINT('',(1.77994076549845,17.0024248896803,-247.));
#5773=CARTESIAN_POINT('',(1.77994076549977,14.2842537560796,-247.));
#5774=CARTESIAN_POINT('',(1.77994076549845,17.0024248896803,-247.));
#5775=CARTESIAN_POINT('Origin',(-2.94203390854815,17.002424889678,-247.));
#5776=CARTESIAN_POINT('',(-2.94203390854815,17.002424889678,-250.));
#5777=CARTESIAN_POINT('',(-47.2438522956999,17.0024248896566,-250.));
#5778=CARTESIAN_POINT('',(-2.94203390854815,17.002424889678,-247.));
#5779=CARTESIAN_POINT('',(-6.24385229570519,17.0024248896764,-247.));
#5780=CARTESIAN_POINT('',(-2.94203390854815,17.002424889678,-247.));
#5781=CARTESIAN_POINT('Origin',(-2.94203390854357,7.55848315802929,-247.));
#5782=CARTESIAN_POINT('',(-2.94203390854357,7.55848315802929,-250.));
#5783=CARTESIAN_POINT('',(-2.94203390854982,20.4697828902728,-250.));
#5784=CARTESIAN_POINT('',(-2.94203390854357,7.55848315802929,-247.));
#5785=CARTESIAN_POINT('',(-2.94203390854454,9.56228289025292,-247.));
#5786=CARTESIAN_POINT('',(-2.94203390854357,7.55848315802929,-247.));
#5787=CARTESIAN_POINT('Origin',(1.77994076550302,7.55848315803157,-247.));
#5788=CARTESIAN_POINT('',(-44.8828649586721,7.55848315800902,-250.));
#5789=CARTESIAN_POINT('',(-3.88286495867732,7.55848315802883,-247.));
#5790=CARTESIAN_POINT('Origin',(-50.1467686370288,17.0024248896552,-247.));
#5791=CARTESIAN_POINT('',(-50.1467686370242,7.55848315800648,-250.));
#5792=CARTESIAN_POINT('',(-50.1467686370288,17.0024248896552,-250.));
#5793=CARTESIAN_POINT('',(-50.1467686370327,25.1917537560743,-250.));
#5794=CARTESIAN_POINT('',(-50.1467686370242,7.55848315800648,-247.));
#5795=CARTESIAN_POINT('',(-50.1467686370242,7.55848315800648,-247.));
#5796=CARTESIAN_POINT('',(-50.1467686370288,17.0024248896552,-247.));
#5797=CARTESIAN_POINT('',(-50.1467686370275,14.2842537560545,-247.));
#5798=CARTESIAN_POINT('',(-50.1467686370288,17.0024248896552,-247.));
#5799=CARTESIAN_POINT('Origin',(-54.8687433110754,17.0024248896529,-247.));
#5800=CARTESIAN_POINT('',(-54.8687433110754,17.0024248896529,-250.));
#5801=CARTESIAN_POINT('',(-73.2072069969635,17.0024248896441,-250.));
#5802=CARTESIAN_POINT('',(-54.8687433110754,17.0024248896529,-247.));
#5803=CARTESIAN_POINT('',(-32.2072069969688,17.0024248896639,-247.));
#5804=CARTESIAN_POINT('',(-54.8687433110754,17.0024248896529,-247.));
#5805=CARTESIAN_POINT('Origin',(-54.8687433110708,7.55848315800419,-247.));
#5806=CARTESIAN_POINT('',(-54.8687433110708,7.55848315800419,-250.));
#5807=CARTESIAN_POINT('',(-54.8687433110771,20.4697828902476,-250.));
#5808=CARTESIAN_POINT('',(-54.8687433110708,7.55848315800419,-247.));
#5809=CARTESIAN_POINT('',(-54.8687433110718,9.56228289022784,-247.));
#5810=CARTESIAN_POINT('',(-54.8687433110708,7.55848315800419,-247.));
#5811=CARTESIAN_POINT('Origin',(-50.1467686370242,7.55848315800648,-247.));
#5812=CARTESIAN_POINT('',(-70.8462196599357,7.55848315799647,-250.));
#5813=CARTESIAN_POINT('',(-29.8462196599409,7.55848315801629,-247.));
#5814=CARTESIAN_POINT('Origin',(-15.3908609981457,17.002424889672,-247.));
#5815=CARTESIAN_POINT('',(-15.3908609981412,7.55848315802327,-250.));
#5816=CARTESIAN_POINT('',(-15.3908609981457,17.002424889672,-250.));
#5817=CARTESIAN_POINT('',(-15.3908609981497,25.1917537560911,-250.));
#5818=CARTESIAN_POINT('',(-15.3908609981412,7.55848315802327,-247.));
#5819=CARTESIAN_POINT('',(-15.3908609981412,7.55848315802327,-247.));
#5820=CARTESIAN_POINT('',(-15.3908609981457,17.002424889672,-247.));
#5821=CARTESIAN_POINT('',(-15.3908609981444,14.2842537560713,-247.));
#5822=CARTESIAN_POINT('',(-15.3908609981457,17.002424889672,-247.));
#5823=CARTESIAN_POINT('Origin',(-20.1128356721923,17.0024248896698,-247.));
#5824=CARTESIAN_POINT('',(-20.1128356721923,17.0024248896698,-250.));
#5825=CARTESIAN_POINT('',(-55.829253177522,17.0024248896525,-250.));
#5826=CARTESIAN_POINT('',(-20.1128356721923,17.0024248896698,-247.));
#5827=CARTESIAN_POINT('',(-14.8292531775273,17.0024248896723,-247.));
#5828=CARTESIAN_POINT('',(-20.1128356721923,17.0024248896698,-247.));
#5829=CARTESIAN_POINT('Origin',(-20.1128356721878,7.55848315802099,-247.));
#5830=CARTESIAN_POINT('',(-20.1128356721878,7.55848315802099,-250.));
#5831=CARTESIAN_POINT('',(-20.112835672194,20.4697828902644,-250.));
#5832=CARTESIAN_POINT('',(-20.1128356721878,7.55848315802099,-247.));
#5833=CARTESIAN_POINT('',(-20.1128356721888,9.56228289024463,-247.));
#5834=CARTESIAN_POINT('',(-20.1128356721878,7.55848315802099,-247.));
#5835=CARTESIAN_POINT('Origin',(-15.3908609981412,7.55848315802327,-247.));
#5836=CARTESIAN_POINT('',(-53.4682658404942,7.55848315800487,-250.));
#5837=CARTESIAN_POINT('',(-12.4682658404994,7.55848315802468,-247.));
#5838=CARTESIAN_POINT('Origin',(-6.80546011632365,17.0024248896762,-247.));
#5839=CARTESIAN_POINT('',(-6.80546011631908,7.55848315802742,-250.));
#5840=CARTESIAN_POINT('',(-6.80546011632365,17.0024248896762,-250.));
#5841=CARTESIAN_POINT('',(-6.8054601163276,25.1917537560952,-250.));
#5842=CARTESIAN_POINT('',(-6.80546011631908,7.55848315802742,-247.));
#5843=CARTESIAN_POINT('',(-6.80546011631908,7.55848315802742,-247.));
#5844=CARTESIAN_POINT('',(-6.80546011632365,17.0024248896762,-247.));
#5845=CARTESIAN_POINT('',(-6.80546011632234,14.2842537560754,-247.));
#5846=CARTESIAN_POINT('',(-6.80546011632365,17.0024248896762,-247.));
#5847=CARTESIAN_POINT('Origin',(-11.5274347903702,17.0024248896739,-247.));
#5848=CARTESIAN_POINT('',(-11.5274347903702,17.0024248896739,-250.));
#5849=CARTESIAN_POINT('',(-51.536552736611,17.0024248896545,-250.));
#5850=CARTESIAN_POINT('',(-11.5274347903702,17.0024248896739,-247.));
#5851=CARTESIAN_POINT('',(-10.5365527366162,17.0024248896744,-247.));
#5852=CARTESIAN_POINT('',(-11.5274347903702,17.0024248896739,-247.));
#5853=CARTESIAN_POINT('Origin',(-11.5274347903657,7.55848315802514,-247.));
#5854=CARTESIAN_POINT('',(-11.5274347903657,7.55848315802514,-250.));
#5855=CARTESIAN_POINT('',(-11.5274347903719,20.4697828902686,-250.));
#5856=CARTESIAN_POINT('',(-11.5274347903657,7.55848315802514,-247.));
#5857=CARTESIAN_POINT('',(-11.5274347903666,9.56228289024877,-247.));
#5858=CARTESIAN_POINT('',(-11.5274347903657,7.55848315802514,-247.));
#5859=CARTESIAN_POINT('Origin',(-6.80546011631908,7.55848315802742,-247.));
#5860=CARTESIAN_POINT('',(-49.1755653995831,7.55848315800695,-250.));
#5861=CARTESIAN_POINT('',(-8.17556539958837,7.55848315802676,-247.));
#5862=CARTESIAN_POINT('Origin',(-41.5613677552067,17.0024248896594,-247.));
#5863=CARTESIAN_POINT('',(-41.5613677552021,7.55848315801063,-250.));
#5864=CARTESIAN_POINT('',(-41.5613677552067,17.0024248896594,-250.));
#5865=CARTESIAN_POINT('',(-41.5613677552106,25.1917537560784,-250.));
#5866=CARTESIAN_POINT('',(-41.5613677552021,7.55848315801063,-247.));
#5867=CARTESIAN_POINT('',(-41.5613677552021,7.55848315801063,-247.));
#5868=CARTESIAN_POINT('',(-41.5613677552067,17.0024248896594,-247.));
#5869=CARTESIAN_POINT('',(-41.5613677552054,14.2842537560587,-247.));
#5870=CARTESIAN_POINT('',(-41.5613677552067,17.0024248896594,-247.));
#5871=CARTESIAN_POINT('Origin',(-46.2833424292533,17.0024248896571,-247.));
#5872=CARTESIAN_POINT('',(-46.2833424292533,17.0024248896571,-250.));
#5873=CARTESIAN_POINT('',(-68.9145065560525,17.0024248896462,-250.));
#5874=CARTESIAN_POINT('',(-46.2833424292533,17.0024248896571,-247.));
#5875=CARTESIAN_POINT('',(-27.9145065560578,17.002424889666,-247.));
#5876=CARTESIAN_POINT('',(-46.2833424292533,17.0024248896571,-247.));
#5877=CARTESIAN_POINT('Origin',(-46.2833424292487,7.55848315800834,-247.));
#5878=CARTESIAN_POINT('',(-46.2833424292487,7.55848315800834,-250.));
#5879=CARTESIAN_POINT('',(-46.283342429255,20.4697828902518,-250.));
#5880=CARTESIAN_POINT('',(-46.2833424292487,7.55848315800834,-247.));
#5881=CARTESIAN_POINT('',(-46.2833424292497,9.56228289023199,-247.));
#5882=CARTESIAN_POINT('',(-46.2833424292487,7.55848315800834,-247.));
#5883=CARTESIAN_POINT('Origin',(-41.5613677552021,7.55848315801063,-247.));
#5884=CARTESIAN_POINT('',(-66.5535192190246,7.55848315799855,-250.));
#5885=CARTESIAN_POINT('',(-25.5535192190299,7.55848315801836,-247.));
#5886=CARTESIAN_POINT('Origin',(-76.3122790065391,17.0024248896426,-247.));
#5887=CARTESIAN_POINT('',(-76.3122790065345,7.55848315799384,-250.));
#5888=CARTESIAN_POINT('',(-76.3122790065391,17.0024248896426,-250.));
#5889=CARTESIAN_POINT('',(-76.312279006543,25.1917537560617,-250.));
#5890=CARTESIAN_POINT('',(-76.3122790065345,7.55848315799384,-247.));
#5891=CARTESIAN_POINT('',(-76.3122790065345,7.55848315799384,-247.));
#5892=CARTESIAN_POINT('',(-76.3122790065391,17.0024248896426,-247.));
#5893=CARTESIAN_POINT('',(-76.3122790065378,14.2842537560418,-247.));
#5894=CARTESIAN_POINT('',(-76.3122790065391,17.0024248896426,-247.));
#5895=CARTESIAN_POINT('Origin',(-81.0342460641412,17.0024248896403,-247.));
#5896=CARTESIAN_POINT('',(-81.0342460641412,17.0024248896403,-250.));
#5897=CARTESIAN_POINT('',(-86.2899583734965,17.0024248896378,-250.));
#5898=CARTESIAN_POINT('',(-81.0342460641412,17.0024248896403,-247.));
#5899=CARTESIAN_POINT('',(-45.2899583735017,17.0024248896576,-247.));
#5900=CARTESIAN_POINT('',(-81.0342460641412,17.0024248896403,-247.));
#5901=CARTESIAN_POINT('Origin',(-81.0342460641367,7.55848315799155,-247.));
#5902=CARTESIAN_POINT('',(-81.0342460641367,7.55848315799155,-250.));
#5903=CARTESIAN_POINT('',(-81.0342460641429,20.469782890235,-250.));
#5904=CARTESIAN_POINT('',(-81.0342460641367,7.55848315799155,-247.));
#5905=CARTESIAN_POINT('',(-81.0342460641376,9.56228289021518,-247.));
#5906=CARTESIAN_POINT('',(-81.0342460641367,7.55848315799155,-247.));
#5907=CARTESIAN_POINT('Origin',(-76.3122790065345,7.55848315799384,-247.));
#5908=CARTESIAN_POINT('',(-83.9289748446908,7.55848315799016,-250.));
#5909=CARTESIAN_POINT('',(-42.9289748446961,7.55848315800997,-247.));
#5910=CARTESIAN_POINT('Origin',(27.536147219187,17.0024248896928,-247.));
#5911=CARTESIAN_POINT('',(27.5361472191915,7.55848315804401,-250.));
#5912=CARTESIAN_POINT('',(27.536147219187,17.0024248896928,-250.));
#5913=CARTESIAN_POINT('',(27.536147219183,25.1917537561119,-250.));
#5914=CARTESIAN_POINT('',(27.5361472191915,7.55848315804401,-247.));
#5915=CARTESIAN_POINT('',(27.5361472191915,7.55848315804401,-247.));
#5916=CARTESIAN_POINT('',(27.536147219187,17.0024248896928,-247.));
#5917=CARTESIAN_POINT('',(27.5361472191883,14.284253756092,-247.));
#5918=CARTESIAN_POINT('',(27.536147219187,17.0024248896928,-247.));
#5919=CARTESIAN_POINT('Origin',(22.8141763533626,17.0024248896905,-247.));
#5920=CARTESIAN_POINT('',(22.8141763533626,17.0024248896905,-250.));
#5921=CARTESIAN_POINT('',(-34.3657471647445,17.0024248896628,-250.));
#5922=CARTESIAN_POINT('',(22.8141763533626,17.0024248896905,-247.));
#5923=CARTESIAN_POINT('',(6.63425283525019,17.0024248896827,-247.));
#5924=CARTESIAN_POINT('',(22.8141763533626,17.0024248896905,-247.));
#5925=CARTESIAN_POINT('Origin',(22.8141763533672,7.55848315804174,-247.));
#5926=CARTESIAN_POINT('',(22.8141763533672,7.55848315804174,-250.));
#5927=CARTESIAN_POINT('',(22.8141763533609,20.4697828902852,-250.));
#5928=CARTESIAN_POINT('',(22.8141763533672,7.55848315804174,-247.));
#5929=CARTESIAN_POINT('',(22.8141763533662,9.56228289026538,-247.));
#5930=CARTESIAN_POINT('',(22.8141763533672,7.55848315804174,-247.));
#5931=CARTESIAN_POINT('Origin',(27.5361472191915,7.55848315804401,-247.));
#5932=CARTESIAN_POINT('',(-32.0047617318278,7.55848315801524,-250.));
#5933=CARTESIAN_POINT('',(8.99523826816694,7.55848315803505,-247.));
#5934=CARTESIAN_POINT('Origin',(64.4933101223555,27.8290178622288,-247.));
#5935=CARTESIAN_POINT('',(64.4933101223609,16.6979441945641,-250.));
#5936=CARTESIAN_POINT('',(64.4933101223555,27.8290178622288,-250.));
#5937=CARTESIAN_POINT('',(64.4933101223541,30.6050502423888,-250.));
#5938=CARTESIAN_POINT('',(64.4933101223609,16.6979441945641,-247.));
#5939=CARTESIAN_POINT('',(64.4933101223609,16.6979441945641,-247.));
#5940=CARTESIAN_POINT('',(64.4933101223555,27.8290178622288,-247.));
#5941=CARTESIAN_POINT('',(64.4933101223594,19.697550242369,-247.));
#5942=CARTESIAN_POINT('',(64.4933101223555,27.8290178622288,-247.));
#5943=CARTESIAN_POINT('Origin',(56.5068892803918,27.8290178622249,-247.));
#5944=CARTESIAN_POINT('',(56.5068892803918,27.8290178622249,-250.));
#5945=CARTESIAN_POINT('',(-17.5193907012326,27.8290178621891,-250.));
#5946=CARTESIAN_POINT('',(56.5068892803918,27.8290178622249,-247.));
#5947=CARTESIAN_POINT('',(23.4806092987622,27.829017862209,-247.));
#5948=CARTESIAN_POINT('',(56.5068892803918,27.8290178622249,-247.));
#5949=CARTESIAN_POINT('Origin',(56.5068892803972,16.6979441945602,-247.));
#5950=CARTESIAN_POINT('',(56.5068892803972,16.6979441945602,-250.));
#5951=CARTESIAN_POINT('',(56.5068892803931,25.0395134085526,-250.));
#5952=CARTESIAN_POINT('',(56.5068892803972,16.6979441945602,-247.));
#5953=CARTESIAN_POINT('',(56.5068892803984,14.1320134085328,-247.));
#5954=CARTESIAN_POINT('',(56.5068892803972,16.6979441945602,-247.));
#5955=CARTESIAN_POINT('Origin',(64.4933101223609,16.6979441945641,-247.));
#5956=CARTESIAN_POINT('',(-13.5261802802453,16.6979441945264,-250.));
#5957=CARTESIAN_POINT('',(27.4738197197494,16.6979441945462,-247.));
#5958=CARTESIAN_POINT('Origin',(57.8046824234987,-1.22158844396304,-247.));
#5959=CARTESIAN_POINT('',(56.1574831248437,-1.22158844396383,-247.));
#5960=CARTESIAN_POINT('Origin',(57.8046824234987,-1.22158844396304,-247.));
#5961=CARTESIAN_POINT('',(56.1574831248437,-1.22158844396383,-250.));
#5962=CARTESIAN_POINT('',(56.1574831248437,-1.22158844396383,-247.));
#5963=CARTESIAN_POINT('Origin',(57.8046824234987,-1.22158844396304,-250.));
#5964=CARTESIAN_POINT('Origin',(50.9163944473058,-2.8188726123591,-247.));
#5965=CARTESIAN_POINT('',(49.2691951486508,-2.8188726123599,-247.));
#5966=CARTESIAN_POINT('Origin',(50.9163944473058,-2.8188726123591,-247.));
#5967=CARTESIAN_POINT('',(49.2691951486508,-2.8188726123599,-250.));
#5968=CARTESIAN_POINT('',(49.2691951486508,-2.8188726123599,-247.));
#5969=CARTESIAN_POINT('Origin',(50.9163944473058,-2.8188726123591,-250.));
#5970=CARTESIAN_POINT('Origin',(33.7455896370838,-2.8188726123674,-247.));
#5971=CARTESIAN_POINT('',(32.0983903384288,-2.8188726123682,-247.));
#5972=CARTESIAN_POINT('Origin',(33.7455896370838,-2.8188726123674,-247.));
#5973=CARTESIAN_POINT('',(32.0983903384288,-2.8188726123682,-250.));
#5974=CARTESIAN_POINT('',(32.0983903384288,-2.8188726123682,-247.));
#5975=CARTESIAN_POINT('Origin',(33.7455896370838,-2.8188726123674,-250.));
#5976=CARTESIAN_POINT('Origin',(16.5747848268618,-2.8188726123757,-247.));
#5977=CARTESIAN_POINT('',(14.9275855282068,-2.81887261237649,-247.));
#5978=CARTESIAN_POINT('Origin',(16.5747848268618,-2.8188726123757,-247.));
#5979=CARTESIAN_POINT('',(14.9275855282068,-2.81887261237649,-250.));
#5980=CARTESIAN_POINT('',(14.9275855282068,-2.81887261237649,-247.));
#5981=CARTESIAN_POINT('Origin',(16.5747848268618,-2.8188726123757,-250.));
#5982=CARTESIAN_POINT('Origin',(-0.596019983357703,-7.91021589913586,-247.));
#5983=CARTESIAN_POINT('',(-2.24321928201273,-7.91021589913666,-247.));
#5984=CARTESIAN_POINT('Origin',(-0.596019983357703,-7.91021589913586,-247.));
#5985=CARTESIAN_POINT('',(-2.24321928201272,-7.91021589913666,-250.));
#5986=CARTESIAN_POINT('',(-2.24321928201273,-7.91021589913666,-247.));
#5987=CARTESIAN_POINT('Origin',(-0.596019983357702,-7.91021589913586,-250.));
#5988=CARTESIAN_POINT('Origin',(-17.7668247935797,-7.91021589914416,-247.));
#5989=CARTESIAN_POINT('',(-19.4140240922347,-7.91021589914495,-247.));
#5990=CARTESIAN_POINT('Origin',(-17.7668247935797,-7.91021589914416,-247.));
#5991=CARTESIAN_POINT('',(-19.4140240922347,-7.91021589914495,-250.));
#5992=CARTESIAN_POINT('',(-19.4140240922347,-7.91021589914495,-247.));
#5993=CARTESIAN_POINT('Origin',(-17.7668247935797,-7.91021589914416,-250.));
#5994=CARTESIAN_POINT('Origin',(-35.3519251849785,-7.91021589915265,-247.));
#5995=CARTESIAN_POINT('',(-36.9991244836336,-7.91021589915345,-247.));
#5996=CARTESIAN_POINT('Origin',(-35.3519251849785,-7.91021589915265,-247.));
#5997=CARTESIAN_POINT('',(-36.9991244836336,-7.91021589915345,-250.));
#5998=CARTESIAN_POINT('',(-36.9991244836336,-7.91021589915345,-247.));
#5999=CARTESIAN_POINT('Origin',(-35.3519251849785,-7.91021589915265,-250.));
#6000=CARTESIAN_POINT('Origin',(-52.522729995203,-2.81887261240909,-247.));
#6001=CARTESIAN_POINT('',(-54.169929293858,-2.81887261240988,-247.));
#6002=CARTESIAN_POINT('Origin',(-52.522729995203,-2.81887261240909,-247.));
#6003=CARTESIAN_POINT('',(-54.169929293858,-2.81887261240988,-250.));
#6004=CARTESIAN_POINT('',(-54.169929293858,-2.81887261240988,-247.));
#6005=CARTESIAN_POINT('Origin',(-52.522729995203,-2.81887261240909,-250.));
#6006=CARTESIAN_POINT('Origin',(-70.1028388735756,-2.81887261241758,-247.));
#6007=CARTESIAN_POINT('',(-71.7500381722306,-2.81887261241838,-247.));
#6008=CARTESIAN_POINT('Origin',(-70.1028388735756,-2.81887261241758,-247.));
#6009=CARTESIAN_POINT('',(-71.7500381722306,-2.81887261241838,-250.));
#6010=CARTESIAN_POINT('',(-71.7500381722306,-2.81887261241838,-247.));
#6011=CARTESIAN_POINT('Origin',(-70.1028388735756,-2.81887261241758,-250.));
#6012=CARTESIAN_POINT('Origin',(-87.5056706828595,33.3260826224733,-247.));
#6013=CARTESIAN_POINT('',(-87.4056706828595,36.1993429657071,-247.));
#6014=CARTESIAN_POINT('',(-84.6306706828595,33.3260826224747,-247.230073681444));
#6015=CARTESIAN_POINT('Ctrl Pts',(-87.4056706828595,36.1993429657071,-247.));
#6016=CARTESIAN_POINT('Ctrl Pts',(-87.0740783130944,36.1878023348504,-247.026535887739));
#6017=CARTESIAN_POINT('Ctrl Pts',(-86.7267953016035,36.1154163856137,-247.054673927193));
#6018=CARTESIAN_POINT('Ctrl Pts',(-86.0505041337983,35.8351256337985,-247.110154686979));
#6019=CARTESIAN_POINT('Ctrl Pts',(-85.7269160761096,35.6135337511441,-247.137115949243));
#6020=CARTESIAN_POINT('Ctrl Pts',(-85.2167740641644,35.1027076819098,-247.179996645418));
#6021=CARTESIAN_POINT('Ctrl Pts',(-84.995857240138,34.7797646628111,-247.198797847046));
#6022=CARTESIAN_POINT('Ctrl Pts',(-84.7028015211584,34.071924063407,-247.223850587986));
#6023=CARTESIAN_POINT('Ctrl Pts',(-84.6306706828597,33.687022141062,-247.230073681444));
#6024=CARTESIAN_POINT('Ctrl Pts',(-84.6306706828595,33.3260826224747,-247.230073681444));
#6025=CARTESIAN_POINT('',(-87.4056706828593,30.4528222792395,-247.));
#6026=CARTESIAN_POINT('Origin',(-87.5056706828595,33.3260826224733,-247.));
#6027=CARTESIAN_POINT('Ctrl Pts',(-84.6306706828595,33.3260826224747,-247.230073681444));
#6028=CARTESIAN_POINT('Ctrl Pts',(-84.6306706828594,32.9651431038874,-247.230073681444));
#6029=CARTESIAN_POINT('Ctrl Pts',(-84.7028015211577,32.5802411815423,-247.223850587986));
#6030=CARTESIAN_POINT('Ctrl Pts',(-84.9958572401366,31.872400582138,-247.198797847046));
#6031=CARTESIAN_POINT('Ctrl Pts',(-85.2167740641627,31.549457563039,-247.179996645418));
#6032=CARTESIAN_POINT('Ctrl Pts',(-85.7269160761074,31.0386314938043,-247.137115949243));
#6033=CARTESIAN_POINT('Ctrl Pts',(-86.0505041337959,30.8170396111496,-247.110154686979));
#6034=CARTESIAN_POINT('Ctrl Pts',(-86.7267953016016,30.5367488593333,-247.054673927194));
#6035=CARTESIAN_POINT('Ctrl Pts',(-87.0740783130935,30.4643629100963,-247.026535887739));
#6036=CARTESIAN_POINT('Ctrl Pts',(-87.4056706828593,30.4528222792395,-247.));
#6037=CARTESIAN_POINT('',(-84.6306706828595,33.3260826224747,-250.));
#6038=CARTESIAN_POINT('',(-84.6306706828595,33.3260826224747,-247.));
#6039=CARTESIAN_POINT('Origin',(-87.5056706828595,33.3260826224733,-250.));
#6040=CARTESIAN_POINT('Origin',(-9.5456706828596,11.5660826224734,-247.));
#6041=CARTESIAN_POINT('',(-88.2956706828596,37.3810826224734,-247.));
#6042=CARTESIAN_POINT('',(69.2043293171404,37.3810826224734,-247.));
#6043=CARTESIAN_POINT('',(-88.2956706828596,37.3810826224734,-247.));
#6044=CARTESIAN_POINT('',(-92.2956706828596,33.3810826224734,-247.));
#6045=CARTESIAN_POINT('Origin',(-88.2956706828596,33.3810826224734,-247.));
#6046=CARTESIAN_POINT('',(-92.2956706828596,-10.2489173775266,-247.));
#6047=CARTESIAN_POINT('',(-92.2956706828596,-10.2489173775266,-247.));
#6048=CARTESIAN_POINT('',(-88.2956706828596,-14.2489173775267,-247.));
#6049=CARTESIAN_POINT('Origin',(-88.2956706828596,-10.2489173775267,-247.));
#6050=CARTESIAN_POINT('',(69.2043293171404,-14.2489173775266,-247.));
#6051=CARTESIAN_POINT('',(69.2043293171404,-14.2489173775266,-247.));
#6052=CARTESIAN_POINT('',(73.2043293171404,-10.2489173775266,-247.));
#6053=CARTESIAN_POINT('Origin',(69.2043293171404,-10.2489173775266,-247.));
#6054=CARTESIAN_POINT('',(73.2043293171404,33.3810826224733,-247.));
#6055=CARTESIAN_POINT('',(73.2043293171404,33.3810826224733,-247.));
#6056=CARTESIAN_POINT('Origin',(69.2043293171404,33.3810826224734,-247.));
#6057=CARTESIAN_POINT('Origin',(68.2143293171404,33.3260826224733,-247.));
#6058=CARTESIAN_POINT('Origin',(-87.3056706828596,33.3260826224733,-247.));
#6059=CARTESIAN_POINT('Origin',(-87.3056706828596,-10.1939173775267,-247.));
#6060=CARTESIAN_POINT('Origin',(68.2143293171404,-10.1939173775267,-247.));
#6061=CARTESIAN_POINT('Origin',(68.2143293171404,33.3260826224733,-247.790878279964));
#6062=CARTESIAN_POINT('Origin',(-87.3056706828596,33.3260826224733,-247.790878279964));
#6063=CARTESIAN_POINT('Origin',(-87.3056706828596,-10.1939173775267,-247.790878279964));
#6064=CARTESIAN_POINT('Origin',(68.2143293171404,-10.1939173775267,-247.790878279964));
#6065=CARTESIAN_POINT('Origin',(69.2043293171404,-14.2489173775266,-248.6));
#6066=CARTESIAN_POINT('',(-88.2956706828596,-14.2489173775267,-246.5));
#6067=CARTESIAN_POINT('',(-88.2956706828596,-14.2489173775267,-247.));
#6068=CARTESIAN_POINT('',(69.2043293171404,-14.2489173775266,-246.5));
#6069=CARTESIAN_POINT('',(69.2043293171404,-14.2489173775266,-246.5));
#6070=CARTESIAN_POINT('',(69.2043293171404,-14.2489173775266,-247.));
#6071=CARTESIAN_POINT('Origin',(-88.2956706828596,-10.2489173775267,-247.55));
#6072=CARTESIAN_POINT('',(-92.2956706828596,-10.2489173775266,-246.5));
#6073=CARTESIAN_POINT('',(-92.2956706828596,-10.2489173775266,-246.5));
#6074=CARTESIAN_POINT('Origin',(-88.2956706828596,-10.2489173775267,-246.5));
#6075=CARTESIAN_POINT('Origin',(-92.2956706828596,-10.2489173775266,-248.6));
#6076=CARTESIAN_POINT('',(-92.2956706828596,33.3810826224734,-246.5));
#6077=CARTESIAN_POINT('',(-92.2956706828596,33.3810826224734,-247.));
#6078=CARTESIAN_POINT('',(-92.2956706828596,-10.2489173775266,-246.5));
#6079=CARTESIAN_POINT('Origin',(-88.2956706828596,33.3810826224734,-247.55));
#6080=CARTESIAN_POINT('',(-88.2956706828596,37.3810826224734,-246.5));
#6081=CARTESIAN_POINT('',(-88.2956706828596,37.3810826224734,-247.));
#6082=CARTESIAN_POINT('Origin',(-88.2956706828596,33.3810826224734,-246.5));
#6083=CARTESIAN_POINT('Origin',(-9.5456706828596,-10.7489173775266,-248.6));
#6084=CARTESIAN_POINT('',(-11.0456706828596,-10.7489173775266,-250.));
#6085=CARTESIAN_POINT('',(-8.04567068285959,-10.7489173775266,-250.));
#6086=CARTESIAN_POINT('',(-11.0456706828596,-10.7489173775266,-250.));
#6087=CARTESIAN_POINT('',(-8.04567068285959,-10.7489173775266,-251.2));
#6088=CARTESIAN_POINT('',(-8.04567068285959,-10.7489173775266,-251.2));
#6089=CARTESIAN_POINT('',(-11.0456706828596,-10.7489173775266,-251.2));
#6090=CARTESIAN_POINT('',(-8.04567068285958,-10.7489173775266,-251.2));
#6091=CARTESIAN_POINT('',(-11.0456706828596,-10.7489173775266,-250.));
#6092=CARTESIAN_POINT('Origin',(-8.04567068285959,-11.7489173775267,-248.6));
#6093=CARTESIAN_POINT('',(-7.04567068285959,-11.7489173775266,-250.));
#6094=CARTESIAN_POINT('Origin',(-8.04567068285959,-11.7489173775267,-250.));
#6095=CARTESIAN_POINT('',(-7.04567068285959,-11.7489173775266,-251.2));
#6096=CARTESIAN_POINT('',(-7.04567068285959,-11.7489173775266,-250.));
#6097=CARTESIAN_POINT('Origin',(-8.04567068285959,-11.7489173775267,-251.2));
#6098=CARTESIAN_POINT('Origin',(-8.0456706828596,34.8810826224734,-248.6));
#6099=CARTESIAN_POINT('',(-7.0456706828596,34.8810826224733,-250.));
#6100=CARTESIAN_POINT('',(-8.04567068285957,33.8810826224734,-250.));
#6101=CARTESIAN_POINT('Origin',(-8.0456706828596,34.8810826224734,-250.));
#6102=CARTESIAN_POINT('',(-8.0456706828596,33.8810826224733,-251.2));
#6103=CARTESIAN_POINT('',(-8.0456706828596,33.8810826224734,-250.));
#6104=CARTESIAN_POINT('',(-7.0456706828596,34.8810826224733,-251.2));
#6105=CARTESIAN_POINT('Origin',(-8.0456706828596,34.8810826224734,-251.2));
#6106=CARTESIAN_POINT('',(-7.0456706828596,34.8810826224733,-250.));
#6107=CARTESIAN_POINT('Origin',(69.2043293171404,-10.2489173775266,-247.55));
#6108=CARTESIAN_POINT('',(73.2043293171404,-10.2489173775266,-246.5));
#6109=CARTESIAN_POINT('Origin',(69.2043293171404,-10.2489173775266,-246.5));
#6110=CARTESIAN_POINT('',(73.2043293171404,-10.2489173775266,-247.));
#6111=CARTESIAN_POINT('Origin',(-11.0456706828596,-11.7489173775267,-248.6));
#6112=CARTESIAN_POINT('',(-12.0456706828596,-11.7489173775266,-250.));
#6113=CARTESIAN_POINT('Origin',(-11.0456706828596,-11.7489173775267,-250.));
#6114=CARTESIAN_POINT('',(-12.0456706828596,-11.7489173775266,-251.2));
#6115=CARTESIAN_POINT('Origin',(-11.0456706828596,-11.7489173775267,-251.2));
#6116=CARTESIAN_POINT('',(-12.0456706828596,-11.7489173775266,-250.));
#6117=CARTESIAN_POINT('Origin',(-11.0456706828596,34.8810826224734,-248.6));
#6118=CARTESIAN_POINT('',(-11.0456706828596,33.8810826224734,-250.));
#6119=CARTESIAN_POINT('',(-12.0456706828596,34.8810826224733,-250.));
#6120=CARTESIAN_POINT('Origin',(-11.0456706828596,34.8810826224734,-250.));
#6121=CARTESIAN_POINT('',(-12.0456706828596,34.8810826224733,-251.2));
#6122=CARTESIAN_POINT('',(-12.0456706828596,34.8810826224733,-250.));
#6123=CARTESIAN_POINT('',(-11.0456706828596,33.8810826224733,-251.2));
#6124=CARTESIAN_POINT('Origin',(-11.0456706828596,34.8810826224734,-251.2));
#6125=CARTESIAN_POINT('',(-11.0456706828596,33.8810826224734,-251.2));
#6126=CARTESIAN_POINT('Origin',(-12.0456706828596,33.8810826224734,-248.6));
#6127=CARTESIAN_POINT('',(-8.04567068285956,33.8810826224734,-250.));
#6128=CARTESIAN_POINT('',(-11.0456706828596,33.8810826224733,-251.2));
#6129=CARTESIAN_POINT('Origin',(-9.54567068285962,34.8810826224733,-248.6));
#6130=CARTESIAN_POINT('',(-12.0456706828596,34.8810826224733,-250.));
#6131=CARTESIAN_POINT('',(-7.04567068285961,34.8810826224733,-251.2));
#6132=CARTESIAN_POINT('Origin',(-10.7956706828596,34.3810826224734,-251.2));
#6133=CARTESIAN_POINT('Origin',(-12.0456706828596,-11.7489173775266,-248.6));
#6134=CARTESIAN_POINT('',(-7.04567068285959,-11.7489173775266,-250.));
#6135=CARTESIAN_POINT('',(-12.0456706828596,-11.7489173775266,-251.2));
#6136=CARTESIAN_POINT('Origin',(-10.7956706828596,-11.2489173775267,-251.2));
#6137=CARTESIAN_POINT('Origin',(-88.2956706828596,33.3810826224734,-257.8));
#6138=CARTESIAN_POINT('',(-92.6551790069294,33.3810826224734,-258.));
#6139=CARTESIAN_POINT('',(-92.8435140922517,33.3810826224734,-257.867304499379));
#6140=CARTESIAN_POINT('Origin',(-92.6551790069294,33.3810826224734,-257.8));
#6141=CARTESIAN_POINT('',(-88.2956706828596,37.9289260318654,-257.867304499379));
#6142=CARTESIAN_POINT('Origin',(-88.2956706828596,33.3810826224734,-257.867304499379));
#6143=CARTESIAN_POINT('',(-88.2956706828596,37.7405909465431,-258.));
#6144=CARTESIAN_POINT('Origin',(-88.2956706828596,37.7405909465431,-257.8));
#6145=CARTESIAN_POINT('Origin',(-88.2956706828596,33.3810826224734,-258.));
#6146=CARTESIAN_POINT('Origin',(-92.6551790069294,-10.2489173775266,-257.8));
#6147=CARTESIAN_POINT('',(-92.6551790069294,-10.2489173775266,-258.));
#6148=CARTESIAN_POINT('',(-92.8435140922517,-10.2489173775266,-257.867304499379));
#6149=CARTESIAN_POINT('Origin',(-92.6551790069294,-10.2489173775266,-257.8));
#6150=CARTESIAN_POINT('',(-92.8435140922517,-10.2489173775266,-257.867304499379));
#6151=CARTESIAN_POINT('',(-92.6551790069294,33.3810826224734,-258.));
#6152=CARTESIAN_POINT('Origin',(-88.2956706828596,37.7405909465431,-257.8));
#6153=CARTESIAN_POINT('',(69.2043293171404,37.9289260318654,-257.867304499379));
#6154=CARTESIAN_POINT('',(69.2043293171404,37.7405909465431,-258.));
#6155=CARTESIAN_POINT('Origin',(69.2043293171404,37.7405909465431,-257.8));
#6156=CARTESIAN_POINT('',(69.2043293171404,37.7405909465431,-258.));
#6157=CARTESIAN_POINT('',(-88.2956706828596,37.9289260318654,-257.867304499379));
#6158=CARTESIAN_POINT('Origin',(-88.2956706828596,-10.2489173775267,-257.8));
#6159=CARTESIAN_POINT('',(-88.2956706828596,-14.6084257015964,-258.));
#6160=CARTESIAN_POINT('',(-88.2956706828596,-14.7967607869187,-257.867304499379));
#6161=CARTESIAN_POINT('Origin',(-88.2956706828596,-14.6084257015964,-257.8));
#6162=CARTESIAN_POINT('Origin',(-88.2956706828596,-10.2489173775267,-257.867304499379));
#6163=CARTESIAN_POINT('Origin',(-88.2956706828596,-10.2489173775267,-258.));
#6164=CARTESIAN_POINT('Origin',(69.2043293171404,33.3810826224734,-257.8));
#6165=CARTESIAN_POINT('',(73.7521727265325,33.3810826224733,-257.867304499379));
#6166=CARTESIAN_POINT('',(73.5638376412102,33.3810826224733,-258.));
#6167=CARTESIAN_POINT('Origin',(73.5638376412102,33.3810826224733,-257.8));
#6168=CARTESIAN_POINT('Origin',(69.2043293171404,33.3810826224734,-258.));
#6169=CARTESIAN_POINT('Origin',(69.2043293171404,33.3810826224734,-257.867304499379));
#6170=CARTESIAN_POINT('Origin',(69.2043293171404,-14.6084257015964,-257.8));
#6171=CARTESIAN_POINT('',(69.2043293171404,-14.6084257015964,-258.));
#6172=CARTESIAN_POINT('',(69.2043293171404,-14.7967607869187,-257.867304499379));
#6173=CARTESIAN_POINT('Origin',(69.2043293171404,-14.6084257015964,-257.8));
#6174=CARTESIAN_POINT('',(69.2043293171404,-14.7967607869187,-257.867304499379));
#6175=CARTESIAN_POINT('',(-88.2956706828596,-14.6084257015964,-258.));
#6176=CARTESIAN_POINT('Origin',(73.5638376412102,33.3810826224733,-257.8));
#6177=CARTESIAN_POINT('',(73.7521727265325,-10.2489173775267,-257.867304499379));
#6178=CARTESIAN_POINT('',(73.5638376412102,-10.2489173775267,-258.));
#6179=CARTESIAN_POINT('Origin',(73.5638376412102,-10.2489173775267,-257.8));
#6180=CARTESIAN_POINT('',(73.5638376412102,-10.2489173775267,-258.));
#6181=CARTESIAN_POINT('',(73.7521727265325,33.3810826224733,-257.867304499379));
#6182=CARTESIAN_POINT('Origin',(69.2043293171404,-10.2489173775266,-257.8));
#6183=CARTESIAN_POINT('Origin',(69.2043293171404,-10.2489173775266,-258.));
#6184=CARTESIAN_POINT('Origin',(69.2043293171404,-10.2489173775266,-257.867304499379));
#6185=CARTESIAN_POINT('Origin',(50.2102870612446,33.3810826224733,-249.45424207702));
#6186=CARTESIAN_POINT('',(75.2040984388335,33.3810826224733,-250.010472983663));
#6187=CARTESIAN_POINT('Origin',(50.2102870612446,33.3810826224733,-249.45424207702));
#6188=CARTESIAN_POINT('',(75.2040984388334,-10.2489173775267,-250.01047298367));
#6189=CARTESIAN_POINT('',(75.2040984388336,-10.2489173775267,-250.010472983663));
#6190=CARTESIAN_POINT('Origin',(50.2102870612446,-10.2489173775267,-249.45424207702));
#6191=CARTESIAN_POINT('Ctrl Pts',(73.7521727265325,33.3810826224734,-257.867304499379));
#6192=CARTESIAN_POINT('Ctrl Pts',(73.7521727265325,37.9289260318655,-257.867304499379));
#6193=CARTESIAN_POINT('Ctrl Pts',(69.2043293171404,37.9289260318654,-257.867304499379));
#6194=CARTESIAN_POINT('Ctrl Pts',(75.1140572365104,33.3810826224734,-254.05640570728));
#6195=CARTESIAN_POINT('Ctrl Pts',(75.1140572365104,39.2908105418433,-254.05640570728));
#6196=CARTESIAN_POINT('Ctrl Pts',(69.2043293171404,39.2908105418433,-254.05640570728));
#6197=CARTESIAN_POINT('Ctrl Pts',(75.2040984388336,33.3810826224734,-250.010472983663));
#6198=CARTESIAN_POINT('Ctrl Pts',(75.2040984388336,39.3808517441665,-250.010472983663));
#6199=CARTESIAN_POINT('Ctrl Pts',(69.2043293171404,39.3808517441665,-250.010472983663));
#6200=CARTESIAN_POINT('',(69.2043293171404,39.3808517441664,-250.01047298367));
#6201=CARTESIAN_POINT('Origin',(69.2043293171404,14.3870403665776,-249.45424207702));
#6202=CARTESIAN_POINT('Origin',(69.2043293171404,33.3810826224734,-250.01047298367));
#6203=CARTESIAN_POINT('Origin',(-88.2956706828596,14.3870403665776,-249.45424207702));
#6204=CARTESIAN_POINT('',(-88.2956706828596,39.3808517441665,-250.010472983665));
#6205=CARTESIAN_POINT('Origin',(-88.2956706828596,14.3870403665776,-249.45424207702));
#6206=CARTESIAN_POINT('',(69.2043293171404,39.3808517441665,-250.010472983663));
#6207=CARTESIAN_POINT('Ctrl Pts',(-88.2956706828596,37.9289260318654,-257.867304499379));
#6208=CARTESIAN_POINT('Ctrl Pts',(-92.8435140922517,37.9289260318654,-257.867304499379));
#6209=CARTESIAN_POINT('Ctrl Pts',(-92.8435140922517,33.3810826224734,-257.867304499379));
#6210=CARTESIAN_POINT('Ctrl Pts',(-88.2956706828596,39.2908105418433,-254.056405707279));
#6211=CARTESIAN_POINT('Ctrl Pts',(-94.2053986022296,39.2908105418433,-254.056405707279));
#6212=CARTESIAN_POINT('Ctrl Pts',(-94.2053986022296,33.3810826224733,-254.056405707279));
#6213=CARTESIAN_POINT('Ctrl Pts',(-88.2956706828596,39.3808517441665,-250.010472983663));
#6214=CARTESIAN_POINT('Ctrl Pts',(-94.2954398045528,39.3808517441665,-250.010472983663));
#6215=CARTESIAN_POINT('Ctrl Pts',(-94.2954398045528,33.3810826224733,-250.010472983663));
#6216=CARTESIAN_POINT('',(-94.2954398045528,33.3810826224734,-250.010472983663));
#6217=CARTESIAN_POINT('Origin',(-69.3016284269638,33.3810826224734,-249.45424207702));
#6218=CARTESIAN_POINT('Origin',(-88.2956706828596,33.3810826224734,-250.010472983665));
#6219=CARTESIAN_POINT('Origin',(-92.5456706828596,33.3810826224734,-258.));
#6220=CARTESIAN_POINT('',(-92.2956706828596,-10.2489173775266,-258.));
#6221=CARTESIAN_POINT('',(-92.2956706828596,33.3810826224734,-258.));
#6222=CARTESIAN_POINT('',(-92.2956706828596,-10.2489173775266,-258.));
#6223=CARTESIAN_POINT('',(-88.2956706828596,-14.2489173775267,-258.));
#6224=CARTESIAN_POINT('Origin',(-88.2956706828596,-10.2489173775267,-258.));
#6225=CARTESIAN_POINT('',(69.2043293171404,-14.2489173775266,-258.));
#6226=CARTESIAN_POINT('',(69.2043293171404,-14.2489173775266,-258.));
#6227=CARTESIAN_POINT('',(73.2043293171404,-10.2489173775266,-258.));
#6228=CARTESIAN_POINT('Origin',(69.2043293171404,-10.2489173775266,-258.));
#6229=CARTESIAN_POINT('',(73.2043293171404,33.3810826224733,-258.));
#6230=CARTESIAN_POINT('',(73.2043293171404,33.3810826224733,-258.));
#6231=CARTESIAN_POINT('',(69.2043293171404,37.3810826224734,-258.));
#6232=CARTESIAN_POINT('Origin',(69.2043293171404,33.3810826224734,-258.));
#6233=CARTESIAN_POINT('',(-88.2956706828596,37.3810826224734,-258.));
#6234=CARTESIAN_POINT('',(-88.2956706828596,37.3810826224734,-258.));
#6235=CARTESIAN_POINT('Origin',(-88.2956706828596,33.3810826224734,-258.));
#6236=CARTESIAN_POINT('Origin',(-88.2956706828596,33.3810826224734,-246.7));
#6237=CARTESIAN_POINT('',(-93.1060376260255,33.3810826224733,-246.58878785271));
#6238=CARTESIAN_POINT('',(-92.9398092942194,33.3810826224733,-246.5));
#6239=CARTESIAN_POINT('Origin',(-92.9398092942194,33.3810826224733,-246.7));
#6240=CARTESIAN_POINT('',(-88.2956706828596,38.0252212338331,-246.5));
#6241=CARTESIAN_POINT('Origin',(-88.2956706828596,33.3810826224734,-246.5));
#6242=CARTESIAN_POINT('',(-88.2956706828596,38.1914495656393,-246.58878785271));
#6243=CARTESIAN_POINT('Origin',(-88.2956706828596,38.0252212338331,-246.7));
#6244=CARTESIAN_POINT('Origin',(-88.2956706828596,33.3810826224734,-246.58878785271));
#6245=CARTESIAN_POINT('Origin',(-92.9398092942194,-10.2489173775266,-246.7));
#6246=CARTESIAN_POINT('',(-93.1060376260255,-10.2489173775267,-246.58878785271));
#6247=CARTESIAN_POINT('',(-92.9398092942194,-10.2489173775267,-246.5));
#6248=CARTESIAN_POINT('Origin',(-92.9398092942194,-10.2489173775267,-246.7));
#6249=CARTESIAN_POINT('',(-92.9398092942194,-10.2489173775267,-246.5));
#6250=CARTESIAN_POINT('',(-93.1060376260255,33.3810826224734,-246.58878785271));
#6251=CARTESIAN_POINT('Origin',(-88.2956706828596,38.0252212338331,-246.7));
#6252=CARTESIAN_POINT('',(69.2043293171404,38.0252212338331,-246.5));
#6253=CARTESIAN_POINT('',(69.2043293171404,38.1914495656393,-246.58878785271));
#6254=CARTESIAN_POINT('Origin',(69.2043293171404,38.0252212338331,-246.7));
#6255=CARTESIAN_POINT('',(69.2043293171404,38.1914495656393,-246.58878785271));
#6256=CARTESIAN_POINT('',(-88.2956706828596,38.0252212338331,-246.5));
#6257=CARTESIAN_POINT('Origin',(-88.2956706828596,-10.2489173775267,-246.7));
#6258=CARTESIAN_POINT('',(-88.2956706828596,-15.0592843206925,-246.58878785271));
#6259=CARTESIAN_POINT('',(-88.2956706828596,-14.8930559888864,-246.5));
#6260=CARTESIAN_POINT('Origin',(-88.2956706828596,-14.8930559888864,-246.7));
#6261=CARTESIAN_POINT('Origin',(-88.2956706828596,-10.2489173775267,-246.5));
#6262=CARTESIAN_POINT('Origin',(-88.2956706828596,-10.2489173775267,-246.58878785271));
#6263=CARTESIAN_POINT('Origin',(69.2043293171404,33.3810826224734,-246.7));
#6264=CARTESIAN_POINT('',(73.8484679285001,33.3810826224733,-246.5));
#6265=CARTESIAN_POINT('',(74.0146962603063,33.3810826224733,-246.58878785271));
#6266=CARTESIAN_POINT('Origin',(73.8484679285001,33.3810826224733,-246.7));
#6267=CARTESIAN_POINT('Origin',(69.2043293171404,33.3810826224734,-246.58878785271));
#6268=CARTESIAN_POINT('Origin',(69.2043293171404,33.3810826224734,-246.5));
#6269=CARTESIAN_POINT('Origin',(69.2043293171404,-14.8930559888864,-246.7));
#6270=CARTESIAN_POINT('',(69.2043293171404,-15.0592843206925,-246.58878785271));
#6271=CARTESIAN_POINT('',(69.2043293171404,-14.8930559888864,-246.5));
#6272=CARTESIAN_POINT('Origin',(69.2043293171404,-14.8930559888864,-246.7));
#6273=CARTESIAN_POINT('',(69.2043293171404,-14.8930559888864,-246.5));
#6274=CARTESIAN_POINT('',(-88.2956706828596,-15.0592843206925,-246.58878785271));
#6275=CARTESIAN_POINT('Origin',(73.8484679285001,33.3810826224733,-246.7));
#6276=CARTESIAN_POINT('',(73.8484679285001,-10.2489173775266,-246.5));
#6277=CARTESIAN_POINT('',(74.0146962603063,-10.2489173775266,-246.58878785271));
#6278=CARTESIAN_POINT('Origin',(73.8484679285001,-10.2489173775266,-246.7));
#6279=CARTESIAN_POINT('',(74.0146962603063,-10.2489173775267,-246.58878785271));
#6280=CARTESIAN_POINT('',(73.8484679285001,33.3810826224733,-246.5));
#6281=CARTESIAN_POINT('Origin',(69.2043293171404,-10.2489173775266,-246.7));
#6282=CARTESIAN_POINT('Origin',(69.2043293171404,-10.2489173775266,-246.58878785271));
#6283=CARTESIAN_POINT('Origin',(69.2043293171404,-10.2489173775266,-246.5));
#6284=CARTESIAN_POINT('Origin',(69.2043293171404,-9.08644366888749,-250.5848120388));
#6285=CARTESIAN_POINT('',(-88.2956706828596,-16.2480484777305,-249.989453903197));
#6286=CARTESIAN_POINT('Origin',(-88.2956706828596,-9.08644366888751,-250.5848120388));
#6287=CARTESIAN_POINT('',(69.2043293171404,-16.2480484777305,-249.989453903197));
#6288=CARTESIAN_POINT('',(69.2043293171404,-16.2480484777305,-249.989453903197));
#6289=CARTESIAN_POINT('Origin',(69.2043293171404,-9.08644366888749,-250.5848120388));
#6290=CARTESIAN_POINT('Ctrl Pts',(-94.2948017830639,-10.2489173775267,-249.989453903201));
#6291=CARTESIAN_POINT('Ctrl Pts',(-94.2948017830639,-16.2480484777309,-249.989453903201));
#6292=CARTESIAN_POINT('Ctrl Pts',(-88.2956706828596,-16.2480484777309,-249.989453903201));
#6293=CARTESIAN_POINT('Ctrl Pts',(-94.1406563944611,-10.2489173775267,-248.135228202281));
#6294=CARTESIAN_POINT('Ctrl Pts',(-94.1406563944611,-16.0939030891282,-248.135228202281));
#6295=CARTESIAN_POINT('Ctrl Pts',(-88.2956706828596,-16.0939030891282,-248.135228202281));
#6296=CARTESIAN_POINT('Ctrl Pts',(-93.1060376260255,-10.2489173775267,-246.58878785271));
#6297=CARTESIAN_POINT('Ctrl Pts',(-93.1060376260255,-15.0592843206925,-246.58878785271));
#6298=CARTESIAN_POINT('Ctrl Pts',(-88.2956706828596,-15.0592843206925,-246.58878785271));
#6299=CARTESIAN_POINT('',(-94.2948017830639,-10.2489173775266,-249.989453903201));
#6300=CARTESIAN_POINT('Origin',(-87.1331969742205,-10.2489173775266,-250.5848120388));
#6301=CARTESIAN_POINT('Origin',(-88.2956706828596,-10.2489173775267,-249.989453903201));
#6302=CARTESIAN_POINT('Origin',(-87.1331969742205,-10.2489173775266,-250.5848120388));
#6303=CARTESIAN_POINT('',(-94.2948017830635,33.3810826224734,-249.989453903196));
#6304=CARTESIAN_POINT('Origin',(-87.1331969742205,33.3810826224734,-250.5848120388));
#6305=CARTESIAN_POINT('',(-94.2948017830634,-10.2489173775266,-249.989453903196));
#6306=CARTESIAN_POINT('Ctrl Pts',(-88.2956706828596,39.3802137226774,-249.989453903198));
#6307=CARTESIAN_POINT('Ctrl Pts',(-94.2948017830636,39.3802137226774,-249.989453903198));
#6308=CARTESIAN_POINT('Ctrl Pts',(-94.2948017830636,33.3810826224734,-249.989453903198));
#6309=CARTESIAN_POINT('Ctrl Pts',(-88.2956706828596,39.226068334074,-248.13522820228));
#6310=CARTESIAN_POINT('Ctrl Pts',(-94.1406563944602,39.226068334074,-248.135228202279));
#6311=CARTESIAN_POINT('Ctrl Pts',(-94.1406563944602,33.3810826224734,-248.135228202279));
#6312=CARTESIAN_POINT('Ctrl Pts',(-88.2956706828596,38.1914495656393,-246.58878785271));
#6313=CARTESIAN_POINT('Ctrl Pts',(-93.1060376260255,38.1914495656393,-246.58878785271));
#6314=CARTESIAN_POINT('Ctrl Pts',(-93.1060376260255,33.3810826224734,-246.58878785271));
#6315=CARTESIAN_POINT('',(-88.2956706828596,39.3802137226773,-249.989453903198));
#6316=CARTESIAN_POINT('Origin',(-88.2956706828596,32.2186089138342,-250.5848120388));
#6317=CARTESIAN_POINT('Origin',(-88.2956706828596,33.3810826224734,-249.989453903198));
#6318=CARTESIAN_POINT('Origin',(-92.6706706828596,33.3810826224734,-246.5));
#6319=CARTESIAN_POINT('',(69.2043293171404,37.3810826224734,-246.5));
#6320=CARTESIAN_POINT('',(-88.2956706828596,37.3810826224734,-246.5));
#6321=CARTESIAN_POINT('',(73.2043293171404,33.3810826224733,-246.5));
#6322=CARTESIAN_POINT('Origin',(69.2043293171404,33.3810826224734,-246.5));
#6323=CARTESIAN_POINT('',(73.2043293171404,33.3810826224733,-246.5));
#6324=CARTESIAN_POINT('Origin',(69.2043293171404,-16.0487360081991,-250.00602313641));
#6325=CARTESIAN_POINT('',(69.2043293171404,-16.2486864992198,-250.010472983663));
#6326=CARTESIAN_POINT('Origin',(69.2043293171404,-16.0487360081991,-250.00602313641));
#6327=CARTESIAN_POINT('',(-88.2956706828596,-16.2486864992198,-250.010472983663));
#6328=CARTESIAN_POINT('Origin',(-88.2956706828596,-16.0487360081991,-250.00602313641));
#6329=CARTESIAN_POINT('',(-88.2956706828596,-16.2486864992198,-250.010472983663));
#6330=CARTESIAN_POINT('Origin',(69.2043293171404,-10.2489173775266,-250.006023136417));
#6331=CARTESIAN_POINT('',(75.2034604173448,-10.2489173775266,-249.989453903203));
#6332=CARTESIAN_POINT('Origin',(75.0041479478128,-10.2489173775267,-250.006023136417));
#6333=CARTESIAN_POINT('Origin',(69.2043293171404,-10.2489173775266,-249.989453903203));
#6334=CARTESIAN_POINT('Origin',(69.2043293171404,-10.2489173775266,-250.01047298367));
#6335=CARTESIAN_POINT('Origin',(-88.2956706828596,-10.2489173775267,-250.006023136415));
#6336=CARTESIAN_POINT('',(-94.2954398045526,-10.2489173775267,-250.010472983668));
#6337=CARTESIAN_POINT('Origin',(-94.0954893135319,-10.2489173775266,-250.006023136415));
#6338=CARTESIAN_POINT('Origin',(-88.2956706828596,-10.2489173775267,-250.010472983668));
#6339=CARTESIAN_POINT('Origin',(75.0041479478129,33.3810826224733,-250.00602313641));
#6340=CARTESIAN_POINT('',(75.2034604173442,33.3810826224733,-249.989453903197));
#6341=CARTESIAN_POINT('Origin',(75.0041479478129,33.3810826224733,-250.00602313641));
#6342=CARTESIAN_POINT('',(75.2034604173442,33.3810826224733,-249.989453903197));
#6343=CARTESIAN_POINT('Origin',(-94.095489313532,-10.2489173775266,-250.00602313641));
#6344=CARTESIAN_POINT('Origin',(-94.0954893135321,33.3810826224734,-250.00602313641));
#6345=CARTESIAN_POINT('',(-94.2954398045528,33.3810826224734,-250.010472983663));
#6346=CARTESIAN_POINT('Origin',(69.2043293171404,33.3810826224734,-250.006023136417));
#6347=CARTESIAN_POINT('',(69.2043293171404,39.3802137226777,-249.989453903203));
#6348=CARTESIAN_POINT('Origin',(69.2043293171404,39.1809012531457,-250.006023136417));
#6349=CARTESIAN_POINT('Origin',(69.2043293171404,33.3810826224734,-249.989453903203));
#6350=CARTESIAN_POINT('Origin',(-88.2956706828596,33.3810826224734,-250.006023136412));
#6351=CARTESIAN_POINT('Origin',(-88.2956706828596,39.1809012531458,-250.006023136412));
#6352=CARTESIAN_POINT('Origin',(-88.2956706828596,39.1809012531458,-250.00602313641));
#6353=CARTESIAN_POINT('',(-88.2956706828596,39.3802137226772,-249.989453903196));
#6354=CARTESIAN_POINT('Ctrl Pts',(69.2043293171404,-14.7967607869187,-257.867304499379));
#6355=CARTESIAN_POINT('Ctrl Pts',(73.7521727265325,-14.7967607869187,-257.867304499379));
#6356=CARTESIAN_POINT('Ctrl Pts',(73.7521727265325,-10.2489173775266,-257.867304499379));
#6357=CARTESIAN_POINT('Ctrl Pts',(69.2043293171404,-16.1586452968966,-254.056405707279));
#6358=CARTESIAN_POINT('Ctrl Pts',(75.1140572365104,-16.1586452968966,-254.056405707279));
#6359=CARTESIAN_POINT('Ctrl Pts',(75.1140572365104,-10.2489173775266,-254.056405707279));
#6360=CARTESIAN_POINT('Ctrl Pts',(69.2043293171404,-16.2486864992198,-250.010472983663));
#6361=CARTESIAN_POINT('Ctrl Pts',(75.2040984388336,-16.2486864992198,-250.010472983663));
#6362=CARTESIAN_POINT('Ctrl Pts',(75.2040984388336,-10.2489173775266,-250.010472983663));
#6363=CARTESIAN_POINT('Origin',(69.2043293171404,8.74512487836914,-249.45424207702));
#6364=CARTESIAN_POINT('Origin',(69.2043293171404,8.74512487836914,-249.45424207702));
#6365=CARTESIAN_POINT('Origin',(-88.2956706828596,8.74512487836912,-249.45424207702));
#6366=CARTESIAN_POINT('Origin',(-91.5456706828596,33.3810826224734,-250.));
#6367=CARTESIAN_POINT('',(-92.2956706828596,33.3810826224734,-250.));
#6368=CARTESIAN_POINT('',(-88.2956706828596,37.3810826224734,-250.));
#6369=CARTESIAN_POINT('Origin',(-88.2956706828596,33.3810826224734,-250.));
#6370=CARTESIAN_POINT('',(69.2043293171404,37.3810826224734,-250.));
#6371=CARTESIAN_POINT('',(-88.2956706828596,37.3810826224734,-250.));
#6372=CARTESIAN_POINT('',(73.2043293171404,33.3810826224733,-250.));
#6373=CARTESIAN_POINT('Origin',(69.2043293171404,33.3810826224734,-250.));
#6374=CARTESIAN_POINT('',(73.2043293171404,-10.2489173775266,-250.));
#6375=CARTESIAN_POINT('',(73.2043293171404,33.3810826224733,-250.));
#6376=CARTESIAN_POINT('',(69.2043293171404,-14.2489173775266,-250.));
#6377=CARTESIAN_POINT('Origin',(69.2043293171404,-10.2489173775266,-250.));
#6378=CARTESIAN_POINT('',(-88.2956706828596,-14.2489173775267,-250.));
#6379=CARTESIAN_POINT('',(69.2043293171404,-14.2489173775266,-250.));
#6380=CARTESIAN_POINT('',(-92.2956706828596,-10.2489173775266,-250.));
#6381=CARTESIAN_POINT('Origin',(-88.2956706828596,-10.2489173775267,-250.));
#6382=CARTESIAN_POINT('',(-92.2956706828596,-10.2489173775266,-250.));
#6383=CARTESIAN_POINT('Ctrl Pts',(-92.8435140922517,-10.2489173775267,-257.867304499379));
#6384=CARTESIAN_POINT('Ctrl Pts',(-92.8435140922517,-14.7967607869187,-257.867304499379));
#6385=CARTESIAN_POINT('Ctrl Pts',(-88.2956706828596,-14.7967607869187,-257.867304499379));
#6386=CARTESIAN_POINT('Ctrl Pts',(-94.2053986022296,-10.2489173775267,-254.056405707279));
#6387=CARTESIAN_POINT('Ctrl Pts',(-94.2053986022296,-16.1586452968966,-254.056405707279));
#6388=CARTESIAN_POINT('Ctrl Pts',(-88.2956706828596,-16.1586452968966,-254.056405707279));
#6389=CARTESIAN_POINT('Ctrl Pts',(-94.2954398045528,-10.2489173775267,-250.010472983663));
#6390=CARTESIAN_POINT('Ctrl Pts',(-94.2954398045528,-16.2486864992198,-250.010472983663));
#6391=CARTESIAN_POINT('Ctrl Pts',(-88.2956706828596,-16.2486864992198,-250.010472983663));
#6392=CARTESIAN_POINT('Origin',(-69.3016284269638,-10.2489173775266,-249.45424207702));
#6393=CARTESIAN_POINT('Origin',(-88.2956706828596,-10.2489173775267,-254.));
#6394=CARTESIAN_POINT('',(-92.2956706828596,-10.2489173775266,-250.));
#6395=CARTESIAN_POINT('',(-88.2956706828596,-14.2489173775267,-258.));
#6396=CARTESIAN_POINT('Origin',(69.2043293171404,-14.2489173775266,-258.));
#6397=CARTESIAN_POINT('',(69.2043293171404,-14.2489173775266,-258.));
#6398=CARTESIAN_POINT('Ctrl Pts',(69.2043293171403,-16.2480484777311,-249.989453903203));
#6399=CARTESIAN_POINT('Ctrl Pts',(75.2034604173448,-16.248048477731,-249.989453903203));
#6400=CARTESIAN_POINT('Ctrl Pts',(75.2034604173448,-10.2489173775266,-249.989453903203));
#6401=CARTESIAN_POINT('Ctrl Pts',(69.2043293171402,-16.0939030891287,-248.135228202282));
#6402=CARTESIAN_POINT('Ctrl Pts',(75.0493150287423,-16.0939030891286,-248.135228202281));
#6403=CARTESIAN_POINT('Ctrl Pts',(75.0493150287423,-10.2489173775266,-248.135228202281));
#6404=CARTESIAN_POINT('Ctrl Pts',(69.2043293171402,-15.0592843206925,-246.58878785271));
#6405=CARTESIAN_POINT('Ctrl Pts',(74.0146962603061,-15.0592843206925,-246.588787852709));
#6406=CARTESIAN_POINT('Ctrl Pts',(74.0146962603061,-10.2489173775266,-246.588787852709));
#6407=CARTESIAN_POINT('Origin',(68.0418556085013,-10.2489173775266,-250.5848120388));
#6408=CARTESIAN_POINT('Origin',(69.2043293171404,-10.2489173775266,-254.));
#6409=CARTESIAN_POINT('',(73.2043293171404,-10.2489173775266,-258.));
#6410=CARTESIAN_POINT('Origin',(73.2043293171404,33.3810826224733,-248.6));
#6411=CARTESIAN_POINT('',(73.2043293171404,33.3810826224733,-247.));
#6412=CARTESIAN_POINT('Origin',(68.0418556085013,33.3810826224733,-250.5848120388));
#6413=CARTESIAN_POINT('Origin',(68.0418556085013,33.3810826224733,-250.5848120388));
#6414=CARTESIAN_POINT('Origin',(73.2043293171404,33.3810826224733,-258.));
#6415=CARTESIAN_POINT('',(73.2043293171404,33.3810826224733,-258.));
#6416=CARTESIAN_POINT('Origin',(69.2043293171404,33.3810826224734,-247.55));
#6417=CARTESIAN_POINT('',(69.2043293171404,37.3810826224734,-247.));
#6418=CARTESIAN_POINT('Ctrl Pts',(75.2034604173448,33.3810826224733,-249.989453903203));
#6419=CARTESIAN_POINT('Ctrl Pts',(75.2034604173448,39.3802137226778,-249.989453903203));
#6420=CARTESIAN_POINT('Ctrl Pts',(69.2043293171404,39.3802137226777,-249.989453903203));
#6421=CARTESIAN_POINT('Ctrl Pts',(75.0493150287424,33.3810826224733,-248.135228202282));
#6422=CARTESIAN_POINT('Ctrl Pts',(75.0493150287424,39.2260683340753,-248.135228202282));
#6423=CARTESIAN_POINT('Ctrl Pts',(69.2043293171404,39.2260683340753,-248.135228202281));
#6424=CARTESIAN_POINT('Ctrl Pts',(74.0146962603063,33.3810826224733,-246.58878785271));
#6425=CARTESIAN_POINT('Ctrl Pts',(74.0146962603064,38.1914495656392,-246.58878785271));
#6426=CARTESIAN_POINT('Ctrl Pts',(69.2043293171405,38.1914495656392,-246.58878785271));
#6427=CARTESIAN_POINT('Origin',(69.2043293171404,32.2186089138342,-250.5848120388));
#6428=CARTESIAN_POINT('Origin',(69.2043293171404,33.3810826224734,-254.));
#6429=CARTESIAN_POINT('',(69.2043293171404,37.3810826224734,-258.));
#6430=CARTESIAN_POINT('Origin',(-88.2956706828596,37.3810826224734,-248.6));
#6431=CARTESIAN_POINT('Origin',(-88.2956706828596,32.2186089138342,-250.5848120388));
#6432=CARTESIAN_POINT('Origin',(-88.2956706828596,37.3810826224734,-258.));
#6433=CARTESIAN_POINT('',(-88.2956706828596,37.3810826224734,-258.));
#6434=CARTESIAN_POINT('Origin',(-88.2956706828596,33.3810826224734,-254.));
#6435=CARTESIAN_POINT('',(-92.2956706828596,33.3810826224734,-258.));
#6436=CARTESIAN_POINT('Origin',(-69.3016284269638,-10.2489173775266,-249.45424207702));
#6437=CARTESIAN_POINT('Origin',(-92.2956706828596,-10.2489173775266,-258.));
#6438=UNCERTAINTY_MEASURE_WITH_UNIT(LENGTH_MEASURE(0.01),#6442,
'DISTANCE_ACCURACY_VALUE',
'Maximum model space distance between geometric entities at asserted c
onnectivities');
#6439=UNCERTAINTY_MEASURE_WITH_UNIT(LENGTH_MEASURE(0.01),#6442,
'DISTANCE_ACCURACY_VALUE',
'Maximum model space distance between geometric entities at asserted c
onnectivities');
#6440=(
GEOMETRIC_REPRESENTATION_CONTEXT(3)
GLOBAL_UNCERTAINTY_ASSIGNED_CONTEXT((#6438))
GLOBAL_UNIT_ASSIGNED_CONTEXT((#6442,#6444,#6445))
REPRESENTATION_CONTEXT('','3D')
);
#6441=(
GEOMETRIC_REPRESENTATION_CONTEXT(3)
GLOBAL_UNCERTAINTY_ASSIGNED_CONTEXT((#6439))
GLOBAL_UNIT_ASSIGNED_CONTEXT((#6442,#6444,#6445))
REPRESENTATION_CONTEXT('','3D')
);
#6442=(
LENGTH_UNIT()
NAMED_UNIT(*)
SI_UNIT(.MILLI.,.METRE.)
);
#6443=(
LENGTH_UNIT()
NAMED_UNIT(*)
SI_UNIT($,.METRE.)
);
#6444=(
NAMED_UNIT(*)
PLANE_ANGLE_UNIT()
SI_UNIT($,.RADIAN.)
);
#6445=(
NAMED_UNIT(*)
SI_UNIT($,.STERADIAN.)
SOLID_ANGLE_UNIT()
);
#6446=SHAPE_DEFINITION_REPRESENTATION(#6447,#6448);
#6447=PRODUCT_DEFINITION_SHAPE('',$,#6450);
#6448=SHAPE_REPRESENTATION('',(#3826),#6440);
#6449=PRODUCT_DEFINITION_CONTEXT('part definition',#6454,'design');
#6450=PRODUCT_DEFINITION('T Bezel closed','T Bezel closed',#6451,#6449);
#6451=PRODUCT_DEFINITION_FORMATION('',$,#6456);
#6452=PRODUCT_RELATED_PRODUCT_CATEGORY('T Bezel closed',
'T Bezel closed',(#6456));
#6453=APPLICATION_PROTOCOL_DEFINITION('international standard',
'automotive_design',2009,#6454);
#6454=APPLICATION_CONTEXT(
'Core Data for Automotive Mechanical Design Process');
#6455=PRODUCT_CONTEXT('part definition',#6454,'mechanical');
#6456=PRODUCT('T Bezel closed','T Bezel closed',$,(#6455));
#6457=PRESENTATION_STYLE_ASSIGNMENT((#6459));
#6458=PRESENTATION_STYLE_ASSIGNMENT((#6460));
#6459=SURFACE_STYLE_USAGE(.BOTH.,#6461);
#6460=SURFACE_STYLE_USAGE(.BOTH.,#6462);
#6461=SURFACE_SIDE_STYLE('',(#6463));
#6462=SURFACE_SIDE_STYLE('',(#6464));
#6463=SURFACE_STYLE_FILL_AREA(#6465);
#6464=SURFACE_STYLE_FILL_AREA(#6466);
#6465=FILL_AREA_STYLE('Steel - Satin',(#6467));
#6466=FILL_AREA_STYLE('Opaque(82,82,82)',(#6468));
#6467=FILL_AREA_STYLE_COLOUR('Steel - Satin',#6469);
#6468=FILL_AREA_STYLE_COLOUR('Opaque(82,82,82)',#6470);
#6469=COLOUR_RGB('Steel - Satin',0.627450980392157,0.627450980392157,0.627450980392157);
#6470=COLOUR_RGB('Opaque(82,82,82)',0.32156862745098,0.32156862745098,0.32156862745098);
ENDSEC;
END-ISO-10303-21;
