  0
SECTION
  2
HEADER
  9
$ACADVER
  1
AC1027
  9
$ACADMAINTVER
 70
   125
  9
$DWGCODEPAGE
  3
ANSI_1252
  9
$REQUIREDVERSIONS
160
                 0
  9
$INSBASE
 10
0.0
 20
0.0
 30
0.0
  9
$EXTMIN
 10
1.000000000000000E+20
 20
1.000000000000000E+20
 30
1.000000000000000E+20
  9
$EXTMAX
 10
-1.000000000000000E+20
 20
-1.000000000000000E+20
 30
-1.000000000000000E+20
  9
$LIMMIN
 10
0.0
 20
0.0
  9
$LIMMAX
 10
12.0
 20
9.0
  9
$ORTHOMODE
 70
     0
  9
$REGENMODE
 70
     1
  9
$FILLMODE
 70
     1
  9
$QTEXTMODE
 70
     0
  9
$MIRRTEXT
 70
     0
  9
$LTSCALE
 40
1.0
  9
$ATTMODE
 70
     1
  9
$TEXTSIZE
 40
0.2
  9
$TRACEWID
 40
0.05
  9
$TEXTSTYLE
  7
Standard
  9
$CLAYER
  8
0
  9
$CELTYPE
  6
ByLayer
  9
$CECOLOR
 62
   256
  9
$CELTSCALE
 40
1.0
  9
$DISPSILH
 70
     0
  9
$DIMSCALE
 40
1.0
  9
$DIMASZ
 40
0.18
  9
$DIMEXO
 40
0.0625
  9
$DIMDLI
 40
0.38
  9
$DIMRND
 40
0.0
  9
$DIMDLE
 40
0.0
  9
$DIMEXE
 40
0.18
  9
$DIMTP
 40
0.0
  9
$DIMTM
 40
0.0
  9
$DIMTXT
 40
0.18
  9
$DIMCEN
 40
0.09
  9
$DIMTSZ
 40
0.0
  9
$DIMTOL
 70
     0
  9
$DIMLIM
 70
     0
  9
$DIMTIH
 70
     1
  9
$DIMTOH
 70
     1
  9
$DIMSE1
 70
     0
  9
$DIMSE2
 70
     0
  9
$DIMTAD
 70
     0
  9
$DIMZIN
 70
     0
  9
$DIMBLK
  1

  9
$DIMASO
 70
     1
  9
$DIMSHO
 70
     1
  9
$DIMPOST
  1

  9
$DIMAPOST
  1

  9
$DIMALT
 70
     0
  9
$DIMALTD
 70
     2
  9
$DIMALTF
 40
25.4
  9
$DIMLFAC
 40
1.0
  9
$DIMTOFL
 70
     0
  9
$DIMTVP
 40
0.0
  9
$DIMTIX
 70
     0
  9
$DIMSOXD
 70
     0
  9
$DIMSAH
 70
     0
  9
$DIMBLK1
  1

  9
$DIMBLK2
  1

  9
$DIMSTYLE
  2
Standard
  9
$DIMCLRD
 70
     0
  9
$DIMCLRE
 70
     0
  9
$DIMCLRT
 70
     0
  9
$DIMTFAC
 40
1.0
  9
$DIMGAP
 40
0.09
  9
$DIMJUST
 70
     0
  9
$DIMSD1
 70
     0
  9
$DIMSD2
 70
     0
  9
$DIMTOLJ
 70
     1
  9
$DIMTZIN
 70
     0
  9
$DIMALTZ
 70
     0
  9
$DIMALTTZ
 70
     0
  9
$DIMUPT
 70
     0
  9
$DIMDEC
 70
     4
  9
$DIMTDEC
 70
     4
  9
$DIMALTU
 70
     2
  9
$DIMALTTD
 70
     2
  9
$DIMTXSTY
  7
Standard
  9
$DIMAUNIT
 70
     0
  9
$DIMADEC
 70
     0
  9
$DIMALTRND
 40
0.0
  9
$DIMAZIN
 70
     0
  9
$DIMDSEP
 70
    46
  9
$DIMATFIT
 70
     3
  9
$DIMFRAC
 70
     0
  9
$DIMLDRBLK
  1

  9
$DIMLUNIT
 70
     2
  9
$DIMLWD
 70
    -2
  9
$DIMLWE
 70
    -2
  9
$DIMTMOVE
 70
     0
  9
$DIMFXL
 40
1.0
  9
$DIMFXLON
 70
     0
  9
$DIMJOGANG
 40
0.7853981633974483
  9
$DIMTFILL
 70
     0
  9
$DIMTFILLCLR
 70
     0
  9
$DIMARCSYM
 70
     0
  9
$DIMLTYPE
  6

  9
$DIMLTEX1
  6

  9
$DIMLTEX2
  6

  9
$DIMTXTDIRECTION
 70
     0
  9
$LUNITS
 70
     2
  9
$LUPREC
 70
     4
  9
$SKETCHINC
 40
0.1
  9
$FILLETRAD
 40
0.0
  9
$AUNITS
 70
     0
  9
$AUPREC
 70
     0
  9
$MENU
  1
.
  9
$ELEVATION
 40
0.0
  9
$PELEVATION
 40
0.0
  9
$THICKNESS
 40
0.0
  9
$LIMCHECK
 70
     0
  9
$CHAMFERA
 40
0.0
  9
$CHAMFERB
 40
0.0
  9
$CHAMFERC
 40
0.0
  9
$CHAMFERD
 40
0.0
  9
$SKPOLY
 70
     0
  9
$TDCREATE
 40
2460784.456620371
  9
$TDUCREATE
 40
2460784.456620371
  9
$TDUPDATE
 40
2460784.456620371
  9
$TDUUPDATE
 40
2460784.456620371
  9
$TDINDWG
 40
0.0000000000
  9
$TDUSRTIMER
 40
0.0000000000
  9
$USRTIMER
 70
     1
  9
$ANGBASE
 50
0.0
  9
$ANGDIR
 70
     0
  9
$PDMODE
 70
     0
  9
$PDSIZE
 40
0.0
  9
$PLINEWID
 40
0.0
  9
$SPLFRAME
 70
     0
  9
$SPLINETYPE
 70
     6
  9
$SPLINESEGS
 70
     8
  9
$HANDSEED
  5
BA
  9
$SURFTAB1
 70
     6
  9
$SURFTAB2
 70
     6
  9
$SURFTYPE
 70
     6
  9
$SURFU
 70
     6
  9
$SURFV
 70
     6
  9
$UCSBASE
  2

  9
$UCSNAME
  2

  9
$UCSORG
 10
0.0
 20
0.0
 30
0.0
  9
$UCSXDIR
 10
1.0
 20
0.0
 30
0.0
  9
$UCSYDIR
 10
0.0
 20
1.0
 30
0.0
  9
$UCSORTHOREF
  2

  9
$UCSORTHOVIEW
 70
     0
  9
$UCSORGTOP
 10
0.0
 20
0.0
 30
0.0
  9
$UCSORGBOTTOM
 10
0.0
 20
0.0
 30
0.0
  9
$UCSORGLEFT
 10
0.0
 20
0.0
 30
0.0
  9
$UCSORGRIGHT
 10
0.0
 20
0.0
 30
0.0
  9
$UCSORGFRONT
 10
0.0
 20
0.0
 30
0.0
  9
$UCSORGBACK
 10
0.0
 20
0.0
 30
0.0
  9
$PUCSBASE
  2

  9
$PUCSNAME
  2

  9
$PUCSORG
 10
0.0
 20
0.0
 30
0.0
  9
$PUCSXDIR
 10
1.0
 20
0.0
 30
0.0
  9
$PUCSYDIR
 10
0.0
 20
1.0
 30
0.0
  9
$PUCSORTHOREF
  2

  9
$PUCSORTHOVIEW
 70
     0
  9
$PUCSORGTOP
 10
0.0
 20
0.0
 30
0.0
  9
$PUCSORGBOTTOM
 10
0.0
 20
0.0
 30
0.0
  9
$PUCSORGLEFT
 10
0.0
 20
0.0
 30
0.0
  9
$PUCSORGRIGHT
 10
0.0
 20
0.0
 30
0.0
  9
$PUCSORGFRONT
 10
0.0
 20
0.0
 30
0.0
  9
$PUCSORGBACK
 10
0.0
 20
0.0
 30
0.0
  9
$USERI1
 70
     0
  9
$USERI2
 70
     0
  9
$USERI3
 70
     0
  9
$USERI4
 70
     0
  9
$USERI5
 70
     0
  9
$USERR1
 40
0.0
  9
$USERR2
 40
0.0
  9
$USERR3
 40
0.0
  9
$USERR4
 40
0.0
  9
$USERR5
 40
0.0
  9
$WORLDVIEW
 70
     1
  9
$SHADEDGE
 70
     3
  9
$SHADEDIF
 70
    70
  9
$TILEMODE
 70
     1
  9
$MAXACTVP
 70
    64
  9
$PINSBASE
 10
0.0
 20
0.0
 30
0.0
  9
$PLIMCHECK
 70
     0
  9
$PEXTMIN
 10
1.000000000000000E+20
 20
1.000000000000000E+20
 30
1.000000000000000E+20
  9
$PEXTMAX
 10
-1.000000000000000E+20
 20
-1.000000000000000E+20
 30
-1.000000000000000E+20
  9
$PLIMMIN
 10
0.0
 20
0.0
  9
$PLIMMAX
 10
12.0
 20
9.0
  9
$UNITMODE
 70
     0
  9
$VISRETAIN
 70
     1
  9
$PLINEGEN
 70
     0
  9
$PSLTSCALE
 70
     1
  9
$TREEDEPTH
 70
  3020
  9
$CMLSTYLE
  2
Standard
  9
$CMLJUST
 70
     0
  9
$CMLSCALE
 40
1.0
  9
$PROXYGRAPHICS
 70
     1
  9
$MEASUREMENT
 70
     0
  9
$CELWEIGHT
370
    -1
  9
$ENDCAPS
280
     0
  9
$JOINSTYLE
280
     0
  9
$LWDISPLAY
290
     0
  9
$INSUNITS
 70
     4
  9
$HYPERLINKBASE
  1

  9
$STYLESHEET
  1

  9
$XEDIT
290
     1
  9
$CEPSNTYPE
380
     0
  9
$PSTYLEMODE
290
     1
  9
$FINGERPRINTGUID
  2
{8254A118-9F28-6643-9824-D76384CC3256}
  9
$VERSIONGUID
  2
{4862F3B8-FCDB-3A48-BCC4-3F84B633E024}
  9
$EXTNAMES
290
     1
  9
$PSVPSCALE
 40
0.0
  9
$OLESTARTUP
290
     0
  9
$SORTENTS
280
   127
  9
$INDEXCTL
280
     0
  9
$HIDETEXT
280
     1
  9
$XCLIPFRAME
280
     2
  9
$HALOGAP
280
     0
  9
$OBSCOLOR
 70
   257
  9
$OBSLTYPE
280
     0
  9
$INTERSECTIONDISPLAY
280
     0
  9
$INTERSECTIONCOLOR
 70
   257
  9
$DIMASSOC
280
     2
  9
$PROJECTNAME
  1

  9
$CAMERADISPLAY
290
     0
  9
$LENSLENGTH
 40
50.0
  9
$CAMERAHEIGHT
 40
0.0
  9
$STEPSPERSEC
 40
2.0
  9
$STEPSIZE
 40
6.0
  9
$3DDWFPREC
 40
2.0
  9
$PSOLWIDTH
 40
0.25
  9
$PSOLHEIGHT
 40
4.0
  9
$LOFTANG1
 40
1.570796326794896
  9
$LOFTANG2
 40
1.570796326794896
  9
$LOFTMAG1
 40
0.0
  9
$LOFTMAG2
 40
0.0
  9
$LOFTPARAM
 70
     7
  9
$LOFTNORMALS
280
     1
  9
$LATITUDE
 40
37.795
  9
$LONGITUDE
 40
-122.394
  9
$NORTHDIRECTION
 40
0.0
  9
$TIMEZONE
 70
 -8000
  9
$LIGHTGLYPHDISPLAY
280
     1
  9
$TILEMODELIGHTSYNCH
280
     1
  9
$CMATERIAL
347
11
  9
$SOLIDHIST
280
     0
  9
$SHOWHIST
280
     1
  9
$DWFFRAME
280
     2
  9
$DGNFRAME
280
     0
  9
$REALWORLDSCALE
290
     1
  9
$INTERFERECOLOR
 62
     1
  9
$INTERFEREOBJVS
345
33
  9
$INTERFEREVPVS
346
30
  9
$CSHADOW
280
     0
  9
$SHADOWPLANELOCATION
 40
0.0
  0
ENDSEC
  0
SECTION
  2
CLASSES
  0
CLASS
  1
ACDBDICTIONARYWDFLT
  2
AcDbDictionaryWithDefault
  3
ObjectDBX Classes
 90
        0
 91
        1
280
     0
281
     0
  0
CLASS
  1
MATERIAL
  2
AcDbMaterial
  3
ObjectDBX Classes
 90
     1153
 91
        4
280
     0
281
     0
  0
CLASS
  1
VISUALSTYLE
  2
AcDbVisualStyle
  3
ObjectDBX Classes
 90
     4095
 91
       24
280
     0
281
     0
  0
CLASS
  1
SCALE
  2
AcDbScale
  3
ObjectDBX Classes
 90
     1153
 91
       17
280
     0
281
     0
  0
CLASS
  1
TABLESTYLE
  2
AcDbTableStyle
  3
ObjectDBX Classes
 90
     4095
 91
        1
280
     0
281
     0
  0
CLASS
  1
MLEADERSTYLE
  2
AcDbMLeaderStyle
  3
ACDB_MLEADERSTYLE_CLASS
 90
     4095
 91
        1
280
     0
281
     0
  0
CLASS
  1
ACDBSECTIONVIEWSTYLE
  2
AcDbSectionViewStyle
  3
ObjectDBX Classes
 90
     1025
 91
        1
280
     0
281
     0
  0
CLASS
  1
ACDBDETAILVIEWSTYLE
  2
AcDbDetailViewStyle
  3
ObjectDBX Classes
 90
     1025
 91
        1
280
     0
281
     0
  0
CLASS
  1
DICTIONARYVAR
  2
AcDbDictionaryVar
  3
ObjectDBX Classes
 90
        0
 91
        5
280
     0
281
     0
  0
CLASS
  1
CELLSTYLEMAP
  2
AcDbCellStyleMap
  3
ObjectDBX Classes
 90
     1152
 91
        1
280
     0
281
     0
  0
ENDSEC
  0
SECTION
  2
TABLES
  0
TABLE
  2
VPORT
  5
8
330
0
100
AcDbSymbolTable
 70
     1
1001
ACAD
1000
DbSaveVer
1071
      421
  0
VPORT
  5
57
330
8
100
AcDbSymbolTableRecord
100
AcDbViewportTableRecord
  2
*Active
 70
     0
 10
0.0
 20
0.0
 11
1.0
 21
1.0
 12
500.0
 22
500.0
 13
0.0
 23
0.0
 14
1.0
 24
1.0
 15
0.0
 25
0.0
 16
0.0
 26
0.0
 36
1.0
 17
0.0
 27
0.0
 37
0.0
 40
12.0
 41
1.0
 42
50.0
 43
0.0
 44
0.0
 50
0.0
 51
0.0
 71
     0
 72
   100
 73
     1
 74
     1
 75
     0
 76
     0
 77
     0
 78
     0
281
     0
 65
     1
110
0.0
120
0.0
130
0.0
111
1.0
121
0.0
131
0.0
112
0.0
122
1.0
132
0.0
 79
     0
146
0.0
 60
     3
 61
     5
292
     1
282
     1
141
0.0
142
0.0
 63
   250
421
  3355443
  0
ENDTAB
  0
TABLE
  2
LTYPE
  5
5
330
0
100
AcDbSymbolTable
 70
     1
  0
LTYPE
  5
5B
330
5
100
AcDbSymbolTableRecord
100
AcDbLinetypeTableRecord
  2
ByBlock
 70
     0
  3

 72
    65
 73
     0
 40
0.0
  0
LTYPE
  5
5C
330
5
100
AcDbSymbolTableRecord
100
AcDbLinetypeTableRecord
  2
ByLayer
 70
     0
  3

 72
    65
 73
     0
 40
0.0
  0
LTYPE
  5
5D
330
5
100
AcDbSymbolTableRecord
100
AcDbLinetypeTableRecord
  2
Continuous
 70
     0
  3
Solid line
 72
    65
 73
     0
 40
0.0
  0
ENDTAB
  0
TABLE
  2
LAYER
  5
2
330
0
100
AcDbSymbolTable
 70
     3
  0
LAYER
  5
54
330
2
100
AcDbSymbolTableRecord
100
AcDbLayerTableRecord
  2
0
 70
     0
 62
     7
  6
Continuous
370
    -3
390
F
347
21
348
0
  0
LAYER
  5
7A
330
2
100
AcDbSymbolTableRecord
100
AcDbLayerTableRecord
  2
Front v5_Sketch1
 70
     0
 62
     7
  6
Continuous
370
    -3
390
F
347
21
348
0
1001
NFusion_SketchTransform
1000
-1.000000;0.000000;0.000000;-0.142719;-0.000000;-1.000000;0.000000;-0.185063;0.000000;-0.000000;1.000000;6.714960;0.000000;0.000000;0.000000;1.000000
  0
LAYER
  5
8E
330
2
100
AcDbSymbolTableRecord
100
AcDbLayerTableRecord
  2
Front v5_Sketch2
 70
     0
 62
     7
  6
Continuous
370
    -3
390
F
347
21
348
0
1001
NFusion_SketchTransform
1000
0.000000;0.000000;1.000000;-7.891547;1.000000;-0.000000;-0.000000;0.000000;0.000000;1.000000;-0.000000;0.000000;0.000000;0.000000;0.000000;1.000000
  0
ENDTAB
  0
TABLE
  2
STYLE
  5
3
330
0
100
AcDbSymbolTable
 70
     2
  0
STYLE
  5
55
330
3
100
AcDbSymbolTableRecord
100
AcDbTextStyleTableRecord
  2
Standard
 70
     0
 40
0.0
 41
1.0
 50
0.0
 71
     0
 42
0.2
  3
txt
  4

  0
STYLE
  5
5A
330
3
100
AcDbSymbolTableRecord
100
AcDbTextStyleTableRecord
  2
Annotative
 70
     0
 40
0.0
 41
1.0
 50
0.0
 71
     0
 42
0.2
  3
txt
  4

1001
AcadAnnotative
1000
AnnotativeData
1002
{
1070
     1
1070
     1
1002
}
  0
ENDTAB
  0
TABLE
  2
VIEW
  5
6
330
0
100
AcDbSymbolTable
 70
     0
  0
ENDTAB
  0
TABLE
  2
UCS
  5
7
330
0
100
AcDbSymbolTable
 70
     0
  0
ENDTAB
  0
TABLE
  2
APPID
  5
9
330
0
100
AcDbSymbolTable
 70
     4
  0
APPID
  5
56
330
9
100
AcDbSymbolTableRecord
100
AcDbRegAppTableRecord
  2
ACAD
 70
     0
  0
APPID
  5
5E
330
9
100
AcDbSymbolTableRecord
100
AcDbRegAppTableRecord
  2
AcadAnnotative
 70
     0
  0
APPID
  5
78
330
9
100
AcDbSymbolTableRecord
100
AcDbRegAppTableRecord
  2
EDIT_IN_FUSION_ACAD_ADDIN
 70
     0
  0
APPID
  5
79
330
9
100
AcDbSymbolTableRecord
100
AcDbRegAppTableRecord
  2
NFusion_SketchTransform
 70
     0
  0
ENDTAB
  0
TABLE
  2
DIMSTYLE
  5
A
330
0
100
AcDbSymbolTable
 70
     2
100
AcDbDimStyleTable
 71
     0
  0
DIMSTYLE
105
58
330
A
100
AcDbSymbolTableRecord
100
AcDbDimStyleTableRecord
  2
Standard
 70
     0
340
55
  0
DIMSTYLE
105
59
330
A
100
AcDbSymbolTableRecord
100
AcDbDimStyleTableRecord
  2
Annotative
 70
     0
340
55
1001
AcadAnnotative
1000
AnnotativeData
1002
{
1070
     1
1070
     1
1002
}
  0
ENDTAB
  0
TABLE
  2
BLOCK_RECORD
  5
1
330
0
100
AcDbSymbolTable
 70
     3
  0
BLOCK_RECORD
  5
70
330
1
100
AcDbSymbolTableRecord
100
AcDbBlockTableRecord
  2
*Model_Space
340
73
 70
     0
280
     1
281
     0
  0
BLOCK_RECORD
  5
6C
330
1
100
AcDbSymbolTableRecord
100
AcDbBlockTableRecord
  2
*Paper_Space
340
6F
 70
     0
280
     1
281
     0
  0
BLOCK_RECORD
  5
74
330
1
100
AcDbSymbolTableRecord
100
AcDbBlockTableRecord
  2
*Paper_Space0
340
77
 70
     0
280
     1
281
     0
  0
BLOCK_RECORD
  5
94
330
1
100
AcDbSymbolTableRecord
100
AcDbBlockTableRecord
  2
1455BlackScrew
340
0
102
{BLKREFS
331
95
331
98
331
99
331
9A
331
9B
331
9C
331
9D
102
}
 70
     0
280
     1
281
     0
  0
BLOCK_RECORD
  5
9E
330
1
100
AcDbSymbolTableRecord
100
AcDbBlockTableRecord
  2
TBezelclosed
340
0
102
{BLKREFS
331
AA
102
}
 70
     0
280
     1
281
     0
  0
ENDTAB
  0
ENDSEC
  0
SECTION
  2
BLOCKS
  0
BLOCK
  5
71
330
70
100
AcDbEntity
  8
0
100
AcDbBlockBegin
  2
*Model_Space
 70
     0
 10
0.0
 20
0.0
 30
0.0
  3
*Model_Space
  1

  0
ENDBLK
  5
72
330
70
100
AcDbEntity
  8
0
100
AcDbBlockEnd
  0
BLOCK
  5
6D
330
6C
100
AcDbEntity
 67
     1
  8
0
100
AcDbBlockBegin
  2
*Paper_Space
 70
     0
 10
0.0
 20
0.0
 30
0.0
  3
*Paper_Space
  1

  0
ENDBLK
  5
6E
330
6C
100
AcDbEntity
 67
     1
  8
0
100
AcDbBlockEnd
  0
BLOCK
  5
75
330
74
100
AcDbEntity
 67
     1
  8
0
100
AcDbBlockBegin
  2
*Paper_Space0
 70
     0
 10
0.0
 20
0.0
 30
0.0
  3
*Paper_Space0
  1

  0
ENDBLK
  5
76
330
74
100
AcDbEntity
 67
     1
  8
0
100
AcDbBlockEnd
  0
BLOCK
  5
96
330
94
100
AcDbEntity
  8
0
100
AcDbBlockBegin
  2
1455BlackScrew
 70
     0
 10
0.0
 20
0.0
 30
0.0
  3
1455BlackScrew
  1

  0
ENDBLK
  5
97
330
94
100
AcDbEntity
  8
0
100
AcDbBlockEnd
  0
BLOCK
  5
AB
330
9E
100
AcDbEntity
  8
0
100
AcDbBlockBegin
  2
TBezelclosed
 70
     0
 10
0.0
 20
0.0
 30
0.0
  3
TBezelclosed
  1

  0
3DSOLID
  5
A9
330
9E
100
AcDbEntity
  8
0
347
9F
100
AcDbModelerGeometry
290
     1
  2
{6435f1d6-1227-7f4d-93ca-f32d5216957a}
100
AcDb3dSolid
350
0
  0
ENDBLK
  5
AC
330
9E
100
AcDbEntity
  8
0
100
AcDbBlockEnd
  0
ENDSEC
  0
SECTION
  2
ENTITIES
  0
POINT
  5
7B
330
70
100
AcDbEntity
  8
Front v5_Sketch1
100
AcDbPoint
 10
-1.427194463947665
 20
-1.850630896859042
 30
67.14960367188746
  0
ARC
  5
7C
330
70
100
AcDbEntity
  8
Front v5_Sketch1
100
AcDbCircle
 10
70.38452932517934
 20
-21.13000002709446
 30
67.14960367188746
 40
4.000000000000001
100
AcDbArc
 50
269.9999999999719
 51
359.999999999972
  0
LINE
  5
7D
330
70
100
AcDbEntity
  8
Front v5_Sketch1
100
AcDbLine
 10
-91.11547067479952
 20
22.49999997298381
 30
67.14960367188748
 11
-91.11547067482065
 21
-21.13000002701619
 31
67.14960367188748
  0
LINE
  5
7E
330
70
100
AcDbEntity
  8
Front v5_Sketch1
100
AcDbLine
 10
-65.53547067480199
 20
12.58999997297465
 30
67.14960367188748
 11
-78.915470674802
 21
12.58999997297465
 31
67.14960367188748
  0
ARC
  5
7F
330
70
100
AcDbEntity
  8
Front v5_Sketch1
100
AcDbCircle
 10
-87.11547067482067
 20
-21.13000002701816
 30
67.14960367188748
 40
3.999999999999985
100
AcDbArc
 50
179.9999999999719
 51
269.9999999999725
  0
LINE
  5
80
330
70
100
AcDbEntity
  8
Front v5_Sketch1
100
AcDbLine
 10
74.38452932517934
 20
-21.13000002709642
 30
67.14960367188746
 11
74.3845293252005
 21
22.49999997290358
 31
67.14960367188746
  0
LINE
  5
81
330
70
100
AcDbEntity
  8
Front v5_Sketch1
100
AcDbLine
 10
-87.11547067482259
 20
-25.13000002701815
 30
67.14960367188748
 11
70.38452932517738
 21
-25.13000002709447
 31
67.14960367188746
  0
ARC
  5
82
330
70
100
AcDbEntity
  8
Front v5_Sketch1
100
AcDbCircle
 10
-87.11547067479953
 20
22.49999997298186
 30
67.14960367188748
 40
4.000000000000007
100
AcDbArc
 50
89.99999999997232
 51
179.9999999999721
  0
ARC
  5
83
330
70
100
AcDbEntity
  8
Front v5_Sketch1
100
AcDbCircle
 10
70.38452932520051
 20
22.49999997290553
 30
67.14960367188746
 40
4.000000000000003
100
AcDbArc
 50
359.999999999972
 51
89.99999999997251
  0
LINE
  5
84
330
70
100
AcDbEntity
  8
Front v5_Sketch1
100
AcDbLine
 10
70.38452932520243
 20
26.49999997290553
 30
67.14960367188746
 11
-87.11547067479759
 21
26.49999997298187
 31
67.14960367188748
  0
LINE
  5
85
330
70
100
AcDbEntity
  8
Front v5_Sketch1
100
AcDbLine
 10
-78.91547067480201
 20
12.58999997297465
 30
67.14960367188748
 11
-78.91547067480201
 21
22.18999997297465
 31
67.14960367188748
  0
LINE
  5
86
330
70
100
AcDbEntity
  8
Front v5_Sketch1
100
AcDbLine
 10
-78.91547067480201
 20
22.18999997297466
 30
67.14960367188748
 11
-65.535470674802
 21
22.18999997297466
 31
67.14960367188748
  0
LINE
  5
87
330
70
100
AcDbEntity
  8
Front v5_Sketch1
100
AcDbLine
 10
-87.11547067479662
 20
28.49913107318585
 30
67.14960367188748
 11
70.3845293252034
 21
28.4991310731099
 31
67.14960367188746
  0
LINE
  5
88
330
70
100
AcDbEntity
  8
Front v5_Sketch1
100
AcDbLine
 10
-93.11460177502494
 20
-21.13000002701523
 30
67.14960367188748
 11
-93.11460177500338
 21
22.49999997298477
 31
67.14960367188748
  0
CIRCLE
  5
89
330
70
100
AcDbEntity
  8
Front v5_Sketch1
100
AcDbCircle
 10
69.39452932520042
 20
22.444999972906
 30
67.14960367188746
 40
2.875
  0
CIRCLE
  5
8A
330
70
100
AcDbEntity
  8
Front v5_Sketch1
100
AcDbCircle
 10
69.39452932517935
 20
-21.07500002709401
 30
67.14960367188746
 40
2.875
  0
CIRCLE
  5
8B
330
70
100
AcDbEntity
  8
Front v5_Sketch1
100
AcDbCircle
 10
-86.12547067479956
 20
22.44499997298136
 30
67.14960367188748
 40
2.875
  0
CIRCLE
  5
8C
330
70
100
AcDbEntity
  8
Front v5_Sketch1
100
AcDbCircle
 10
-86.12547067482067
 20
-21.07500002701865
 30
67.14960367188748
 40
2.875
  0
LINE
  5
8D
330
70
100
AcDbEntity
  8
Front v5_Sketch1
100
AcDbLine
 10
-65.53547067480199
 20
22.18999997297466
 30
67.14960367188748
 11
-65.53547067480199
 21
12.58999997297465
 31
67.14960367188748
  0
POINT
  5
8F
330
70
100
AcDbEntity
  8
Front v5_Sketch2
100
AcDbPoint
 10
-78.91547067481042
 20
0.0000000000382494
 30
0.0
  0
LINE
  5
90
330
70
100
AcDbEntity
  8
Front v5_Sketch2
100
AcDbLine
 10
-78.91547067480432
 20
12.58999997297465
 30
63.14960367188747
 11
-78.91547067479968
 21
22.18999997297466
 31
63.14960367188747
  0
LINE
  5
91
330
70
100
AcDbEntity
  8
Front v5_Sketch2
100
AcDbLine
 10
-78.91547067479966
 20
22.18999997297466
 30
67.14960367188749
 11
-78.91547067480431
 21
12.58999997297465
 31
67.14960367188749
  0
LINE
  5
92
330
70
100
AcDbEntity
  8
Front v5_Sketch2
100
AcDbLine
 10
-78.91547067480432
 20
12.58999997297465
 30
67.14960367188749
 11
-78.91547067480432
 21
12.58999997297465
 31
63.14960367188749
  0
LINE
  5
93
330
70
100
AcDbEntity
  8
Front v5_Sketch2
100
AcDbLine
 10
-78.91547067479966
 20
22.18999997297466
 30
63.14960367188747
 11
-78.91547067479966
 21
22.18999997297466
 31
67.14960367188748
  0
INSERT
  5
95
330
70
100
AcDbEntity
  8
0
100
AcDbBlockReference
  2
1455BlackScrew
 10
-3.47600000000125
 20
4.751097305113852
 30
-0.2856203949097341
 50
355.1975442657351
  0
INSERT
  5
98
330
70
100
AcDbEntity
  8
0
100
AcDbBlockReference
  2
1455BlackScrew
 10
12.07599999999869
 20
0.3990973051136107
 30
-0.2856203949097344
 41
1.0
 42
1.0
 43
1.0
 50
349.8031880105645
  0
INSERT
  5
99
330
70
100
AcDbEntity
  8
0
100
AcDbBlockReference
  2
1455BlackScrew
 10
12.07599999999875
 20
4.751097305113609
 30
-0.2856203949097342
 50
354.0770994851848
  0
INSERT
  5
9A
330
70
100
AcDbEntity
  8
0
100
AcDbBlockReference
  2
1455BlackScrew
 10
3.475999999999069
 20
4.744499997295633
 30
-22.28562039490974
 50
180.0
210
-0.0000000000000001
220
0.0
230
-1.0
  0
INSERT
  5
9B
330
70
100
AcDbEntity
  8
0
100
AcDbBlockReference
  2
1455BlackScrew
 10
3.476000000001178
 20
0.3924999972956338
 30
-22.28562039490974
 50
180.0
210
-0.0000000000000001
220
0.0
230
-1.0
  0
INSERT
  5
9C
330
70
100
AcDbEntity
  8
0
100
AcDbBlockReference
  2
1455BlackScrew
 10
-12.07600000000093
 20
4.744499997288096
 30
-22.28562039490974
 50
180.0
210
-0.0000000000000001
220
0.0
230
-1.0
  0
INSERT
  5
9D
330
70
100
AcDbEntity
  8
0
100
AcDbBlockReference
  2
1455BlackScrew
 10
-12.07599999999882
 20
0.3924999972880985
 30
-22.28562039490974
 50
180.0
210
-0.0000000000000001
220
0.0
230
-1.0
  0
INSERT
  5
AA
330
70
100
AcDbEntity
  8
0
100
AcDbBlockReference
  2
TBezelclosed
 10
-1.340030815712733
 20
2.121642675954095
 30
16.72540257708412
 41
1.000000000000001
 42
1.000000000000001
 43
1.000000000000001
  0
ENDSEC
  0
SECTION
  2
OBJECTS
  0
DICTIONARY
  5
C
330
0
100
AcDbDictionary
281
     1
  3
ACAD_COLOR
350
63
  3
ACAD_DETAILVIEWSTYLE
350
6A
  3
ACAD_GROUP
350
D
  3
ACAD_LAYOUT
350
62
  3
ACAD_MATERIAL
350
10
  3
ACAD_MLEADERSTYLE
350
66
  3
ACAD_MLINESTYLE
350
5F
  3
ACAD_PLOTSETTINGS
350
61
  3
ACAD_PLOTSTYLENAME
350
E
  3
ACAD_SCALELIST
350
42
  3
ACAD_SECTIONVIEWSTYLE
350
68
  3
ACAD_TABLESTYLE
350
64
  3
ACAD_VISUALSTYLE
350
29
  3
ACDB_RECOMPOSE_DATA
350
B5
  3
AcDbVariableDictionary
350
AD
  0
DICTIONARY
  5
63
102
{ACAD_REACTORS
330
C
102
}
330
C
100
AcDbDictionary
281
     1
  0
DICTIONARY
  5
6A
102
{ACAD_REACTORS
330
C
102
}
330
C
100
AcDbDictionary
281
     1
  3
Imperial24
350
6B
  0
DICTIONARY
  5
D
102
{ACAD_REACTORS
330
C
102
}
330
C
100
AcDbDictionary
281
     1
  0
DICTIONARY
  5
62
102
{ACAD_REACTORS
330
C
102
}
330
C
100
AcDbDictionary
281
     1
  3
Layout1
350
6F
  3
Layout2
350
77
  3
Model
350
73
  0
DICTIONARY
  5
10
102
{ACAD_REACTORS
330
C
102
}
330
C
100
AcDbDictionary
281
     1
  3
ByBlock
350
19
  3
ByLayer
350
11
  3
Global
350
21
  3
Prism Opaque
350
9F
  0
DICTIONARY
  5
66
102
{ACAD_REACTORS
330
C
102
}
330
C
100
AcDbDictionary
281
     1
  3
Standard
350
67
  0
DICTIONARY
  5
5F
102
{ACAD_REACTORS
330
C
102
}
330
C
100
AcDbDictionary
281
     1
  3
Standard
350
60
  0
DICTIONARY
  5
61
102
{ACAD_REACTORS
330
C
102
}
330
C
100
AcDbDictionary
281
     1
  0
ACDBDICTIONARYWDFLT
  5
E
102
{ACAD_REACTORS
330
C
102
}
330
C
100
AcDbDictionary
281
     1
  3
Normal
350
F
100
AcDbDictionaryWithDefault
340
F
  0
DICTIONARY
  5
42
102
{ACAD_REACTORS
330
C
102
}
330
C
100
AcDbDictionary
281
     1
  3
A0
350
43
  3
A1
350
44
  3
A2
350
45
  3
A3
350
46
  3
A4
350
47
  3
A5
350
48
  3
A6
350
49
  3
A7
350
4A
  3
A8
350
4B
  3
A9
350
4C
  3
B0
350
4D
  3
B1
350
4E
  3
B2
350
4F
  3
B3
350
50
  3
B4
350
51
  3
B5
350
52
  3
B6
350
53
  0
DICTIONARY
  5
68
102
{ACAD_REACTORS
330
C
102
}
330
C
100
AcDbDictionary
281
     1
  3
Imperial24
350
69
  0
DICTIONARY
  5
64
102
{ACAD_REACTORS
330
C
102
}
330
C
100
AcDbDictionary
281
     1
  3
Standard
350
65
  0
DICTIONARY
  5
29
102
{ACAD_REACTORS
330
C
102
}
330
C
100
AcDbDictionary
281
     1
  3
2dWireframe
350
2F
  3
Basic
350
2E
  3
Brighten
350
35
  3
ColorChange
350
39
  3
Conceptual
350
32
  3
Dim
350
34
  3
EdgeColorOff
350
41
  3
Facepattern
350
38
  3
Flat
350
2A
  3
FlatWithEdges
350
2B
  3
Gouraud
350
2C
  3
GouraudWithEdges
350
2D
  3
Hidden
350
31
  3
JitterOff
350
3F
  3
Linepattern
350
37
  3
OverhangOff
350
40
  3
Realistic
350
33
  3
Shaded
350
3E
  3
Shaded with edges
350
3D
  3
Shades of Gray
350
3A
  3
Sketchy
350
3B
  3
Thicken
350
36
  3
Wireframe
350
30
  3
X-Ray
350
3C
  0
XRECORD
  5
B5
102
{ACAD_REACTORS
330
C
102
}
330
C
100
AcDbXrecord
280
     1
 90
        1
330
65
  0
DICTIONARY
  5
AD
102
{ACAD_REACTORS
330
C
102
}
330
C
100
AcDbDictionary
281
     1
  3
CANNOSCALE
350
B2
  3
CMLEADERSTYLE
350
AF
  3
CTABLESTYLE
350
AE
  3
CVIEWDETAILSTYLE
350
B0
  3
CVIEWSECTIONSTYLE
350
B1
  0
ACDBDETAILVIEWSTYLE
  5
6B
102
{ACAD_XDICTIONARY
360
B8
102
}
102
{ACAD_REACTORS
330
6A
102
}
330
6A
100
AcDbModelDocViewStyle
 70
     0
  3
Imperial24
290
     0
100
AcDbDetailViewStyle
 70
     0
 71
     0
 90
        3
 71
     1
340
55
 62
   256
 40
0.24
340
0
 62
   256
 40
0.24
300

 40
0.36
280
     3
 71
     2
340
5D
 90
       25
 62
   256
 71
     3
340
55
 62
   256
 40
0.24
 90
        1
 40
0.75
 90
        1
300
%<\AcVar ViewType \f "%tc1">% %<\AcVar ViewDetailId>%\PSCALE %<\AcVar ViewScale \f "%sn">%
 71
     4
340
5D
 90
       25
 62
   256
340
5D
 90
       25
 62
   256
280
     0
  0
LAYOUT
  5
6F
102
{ACAD_REACTORS
330
62
102
}
330
62
100
AcDbPlotSettings
  1

  2

  4

  6

 40
0.0
 41
0.0
 42
0.0
 43
0.0
 44
0.0
 45
0.0
 46
0.0
 47
0.0
 48
0.0
 49
0.0
140
0.0
141
0.0
142
1.0
143
1.0
 70
   688
 72
     0
 73
     0
 74
     5
  7

 75
    16
147
1.0
 76
     0
 77
     2
 78
   300
148
0.0
149
0.0
100
AcDbLayout
  1
Layout1
 70
     1
 71
     1
 10
0.0
 20
0.0
 11
12.0
 21
9.0
 12
0.0
 22
0.0
 32
0.0
 14
0.0
 24
0.0
 34
0.0
 15
0.0
 25
0.0
 35
0.0
146
0.0
 13
0.0
 23
0.0
 33
0.0
 16
1.0
 26
0.0
 36
0.0
 17
0.0
 27
1.0
 37
0.0
 76
     0
330
6C
  0
LAYOUT
  5
77
102
{ACAD_REACTORS
330
62
102
}
330
62
100
AcDbPlotSettings
  1

  2

  4

  6

 40
0.0
 41
0.0
 42
0.0
 43
0.0
 44
0.0
 45
0.0
 46
0.0
 47
0.0
 48
0.0
 49
0.0
140
0.0
141
0.0
142
1.0
143
1.0
 70
   688
 72
     0
 73
     0
 74
     5
  7

 75
    16
147
1.0
 76
     0
 77
     2
 78
   300
148
0.0
149
0.0
100
AcDbLayout
  1
Layout2
 70
     1
 71
     2
 10
0.0
 20
0.0
 11
12.0
 21
9.0
 12
0.0
 22
0.0
 32
0.0
 14
0.0
 24
0.0
 34
0.0
 15
0.0
 25
0.0
 35
0.0
146
0.0
 13
0.0
 23
0.0
 33
0.0
 16
1.0
 26
0.0
 36
0.0
 17
0.0
 27
1.0
 37
0.0
 76
     0
330
74
  0
LAYOUT
  5
73
102
{ACAD_REACTORS
330
62
102
}
330
62
100
AcDbPlotSettings
  1

  2

  4

  6

 40
0.0
 41
0.0
 42
0.0
 43
0.0
 44
0.0
 45
0.0
 46
0.0
 47
0.0
 48
0.0
 49
0.0
140
0.0
141
0.0
142
1.0
143
1.0
 70
  1712
 72
     0
 73
     0
 74
     0
  7

 75
     0
147
1.0
 76
     0
 77
     2
 78
   300
148
0.0
149
0.0
100
AcDbLayout
  1
Model
 70
     1
 71
     0
 10
0.0
 20
0.0
 11
12.0
 21
9.0
 12
0.0
 22
0.0
 32
0.0
 14
0.0
 24
0.0
 34
0.0
 15
0.0
 25
0.0
 35
0.0
146
0.0
 13
0.0
 23
0.0
 33
0.0
 16
1.0
 26
0.0
 36
0.0
 17
0.0
 27
1.0
 37
0.0
 76
     0
330
70
  0
MATERIAL
  5
19
102
{ACAD_XDICTIONARY
360
1A
102
}
102
{ACAD_REACTORS
330
10
102
}
330
10
100
AcDbMaterial
  1
ByBlock
 72
     0
 43
0.0208333333333333
 43
0.0
 43
0.0
 43
0.0
 43
0.0
 43
0.0208333333333333
 43
0.0
 43
0.0
 43
0.0
 43
0.0
 43
1.0
 43
0.0
 43
0.0
 43
0.0
 43
0.0
 43
1.0
 77
     0
 47
0.0208333333333333
 47
0.0
 47
0.0
 47
0.0
 47
0.0
 47
0.0208333333333333
 47
0.0
 47
0.0
 47
0.0
 47
0.0
 47
1.0
 47
0.0
 47
0.0
 47
0.0
 47
0.0
 47
1.0
171
     0
 49
0.0208333333333333
 49
0.0
 49
0.0
 49
0.0
 49
0.0
 49
0.0208333333333333
 49
0.0
 49
0.0
 49
0.0
 49
0.0
 49
1.0
 49
0.0
 49
0.0
 49
0.0
 49
0.0
 49
1.0
175
     0
142
0.0208333333333333
142
0.0
142
0.0
142
0.0
142
0.0
142
0.0208333333333333
142
0.0
142
0.0
142
0.0
142
0.0
142
1.0
142
0.0
142
0.0
142
0.0
142
0.0
142
1.0
179
     0
144
0.0208333333333333
144
0.0
144
0.0
144
0.0
144
0.0
144
0.0208333333333333
144
0.0
144
0.0
144
0.0
144
0.0
144
1.0
144
0.0
144
0.0
144
0.0
144
0.0
144
1.0
147
0.0208333333333333
147
0.0
147
0.0
147
0.0
147
0.0
147
0.0208333333333333
147
0.0
147
0.0
147
0.0
147
0.0
147
1.0
147
0.0
147
0.0
147
0.0
147
0.0
147
1.0
  0
MATERIAL
  5
11
102
{ACAD_XDICTIONARY
360
12
102
}
102
{ACAD_REACTORS
330
10
102
}
330
10
100
AcDbMaterial
  1
ByLayer
 72
     0
 43
0.0208333333333333
 43
0.0
 43
0.0
 43
0.0
 43
0.0
 43
0.0208333333333333
 43
0.0
 43
0.0
 43
0.0
 43
0.0
 43
1.0
 43
0.0
 43
0.0
 43
0.0
 43
0.0
 43
1.0
 77
     0
 47
0.0208333333333333
 47
0.0
 47
0.0
 47
0.0
 47
0.0
 47
0.0208333333333333
 47
0.0
 47
0.0
 47
0.0
 47
0.0
 47
1.0
 47
0.0
 47
0.0
 47
0.0
 47
0.0
 47
1.0
171
     0
 49
0.0208333333333333
 49
0.0
 49
0.0
 49
0.0
 49
0.0
 49
0.0208333333333333
 49
0.0
 49
0.0
 49
0.0
 49
0.0
 49
1.0
 49
0.0
 49
0.0
 49
0.0
 49
0.0
 49
1.0
175
     0
142
0.0208333333333333
142
0.0
142
0.0
142
0.0
142
0.0
142
0.0208333333333333
142
0.0
142
0.0
142
0.0
142
0.0
142
1.0
142
0.0
142
0.0
142
0.0
142
0.0
142
1.0
179
     0
144
0.0208333333333333
144
0.0
144
0.0
144
0.0
144
0.0
144
0.0208333333333333
144
0.0
144
0.0
144
0.0
144
0.0
144
1.0
144
0.0
144
0.0
144
0.0
144
0.0
144
1.0
147
0.0208333333333333
147
0.0
147
0.0
147
0.0
147
0.0
147
0.0208333333333333
147
0.0
147
0.0
147
0.0
147
0.0
147
1.0
147
0.0
147
0.0
147
0.0
147
0.0
147
1.0
  0
MATERIAL
  5
21
102
{ACAD_XDICTIONARY
360
22
102
}
102
{ACAD_REACTORS
330
10
102
}
330
10
100
AcDbMaterial
  1
Global
 72
     0
 43
0.0208333333333333
 43
0.0
 43
0.0
 43
0.0
 43
0.0
 43
0.0208333333333333
 43
0.0
 43
0.0
 43
0.0
 43
0.0
 43
1.0
 43
0.0
 43
0.0
 43
0.0
 43
0.0
 43
1.0
 77
     0
 47
0.0208333333333333
 47
0.0
 47
0.0
 47
0.0
 47
0.0
 47
0.0208333333333333
 47
0.0
 47
0.0
 47
0.0
 47
0.0
 47
1.0
 47
0.0
 47
0.0
 47
0.0
 47
0.0
 47
1.0
171
     0
 49
0.0208333333333333
 49
0.0
 49
0.0
 49
0.0
 49
0.0
 49
0.0208333333333333
 49
0.0
 49
0.0
 49
0.0
 49
0.0
 49
1.0
 49
0.0
 49
0.0
 49
0.0
 49
0.0
 49
1.0
175
     0
142
0.0208333333333333
142
0.0
142
0.0
142
0.0
142
0.0
142
0.0208333333333333
142
0.0
142
0.0
142
0.0
142
0.0
142
1.0
142
0.0
142
0.0
142
0.0
142
0.0
142
1.0
179
     0
144
0.0208333333333333
144
0.0
144
0.0
144
0.0
144
0.0
144
0.0208333333333333
144
0.0
144
0.0
144
0.0
144
0.0
144
1.0
144
0.0
144
0.0
144
0.0
144
0.0
144
1.0
147
0.0208333333333333
147
0.0
147
0.0
147
0.0
147
0.0
147
0.0208333333333333
147
0.0
147
0.0
147
0.0
147
0.0
147
1.0
147
0.0
147
0.0
147
0.0
147
0.0
147
1.0
  0
MATERIAL
  5
9F
102
{ACAD_XDICTIONARY
360
A0
102
}
102
{ACAD_REACTORS
330
10
102
}
330
10
100
AcDbMaterial
  1
Prism Opaque
 70
     1
 90
-1034792366
 71
     1
 91
-1034792366
 72
     0
 44
1.0
 76
     1
 92
-1034792366
 77
     0
171
     0
175
     0
143
0.5149999856948853
179
     0
145
1.399999976158142
148
0.5
468
0.0199999995529652
 94
        0
1001
ACAD
1070
    -1
1070
     3
1070
     0
1000

1071
        0
1070
     0
  0
MLEADERSTYLE
  5
67
102
{ACAD_REACTORS
330
66
102
}
330
66
100
AcDbMLeaderStyle
179
     2
170
     2
171
     1
172
     0
 90
        2
 40
0.0
 41
0.0
173
     1
 91
-1056964608
340
5B
 92
       -2
290
     1
 42
0.09
291
     1
 43
0.36
  3
Standard
 44
0.18
300

342
55
174
     1
178
     6
175
     1
176
     0
 93
-1056964608
 45
0.18
292
     0
297
     0
 46
0.18
 94
-1056964608
 47
1.0
 49
1.0
140
1.0
293
     1
141
0.0
294
     1
177
     0
142
1.0
295
     0
296
     0
143
0.125
271
     0
272
     9
273
     9
298
     1
  0
MLINESTYLE
  5
60
102
{ACAD_REACTORS
330
5F
102
}
330
5F
100
AcDbMlineStyle
  2
STANDARD
 70
     0
  3

 62
   256
 51
90.0
 52
90.0
 71
     2
 49
0.5
 62
   256
  6
BYLAYER
 49
-0.5
 62
   256
  6
BYLAYER
  0
ACDBPLACEHOLDER
  5
F
102
{ACAD_REACTORS
330
E
102
}
330
E
  0
SCALE
  5
43
102
{ACAD_REACTORS
330
42
102
}
330
42
100
AcDbScale
 70
     0
300
1:1
140
1.0
141
1.0
290
     1
  0
SCALE
  5
44
102
{ACAD_REACTORS
330
42
102
}
330
42
100
AcDbScale
 70
     0
300
1/128" = 1'-0"
140
0.0078125
141
12.0
290
     0
  0
SCALE
  5
45
102
{ACAD_REACTORS
330
42
102
}
330
42
100
AcDbScale
 70
     0
300
1/64" = 1'-0"
140
0.015625
141
12.0
290
     0
  0
SCALE
  5
46
102
{ACAD_REACTORS
330
42
102
}
330
42
100
AcDbScale
 70
     0
300
1/32" = 1'-0"
140
0.03125
141
12.0
290
     0
  0
SCALE
  5
47
102
{ACAD_REACTORS
330
42
102
}
330
42
100
AcDbScale
 70
     0
300
1/16" = 1'-0"
140
0.0625
141
12.0
290
     0
  0
SCALE
  5
48
102
{ACAD_REACTORS
330
42
102
}
330
42
100
AcDbScale
 70
     0
300
3/32" = 1'-0"
140
0.09375
141
12.0
290
     0
  0
SCALE
  5
49
102
{ACAD_REACTORS
330
42
102
}
330
42
100
AcDbScale
 70
     0
300
1/8" = 1'-0"
140
0.125
141
12.0
290
     0
  0
SCALE
  5
4A
102
{ACAD_REACTORS
330
42
102
}
330
42
100
AcDbScale
 70
     0
300
3/16" = 1'-0"
140
0.1875
141
12.0
290
     0
  0
SCALE
  5
4B
102
{ACAD_REACTORS
330
42
102
}
330
42
100
AcDbScale
 70
     0
300
1/4" = 1'-0"
140
0.25
141
12.0
290
     0
  0
SCALE
  5
4C
102
{ACAD_REACTORS
330
42
102
}
330
42
100
AcDbScale
 70
     0
300
3/8" = 1'-0"
140
0.375
141
12.0
290
     0
  0
SCALE
  5
4D
102
{ACAD_REACTORS
330
42
102
}
330
42
100
AcDbScale
 70
     0
300
1/2" = 1'-0"
140
0.5
141
12.0
290
     0
  0
SCALE
  5
4E
102
{ACAD_REACTORS
330
42
102
}
330
42
100
AcDbScale
 70
     0
300
3/4" = 1'-0"
140
0.75
141
12.0
290
     0
  0
SCALE
  5
4F
102
{ACAD_REACTORS
330
42
102
}
330
42
100
AcDbScale
 70
     0
300
1" = 1'-0"
140
1.0
141
12.0
290
     0
  0
SCALE
  5
50
102
{ACAD_REACTORS
330
42
102
}
330
42
100
AcDbScale
 70
     0
300
1-1/2" = 1'-0"
140
1.5
141
12.0
290
     0
  0
SCALE
  5
51
102
{ACAD_REACTORS
330
42
102
}
330
42
100
AcDbScale
 70
     0
300
3" = 1'-0"
140
3.0
141
12.0
290
     0
  0
SCALE
  5
52
102
{ACAD_REACTORS
330
42
102
}
330
42
100
AcDbScale
 70
     0
300
6" = 1'-0"
140
6.0
141
12.0
290
     0
  0
SCALE
  5
53
102
{ACAD_REACTORS
330
42
102
}
330
42
100
AcDbScale
 70
     0
300
1'-0" = 1'-0"
140
12.0
141
12.0
290
     0
  0
ACDBSECTIONVIEWSTYLE
  5
69
102
{ACAD_XDICTIONARY
360
B6
102
}
102
{ACAD_REACTORS
330
68
102
}
330
68
100
AcDbModelDocViewStyle
 70
     0
  3
Imperial24
290
     0
100
AcDbSectionViewStyle
 70
     0
 71
     0
 90
       78
 71
     1
340
55
 62
   256
 40
0.24
340
0
340
0
 62
   256
 40
0.24
300
I, O, Q, S, X, Z
 40
0.48
 90
        3
 40
0.18
 90
        1
 71
     2
340
5D
 90
       25
 62
   256
340
5D
 90
       50
 62
   256
 40
0.24
 40
0.0
 40
0.24
 71
     3
340
55
 62
   256
 40
0.24
 90
        1
 40
0.75
 90
        1
300
%<\AcVar ViewType \f "%tc1">% %<\AcVar ViewSectionStartId>%-%<\AcVar ViewSectionEndId>%\PSCALE %<\AcVar ViewScale \f "%sn">%
 71
     4
 62
   256
 62
   257
300
ANSI31
 40
1.0
 90
        0
290
     0
290
     0
 90
        6
 40
0.0
 40
1.570796326794896
 40
0.2617993877991494
 40
1.308996938995747
 40
-0.2617993877991494
 40
1.832595714594046
  0
TABLESTYLE
  5
65
102
{ACAD_XDICTIONARY
360
B3
102
}
102
{ACAD_REACTORS
330
64
102
}
330
64
100
AcDbTableStyle
280
     0
  3
Standard
 70
     0
 71
     0
 40
0.06
 41
0.06
280
     0
281
     0
  7
Standard
140
0.18
170
     2
 62
     0
 63
     7
283
     0
 90
      512
 91
        0
  1

274
    -2
284
     1
 64
     0
275
    -2
285
     1
 65
     0
276
    -2
286
     1
 66
     0
277
    -2
287
     1
 67
     0
278
    -2
288
     1
 68
     0
279
    -2
289
     1
 69
     0
  7
Standard
140
0.25
170
     5
 62
     0
 63
     7
283
     0
 90
      512
 91
        0
  1

274
    -2
284
     1
 64
     0
275
    -2
285
     1
 65
     0
276
    -2
286
     1
 66
     0
277
    -2
287
     1
 67
     0
278
    -2
288
     1
 68
     0
279
    -2
289
     1
 69
     0
  7
Standard
140
0.18
170
     5
 62
     0
 63
     7
283
     0
 90
      512
 91
        0
  1

274
    -2
284
     1
 64
     0
275
    -2
285
     1
 65
     0
276
    -2
286
     1
 66
     0
277
    -2
287
     1
 67
     0
278
    -2
288
     1
 68
     0
279
    -2
289
     1
 69
     0
  0
VISUALSTYLE
  5
2F
102
{ACAD_REACTORS
330
29
102
}
330
29
100
AcDbVisualStyle
  2
2dWireframe
 70
     4
177
     3
291
     0
 70
    58
 90
        0
176
     1
 90
        2
176
     1
 90
        0
176
     1
 90
        0
176
     1
 40
0.6
176
     1
 40
30.0
176
     1
 62
     7
420
 16777215
176
     1
 90
        1
176
     1
 90
        4
176
     1
 62
     7
176
     1
 62
   257
176
     1
 90
        1
176
     1
 90
        1
176
     1
 40
1.0
176
     1
 90
        0
176
     1
 62
   257
176
     1
 40
1.0
176
     1
 90
        1
176
     1
 90
        6
176
     1
 90
        2
176
     1
 62
     7
176
     1
 90
        5
176
     1
 90
        0
176
     1
 90
        0
176
     1
290
     0
176
     1
 90
        1
176
     1
 40
0.0
176
     1
 90
        0
176
     1
290
     1
176
     1
290
     1
176
     1
290
     0
176
     1
290
     0
176
     1
290
     0
176
     1
290
     0
176
     1
290
     0
176
     1
290
     0
176
     1
290
     0
176
     1
 90
       50
176
     1
 40
0.0
176
     1
 40
1.0
176
     1
 90
        0
176
     1
 62
    18
420
        0
176
     1
 90
       50
176
     1
 90
        3
176
     1
 62
     5
420
      255
176
     1
290
     0
176
     1
 90
       50
176
     1
 90
       50
176
     1
 90
       50
176
     1
290
     0
176
     1
 90
       50
176
     1
 62
   256
176
     0
 40
1.0
176
     0
 90
        2
176
     1
  1
strokes_ogs.tif
176
     1
290
     0
176
     1
 40
1.0
176
     1
 40
1.0
176
     1
1001
ACAD
1000
AcDbSavedByObjectVersion
1070
     0
  0
VISUALSTYLE
  5
2E
102
{ACAD_REACTORS
330
29
102
}
330
29
100
AcDbVisualStyle
  2
Basic
 70
     7
177
     3
291
     1
 70
    58
 90
        1
176
     1
 90
        0
176
     1
 90
        1
176
     1
 90
        0
176
     1
 40
0.6
176
     1
 40
30.0
176
     1
 62
     7
420
 16777215
176
     1
 90
        0
176
     1
 90
        4
176
     1
 62
     7
176
     1
 62
   257
176
     1
 90
        1
176
     1
 90
        1
176
     1
 40
1.0
176
     1
 90
        8
176
     1
 62
     7
176
     1
 40
1.0
176
     1
 90
        1
176
     1
 90
        6
176
     1
 90
        2
176
     1
 62
     7
176
     1
 90
        5
176
     1
 90
        0
176
     1
 90
        0
176
     1
290
     0
176
     1
 90
        1
176
     1
 40
0.0
176
     1
 90
        0
176
     1
290
     0
176
     1
290
     1
176
     1
290
     1
176
     1
290
     0
176
     1
290
     0
176
     1
290
     0
176
     1
290
     0
176
     1
290
     0
176
     1
290
     0
176
     1
 90
       50
176
     1
 40
0.0
176
     1
 40
1.0
176
     1
 90
        0
176
     1
 62
    18
420
        0
176
     1
 90
       50
176
     1
 90
        3
176
     1
 62
     5
420
      255
176
     1
290
     0
176
     1
 90
       50
176
     1
 90
       50
176
     1
 90
       50
176
     1
290
     0
176
     1
 90
       50
176
     1
 62
   256
176
     0
 40
1.0
176
     0
 90
        2
176
     1
  1
strokes_ogs.tif
176
     1
290
     0
176
     1
 40
1.0
176
     1
 40
1.0
176
     1
1001
ACAD
1000
AcDbSavedByObjectVersion
1070
     0
  0
VISUALSTYLE
  5
35
102
{ACAD_REACTORS
330
29
102
}
330
29
100
AcDbVisualStyle
  2
Brighten
 70
    12
177
     3
291
     1
 70
    58
 90
        2
176
     1
 90
        2
176
     1
 90
        0
176
     1
 90
        0
176
     1
 40
0.6
176
     1
 40
30.0
176
     1
 62
     7
420
 16777215
176
     1
 90
        1
176
     1
 90
        4
176
     1
 62
     7
176
     1
 62
   257
176
     1
 90
        1
176
     1
 90
        1
176
     1
 40
1.0
176
     1
 90
        8
176
     1
 62
     7
176
     1
 40
1.0
176
     1
 90
        1
176
     1
 90
        6
176
     1
 90
        2
176
     1
 62
     7
176
     1
 90
        5
176
     1
 90
        0
176
     1
 90
        0
176
     1
290
     0
176
     1
 90
        1
176
     1
 40
50.0
176
     1
 90
        0
176
     1
290
     0
176
     1
290
     1
176
     1
290
     1
176
     1
290
     0
176
     1
290
     0
176
     1
290
     0
176
     1
290
     0
176
     1
290
     0
176
     1
290
     0
176
     1
 90
       50
176
     1
 40
0.0
176
     1
 40
1.0
176
     1
 90
        0
176
     1
 62
    18
420
        0
176
     1
 90
       50
176
     1
 90
        3
176
     1
 62
     5
420
      255
176
     1
290
     0
176
     1
 90
       50
176
     1
 90
       50
176
     1
 90
       50
176
     1
290
     0
176
     1
 90
       50
176
     1
 62
   256
176
     0
 40
1.0
176
     0
 90
        2
176
     1
  1
strokes_ogs.tif
176
     1
290
     0
176
     1
 40
1.0
176
     1
 40
1.0
176
     1
1001
ACAD
1000
AcDbSavedByObjectVersion
1070
     0
  0
VISUALSTYLE
  5
39
102
{ACAD_REACTORS
330
29
102
}
330
29
100
AcDbVisualStyle
  2
ColorChange
 70
    16
177
     3
291
     1
 70
    58
 90
        2
176
     1
 90
        2
176
     1
 90
        3
176
     1
 90
        0
176
     1
 40
0.6
176
     1
 40
30.0
176
     1
 62
     8
420
  8421504
176
     1
 90
        1
176
     1
 90
        4
176
     1
 62
     7
176
     1
 62
   257
176
     1
 90
        1
176
     1
 90
        1
176
     1
 40
1.0
176
     1
 90
        8
176
     1
 62
     8
420
  8421504
176
     1
 40
1.0
176
     1
 90
        1
176
     1
 90
        6
176
     1
 90
        2
176
     1
 62
     7
176
     1
 90
        5
176
     1
 90
        0
176
     1
 90
        0
176
     1
290
     0
176
     1
 90
        1
176
     1
 40
0.0
176
     1
 90
        0
176
     1
290
     0
176
     1
290
     1
176
     1
290
     1
176
     1
290
     0
176
     1
290
     0
176
     1
290
     0
176
     1
290
     0
176
     1
290
     0
176
     1
290
     0
176
     1
 90
       50
176
     1
 40
0.0
176
     1
 40
1.0
176
     1
 90
        0
176
     1
 62
    18
420
        0
176
     1
 90
       50
176
     1
 90
        3
176
     1
 62
     5
420
      255
176
     1
290
     0
176
     1
 90
       50
176
     1
 90
       50
176
     1
 90
       50
176
     1
290
     0
176
     1
 90
       50
176
     1
 62
   256
176
     0
 40
1.0
176
     0
 90
        2
176
     1
  1
strokes_ogs.tif
176
     1
290
     0
176
     1
 40
1.0
176
     1
 40
1.0
176
     1
1001
ACAD
1000
AcDbSavedByObjectVersion
1070
     0
  0
VISUALSTYLE
  5
32
102
{ACAD_REACTORS
330
29
102
}
330
29
100
AcDbVisualStyle
  2
Conceptual
 70
     9
177
     3
291
     0
 70
    58
 90
        3
176
     1
 90
        2
176
     1
 90
        0
176
     1
 90
        0
176
     1
 40
0.6
176
     1
 40
30.0
176
     1
 62
     7
420
 16777215
176
     1
 90
        2
176
     1
 90
        2
176
     1
 62
     7
176
     1
 62
   257
176
     1
 90
        1
176
     1
 90
        1
176
     1
 40
179.0
176
     1
 90
        8
176
     1
 62
     7
176
     1
 40
1.0
176
     1
 90
        1
176
     1
 90
        6
176
     1
 90
        2
176
     1
 62
     7
176
     1
 90
        3
176
     1
 90
        0
176
     1
 90
        0
176
     1
290
     0
176
     1
 90
        1
176
     1
 40
0.0
176
     1
 90
        0
176
     1
290
     0
176
     1
290
     1
176
     1
290
     1
176
     1
290
     0
176
     1
290
     0
176
     1
290
     0
176
     1
290
     0
176
     1
290
     0
176
     1
290
     0
176
     1
 90
       50
176
     1
 40
0.0
176
     1
 40
1.0
176
     1
 90
        0
176
     1
 62
    18
420
        0
176
     1
 90
       50
176
     1
 90
        3
176
     1
 62
     5
420
      255
176
     1
290
     0
176
     1
 90
       50
176
     1
 90
       50
176
     1
 90
       50
176
     1
290
     0
176
     1
 90
       50
176
     1
 62
   256
176
     0
 40
1.0
176
     0
 90
        2
176
     1
  1
strokes_ogs.tif
176
     1
290
     0
176
     1
 40
1.0
176
     1
 40
1.0
176
     1
1001
ACAD
1000
AcDbSavedByObjectVersion
1070
     0
  0
VISUALSTYLE
  5
34
102
{ACAD_REACTORS
330
29
102
}
330
29
100
AcDbVisualStyle
  2
Dim
 70
    11
177
     3
291
     1
 70
    58
 90
        2
176
     1
 90
        2
176
     1
 90
        0
176
     1
 90
        0
176
     1
 40
0.6
176
     1
 40
30.0
176
     1
 62
     7
420
 16777215
176
     1
 90
        1
176
     1
 90
        4
176
     1
 62
     7
176
     1
 62
   257
176
     1
 90
        1
176
     1
 90
        1
176
     1
 40
1.0
176
     1
 90
        8
176
     1
 62
     7
176
     1
 40
1.0
176
     1
 90
        1
176
     1
 90
        6
176
     1
 90
        2
176
     1
 62
     7
176
     1
 90
        5
176
     1
 90
        0
176
     1
 90
        0
176
     1
290
     0
176
     1
 90
        1
176
     1
 40
-50.0
176
     1
 90
        0
176
     1
290
     0
176
     1
290
     1
176
     1
290
     1
176
     1
290
     0
176
     1
290
     0
176
     1
290
     0
176
     1
290
     0
176
     1
290
     0
176
     1
290
     0
176
     1
 90
       50
176
     1
 40
0.0
176
     1
 40
1.0
176
     1
 90
        0
176
     1
 62
    18
420
        0
176
     1
 90
       50
176
     1
 90
        3
176
     1
 62
     5
420
      255
176
     1
290
     0
176
     1
 90
       50
176
     1
 90
       50
176
     1
 90
       50
176
     1
290
     0
176
     1
 90
       50
176
     1
 62
   256
176
     0
 40
1.0
176
     0
 90
        2
176
     1
  1
strokes_ogs.tif
176
     1
290
     0
176
     1
 40
1.0
176
     1
 40
1.0
176
     1
1001
ACAD
1000
AcDbSavedByObjectVersion
1070
     0
  0
VISUALSTYLE
  5
41
102
{ACAD_REACTORS
330
29
102
}
330
29
100
AcDbVisualStyle
  2
EdgeColorOff
 70
    22
177
     3
291
     1
 70
    58
 90
        2
176
     0
 90
        2
176
     0
 90
        0
176
     0
 90
        0
176
     0
 40
0.6
176
     0
 40
30.0
176
     0
 62
     7
420
 16777215
176
     0
 90
        1
176
     0
 90
        4
176
     0
 62
     7
176
     0
 62
   257
176
     0
 90
        1
176
     0
 90
        1
176
     0
 40
1.0
176
     0
 90
        8
176
     2
 62
     7
176
     0
 40
1.0
176
     0
 90
        1
176
     0
 90
        6
176
     0
 90
        2
176
     0
 62
     7
176
     0
 90
        5
176
     0
 90
        0
176
     0
 90
        0
176
     0
290
     0
176
     0
 90
        1
176
     0
 40
0.0
176
     0
 90
        0
176
     0
290
     0
176
     0
290
     1
176
     0
290
     1
176
     0
290
     0
176
     0
290
     0
176
     0
290
     0
176
     0
290
     0
176
     0
290
     0
176
     0
290
     0
176
     0
 90
       50
176
     0
 40
0.0
176
     0
 40
1.0
176
     0
 90
        0
176
     0
 62
    18
420
        0
176
     0
 90
       50
176
     0
 90
        3
176
     0
 62
     5
420
      255
176
     0
290
     0
176
     0
 90
       50
176
     0
 90
       50
176
     0
 90
       50
176
     0
290
     0
176
     0
 90
       50
176
     0
 62
   256
176
     0
 40
1.0
176
     0
 90
        2
176
     0
  1
strokes_ogs.tif
176
     0
290
     0
176
     0
 40
1.0
176
     0
 40
1.0
176
     0
1001
ACAD
1000
AcDbSavedByObjectVersion
1070
     0
  0
VISUALSTYLE
  5
38
102
{ACAD_REACTORS
330
29
102
}
330
29
100
AcDbVisualStyle
  2
Facepattern
 70
    15
177
     3
291
     1
 70
    58
 90
        2
176
     1
 90
        2
176
     1
 90
        0
176
     1
 90
        0
176
     1
 40
0.6
176
     1
 40
30.0
176
     1
 62
     7
420
 16777215
176
     1
 90
        1
176
     1
 90
        4
176
     1
 62
     7
176
     1
 62
   257
176
     1
 90
        1
176
     1
 90
        1
176
     1
 40
1.0
176
     1
 90
        8
176
     1
 62
     7
176
     1
 40
1.0
176
     1
 90
        1
176
     1
 90
        6
176
     1
 90
        2
176
     1
 62
     7
176
     1
 90
        5
176
     1
 90
        0
176
     1
 90
        0
176
     1
290
     0
176
     1
 90
        1
176
     1
 40
0.0
176
     1
 90
        0
176
     1
290
     0
176
     1
290
     1
176
     1
290
     1
176
     1
290
     0
176
     1
290
     0
176
     1
290
     0
176
     1
290
     0
176
     1
290
     0
176
     1
290
     0
176
     1
 90
       50
176
     1
 40
0.0
176
     1
 40
1.0
176
     1
 90
        0
176
     1
 62
    18
420
        0
176
     1
 90
       50
176
     1
 90
        3
176
     1
 62
     5
420
      255
176
     1
290
     0
176
     1
 90
       50
176
     1
 90
       50
176
     1
 90
       50
176
     1
290
     0
176
     1
 90
       50
176
     1
 62
   256
176
     0
 40
1.0
176
     0
 90
        2
176
     1
  1
strokes_ogs.tif
176
     1
290
     0
176
     1
 40
1.0
176
     1
 40
1.0
176
     1
1001
ACAD
1000
AcDbSavedByObjectVersion
1070
     0
  0
VISUALSTYLE
  5
2A
102
{ACAD_REACTORS
330
29
102
}
330
29
100
AcDbVisualStyle
  2
Flat
 70
     0
177
     3
291
     1
 70
    58
 90
        2
176
     1
 90
        1
176
     1
 90
        1
176
     1
 90
        2
176
     1
 40
0.6
176
     1
 40
30.0
176
     1
 62
     7
420
 16777215
176
     1
 90
        0
176
     1
 90
        0
176
     1
 62
     7
176
     1
 62
   257
176
     1
 90
        1
176
     1
 90
        1
176
     1
 40
1.0
176
     1
 90
        8
176
     1
 62
     7
176
     1
 40
1.0
176
     1
 90
        1
176
     1
 90
        6
176
     1
 90
        2
176
     1
 62
     7
176
     1
 90
        5
176
     1
 90
        0
176
     1
 90
        0
176
     1
290
     0
176
     1
 90
       13
176
     1
 40
0.0
176
     1
 90
        0
176
     1
290
     0
176
     1
290
     1
176
     1
290
     1
176
     1
290
     0
176
     1
290
     0
176
     1
290
     0
176
     1
290
     0
176
     1
290
     0
176
     1
290
     0
176
     1
 90
       50
176
     1
 40
0.0
176
     1
 40
1.0
176
     1
 90
        0
176
     1
 62
    18
420
        0
176
     1
 90
       50
176
     1
 90
        3
176
     1
 62
     5
420
      255
176
     1
290
     0
176
     1
 90
       50
176
     1
 90
       50
176
     1
 90
       50
176
     1
290
     0
176
     1
 90
       50
176
     1
 62
   256
176
     0
 40
1.0
176
     0
 90
        2
176
     1
  1
strokes_ogs.tif
176
     1
290
     0
176
     1
 40
1.0
176
     1
 40
1.0
176
     1
1001
ACAD
1000
AcDbSavedByObjectVersion
1070
     0
  0
VISUALSTYLE
  5
2B
102
{ACAD_REACTORS
330
29
102
}
330
29
100
AcDbVisualStyle
  2
FlatWithEdges
 70
     1
177
     3
291
     1
 70
    58
 90
        2
176
     1
 90
        1
176
     1
 90
        1
176
     1
 90
        2
176
     1
 40
0.6
176
     1
 40
30.0
176
     1
 62
     7
420
 16777215
176
     1
 90
        1
176
     1
 90
        0
176
     1
 62
     7
176
     1
 62
   257
176
     1
 90
        1
176
     1
 90
        1
176
     1
 40
1.0
176
     1
 90
        0
176
     1
 62
   257
176
     1
 40
1.0
176
     1
 90
        1
176
     1
 90
        6
176
     1
 90
        2
176
     1
 62
     7
176
     1
 90
        5
176
     1
 90
        0
176
     1
 90
        0
176
     1
290
     0
176
     1
 90
       13
176
     1
 40
0.0
176
     1
 90
        0
176
     1
290
     0
176
     1
290
     1
176
     1
290
     1
176
     1
290
     0
176
     1
290
     0
176
     1
290
     0
176
     1
290
     0
176
     1
290
     0
176
     1
290
     0
176
     1
 90
       50
176
     1
 40
0.0
176
     1
 40
1.0
176
     1
 90
        0
176
     1
 62
    18
420
        0
176
     1
 90
       50
176
     1
 90
        3
176
     1
 62
     5
420
      255
176
     1
290
     0
176
     1
 90
       50
176
     1
 90
       50
176
     1
 90
       50
176
     1
290
     0
176
     1
 90
       50
176
     1
 62
   256
176
     0
 40
1.0
176
     0
 90
        2
176
     1
  1
strokes_ogs.tif
176
     1
290
     0
176
     1
 40
1.0
176
     1
 40
1.0
176
     1
1001
ACAD
1000
AcDbSavedByObjectVersion
1070
     0
  0
VISUALSTYLE
  5
2C
102
{ACAD_REACTORS
330
29
102
}
330
29
100
AcDbVisualStyle
  2
Gouraud
 70
     2
177
     3
291
     1
 70
    58
 90
        2
176
     1
 90
        2
176
     1
 90
        1
176
     1
 90
        2
176
     1
 40
0.6
176
     1
 40
30.0
176
     1
 62
     7
420
 16777215
176
     1
 90
        0
176
     1
 90
        0
176
     1
 62
     7
176
     1
 62
   257
176
     1
 90
        1
176
     1
 90
        1
176
     1
 40
1.0
176
     1
 90
        0
176
     1
 62
     7
176
     1
 40
1.0
176
     1
 90
        1
176
     1
 90
        6
176
     1
 90
        2
176
     1
 62
     7
176
     1
 90
        5
176
     1
 90
        0
176
     1
 90
        0
176
     1
290
     0
176
     1
 90
       13
176
     1
 40
0.0
176
     1
 90
        0
176
     1
290
     0
176
     1
290
     1
176
     1
290
     1
176
     1
290
     0
176
     1
290
     0
176
     1
290
     0
176
     1
290
     0
176
     1
290
     0
176
     1
290
     0
176
     1
 90
       50
176
     1
 40
0.0
176
     1
 40
1.0
176
     1
 90
        0
176
     1
 62
    18
420
        0
176
     1
 90
       50
176
     1
 90
        3
176
     1
 62
     5
420
      255
176
     1
290
     0
176
     1
 90
       50
176
     1
 90
       50
176
     1
 90
       50
176
     1
290
     0
176
     1
 90
       50
176
     1
 62
   256
176
     0
 40
1.0
176
     0
 90
        2
176
     1
  1
strokes_ogs.tif
176
     1
290
     0
176
     1
 40
1.0
176
     1
 40
1.0
176
     1
1001
ACAD
1000
AcDbSavedByObjectVersion
1070
     0
  0
VISUALSTYLE
  5
2D
102
{ACAD_REACTORS
330
29
102
}
330
29
100
AcDbVisualStyle
  2
GouraudWithEdges
 70
     3
177
     3
291
     1
 70
    58
 90
        2
176
     1
 90
        2
176
     1
 90
        1
176
     1
 90
        2
176
     1
 40
0.6
176
     1
 40
30.0
176
     1
 62
     7
420
 16777215
176
     1
 90
        1
176
     1
 90
        0
176
     1
 62
     7
176
     1
 62
   257
176
     1
 90
        1
176
     1
 90
        1
176
     1
 40
1.0
176
     1
 90
        0
176
     1
 62
   257
176
     1
 40
1.0
176
     1
 90
        1
176
     1
 90
        6
176
     1
 90
        2
176
     1
 62
     7
176
     1
 90
        5
176
     1
 90
        0
176
     1
 90
        0
176
     1
290
     0
176
     1
 90
       13
176
     1
 40
0.0
176
     1
 90
        0
176
     1
290
     0
176
     1
290
     1
176
     1
290
     1
176
     1
290
     0
176
     1
290
     0
176
     1
290
     0
176
     1
290
     0
176
     1
290
     0
176
     1
290
     0
176
     1
 90
       50
176
     1
 40
0.0
176
     1
 40
1.0
176
     1
 90
        0
176
     1
 62
    18
420
        0
176
     1
 90
       50
176
     1
 90
        3
176
     1
 62
     5
420
      255
176
     1
290
     0
176
     1
 90
       50
176
     1
 90
       50
176
     1
 90
       50
176
     1
290
     0
176
     1
 90
       50
176
     1
 62
   256
176
     0
 40
1.0
176
     0
 90
        2
176
     1
  1
strokes_ogs.tif
176
     1
290
     0
176
     1
 40
1.0
176
     1
 40
1.0
176
     1
1001
ACAD
1000
AcDbSavedByObjectVersion
1070
     0
  0
VISUALSTYLE
  5
31
102
{ACAD_REACTORS
330
29
102
}
330
29
100
AcDbVisualStyle
  2
Hidden
 70
     6
177
     3
291
     0
 70
    58
 90
        1
176
     1
 90
        2
176
     1
 90
        2
176
     1
 90
        0
176
     1
 40
0.6
176
     1
 40
30.0
176
     1
 62
     7
420
 16777215
176
     1
 90
        2
176
     1
 90
        2
176
     1
 62
     7
176
     1
 62
   257
176
     1
 90
        2
176
     1
 90
        1
176
     1
 40
40.0
176
     1
 90
        0
176
     1
 62
   257
176
     1
 40
1.0
176
     1
 90
        1
176
     1
 90
        6
176
     1
 90
        2
176
     1
 62
     7
176
     1
 90
        3
176
     1
 90
        0
176
     1
 90
        0
176
     1
290
     0
176
     1
 90
        1
176
     1
 40
0.0
176
     1
 90
        0
176
     1
290
     0
176
     1
290
     1
176
     1
290
     1
176
     1
290
     0
176
     1
290
     0
176
     1
290
     0
176
     1
290
     0
176
     1
290
     0
176
     1
290
     0
176
     1
 90
       50
176
     1
 40
0.0
176
     1
 40
1.0
176
     1
 90
        0
176
     1
 62
    18
420
        0
176
     1
 90
       50
176
     1
 90
        3
176
     1
 62
     5
420
      255
176
     1
290
     0
176
     1
 90
       50
176
     1
 90
       50
176
     1
 90
       50
176
     1
290
     0
176
     1
 90
       50
176
     1
 62
   256
176
     0
 40
1.0
176
     0
 90
        2
176
     1
  1
strokes_ogs.tif
176
     1
290
     0
176
     1
 40
1.0
176
     1
 40
1.0
176
     1
1001
ACAD
1000
AcDbSavedByObjectVersion
1070
     0
  0
VISUALSTYLE
  5
3F
102
{ACAD_REACTORS
330
29
102
}
330
29
100
AcDbVisualStyle
  2
JitterOff
 70
    20
177
     3
291
     1
 70
    58
 90
        2
176
     0
 90
        2
176
     0
 90
        0
176
     0
 90
        0
176
     0
 40
0.6
176
     0
 40
30.0
176
     0
 62
     7
420
 16777215
176
     0
 90
        1
176
     0
 90
        4
176
     0
 62
     7
176
     0
 62
   257
176
     0
 90
        1
176
     0
 90
        1
176
     0
 40
1.0
176
     0
 90
       10
176
     2
 62
     7
176
     0
 40
1.0
176
     0
 90
        1
176
     0
 90
        6
176
     0
 90
        2
176
     0
 62
     7
176
     0
 90
        5
176
     0
 90
        0
176
     0
 90
        0
176
     0
290
     0
176
     0
 90
        1
176
     0
 40
0.0
176
     0
 90
        0
176
     0
290
     0
176
     0
290
     1
176
     0
290
     1
176
     0
290
     0
176
     0
290
     0
176
     0
290
     0
176
     0
290
     0
176
     0
290
     0
176
     0
290
     0
176
     0
 90
       50
176
     0
 40
0.0
176
     0
 40
1.0
176
     0
 90
        0
176
     0
 62
    18
420
        0
176
     0
 90
       50
176
     0
 90
        3
176
     0
 62
     5
420
      255
176
     0
290
     0
176
     0
 90
       50
176
     0
 90
       50
176
     0
 90
       50
176
     0
290
     0
176
     0
 90
       50
176
     0
 62
   256
176
     0
 40
1.0
176
     0
 90
        2
176
     0
  1
strokes_ogs.tif
176
     0
290
     0
176
     0
 40
1.0
176
     0
 40
1.0
176
     0
1001
ACAD
1000
AcDbSavedByObjectVersion
1070
     0
  0
VISUALSTYLE
  5
37
102
{ACAD_REACTORS
330
29
102
}
330
29
100
AcDbVisualStyle
  2
Linepattern
 70
    14
177
     3
291
     1
 70
    58
 90
        2
176
     1
 90
        2
176
     1
 90
        0
176
     1
 90
        0
176
     1
 40
0.6
176
     1
 40
30.0
176
     1
 62
     7
420
 16777215
176
     1
 90
        1
176
     1
 90
        4
176
     1
 62
     7
176
     1
 62
   257
176
     1
 90
        7
176
     1
 90
        7
176
     1
 40
1.0
176
     1
 90
        8
176
     1
 62
     7
176
     1
 40
1.0
176
     1
 90
        1
176
     1
 90
        6
176
     1
 90
        2
176
     1
 62
     7
176
     1
 90
        5
176
     1
 90
        0
176
     1
 90
        0
176
     1
290
     0
176
     1
 90
        1
176
     1
 40
0.0
176
     1
 90
        0
176
     1
290
     0
176
     1
290
     1
176
     1
290
     1
176
     1
290
     0
176
     1
290
     0
176
     1
290
     0
176
     1
290
     0
176
     1
290
     0
176
     1
290
     0
176
     1
 90
       50
176
     1
 40
0.0
176
     1
 40
1.0
176
     1
 90
        0
176
     1
 62
    18
420
        0
176
     1
 90
       50
176
     1
 90
        3
176
     1
 62
     5
420
      255
176
     1
290
     0
176
     1
 90
       50
176
     1
 90
       50
176
     1
 90
       50
176
     1
290
     0
176
     1
 90
       50
176
     1
 62
   256
176
     0
 40
1.0
176
     0
 90
        2
176
     1
  1
strokes_ogs.tif
176
     1
290
     0
176
     1
 40
1.0
176
     1
 40
1.0
176
     1
1001
ACAD
1000
AcDbSavedByObjectVersion
1070
     0
  0
VISUALSTYLE
  5
40
102
{ACAD_REACTORS
330
29
102
}
330
29
100
AcDbVisualStyle
  2
OverhangOff
 70
    21
177
     3
291
     1
 70
    58
 90
        2
176
     0
 90
        2
176
     0
 90
        0
176
     0
 90
        0
176
     0
 40
0.6
176
     0
 40
30.0
176
     0
 62
     7
420
 16777215
176
     0
 90
        1
176
     0
 90
        4
176
     0
 62
     7
176
     0
 62
   257
176
     0
 90
        1
176
     0
 90
        1
176
     0
 40
1.0
176
     0
 90
        9
176
     2
 62
     7
176
     0
 40
1.0
176
     0
 90
        1
176
     0
 90
        6
176
     0
 90
        2
176
     0
 62
     7
176
     0
 90
        5
176
     0
 90
        0
176
     0
 90
        0
176
     0
290
     0
176
     0
 90
        1
176
     0
 40
0.0
176
     0
 90
        0
176
     0
290
     0
176
     0
290
     1
176
     0
290
     1
176
     0
290
     0
176
     0
290
     0
176
     0
290
     0
176
     0
290
     0
176
     0
290
     0
176
     0
290
     0
176
     0
 90
       50
176
     0
 40
0.0
176
     0
 40
1.0
176
     0
 90
        0
176
     0
 62
    18
420
        0
176
     0
 90
       50
176
     0
 90
        3
176
     0
 62
     5
420
      255
176
     0
290
     0
176
     0
 90
       50
176
     0
 90
       50
176
     0
 90
       50
176
     0
290
     0
176
     0
 90
       50
176
     0
 62
   256
176
     0
 40
1.0
176
     0
 90
        2
176
     0
  1
strokes_ogs.tif
176
     0
290
     0
176
     0
 40
1.0
176
     0
 40
1.0
176
     0
1001
ACAD
1000
AcDbSavedByObjectVersion
1070
     0
  0
VISUALSTYLE
  5
33
102
{ACAD_REACTORS
330
29
102
}
330
29
100
AcDbVisualStyle
  2
Realistic
 70
     8
177
     3
291
     0
 70
    58
 90
        2
176
     1
 90
        3
176
     1
 90
        0
176
     1
 90
        2
176
     1
 40
0.6
176
     1
 40
30.0
176
     1
 62
     7
420
 16777215
176
     1
 90
        0
176
     1
 90
        0
176
     1
 62
     7
176
     1
 62
   257
176
     1
 90
        1
176
     1
 90
        1
176
     1
 40
1.0
176
     1
 90
        8
176
     1
 62
   257
176
     1
 40
1.0
176
     1
 90
        1
176
     1
 90
        6
176
     1
 90
        2
176
     1
 62
     7
176
     1
 90
        3
176
     1
 90
        0
176
     1
 90
        0
176
     1
290
     0
176
     1
 90
       13
176
     1
 40
0.0
176
     1
 90
        0
176
     1
290
     0
176
     1
290
     1
176
     1
290
     1
176
     1
290
     0
176
     1
290
     0
176
     1
290
     0
176
     1
290
     0
176
     1
290
     0
176
     1
290
     0
176
     1
 90
       50
176
     1
 40
0.0
176
     1
 40
1.0
176
     1
 90
        0
176
     1
 62
    18
420
        0
176
     1
 90
       50
176
     1
 90
        3
176
     1
 62
     5
420
      255
176
     1
290
     0
176
     1
 90
       50
176
     1
 90
       50
176
     1
 90
       50
176
     1
290
     0
176
     1
 90
       50
176
     1
 62
   256
176
     0
 40
1.0
176
     0
 90
        2
176
     1
  1
strokes_ogs.tif
176
     1
290
     0
176
     1
 40
1.0
176
     1
 40
1.0
176
     1
1001
ACAD
1000
AcDbSavedByObjectVersion
1070
     0
  0
VISUALSTYLE
  5
3E
102
{ACAD_REACTORS
330
29
102
}
330
29
100
AcDbVisualStyle
  2
Shaded
 70
    27
177
     3
291
     0
 70
    58
 90
        2
176
     1
 90
        2
176
     1
 90
        1
176
     1
 90
        2
176
     1
 40
0.6
176
     1
 40
30.0
176
     1
 62
     7
420
 16777215
176
     1
 90
        0
176
     1
 90
        4
176
     1
 62
     7
176
     1
 62
   257
176
     1
 90
        1
176
     1
 90
        1
176
     1
 40
1.0
176
     1
 90
        8
176
     1
 62
   257
176
     1
 40
1.0
176
     1
 90
        1
176
     1
 90
        6
176
     1
 90
        2
176
     1
 62
     8
420
  7895160
176
     1
 90
        3
176
     1
 90
        0
176
     1
 90
        0
176
     1
290
     0
176
     1
 90
        5
176
     1
 40
0.0
176
     1
 90
        0
176
     1
290
     0
176
     1
290
     1
176
     1
290
     1
176
     1
290
     0
176
     1
290
     0
176
     1
290
     0
176
     1
290
     0
176
     1
290
     0
176
     1
290
     0
176
     1
 90
       50
176
     1
 40
0.0
176
     1
 40
1.0
176
     1
 90
        0
176
     1
 62
    18
420
        0
176
     1
 90
       50
176
     1
 90
        3
176
     1
 62
     5
420
      255
176
     1
290
     0
176
     1
 90
       50
176
     1
 90
       50
176
     1
 90
       50
176
     1
290
     0
176
     1
 90
       50
176
     1
 62
   256
176
     0
 40
1.0
176
     0
 90
        2
176
     1
  1
strokes_ogs.tif
176
     1
290
     0
176
     1
 40
1.0
176
     1
 40
1.0
176
     1
1001
ACAD
1000
AcDbSavedByObjectVersion
1070
     0
  0
VISUALSTYLE
  5
3D
102
{ACAD_REACTORS
330
29
102
}
330
29
100
AcDbVisualStyle
  2
Shaded with edges
 70
    26
177
     3
291
     0
 70
    58
 90
        2
176
     1
 90
        2
176
     1
 90
        1
176
     1
 90
        2
176
     1
 40
0.6
176
     1
 40
30.0
176
     1
 62
     7
420
 16777215
176
     1
 90
        1
176
     1
 90
        2
176
     1
 62
     7
176
     1
 62
   257
176
     1
 90
        2
176
     1
 90
        1
176
     1
 40
1.0
176
     1
 90
        8
176
     1
 62
   257
176
     1
 40
1.0
176
     1
 90
        1
176
     1
 90
        6
176
     1
 90
        2
176
     1
 62
     7
176
     1
 90
        3
176
     1
 90
        0
176
     1
 90
        0
176
     1
290
     0
176
     1
 90
        5
176
     1
 40
0.0
176
     1
 90
        0
176
     1
290
     0
176
     1
290
     1
176
     1
290
     1
176
     1
290
     0
176
     1
290
     0
176
     1
290
     0
176
     1
290
     0
176
     1
290
     0
176
     1
290
     0
176
     1
 90
       50
176
     1
 40
0.0
176
     1
 40
1.0
176
     1
 90
        0
176
     1
 62
    18
420
        0
176
     1
 90
       50
176
     1
 90
        3
176
     1
 62
     5
420
      255
176
     1
290
     0
176
     1
 90
       50
176
     1
 90
       50
176
     1
 90
       50
176
     1
290
     0
176
     1
 90
       50
176
     1
 62
   256
176
     0
 40
1.0
176
     0
 90
        2
176
     1
  1
strokes_ogs.tif
176
     1
290
     0
176
     1
 40
1.0
176
     1
 40
1.0
176
     1
1001
ACAD
1000
AcDbSavedByObjectVersion
1070
     0
  0
VISUALSTYLE
  5
3A
102
{ACAD_REACTORS
330
29
102
}
330
29
100
AcDbVisualStyle
  2
Shades of Gray
 70
    23
177
     3
291
     0
 70
    58
 90
        2
176
     1
 90
        2
176
     1
 90
        3
176
     1
 90
        0
176
     1
 40
0.6
176
     1
 40
30.0
176
     1
 62
     7
420
 16777215
176
     1
 90
        2
176
     1
 90
        2
176
     1
 62
     7
176
     1
 62
     7
176
     1
 90
        1
176
     1
 90
        1
176
     1
 40
40.0
176
     1
 90
        8
176
     1
 62
     7
176
     1
 40
1.0
176
     1
 90
        1
176
     1
 90
        6
176
     1
 90
        2
176
     1
 62
     7
176
     1
 90
        3
176
     1
 90
        0
176
     1
 90
        0
176
     1
290
     0
176
     1
 90
        1
176
     1
 40
0.0
176
     1
 90
        0
176
     1
290
     0
176
     1
290
     1
176
     1
290
     1
176
     1
290
     0
176
     1
290
     0
176
     1
290
     0
176
     1
290
     0
176
     1
290
     0
176
     1
290
     0
176
     1
 90
       50
176
     1
 40
0.0
176
     1
 40
1.0
176
     1
 90
        0
176
     1
 62
    18
420
        0
176
     1
 90
       50
176
     1
 90
        3
176
     1
 62
     5
420
      255
176
     1
290
     0
176
     1
 90
       50
176
     1
 90
       50
176
     1
 90
       50
176
     1
290
     0
176
     1
 90
       50
176
     1
 62
   256
176
     0
 40
1.0
176
     0
 90
        2
176
     1
  1
strokes_ogs.tif
176
     1
290
     0
176
     1
 40
1.0
176
     1
 40
1.0
176
     1
1001
ACAD
1000
AcDbSavedByObjectVersion
1070
     0
  0
VISUALSTYLE
  5
3B
102
{ACAD_REACTORS
330
29
102
}
330
29
100
AcDbVisualStyle
  2
Sketchy
 70
    24
177
     3
291
     0
 70
    58
 90
        1
176
     1
 90
        2
176
     1
 90
        2
176
     1
 90
        0
176
     1
 40
0.6
176
     1
 40
30.0
176
     1
 62
     7
420
 16777215
176
     1
 90
        2
176
     1
 90
        2
176
     1
 62
     7
176
     1
 62
     7
176
     1
 90
        1
176
     1
 90
        1
176
     1
 40
40.0
176
     1
 90
       11
176
     1
 62
     7
176
     1
 40
1.0
176
     1
 90
        1
176
     1
 90
        6
176
     1
 90
        2
176
     1
 62
     7
176
     1
 90
        6
176
     1
 90
        0
176
     1
 90
        0
176
     1
290
     0
176
     1
 90
        1
176
     1
 40
0.0
176
     1
 90
        0
176
     1
290
     0
176
     1
290
     1
176
     1
290
     1
176
     1
290
     0
176
     1
290
     0
176
     1
290
     0
176
     1
290
     0
176
     1
290
     0
176
     1
290
     0
176
     1
 90
       50
176
     1
 40
0.0
176
     1
 40
1.0
176
     1
 90
        0
176
     1
 62
    18
420
        0
176
     1
 90
       50
176
     1
 90
        3
176
     1
 62
     5
420
      255
176
     1
290
     0
176
     1
 90
       50
176
     1
 90
       50
176
     1
 90
       50
176
     1
290
     0
176
     1
 90
       50
176
     1
 62
   256
176
     0
 40
1.0
176
     0
 90
        2
176
     1
  1
strokes_ogs.tif
176
     1
290
     0
176
     1
 40
1.0
176
     1
 40
1.0
176
     1
1001
ACAD
1000
AcDbSavedByObjectVersion
1070
     0
  0
VISUALSTYLE
  5
36
102
{ACAD_REACTORS
330
29
102
}
330
29
100
AcDbVisualStyle
  2
Thicken
 70
    13
177
     3
291
     1
 70
    58
 90
        2
176
     1
 90
        2
176
     1
 90
        0
176
     1
 90
        0
176
     1
 40
0.6
176
     1
 40
30.0
176
     1
 62
     7
420
 16777215
176
     1
 90
        1
176
     1
 90
        4
176
     1
 62
     7
176
     1
 62
   257
176
     1
 90
        1
176
     1
 90
        1
176
     1
 40
1.0
176
     1
 90
       12
176
     1
 62
     7
176
     1
 40
1.0
176
     1
 90
        1
176
     1
 90
        6
176
     1
 90
        2
176
     1
 62
     7
176
     1
 90
        5
176
     1
 90
        0
176
     1
 90
        0
176
     1
290
     0
176
     1
 90
        1
176
     1
 40
0.0
176
     1
 90
        0
176
     1
290
     0
176
     1
290
     1
176
     1
290
     1
176
     1
290
     0
176
     1
290
     0
176
     1
290
     0
176
     1
290
     0
176
     1
290
     0
176
     1
290
     0
176
     1
 90
       50
176
     1
 40
0.0
176
     1
 40
1.0
176
     1
 90
        0
176
     1
 62
    18
420
        0
176
     1
 90
       50
176
     1
 90
        3
176
     1
 62
     5
420
      255
176
     1
290
     0
176
     1
 90
       50
176
     1
 90
       50
176
     1
 90
       50
176
     1
290
     0
176
     1
 90
       50
176
     1
 62
   256
176
     0
 40
1.0
176
     0
 90
        2
176
     1
  1
strokes_ogs.tif
176
     1
290
     0
176
     1
 40
1.0
176
     1
 40
1.0
176
     1
1001
ACAD
1000
AcDbSavedByObjectVersion
1070
     0
  0
VISUALSTYLE
  5
30
102
{ACAD_REACTORS
330
29
102
}
330
29
100
AcDbVisualStyle
  2
Wireframe
 70
     5
177
     3
291
     0
 70
    58
 90
        0
176
     1
 90
        2
176
     1
 90
        0
176
     1
 90
        0
176
     1
 40
0.6
176
     1
 40
30.0
176
     1
 62
     7
420
 16777215
176
     1
 90
        1
176
     1
 90
        4
176
     1
 62
     7
176
     1
 62
   257
176
     1
 90
        1
176
     1
 90
        1
176
     1
 40
1.0
176
     1
 90
        0
176
     1
 62
   257
176
     1
 40
1.0
176
     1
 90
        1
176
     1
 90
        6
176
     1
 90
        2
176
     1
 62
     7
176
     1
 90
        3
176
     1
 90
        0
176
     1
 90
        0
176
     1
290
     0
176
     1
 90
        1
176
     1
 40
0.0
176
     1
 90
        0
176
     1
290
     0
176
     1
290
     1
176
     1
290
     1
176
     1
290
     0
176
     1
290
     0
176
     1
290
     0
176
     1
290
     0
176
     1
290
     0
176
     1
290
     0
176
     1
 90
       50
176
     1
 40
0.0
176
     1
 40
1.0
176
     1
 90
        0
176
     1
 62
    18
420
        0
176
     1
 90
       50
176
     1
 90
        3
176
     1
 62
     5
420
      255
176
     1
290
     0
176
     1
 90
       50
176
     1
 90
       50
176
     1
 90
       50
176
     1
290
     0
176
     1
 90
       50
176
     1
 62
   256
176
     0
 40
1.0
176
     0
 90
        2
176
     1
  1
strokes_ogs.tif
176
     1
290
     0
176
     1
 40
1.0
176
     1
 40
1.0
176
     1
1001
ACAD
1000
AcDbSavedByObjectVersion
1070
     0
  0
VISUALSTYLE
  5
3C
102
{ACAD_REACTORS
330
29
102
}
330
29
100
AcDbVisualStyle
  2
X-Ray
 70
    25
177
     3
291
     0
 70
    58
 90
        2
176
     1
 90
        2
176
     1
 90
        1
176
     1
 90
        1
176
     1
 40
0.5
176
     1
 40
30.0
176
     1
 62
     7
420
 16777215
176
     1
 90
        1
176
     1
 90
        0
176
     1
 62
     7
176
     1
 62
   257
176
     1
 90
        1
176
     1
 90
        1
176
     1
 40
1.0
176
     1
 90
        8
176
     1
 62
     7
176
     1
 40
1.0
176
     1
 90
        1
176
     1
 90
        6
176
     1
 90
        2
176
     1
 62
     7
176
     1
 90
        3
176
     1
 90
        0
176
     1
 90
        0
176
     1
290
     0
176
     1
 90
       13
176
     1
 40
0.0
176
     1
 90
        0
176
     1
290
     0
176
     1
290
     1
176
     1
290
     1
176
     1
290
     0
176
     1
290
     0
176
     1
290
     0
176
     1
290
     0
176
     1
290
     0
176
     1
290
     0
176
     1
 90
       50
176
     1
 40
0.0
176
     1
 40
1.0
176
     1
 90
        0
176
     1
 62
    18
420
        0
176
     1
 90
       50
176
     1
 90
        3
176
     1
 62
     5
420
      255
176
     1
290
     0
176
     1
 90
       50
176
     1
 90
       50
176
     1
 90
       50
176
     1
290
     0
176
     1
 90
       50
176
     1
 62
   256
176
     0
 40
1.0
176
     0
 90
        2
176
     1
  1
strokes_ogs.tif
176
     1
290
     0
176
     1
 40
1.0
176
     1
 40
1.0
176
     1
1001
ACAD
1000
AcDbSavedByObjectVersion
1070
     0
  0
DICTIONARYVAR
  5
B2
102
{ACAD_REACTORS
330
AD
102
}
330
AD
100
DictionaryVariables
280
     0
  1
1:1
  0
DICTIONARYVAR
  5
AF
102
{ACAD_REACTORS
330
AD
102
}
330
AD
100
DictionaryVariables
280
     0
  1
STANDARD
  0
DICTIONARYVAR
  5
AE
102
{ACAD_REACTORS
330
AD
102
}
330
AD
100
DictionaryVariables
280
     0
  1
STANDARD
  0
DICTIONARYVAR
  5
B0
102
{ACAD_REACTORS
330
AD
102
}
330
AD
100
DictionaryVariables
280
     0
  1
Imperial24
  0
DICTIONARYVAR
  5
B1
102
{ACAD_REACTORS
330
AD
102
}
330
AD
100
DictionaryVariables
280
     0
  1
Imperial24
  0
DICTIONARY
  5
B8
330
6B
100
AcDbDictionary
280
     1
281
     1
  3
ACAD_XREC_ROUNDTRIP
360
B9
  0
DICTIONARY
  5
1A
330
19
100
AcDbDictionary
280
     1
281
     1
  3
BUMPTILE
360
1C
  3
DIFFUSETILE
360
1B
  3
OPACITYTILE
360
1F
  3
REFLECTIONTILE
360
1E
  3
REFRACTIONTILE
360
20
  3
SPECULARTILE
360
1D
  0
DICTIONARY
  5
12
330
11
100
AcDbDictionary
280
     1
281
     1
  3
BUMPTILE
360
14
  3
DIFFUSETILE
360
13
  3
OPACITYTILE
360
17
  3
REFLECTIONTILE
360
16
  3
REFRACTIONTILE
360
18
  3
SPECULARTILE
360
15
  0
DICTIONARY
  5
22
330
21
100
AcDbDictionary
280
     1
281
     1
  3
BUMPTILE
360
24
  3
DIFFUSETILE
360
23
  3
OPACITYTILE
360
27
  3
REFLECTIONTILE
360
26
  3
REFRACTIONTILE
360
28
  3
SPECULARTILE
360
25
  0
DICTIONARY
  5
A0
330
9F
100
AcDbDictionary
280
     1
281
     1
  3
ADVMATERIAL
360
A8
  3
BUMPTILE
360
A3
  3
DIFFUSETILE
360
A2
  3
FBXASSET
360
A1
  3
OPACITYTILE
360
A4
  3
REFLECTIONTILE
360
A6
  3
REFRACTIONTILE
360
A7
  3
SPECULARTILE
360
A5
  0
DICTIONARY
  5
B6
330
69
100
AcDbDictionary
280
     1
281
     1
  3
ACAD_XREC_ROUNDTRIP
360
B7
  0
DICTIONARY
  5
B3
330
65
100
AcDbDictionary
280
     1
281
     1
  3
ACAD_ROUNDTRIP_2008_TABLESTYLE_CELLSTYLEMAP
360
B4
  0
XRECORD
  5
B9
102
{ACAD_REACTORS
330
B8
102
}
330
B8
100
AcDbXrecord
280
     1
102
DISPLAYNAME
  1
Imperial24
102
FLAGS
 90
        0
  0
XRECORD
  5
1C
102
{ACAD_REACTORS
330
1A
102
}
330
1A
100
AcDbXrecord
280
     1
270
     1
271
     1
  0
XRECORD
  5
1B
102
{ACAD_REACTORS
330
1A
102
}
330
1A
100
AcDbXrecord
280
     1
270
     1
271
     1
  0
XRECORD
  5
1F
102
{ACAD_REACTORS
330
1A
102
}
330
1A
100
AcDbXrecord
280
     1
270
     1
271
     1
  0
XRECORD
  5
1E
102
{ACAD_REACTORS
330
1A
102
}
330
1A
100
AcDbXrecord
280
     1
270
     1
271
     1
  0
XRECORD
  5
20
102
{ACAD_REACTORS
330
1A
102
}
330
1A
100
AcDbXrecord
280
     1
270
     1
271
     1
  0
XRECORD
  5
1D
102
{ACAD_REACTORS
330
1A
102
}
330
1A
100
AcDbXrecord
280
     1
270
     1
271
     1
  0
XRECORD
  5
14
102
{ACAD_REACTORS
330
12
102
}
330
12
100
AcDbXrecord
280
     1
270
     1
271
     1
  0
XRECORD
  5
13
102
{ACAD_REACTORS
330
12
102
}
330
12
100
AcDbXrecord
280
     1
270
     1
271
     1
  0
XRECORD
  5
17
102
{ACAD_REACTORS
330
12
102
}
330
12
100
AcDbXrecord
280
     1
270
     1
271
     1
  0
XRECORD
  5
16
102
{ACAD_REACTORS
330
12
102
}
330
12
100
AcDbXrecord
280
     1
270
     1
271
     1
  0
XRECORD
  5
18
102
{ACAD_REACTORS
330
12
102
}
330
12
100
AcDbXrecord
280
     1
270
     1
271
     1
  0
XRECORD
  5
15
102
{ACAD_REACTORS
330
12
102
}
330
12
100
AcDbXrecord
280
     1
270
     1
271
     1
  0
XRECORD
  5
24
102
{ACAD_REACTORS
330
22
102
}
330
22
100
AcDbXrecord
280
     1
270
     1
271
     1
  0
XRECORD
  5
23
102
{ACAD_REACTORS
330
22
102
}
330
22
100
AcDbXrecord
280
     1
270
     1
271
     1
  0
XRECORD
  5
27
102
{ACAD_REACTORS
330
22
102
}
330
22
100
AcDbXrecord
280
     1
270
     1
271
     1
  0
XRECORD
  5
26
102
{ACAD_REACTORS
330
22
102
}
330
22
100
AcDbXrecord
280
     1
270
     1
271
     1
  0
XRECORD
  5
28
102
{ACAD_REACTORS
330
22
102
}
330
22
100
AcDbXrecord
280
     1
270
     1
271
     1
  0
XRECORD
  5
25
102
{ACAD_REACTORS
330
22
102
}
330
22
100
AcDbXrecord
280
     1
270
     1
271
     1
  0
XRECORD
  5
A8
102
{ACAD_REACTORS
330
A0
102
}
330
A0
100
AcDbXrecord
280
     1
460
100.0
461
100.0
462
100.0
463
100.0
290
     0
270
     1
464
0.0
293
     0
272
     3
273
     3
  0
XRECORD
  5
A3
102
{ACAD_REACTORS
330
A0
102
}
330
A0
100
AcDbXrecord
280
     1
270
     1
271
     1
  0
XRECORD
  5
A2
102
{ACAD_REACTORS
330
A0
102
}
330
A0
100
AcDbXrecord
280
     1
270
     1
271
     1
  0
XRECORD
  5
A1
102
{ACAD_REACTORS
330
A0
102
}
330
A0
100
AcDbXrecord
280
     1
 70
     0
 90
 46071428
 71
     1
  1
78338E67-A1D1-4F92-8925-9B5ACF4B4DFD
311
504B03041400060808003057925ABA6EB31825010000B80200004F00000036304645394543332D334536362D343743362D393036362D4333393534333345383230442F4173736574446174612F446566696E6974696F6E4974657261746F7250726F706572746965732E62696EC5523B4FC3301076018110626061EE1F304E
311
E2BC1C09A1360F264405EC9509A68D94177122183B30F0AFE18EB46ACAC086B0F4F91EBA3B7FF7C91F8490CFF501978C002BB84FC15EAB5235597A9F2E5521C9D1363370F7208B61A49E6597B7D87693E954E5B92C55D5E9B36DD7B8902DCC93F905361D0336098D1316FD6B48E0B5E7F4062E914F757025B556ED25738D24
311
1671C8298F5D97DA5EE85261801772E1D89CC7BE6544EC4EE9AA6B52A599E773EEC7AE47276664523B1116F585E55031752661624FED288958BBEC8AC752663933D89AC2BC2E170FA611385EC0F78102EA817BCC9A4C17B7B57CE954AFC9E86437FB23C45506DA9C6F8AC7D5F78C5FF43884D2BE0867BC030E002BC01FCB31
311
9F55BAB50CD3D9D165B0387E15E4821A81F9B7F305504B03041400060808003057925A2F419867E5010000500400004500000036304645394543332D334536362D343743362D393036362D4333393534333345383230442F4173736574446174612F496E7374616E636550726F706572746965732E62696EEB606060F80F05
311
40260323103700495E20ED9E9A975A94991C9C9C919A9BA8021430B73036B6703533D775347431D43571B334D2B5B03432D5B57432757476337132717173614768046931363471713532B5D435353131D635313332D475727372D13534373670367376B67474B5042A8300CD98FE435F35AED8036926A0480310C3F8601AA2
311
EA833D4812EC522025E0C02000E21A83C1657B101B0FF8005300612C9832E50A48049D060A011500ED6106B21A80180A60DA61340F50BC5A649DFBC3AA2930838122A0F004C9A481C137A8CC03241550E36014CC382C34D8AF10238D60CA316816A00828E64096069727962467E886E417951683C4A90B5881C681D2872090
311
0E28CA2CCEF52F482C2C4D85A4115DA0203169243E20BFB8C4C8C0D0941BD51412120C1BD81D40020AD02310C6074AC30215A41225AE180B40B18B0C604A71D140B57C0A300D0F40F1094AEE0D10115C9A60E22055A048820098282E1AA60E85466847169E3573E64C509293050ACE9C791292CCB02585A6F957DE58E5D6F9
311
336CABFDDCB3A0CCBF599FC5E3698BE5CEA0D3FE05F7A779FD2A39F377D7EEFBEA76FA5FBEE6DAEEFFB4BCD7E9FFA7D2D8CFEC6C29D3BF3824ADBA7FE04C487EEE997FE7CE2F327AE8EFD0CFEA5E6B289D6165BA4725FE7C57CCA5F50A4C3A8A00504B03041400060808003057925AB5A795FFE3790000DE7900006B000000
311
36304645394543332D334536362D343743362D393036362D4333393534333345383230442F5265736F75726365732F37383333384536372D413144312D344639322D383932352D3942354143463442344446442F7468756D626E61696C2F302F67656E657269635F706E6701DE79218689504E470D0A1A0A0000000D494844
311
52000001000000010008030000006BAC58540000000467414D410000B18F0BFC6105000000017352474200AECE1CE900000192504C5445818181B3B3B35A5A5A4848486060605C5C5C6464648383835E5E5E6262624E4E4EAFAFAF4A4A4AB5B5B54C4C4CB1B1B1858585B7B7B7585858ADADAD7C7C7C464646787878ABABAB
311
747474A7A7A7686868707070B9B9B96E6E6E6A6A6A8B8B8B666666545454565656A5A5A5505050A1A1A1BBBBBB8F8F8F9F9F9F4242425252527676764040403E3E3E9B9B9B7A7A7A8989897E7E7E9393939797974444448787873C3C3C727272BDBDBD3A3A3A6C6C6CA9A9A9A3A3A32020209D9D9DBFBFBF8D8D8D95959591
311
91912626269999992222222424241E1E1EC1C1C1282828C3C3C32C2C2C2A2A2A2E2E2E303030C5C5C53232321C1C1C363636383838343434C7C7C71A1A1A0E0E0E121212484A484C4E4C1616160A0A0A4A4C4A787A781414147C7E7C9193915E605E464846838583878987B1B3B18587856668665A5C5A626462818381A7A7
311
A5A3A3A1B1B1AFADAFAD7072705C5E5C9D9D9BABADAB7E817EB7B9B7585A58BBBDBB4C4C4A8D8F8D747674B5B5B3B7B7B59FA19F606260ABABA9A5A5A39B9B99A9A9A78F8F8D6C6C6AC7C7C5451AD12700002000494441547801DCBD89771BD7B5A70B8EE04C702641712605CE034890E220088028C93245451215B713AF38
311
8E7DFD9EEDB8DDCE6ABFF4B57D97137BE50FEFEFDBA74049B6AEED74869B7E87404D2814EBB7F76F0F67A8835CEEBFA0E42B854AA5B2BB5B6BCC951A8D52A93657A914FE0BEEE39FFE2FF395B9B9C6CAD2D4C4606F4B7FFF8D1B37EEDCB97587F7CD9B4343BD134BABE7DB48E3FFA7A228ECD6F6574E4786C0FC8B5FFCE2CD
311
5FFCE297BF7CF3CD5FFC92B52FFE58BFF9E69B776E0EF5F79E55CBBBF9FC3F5D3DFFB07F5898ABAF7CDA3B74E74EC0CE20230561BF096E97E05712BFFCC59BC80539DCE83DDD6E54FE61B7747DE17FB8980BBBFB2BBD4337DF487881AAE6C5ACC6AF25207877B2B527BFF1CB3B77FA47561ABBD7F7FA7FE146A5B6BD74E316
311
4C7F51449AE95DB412200EC539418717E7F2F11B376FF62E95FEAF1442BED0581DBCA1BD2780D23F506AFA16E1A7AD974EF17876F00DD7BCB187A1A97AE51FCED5BF2BC1F2BBE5B3C19BE27B43CF26DE00933658FE129B109C2FFF922CC22C4260FA01BEFB462A77DEBC35F42F600C3F5B0795D2E9E02DAD5E650B4438A928
311
01B65C35CBAB7B1EE5041CE69D3B6F1822DFB873EBD6AD3B6FBC71EBC6C86AE967DFC2DFA4CEBFF1BF54F6276EBC114E2F43FEC60B01A0D440A868B2920E5C4BC10D60931ADCB871F3268B21D3851B08E1D6AD9BFD4BF57F7577909FAB86F29B982571136AF01DF5FE32AC3BD9406CAAF2440A54CF176EDD01FBADA1FEFEFE
311
21FE4C9858DFF4183458A9FD2B6708A5A5A137E0EE1D11A9EC0C7C58B2C73C0AD6B479BD76B7790CF899E287FA5B06FB7B07C9195B7851FA8794031EF1FC5F9406BBFB23375420286399B631E93B08022A785C4DBF9996EC3551874094D71B6F487E80F6837E50F483BDBDBD83232323AC420A18C68DA196EDDADF68A77F93
311
8F78FD972BABBDB7B87FB164AC6FC2CB760365821ACB74AED44FFAD7E7431ECD7E08AC421F391D199998989A383D9D98E8E56F84A318C58D9BFD2DAB73FF5222C8EFAEF4DE7AF30D756E5108683DA471E70D0502099A7240F19E4089D3FD203E620F1B47BF43501E85031AE44B4B9F2E4D2D9D4D51D8970983FA861B3706FF
311
950CA170DE82F6B312CC4F42C8966295F7D725ED29882415DC055F36DEA1FE96FEC141493F05FAA9A9A5A595B333DED5B3D5A533F62183323032F46EFF13EA0AAFA5FBF7C8976F8C10F7280A014832593B90004D52341980D907EAEB73411EB2F1EBC9F507F92746C40E7AE0AFAE54292BAB2BAB67CAE0746264A277B06508
311
168C94BF772BE9765F7BF0B548FE1E07F3B5A521340A5CB5297C4B12811B89E82191ECF3E41B3259C529F135E23CF4C7F961FB13537F5A02ECCAEA76B5BA5D3D3FDF3F2FEFEFB3AA22053E5008833428DC6C59FA2F770595F311F235D427F379BB8A121BD901B96076A388DC4C3C61C7933CCCD770FF375A6E0CE9F535FE25
311
34BF5ADD3E3FAFD71BF57AA951B6D4CFEBFB8864758A26154430080B06ABFF557610ECC93726224F155D1471041E0D42F82F4891C926C1355B0831649FF365F46FF05300A7A790BD8ADEEB0D4AA9569A9BDBADCCD56AA55AE377F5F3F3EA2A34983A1DE91D810543138D7F28E57FF4E2B5335A3928B76EA1CB9B00BF158C8F
311
63A2E788826896D0B5E7C461949ECE089144F8EBEFC7FB4D8C9C4E9DAD60F7FBE572B416C2F2423ECF8B86C439E450DA970634ACFDA977629098D0B2FAF313A36B3869E37AF7853378CDA1171FBEBA95DF1E44FD5144A420588641B0055A79ED91CC0DC41E27064512FB33F1F04D09D0D2DF0203A646A6CECE80DF28356A34
311
8CED8C4F1EF137B9319E1BCD29867CA556AA97F7B757567006A447FD375A26CAAFDED9CFDCFB2BB0BEEE8AA5911BC2C7F85DF88A3775389990AA72219D582409210F85A4E66F2987D875C30848023088FDF77E87F96FD7CBA5B9DCCEF4F4C9FC7C676777577B7B7B67E7ECCCE4E8DEE85E81A6D55AA3BC7FBEB242589CE8ED
311
4770E785D7DDE23FF2587EBF57F50B9E820527316488E5C32D50F979BCA58207297E2B6D658702FFCD211840FE43FC9F3A5BAD9E97E6F21B9FCF16BBBB3A3A5A175B5B1787875B5B3B86DFEFFC687A72674F19D46A8DFDF3EACA59E405375ACE76FFA922C817CE86A89BDD92F400F2C55B7462F610459837D3A61ACF50C747
311
1C8F2F2A9D38C3DA2F068007F80EFCDBFBE5DCC674B1D83EBCBEB8BCBCBC3ED0D3D333D0B3DE33BCBEB0D8DA35FBF9F8CECE68AE020BCE61C112A4C1138CD47F9AD13F7DC6AB9CF9CFCFAF9D0E01FFE6CD503F5B91C5218E2899CA15098714848B04FCE5654884ABF0E554F11F6C21D73D5D5AADD64B7B9327DDAD8B0B7D7D
311
6D6D07070763BC0F3E38E8EB4310EBEB8BC3DDB347E3E37B5842B97C4E44A0C630427E5CFDFB71E03F471E12CA9FF70E055AE141042DD81234B879EB4606361D9328149037D7D76A571A7E974FA20AD0323832713AB5BA7ABE3B3E3D3FBC30307070B0B9B645D93C3CDC3CDCA41CFC6AAC2D64D0D579B4B1B397A7C1BDBEBD
311
7D36657A3CD4B2F44F4909F2B9CA597F4245C59DEC354316F0587020D0C661742BC02869435FD12CF195C422DB3C5A3E2305C000CE6B7B27ED8B7D63079B5B5B878787C787C7C7C757C76C51B60ED60EDAFA06D67B965B3B672677080BB5329E60E9B477847AE2E9EB53E35779FD37EFCD2D0DDD68AA355B6B0D81860502B8
311
B68C801F5C697E9AD62F4B406244CB975560BAC756AAA577675B07C6D03778C17E7C95CAF1B3ABABE3E3ADADE3CDB1B1B6B681014470343EBA979F8B90383545727C63E43549D14FD0F927E5F1FDEFD7263058FE02EBCD1BDCBCA053496BD58E69BC44F9F854D4D979AE9ADB908824382AC1D4014E9756EAF9CE85B6B54DB0
311
1F02F8EA5908E0D9D5F1B3E72188C3C3AB67879B07C8A0A767B8B831FE5E7EB754DEAE5261460243FFF07858D8EF0D658BDC563A2C5EF5833C13C90B69248C4DD97842B61DFA7F210A2F6108A0F96B62E2D3B3F3DD939EA47E30ABF5AB2B903F4BE5F9B36757CF65021E616DAC6F60A1FB647274B4B05B2E5341B082D43278
311
F67D8DFDA48AFF9A13F22B34C7586C9992BA6E66CABC190E313E7C811AA57304B421A75B289B9D174CC868C24548823E230B9A5A2DCD2CAFE1F98E61C015CA7E96B083FC59F3ED06EE60F360B3AD6F79787ED278D0A86FAFE00BA9220EAEFE1D5DE1F7855939C3FCC1332426B377F692406E022C010DB437EF009803F0DCFD
311
3B7C94440571D8F2C328F115F47FD324802070BAB43FBA80EFDB92FCA1F7E7CF9FA875CBB327CF9EB08C4DE4815BC4210E2CB7CF1CEDECEDCED5B757490968286899FAF95583BF46F9393CEE6A86D6F618CAAD9BFF0BE22B042412C5CFB50556815CC5BBE33E9F61ECEC26A9BCB8145FD10590078F9C9E953B513FAE1FE387
311
FAC246E14F9E3CE7F5F8194BD6594140876B6B84C5D6799C61A16434201E5237582AFD75C07EEED9863F463284E2E13425A036BD41061259289B6BDC1ED656FC8B8592C9D00701E27CEA749F0D8EF44EAD8C1F80FFF8F8F9D513191F6803384C800097F24069C407CFAE88136B7DCB3D5D4A60B711F19070D83235F77331FD
311
35E715966889038E2E0B346EAB7936C4162043E1A1F144093695443A570144898BC4079CEF1912809A3035A1D3F361235F90FFF1E3E0FB93C7E2750719F88E7D8E68123883ADB5B18185AE99F1D11C1238A792DC4BEDE8EC6FF503DF377E0445F68FAF4E08D43082D02170F30131A154206CC559A8D9CFDD762B31273E4947
311
A581E0D9BB71E33FFA07CD02CE2A6BE1EC80167497F2A81CFA3F7EFE58D0CF5D5D170DE4F89070B0BC4040CC17BEAC6B0586C3D3FF0309BC06F44B04A1E13729929B4DF73C44070692C810B08AC3012E8EE9EAE22067796288C193B2139B970B86F47FAD0F98382B1E035D9C32FD318A4FAFCB274F2E1FA772F94411B0CD42
311
493C23393A685B5FEF3E1ACF554AF5F3552A478383374E6B2FDDFC4F6DFE38F4F4ED7A7FE838F488EA852482F412D3CB07E293D02C9F074F12E84C5AAC423271450572A385449844706475FD38DC3C22486A0639E5F1E38B0CFE93CB4B25910EF309A2224BD8DAD40C682C28341AD69047E8539A6AFC14EC573F7FAD10AE0F
311
E6EB13E87B28E093B513B5803514DE408809BC12A14876DE0A25F643009E9176D9F0C330164285A7444DC8CAF0E9FE41429EE0A2F6A6DE91C0856C501272404A8468822E24C807030B1D33D40D4AFBDBABB411D093D88C86D7205E05FC57EDD1F805FA4CED5920F0CED39157E007CE21757C5DE440ECBCB46CD283E378029B
311
43FB077B4F47E60E9F61E8D01BE017D7E843EB49F50A2028F1E442FCC90C9EE308E4C0C2C94EAE30B75FAD3A0EAFA57FE9EF960F14BE15638840EAF3BA490BB6850EDB38EECAFD21A0C746D0C4234DBD035EFC7EDD121FA585FAB73DB89FE6A03CF833AB0730E5E2F1A36CE3F202A128934B44E396961121E1F2C9F32BFCC0
311
C140CFE22C1CA8E109B182919696BFB98120234F61B59F7BF46EC30CF067B21A33B0FB3E402448EE266CCD93135A8E823DB31F85E677434E608F53F8100BC0098EA2FD6BC01770E0F2F2D1E5452A711C4BB8486248FAD756D852026B6DC90A2AA5C6B69E9068B8F27AFABFFEE8AB36F1D23985D5960014FD711940800B5602
311
50D2272CC54FF1D3A660B275AC3881E349689C1616E1E9044129D032313509DE4700BC867C71F128C400159407C761022BA8A040F40A244788808C60B3AD67A17576279F6F946923191921B0545FC2F12AC0EFEFBD7262B6935679FC7F80629160ABFAEC88E8430E76D82A8DE62ACE50BD4A42FBF03B387B37FD321B37E31C
311
3F063D99703F5160E6C9E5A300CF32A91E0A085A29C0FC507F6C21012303C6104B82C1F1E156DB3229D1A855A32A8352C9077AF733A0AFE0FB3EF81FDF2F0F82C21B0EB06998866878B103305E31EC17F4FD43831E570A2118D1667632D4FFFFB125782F96168A833DBE78C3F11F8383A79D49F58F1E3DBC780417AE658138
311
1E8610604888E2913E12492881274822C221AD04CB0B1D273B8542837460898C686864FF6F801E8269F40AD0481DFAF5E6E9C1F3BE391C325004DF0746A4E4448F7B52C0D5EAD39EC46896B888C4210D68E99DFA2820DF7FF850EC407EB55C3EBC5028611409BFCB8889C90F1C52355AEF98B18100094C9D0EF6F64FD47E5C
311
BF3FF5293DDFB4B50DDD54F351446FA1F14580DC3902C085F593CB24ACC917B213BBC11B3F0A61042FD8B24F4FB9C4556D0CB9E1A880DE89934CE9607F18F81FDD950DD0E1D143F41D56110E227C250621FF098838042BC85B5B6BCBCBC31DD37B34966E9FFD9936A2FEFEA9EBA4182E5CD3E17AE35501FCE0707E5525A7DB
311
C64DFD077825BE37CE0BBE1BBEC061410C660B6E49912665E2B3749C7C9F93834022F74CDE6CA5EB501D9CBC04B768292C5CCB84478F3CA83074092C6082169015E5800D5839DC6C1B58EFE83ECA513BDE3EFB8EF1242D2D4B3FD55AFE03D42F8492AF8A3F21444FA2FA9ABBF525EAF84C09F0168527B0138A85D1EC0443C4
311
67B28BF844EAF76323BE13D7C11F72FED783837B970FEFDE7D7817E077C17EF7E2A1C2C0FE851FE4C008388C15E818958746129E1009D054B67530D6B3D8DA3D59D82D9D57CF70039FF50FFE0DE94089DB269C3655A4F25B38C49D0BD48E59F1526887C18FC5272197F85CA72862A593A4843CD25F920487DDF7AA0441A2C0
311
600D062001F103FCEEA3D8560CEC3EBACB01CAE5A51E420349F602191E5F901893142381351CE17047E764BE50DEAF9E4D8C38B6ECFFACEB141E54A6865A88A60133EE9CBB4C256930B0B168C1C3AB59FE1743FB422C7166082E934AFA5EFA3E4BCE0B69362FA7041818B7FDECE1DDFB4D022007CA23E521F0700AAEB5888B
311
BBF08023E128B4045381542FA256B0D04E28A0C3804E233A1BFB476A2F48FD135BAF9843BEDA3264EB42BA499601F16B566E72C7EA35908ABCB9176BBED43204C696AFD3D7B24B08D3AFA44BE243D88A6D9D0B6562B52F741E1610C0EFBBAF2B0829289A640EC4C8A4FF66A24430786CEBE1E1E61AF9507BFB496EAEB64F8F
311
49B4129EBDEC065EC1F8A3F228A3CD0950883B41BEC6D1944AE06147289600A7726313AC69A3F91197F1438BCB743E76F01F6EF1D1C854071670FFFE43FF1EDED702EE5A14C85D0C42DF90B86068800659AC88981855E3E774A71C0CAC2F76754EE7CC87C808D1E1E0F6CF47FD4224731337BE1E39C5010823EE997B1491BB
311
D99FC8D8EF77482BEB5EB2CF66499A8E0F7511B19B3EFBDACB6507BC78731B1B383D02FFDD7BE8DD9256F7D0BA7B46015941097B80018F700FFA024CC08078F51806100ADBFA163ABA8A3B95B9D2F92AC30BC908ED31FABE0CBEBFFF0279B675868F9AA24E9530B08C174055B7F48E4F58002F3E82F0BDFA003E8B431EB6C4
311
A91E4D9B5FFB791265BA8827BBE5F1BCFA7F789F72F75EC800F8AE43FFAEC42F13009FB905A9A0132015D0068ED7682AC608BA6771038DEDB3B33082891FAB1ABF5614F93238079726B833958796B845B731FCB86316713C1DC581B1E19B424EE32674093F80776F7E27C6FBFAC85C536CD955B96EDA2A3FBF770FF4BE1184
311
5470EB3E42D022000E0FE07D161811020742162444668308801E133A4C163BE68F6826A5523071CA78B2FED51F28F8C70FE4190073A3E5D3259D7A288CD19BDE623F10021BAB0C6E327FD507B2741627727EA00D31856492F9F009D7F152D930704E642795C1C1B336E0DEBB7F0FDCB79318543B25341F36802D64A981A690
311
B94259607DE0B19D466BF8C1C5E1CEF9A3FC5C639FD6117B4BAEAB453F8EFBDA500A67E8BAF76C8A06566E36EE1184E8329419161F83D843D5DE7D8221163E145F56921C3EE383978072129E290A9B7166E63D26BAB1FCDBF710009E4051842390031845F20077CD079407C575F20364C4910ED2A574BC357630B0BCD8DE39
311
335EB175646A698458F6A346F003A93002E846FFE0C459B8006E506D79BF902908A0AA05CB5E73530E33BA1D3C2EF99C712B7C8B41DF4D2A7830BE8707485FCFAEEB85A09AB6D39BBF7B4F23E00509C20DB04E240822A4B810E04D8D53D10D504C059ED86BB8697F514777717A8F8144D48A4C89077F7EDB00E2D89DC02A7B
311
975640A282C49A4AA84B70B12BFED8EA6584860DFB7EE23FCB00C6BAF7332FF259FA3C9346508813E372F1DDE425065BB61FDF8300F7EEDDBE8D0C6EDF46F7D8823478590AE23759D60DA6B7A9F125EDE8F4A5D2B37470D0B63C30DCDE3D3D59A8D1501EB1B0A5377517BDD6E301F995E3F955F0F58FAC2E81CE172A8344AC
311
03DC6781939D2484B8FFC15E8F3ACCD3954CE19576B942D0A029188EC7013FE59AE90B71292DE774F1F63D60230180B30A2EDC65291B6211B4081128856001A680015CE000708254891851D4B3BED0FA4D7166B466BFF1D2A924885AD12B387FC0FCE6819AC3AE06A7AA4B715F0927B74D119D4A668FB54B8A8C268D8B038A
311
207D10A7B1E95E42195B695BE0240F7408B311257C23F581E987C180140C584A02B1670CB817CEC0A080F259F1360E58452013200E3EC107AC1DF4FD7B0F6D23F33347F9527D9F51E6138E31AF35F1BDAAEEEBA3D71BB402E2FB47CECEE96B4DB85536772B07C82A34F3E66D0BCEC207FEB9E70643761276F7B50D5EE963CF
311
F80C7AF4A2130F5BF8C4EBFB5F07B709840480DBD8007FB7EF3F90104908BA457D43AA2A6A02C91422285E5AAC143F3313A0CB74D9D164933B86C25587134E8D342B453FC982860D09FD13ABE72055ED020E85D3E312F74C25CB0293D978A1C4001927C80B86FD06349126EC219F0C735C8053D8F5F310817EA01F1B7851F4
311
06144C211C6362C27DD51F1E310C0102280ADB891E9B085CC528A2B1369A46BA195B9A2B351862CE43174BA73FB7CBB430A5798F4C54B7333B96C3224A9863AD02B9FBD8E63092191924E77C199D92887DA594B6DCF0112857162FD0949FE6A441F5E62E42FB2105BC405A2301A3424601DC807912CB2C39C604A27908021C
311
DA30C4C8C2019A883B3A8BD393BB3546136EAF561980FB63E9E035FF73B96D09A905ACB2C11D79571C5159026227DDBDB81396EB03F14100BEB66DE1FA9EF82C3ECCBE318119C4269FD014E66361FC8BB0B4EA9A98EF3D8848A01360430284335004C183CC25BCA82D2302EB03B8419241C64DF4F5ADAF77B533BE786334BF
311
CBB8DA72BDBEFFC36103AFB30608A0B39B58D93F0BF42180841DD26BDC22CF0A770E90240006BAC65197D90920131C7B2EB3CFD3C71C6378A305EE8488FC1FF8D391E2BDDB0F6E3F45E7C8207C419800DB410073A3173942CA8D5242642A74496FF115832A6314D9FA4257577BF7FCF8F8E8CEE8DEDE5EBE76DD3CF892BA7F
311
B8B90F629431B5525E92A15A3A4A6FEA3FDD73136172060959206591F4C927196CF645AA285CF3014630121754261C0D31E1A7E3DA2DBDB54B04703BDE3A4209F02045C4BB0F529A14BED07098A2A1CD47513DA64B512F409BC01663090796D787173B5AA141B1B39BB470EEBCF1E30F9D263ACC4D05110797CEF7B923B027
311
F089F74D1D06F0A4D8C0CDA6604023FCA45B76C5CDE0BF3845ECBE13E0C0ED73700A8A753C1AC8AEFFF1B407FC8A20F42F0D94019121DE304077A027D4112283BB8FF0072444D68AAD111D6F591BC0061854BBC048EBBE9E81F6A33A95C21BFD13AF3C7E7DCDFFEB0DE8903F77B41DF178E99C289895B0EA8CD640549D6893
311
5BA7C5294E0A1D66DA0CC419BD398E6265789CA1241441AC94532A3C19C95340BEFC68703077EFC1D307B71F3C500859C11494838E902203A2BE90EACC5135B80B078804340C920C2300BCC06F7A1C71B875DC572C9BD1D84BD5FB9363CA6BA7D03E5C40FDFC54FC23C9B4B9DDD028787D89219038523BF64E638BB37CC253
311
35937A00DFD32869C5B390C8C32FF25C8C47A7181B4A599A224A9DADB0E0406FEFF9F183B7448F081E3C55024FB33828784AB61704482CD0160C04174F9E33BA9291D58C2F1F1B1B3B5863B0D9F3E51C35C253D54A23E560E2C0CB3A6F7A81382601C2079CAE96B7B1560D20A341E85A928A4E01083256420576C2ED477E2E
311
565FD9223BCC691CF394D3D8E281501E0EE5C1C8159E92585D255CF30CC854C75318006EA4A01028EC853F9407C6053910BE105348324002260254886C156260F9189EE0F8C9A3CBAE9D5A992184568A69D5183A7DB97DB089FDC57AEE54F858FE54F577DBA85309640290F2D220952620750C5811FB772A7876D1E4040FBF
311
C6474D51246D8B3FB378283FB514F8AB3C20B8BF7DBE5DE541C9A5D3D38DDB30E00151E02523081BC89C2214103E0BC1B3D0199A08E002681A2613A2616CEDF0F0F9C5DDC75DA395C25C0309C03DEC8091A4AFD3FEB504AAC6633930556DAC86EE3561941E862C4A75DD6B6BB3A0C59BE153DFA73EDFCBC3CE2188D3D378FC
311
976D0EF9A95B7C8532F527CE3CF539581E0FE501291E9139FFB65EFF5DBD8E0C18DE3077170A64E033FD278F18068028802F156C3809FDEB11B1019C208D020C9BA2870457F0F8E1FDC7EDD393E3B9FC9C4308E9315704233F960E554802C14716B0B45DAB5EAB5E25AB7830EBB8D25E6CA94E4AA01794FB1EE164FE9F040F
311
E82C940A4BCEF913075D087E85A7237D3CF29C47E4E676777779528C4781761F0BFBC1D3A77880E40C9A2E5109180D5255317890394229F0F082010354082D574F1E3FBAB7D6553C2113DACB97BEB5526C7C6F69F9310A94C46CD89FF8F379AD1AA035FD00FF3F320180F01417A6F255A3A8D86319FE0C0B0E06A0DCD33F79
311
841339C01E5BBE1911AFCFF7C1E0A540BFBDBFCF2372352686D863F83F59CB6865F43104007EE06F52406F680341102048A01BB048823082CBCB0B6AC48C313F3E7CFEF8F2D1FDC3D6F6F9F9D9E98D9D7CAE5EADE2A6512FAD7AB526E17F600C85550DDE9ACFE9D97E694513103BC69F8A2813176032C890C1E9C49FC09C61
311
670FF8705B1D7386260E7C8E7122C7F8208A55139E8C8D4763F7EBF5728DF9C34677364E3A3F9AEFDEC9CD95470788834F9FBEC512379890B38C94205B2557987C4186DF5C0837608DF0F9F3CB87B7EF6E920475752A01460E556919B2B64296FB9FB70DD5F47232A0F77465BF140CD001F00ADCA175090E2665A14E6329B6
311
2660E02A1CB50C6025E3DA252A670B3F0FFAA5EAD94A509FE7036B159E0D1D9F2E76B7AE1FD5A606198D3A747AF450023CBDFD162278B9446688111009B4029B0F2180AE20A542D40610C073B47FEFE1416B2B12200F3C991C2F54EC2491027A816B0A34A9D05C6F437AC23462385DADD75642EDDA738AF1600DBE07EE8437
311
804D2D011A94DF71C2085EDD40266A407FFA1D1C00B0C03927E60338E3B9D8C47D1F8CAED578E06F7CFAA4BB63B175FA7C301B747CB377F45192003CB8FD34B12009224543D8604494011A80C1903CE0518C986208E1C5FDDB8FDA161686873BBABABAE74FA637BEA894A44078C19696F326E057D7F95D061A6B0394A9D5F2
311
DCAAFE4C2388D8A6E9AB7695CB0BDD0A332430F1A9333DA41D1FFB97FA09AE84E738C75C407C260408F8DBD5EDED7DE1570A7BE333C54F16963B46AB0C2B71208EA3D16EF4EEDCD7005241166C005A73C03164792151205C007288AE337B4D7103741BDE7B7AC913350B348B2D767515674EC6F72A0402BBCB41C81305AFCF
311
05F2758D3ECAC8D26AB97606DB9581A4B7A8FFB068CD5C0604E6849046B70C2B60FF0CDDF93C13822B4E82FA0479A68220E66D9FD775FB3C1A9CDBDB9829B6AF2F77EC9E0678FB20ED8D1B1A1A39D10F9812E20D6281F5673121AACAA9C53424000DAC173F7E18C3052EEE3E78E7F1160F5AAEAFB70E0F7775CFCE4EF384DD
311
EEBEB9C0889D5243BDF557559FEDE5F17AB21E118C4C31A3DF6A96B56AC62180293910ECD6B721047664BCFCC6B2DD3C65CA0F0C823DFEF84083C7ECCDF05898EEF158F4FEF97EB9C123F1B9D1D1A3D9F9AEC5F5CEDA84A3C96C14A55584D62893D6A54D8D2028D05C8B1F124884543F3223B29D208B04910D3FC43F5C5219
311
6AEB5B5F5E58E8E82610F08C21BD443801233C0CE8BD1E40F84A1CA86001990048031ABBAB11EF83F9283EA89F181F2A0D9A9F62D94B7F625FD727E6A93F63F200F614F7CF100D4511C07DB45FC5F0CB4CA359ABE4774631FDAE85E599EA0878A3C33D5AD6430CF4C055EE5FDB80629000D7855DED3F436F3B61B3DC7FFACE
311
FD2B1BC6FB0696312CFA477CE87A87070C7998E04FBA78AE3F915A065E819FCF35B410321D9ABB308146A11AD5196CDDD7C477A171C8AFC74B45CBC6F641AB53C8D4ADA5870C02379BC0470CF83DB55F073E29CF5CE5F7A3F8FD62EB7AEB1774C2C6780B9523F9287193FD23DDB79FBEA513B45200E2E0C1B51350163AC190
311
43C600F2C1DBF7DEBA7BB9B5457BC0D840CF325EB0BBABBB786D301437000020004944415472B491ABCCEDAFC0591201CAC8EBFACBF367FE7B6E40E69F551BBBE7123E3C00AC560CE20C62436E8C3C54CC225EE08C0D74CE26148877689EDD004FB2BFBFFFBB984035373A7954EC5EE8591FE531348654514DB1D1C56411DF
311
A2A7C212BE5ED91278F2851A432244C6822C29C85A8B320ADCBDFDD63BF71FD32648E7D098CD018BC35D7FE89E250EF2AC75F96C15271602687965C844B8807C6E7729D93F22E81D39ABD62A0820C1FE9F11CFA7208125D33E96FD69E83AF6052DD32D49FF0802CD9F9DFD39260389A950887A647CCC99BAB17132DFB5DED3
311
5138FB3A060F6295AA5E195BF0BB56495A5A4A8FA440026E46A047D40ED2520A441C302D240F201FB8F7E0EDDB0E12A04D8816215A0579E8FE1B1281E9F19C9900DE79842E2A7CCD48E9876EB01C75DBA0E0C8D44AB5512947A00BE7CF5DE9E1A6A6BE43CF1A78783DFD5A404E4477336C1ED8B18908B2A847B2AFE9839E89
311
1137A6673BBB96FBBA2A4B8E9373B001F08369BA11BE8ABC4302FD2345FD6014A127068427D007BE28B41D9B0D40FFB7EE531FA673C8870A69135B1CEEE8D009C08042A5B4EDA314920B635BF941E7487E45256439DFE9D276295F87E698389CD49FB394FE19720412DEDDC40E9CE9C6DD605E0B719FADC416CB15AB3A61F9
311
B5B9B9426E54F81D8B03DD950946D432B40CEDAB7BB5AF11213CBA73C9BCCCDAFBCF06127C7980FE6D1DC9B4DF14832D6568FEAEEBA76FBF438300B541064ED33F3AC0B0D10505306FD370AED02859234402F6C3FED006766DDED2034D90D119057225EEE3DAF787EBF30EC51ACB4F551678BD6728E1944730C095F13E4D81
311
A4DFFBF67C5BEE37E62A85FCCEC6CC6C7BC77A5B477E22223ECA4FCC0F87E2A5E3EB782BDB25B8CFC6736A044DE5A7CDA604526361D650484FE283B77EFBD65D52C1C73C4F48E7D0D81ACF572F2E2280F98FB230508FA906B42DE240ED651B301CEC83DE1790C9FD96B6CBF986BECF3BD332C18EF627A0B6EECD5B152E0208
311
8D03D828AFFAD26B05BF671B4F9A09A8CE0CD2707F67F2A4B3BB75B9ADA331C1305BBAC182FB4A79820B7EEAF73199B8404C0B81231CDCBB871B80FC41FF5860E8E108222A1A076C29E6E03B6F3FBD4F1F295DC457573C7ADED636D6B7B8C88413DDF3B327E1046AA51040B40CB50C7E3F1D2E44DAD34CFA604029BFFBE714
311
DF0C069908027EB275F1F366C132E1A7450B04011CF82B2B647CE754F650FF6E25BF37AAF65B7BDA16CAA791F1D09F6CAB989EC5AB7809BE145FA459E8D3E4B0FB47DAEF093B946FED585B80FE1A0305FD5330FEDB4FDF79FBF6BDE81D8300CF6815E5F9896552412A03F31FCDCC7CB5E32365550CD9365FDCCEC8752E9431
311
61D78047336F8AF6539840A1F2E764FDA2970999F205CD2BD1F5CF496571F76EAEFA0E1CF8FD2A55FD06391F9EEF8B9DC9994E72BEBEE1FC928E2F223EBA0FBFBFB4F2DF137BC894B8087643D64ADE6EDED67F7680FAC9060239E845FC94AE93D880F994FBF71FBCF5F66F9F32C292EA900F9C1E6F1105E81C5B5F58A067A4
311
48143842008D7275EA3BBA3D2516FDF02FF79260020D6B3C714711F3CFB61BFF56A826E627E82256F7400FB387FEF23C1C1E77FD6A21EBB1B2B35F2F95E7760BE1FA3ABB3A981423477517EEE36FF96F122B942F6FB64D9502BD1B9089162532A2FEFED255028FE653C9F46FA321E0B588B7DE79FBED07C44106CC85133CA6
311
5190543004D01D02D8181DDDA5A9C91A7110805B7875B689FC3902200FB192E7DFD936B37B57D9C338BD49E99E181F4E5FCAB2ABC1CA7AAB382CBC7D515457CFABE6FBC63D525E5CDF74B16378B9AD6774A58531912D232DF01BAA913DFB7D3AAFF912984302B84D0500077800D26C60A4742101DE420C610C2E92FA930560
311
22EFBCFD5BB6B38651470CD33BD87630C05831BA864C85997B8754B05167F0706499DC442FCD22592AEC2ABF3FF13F950039BF159FA9B36ABDB2778EFF83F70972B83BFD3F4899E64DD8346AA495CB155A7499F2CE39B0AAE755125EB84FD8CF8D8E4F4E9FB4B72E8F1DBCCB98B31BC4607C2CFF21C8145FB48EA0F2159F86
311
A3098415609554DEFA7B27EF1301033DD06D274BAF6821D220DEF96FA4CBB60B3CA241C021D38E1AA76B4406B4767576166766A6C7F77273F5F395291BBA19F64F2E3095C14F3E60371827741CB27E89543857D6D96BF9A47C6A9A26057840332EB843717AAD171880217B71FCCC0355AED3D4819911F79D0EA8AD6DA31A83
311
E36C5DC2D470295C011302387069158F6C9966022367ECF1D00BA9BB95C389AE7B6105A1FB640689033A7FCCFFEDB762189103A61C3A4FEFE0D6A6B5A19EC5755A443AE78BC5E9235B047890A65919A0D2F96AA3C01CEE913BB3ED239C3E0CD8DDAB99E4348BF3F8B977B6C43DEBEFBD7721A839A63B94C06A10DB87FCBFA3
311
C2932F8C26F88B6D6BB30C3C4E09AFE40FAB52EFAA1EC0316920E031A46D65A0FFE45A673432E907FBCF86717AC04F2CD0EF512D665FF53F05BFCDC43489F150890C60A8E0314E70A06F619D30D841189CA15D3417F3CD50191AE4396543F0C42BCFD696C58DF163F5B46D708BD5FDDA5E5E5FDF9401BC4F7E00E8A1752083
311
3D1CBFF495B5D1CE037C664123EEE74737268B5D1D3DBFDA6AAD8C08DF2C0BC7A737E10AAB2A7B958990CEBF556CDBEE823CB09FB344143463C630CFFF585D330CF0320E921744A7918280FEEF981161008E9FBC78C830217A07B7D6985E83F9A79884ABB5AB383B4D7D788F9FB3D867A2112A43F19042B33A108690CF6F47
311
2F8661CFAC971478757F6E6F2F7AEB82FEA85E5715941778B278281F28C268AB24BDB470EF3303E09C359E9DF1CF990D8A096106E6A66C8620DDE7D281DF0B2831F20439A30D68386CE13E002F7EDA8D7806162B205D6A19AA1FABFD6B1B400EC2BFFDD66FDF7E8755B4883C043F43046C1326136680404F1F934EBDDFDD39
311
CB58A98DF1BD7880E0532E671FA1435E9D6EA5E9071000BE8F262E7C4044FD95D5FD526EB40A05A634775F32205C3D779FDC168CD5E56BF982508BF572BDA4F6F57D3304BE9EB18149461B12F760D7485891CA47CFC44909136FBF4931716A2E100123FC6CCAA6A644F25EDF4AC980B14039009BECE8B798BF69A05DC5B688
311
5CD23F8E13A46FF0C0A986D617F001C52241801E87C2974C31411DA3A5D7B6175472763D637D3E57C33B908F867F4A59CFCA7923375E5F027A983E18BD7BD4E6FDDBB2250C1529F4202EFAAF979DFFB1F2612E87EBEFEC58581EDB9AA95AD1D7C1905F7305BF8182D5BBB524D47C4E3B81CD843220DE1E6536497C0962C225
311
F75A2D6A998303B23FC501F0B3F736EE1FF01200FC8C99F5515207C9C40081DF304C0A17D06E26CCBC5B3C47459308178301FA8057C2C0AE9D99B05F038828B08400F2E3251254DD7EB8BC4853B101F99AB48E387457C96951E5DB670648BAB70A7B04FE93EEC5F5B183F9739C98952C6845C380D401B8FC86E70A20744EC7
311
20E09D35955D96A9041720196D183AC2CFE6AEA816652D0234883D788BEC8F5DF2615261DB031C2381092401B48D8D2D870FECEA9C3D99DDB036C8A051058030E32190976718C89F031DFBFF2EEA3D88606A8A19BD0AE305BDFD12BA4FF46F1A0002B07137989C748936E9DB2C91F43B07E4E4D16C3779CF5A4FFE8CC981F0
311
7C29E34B7C012AF0054FAEA4A6A3D49D3A16D2B3CF220A029003366663053C89B3FB1827080DEC2780076FBFFD8E39810CB0593CC68B5D9009F2D400418028B0BC6CC74067E7C9CC0C2690FBB084AA5254A12AF63543B35EB40D17B693F7E3464D5094C00AA9E04E0E0524F5C35C5EC6BA94B21AAF2440725E2A9FF94FE7A8
311
F0E769EB83FDEB039B631B18BF396F5C13CF89ACC02C387DA56DC3B1CD84B96CFAAA37B55FE723B611062258257D331F186AC93D8AD600B4FEF4AD777E4BF68F2168FF08C081A37AC13446C859964803961928476D78F68419390D830C1935B5C2A0A22A3AB17D3D6428BF12DC373B8D464E04C0A496BB3B3B75639DCC2500
311
E0F0B15FB6F47B5A7ED0183A87CAE8D535F2EDBD4B3B7FC762DFE65A07C30B2851DB890082ADC07131EEEFA3DB7DD5CD32C0860CA83CD4B7993A175F422A8149B1C1D94C1145059D9C78A8A572A90B7C8B1E3392FF77A80C50220880FF3669004E90F101740D2B808181455A044904674E7482CC3EC85C4BCE339404C0B0BF
311
6A5611E4F9B8157BAB6DE327EC9BFBA1B4557ECB609C1F45326499EFB90EE78F18227F09E563C9E63D847EDB3B68EB9C39E95AC4F7ADCF7D87F6752BB6912040281E4A0D8A8314E80D60470999B8A51FB1488A66A9F3F81FFA61C83F4FA6969E472288FADFD61B005E0EA4284822E018911828E868614DA0C36E11F3A05107
311
0BF2F0840E35F200E2C0C80A776CC9E7E6841C0503D0EDF15ED9AFE527E798D23BEE5F0604E58DFB7099D739BF0BA5D332EF29F1535995BDBD0DE681C4F71DFE6A7AC5A13554AE6910963E9ABC9A0DB5B202225545F5CFACC942B5B93C207352B6E5310BF349AF200175D7DFDF78F6D683B7C87E087FA9B35812C4F8F13452
311
CED610A2207541E6D659A739441F3833CD0C9C3C3DC2B0712F62333C4FA9327C9CA1124904B4FDE0FE21C119776CB0C212AAFBA5CAF80EB43772ADFE77CD9FA8A4144C54C2FB2304C65F62FC3678E4F6C68F30FEE1BE8383CE7DB86F58B1AE0C51F0F055E188D02F00911DDB0991832228B3172B3E623E513FF1734FF414A6
311
11A603163F401BEA790FC9FF7FC3FD3DB02DC00184145B850D01D120424DC03C00FCEB7880EEEE939399F1F18DBD4AA54C939899304D913CC2D5CFBC55E50C7FBE4C0E14AEEF53D6843DFF56BE2D554637EA047D3C210E2C61077875FB5B40E19F43AB7470CAFE1C0D3ED3B3B4778D1DF6D4F837C08747180FE8394F2CA1E0
311
A46B6DA62CE2B2DABEDE0B1924098580FC16B369730E9E90541D3730D47FDE16EE1FFAD3419CDA05ED1F2715C607F2E81893AFC5936303F40EB776F1D808BDE393A3FA401E1C706E154C892860AD74A2949C409E28A8FB3349C764D13E4D1D3468952B7B1B35001BF41142CAD58D6011C8B78961EACAB66E9AFBC627673B61
311
FFDA4167950A274145BF11EA17BA9AA60815C2C43AE1F648E3772E53C94E6364AF826019E723069A8AA353A3BF7FB5359281700061FF64C28C10B9AF0B70B0B0D30A31CD1CFD22F68C76DA1E44558869257892363C091D313EFA46B57C3BEB252E9C6BF5B4799EC58F1910F469E25AA17B343799DB3E33CF410061F96C6D63
311
FA91B1000CEBB7D2971BDD39A2A76361E000F5DBC1688D47CB812DD60F8001AF25B328D173A9E4BAC18CE9F1F628704330741B2649B92E9714447C68559C6CD2F681919367E4811100750058809D0230C087A89FF3C80C23C4C60882E481F48D531764BABD5CCECA308DE2F63D3BB50373D630796126803C2D1FBAC148F759
311
2881B395ED7D26B7DD38D7096AF98841CB37592561D9C6565317AFBE9FC4AF7371E060736C7635E0CBA1809FC80F544DBAA1F2F9393D970D44C0615A0C6930E758B9E63AE690F73045F0C8C0731DE9CD80F718E94652383458799E02C06D328010011C7090D8C5E5336A83D4059953877EA1E1D66FBE994F04608C4C991917
311
230FB61F9AEE183A40AB9108D032449FD1A7283DD25ED15360EF7EA9303EDDC0043403531EDEAB10DFF87F5E2FD56DF0F1B701A9F614DB17FA0E0EDF6FD0B1622A81FA3D1DE5A33F551930335C353A87F9AB05C60455193448246944A232C5D07636D864CDD7A50D0B4440CDCC465D1C418321F50E1648D500294065D86955
311
9EF3C40C8FCC6C323E989AD0F0C73142480B200842802C061008B480A9954AF282052B3AF67350FD0DD30D1F4075AC303A5D490250F5400ACF479656861E4C77AFF327F3EBECA4B57B6B6C8FF62602BF150744656A87DABD7BC6BED50527B2120C001A0B3718C74F0C65CD34F275164D7968148DDF259AB8AD6CA81CDA4E88
311
19509B996A7F642D987A401A2B04018C01E6C169A8700F9DE3B489DB2BC49C9B7B858A4F50D22AE15428FCA4A1EDB20C83492690CFE361CC7F8C8066FFD0D77AEE797977F468A36E0B0DFC87F90EE6348BC748F7CB73B5B9DD5C6EE7AB19ADBF6DF359F1DC2A0F9E44F213F8041F64274C0859A2AB7C37440FEDDD2F95BE44
311
065F22067E3EA0CC3BD8C0D8194EAB291CCEE20B9CD8E02950AD806080047A279F19024C837C848816719AC4A34DF8F0706CED904E8185753A458A27E4C1E37B5F30A104932BE140E0BF4E400160F320B054A8705042FFC47B4940810173F9C9E97240C7FCC3F3813EA239B745DE9F1B1F3FC2F9330374DBD1A7B475923F9A
311
2ED81716D18D1B577DAAB9D1A0458655AD3CA7E211867AE7C702DCACCD291E0F798013DC01BC326087775C0833E04EA3778FBCB8DA4687A0255CA0AD210C15661E4E92001A4449031D1DD27D327334BE830B64DAD90CBF537A45FBD4E94A7A88888E715B7E74FCD040E818BDC1BF5AC609CCCC015DED23877080FCDC47BD8E
311
F3A7B783A17D33F3ADEB6D6BC7AD75EA7C7852C5B6FDADA6AFEFC2D181C03F8C40DD8A4AB5024F0B72E34B57BC1182472DC80946789AFB711DB7F1193C03C893B0345F420246114D3EA71D04FBA731C0DAB0D3CD311B218F0D5A15ECC105D02F3AC32F13600084731A83220040019B03180634B5923D438300B05BAC80881F
311
061095FED5D572A3323ABD83F1D37A2301A8C930AB3F66ADF7CBEFED30BAAD7D78A06DEB6A87F15491F5AB7E25842B6B34BEFC12C8A159F187C64B3CBD2356DE5FBAB98BBE9583F0E3280C0076DA15BF34C15238145742B07080B1EFB83382F9FEF2239D003541041083C5AF9EF3C8944DC2030BC3ADEDDD9D274758006930
311
49E05413BFB3FEB4308731512F13400D06F813368A0101D8D863EB3E75FCCADED124F532AD3F123F131AB46A93DF1ECE7F96CE9EB6C365C6D6A07EEC461FC919FE288AF7AE1A7D012D291EB073735FF26BBB1C99FB706E972192819B7A34BF22424BEA1CC7958AC2E04BFC8E02DB90A4A1DD04811ACDBC181037864672C78F
311
6C0EC3073A40CC49D5E813593B7002763BC6A909D31AC86F3F6E335C9E1C309BC58F16418642E2AF6B290A34FEDC0CFEE08FCA0F56700699CB73B9C99302AA17BD516D7F1FD755A2B32B3FBE7134D3BEC813195BD355020A7DBB541539CD2C06E45F46FC0EE08293E6C0E1972176D9B678340AA1A4823404EF79B1E2347E47
311
C35D0A2260730E0B513025DC0BD1C07E3366E9B9D17F767405FB531070700035618606F0B40C73C974CFD321B0C174A80C0F3AA54945FFEF348F5488895713E89B5C98DA501E06D8D24FF04FF0CD7ECD7BAA755A854EC6A180AD13BE094E8D5D63BFD6DFA5F5D3E4DB1BA18FD8473DC6E17FFC9832B71A2A94D96E808BB53F
311
9192955D62C82E282B05168AA0927D54AB20A20A74800B7CC9655C8B15F62377CA4C91641F9F4D0478F4FEFDCE273A002CC0A725EC165CE3A149F0333E8E9600B2C05A7D15FD831F0938DBE5D0FF13E3C0F0765965A0961C3FA86DEEB0E28304747BFBA5FCDEE44C23544F7BB7BF7A132DDE34F99E44EC3FEEAE92F667A10F
311
7E90B0E8C6442DF5A5318B0F816311DB2E6DC6F172C363FC800EE09186BB9EC82A24C0117700CD884AA42023B81EA6E0CF8B3056411110D78606EBC5AD5417B45BCC8E61EA01C4006AC233933E35D860BC1B6CB9C9CCCE7840D2E0C1C1FFC11CCE54D59300F2B47D66A10F09D8E24B71B9BDDF98FB62A3B897C53EC88D16D1
311
FFE8C649B17BB8E760EB20B784F52F992544753F2CBF642CD3C9C70D8722C197142C567E74FB431EE248A8F3FC00377F5142144A82FFC28AC2970A780C85A7EE9146FA4B2981F3C93BCB0F3FBCB6DD3DE69C72B6073B99140DE28B8E919D9D9E7C2F5FA99FC1FFD07E9AC0965CDAEA0A945FADE52C791EA989E8E7A21A355F
311
B37E44405D171B98A6E946DB26AE71DBD01FEF07FD378F5B4B518724481820890E7486E3FCE61A60E096D577701890EE07CA5D7F2B086040749FCEF3F81972E510A86359C9BB579883035887542090614E5C4461705D7CA1CF84DB564838606CF1597E8119790D021080C935A908324EDE9F60A04B7830A33F0670CB08605B
311
8D01BF9A3D435693FAB4FD84EF6754930640C1F9D74B052A7ABBA9F502B39DA3BF6BC7514EA4BEC71D752BFDC198EDA8DFE8F32B3EF811E4576B0A2074B99B070A069F60173E7427BDF285024E35A4418B7A412914F2800F1965C4F1120A2D5D2C64400563D5942044807BE7C738EBF3034C4A6F4D70C04ED1F97673C039FA
311
BC4CFF18866E08200BB66BDC9CCDCC3FFD1E43BEFC52C317F0F5E64900FBFCDA4DEE68768FFF46350E0EDADB7B34DBBEDE3776BC55599AF84E312229F931E700D04478D66A0D88D09B2276141AF0F8811C5F8067DC04C0F90929F7F1AC9CCD368488AFB965C97B855A3E2E93AE5B4866502E55991B82D4388614F2C36B8484
311
A5FA06E3EFFA984A6AF17D5C2073299D9F12FD63826F67FC460E54030981684E9FBFC22009A3006962285FDF4FC84B699FB5BEF3736C6072F6844C15EDF25883037DE6BB7AFAD6AE164B367812FA8CFCA6FA25725D99AEC5C6EDEEC64ADDA2BE0056002032E1D7A20A54CF444E360D520A5B69816C0A953CE0434A8A898BF1
311
8E2B704588C01BDB2133342F5404FEE698957C200EF54E31BE6DF4E888C9C67F5F3F1B41F922777E7FA6332677C20098C59F762F5DFE4A23F9801A3BB6F8A4F66E0D40EC867E92DEFCE84C714FC7CE8DD3DD3BDBF9C781B1C3B549FAD2C89D711808CAB100E09700BB85240374A7209212F320CA577222A7020E7824500179
311
FC7096C714884BDFD9499E027ABEB3CB0226CD293CAE6E0C41A6788F396606A073E28CBE5CC67D584D36CA39D37974FE1023253E3FFB007A26F657FFC901D851130DDC2BF54884F20D5D40A0B7E5C7BCC7CC87B84F2ED820192CCE1AABA1FF24ADBE1D03635B5B3B53D4A5F84120125FADC36A0E792D3AD7E255792CD5241A
311
4C84171F1104090017DA493D0A7790A7BDE6DF326180398E4B0DEADA5C2763825E43E05C388E184678C88CE6422606C017F030366981353DF03A753DBF6370879F79889DD0BF75408724DB53C5B0063AB6568D02DC47AE4627B58D7E367A6000267E7840C23A0940B992DB98ED1C4731B4FB4DCFB6D3EAFB6CAC7646F0335C
311
5031888CD74E2103380260AD47176D703960230370FBBF28813524C17FFFBD6288BB28E4F905ADB4A788B40B4A6201C1878BED224DE9906C4C79EF32EE679B9F5D3B5DFA137327320643909A823F62106CB8F9BFE4BFEAFF0FC7A6393EC7F64A698EFF8ACE31BA05ECE6DAB6DF124118D1D13F892F3D3530602E3F3ED3D59D
311
FB821ECFA3D9AE85B1ADAB9E328DE738BF55D5DFD039445AE76D0194180F57B15BEE5F09C07F952F9A10372BC894CF7DA12CF6507E2A8916E0DF430C519485C55D61EFE209912D8C32866214E121611E22A0B1238DB18E86636A3BFAFD5B4EE02FF1E505F902BDF424D0516907BFC95EF3A76B6B3872769D67E25B548F0DA4
311
6E2B93DFDFD5F2B9E9EEE1EE1DCC7FBE6380DFBF38A165CAC73DF912AD76A4690D2B766A3EB4AFA2D05BE543EA20B095FB17AE3F1928D84482049B659E671A4763CFA567C08824913D37F2F92F841FC244085C1681225C04AD6DE1684831682CE0D6096B56101C0D4FB3A1BD3F11FC1105AECF5660BD3FEEDF162B0D9DEC6D
311
B55AF27FC98050BDDEDFF63ED14B01336053A19DE9AEF5F5D9E9D9F9E19ECDADCD497BCC57681922F327EB41FF681E17C1921B04FBAE371AC69E53F98183E91B84897A5DB164158BD1D12FF6F6BEF0E02847727BF2628F9FD48B6FB11DF6928C868B29590A0606F92140D0C08850DAA7DD8A5FE8A50389F61288AEB743E9C8
311
01BB67DBE0A7F64F63BC87770FDF57AA73FE1F5A84F8DD3AADDFC32087FBC0A7D645C327B97D65E7A8BBA76DFD9BCEE1B1CDE3F5F7CE4E6DF4013ECD7CB60BD1239E8A4E9A5722AD9C4FAC8F7FF17B214AF8801950430639A08E3ABD05A0D94E253BD5951C885B0CE750309070555FF21F2EF83FF53F4E15038B8D8A244740
311
A5C9CBC120043DA0B323FB1DA0A4EDA268C05A304619505000BE10415DE898809DB6B66896E60AE347ED3D6DC707CB7D5B5BC374A158EDC343D0EA61C217D4878CBBDC1D85686782C3CF4272E7DCFB5E9EF628F5A95AC1AC0C6848F5771329EF8DF2BB79EFEDEC8DBEC72EB7F245287FD4B31008AB38EA4D52F2BF57167159
311
E3004CD8950E217DDD6F699FC763E9D1A0AECC701F7BD4430A3E030374066938F883C01DE40E7DAFD609345E33570F4CE6BE467FBD7F793B5AF2A9D331D86DBA7BF98067918F9FCDD609A0384B523F4413B574B818C6889FAEFC5E7B8F90CEFD62BC2C85B2478D54DD076635BE434FCADE68B3ECF1C8708E27863DBEC352D8
311
7BCC7A92A8E135700CDE65BC114026DE5DB68275E656D2C0D4087293D43BB4C9C14EA83C0D806783B40DD7CD4F19EE9F33801F55A3F1FD600017A6CD5DE607783D5F74E34680E7DAB98D99F6E5B5ABC7F7DF19D8278322F6A97FDB2FADE1539BD945DDF868EE2B8B70D9EDAA45D1BB0A5801198CF1DA891540474745BF0317
311
F8A3703E02510AE94B084221F887FE950272D62D4232781054A87C58D015CD45EBF9B70E60820A2056E9D4D619E8494BBFA68B61EBDD8CF52CCBA124BACD4A4077E8420A7F36FCDAF661E577B792A7E1B7E337C7CF1FDEBB3B49F501F3C7366C1730E793F51FA20A9C3D2E9F18E63DC277449054CEADA36DA0807467D45F8A
311
744E1BDED725A033868703F1392BBE221158220588F30574A0B0893D0515B0B7C404AD0E7F40C11D504C49BD7DA39A85A19CD7357DFC966E5D92272FF06D59CA5A6A1C8AE30E52F1247C1F1D78F81887F9F3E387075B170F9F5EEE4A7F5BFC69DF02FD8795FCFFAB472E7C88D563DA514861B85BD41594A75F5E866BE69471
311
110A9F75C8609C7E6BF6C7C727431EE3E9E3773D2378C25226E82C08104A57ED273FE0921D6990E02B006BD038263BA360355E8DC446A380F0BA35FA9945A80CF60DFD54054202F91897C241C147D59F8E0FC67CD0F2BF377A3463F8BBBABCFBD6833C57E214AC3F5AE9C2FDE88852968F20337972C7E04EE5658223008AE8
311
2D93BC37D8DDD900BD6B16EF221F0D4149045D740A8A215D4FC186C658E01994B8CCD317465828704BB630DA2243B3B4ADD3EA554A97408454148C04A1A0CAAC2E04033C04073851F54380E0BF2DFFA43FAD3D6B574F2E1E5EF6E5F4FEFBD1CA87C161FCBCF5C7AAE2F726F814027BAE10F79BC3D765D61D1803952210A9AA
311
07F8C6BB2105B61145B324F96014EF223D4A9261080239F03FF6F4DD4975C183B887E081F7A467A25EAA0C94028FEB808637768B07400A8235D4EF33143253198900E079E3FACB0C59B00F827A5785A6FFE2FCF0C0E6F1714F11CDE5140D931D707950631F3DE877F300002000494441540ADFB08704E252AADE1BD4E8DF55
311
796A32B9B6F17737C67702E5C638682737286CB0E0A89B624D5BF28222432848C9AB8C07170C97B814FF492A61072407D638006F7C8400860444C01B1930A522788045633DFA9507267A3A42BA05925BAD705CDD3792FA23C1075C6EE768A673919EB6C3FCFE7629B7310AA794CC9C0D14A1FB88F95C845BF22543F57996E0
311
B26C9E4C2ADF187F979F8A55F11B47BC26594C52588518D25E6C2B1CCED231EA1B748F093E5726A21A54C91EF95789041030C20FD5AD68613432E19A4D0DA2505B6BD843516E10BB00AF9AC315EE9FDB39CC1F9EA59CD88F9CD071D470C86C4647FDEDDBB1CDAB81DA94034747A779F4CED497CFF817348F69F52E55490840
311
E48840BA72DB71F3E84F6DA2F4717AA928F153DA6E4C7E8E00363CEC9A2E1C8E65F298FC4A52F087FCDEE5CBA38A80CBE11FF7BC2AFF249203FFAB77A128A001B1987BD334AD9B901890A8C2005B6B248196AD09C0025ED841325B31845032E327C531C839E66DBAB39566B631C2FF0A1DA5A3CC47E665AD8751B47CFE3389
311
9DF047C9F3C365E3B11278D49DF939298E09002F6430F9958803309827A7C791048CA070061B7E9A64C557D235F83EE24822E5EAB805F9862F20FC58F483DC0EF02181F572930205107E00E523861895A2811309808F2B6C14B2AA579E893753C155D2F54302007E9FF36AC5FEDBCAD47E182D91A73920CFA5C18E01F8FFF4
311
C3F1FF553BCAD0E58DEF85DD63B91BE38ECE1A9FFC4AD4A1FBA30D462C328C5A0340DFD393D3D3D3C0659195C96990F391EFF4175213BC74C020922D4830FE215E76940962BC0713A3B82784C0CB6623DC40D6E1485BAD454F6892200B225096127FBD82D2B12006BAE2E329C771E25FEBC0DAB3B5395289D56D7A8A89081B
311
34EE06F80F819EFE75C67DEEE95D227E283FE98A7B9F1C97D2D05B4D07A469153C3DA3048EA68FA667A6D90E291C7D7E2D063E4D044964D055F2DBF3E31BB851AE9F78A0A7314F0AD24901F581D74A6929142039C65AF5830D1C809536CDC05E4BA51038F79D713DA930CF18BA3010E385351CF47F74D439BCBC793556A1F9
311
9814926AF12835E251C59BEA3C083EC2B2760FEBDF4304C9EB87B35769E1EB24B648542CFA4EBA9EF93CD42F03C08F249A2C98897D8E2225E90077823F4A52171A61219998CED6FA050992B6B0A74A2220ED12123004FB977084208F8E2AFC80F456CB110BCA647A3A0F854085D84FE0052BE31FFE7F925610BAFEC06FC33F
311
9931BF063F39DB3D1BB20EE357F594045F4226131578582CB055A59A073AE0413989D215019B6EB8A21CF154D71164E0D8F4E730C2CD382D098DA5261456A425643686BC8301710F2C50665881399156AA2B4C3191BC555728384800CE10040F746A3D8A80A5F0E500A93456FEC52833BBB45203DACCA37FE1D3EE4B9BF0EC
311
27ED47D89B8266F11EA2DB8B5A8BB93EAEDF0C06B7AD0402B9EAC6E787365535AF19F15158308A9D9785C1BC1C01377F8C6B4D07B50DAD25649764A91DC9812C7B34CA98184084F7C01055466B48058CD44085AF26648520C85C41C67805462D8425680425559F4440F3ABBE1F3F81B1EC72708767DDC8FFB6465796C8FE31
311
0FEABE0C9B242A74137EC3E0427091967023299BE5D6D4D0C6D15747DC2AEA4ECC57C72856E827D33CBD319D70FF854369EB841282F84B7CA4881447ACFCB257E252E00FBB3272120A75B99119840858486615636E0E0334031AAA8C08A62E080053A0AAA4158431EC727A084021D41CF5D630C94184F6FE7432E8F5F9A4FC
311
DF3EA7CF136FC2988093F98ED622E38E4976E1BF0CF49D2889E6DF3566719FE1F9B47A2D3BF89C69155DCF24F88C609EE551160F0415900B4C48FB013D8900A9192A700748002924771A3686A0A580FE4009E00ACC090253E280B90AC15048E047020483A038A60ED232831F2CC90498648690D960C48E439F18F4DDBEB0B6
311
F5AC7B7B89F6230243B4FA160A7B9327F3AD5D937C8BFFE5FF8B3A5E64283BEF8EAB9F71159514CFED62DBC880614AA1F7994CCFAE7D8C87057F451733699B8DF87056E1F0654B5021E38097E4E23221B810DE20559AD183A61C2C88A648DB096081E9801CA00BC1DA0124E08DAAC15FD2936905CA8DA1C40E42B13F1764E0
311
C4015EAD7F8BFEC99A310B1B7C0BCC7746D3C0702759C89EAD57122092122D1F857067684A578F1DAB7EAC400841F493A468113282FFE42316CC74C756B1C880FE78795C692813CF4644480EE9B02991BCA257A71861F00666D9410288487618D120D0E80D7773E2B7DD180E100EC98B221C94BFC4FF531A09B986230F1CD0
311
8378A8E4D0FDD7D9B1BC75F5C12EAD7FF83F3ED19EB018620303C217A6A35D826E72ABF2D8E2BB1B783F6E48D2E3F360806E1D192085D022103473A10375B63853EC54F500B5B064DBC20945B88160DCF7E4F83A0200BF6FAEAC88E9F54D22D898E43F378D20B51B5D6B1457000922202800DD401A9266483029C0D6D57ED8
311
0D42A0E6E08835F0F3AC73D7FAE6D56185F04FC44472B854EB7D9CBF7134DF3DDC35A9F6B38417DD6F508B37C1A718B0D054124176F7222F62DFB327F34D451799D56216880193254FF782D7DDE26C271BF38C6E422E271CE4AB8823C9510F021126A7A944E00DB4031D013C88EA0746C96D4574069BD5439C4110403B4002
311
0C30B07A604F1E41D19C21A93FD9002DFC35F23B1E7B98E95E38387E3603FE7393680410D702FF9ED5A3C5E5CE68B5827D721FA78F3A9A0C08A79722D9C9B418F46C0057BB1640C70AA4A03D29CECF33987596D53CFB27B32C3BE304C540E14BF8464E080918268D254838C91A01F0FFB99154FD8A9C0495EAA6534A6C4644
311
40B4A71E16100E7405088122A35F7A511DC003D002E6C8E7E15F6D1D2FD09014139EC11FDC89394621F77B9F88EB5A583C41E2FEDBC8F82334494C0BFA97FF3C3A34ADE60385B60E5A30CF036E5E75370BE3B83AE73B3B7DC0BB337DA0045299ED0C66681E4AE223D01B1BC3BD4C921E2005FEB5114739040758189BA8A320
311
067B62A3995E4720055065AC2B4A8006BF8CFCC907C0063EACE41813C5F017065AD46CFDC6FF1BFEE052932CA3478C8E5A6F25DC8503D40F61FC1B047E4DFFE8E84407C81F1AC7B5C79DA358551CD0D13785A9AEB38D6EB68A0A8087FC6543E7471082873CDCE5CBEA1EFC5CC0579469E225428E9A43D6A6000B4219DE52E8
311
DF00A55F4BF5035960661C2DB88AC1F67C2890A93FC420193C8326409E7B595FBBBA9AE1D1511B3F6D65B09AC10A71C2317201A603E88C56CC68C91279E83F5C147787EFE6C675F00941D23EF092920330982DF38C65EDFCA89DA98E8ADDECCD77CB86D85118F3DD9884820B1128010D02F1060F582871CC8FF42024C02239
311
273A1CC3BF71E770DFB7E96081682803188118B50310BD620234F230B12711B063E0F0490FCDA9248B580D3D3DE944A30CFCF2A1E0F6E59E8FBEA289CCCC943785BB8880ADA9C2FD70F6A13F5418444E3A669273C006C4B4EEEC067827539FFBEA9CFF04D84E7F170480037005AAC8829084329899F90B5E013927F8E64651
311
4B4824B01D11F72C012CEACD163B6358A4454A4221D06E68A71062520649BF9E9127D0772D6E5EADED52FF216BC2FC513C7D3C5CC4C8AF009811826AE20203B076A2AA66D8D32E317DEE0EFC000FCE16D9E0BEB17C74AB009256C5D8AD1CBABBDA61402612C675FBD72D07E633B1A42F2421208CE01397560811204306617A
311
5141706105C9F4984C459F2D0F6C392FA05BED808512B0B9A8A9FC6CED89640EA347D31F0DF76D3D9E61E800FE9F7601BE4C9614A1C58E6C839F13A12D0EB426DE6386B82369A9E6A7F1F9146EB578A2EF4289AA109B4F6CEFEC0463E0072A05CC9DEDEDFE08407B173B8AA65399C80B2911252E6290C82CC1B8909140C11B
311
7AE161B42B93905045D017E00CED6D27AAA15F2C2179F1E83D411A7020B9408D202381E7E5DEE5A9E7E5CDE3B186433F488AC81554BEC09BC579018ADD1DCB3D9D70F02B14BF9159A4DA376225FE43DA224FED327941705DA582B2FD1BB5DC0540667B650BECDD1D5DDFB0C7F36DEE2B94F6EE2EE4E426F20A1174C31DF153
311
321A24114C4FFF25E505475F6906D4149B21F1BD9D9DF7B059F8E0FD83323CB97991FE80EE131A9003B81C491B218B1D42C0C0D593D9D548003839DC29A740298B0C23F0CE14BB167BD61989AEF0B985C8FAC8F923A73F31953989F0F6C96CA6C4D0A9A88184BEDBBBDA3BBADE77CD8E2FFEDEEF46184A86671D7DDC514174
311
77BE9F04804F305AC82C2D018A21EA903866A0F959FBD4139916D036635EE03DDB7408BCF0627A03027AD314C09B0A27F0A79490D53839D0DAF1416995CAB24101FA63F75029D57A4CBBA9FB4D120ADB17FB5A999FC9420DFE04FA670430B90FE7F589F7FE8D50A4B5F004CE5F07EB4EA007F8AEAE8E8EF7DB3BE2F81F4216
311
6C7246FA9E62D02C8209BA1024414C483498B50229FD923F2414040B2081390AAC353B5283EADA12A30B1080866D746B9ABF5BC107F33C2A015B275480759334B83AB02175EFD0DEC785DFC505E0064F4EBA5A97073A74C5C9FEC97BD25D819E28AEE661FD2732B8BBFB1BF13441B3C1F45E8AC1752BBF80C113DE960E0AC7
311
D9D02C58C80505A19BA0E84B14402601A590A4AE00A825E98C3212342302EE10FC5100681F86834A2804BC409D70270A2091DCE874B16BE0706C974EB3D26EFEDFFCA6C4579AA4DB781708469F055532A7046C6BEB0CF39F3ED2EC4FBCA3D00EA91CA68FD2B87B5C191E0EB2C300F00A1C9881F263571C6CFD83D079D09F17
311
6FAD839340CF030F70458F81F09AEE1329505150CA0A00576B56C06D58070B23086F685E44232D9D53DE3FC3731044F286D19F459351863F749F1104198D6E14BBC68E17CAE70D7AFD958E350BEBBC70C9C4DFBA075240DA27D40AD7DB063A097DD3F041EDB3E4B682A7A12A548F3393DB01945547175879989302521EEB14
311
31B08759B632B174E0F700E774FCA1BB83F95029ED1A084288C8893520E49415E00DA080AE8027C34206D35491D050A4C6B080F6A20889A2FF82379AB6234F6710C05F9080ADF002B9C9F9C583AB220F45D618D7E7F7547FB27CED8A8B7A7D24EDA4988B0C1C2A1AFB53FDC61BF3DE50D63C560F0120B0372F0839DDDAF13E
311
583B868717C1CB8CC71D1D7F440CC82184803144196EFD58BBE00B7EE77DE8C015942357FB06FC906A5E2B8882CCF9FFE184B0035A5CF186A962A63F84B3AAEE3D5A2C830008807568B6A9F424086D2095A3E262DBF124350082C4B5DF4704A9D2C93553DE47BD6766B69349610716999FA25854F759CA9792599D3837ACF6
311
247CE8597B0F960FA3EC45B61715050260C5844FCCFEC9666BC71F875B17E3BCB4CB151405D7D08F846B4CB952248B4603CC402B609E90F0044A007FA800EC46D07A51232B00E5683C55D5096E1374DA4FCBBDE2C25A5B8D26008227CA7758033D7D70DF12CAF7F247939F93F1CC63047D63ADA0B7CC8771B234D8095FCDB5
311
77B586D1834062035670E204B245EC093FCBE15626C10D210CB38A13F50E10A0D5C0814B0C4B30AA9858516001669002229618F100767AA3D6D2528595FE7A398C2D2300ED0013A0AE60B91644A057327BD3C36BEBF48C91279B45F8BD145494674AFB211A91977CB838DF35DCB3D6D6AA2FB2784B591ED785DFD7DB77747D
311
AC9D2F7674810EFC2895F9ED8007EC7885101679C06F21E4B1C8A6120956F80518D1DAF1717BEBFB5803E20C6F2A11B2E48AFF4AD2810A70054623E341B3D1ACD92DA91150DE631EEB2C28882D092049C0DD38E262A7BD6F98549930C9D44B7C37028AEA9F8C5628A2BEF5704C0DCB2B428181B1BE766F43014498D2E57791
311
E4C8DA6BD2ABF5003F0C40202E2E32EDFB02852D16C30B7F646B98FDF86C7891690043128B0A0DE6B4EA27F08C30CA34C9D0AA0852A5997F8D11A6EE84E040B20472020256F4AFEBBB74E6705A12083B249089218E6452C8E5A69717E904A3F5EF3D5D08EC1F4D4E85086B238CFFC11AB9AE972CB775616C6D1DE04DDF073B
311
4DE3747C41FBAE6072901CAD0237100670C5A00C2C3CE063610ED824826C1F6650700E88C00B62468903A0D71D3A390255AD7040048348C56C4647413C2C2561216E0C469203EF06A5B101AD40D0E207F78B124747DB5B4BBB4E88B1C373C114E0470B345156EDDBCE1B4DBDF81DBC400746B0B54E05F693707B89A5E43098
311
2C2AC7D10DFF11D5B102B9505034B35D07E8E5F585757F088B390F2D4C85CF7218E8418BB4F25B885053D07D5A908326809F31D6CC6B77CC948413B28664484439D118DBAC27DB5AC40C1AD166F25E6A2F0AE82100C0BF220405323E1FF80DFC518CACA8DE1003F3C9FAE9C7B2D60703A0004F8EAEAD2DE0F5485452D15B77
311
B4B67F4C2403B8D8F9C533558ADE058A9E177A1698F75DC0EB4C800F74C0270178C8579C1FACD025F0560844502D2BBC01E620030CB93636C1041636A693949CD80139FD15BE107F905590A292840F8860706D07E2970A2F15E5B13B87C3143CB2930374CC46A6F9B9D7A5CCCC14E11B9E879A49FBE27ADBD6DA82410FBB94
311
FAA8487D61B51F4BE0A03FD08743C31020D6628ED20305A22C2C2FAFA7ED1E7881C438AA5B9035F20759E243C51F34D0D5F02F11403B9E204CC1686C0B6C9000470561519CBE1B0E4FBEAB37A39EE4B84C05F023858779341991F36D9D9F351E7BB3B5ADF00148D9D05784F9AD8B037D48C01BFA83D4247F03BB768BEEF973
311
A14E610090D4B96B1EEC5C5E66928F28EBEB6CF578B067DD83086081579848E60DFC7684044D8174993C39F886043481F6A2B743B18749E52447CD4D230513032D20D20206E536E15BCF7B7D211634F98FF9986287F33F9A94615A5A0A7CACF8DF5DCC1AC6EF9AF1945EB78E0A2FED1DA2ACC00EF983F9A012260BD722EF61
311
C9DBCDD8719703ECF839029010CA0B9F100B1D2842153E01A1A3837AB579516A31982FD2908A09100DAE591016CBCD4B011A2F4DE299E1338CE065DC4841BF9895D8C81714800CD08F5AD39601BC929B55D291F6CDCEF2AB40DD5D98F4E6F107C47AEE4A09A079C05316F479DAF4C2BAB83221BCC0CE23FE3D3D4C7BC9AB67
311
3D89A3677D6020F6E182332028012FA0FBE0B2668FB85485902A8E7FA0BA2105C213E20BC2169211A4BABA7D693C3F1DA961F203694853137073AD5CD25F1C017DE0477626D7BA55B88F83B5EE513C41D814639FD1BF759171F4577D3CAB0C3DFF68B2D3B1F8478C18F67BEBB2598FA76A4545E9E961BACF657E0791D23730
311
30E0EC9FAEDD17BEA7703A738185D08236C407448A4CB504CBF01FF43859D3115488EA01B55078000DF085911805790DE1B41B6F8CB2889C3834FE02AFE07D85143C6C008438A944EA63E047023A7EF37E13B0903AFEA7BBAB9579330FAFDAACD540022980B65A75FBA17D388F1E6576405CCE7032D95BDA420E7DC0EFA320
311
879E5F8B3B04C1D2D9C1114210C19FCC49DC6A855E12010184DB8968109ED016E4683CD552A36B3AFA13BFC2114068935A7E774CD2C7225642B73325938052D8634ABC18DC9442BF9E0402E85B42F9F3273672DA8E8F1070405D1DC3248487574CD98092B8B956E6AFE1566530B78FAE05B4A0DE51FBAF85DD075C7E11939F
311
80E015A58D1F87E400CFFD2306C4D1D3C634380A201545A92BE01F445800BE12302AB477BD6F62600D211232EB061448A0D2B877BB940D63D059C37E0569A83DE93E214F4BD86209FF6F479C640AFF8AF6D1BFD987D029A94DB7C329B4184D4BB013BF912FB88FEEF913071A8D82B651BC10DB067A7EC52FE1B421883144C0
311
0F64FA23A11CF708BF16CA59F18D4C04B8085964B2D8DA4A855187000BE440BC816FFB13374640B0EB1D0998AF38A1AEF503F14302E2811081FC12EA6CD38A63B33035125F40F170C0B0AA45E9FCA38FC6D688D48563B5C4B4B7C359D3C7AE0EFB16ACD5E2FAA47EF8307044B4EBE1C71E84E742D81431FB06B90B600B9C23
311
9E277A57C94C427EE10E7826980C0136600D916A06058CBE8604DB4D314FBC014EDAACD0820F14BF75449B70339490FE5A0491221BF95F949DF1235380E969AABDBE2D32EB4403D3FDF17F42F9A0A7C28ED75BE86BDB7C7EC80C76F86B8800F77B305EB88F00A4352E0F8089EF811EA02A3DF08F7DA008F803BE4B4EF5F41E
311
56087099E920708C3D720916444440FDFA013D4E1201414123A09290F5BD7AB729298209C4306D007BB0829FD4EC3A6D7E4F00B67DF38CA0764F832F0448E58439B952CB4F70DF964AFA74CCFDBABBDF273E2FF4F56D3DBFF2A78D42FFF2755DF307066497F44062AADFC0CC546F6DCCFECECFA232E14F408F05477D311B68
311
3A35BC245FCF8A5CD2AF20022C21022266905A5BCC8B20235D6FF04019CC04058AC80023662E25F342063165956320BE50370F2A657BACC817DDA3DDD3EFE04028645780A768FE38DBA88BF2EF3ADADFC7FEACA952E5A77568ECF0C971DF32BF1D24F8486B22A649EC81B1B60315CBEFC026091CA45F858D7D04C1B4370794
311
31E63E38F880758842E780A9E03791C0FAAFE10012588C3C592FE35461A6047802BA18686887023A422A49599399893103942CF6DA53A8E387825FA0678B261F139F801E2B17C901D0F5217E07AC2401A87D0480F753FBED44FE949C93A1D042B879FCE499B3D861AEB23F9C1F372F0C24D0B7D6E70FE1AAF60F84BAE642D8
311
2F0A9F53E22783915518494FDBC0AFAE7DA282E5050B703570E06319A015E00D693A6BEFFAE493941C3B08C13B96BD20D0115A9565701DC58568A3009DA13E965765C03091F0FF339F7309D44F6E61F837F1B1FF920450EB8FC48F9B40158BE89C81A597CFB0DAF5F5755D3886DC13D4479599B583758CBF35663AA234F133
311
F91D3BCCFCE0A794367F385C59B19431780F1C099131384056616E15A1563B50021D369C593FB292685A68A8B2A50A0A2085CF05434617E05FC24A6B077B990014421A68401AC4D65788EE25F737EB780D08A6E38F060F2ABD889E1B889C44852C2FF368C1E3E710D73B6589EA83F7417B341ADA1F639A23D15298F087AD03
311
26410E116C3A1B325218433C71AE62C07C1480F1C045629724A076A4BB8D622D24690486727F56108D07046DAB065000678E04C4F8C342DE27F4AC102D854F2D08D59B4ED0E4F697B0FF62F113646BC5B7F3131D4EA8BF8B265EA3F2026E7061B96F6DF3D993276B2180B8E57067587428579460551049049B074CF8B1066C
311
7E14C705F0B39298C0997C17F701097023BAC31081390196801FB0C2A12380042927503D5A01CA127F9841B460310639C674BC8CDF1A320501448E0068905B07F6E5602F8C1F07786253438CEC51AE61FDB25FF71B09893AC026A9EAE3F30F369F5D5EAEA5801FBAD3C98B38C13EE017B054F81A56F05259DBDA64FE270B1F
311
C4C77200FE276FE814B916E222575ED717A62A92956504605268408CFE13FD61F84252228376060206802B9550F00B9D47E6AF1022538A752CF4FFF1F5931384A9FF8700EDD4FFA2B93FCBFABB3EA6C607FF714B0B8B04EBBE83B52B246092AB018C0D0002FC490849F1E214AE6FC42009D6D86616C835B65DB9862EFC4480
311
C14137603C3089D0A5588FA27E693DD184131BA4E88C35045ACEF1CDE1A82323C20B842F2419604821196EE8185BC834AD44F8E9B7549A32900196E9ECBBE20FFB4706861AACADBBFD9B56A23FFD3AB8BFACC18B1B5AC0ECD7B6AE2E2E9CCD2BE8AF1B1BC3A813B94107E82DE67A42E7CC7D4A6116700B5B2EE3C338A09B84
311
0F07C40A64800D7C605AC42B72227C4C7020AB1F20056E26F542717F56534261DE3766AC10A6ED2D006DD03BA9DBA507AE0510A8B385C92363B9154167F1230C40D76AF6F3BE0CA08F8BA2FFBBCEFB09D0986550E0F0EAE2F2780CDF850CB0F88CFC2815FE87BD83909F474F45DD47F1C821DB2107A8817FD45384F57891B6
311
5F2543D0C1E20A89B4A8DF806862AC27C60F6A054627FD344250718AC0FA21CDC4E28DBF2650D1B39D8B8A420C348A4F846E2BE824BF8C45E1DB8EEB52F576F47A75FF95F90FCE0FD3A7A08D48D5B9AFBE3EA658E1676FE3372FB57F0AD8D70ED4AEBA3D4C2BE0AAF1C3AD63A6004D12900CFC481A47430C9EACB390038642
311
C8C41B13303166614210592736B8603AD4FAB17189DBB32F3915F0C380795A089A15228460BDE8E52203527D41B5470901B088D84FF8B3FE2BA7F4FD30ACAB3DE0B7E2FF95807AB0010FFDE3A048F7360F9F3FB9380EE537F16F8673131325D3351A3F664022020811A0FE8C019CA17370725CBFF64132025DA1BE25551022
311
12E80A907FB43ED80A991A8AAC183932C19AE17524B06590B6AD286EB99BAD18FF4BD64BAB519202F992A963648ED30E7521F909F090C0213E367A77D8836BEB6F34D92EDA624183070248351F1A079E5D3E7A9EE81F2CE6678F92E299EE312B6C0572C0A7B5EEE07853612403813152C7125E2022A20C18F855DBAFA39981
311
7FC97FB6E1CDCA31D348434ACD0012F0D32A5456B4007E6E92D72B1A4E9971223A42C1042819E4049C0C5801300C0013FA48F8944FBAE71DAFC27F1826FA2304ECDF3F6C10FF47D5C7E49748DDD687DE8E91C09394EE0682A4F84CFD6067EEDF43E67EA46CB2F4070160439245F00343D03BF25D7E2F26FC400A896DBF19FB
311
8D4D0A66DA669C3D608F9CD048A0533621B25690EE19D5D15248E390F042B12C682511B02BFE3E5700E4C9A9B2107A8F45248FA48234FD23005ED1F4EFE80D1320836F04003BF42856D478D1DCA3ABEEE3C68F9F30C3A16E5C238EA5DE3FF37DACC2F8B7980033F47FAC34421EF0418A045394802CE032D61C70023D788136
311
788613887C0011A4EA316E005718AE191F8D0D841B9C679CD2FC478442D005429166F5A24403B1E6ACF3298F388B6D0BA933D92339D48969A5C11F09B4FF017A9900A4F887010C474717E10F36468032FF33F4AD610517777104CD920C3CD15FC5F3B3A0C75BBCA3B00F2724863C10BCD4A0E00736C7981F2F72E4B001438B
311
99714FCFAF713A2603BC710376A1715FC602022202E06FDEBBC680A3DF1C4C095A12C50B554FE7623B50374FB2129DDEA4C392C9188077658C87F55FF92FFA507FF03FC8DFD3F31BDAB46DD51AEB03F7E1B38B8B87CFF47EA1479C3EBAD5C6B382C221C0F1B358B39D76D9D3142C4A20935F541E492E0EF081BA41B3620A8E
311
172B584EA1485632E22A8221CEDAC6110AFA4B6D43E2B76A18AB240BB24337721C9321D2C033B2D3E2641A55A400A28403C12D1DADE39AD23FC5FC08C47A64DC3FF6DFF76B5235124022D7E6D6D5F3CB870F9F31C96FE477FAFE54100068A3A87FA5908A2C08011CF31309C10025B089FEF9C510522B8DC07C30AA46984172
311
3A10C08E27F00F7FBC181C083F2809EC3B2B328E294AEAD5A071B3A95C81D2DE3F930372D022C9C793535B92FDAD5426E90490C3C81D000017C6494441544698C416520C1C40C71FC204B22448FD9303782FBA67089A1A7D4CE38E89050FEF5F1E078A4DCCFADA058032C34C1CBC2E1202B1F8962B1A8024F0EB7A11F209E9
311
6FB369D4B64202FE7BA230AD24C46413536EAE955B341B726C593B5D4630C0BE822480908522B0D85430230352618DCD4F7BA6D568BF4343801480006658EA3EDCBFFA9702B4FDE9022163C43F9B72B58001A23FCE6F0B3FF0E4E1DDFB9801A6FC42FD0132CC1F2224F89933107AD30B6C9131A53818AE944BE25A70810821
311
C38F098411980E46D108F483DC63F49B91B852351604091D60546702F58A3872A1716411B642C7629C267E64E77719F46B0548FD6BFFFC86A38DBFADFCDF700228C124C8664FAA02BFB1F92B09800876FCE4F2D1C3FB4FD0A44E0106A8DB8079751CBF0BD9340066C3D52BC64706467C05B5A54401BE4A1B0132A55EAC1CCC
311
B10D378A3DFEB9812022327745EF2102886A9142C812A1A2C9708027BB55B7006357459F9C2080E0BC34489FC629510F3017B62D5073E2A2C64048A0A42580E413BA9E08274091A398EA80B5BF31C87BF5ECF8F1C5DDFB4F22AAC181F070AAFDDAE5650C4000516440D8806786D874215149E69ABEC43FF0EFC820FEA112B0
311
522003C84BE03FB76623513B6D840820358B084119B0CEC8C00AE888826339A54091F5FCA513AFE147975BB1A86FC50618D9D74502F0C7C8815AA306602FEE3A5E79E0D7DED1B221001118B73182CD439A092FF801105D1AA14E1918EC282F6260869D55108065988BD67F68E5581720A708051F7C8070F582389C682BE53F
311
2AFD85853F2A013D21564028E06E79B7A71E43212180A81541EBC88F451E02385100491AB0C4A3BC5309A95911E66D04C0B448366988ECD204C2FC930F8CEE8FA410EE4C25B58DD1B6EBAD83F6196670F7DE635282C0A56A851AB035831725F0471A10FE52097089C80495804100318405F0DFC2136004B4C40705EC915431
311
5129205EC357930035688F61AC02188250CFA9A980233925F16A117A48CA54DAB6400221976B75D863330942E20EE3B00B08FBB71AA813B0E502FD2B023DF70114E0D7DF2E2EEEDE7B789504200112075478F2FBD6897835C91F0C20782401E801A2F9142700B74805703426023A81CC0BE88B537D0003E0C5181D29EB8D83
311
050964DD2580910A1E7A8138F76253DC01DC2F3824391AD748276C0B0CDF12366625D038603D0003E0266CB42704C8CE7FA7F11B4D59C0BF454A78F8FCF1E50513715D469607031272358F04E0003C90107223A581218F10008B10247CD20D860FF0BF48801040B361808148714764028EAC137E871501EFDD97C89B52107F
311
F1235B0928C562530082573CE137840EFEF82A0BDC602736C595912FBEC69E6A3A26903B3A300C5A098A9E3F1810CDFFBA019D97B4E7A7A075850F2E92569BD960CA7B8304995FD006FC4213BB1448A6F4BFBB3A9F9FC4962D0A1369129B10073771FEDA38B1737B663A71C088D8848027FC3008DAC4E4397A6F76271DFFFC
311
F77D6BD7F1F67DA51E0E08875A6BAFBD6BD7AE52CC04A0B4A2206F650EC412841A48258258E8662C3838FBE21E25172C2A15A4F78D82DCF68A005DCF07047C183E1CE47731BBCCB5469D9169E0D588945BEB637E87802A03D88FB82486210D28FB3B858D13DC7CE75F5E6F3B03C1744D30CC58C7C7A256146853A05243060B
311
850072A7010CA47CFBF9A1E24F414037B8781E8E9F219A774B36481CB43E48A79819D638C8760D672FAC19FB9D3FC5EA9158DBD0159C27860409682E8FF2595652FE189D2CC2D7C023E944158355806FC320087CC74116030CC376C559C098B93A041C5DDA48AF33827D2327DC761D19C17CC62780D82A170E6CE7415A5E7F
311
E825E053048F88D2AC2A561CA4D4C60098DA28EF1A01382772484698F60C8DD24BF396EA76260542810A625978C03580A9CAB91D10249BE579B0377A3DD15749A45F24C4D81FF3D7D7996F6A1690288008C0FF6CC186DA9D5FC95BB09B1301004B016E707FDFED306A1BE8FA208828F00BF342186839839F1F6FA338DC5A02
311
00FF383DE92614C03A4508DA18F4D85F9354F7E867AA77A42FF49BBE6757A1A7454448D0BFC3C220714FE43A3D8F1547BE10F0BC5A05985AC3C28829A06FE24CD062700601F4AF12AF99099B08E7071DC4626A97C920C3FF96E190C9D1FD7CB6163E800D79E5F3F10A9306C02B799E80F1AB380E0571A584C0370A220C3125
311
000B500900D96FEA40409F980E2083E4EDF4D8D2480AE5667222E020BCDAD4EF19682120818FE18EC7FD6AAD67C03F7DF1955E697456F517AC4F24700C30171C67E9168B109A4F60AFA60F98BE30941BF776DBC7C70792A2FBE98AAA97224F8BEA39B47BFD14A8CD03320DA2B676E3AA397E652E30A42CE2987B7DA1EF7F75
311
242413800A04C0270C62A13372400B435ACD84B8B5009208F5AC73EB149FFF3508E21C2201E0338BE07E50EB47E7FF6D97724A601028C5519073E7978EC88834410450E074DD58AD13A4900103A6444A9CB99103229F0EF8C0C78161EBC68137240734CDCFC349807851E0EB46CE864D2E405ED341B71A390CF2DE20CF5193
311
189E1901E866D0230409684B193D17E2928534D04240937D3C84477494FC5E0FE0B448E35AFC19007926C1C6A6E622FDB8A12E30993C6710E070397C4B26304C0AE38218D19F01FFB15BAE1C0E7E74DF75F2406E373C414E848FF8E500EFAF3C1029C9C0ADAB2313A7426CA9B2C1B9E30032C84EF31A09A88A386F136E8C2F
311
1D582EA0459207015F10F1F001F0B1B7DF7222011EA2001F00BFD36BAEE0850928B08C077030FE3806C880EAA74BCE0863A952812E6008B3A89199C1EE918AF96AF583F1A073B0A355B9D861AF1460DCFB3BFC6B7EFDC834B09700CBED3510E48DC7129041C991F06BA5006CA6B5B34EE21501374E8DFC910042036111EC9C
311
7CFA1C05D48A7270F7F835BF04A4194DA4CF76CEC66718C84CD020D04C412AC848F03E3C61A1C8D50D0EA6838A00376054D3DF61A0E393E1F8B058A6C994093476D601A4A06F0CFD3C0A6BFA910E75CC10400A80FDA93AC9B5EA4303F6C0D188B559086091CC5910137772E14F2376D03181B5CFE74C0EA38440D0AC256D6C
311
4D104CE05302FCC00B60B9CD4D71E08BD40C144A025E60D4C1F45FE846A2105D717EEA84808A5DD90A168E133640311CF05DD870768683F5D2F1800F485AEBE5CABD8FFA3C0BEB33702493AEB551B1EB035EF5C8E5757FA7832141F88E8578A363802B560007AF93D7D470B478C4D00B412D634C9140C4F9275C00DCE8DFE3
311
C7F8C0AFBC5B2CE82E3C3BDF393D4375D50C43CD1C17E3777CD2C170725B7B42B41DF15BFC344DAD089C1E9118522B4A2C60B794E4E8F33081BB7C8CFCEEA0B2015E49D586429C6C78646180B7710E06018A3082243C275F077FBE412C17DE80D3E6B9462C5204C5D980D1DF84A864401C483CD01B143F4A4868087A0F780F
311
37230200A4FBF6AED325114C367C22512750A5C7C3E32D545CE20A0904183BA10015DCAD89864B3E1EE97EBAE8B204266A48E010511838E2FE413FB116E60880C2D8440AC3880DDA6DF6618C138CF1CB2A09637E18D00F80CB0DC05322E31EADB8081C29410903F06BFCDF5AB46024E4A75828056440503C707856EF0C0376
311
23DD4922A400E8A6BD75E4D2800905F18450A00CEE88860C8964C7B3F90F56528BA18F71CFBBBCD2D05797E168FC37DB26DBE0DD2EAEF39686C18440820013C1444055402A541400DD362A0A402F1FE51246404E098249FEE30708C10CA0B54601053159480C00BAA9B1223A773234FE72FD5C3BD81804D8D196FE3D5315A0
311
C981D88D04FA01DFC185CA93F9120E1F480B08063364A0A318F08DF95056E4C91F1150D31B011200383502E079EE43CC18603AE2F88FD139C802A739F208E88D06DC78267C448C27C4113C19B0F51B0E9C1C021CF8F9167C6B1F2E10E461002910105D1042792D1CA303F469714C018C23D72179E165049C40E801CB96CF33
311
4562E5807291D1E0C70FE6CAD91656715F0E5C5E70F8D7F83290549B1BAA6F781D25180EBCA93EC84E72A74081CE3020789B3790E1A9E478E658C099BECFF01E530E80EC5FE31204ACFF70AF8177A03059240CD074978A002A878BF883FEEC81DD684E406CA630ACFDE87292822A11953710F000885D6F68A67ED40CD772B0
311
828359B753F7CE23D9479AB9845771B389D6A77130F8C134EFC83947392029B10E4425440A84AF0E54825228FC1634D369874739C837A9DDC83C20D320C36042610ECDFA750303710224D01202488012CA847424F8D53F78AB6BECE9B3B35A7F32396AC6B7444566327DBB4DF06FD9616744F4D3A397EB3B0A3FBA8D763702
311
883ED742FE5CD24146D8E353ACCF811C806AE09914D8446E93840FF4D6C963FF32BFB6AB015D1D3B0C9A0968776F021F21404B6260CF84A14F35180CE20B5E85BDA2EC91FD5A7DBA7E5705F4F0F97AF26CE18E3BA078138202400A62930FA6CC7882F911A92F33E547E64990B0F27323D73B6222863F86425153FA8009361C
311
675554C25382CE148420C8DCC47A20122806CA178A0918C14CBD33440289078A00EC6070184CA9907FD0A1270478E0B325B67C2193694EDB7DD0F3C238447C8A11485562FB4902134E6AC952FD5320A4F7C780882DA9684285CD81D278C0E8FF8DEC9F45D22DC3C2CA99C2728110888799575B6834BF22B0F01EDE72D7F21B
311
672C40F0A972999E2200B7C91403F9BB3D09C01990819238CBAE5E7510D7D57450507E3DB04AAA0A3C280064E0775380C8C16EEA4834346A04BF0CE847B4B3AF760D06D24BBB267C32E2C9257DE5EB748AD101AF1FD33265E2B674EED8C01A0AC901392211011AC810560F77778E85B13BAFE3E25C95B70919A4862C15928B
311
D8989664AD8638101D009A80F00BDC41AF27602A4BDA0C077E550048E7F1011410F01405045E1C140B4D0E70E0F6E034171C3D6FD12004FCC1FA304312518910356628A4A326EC9ADF5DFFD1B2C0399503F14B4F8E3E0E4E39A06ABCB56A8014687E86E462BDDE5124615ECDB412B7314F62E6E0C76ADEC0F717B360E74196
311
0104CF1706CFA18E0605004B01AE007869B095ED92144A807841EFF2811C047889A04901C809062057192688C92346F97F279449F89B113500BAD282D1DA80A55C27EFFE02C8D4F395003F285B617BBF0831F49B055342DDDD414378E8888E92C16789F269A27C9A221FAA4A0DFDDB9F935B2ECC04DC51481558A69301E046
311
0B02665AC4DD30C03D480866C3409400051811876014C0F294C542821AB045011A3E3F09001FF304E3A0BED05CC11A811B865001769507FC01ADC611F400CF68C7B093606E30F3C7E0F00C1D10C31951C1E2D7252181DA00345842A19130715C736EC9ECE686A712FDB31E4D3E50AB336E5666D7B212C0113C4A4406029709
311
B43D0228F3FBAF49921B19CA0C82A2D5BC4A2079809240F37D3E10F9637607C3983F0458508A98B8B4EFC92AC13530180CF55359500080061DF59B98BB3FEACEE881DC8127F182A885A86FB12B43C590A4380504E32305E3148BBEEB2D2782029765428092545BA5C2C681FC5F8E869C0EE1034A822FF09A12C94084505AA8
311
68080303473F8161F7AA0A6610745E280BE4427FB770106F8800EADABA19F453210435BDB2348471B13B65F2FCB554827632C4C44467333E4127095D22092ED492009930413251B5408345065065E415266E20279A40B3F520370BE2050C8360E6BB4601C1673B9BFE007EF5200B6483CD195400A783E6DEA0653515B0FCE8
311
E86D1618FC1EFC15C2E727F24F2A2DAB57326D8D0877D4E298894E7A0C3C7D9CE8A0E2D17AA2020FA1097D6372F2A9F955060FDD467AD0426368C24A8340FD0D6687A76316DEF5179ED9042005A2BF02A5DD810A4DEFA4A8F700EFC50FF4FB8C06410F0303C106ADF8852ACC6A2CA9046E9ED070739339857222CC009E2064
311
79886EA26227BF7A341A15C351A8404A6C10080A2140FA4B4E8D9B9A11645899332363FD69887F436A660566964250FD752E787B64BCF8E6C8190DF8EA0C854C062D8A5A1346F810414313E606ECA0AC3A01D6928544029D5F42E202C0CB386F880F7842A31287061F32F3CBE09F2950783394F2F2B23D85386C6F51943E99
311
DD10C8A0000BA9569A14805693274BD0E4F4DC3F28E331EEA91C4F33ABE057889BFB92819187840A08E57A276A8BFCB75B0342668C70C565C8059996D209C2800941A21FB82B2F520BC2E6FE6F1A8827043DE17000DACC8193E78BBB8DF1467978C06F6AFE986123E3A95272CAC122046F4C65C4B88FED2F1CD1D918F7CDBF
311
8903BF1A90057D42F4DC133AF804ACBB58446A0DB78806FC053FA1E45D0AF1112613CC0DD976C5E70AD3282F42725C0D02AC8588DE451B1C01ABF063E7748A3882F0DD484BB78D037F9812240EB88B6034C0AD53E5116D4C6D920C6A89F084E6D0598AD7EB6930CC7B293E27A666E5CDFE9A3FA52FEB3C97976FDAAE9A6000
311
8FCA6B33099CF9880D35D419FC687D424378E3099441E110C5B3C6DC311E6653514A67A530D863326C4D8430E0C28024803B5B069B0E60C10EDB6DF087034171DF01F1F3404B27B1056D8C0E56E7CA6056E7798147BE4C2F01CED5987E413AC6A724876DE3F599E0601CE7B9CEF3BEB3671E12DCE8AF9631B8031D3F360B69
311
55DC2342B2A0E4632A00264C0DA002220CFEC3E10D9BADC8904D88DC51928593AA16C91DF6FFF82B3234404C7214D0F8608E0052283EFB2B0563F1D072936C4017706010BCF1B16CDE0C1FA9C777E44E1F5259B0C9BBC8794A82A6C182A3AF56B16921405351FDDC91B5BAAA617860E8D76C97C377FE701A4EB4378FA97C2C
311
8E3CC8950886C6FD93AF70A1F5F676B7ED16CBC56AF5D09110EEB8607CC08A795882358280DDB98AFFE7087C6EB593D62F041CDB4018935238E73F1098100D0C8769818F777057F64C703C6530E142FDF5C837AE1CF66C94C4887D3A3726AB990DEA248F73B5D32C8E04F6714B1E67C53FC52040252E605B322407CBF8C7F0
311
5453462A295ABF4D95592DDD76AC23512E9A2DF964715C80DD752CA8E263AC36F02C3C28A133EB22AC8D099BDEFDE28C3E8FFEE3815D5D00C17C00511058354D62443C1A546280E43572A9C661A34FA5891F8E7570608C8DF21DF51DF9D2A84D4501F41B8CD4F4C9DEB2F901E810C0E4CEB6EC08DFB06341C864CF8D0EEE77
311
9A606545E1E64AAF30A4324C20FDD3BD558BD966BA994FA915CD162B1978642AD01694E533EC190368A68234657085B5F88E27A0805E04B8BB6A00A51646EE3C10A50FF007FF410F1963CA69BE2002F0F902E701AEC995FD41F83A3F0C3809A3288A083003A6CC2A20E6D703EE48E3777AC07ADD51EB6101603A9FCF17B3D5
311
928F6D742EE7E4CF38AE2B03C5FB39C81D7B2978FAFE85AF3D2710B0582C970F0FEB0E4D1103B8BE2B4D560CA10002FC8F334C891C07B44FE06B2E3ACE5E1E2D1FC32203110ABF9CA0E8381F68EC3C06701328E5A38278A5FCD944CEA5283DA933DF2A2448BD23F1C5D8BE04CC2DC3B43B3EEC29F8B5FF926D11D3E97EBF7F
311
A1BD1E5E5F5FE6D3D972F548547783146ECD84873F377C5820F7F9FCE5E07378D6CBCB7E036DF7F7104079A05B77C6942D1BA95D47424BFC3DB6411009A42E207871B7EE9B06614BBD20F22F7523FB985F3F7068E37600273A3ED0C1CCC380F6EC4AF01CC1CF95E4848B7BF950AD14C44F10460221E02D21D01DAE800F3237
311
04C00035DFE97CB37F797D3D1C0E4FBF35EE1E5E9E0E879FBF3DF6F474780A01FB3DAF01FE0C0798218007C2090A3008BA7682A338F4A8804A06CBFE6A80CEC766F49853F15B2F45FCEA3F8250012841315016E75E797EFEEC4ACA6C79F515CF1738F7C36E2406071051043817C9E8C5888D49D0332E800062FF54FA562BF7
311
446CC0BFDFBF8603D1FEFCC9F7FFB5A7F000430755C2D3F72F2D02A022820897ABDD44594475BDCCA4A10AF34C06B08B4AB58BBFAE30999DC66C7CE903A83CF8EB006EEEAA063430F84B05F0ECF644825F5E95073870E72A0771AB89B080022A0C5A9FAF34C89286257FB7BEA000EC65B59750C68E0815B0D9834B15606328
311
F80709DE09018AC2A7817F83F96DB3D562C10A0A31300230CD4200B87F85808BAF64D04600254047F9C14DE93464009E7F5AABB4FDD6D55142A2C0BF1541FCE19C20C899BF4F76AB54B84CB97F88F48ECC029FD253F0C70DF4816B9AC94BCBD653B1A283C4001A0337955E4AFED3FB790B6B1F5EA0B5514074103A38D84280
311
EE0F5F9BE974EAB2D16AB1EA969684B6E4166CA28264B300474C7308D20013B204A65F82970718D05678B3315D442E1C0A327E2F56556040C005D2FAB1326A68A07507C9E46A3648555A7080F5F50219A00E6222E3E0862CE95B5680930530742F1D041805E69B788161F015944D041182B861A2C17F3AF01CF5BFDF6C343F
311
9171F5B004BF59C016719164B888EA206A02AD05E8464D06B48E4381A0E9345FD171625AC22198F57C003BEA5510F81FF78D31C9B033D0030000000049454E44AE426082504B03041400060808003057925AD3C0D80E98720000B07200007800000036304645394543332D334536362D343743362D393036362D4333393534
311
333345383230442F5265736F75726365732F37383333384536372D413144312D344639322D383932352D3942354143463442344446445F506F7374323031352F7468756D626E61696C2F302F507269736D4F70617175655F706E67355D655854DFD79D82197AE886A1916E901C3AA4413A8646A44540728646525041693090
311
4614901CBAA51B69A4533ADFDFFFC3FBE99CE7B95FEEDDF7DEBDCF5E67AD75E2F575D589F0E9F001000091A6868A210000FC6F0A04C0C0FF0DCFCBCC8CFF1B202E8A3A8A0040750AC1AD1DCEFFAEBE3054570254FC66D8FE6F5EAEAF6DAC8AC160FEFDFB373B3BBBB1B1313F3FBFB2B2727878181919191D1DFDE7CF9FA5A5
311
A5D8D8D8E9E9E9E3E3E3F1F1F1D1D1D1B5B5B5FDFDFDDDDDDDCDCDCDEDEDEDA1A1213737B7C9C9C9E1E1615757D7B3B3B38181819E9E9EBEBE3E6F6F6F4F4F4F3F3FBF8E8E8EAEAEAE9090107777F7B6B6B6D6D6D6B0B0306767675F5FDF8B8B8BC6C6C6E6E6E6C0C0C0A0A0207F7FFFBABABAF8F8F85FBF7EFDFCF9B3A6A6
311
C6D1D1B1B2B2B2BABABABCBCBCB4B4F4EBD7AFDFBE7D4B4848F8FCF9734A4A8ABDBD7D4646868D8DCD870F1F5028545E5E5E7A7ABA9595958585455151919999D9CACA52565656415141525292B6B6B6B1B1F1ECFCECF4ECB48686C6BB77EFDEBC79333A3E9A93932322223230D0F767E9BF279EE7E1E1E9EAE91A9F1CEFE9
311
EB696CFC555050606262626868383B3BADA4A4844422DB3ADAD636D6F60FF7757575EB7ED5494B4B37B736B3B3B34B48480809094D4E8EAFADADFCFB773C3D3D393F3F2B2B2BABAFAFFF5FC0B677B7555454FAFA7AFE0BC0D2D29FCDCD8DC3C3FDD1D1E1EDEDCDFFE21A191DD9DCDCB8B1B1C6C4C4141D1B3D3CFC5F5C07BA
311
BA3ACECEFE612231919198E3E3C38B8BB3DADE261D000001D05451340E04EE3527BDB0EC79B7FC048346A6C2916FA28050B41312978F0495C5CE1D165758D86B58A851CA4E3E1FF49D37ECDCD139275EF22765CFEC070BAE0F9ADD46CF5D8CBC1EFE5EDCE41C10445C1FCD3C6A9D95B47C467641405D771392271FDA703836
311
66DB6F2BE4FD1AB3B3BD629B7C1F8169452D3FA3B90C523A393B08B3087DB8A9B853F70CEE9E7B002242D64E1FE6A4AEE6142EBBB36E87E48F1EC4025BCCF74292BEDEE1BCB1059B87FF3AD32434362DE17D4EC2B4F0EBD5EED4D08D977CBDCF5D9BEECBEDACF592DB32AF93377A4AC72ED6DF6C5A7D821F500BCFC57737FA
311
4F4EA6FE9E9C5CFB7EFE6EE1A943C2BC68657955C374CDBCA63EF9AECE9359A7F173FFDFEEAB7F9B8256F5DE9ED5DE613E0EBFA66899E59B8E1FD81A421D74CC7FBD1271AB240802DD5AEAF122D6DBAFFE597E1EDDAF6BA97E9D37C4F040FC74BDBF5492E94082879E1A7C8A837D78ED201F7E667AAB7E9CE87BD0AEF63938
311
F01FADCEC3C5F30B51BA2371C1CA0529DAA969C15C921892CB19487E3BE303CE2D2D81CFF8AF7FBBE51D320FF7D8B00E7193E983E4FEACAABB5F2F96561528F389DB378DFC7D546DE094AB9D87AD67E509EFFAB21EAADFAD46EE77FB925D034C08218E3EDD3EB8B77E19958E7C21BB969B19C124AD781421E4C3971FB35B8D
311
AD1BC5BF7945F70F1C51C9ACC845C69DAAA6DAEC70C5F7267A7B96867F3F7FB91B367797F2CFDF5786A9B55F90B9F5F4F22A3D40F667C3EEB4F42EFD66C7EFD0D2E5D0094B4C5457A8109A9A8C2B2E0E854141C36A46A5AE9614DBBE62CE9E563E0D385FB9733FA4C2C85F28807D29DA0BB5E29E2BE511AF472412BC61C1FF
311
5897FBA9C3D46330EFD59269D7D538DD39AAF547F4D00D2512DF0D9E9B6321F4D6AEA5014B82E70FBCD01883CA4790CBCAD73DFE75EC023A19BA77275DE85AEBB230D1FD98D5B72E281D8449884A7DF120DA02A7B749A5A7F236A8521452B4C711CCA9640E7DFA9122E9552146CF8AFB20E4EFFDEE83FDB7A031DBD6CC9C05
311
A3206822D00B64C1E0D8FB2F1A2269398B4D4A5C56BCBF297D41DF9135ECBE25F9AF6B1A74412BB9F46142226D183C38CC8784DE7E95A4E0639951D594824539B25B15EF1D8688A6866D7C9505F7BBDCDFB7D9E01D514B3FDEF65E01497DE8202A2EA024CB7D1B79F91D8B8CC811A5696B3FB7BF18AAD1910E3E3FF50FB5EE
311
7B756D4455215F33B643DA1E7E6FDA2A1D2D99AC2B8927BF92C3C6020CAFB8D4B4A2B6F08C3F698DA27FA40F97AAD76FB919DCA1FE784949D2BA5AD4B2EAF12480F3E2E8D248D0142D709931C3D271413363C50FD8DC3AD5BFA49607FDE6F2CAB8B86FA58E548DA34E216892DF9F1B9B2B6FF9A2575C14176F75128DD5C050
311
B4E0337C3E5C15BA13F20083812F8181AB00FD9AD19B7FC24713EFA951775937827767FD6564D677117B183C345EE002549282FBF19F9BA47AEE8AB8D4CB24280E2ED5394FC47947784DF9C381E4C2B66AECF417021DECBF52A9F835425BD0793BCEA00AD01BCDCC7565CA4020A38AD1B410898F7285457B57F85F0CBB44D4
311
145F1916E6369F0DFC3649DE3E43DCB74AE3F02AD2207394FE4E2F50BD6ED78174FF75D9EEB98AC5447CE2C50463A8EF33BE0ECC2FD5BB092EDFBCD027DB630E918DA5148A2817FD3C0C7E8E26EE658AE7FF3D2E20945A9506670F3FFAF4983882F2D34353F6FC47D5C8BCD1B9AE015B52A3048547DEC77B77B38DA6DD550A
311
FA8E71A2789F5D18709BF076007944753D5C3950F9BF979A667836F83E64446D20022BECD554D8993B6FEE9F3997F07F7CEB97EB95B7A73B4398DC702401363E1BF8CB8556850577FDD2A1E35B9E284781A24ACE936178C107027BEA0A8C126908804476F4B672F1AFCBF23AAF026AE562322BCF936357900C1FD269C019CA
311
79D995F0E057CD1D111E744B231AF73EAA07A982019F220DE335897FE7CCCF053B67AF0F031D815FAE564C5FFDBE8B51CCEBDCFFF6A738B08242361CDF0D2D1B7B4378EB326BF75B52933ABB24F2311B843C7B7E4E6E006CFBF9D78B991360EBAB55171781ECC7AF6EA7B3973C3685893F3EDA60B7FE1272F4CBDBF348CF87
311
1CEA439641C0D729DFA7B19A01277E93A99FE5A87820A8829868EFDEFB207BF4F64BD8F6672329BD949653E8F6C08E0144DE7D33DB8B9C9822A0FF55BEDE11F85AC113EF1A44B6FA96E05731CD6DDF23622A7DB4525F7BEA4B609A7709B4C5A49400DB72AA6E7BED1413F62D48655A72A0548ADB9544848C5B29A720FBB056
311
A2968CF5AFA9D4F239B643012FFC3D9DF09B7A2DF9CC0E417AFD34CE05D94B7C227E40986FEB09FB83C2AB71D14AE30C5DD0FD44D372F823CE0B7C79D55E2AEC02C857DED232EB55382E292BEF9D36319C8882B99B5C9CA781E6FAFDAF28D96C99BA7BC576EC7467C774536872644D6BE3C3F367141C046DA0CB1758F2992C
311
E0E5DFBF8792198A488ACAF5EF7D7F2C2D317CE62C1F1296A3A230F052AC225021382792805A4B72B3FC6607EAB212387778BF2FF3FEFD419D64DA1DD85D93722FE8FEB6FBEAF1EC67711CEF0C9CC7C4EFC785E7EBA9A645E9FE4A11BC42B2AF56C71390E52AD372DA018284BC0F16AEFE9AEE5085D4FC8262BECBCC28D022
311
E938FA8391F3CA3BD13998F0362B979EB057A139B26829E79E78DB17AA1466489238EE54B894BE20842C44E425840A205DAA3C89FD656BBDA0F305E17AFE14E6B23B3C335C795D34F8883643320BF800DA63B9D6679EC1293734AF4C3DC73EF04077EF0D168E80408A15BDAD47DEA981CE60D9383547D66711CB117C1E1FA8
311
DF4677822D6F7E39E195F5B4BDBA6DAA7F7C6E7BBDF1418659E15569C203751A0941D4792BF7EEC021B2DE22B8CE8A77FAC9E7A06663C1774F9C127ACDA0B4CC4B6BC9FD2534C5C69D2A42A0ACC4682E885252A619E212E991995868B16CB9D450753FC5AA98876FD472E978B1F22D401094E56956CFCF589174FCA0479B17
311
D356439FBA689CE17BE7B57BE65C34BE2596C5F84037A4067647C74E5A783C5581D852C08A21D4BDE205B4C60CB04E2B9A751091F232E09A3ACD5B716B124CAD15F057A72277E3E0EA250955BE54F3FD44C2D5AE4BB8E91FA74E192D37EA129255C14A93C55775C65E921FCB4DBE2EED5F5C37DB555E3CAB9C3EF405CA8ACD
311
9DF97E3351E6EE545C6689020B5C4E77E215F019C3127610EB2845EAB82825123484C2CE565CBFAAAD26CB1A7DB711207BBEDFBEBDBD1286834DBF2620C4DE0CEC96962297B6FC1AEEC2C285E852A0E3DB7E22CE0AF7DE6200FA9406D602EBCA0C3BB00F76739187E18D1606F818F80C26A0CFE5C9F13235246210C79C718B
311
FC199E80FBA72D2430FF66BCFB77A58055837CEBE5840C754BE8CECA9D08AE1035B180A7BB40A5A9DB867FCDECCE05EEDAB65F407070406DB35CCDDE816EEDD7F4513F691AA29B3F02DCAE45546E3F7DBD95F2594E39402CC43F88B7F52820A0F6B212FBD75ACC2F087A8BBFF1A9E15103E43CC2DA98BF9A322904ED0C33B5
311
3EFACDFC230D0C8F88DFF3F2A8582A7D3737E459076DE39A0FAE99BDBF073A85077B85D7F6B43992C8EEE9728D1B78CD78BD94F6305EE3E1362B7F1A414B46CD2E431A039401511D65FD8D111E54E406BFD413C1513D04B06CC9C77D9123EE5CDBD4C3FEF35A3CEA144CFDF9061FB9C13CB1646163C33F3D3FA4EB253493B3
311
77C0C8C4C0C0087BB817C8CCC461733F6C239A9F671E4245FB544EBB89D37BBCB427B283BDD27FC4837784348B66C7D5A4A5981B6976CD7C0EAECE175E7F689F6A33B2D8F9CCC512324621BBF6D545204FFE6B835EC3B415A0B61615F64D812125E0C2FFE2828484E482F8FCDC393DA556E1E35EB27AEA3D2AB8B62E495F9B
311
B3B131DF5E5A8D42FA61C1D581CE203E5A89DB2A6603ABE40A0A445D5D10DC1B78039FAA9F35A066190A7104CA16ADDC2B87F83F86F4DF5ABD3A595D1D1E3B166DEA5EFD5A4773F724FADCDDC3C4E4C9BE2EC911E60415EEC5BC5577E16F77BE3FBA78DFD74172B014B4DB661970B0F0EBE5495E32716D00C997F942A70965
311
368923B2536A47D07D07DF96587491580F1AD6AB0D87653E07D1B140A318ACA402AA33E860F5DBF9AE870C58D18CBC4BFFB0F9DB65DABABD2868E62C73A36D698045F3E8C1F9FD2253A7C282FAD44AF4F179DF5D9DC6BD9C9189BFE74248A02C86F4CB4C8C4DEBB8B66FFE53242D9F6BA4D6860385526F9B6F66E7AFA77CDE
311
FA428A69A0CEE5F6134DE3F7DBD6484BB9CF0F1F6ABD4FCC76991EA4F30417286327B77D57C3FB5A6F6B2CBECDEE10C9FFD7A62D29484B4B2D2C66A16EBEA8D731CB9A5DDA19BF1B2E9DA4AF4B2691A7EB60C58FD0466BEA333ACBA792FAE57420E2408DFAAC7615F813A0B79DD1270052C7CBE590BB72231AAAE7D4533DBF
311
F5BC4EB79EB40ED6515D18573AE1E4AFD5593D9ACE6A1EF58B688F048E9C1A7D0BBF69530AED22A12E65F73AF50E966D67E7865A40FC14C9A28E4840FFFD39B9FE94F80CFA2F400A3FEC44A0FE8402EEDAE4622CED53374E36760D93C1BA9681413F66E602F51BB044329F3F010473A78F79A72D9B8FD58FE427626FE7D3DB
311
5C0FCF2D4A6EAA5DB2E5CA2BDC2F1A8B8E5123BBB5D2F56ADF1A116CAE84DEF0EFAAB01EFDA734AF01148EF270F007BC4F2D84005C9E476F4AD06BC7A19C2F1B6EDDFB323B826AFBB28F0776E28EC37F0AB590F4B78ED325D692289D9200C217E8D3DA0C266E7E2C6D3E9F84F6E85C43FF003FE6CFBBEDD046EBF0B5D2BF46
311
5CC56B60CA521B134A223E11B5D3F443CCA9A124BD202970C459E0DDD77CF97B9D9878DB4F5EBAB4178F02BE7C09AFE2019B5DFDF5253A49E1AC696E2E2ABABB9B3D2893DCAA8D911C0FFD57AE671162C160EA7530A660787D13D9269400B4566BEE702749D3D4C0157EA2E8ADD8067E1491998912C0A19E3AA4A6A43EFBDB
311
60F4B32BE3E01F7542464BFBB1AEFAD155CFF53BE1B0A23FB36DA3E29DCCE12E0B3B0116B10861B9EB273CC58B8C75FCE20D6A43F780E991DF85DAF01DFD61A49A3EBE7EEC69C60B2F8343A14C842A1DC1D37C6163C2192B8610CD9F296DA662A74BFAA92E614F73CA4B43F6AF50770D45DB7BA887CB4B54F002BD9EDD86C9
311
B30BCCB2C2685C0D750997DCD692E7C4FCE10AECDD5C0730A74B377206C8F8F713F1D3E86FE928A1AE2DD268146B3F621DF968841B0BFC11CB7A1AA4BC7B313CA5FAEF5FF40C7F9839439E562FAD595E902F393537BCAAC94219CD5513B9D67157D4417BE0B1E4A9CB65BE6AF5CCA0C321C5E27181E848857A4FBD4DC90A3E
311
B17AF37B39A70FF99D8FCF1183AC7488D94EA3741801FC11F75BBBF76052784EE40B6A81F33DEAAF70F3920C13E34DEADCD14F3D1697838D25E048E44EEB9948C5A163CC7C63785373B30CDDCAA458D690CF79C86B2ED996BAC277A189E1A5061160AD4B795868F3029D3D0939EE72FC164B949C867BAA34AC0D77B701F2FE
311
97381A2F3F5EB75ADB7BA5FDE4838D9D277234F9B116154B6E42FB6AD757E6A5A7E031DEE88779EB4EE6FDF0902A057AD4A034637DC3BFB6D98F63466409944B658C75FA3739BABF7E58944C032406C37FA9421F4DA095509A6E083380259C2F5546D3172D9B0F5BCF2F5082D3A0C60CBC384AEC6B7AA1DE8AA320C7B0B04B
311
63A9BC138F862892B241EB058B9E1BC6BDC2DB94149280AFE3C273AD37FECDE33414C7DBE3EAD94C9F1BFC2B30659C64E8B9520C3002760A9C1AD8704EB9A4E5CECFA776CBE7FCA624135FD291320AA1EBDC62133C01F0E9FB0D9111B8C2982ACF075F6557F984FF4DE0D265EE48A13B5ABD0A87DCABB948755F1F321E90F8
311
DC5984EFE57748EF4FF539A40CB4EA9946929AE8C6F0473844A9A07F5A573C710B026AE7964A8E124A45074166B9B8EBF385A0DF15DFBEA2AE4681298DAA00EE6816EEE2BBD3BF33255792FF227B50722F8CEE0F14D9B249B697E874CFCF49461FA08717892FC58F9DA4CF0CEC01791FF26E2ED7AAC3B5A9D8B5E63C7FD047
311
E93E0FC2EE8A2F73F18D75B3C0F9BF63CD55E1E7DE9EE491787B2CDCB05904552D00926DABA03B296FF22AFBB778585A448FE7A38FD608B670EB8597F9782AC08AF7D2CDDB6D6F9C6E6A7C2A9776FCE91F163CA7B262BB72BAC04CF3A6A69E29AD5BF7A2230E407AA4AD40AB256794BBA37BE84FC3E7A78D9D30430423453E
311
C11EE2985AC240157EB7DE09F918B9343CA468181D4F20F03E2F1933F1D1A5CE67252BBAC388C6FFE3476B0AD437519A61EFFB8B8BAD119590847BC245F7D2AD04B9B34DABB2C58FC57C32432D207DFB39D7A4AA4C013D2208C01A9C02AB944A628F12EEA581F1C3598AF820412A042570EB380A04D4A2E3DF266F0087F7D8
311
CB171FC17DE4FD87DFF873226F67EA624F411D0089EBF1FD8EE7B1EAD0C6F946DCC78D5562F2DA2F1EAA9965FDF16F8D58BF84862EFB13F08F44DD019945764FA697315A8C5045556E6A343A0ABCC52C716CA3A174C0F61AE0033F4746E607697D04C8732B2744810B5E35B16C5B58C9FD196C0B9B6A036B03988E4E64CEA6
311
02E96FC27F28CC32125A14B7BE1F79FBA4DC1D9D77359865045BD8F3A315FAC606E904A0C37F5A5964F431B22F57E2E2EA4746694E44D96B3060228243D2787A692EAD6BA1D72A7840BC7B14E6DFFE38260D07ED6E2196E261F876DB7DE57D7447CDD2533D1E4B1E00C3721B7B90C2CCC32365409267D6E311A9F3488A77D6
311
814A3EBDE9C5076D4C99F6D84FA358220117A50C2D6439A86A53FDDB64A7330C6381086417C249C32A2A01DB58CFD012C26F91E778F8CF69DAE6047C1E0815179DCC7B592242AAABE6558DFE6C569E7C968ACC62F253FDF797E798A4BD856BABB5F9D8254F494FBDF568BBBF3438A1B5B7E76B4AA9BC14D2222887AA48ED28
311
50F9882E3042D15E2815CDD61287E9D4919F8C5A21829097DD4BA47038596F01DCC9228D3835A652F5B7BBAC95ED68DFD720666BB92A5512086EAEDED257AC405681EFE6B901F6B6EA108538574078E4682AF15D66F75060E7B8E4E4CE1C29E3432E21D317E2D5DA68EBEDF7477ED76E845C6B64930D435F18A3D9C1228AC5
311
78FA58DBE42C35AE5F470435222AC4C6E05FD98D553FF953557107B357461381B7E6FA7998141CD4948514867EA0747FCA35E0E128EAE0E1EDBD2D78BAEBEFD4FCCF31A114F1E332D19427D975DFD5C3A151C2D233DCAD5F63127EB7FA13DF71396DFFC3E09D2A12651552115A6F856A42FA85F054D369EBC0ADDC71FA6F22
311
8E1ACB60BFF31EB81CD1B976D161769E9A73398FF1669A56B41DA811617B47FE44C09992B774CD7D8BC7F7A3C78BE707F94B9D3ECFB0431FCBC7F6FA36F3E41DF6E7AA3A90CFA0D6054545CCFA153F0754D961BDE9B09163DBCF79942663DC1FDEA3755CDB51FF7D8AAF01CB9BD5ACE58AAE918E0455D17FCBB3BDD4A765DB
311
32FB72B799754225D609962862791BB3E8CDD0936A01BEDE817E493EC9783919BF83858FF6CD5CBE1DFF7D54FF559DB64D46BDD9A48EAB1EF987BB40E434E22CE88A035AFAB397ADB8B98875C1CA398A94EF191E18FCCBE56D19F0888B3DF0F979523A1C8B5B0F9E538AD91714090CF1490D52C65BF891F4859F212817A3DD
311
184246FD58F7E1C913493A37ACD63719C7F5CD399615056964BDD8E9B3F9BC545C03812456B220FCEBD5D1A4BB378B827FF2BE0CDA76F702258BB6841AB7B865944E05E2B05C33AC0E852068144BD403188A01C9101D728B6828CE0CD168687BDABDFEE0FC42634EE4233A79F4E4CFC26BD562327D1B8C7417754279D2DAED
311
DDAD74C15152D2D9097350633D16AAD2FA05DC2870CBF200FF6E42FF396F305C58A1D8A472F8E85DEA5D7232733B51FBC7B3EE79A741E81D6B2EC6F9132F91A13E1EB70A99E677C25EF00AF1F1C008C4A50B1188248C22643742B31A53AED246C4CCE960B39569F9F990029D0F7A5F6B2338A9977E5B3243CD7EB3CCD26575
311
03AA00B1C1C18DC9FBE2AECD027249BC933BD3275EB9219D397FE4BF345B8F6D679CCD8BA71A1CFAB7B88A0FE56DF95F2F93A98C50AEDB7D9EDB690CB77CF41C5FF927F27624A23BFE769CEA28768A22240AF1320D0CFDF6224A180D54C146FFBB9BC8BEF20F4BC5E4B06DF275EAA1569DFF2C50AF6610FA331702B88A4FFD
311
6B2605C4DB73D7CA2609285194DF3EDE0EEED65079162201205F92729F3C0B9D3175A1C4BBFBAF79C4C14561B1A9A99C38921AA48A66C665E680DB9F58A33DE92D8A62B12ECC717B6AC4114C82AD34065570C5434D2B3037A353AE516ECFBB5263FDFD032BFA32DE366FD18C41D04ADA6C710CE2AF2E6A0520C4FA45E9D183
311
0855F176CAA782B6BFDD76C7E6C87B3F73997A861D1FDD543CDAC52EEDF8C5B2E3C10D0E93D43B46BD47E8E90C1DB40BE6772E64AC23A34B15C389F7E8A15BDDC42F13D295F3A990562A188EAA544690F80A0E1C2EAB3FC02886C89101446FAD3DFA1CE32C6FE618DBE5E01D455D7F56E31B89D8BA5F19F593602CB8A30C3B
311
95BAADA45A1A12A29EE13BF74AA6DFA89A2F5D58720D59749717897494CA4DD628A07DF9956DCC9533F25B060DCFDE456CC7F0B63558C27F395D1F206B4BC8CE0408FBAFE74AD4EB46B6418E30075805BABA87E65A6F07B80871B1FDF25BB1154E2A3F9EF3842819B9BFF3B14E6A405385EDE4F32A0C3498ED1AA9251E5362
311
651B6DF4FC9D610128C2630C3C5BD1245E36AD91CD3A67A0768297853805C873C63AFF90FB93D5AEBDD6E7480F41A7F6E54FB3E5142F3DDF16768316B4587817005AEEF3193840867819DC1B967F69F0DCD04509EB87824B008A67D6DCCAF49BD50F98543F540781F2FB39E6FC4F436D27B8BADEE9DC23A3F7EEE7090629F2
311
E81C13BE97C46E3FBD72EC1397E26C03EA62E26237EA7E36386CC1030158C23CDD6E47AD410D463ABDDE62520E3643DC4B5C3E0433B78AC148CC35DD6C5C4E3F7896FD56E28952BBE216A8B95D088AAB8966AE7BC9CB8769669D4F6B2392D7A06EBA8694F9942E6DE605564DB58F9608118A64318A824EB3720D92269A7CC1
311
1623791EB3E48324BCFE93EFD2632CF0372B16D4062E1A3A80E067EB234DC3DC278BE7AECE2DBD7E641DDBE97D00091AEDEEA23E47299AD3A56E5FD6873E7C1E3C60D39C105E240D6CA104FFB868D3417D54063FA5EAFBDE9838F57B3D173A2EEF3F5474BB7CB7042E4C279AAD81E4F45556CFCF69C12E904009DAA28E63F4
311
C0CFEBC68DD7BF09D8E81743A8F22677835F8A6CF6E614EDCEBB87F523A4477E9FE74B6F8B7C22D041E23C7843B6C9E4D426591EB6A8E5FCC07D8E452B470421EED67CDF72DD918B5361BB8A184C15AE3F8723C67E8F30D6DBE1CF46033C429AC907FD85E2135BFE137CA10A6A6FDF776982FC0C7C8C95EA0CDE422CF8D2F3
311
8B8C01EFC21D97523DC7BA77554DA5E4D8725F3818D76812E667EC101626F632CF6579E839A783BD85C2F250228F1CC6DBBCD178CBE1625DECF94C5F8A7C9E2F308BA2669E6F43BF3914044D41AAC719968D7BF15F708ED0391AE5B3AAE0FF1EAFB347D007A34E8CE1AE8B0D4608450DD73EC2BA88341FB15697671EDA80DA
311
A9035268D37FC5E5801CC43650EEAC5F63FCE8A94978ADCDE3DFC3C9CCFFC1E877614EB37BC22179BAA50A99DA9AD9F34C87ACE784EC48475FDC37C1C66D8BE740DFAE177DFCEC0E110372F2669176D39DF19F2094686F5C3998709CC7A50A3788909501419CC6344261B5505FD7721B1C9DEFCF6B41ED9E47CFED17A2B41B
311
EDAFB1E9638B0CC3BF377CF9B5391E7F8F304013D40649BCE1804A548FA4E26EE8220FD7449EAEE77DCA333D9C9204DA9E7B055CCBCDC83AE97896FEEB015C6CE78BD3B82F855E4E45BE7BF7535C629AD9AA7548887C2445BD592825928918684525C48BCF2A7B8410E865CB3FF016348E567987C57E338AE26F3233BF93FA
311
01E043587B98D389F1C459FD78BC7C9EEBE75DC23A7655FEB40173560166B9894D5FA94FF85A185A320ED9A79F19FEF5581E61E6BA114859617E5FAF04381E5F41FDF702D95EEE01B2620BE9537534F4EC9BC2C3BBCE3F85979698989A2C36857F7F52C1E1D916573D65B83F8DC61F22DFAD2171CF3E417247E0445E56F3A1
311
79AA2CFD7C7EDA98BB483F5CFDFBBC3B5AE69A9B1561B12D3527DBA31922B7D4A9579BB18D2B4E8B37C305976714A98ACE5AECFC19DB0CC6297DF777D67BB9BF4C8D5C3BAFB4CEA2D9E37BF7F939D73A5EFBAD1C992AAD16ED792D9EA9D9F7CEEA94FEFAAA17FF5C634A47770963543E3ABE0276CFF796A51ADB59F94502B0
311
A03EAE5E5D9650E53F0567FEE5DF43DEB4ACFCB501966CE916EA4F0C7D7F5FDB3E6EE5AAE1D3DF62F167DBC393B482C99D1EB6C844DC40D419FEB3A581493834F4A4FFC43E2F32EF70724FBA2C5D61729FF8CBFCBC7EB8049BB8B7C8D861D7FEE1995E2F4BCD9762BE9D9AEF13513BFD915937912B3FCEE2165F70069945AE
311
93A0C98F0CEB71CDC94038621CDF80A70869D42FE392B25D2A5BF77A13975A80C137B4B96D8BC984F69D8D82E5C1DB3A58B4BF42270127D45D56CC8A9C1F751FA98817B4B99B7E5A1AF877AC7F85C72290F1CAEB47D07A8A709C3FAA45AC8A443B2DFA365DB2BCA998F8F3F687B7E67D8B3452F53F7B32E9BD79CF9178D05E
311
FC230C0CD5F1CACA1C0B1865172FD040E308088CE345E26CD179C6A4D5BEC2C41807B829317CFD0B5DF86F3D2DECF32BA83102DF9DB0E7A6E7263638DDA7263152498F63EEA985DA45485353833522B9E7A9B97AFBAD70E2127524299E0A741E3ACF3ED606F007C5E4787A75077DF8A63BFF96B8C80967477C6C123AAD06C6
311
1D25AF24E0358343DD3BA4BBAB4D551535801F85E047A2136858FE74928088FC58B245A14429C1A3AAEF9D5009D69FABA7A8C5AACFCD1B43294FCA591C586E6E98931AF2E63F40C342DFFAEEBB945A4A17AACB8B2A1A365BB6112C35A983DED04282E76FA0E47EB6D47F252529042B6F0C2CD8DEF47F937C171DB9CA7323A3
311
AEFC8D0F6C66FCB8FDB71D8A355E1505E80158D2FC51DE1A962E1F1C6CAC7FAA165B0625285BFA5D45962B5F2E2E69AE4201E3E67E3557F1EE515FD5E783893624A8006CD4E83D1ABF8FB3FA3C0B157A25B4D4FAE35490548E0303D995CC4C7D9C78D0D10296F97828D91805081ACF5AE4BF8CFF63F8A7ABDAB68C62AB4CFE
311
2D8EF1197A98262D1FBAF71AD9AED490FFB8EC8E2ACF4C1C6D784DCB9BE1E93E41F3AC3C5AF28778B2B4D14F0C06F23D4E016771ADC654CAF2D90A2E3901E75D8E7E3D46670B70263EA21D2A5C1DFCEACCFF387347C7996CEE859B64ECF86CD42CA851948F2E2CEC816B8FA9E041ADAE9C8D87D3F9C3535F379539355EF7F8
311
F060969DF8A1AEFA6C7430058A178649EE8458801B71848978F956DC1A8DECD7ADF9F51B73FF45196EE0347C6BB728EB8F3C7572B3B15A8133D6DBEC10D691F44667255E9F4626B94E9B8CAAF5FE91A3F10AFD752B74579BDA69FFFF5C00AAC9495F2DF7E8E322161BE65F357E178B3DAD6C92D9E8D87FB14101CD01D525AE
311
987238FD68E65E45A02F330C47A143E0CFAF76AEFCBA526EFC75B285132B0D4E0322B2CE5DB21A4BCEEC57F711E4BBC6A206851F217FCD53F52A55650ADF0598F641BDA5FCC26B936EC7F438ECBB1C496E0127D2DE17B4A3DF964E336E9D3D5E1FCC5A41C3C83458147215DE83896024840EACA3470845171C139B90BFDC05
311
D1C7EFF837505F63E7325A5515DB95BC157F9DB28177EB8B8206DAA03E46E7502CC01FF501532FAD23A63495047F15547C66321DD8F253DDC37D35D55A9E9BCE580E9BE775F185BD038EFF991E59FEA5F60D877A229D9E5932EFD2715B4872467C8FC754FF90BA339C117E4473A05BB5E5EF0F8B4CBAFEB39DF36E210E3DBC
311
53E45C6B73C447F7FE3F88F40E2D8B72E1B4574101A5A2903B09510005BB4781C8271AB681BBABCEE03A4661F1E8381F560CEF4E7C89FB0B83C61B57732B0DFAD632E2F7194B1E220C3FEAC255CA220AFEE815A658A873CC42CDCB4736F855279CBE05357BE03E12DEBF47DEA5F426FAFBECA96FFD66CA91B70F0B1F94AB59
311
785BF87D825090933F270B1F6CCC2C1D555CF795417F3D9C14BEA067744942E1CD32B1E1B6BF28275ED03242F56DB0DEA3FAADE87F3D2006AB0432B924E083FC5062C8737D3D34FFCCF33E313195F6E85057ADBC3BF80D3E3A16D8ADE9F1AD00C2FB30F7DB3F3411FC7B4BB3467C2E97916950281C5C1F2E46D30F848CC5DE
311
FDD8D1146301E71CE55A2AEDB721A4D5466B3FEF240D170DA87BB0EB5938463CA662F565DAD237E7615D21457D989EAE939078A21C43DF5F7A0A13B0714F6D6726497A2D779DFE52FDEE5B055AAE007110FF4FE66CE9A93EB0F11CAC2607BA3D0561CF1A5FBEF40C648C436EAA5DFA92F4B1B04696FCF97A215AB4A421E8FA
311
FA9F28DDCACD99CF6E1073B2AE697B028FAFDC812B7E4EC142BBD165E964B5783CC40001861038B268F8FC5AC644E03459428A71E621CB5981FB5908D459819EEA892A58FCEF5D5ED963649289C6A9F1AADBCB6D13DAF79C740D7A4ACB88C47C7008C7C9F5B266F9C18EAF530DE9F3D00AF1B356DE33E2B558A9A479D1D5E0
311
2DF9FBD8402033D9CE5EC3D69389BCBC5C3781924FB4A32521093D56B3468DEAEC145BE4E4909B58862862637C0A482A795D142B96D89D0544B8B48B9F8F53EB7C8C85549C0DA7487DC20B33EC537F76A1C8E1B77C7ECCC2A8A87E710CD6FA1C60107E396B3FB7E8B246AC604B0B7CC0058D489ED7C8B1854EB508B6E9B2DD
311
43D2828758C66921631A2A25624FD33E92E91C81BEFEB3FE1954CA8F1C3D938C94EA44728E501DBB9C66A61CFDA3B60291E467BD8C76CBC15467055F76500BDA43BF47A932AABD6694FF5252CC8FBEE0A693F2EA603169793CE32430E37ECDF28D60886C1B598AC8EA9652D3CCFBFA3D91ACD3DEF437B9B4557929805156F5
311
C1EE6E6FEE028E6B8C0AA8D7212703E93EAF095A0551113F335E68FB9918BB93A4AB6FFC1FC84E037305878CA662A1D07CD5D3DB299915ED06B0F80B5FDAB7A2D281D5CE73A967475B339B5AA0307A0AFE235441A93E63A5697F1EC952DECA78724F683AB0D840371D1877D9F16C77D791FD6965AB0BA82BA85994619FF137
311
EEA1A807F1F743E282707C3F92D6AD0F1A1FABF93341B493414341453EA8B6F7332A2DCE3254DEDFB91D2323809F2468342632F0B8F3A3BBA3237704E37A3D2635EC767F6839596112A825F5026954914531C5A23B47DC751CC472BF2F123F50A91AC2D26D5D8AEC5250A1DF3A3B03298585155591146FF5AB4443BCC8B9AF
311
13F398F6466F184771DA1FEC7A4B4BA1338CB5B88F5EF05EB77C935FAC7E435C78EEAAEA997FE602D9CBA2009D3EA3AF27D127C7B50FC13D144B50F91E8D40C778784E4A977B32BFC7A1A529F6C132577D2DD24663C35995E67E17A89B588AFC0C5BBE5FACEFF1E6E6DB1C6959504BE695F07EF99C51AFEADA040F88887D4F
311
21E25B4CE827CA9BBCD556FCE4C265A687C8BD96F3EFD8D7873875FCD56D9C366B6C080221110B610268E0E6FFEEC429518C5BEC7E64C06FF09D9D1B72AD824A5C3E92669B29690BE0214C73178B4F54CDA9D60CE12CFCF6D39B1CCC913D5F75E956BE92B9658C37C374A61DF77A30BA0A585AACF413B511F089C3A6636C59
311
B408E8431B7724D2FD8FB6F90173A2E7FB36EBBE60582725D9ADDC223EF1E32DA780773E1F0517A1A070BDABAA26690C1C19A10412398AC348C1E6A228509F24EB4C64FCFA8F17DB70DDBCEF4C904C7ABA473E4C1EDE963F064347690BD47F17EB1549E658CB7C144E9BAD6825FACAE282C38FAD59C93819A214D1D0663D5C
311
050D2777CF8F3F9A0BC706721DEFA3C2C93A99E4089DEA7E38C6F9DAE48C18296C16723E57F441919BE7869507C59E2B3F0457011EA618C788CB9418CDA385B5E98396A7F3392354FDC76AA768E30ED2DE1BDA7044EFAC52F91450BACA5626E1AF471A3F9DA07ED96DD01256FAC3E6C9F188C798ACCCD0535F53B7E2A7ACED
311
A34C74B54DB78D73D09E5D57EC534ED24412C23B3DB546D77039805A6090F25FC81B02112118833FD2D5A3AB09A6D0A5759777B8FA1ECAF818918A2097E2648516DF7328383F5AC76A533E4617F2A33D6083E9DD93AADEC7D161296FBAE96BBF141E2C4414B3A36BF1B611169BB3A1B8613284AFA5B9FC7AB56D8FAC41C044
311
7C0D628B68E61F4DBF82CA230990CB897C417F7B45F71EFB54B91C3DEA9029B2CBF8E5C7D96B0F293A2F24FD9656A5B5D3958F63F1E6EF375A0F27B73DAD94D7839F93AFC52023F5B76C587E0A4071BEDD1B0C933BE0B23619F3DDB6B6E1A18E6DE852A9B86D8BD4F9548DD2985EBBE7F743B1FEED51869E9E1B73167D8AD5
311
2131BA3D9B331DB42E0A2B709416B3A635B5A7B3FEAA90E33E4FF0855A88CE431D402858DF57AFA02954F69089FE5EE8B72521FFAD5FE5C631F7F15FFA20E599B6FE6B39F457911C0CBC150EA24593084B13DB137072B70132B9D5BEA4CAA60948D70B0CA8C579761B91A3E5E54A04CBC2C81A010B5E63D601A63E1E7D44F2
311
D91E29319DA68E8F2993EEE318C518813F00A28F260077C77E87A8869B7BC76BFA4FCCA448E230252E1857FD244A3A9EB21F972C5BBA2CB7957B9BBDA8BB72AC95A1FA7BEC17F17BBE0E8344827118C1D0B37185044354FBEE1C77435B16A5E9292246390D97E7D87E039CCBF08E9ABD0AE8165D48F94BF8D9E679959A4A08
311
12F5906A5EADAF1047F23A3E4EC8EB7D5C9C2756C413972E7F62EBBB54FBA28030F2BAD535FC1EBADE94CABAE0928CBC702EE140A674A0C72C0A81C9E357879A7BF1844186E54C5A21CAD6F688C17C9A4BD2A35862C8ADC6B4F08DC8369014A98733EBE8D6FE9546E92DE0F772F75FD214176E81DC8FBCB9925C4F2DC50A5C
311
078F7956F2819E0023B66B57C02082104D9D0819A1E3F2C9C779E51FD586CBC71441EC779ABE22F883B919E01CF9F82B1AEFE9F4B78C4DF57D3209CD20AB53B7183963A02D1BCCDCE53F74A28840DE0270540DC67A096AE470FDC989DA6B1DF70641451ED901A4D03F209FF267CBA6E5A7A83F7EE937CA31780632768C0BFB
311
BD9A5EDBDF4DBAD27C10781318EE15233A9C6966DE2DDA98EE8F4CFDD801F7AB335789163B015E19D590C2681EF7CB05AAB0D3FC1B4E1479AB1E8C9692D9B36B1E05ED1216474BAC757991E1CBF66F483884BC4522971132ED429F6ABCECD33F21D9D120270093F56219CBC3548A6014A1BBFB0F3125037096ABA641B53741
311
9809EC47DC4D7DC4A5308F4416E3BEB2F189E9D0E9FA95374231B073B073CA690DB5ABCDBE93C209FD1222D53F845570C8FE232F82547B5633EF9E5E4E01E84A7F956721AB506B6029E6422C93F6A845EA6B081A421F6A823F7280AB661C910662E006DE7FF8E1FC46FDD1884B4EEEED11A945D5F195C23CF3CCDC88CB2651
311
80BCD84703066FBA4E38748AD68DC7E2C793314E6FE1FA584AF7F72141CBA6E69D703AD2B7C038F01B150D5CCCC0A790186A9AA25BDDB82E829D110EB622F6F70A49AFF70913BC9EEB58BAF16BD8DDD911E2283C2BB624F42E7053C6C3020BD6A36D1B3799B18D6ED4D1A1F6A040006395158B3890160D7EC2BEE6E561BCA8
311
BDAE17A7837D1DE58AF793128AC7689323AC4A375F5B77312AC1E21331988782BD0324011890A521DEC5C8937B6FE0166E480C1183F651B806893A0805A01BC1051A98B62B4A13B283BDE6BE763FF62BA2617FEA64E4A5D40C09FF0E267E330AA144B206D55CF96F61B051EF81AC7657539203659B6771B4FC6AB86710139F
311
18F0B641E8682E61EDF4EDD8C38FCD76C14CB6A5EB2E81E7A0242E76A9B49DE8613B7C6603E1A8FC1012193411826CD199231EEF952D1F8B782D79DC452C91BF16E5EBB895B7DD65C8C6616A02BC1DD72E2DF4EECAB3A2B1FDDA1D13F327CA27E0A3AC54341915787054C38A043CB21F3BB4FE831B0550C7E11DF10CD30D88
311
239CA85B615D5DCF5C2DC6F96F595E1D0130E77AFC9162F9EBF3CEA8BE39A7244022BD7395AA18846599F9B60427098F2557081B7445DE007490C27675703ACA25EB447A90AAB443D248EE6C7280182B43F12BE30F4F3A630EDACE16296DFFCA4C2DF2E185C6214F7057143E595D6DDA6EDDA5BED061B2278B1E89342BC67F
311
F6CD0F9AFDB54BE3B1830454961E6FBD4FDECA400F197B30F036FE6F579D7BF7A0F327D1DE138D1A6110F647B8F0D14090652C833920EC5FEF3654A221AAB5EFD6107C1F83E476402A4BA127A6470067E73613944883686F4BC7F096DE530D53C35D938A48EA030B166EAA235E9CA08E5E267F1B8E7CE6FC85C8556C84CC67
311
4CA92FA08D6F3CAD1AE4B7166EFCE207A18C54860AB3EEE8DC5844E7D9F680DFC1CF777891B7E7DE2E6618942045652D5CD2CCC3CAB2876A8EA413B7EA63FBCC27C96045F688D4DBBD55C47A483B608C570539FB7AAE534D2C3F3F4C2CE6F07761FBBCA9272B68976F4C636EDA57041487DC0A92426E43BB5E03A2E73AE31A
311
4849CD04ECC23506A688C98C112A62D6E3755FD897BF09E6F4DEABCEAF661A95D894E82A628B487397DB0EE2D48515B35B007A0E569D6D166AB097DFCD753E0F99D1BC42AF6D6712697A46618E40BD5C46207DE046DA6CE7F1E0C82B863C55B487C1CD3858B7DC7EF7CEBBC7C366E419082505B20728236E7FB1A522872DFD
311
BD2152FA7815D3F47C7A636E99B18BB501F5B3D2E0C08AB66B88029D46CEF12165B2FF73614DD4616A1C62BC45D39FF85B7A2169609B1806BD54F0480560877E542D54C82C870DEF2419C12092E677F7859BD1C6A1136F0B283CDBF85C594DD20AA6C4FF464DC9767EB5BCB776558C42B00048F529159F6D550210BBCFA630
311
B24712B2E8DD1A9BD81BF399C841931045074761E9B432BEA7CEC6F33C05C9D69E701903C39C72A5F9DC27AB8CA9CC7353A5C916C7B17025B1020694B446161FAA10B136ACEDBF77F7E6A58174193EF0E25BA6A269B38994524467FAA36831016FB925571C8F0FD8E0B5FE31F90135A1B168627D3C14B49D9CECDBC7307180
311
A3C9C45BC07F8CB4232201FC040AB1562401EAF5138F1FCB9C7D4ADF1C676AE808658D3E9C715C7F6D289D044BE58B5FC7E18C752B77CF2EB39FAC3FC9B930BB014888E1B7264352052703C5728987FE039EE0107BD5370A850FD94F016F5267825E65EEFA65F0F0D039A47F52E209C9105EFD3DCC329200FAA328A3E2AF3A
311
89F97CA1046D074A595205005B35BE36AA254A37B0FC1E76CD58627951B92E54C1A11CDC50A789779978A5F255197EF4F81B31B431B882B470A38B1C7DBDA514490C29A1897AA98877C234E4CF098D92821B811A024147B9AC78F3A8FA20C9C2D783CFBF11E11D456CDC855573036F4D5D80ADB9680B840A92171EAAA85106
311
E8BDFF16428C7FA90E4DFD4434B418E315DFCB43E6077BE2B5811FF12BF03A4D4032D5A5A1477144DDF1A84B38DDAEC1B1367D4926E623BF48945F2CEAD917BF89E779A95CFD34ECB07C2E317140047914FE96E81338F9CCB664175DB59FECF8EF21E33748BCA908D80E5471C74F3CFFF71810FF320B859D8840A1ED32A300
311
9779AD47116F1E52FDF4D17D4F0CB1748C5BE8A7AD3DF4CE9AA60C4036F69FF4C63FFC2DDED029FC864850D8213AA670B4DE276BE0BA91C259FAB20AECA6C24647B99F3BE1BDB623D826EA7EED06B105660BC0CFF30C106939F110F5E7643D5881FD58D9897EA5037CEFF2D769593F7A6FAC74800539F26D72EC0838F28200
311
4A2183D280633E291A208193C7952213AC64B072E3EC321D5B8DF0A624DAFCE04BE79247A6342F7B38A558AB104C9FC2DC4BEA2681EBD2BADEDED6C7AFC37D863F091092562CBB11ADD155C3AD1E98D8ECD86544A90AA7B67FD2E40430BD652C1EF37AFE79ADF8DB48C8367BA4A7A079208136852D1D85CDAB1A45461E6073
311
5B2AE007AA4F9672AB9418B27EE47FDAB8B6FCC29A44257FE293283A4E05C9791DE98F5B985BCC2201E72040A35CEAC7599696D82173B4DA0178FF88E4559B4FD433EA1942051A20AEC0054412E0B19D406ADCAD2865C5AE483B51B55376A1815761ADC9738754661BD7122B436F7C055F0AD73E0B91AAE56673BC459E2EC3
311
DB3EE24FC5FADC8A85400B201F3AEAD0BF153965DE2F250524C4023F953C23BBCDBD97022E0CCDE994D4FC7D759C4D00AC9EF74B6DE5942B880CDBD5D17C997D9AC9EDF551C870B2AC95E889C35CA2CC0AEE07F289AEF38E3BC7B63418568DBAF3FCB1113C69A89CEF400938817CC5405DA5963EA696065D5FE8A624AEFC10
311
F8D10CA09CF90E15D84E0344889D33AB126B5821955F46F53A2DBFA7EADB0EB56E9B0CFF73BB5F2E7A5419DDF6F951F425973644C637FE7A69876CCF254768107BA9CC00C4A55D7F6CA58F8EA87829C61B866AFE734731B776DF01C01C12E30B59010ED749DE8DBEE265B11C79F4011E0F1EE360212EFE33F8C189F9A6F967
311
9725DE7B4D850CF02944117900B383ECBFC43D7E1A500858A22635EB7A3629EAECFEE9899BFA151383B7C28EC6A49313CD53FC17EFD1521AD9C8BF9E1994A2C12A8F3F4CDBDF37C83B379ED9DC9000BA8EB87FE3E207FD9AF21462EB37F90480EB0466293E6A52C3DF1D72FBD15BD5C2D1F27997E17708CB1AAB68B34E3CBD
311
DCF28879A92F3213B8A27E33C6384D3A258473A31C349B4CD549D5B8E9A8D6129E8502ECC0723E199A55C8FD384915E7D1D98FE30710B412F6DB46F136FF30646C1D401F663A15721919E379125D53D8663D0BF57F2DAF58A191F095536909A660E6FD0E9D49F464A804D0FCB4BDC78FD1ED142A0A22EB9C48BC55BDE31506
311
787FD1BC6A7CF7F31C5723970D4028E442880B13CD1F35BD7F23A318B05AE0BA25EF96D66950E429A652391BC53B097C576EEF887D6FFCC0515BCB0AAC0469882CFF7648ADEEF19DBD5B71CC5A843BDBE4455216493B6AFFF36628B4D8281CE8174932B91A90EE7D273212E20AB07755D35FE2B04DCF4DF7B16BD3B1E4C55D
311
350E5724BC94CFDA3E159F3E2C75E1A7510A5D49451F414685BC7361F9F670B8AAF132A64A6B9447CEF4A784642F2815737F3C5488F748964EC8503355361EDBAFFBA90CDCE4613D5739CAECCC433F9E13A4B01DA9CF83B33FA4563EAB46F19CC3FD074129DD4B6F4545372590810E8D82F46738CF0F44688CD6E7505E842E
311
021A415E49AD8D8A66B9EA63C8E7778A970BB2D440560160C50B049447782BF0AF2C9140FD94CB5F51A12A2B9D1043128FB9C39F1FA5A3B78A04CCEFFD1633F4EED083C138F2226DE3028986DE1DFD63502199276A355AD2764CCE0F5B0EAE4476EE6DCF5116D934A7365F978220BB91A0A2746FAD2A6E703C8DBBE5EDFCCB
311
EFCF530CD5057DA4155391C2FA464D317F2C8B02EBD7A297711610AC02F4D7C0B76590FDF868B2B7601500B234D20803953E6CF339CA77D35016BE05112358F51BFA2223CF0A4DE2DD79F7A29FF8D6DAE1DD8954189706F4C6A256F483AE1C1B7F5E0FE9D1B87B482C81836EDB88FB5D772FE2907FB42E334E9187EAE1F112
311
F60FC716ACE8068B5C7664B9989BCE4D7DB1BA401B503A1C47B0187FC99D205C2472A02502F1AB9D4FD1418CB092E4F229F0ADDD211706573731820C3EE1F65876C1C52AFD0B1AD0DEAEBA3F41CE71A963EC4AD015A6A47E4FA58EBE171AB7D178C72C17D1F965712582960AD8395732B0B3E6ADAF986E3EBCC2CB7B17F2AD
311
B062DAA18061C1592D9DC7C3E42395869DB6CCCE89D8D38F95FDB090811CD66508250054557B1DD18FA6790A76833802ACE1A468F218CA29BA71EA69F33A72D61E7F19818BB675BCF7651D94C9545544AF5E6C624E6B3BE5733E55FA574596DF67AEB43DAAF9C8224A6C0376B1A4866C161A179ABF0BF0217E2BC142C2FF66
311
1DFC6804DCEED607E4C69CB0783B75E4ADD4CAB51DD1928F0AE21FFD6AA9FD5E2BBAE038A3CA58CC5B06BB04910C959885D11F19DF9CCA47E73A8AC5B0B501A3B0D1E21663DD1C5B0ED97184F464DB56D465908F62B07C0F65A6343DF77C0688C402497FE7BBAD8D439D3061D6EE27DACBA4DA801F23E83E515F80F98BFCC8
311
B3D338F9159E481A93F7E33AF673842DAC6BEA4CF32937B7C09794E1FA1673BB07A601FED82753407C607ECFCB101F5C9B360021CA2515A1FE1D444AFE458216400E18C1EA9A2E906A928D5BEAEE3DD5BA9F8B332ED554C00D35363F1C30BEED0BC70B0CB0EAABC8B71DDA8F94E47F7A418BB9B2EF45333FC774985F4FC26C
311
4ABB4E3084703FADF50221B9838CF873BBB33FD83C1AF45391BE2D814FDB4E1B93C1BB1BE4D5B9742C51D97DF00886A113AC1BFFA2B9D319DDF7C34EE479B41D1A0ECC249055863ECD4F13DC275285103375F9895EEA7D3FBD2912343B86395B59331B294F504C9A7D83E5475DE7794DE0DC5B32453CEF96D508667D9AF986
311
E985DC3DF69A968390114557A18CD7804804A1A79C3A5F1758AA4CC88A8891605EB80A328F28324701EAF160E56A5A4F4E26D8533C8CE7CAFF3C4B5DE97D0D6F508A896A27D107B5C3C6DE2FA355C291012A6A7C4289099B9A84802FC67A230A1CD6A99C8348692938D114992F57B1E603148BB30C53EC6D63FC81E84B593B
311
76EFEF2FE08F914EFCB77A4513ACD66FA71D3312AF2B7A0BDDDEBF33AC566443B9349BF9095A3DE1C4C4158B31E13E3F84C7C64BCCA4315A462C46EE173D63C0244FA87122F495089C45B9D5BF81547E15FDD7F1D322905C5C1D4ABA2A27EF3A58C547D2C4E8360343CFF451E0534096165913026B226B6EF2DE3FC8759C69
311
45DE0C85DFFA6CCFF83CE9AFE0F6A6B846772C780C91E4EE056020C61A2527DA5BF082129DE6524A27386132475778F07FD53466765BFE3DA5A31259BF7CBF2AC7B8188248A99EE4E61781CAFACA205B1034BAF3E1B7BC8BF1FB5EC230F81D620EF8F4E310B04F0BB2B98C9E7C8EA515FF0FA21F9C7847116ED5C5FAC58858
311
2CB1B1588A4A9665F9D7F3AA04FC37E11E727BC45F68AB01C0679FDE3BB304C46879A76D3F325C93210B6B3E49E6F68E797A5721060FDAD626257F11E1B210A8A35DC6502E32AD4CB885C7C5C10D3E72C77DF614D306CA04F4FE8E35C7ABD011B107E2AB7B99157E1BBD6F6A03943F9970C5E90FF8969D66502605109D26AB
311
EBA9E6EAC37564CF416BAB3D8ED10D1F19B8136B529C20E14C79E7A388968DFF02B81E4B0923A2DE02E5DFCE6CFD02B796C645E174C40578E1E73AA2482EE699924DD609539E19846CFE5533059AC1819378D2A919B4069A08E4B02D10C1CBFF9E19A525BFBD5DAD5DB7160B394E1D927FF17239DAE2F3FD881668950FAF0D
311
C21DD309F4A1F216743F10A59960D9696D1C287309A264052A2EC7D35984D84DC1845E7CB99B4E63D64E552C9C9CBE8C3D714814885357CB31F8D38CCEF4CF87B9EA62808233526F4871641944D6F8DB0EADF696A269B57990473EBDFBB8D104E86B36AEE8550B3E4751C52411DCD97C5A3A00635B941E6ECF9C64C88F497D
311
731AB6920B664836BEA2CFDBAB55B50CCDAA16A5684512729B4765093186E21ABA654FF9E3A6398E78B8A084308B3499FC8D9E97A29158D7C5610905B578C1CA80C54FC002FC6778DC47A97AD25A5C32B5BE49DB4ADA175AB02AF54107A537516CAE8EF87FBF20A9C684719808ABBA1FCFD276B6C25570C603198ADE0FCE28
311
F3F497E6F4C2F198D289D66B67403C5BF9901B28E852E01298A6AD95E747B37B3CCAD6AE873E14914C22A641283933E1F2E54FC7BE5A65266C4A60ABD8373A601C8AB321D4B89C392E9F1CB52CB4DD85E63341B6E5F2BD9B225181A72692CD0A9869EA1DD80EDE2360E96109849672DF4F7E1AB67CC17D17319C4FE8544269
311
8CE3CAA36F44445555D556CF41BE9DA3083D79F7EEE10D0DE22D0A5B7A9900786304EB16D796F98327BCF7031A4170C7F265438E4FA1F627A18F22A033606211F5D890E7966A79D2BF261BAF7C73ADCFD7C3F42862BCA6FE055DB137C17F1207F2E78DC21B3555A00A750C207E8F824C7295513E3F86648B36E3DFBEC027D7
311
6A3F5E2C5BDECB17C5D243408336CFCD0CC4B2D967AE1706CAC0CFF99CCE506F5D861C4AFE632EAA12AF97BD646D0313BD9F16A9FE7864DB4112A5B54615C181DB2911A0C087366CEBC7F9A73E1A24584D6B28A8A7DE8CEF700BF376F876788521A8A2041621A8AB650158E921897B03A405502E8F04CEA08530835D2F753F
311
621B25DE74FC738C19135885AB559E818E08AF87CE972ADE1FE0967C030C823788CDAAA401C3614844A48E0626AEA06CEFB4984447E42A35DAA69D98ECF8999B59554CE946DE6C05807979258EFDE1A39C3A2B20EC85F54E1B1028CF6D36CD58B8B80BD21244E0F7ECA8A438F4F0B4685F11F1C631BF6D06C8E1AFD98D5212
311
4AD230D2FC4B03E4893FF336D9AA9B3F5664FB391F8E26D03688C704C5BCA60B204BC089262F138B8CFCF9EB417065E34D0410447EE3AA18F4D651FE3101AE1E9AA36046C5B82C92AC2A81695DF2FA906E3428D42A7A479F198718808F26960B2FAE99F280586B3C6A4BFE5754AF265A1920694D39BAC1F232CA57969B1D30
311
FA252B9254433715A67F2B8ABF0C8820DD72F04B531A41BADBA1D53BC16ED6D7F6FDB97E9478F19D3E8F821FB64B9713EA7B88082206F6CB9E77DC9C58294172DDFC5BE28ED49BBB081BF475E24F0C6DE7A917F5BC5B88CB6E092048D23F16CEBEC60D7511638639D767407F3E861781A11EFB7F01D735DA12BB2CAA9A3040
311
9DECC3F42520A6401907057C1BEE5B6396114FF813CF9A2A386CCBAE48B1F819E7AE90574EBCE8E73921B8C0689712024BFE19D8376C1A25B5C2B9DEEEE5E5B79B0727A23FB3BAE0A6419322BBFFA8E729B04A98BDFE9D3C25984F428CBCEBFB37667D9783F1467335352C795548EAB90FBE647186E2BF8D726444B6F15F23
311
DB0055E856189E87F390CCFF730100A38FE822BAE251A9722B46406FBB923EF502100C53946A979EE6F3C2E5F0C2D26B5C54017F44B99103CBF1D31D00026D5DF21C47072E0BF6F74B1C929CC9BD1E441F8842E36649322943F87A472EA3AA81E5E9737A73C1317324DF4836B8261DAAF5BEF0ABD6E1FAA1DF8D2D827B113F
311
8B6451FC0521F5B5FE8DF17B8D884F5A422FA3DB61082B152A714F5F641A00879C38532A6C7BCC8A1C2DCE5260E5D67427D1A25F372012DAC1E2F0F8B384918971F80EF3CA243311F7E3F8C1EC75BAF87448936474CBAD9ED424FF7B25FA6E2B7D4E45F2D8374046961D2142460BFD56C122348177CB7AAC1F80600B492476
311
906EB1345796E2E574073DE4050215B87FDD57B1DD914321B79A38999CC5DF47A79335A6D9D65084BD3C775826A713023812AED59AED0D3F2E9517601DF02565755BA4D8C0B2F73DCAC52457059DA3C97E81D757A5E0D5DF7D8B6CC38713A941CA7F5B4919CA03B29C31127ED56767EF74C87BF249D7A9EF97C3635E46DE81
311
B71C27ADA00AE6B55A2EB605EAF4B8F4147F974DBCC4DFB745FEA7137E87740558C1D8912FC0D04FAE2815C5B4136AA0E83F31853DE19FF176037AD874E51EC2B9B4BAD1DDDBEFD6BB0560F2F7601C1F6E691545D7602C153D86E01B734BC45ED5F72775EDF75838AEC369CA0174F14B9BAD9AA6B62A46A217C0C8BCA77050
311
B90EC56955DEC5B96DBB157A6126EE8F87432DF93C8FA999366AE9D7EFDF0F39324653DE9BCD76270A0480BEC7FE383E2C67526D35470EE03DE8189E219815D0B4EA715194625698DCF53AA6DC3B924D6D349F6D584B8D06D4A89EA778B81C6EB604726482645B00FB0E54EF0172AACFD72ADEBDBB217C2DBA9A82DF3994EF
311
A589EFFA905087A75904A5795134238103D89E3E53BD8BFE1BF1D086B1A6C3A4A46421F83BFF945D902C865481A1C807A84C4085C7F4AB0FD56382A055281E7094548A08360038D5240463DFF13C58FFC7E01FA6BF35DB26108E973DB11DB35B679A3A5084F427CD8F587DF9AAE1472484ED6E0D43C6FC7981DF0B7B06540F
311
3943E9BBE84805ABB04DA5B313101F46005FB1794EBC6565FAD85A152E8D7E8D9C09D9FABAEE722458FFDD144B421CC8880F592C7B594BA220252DFF7876B75653CAF0EA6AAA2C5FA18C0C849655E553A144C776BC9E6AF71234C3C93F61F324C10D5C212DBA6CAAE9AC88DF069753E540C824BD8977CBEB1C017F888189D6
311
FAF3A243F9F5A99222CC33468F8E941DDB49A91C010E1AE5F5D1E5EADADD050AAFA5BEDB67386367C1DE80AA35400C68B09F590BACB09BFD850CA28BE0E4F1420B15F2ECF245F0AC6C1EE5293C5CACEACA94008ADD1CF42772AB9A1162FF6D1D79155E12DCD5EEBE3B3593897B79D301232339D8E5A4272999FE1AD5F9EE66
311
F926351AAB72142211597012C98F966BD9F88B25AC00F8C69EB2F95E46D49BC4C47ED0D1AD443F9586032E1528F247666C1C91573F91DD110FE020C9ED3FAE3EECA297CD3F2E1A7A0BA288D6A7E90C983282DBE1E7E97F838BD1A980F4134EF6ED9BD76B1F7018278B85DC0EF309DBF0BB79BBDEE4B405590EB3BD0090E52F
311
E9F8149D28427B77B29D0B606A1A52CB6373730224EB3E426DB02B17865401EAA3F963B756DE436AC136009047F13ABC56166D7AC701883C0E95FC72A89A1050741526A6D52432CE9B7BB2A2E68496E4FF077F8C9C8FC0ED6C5903E70361316C7FD8C65EF0EB3343F6DEF4896FADA6CED83A8F4424A34441AACC741C1E7F7A
311
1704E90AB9A168C24E992DC0052BCB5BE57C96C83CFF3A1DA27883DE83B803F137A4168A0D68077DC803186C8194015E2BF4235399D33356F4A460B068317C2FAD24397DA39084A055A2B38DA57F1D9D40E7781EC0C7002C1458DBF9E15714CF9BF05FE1DDB7FE8B57536C4A405CFB33DFC1892D6AED1516E5988351C8875A
311
B0D29B41CF68E6AA6632062CED1194B797E77B948BCF4A370DED96C468D3393F4D8A1A833150CCE567F9FD1A89DA0848059ADA84478B06D13CB087C7A2B95C1DE8E1FF16FD96187EC7B0CD2E25ED551AC7492FB870685DFEC4D0292E588AA17946E4F585D0A0AAE144FE4E723778E257518D648B58D2028F45485B9567A38F
311
0A8CD8FBA9C798D8323581C1DEC3C9E7483F2A1DE45E043F59D69E2871FEA147B8F756D6288C706CFEEF9D56608E59FB2730164086C6C91F39670772B7A9DCE9FB7C5807F06F2DF573A3986D7B81AC4F88E08C2CE58FA4DE01DF02FEA020081CA56A60F1C307664EBE932F2ECE9719CF0FD5024869B17874C46635997D378E
311
B5F0C49F33675A1C135600A8025F1F019D7232DAB67B7929DF0311BF9675FA55234AB8FEE45B031A1E5F49B8832473245E2DC5FF0972430B457C00A28097B3E2FB00DDCB55C12D8195CFE102F988515B8846183B62594F42281B498B80A3043598CD96D321F57F839FD81A40F241F38E5535B92CA7EA36F4E985D32C6411D0
311
3135BCE5746B3B628314032588C8AD8DD97CCCA231E31F2535E657920C82F000F6B7DECF4530AFD1C286FAF96CEC506E601F093E8B06AB0DC00A4B4426C244F6BA9D871B68077A8A9106FA45867DA22E06B99E29BCDC9E1D4103E51FC942EB15C173ABA97C40C2DEAE2772DE147D4B3D24EE0CB82BE41703D03050C5CC9380
311
D1343FE4729CE569D27AB4DF5AA87381D1E3788D28E5AD98116615FC5E598CB0B9C30B450819E83452097A99AC36F41F26C40DE3031CE35C3E98E2AC23D8EA2393C8F44714648005001A5765D0A78896FAA297DE004EFD7F3D967924B54BCC010AFEF6C2E08EA8C4C458923106F9208FBB9B7677606E14BA73032845B0E083
311
DB9AD59A0F82A53ED65E444ADBCEEBC4FC9C8784344638DAF8C9B31CB8933C559052551286F4A34D1059181C194474E410B303A8FACD8C4242F8884208FA13E83F19170EEC3653227D4508A306FC509E7254E3C6F1FC6EFF7E55F97D403BCFBB2779C58FCC47DC542ECC7A3E8F5FC170612360BC57E914A1C878E2655CA9DC
311
F0CFB6CB5D1A4FBB47D9AB5ECDBC7BD090DAD9F5BE900EDF92BCF6ABA75BC78C362D9500DF02F959CA89AF632966CE0C4A35CDFBF808209DF68AC4FAE7096914F97BCC9CFA44992158A10309243500170B4AD407288653DD3A5737F6E53FD1982B787492B625341AEE844F0DC3126CCD93E42396DCC1629A435CBE2F94CEF0
311
2A11FFF8398ED10C88D5D57097E16CFAD1144A47B32FB3A129494CA6283916002EF704CA15B0BC2CF80A740AE16BB7DE934DAEB9C4257CC4F5E1B600E8C4C9CF97A3A38EDA5EE2E40A94BA5435C108980DD209D6B7854EF8ECE78CC9F020B371E0AA922C5718A3424156008CD203387843F82359FF166AA35BBDDCBCAAD46D
311
D6380B06CA52D3FDB82E36EB564F6AFAD720A4044C8C76A4601745050819A397631909191177E1EFCC90EC9DADD88434B48D89E6A9A4A8F78BF4910809AAA5EE1FECC19789386D0052887D970D15FFDA6792A64BA7E0395FD9B1671E446AD1F32ACA1F7AD4F317BA8E2A47E709EB7DA24B243B23D178218E4FE8C8C80721A5
311
0B82B59D3053D9274BD60AA9380066713407242C26FF180C5340FD0737039558E38113204DE8EF6D92A8FE5FAB4C1B4A412EB7D14AA028052CC95B0E82D41054B0A21B00BEECFD5FB50902E202174D711898AA47A6CF7F948ADBCF642ADEE8D13438E3594EF9CD7324CE7A24A169EF63C1115D60A5479EA404CF50EC3981B8
311
0B14C3773901D591019E67AC349A227C8A2CA2DD30DDC28CE280E673E273AEB7E8DCAAE57F318E42F05B123D820F6F9359A7BFB6E210732FC702D719C4F3F15321CFB62BF1B5C1AB97082907F06096F57F8AB1C9F05857F4285722EEF7B97021FC362193AAEF292A5EF5E38F89BD216A8CCC000E6CE4E1C6F5ABCB2280141B
311
0B1C5BD9916036FB18B9D9065273681981A9A8C469469112B8E8B3BFEA380290328094FE534AB846D8A29027D4567011C48D3ADE75C7036D08657E010AAB0E740512F9FC3A08C107E7030C1E5A6ED2DF657D6547BEE51156CB8244136EA668F8DC1325DF1C716AF3E1910B3E311B4DFD818274D03010890C9CBC5D0614BD6C
311
008A804DFF1C2CDC8A65B37CCE1F0F726C60E04112385121EEF377AD9D44B949D8C5E1B9285F9C4FDFA990ED8D4FE9D927B12FDB4C6F39E49943BE6D9CE5FD19AF7264AE87034897C59CBE88358E6CFC64A3F25AD87FF4E08AEFF2C26F2E2F7D58AC367890AF3BEC42088BFE498A79BC6CD57197BEA4AA384A4B16480AE945
311
C4DFA4032097C4360CC28C4FA071C6C24F81CA135BC865490A1A8138E102775C10189B6E65F70951FA2B31A2F3EEC54E0260B25584DC7A790F1803901A498064527C017C12CAE4F44E915460FEDED2750EE7B0E2F47A338A1017DD6EE6DB3EFBF09BC5669C7FDE36C9BC068F096BF3EB0077A448455F4C43D081DD5B942B90
311
D5B6CA6179F537CDBD08DD6B3D9AF8EA0AE10106552974F6B33B166E932DC5C78827C054CDA55F348E5BE482D90FE1F8679219610670A62A07C515D063AA88D31550681CC93AAF8531008AAD2411F2EC8D5D88FB8C34B6D8976F8EEA237479C334E0FFFDEC4D26E5724CD826EC0F177E04187F919A1740704AEBDA46B21C1D
311
EEB22FE09822AB591891F84BE65C453E1F1F1E4CF4404B474C3CC2ACBB8812021EDD342440BE81C24BC8BAB4DF86A7DDE323A5B0517DAF75854E4DEF8BA809C1215B221C1648C8320D10351AF08F75C00D400320587663F24FD3D86D7BD12AA811C2FDC0EA888982D457B1E109CB75CBA8682D904AA4B171B0ECA9FBB106D0
311
FCCC0CB5DB615CDD9A810015631606C11C94A1774C4928CC4F3A5FCB4E55117C2552CE00A119402073C67D1545841EE67A8C993AF52B0E786BC60EF4C6BDA73D29B2FF8106FBDC0DBD1F96F332991413141FA241EB1445DE5B7290BE94BAD00BA7E0A80E06CADEB05FAD0080E1E7E089647B2413D0940157F02838590C4786
311
D032C21EDDC3B6D3E4F11DD5DCF751BA245C438D5D2D14CD944DDFE18DCBCA572800D3E1BA7BF1588E4C1D2F2818BB13BE95D78E92923C052ECB34D8095308DD0D72C38997477F92ABA02A5D2CE4E510B2489BAD59BB9891CC57367C5B11F87BC98B14DCAF1B43B80FD3095889B5F1C88118044277790047317CA5365089A5
311
F8FB8B4177EE20475D3D48D0ADC00F4139CCC6D39BB6EB95EED84EC5B711384A94CEC1FA804AAD2A9A5BA32BC56B4438C8F63212B807A2C5D19017C2459DCC56D8A182D0D3074C4540F59693982B1652305AC40F24FFA454BAA170CD20F071FC29CB09B0C641F15518122B081A93F354A66215416CF6E22AE9F9843BB05EAC
311
41763CED710CEEC5DEC633085816D1C1BC00AA5B97341AB058A1B78D4591ED1F75ECC712DA99469E847F5250452A0177CC634089F268010427801A2B2F840F802EAFAFCFADDCD76BFEC85EF03662657D5CBBE452FCD654BAAA64137529FF62F2C75F324BEBBC7C0A3C554DD9E58B066525C19F607762250A3403DBAA78CBEC
311
AB5E349A219EE8071B122EDF36B84E6A926EF7E93F820FD4F145EF44401BFE01D504C02C3F722FF715EB95F01D7E3861A4D34987155A6D499E085786424BD08C1AF55726BCE24F73B7A54220110EA3EFC70840D31DD49EA26C23B4B73158830EF1FCD473C4C859729963166CF8A10575BF33B01A31209C3277A86C2842CF6E
311
1C05EF3CE200FFBA898A6C03BCFEF07E9217A2BC0C1C445D62D7130B535078EF03F5CE85D81040DAD3DFA8C888F573E8E9875B4DDFD77869A87C1DC3B20AE82A337EAA8D7E996578889F6F922EF666048BE0B68AC0FB6490B824641693D0C95B8E1BF98120106716870F336402E486234E29C423CC7AA3E739EA40F9E66FC9
311
FD5294F0173F76255AC101AC8EE88684E76E17EE72FC316CD8B8BF427CACD2FC35D847CC5B872A40A80FE562ACC12AE951B24FF4C883D3D409D53C022D8CF797D301C8803BA7D084FB5004B8FEE2CC7277C91562568571AA323FFD8BA611EE238B9C6F03D803C65C8632B044DFA15B4A3621105BB123521C7C74DC51BA0A9B
311
B777C2D50BED5C362667DD8A52300D05C4EA046DD68CF7A798F32D1004948298C3D0E29801DDA34D2CDBD52D384CEBB3D15D9B692BF19DD745C72B96EEB67D883DF0FC3C59EFC00DE81C5AFC504718C2C3E537BCF5F9C81E2C868884CCF3B90F019A46709A45DFE2FD8DE6CF5C0EDF7642EBD62284526915198A653A238BF0
311
49CDD9A33B5A842CE09F76612A7CE811715E9AEFD9C8685D11DD0F5F1055AC64515E18824EA5EEA8F51441F207AC68DAD281B81C6292AEAD590840F85BB49F9A0D331F9BF83937C43BE4C7B44E517ECB0DFEEEB45D7954DE913DB929F0BC3933B22F6B764910C65706E48602C5379FE509A5D9E9B1169E7C8A328287A4FE28
311
FA204B426CF51D26AE317AF4EC563C4A44E691FEA57A1FAF09E917BF02ACE2D13579562635DF9DE25B30E022E21AA947027F25C2414382488AD4E63A5C03EE33877B5F80299699D690998C471EC5A975D87FBA8D2BAE591BC414E97D971D8DB5AD74F8BA001C7930DD32811CF49E7ADA894A15CB1CA383AAA48AE35DA1F8B8
311
1A12BAFF5B82315DF71F49608463A2C3A59523FDA5B5452A25472A68A41041FD1770968FE026788F8D08AE408BB7126D0DE1105D9383128953E55DA400EC5C52F028BC6C46D4BD7C7DB0AF18BD8897AA3C3B9FB2280DCC8EDD11FFCEFC24CAB451FB6BAC36486704668B2BA22CDB83AC0271C31628B252B3C257D481F566A7
311
E9FAFF91BF5D36599E754CE954978B658D30F208A1E74BAEB40CCBC8E7F84E912BD4643C942803C4C26AD452D481B16DFFDD059663B1F2DC7618577EE01BC00FE4C01D1873130B42152C15B098C772E55077B9CA099E296B767317D82CFB499A68E3A5512DE30E6D666987D7238E01DCF87CBF809428960495185B4F24B31B
311
A5BFBF6E6F9FC971FBE719378BF226A876DCC594B427EB47A197C49104003199D881D68CBFC88AFE81911B0F6DDED4BB1717247F95DA7BA162E4D88C111DAEBCD01FCD01B0CB00BD6412CEC48B66E8A521D0732F4BACA329B79956105C00876F468340ED26710BDF5DD6CE373E0F54930626D41F11B494E09EEEE53728100B
311
64D6004E50D31F3BBF8492B323815D614772649FA238EB831CD6984A059E111E91ACE95DBE4E7BCC942939C401EB77B824A5CEDFE4E2464633138071E31468717A80F6B8A2D7B6D779F90F758D23790ABD2987E307010AAA4FCFBBA181BD65418EDCEB9D9F33C9840E044DC9D705091E6F7CCF7393168063390E4E1D4881E1
311
ABB41898048684068BE50997F4EF6B4445C887943CC26D118ACA6A75C10C11BD9FB25B8670C6B5BC29818BA1214E2C76AC70B2AF21D492887BC5D0E033BB8788DBB9F093F1DE7FD866C5BB9C9023E0F98377C4B051001DAFE49B0725D07855247021E7D8C6FD3D70335AE8A61AFD1277CB09C65306F4AA0271BD9DBEB572CE
311
7A93E68F77FF988C4C040B36119940BA4F9B1CEC7D146250E9CD411A1649B2512527379AD9E10986B27621AFE05083853EC2DC7A609801E05231E4CF120A1D27B30C482BF0A4C89CC4BF204E390CCBBF56B8C599F1906F47366860C6691AFD6EB680F5F8B2452A89E9BF579FCE845F1B8170A51EDEE6371182AD5A421E0B03
311
AC9685B99E54FA3CB21ED2589E1B00E9E0AD6E5ACF80D7B1EE91F3E4B625C4F8FAE067DF5E757DFC3D7C58771A28399F982794D0789BAC26D2108701FF738DA63F020B3E93FEF0E665A842AF9719F817718FDA83FA753AC1A06565E59FE6E08BCBB99545EAA83B9AF2F0759E6777F77A566D4C60440C20EFBBE46CA8D9BB4B
311
032950E0F2DBC6CFC1DE0F1BD3E89CA2E9F7364EADA773CFF756D308DF6855BD4E490D4F938789516898DDA0562DEC58B18F4E942097B32B6D036C78C4C48AAA7462EFF1B0CAFD6C043F5131CFAA9A67DE5CBDC21DACBC2269FE720905A76E453F74C8E4E91D84A1CFB9EE15A5BA7DDCFEF2578171D8F993426B482AC12F52
311
5D25E6E54AC6821EFE717624EFFC67F020459A579E8144BE4D8C4412B5BE21D0656639CD8E76216D2EFA49D21D3ABD37CAD84986B4904210B21461065FC9D9164107B6CCD530A461F8F300ABA34871C0E2EC468C1FA3D3E84F64EDFE034C612FE516CCD0DC9A4ECEBA6C84E662EA91BBE37C2BF934FA624E4857038A7A8031
311
2D6FD442B7A3FDC788E02540567A3C82AA54EBE40CCA88BFDE3D63A56F13C1A9D88B42561A16EF8CD1FFF49E380F8F323B9E97656B3A0E62E1FA2272EC7CD998A489016BCEB6F7D461406A5B3017BC46933BCEE13173DD076F81E58E5B8DF0D3EAC1189213B63B3E2362479AD6E7DE0F02BC16C28B5E69F617E3360FA4E049
311
B95E85BFCD614280C84E7F30312168C4F097BC7FC62C818EBB8A52AA54A01CA360F3FD4EE96D2B2ED9DF4C0D50C11EFBF631ED318909F9ED2989377444592A6A46163B4E3EA7112424849579485D19DE9688CF17F2A94EDF6A62163C6E4E133C2253505598744B94E3B853A723EC67BE66661605A44AD92E22963DC678701E
311
BCC49CE266EADA99C608A4EA698D0BDB46EDB5D19DC41A102D345F0431F1828D4DD0F1D9B42DE4745A55F9086405E7F0A4788AD0EBE2D615259931AF0F1BDAF04F229A01774E14E0707FBA90EAC550642FF1094B533EFE998800D49AC1FE136CE75B6A71C884DD6B8665B7AA841986A839D858449F749C3233EEFFFE522FC3
311
295F65C8F2C20C0B18F9875F6F60D61A19E9E00EB80D377AF4933D02181428A70407E54921B14EFF50FEA4C857A33966DE2FCC3FA0D20FFED50A65AD221C80F2660D3EAE7485DDA90CF2375867DC65BC382001F4672E39FF16B203174BB77AD04DAAD731BB75271482AFD06F0B7FB47257E5095466EEE9F9D8A22C82210DFF
311
6E38729DA8BB7A5BED7F5DFCE42D0C8A37C6FC86130DCCFC63AA0DBE1D18C9EDD63A8866DDD8E46059DBF84C6D1BB2D165BC0EF9C0E241461F15D4BB473643C810C550262BC57A3AD7C9226ECE19856868189DE75ABEBA40D8FD7A7C9998B5FCF63C58779320DEA5A80BEC5FF0F01CF35541B9ED62FFDC2CB35F9580E6524A
311
FECB5A786278C2E11F27466A35A7870F101CE7F6538BC83F0AD716F3A1B1305200A8534A3180E842DFF8A9520A394CB0F874223A1E8A7F691BACA3005B8D00F41384747694E636D169B330D9A4F32FBF8E22AC8B2325A9A54B3D5A16282211F8C8EE9144E8C4B82C057015FADBF8F4D948BA3A19C8A880FC67000AF91FD818
311
634A0E428477CA9BB5E94C0624D5677CCC31CD96DDF1CBBCEF7932D00BE89174C6673EE49D5665957F7DFCAF1CBB10E02DF30A0BF224FF43A9FA59909AA03666595CA890E2C83C68E39DA9CD3A1BFE025758204EAF91E6B5223FEDEB34E67870EEB0ED595B9F231655D011D5AD9E2E537CBB1967BBDE54E1BF35903A94D294
311
69B6DC29A1E5DADC79AD18D2E7B59707112AB449BCC905C8DBEF1B0B2D9A0E6A750DDA702AFEC72DD2046D098707434535F2E0803BF346F1E2E1F754B897F82D5F74EA2429874F61E49756D60DA72055C2FA243029C888DDAAE95ECB90ECBB9244066D7915605BD9E8FDA8E124DBBA8ABA2691D03A0EA85351A5631467F7EC
311
384A5367BDE222E8D2FB94EDD3AFA80021B618ABA1169687F4092EE85D0ACDC5E8CFAC2485CFEA331EC9BD3AEB3ABF3BD45266B19C78526A7ECB0D4B236179172B8C83E715FB8E8B7A1A308A38088A888BDB1B31EA14427A34577A8DCCC8887A887E82C125B18190F86856A3059149381CF18EC5089B499F098128BEB23FB9
311
840A4900CC94E76FB01656E1E3215A5385F144604A9E57F4848A35A301199BE56CD7ADB334F1C42137928476CC6E90DCB5E2F14182EBF017152633E89787E86FC0C1090C54E31A1EB299A04D8CB897A78AA0AE333A483B276A9A7CE7784909A4BBF415DF157C874E3CFA9EFAD5F731E295C7F6D8134078FC49FB9303105E06
311
99B2B7883AB0A920B5294E1E40F2C2F4D9B30DAA43BB8892EA1633C294FB5C01BB086B1D6FBBE7608FFA976FFAD6D80A9F5628EA867099D8714D0C283872AD71743752B824300D31C5FFBABBA7E6C18500D263717EBCE86D946918DF065472652F8552E2842DEFBFEB3C5FA9C6BDE1A245926895E5FF52FF709BDD7A5DC203
311
7C557F3AF6441028359F212077D1FEA230A2268203DBF66419F2057E3F6DABFEB80A07EF1C11C81ABA97053532243573EC4F2C08A6515E0C61E83360015157C5C4289E916A0D4A63ADB96A7B8ECA07DE88FE766960DB0D881524D94A5B146788BD53AF3010CC3895DF57F2B3B1A2FAB5F3B757DBFA2828DC729996CD846891
311
E44AF2F2EE7B089A580592563CA6456B820B135B3E7132A0BA351D050EE3DD18E107C2193F282AF1D9046E8CFDC763E2C15F66B1DAAD4BCE36D15AEA5D7F768709ECCB5B53B8C724C6817759DD455217AFD95682479069D455649DE8438E2F5C564B4C7AF9B20DB9DA14F6F681212DB527067C334FFCAAA6399EF8652C2FED
311
F5127E285A73A0C0B6F1E7AB71906EA41E1C3F82C355C87C1378104758353E40E7F327C3AAAFEEAF32666C4F689CEBD7F1E25622CDD00CB5083616C5C8F85F21AA904F86CDCFB5E818D72948895E14F31F4512ABB0B453D0AF708B02F3BF6B1DDCA19FCEC5D9A81012B86E750D9E6B3CBC70FB9E63F77E9F9618F6126BA13D
311
EDD0402CAFC07BA1075DC30B5D9ABD9758EB70EC1546BEE6F2363E0D27BC6267605F8D3DBB107A1958346DF98376EBD9C32310E4F217EFB0420007F14253A7F9DB41062DE8D811593F80B2E03F1BD4B8A10D9926278BAFB0E96E44C128698F7C67DB555238048A3D4460D5FCB23EF8EB86A3AB142C9A1F5CA5AEF5C9FB08FE
311
641FFED94EDB603BBC084E09D2357D318A1BB2C4B2FBEA8ACE56BDE722F9C76DCF75AF14F2A6694050CAE6C4C83B981B13A1721171AE7837FDD44E13E67E5D5A292047923D5CF3EABEFFDF6D07D84603A736F09114782A9534D7C89C5D0D16F94DACE912DFF33441505E4A857AB5447C719CBF9B415A2C916C841374A7FA12
311
5DE14BFC5ADAD4EDAC6E636EE9FD80C080E301510C690AA8B2DDD1F107E3F6D5EF09251A6F2252E14BF4A881FA038B7CB3039A24F495AF9C55EED1134813DD1CB36CD41A5D6838ADED3B9C331CF90C1545F8D1C23BDE915CDF77AD9B9536CDBED135A5287616D0E3C07B0EE274E37CB25B023114E34AB4B14DC8D541E2630B
311
7DB214ECCF464292A8A35DD22328981B8F1370CCC1FB979E0EE94483FBF2115318ECB26C3C295A250FFDE42BDF858E9F4F0B9DD7219B9452907E600B340636F846F9AED2EE0220FD723A3F38B5551F4D17FE327467491637C8F56C7A05CDEB0BD080E9C249735FA8FAC08835F023D23BE128A403ED7C557E253A25C326FC45
311
DE6D8810DCC1F950ED22F55B641A73230D1BEB330DAC6BD5C02E0DF48B0CEAD1B80E35353B00000FFDDF1901A4EC0DCB3F0827E5752BD7997FC1A9A042C043E12EE77C8991F7D3C41CAD07ED98556679260B9B56DBBB4A2A47EA2F7ACA17223F04112EE1E61593CD75F5E440D090C2DBD87B9FBDCF51B8C5CCA7EA7400DBD1
311
112BB7C7E917DEDBD14F867B3E6F0A3CD51BD4AE7E016701AD39BE112F63AD4AA7E950BE7C8D4023E880645379F9CF693A5089C7E22DE8BD62C3903FEA6A51B30E6778040D4A6478ABE3D64D9F9A9597498E15D8D5F7227723E8E46C5C2B7B4C610AD2F722F9BC7B6DD76D97117C8305D885A693EB52413EEB5FBE94F6BCB8
311
9E15BE11D247AC13243394C00F6C79097815EC3D2CEE514BA5CA152D817771D41522FA98D64A5B0D00FC3D971AFC148A836823A5989E16D2C2BDF48BCFDCEE217BF7477A4D26949DF12CD665C34AE70762FBB7D27027CA8FF9F53093C81F76E9FF2ADF6E463683B5AC30A0CAEE24BDDEF68BEDC3CE6E86ED78E406188BD57D
311
85837DE9AB0870F9AF3A061FF03C9CC8D502645D892B9A4E0D6720888C23039B86B41FF65B50219FEDE8FCFB49DE8CB49DFA90E043517EFB58A7D0F820A42314690C9D537C0DE6EED62705FD676D621D464D890C8BE4C57E088D4E20C4CF3E4BB816CD1C71F071E95615FA00BB676921191BDE02AC865F746F70984987BCF9
311
B4DABE42004EF99072D230258FC838E0DE37FD333A0CF4B30ABD406041A87E256FCCBA09EE25E0ECF3A6A0F52FC8CC0A1BBBB12B89AC964B15DE44F87D3FBDE952E05AD2A669C563693DB5C7FFF093C0BF3E52001A695EDBAD89B1C3F0B52BC55835B833CD89DF10F424C609069D12CBAB9E983F40A0DC7F6396B9D6C41987
311
927593F57A937576BC1EB6565EDFEA4C70FADD6C5057EF165F4EE707E623061E3B7663DE1DE88701F7260E23896CB0F89F0A67A9A97E0218F271617AE8D018716F7889A26A6A38F58555E8815BC443E3D2D5EF1724E7609CDFE5A2AB984FA25468B0E30FC02B58145CC9D2E93DC987A7BF8FBDBF51513F13A581F4C93495D6
311
76698F002B2B39E6A30B92D9F85AFEDBC6A5F7275A22D90E4F6D9738AA5F21E8BDA3A306B9257388A3A04723D260E221DB9E0C4A9290B4C88776DEC08808D69A5D70D45F23D8AA90F5C57F46A9FFD5BF6E3DEE270D6D9693B9A695613732FFDDCC45CBC3DD61D33590367B70BA4D8E93A23B4FD108179A2FE3EAED083B5962
311
A39CAA17A21923F516822B63BDF39FBF13422CE6881C0F7976DCAF00F11F52CB1089AD8B0AFD87079678561192113C9F8E24F25B5EA309A4947EDB60C1C6125413E7BCFF259C9D3D554128310C1FAA91FA2E7D1D04D87E9751D17E6D4500C1198E8CA1262B59E80AB8EDF43D93F10AB9F92F40074B210FC10A77F793037517
311
2E8732768AE9F71261C0C1645D476BE563B47195356733842273534565C65D884A40197CD9BE1A96B282C533B0D10CEFFD0153EE10426F57DFDC7049FE973D1411918D46A74AF2502BFF47896F667205184029C5B664814326277F6B24636D83B7C7D2BE30692CBC8E5E7667545A4E48708DE5CD38C5DB67AFFAF0445EB257
311
70F8999201C82BE47027A0E5DF9FC3D0875885DB6DBDF0C08D93F2A2CC1A4C65693AF48DF075728490342ACA8CA0D71B5460EF8EC608EF219FF79E445FDE4364BC5FEDD1EFDBCEAB2F816BD9D80889B76E19962A7986710F113C730C88A226B822FF537AE124BF773252633E045CF20CF5001B5EA6E607241240400C21BEC4
311
98A800EA6D5D6F9783AADBF06A23066CE22D7FE2F94CBFF3B27D8AD372DC7DD10285DE7690841D4532B7E0E3F79A7352C4787C1593F7C911FDA3D203D227CE96AAE804115DA25528ACAAFBAC8A170FCE5D1BC27BF549F014B1BF33ABAA6CD9743BBB1A256D2817D0F74FFD233E6E5DF7F3FA5B292AB720F6567E6ABDEA7F22
311
8844FAE4CBBEF8385A0DF14B7BEF45E93D42D9FF9FAB1CAE206A0344907DF2F224B09D17408EE2D95BFF5C2A6807AE08CB3AE90E68BDF973F830B4747BBBA970799CF270105BB9D4D0EDFAE7A0F742F0EADCDC0CF366BF96BC51ABEC2A6EB9462DC501187313774118DBF4FD4935177518B3B9240FE1CA15164C9116C92C1F
311
78D7C5875574B6AB093E7FDDF248280E6D8C86300F7939A1B7FA6105C9B2AAFA059FDD4235477E9136A95CE4598ADFE2E370A8B01400BEF3FE6B83991B22D36E573A2E5777260F43FEB375C3E43D7428DC2EB71A85DDB7279154BCF9DE4690B935335620DCB27204CD5570003C7B8AFC87845DC0B7B2135D1AC997F61CF51E
311
8AD6C8633A5352BCD229B54D528FF216CA0ABB449753EF54E56B650924D6C354B71C2FB62A60D82615DE6876510928E862ECC9135F706B479E5EE8C32069FB30A37BB34EC52673496B94E5F2E4631E146D6B63046DE05A3FBD57C845304D04F3FD2973D8D15AEB4DE3C379DEC34170E592AC8FCD80DF3501EB076257A5E7F8
311
465596ECFEC23D753891DA3A91AC8D496FF4EDD962F15B5AE42D1EE8AAA05729F281BB2255D4CB1D9769336452704A3CB35ED7A2C8309C0208F2EC9D583677AF9F63EBDBB014427D64CC3C77F4420D142C28FB10417634278B3A8AD03B96A988A13BD2A0BE4E2A5DBA390808BFECC87BB8ED51B83F7CB86ABDCD78385F2B9D
311
8C9D3EDFEE1E5A640EE714A4A176E2303679E5CBCF4E96AF96478ACFA21D55A987821D403DEF9FDE4937B787DF7A6F3C9562E4DEC6CC19FAFF07047D0E28E494B1E4E0FA0F4F26675E379E73228B09D814B6EDBEC0A041496D44C7BB58B6E2B7501546FD6EBD93DF4BB1866FE66DE2E3DEB8ADE39700A7B08C6822FDE8FCE5
311
D6FBE987DDD6FBE5B1B3F98014E12DC713F2617B207B46EB0B520D7FF6DAB9F18ED9F93C52F2C454A954DE6B9A3061EF8B95A40141D03587585E09D3DF4DF4386CF64BED7CFF32F0197D8439AC54DF17B8C6A44ECBFF632CA228BD0707FB5516BE975F011732CE1FFB8FB40508173C2C62B5095CB9A2F64971A2F4EEF47265
311
A259CBB66D3A5AA8AB947DD8E7FD2F33052FDD65E5DD9F421FBC0C36FF7DD4A0525D99FB5C70A124412704B7761D25F880C1F8F3CC5573FCC0718E4B70B7882778D3F9147405BE7EC83D9419FEC2AB791758C9B7BB107CF0EAE24FC997BC0B2FFAF74FEB8232FFC56C2EDD2A2B5419DEFC6BF504483E38C97018ECAE3441B4
311
5B22E7FE89C02A23C3630147A8FBA39F3B539F043B6CA0C0C47FF1602868BE697721427299E83D1F3F25312EBF67E372A283E1D1C90C26EBFD6D3EF0BB2636ADFFA729FFEAAB3FA56B7FACAC0DBD994243DE60E56A3FCFF02B0B9489E9D3EA30507169D807A7E2668D3F7B61E55F127BF32BE8BD61458AF8FD778692A7F7C0
311
C74C9BE2CB57017B9F2E5E719CDEABBF7452A196EC0D17B0A5C70DCBCAAA1968E260388C79F9D7BB367542F889CF872F5B40B74B165AC2053EA1653D6D4C67825BFC6FF1E98355F3A930028F45A8C99412D38BDEBE6C1D4314FEAA4BDFD027EE3DB135157E68BAF36C3E74A56D7CFCEFAFE686CBC3F3731F5D8DA3A9D2FC8E
311
97D9BF9FC35B706FFE71515DCA8737DD9D9FD9F7527E8918035CD6CD3F2EA59090A43DBAD95F256CDC081B6EE7DCD076A3E7215BB59A4A9CC139CA7B292D20585A2F64D359D281A4AA6D8A8B3E7BE561DA226A3DC3E54BE828C71234ADCC952B57B62C3B8FEB496D99CE2199C0FFA16DFEF80C8FCD7D6AFEEFF5DF7F75B1F3
311
E1FF1D0756DD757BBC797B1C767FD93B2A57BE1496D8C018F5E95796417E9B2D5829D58EB6D8EEEF55B2CFC3486F0F390D926D6BF65FE1BED1767E1307F44BAB8C5FCBCDC443FFA37715277899F2FFC66690BACF1D90512E7E228027782D3592BFCDCF6DE673F6E83BA9181A1DFE3A0024F5CE48121283B8FFA1245C9D3D1A
311
2D42F79684DA072A6D05BFDE05CD7A4F77040D8E67EBBD7F7909696A9AFF59AA3C5F3BC8F37196B18FE3E290F029270AE099587CFABB9EF1BC43A3011B5D781783D7F05BBC2B07C99F35B6F12E224C2847094836533248F48B292EF1E1D22471565342A7A6256675C3D2A9F10B8DFFAE96F2C460B7A2BCB3EEEFD309CABF34
311
299ED9791649F5ACBA15A3DD8AE39E01BB3FBFC3286DCCC29A9BAA6291550C9259D36BC7F50F66959A1C018D7FBE737C736DD263413E4770D21C5D3BD545AEC17A3BE57657A723C64EDE2BA201D91CC891EB85578D3A56E9D1F7B39F40AC9225BC3F15357F7C7F8F373A3713338ED60BB76623BAC56FE29C53EF8692EF9756
311
57325844FFD07E1529D752BF7D51D94F37BFC2E9E7F30B8D3F3C7CB3B67DEA3746D87A426ED4D4D2C2A49937B53BB993F378D2F7171A34826E34FD71FA23EE095225490CA843C75DAF82DFFE7CE51D0EBF8653E4F998D04FAE2F99BA025F6990FEB17B6968FDE4E063C1C16932090DD8BCB91251378AAB08D1C39A3D5E4904
311
D43A7C45D0F67AAF2B33562C74667F4D39EF8BD291C1103B5DD2C7411A96BAC6496273294F5DBD132013366A3CBEC9AE75A9326F7A78068D9C11F8D8D8673F45C1441DCA75620089C81326D9935BCE8B6C1D179E791976A917843FF44C93BE025ACF2BA162522B841E890680A84BB6BB660FD13FF07847A6C025B863B8A745
311
67165C0A7491AF55F2FAEA29EB7D727BC37EA737BCD12B118244373694C493EF4FED1B86A8D25127ECCB8439470576C07B4CC1405C86A5C5DCA4C8C995A396E74E40D69D7C1E3A8DFC418226EE56CD2BDAE66A6B8614D7B773F202E7CA99E01F9B49478F977DDDBF08613FA3C9A8618C8031FF832A23E7B736DAC0A5848B50
311
1EC7E8A712DC816FB905F531B29125816CE985E28AD8713A664B2552AD990E79ADBE4B9478CEB70E90E88F81F33BF4B0C239E0E1D2ECA694988118D6E6FFCB5A9AA938A62B231E9CC9FE8F96512AEA88D34DC9EF68FCCA25D027C88AFF76F5DFB33685C9423E4A334323B27CD2B0A9C6A336C08894769B5C828C4B598D6AC1
311
212B23609AC1C4A54CEBA51DE0A556DBB57D04C7CD3D0EE638DE9A98B74CF4C0F29384E916F18B5DE3B44C95D54DFF60C4730BCAF5FA872A4B818CF9AEF7EE25A4AD895D376EB3AF14718A12D1604953B0E371A5F426E9BF9AEF93ACB7186B5EC4FD410CEEBB800AB38E80271B69D2BC8F0451D182EF387F2A1802DDC21EC9
311
B949ED29C26879C796DDB6D23320ED71504A941AD5C9D6775BEBC45621E4846C139B995AC7F352E919F4DB32C9E8D749DA5E744870F0AC406D42ADF5027F0EAAE74154AE946CCB9F21253BF36425588D66D4219B8CD0DEE43EF2BB6B6C60C2C3AC362EADF996099CA786EA6DF6258E2E554AE79E86AE4A9CC9A389636EF904
311
ECB18C09018EAF44EA25E43E96FB8E4579754BDDA65BED0E0E18440B1B43D5634E9281B78AFA576C0399DB0255AF86C186F97C1943F6D21C0969A57EDB2EDE22CA8A60ADBF192BE8A901A6BC1E9134F4730D4AAA6DD477720BEF41EA289CCF3D0E8322DF440CF30A6AF0FCBA2519E80AA8CB3C8296403F1A37C7BF27D01A62
311
6A071AD8DDAB9029EC47565FBEDB0C21B033FAB4F8312ADFFE92B3C97FA279C3F58643AA72270264470F9F40E3999E51F9CA6D1DCD444B4014046245569031C07A78C7D1A334A2CF82CE58470162B47079CF2646F85B0175E23B5C42031F6E322A71300BBF128E99EDC7079BA8AF17F194D21DD41669175367445724CC4918
311
01D9B675D0E34F39D1066F964DD96637CAF9C9625A9C57652B3C23F47E2B465577FD9A608A2A6EFD197DE622D2CD4076DA2172F8121FFBF53585BD826E3C1CD7A78A3AC44DF9DC1E2A53C5CED5F628009A4189D23A796FA934F0F97CE665BDE244BBFB4BD6B8EFE969EEFD637E11D73BE9B3A9DA58589BB1838C2FABBC08E4
311
87636FA4CC79754447F42077512126C6C0809A9DCB5CC0D23EB2693A7181AAE00B8F9D00C79D28C1CBF6C2B64F29600773952E90F365AAB0A2D3086138950FB4C5E59E847D81985F9DC93CFCBF2327019AAABA2A154AA888FF03504B03041400060808003057925A28BB58AF800100009E0500003D00000036304645394543
311
332D334536362D343743362D393036362D4333393534333345383230442F536368656D61732F436F6D6D6F6E536368656D612E786D6CBD544D4FC23018BEFB2B96DE15493C78601010A34B880709DEDFB52FD0D8B54BD70DF6EFED3AC0B12E6442E2716BFB3CEFF3D18E26FB440405EA8C2B1992E1C323095052C5B8DC8424
311
37EBFB673219DF8DA659866649B798C078B48AE6410122242F2A4994AC7F93815DF85C049C8564CA0A901499DD886B2EB9B1E02448F358701A9235880C49A0119892A20C89D1B9FD768815CAD268CB5E0355B40B1E47F3E37A2020464BED06AA57CE8FCC20C3C3446D46761A2632A8C1283D07031EFF2AE7CCB1BFEEE916E4
311
06DFAC8E36FFD99A9D60A6944090EEDC3B670C7DC13DE86B6B2C5C240D6E503BB85ACD579D513F1B9F9A69DC9CC22AFA80C426D40AF0B21EA168559156B6276F0F726A6BFF04DCD513A87A62CAD41FB24FCB2858B3952E3D852084DA25B9303C15687973CC8E8AAE11DF2836C38C6A9E765E8C1BA1BFB1DC29CDFE518C8B5A
311
7655A4ED7E77291ABEB80DBD82EC866ADE1B8D05AF9E35CF09D7A061F38A986D9EC412B8F0F65E5D81534D9B231D1E5A8FE577A241F3A5FD01504B03041400060808003057925A1004A04F380500005C1700003E00000036304645394543332D334536362D343743362D393036362D4333393534333345383230442F536368
311
656D61732F47656E65726963536368656D612E786D6CED585B6FDB36147EDFAF20F41EC7F69A2005E214768278069665709ABE0A3445D9DCA80B44CA89F7EB7B0E2FBAC4B2A32643D10E33505411A9C373BEF39D1B2F3F3D27926C79A144964E82D16018109EB22C12E97A12943A3EB9083E5DFD7239558AEB07B6E109BDBA
311
7C5CDC902D959360CE535E0866DF07A7579733AAB85D5AF234E2C51DD5B081CA7A87DEE56E47E2D6689E735AD0947194500A22A249308DB6F82682A3782C52A141BD80E4E54A0A3609622A150F48C16994A57237097451C2DF462738529D3AC5FCFFB5B401988BC78824973CE1A9A628D91CB968BDBAC335B9A4BB379C6ABF
311
5D2474CD7B9F773F7F78C349F055EF13FE2CF856F0A7379CE2BEBCCE6456F8E316A9E66B5E18E4AC77BF5812F5937FDEF0F5BFE3E3C785576D96659253EB54863A87AB5D98ADFEE24C3B8E38FE48BAE2C062631799EDC8BDDD833C6E88585B9287340B23AEA990CA49B1A473421E81F856D06D9125E45E6F001C4F7F85D6DE
311
CA8C6A835753A250DA50DF92F743409CBC3BFA4C6EFCE2618D302A0CEDDB264D93950002937BC66489A18D0A345DD650415124BE376A745EA9F0E016108E328D14C979C1302CD6BC0A4191B2C2C49112FFC0DB51401288D6A44C26C1B87A160AB6A11E5BD862514BE8B3DB750607BABFF6F781D6A74EED6EA7AC28FB3BA68C
311
87AC94B2138A99DB41AE7147A71F56659287340123812054CAEC8965690A74E111C5BCA7260158B0963EC50C07E38FEDDFC5C5C70AB6A915F446D44E46C321E46087E23E221E2BC0DA6EB440EE6F44E80CE5AE2E2D2F31AD7AB71B8B139AF730773909401FE0D8DC3FCCFCC3D438DC1176062076C3CB4A9D953ACC72CA8486
311
7CDA0361E0910F4EF3B109A07D332211C72556825745A215835F47678059E337068E3ACB0E2EA2B507175B0818FD1082EB4D26186F85BAD33464988F1420E1B9E43D522F8452A450106B04F01362BFF1B2BF5059B60F687C9F663A54396722163C7231012E7480FE916910E6572B6D8F4A54CBF92C5CD324A163C8508058D3
311
F16A399B13B348C6830FB5FD47257A1B8D2CF08253EE776B3A72D782D895363D96020B6C18D3C86359B3C6D45E728B4B9D716893D091E4D533045F495D2EFEF633FF5A660A520A5790765FE52E12F0AC82685E7FFA0398D65528850A132894DDE9F837B1DE48F8A74D487795A482C7122A6DAE377BDC5DC212A465ECD8B03E
311
7E2E208EC88DD9DA89456CFBC477FB798C74389668AB1A75C820AB7568FCBE0B5F94DC9AFF0D038D9F77E49D45B8278FC7177D0DDCE732FA0BCDDB42720FA90E87115FF76375C5696F368AF83103F6A5911FFF03561EE06AD10ABE933AA9DEC398588888137017449E09C377051FCAEED1E8BC3BFA9CB27DA2CFDBF533459F
311
374FC0C4FDECCBF3E06CDC6874E0710421EEAA6CEDBFEE60EB913607436C3F5BBF713F6F42253B9A4A0FD64C08416FA986EB02254B1846D82E7CE2584EBE31E340E9A8247483F07D5B84AE3A5AE0D4C5B202EE585468BA84105B1F5EC00C16FADB133FB7399F390FCF245CBF9027A137FD26D1D651058D44D9B331A93985CA
311
C2046CB4ED9E0314977128A42C13DB06879A273052525D16BE833B8706BD1269FA69F2B9B109BB55D30D37679986D85848B86F026CF21E74809100180B0D280C36F6015A7DFBD06AEB6F8D503BDCD7DD6DABBBEF54E1FF5EDF0E3AD53C03509B5B816FE9F51BC8026F44DAB82BA989F200C4220B24166C3037854094FD46C5
311
648D9C42F8B07E53687D824917FED3CE56F3FBA68BE3C6853FCD64F4A00BB85831B1243346654A134805AF5CF39A9DFE22C9906A6EAFE8303A5F4AC4FBE637489CB62EA59B9D529255F326CCC28ECB77F812A7D6E63DF957504B03041400060808003057925A8A56E75334020000A30600004200000036304645394543332D
311
334536362D343743362D393036362D4333393534333345383230442F536368656D61732F507269736D436F6D6D6F6E536368656D612E786D6CB5555D6FDA30147DDFAFB0FC3E5A5035ED8150015D11DA8AA6F4437B8B2ECE4DB0E6D8C8765AF8F773EC7C4009AC7B184FC6F63DE7DC734F92F1EDAE10E415B5E14A467438B8
311
A6042553299779444B9B7DFE4A6F279FC65363D03EB20D1630193F2FEFC82B8888FED4DC147355144A86337A3519CFC060387E7FB2941673D484A7110DF75F023125DB722D388B6806C220251A215552EC236A75E9FE7BB62F15FA210677789A2B9D142A4551DF720D0858A353F700D53108F2B4DF62553B5742057653EA0C
311
182620D6982A4A4008F5C69494C82CA650356B226A9C0922B0C7CE1B4FB06816B36631F58B9AD35378AE8DE20C7DABC76409AB5498ADA3AF15771B895436315B643CE398B68D04DDA1C475E1915F409401FE7CB977ADF363A52CE9C02B3FCE239978314B72280A18DDD4325DFF7593269E2D883F24A3C14DD76DAF26C12582
311
AE31462DC68FB0ED545C051993F1A3D5CEF03ECB4A2D6B80B6FE395E55C4F742813D2E91DC28ABD576FF81B146B4B367DA153AE03E31ED85E4BCA01833D4EE093A1E3D2BAD2A2D25D625D1651A77B6D46EFC7F8D5D44DB869705E43EC53DCA02FC0555C1E2239F649A25959CDAD826A4D5769EEF5ADAD5DD3D3D4DCAE1ED35
311
B2DF05C866429DA1B36FF3EF0FD3959FD3FBA81D02783A9FD52E628BC5AF6ABC6D36FA6D954A17E01EFCFF646B80BF60EB69FAB4B260DDABF443B3EDAC8A9BB2FEE435A8FF28A5CC37128DF99896C1E8FAF8371C76E3885583754E607D7E41E1616EDFC0B2CDC95BDF67C08FFDF073F307504B03041400060808003057925A
311
8FD2BEADA1020000E30900004200000036304645394543332D334536362D343743362D393036362D4333393534333345383230442F536368656D61732F507269736D4F7061717565536368656D612E786D6CED564D6FDA4010BDF757ACF65EA028955A09270A498B90923482243D5A833D8695F6C3F1AED3E6DF77BC6B1B1B
311
4841957A0BA7C5CBBC7933EFCD98C9C56F25D90B1656181DF14F831167A813930ABD8E78E9B28F5FF8C5F987C9A5B5E896C906159C4F1EE7D7EC0564C4EF0B61D58F1C9E4B0C777C783E9982C5CEF59551CAE8EDB57BCDEB6B050E0B0112F21CA1009D60152E542E51A176E088121369C4E7BD4733D414967096972B299288
311
67202D725620A446CBD788BBA2A4EF9EE12D383BECD01CD6D1032ABBCA36D70ED758F83481E353E8C569F05F2B8C52F870EA0A66428B8AF669D17BE43A441FE70DC5A52B480C9F429A04A40645D51D29DEFFB2D7892053C57717B052E41F002F7BB25D1969421B8DF7430C7285A9E10CA434BF12A335260E53A87C64236EA9
311
2419445A90EDBC5AB3E6306D0E97FE20618564369FA1E27FB5312241DF905EAE38A938D81CC84841FDED83581B17DB1C1391094C39EB62B210D2003F812C03FADBE1DE5B342A35CC9D7104D280B7140F22D9C56C1AAF4129189FD534A9FC1AC82EA633E62FD97870B62DF62092149AE6A6C618B71837E131B118864EF514EF
311
77AC2CC8AABE9836FC717157E59D1A2311C2FCD531A884ADD6441D9185B1AB997F6B2E29F6BB34E0BAFA64D4AAA33E88F868301A8F763E67DBC296D4E1524241939E497253B3313A7EAE9966A3F8EDCAF6D8C95209EDC15849E34B4E039DA2047B8FC5F2B984026F9136555DF656F550F20BB29B16A0927E77105AF858D15A
311
25FB11D2D1669C3A146D6AB6A4D5E017E8FE78EC33781F15BF524E1A9503DD7BDB5CD7C27A5F76DDAFB29CD7CEBA15528A9E9B069FDBC97BA077A0956542EFDF57768DB9DBF805B0EB2782FB1F4EEA65FF8962BD71DBFDB3534E9BFFDD47A7FBA8ABDB5FD6D381C5EB3AC638B87CBBDA55A20DBB7FD7FE00504B0304140006
311
0808003057925AF702076DC3010000E60400004500000036304645394543332D334536362D343743362D393036362D4333393534333345383230442F536368656D61732F52656E6465724D6174657269616C536368656D612E786D6CA554CB4EC33010BCF31596EFF405481C9AA2A64851255E4A816BB438DBD4926347B15B
311
E0EFF1236982021512B925E39D9D9D59677EF3510A72C05A7325233A1D4D2841C954CE6511D1BDD99E5FD39BC5D97CA9359A0DDB61098BF9CBFA961C4044344599637D0F066B0E22C074BC98C7A0319C58A9B254B2435ED23BC2F388AECB4A6089D280B18D139496815152EDDF046711DD82D048498D902B293E236AEABD7D
311
F74D5D839F69EE1D9F48E1F3BF448FC9E6BF144F351E38BEFF9D662D0D16587B77825FAF2195BF515C395B563BC5197A0AE68DCF363BA831CF7C7C8D7F0DA23D42898037B451BA833673DA92BC82D87F636ACFFB0CEC96F4EA30EF9A0FEAB85D91CAED89348D80E9B178DDC3ACFC71D06F2528A182138DD8672E4DC6DC57CF
311
91467432BA985E4DBE3DB399079353607C0A5CDA0B70D4E65A122FA41BAEEF6C272908D315B076451BD55EB0FF9E092E11ACF8C6B5306028F9D5F15EB95426D31532BEE5D6EC700FBA0C1E94211D7ADC8341143D429D2671564059C2EC72108B4EE3847890CC4697DDF8A708DB01FD7AD8209A41EFC2DCFD7063A504821C78
311
69545188D6C16DF801342CCE6B276363DC8EFA4AFD0E86ED0677C3B77747C7FD3FD617504B03041400060808003057925A308500AB77000000BB0000004700000036304645394543332D334536362D343743362D393036362D4333393534333345383230442F4173736574446174612F41737365745461626C654F66436F6E
311
74656E74732E62696E5361606030B73036B6703533D775347431D43571B334D2B5B03432D5B574327574763371327171731102AACB4D2C492DCA4CCC492C28484D2C4ACC4B4E050A82012F90744FCD03CA26072767A4E626EA02058831363E20BFB8C4C8C0D014BBF94C40635880581088038A328B73FD0B120B4B53217600
311
00504B03041400060808003057925AC55C663656000000680000004100000036304645394543332D334536362D343743362D393036362D4333393534333345383230442F4173736574446174612F53747265616D56657273696F6E5461626C655D8CBD0A80300C06F73E4B29FE6CDD8A2E82A083B8B7F209014925C9FBA3AE
311
AEC7DD2555D896CB85E51C2A1BD834F6A1F56EC4494C4695278364ABB24ABD2146F88CCEBB89D5321FF8F3F43D672A3B44DF3CB6A1710F504B03041400060808003057925A96E9EE86350100009E0400003600000036304645394543332D334536362D343743362D393036362D4333393534333345383230442F4173736574
311
446174612F636E782E786D6CCD94314FC3301085FF4A6489317112A8A82AC71582A51348540C6C57E7D25A75ECC8BE20F8F7D86D0650115387ACA7EFEE9E9FFC4EAC3F7B937DA00FDAD9865545C932B4CAB5DAEE1B3652972F59B696C23B473F309659E8B161A9CCA4D87B370E53A9C50E4693AA46DBE3547C0801690B3B83
311
CFDDA3B3849602CB9481101A16D4017B286024D76238162D101455E131B8D12B8C9348F7384D521E81B065B22EEB455EDEE5D5725B95ABC5FDEAB67E173C9152EC9C3313AFE332EF869BBA54E7BD4C968227408AD1EB894AAF61F22F95C54E5BC1232945201F5D993AE86B881D300C462BA0681E778A90F20821F4829F6129
311
7872E197174FD869AB53CB264A0372FE250A444F1A67E8C97F6AAFEFCDC60602AB70CE8E5C6ABCBE0FAFA75FF4768EE52937F34BCBA5C62BE4849F4E498C4DBA2CF21B504B03041400060808003057925A8C2793E8E7000000600100006700000036304645394543332D334536362D343743362D393036362D433339353433
311
3345383230442F5265736F75726365732F37383333384536372D413144312D344639322D383932352D3942354143463442344446442F7468756D626E61696C2F302F636E782E786D6C4D90C16EC4200C447F2542EA3181A45D755539EC4FF4D44B458937454B300253B57F5F6839EC69ACF193E519B87C1F7EF8C2941D8555
311
CC931203064B9B0BFB2A0A5FC7B3182E1A1211DF616208E6C055345B68D81395D8AD0DAFA6F8E67A176EDDDC316072F63D865D0CD69B9C5791ED271E66328569C37C9B36C3669AA784994AB2580FB03BB01FB0090DE326F4A296D3A89EC6F9FC3AAB97D3F3CBE3F206B2911A3E887CE75D604C141F1665A98EA1FEA3403640
311
4349AE532D84D077CF81AC4B0D9953CDDF21FE891532317A670DD79A2459461E2B84E600F90F6B902D6F95BF32AAB66EF42F504B03041400060808003057925AA233C2345D000000800000006500000036304645394543332D334536362D343743362D393036362D4333393534333345383230442F5265736F75726365732F
311
37383333384536372D413144312D344639322D383932352D3942354143463442344446442F7468756D626E61696C2F636E782E786D6C4D8B490E80201004BF42E6EE76F3C0F216234B883063108CCF170C074F95AE5473F5C4C06E932E4F28601967600677D21E9D8092EDB002539227A2FCCB80E1168D80A6417297A89C5D
311
6963B7129A0D1E8F2EE73AA7B62BBEB8B27DE50B504B03041400060808003057925ABE89762363000000880000005B00000036304645394543332D334536362D343743362D393036362D4333393534333345383230442F5265736F75726365732F37383333384536372D413144312D344639322D383932352D394235414346
311
3442344446442F636E782E786D6C4DCC3B0E80201004D0AB90EDFD75167CCE820A4A845D83603CBE602CAC26799919AEEEE0D965E2E908050C6D0FCCE04C8BC355404EB6198129C92351FAD580A10E464065907C8D948F8F166375F655BDC3FDC3B4E530A176BE7057BDC43B2A593FE403504B03041400060808003057925A
311
0EBC21E1ED000000680100007000000036304645394543332D334536362D343743362D393036362D4333393534333345383230442F5265736F75726365732F37383333384536372D413144312D344639322D383932352D3942354143463442344446445F506F7374323031352F7468756D626E61696C2F302F636E782E786D
311
6C5DD0CF4EC4201006F05769483CB6D0EAC6CD86B28FA0074F5ECC48672B59FE0983D1B7179483F134E4CB2F93E193E74F67870F4CD904BFB279126C40AFC366FCBEB24297F1C886B3922904FAC3D8E0C1E1CA5ACC94DC5328B1471B5EA0D8965AE3AF3D7C4C26BB8708EF055FA2DFD9A02DE4BCB2ACDFD0C10485C286F93A
311
6D4030CD53C21C4AD258979071D897E88440B831B588E5308ABB713E3ECDE274B83FDD2ECF9237A9E46B08B67BE3095388378BD0A13E7DBD4948DE80922599AEDA4798FA77A0E415289929D51E3AA4AF5821C4688D06AA75F1A00969AC08C149FE8B95E4EDDF75FC945267EB487D03504B03041400060808003057925AA233
311
C2345D000000800000006E00000036304645394543332D334536362D343743362D393036362D4333393534333345383230442F5265736F75726365732F37383333384536372D413144312D344639322D383932352D3942354143463442344446445F506F7374323031352F7468756D626E61696C2F636E782E786D6C4D8B49
311
0E80201004BF42E6EE76F3C0F216234B883063108CCF170C074F95AE5473F5C4C06E932E4F28601967600677D21E9D8092EDB002539227A2FCCB80E1168D80A6417297A89C5D6963B7129A0D1E8F2EE73AA7B62BBEB8B27DE50B504B03041400060808003057925ABE89762363000000880000006400000036304645394543
311
332D334536362D343743362D393036362D4333393534333345383230442F5265736F75726365732F37383333384536372D413144312D344639322D383932352D3942354143463442344446445F506F7374323031352F636E782E786D6C4DCC3B0E80201004D0AB90EDFD75167CCE820A4A845D83603CBE602CAC26799919AE
311
EEE0D965E2E908050C6D0FCCE04C8BC355404EB6198129C92351FAD580A10E464065907C8D948F8F166375F655BDC3FDC3B4E530A176BE7057BDC43B2A593FE403504B03041400060808003057925A925961158E000000E50000003600000036304645394543332D334536362D343743362D393036362D4333393534333345
311
383230442F5265736F75726365732F636E782E786D6C958EDF0A82301C465F65FCEE976E6E39619B68B6EBDE2024A748BA857FA2C7CF8550B7DD1EBE73F864FE1A07F4B4D3DC7BA7801C6240D6DD7CD3BB4EC1BAB45800CAB59CBC5F7E66805C3D5A05018396DDE4D7C78E1ADBD6EB10E8D0BBFB0E539124E27C4C71412A82
311
99C9281619E5382B797132AC6495A936230ACADFE2F5E2E785C6847F0BD1E7D1160C07F51B504B03041400060808003057925AA52DB5B7280100004F0500003400000036304645394543332D334536362D343743362D393036362D4333393534333345383230442F536368656D61732F636E782E786D6CCD943D4FC3301086
311
FF4A6489B1F9828AAA72DC818109818089CD38D762D5F685B38DE0DF63870CA960A343B6E4F4C87A9FD7F2F1DDA735C50790D7E83AD694352BC029ECB53B742C86FD6AC38A9DE0841866182B9CB4D0B13C66821F08E3308D7AD8CB68F2D468779C8637682DBA27F50656B24219E97DC7FCF85BCA18B0077F2C7B1964D99404
311
1E23294827046D613A4111C8003D136DDDAE57F5D5AAD93C37F5767DBDBD6C5F789549C15F11CDC46B178070B8686B85E9D3A54035AF322078243D51D9828979BA32F5C1AB4408EE03A51626327C0D8994C360B4922195558DE00F237895654F946FC10169B554E7937867937E20EDEDBCCEE55DF6AF88E795BF1FE47B84A5
311
DEFA283F8F7836F947703DD05D7AA3A4A559AAFF5F29FF574135EEBEB400F22A14DF504B03041400060808003057925AE3603EBE7A000000C20000002C00000036304645394543332D334536362D343743362D393036362D4333393534333345383230442F636E782E786D6C6DCD410EC2201085E1AB90D9DBEACE05D09878
311
023D01A1D34A8419C380F1F82DA68B9AB8FDFEC93C3D7C52546FCC12980C9CBA232824CF63A0D9402DD3E10C6AB03A3397DD192872090D3406ABE7CCF5B5D18893ABB1690CF4DCF02282E5EA8A5BB96FFE536F285CB347F95BEFFE81C9ED5AFF9D5B1FB575BB00504B03041400060808003057925A791FBEF27D000000A300
311
000007000000636E782E786D6C4D8C410EC2201444AF42FE9E8AA56249802E10EFD158DA1029182C8DC7174C17AEDEE46566C4F0593DDA6D7ABB18249C1B02C886479C5C5824E46DC63DA0418914E3F6570314C6D54AA81A945852CCAF434D761EB3AFD6BBF03C242377C38DA6981AC67077D50C735292A6FCD2516AFA96DC
311
CAE2542705BFBFC27AAFBE504B03041400060808003057925A1E7A0675A400000032010000130000005B436F6E74656E745F54797065735D2E786D6C95904B0EC2300C44AF1279DFBAB0400835ED02B8011708C16D239A8F121795DB93D22D20B1B467DE8CE5BA9DED281E1493F14EC2A6AC4090D3FE665C2F61E2AED88368
311
9BFAF20C9444F6BA2461600E07C4A407B22A953E90CB4AE7A3559CC7D86350FAAE7AC26D55ED507BC7E4B8E025039AFA449D9A4616E739AFD7DE8C8338AEBEA54A820A61345A713E0B17153F7257E37E705E3371913892B25F02FEA0F1FD83E605504B03041400060808003057925A3DEE336E64000000790000001B000000
311
6175746F6465736B2D64657369676E2D7061636B6167652E786D6C35CBC10E83200C00D05F21DCA56CA76D41FC96062B120735B69A7DBE268BB7777961F8D5AF396893C2ADB70FE7ADA196782C2DF776D7A97B5933C430F15651E5469C55D70F80A4992A3ADC954792C525AE70A1E4D6AD9816CC044FEFDF01FE3FDE907802
311
504B03041400060808003057925A8074C642FA000000960100003700000036304645394543332D334536362D343743362D393036362D4333393534333345383230442F4173736574446174612F636F72652E786D6C8550416EC32010FC8AB5776C6C87C4893091533B2FE8A93704C44189C13250F5F985D895DA534FBB9A9D
311
99DD1D7AFE9A9ED9A75A9CB6A68532C7902923ACD4666C21F81B6A203B33BA58EB7FD120337C522D2418181D171BE60D12D67865126AAC541BC89D531E32F18C4D0B4EDCD5C4731E7C64B8473E73F1E0A3CACB7CE5311A82969B54CBE8A66F5A2DC09A1293C3807BF4B62757B41BBA23BAECBB010D5D7DBC5CEBBE221DA145
311
1233EAF5F4B35D2C8A7B258155B82208EF50D9BC97F8440EA7BAFAA0456232EAFC127FDE96A6EF8075E9EA9E7B4E8B75FAC735CCF27FD7A08DAFABCD75553860653CF23560B44829C5F28A30D69428FB06504B03041400060808003057925A6C5712FBF50000008E0100006800000036304645394543332D334536362D3437
311
43362D393036362D4333393534333345383230442F5265736F75726365732F37383333384536372D413144312D344639322D383932352D3942354143463442344446442F7468756D626E61696C2F302F636F72652E786D6C8550CB6EC32010FC156BEFD86087BC84899CC6F9829E7A4398382831583CAA7E7E2176A5F6D4D3
311
AE66676677879DBEA667F1A99CD7D6B4404A0C8532D20EDA8C2DC470437B284E9C396BC32F1A14464CAA850C0367A3B3715E21694D5026A3C60E6A0585F72A40219FA969C1CBBB9A442962480CFF2867211F62542529171E6731EA6195EA21B9E99B560EF89E60BAEBF105BD6DE9156DFAEE80CEDBAE477DD71CCED7E652D3
311
8EB22A8B390B7AFAD92E9D12410DC06B5C53843788ECDF093ED2DDB1A93F5895999CF9E0D2CFEBD2FC1D70CCAA05FDE316E7E17FB7A84D68EAD56D5178E0241DF71A7056E574527945976A4E927F03504B03041400060808003057925AE0BAF740FB000000960100006600000036304645394543332D334536362D34374336
311
2D393036362D4333393534333345383230442F5265736F75726365732F37383333384536372D413144312D344639322D383932352D3942354143463442344446442F7468756D626E61696C2F636F72652E786D6C8550CB6E833010FC15B4770386382F194724215FD0536FAE718815B0911F553FBF76A0527BEA6957B333B3
311
BB434F5FD3987D4AEB94D10DE0BC844C6A617AA5870682BFA33D642746AD31FE170D32CD27D9408281D1C19A30AF9030DA4B9D506D7AB982DC39E92113636C1A70E221279EF3E023C33DF3998B271F648EF385C76808AA5FA5AA8F6EEAAEA405B6C725D975E5155DB6E486365D7B40E76DDBA1AEAD0FE75B7DAD484B6891C4
311
8C7A35FD6C1756722F7B60555911546E10DEBFE1F24876C7BA7AA7456232EABC8D3FAF4BD377C0FC234C1F9AAB9116CBF48F6B98FBFF5D83D2BEAE56D745E180E178E46BC06891528AE51561AC2951F60D504B03041400060808003057925ABE744ADE0F010000B10100005C00000036304645394543332D334536362D3437
311
43362D393036362D4333393534333345383230442F5265736F75726365732F37383333384536372D413144312D344639322D383932352D3942354143463442344446442F636F72652E786D6C8550CB6E833010FC15B4770306CC23328E20C017F4D49B054E6A25D811B6AB7E7EED40A5F6D4D3AE66677676879EBFD647F429
311
3623B56A01C7294442CD7A91EAD682B3575443746674D3DAFEA241A4F82A5A0830307ADBB47B1ED0AC95152AA04A2FE200B931C242343F7CD382993FC4CA63EEAC67987BFCE4F39DDF448CE39DC7A8737239A472F1DBE4558A0D588D53528DE9802E25995031760DEACB6E44639737FD940F19E9084D8298512BD71FF77913
311
DC8A0558966604A505C2F51B4E4FA43AE5D93B4D0293516337FFF3611ABE0356D5795E8F65853A3C60544C4D86EAC66F687AD25DA6A22F8669A0C92EFC63E89ECBFF864E2A9B6787E1AE30C0B0BFFF3560340901FAF24AD7D71036FB06504B03041400060808003057925A6C5712FBF50000008E0100007100000036304645
311
394543332D334536362D343743362D393036362D4333393534333345383230442F5265736F75726365732F37383333384536372D413144312D344639322D383932352D3942354143463442344446445F506F7374323031352F7468756D626E61696C2F302F636F72652E786D6C8550CB6EC32010FC156BEFD86087BC84899C
311
C6F9829E7A4398382831583CAA7E7E2176A5F6D4D3AE66676677879DBEA667F1A99CD7D6B4404A0C8532D20EDA8C2DC470437B284E9C396BC32F1A14464CAA850C0367A3B3715E21694D5026A3C60E6A0585F72A40219FA969C1CBBB9A442962480CFF2867211F62542529171E6731EA6195EA21B9E99B560EF89E60BAEBF1
311
05BD6DE9156DFAEE80CEDBAE477DD71CCED7E652D38EB22A8B390B7AFAD92E9D12410DC06B5C53843788ECDF093ED2DDB1A93F5895999CF9E0D2CFEBD2FC1D70CCAA05FDE316E7E17FB7A84D68EAD56D5178E0241DF71A7056E574527945976A4E927F03504B03041400060808003057925AE0BAF740FB000000960100006F
311
00000036304645394543332D334536362D343743362D393036362D4333393534333345383230442F5265736F75726365732F37383333384536372D413144312D344639322D383932352D3942354143463442344446445F506F7374323031352F7468756D626E61696C2F636F72652E786D6C8550CB6E833010FC15B4770386
311
382F194724215FD0536FAE718815B0911F553FBF76A0527BEA6957B333B3BB434F5FD3987D4AEB94D10DE0BC844C6A617AA5870682BFA33D642746AD31FE170D32CD27D9408281D1C19A30AF9030DA4B9D506D7AB982DC39E92113636C1A70E221279EF3E023C33DF3998B271F648EF385C76808AA5FA5AA8F6EEAAEA405B6
311
C725D975E5155DB6E486365D7B40E76DDBA1AEAD0FE75B7DAD484B6891C48C7A35FD6C1756722F7B60555911546E10DEBFE1F24876C7BA7AA7456232EABC8D3FAF4BD377C0FC234C1F9AAB9116CBF48F6B98FBFF5D83D2BEAE56D745E180E178E46BC06891528AE51561AC2951F60D504B03041400060808003057925A5D92
311
BB1215010000BA0100006500000036304645394543332D334536362D343743362D393036362D4333393534333345383230442F5265736F75726365732F37383333384536372D413144312D344639322D383932352D3942354143463442344446445F506F7374323031352F636F72652E786D6C8550CD6F83201CFD570C7714
311
50FC689046AB9E77D869978528ED482B3402CBFEFC41EB92EDB4D38F3CDE47DE63C7AFF5967CCACD2AA35B80530412A967B3287D698177675883E4C8D9668CFB45038916AB6C4184016797CDF8FB0ECD463BA923AACD227750582B1D48E65B78B4C0CE1F7215A9F02E30EC35BD8BF92A2E32C5E993C799F76AD9A56A096EEA
311
ACE406788D11AD4634C0534927588C5D03FBB21BE1D8E54D3FE503A11D65591473E6D4FA933E6F5238B9004E10A1101510D7AF181D6875C8C91BCB229333EBB6D0790F8DED00AFEA3CAFC7B2821D1E302CA686C0BA090E4D4FBBD354F4C5300DEF2FC63A8270C87D3AFC49F6F7E5FF64AFB4CBC99EFC5458C07128F2F8E02C
311
8B4B86F39839DCB83AFF06504B03041400060808003057925A1428A11FFA000000960100003700000036304645394543332D334536362D343743362D393036362D4333393534333345383230442F5265736F75726365732F636F72652E786D6C8550496EC3300CFC8AC1BBBCC6D9202B701AE701454FBD0912E30A8925434B
311
D1E7578A5DA03DF54462383324879EBEA647F689D629A33BA8F21232D4C248A5C70E82BF913D642746AD31FE170D32CD27EC20C1C0E8684D98574818ED5127541B892BC89D430F9978C4A603273E70E2390F3E32DC3D9FB9B8F311F32A5F788C86A0E42A5532BAA99B420B6C5F95ED6E282FE465DB5EC966E80FE4BCED0732
311
F4CDE17C6D2E75DBB7B4486246BD9A7EB60B8BDCA3045697754BCA0DA9F66F55796C77C7A67EA7456232EABC8D3FAF4BD377C05ED19960053A5A2CD33FAE6196FFBB06A57D53AFAE8BC201ABE291CF01A3454A29966784B1A644D937504B03041400060808003057925AD1FC708CF900000094010000350000003630464539
311
4543332D334536362D343743362D393036362D4333393534333345383230442F536368656D61732F636F72652E786D6C8550CB6E833010FC15B477830D21219171441AF203EDA9370B3BD44AB0911F553FBF3650A93DF5B4ABD999D9DDA1E7AFE9997D4AEB94D12D901C4326F56084D2630BC1DF5103D999516B8CFF45834C
311
F349B690606074B426CC1B3418EDA54EA836426E20774E7AC886676C5A70C3879C78CE838F0CF7C8673E3CF8287392AF3C46435062932A11DDD45D490BAC21B83EF4F88A5EF6F50DEDFAEE882EFBAE477D571D2FB7EA5AD65D4D8B2466D4ABE967FB6025F752002B715923BC43A47923F8541F4E55F94E8BC464D4791B7FDE
311
96A6EF80BD2E773A5AACB33F9E6116FF7B06A57D556E9EABC20123F1C465C06891328A650930D69427FB06504B03041400060808003057925A097DA0B901010000D80100002D00000036304645394543332D334536362D343743362D393036362D4333393534333345383230442F636F72652E786D6C9591417284201045AF
311
42F55E455147A79059187382ACB223D263A819C1024CE5F8C1682AC92E59D1F579BFE177F3CBFB7C276FE8BCB6A6833CA540D08C56693375B0866BD200B908EEAC0D3F302046CED8C12683E093B3EB7248A33501CDA61AABF010A5F718808CF75874E0C7579C652AD710097F4B1739DEE484699EEE9CE041CF5FD6D1A10CA8
311
4014B4A8125A2679F394D373753AB3E299671B29F8AA4D60C5F118CE2FA8885D428C04A2623CDBAF23B66A75405AC54FEAAB4607A2A68F433BF42C61435D27E5A9AF9396C6AA676D55323634057D884DA259701F5C1CCDD1641BC25FEDBBF157B47551FF8CB63B3C88FC3B54B6CD59F0EC7309F1DC76223E00504B03041400
311
060808003057925A621B1B3508010000B201000008000000636F72652E786D6C8D50CB6EC32010FC15B4776C6C87BC84899CC6F9829E7AA386B828365880A3F6EF0BB12BB5B79E16CDCCEE0CC34E9FE3801ECA796D4D0D45460029D359A94D5FC31C6E780FE8C499B336FC920132625435241838EB9D9DA715EAAC09CA24D4
311
58A9565078AF02A06E888F1A7CF7A1469189394485BF6793E8EEA25759912D3ACE821E7F563BA744501278494A8AC90617FBD7821CE9EE58956F2C4F4ACEE659CBD54ACBE8AE6F5A39E0FB82D05D4B2EF8654BAF78D336077CDE362D6E9BEA70BE5697923694E56999331F5CFCF37A24E60CC88B47F265F94271F66EEDB00A
311
622889AC19BE80139627E24FE87992FF08AD4DA8CAF5E0B2E1811731D09388C6A9C1389EF5C699DAE6DF504B010214001400060808003057925ABA6EB31825010000B80200004F000000000000000000000000000000000036304645394543332D334536362D343743362D393036362D4333393534333345383230442F4173
311
736574446174612F446566696E6974696F6E4974657261746F7250726F706572746965732E62696E504B010214001400060808003057925A2F419867E50100005004000045000000000000000000000000009201000036304645394543332D334536362D343743362D393036362D4333393534333345383230442F41737365
311
74446174612F496E7374616E636550726F706572746965732E62696E504B010214001400060808003057925AB5A795FFE3790000DE7900006B00000000000000000000000000DA03000036304645394543332D334536362D343743362D393036362D4333393534333345383230442F5265736F75726365732F373833333845
311
36372D413144312D344639322D383932352D3942354143463442344446442F7468756D626E61696C2F302F67656E657269635F706E67504B010214001400060808003057925AD3C0D80E98720000B07200007800000000000000000000000000467E000036304645394543332D334536362D343743362D393036362D433339
311
3534333345383230442F5265736F75726365732F37383333384536372D413144312D344639322D383932352D3942354143463442344446445F506F7374323031352F7468756D626E61696C2F302F507269736D4F70617175655F706E67504B010214001400060808003057925A28BB58AF800100009E0500003D0000000000
311
000000000000000074F1000036304645394543332D334536362D343743362D393036362D4333393534333345383230442F536368656D61732F436F6D6D6F6E536368656D612E786D6C504B010214001400060808003057925A1004A04F380500005C1700003E000000000000000000000000004FF300003630464539454333
311
2D334536362D343743362D393036362D4333393534333345383230442F536368656D61732F47656E65726963536368656D612E786D6C504B010214001400060808003057925A8A56E75334020000A30600004200000000000000000000000000E3F8000036304645394543332D334536362D343743362D393036362D433339
311
3534333345383230442F536368656D61732F507269736D436F6D6D6F6E536368656D612E786D6C504B010214001400060808003057925A8FD2BEADA1020000E3090000420000000000000000000000000077FB000036304645394543332D334536362D343743362D393036362D4333393534333345383230442F536368656D
311
61732F507269736D4F7061717565536368656D612E786D6C504B010214001400060808003057925AF702076DC3010000E6040000450000000000000000000000000078FE000036304645394543332D334536362D343743362D393036362D4333393534333345383230442F536368656D61732F52656E6465724D6174657269
311
616C536368656D612E786D6C504B010214001400060808003057925A308500AB77000000BB00000047000000000000000000000000009E00010036304645394543332D334536362D343743362D393036362D4333393534333345383230442F4173736574446174612F41737365745461626C654F66436F6E74656E74732E62
311
696E504B010214001400060808003057925AC55C6636560000006800000041000000000000000000000000007A01010036304645394543332D334536362D343743362D393036362D4333393534333345383230442F4173736574446174612F53747265616D56657273696F6E5461626C65504B010214001400060808003057
311
925A96E9EE86350100009E04000036000000000000000000000000002F02010036304645394543332D334536362D343743362D393036362D4333393534333345383230442F4173736574446174612F636E782E786D6C504B010214001400060808003057925A8C2793E8E70000006001000067000000000000000000000000
311
00B803010036304645394543332D334536362D343743362D393036362D4333393534333345383230442F5265736F75726365732F37383333384536372D413144312D344639322D383932352D3942354143463442344446442F7468756D626E61696C2F302F636E782E786D6C504B010214001400060808003057925AA233C2
311
345D0000008000000065000000000000000000000000002405010036304645394543332D334536362D343743362D393036362D4333393534333345383230442F5265736F75726365732F37383333384536372D413144312D344639322D383932352D3942354143463442344446442F7468756D626E61696C2F636E782E786D
311
6C504B010214001400060808003057925ABE89762363000000880000005B000000000000000000000000000406010036304645394543332D334536362D343743362D393036362D4333393534333345383230442F5265736F75726365732F37383333384536372D413144312D344639322D383932352D394235414346344234
311
4446442F636E782E786D6C504B010214001400060808003057925A0EBC21E1ED000000680100007000000000000000000000000000E006010036304645394543332D334536362D343743362D393036362D4333393534333345383230442F5265736F75726365732F37383333384536372D413144312D344639322D38393235
311
2D3942354143463442344446445F506F7374323031352F7468756D626E61696C2F302F636E782E786D6C504B010214001400060808003057925AA233C2345D000000800000006E000000000000000000000000005B08010036304645394543332D334536362D343743362D393036362D4333393534333345383230442F5265
311
736F75726365732F37383333384536372D413144312D344639322D383932352D3942354143463442344446445F506F7374323031352F7468756D626E61696C2F636E782E786D6C504B010214001400060808003057925ABE897623630000008800000064000000000000000000000000004409010036304645394543332D33
311
4536362D343743362D393036362D4333393534333345383230442F5265736F75726365732F37383333384536372D413144312D344639322D383932352D3942354143463442344446445F506F7374323031352F636E782E786D6C504B010214001400060808003057925A925961158E000000E5000000360000000000000000
311
0000000000290A010036304645394543332D334536362D343743362D393036362D4333393534333345383230442F5265736F75726365732F636E782E786D6C504B010214001400060808003057925AA52DB5B7280100004F05000034000000000000000000000000000B0B010036304645394543332D334536362D34374336
311
2D393036362D4333393534333345383230442F536368656D61732F636E782E786D6C504B010214001400060808003057925AE3603EBE7A000000C20000002C00000000000000000000000000850C010036304645394543332D334536362D343743362D393036362D4333393534333345383230442F636E782E786D6C504B01
311
0214001400060808003057925A791FBEF27D000000A30000000700000000000000000000000000490D0100636E782E786D6C504B010214001400060808003057925A1E7A0675A4000000320100001300000000000000000000000000EB0D01005B436F6E74656E745F54797065735D2E786D6C504B01021400140006080800
311
3057925A3DEE336E64000000790000001B00000000000000000000000000C00E01006175746F6465736B2D64657369676E2D7061636B6167652E786D6C504B010214001400060808003057925A8074C642FA0000009601000037000000000000000000000000005D0F010036304645394543332D334536362D343743362D39
311
3036362D4333393534333345383230442F4173736574446174612F636F72652E786D6C504B010214001400060808003057925A6C5712FBF50000008E0100006800000000000000000000000000AC10010036304645394543332D334536362D343743362D393036362D4333393534333345383230442F5265736F7572636573
311
2F37383333384536372D413144312D344639322D383932352D3942354143463442344446442F7468756D626E61696C2F302F636F72652E786D6C504B010214001400060808003057925AE0BAF740FB0000009601000066000000000000000000000000002712010036304645394543332D334536362D343743362D39303636
311
2D4333393534333345383230442F5265736F75726365732F37383333384536372D413144312D344639322D383932352D3942354143463442344446442F7468756D626E61696C2F636F72652E786D6C504B010214001400060808003057925ABE744ADE0F010000B10100005C00000000000000000000000000A61301003630
311
4645394543332D334536362D343743362D393036362D4333393534333345383230442F5265736F75726365732F37383333384536372D413144312D344639322D383932352D3942354143463442344446442F636F72652E786D6C504B010214001400060808003057925A6C5712FBF50000008E010000710000000000000000
311
00000000002F15010036304645394543332D334536362D343743362D393036362D4333393534333345383230442F5265736F75726365732F37383333384536372D413144312D344639322D383932352D3942354143463442344446445F506F7374323031352F7468756D626E61696C2F302F636F72652E786D6C504B010214
311
001400060808003057925AE0BAF740FB000000960100006F00000000000000000000000000B316010036304645394543332D334536362D343743362D393036362D4333393534333345383230442F5265736F75726365732F37383333384536372D413144312D344639322D383932352D3942354143463442344446445F506F
311
7374323031352F7468756D626E61696C2F636F72652E786D6C504B010214001400060808003057925A5D92BB1215010000BA01000065000000000000000000000000003B18010036304645394543332D334536362D343743362D393036362D4333393534333345383230442F5265736F75726365732F37383333384536372D
311
413144312D344639322D383932352D3942354143463442344446445F506F7374323031352F636F72652E786D6C504B010214001400060808003057925A1428A11FFA000000960100003700000000000000000000000000D319010036304645394543332D334536362D343743362D393036362D433339353433334538323044
311
2F5265736F75726365732F636F72652E786D6C504B010214001400060808003057925AD1FC708CF9000000940100003500000000000000000000000000221B010036304645394543332D334536362D343743362D393036362D4333393534333345383230442F536368656D61732F636F72652E786D6C504B01021400140006
311
0808003057925A097DA0B901010000D80100002D000000000000000000000000006E1C010036304645394543332D334536362D343743362D393036362D4333393534333345383230442F636F72652E786D6C504B010214001400060808003057925A621B1B3508010000B20100000800000000000000000000000000BA1D01
311
00636F72652E786D6C504B050600000000230023003E100000E81E01000000
310
504B03041400060808003057925A000000000000000000000000370000006662782F31413032453036352D304438312D343145412D414346342D4235304336433434344144312F617474726962757465732E62696E504B03041400060808003057925A000000000000000000000000350000006662782F3141303245303635
310
2D304438312D343145412D414346342D4235304336433434344144312F76657274696365732E62696E504B03041400060808003057925AF270F1330600000004000000360000006662782F31413032453036352D304438312D343145412D414346342D4235304336433434344144312F747269616E676C65732E62696E6366
310
60600000504B03041400060808003057925AB5A795FFE3790000DE790000420000006662782F31413032453036352D304438312D343145412D414346342D4235304336433434344144312F7265736F75726365732F322F305F67656E657269632E706E6701DE79218689504E470D0A1A0A0000000D49484452000001000000
310
010008030000006BAC58540000000467414D410000B18F0BFC6105000000017352474200AECE1CE900000192504C5445818181B3B3B35A5A5A4848486060605C5C5C6464648383835E5E5E6262624E4E4EAFAFAF4A4A4AB5B5B54C4C4CB1B1B1858585B7B7B7585858ADADAD7C7C7C464646787878ABABAB747474A7A7A768
310
6868707070B9B9B96E6E6E6A6A6A8B8B8B666666545454565656A5A5A5505050A1A1A1BBBBBB8F8F8F9F9F9F4242425252527676764040403E3E3E9B9B9B7A7A7A8989897E7E7E9393939797974444448787873C3C3C727272BDBDBD3A3A3A6C6C6CA9A9A9A3A3A32020209D9D9DBFBFBF8D8D8D9595959191912626269999
310
992222222424241E1E1EC1C1C1282828C3C3C32C2C2C2A2A2A2E2E2E303030C5C5C53232321C1C1C363636383838343434C7C7C71A1A1A0E0E0E121212484A484C4E4C1616160A0A0A4A4C4A787A781414147C7E7C9193915E605E464846838583878987B1B3B18587856668665A5C5A626462818381A7A7A5A3A3A1B1B1AF
310
ADAFAD7072705C5E5C9D9D9BABADAB7E817EB7B9B7585A58BBBDBB4C4C4A8D8F8D747674B5B5B3B7B7B59FA19F606260ABABA9A5A5A39B9B99A9A9A78F8F8D6C6C6AC7C7C5451AD12700002000494441547801DCBD89771BD7B5A70B8EE04C702641712605CE034890E220088028C93245451215B713AF388E7DFD9EEDB8DD
310
CE6ABFF4B57D97137BE50FEFEFDBA74049B6AEED74869B7E87404D2814EBB7F76F0F67A8835CEEBFA0E42B854AA5B2BB5B6BCC951A8D52A93657A914FE0BEEE39FFE2FF395B9B9C6CAD2D4C4606F4B7FFF8D1B37EEDCB97587F7CD9B4343BD134BABE7DB48E3FFA7A228ECD6F6574E4786C0FC8B5FFCE2CD5FFCE297BF7CF3
310
CD5FFC92B52FFE58BFF9E69B776E0EF5F79E55CBBBF9FC3F5D3DFFB07F5898ABAF7CDA3B74E74EC0CE20230561BF096E97E05712BFFCC59BC80539DCE83DDD6E54FE61B7747DE17FB8980BBBFB2BBD4337DF487881AAE6C5ACC6AF25207877B2B527BFF1CB3B77FA47561ABBD7F7FA7FE146A5B6BD74E3164C7F51449AE95D
310
B412200EC539418717E7F2F11B376FF62E95FEAF1442BED0581DBCA1BD2780D23F506AFA16E1A7AD974EF17876F00DD7BCB187A1A97AE51FCED5BF2BC1F2BBE5B3C19BE27B43CF26DE00933658FE129B109C2FFF922CC22C4260FA01BEFB462A77DEBC35F42F600C3F5B0795D2E9E02DAD5E650B4438A92801B65C35CBAB7B
310
1EE5041CE69D3B6F1822DFB873EBD6AD3B6FBC71EBC6C86AE967DFC2DFA4CEBFF1BF54F6276EBC114E2F43FEC60B01A0D440A868B2920E5C4BC10D60931ADCB871F3268B21D3851B08E1D6AD9BFD4BF57F7577909FAB86F29B982571136AF01DF5FE32AC3BD9406CAAF2440A54CF176EDD01FBADA1FEFEFE21FE4C9858DFF4
310
183458A9FD2B6708A5A5A137E0EE1D11A9EC0C7C58B2C73C0AD6B479BD76B7790CF899E287FA5B06FB7B07C9195B7851FA8794031EF1FC5F9406BBFB23375420286399B631E93B08022A785C4DBF9996EC3551874094D71B6F487E80F6837E50F483BDBDBD83232323AC420A18C68DA196EDDADF68A77F938F78FD972BABBD
310
B7B87FB164AC6FC2CB760365821ACB74AED44FFAD7E7431ECD7E08AC421F391D199998989A383D9D98E8E56F84A318C58D9BFD2DAB73FF5222C8EFAEF4DE7AF30D756E5108683DA471E70D0502099A7240F19E4089D3FD203E620F1B47BF43501E85031AE44B4B9F2E4D2D9D4D51D8970983FA861B3706FF950CA170DE82F6
310
B312CC4F42C8966295F7D725ED29882415DC055F36DEA1FE96FEC141493F05FAA9A9A5A595B333DED5B3D5A533F62183323032F46EFF13EA0AAFA5FBF7C8976F8C10F7280A014832593B90004D52341980D907EAEB73411EB2F1EBC9F507F92746C40E7AE0AFAE54292BAB2BAB67CAE0746264A277B06508168C94BF772BE9
310
765F7BF0B548FE1E07F3B5A521340A5CB5297C4B12811B89E82191ECF3E41B3259C529F135E23CF4C7F961FB13537F5A02ECCAEA76B5BA5D3D3FDF3F2FEFEFB3AA22053E5008833428DC6C59FA2F770595F311F235D427F379BB8A121BD901B96076A388DC4C3C61C7933CCCD770FF375A6E0CE9F535FE2534BF5ADD3E3FAF
310
D71BF57AA951B6D4CFEBFB8864758A26154430080B06ABFF557610ECC93726224F155D1471041E0D42F82F4891C926C1355B0831649FF365F46FF05300A7A790BD8ADEEB0D4AA9569A9BDBADCCD56AA55AE377F5F3F3EA2A34983A1DE91D810543138D7F28E57FF4E2B5335A3928B76EA1CB9B00BF158C8F63A2E788826896
310
D0B5E7C461949ECE089144F8EBEFC7FB4D8C9C4E9DAD60F7FBE572B416C2F2423ECF8B86C439E450DA970634ACFDA977629098D0B2FAF313A36B3869E37AF7853378CDA1171FBEBA95DF1E44FD5144A420588641B0055A79ED91CC0DC41E27064512FB33F1F04D09D0D2DF0203A646A6CECE80DF28356A348CED8C4F1EF137
310
B9319E1BCD29867CA556AA97F7B757567006A447FD375A26CAAFDED9CFDCFB2BB0BEEE8AA5911BC2C7F85DF88A3775389990AA72219D582409210F85A4E66F2987D875C30848023088FDF77E87F96FD7CBA5B9DCCEF4F4C9FC7C676777577B7B7B67E7ECCCE4E8DEE85E81A6D55AA3BC7FBEB242589CE8ED4770E785D7DDE2
310
3FF2587EBF57F50B9E820527316488E5C32D50F979BCA58207297E2B6D658702FFCD211840FE43FC9F3A5BAD9E97E6F21B9FCF16BBBB3A3A5A175B5B1787875B5B3B86DFEFFC687A72674F19D46A8DFDF3EACA59E405375ACE76FFA922C817CE86A89BDD92F400F2C55B7462F610459837D3A61ACF50C7471C8F2F2A9D38C3
310
DA2F068007F80EFCDBFBE5DCC674B1D83EBCBEB8BCBCBC3ED0D3D333D0B3DE33BCBEB0D8DA35FBF9F8CECE68AE020BCE61C112A4C1138CD47F9AD13F7DC6AB9CF9CFCFAF9D0E01FFE6CD503F5B91C5218E2899CA15098714848B04FCE5654884ABF0E554F11F6C21D73D5D5AADD64B7B9327DDAD8B0B7D7D6D6D07070763BC
310
0F3E38E8EB4310EBEB8BC3DDB347E3E37B5842B97C4E44A0C630427E5CFDFB71E03F471E12CA9FF70E055AE141042DD81234B879EB4606361D9328149037D7D76A571A7E974FA20AD0323832713AB5BA7ABE3B3E3D3FBC30307070B0B9B645D93C3CDC3CDCA41CFC6AAC2D64D0D579B4B1B397A7C1BDBEBD7D36657A3CD4B2
310
F44F4909F2B9CA597F4245C59DEC354316F0587020D0C661742BC02869435FD12CF195C422DB3C5A3E2305C000CE6B7B27ED8B7D63079B5B5B878787C787C7C7C757C76C51B60ED60EDAFA06D67B965B3B672677080BB5329E60E9B477847AE2E9EB53E35779FD37EFCD2D0DDD68AA355B6B0D81860502B8B68C801F5C697E
310
9AD62F4B406244CB975560BAC756AAA577675B07C6D03778C17E7C95CAF1B3ABABE3E3ADADE3CDB1B1B6B681014470343EBA979F8B90383545727C63E43549D14FD0F927E5F1FDEFD7263058FE02EBCD1BDCBCA053496BD58E69BC44F9F854D4D979AE9ADB908824382AC1D4014E9756EAF9CE85B6B54DB01F02F8EA5908E0
310
D9D5F1B3E72188C3C3AB67879B07C8A0A767B8B831FE5E7EB754DEAE5261460243FFF07858D8EF0D658BDC563A2C5EF5833C13C90B69248C4DD97842B61DFA7F210A2F6108A0F96B62E2D3B3F3DD939EA47E30ABF5AB2B903F4BE5F9B36757CF65021E616DAC6F60A1FB647274B4B05B2E5341B082D43278F67D8DFDA48AFF
310
9A13F22B34C7586C9992BA6E66CABC190E313E7C811AA57304B421A75B289B9D174CC868C24548823E230B9A5A2DCD2CAFE1F98E61C015CA7E96B083FC59F3ED06EE60F360B3AD6F79787ED278D0A86FAFE00BA9220EAEFE1D5DE1F7855939C3FCC1332426B377F692406E022C010DB437EF009803F0DCFD3B7C94440571D8
310
F2C328F115F47FD324802070BAB43FBA80EFDB92FCA1F7E7CF9FA875CBB327CF9EB08C4DE4815BC4210E2CB7CF1CEDECEDCED5B757490968286899FAF95583BF46F9393CEE6A86D6F618CAAD9BFF0BE22B042412C5CFB50556815CC5BBE33E9F61ECEC26A9BCB8145FD10590078F9C9E953B513FAE1FE387FAC246E14F9E3C
310
E7F5F8194BD6594140876B6B84C5D6799C61A16434201E5237582AFD75C07EEED9863F463284E2E13425A036BD41061259289B6BDC1ED656FC8B8592C9D00701E27CEA749F0D8EF44EAD8C1F80FFF8F8F9D513191F6803384C800097F24069C407CFAE88136B7DCB3D5D4A60B711F19070D83235F77331FD35E71596688903
310
8E2E0B346EAB7936C4162043E1A1F144093695443A570144898BC4079CEF1912809A3035A1D3F361235F90FFF1E3E0FB93C7E2750719F88E7D8E68123883ADB5B18185AE99F1D11C1238A792DC4BEDE8EC6FF503DF377E0445F68FAF4E08D43082D02170F30131A154206CC559A8D9CFDD762B31273E4947A581E0D9BB71E3
310
3FFA07CD02CE2A6BE1EC80167497F2A81CFA3F7EFE58D0CF5D5D170DE4F89070B0BC4040CC17BEAC6B0586C3D3FF0309BC06F44B04A1E13729929B4DF73C44070692C810B08AC3012E8EE9EAE22067796288C193B2139B970B86F47FAD0F98382B1E035D9C32FD318A4FAFCB274F2E1FA772F94411B0CD42493C23393A685B
310
5FEF3E1ACF554AF5F3552A478383374E6B2FDDFC4F6DFE38F4F4ED7A7FE838F488EA852482F412D3CB07E293D02C9F074F12E84C5AAC423271450572A385449844706475FD38DC3C22486A0639E5F1E38B0CFE93CB4B25910EF309A2224BD8DAD40C682C28341AD69047E8539A6AFC14EC573F7FAD10AE0FE6EB13E87B28E0
310
93B513B5803514DE408809BC12A14876DE0A25F643009E9176D9F0C330164285A7444DC8CAF0E9FE41429EE0A2F6A6DE91C0856C501272404A8468822E24C807030B1D33D40D4AFBDBABB411D093D88C86D7205E05FC57EDD1F805FA4CED5920F0CED39157E007CE21757C5DE440ECBCB46CD283E378029B43FB077B4F47E6
310
0E9F61E8D01BE017D7E843EB49F50A2028F1E442FCC90C9EE308E4C0C2C94EAE30B75FAD3A0EAFA57FE9EF960F14BE15638840EAF3BA490BB6850EDB38EECAFD21A0C746D0C4234DBD035EFC7EDD121FA585FAB73DB89FE6A03CF833AB0730E5E2F1A36CE3F202A128934B44E396961121E1F2C9F32BFCC0C140CFE22C1CA8
310
E109B182919696BFB98120234F61B59F7BF46EC30CF067B21A33B0FB3E402448EE266CCD93135A8E823DB31F85E677434E608F53F8100BC0098EA2FD6BC01770E0F2F2D1E5452A711C4BB8486248FAD756D852026B6DC90A2AA5C6B69E9068B8F27AFABFFEE8AB36F1D23985D5960014FD711940800B560250D2272CC54FF1
310
D3A660B275AC3881E349689C1616E1E9044129D032313509DE4700BC867C71F128C400159407C761022BA8A040F40A244788808C60B3AD67A17576279F6F946923191921B0545FC2F12AC0EFEFBD7262B6935679FC7F80629160ABFAEC88E8430E76D82A8DE62ACE50BD4A42FBF03B387B37FD321B37E31C3F063D99703F51
310
60E6C9E5A300CF32A91E0A085A29C0FC507F6C21012303C6104B82C1F1E156DB3229D1A855A32A8352C9077AF733A0AFE0FB3EF81FDF2F0F82C21B0EB06998866878B103305E31EC17F4FD43831E570A2118D1667632D4FFFFB125782F96168A833DBE78C3F11F8383A79D49F58F1E3DBC780417AE6581381E8610604888E2
310
913E12492881274822C221AD04CB0B1D273B8542837460898C686864FF6F801E8269F40AD0481DFAF5E6E9C1F3BE391C325004DF0746A4E4448F7B52C0D5EAD39EC46896B888C4210D68E99DFA2820DF7FF850EC407EB55C3EBC5028611409BFCB8889C90F1C52355AEF98B18100094C9D0EF6F64FD47E5CBF3FF5293DDFB4
310
B50DDD54F351446FA1F14580DC3902C085F593CB24ACC917B213BBC11B3F0A61042FD8B24F4FB9C4556D0CB9E1A880DE89934CE9607F18F81FDD950DD0E1D143F41D56110E227C250621FF098838042BC85B5B6BCBCBC31DD37B34966E9FFD9936A2FEFEA9EBA4182E5CD3E17AE35501FCE0707E5525A7DBC64DFD077825BE
310
37CE0BBE1BBEC061410C660B6E49912665E2B3749C7C9F93834022F74CDE6CA5EB501D9CBC04B768292C5CCB84478F3CA83074092C6082169015E5800D5839DC6C1B58EFE83ECA513BDE3EFB8EF1242D2D4B3FD55AFE03D42F8492AF8A3F21444FA2FA9ABBF525EAF84C09F0168527B0138A85D1EC0443C467B28BF844EAF7
310
6323BE13D7C11F72FED783837B970FEFDE7D7817E077C17EF7E2A1C2C0FE851FE4C008388C15E818958746129E1009D054B67530D6B3D8DA3D59D82D9D57CF70039FF50FFE0DE94089DB269C3655A4F25B38C49D0BD48E59F1526887C18FC5272197F85CA72862A593A4843CD25F920487DDF7AA0441A2C0600D062001F103
310
FCEEA3D8560CEC3EBACB01CAE5A51E420349F602191E5F901893142381351CE17047E764BE50DEAF9E4D8C38B6ECFFACEB141E54A6865A88A60133EE9CBB4C256930B0B168C1C3AB59FE1743FB422C7166082E934AFA5EFA3E4BCE0B69362FA7041818B7FDECE1DDFB4D022007CA23E521F0700AAEB5888BBBF08023E128B4
310
045381542FA256B0D04E28A0C3804E233A1BFB476A2F48FD135BAF9843BEDA3264EB42BA499601F16B566E72C7EA35908ABCB9176BBED43204C696AFD3D7B24B08D3AFA44BE243D88A6D9D0B6562B52F741E1610C0EFBBAF2B0829289A640EC4C8A4FF66A24430786CEBE1E1E61AF9507BFB496EAEB64F8F49B4129EBDEC06
310
5EC1F8A3F228A3CD0950883B41BEC6D1944AE06147289600A7726313AC69A3F91197F1438BCB743E76F01F6EF1D1C854071670FFFE43FF1EDED702EE5A14C85D0C42DF90B86068800659AC88981855E3E774A71C0CAC2F76754EE7CC87C808D1E1E0F6CF47FD4224731337BE1E39C5010823EE997B1491BBD99FC8D8EF7748
310
2BEB5EB2CF66499A8E0F7511B19B3EFBDACB6507BC78731B1B383D02FFDD7BE8DD9256F7D0BA7B46015941097B80018F700FFA024CC08078F51806100ADBFA163ABA8A3B95B9D2F92AC30BC908ED31FABE0CBEBFFF0279B675868F9AA24E9530B08C174055B7F48E4F58002F3E82F0BDFA003E8B431EB6C4A91E4D9B5FFB79
310
1265BA8827BBE5F1BCFA7F789F72F75EC800F8AE43FFAEC42F13009FB905A9A0132015D0068ED7682AC608BA6771038DEDB3B33082891FAB1ABF5614F93238079726B833958796B845B731FCB86316713C1DC581B1E19B424EE32674093F80776F7E27C6FBFAC85C536CD955B96EDA2A3FBF770FF4BE11845470EB3E42D022
310
000E0FE07D161811020742162444668308801E133A4C163BE68F6826A5523071CA78B2FED51F28F8C70FE4190073A3E5D3259D7A288CD19BDE623F10021BAB0C6E327FD507B2741627727EA00D31856492F9F009D7F152D930704E642795C1C1B336E0DEBB7F0FDCB79318543B25341F36802D64A981A690B94259607DE0B1
310
9D466BF8C1C5E1CEF9A3FC5C639FD6117B4BAEAB453F8EFBDA500A67E8BAF76C8A06566E36EE1184E8329419161F83D843D5DE7D8221163E145F56921C3EE383978072129E290A9B7166E63D26BAB1FCDBF710009E4051842390031845F20077CD079407C575F20364C4910ED2A574BC357630B0BCD8DE39335EB175646A69
310
8458F6A346F003A93002E846FFE0C459B8006E506D79BF902908A0AA05CB5E73530E33BA1D3C2EF99C712B7C8B41DF4D2A7830BE8707485FCFAEEB85A09AB6D39BBF7B4F23E00509C20DB04E240822A4B810E04D8D53D10D504C059ED86BB8697F514777717A8F8144D48A4C89077F7EDB00E2D89DC02A7B975640A282C49A
310
4AA84B70B12BFED8EA6584860DFB7EE23FCB00C6BAF7332FF259FA3C9346508813E372F1DDE425065BB61FDF8300F7EEDDBE8D0C6EDF46F7D8823478590AE23759D60DA6B7A9F125EDE8F4A5D2B37470D0B63C30DCDE3D3D59A8D1501EB1B0A5377517BDD6E301F995E3F955F0F58FAC2E81CE172A8344AC03DC6781939D24
310
84B8FFC15E8F3ACCD3954CE19576B942D0A029188EC7013FE59AE90B71292DE774F1F63D60230180B30A2EDC65291B6211B4081128856001A680015CE000708254891851D4B3BED0FA4D7166B466BFF1D2A924885AD12B387FC0FCE6819AC3AE06A7AA4B715F0927B74D119D4A668FB54B8A8C268D8B038A207D10A7B1E95E
310
42195B695BE0240F7408B311257C23F581E987C180140C584A02B1670CB817CEC0A080F259F1360E58452013200E3EC107AC1DF4FD7B0F6D23F33347F9527D9F51E6138E31AF35F1BDAAEEEBA3D71BB402E2FB47CECEE96B4DB85536772B07C82A34F3E66D0BCEC207FEB9E70643761276F7B50D5EE963CFF80C7AF4A2130F
310
5BF8C4EBFB5F07B709840480DBD8007FB7EF3F90104908BA457D43AA2A6A02C91422285E5AAC143F3313A0CB74D9D164933B86C25587134E8D342B453FC982860D09FD13ABE72055ED020E85D3E312F74C25CB0293D978A1C4001927C80B86FD06349126EC219F0C735C8053D8F5F310817EA01F1B7851F406144C211C6362
310
C27DD51F1E310C0102280ADB891E9B085CC528A2B1369A46BA195B9A2B351862CE43174BA73FB7CBB430A5798F4C54B7333B96C3224A9863AD02B9FBD8E63092191924E77C199D92887DA594B6DCF0112857162FD0949FE6A441F5E62E42FB2105BC405A2301A3424601DC807912CB2C39C604A27908021CDA30C4C8C2019A
310
883B3A8BD393BB3546136EAF561980FB63E9E035FF73B96D09A905ACB2C11D79571C5159026227DDBDB81396EB03F14100BEB66DE1FA9EF82C3ECCBE318119C4269FD014E66361FC8BB0B4EA9A98EF3D8848A01360430284335004C183CC25BCA82D2302EB03B8419241C64DF4F5ADAF77B533BE786334BFCBB8DA72BDBEFF
310
C36103AFB30608A0B39B58D93F0BF42180841DD26BDC22CF0A770E90240006BAC65197D90920131C7B2EB3CFD3C71C6378A305EE8488FC1FF8D391E2BDDB0F6E3F45E7C8207C419800DB410073A3173942CA8D5242642A74496FF115832A6314D9FA4257577BF7FCF8F8E8CEE8DEDE5EBE76DD3CF892BA7FB8B90F629431B5
310
525E92A15A3A4A6FEA3FDD73136172060959206591F4C927196CF645AA285CF3014630121754261C0D31E1A7E3DA2DBDB54B04703BDE3A4209F02045C4BB0F529A14BED07098A2A1CD47513DA64B512F409BC01663090796D787173B5AA141B1B39BB470EEBCF1E30F9D263ACC4D05110797CEF7B923B027F089F74D1D06F0
310
A4D8C0CDA6604023FCA45B76C5CDE0BF3845ECBE13E0C0ED73700A8A753C1AC8AEFFF1B407FC8A20F42F0D94019121DE304077A027D4112283BB8FF0072444D68AAD111D6F591BC0061854BBC048EBBE9E81F6A33A95C21BFD13AF3C7E7DCDFFEB0DE8903F77B41DF178E99C289895B0EA8CD640549D68935BA7C5294E0A1D
310
66DA0CC419BD398E6265789CA1241441AC94532A3C19C95340BEFC68703077EFC1D307B71F3C500859C11494838E902203A2BE90EACC5135B80B078804340C920C2300BCC06F7A1C71B875DC572C9BD1D84BD5FB9363CA6BA7D03E5C40FDFC54FC23C9B4B9DDD028787D89219038523BF64E638BB37CC25335937A00DFD328
310
69C5B390C8C32FF25C8C47A7181B4A599A224A9DADB0E0406FEFF9F183B7448F081E3C55024FB33828784AB61704482CD0160C04174F9E33BA9291D58C2F1F1B1B3B5863B0D9F3E51C35C253D54A23E560E2C0CB3A6F7A81382601C2079CAE96B7B1560D20A341E85A928A4E01083256420576C2ED477E2E565FD9223BCC69
310
1CF394D3D8E281501E0EE5C1C8159E92585D255CF30CC854C75318006EA4A01028EC853F9407C6053910BE105348324002260254886C156260F9189EE0F8C9A3CBAE9D5A992184568A69D5183A7DB97DB089FDC57AEE54F858FE54F577DBA85309640290F2D220952620750C5811FB772A7876D1E4040FBFC6474D51246D8B
310
3FB378283FB514F8AB3C20B8BF7DBE5DE541C9A5D3D38DDB30E00151E02523081BC89C2214103E0BC1B3D0199A08E002681A2613A2616CEDF0F0F9C5DDC75DA395C25C0309C03DEC8091A4AFD3FEB504AAC6633930556DAC86EE3561941E862C4A75DD6B6BB3A0C59BE153DFA73EDFCBC3CE2188D3D378FC976D0EF9A95B7C
310
8532F527CE3CF539581E0FE501291E9139FFB65EFF5DBD8E0C18DE3077170A64E033FD278F18068028802F156C3809FDEB11B1019C208D020C9BA2870457F0F8E1FDC7EDD393E3B9FC9C4308E9315704233F960E554802C14716B0B45DAB5EAB5E25AB7830EBB8D25E6CA94E4AA01794FB1EE164FE9F040FE82C940A4BCEF9
310
13075D087E85A7237D3CF29C47E4E676777779528C4781761F0BFBC1D3A77880E40C9A2E5109180D5255317890394229F0F082010354082D574F1E3FBAB7D6553C2113DACB97BEB5526C7C6F69F9310A94C46CD89FF8F379AD1AA035FD00FF3F320180F01417A6F255A3A8D86319FE0C0B0E06A0DCD33F79841339C01E5BBE
310
1911AFCFF7C1E0A540BFBDBFCF2372352686D863F83F59CB6865F43104007EE06F52406F680341102048A01BB048823082CBCB0B6AC48C313F3E7CFEF8F2D1FDC3D6F6F9F9D9E98D9D7CAE5EADE2A6512FAD7AB526E17F600C85550DDE9ACFE9D97E694513103BC69F8A2813176032C890C1E9C49FC09C61670FF8705B1D73
310
86260E7C8E7122C7F8208A55139E8C8D4763F7EBF5728DF9C34677364E3A3F9AEFDEC9CD95470788834F9FBEC512379890B38C94205B2557987C4186DF5C0837608DF0F9F3CB87B7EF6E920475752A01460E556919B2B64296FB9FB70DD5F47232A0F77465BF140CD001F00ADCA175090E2665A14E6329B62660E02A1CB50C
310
6025E3DA252A670B3F0FFAA5EAD94A509FE7036B159E0D1D9F2E76B7AE1FD5A606198D3A747AF450023CBDFD162278B9446688111009B4029B0F2180AE20A542D40610C073B47FEFE1416B2B12200F3C991C2F54EC2491027A816B0A34A9D05C6F437AC23462385DADD75642EDDA738AF1600DBE07EE8437804D2D011A94DF
310
71C2085EDD40266A407FFA1D1C00B0C03927E60338E3B9D8C47D1F8CAED578E06F7CFAA4BB63B175FA7C301B747CB377F45192003CB8FD34B12009224543D8604494011A80C1903CE0518C986208E1C5FDDB8FDA161686873BBABABAE74FA637BEA894A44078C19696F326E057D7F95D061A6B0394A9D5F2DCAAFE4C2388D8
310
A6E9AB7695CB0BDD0A332430F1A9333DA41D1FFB97FA09AE84E738C75C407C260408F8DBD5EDED7DE1570A7BE333C54F16963B46AB0C2B71208EA3D16EF4EEDCD7005241166C005A73C03164792151205C007288AE337B4D7103741BDE7B7AC913350B348B2D767515674EC6F72A0402BBCB41C81305AFCF05F2758D3ECAC8
310
D26AB97606DB9581A4B7A8FFB068CD5C0604E6849046B70C2B60FF0CDDF93C13822B4E82FA0479A68220E66D9FD775FB3C1A9CDBDB9829B6AF2F77EC9E0678FB20ED8D1B1A1A39D10F9812E20D6281F5673121AACAA9C53424000DAC173F7E18C3052EEE3E78E7F1160F5AAEAFB70E0F7775CFCE4EF384DDEEBEB9C0889D52
310
43BDF557559FEDE5F17AB21E118C4C31A3DF6A96B56AC62180293910ECD6B721047664BCFCC6B2DD3C65CA0F0C823DFEF84083C7ECCDF05898EEF158F4FEF97EB9C123F1B9D1D1A3D9F9AEC5F5CEDA84A3C96C14A55584D62893D6A54D8D2028D05C8B1F124884543F3223B29D208B04910D3FC43F5C52196AEB5B5F5E58E8
310
E82610F08C21BD443801233C0CE8BD1E40F84A1CA86001990048031ABBAB11EF83F9283EA89F181F2A0D9A9F62D94B7F625FD727E6A93F63F200F614F7CF100D4511C07DB45FC5F0CB4CA359ABE4774631FDAE85E599EA0878A3C33D5AD6430CF4C055EE5FDB80629000D7855DED3F436F3B61B3DC7FFACEFD2B1BC6FB0696
310
312CFA477CE87A87070C7998E04FBA78AE3F915A065E819FCF35B410321D9ABB308146A11AD5196CDDD7C477A171C8AFC74B45CBC6F641AB53C8D4ADA5870C02379BC0470CF83DB55F073E29CF5CE5F7A3F8FD62EB7AEB1774C2C6780B9523F9287193FD23DDB79FBEA513B45200E2E0C1B51350163AC19043C600F2C1DBF7
310
DEBA7BB9B5457BC0D840CF325EB0BBABBB786D301437000020004944415472B491ABCCEDAFC0591201CAC8EBFACBF367FE7B6E40E69F551BBBE7123E3C00AC560CE20C62436E8C3C54CC225EE08C0D74CE26148877689EDD004FB2BFBFFFBB984035373A7954EC5EE8591FE531348654514DB1D1C56411DFA2A7C212BE5ED9
310
1278F2851A432244C6822C29C85A8B320ADCBDFDD63BF71FD32648E7D098CD018BC35D7FE89E250EF2AC75F96C15271602687965C844B8807C6E7729D93F22E81D39ABD62A0820C1FE9F11CFA7208125D33E96FD69E83AF6052DD32D49FF0802CD9F9DFD39260389A950887A647CCC99BAB17132DFB5DED35138FB3A060F62
310
95AA5E195BF0BB56495A5A4A8FA440026E46A047D40ED2520A441C302D240F201FB8F7E0EDDB0E12A04D8816215A0579E8FE1B1281E9F19C9900DE79842E2A7CCD48E9876EB01C75DBA0E0C8D44AB5512947A00BE7CF5DE9E1A6A6BE43CF1A78783DFD5A404E4477336C1ED8B18908B2A847B2AFE9839E891137A6673BBB96
310
FBBA2A4B8E9373B001F08369BA11BE8ABC4302FD2345FD6014A127068427D007BE28B41D9B0D40FFB7EE531FA673C8870A69135B1CEEE8D009C08042A5B4EDA314920B635BF941E7487E45256439DFE9D276295F87E698389CD49FB394FE19720412DEDDC40E9CE9C6DD605E0B719FADC416CB15AB3A61F9B5B9B9426E54F8
310
1D8B03DD950946D432B40CEDAB7BB5AF11213CBA73C9BCCCDAFBCF06127C7980FE6D1DC9B4DF14832D6568FEAEEBA76FBF438300B541064ED33F3AC0B0D10505306FD370AED02859234402F6C3FED006766DDED2034D90D119057225EEE3DAF787EBF30EC51ACB4F551678BD6728E1944730C095F13E4D81A4DFFBF67C5BEE
310
37E62A85FCCEC6CC6C7BC77A5B477E22223ECA4FCC0F87E2A5E3EB782BDB25B8CFC6736A044DE5A7CDA604526361D650484FE283B77EFBD65D52C1C73C4F48E7D0D81ACF572F2E2280F98FB230508FA906B42DE240ED651B301CEC83DE1790C9FD96B6CBF986BECF3BD332C18EF627A0B6EECD5B152E02088D03D828AFFAD2
310
6B05BF671B4F9A09A8CE0CD2707F67F2A4B3BB75B9ADA331C1305BBAC182FB4A79820B7EEAF73199B8404C0B81231CDCBB871B80FC41FF5860E8E108222A1A076C29E6E03B6F3FBD4F1F295DC457573C7ADED636D6B7B8C88413DDF3B327E1046AA51040B40CB50C7E3F1D2E44DAD34CFA604029BFFBE714DF0C069908027E
310
B275F1F366C132E1A7450B04011CF82B2B647CE754F650FF6E25BF37AAF65B7BDA16CAA791F1D09F6CAB989EC5AB7809BE145FA459E8D3E4B0FB47DAEF093B946FED585B80FE1A0305FD5330FEDB4FDF79FBF6BDE81D8300CF6815E5F9896552412A03F31FCDCC7CB5E32365550CD9365FDCCEC8752E943161D78047336F8A
310
F6539840A1F2E764FDA2970999F205CD2BD1F5CF496571F76EAEFA0E1CF8FD2A55FD06391F9EEF8B9DC9994E72BEBEE1FC928E2F223EBA0FBFBFB4F2DF137BC894B8087643D64ADE6EDED67F7680FAC9060239E845FC94AE93D880F994FBF71FBCF5F66F9F32C292EA900F9C1E6F1105E81C5B5F58A067A448143842008D72
310
75EA3BBA3D2516FDF02FF79260020D6B3C714711F3CFB61BFF56A826E627E82256F7400FB387FEF23C1C1E77FD6A21EBB1B2B35F2F95E7760BE1FA3ABB3A981423477517EEE36FF96F122B942F6FB64D9502BD1B9089162532A2FEFED255028FE653C9F46FA321E0B588B7DE79FBED07C44106CC85133CA65190543004D01D
310
02D8181DDDA5A9C91A7110805B7875B689FC3902200FB192E7DFD936B37B57D9C338BD49E99E181F4E5FCAB2ABC1CA7AAB382CBC7D515457CFABE6FBC63D525E5CDF74B16378B9AD6774A58531912D232DF01BAA913DFB7D3AAFF912984302B84D0500077800D26C60A4742101DE420C610C2E92FA93056022EFBCFD5BB6B3
310
8651470CD33BD87630C05831BA864C85997B8754B05167F0706499DC442FCD22592AEC2ABF3FF13F950039BF159FA9B36ABDB2778EFF83F70972B83BFD3F4899E64DD8346AA495CB155A7499F2CE39B0AAE755125EB84FD8CF8D8E4F4E9FB4B72E8F1DBCCB98B31BC4607C2CFF21C8145FB48EA0F2159F86A3098415609554
310
DEFA7B27EF1301033DD06D274BAF6821D220DEF96FA4CBB60B3CA241C021D38E1AA76B4406B4767576166766A6C7F77273F5F395291BBA19F64F2E3095C14F3E60371827741CB27E89543857D6D96BF9A47C6A9A26057840332EB843717AAD171880217B71FCCC0355AED3D4819911F79D0EA8AD6DA31A83E36C5DC2D47029
310
5C011302387069158F6C9966022367ECF1D00BA9BB95C389AE7B6105A1FB640689033A7FCCFFEDB762189103A61C3A4FEFE0D6A6B5A19EC5755A443AE78BC5E9235B047890A65919A0D2F96AA3C01CEE913BB3ED239C3E0CD8DDAB99E4348BF3F8B977B6C43DEBEFBD7721A839A63B94C06A10DB87FCBFA3C2932F8C26F88B
310
6D6BB30C3C4E09AFE40FAB52EFAA1EC0316920E031A46D65A0FFE45A673432E907FBCF86717AC04F2CD0EF512D665FF53F05BFCDC43489F150890C60A8E0314E70A06F619D30D841189CA15D3417F3CD50191AE4396543F0C42BCFD696C58DF163F5B46D708BD5FDDA5E5E5FDF9401BC4F7E00E8A17520833D1CBFF495B5D1
310
CE037C664123EEE74737268B5D1D3DBFDA6AAD8C08DF2C0BC7A737E10AAB2A7B958990CEBF556CDBEE823CB09FB344143463C630CFFF585D330CF0320E921744A7918280FEEF981161008E9FBC78C830217A07B7D6985E83F9A79884ABB5AB383B4D7D788F9FB3D867A2112A43F19042B33A108690CF6F472F8661CFAC9714
310
78757F6E6F2F7AEB82FEA85E5715941778B278281F28C268AB24BDB470EF3303E09C359E9DF1CF990D8A096106E6A66C8620DDE7D281DF0B2831F20439A30D68386CE13E002F7EDA8D7806162B205D6A19AA1FABFD6B1B400EC2BFFDD66FDF7E8755B4883C043F43046C1326136680404F1F934EBDDFDD39CB58A98DF1BD78
310
80E0532E671FA1435E9D6EA5E9071000BE8F262E7C4044FD95D5FD526EB40A05A634775F32205C3D779FDC168CD5E56BF982508BF572BDA4F6F57D3304BE9EB18149461B12F760D7485891CA47CFC44909136FBF4931716A2E100123FC6CCAA6A644F25EDF4AC980B14039009BECE8B798BF69A05DC5B6885CD23F8E13A46F
310
F0C0A986D617F001C52241801E87C2974C31411DA3A5D7B6175472763D637D3E57C33B908F867F4A59CFCA7923375E5F027A983E18BD7BD4E6FDDBB2250C1529F4202EFAAF979DFFB1F2612E87EBEFEC58581EDB9AA95AD1D7C1905F7305BF8182D5BBB524D47C4E3B81CD843220DE1E6536497C0962C225F75A2D6A998303
310
B23FC501F0B3F736EE1FF01200FC8C99F5515207C9C40081DF304C0A17D06E26CCBC5B3C47459308178301FA8057C2C0AE9D99B05F038828B08400F2E3251254DD7EB8BC4853B101F99AB48E387457C96951E5DB670648BAB70A7B04FE93EEC5F5B183F9739C98952C6845C380D401B8FC86E70A20744EC720E09D35955D96
310
A9041720196D183AC2CFE6AEA816652D0234883D788BEC8F5DF2615261DB031C2381092401B48D8D2D870FECEA9C3D99DDB036C8A051058030E32190976718C89F031DFBFF2EEA3D88606A8A19BD0AE305BDFD12BA4FF46F1A0002B07137989C748936E9DB2C91F43B07E4E4D16C3779CF5A4FFE8CC981F07C29E34B7C012A
310
F0054FAEA4A6A3D49D3A16D2B3CF220A029003366663053C89B3FB1827080DEC2780076FBFFD8E39810CB0593CC68B5D9009F2D400418028B0BC6CC74067E7C9CC0C2690FBB084AA5254A12AF63543B35EB40D17B693F7E3464D5094C00AA9E04E0E0524F5C35C5EC6BA94B21AAF2440725E2A9FF94FE7A8F0E769EB83FDEB
310
039B631B18BF396F5C13CF89ACC02C387DA56DC3B1CD84B96CFAAA37B55FE723B611062258257D331F186AC93D8AD600B4FEF4AD777E4BF68F2168FF08C081A37AC13446C859964803961928476D78F68419390D830C1935B5C2A0A22A3AB17D3D6428BF12DC373B8D464E04C0A496BB3B3B75639DCC2500E0F0B15FB6F47B
310
5A7ED0183A87CAE8D535F2EDBD4B3B7FC762DFE65A07C30B2851DB890082ADC07131EEEFA3DB7DD5CD32C0860CA83CD4B7993A175F422A8149B1C1D94C1145059D9C78A8A572A90B7C8B1E3392FF77A80C50220880FF3669004E90F101740D2B808181455A044904674E7482CC3EC85C4BCE339404C0B0BF6A5611E4F9B815
310
7BAB6DE327EC9BFBA1B4557ECB609C1F45326499EFB90EE78F18227F09E563C9E63D847EDB3B68EB9C39E95AC4F7ADCF7D87F6752BB6912040281E4A0D8A8314E80D60470999B8A51FB1488A66A9F3F81FFA61C83F4FA6969E472288FADFD61B005E0EA4284822E018911828E868614DA0C36E11F3A051070BF2F0840E35F2
310
00E2C0C80A776CC9E7E6841C0503D0EDF15ED9AFE527E798D23BEE5F0604E58DFB7099D739BF0BA5D332EF29F1535995BDBD0DE681C4F71DFE6A7AC5A13554AE6910963E9ABC9A0DB5B202225545F5CFACC942B5B93C207352B6E5310BF349AF200175D7DFDF78F6D683B7C87E087FA9B35812C4F8F13452CED610A2207541
310
E6D659A739441F3833CD0C9C3C3DC2B0712F62333C4FA9327C9CA1124904B4FDE0FE21C119776CB0C212AAFBA5CAF80EB43772ADFE77CD9FA8A4144C54C2FB2304C65F62FC3678E4F6C68F30FEE1BE8383CE7DB86F58B1AE0C51F0F055E188D02F00911DDB0991832228B3172B3E623E513FF1734FF414A611A603163F401B
310
EA790FC9FF7FC3FD3DB02DC00184145B850D01D120424DC03C00FCEB7880EEEE939399F1F18DBD4AA54C939899304D913CC2D5CFBC55E50C7FBE4C0E14AEEF53D6843DFF56BE2D554637EA047D3C210E2C61077875FB5B40E19F43AB7470CAFE1C0D3ED3B3B4778D1DF6D4F837C08747180FE8394F2CA1E0A46B6DA62CE2B2
310
DABEDE0B1924098580FC16B369730E9E90541D3730D47FDE16EE1FFAD3419CDA05ED1F2715C607F2E81893AFC5936303F40EB776F1D808BDE393A3FA401E1C706E154C892860AD74A2949C409E28A8FB3349C764D13E4D1D3468952B7B1B35001BF41142CAD58D6011C8B78961EACAB66E9AFBC627673B61FFDA4167950A27
310
4145BF11EA17BA9AA60815C2C43AE1F648E3772E53C94E6364AF826019E723069A8AA353A3BF7FB5359281700061FF64C28C10B9AF0B70B0B0D30A31CD1CFD22F68C76DA1E44558869257892363C091D313EFA46B57C3BEB252E9C6BF5B4799EC58F1910F469E25AA17B343799DB3E33CF410061F96C6D63FA91B1000CEBB7
310
D2971BDD39A2A76361E000F5DBC1688D47CB812DD60F8001AF25B328D173A9E4BAC18CE9F1F628704330741B2649B92E9714447C68559C6CD2F681919367E4811100750058809D0230C087A89FF3C80C23C4C60882E481F48D531764BABD5CCECA308DE2F63D3BB50373D630796126803C2D1FBAC148F7592881B395ED7D26
310
B7DD38D7096AF98841CB37592561D9C6565317AFBE9FC4AF7371E060736C7635E0CBA1809FC80F544DBAA1F2F9393D970D44C0615A0C6930E758B9E63AE690F73045F0C8C0731DE9CD80F718E94652383458799E02C06D328010011C7090D8C5E5336A83D4059953877EA1E1D66FBE994F04608C4C991917230FB61F9AEE18
310
3A40AB9108D032449FD1A7283DD25ED15360EF7EA9303EDDC0043403531EDEAB10DFF87F5E2FD56DF0F1B701A9F614DB17FA0E0EDF6FD0B1622A81FA3D1DE5A33F551930335C353A87F9AB05C60455193448246944A232C5D07636D864CDD7A50D0B4440CDCC465D1C418321F50E1648D500294065D869559EF3C40C8FCC6C
310
323E989AD0F0C73142480B200842802C061008B480A9954AF282052B3AF67350FD0DD30D1F4075AC303A5D490250F5400ACF479656861E4C77AFF327F3EBECA4B57B6B6C8FF62602BF150744656A87DABD7BC6BED50527B2120C001A0B3718C74F0C65CD34F275164D7968148DDF259AB8AD6CA81CDA4E8819509B996A7F64
310
2D987A401A2B04018C01E6C169A8700F9DE3B489DB2BC49C9B7B858A4F50D22AE15428FCA4A1EDB20C83492690CFE361CC7F8C8066FFD0D77AEE797977F468A36E0B0DFC87F90EE6348BC748F7CB73B5B9DD5C6EE7AB19ADBF6DF359F1DC2A0F9E44F213F8041F64274C0859A2AB7C37440FEDDD2F95BE44065F22067E3EA0
310
CC3BD8C0D8194EAB291CCEE20B9CD8E02950AD806080047A279F19024C837C848816719AC4A34DF8F0706CED904E8185753A458A27E4C1E37B5F30A104932BE140E0BF4E400160F320B054A8705042FFC47B4940810173F9C9E97240C7FCC3F3813EA239B745DE9F1B1F3FC2F9330374DBD1A7B475923F9A2ED81716D18D1B
310
577DAAB9D1A0458655AD3CA7E211867AE7C702DCACCD291E0F798013DC01BC326087775C0833E04EA3778FBCB8DA4687A0255CA0AD210C15661E4E92001A4449031D1DD27D327334BE830B64DAD90CBF537A45FBD4E94A7A88888E715B7E74FCD040E818BDC1BF5AC609CCCC015DED23877080FCDC47BD8EF3A7B783A17D33
310
F3ADEB6D6BC7AD75EA7C7852C5B6FDADA6AFEFC2D181C03F8C40DD8A4AB5024F0B72E34B57BC1182472DC80946789AFB711DB7F1193C03C893B0345F420246114D3EA71D04FBA731C0DAB0D3CD311B218F0D5A15ECC105D02F3AC32F13600084731A83220040019B03180634B5923D438300B05BAC80881F061095FED5D572
310
A3323ABD83F1D37A2301A8C930AB3F66ADF7CBEFED30BAAD7D78A06DEB6A87F15491F5AB7E25842B6B34BEFC12C8A159F187C64B3CBD2356DE5FBAB98BBE9583F0E3280C0076DA15BF34C15238145742B07080B1EFB83382F9FEF2239D003541041083C5AF9EF3C8944DC2030BC3ADEDDD9D27475800693049E05413BFB3FE
310
B4308731512F13400D06F813368A0101D8D863EB3E75FCCADED124F532AD3F123F131AB46A93DF1ECE7F96CE9EB6C365C6D6A07EEC461FC919FE288AF7AE1A7D012D291EB073735FF26BBB1C99FB706E972192819B7A34BF22424BEA1CC7958AC2E04BFC8E02DB90A4A1DD04811ACDBC181037864672C78F6C0EC3073A40CC
310
49D5E813593B7002763BC6A909D31AC86F3F6E335C9E1C309BC58F16418642E2AF6B290A34FEDC0CFEE08FCA0F56700699CB73B9C99302AA17BD516D7F1FD755A2B32B3FBE7134D3BEC813195BD355020A7DBB541539CD2C06E45F46FC0EE08293E6C0E1972176D9B678340AA1A4823404EF79B1E2347E47C35D0A2260730E
310
0B513025DC0BD1C07E3366E9B9D17F767405FB531070700035618606F0B40C73C974CFD321B0C174A80C0F3AA54945FFEF348F5488895713E89B5C98DA501E06D8D24FF04FF0CD7ECD7BAA755A854EC6A180AD13BE094E8D5D63BFD6DFA5F5D3E4DB1BA18FD8473DC6E17FFC9832B71A2A94D96E808BB53F9192955D62C82E
310
282B05168AA0927D54AB20A20A74800B7CC9655C8B15F62377CA4C91641F9F4D0478F4FEFDCE273A002CC0A725EC165CE3A149F0333E8E9600B2C05A7D15FD831F0938DBE5D0FF13E3C0F0765965A0961C3FA86DEEB0E28304747BFBA5FCDEE44C23544F7BB7BF7A132DDE34F99E44EC3FEEAE92F667A10F7E90B0E8C6442D
310
F5A5318B0F816311DB2E6DC6F172C363FC800EE09186BB9EC82A24C0117700CD884AA42023B81EA6E0CF8B3056411110D78606EBC5AD5417B45BCC8E61EA01C4006AC233933E35D860BC1B6CB9C9CCCE7840D2E0C1C1FFC11CCE54D59300F2B47D66A10F09D8E24B71B9BDDF98FB62A3B897C53EC88D16D1FFE8C649B17BB8
310
E760EB20B784F52F992544753F2CBF642CD3C9C70D8722C197142C567E74FB431EE248A8F3FC00377F5142144A82FFC28AC2970A780C85A7EE9146FA4B2981F3C93BCB0F3FBCB6DD3DE69C72B6073B99140DE28B8E919D9D9E7C2F5FA99FC1FFD07E9AC0965CDAEA0A945FADE52C791EA989E8E7A21A355FB37E44405D171B
310
98A6E946DB26AE71DBD01FEF07FD378F5B4B518724481820890E7486E3FCE61A60E096D577701890EE07CA5D7F2B086040749FCEF3F81972E510A86359C9BB579883035887542090614E5C4461705D7CA1CF84DB564838606CF1597E8119790D021080C935A908324EDE9F60A04B7830A33F0670CB08605B8D01BF9A3D4356
310
93FAB4FD84EF6754930640C1F9D74B052A7ABBA9F502B39DA3BF6BC7514EA4BEC71D752BFDC198EDA8DFE8F32B3EF811E4576B0A2074B99B070A069F60173E7427BDF285024E35A4418B7A412914F2800F1965C4F1120A2D5D2C64400563D5942044807BE7C738EBF3034C4A6F4D70C04ED1F97673C039FABC4CFF18866E08
310
200BB66BDC9CCDCC3FFD1E43BEFC52C317F0F5E64900FBFCDA4DEE68768FFF46350E0EDADB7B34DBBEDE3776BC55599AF84E312229F931E700D04478D66A0D88D09B2276141AF0F8811C5F8067DC04C0F90929F7F1AC9CCD368488AFB965C97B855A3E2E93AE5B4866502E55991B82D4388614F2C36B8484A5FA06E3EFFA98
310
4A6AF17D5C2073299D9F12FD63826F67FC460E54030981684E9FBFC22009A3006962285FDF4FC84B699FB5BEF3736C6072F6844C15EDF25883037DE6BB7AFAD6AE164B367812FA8CFCA6FA25725D99AEC5C6EDEEC64ADDA2BE0056002032E1D7A20A54CF444E360D520A5B69816C0A953CE0434A8A898BF18E2B704588C01B
310
DB2133342F5404FEE698957C200EF54E31BE6DF4E888C9C67F5F3F1B41F922777E7FA6332677C20098C59F762F5DFE4A23F9801A3BB6F8A4F66E0D40EC867E92DEFCE84C714FC7CE8DD3DD3BDBF9C781B1C3B549FAD2C89D711808CAB100E09700BB85240374A7209212F320CA577222A7020E7824500179FC7096C714884B
310
DFD9499E027ABEB3CB0226CD293CAE6E0C41A6788F396606A073E28CBE5CC67D584D36CA39D37974FE1023253E3FFB007A26F657FFC901D851130DDC2BF54884F20D5D40A0B7E5C7BCC7CC87B84F2ED820192CCE1AABA1FF24ADBE1D03635B5B3B53D4A5F84120125FADC36A0E792D3AD7E255792CD5241A4C84171F110409
310
0017DA493D0A7790A7BDE6DF326180398E4B0DEADA5C2763825E43E05C388E184678C88CE6422606C017F030366981353DF03A753DBF6370879F79889DD0BF75408724DB53C5B0063AB6568D02DC47AE4627B58D7E367A6000267E7840C23A0940B992DB98ED1C4731B4FB4DCFB6D3EAFB6CAC7646F0335C5031888CD74E21
310
03380260AD47176D703960230370FBBF28813524C17FFFBD6288BB28E4F905ADB4A788B40B4A6201C1878BED224DE9906C4C79EF32EE679B9F5D3B5DFA137327320643909A823F62106CB8F9BFE4BFEAFF0FC7A6393EC7F64A698EFF8ACE31BA05ECE6DAB6DF124118D1D13F892F3D3530602E3F3ED3D59DFB821ECFA3D9AE
310
85B1ADAB9E328DE738BF55D5DFD039445AE76D0194180F57B15BEE5F09C07F952F9A10372BC894CF7DA12CF6507E2A8916E0DF430C519485C55D61EFE209912D8C32866214E121611E22A0B1238DB18E86636A3BFAFD5B4EE02FF1E505F902BDF424D0516907BFC95EF3A76B6B3872769D67E25B548F0DA46E2B93DFDFD5F2
310
B9E9EEE1EE1DCC7FBE6380DFBF38A165CAC73DF912AD76A4690D2B766A3EB4AFA2D05BE543EA20B095FB17AE3F1928D84482049B659E671A4763CFA567C08824913D37F2F92F841FC244085C1681225C04AD6DE1684831682CE0D6096B56101C0D4FB3A1BD3F11FC1105AECF5660BD3FEEDF162B0D9DEC6DB55AF27FC98050
310
BDDEDFF63ED14B01336053A19DE9AEF5F5D9E9D9F9E19ECDADCD497BCC57681922F327EB41FF681E17C1921B04FBAE371AC69E53F98183E91B84897A5DB164158BD1D12FF6F6BEF0E02847727BF2628F9FD48B6FB11DF6928C868B29590A0606F92140D0C08850DAA7DD8A5FE8A50389F61288AEB743E9C801BB67DBE0A7F6
310
4F63BC87770FDF57AA73FE1F5A84F8DD3AADDFC32087FBC0A7D645C327B97D65E7A8BBA76DFD9BCEE1B1CDE3F5F7CE4E6DF4013ECD7CB60BD1239E8A4E9A5722AD9C4FAC8F7FF17B214AF8801950430639A08E3ABD05A0D94E253BD5951C885B0CE750309070555FF21F2EF83FF53F4E15038B8D8A244740A5C9CBC120043D
310
A0B323FB1DA0A4EDA268C05A304619505000BE10415DE898809DB6B66896E60AE347ED3D6DC707CB7D5B5BC374A158EDC343D0EA61C217D4878CBBDC1D85686782C3CF4272E7DCFB5E9EF628F5A95AC1AC0C6848F5771329EF8DF2BB79EFEDEC8DBEC72EB7F245287FD4B31008AB38EA4D52F2BF57167159E3004CD8950E21
310
7DDD6F699FC763E9D1A0AECC701F7BD4430A3E030374066938F883C01DE40E7DAFD609345E33570F4CE6BE467FBD7F793B5AF2A9D331D86DBA7BF98067918F9FCDD609A0384B523F4413B574B818C6889FAEFC5E7B8F90CEFD62BC2C85B2478D54DD076635BE434FCADE68B3ECF1C8708E27863DBEC352D87BCC7A92A8E135
310
700CDE65BC114026DE5DB68275E656D2C0D4087293D43BB4C9C14EA83C0D806783B40DD7CD4F19EE9F33801F55A3F1FD600017A6CD5DE607783D5F74E34680E7DAB98D99F6E5B5ABC7F7DF19D8278322F6A97FDB2FADE1539BD945DDF868EE2B8B70D9EDAA45D1BB0A5801198CF1DA891540474745BF0317F8A3703E02510A
310
E94B084221F887FE950272D62D4232781054A87C58D015CD45EBF9B70E60820A2056E9D4D619E8494BBFA68B61EBDD8CF52CCBA124BACD4A4077E8420A7F36FCDAF661E577B792A7E1B7E337C7CF1FDEBB3B49F501F3C7366C1730E793F51FA20A9C3D2E9F18E63DC277449054CEADA36DA0807467D45F8A744E1BDED725A0
310
33868703F1392BBE221158220588F30574A0B0893D0515B0B7C404AD0E7F40C11D504C49BD7DA39A85A19CD7357DFC966E5D92272FF06D59CA5A6A1C8AE30E52F1247C1F1D78F81887F9F3E387075B170F9F5EEE4A7F5BFC69DF02FD8795FCFFAB472E7C88D563DA514861B85BD41594A75F5E866BE69471110A9F75C8609C
310
7E6BF6C7C727431EE3E9E3773D2378C25226E82C08104A57ED273FE0921D6990E02B006BD038263BA360355E8DC446A380F0BA35FA9945A80CF60DFD54054202F91897C241C147D59F8E0FC67CD0F2BF377A3463F8BBBABCFBD6833C57E214AC3F5AE9C2FDE88852968F20337972C7E04EE5658223008AE82D93BC37D8DDD9
310
00BD6B16EF221F0D4149045D740A8A215D4FC186C658E01994B8CCD317465828704BB630DA2243B3B4ADD3EA554A97408454148C04A1A0CAAC2E04033C04073851F54380E0BF2DFFA43FAD3D6B574F2E1E5EF6E5F4FEFBD1CA87C161FCBCF5C7AAE2F726F814027BAE10F79BC3D765D61D1803952210A9AA07F8C6BB2105B6
310
1145B324F96014EF223D4A9261080239F03FF6F4DD4975C183B887E081F7A467A25EAA0C94028FEB808637768B07400A8235D4EF33143253198900E079E3FACB0C59B00F827A5785A6FFE2FCF0C0E6F1714F11CDE5140D931D707950631F3DE877F300002000494441540ADFB08704E252AADE1BD4E8DF55796A32B9B6F177
310
37C67702E5C638682737286CB0E0A89B624D5BF28222432848C9AB8C07170C97B814FF492A61072407D638006F7C8400860444C01B1930A522788045633DFA9507267A3A42BA05925BAD705CDD3792FA23C1075C6EE768A673919EB6C3FCFE7629B7310AA794CC9C0D14A1FB88F95C845BF22543F57996E0B26C9E4C2ADF18
310
7F979F8A55F11B47BC26594C52588518D25E6C2B1CCED231EA1B748F093E5726A21A54C91EF95789041030C20FD5AD68613432E19A4D0DA2505B6BD843516E10BB00AF9AC315EE9FDB39CC1F9EA59CD88F9CD071D470C86C4647FDEDDBB1CDAB81DA94034747A779F4CED497CFF817348F69F52E55490840E48840BA72DB71
310
F3E84F6DA2F4717AA928F153DA6E4C7E8E00363CEC9A2E1C8E65F298FC4A52F087FCDEE5CBA38A80CBE11FF7BC2AFF249203FFAB77A128A001B1987BD334AD9B901890A8C2005B6B248196AD09C0025ED841325B31845032E327C531C839E66DBAB39566B631C2FF0A1DA5A3CC47E665AD8751B47CFE33899DF047C9F3C365
310
E3B11278D49DF939298E09002F6430F9958803309827A7C791048CA070061B7E9A64C557D235F83EE24822E5EAB805F9862F20FC58F483DC0EF02181F572930205107E00E523861895A2811309808F2B6C14B2AA579E893753C155D2F54302007E9FF36AC5FEDBCAD47E182D91A73920CFA5C18E01F8FFF4C3F1FF553BCAD0
310
E58DEF85DD63B91BE38ECE1A9FFC4AD4A1FBA30D462C328C5A0340DFD393D3D3D3C0659195C96990F391EFF4175213BC74C020922D4830FE215E76940962BC0713A3B82784C0CB6623DC40D6E1485BAD454F6892200B225096127FBD82D2B12006BAE2E329C771E25FEBC0DAB3B5395289D56D7A8A89081B34EE06F80F819E
310
FE75C67DEEE95D227E283FE98A7B9F1C97D2D05B4D07A469153C3DA3048EA68FA667A6D90E291C7D7E2D063E4D044964D055F2DBF3E31BB851AE9F78A0A7314F0AD24901F581D74A6929142039C65AF5830D1C809536CDC05E4BA51038F79D713DA930CF18BA3010E385351CF47F74D439BCBC793556A1F99814926AF12835
310
E251C59BEA3C083EC2B2760FEBDF4304C9EB87B35769E1EB24B648542CFA4EBA9EF93CD42F03C08F249A2C98897D8E2225E90077823F4A52171A61219998CED6FA050992B6B0A74A2220ED12123004FB977084208F8E2AFC80F456CB110BCA647A3A0F854085D84FE0052BE31FFE7F925610BAFEC06FC33F9931BF063F39DB
310
3D1BB20EE357F594045F4226131578582CB055A59A073AE0413989D215019B6EB8A21CF154D71164E0D8F4E730C2CD382D098DA5261456A425643686BC8301710F2C50665881399156AA2B4C3191BC555728384800CE10040F746A3D8A80A5F0E500A93456FEC52833BBB45203DACCA37FE1D3EE4B9BF0EC27ED47D89B8266
310
F11EA2DB8B5A8BB93EAEDF0C06B7AD0402B9EAC6E787365535AF19F15158308A9D9785C1BC1C01377F8C6B4D07B50DAD25649764A91DC9812C7B34CA98184084F7C01055466B48058CD44085AF26648520C85C41C67805462D8425680425559F4440F3ABBE1F3F81B1EC72708767DDC8FFB6465796C8FE310FEABE0C9B242A
310
74137EC3E0427091967023299BE5D6D4D0C6D15747DC2AEA4ECC57C72856E827D33CBD319D70FF854369EB841282F84B7CA4881447ACFCB257E252E00FBB3272120A75B99119840858486615636E0E0334031AAA8C08A62E080053A0AAA4158431EC727A084021D41CF5D630C94184F6FE7432E8F5F9A4FCDF3EA7CF136FC2
310
988093F98ED622E38E4976E1BF0CF49D2889E6DF3566719FE1F9B47A2D3BF89C69155DCF24F88C609EE551160F0415900B4C48FB013D8900A9192A700748002924771A3686A0A580FE4009E00ACC090253E280B90AC15048E047020483A038A60ED232831F2CC90498648690D960C48E439F18F4DDBEB0B6F5AC7B7B89F623
310
0243B4FA160A7B9327F3AD5D937C8BFFE5FF8B3A5E64283BEF8EAB9F71159514CFED62DBC880614AA1F7994CCFAE7D8C87057F451733699B8DF87056E1F0654B5021E38097E4E23221B810DE20559AD183A61C2C88A648DB096081E9801CA00BC1DA0124E08DAAC15FD2936905CA8DA1C40E42B13F1764E0C4015EAD7F8BFE
310
C99A310B1B7C0BCC7746D3C0702759C89EAD57122092122D1F857067684A578F1DAB7EAC400841F493A468113282FFE42316CC74C756B1C880FE78795C692813CF4644480EE9B02991BCA257A71861F00666D9410288487618D120D0E80D7773E2B7DD180E100EC98B221C94BFC4FF531A09B986230F1CD08378A8E4D0FDD7
310
D9B1BC75F5C12EAD7FF83F3ED19EB018620303C217A6A35D826E72ABF2D8E2BB1B783F6E48D2E3F360806E1D192085D022103473A10375B63853EC54F500B5B064DBC20945B88160DCF7E4F83A0200BF6FAEAC88E9F54D22D898E43F378D20B51B5D6B1457000922202800DD401A9266483029C0D6D57ED80D42A0E6E08835
310
F0F3AC73D7FAE6D56185F04FC44472B854EB7D9CBF7134DF3DDC35A9F6B38417DD6F508B37C1A718B0D054124176F7222F62DFB327F34D451799D56216880193254FF782D7DDE26C271BF38C6E422E271CE4AB8823C9510F021126A7A944E00DB4031D013C88EA0746C96D4574069BD5439C4110403B40020C30B07A604F1E
310
41D19C21A93FD9002DFC35F23B1E7B98E95E38387E3603FE7393680410D702FF9ED5A3C5E5CE68B5827D721FA78F3A9A0C08A79722D9C9B418F46C0057BB1640C70AA4A03D29CECF33987596D53CFB27B32C3BE304C540E14BF8464E080918268D254838C91A01F0FFB99154FD8A9C0495EAA6534A6C464440B4A71E16100E
310
7405088122A35F7A511DC003D002E6C8E7E15F6D1D2FD09014139EC11FDC89394621F77B9F88EB5A583C41E2FEDBC8F82334494C0BFA97FF3C3A34ADE60385B60E5A30CF036E5E75370BE3B83AE73B3B7DC0BB337DA0045299ED0C66681E4AE223D01B1BC3BD4C921E2005FEB5114739040758189BA8A320067B62A3995E47
310
20055065AC2B4A8006BF8CFCC907C0063EACE41813C5F017065AD46CFDC6FF1BFEE052932CA3478C8E5A6F25DC8503D40F61FC1B047E4DFFE8E84407C81F1AC7B5C79DA358551CD0D13785A9AEB38D6EB68A0A8087FC6543E7471082873CDCE5CBEA1EFC5CC0579469E225428E9A43D6A6000B4219DE52E8DF00A55F4BF503
310
5960661C2DB88AC1F67C2890A93FC420193C8326409E7B595FBBBA9AE1D1511B3F6D65B09AC10A71C2317201A603E88C56CC68C91279E83F5C147787EFE6C675F00941D23EF092920330982DF38C65EDFCA89DA98E8ADDECCD77CB86D85118F3DD9884820B1128010D02F1060F582871CC8FF42024C02239273A1CC3BF71E7
310
70DFB7E96081682803188118B50310BD620234F230B12711B063E0F0490FCDA9248B580D3D3DE944A30CFCF2A1E0F6E59E8FBEA289CCCC943785BB8880ADA9C2FD70F6A13F5418444E3A669273C006C4B4EEEC067827539FFBEA9CFF04D84E7F170480037005AAC8829084329899F90B5E013927F8E646514B4824B01D11F7
310
2C012CEACD163B6358A4454A4221D06E68A71062520649BF9E9127D0772D6E5EADED52FF216BC2FC513C7D3C5CC4C8AF009811826AE20203B076A2AA66D8D32E317DEE0EFC000FCE16D9E0BEB17C74AB009256C5D8AD1CBABBDA61402612C675FBD72D07E633B1A42F2421208CE01397560811204306617A5141706105C9F4
310
984C459F2D0F6C392FA05BED808512B0B9A8A9FC6CED89640EA347D31F0DF76D3D9E61E800FE9F7601BE4C9614A1C58E6C839F13A12D0EB426DE6386B82369A9E6A7F1F9146EB578A2EF4289AA109B4F6CEFEC0463E0072A05CC9DEDEDFE08407B173B8AA65399C80B2911252E6290C82CC1B8909140C11B7AE161B42B9390
310
5045D017E00CED6D27AAA15F2C2179F1E83D411A7020B9408D202381E7E5DEE5A9E7E5CDE3B186433F488AC81554BEC09BC579018ADD1DCB3D9D70F02B14BF9159A4DA376225FE43DA224FED327941705DA582B2FD1BB5DC0540667B650BECDD1D5DDFB0C7F36DEE2B94F6EE2EE4E426F20A1174C31DF153321A24114C4FFF
310
25E505475F6906D4149B21F1BD9D9DF7B059F8E0FD83323CB97991FE80EE131A9003B81C491B218B1D42C0C0D593D9D548003839DC29A740298B0C23F0CE14BB167BD61989AEF0B985C8FAC8F923A73F31953989F0F6C96CA6C4D0A9A88184BEDBBBDA3BBADE77CD8E2FFEDEEF46184A86671D7DDC51417477BE9F04804F30
310
5AC82C2D018A21EA903866A0F959FBD4139916D036635EE03DDB7408BCF0627A03027AD314C09B0A27F0A79490D53839D0DAF1416995CAB24101FA63F75029D57A4CBBA9FB4D120ADB17FB5A999FC9420DFE04FA670430B90FE7F589F7FE8D50A4B5F004CE5F07EB4EA007F8AEAE8E8EF7DB3BE2F81F42166C7246FA9E62D0
310
2C8209BA1024414C483498B50229FD923F2414040B2081390AAC353B5283EADA12A30B1080866D746B9ABF5BC107F33C2A015B275480759334B83AB02175EFD0DEC785DFC505E0064F4EBA5A97073A74C5C9FEC97BD25D819E28AEE661FD2732B8BBFB1BF13441B3C1F45E8AC1752BBF80C113DE960E0AC7D9D02C58C80505
310
A19BA0E84B14402601A590A4AE00A825E98C3212342302EE10FC5100681F86834A2804BC409D70270A2091DCE874B16BE0706C974EB3D26EFEDFFCA6C4579AA4DB781708469F055532A7046C6BEB0CF39F3ED2EC4FBCA3D00EA91CA68FD2B87B5C191E0EB2C300F00A1C9881F263571C6CFD83D079D09F176FAD839340CF03
310
0F70458F81F09AEE1329505150CA0A00576B56C06D58070B23086F685E44232D9D53DE3FC3731044F286D19F459351863F749F1104198D6E14BBC68E17CAE70D7AFD958E350BEBBC70C9C4DFBA075240DA27D40AD7DB063A097DD3F041EDB3E4B682A7A12A548F3393DB01945547175879989302521EEB1431B08759B632B1
310
74E0F700E774FCA1BB83F95029ED1A084288C8893520E49415E00DA080AE8027C34206D35491D050A4C6B080F6A20889A2FF82379AB6234F6710C05F9080ADF002B9C9F9C583AB220F45D618D7E7F7547FB27CED8A8B7A7D24EDA4988B0C1C2A1AFB53FDC61BF3DE50D63C560F0120B0372F0839DDDAF13E583B868717C1CB
310
8CC71D1D7F440CC82184803144196EFD58BBE00B7EE77DE8C015942357FB06FC906A5E2B8882CCF9FFE184B0035A5CF186A962A63F84B3AAEE3D5A2C830008807568B6A9F424086D2095A3E262DBF124350082C4B5DF4704A9D2C93553DE47BD6766B69349610716999FA25854F759CA9792599D3837ACF6247CE8597B0F96
310
0FA3EC45B61715050260C5844FCCFEC9666BC71F875B17E3BCB4CB151405D7D08F846B4CB952248B4603CC402B609E90F0044A007FA800EC46D07A51232B00E5683C55D5096E1374DA4FCBBDE2C25A5B8D26008227CA7758033D7D70DF12CAF7F247939F93F1CC63047D63ADA0B7CC8771B234D8095FCDB577B586D1834062
310
035670E204B245EC093FCBE15626C10D210CB38A13F50E10A0D5C0814B0C4B30AA9858516001669002229618F100767AA3D6D2528595FE7A398C2D2300ED0013A0AE60B91644A057327BD3C36BEBF48C91279B45F8BD145494674AFB211A91977CB838DF35DCB3D6D6AA2FB2784B591ED785DFD7DB77747DAC9D2F7674810E
310
FC2895F9ED8007EC7885101679C06F21E4B1C8A6120956F80518D1DAF1717BEBFB5803E20C6F2A11B2E48AFF4AD2810A70054623E341B3D1ACD92DA91150DE631EEB2C28882D092049C0DD38E262A7BD6F98549930C9D44B7C37028AEA9F8C5628A2BEF5704C0DCB2B428181B1BE766F43014498D2E57791E4C8DA6BD2ABF5
310
003F0C40202E2E32EDFB02852D16C30B7F646B98FDF86C7891690043128B0A0DE6B4EA27F08C30CA34C9D0AA0852A5997F8D11A6EE84E040B20472020256F4AFEBBB74E6705A12083B249089218E6452C8E5A69717E904A3F5EF3D5D08EC1F4D4E85086B238CFFC11AB9AE972CB775616C6D1DE04DDF073B4DE3747C41FBAE
310
6072901CAD0237100670C5A00C2C3CE063610ED824826C1F6650700E88C00B62468903A0D71D3A390255AD7040048348C56C4647413C2C2561216E0C469203EF06A5B101AD40D0E207F78B124747DB5B4BBB4E88B1C373C114E0470B345156EDDBCE1B4DBDF81DBC400746B0B54E05F693707B89A5E430982C2AC7D10DFF11
310
D5B102B9505034B35D07E8E5F585757F088B390F2D4C85CF7218E8418BB4F25B885053D07D5A908326809F31D6CC6B77CC948413B28664484439D118DBAC27DB5AC40C1AD166F25E6A2F0AE82100C0BF220405323E1FF80DFC518CACA8DE1003F3C9FAE9C7B2D60703A0004F8EAEAD2DE0F5485452D15B77B4B67F4C2403B8
310
D8F9C533558ADE058A9E177A1698F75DC0EB4C800F74C0270178C8579C1FACD025F0560844502D2BBC01E620030CB93636C1041636A693949CD80139FD15BE107F905590A292840F8860706D07E2970A2F15E5B13B87C3143CB2930374CC46A6F9B9D7A5CCCC14E11B9E879A49FBE27ADBD6DA82410FBB94FAA8487D61B51F
310
4BE0A03FD08743C31020D6628ED20305A22C2C2FAFA7ED1E7881C438AA5B9035F20759E243C51F34D0D5F02F11403B9E204CC1686C0B6C9000470561519CBE1B0E4FBEAB37A39EE4B84C05F023858779341991F36D9D9F351E7BB3B5ADF00148D9D05784F9AD8B037D48C01BFA83D4247F03BB768BEEF973A14E610090D4B9
310
6B1EEC5C5E66928F28EBEB6CF578B067DD83086081579848E60DFC7684044D8174993C39F886043481F6A2B743B18749E52447CD4D230513032D20D20206E536E15BCF7B7D211634F98FF9986287F33F9A94615A5A0A7CACF8DF5DCC1AC6EF9AF1945EB78E0A2FED1DA2ACC00EF983F9A012260BD722EF61C9DBCDD8719703
310
ECF839029010CA0B9F100B1D2842153E01A1A3837AB579516A31982FD2908A09100DAE591016CBCD4B011A2F4DE299E1338CE065DC4841BF9895D8C81714800CD08F5AD39601BC929B55D291F6CDCEF2AB40DD5D98F4E6F107C47AEE4A09A079C05316F479DAF4C2BAB83221BCC0CE23FE3D3D4C7BC9AB673D89A3677D6020
310
F6E182332028012FA0FBE0B2668FB85485902A8E7FA0BA2105C213E20BC2169211A4BABA7D693C3F1DA961F203694853137073AD5CD25F1C017DE0477626D7BA55B88F83B5EE513C41D814639FD1BF759171F4577D3CAB0C3DFF68B2D3B1F8478C18F67BEBB2598FA76A4545E9E961BACF657E0791D2373030E0EC9FAEDD17
310
BEA7703A738185D08236C407448A4CB504CBF01FF43859D3115488EA01B55078000DF085911805790DE1B41B6F8CB2889C3834FE02AFE07D85143C6C008438A944EA63E047023A7EF37E13B0903AFEA7BBAB9579330FAFDAACD540022980B65A75FBA17D388F1E6576405CCE7032D95BDA420E7DC0EFA320879E5F8B3B04C1
310
D2D9C1114210C19FCC49DC6A855E12010184DB8968109ED016E4683CD552A36B3AFA13BFC2114068935A7E774CD2C7225642B73325938052D8634ABC18DC9442BF9E0402E85B42F9F3273672DA8E8F1070405D1DC3248487574CD98092B8B956E6AFE1566530B78FAE05B4A0DE51FBAF85DD075C7E11939F80E015A58D1F87
310
E400CFFD2306C4D1D3C634380A201545A92BE01F445800BE12302AB477BD6F62600D211232EB061448A0D2B877BB940D63D059C37E0569A83DE93E214F4BD86209FF6F479C640AFF8AF6D1BFD987D029A94DB7C329B4184D4BB013BF912FB88FEEF913071A8D82B651BC10DB067A7EC52FE1B421883144C00F64FA23A11CF7
310
08BF16CA59F18D4C04B8085964B2D8DA4A855187000BE440BC816FFB13374640B0EB1D0998AF38A1AEF503F14302E2811081FC12EA6CD38A63B33035125F40F170C0B0AA45E9FCA38FC6D688D48563B5C4B4B7C359D3C7AE0EFB16ACD5E2FAA47EF8307044B4EBE1C71E84E742D81431FB06B90B600B9C239E277A57C94C42
310
7EE10E7826980C0136600D916A06058CBE8604DB4D314FBC014EDAACD0820F14BF75449B70339490FE5A0491221BF95F949DF1235380E969AABDBE2D32EB4403D3FDF17F42F9A0A7C28ED75BE86BDB7C7EC80C76F86B8800F77B305EB88F00A4352E0F8089EF811EA02A3DF08F7DA008F803BE4B4EF5F41E56087099E92070
310
8C3D720916444440FDFA013D4E1201414123A09290F5BD7AB729298209C4306D007BB0829FD4EC3A6D7E4F00B67DF38CA0764F832F0448E58439B952CB4F70DF964AFA74CCFDBABBDF273E2FF4F56D3DBFF2A78D42FFF2755DF307066497F44062AADFC0CC546F6DCCFECECFA232E14F408F05477D311B683A35BC245FCF8A
310
5CD2AF20022C21022266905A5BCC8B20235D6FF04019CC04058AC80023662E25F342063165956320BE50370F2A657BACC817DDA3DDD3EFE04028645780A768FE38DBA88BF2EF3ADADFC7FEACA952E5A77568ECF0C971DF32BF1D24F8486B22A649EC81B1B60315CBEFC026091CA45F858D7D04C1B437079431E63E38F88075
310
8842E780A9E03791C0FAAFE10012588C3C592FE35461A6047802BA18686887023A422A49599399893103942CF6DA53A8E387825FA0678B261F139F801E2B17C901D0F5217E07AC2401A87D0480F753FBED44FE949C93A1D042B879FCE499B3D861AEB23F9C1F372F0C24D0B7D6E70FE1AAF60F84BAE642D82F0A9F53E22783
310
915518494FDBC0AFAE7DA282E5050B703570E06319A015E00D693A6BEFFAE493941C3B08C13B96BD20D0115A9565701DC58568A3009DA13E965765C03091F0FF339F7309D44F6E61F837F1B1FF920450EB8FC48F9B40158BE89C81A597CFB0DAF5F5755D3886DC13D4479599B583758CBF35663AA234F133F91D3BCCFCE0A7
310
94367F385C59B19431780F1C099131384056616E15A1563B50021D369C593FB292685A68A8B2A50A0A2085CF05434617E05FC24A6B077B990014421A68401AC4D65788EE25F737EB780D08A6E38F060F2ABD889E1B889C44852C2FF368C1E3E710D73B6589EA83F7417B341ADA1F639A23D15298F087AD0326410E116C3A1B
310
325218433C71AE62C07C1480F1C045629724A076A4BB8D622D24690486727F56108D07046DAB065000678E04C4F8C342DE27F4AC102D854F2D08D59B4ED0E4F697B0FF62F113646BC5B7F3131D4EA8BF8B265EA3F2026E7061B96F6DF3D993276B2180B8E57067587428579460551049049B074CF8B1066C7E14C705F0B392
310
98C0997C17F701097023BAC31081390196801FB0C2A12380042927503D5A01CA127F9841B460310639C674BC8CDF1A320501448E0068905B07F6E5602F8C1F07786253438CEC51AE61FDB25FF71B09893AC026A9EAE3F30F369F5D5EAEA5801FBAD3C98B38C13EE017B054F81A56F05259DBDA64FE270B1FC4C77200FE276F
310
E814B916E222575ED717A62A92956504605268408CFE13FD61F84252228376060206802B9550F00B9D47E6AF1022538A752CF4FFF1F5931384A9FF8700EDD4FFA2B93FCBFABB3EA6C607FF714B0B8B04EBBE83B52B246092AB018C0D0002FC490849F1E214AE6FC42009D6D86616C835B65DB9862EFC4480C14137603C3089
310
D0A5588FA27E693DD184131BA4E88C35045ACEF1CDE1A82323C20B842F2419604821196EE8185BC834AD44F8E9B7549A32900196E9ECBBE20FFB4706861AACADBBFD9B56A23FFD3AB8BFACC18B1B5AC0ECD7B6AE2E2E9CCD2BE8AF1B1BC3A813B94107E82DE67A42E7CC7D4A6116700B5B2EE3C338A09B840F07C40A64800D
310
7C605AC42B72227C4C7020AB1F20056E26F542717F56534261DE3766AC10A6ED2D006DD03BA9DBA507AE0510A8B385C92363B9154167F1230C40D76AF6F3BE0CA08F8BA2FFBBCEFB09D0986550E0F0EAE2F2780CDF850CB0F88CFC2815FE87BD83909F474F45DD47F1C821DB2107A8817FD45384F57891B65F2543D0C1E20A
310
89B4A8DF806862AC27C60F6A054627FD344250718AC0FA21CDC4E28DBF2650D1B39D8B8A420C348A4F846E2BE824BF8C45E1DB8EEB52F576F47A75FF95F90FCE0FD3A7A08D48D5B9AFBE3EA658E1676FE3372FB57F0AD8D70ED4AEBA3D4C2BE0AAF1C3AD63A6004D12900CFC481A47430C9EACB390038642C8C41B13303166
310
614210592736B8603AD4FAB17189DBB32F3915F0C380795A089A15228460BDE8E52203527D41B5470901B088D84FF8B3FE2BA7F4FD30ACAB3DE0B7E2FF95807AB0010FFDE3A048F7360F9F3FB9380EE537F16F8673131325D3351A3F664022020811A0FE8C019CA17370725CBFF64132025DA1BE2555102212E80A907FB43E
310
D80A991A8AAC183932C19AE17524B06590B6AD286EB99BAD18FF4BD64BAB519202F992A963648ED30E7521F909F090C0213E367A77D8836BEB6F34D92EDA624183070248351F1A079E5D3E7A9EE81F2CE6678F92E299EE312B6C0572C0A7B5EEE07853612403813152C7125E2022A20C18F855DBAFA399817FC97FB6E1CDCA
310
31D348434ACD0012F0D32A5456B4007E6E92D72B1A4E9971223A42C1042819E4049C0C5801300C0013FA48F8944FBAE71DAFC27F1826FA2304ECDF3F6C10FF47D5C7E49748DDD687DE8E91C09394EE0682A4F84CFD6067EEDF43E67EA46CB2F4070160439245F00343D03BF25D7E2F26FC400A896DBF19FB8D4D0A66DA669C
310
3D608F9CD048A0533621B25690EE19D5D15248E390F042B12C682511B02BFE3E5700E4C9A9B2107A8F45248FA48234FD23005ED1F4EFE80D1320836F04003BF42856D478D1DCA3ABEEE3C68F9F30C3A16E5C238EA5DE3FF37DACC2F8B7980033F47FAC34421EF0418A045394802CE032D61C70023D788136788613887C0011
310
A4EA316E005718AE191F8D0D841B9C679CD2FC478442D005429166F5A24403B1E6ACF3298F388B6D0BA933D92339D48969A5C11F09B4FF017A9900A4F887010C474717E10F36468032FF33F4AD610517777104CD920C3CD15FC5F3B3A0C75BBCA3B00F2724863C10BCD4A0E00736C7981F2F72E4B001438B99714FCFAF713A
310
2603BC710376A1715FC602022202E06FDEBBC680A3DF1C4C095A12C50B554FE7623B50374FB2129DDEA4C392C9188077658C87F55FF92FFA507FF03FC8DFD3F31BDAB46DD51AEB03F7E1B38B8B87CFF47EA1479C3EBAD5C6B382C221C0F1B358B39D76D9D3142C4A20935F541E492E0EF081BA41B3620A8E172B584EA14856
310
32E22A8221CEDAC6110AFA4B6D43E2B76A18AB240BB24337721C9321D2C033B2D3E2641A55A400A28403C12D1DADE39AD23FC5FC08C47A64DC3FF6DFF76B5235124022D7E6D6D5F3CB870F9F31C96FE477FAFE54100068A3A87FA5908A2C08011CF31309C10025B089FEF9C510522B8DC07C30AA469841723A10C08E27F00F
310
7FBC181C083F2809EC3B2B328E294AEAD5A071B3A95C81D2DE3F930372D022C9C793535B92FDAD5426E90490C3C81D000017C6494441544698C416520C1C40C71FC204B22448FD9303782FBA67089A1A7D4CE38E89050FEF5F1E078A4DCCFADA058032C34C1CBC2E1202B1F8962B1A8024F0EB7A11F209E96FB369D4B64202
310
FE7BA230AD24C46413536EAE955B341B726C593B5D4630C0BE822480908522B0D85430230352618DCD4F7BA6D568BF4343801480006658EA3EDCBFFA9702B4FDE9022163C43F9B72B58001A23FCE6F0B3FF0E4E1DDFB9801A6FC42FD0132CC1F2224F89933107AD30B6C9131A53818AE944BE25A70810821C38F098411980E
310
46D108F483DC63F49B91B852351604091D60546702F58A3872A1716411B642C7629C267E64E77719F46B0548FD6BFFFC86A38DBFADFCDF700228C124C8664FAA02BFB1F92B09800876FCE4F2D1C3FB4FD0A44E0106A8DB8079751CBF0BD9340066C3D52BC64706467C05B5A54401BE4A1B0132A55EAC1CCCB10D378A3DFEB9
310
812022327745EF2102886A9142C812A1A2C9708027BB55B7006357459F9C2080E0BC34489FC629510F3017B62D5073E2A2C64048A0A42580E413BA9E08274091A398EA80B5BF31C87BF5ECF8F1C5DDFB4F22AAC181F070AAFDDAE5650C4000516440D8806786D874215149E69ABEC43FF0EFC820FEA112B0522003C84BE03F
310
B76623513B6D840820358B084119B0CEC8C00AE888826339A54091F5FCA513AFE147975BB1A86FC50618D9D74502F0C7C8815AA306602FEE3A5E79E0D7DED1B221001118B73182CD439A092FF801105D1AA14E1918EC282F6260869D55108065988BD67F68E5581720A708051F7C8070F582389C682BE53F2AFD85853F2A01
310
3D21564028E06E79B7A71E43212180A81541EBC88F451E02385100491AB0C4A3BC5309A95911E66D04C0B448366988ECD204C2FC930F8CEE8FA410EE4C25B58DD1B6EBAD83F6196670F7DE635282C0A56A851AB035831725F0471A10FE52097089C80495804100318405F0DFC2136004B4C40705EC9154315129205EC35793
310
0035688F61AC02188250CFA9A980233925F16A117A48CA54DAB6400221976B75D863330942E20EE3B00B08FBB71AA813B0E502FD2B023DF70114E0D7DF2E2EEEDE7B789504200112075478F2FBD6897835C91F0C20782401E801A2F9142700B74805703426023A81CC0BE88B537D0003E0C5181D29EB8D83050964DD258091
310
0A1E7A8138F76253DC01DC2F3824391AD748276C0B0CDF12366625D038603D0003E0266CB42704C8CE7FA7F11B4D59C0BF454A78F8FCF1E50513715D469607031272358F04E0003C90107223A581218F10008B10247CD20D860FF0BF48801040B361808148714764028EAC137E871501EFDD97C89B52107FF1235B0928C562
310
530082573CE137840EFEF82A0BDC602736C595912FBEC69E6A3A26903B3A300C5A098A9E3F1810CDFFBA019D97B4E7A7A075850F2E92569BD960CA7B8304995FD006FC4213BB1448A6F4BFBB3A9F9FC4962D0A1369129B10073771FEDA38B1737B663A71C088D8848027FC3008DAC4E4397A6F76271DFFFCF77D6BD7F1F67D
310
A51E0E08875A6BAFBD6BD7AE52CC04A0B4A2206F650EC412841A48258258E8662C3838FBE21E25172C2A15A4F78D82DCF68A005DCF07047C183E1CE47731BBCCB5469D9169E0D588945BEB637E87802A03D88FB82486210D28FB3B858D13DC7CE75F5E6F3B03C1744D30CC58C7C7A256146853A05243060B850072A7010CA4
310
7CFBF9A1E24F414037B8781E8E9F219A774B36481CB43E48A79819D638C8760D672FAC19FB9D3FC5EA9158DBD0159C27860409682E8FF2595652FE189D2CC2D7C023E944158355806FC320087CC74116030CC376C559C098B93A041C5DDA48AF33827D2327DC761D19C17CC62780D82A170E6CE7415A5E7FE825E053048F88
310
D2AC2A561CA4D4C60098DA28EF1A01382772484698F60C8DD24BF396EA76260542810A625978C03580A9CAB91D10249BE579B0377A3DD15749A45F24C4D81FF3D7D7996F6A1690288008C0FF6CC186DA9D5FC95BB09B1301004B016E707FDFED306A1BE8FA208828F00BF342186839839F1F6FA338DC5A0200FF383DE92614
310
C03A4508DA18F4D85F9354F7E867AA77A42FF49BBE6757A1A7454448D0BFC3C220714FE43A3D8F1547BE10F0BC5A05985AC3C28829A06FE24CD062700601F4AF12AF99099B08E7071DC4626A97C920C3FF96E190C9D1FD7CB6163E800D79E5F3F10A9306C02B799E80F1AB380E0571A584C0370A220C3125000B500900D96F
310
EA40409F980E2083E4EDF4D8D2480AE5667222E020BCDAD4EF19682120818FE18EC7FD6AAD67C03F7DF1955E697456F517AC4F24700C30171C67E9168B109A4F60AFA60F98BE30941BF776DBC7C70792A2FBE98AAA97224F8BEA39B47BFD14A8CD03320DA2B676E3AA397E652E30A42CE2987B7DA1EF7F75242413800A04C0
310
270C62A13372400B435ACD84B8B5009208F5AC73EB149FFF3508E21C2201E0338BE07E50EB47E7FF6D97724A601028C5519073E7978EC88834410450E074DD58AD13A4900103A6444A9CB99103229F0EF8C0C78161EBC68137240734CDCFC349807851E0EB46CE864D2E405ED341B71A390CF2DE20CF5193189E1901E866D0
310
230409684B193D17E2928534D04240937D3C84477494FC5E0FE0B448E35AFC19007926C1C6A6E622FDB8A12E30993C6710E070397C4B26304C0AE38218D19F01FFB15BAE1C0E7E74DF75F2406E373C414E848FF8E500EFAF3C1029C9C0ADAB2313A7426CA9B2C1B9E30032C84EF31A09A88A386F136E8C2F1D582EA0459207
310
015F10F1F001F0B1B7DF7222011EA2001F00BFD36BAEE0850928B08C077030FE3806C880EAA74BCE0863A952812E6008B3A89199C1EE918AF96AF583F1A073B0A355B9D861AF1460DCFB3BFC6B7EFDC834B09700CBED3510E48DC7129041C991F06BA5006CA6B5B34EE21501374E8DFC910042036111EC9C7CFA1C05D48A72
310
70F7F835BF04A4194DA4CF76CEC66718C84CD020D04C412AC848F03E3C61A1C8D50D0EA6838A00376054D3DF61A0E393E1F8B058A6C994093476D601A4A06F0CFD3C0A6BFA910E75CC10400A80FDA93AC9B5EA4303F6C0D188B559086091CC5910137772E14F2376D03181B5CFE74C0EA38440D0AC256D6C4D104CE05302FC
310
C00B60B9CD4D71E08BD40C144A025E60D4C1F45FE846A2105D717EEA84808A5DD90A168E133640311CF05DD870768683F5D2F1800F485AEBE5CABD8FFA3C0BEB33702493AEB551B1EB035EF5C8E5757FA7832141F88E8578A363802B560007AF93D7D470B478C4D00B412D634C9140C4F9275C00DCE8DFE3C7F8C0AFBC5B2C
310
E82E3C3BDF393D4375D50C43CD1C17E3777CD2C170725B7B42B41DF15BFC344DAD089C1E9118522B4A2C60B794E4E8F33081BB7C8CFCEEA0B2015E49D586429C6C78646180B7710E06018A3082243C275F077FBE412C17DE80D3E6B9462C5204C5D980D1DF84A864401C483CD01B143F4A4868087A0F780F37230200A4FBF6
310
AED325114C367C22512750A5C7C3E32D545CE20A0904183BA10015DCAD89864B3E1EE97EBAE8B204266A48E010511838E2FE413FB116E60880C2D8440AC3880DDA6DF6618C138CF1CB2A09637E18D00F80CB0DC05322E31EADB8081C29410903F06BFCDF5AB46024E4A75828056440503C707856EF0C037623DD4922A400E8
310
A6BD75E4D2800905F18450A00CEE88860C8964C7B3F90F56528BA18F71CFBBBCD2D05797E168FC37DB26DBE0DD2EAEF39686C18440820013C1444055402A541400DD362A0A402F1FE51246404E098249FEE30708C10CA0B54601053159480C00BAA9B1223A773234FE72FD5C3BD81804D8D196FE3D5315A0C981D88D04FA01
310
DFC185CA93F9120E1F480B08063364A0A318F08DF95056E4C91F1150D31B011200383502E079EE43CC18603AE2F88FD139C802A739F208E88D06DC78267C448C27C4113C19B0F51B0E9C1C021CF8F9167C6B1F2E10E461002910105D1042792D1CA303F469714C018C23D72179E165049C40E801CB96CF334562E5807291D1
310
E0C70FE6CAD91656715F0E5C5E70F8D7F83290549B1BAA6F781D25180EBCA93EC84E72A74081CE3020789B3790E1A9E478E658C099BECFF01E530E80EC5FE31204ACFF70AF8177A03059240CD074978A002A878BF883FEEC81DD684E406CA630ACFDE87292822A11953710F000885D6F68A67ED40CD772B0828359B753F7CE
310
23D9479AB9845771B389D6A77130F8C134EFC83947392029B10E4425440A84AF0E54825228FC1634D369874739C837A9DDC83C20D320C36042610ECDFA750303710224D01202488012CA847424F8D53F78AB6BECE9B3B35A7F32396AC6B7444566327DBB4DF06FD9616744F4D3A397EB3B0A3FBA8D763702883ED742FE5CD2
310
4146D8E353ACCF811C806AE09914D8446E93840FF4D6C963FF32BFB6AB015D1D3B0C9A0968776F021F21404B6260CF84A14F35180CE20B5E85BDA2EC91FD5A7DBA7E5705F4F0F97AF26CE18E3BA078138202400A62930FA6CC7882F911A92F33E547E64990B0F27323D73B6222863F86425153FA8009361C675554C25382CE
310
148420C8DCC47A20122806CA178A0918C14CBD33440289078A00EC6070184CA9907FD0A1270478E0B325B67C2193694EDB7DD0F3C238447C8A11485562FB4902134E6AC952FD5320A4F7C780882DA9684285CD81D278C0E8FF8DEC9F45D22DC3C2CA99C2728110888799575B6834BF22B0F01EDE72D7F21B672C40F0A97299
310
9E2200B7C91403F9BB3D09C01990819238CBAE5E7510D7D57450507E3DB04AAA0A3C280064E0775380C8C16EEA4834346A04BF0CE847B4B3AF760D06D24BBB267C32E2C9257DE5EB748AD101AF1FD33265E2B674EED8C01A0AC901392211011AC810560F77778E85B13BAFE3E25C95B70919A4862C15928BD8989664AD8638
310
101D009A80F00BDC41AF27602A4BDA0C077E550048E7F1011410F01405045E1C140B4D0E70E0F6E034171C3D6FD12004FCC1FA304312518910356628A4A326EC9ADF5DFFD1B2C0399503F14B4F8E3E0E4E39A06ABCB56A8014687E86E462BDDE5124615ECDB412B7314F62E6E0C76ADEC0F717B360E741960104CF1706CFA1
310
8E0605004B01AE007869B095ED92144A807841EFF2811C047889A04901C809062057192688C92346F97F279449F89B113500BAD282D1DA80A55C27EFFE02C8D4F395003F285B617BBF0831F49B055342DDDD414378E8888E92C16789F269A27C9A221FAA4A0DFDDB9F935B2ECC04DC51481558A69301E0460B02665AC4DD30
310
C03D480866C3409400051811876014C0F294C542821AB045011A3E3F09001FF304E3A0BED05CC11A811B865001769507FC01ADC611F400CF68C7B093606E30F3C7E0F00C1D10C31951C1E2D7252181DA00345842A19130715C736EC9ECE686A712FDB31E4D3E50AB336E5666D7B212C0113C4A4406029709B43D0228F3FBAF
310
49921B19CA0C82A2D5BC4A2079809240F37D3E10F9637607C3983F0458508A98B8B4EFC92AC13530180CF55359500080061DF59B98BB3FEACEE881DC8127F182A885A86FB12B43C590A4380504E32305E3148BBEEB2D2782029765428092545BA5C2C681FC5F8E869C0EE1034A822FF09A12C94084505AA868080303473F81
310
61F7AA0A6610745E280BE4427FB770106F8800EADABA19F453210435BDB2348471B13B65F2FCB554827632C4C44467333E4127095D22092ED492009930413251B5408345065065E415266E20279A40B3F520370BE2050C8360E6BB4601C1673B9BFE007EF5200B6483CD195400A783E6DEA0653515B0FCE8E86D1618FC1EFC
310
15C2E727F24F2A2DAB57326D8D0877D4E298894E7A0C3C7D9CE8A0E2D17AA2020FA1097D6372F2A9F955060FDD467AD0426368C24A8340FD0D6687A76316DEF5179ED9042005A2BF02A5DD810A4DEFA4A8F700EFC50FF4FB8C06410F0303C106ADF8852ACC6A2CA9046E9ED070739339857222CC009E206479886EA26227BF
310
7A341A15C351A8404A6C10080A2140FA4B4E8D9B9A11645899332363FD69887F436A660566964250FD752E787B64BCF8E6C8190DF8EA0C854C062D8A5A1346F810414313E606ECA0AC3A01D6928544029D5F42E202C0CB386F880F7842A31287061F32F3CBE09F2950783394F2F2B23D85386C6F51943E99DD10C8A0000BA9
310
569A14805693274BD0E4F4DC3F28E331EEA91C4F33ABE057889BFB92819187840A08E57A276A8BFCB75B0342668C70C565C8059996D209C2800941A21FB82B2F520BC2E6FE6F1A8827043DE17000DACC8193E78BBB8DF1467978C06F6AFE986123E3A95272CAC122046F4C65C4B88FED2F1CD1D918F7CDBF8903BF1A90057D
310
42F4DC133AF804ACBB58446A0DB78806FC053FA1E45D0AF1112613CC0DD976C5E70AD3282F42725C0D02AC8588DE451B1C01ABF063E7748A3882F0DD484BB78D037F9812240EB88B6034C0AD53E5116D4C6D920C6A89F084E6D0598AD7EB6930CC7B293E27A666E5CDFE9A3FA52FEB3C97976FDAAE9A60008FCA6B33099CF9
310
880D35D419FC687D424378E3099441E110C5B3C6DC311E6653514A67A530D863326C4D8430E0C28024803B5B069B0E60C10EDB6DF087034171DF01F1F3404B27B1056D8C0E56E7CA6056E7798147BE4C2F01CED5987E413AC6A724876DE3F599E0601CE7B9CEF3BEB3671E12DCE8AF9631B8031D3F360B6955DC2342B2A0E4
310
632A00264C0DA002220CFEC3E10D9BADC8904D88DC51928593AA16C91DF6FFF82B3234404C7214D0F8608E0052283EFB2B0563F1D072936C4017706010BCF1B16CDE0C1FA9C777E44E1F5259B0C9BBC8794A82A6C182A3AF56B16921405351FDDC91B5BAAA617860E8D76C97C377FE701A4EB4378FA97C2C8E3CC8950886C6
310
FD93AF70A1F5F676B7ED16CBC56AF5D09110EEB8607CC08A795882358280DDB98AFFE7087C6EB593D62F041CDB4018935238E73F1098100D0C8769818F777057F64C703C6530E142FDF5C837AE1CF66C94C4887D3A3726AB990DEA248F73B5D32C8E04F6714B1E67C53FC52040252E605B322407CBF8C7F05453462A295ABF
310
4D95592DDD76AC23512E9A2DF964715C80DD752CA8E263AC36F02C3C28A133EB22AC8D099BDEFDE28C3E8FFEE3815D5D00C17C00511058354D62443C1A546280E43572A9C661A34FA5891F8E7570608C8DF21DF51DF9D2A84D4501F41B8CD4F4C9DEB2F901E810C0E4CEB6EC08DFB06341C864CF8D0EEE779A606545E1E64A
310
AF30A4324C20FDD3BD558BD966BA994FA915CD162B1978642AD01694E533EC190368A68234657085B5F88E27A0805E04B8BB6A00A51646EE3C10A50FF007FF410F1963CA69BE2002F0F902E701AEC995FD41F83A3F0C3809A3288A083003A6CC2A20E6D703EE48E3777AC07ADD51EB6101603A9FCF17B3D5928F6D742EE7E4
310
CF38AE2B03C5FB39C81D7B2978FAFE85AF3D2710B0582C970F0FEB0E4D1103B8BE2B4D560CA10002FC8F334C891C07B44FE06B2E3ACE5E1E2D1FC32203110ABF9CA0E8381F68EC3C06701328E5A38278A5FCD944CEA5283DA933DF2A2448BD23F1C5D8BE04CC2DC3B43B3EEC29F8B5FF926D11D3E97EBF7FA1BD1E5E5F5FE6
310
D3D972F548547783146ECD84873F377C5820F7F9FCE5E07378D6CBCB7E036DF7F7104079A05B77C6942D1BA95D47424BFC3DB6411009A42E207871B7EE9B06614BBD20F22F7523FB985F3F7068E37600273A3ED0C1CCC380F6EC4AF01CC1CF95E4848B7BF950AD14C44F10460221E02D21D01DAE800F323704C00035DFE97C
310
B37F797D3D1C0E4FBF35EE1E5E9E0E879FBF3DF6F474780A01FB3DAF01FE0C0798218007C2090A3008BA7682A338F4A8804A06CBFE6A80CEC766F49853F15B2F45FCEA3F8250012841315016E75E797EFEEC4ACA6C79F515CF1738F7C36E2406071051043817C9E8C5888D49D0332E800062FF54FA562BF7446CC0BFDFBF86
310
03D1FEFCC9F7FFB5A7F000430755C2D3F72F2D02A022820897ABDD44594475BDCCA4A10AF34C06B08B4AB58BBFAE30999DC66C7CE903A83CF8EB006EEEAA063430F84B05F0ECF644825F5E95073870E72A0771AB89B080022A0C5A9FAF34C89286257FB7BEA000EC65B59750C68E0815B0D9834B15606328F80709DE09018A
310
C2A7817F83F96DB3D562C10A0A31300230CD4200B87F85808BAF64D04600254047F9C14DE93464009E7F5AABB4FDD6D55142A2C0BF1541FCE19C20C899BF4F76AB54B84CB97F88F48ECC029FD253F0C70DF4816B9AC94BCBD653B1A283C4001A0337955E4AFED3FB790B6B1F5EA0B5514074103A38D84280EE0F5F9BE974EA
310
B2D16AB1EA969684B6E4166CA28264B300474C7308D20013B204A65F82970718D05678B3315D442E1C0A327E2F56556040C005D2FAB1326A68A07507C9E46A3648555A7080F5F50219A00E6222E3E0862CE95B5680930530742F1D041805E69B788161F015944D041182B861A2C17F3AF01CF5BFDF6C343F9171F5B004BF59
310
C016719164B888EA206A02AD05E8464D06B48E4381A0E9345FD171625AC22198F57C003BEA5510F81FF78D31C9B033D0030000000049454E44AE426082504B03041400060808003057925A51464CB48900000043010000360000006662782F31413032453036352D304438312D343145412D414346342D4235304336433434
310
344144312F6469726563746F72792E786D6C9D8F310EC2300C45AF127987122606C71DD918B841D4B851A43646695A717C52A85029031293A5A76FBF6FACEF7DA7264E43906840EF0FA03836E242F406C6DCEE4EA06AC22492573150D1F66C60C640E8938CB705396EEDD86DE9B5042FE27813D640EA63BB001C722AF6E55C
310
B61E4863F58284D5D3F53DD715CE1C3985E63FD7F1B7EBDD617E9F1E504B03041400060808003057925A73091F35600700009A1D0000340000006662782F31413032453036352D304438312D343145412D414346342D4235304336433434344144312F6F626A656374732E786D6CED595B6FDB3614FE2B82F6ACBBEC5885E3
310
C2B193C2D8D216CD3AEC4DA065DAE1A21B282971F6EB774891B2282BB69CB5C01E9600B1425387E77CE77E38FDB84F62ED19D38264E9B5EE98B6AEE134CA3624DD5DEB55B93526BAF671A64D699695AD7DBA96A2045FEB6C599F4D7734AB72B1B4C15B54C5DDD5BB9B3FB522C229D6B528464571AD17D1234E9089AA32DBE0
310
E2C9DCA01299BBEDDE74CC7AA34A764751FED8392A4714A725B00AEB2950111C38EABF2092359B5A6C83B2CD1DB6CD3BB1CDE282AB8C92B428511A1D71D5A1E30EE3CA73FCE5AD3B0A8C91EF7B863F761DE3E6EE666938579EBD182F16C1FC36D0B5D9749D6571A3801CA71BD0E2AB3E73A616FBA6115FA0D0C77794A5298E
310
049A7D1B3658D025B8E862A200EB70D15A0AA9656D2D7803857F63DB2050149614B4A570F2B36DBDD9FA2F00A11862A5B4C0CCCA8B9282AE05F6B53FD853AB5E55F4420A2D4125A604C55A4CD6145150106CAD15A49061DEC248690C33AE4549AFCD2B18F6795FEAE3725BC531F35F7DC63D2D047FC465C139237F637AE0BE
310
7D1AF004D256242D2742D8F2350712C1D4E28BF5779E2BBEAC81D4B631DA81B580986C93E776F05AB058B05AEAB35FEFD6FB07161FFA0FCF6996635A32CBE3CE2CFC4E6AB0655A607C0340A97155757740E51B40FF19906F78D1A6A0394AF6FEDE97B2539416DB8C26A01DCDD60C1BFED81A7B3C7A9A5ACDCB334D5362E55B
310
9882DBFE204C153194B35B90CEA6CF60F419F584700F118AC1A6EF49CAFC1C0C458B33588278BF5DEFF5D90A82292CC25B2806E9E1776AB1470D3E6A3A106F3A1AEA0BBF0314251DA6EB67075D7D029BA1246A54A5C8F816BEA31F82EF7CF9F0EB4345B728C2F7C2B197784B52524232ED6748015D71F9EFABCFDC238FE451
310
764570CE2E6381A3472F0F422F1A570CB0C2F270AD1ABE724FC0DDE318A538AB0AB1DE17A8A22CCE68B87E0D6B1FEE3DEB0F6904F561E0DFCC027A831964F788929C81A2CF84784D24340F38B138280C70572B355CA3E889C11B4610B1DEC307582DA25DA255928728C9AA9485EF63F3EE8A667A36FF719CC0B50377128C46
310
C2E081777E80F41F191C1AF6D94909CADF3866A1E84BC40D0964ED493EC4CB3E1922A89AAA32CC721491B2DF1A3A620C647943B6DBAA80B0DE0B4C8763D373463536F2AFEB6AF605AB0D53A7A5154C8524413B1C6E11CB89BDFC298036C4A5927A91DCC55951901417BCA6398A751D146D1342476DE9926A8FD992224C7089
310
DE63B13C49760C96E26D1C42F555B2FAF7BCBD4A0645BE7D8B22ABF5B234E4F2BF86054AF2B8AEEBCE61E0B89D137A71654CB3239EC13E435486F606F332FD1CF52692487C07510FDE4DFE0D7828FAE9F0C8230814EB9055CF6BD631474EC07E261086C623C71B5F35AA3887963CAC64754B5C41A515BD862F98EC1E870541
310
A9F293E71438DE86248EAB24AC7348891328DB5059D1411E3B8668D23D4844868E4BB44EDA92188AEAC16196D72BB26281C378C1F256986D1D03429114FABA41821C49D16BC45C17BC8765ADDA79FD5F4EF55F47CC766FF3845F5F32BAE9E5542D3D64D5268B0C1630454E6CD4CB29CFA66DF74B78B3731E075F121111AEEE
310
2C848550FC4CD83083774DBD3D47F182CA0842E903FF346EC023367873A84314726234A2CFE050494DD6B6EDEE08C21D4B204AB1B66221358109056291F69E3DC4DF10A81AAAC5C212959055AFAF586A33611873E0E304AD2F9F1E3A546065F0DB5F1946F8A54341AC2E58F17782D4F7D5A1C6ED5010127D5F9D78BD7CAC92
310
758A08CB8DCC2CD026FFF091F79FD71634179633B7DD5B7B3C32ECE5C4317CE7766ECC1777BE713362E30EDFF7E74BC7A2B8C82A1AE1C2722D3B94D5569EEEA461D4D00DE942601271BE5D94F6DC55F0FF5D488FB3AAA1E0C22E44B1F9A18D437F8AB8B092759DD17832F62636FC7126C138B86295ECE0D5A6D83C9D502EAB
310
361BA227B3EEBB2B2DD3AECB89003A1A37808262EC3B93C6854467D39BB9E04859505C50BD78BC7809AEC6CE68E2F8D04B5D7AD67B8B97E3A2BD57AA56B67F57F9F2D3F3F3F1013F3D3F2BC9F0E2DCFA7B46D9A441866385585F6655DC9F8D057BE28B1C3CF0F47135F1BCC9EDF8CA983B4B481777816B4C02776404372396
310
366EFCE5DDB2B13251720C4DDFFF895425996D4D3861505F643181FB12BCD17638835613064203D2184D70C15B48A8B344B5B411973503DE7EAEC7DD255AC7F2EDE811C19D412C0A9F2A827935B477D7BA58D77E8109351B12F3B9A1F904F95D44475DAB28B9D6C1044A0269DC5CC3A491CF7539F5CE2419D486D21D6B4EEB
310
B79AFF0FAF3174C0560E72357B86E0222453AC13A63639BFC281182CEBBEF78B2ED9D150098FEBAA6C84392C1CA41120C8BB9A5A3818C83E0978F7107E4FCBE5987C8F02C9A04B9393765053354A4477FCE6A385F77CF9D5629716AB2F5A1E573BA6CE53659542C960E55C5CD5F3C12918861033476CE0B1F86041D7F184A9
310
051390387BB5E4A855FBADBE43B178F5282E5460625860136D8A275800CD51C2A6D235828A7E9BE8D3D2AF049C410DAF29FB574B4D64BA5623D06E0098F4FC3645033F61B768CC2BDA1B5AA35F3075E0AA9E90370F72616AB19B9FD93F504B03041400060808003057925AF49192EEE2000000550100003C0000006662782F
310
31413032453036352D304438312D343145412D414346342D4235304336433434344144312F7265736F75726365732F322F636E782E786D6C4D90DD6A032110855F65117AB9EA6E1B1A826B5E2257BD09562756A2CEE24F69DFBE9A5AE8D50CE77C0C678E387F053F7D42CA0EE34616CAC90451A371D16EA496DB7C24D3598A
310
8458FE61648A2AC046BA4CA4B009EB3E240337557D57BD8BF721F2AB8508C9E9EB1E2D99B457396F24EB0F088AAA5AD040BE53A38AA20B4D90B1260DED447101C6099D40153044AE7C3DCCFC655E8E97859F0EAFA7E7F54DB04E4AF18EE807EF628184FBD3CA35B635B6445CB00E4851931B547FA3197FF1688B2758B3A5C8
310
25B50E0656BEF786B9A02CB007F2EB4AC1FA936D3C1A68B317227F00504B03041400060808003057925AFF15A4A45D000000800000003A0000006662782F31413032453036352D304438312D343145412D414346342D4235304336433434344144312F7265736F75726365732F636E782E786D6C4D8B3B0E80201005AF42B6
310
F75B59F0390B113044D83508C6E30BC6C26AF226F3B8BA6360974DA7271430F523308B2B198F9B80925DB700539227A2FCCB80A18E5640D320F996A81C9F32D6E9129A0D1EF74FCE750E6D57BC7165FBCA07504B03041400060808003057925A6DA5A3FB4301000056050000300000006662782F31413032453036352D3044
310
38312D343145412D414346342D4235304336433434344144312F636E782E786D6CCD944D4EC3301085AF12596219E7072AAACA7125169C800562E738D360EAD8913D46F4F6D8256D41A88245A476678D3F4BEFCD3C0F5B7F0C3A7B07E795350DA968493230D276CAF40D09B8C997245B73E6ACC56F18C98C18A021A94C38EB
310
9D0DE354EA6023824E55ADCC762A0A44A7DA80E04926B5F0BE215EBEC220A808683BF05BDA0914B4A20EBC0D4E427C8F6A80E9BD7420103AC2EBB25EE4E55D5E2D9FAA72B5B85FDDD62FAC482467ADB57AE295417076BCA94B69E3D14439252B12C059706AA29207C24FDA68AB0C2BE23D673EEA35FDC4E16E4CDC386A2505
310
C646155622601E2110032BBE60CE8AE4F887EFC787E7938678EA940389D6ED2ED686EA5C1B8ED2684CC4FFBAB007FF326FDBB768F972733F6B7812369BDD43727D8CEEEF24C43C09D3EB6BFC004769F3E73F2E1654F21A4D1F94CDE4B9D8AFC038F8B411F927504B03041400060808003057925A450439277E000000A30000
310
000B0000006662782F636E782E786D6C4D8C410EC2201405AF42FE1E05439B2E800669BD47636943A47C83C5787CC174E1EA25933723FBCF16C8DBA597C7A8809F181017EF38FBB82AC8FB423B20BD960971FFBB0189D3E614540C5AAE09F3F340B35BA61C2A0D3E3E0EC80DBB8CAC6D281B3A4E051F0D35F626E8B561B6B5
310
420833F0629CAB52E6D72B5BF3FA0B504B03041400060808003057925AA6D797065F0000008200000007000000636E782E786D6C4DCB3B0E80201045D1AD90E9FD7516806B51190811670C8A61F982B1B0BAC9C97B72CA7B1037C6D3332918DA1E04D2CAC69353902EDB8C20262D23F3F59B81A079470595414B17391D1F19
310
B4730A5583A7ED43BBE4025D9592775E5ADFFA01504B03041400060808003057925AECFD112DA800000026010000130000005B436F6E74656E745F54797065735D2E786D6C7D4F4B0EC22010BD0A61DF525D18634ABB506FE00510A79458060253536F2FD89D5197F3FED3F68B9BD80362B21E25DFD40D6780DADF2C1AC967
310
1AAA3D677DD75E9E0112CB5A4C928F44E12044D22338956A1F003333F8E814E5331A1194BE2B0362DB343BA13D122055543278D79E6050F344ECBC6478EDCD76CE8EABAE5449AE4298AC56946789C28AAFBEABC53F3EAF09A84A1441B91F0101CD4780756578C173A578FFDDBD00504B03041400060808003057925A3DEE33
310
6E64000000790000001B0000006175746F6465736B2D64657369676E2D7061636B6167652E786D6C35CBC10E83200C00D05F21DCA56CA76D41FC96062B120735B69A7DBE268BB7777961F8D5AF396893C2ADB70FE7ADA196782C2DF776D7A97B5933C430F15651E5469C55D70F80A4992A3ADC954792C525AE70A1E4D6AD98
310
16CC044FEFDF01FE3FDE907802504B03041400060808003057925A7EEA7118F20000008E0100003D0000006662782F31413032453036352D304438312D343145412D414346342D4235304336433434344144312F7265736F75726365732F322F636F72652E786D6C8550CB6EC32010FC156BEFD806DB2A8D305123275FD053
310
6F08888B1283C523EAE71762576A4F3DED6A76667677D8F16BB9570FED837176045CB750692B9D32761E21C52BA2501D39F3CEC55F34A8AC58F4080506CE66EFD2BA43D2D9A86D41AD537A0745083A4225EFB91921C84FBD885AA49819E156AF42DEC4AC6B5C6F3CCE52326A971A95DDCCD5680F1CBF76F48CE919E10953D4
310
0F1D4114771734D0D344C965EA7BF2C69A22E62C9AE567BBF45A44AD8093960CA8ED11A6EFB83D0C2F878E7CB0A630390BD1E79FF7A5E5BB4C67CD86FE714BABFADF2D191B3BB2BB6D8A90EFCFC73D079C35259D5C9ED1E55A92E4DF504B03041400060808003057925A18F252AAF7000000960100003B0000006662782F31
310
413032453036352D304438312D343145412D414346342D4235304336433434344144312F7265736F75726365732F636F72652E786D6C8550CB6EC32010FC156BEFD806DB2A8D30512B275FD0536F086F5C94182C1E553FBF90B8527BEA69D1ECCC2C33E2F8B5DEAA4FF4C1383B02AD5BA8D06A371BBB8C90E28570A88E5278
310
E7E22F1A5456AD384281418AC5BBB4ED907636A22DA87533EEA00A012354FA961F2304FD81ABAA558A9911AEF5A6F4552D58D3FAC193222533EF523367377331E841D2E78E9F283F113A514EFAA16384D3EE4C06FE3A71769EFA9EBD88A688A58866FDB9AE3DAA883348D6B281B43DA1FC8DB687E1E9D0B177D114A61421FA
310
9C793F5AD281F4185CF21A83681EDB3FAE699BFF774DC6C68EEDAE0F45C839F227EF0B299AD2521EF70AF32C8DCA6F504B03041400060808003057925AD19E1E28F1000000B1010000310000006662782F31413032453036352D304438312D343145412D414346342D4235304336433434344144312F636F72652E786D6C8D
310
50CB6EC32010FC156BEFD8E0E0348A3091EBA45FD0536F08888B1283C5A3EAE71762576A6F392D9A9D6166879DBEE77BF5A57D30CEF6406A0C95B6D22963A71E52BCA2035427CEBC73F10F0D2A2B66DD438181B3C9BBB46C9074366A5B50EB94DE4011828E50C97B7EF410E4A79E452D52CC8C70AB17216F62D235A9571E67
310
D1CCBF52E9B5885A016F71DB214C1139BC137CEC5E8EBBF6833585C9594A466D564665777335DA0327036E2F789F65E70341945C06348C6F14BD7678DC8F94D2E14C5853C49C85E8F3CDDB27E5BA67E5ABF05FE6B4A827321B1B77ED66B82A42F6CC791E0BCE9A52601E8F76F32C65F31F504B03041400060808003057925A
310
0A2279C652010000DD0200000C0000006662782F636F72652E786D6C8D525D6F832014FD2B8677545033D620CD96B6BF604F7BA34A1DA9824130FDF9033FE27C58B7982039F79E73EF39811E1F5D1B8DC20C52AB12A03805915095AEA56A4AE0EC0D12101D19355ADB1F6D2052BC1325083060B431DAF50B546965850AA8D2
310
B558403E0CC282A86AFDA50443F5253A1E73677DC7708F7B5EDD79236214CF7D8C3A27EB852A6BAF266F5218C0D06B46CE889C213A2102F322C390A0EC020BF27E22F872CA73FC46934066D4CA6E9D5E19C1ADA801C3292E609A43443E507A285E0E19FEA449E86474B0C67B5E86067780DDAE0F9ACCF84ECFF5F5DF7A4E2A
310
9BE1456F660CDE815F6F2A309A847CFC6F0A6F9FA11FECF3B3FCDAAE16EE1E1A4565B5C97DA5D66E2B8DBC75C24BA7D1F4D164AE7AE549E0371DFC44E7B9860F8AABC6AFC6ADBF5E9D0DD3F73BF5C2C0D13E22A54DC7DB6DB979C5EDDC06ED2CADF44AB7DAFC87BD5A5DC34CC2C364DF504B03041400060808003057925A13
310
25991806010000B201000008000000636F72652E786D6C8D504B6EC32014BC0A628F6DB0ADD20813B5727282AEBAA386382836587CA2F6F685984AEDAEAB8766E6BD19861D3FD705DC95F3DA9A01E2AA814099C94A6DE601C6704114822367CEDAF04B068111AB1A60862167B3B3712BD0644D5026A3C64A5540E1BD0A104C
310
4B7A0CD04F57B58A4AC49014FE566D62BA895955B8DA759C05BDFEAC4E4E89A024E4A4213D6A3A84E91B6E0EFDD3A125EFACCE4ACE62D4B2586999DCF5452B07397E6EE909D313C223A6A8EB5B82286ECFA8A7AF2325E7B1EBC80BABF332673EB8F4E77224E50CC08B7BF665F54E71F661ED5204299404D62C5F9037ACCEC4
310
9FD07193FF08AD4D684939B86FF89439057A10C9383798C6A3DE3473DBFC1B504B010214001400060808003057925A0000000000000000000000003700000000000000000000000000000000006662782F31413032453036352D304438312D343145412D414346342D4235304336433434344144312F617474726962757465
310
732E62696E504B010214001400060808003057925A0000000000000000000000003500000000000000000000000000550000006662782F31413032453036352D304438312D343145412D414346342D4235304336433434344144312F76657274696365732E62696E504B010214001400060808003057925AF270F133060000
310
00040000003600000000000000000000000000A80000006662782F31413032453036352D304438312D343145412D414346342D4235304336433434344144312F747269616E676C65732E62696E504B010214001400060808003057925AB5A795FFE3790000DE7900004200000000000000000000000000020100006662782F
310
31413032453036352D304438312D343145412D414346342D4235304336433434344144312F7265736F75726365732F322F305F67656E657269632E706E67504B010214001400060808003057925A51464CB489000000430100003600000000000000000000000000457B00006662782F31413032453036352D304438312D34
310
3145412D414346342D4235304336433434344144312F6469726563746F72792E786D6C504B010214001400060808003057925A73091F35600700009A1D00003400000000000000000000000000227C00006662782F31413032453036352D304438312D343145412D414346342D4235304336433434344144312F6F626A6563
310
74732E786D6C504B010214001400060808003057925AF49192EEE2000000550100003C00000000000000000000000000D48300006662782F31413032453036352D304438312D343145412D414346342D4235304336433434344144312F7265736F75726365732F322F636E782E786D6C504B01021400140006080800305792
310
5AFF15A4A45D000000800000003A00000000000000000000000000108500006662782F31413032453036352D304438312D343145412D414346342D4235304336433434344144312F7265736F75726365732F636E782E786D6C504B010214001400060808003057925A6DA5A3FB430100005605000030000000000000000000
310
00000000C58500006662782F31413032453036352D304438312D343145412D414346342D4235304336433434344144312F636E782E786D6C504B010214001400060808003057925A450439277E000000A30000000B00000000000000000000000000568700006662782F636E782E786D6C504B010214001400060808003057
310
925AA6D797065F000000820000000700000000000000000000000000FD870000636E782E786D6C504B010214001400060808003057925AECFD112DA8000000260100001300000000000000000000000000818800005B436F6E74656E745F54797065735D2E786D6C504B010214001400060808003057925A3DEE336E640000
310
00790000001B000000000000000000000000005A8900006175746F6465736B2D64657369676E2D7061636B6167652E786D6C504B010214001400060808003057925A7EEA7118F20000008E0100003D00000000000000000000000000F78900006662782F31413032453036352D304438312D343145412D414346342D423530
310
4336433434344144312F7265736F75726365732F322F636F72652E786D6C504B010214001400060808003057925A18F252AAF7000000960100003B00000000000000000000000000448B00006662782F31413032453036352D304438312D343145412D414346342D4235304336433434344144312F7265736F75726365732F
310
636F72652E786D6C504B010214001400060808003057925AD19E1E28F1000000B10100003100000000000000000000000000948C00006662782F31413032453036352D304438312D343145412D414346342D4235304336433434344144312F636F72652E786D6C504B010214001400060808003057925A0A2279C652010000
310
DD0200000C00000000000000000000000000D48D00006662782F636F72652E786D6C504B010214001400060808003057925A1325991806010000B20100000800000000000000000000000000508F0000636F72652E786D6C504B050600000000120012002D0600007C9000000000
  0
XRECORD
  5
A4
102
{ACAD_REACTORS
330
A0
102
}
330
A0
100
AcDbXrecord
280
     1
270
     1
271
     1
  0
XRECORD
  5
A6
102
{ACAD_REACTORS
330
A0
102
}
330
A0
100
AcDbXrecord
280
     1
270
     1
271
     1
  0
XRECORD
  5
A7
102
{ACAD_REACTORS
330
A0
102
}
330
A0
100
AcDbXrecord
280
     1
270
     1
271
     1
  0
XRECORD
  5
A5
102
{ACAD_REACTORS
330
A0
102
}
330
A0
100
AcDbXrecord
280
     1
270
     1
271
     1
  0
XRECORD
  5
B7
102
{ACAD_REACTORS
330
B6
102
}
330
B6
100
AcDbXrecord
280
     1
102
DISPLAYNAME
  1
Imperial24
102
FLAGS
 90
        0
  0
CELLSTYLEMAP
  5
B4
102
{ACAD_REACTORS
330
B3
102
}
330
B3
100
AcDbCellStyleMap
 90
        3
300
CELLSTYLE
  1
TABLEFORMAT_BEGIN
 90
        5
170
     1
 91
        0
 92
    32768
 62
   257
 93
        1
300
CONTENTFORMAT
  1
CONTENTFORMAT_BEGIN
 90
        0
 91
        0
 92
      512
 93
        0
300

 40
0.0
140
1.0
 94
        5
 62
     0
340
55
144
0.25
309
CONTENTFORMAT_END
171
     0
 94
        0
309
TABLEFORMAT_END
  1
CELLSTYLE_BEGIN
 90
        1
 91
        1
300
_TITLE
309
CELLSTYLE_END
300
CELLSTYLE
  1
TABLEFORMAT_BEGIN
 90
        5
170
     1
 91
        0
 92
        0
 62
   257
 93
        1
300
CONTENTFORMAT
  1
CONTENTFORMAT_BEGIN
 90
        0
 91
        0
 92
      512
 93
        0
300

 40
0.0
140
1.0
 94
        5
 62
     0
340
55
144
0.18
309
CONTENTFORMAT_END
171
     0
 94
        0
309
TABLEFORMAT_END
  1
CELLSTYLE_BEGIN
 90
        2
 91
        1
300
_HEADER
309
CELLSTYLE_END
300
CELLSTYLE
  1
TABLEFORMAT_BEGIN
 90
        5
170
     1
 91
        0
 92
        0
 62
   257
 93
        1
300
CONTENTFORMAT
  1
CONTENTFORMAT_BEGIN
 90
        0
 91
        0
 92
      512
 93
        0
300

 40
0.0
140
1.0
 94
        2
 62
     0
340
55
144
0.18
309
CONTENTFORMAT_END
171
     0
 94
        0
309
TABLEFORMAT_END
  1
CELLSTYLE_BEGIN
 90
        3
 91
        2
300
_DATA
309
CELLSTYLE_END
  0
ENDSEC
  0
SECTION
  2
ACDSDATA
 70
     2
 71
     8
  0
ACDSSCHEMA
 90
        0
  1
AcDb3DSolid_ASM_Data
  2
AcDbDs::ID
280
    10
 91
        8
  2
ASM_Data
280
    15
 91
        0
101
ACDSRECORD
 95
        0
 90
        1
  2
AcDbDs::TreatedAsObjectData
280
     1
291
     1
101
ACDSRECORD
 95
        0
 90
        2
  2
AcDbDs::Legacy
280
     1
291
     1
101
ACDSRECORD
  1
AcDbDs::ID
 90
        3
  2
AcDs:Indexable
280
     1
291
     1
101
ACDSRECORD
  1
AcDbDs::ID
 90
        4
  2
AcDbDs::HandleAttribute
280
     7
282
     1
  0
ACDSSCHEMA
 90
        1
  1
AcDbDs::TreatedAsObjectDataSchema
  2
AcDbDs::TreatedAsObjectData
280
     1
 91
        0
  0
ACDSSCHEMA
 90
        2
  1
AcDbDs::LegacySchema
  2
AcDbDs::Legacy
280
     1
 91
        0
  0
ACDSSCHEMA
 90
        3
  1
AcDbDs::IndexedPropertySchema
  2
AcDs:Indexable
280
     1
 91
        0
  0
ACDSSCHEMA
 90
        4
  1
AcDbDs::HandleAttributeSchema
  2
AcDbDs::HandleAttribute
280
     7
 91
        1
284
     1
  0
ACDSRECORD
 90
        0
  2
AcDbDs::ID
280
    10
320
A9
  2
ASM_Data
280
    15
 94
   111167
310
414349532042696E61727946696C652855000000000000020000000C00000007104175746F6465736B204175746F434144071441534D203233312E302E302E3635353335204E540718467269204170722031382031303A35373A33322032303235066666666666663940068DEDB5A0F7C6B03E06BBBDD7D9DF7CDB3D0D0961
310
736D6865616465720CFFFFFFFF04FFFFFFFF070D3233312E302E302E3635353335110D04626F64790C0200000004FFFFFFFF0CFFFFFFFF0C030000000CFFFFFFFF0C04000000110E0D4154545249425F435553544F4D0D066174747269620CFFFFFFFF04FFFFFFFF0C050000000CFFFFFFFF0C01000000071454696D657374
310
616D705F6174747269625F646566040100000006BCBBF1612BCC1843110D046C756D700CFFFFFFFF04FFFFFFFF0CFFFFFFFF0CFFFFFFFF0C060000000C01000000110D097472616E73666F726D0CFFFFFFFF04FFFFFFFF14000000000000F03F00000000000000000000000000000000140000000000000000000000000000
310
F03F00000000000000001400000000000000000000000000000000000000000000F03F1400000000000000000000000000000000000000000000000006000000000000F03F0B0B0B110E0D4154545249425F435553544F4D0D066174747269620C0700000004FFFFFFFF0CFFFFFFFF0C020000000C01000000071667656E65
310
7269635F7461675F6174747269625F6465660403000000040300000004FFFFFFFF071767656E657269635F7461675F6174747269625F6465662004020000000403000000070333313804010000000400000000040000000004030000000703333234043F00000004000000000400000000110D057368656C6C0CFFFFFFFF04
310
FFFFFFFF0CFFFFFFFF0CFFFFFFFF0CFFFFFFFF0C080000000CFFFFFFFF0C03000000110E0D4154545249425F435553544F4D0D066174747269620CFFFFFFFF04FFFFFFFF0CFFFFFFFF0CFFFFFFFF0C05000000071667656E657269635F7461675F6174747269625F6465660403000000040300000004FFFFFFFF071767656E
310
657269635F7461675F6174747269625F6465662004010000000400000000070004000000000402000000044101000004420100000400000000110D04666163650C0900000004FFFFFFFF0CFFFFFFFF0C0A0000000C0B0000000C060000000CFFFFFFFF0C0C0000000A0B110E0D4154545249425F435553544F4D0D06617474
310
7269620CFFFFFFFF04FFFFFFFF0CFFFFFFFF0CFFFFFFFF0C08000000071667656E657269635F7461675F6174747269625F6465660403000000040300000004FFFFFFFF071767656E657269635F7461675F6174747269625F64656620040100000004010000000701340400000000040100000004460100000400000000110D
310
04666163650C0D00000004FFFFFFFF0CFFFFFFFF0C0E0000000C0F0000000C060000000CFFFFFFFF0C100000000A0B110D046C6F6F700CFFFFFFFF04FFFFFFFF0CFFFFFFFF0CFFFFFFFF0C110000000C08000000110E05706C616E650D07737572666163650CFFFFFFFF04FFFFFFFF0CFFFFFFFF13A8CBE926FD4F13C0A6EC
310
D5B4D4D3E93FF2F9F9B6F0912EC014000000000000F03F1F74A4BEAD0E613D0000000000000000141F74A4BEAD0E613D000000000000F0BFB349A115053790BC0B0B0B0B0B110E0D4154545249425F435553544F4D0D066174747269620CFFFFFFFF04FFFFFFFF0CFFFFFFFF0CFFFFFFFF0C0A000000071667656E65726963
310
5F7461675F6174747269625F6465660403000000040300000004FFFFFFFF071767656E657269635F7461675F6174747269625F64656620040100000004010000000701330400000000040100000004460100000400000000110D04666163650C1200000004FFFFFFFF0CFFFFFFFF0C130000000C140000000C060000000CFF
310
FFFFFF0C150000000A0B110D046C6F6F700CFFFFFFFF04FFFFFFFF0CFFFFFFFF0CFFFFFFFF0C160000000C0A000000110E05706C616E650D07737572666163650CFFFFFFFF04FFFFFFFF0CFFFFFFFF13D0FCF1D219AA18C0D6D5D5B4D4D3E93FF2F9F9B6F0912EC0141F74A4BEAD0E61BD000000000000F03F000000000000
310
000014000000000000F03F1F74A4BEAD0E613D7435C782663493BC0B0B0B0B0B110D06636F656467650CFFFFFFFF04FFFFFFFF0CFFFFFFFF0C170000000C180000000C190000000C1A0000000A0C0B00000004000000000CFFFFFFFF110E0D4154545249425F435553544F4D0D066174747269620CFFFFFFFF04FFFFFFFF0C
310
FFFFFFFF0CFFFFFFFF0C0E000000071667656E657269635F7461675F6174747269625F6465660403000000040300000004FFFFFFFF071767656E657269635F7461675F6174747269625F64656620040100000004010000000701360400000000040100000004460100000400000000110D04666163650C1B00000004FFFFFF
310
FF0CFFFFFFFF0C1C0000000C1D0000000C060000000CFFFFFFFF0C1E0000000A0B110D046C6F6F700CFFFFFFFF04FFFFFFFF0CFFFFFFFF0CFFFFFFFF0C1F0000000C0E000000110E05706C616E650D07737572666163650CFFFFFFFF04FFFFFFFF0CFFFFFFFF13C4FAF1D219AA18C09823BDDAF491C3BFF2F9F9B6F0912EC0
310
14000000000000F0BF1F74A4BEAD0E61BD0000000000000080141F74A4BEAD0E61BD000000000000F03FB349A1150537903C0B0B0B0B0B110D06636F656467650CFFFFFFFF04FFFFFFFF0CFFFFFFFF0C200000000C210000000C220000000C230000000A0C0F00000004000000000CFFFFFFFF110D06636F656467650CFFFF
310
FFFF04FFFFFFFF0CFFFFFFFF0C240000000C110000000C250000000C260000000A0C0B00000004000000000CFFFFFFFF110D06636F656467650CFFFFFFFF04FFFFFFFF0CFFFFFFFF0C110000000C240000000C200000000C270000000B0C0B00000004000000000CFFFFFFFF110D06636F656467650CFFFFFFFF04FFFFFFFF
310
0CFFFFFFFF0C220000000C280000000C110000000C1A0000000B0C2900000004000000000CFFFFFFFF110D04656467650CFFFFFFFF04FFFFFFFF0CFFFFFFFF0C2A0000000612FFA7C64B37EFBF0C2B000000068016B8C876BE8FBF0C190000000C2C0000000B0707756E6B6E6F776E110E0D4154545249425F435553544F4D
310
0D066174747269620CFFFFFFFF04FFFFFFFF0CFFFFFFFF0CFFFFFFFF0C13000000071667656E657269635F7461675F6174747269625F6465660403000000040300000004FFFFFFFF071767656E657269635F7461675F6174747269625F64656620040100000004010000000701350400000000040100000004460100000400
310
000000110D04666163650C2D00000004FFFFFFFF0CFFFFFFFF0C2E0000000C290000000C060000000CFFFFFFFF0C2F0000000B0B110D046C6F6F700CFFFFFFFF04FFFFFFFF0CFFFFFFFF0CFFFFFFFF0C300000000C13000000110E05706C616E650D07737572666163650CFFFFFFFF04FFFFFFFF0CFFFFFFFF139CC9E926FD
310
4F13C048C8BCDAF491C3BFF2F9F9B6F0912EC0141F74A4BEAD0E613D000000000000F0BF000000000000000014000000000000F0BF1F74A4BEAD0E61BD7435C7826634933C0B0B0B0B0B110D06636F656467650CFFFFFFFF04FFFFFFFF0CFFFFFFFF0C310000000C320000000C330000000C340000000A0C14000000040000
310
00000CFFFFFFFF110D06636F656467650CFFFFFFFF04FFFFFFFF0CFFFFFFFF0C350000000C160000000C180000000C270000000A0C0F00000004000000000CFFFFFFFF110D06636F656467650CFFFFFFFF04FFFFFFFF0CFFFFFFFF0C160000000C350000000C310000000C360000000B0C0F00000004000000000CFFFFFFFF
310
110D06636F656467650CFFFFFFFF04FFFFFFFF0CFFFFFFFF0C330000000C190000000C160000000C230000000B0C2900000004000000000CFFFFFFFF110D04656467650CFFFFFFFF04FFFFFFFF0CFFFFFFFF0C2B00000006A01EB0726891FEBF0C370000000600B41E85EB51E2BF0C220000000C380000000B0707756E6B6E
310
6F776E110D06636F656467650C3900000004FFFFFFFF0CFFFFFFFF0C180000000C170000000C3A0000000C3B0000000A0C0B00000004000000000CFFFFFFFF110D06636F656467650CFFFFFFFF04FFFFFFFF0CFFFFFFFF0C300000000C3C0000000C170000000C260000000B0C1D00000004000000000CFFFFFFFF110D0465
310
6467650CFFFFFFFF04FFFFFFFF0CFFFFFFFF0C3D0000000600000000000000000C2A00000006A09999999999D93F0C170000000C3E0000000B0707756E6B6E6F776E110D04656467650CFFFFFFFF04FFFFFFFF0CFFFFFFFF0C3F0000000600000000000000000C2B00000006A09999999999D93F0C200000000C400000000B
310
0707756E6B6E6F776E110D06636F656467650CFFFFFFFF04FFFFFFFF0CFFFFFFFF0C190000000C330000000C300000000C410000000B0C2900000004000000000CFFFFFFFF110D046C6F6F700CFFFFFFFF04FFFFFFFF0CFFFFFFFF0C420000000C330000000C1C000000110D067665727465780CFFFFFFFF04FFFFFFFF0CFF
310
FFFFFF0C4100000004010000000C43000000110D067665727465780CFFFFFFFF04FFFFFFFF0CFFFFFFFF0C1A00000004010000000C44000000110E0873747261696768740D0563757276650CFFFFFFFF04FFFFFFFF0CFFFFFFFF13B0CBE926FD4F13C000CDF88FCE52EA3FBFC6C683BD5E2FC0141F74A4BEAD0E61BD000000
310
000000F03F3A0A0000808F0D3A0B0B110E0D4154545249425F435553544F4D0D066174747269620CFFFFFFFF04FFFFFFFF0CFFFFFFFF0CFFFFFFFF0C1C000000071667656E657269635F7461675F6174747269625F6465660403000000040300000004FFFFFFFF071767656E657269635F7461675F6174747269625F646566
310
20040100000004010000000701320400000000040100000004440100000400000000110D04666163650C4500000004FFFFFFFF0CFFFFFFFF0C460000000C470000000C060000000CFFFFFFFF0C480000000B0B110E05706C616E650D07737572666163650CFFFFFFFF04FFFFFFFF0CFFFFFFFF13E0A939B4943E1DC000831B
310
6BC8D1EA3FBFC6C683BD5E2FC01400000000002F03BA00000000808F0D3A000000000000F0BF149A9999999999B9BFFE213333423303BA9A99999999B1CE390B0B0B0B0B110D06636F656467650CFFFFFFFF04FFFFFFFF0CFFFFFFFF0C490000000C250000000C280000000C410000000A0C1D00000004000000000CFFFFFF
310
FF110D06636F656467650CFFFFFFFF04FFFFFFFF0CFFFFFFFF0C4A0000000C1F0000000C210000000C360000000A0C1400000004000000000CFFFFFFFF110D06636F656467650CFFFFFFFF04FFFFFFFF0CFFFFFFFF0C1F0000000C4A0000000C490000000C4B0000000B0C1400000004000000000CFFFFFFFF110D06636F65
310
6467650CFFFFFFFF04FFFFFFFF0CFFFFFFFF0C280000000C220000000C1F0000000C340000000B0C2900000004000000000CFFFFFFFF110D04656467650CFFFFFFFF04FFFFFFFF0CFFFFFFFF0C37000000060A5E3F355EBADDBF0C4C000000066EDFCAA145B6DF3F0C330000000C4D0000000B0707756E6B6E6F776E110D06
310
636F656467650C4E00000004FFFFFFFF0CFFFFFFFF0C210000000C200000000C4F0000000C500000000A0C0F00000004000000000CFFFFFFFF110D04656467650CFFFFFFFF04FFFFFFFF0CFFFFFFFF0C510000000600000000000000000C3700000006A09999999999D93F0C210000000C520000000B0707756E6B6E6F776E
310
110D067665727465780CFFFFFFFF04FFFFFFFF0CFFFFFFFF0C3400000004000000000C53000000110E0873747261696768740D0563757276650CFFFFFFFF04FFFFFFFF0CFFFFFFFF1350D3954357F41AC012CCD5B4D4D3E93FBFC6C683BD5E2FC014000000000000F0BF1F74A4BEAD0E61BD3EF0FFFFFF2E033A0B0B110E0D
310
4154545249425F435553544F4D0D066174747269620CFFFFFFFF04FFFFFFFF0CFFFFFFFF0CFFFFFFFF0C240000000711736B657463685F6174747269625F646566040100000004010000000403000000070D31333620302031203020312031110D06636F656467650CFFFFFFFF04FFFFFFFF0CFFFFFFFF0C540000000C4F00
310
00000C240000000C3B0000000B0C5500000004000000000CFFFFFFFF110D04656467650CFFFFFFFF04FFFFFFFF0CFFFFFFFF0C3F000000068B7D10583934F1BF0C3D00000006F0E2DE240681BDBF0C3A0000000C560000000B0707756E6B6E6F776E110D06636F656467650C5700000004FFFFFFFF0CFFFFFFFF0C25000000
310
0C490000000C540000000C580000000A0C1D00000004000000000CFFFFFFFF110D067665727465780CFFFFFFFF04FFFFFFFF0CFFFFFFFF0C5800000004000000000C59000000110E0873747261696768740D0563757276650CFFFFFFFF04FFFFFFFF0CFFFFFFFF139CC9E926FD4F13C048C8BCDAF491C3BFF2F9F9B6F0912E
310
C01400000000000000000000000000000000000000000000F0BF0B0B110D067665727465780CFFFFFFFF04FFFFFFFF0CFFFFFFFF0C3B00000004000000000C5A000000110E0873747261696768740D0563757276650CFFFFFFFF04FFFFFFFF0CFFFFFFFF13A8CBE926FD4F13C0A6ECD5B4D4D3E93FF2F9F9B6F0912EC01400
310
000000000000000000000000000000000000000000F0BF0B0B110D04656467650CFFFFFFFF04FFFFFFFF0CFFFFFFFF0C4C000000060085105839B4B8BF0C2A0000000650BC9F1A2FDDF33F0C280000000C5B0000000B0707756E6B6E6F776E110D046C6F6F700CFFFFFFFF04FFFFFFFF0CFFFFFFFF0C5C0000000C5D000000
310
0C1C000000110D05706F696E740CFFFFFFFF04FFFFFFFF0CFFFFFFFF139CC9E926FD4F13C048C8BCDAF491C3BFBFC6C683BD5E2FC0110D05706F696E740CFFFFFFFF04FFFFFFFF0CFFFFFFFF13A8CBE926FD4F13C0A6ECD5B4D4D3E93FBFC6C683BD5E2FC0110E0D4154545249425F435553544F4D0D066174747269620C5E
310
00000004FFFFFFFF0CFFFFFFFF0CFFFFFFFF0C2E000000071667656E657269635F7461675F6174747269625F6465660403000000040300000004FFFFFFFF071767656E657269635F7461675F6174747269625F6465662004010000000402000000070231310400000000040100000004C2FEFFFF0400000000110D04666163
310
650C5F00000004FFFFFFFF0CFFFFFFFF0C600000000C610000000C060000000CFFFFFFFF0C620000000B0B110D046C6F6F700CFFFFFFFF04FFFFFFFF0CFFFFFFFF0CFFFFFFFF0C630000000C2E000000110E04636F6E650D07737572666163650CFFFFFFFF04FFFFFFFF0CFFFFFFFF1320F2B2C8469FF03FF84FE837959EEF
310
3F44B2183CDCE32EC01400000000002F03BA00000000808F0D3A000000000000F0BF14F162FF51181AB23F2363FF51181AB2BFF038C7D3E792DBB906000000000000F03F0B0B06000000000000000006000000000000F03F06999999999999B93F0B0B0B0B0B110D06636F656467650CFFFFFFFF04FFFFFFFF0CFFFFFFFF0C
310
3C0000000C300000000C320000000C4B0000000A0C1D00000004000000000CFFFFFFFF110D06636F656467650C6400000004FFFFFFFF0CFFFFFFFF0C320000000C310000000C650000000C660000000A0C1400000004000000000CFFFFFFFF110D04656467650CFFFFFFFF04FFFFFFFF0CFFFFFFFF0C670000000600000000
310
000000000C4C00000006A09999999999D93F0C490000000C680000000B0707756E6B6E6F776E110D067665727465780CFFFFFFFF04FFFFFFFF0CFFFFFFFF0C3400000004010000000C69000000110E0873747261696768740D0563757276650CFFFFFFFF04FFFFFFFF0CFFFFFFFF13D2FBF1D219AA18C0A24D6C344BEDD53F
310
BFC6C683BD5E2FC0141F74A4BEAD0E613D000000000000F0BF3A0A0000808F0DBA0B0B110E0D4154545249425F435553544F4D0D066174747269620CFFFFFFFF04FFFFFFFF0CFFFFFFFF0CFFFFFFFF0C350000000711736B657463685F6174747269625F646566040100000004010000000403000000070D31333520302031
310
203020312031110D06636F656467650CFFFFFFFF04FFFFFFFF0CFFFFFFFF0C3A0000000C650000000C350000000C500000000B0C5500000004000000000CFFFFFFFF110D04656467650CFFFFFFFF04FFFFFFFF0CFFFFFFFF0C5100000006281B85EB51380CC00C3F00000006D8B87493188401C00C4F0000000C6A0000000B
310
0707756E6B6E6F776E110D067665727465780CFFFFFFFF04FFFFFFFF0CFFFFFFFF0C6600000004010000000C6B000000110E0873747261696768740D0563757276650CFFFFFFFF04FFFFFFFF0CFFFFFFFF13D0FCF1D219AA18C0D6D5D5B4D4D3E93FF2F9F9B6F0912EC0140000000000000000000000000000000000000000
310
0000F0BF0B0B110D05706F696E740CFFFFFFFF04FFFFFFFF0CFFFFFFFF13D0FCF1D219AA18C0D6D5D5B4D4D3E93FBFC6C683BD5E2FC0110D06636F656467650CFFFFFFFF04FFFFFFFF0CFFFFFFFF0C650000000C3A0000000C3C0000000C580000000B0C5500000004000000000CFFFFFFFF110D046C6F6F700CFFFFFFFF04
310
FFFFFFFF0CFFFFFFFF0C6C0000000C650000000C6D000000110E0873747261696768740D0563757276650CFFFFFFFF04FFFFFFFF0CFFFFFFFF135DC9E926FD4F13C0E01C96F63B29D1BFF4F9F9B6F0912EC0141F74A4BEAD0E613D000000000000F0BF3A0A0000808F0DBA0B0B110E0D4154545249425F435553544F4D0D06
310
6174747269620CFFFFFFFF04FFFFFFFF0CFFFFFFFF0CFFFFFFFF0C3C0000000711736B657463685F6174747269625F646566040100000004010000000403000000070D31333320302031203020312031110D04656467650CFFFFFFFF04FFFFFFFF0CFFFFFFFF0C3D0000000600EA7C3F35DE06400C670000000628A6C64B37
310
C910400C540000000C6E0000000B0707756E6B6E6F776E110D05706F696E740CFFFFFFFF04FFFFFFFF0CFFFFFFFF139CC9E926FD4F13C048C8BCDAF491C3BFF2F9F9B6F0912EC0110D05706F696E740CFFFFFFFF04FFFFFFFF0CFFFFFFFF13A8CBE926FD4F13C0A6ECD5B4D4D3E93FF2F9F9B6F0912EC0110E087374726169
310
6768740D0563757276650CFFFFFFFF04FFFFFFFF0CFFFFFFFF13B0B891ED484718C0FC1CBDDAF491C3BFBFC6C683BD5E2FC014000000000000F03F1F74A4BEAD0E613D3EF0FFFFFF2E03BA0B0B110D046C6F6F700CFFFFFFFF04FFFFFFFF0CFFFFFFFF0C6F0000000C700000000C1C000000110D06636F656467650CFFFFFF
310
FF04FFFFFFFF0CFFFFFFFF0C710000000C720000000C730000000C740000000A0C4200000004000000000CFFFFFFFF110E0D4154545249425F435553544F4D0D066174747269620CFFFFFFFF04FFFFFFFF0CFFFFFFFF0CFFFFFFFF0C45000000071667656E657269635F7461675F6174747269625F64656604030000000403
310
00000004FFFFFFFF071767656E657269635F7461675F6174747269625F6465662004010000000400000000070004000000000402000000044101000004420100000400000000110E0D4154545249425F435553544F4D0D066174747269620C7500000004FFFFFFFF0CFFFFFFFF0CFFFFFFFF0C46000000071667656E657269
310
635F7461675F6174747269625F6465660403000000040300000004FFFFFFFF071767656E657269635F7461675F6174747269625F6465662004010000000402000000070231350400000000040100000004C2FEFFFF0400000000110D04666163650C7600000004FFFFFFFF0CFFFFFFFF0C770000000C780000000C06000000
310
0CFFFFFFFF0C790000000B0B110D046C6F6F700CFFFFFFFF04FFFFFFFF0CFFFFFFFF0CFFFFFFFF0C7A0000000C46000000110E05706C616E650D07737572666163650CFFFFFFFF04FFFFFFFF0CFFFFFFFF13601799C4C071E43FC01CB504626BEC3F44B2183CDCE32EC0147DEAFFBF1200383A000000000000F0BF00000000
310
808F0DBA149A99999999B1CEB90000000000A6D7399A9999999999B9BF0B0B0B0B0B110D06636F656467650CFFFFFFFF04FFFFFFFF0CFFFFFFFF0C7B0000000C7C0000000C7D0000000C7E0000000B0C4700000004000000000CFFFFFFFF110E0D4154545249425F435553544F4D0D066174747269620CFFFFFFFF04FFFFFF
310
FF0CFFFFFFFF0CFFFFFFFF0C4A0000000711736B657463685F6174747269625F646566040100000004010000000403000000070D31333420302031203020312031110D06636F656467650CFFFFFFFF04FFFFFFFF0CFFFFFFFF0C4F0000000C540000000C4A0000000C660000000B0C5500000004000000000CFFFFFFFF110D
310
04656467650CFFFFFFFF04FFFFFFFF0CFFFFFFFF0C6700000006B96B5EBA490CE33F0C51000000063AC5F1D24DE2F83F0C650000000C7F0000000B0707756E6B6E6F776E110D067665727465780CFFFFFFFF04FFFFFFFF0CFFFFFFFF0C6600000004000000000C80000000110E0873747261696768740D0563757276650CFF
310
FFFFFF04FFFFFFFF0CFFFFFFFF13C4FAF1D219AA18C09823BDDAF491C3BFF2F9F9B6F0912EC01400000000000000000000000000000000000000000000F0BF0B0B110D05706F696E740CFFFFFFFF04FFFFFFFF0CFFFFFFFF13C4FAF1D219AA18C09823BDDAF491C3BFBFC6C683BD5E2FC0110E0873747261696768740D0563
310
757276650CFFFFFFFF04FFFFFFFF0CFFFFFFFF1378DE5EBAE11B05C00212D6B4D4D3E93FF4F9F9B6F0912EC014000000000000F03F1F74A4BEAD0E613D3EF0FFFFFF2E03BA0B0B110D05706F696E740CFFFFFFFF04FFFFFFFF0CFFFFFFFF13D0FCF1D219AA18C0D6D5D5B4D4D3E93FF2F9F9B6F0912EC0110D046C6F6F700C
310
FFFFFFFF04FFFFFFFF0CFFFFFFFF0C810000000C820000000C6D000000110D04666163650C8300000004FFFFFFFF0CFFFFFFFF0C840000000C550000000C060000000CFFFFFFFF0C850000000B0B110E0873747261696768740D0563757276650CFFFFFFFF04FFFFFFFF0CFFFFFFFF137052AD1C8A83FFBF4005BCDAF491C3
310
BFF4F9F9B6F0912EC014000000000000F0BF1F74A4BEAD0E61BD3EF0FFFFFF2E033A0B0B110D046C6F6F700CFFFFFFFF04FFFFFFFF0CFFFFFFFF0C860000000C870000000C1C000000110D06636F656467650CFFFFFFFF04FFFFFFFF0CFFFFFFFF0C880000000C890000000C8A0000000C8B0000000A0C5C00000004000000
310
000CFFFFFFFF110D06636F656467650CFFFFFFFF04FFFFFFFF0CFFFFFFFF0C8C0000000C5D0000000C8D0000000C8E0000000A0C4200000004000000000CFFFFFFFF110D06636F656467650CFFFFFFFF04FFFFFFFF0CFFFFFFFF0C5D0000000C8F0000000C900000000C910000000A0C4200000004000000000CFFFFFFFF11
310
0D06636F656467650CFFFFFFFF04FFFFFFFF0CFFFFFFFF0C920000000C930000000C5D0000000C740000000B0C9400000004000000000CFFFFFFFF110D04656467650CFFFFFFFF04FFFFFFFF0CFFFFFFFF0C9500000006132D4454FB2109C00C9600000006182D4454FB21F9BF0C730000000C970000000B0707756E6B6E6F
310
776E110E0D4154545249425F435553544F4D0D066174747269620CFFFFFFFF04FFFFFFFF0CFFFFFFFF0CFFFFFFFF0C5F000000071667656E657269635F7461675F6174747269625F6465660403000000040300000004FFFFFFFF071767656E657269635F7461675F6174747269625F64656620040100000004000000000700
310
04000000000402000000044101000004420100000400000000110E0D4154545249425F435553544F4D0D066174747269620C9800000004FFFFFFFF0CFFFFFFFF0CFFFFFFFF0C60000000071667656E657269635F7461675F6174747269625F6465660403000000040300000004FFFFFFFF071767656E657269635F7461675F
310
6174747269625F64656620040100000004010000000701390400000000040100000004C2FEFFFF0400000000110D04666163650C9900000004FFFFFFFF0CFFFFFFFF0C9A0000000C9B0000000C060000000CFFFFFFFF0C9C0000000B0B110D046C6F6F700CFFFFFFFF04FFFFFFFF0CFFFFFFFF0CFFFFFFFF0C9D0000000C60
310
000000110E05706C616E650D07737572666163650CFFFFFFFF04FFFFFFFF0CFFFFFFFF13701799C4C071EC3F291BE3D660990CC044B2183CDCE32EC0147DEAFFBF120038BA000000000000F03F00000000808F0D3A149A99999999B1CE390000000000A6D7B99A9999999999B93F0B0B0B0B0B110D06636F656467650CFFFF
310
FFFF04FFFFFFFF0CFFFFFFFF0C9E0000000C9F0000000CA00000000CA10000000B0C6100000004000000000CFFFFFFFF110D06636F656467650CFFFFFFFF04FFFFFFFF0CFFFFFFFF0CA20000000C630000000C9F0000000CA30000000B0C4700000004000000000CFFFFFFFF110D06636F656467650CFFFFFFFF04FFFFFFFF
310
0CFFFFFFFF0C630000000CA20000000CA40000000CA50000000A0C4700000004000000000CFFFFFFFF110D06636F656467650CFFFFFFFF04FFFFFFFF0CFFFFFFFF0CA60000000CA00000000C630000000C7E0000000A0CA700000004000000000CFFFFFFFF110D04656467650CFFFFFFFF04FFFFFFFF0CFFFFFFFF0CA80000
310
0006142B4454FB21E9BF0CA900000006FC2B4454FB21E93F0C630000000CAA0000000B0707756E6B6E6F776E110E0873747261696768740D0563757276650CFFFFFFFF04FFFFFFFF0CFFFFFFFF137FF9F1D219AA18C09FB40DF1C6F0E7BFF4F9F9B6F0912EC0141F74A4BEAD0E61BD000000000000F03F3A0A0000808F0D3A
310
0B0B110D05706F696E740CFFFFFFFF04FFFFFFFF0CFFFFFFFF13C4FAF1D219AA18C09823BDDAF491C3BFF2F9F9B6F0912EC0110D046C6F6F700CFFFFFFFF04FFFFFFFF0CFFFFFFFF0CAB0000000CAC0000000C6D000000110D06636F656467650CFFFFFFFF04FFFFFFFF0CFFFFFFFF0CAD0000000CAE0000000CAF0000000C
310
B00000000A0C6C00000004000000000CFFFFFFFF110E0D4154545249425F435553544F4D0D066174747269620CB100000004FFFFFFFF0CFFFFFFFF0CFFFFFFFF0C6D000000071667656E657269635F7461675F6174747269625F6465660403000000040300000004FFFFFFFF071767656E657269635F7461675F6174747269
310
625F64656620040100000004010000000701340400000000040100000004C2FEFFFF0400000000110D04666163650CB200000004FFFFFFFF0CFFFFFFFF0CB30000000CB40000000C060000000CFFFFFFFF0CB50000000B0B110E05706C616E650D07737572666163650CFFFFFFFF04FFFFFFFF0CFFFFFFFF13701799C4C071
310
EC3F01D4B555887EF5BFF4F9F9B6F0912EC01400000000002F033A00000000808F0DBA000000000000F03F149A9999999999B93FFE2133334233033A9A99999999B1CEB90B0B0B0B0B110D046C6F6F700CFFFFFFFF04FFFFFFFF0CFFFFFFFF0CB60000000CB70000000C1C000000110D06636F656467650CFFFFFFFF04FFFF
310
FFFF0CFFFFFFFF0C870000000C870000000CB80000000CB90000000B0C6F00000004000000000CFFFFFFFF110D06636F656467650CFFFFFFFF04FFFFFFFF0CFFFFFFFF0CBA0000000C700000000CBB0000000CBC0000000A0C5C00000004000000000CFFFFFFFF110D06636F656467650CFFFFFFFF04FFFFFFFF0CFFFFFFFF
310
0C700000000CBA0000000CBD0000000CBE0000000A0C5C00000004000000000CFFFFFFFF110D06636F656467650CFFFFFFFF04FFFFFFFF0CFFFFFFFF0CBF0000000CC00000000C700000000C8B0000000B0CC100000004000000000CFFFFFFFF110D04656467650CFFFFFFFF04FFFFFFFF0CFFFFFFFF0CC200000006676666
310
6666E611C00CC300000006CECCCCCCCCCC0FC00C8A0000000CC40000000B0707756E6B6E6F776E110D06636F656467650CFFFFFFFF04FFFFFFFF0CFFFFFFFF0CC50000000C710000000CC60000000CC70000000A0C4200000004000000000CFFFFFFFF110D06636F656467650CFFFFFFFF04FFFFFFFF0CFFFFFFFF0CC80000
310
000CC90000000C710000000C8E0000000B0CCA00000004000000000CFFFFFFFF110D04656467650CFFFFFFFF04FFFFFFFF0CFFFFFFFF0CCB000000063533333333D32FC00C9500000006C0CCCCCCCCCCC4BF0C8D0000000CCC0000000B0707756E6B6E6F776E110D06636F656467650CFFFFFFFF04FFFFFFFF0CFFFFFFFF0C
310
720000000CCD0000000CCE0000000CCF0000000A0C4200000004000000000CFFFFFFFF110D06636F656467650CFFFFFFFF04FFFFFFFF0CFFFFFFFF0CD00000000CD10000000C720000000C910000000B0CD200000004000000000CFFFFFFFF110D04656467650CFFFFFFFF04FFFFFFFF0CFFFFFFFF0C9600000006C0CAA145
310
B67301C00CD300000006C0CAA145B67301400C900000000CD40000000B0707756E6B6E6F776E110D06636F656467650CFFFFFFFF04FFFFFFFF0CFFFFFFFF0CD50000000C730000000CD10000000CD60000000A0C9400000004000000000CFFFFFFFF110D06636F656467650CFFFFFFFF04FFFFFFFF0CFFFFFFFF0C73000000
310
0CD50000000CC80000000CD70000000B0C9400000004000000000CFFFFFFFF110D046C6F6F700CFFFFFFFF04FFFFFFFF0CFFFFFFFF0CFFFFFFFF0C730000000CD8000000110D067665727465780CFFFFFFFF04FFFFFFFF0CFFFFFFFF0C7400000004000000000CD9000000110D067665727465780CFFFFFFFF04FFFFFFFF0C
310
FFFFFFFF0C9100000004000000000CDA000000110E07656C6C697073650D0563757276650CFFFFFFFF04FFFFFFFF0CFFFFFFFF1313DD6CE7C7F11BC000831B6BC8D1EA3FBFC6C683BD5E2FC01400000000002F033A00000000808F0DBA000000000000F03F14FA2133334233233A949999999999D9BFFBFFFFFFFFA5F7B906
310
000000000000F03F0B0B110E0D4154545249425F435553544F4D0D066174747269620CFFFFFFFF04FFFFFFFF0CFFFFFFFF0CFFFFFFFF0C76000000071667656E657269635F7461675F6174747269625F6465660403000000040300000004FFFFFFFF071767656E657269635F7461675F6174747269625F6465662004010000
310
000400000000070004000000000402000000044101000004420100000400000000110E0D4154545249425F435553544F4D0D066174747269620CDB00000004FFFFFFFF0CFFFFFFFF0CFFFFFFFF0C77000000071667656E657269635F7461675F6174747269625F6465660403000000040300000004FFFFFFFF071767656E65
310
7269635F7461675F6174747269625F6465662004010000000402000000070231300400000000040100000004C2FEFFFF0400000000110D04666163650CDC00000004FFFFFFFF0CFFFFFFFF0CDD0000000CDE0000000C060000000CFFFFFFFF0CDF0000000A0B110D046C6F6F700CFFFFFFFF04FFFFFFFF0CFFFFFFFF0CFFFF
310
FFFF0CBB0000000C77000000110E04636F6E650D07737572666163650CFFFFFFFF04FFFFFFFF0CFFFFFFFF1320F2B2C8469FF03FF6E7AFA32D660DC044B2183CDCE32EC01400000000002F03BA00000000808F0D3A000000000000F0BF14A262FF51181AB23F7363FF51181AB23FE456DC2BF97AB73906000000000000F03F
310
0B0B06000000000000000006000000000000F03F069A9999999999B93F0B0B0B0B0B110D06636F656467650CFFFFFFFF04FFFFFFFF0CFFFFFFFF0CE00000000CE10000000CBA0000000CE20000000B0C7800000004000000000CFFFFFFFF110D06636F656467650CFFFFFFFF04FFFFFFFF0CFFFFFFFF0CE30000000C7A0000
310
000CE40000000CE50000000A0C6100000004000000000CFFFFFFFF110D06636F656467650CFFFFFFFF04FFFFFFFF0CFFFFFFFF0C7A0000000CE30000000C7B0000000CA30000000A0C6100000004000000000CFFFFFFFF110D06636F656467650CFFFFFFFF04FFFFFFFF0CFFFFFFFF0C7D0000000CE60000000C7A0000000C
310
A10000000A0CA700000004000000000CFFFFFFFF110D04656467650CFFFFFFFF04FFFFFFFF0CFFFFFFFF0CA90000000605000000008011C00CE700000006CDCCCCCCCC4C10C00C7A0000000CE80000000B0707756E6B6E6F776E110D06636F656467650CFFFFFFFF04FFFFFFFF0CFFFFFFFF0C7C0000000C7B0000000CE900
310
00000CEA0000000B0C4700000004000000000CFFFFFFFF110D04656467650CFFFFFFFF04FFFFFFFF0CFFFFFFFF0CA90000000690AAAAAAAAAAEA3F0CEB00000006020000000000F03F0C7B0000000CEC0000000B070E74616E67656E745F6E6F745F6732110D06636F656467650CFFFFFFFF04FFFFFFFF0CFFFFFFFF0CED00
310
00000CEE0000000C7C0000000CA50000000B0CEF00000004000000000CFFFFFFFF110D04656467650CFFFFFFFF04FFFFFFFF0CFFFFFFFF0CA80000000690AAAAAAAAAAEA3F0CF000000006020000000000F03F0C7C0000000CF10000000B0707756E6B6E6F776E110D06636F656467650CFFFFFFFF04FFFFFFFF0CFFFFFFFF
310
0CE60000000C7D0000000CEE0000000CF20000000A0CA700000004000000000CFFFFFFFF110D046C6F6F700CFFFFFFFF04FFFFFFFF0CFFFFFFFF0CFFFFFFFF0CE60000000C1C000000110D067665727465780CFFFFFFFF04FFFFFFFF0CFFFFFFFF0CA500000004000000000CF3000000110D067665727465780CFFFFFFFF04
310
FFFFFFFF0CFFFFFFFF0CA300000004000000000CF4000000110E07656C6C697073650D0563757276650CFFFFFFFF04FFFFFFFF0CFFFFFFFF1320F2B2C8469FF03FF84FE837959EEF3FBFC6C683BD5E2FC01400000000002F03BA00000000808F0D3A000000000000F0BF14F162FF51181AB23F2363FF51181AB2BFF038C7D3
310
E792DBB906000000000000F03F0B0B110D046C6F6F700CFFFFFFFF04FFFFFFFF0CFFFFFFFF0CF50000000CF60000000C6D000000110D06636F656467650CFFFFFFFF04FFFFFFFF0CFFFFFFFF0CAC0000000CAC0000000CF70000000CF80000000B0C8100000004000000000CFFFFFFFF110D06636F656467650CFFFFFFFF04
310
FFFFFFFF0CFFFFFFFF0CF90000000C820000000CFA0000000CFB0000000A0C6C00000004000000000CFFFFFFFF110D06636F656467650CFFFFFFFF04FFFFFFFF0CFFFFFFFF0C820000000CFC0000000CFD0000000CFE0000000A0C6C00000004000000000CFFFFFFFF110D06636F656467650CFFFFFFFF04FFFFFFFF0CFFFF
310
FFFF0CFF0000000C000100000C820000000CB00000000B0C0101000004000000000CFFFFFFFF110D04656467650CFFFFFFFF04FFFFFFFF0CFFFFFFFF0C020100000610044110044170BC0C0301000006010000000000F03F0C820000000C040100000B0707756E6B6E6F776E110E0D4154545249425F435553544F4D0D0661
310
74747269620CFFFFFFFF04FFFFFFFF0CFFFFFFFF0CFFFFFFFF0C83000000071667656E657269635F7461675F6174747269625F6465660403000000040300000004FFFFFFFF071767656E657269635F7461675F6174747269625F64656620040100000004000000000700040000000004020000000441010000044201000004
310
00000000110E0D4154545249425F435553544F4D0D066174747269620C0501000004FFFFFFFF0CFFFFFFFF0CFFFFFFFF0C84000000071667656E657269635F7461675F6174747269625F6465660403000000040300000004FFFFFFFF071767656E657269635F7461675F6174747269625F6465662004010000000401000000
310
0701350400000000040100000004C2FEFFFF0400000000110D04666163650C0601000004FFFFFFFF0CFFFFFFFF0C070100000C080100000C060000000CFFFFFFFF0C090100000A0B110D046C6F6F700CFFFFFFFF04FFFFFFFF0CFFFFFFFF0CFFFFFFFF0C0A0100000C84000000110E05706C616E650D07737572666163650C
310
FFFFFFFF04FFFFFFFF0CFFFFFFFF137691490C1C872140F3E7AFA32D660FC044B2183CDCE32EC0147DEAFFBF120038BA000000000000F03F00000000808F0D3A149A99999999B1CE390000000000A6D7B99A9999999999B93F0B0B0B0B0B110D046C6F6F700CFFFFFFFF04FFFFFFFF0CFFFFFFFF0C0B0100000C0C0100000C
310
1C000000110D06636F656467650CFFFFFFFF04FFFFFFFF0CFFFFFFFF0CB70000000CB70000000C0D0100000C0E0100000B0C8600000004000000000CFFFFFFFF110D06636F656467650CFFFFFFFF04FFFFFFFF0CFFFFFFFF0CB80000000CB80000000C870000000CB90000000A0C0F01000004000000000CFFFFFFFF110D04
310
656467650CFFFFFFFF04FFFFFFFF0CFFFFFFFF0C1001000006182D4454FB2109C00C1001000006182D4454FB2109400CB80000000C110100000B0707756E6B6E6F776E110D06636F656467650CFFFFFFFF04FFFFFFFF0CFFFFFFFF0C890000000C880000000C9D0000000CE20000000A0C5C00000004000000000CFFFFFFFF
310
110D06636F656467650CFFFFFFFF04FFFFFFFF0CFFFFFFFF0C120100000C130100000C880000000CBC0000000B0C9B00000004000000000CFFFFFFFF110D04656467650CFFFFFFFF04FFFFFFFF0CFFFFFFFF0C1401000006AF2C4454FB21E9BF0CC200000006812D4454FB21E93F0CBB0000000C150100000B0707756E6B6E
310
6F776E110D06636F656467650CFFFFFFFF04FFFFFFFF0CFFFFFFFF0C160100000C170100000C890000000CBE0000000B0C1801000004000000000CFFFFFFFF110D04656467650CFFFFFFFF04FFFFFFFF0CFFFFFFFF0CC3000000068F2C4454FB21E9BF0C1901000006A12D4454FB21E93F0CBD0000000C1A0100000B070775
310
6E6B6E6F776E110D06636F656467650CFFFFFFFF04FFFFFFFF0CFFFFFFFF0C1B0100000C8A0000000C170100000C1C0100000B0CC100000004000000000CFFFFFFFF110D06636F656467650CFFFFFFFF04FFFFFFFF0CFFFFFFFF0C8A0000000C1B0100000C120100000C1D0100000A0CC100000004000000000CFFFFFFFF11
310
0D046C6F6F700CFFFFFFFF04FFFFFFFF0CFFFFFFFF0CFFFFFFFF0C8A0000000C1E010000110D067665727465780CFFFFFFFF04FFFFFFFF0CFFFFFFFF0C1D01000004000000000C1F010000110D067665727465780CFFFFFFFF04FFFFFFFF0CFFFFFFFF0C1C01000004000000000C20010000110E0873747261696768740D05
310
63757276650CFFFFFFFF04FFFFFFFF0CFFFFFFFF13F086A69B5CB00AC0F4E7AFA32D660DC0C0C6C683BD5E2FC014000000000000F0BF7DEAFFBF120038BA00000000002F033A0B0B110D06636F656467650CFFFFFFFF04FFFFFFFF0CFFFFFFFF0C210100000C8C0000000C220100000C230100000A0C420000000400000000
310
0CFFFFFFFF110D06636F656467650CFFFFFFFF04FFFFFFFF0CFFFFFFFF0C240100000C250100000C8C0000000CC70000000B0CDE00000004000000000CFFFFFFFF110D04656467650CFFFFFFFF04FFFFFFFF0CFFFFFFFF0C26010000061D2D4454FB2109C00CCB00000006182D4454FB21F9BF0CC60000000C270100000B07
310
07756E6B6E6F776E110D06636F656467650CFFFFFFFF04FFFFFFFF0CFFFFFFFF0C280100000C8D0000000C930000000CD70000000A0CCA00000004000000000CFFFFFFFF110D06636F656467650CFFFFFFFF04FFFFFFFF0CFFFFFFFF0C8D0000000C280100000C240100000C290100000B0CCA00000004000000000CFFFFFF
310
FF110D046C6F6F700CFFFFFFFF04FFFFFFFF0CFFFFFFFF0CFFFFFFFF0C8D0000000CDD000000110D067665727465780CFFFFFFFF04FFFFFFFF0CFFFFFFFF0C8E00000004000000000C2A010000110E0873747261696768740D0563757276650CFFFFFFFF04FFFFFFFF0CFFFFFFFF137A43D34D2E981CC0E827F49B4ACFF33F
310
C0C6C683BD5E2FC014000000000000F0BF7DEAFFBF120038BA00000000002F033A0B0B110D06636F656467650CFFFFFFFF04FFFFFFFF0CFFFFFFFF0C8F0000000C210100000C2B0100000C2C0100000A0C4200000004000000000CFFFFFFFF110D06636F656467650CFFFFFFFF04FFFFFFFF0CFFFFFFFF0C2D0100000C2E01
310
00000C8F0000000CCF0000000B0C2F01000004000000000CFFFFFFFF110D04656467650CFFFFFFFF04FFFFFFFF0CFFFFFFFF0CD3000000061D2D4454FB2109C00C3001000006222D4454FB21F9BF0CCE0000000C310100000B0707756E6B6E6F776E110D06636F656467650CFFFFFFFF04FFFFFFFF0CFFFFFFFF0C32010000
310
0C900000000C2E0100000C330100000B0CD200000004000000000CFFFFFFFF110D06636F656467650CFFFFFFFF04FFFFFFFF0CFFFFFFFF0C900000000C320100000C920000000CD60000000B0CD200000004000000000CFFFFFFFF110D046C6F6F700CFFFFFFFF04FFFFFFFF0CFFFFFFFF0CFFFFFFFF0C900000000C340100
310
00110D067665727465780CFFFFFFFF04FFFFFFFF0CFFFFFFFF0C3301000004000000000C35010000110E0873747261696768740D0563757276650CFFFFFFFF04FFFFFFFF0CFFFFFFFF13AB760681618B1DC001D4B555887EF5BFC0C6C683BD5E2FC0147DEAFFBF1200383A000000000000F0BF00000000808F0DBA0B0B110D
310
06636F656467650CFFFFFFFF04FFFFFFFF0CFFFFFFFF0C930000000C920000000C360100000C370100000B0C9400000004000000000CFFFFFFFF110D04656467650CFFFFFFFF04FFFFFFFF0CFFFFFFFF0C380100000600000000000000000C9600000006E4FFFFFFFFFFEB3F0C920000000C390100000B070E74616E67656E
310
745F6E6F745F6732110D04656467650CFFFFFFFF04FFFFFFFF0CFFFFFFFF0C3A0100000600000000000000000C9500000006E4FFFFFFFFFFEB3F0CC80000000C3B0100000B070E74616E67656E745F6E6F745F6732110D04666163650C3C01000004FFFFFFFF0CFFFFFFFF0C340100000C940000000C060000000CFFFFFFFF
310
0C3D0100000A0B110D05706F696E740CFFFFFFFF04FFFFFFFF0CFFFFFFFF1314DD6CE7C7F11BC0E827F49B4ACFF33FBFC6C683BD5E2FC0110D05706F696E740CFFFFFFFF04FFFFFFFF0CFFFFFFFF13AD760681618B1DC000831B6BC8D1EA3FBFC6C683BD5E2FC0110E0D4154545249425F435553544F4D0D06617474726962
310
0CFFFFFFFF04FFFFFFFF0CFFFFFFFF0CFFFFFFFF0C99000000071667656E657269635F7461675F6174747269625F6465660403000000040300000004FFFFFFFF071767656E657269635F7461675F6174747269625F646566200401000000040000000007000400000000040200000004410100000442010000040000000011
310
0E0D4154545249425F435553544F4D0D066174747269620C3E01000004FFFFFFFF0CFFFFFFFF0CFFFFFFFF0C9A000000071667656E657269635F7461675F6174747269625F6465660403000000040300000004FFFFFFFF071767656E657269635F7461675F6174747269625F64656620040100000004020000000702373104
310
00000000040100000004C2FEFFFF0400000000110D04666163650C3F01000004FFFFFFFF0CFFFFFFFF0CD80000000CCA0000000C060000000CFFFFFFFF0C400100000B0B110D046C6F6F700CFFFFFFFF04FFFFFFFF0CFFFFFFFF0CFFFFFFFF0CC60000000C9A000000110E04636F6E650D07737572666163650CFFFFFFFF04
310
FFFFFFFF0CFFFFFFFF137891490C1C87214000831B6BC8D1EA3F5860601D57F82FC01400000000002F03BA00000000808F0D3A000000000000F0BF14919999999999D9BFF8213333423323BA8F99999999B1EE3906000000000000F03F0B0B06000000000000000006000000000000F03F06919999999999D93F0B0B0B0B0B
310
110D06636F656467650CFFFFFFFF04FFFFFFFF0CFFFFFFFF0C410100000C9D0000000C130100000C420100000A0C7800000004000000000CFFFFFFFF110D06636F656467650CFFFFFFFF04FFFFFFFF0CFFFFFFFF0C9D0000000C410100000C160100000C430100000A0C7800000004000000000CFFFFFFFF110D0465646765
310
0CFFFFFFFF04FFFFFFFF0CFFFFFFFF0C1901000006A099999999990F400C140100000600000000000011400C9D0000000C440100000B0707756E6B6E6F776E110D06636F656467650CFFFFFFFF04FFFFFFFF0CFFFFFFFF0C9F0000000C9E0000000C450100000C460100000B0C6100000004000000000CFFFFFFFF110D0663
310
6F656467650CFFFFFFFF04FFFFFFFF0CFFFFFFFF0C470100000C480100000C9E0000000CE50000000B0C4901000004000000000CFFFFFFFF110D04656467650CFFFFFFFF04FFFFFFFF0CFFFFFFFF0C4A0100000600000000000000000CE700000006C05255555555C53F0CE40000000C4B0100000B070E74616E67656E745F
310
6E6F745F6732110D06636F656467650CFFFFFFFF04FFFFFFFF0CFFFFFFFF0CA00000000CA60000000C470100000C4C0100000A0CA700000004000000000CFFFFFFFF110D067665727465780CFFFFFFFF04FFFFFFFF0CFFFFFFFF0C4C01000004000000000C4D010000110E0873747261696768740D0563757276650CFFFFFF
310
FF04FFFFFFFF0CFFFFFFFF13F486A69B5CB00AC0C01CB504626BEC3FC0C6C683BD5E2FC014000000000000F0BF7DEAFFBF120038BA00000000002F033A0B0B110D06636F656467650CFFFFFFFF04FFFFFFFF0CFFFFFFFF0C450100000C4E0100000CA20000000CEA0000000A0C4F01000004000000000CFFFFFFFF110D0465
310
6467650CFFFFFFFF04FFFFFFFF0CFFFFFFFF0CEB00000006EC2C4454FB21E9BF0CF0000000063C2B4454FB21E93F0CA20000000C500100000B0707756E6B6E6F776E110D067665727465780CFFFFFFFF04FFFFFFFF0CFFFFFFFF0CA300000004010000000C51010000110E0873747261696768740D0563757276650CFFFFFF
310
FF04FFFFFFFF0CFFFFFFFF1320F2B2C8469FF03FC01CB504626BEC3F8C9393508A2B2FC014C2F5285C8F6AD2B9CDCCCCCCCC60DC39B81E85EB51B8BEBF0A06604BBEA0AAAA9ABC0A06020000000000F03F110D06636F656467650CFFFFFFFF04FFFFFFFF0CFFFFFFFF0C520100000CA40000000C4E0100000C530100000B0C
310
EF00000004000000000CFFFFFFFF110D06636F656467650CFFFFFFFF04FFFFFFFF0CFFFFFFFF0CA40000000C520100000CA60000000CF20000000B0CEF00000004000000000CFFFFFFFF110D046C6F6F700CFFFFFFFF04FFFFFFFF0CFFFFFFFF0CFFFFFFFF0CEE0000000C54010000110D067665727465780CFFFFFFFF04FF
310
FFFFFF0CFFFFFFFF0CEA00000004010000000C55010000110E0873747261696768740D0563757276650CFFFFFFFF04FFFFFFFF0CFFFFFFFF13B88B4C62E038F23FC04FE837959EEF3F8C9393508A2B2FC014C2F5285C8F6AD2B9CDCCCCCCCC60DC39B81E85EB51B8BEBF0A06604BBEA0AAAA9ABC0A06020000000000F03F11
310
0D04656467650CFFFFFFFF04FFFFFFFF0CFFFFFFFF0C5601000006CACCCCCCCCCC0E400CA80000000669666666666611400CEE0000000C570100000B0707756E6B6E6F776E110D05706F696E740CFFFFFFFF04FFFFFFFF0CFFFFFFFF13BC8B4C62E038F23FC04FE837959EEF3FBFC6C683BD5E2FC0110D05706F696E740CFF
310
FFFFFF04FFFFFFFF0CFFFFFFFF132CF2B2C8469FF03FC01CB504626BEC3FBFC6C683BD5E2FC0110D046C6F6F700CFFFFFFFF04FFFFFFFF0CFFFFFFFF0C580100000C590100000C6D000000110D06636F656467650CFFFFFFFF04FFFFFFFF0CFFFFFFFF0CF60000000CF60000000C5A0100000C5B0100000B0CAB0000000400
310
0000000CFFFFFFFF110D06636F656467650CFFFFFFFF04FFFFFFFF0CFFFFFFFF0CF70000000CF70000000CAC0000000CF80000000A0C5C01000004000000000CFFFFFFFF110D04656467650CFFFFFFFF04FFFFFFFF0CFFFFFFFF0C5D01000006C7E94D6F7AD3EBBC0C5D01000006152D4454FB2119400CF70000000C5E0100
310
000B0707756E6B6E6F776E110D06636F656467650CFFFFFFFF04FFFFFFFF0CFFFFFFFF0C5F0100000CAD0000000C600100000C610100000A0C6C00000004000000000CFFFFFFFF110D06636F656467650CFFFFFFFF04FFFFFFFF0CFFFFFFFF0C620100000C630100000CAD0000000CFB0000000B0C6401000004000000000C
310
FFFFFFFF110D04656467650CFFFFFFFF04FFFFFFFF0CFFFFFFFF0C6501000006182D4454FB21F93F0C0201000006152D4454FB2109400CAD0000000C660100000B0707756E6B6E6F776E110D06636F656467650CFFFFFFFF04FFFFFFFF0CFFFFFFFF0CAE0000000C670100000C680100000C690100000A0C6C000000040000
310
00000CFFFFFFFF110D06636F656467650CFFFFFFFF04FFFFFFFF0CFFFFFFFF0C6A0100000C6B0100000CAE0000000CFE0000000B0C6C01000004000000000CFFFFFFFF110D04656467650CFFFFFFFF04FFFFFFFF0CFFFFFFFF0C0301000006182D4454FB21F93F0C6D010000061F2D4454FB2109400CAE0000000C6E010000
310
0B0707756E6B6E6F776E110D06636F656467650CFFFFFFFF04FFFFFFFF0CFFFFFFFF0C6F0100000CAF0000000C6B0100000C700100000B0C0101000004000000000CFFFFFFFF110D06636F656467650CFFFFFFFF04FFFFFFFF0CFFFFFFFF0CAF0000000C6F0100000C620100000C710100000A0C0101000004000000000CFF
310
FFFFFF110D046C6F6F700CFFFFFFFF04FFFFFFFF0CFFFFFFFF0CFFFFFFFF0CAF0000000C72010000110D067665727465780CFFFFFFFF04FFFFFFFF0CFFFFFFFF0CB000000004000000000C73010000110D067665727465780CFFFFFFFF04FFFFFFFF0CFFFFFFFF0CB000000004010000000C74010000110E08737472616967
310
68740D0563757276650CFFFFFFFF04FFFFFFFF0CFFFFFFFF1314DD6CE7C7F11BC0E827F49B4ACFF33FF4F9F9B6F0912EC0140000000000802F40D4EAFF7412A0773A0000000044E242BA0A0610044110044170BC0A06010000000000F03F110E0D4154545249425F435553544F4D0D066174747269620CFFFFFFFF04FFFFFF
310
FF0CFFFFFFFF0CFFFFFFFF0CB2000000071667656E657269635F7461675F6174747269625F6465660403000000040300000004FFFFFFFF071767656E657269635F7461675F6174747269625F6465662004010000000400000000070004000000000402000000044101000004420100000400000000110E0D4154545249425F
310
435553544F4D0D066174747269620C7501000004FFFFFFFF0CFFFFFFFF0CFFFFFFFF0CB3000000071667656E657269635F7461675F6174747269625F6465660403000000040300000004FFFFFFFF071767656E657269635F7461675F6174747269625F64656620040100000004010000000701360400000000040100000004
310
C2FEFFFF0400000000110D04666163650C7601000004FFFFFFFF0CFFFFFFFF0C770100000C780100000C060000000CFFFFFFFF0C790100000B0B110D046C6F6F700CFFFFFFFF04FFFFFFFF0CFFFFFFFF0CFFFFFFFF0C7A0100000CB3000000110E04636F6E650D07737572666163650CFFFFFFFF04FFFFFFFF0CFFFFFFFF13
310
12DD6CE7C7F11BC0C2B47C70FA320CC05089BCAC19AE2EC01400000000002F03BA00000000808F0D3A000000000000F0BF14A49999999999D93F062233334233233AA699999999B1EEB906000000000000F03F0B0B06000000000000000006000000000000F03F06A49999999999D93F0B0B0B0B0B110D06636F656467650C
310
FFFFFFFF04FFFFFFFF0CFFFFFFFF0C7B0100000C7C0100000C7D0100000C7E0100000B0CB400000004000000000CFFFFFFFF110D046C6F6F700CFFFFFFFF04FFFFFFFF0CFFFFFFFF0CA70000000C7F0100000C1C000000110D06636F656467650CFFFFFFFF04FFFFFFFF0CFFFFFFFF0C0C0100000C0C0100000C800100000C
310
810100000B0CB600000004000000000CFFFFFFFF110D06636F656467650CFFFFFFFF04FFFFFFFF0CFFFFFFFF0C0D0100000C0D0100000CB70000000C0E0100000A0C8201000004000000000CFFFFFFFF110D04656467650CFFFFFFFF04FFFFFFFF0CFFFFFFFF0C8301000006182D4454FB2109C00C8301000006182D4454FB
310
2109400C0D0100000C840100000B0707756E6B6E6F776E110D046C6F6F700CFFFFFFFF04FFFFFFFF0CFFFFFFFF0C850100000CB80000000C86010000110D067665727465780CFFFFFFFF04FFFFFFFF0CFFFFFFFF0CB900000004000000000C87010000110E07656C6C697073650D0563757276650CFFFFFFFF04FFFFFFFF0C
310
FFFFFFFF13D0F584EB6B5421409DAEFBDAB6270CC0BFC6C683BD5E2FC01400000000002F033A00000000808F0DBA000000000000F03F14676666666666C63FC0BDCCECD9CC103A6766666666DBDAB906000000000000F03F0B0B110D06636F656467650CFFFFFFFF04FFFFFFFF0CFFFFFFFF0C880100000CBB0000000CC000
310
00000C1D0100000B0C9B00000004000000000CFFFFFFFF110D06636F656467650CFFFFFFFF04FFFFFFFF0CFFFFFFFF0CBB0000000C880100000CE00000000C420100000B0C9B00000004000000000CFFFFFFFF110D067665727465780CFFFFFFFF04FFFFFFFF0CFFFFFFFF0CBC00000004000000000C89010000110E07656C
310
6C697073650D0563757276650CFFFFFFFF04FFFFFFFF0CFFFFFFFF1320F2B2C8469FF03FF6E7AFA32D660DC0BFC6C683BD5E2FC01400000000002F03BA00000000808F0D3A000000000000F0BF14A262FF51181AB23F7363FF51181AB23FE456DC2BF97AB73906000000000000F03F0B0B110D06636F656467650CFFFFFFFF
310
04FFFFFFFF0CFFFFFFFF0C8A0100000CBD0000000CE10000000C430100000B0C1801000004000000000CFFFFFFFF110D06636F656467650CFFFFFFFF04FFFFFFFF0CFFFFFFFF0CBD0000000C8A0100000CBF0000000C1C0100000A0C1801000004000000000CFFFFFFFF110D046C6F6F700CFFFFFFFF04FFFFFFFF0CFFFFFF
310
FF0CFFFFFFFF0CBD0000000C8B010000110D067665727465780CFFFFFFFF04FFFFFFFF0CFFFFFFFF0C4301000004000000000C8C010000110E07656C6C697073650D0563757276650CFFFFFFFF04FFFFFFFF0CFFFFFFFF13B04ACCF7F3A4E73FF6E7AFA32D660DC0BFC6C683BD5E2FC01400000000002F03BA00000000808F
310
0D3A000000000000F0BF142B63FF51181AB2BFEA62FF51181AB23FDF38C7D3E792DB3906000000000000F03F0B0B110D06636F656467650CFFFFFFFF04FFFFFFFF0CFFFFFFFF0CC00000000CBF0000000C8D0100000C8E0100000B0CC100000004000000000CFFFFFFFF110D04656467650CFFFFFFFF04FFFFFFFF0CFFFFFF
310
FF0CC30000000690AAAAAAAAAAEA3F0C8F01000006020000000000F03F0C170100000C900100000B0707756E6B6E6F776E110D04656467650CFFFFFFFF04FFFFFFFF0CFFFFFFFF0CC20000000690AAAAAAAAAAEA3F0C9101000006020000000000F03F0C120100000C920100000B0707756E6B6E6F776E110D04666163650C
310
9301000004FFFFFFFF0CFFFFFFFF0C940100000CC10000000C060000000CFFFFFFFF0C950100000B0B110D05706F696E740CFFFFFFFF04FFFFFFFF0CFFFFFFFF13BC8B4C62E038F23FF4E7AFA32D660DC0BFC6C683BD5E2FC0110D05706F696E740CFFFFFFFF04FFFFFFFF0CFFFFFFFF13781799C4C071E43FF4E7AFA32D66
310
0DC0BFC6C683BD5E2FC0110D06636F656467650CFFFFFFFF04FFFFFFFF0CFFFFFFFF0CCD0000000CC50000000C960100000C970100000A0C4200000004000000000CFFFFFFFF110D06636F656467650CFFFFFFFF04FFFFFFFF0CFFFFFFFF0C980100000C990100000CC50000000C230100000B0C9A01000004000000000CFF
310
FFFFFF110D04656467650CFFFFFFFF04FFFFFFFF0CFFFFFFFF0C9B01000006C0CAA145B67311C00C2601000006000000000000C0BC0C220100000C9C0100000B0707756E6B6E6F776E110D06636F656467650CFFFFFFFF04FFFFFFFF0CFFFFFFFF0C9D0100000CC60000000CC90000000C290100000A0CDE00000004000000
310
000CFFFFFFFF110D06636F656467650CFFFFFFFF04FFFFFFFF0CFFFFFFFF0CC60000000C9D0100000C980100000C9E0100000B0CDE00000004000000000CFFFFFFFF110D067665727465780CFFFFFFFF04FFFFFFFF0CFFFFFFFF0CC700000004000000000C9F010000110E07656C6C697073650D0563757276650CFFFFFFFF
310
04FFFFFFFF0CFFFFFFFF137891490C1C87214000831B6BC8D1EA3FBFC6C683BD5E2FC01400000000002F033A00000000808F0DBA000000000000F03F14919999999999D9BFF8213333423323BA8F99999999B1EE3906000000000000F03F0B0B110D06636F656467650CFFFFFFFF04FFFFFFFF0CFFFFFFFF0CC90000000CC8
310
0000000CA00100000CA10100000B0CCA00000004000000000CFFFFFFFF110D04656467650CFFFFFFFF04FFFFFFFF0CFFFFFFFF0CA20100000600000000000000000CCB00000006E4FFFFFFFFFFEB3F0C240100000CA30100000B070E74616E67656E745F6E6F745F6732110D05706F696E740CFFFFFFFF04FFFFFFFF0CFFFF
310
FFFF137891490C1C872140E827F49B4ACFF33FBFC6C683BD5E2FC0110D06636F656467650CFFFFFFFF04FFFFFFFF0CFFFFFFFF0CA40100000CA50100000CCD0000000C2C0100000B0CA601000004000000000CFFFFFFFF110D04656467650CFFFFFFFF04FFFFFFFF0CFFFFFFFF0C30010000069999999999D91EC00CA70100
310
000633333333331320400C2B0100000CA80100000B0707756E6B6E6F776E110D06636F656467650CFFFFFFFF04FFFFFFFF0CFFFFFFFF0CA90100000CCE0000000CA50100000CAA0100000A0C2F01000004000000000CFFFFFFFF110D06636F656467650CFFFFFFFF04FFFFFFFF0CFFFFFFFF0CCE0000000CA90100000CD000
310
00000C330100000A0C2F01000004000000000CFFFFFFFF110D046C6F6F700CFFFFFFFF04FFFFFFFF0CFFFFFFFF0CFFFFFFFF0CCE0000000CAB010000110D067665727465780CFFFFFFFF04FFFFFFFF0CFFFFFFFF0CCF00000004010000000CAC010000110E07656C6C697073650D0563757276650CFFFFFFFF04FFFFFFFF0C
310
FFFFFFFF1312DD6CE7C7F11BC0C2B47C70FA320CC0BFC6C683BD5E2FC01400000000002F033A00000000808F0DBA000000000000F03F14A49999999999D93F062233334233233AA699999999B1EEB906000000000000F03F0B0B110D06636F656467650CFFFFFFFF04FFFFFFFF0CFFFFFFFF0CD10000000CD00000000CAD01
310
00000CAE0100000B0CD200000004000000000CFFFFFFFF110D04656467650CFFFFFFFF04FFFFFFFF0CFFFFFFFF0CD300000006E0FFFFFFFFFFBF3F0CAF01000006000000000000F03F0C2E0100000CB00100000B070E74616E67656E745F6E6F745F6732110D04666163650CB101000004FFFFFFFF0CFFFFFFFF0CB2010000
310
0CD20000000C060000000CFFFFFFFF0CB30100000B0B110D05706F696E740CFFFFFFFF04FFFFFFFF0CFFFFFFFF13AB760681618B1DC0C0B47C70FA320CC0BFC6C683BD5E2FC0110D06636F656467650CFFFFFFFF04FFFFFFFF0CFFFFFFFF0CAD0100000CA00100000CD50000000C370100000A0CB401000004000000000CFF
310
FFFFFF110D04656467650CFFFFFFFF04FFFFFFFF0CFFFFFFFF0C3801000006182D4454FB21F93F0C3A01000006152D4454FB2109400C360100000CB50100000B0707756E6B6E6F776E110D067665727465780CFFFFFFFF04FFFFFFFF0CFFFFFFFF0CAE01000004010000000CB6010000110E0873747261696768740D056375
310
7276650CFFFFFFFF04FFFFFFFF0CFFFFFFFF13AD760681618B1DC000831B6BC8D1EA3F929616F5916230C0149A99999999B1FE390000000000A607BA9A9999999999E93F0A0600000000000000000A06000000000000F03F110D067665727465780CFFFFFFFF04FFFFFFFF0CFFFFFFFF0CA101000004000000000CB7010000
310
110E0873747261696768740D0563757276650CFFFFFFFF04FFFFFFFF0CFFFFFFFF1314DD6CE7C7F11BC0E827F49B4ACFF33F929616F5916230C0149A99999999B1FE390000000000A607BA9A9999999999E93F0A0600000000000000000A06000000000000F03F110E0D4154545249425F435553544F4D0D06617474726962
310
0CB801000004FFFFFFFF0CFFFFFFFF0CFFFFFFFF0CD8000000071667656E657269635F7461675F6174747269625F6465660403000000040300000004FFFFFFFF071767656E657269635F7461675F6174747269625F6465662004010000000402000000070237350400000000040100000004C2FEFFFF0400000000110E0463
310
6F6E650D07737572666163650CFFFFFFFF04FFFFFFFF0CFFFFFFFF1313DD6CE7C7F11BC000831B6BC8D1EA3F5860601D57F82FC01400000000002F03BA00000000808F0D3A000000000000F0BF14FA2133334233233A949999999999D9BFFBFFFFFFFFA5F7B906000000000000F03F0B0B0600000000000000000600000000
310
0000F03F06949999999999D93F0B0B0B0B0B110E0D4154545249425F435553544F4D0D066174747269620CFFFFFFFF04FFFFFFFF0CFFFFFFFF0CFFFFFFFF0CDC000000071667656E657269635F7461675F6174747269625F6465660403000000040300000004FFFFFFFF071767656E657269635F7461675F6174747269625F
310
6465662004010000000400000000070004000000000402000000044101000004420100000400000000110E0D4154545249425F435553544F4D0D066174747269620CB901000004FFFFFFFF0CFFFFFFFF0CFFFFFFFF0CDD000000071667656E657269635F7461675F6174747269625F6465660403000000040300000004FFFF
310
FFFF071767656E657269635F7461675F6174747269625F6465662004010000000402000000070237340400000000040100000004C2FEFFFF0400000000110E05706C616E650D07737572666163650CFFFFFFFF04FFFFFFFF0CFFFFFFFF1313DD6CE7C7F11BC0E827F49B4ACFF33F929616F5916230C0147DEAFFBF1200383A
310
000000000000F0BF00000000808F0DBA149A99999999B1CEB90000000000A6D7399A9999999999B9BF0B0B0B0B0B110D06636F656467650CFFFFFFFF04FFFFFFFF0CFFFFFFFF0CE10000000CE00000000CBA0100000CBB0100000B0C7800000004000000000CFFFFFFFF110D04656467650CFFFFFFFF04FFFFFFFF0CFFFFFF
310
FF0CBC0100000600000000000000000C1401000006C05255555555C53F0CE00000000CBD0100000B070E74616E67656E745F6E6F745F6732110D04656467650CFFFFFFFF04FFFFFFFF0CFFFFFFFF0C190100000690AAAAAAAAAAEA3F0CBE01000006020000000000F03F0CE10000000CBF0100000B070E74616E67656E745F
310
6E6F745F6732110E0873747261696768740D0563757276650CFFFFFFFF04FFFFFFFF0CFFFFFFFF13F286A69B5CB009C0281BE3D660990CC0C0C6C683BD5E2FC014000000000000F03F7DEAFFBF1200383A00000000002F03BA0B0B110D06636F656467650CFFFFFFFF04FFFFFFFF0CFFFFFFFF0CC00100000CE90000000CE3
310
0000000C460100000A0C4F01000004000000000CFFFFFFFF110D04656467650CFFFFFFFF04FFFFFFFF0CFFFFFFFF0C4A0100000600000000000000000CEB00000006EAFFFFFFFFFFEF3F0CE30000000CC10100000B0707756E6B6E6F776E110D06636F656467650CFFFFFFFF04FFFFFFFF0CFFFFFFFF0CC20100000CE40000
310
000CE60000000C4C0100000B0C4901000004000000000CFFFFFFFF110D06636F656467650CFFFFFFFF04FFFFFFFF0CFFFFFFFF0CE40000000CC20100000CC00100000CC30100000B0C4901000004000000000CFFFFFFFF110D046C6F6F700CFFFFFFFF04FFFFFFFF0CFFFFFFFF0CFFFFFFFF0C470100000CC4010000110D06
310
7665727465780CFFFFFFFF04FFFFFFFF0CFFFFFFFF0CC301000004010000000CC5010000110E0873747261696768740D0563757276650CFFFFFFFF04FFFFFFFF0CFFFFFFFF13A04ACCF7F3A4E73FC01CB504626BEC3FC89D6AF4FA682FC014C2F5285C8F6AD239CDCCCCCCCC60DCB9B81E85EB51B8BE3F0A06000000000000
310
00000A06020000000000F03F110D04656467650CFFFFFFFF04FFFFFFFF0CFFFFFFFF0CE7000000069D2C4454FB21E9BF0C5601000006142B4454FB21E93F0C470100000CC60100000B0707756E6B6E6F776E110D05706F696E740CFFFFFFFF04FFFFFFFF0CFFFFFFFF13984ACCF7F3A4E73FC01CB504626BEC3FBFC6C683BD
310
5E2FC0110D06636F656467650CFFFFFFFF04FFFFFFFF0CFFFFFFFF0CE90000000CC00100000CED0000000C530100000A0C4F01000004000000000CFFFFFFFF110D046C6F6F700CFFFFFFFF04FFFFFFFF0CFFFFFFFF0CFFFFFFFF0CC00100000CC7010000110E07656C6C697073650D0563757276650CFFFFFFFF04FFFFFFFF
310
0CFFFFFFFF1320F2B2C8469FF03FF84FE837959EEF3FC89D6AF4FA682FC01400000000002F033A00000000808F0DBA000000000000F03F14F162FF51181AB23F2363FF51181AB2BFF038C7D3E792DBB906000000000000F03F0A06EC2C4454FB21E9BF0A063C2B4454FB21E93F110D05706F696E740CFFFFFFFF04FFFFFFFF
310
0CFFFFFFFF1320F2B2C8469FF03F901CB504626BEC3FC89D6AF4FA682FC0110D06636F656467650CFFFFFFFF04FFFFFFFF0CFFFFFFFF0CEE0000000CED0000000CC20100000CC80100000A0CEF00000004000000000CFFFFFFFF110D04656467650CFFFFFFFF04FFFFFFFF0CFFFFFFFF0CF000000006F2FFFFFFFFFFDFBC0C
310
C901000006010000000000F03F0CED0000000CCA0100000B0707756E6B6E6F776E110D04666163650CCB01000004FFFFFFFF0CFFFFFFFF0CC70100000CEF0000000C060000000CFFFFFFFF0CCC0100000B0B110D05706F696E740CFFFFFFFF04FFFFFFFF0CFFFFFFFF13B88B4C62E038F23FC04FE837959EEF3FC89D6AF4FA
310
682FC0110D067665727465780CFFFFFFFF04FFFFFFFF0CFFFFFFFF0CC801000004000000000CCD010000110E0873747261696768740D0563757276650CFFFFFFFF04FFFFFFFF0CFFFFFFFF13F486A69B5CB009C0C04FE837959EEF3FC0C6C683BD5E2FC014000000000000F03F7DEAFFBF1200383A00000000002F03BA0B0B
310
110D046C6F6F700CFFFFFFFF04FFFFFFFF0CFFFFFFFF0CFFFFFFFF0CCE0100000C6D000000110D06636F656467650CFFFFFFFF04FFFFFFFF0CFFFFFFFF0C590100000C590100000CCF0100000CD00100000B0CF500000004000000000CFFFFFFFF110D06636F656467650CFFFFFFFF04FFFFFFFF0CFFFFFFFF0C5A0100000C
310
5A0100000CF60000000C5B0100000A0CD101000004000000000CFFFFFFFF110D04656467650CFFFFFFFF04FFFFFFFF0CFFFFFFFF0CD20100000600000000000000000CD201000006182D4454FB2119400C5A0100000CD30100000B0707756E6B6E6F776E110D046C6F6F700CFFFFFFFF04FFFFFFFF0CFFFFFFFF0CFFFFFFFF
310
0CF70000000CB2010000110D067665727465780CFFFFFFFF04FFFFFFFF0CFFFFFFFF0CF800000004000000000CD4010000110E07656C6C697073650D0563757276650CFFFFFFFF04FFFFFFFF0CFFFFFFFF13D0F584EB6B542140686A1715BAA4EA3FF4F9F9B6F0912EC01400000000002F03BA00000000808F0D3A00000000
310
0000F0BF14676666666666D23FDF809929AF991B3A67666666A60FE6B906000000000000F03F0B0B110D06636F656467650CFFFFFFFF04FFFFFFFF0CFFFFFFFF0C7D0100000CF90000000C7A0100000CD50100000A0C6C00000004000000000CFFFFFFFF110D06636F656467650CFFFFFFFF04FFFFFFFF0CFFFFFFFF0CD601
310
00000CD70100000CF90000000C610100000B0C7801000004000000000CFFFFFFFF110D04656467650CFFFFFFFF04FFFFFFFF0CFFFFFFFF0CD80100000646C300B96D568DBC0C6501000006000000000000F03F0CF90000000CD90100000B0707756E6B6E6F776E110D06636F656467650CFFFFFFFF04FFFFFFFF0CFFFFFFFF
310
0CDA0100000CFA0000000C000100000C710100000B0C6401000004000000000CFFFFFFFF110D06636F656467650CFFFFFFFF04FFFFFFFF0CFFFFFFFF0CFA0000000CDA0100000CD60100000CDB0100000A0C6401000004000000000CFFFFFFFF110D046C6F6F700CFFFFFFFF04FFFFFFFF0CFFFFFFFF0CFFFFFFFF0CFA0000
310
000C77010000110D067665727465780CFFFFFFFF04FFFFFFFF0CFFFFFFFF0CFB00000004000000000CDC010000110E07656C6C697073650D0563757276650CFFFFFFFF04FFFFFFFF0CFFFFFFFF1313DD6CE7C7F11BC000831B6BC8D1EA3FF4F9F9B6F0912EC01400000000002F03BA00000000808F0D3A000000000000F0BF
310
14FA2133334233233A949999999999D9BFFBFFFFFFFFA5F7B906000000000000F03F0A06182D4454FB21F93F0A06152D4454FB210940110D06636F656467650CFFFFFFFF04FFFFFFFF0CFFFFFFFF0CFC0000000C7D0100000CDD0100000CDE0100000A0C6C00000004000000000CFFFFFFFF110D06636F656467650CFFFFFF
310
FF04FFFFFFFF0CFFFFFFFF0CDF0100000CE00100000CFC0000000C690100000B0CE101000004000000000CFFFFFFFF110D04656467650CFFFFFFFF04FFFFFFFF0CFFFFFFFF0C6D0100000600000000000000000CE201000006000000000000F03F0CFC0000000CE30100000B0707756E6B6E6F776E110D06636F656467650C
310
FFFFFFFF04FFFFFFFF0CFFFFFFFF0CE40100000CFD0000000CE00100000CE50100000B0C6C01000004000000000CFFFFFFFF110D06636F656467650CFFFFFFFF04FFFFFFFF0CFFFFFFFF0CFD0000000CE40100000CFF0000000C700100000A0C6C01000004000000000CFFFFFFFF110D046C6F6F700CFFFFFFFF04FFFFFFFF
310
0CFFFFFFFF0CFFFFFFFF0CFD0000000CE6010000110D067665727465780CFFFFFFFF04FFFFFFFF0CFFFFFFFF0C6901000004000000000CE7010000110E07656C6C697073650D0563757276650CFFFFFFFF04FFFFFFFF0CFFFFFFFF137891490C1C87214000831B6BC8D1EA3FF4F9F9B6F0912EC01400000000002F03BA0000
310
0000808F0D3A000000000000F0BF14919999999999D9BFF8213333423323BA8F99999999B1EE3906000000000000F03F0A06182D4454FB21F93F0A061F2D4454FB210940110D06636F656467650CFFFFFFFF04FFFFFFFF0CFFFFFFFF0C000100000CFF0000000CE80100000CE90100000A0C0101000004000000000CFFFFFF
310
FF110D04656467650CFFFFFFFF04FFFFFFFF0CFFFFFFFF0C030100000600000000000000000CEA01000006F4FFFFFFFFFFEF3F0C6B0100000CEB0100000B070E74616E67656E745F6E6F745F6732110D04656467650CFFFFFFFF04FFFFFFFF0CFFFFFFFF0C020100000600000000000000000CEC01000006F4FFFFFFFFFFEF
310
3F0C620100000CED0100000B070E74616E67656E745F6E6F745F6732110D04666163650CEE01000004FFFFFFFF0CFFFFFFFF0CEF0100000C010100000C060000000CFFFFFFFF0CF00100000B0B110D05706F696E740CFFFFFFFF04FFFFFFFF0CFFFFFFFF1314DD6CE7C7F11BC0E827F49B4ACFF33FF4F9F9B6F0912EC0110D
310
05706F696E740CFFFFFFFF04FFFFFFFF0CFFFFFFFF137891490C1C872140E827F49B4ACFF33FF4F9F9B6F0912EC0110E0D4154545249425F435553544F4D0D066174747269620CFFFFFFFF04FFFFFFFF0CFFFFFFFF0CFFFFFFFF0C06010000071667656E657269635F7461675F6174747269625F6465660403000000040300
310
000004FFFFFFFF071767656E657269635F7461675F6174747269625F6465662004010000000400000000070004000000000402000000044101000004420100000400000000110E0D4154545249425F435553544F4D0D066174747269620CF101000004FFFFFFFF0CFFFFFFFF0CFFFFFFFF0C07010000071667656E65726963
310
5F7461675F6174747269625F6465660403000000040300000004FFFFFFFF071767656E657269635F7461675F6174747269625F64656620040100000004010000000701370400000000040100000004C2FEFFFF0400000000110D04666163650CF201000004FFFFFFFF0CFFFFFFFF0CF30100000C640100000C060000000CFF
310
FFFFFF0CF40100000A0B110D046C6F6F700CFFFFFFFF04FFFFFFFF0CFFFFFFFF0CFFFFFFFF0C600100000C07010000110E05706C616E650D07737572666163650CFFFFFFFF04FFFFFFFF0CFFFFFFFF13AB760681618B1DC0C1B47C70FA320CC044B2183CDCE32EC014000000000000F03F7DEAFFBF1200383A00000000002F
310
03BA149A99999999B1CEB90000000000A6D7399A9999999999B9BF0B0B0B0B0B110D06636F656467650CFFFFFFFF04FFFFFFFF0CFFFFFFFF0CF50100000CF60100000C5F0100000CD50100000B0C0801000004000000000CFFFFFFFF110D06636F656467650CFFFFFFFF04FFFFFFFF0CFFFFFFFF0CF70100000C0A0100000C
310
F60100000CF80100000B0CB400000004000000000CFFFFFFFF110D06636F656467650CFFFFFFFF04FFFFFFFF0CFFFFFFFF0C0A0100000CF70100000CF90100000CFA0100000A0CB400000004000000000CFFFFFFFF110D06636F656467650CFFFFFFFF04FFFFFFFF0CFFFFFFFF0C670100000C5F0100000C0A0100000C7E01
310
00000A0C6C00000004000000000CFFFFFFFF110D04656467650CFFFFFFFF04FFFFFFFF0CFFFFFFFF0CFB0100000600000000000000000CFC01000006FFFFFFFFFFFFEF3F0C7D0100000CFD0100000B0707756E6B6E6F776E110D06636F656467650CFFFFFFFF04FFFFFFFF0CFFFFFFFF0C7F0100000C7F0100000CFE010000
310
0CFF0100000B0C0B01000004000000000CFFFFFFFF110D06636F656467650CFFFFFFFF04FFFFFFFF0CFFFFFFFF0C800100000C800100000C0C0100000C810100000A0C0002000004000000000CFFFFFFFF110D04656467650CFFFFFFFF04FFFFFFFF0CFFFFFFFF0C0102000006182D4454FB2109C00C0102000006182D4454
310
FB2109400C800100000C020200000B0707756E6B6E6F776E110D046C6F6F700CFFFFFFFF04FFFFFFFF0CFFFFFFFF0C030200000C0D0100000C04020000110D067665727465780CFFFFFFFF04FFFFFFFF0CFFFFFFFF0C0E01000004000000000C05020000110E07656C6C697073650D0563757276650CFFFFFFFF04FFFFFFFF
310
0CFFFFFFFF13CAA5E3A5678C1BC0586A1715BAA4EA3FBFC6C683BD5E2FC01400000000002F033A00000000808F0DBA000000000000F03F14676666666666C63FC0BDCCECD9CC103A6766666666DBDAB906000000000000F03F0B0B110D046C6F6F700CFFFFFFFF04FFFFFFFF0CFFFFFFFF0CFFFFFFFF0C060200000C860100
310
00110D04666163650C0702000004FFFFFFFF0CFFFFFFFF0C040200000C0F0100000C060000000CFFFFFFFF0C080200000A0B110D05706F696E740CFFFFFFFF04FFFFFFFF0CFFFFFFFF13385CEB51D2FA20409CAEFBDAB6270CC0BFC6C683BD5E2FC0110D06636F656467650CFFFFFFFF04FFFFFFFF0CFFFFFFFF0C13010000
310
0C120100000C090200000C0A0200000B0C9B00000004000000000CFFFFFFFF110D05706F696E740CFFFFFFFF04FFFFFFFF0CFFFFFFFF131CF2B2C8469FF03F281BE3D660990CC0BFC6C683BD5E2FC0110D06636F656467650CFFFFFFFF04FFFFFFFF0CFFFFFFFF0C170100000C160100000C0B0200000C0C0200000B0C1801
310
000004000000000CFFFFFFFF110D04666163650C0D02000004FFFFFFFF0CFFFFFFFF0CC40100000C180100000C060000000CFFFFFFFF0C0E0200000B0B110D05706F696E740CFFFFFFFF04FFFFFFFF0CFFFFFFFF13B84ACCF7F3A4E73F281BE3D660990CC0BFC6C683BD5E2FC0110D06636F656467650CFFFFFFFF04FFFFFF
310
FF0CFFFFFFFF0C0B0200000C090200000C1B0100000C8E0100000A0C0F02000004000000000CFFFFFFFF110D04656467650CFFFFFFFF04FFFFFFFF0CFFFFFFFF0C8F0100000600000000000000000C9101000006000000000000F03F0C1B0100000C100200000B0707756E6B6E6F776E110D067665727465780CFFFFFFFF04
310
FFFFFFFF0CFFFFFFFF0C0C02000004010000000C11020000110E0873747261696768740D0563757276650CFFFFFFFF04FFFFFFFF0CFFFFFFFF13801799C4C071E43FF3E7AFA32D660DC08C9393508A2B2FC014C2F5285C8F6AD2B9CDCCCCCCCC60DC39B81E85EB51B8BEBF0A06604BBEA0AAAA9ABC0A06020000000000F03F
310
110D067665727465780CFFFFFFFF04FFFFFFFF0CFFFFFFFF0C1D01000004010000000C12020000110E0873747261696768740D0563757276650CFFFFFFFF04FFFFFFFF0CFFFFFFFF13C08B4C62E038F23FF3E7AFA32D660DC08C9393508A2B2FC014C2F5285C8F6AD2B9CDCCCCCCCC60DC39B81E85EB51B8BEBF0A06604BBE
310
A0AAAA9ABC0A06020000000000F03F110E0D4154545249425F435553544F4D0D066174747269620C1302000004FFFFFFFF0CFFFFFFFF0CFFFFFFFF0C1E010000071667656E657269635F7461675F6174747269625F6465660403000000040300000004FFFFFFFF071767656E657269635F7461675F6174747269625F646566
310
2004010000000402000000070231380400000000040100000004C2FEFFFF0400000000110D04666163650C1402000004FFFFFFFF0CFFFFFFFF0C150200000C0F0200000C060000000CFFFFFFFF0C160200000A0B110E05706C616E650D07737572666163650CFFFFFFFF04FFFFFFFF0CFFFFFFFF13801799C4C071E43FF3E7
310
AFA32D660DC044B2183CDCE32EC0147DEAFFBF1200383A000000000000F0BF00000000808F0DBA149A99999999B1CEB90000000000A6D7399A9999999999B9BF0B0B0B0B0B110D06636F656467650CFFFFFFFF04FFFFFFFF0CFFFFFFFF0C170200000C180200000C210100000C970100000B0C1902000004000000000CFFFF
310
FFFF110D04656467650CFFFFFFFF04FFFFFFFF0CFFFFFFFF0CA7010000062C2D4454FB2109C00C9B01000006272D4454FB21F9BF0C960100000C1A0200000B0707756E6B6E6F776E110D06636F656467650CFFFFFFFF04FFFFFFFF0CFFFFFFFF0C1B0200000C220100000C250100000C9E0100000A0C9A0100000400000000
310
0CFFFFFFFF110D06636F656467650CFFFFFFFF04FFFFFFFF0CFFFFFFFF0C220100000C1B0200000C170200000C1C0200000B0C9A01000004000000000CFFFFFFFF110D046C6F6F700CFFFFFFFF04FFFFFFFF0CFFFFFFFF0CFFFFFFFF0C220100000C1D020000110D067665727465780CFFFFFFFF04FFFFFFFF0CFFFFFFFF0C
310
9701000004010000000C1E020000110E0873747261696768740D0563757276650CFFFFFFFF04FFFFFFFF0CFFFFFFFF13445E16D9E8532240FC821B6BC8D1EA3FC0C6C683BD5E2FC0147DEAFFBF120038BA000000000000F03F00000000808F0D3A0B0B110D06636F656467650CFFFFFFFF04FFFFFFFF0CFFFFFFFF0C250100
310
000C240100000C1F0200000C200200000B0CDE00000004000000000CFFFFFFFF110D04656467650CFFFFFFFF04FFFFFFFF0CFFFFFFFF0C210200000600000000000000000C2601000006E4FFFFFFFFFFEB3F0C980100000C220200000B070E74616E67656E745F6E6F745F6732110D05706F696E740CFFFFFFFF04FFFFFFFF
310
0CFFFFFFFF13445E16D9E8532240F8821B6BC8D1EA3FBFC6C683BD5E2FC0110D06636F656467650CFFFFFFFF04FFFFFFFF0CFFFFFFFF0C360100000C1F0200000C280100000CA10100000A0CB401000004000000000CFFFFFFFF110D04656467650CFFFFFFFF04FFFFFFFF0CFFFFFFFF0C3A0100000600000000000000000C
310
A201000006010000000000F03F0CA00100000C230200000B0707756E6B6E6F776E110D067665727465780CFFFFFFFF04FFFFFFFF0CFFFFFFFF0C2002000004000000000C24020000110E0873747261696768740D0563757276650CFFFFFFFF04FFFFFFFF0CFFFFFFFF137891490C1C872140E827F49B4ACFF33F929616F591
310
6230C0149A99999999B1FE390000000000A607BA9A9999999999E93F0A0600000000000000000A06000000000000F03F110D06636F656467650CFFFFFFFF04FFFFFFFF0CFFFFFFFF0C250200000C2B0100000C180200000C260200000A0CA601000004000000000CFFFFFFFF110D06636F656467650CFFFFFFFF04FFFFFFFF
310
0CFFFFFFFF0C2B0100000C250200000C2D0100000CAA0100000B0CA601000004000000000CFFFFFFFF110D046C6F6F700CFFFFFFFF04FFFFFFFF0CFFFFFFFF0CFFFFFFFF0C2B0100000C27020000110D067665727465780CFFFFFFFF04FFFFFFFF0CFFFFFFFF0C2C01000004010000000C28020000110E0873747261696768
310
740D0563757276650CFFFFFFFF04FFFFFFFF0CFFFFFFFF1330E465918D3EE73FF4E7AFA32D660FC0C0C6C683BD5E2FC014000000000000F03F7DEAFFBF1200383A00000000002F03BA0B0B110D06636F656467650CFFFFFFFF04FFFFFFFF0CFFFFFFFF0C2E0100000C2D0100000C290200000C2A0200000B0C2F0100000400
310
0000000CFFFFFFFF110D04656467650CFFFFFFFF04FFFFFFFF0CFFFFFFFF0C2B0200000600000000000000000C3001000006E4FFFFFFFFFFEB3F0C2D0100000C2C0200000B070E74616E67656E745F6E6F745F6732110D04666163650C2D02000004FFFFFFFF0CFFFFFFFF0C270200000C2F0100000C060000000CFFFFFFFF
310
0C2E0200000A0B110D05706F696E740CFFFFFFFF04FFFFFFFF0CFFFFFFFF1313DD6CE7C7F11BC0F8E7AFA32D660FC0BFC6C683BD5E2FC0110D06636F656467650CFFFFFFFF04FFFFFFFF0CFFFFFFFF0C290200000C360100000C320100000CAE0100000A0CB401000004000000000CFFFFFFFF110D04656467650CFFFFFFFF
310
04FFFFFFFF0CFFFFFFFF0CAF0100000600000000000000000C3801000006000000000000F03F0CAD0100000C2F0200000B0707756E6B6E6F776E110D067665727465780CFFFFFFFF04FFFFFFFF0CFFFFFFFF0CAE01000004000000000C30020000110E0873747261696768740D0563757276650CFFFFFFFF04FFFFFFFF0CFF
310
FFFFFF13AB760681618B1DC0C1B47C70FA320CC08C9393508A2B2FC0149A99999999B1FEB90000000000A6073A9A9999999999E9BF0A0600000000000000000A06000000000000F03F110E0D4154545249425F435553544F4D0D066174747269620C3102000004FFFFFFFF0CFFFFFFFF0CFFFFFFFF0C34010000071667656E
310
657269635F7461675F6174747269625F6465660403000000040300000004FFFFFFFF071767656E657269635F7461675F6174747269625F6465662004010000000402000000070237370400000000040100000004C2FEFFFF0400000000110D04666163650C3202000004FFFFFFFF0CFFFFFFFF0C330200000C340200000C06
310
0000000CFFFFFFFF0C350200000A0B110E05706C616E650D07737572666163650CFFFFFFFF04FFFFFFFF0CFFFFFFFF13AB760681618B1DC0C1B47C70FA320CC0929616F5916230C014000000000000F03F7DEAFFBF1200383A00000000002F03BA149A99999999B1CEB90000000000A6D7399A9999999999B9BF0B0B0B0B0B
310
110D046C6F6F700CFFFFFFFF04FFFFFFFF0CFFFFFFFF0CFFFFFFFF0CAD0100000C36020000110E07656C6C697073650D0563757276650CFFFFFFFF04FFFFFFFF0CFFFFFFFF1313DD6CE7C7F11BC000831B6BC8D1EA3F929616F5916230C01400000000002F03BA00000000808F0D3A000000000000F0BF14FA213333423323
310
3A949999999999D9BFFBFFFFFFFFA5F7B906000000000000F03F0A06182D4454FB21F93F0A06152D4454FB210940110D05706F696E740CFFFFFFFF04FFFFFFFF0CFFFFFFFF13AD760681618B1DC000831B6BC8D1EA3F929616F5916230C0110D05706F696E740CFFFFFFFF04FFFFFFFF0CFFFFFFFF1314DD6CE7C7F11BC0E8
310
27F49B4ACFF33F929616F5916230C0110E0D4154545249425F435553544F4D0D066174747269620CFFFFFFFF04FFFFFFFF0CFFFFFFFF0CFFFFFFFF0C3C010000071667656E657269635F7461675F6174747269625F6465660403000000040300000004FFFFFFFF071767656E657269635F7461675F6174747269625F646566
310
2004010000000400000000070004000000000402000000044101000004420100000400000000110E0D4154545249425F435553544F4D0D066174747269620CFFFFFFFF04FFFFFFFF0CFFFFFFFF0CFFFFFFFF0C3F010000071667656E657269635F7461675F6174747269625F6465660403000000040300000004FFFFFFFF07
310
1767656E657269635F7461675F6174747269625F6465662004010000000400000000070004000000000402000000044101000004420100000400000000110D06636F656467650CFFFFFFFF04FFFFFFFF0CFFFFFFFF0C090200000C0B0200000C410100000CBB0100000A0C0F02000004000000000CFFFFFFFF110D04656467
310
650CFFFFFFFF04FFFFFFFF0CFFFFFFFF0CBC0100000699AAAAAAAAAAEA3C0CBE01000006000000000000F03F0C410100000C370200000B0707756E6B6E6F776E110D067665727465780CFFFFFFFF04FFFFFFFF0CFFFFFFFF0C4201000004000000000C38020000110E0873747261696768740D0563757276650CFFFFFFFF04
310
FFFFFFFF0CFFFFFFFF1320F2B2C8469FF03F291BE3D660990CC0C89D6AF4FA682FC014C2F5285C8F6AD239CDCCCCCCCC60DCB9B81E85EB51B8BE3F0A0600000000000000000A06020000000000F03F110D067665727465780CFFFFFFFF04FFFFFFFF0CFFFFFFFF0CBB01000004010000000C39020000110E08737472616967
310
68740D0563757276650CFFFFFFFF04FFFFFFFF0CFFFFFFFF13B04ACCF7F3A4E73F291BE3D660990CC08C9393508A2B2FC014C2F5285C8F6AD2B9CDCCCCCCCC60DC39B81E85EB51B8BEBF0A06604BBEA0AAAA9ABC0A06020000000000F03F110D06636F656467650CFFFFFFFF04FFFFFFFF0CFFFFFFFF0C4E0100000C450100
310
000C480100000CC30100000A0C4F01000004000000000CFFFFFFFF110E0873747261696768740D0563757276650CFFFFFFFF04FFFFFFFF0CFFFFFFFF13A04ACCF7F3A4E73F901CB504626BEC3FC89D6AF4FA682FC0144D3333333333D33F24B3CC4CE3CC1C3A523333333305E7B90A0600000000000000000A06EAFFFFFFFF
310
FFEF3F110D06636F656467650CFFFFFFFF04FFFFFFFF0CFFFFFFFF0C480100000C470100000C520100000CC80100000B0C4901000004000000000CFFFFFFFF110D04656467650CFFFFFFFF04FFFFFFFF0CFFFFFFFF0CC9010000063C2B4454FB21E9BF0C4A01000006EC2C4454FB21E93F0C480100000C3A0200000B070775
310
6E6B6E6F776E110D04666163650C3B02000004FFFFFFFF0CFFFFFFFF0C540100000C490100000C060000000CFFFFFFFF0C3C0200000B0B110D05706F696E740CFFFFFFFF04FFFFFFFF0CFFFFFFFF13A04ACCF7F3A4E73F901CB504626BEC3FC89D6AF4FA682FC0110E07656C6C697073650D0563757276650CFFFFFFFF04FF
310
FFFFFF0CFFFFFFFF13A04ACCF7F3A4E73FF84FE837959EEF3FBFC6C683BD5E2FC01400000000002F03BA00000000808F0D3A000000000000F0BF14F162FF51181AB2BF2363FF51181AB2BFFE54DC2BF97AB7B906000000000000F03F0B0B110D04666163650C3D02000004FFFFFFFF0CFFFFFFFF0C1E0100000C4F0100000C
310
060000000CFFFFFFFF0C3E0200000A0B110D04656467650CFFFFFFFF04FFFFFFFF0CFFFFFFFF0C560100000690AAAAAAAAAAEA3F0CC901000006020000000000F03F0CC20100000C3F0200000B0707756E6B6E6F776E110D067665727465780CFFFFFFFF04FFFFFFFF0CFFFFFFFF0CC801000004010000000C40020000110E
310
0873747261696768740D0563757276650CFFFFFFFF04FFFFFFFF0CFFFFFFFF13B08B4C62E038F23FC04FE837959EEF3FC89D6AF4FA682FC014070000000000E0BF89EAFFBF120028BA08000000002FF3390A06F2FFFFFFFFFFDFBC0A06010000000000F03F110E0D4154545249425F435553544F4D0D066174747269620C41
310
02000004FFFFFFFF0CFFFFFFFF0CFFFFFFFF0C54010000071667656E657269635F7461675F6174747269625F6465660403000000040300000004FFFFFFFF071767656E657269635F7461675F6174747269625F6465662004010000000402000000070231360400000000040100000004C2FEFFFF0400000000110E05706C61
310
6E650D07737572666163650CFFFFFFFF04FFFFFFFF0CFFFFFFFF13601799C4C071EC3FC04FE837959EEF3F44B2183CDCE32EC0147DEAFFBF120038BA000000000000F03F00000000808F0D3A149A99999999B1CE390000000000A6D7B99A9999999999B93F0B0B0B0B0B110D05706F696E740CFFFFFFFF04FFFFFFFF0CFFFF
310
FFFF13581799C4C071E43FC04FE837959EEF3FBFC6C683BD5E2FC0110D06636F656467650CFFFFFFFF04FFFFFFFF0CFFFFFFFF0CCE0100000CCE0100000C420200000C430200000B0C5801000004000000000CFFFFFFFF110D06636F656467650CFFFFFFFF04FFFFFFFF0CFFFFFFFF0CCF0100000CCF0100000C590100000C
310
D00100000A0C4402000004000000000CFFFFFFFF110D04656467650CFFFFFFFF04FFFFFFFF0CFFFFFFFF0C450200000600000000000000000C4502000006182D4454FB2119400CCF0100000C460200000B0707756E6B6E6F776E110D046C6F6F700CFFFFFFFF04FFFFFFFF0CFFFFFFFF0CFFFFFFFF0C5A0100000C33020000
310
110D067665727465780CFFFFFFFF04FFFFFFFF0CFFFFFFFF0C5B01000004000000000C47020000110E07656C6C697073650D0563757276650CFFFFFFFF04FFFFFFFF0CFFFFFFFF13CAA5E3A5678C1BC0586A1715BAA4EA3FF4F9F9B6F0912EC01400000000002F03BA00000000808F0D3A000000000000F0BF146766666666
310
66D23FDF809929AF991B3A67666666A60FE6B906000000000000F03F0B0B110D05706F696E740CFFFFFFFF04FFFFFFFF0CFFFFFFFF130429B81E9FE72140706A1715BAA4EA3FF4F9F9B6F0912EC0110D04656467650CFFFFFFFF04FFFFFFFF0CFFFFFFFF0CFC010000061B2D4454FB21F93F0CD8010000061B2D4454FB2109
310
400C5F0100000C480200000B0707756E6B6E6F776E110D06636F656467650CFFFFFFFF04FFFFFFFF0CFFFFFFFF0C490200000C600100000C630100000CDB0100000B0C7801000004000000000CFFFFFFFF110D06636F656467650CFFFFFFFF04FFFFFFFF0CFFFFFFFF0C600100000C490200000CF50100000C4A0200000B0C
310
7801000004000000000CFFFFFFFF110D067665727465780CFFFFFFFF04FFFFFFFF0CFFFFFFFF0C6101000004000000000C4B020000110E0873747261696768740D0563757276650CFFFFFFFF04FFFFFFFF0CFFFFFFFF13AA760681618B1DC0C0B47C70FA320CC0F4F9F9B6F0912EC01443320CDCA52D5ABAC0CAA145B67311
310
4047E17A14201F303A0A0646C300B96D568DBC0A06000000000000F03F110D06636F656467650CFFFFFFFF04FFFFFFFF0CFFFFFFFF0C630100000C620100000C4C0200000C4D0200000A0C6401000004000000000CFFFFFFFF110D04656467650CFFFFFFFF04FFFFFFFF0CFFFFFFFF0C650100000600000000000000000C4E
310
02000006F4FFFFFFFFFFEF3F0CD60100000C4F0200000B070E74616E67656E745F6E6F745F6732110D05706F696E740CFFFFFFFF04FFFFFFFF0CFFFFFFFF13AD760681618B1DC000831B6BC8D1EA3FF4F9F9B6F0912EC0110D06636F656467650CFFFFFFFF04FFFFFFFF0CFFFFFFFF0CF90100000C500200000C670100000C
310
DE0100000B0C5102000004000000000CFFFFFFFF110D04656467650CFFFFFFFF04FFFFFFFF0CFFFFFFFF0CE2010000062A2D4454FB21F93F0CFB010000062C2D4454FB2109400C670100000C520200000B0707756E6B6E6F776E110D06636F656467650CFFFFFFFF04FFFFFFFF0CFFFFFFFF0C530200000C680100000C5002
310
00000C540200000B0CE101000004000000000CFFFFFFFF110D06636F656467650CFFFFFFFF04FFFFFFFF0CFFFFFFFF0C680100000C530200000C6A0100000CE50100000A0CE101000004000000000CFFFFFFFF110D046C6F6F700CFFFFFFFF04FFFFFFFF0CFFFFFFFF0CFFFFFFFF0C680100000C55020000110D0676657274
310
65780CFFFFFFFF04FFFFFFFF0CFFFFFFFF0CDE01000004000000000C56020000110E0873747261696768740D0563757276650CFFFFFFFF04FFFFFFFF0CFFFFFFFF13445E16D9E8532240F8821B6BC8D1EA3FF4F9F9B6F0912EC01442320CDCA52D5A3ABFCAA145B67311C046E17A14201F30BA0A0600000000000000000A06
310
000000000000F03F110D06636F656467650CFFFFFFFF04FFFFFFFF0CFFFFFFFF0C6B0100000C6A0100000C570200000C580200000A0C6C01000004000000000CFFFFFFFF110D04656467650CFFFFFFFF04FFFFFFFF0CFFFFFFFF0C6D0100000600000000000000000C5902000006F4FFFFFFFFFFEF3F0CE00100000C5A0200
310
000B070E74616E67656E745F6E6F745F6732110D04666163650C5B02000004FFFFFFFF0CFFFFFFFF0C5C0200000C6C0100000C060000000CFFFFFFFF0C5D0200000A0B110D05706F696E740CFFFFFFFF04FFFFFFFF0CFFFFFFFF13465E16D9E8532240F8821B6BC8D1EA3FF4F9F9B6F0912EC0110D06636F656467650CFFFF
310
FFFF04FFFFFFFF0CFFFFFFFF0C570200000C4C0200000C6F0100000CE90100000B0C5E02000004000000000CFFFFFFFF110D04656467650CFFFFFFFF04FFFFFFFF0CFFFFFFFF0CEC0100000600000000000000000CEA01000006010000000000F03F0CE80100000C5F0200000B0707756E6B6E6F776E110D06766572746578
310
0CFFFFFFFF04FFFFFFFF0CFFFFFFFF0CE901000004010000000C60020000110E0873747261696768740D0563757276650CFFFFFFFF04FFFFFFFF0CFFFFFFFF137891490C1C872140E827F49B4ACFF33FF4F9F9B6F0912EC0149A99999999B1BE390000000000A6C7B99A9999999999A93F0A0600000000000000000A06F4FF
310
FFFFFFFFEF3F110D067665727465780CFFFFFFFF04FFFFFFFF0CFFFFFFFF0C7101000004010000000C61020000110E0873747261696768740D0563757276650CFFFFFFFF04FFFFFFFF0CFFFFFFFF1314DD6CE7C7F11BC0E827F49B4ACFF33FF4F9F9B6F0912EC0149A99999999B1BE390000000000A6C7B99A9999999999A9
310
3F0A0600000000000000000A06F4FFFFFFFFFFEF3F110E0D4154545249425F435553544F4D0D066174747269620C6202000004FFFFFFFF0CFFFFFFFF0CFFFFFFFF0C72010000071667656E657269635F7461675F6174747269625F6465660403000000040300000004FFFFFFFF071767656E657269635F7461675F61747472
310
69625F6465662004010000000402000000070237320400000000040100000004C2FEFFFF0400000000110D04666163650C6302000004FFFFFFFF0CFFFFFFFF0C640200000C650200000C060000000CFFFFFFFF0C660200000B0B110E05706C616E650D07737572666163650CFFFFFFFF04FFFFFFFF0CFFFFFFFF1313DD6CE7
310
C7F11BC0E827F49B4ACFF33F44B2183CDCE32EC0147DEAFFBF1200383A000000000000F0BF00000000808F0DBA149A99999999B1CEB90000000000A6D7399A9999999999B9BF0B0B0B0B0B110E0D4154545249425F435553544F4D0D066174747269620CFFFFFFFF04FFFFFFFF0CFFFFFFFF0CFFFFFFFF0C76010000071667
310
656E657269635F7461675F6174747269625F6465660403000000040300000004FFFFFFFF071767656E657269635F7461675F6174747269625F6465662004010000000400000000070004000000000402000000044101000004420100000400000000110E0D4154545249425F435553544F4D0D066174747269620C67020000
310
04FFFFFFFF0CFFFFFFFF0CFFFFFFFF0C77010000071667656E657269635F7461675F6174747269625F6465660403000000040300000004FFFFFFFF071767656E657269635F7461675F6174747269625F64656620040100000004010000000701380400000000040100000004C2FEFFFF0400000000110D04666163650C6802
310
000004FFFFFFFF0CFFFFFFFF0C8B0100000C510200000C060000000CFFFFFFFF0C690200000A0B110E04636F6E650D07737572666163650CFFFFFFFF04FFFFFFFF0CFFFFFFFF1313DD6CE7C7F11BC000831B6BC8D1EA3F5089BCAC19AE2EC01400000000002F03BA00000000808F0D3A000000000000F0BF14FA2133334233
310
233A949999999999D9BFFBFFFFFFFFA5F7B906000000000000F03F0B0B06000000000000000006000000000000F03F06949999999999D93F0B0B0B0B0B110D06636F656467650CFFFFFFFF04FFFFFFFF0CFFFFFFFF0C6A0200000C7A0100000CD70100000C4A0200000A0C0801000004000000000CFFFFFFFF110D06636F65
310
6467650CFFFFFFFF04FFFFFFFF0CFFFFFFFF0C7A0100000C6A0200000C7B0100000CF80100000A0C0801000004000000000CFFFFFFFF110D06636F656467650CFFFFFFFF04FFFFFFFF0CFFFFFFFF0C7C0100000C7B0100000C6B0200000C6C0200000A0CB400000004000000000CFFFFFFFF110D04656467650CFFFFFFFF04
310
FFFFFFFF0CFFFFFFFF0CFC0100000600000000000000000C6D02000006F4FFFFFFFFFFEF3F0C7B0100000C6E0200000B070E74616E67656E745F6E6F745F6732110D06636F656467650CFFFFFFFF04FFFFFFFF0CFFFFFFFF0C6F0200000CDD0100000C7C0100000CFA0100000B0C5102000004000000000CFFFFFFFF110D04
310
656467650CFFFFFFFF04FFFFFFFF0CFFFFFFFF0CFB0100000600000000000000000C7002000006F4FFFFFFFFFFEF3F0C7C0100000C710200000B070E74616E67656E745F6E6F745F6732110D067665727465780CFFFFFFFF04FFFFFFFF0CFFFFFFFF0C7E01000004000000000C72020000110D067665727465780CFFFFFFFF
310
04FFFFFFFF0CFFFFFFFF0CD501000004000000000C73020000110E0873747261696768740D0563757276650CFFFFFFFF04FFFFFFFF0CFFFFFFFF137691490C1C872140F3E7AFA32D660FC0F4F9F9B6F0912EC0140000000000802FC0D4EAFF7412A077BA0000000044E2423A0A0600000000000000000A06FFFFFFFFFFFFEF
310
3F110D06636F656467650CFFFFFFFF04FFFFFFFF0CFFFFFFFF0CFE0100000CFE0100000C7F0100000CFF0100000A0C7402000004000000000CFFFFFFFF110D04656467650CFFFFFFFF04FFFFFFFF0CFFFFFFFF0C7502000006182D4454FB2109C00C7502000006182D4454FB2109400CFE0100000C760200000B0707756E6B
310
6E6F776E110D046C6F6F700CFFFFFFFF04FFFFFFFF0CFFFFFFFF0C770200000C800100000C78020000110D067665727465780CFFFFFFFF04FFFFFFFF0CFFFFFFFF0C8101000004000000000C79020000110E07656C6C697073650D0563757276650CFFFFFFFF04FFFFFFFF0CFFFFFFFF13C9A5E3A5678C1BC0A2AEFBDAB627
310
0CC0BFC6C683BD5E2FC01400000000002F033A00000000808F0DBA000000000000F03F14676666666666C63FC0BDCCECD9CC103A6766666666DBDAB906000000000000F03F0B0B110D046C6F6F700CFFFFFFFF04FFFFFFFF0CFFFFFFFF0CFFFFFFFF0C7A0200000C04020000110D04666163650C7B02000004FFFFFFFF0CFF
310
FFFFFF0C780200000C820100000C060000000CFFFFFFFF0C7C0200000A0B110D05706F696E740CFFFFFFFF04FFFFFFFF0CFFFFFFFF13FDD816D99A3F1CC0586A1715BAA4EA3FBFC6C683BD5E2FC0110D06636F656467650CFFFFFFFF04FFFFFFFF0CFFFFFFFF0C060200000C060200000C7D0200000C7E0200000B0C850100
310
0004000000000CFFFFFFFF110E0D4154545249425F435553544F4D0D066174747269620C7F02000004FFFFFFFF0CFFFFFFFF0CFFFFFFFF0C86010000071667656E657269635F7461675F6174747269625F6465660403000000040300000004FFFFFFFF071767656E657269635F7461675F6174747269625F64656620040200
310
00000402000000070235360400000000040100000004C2FEFFFF04000000000402000000070235350400000000040100000004440100000400000000110E04636F6E650D07737572666163650CFFFFFFFF04FFFFFFFF0CFFFFFFFF13D0F584EB6B5421409DAEFBDAB6270CC083585BB32AA940C01400000000002F033A0000
310
0000808F0DBA000000000000F03F14676666666666C63FC0BDCCECD9CC103A6766666666DBDAB906000000000000F03F0B0B06000000000000000006000000000000F03F06676666666666C63F0B0B0B0B0B110D06636F656467650CFFFFFFFF04FFFFFFFF0CFFFFFFFF0C8D0100000CBA0100000C880100000C0A0200000A
310
0C0F02000004000000000CFFFFFFFF110D04656467650CFFFFFFFF04FFFFFFFF0CFFFFFFFF0C9101000006592D4454FB21E9BF0CBC01000006602C4454FB21E93F0C880100000C800200000B0707756E6B6E6F776E110D06636F656467650CFFFFFFFF04FFFFFFFF0CFFFFFFFF0CBA0100000C8D0100000C8A0100000C0C02
310
00000A0C0F02000004000000000CFFFFFFFF110D04656467650CFFFFFFFF04FFFFFFFF0CFFFFFFFF0CBE01000006522D4454FB21E9BF0C8F010000067A2C4454FB21E93F0C8A0100000C810200000B0707756E6B6E6F776E110E0D4154545249425F435553544F4D0D066174747269620C8202000004FFFFFFFF0CFFFFFFFF
310
0CFFFFFFFF0C8B010000071667656E657269635F7461675F6174747269625F6465660403000000040300000004FFFFFFFF071767656E657269635F7461675F6174747269625F6465662004010000000402000000070231330400000000040100000004C2FEFFFF0400000000110E04636F6E650D07737572666163650CFFFF
310
FFFF04FFFFFFFF0CFFFFFFFF13B04ACCF7F3A4E73FF6E7AFA32D660DC044B2183CDCE32EC01400000000002F03BA00000000808F0D3A000000000000F0BF142B63FF51181AB2BFEA62FF51181AB23FDF38C7D3E792DB3906000000000000F03F0B0B06000000000000000006000000000000F03F069A9999999999B93F0B0B
310
0B0B0B110D046C6F6F700CFFFFFFFF04FFFFFFFF0CFFFFFFFF0CFFFFFFFF0C0B0200000C94010000110E0873747261696768740D0563757276650CFFFFFFFF04FFFFFFFF0CFFFFFFFF13801799C4C071E43FF3E7AFA32D660DC0C89D6AF4FA682FC014000000000000E03F7DEAFFBF1200283A00000000002FF3B90A060000
310
0000000000000A06000000000000F03F110D05706F696E740CFFFFFFFF04FFFFFFFF0CFFFFFFFF13801799C4C071E43FF3E7AFA32D660DC0C89D6AF4FA682FC0110D05706F696E740CFFFFFFFF04FFFFFFFF0CFFFFFFFF13C08B4C62E038F23FF3E7AFA32D660DC0C89D6AF4FA682FC0110E0D4154545249425F435553544F
310
4D0D066174747269620CFFFFFFFF04FFFFFFFF0CFFFFFFFF0CFFFFFFFF0C93010000071667656E657269635F7461675F6174747269625F6465660403000000040300000004FFFFFFFF071767656E657269635F7461675F6174747269625F646566200401000000040000000007000400000000040200000004410100000442
310
0100000400000000110E0D4154545249425F435553544F4D0D066174747269620C8302000004FFFFFFFF0CFFFFFFFF0CFFFFFFFF0C94010000071667656E657269635F7461675F6174747269625F6465660403000000040300000004FFFFFFFF071767656E657269635F7461675F6174747269625F64656620040100000004
310
02000000070231390400000000040100000004C2FEFFFF0400000000110D04666163650C8402000004FFFFFFFF0CFFFFFFFF0C850200000C860200000C060000000CFFFFFFFF0C870200000B0B110E05706C616E650D07737572666163650CFFFFFFFF04FFFFFFFF0CFFFFFFFF13701799C4C071E83F8E81493DC7FF0CC0C8
310
9D6AF4FA682FC01400000000002F033A00000000808F0DBA000000000000F03F149A9999999999B93FFE2133334233033A9A99999999B1CEB90B0B0B0B0B110D06636F656467650CFFFFFFFF04FFFFFFFF0CFFFFFFFF0C880200000C960100000C990100000C1C0200000A0C1902000004000000000CFFFFFFFF110D06636F
310
656467650CFFFFFFFF04FFFFFFFF0CFFFFFFFF0C960100000C880200000CA40100000C260200000B0C1902000004000000000CFFFFFFFF110D046C6F6F700CFFFFFFFF04FFFFFFFF0CFFFFFFFF0CFFFFFFFF0C960100000C89020000110E07656C6C697073650D0563757276650CFFFFFFFF04FFFFFFFF0CFFFFFFFF137891
310
490C1C872140BDB47C70FA320CC0BFC6C683BD5E2FC01400000000002F033A00000000808F0DBA000000000000F03F1404223333423323BAA29999999999D93F0800000000A6F73906000000000000F03F0B0B110D06636F656467650CFFFFFFFF04FFFFFFFF0CFFFFFFFF0C990100000C980100000C8A0200000C8B020000
310
0B0C9A01000004000000000CFFFFFFFF110D04656467650CFFFFFFFF04FFFFFFFF0CFFFFFFFF0C8C0200000600000000000000000C9B01000006E4FFFFFFFFFFEB3F0C170200000C8D0200000B070E74616E67656E745F6E6F745F6732110D04666163650C8E02000004FFFFFFFF0CFFFFFFFF0CE60100000C9A0100000C06
310
0000000CFFFFFFFF0C8F0200000B0B110D05706F696E740CFFFFFFFF04FFFFFFFF0CFFFFFFFF13445E16D9E8532240C0B47C70FA320CC0BFC6C683BD5E2FC0110D06636F656467650CFFFFFFFF04FFFFFFFF0CFFFFFFFF0CA00100000C8A0200000C9D0100000C200200000A0CB401000004000000000CFFFFFFFF110D0465
310
6467650CFFFFFFFF04FFFFFFFF0CFFFFFFFF0CA201000006182D4454FB21F93F0C21020000061F2D4454FB2109400C1F0200000C900200000B0707756E6B6E6F776E110D067665727465780CFFFFFFFF04FFFFFFFF0CFFFFFFFF0C8B02000004000000000C91020000110E0873747261696768740D0563757276650CFFFFFF
310
FF04FFFFFFFF0CFFFFFFFF13445E16D9E8532240F8821B6BC8D1EA3F929616F5916230C0149A99999999B1FE390000000000A607BA9A9999999999E93F0A0600000000000000000A06000000000000F03F110E0873747261696768740D0563757276650CFFFFFFFF04FFFFFFFF0CFFFFFFFF1314DD6CE7C7F11BC0E827F49B
310
4ACFF33F929616F5916230C0140000000000802F40D4EAFF7412A0773A0000000044E242BA0A0600000000000000000A06010000000000F03F110D05706F696E740CFFFFFFFF04FFFFFFFF0CFFFFFFFF137891490C1C872140E827F49B4ACFF33F929616F5916230C0110D06636F656467650CFFFFFFFF04FFFFFFFF0CFFFF
310
FFFF0CA50100000CA40100000C920200000C930200000B0CA601000004000000000CFFFFFFFF110D04656467650CFFFFFFFF04FFFFFFFF0CFFFFFFFF0C940200000600000000000000000CA701000006E4FFFFFFFFFFEB3F0CA40100000C950200000B070E74616E67656E745F6E6F745F6732110D04666163650C96020000
310
04FFFFFFFF0CFFFFFFFF0C970200000CA60100000C060000000CFFFFFFFF0C980200000B0B110D05706F696E740CFFFFFFFF04FFFFFFFF0CFFFFFFFF137691490C1C872140F0E7AFA32D660FC0BFC6C683BD5E2FC0110D06636F656467650CFFFFFFFF04FFFFFFFF0CFFFFFFFF0C920200000CAD0100000CA90100000C2A02
310
00000A0CB401000004000000000CFFFFFFFF110D04656467650CFFFFFFFF04FFFFFFFF0CFFFFFFFF0C2B020000061B2D4454FB21F93F0CAF010000061B2D4454FB2109400C290200000C990200000B0707756E6B6E6F776E110D067665727465780CFFFFFFFF04FFFFFFFF0CFFFFFFFF0C2A02000004000000000C9A020000
310
110E0873747261696768740D0563757276650CFFFFFFFF04FFFFFFFF0CFFFFFFFF1313DD6CE7C7F11BC0F7E7AFA32D660FC0929616F5916230C0149A99999999B1FE390000000000A607BA9A9999999999E93F0A0600000000000000000A06000000000000F03F110E0D4154545249425F435553544F4D0D06617474726962
310
0C9B02000004FFFFFFFF0CFFFFFFFF0CFFFFFFFF0CAB010000071667656E657269635F7461675F6174747269625F6465660403000000040300000004FFFFFFFF071767656E657269635F7461675F6174747269625F6465662004010000000402000000070236320400000000040100000004C2FEFFFF0400000000110E0463
310
6F6E650D07737572666163650CFFFFFFFF04FFFFFFFF0CFFFFFFFF1312DD6CE7C7F11BC0C2B47C70FA320CC05860601D57F82FC01400000000002F03BA00000000808F0D3A000000000000F0BF14A49999999999D93F062233334233233AA699999999B1EEB906000000000000F03F0B0B0600000000000000000600000000
310
0000F03F06A49999999999D93F0B0B0B0B0B110E0873747261696768740D0563757276650CFFFFFFFF04FFFFFFFF0CFFFFFFFF13AB760681618B1DC0C1B47C70FA320CC0929616F5916230C01443320CDCA52D5ABAC0CAA145B673114047E17A14201F303A0A0600000000000000000A06000000000000F03F110D05706F69
310
6E740CFFFFFFFF04FFFFFFFF0CFFFFFFFF13AB760681618B1DC0C1B47C70FA320CC0929616F5916230C0110E0D4154545249425F435553544F4D0D066174747269620CFFFFFFFF04FFFFFFFF0CFFFFFFFF0CFFFFFFFF0CB1010000071667656E657269635F7461675F6174747269625F6465660403000000040300000004FF
310
FFFFFF071767656E657269635F7461675F6174747269625F6465662004010000000400000000070004000000000402000000044101000004420100000400000000110E0D4154545249425F435553544F4D0D066174747269620C9C02000004FFFFFFFF0CFFFFFFFF0CFFFFFFFF0CB2010000071667656E657269635F746167
310
5F6174747269625F6465660403000000040300000004FFFFFFFF071767656E657269635F7461675F6174747269625F64656620040100000004010000000701300400000000040100000004C2FEFFFF0400000000110D04666163650C9D02000004FFFFFFFF0CFFFFFFFF0C9E0200000C9F0200000C060000000CFFFFFFFF0C
310
A00200000A0B110D046C6F6F700CFFFFFFFF04FFFFFFFF0CFFFFFFFF0C5C0100000CA10200000CB2010000110E04636F6E650D07737572666163650CFFFFFFFF04FFFFFFFF0CFFFFFFFF13D0F584EB6B542140686A1715BAA4EA3F387D1FEA6EBA2EC014B245C790D22F033A1A4D794F9D8B0DBA000000000000F03F140000
310
00000000CC3F2EEDFF671000153AFC5CAE3ED8C9E0B906000000000000F03F0B0B06D44F38816FFEE43F06371CA1B49426E83F06000000000000CC3F0B0B0B0B0B110D04666163650CA202000004FFFFFFFF0CFFFFFFFF0CA30200000CA40200000C060000000CFFFFFFFF0CA50200000B0B110E0873747261696768740D05
310
63757276650CFFFFFFFF04FFFFFFFF0CFFFFFFFF1328F2B2C8469FF03F281BE3D660990CC0C89D6AF4FA682FC014403333333333D3BF10B3CC4CE3CC1CBA433333333305E7390A0699AAAAAAAAAAEA3C0A06000000000000F03F110D05706F696E740CFFFFFFFF04FFFFFFFF0CFFFFFFFF1320F2B2C8469FF03F281BE3D660
310
990CC0C89D6AF4FA682FC0110D05706F696E740CFFFFFFFF04FFFFFFFF0CFFFFFFFF13B04ACCF7F3A4E73F281BE3D660990CC0C89D6AF4FA682FC0110E07656C6C697073650D0563757276650CFFFFFFFF04FFFFFFFF0CFFFFFFFF13A04ACCF7F3A4E73FF84FE837959EEF3FC89D6AF4FA682FC01400000000002F033A0000
310
0000808F0DBA000000000000F03F14F162FF51181AB2BF2363FF51181AB2BFFE54DC2BF97AB7B906000000000000F03F0A063C2B4454FB21E9BF0A06EC2C4454FB21E93F110E0D4154545249425F435553544F4D0D066174747269620CA602000004FFFFFFFF0CFFFFFFFF0CFFFFFFFF0CC4010000071667656E657269635F
310
7461675F6174747269625F6465660403000000040300000004FFFFFFFF071767656E657269635F7461675F6174747269625F6465662004010000000402000000070231340400000000040100000004C2FEFFFF0400000000110E04636F6E650D07737572666163650CFFFFFFFF04FFFFFFFF0CFFFFFFFF13A04ACCF7F3A4E7
310
3FF84FE837959EEF3F44B2183CDCE32EC01400000000002F03BA00000000808F0D3A000000000000F0BF14F162FF51181AB2BF2363FF51181AB2BFFE54DC2BF97AB7B906000000000000F03F0B0B06000000000000000006000000000000F03F06999999999999B93F0B0B0B0B0B110E0D4154545249425F435553544F4D0D
310
066174747269620CA702000004FFFFFFFF0CFFFFFFFF0CFFFFFFFF0CC7010000071667656E657269635F7461675F6174747269625F6465660403000000040300000004FFFFFFFF071767656E657269635F7461675F6174747269625F6465662004010000000402000000070231370400000000040100000004C2FEFFFF0400
310
000000110E05706C616E650D07737572666163650CFFFFFFFF04FFFFFFFF0CFFFFFFFF13601799C4C071E83F40B64E9EFB04EE3FC89D6AF4FA682FC01400000000002F033A00000000808F0DBA000000000000F03F149A9999999999B93FFE2133334233033A9A99999999B1CEB90B0B0B0B0B110E0873747261696768740D
310
0563757276650CFFFFFFFF04FFFFFFFF0CFFFFFFFF13601799C4C071E43FC04FE837959EEF3F8C9393508A2B2FC014C2F5285C8F6AD2B9CDCCCCCCCC60DC39B81E85EB51B8BEBF0A06604BBEA0AAAA9ABC0A06020000000000F03F110D05706F696E740CFFFFFFFF04FFFFFFFF0CFFFFFFFF13601799C4C071E43FC04FE837
310
959EEF3FC89D6AF4FA682FC0110E0D4154545249425F435553544F4D0D066174747269620CFFFFFFFF04FFFFFFFF0CFFFFFFFF0CFFFFFFFF0CCB010000071667656E657269635F7461675F6174747269625F6465660403000000040300000004FFFFFFFF071767656E657269635F7461675F6174747269625F646566200401
310
0000000400000000070004000000000402000000044101000004420100000400000000110D06636F656467650CFFFFFFFF04FFFFFFFF0CFFFFFFFF0C420200000C420200000CCE0100000C430200000A0CA802000004000000000CFFFFFFFF110D04656467650CFFFFFFFF04FFFFFFFF0CFFFFFFFF0CA90200000600000000
310
000000000CA902000006182D4454FB2119400C420200000CAA0200000B0707756E6B6E6F776E110D046C6F6F700CFFFFFFFF04FFFFFFFF0CFFFFFFFF0CFFFFFFFF0CCF0100000C9E020000110D067665727465780CFFFFFFFF04FFFFFFFF0CFFFFFFFF0CD001000004000000000CAB020000110E07656C6C697073650D0563
310
757276650CFFFFFFFF04FFFFFFFF0CFFFFFFFF13C9A5E3A5678C1BC0A2AEFBDAB6270CC0F4F9F9B6F0912EC01400000000002F03BA00000000808F0D3A000000000000F0BF14676666666666D23FDF809929AF991B3A67666666A60FE6B906000000000000F03F0B0B110D05706F696E740CFFFFFFFF04FFFFFFFF0CFFFFFF
310
FF13633F7D3F01661AC0586A1715BAA4EA3FF4F9F9B6F0912EC0110E07656C6C697073650D0563757276650CFFFFFFFF04FFFFFFFF0CFFFFFFFF1312DD6CE7C7F11BC0C2B47C70FA320CC0F4F9F9B6F0912EC01400000000002F03BA00000000808F0D3A000000000000F0BF14A49999999999D93F062233334233233AA699
310
999999B1EEB906000000000000F03F0A061B2D4454FB21F93F0A061B2D4454FB210940110D06636F656467650CFFFFFFFF04FFFFFFFF0CFFFFFFFF0CD70100000CD60100000CAC0200000CAD0200000A0C7801000004000000000CFFFFFFFF110D04656467650CFFFFFFFF04FFFFFFFF0CFFFFFFFF0CAE0200000600000000
310
000000000CD801000006F4FFFFFFFFFFEF3F0CF50100000CAF0200000B070E74616E67656E745F6E6F745F6732110D05706F696E740CFFFFFFFF04FFFFFFFF0CFFFFFFFF13AB760681618B1DC0C1B47C70FA320CC0F4F9F9B6F0912EC0110D06636F656467650CFFFFFFFF04FFFFFFFF0CFFFFFFFF0CE80100000CAC020000
310
0CDA0100000C4D0200000B0C5E02000004000000000CFFFFFFFF110D04656467650CFFFFFFFF04FFFFFFFF0CFFFFFFFF0C4E02000006182D4454FB21F93F0CEC01000006152D4454FB2109400CDA0100000CB00200000B0707756E6B6E6F776E110D067665727465780CFFFFFFFF04FFFFFFFF0CFFFFFFFF0CDB0100000401
310
0000000CB1020000110E0873747261696768740D0563757276650CFFFFFFFF04FFFFFFFF0CFFFFFFFF13AD760681618B1DC000831B6BC8D1EA3FF4F9F9B6F0912EC0149A99999999B1BE390000000000A6C7B99A9999999999A93F0A0600000000000000000A06F4FFFFFFFFFFEF3F110D06636F656467650CFFFFFFFF04FF
310
FFFFFF0CFFFFFFFF0CDD0100000C6F0200000CDF0100000C540200000A0C5102000004000000000CFFFFFFFF110D046C6F6F700CFFFFFFFF04FFFFFFFF0CFFFFFFFF0CFFFFFFFF0CDD0100000CF3010000110E07656C6C697073650D0563757276650CFFFFFFFF04FFFFFFFF0CFFFFFFFF137891490C1C872140BDB47C70FA
310
320CC0F4F9F9B6F0912EC01400000000002F03BA00000000808F0D3A000000000000F0BF1404223333423323BAA29999999999D93F0800000000A6F73906000000000000F03F0A062A2D4454FB21F93F0A062C2D4454FB210940110D06636F656467650CFFFFFFFF04FFFFFFFF0CFFFFFFFF0CE00100000CDF0100000CB202
310
00000CB30200000A0CE101000004000000000CFFFFFFFF110D04656467650CFFFFFFFF04FFFFFFFF0CFFFFFFFF0CE20100000600000000000000000CB402000006F4FFFFFFFFFFEF3F0C500200000CB50200000B070E74616E67656E745F6E6F745F6732110D04666163650CB602000004FFFFFFFF0CFFFFFFFF0CB7020000
310
0CE10100000C060000000CFFFFFFFF0CB80200000B0B110D05706F696E740CFFFFFFFF04FFFFFFFF0CFFFFFFFF13465E16D9E8532240C1B47C70FA320CC0F4F9F9B6F0912EC0110D06636F656467650CFFFFFFFF04FFFFFFFF0CFFFFFFFF0CB20200000CE80100000CE40100000C580200000B0C5E02000004000000000CFF
310
FFFFFF110D04656467650CFFFFFFFF04FFFFFFFF0CFFFFFFFF0CEA01000006182D4454FB21F93F0C59020000061F2D4454FB2109400C570200000CB90200000B0707756E6B6E6F776E110D067665727465780CFFFFFFFF04FFFFFFFF0CFFFFFFFF0C5802000004010000000CBA020000110E0873747261696768740D056375
310
7276650CFFFFFFFF04FFFFFFFF0CFFFFFFFF13445E16D9E8532240F8821B6BC8D1EA3FF4F9F9B6F0912EC0149A99999999B1BE390000000000A6C7B99A9999999999A93F0A0600000000000000000A06F4FFFFFFFFFFEF3F110E0D4154545249425F435553544F4D0D066174747269620CBB02000004FFFFFFFF0CFFFFFFFF
310
0CFFFFFFFF0CE6010000071667656E657269635F7461675F6174747269625F6465660403000000040300000004FFFFFFFF071767656E657269635F7461675F6174747269625F6465662004010000000402000000070236390400000000040100000004C2FEFFFF0400000000110D04666163650CBC02000004FFFFFFFF0CFF
310
FFFFFF0C720100000CBD0200000C060000000CFFFFFFFF0CBE0200000B0B110E04636F6E650D07737572666163650CFFFFFFFF04FFFFFFFF0CFFFFFFFF137891490C1C87214000831B6BC8D1EA3F5089BCAC19AE2EC01400000000002F03BA00000000808F0D3A000000000000F0BF14919999999999D9BFF8213333423323
310
BA8F99999999B1EE3906000000000000F03F0B0B06000000000000000006000000000000F03F06919999999999D93F0B0B0B0B0B110D046C6F6F700CFFFFFFFF04FFFFFFFF0CFFFFFFFF0CFFFFFFFF0C4C0200000CBF020000110E0873747261696768740D0563757276650CFFFFFFFF04FFFFFFFF0CFFFFFFFF1314DD6CE7
310
C7F11BC0E827F49B4ACFF33F5860601D57782EC0140000000000802F40D4EAFF7412A0773A0000000044E242BA0A0600000000000000000A06010000000000F03F110D05706F696E740CFFFFFFFF04FFFFFFFF0CFFFFFFFF137891490C1C872140E827F49B4ACFF33F5860601D57782EC0110D05706F696E740CFFFFFFFF04
310
FFFFFFFF0CFFFFFFFF1314DD6CE7C7F11BC0E827F49B4ACFF33F5860601D57782EC0110E0D4154545249425F435553544F4D0D066174747269620CFFFFFFFF04FFFFFFFF0CFFFFFFFF0CFFFFFFFF0CEE010000071667656E657269635F7461675F6174747269625F6465660403000000040300000004FFFFFFFF071767656E
310
657269635F7461675F6174747269625F6465662004010000000400000000070004000000000402000000044101000004420100000400000000110E0D4154545249425F435553544F4D0D066174747269620CC002000004FFFFFFFF0CFFFFFFFF0CFFFFFFFF0CEF010000071667656E657269635F7461675F6174747269625F
310
6465660403000000040300000004FFFFFFFF071767656E657269635F7461675F6174747269625F6465662004010000000402000000070237330400000000040100000004C2FEFFFF0400000000110D04666163650CC102000004FFFFFFFF0CFFFFFFFF0CFFFFFFFF0CC20200000C060000000CFFFFFFFF0CC30200000B0B11
310
0D046C6F6F700CFFFFFFFF04FFFFFFFF0CFFFFFFFF0CFFFFFFFF0CC40200000CEF010000110E04636F6E650D07737572666163650CFFFFFFFF04FFFFFFFF0CFFFFFFFF1313DD6CE7C7F11BC0981A18037C19E73F48C427907B492FC014000000000000F03F7DEAFFBF1200383A00000000002F03BA1413ED3AB2C60C31BA9C
310
9B369B7FEBE63F1DBB30943FF1AD3F06000000000000F03F0B0B06000000000000000006000000000000F03F06ED42193206FFE63F0B0B0B0B0B110E0D4154545249425F435553544F4D0D066174747269620CFFFFFFFF04FFFFFFFF0CFFFFFFFF0CFFFFFFFF0CF2010000071667656E657269635F7461675F617474726962
310
5F6465660403000000040300000004FFFFFFFF071767656E657269635F7461675F6174747269625F6465662004010000000400000000070004000000000402000000044101000004420100000400000000110E0D4154545249425F435553544F4D0D066174747269620CC502000004FFFFFFFF0CFFFFFFFF0CFFFFFFFF0CF3
310
010000071667656E657269635F7461675F6174747269625F6465660403000000040300000004FFFFFFFF071767656E657269635F7461675F6174747269625F6465662004010000000402000000070231320400000000040100000004C2FEFFFF0400000000110E04636F6E650D07737572666163650CFFFFFFFF04FFFFFFFF
310
0CFFFFFFFF137891490C1C872140BDB47C70FA320CC05089BCAC19AE2EC01400000000002F03BA00000000808F0D3A000000000000F0BF1404223333423323BAA29999999999D93F0800000000A6F73906000000000000F03F0B0B06000000000000000006000000000000F03F06A29999999999D93F0B0B0B0B0B110D0663
310
6F656467650CFFFFFFFF04FFFFFFFF0CFFFFFFFF0CF60100000CF50100000CC60200000CC70200000A0C0801000004000000000CFFFFFFFF110D06636F656467650CFFFFFFFF04FFFFFFFF0CFFFFFFFF0CC60200000CC80200000CF70100000C6C0200000B0C5E02000004000000000CFFFFFFFF110D04656467650CFFFFFF
310
FF04FFFFFFFF0CFFFFFFFF0C700200000600000000000000000C6D02000006000000000000F03F0CF70100000CC90200000B0707756E6B6E6F776E110D067665727465780CFFFFFFFF04FFFFFFFF0CFFFFFFFF0CF801000004010000000CCA020000110E0873747261696768740D0563757276650CFFFFFFFF04FFFFFFFF0C
310
FFFFFFFF1313DD6CE7C7F11BC0F7E7AFA32D660FC0F4F9F9B6F0912EC0149A99999999B1BE390000000000A6C7B99A9999999999A93F0A0600000000000000000A06F4FFFFFFFFFFEF3F110D06636F656467650CFFFFFFFF04FFFFFFFF0CFFFFFFFF0C500200000CF90100000CC80200000CCB0200000A0C51020000040000
310
00000CFFFFFFFF110D067665727465780CFFFFFFFF04FFFFFFFF0CFFFFFFFF0C6C02000004000000000CCC020000110E0873747261696768740D0563757276650CFFFFFFFF04FFFFFFFF0CFFFFFFFF137691490C1C872140F3E7AFA32D660FC0F4F9F9B6F0912EC0149A99999999B1BE390000000000A6C7B99A9999999999
310
A93F0A0600000000000000000A06F4FFFFFFFFFFEF3F110D05706F696E740CFFFFFFFF04FFFFFFFF0CFFFFFFFF137691490C1C872140F1E7AFA32D660FC0F4F9F9B6F0912EC0110D05706F696E740CFFFFFFFF04FFFFFFFF0CFFFFFFFF1313DD6CE7C7F11BC0F7E7AFA32D660FC0F4F9F9B6F0912EC0110D046C6F6F700CFF
310
FFFFFF04FFFFFFFF0CFFFFFFFF0CCD0200000CFE0100000CCE020000110D067665727465780CFFFFFFFF04FFFFFFFF0CFFFFFFFF0CFF01000004000000000CCF020000110E07656C6C697073650D0563757276650CFFFFFFFF04FFFFFFFF0CFFFFFFFF13D0F584EB6B542140686A1715BAA4EA3FBFC6C683BD5E2FC0140000
310
0000002F033A00000000808F0DBA000000000000F03F14676666666666C63FC0BDCCECD9CC103A6766666666DBDAB906000000000000F03F0B0B110D046C6F6F700CFFFFFFFF04FFFFFFFF0CFFFFFFFF0CFFFFFFFF0CD00200000C78020000110D04666163650CD102000004FFFFFFFF0CFFFFFFFF0CCE0200000C00020000
310
0C060000000CFFFFFFFF0CD20200000A0B110D05706F696E740CFFFFFFFF04FFFFFFFF0CFFFFFFFF13FCD816D99A3F1CC0A2AEFBDAB6270CC0BFC6C683BD5E2FC0110D06636F656467650CFFFFFFFF04FFFFFFFF0CFFFFFFFF0C7A0200000C7A0200000CD30200000CD40200000B0C0302000004000000000CFFFFFFFF110E
310
0D4154545249425F435553544F4D0D066174747269620CD502000004FFFFFFFF0CFFFFFFFF0CFFFFFFFF0C04020000071667656E657269635F7461675F6174747269625F6465660403000000040300000004FFFFFFFF071767656E657269635F7461675F6174747269625F6465662004020000000402000000070235370400
310
000000040100000004C2FEFFFF04000000000402000000070235360400000000040100000004440100000400000000110E04636F6E650D07737572666163650CFFFFFFFF04FFFFFFFF0CFFFFFFFF13CAA5E3A5678C1BC0586A1715BAA4EA3F83585BB32AA940C01400000000002F033A00000000808F0DBA000000000000F0
310
3F14676666666666C63FC0BDCCECD9CC103A6766666666DBDAB906000000000000F03F0B0B06000000000000000006000000000000F03F06676666666666C63F0B0B0B0B0B110D06636F656467650CFFFFFFFF04FFFFFFFF0CFFFFFFFF0C7D0200000C7D0200000C060200000C7E0200000A0CD602000004000000000CFFFF
310
FFFF110D04656467650CFFFFFFFF04FFFFFFFF0CFFFFFFFF0CD702000006182D4454FB2109C00CD702000006182D4454FB2109400C7D0200000CD80200000B0707756E6B6E6F776E110E0D4154545249425F435553544F4D0D066174747269620CFFFFFFFF04FFFFFFFF0CFFFFFFFF0CFFFFFFFF0C07020000071667656E65
310
7269635F7461675F6174747269625F6465660403000000040300000004FFFFFFFF071767656E657269635F7461675F6174747269625F6465662004010000000400000000070004000000000402000000044101000004420100000400000000110E07656C6C697073650D0563757276650CFFFFFFFF04FFFFFFFF0CFFFFFFFF
310
1320F2B2C8469FF03FF6E7AFA32D660DC0C89D6AF4FA682FC01400000000002F033A00000000808F0DBA000000000000F03F14A262FF51181AB23F7363FF51181AB23FE456DC2BF97AB73906000000000000F03F0A06592D4454FB21E9BF0A06602C4454FB21E93F110E07656C6C697073650D0563757276650CFFFFFFFF04
310
FFFFFFFF0CFFFFFFFF13B04ACCF7F3A4E73FF6E7AFA32D660DC0C89D6AF4FA682FC01400000000002F033A00000000808F0DBA000000000000F03F142B63FF51181AB2BFEA62FF51181AB23FDF38C7D3E792DB3906000000000000F03F0A06522D4454FB21E9BF0A067A2C4454FB21E93F110E0D4154545249425F43555354
310
4F4D0D066174747269620CFFFFFFFF04FFFFFFFF0CFFFFFFFF0CFFFFFFFF0C0D020000071667656E657269635F7461675F6174747269625F6465660403000000040300000004FFFFFFFF071767656E657269635F7461675F6174747269625F6465662004010000000400000000070004000000000402000000044101000004
310
420100000400000000110E0D4154545249425F435553544F4D0D066174747269620CFFFFFFFF04FFFFFFFF0CFFFFFFFF0CFFFFFFFF0C14020000071667656E657269635F7461675F6174747269625F6465660403000000040300000004FFFFFFFF071767656E657269635F7461675F6174747269625F646566200401000000
310
0400000000070004000000000402000000044101000004420100000400000000110E0D4154545249425F435553544F4D0D066174747269620CD902000004FFFFFFFF0CFFFFFFFF0CFFFFFFFF0C15020000071667656E657269635F7461675F6174747269625F6465660403000000040300000004FFFFFFFF071767656E6572
310
69635F7461675F6174747269625F6465662004010000000402000000070232300400000000040100000004C2FEFFFF0400000000110D04666163650CDA02000004FFFFFFFF0CFFFFFFFF0CDB0200000CDC0200000C060000000CFFFFFFFF0CDD0200000B0B110D046C6F6F700CFFFFFFFF04FFFFFFFF0CFFFFFFFF0CFFFFFF
310
FF0CDE0200000C15020000110E05746F7275730D07737572666163650CFFFFFFFF04FFFFFFFF0CFFFFFFFF1313DD6CE7C7F11BC000831B6BC8D1EA3F0EABC43C735D30C01400000000002F03BA00000000808F0D3A000000000000F0BF062486F6519EE6DB3F067C14AE47E17A943F14000000000000F0BF7DEAFFBF120038
310
BA00000000002F033A0B0B0B0B0B110D06636F656467650CFFFFFFFF04FFFFFFFF0CFFFFFFFF0C180200000C170200000CDF0200000CE00200000B0C1902000004000000000CFFFFFFFF110D04666163650CE102000004FFFFFFFF0CFFFFFFFF0C550200000C190200000C060000000CFFFFFFFF0CE20200000A0B110D0663
310
6F656467650CFFFFFFFF04FFFFFFFF0CFFFFFFFF0C1F0200000CDF0200000C1B0200000C8B0200000A0CB401000004000000000CFFFFFFFF110D04656467650CFFFFFFFF04FFFFFFFF0CFFFFFFFF0C210200000600000000000000000C8C02000006000000000000F03F0C8A0200000CE30200000B0707756E6B6E6F776E11
310
0D067665727465780CFFFFFFFF04FFFFFFFF0CFFFFFFFF0CE002000004000000000CE4020000110E0873747261696768740D0563757276650CFFFFFFFF04FFFFFFFF0CFFFFFFFF13445E16D9E8532240C1B47C70FA320CC0929616F5916230C0149A99999999B1FE390000000000A607BA9A9999999999E93F0A0600000000
310
000000000A06000000000000F03F110E0D4154545249425F435553544F4D0D066174747269620CE502000004FFFFFFFF0CFFFFFFFF0CFFFFFFFF0C1D020000071667656E657269635F7461675F6174747269625F6465660403000000040300000004FFFFFFFF071767656E657269635F7461675F6174747269625F64656620
310
04010000000402000000070236380400000000040100000004C2FEFFFF0400000000110E05706C616E650D07737572666163650CFFFFFFFF04FFFFFFFF0CFFFFFFFF13445E16D9E8532240F8821B6BC8D1EA3F929616F5916230C014000000000000F0BF7DEAFFBF120038BA00000000002F033A149A99999999B1CE390000
310
000000A6D7B99A9999999999B93F0B0B0B0B0B110E07656C6C697073650D0563757276650CFFFFFFFF04FFFFFFFF0CFFFFFFFF137891490C1C87214000831B6BC8D1EA3F929616F5916230C01400000000002F03BA00000000808F0D3A000000000000F0BF14919999999999D9BFF8213333423323BA8F99999999B1EE3906
310
000000000000F03F0A06182D4454FB21F93F0A061F2D4454FB210940110D05706F696E740CFFFFFFFF04FFFFFFFF0CFFFFFFFF13445E16D9E8532240F8821B6BC8D1EA3F929616F5916230C0110D06636F656467650CFFFFFFFF04FFFFFFFF0CFFFFFFFF0CDF0200000C290200000C250200000C930200000A0CB401000004
310
000000000CFFFFFFFF110D04656467650CFFFFFFFF04FFFFFFFF0CFFFFFFFF0C940200000600000000000000000C2B02000006000000000000F03F0C920200000CE60200000B0707756E6B6E6F776E110D067665727465780CFFFFFFFF04FFFFFFFF0CFFFFFFFF0C9302000004000000000CE7020000110E08737472616967
310
68740D0563757276650CFFFFFFFF04FFFFFFFF0CFFFFFFFF137691490C1C872140F3E7AFA32D660FC0929616F5916230C0149A99999999B1FE390000000000A607BA9A9999999999E93F0A0600000000000000000A06000000000000F03F110E0D4154545249425F435553544F4D0D066174747269620CE802000004FFFFFF
310
FF0CFFFFFFFF0CFFFFFFFF0C27020000071667656E657269635F7461675F6174747269625F6465660403000000040300000004FFFFFFFF071767656E657269635F7461675F6174747269625F6465662004010000000402000000070236330400000000040100000004C2FEFFFF0400000000110D04666163650CE902000004
310
FFFFFFFF0CFFFFFFFF0C890200000CEA0200000C060000000CFFFFFFFF0CEB0200000B0B110E05706C616E650D07737572666163650CFFFFFFFF04FFFFFFFF0CFFFFFFFF137691490C1C872140F3E7AFA32D660FC0929616F5916230C0147DEAFFBF120038BA000000000000F03F00000000808F0D3A149A99999999B1CE39
310
0000000000A6D7B99A9999999999B93F0B0B0B0B0B110E07656C6C697073650D0563757276650CFFFFFFFF04FFFFFFFF0CFFFFFFFF1312DD6CE7C7F11BC0C2B47C70FA320CC0929616F5916230C01400000000002F03BA00000000808F0D3A000000000000F0BF14A49999999999D93F062233334233233AA699999999B1EE
310
B906000000000000F03F0A061B2D4454FB21F93F0A061B2D4454FB210940110D05706F696E740CFFFFFFFF04FFFFFFFF0CFFFFFFFF1313DD6CE7C7F11BC0F7E7AFA32D660FC0929616F5916230C0110E0D4154545249425F435553544F4D0D066174747269620CFFFFFFFF04FFFFFFFF0CFFFFFFFF0CFFFFFFFF0C2D020000
310
071667656E657269635F7461675F6174747269625F6465660403000000040300000004FFFFFFFF071767656E657269635F7461675F6174747269625F6465662004010000000400000000070004000000000402000000044101000004420100000400000000110E0D4154545249425F435553544F4D0D066174747269620CFF
310
FFFFFF04FFFFFFFF0CFFFFFFFF0CFFFFFFFF0C32020000071667656E657269635F7461675F6174747269625F6465660403000000040300000004FFFFFFFF071767656E657269635F7461675F6174747269625F6465662004010000000400000000070004000000000402000000044101000004420100000400000000110E0D
310
4154545249425F435553544F4D0D066174747269620CEC02000004FFFFFFFF0CFFFFFFFF0CFFFFFFFF0C33020000071667656E657269635F7461675F6174747269625F6465660403000000040300000004FFFFFFFF071767656E657269635F7461675F6174747269625F646566200401000000040100000007013104000000
310
00040100000004C2FEFFFF0400000000110D04666163650CED02000004FFFFFFFF0CFFFFFFFF0CEE0200000CEF0200000C060000000CFFFFFFFF0CF00200000A0B110D046C6F6F700CFFFFFFFF04FFFFFFFF0CFFFFFFFF0CD10100000CD30200000C33020000110E04636F6E650D07737572666163650CFFFFFFFF04FFFFFF
310
FF0CFFFFFFFF13CAA5E3A5678C1BC0586A1715BAA4EA3F387D1FEA6EBA2EC014B245C790D22F033A1A4D794F9D8B0DBA000000000000F03F14000000000000CC3F2EEDFF671000153AFC5CAE3ED8C9E0B906000000000000F03F0B0B06D44F38816FFEE43F06371CA1B49426E83F06000000000000CC3F0B0B0B0B0B110D06
310
636F656467650CFFFFFFFF04FFFFFFFF0CFFFFFFFF0CA10200000CA10200000CF10200000CF20200000A0C3402000004000000000CFFFFFFFF110E0D4154545249425F435553544F4D0D066174747269620CF302000004FFFFFFFF0CFFFFFFFF0CFFFFFFFF0C36020000071667656E657269635F7461675F6174747269625F
310
6465660403000000040300000004FFFFFFFF071767656E657269635F7461675F6174747269625F6465662004010000000402000000070233320400000000040100000004C2FEFFFF0400000000110D04666163650CF402000004FFFFFFFF0CFFFFFFFF0CF50200000CF60200000C060000000CFFFFFFFF0CF70200000B0B11
310
0D046C6F6F700CFFFFFFFF04FFFFFFFF0CFFFFFFFF0CB40100000CF80200000C36020000110E05706C616E650D07737572666163650CFFFFFFFF04FFFFFFFF0CFFFFFFFF134610A01AFBA41DC000831B6BC8D1EA3F929616F5916230C01400000000002F03BA00000000808F0D3A000000000000F0BF149A9999999999B9BF
310
FE213333423303BA9A99999999B1CE390B0B0B0B0B110E0D4154545249425F435553544F4D0D066174747269620CFFFFFFFF04FFFFFFFF0CFFFFFFFF0CFFFFFFFF0C3B020000071667656E657269635F7461675F6174747269625F6465660403000000040300000004FFFFFFFF071767656E657269635F7461675F61747472
310
69625F6465662004010000000400000000070004000000000402000000044101000004420100000400000000110E0D4154545249425F435553544F4D0D066174747269620CFFFFFFFF04FFFFFFFF0CFFFFFFFF0CFFFFFFFF0C3D020000071667656E657269635F7461675F6174747269625F64656604030000000403000000
310
04FFFFFFFF071767656E657269635F7461675F6174747269625F6465662004010000000400000000070004000000000402000000044101000004420100000400000000110D046C6F6F700CFFFFFFFF04FFFFFFFF0CFFFFFFFF0CFFFFFFFF0C420200000CEE020000110D067665727465780CFFFFFFFF04FFFFFFFF0CFFFFFF
310
FF0C4302000004000000000CF9020000110E07656C6C697073650D0563757276650CFFFFFFFF04FFFFFFFF0CFFFFFFFF13D0F584EB6B5421409DAEFBDAB6270CC0F4F9F9B6F0912EC01400000000002F03BA00000000808F0D3A000000000000F0BF14676666666666D23FDF809929AF991B3A67666666A60FE6B906000000
310
000000F03F0B0B110D05706F696E740CFFFFFFFF04FFFFFFFF0CFFFFFFFF13623F7D3F01661AC0A2AEFBDAB6270CC0F4F9F9B6F0912EC0110D06636F656467650CFFFFFFFF04FFFFFFFF0CFFFFFFFF0C4C0200000CC60200000C490200000CAD0200000B0C5E02000004000000000CFFFFFFFF110D04656467650CFFFFFFFF
310
04FFFFFFFF0CFFFFFFFF0CAE0200000600000000000000000C4E02000006000000000000F03F0C490200000CFA0200000B0707756E6B6E6F776E110D067665727465780CFFFFFFFF04FFFFFFFF0CFFFFFFFF0C4A02000004000000000CFB020000110E0873747261696768740D0563757276650CFFFFFFFF04FFFFFFFF0CFF
310
FFFFFF13AB760681618B1DC0C1B47C70FA320CC05860601D57782EC0149A99999999B1BEB90000000000A6C7399A9999999999A9BF0A0600000000000000000A06F4FFFFFFFFFFEF3F110E07656C6C697073650D0563757276650CFFFFFFFF04FFFFFFFF0CFFFFFFFF1313DD6CE7C7F11BC000831B6BC8D1EA3F5860601D57
310
782EC01400000000002F03BA00000000808F0D3A000000000000F0BF14FA2133334233233A949999999999D9BFFBFFFFFFFFA5F7B906000000000000F03F0A06182D4454FB21F93F0A06152D4454FB210940110D05706F696E740CFFFFFFFF04FFFFFFFF0CFFFFFFFF13AD760681618B1DC000831B6BC8D1EA3F5860601D57
310
782EC0110D06636F656467650CFFFFFFFF04FFFFFFFF0CFFFFFFFF0CC80200000C570200000C530200000CB30200000B0C5E02000004000000000CFFFFFFFF110D04656467650CFFFFFFFF04FFFFFFFF0CFFFFFFFF0C590200000600000000000000000CB402000006000000000000F03F0CB20200000CFC0200000B070775
310
6E6B6E6F776E110D067665727465780CFFFFFFFF04FFFFFFFF0CFFFFFFFF0CCB02000004000000000CFD020000110E0873747261696768740D0563757276650CFFFFFFFF04FFFFFFFF0CFFFFFFFF13445E16D9E8532240C1B47C70FA320CC0F4F9F9B6F0912EC0149A99999999B1BE390000000000A6C7B99A9999999999A9
310
3F0A0600000000000000000A06F4FFFFFFFFFFEF3F110E0D4154545249425F435553544F4D0D066174747269620CFE02000004FFFFFFFF0CFFFFFFFF0CFFFFFFFF0C55020000071667656E657269635F7461675F6174747269625F6465660403000000040300000004FFFFFFFF071767656E657269635F7461675F61747472
310
69625F6465662004010000000402000000070236360400000000040100000004C2FEFFFF0400000000110D04666163650CFF02000004FFFFFFFF0CFFFFFFFF0C1D0200000C000300000C060000000CFFFFFFFF0C010300000B0B110E05706C616E650D07737572666163650CFFFFFFFF04FFFFFFFF0CFFFFFFFF13445E16D9
310
E8532240F8821B6BC8D1EA3F44B2183CDCE32EC014000000000000F0BF7DEAFFBF120038BA00000000002F033A149A99999999B1CE390000000000A6D7B99A9999999999B93F0B0B0B0B0B110E07656C6C697073650D0563757276650CFFFFFFFF04FFFFFFFF0CFFFFFFFF137891490C1C87214000831B6BC8D1EA3F586060
310
1D57782EC01400000000002F03BA00000000808F0D3A000000000000F0BF14919999999999D9BFF8213333423323BA8F99999999B1EE3906000000000000F03F0A06182D4454FB21F93F0A061F2D4454FB210940110D05706F696E740CFFFFFFFF04FFFFFFFF0CFFFFFFFF13445E16D9E8532240F8821B6BC8D1EA3F586060
310
1D57782EC0110E0D4154545249425F435553544F4D0D066174747269620CFFFFFFFF04FFFFFFFF0CFFFFFFFF0CFFFFFFFF0C5B020000071667656E657269635F7461675F6174747269625F6465660403000000040300000004FFFFFFFF071767656E657269635F7461675F6174747269625F64656620040100000004000000
310
00070004000000000402000000044101000004420100000400000000110E0D4154545249425F435553544F4D0D066174747269620C0203000004FFFFFFFF0CFFFFFFFF0CFFFFFFFF0C5C020000071667656E657269635F7461675F6174747269625F6465660403000000040300000004FFFFFFFF071767656E657269635F74
310
61675F6174747269625F6465662004010000000402000000070237300400000000040100000004C2FEFFFF0400000000110D046C6F6F700CFFFFFFFF04FFFFFFFF0CFFFFFFFF0CFFFFFFFF0C030300000C5C020000110E05746F7275730D07737572666163650CFFFFFFFF04FFFFFFFF0CFFFFFFFF137891490C1C87214000
310
831B6BC8D1EA3F48C427907B492FC0143FAC0EA76916093D152BC5D19264DFBC000000000000F03F0617421B4063C2BDBF06BE42193206FFE63F14000000000000F03F89EAFFBF1200383A3FAC0EA7691609BD0B0B0B0B0B110D04666163650C0403000004FFFFFFFF0CFFFFFFFF0C050300000C060300000C060000000CFF
310
FFFFFF0C070300000B0B110E0D4154545249425F435553544F4D0D066174747269620CFFFFFFFF04FFFFFFFF0CFFFFFFFF0CFFFFFFFF0C63020000071667656E657269635F7461675F6174747269625F6465660403000000040300000004FFFFFFFF071767656E657269635F7461675F6174747269625F6465662004010000
310
000400000000070004000000000402000000044101000004420100000400000000110E0D4154545249425F435553544F4D0D066174747269620C0803000004FFFFFFFF0CFFFFFFFF0CFFFFFFFF0C64020000071667656E657269635F7461675F6174747269625F6465660403000000040300000004FFFFFFFF071767656E65
310
7269635F7461675F6174747269625F6465662004010000000402000000070237360400000000040100000004C2FEFFFF0400000000110D046C6F6F700CFFFFFFFF04FFFFFFFF0CFFFFFFFF0CFFFFFFFF0C090300000C64020000110E04636F6E650D07737572666163650CFFFFFFFF04FFFFFFFF0CFFFFFFFF13A1B2917BCA
310
5814C0BFB47C70FA320CC0F86DDDF4980F2FC0147399AE77D200B6BC000000000000F03F02000000808F0D3A147BEE4F7194CB02C0C86F6158E3D8C9BCCFF2FB54AF58EBBF06000000000000F03F0B0B06000000000000000006000000000000F03F06FEFFFFFFFFFF03400B0B0B0B0B110D06636F656467650CFFFFFFFF04
310
FFFFFFFF0CFFFFFFFF0C0A0300000C0B0300000C0C0300000C0D0300000A0C6502000004000000000CFFFFFFFF110E0D4154545249425F435553544F4D0D066174747269620CFFFFFFFF04FFFFFFFF0CFFFFFFFF0CFFFFFFFF0C68020000071667656E657269635F7461675F6174747269625F646566040300000004030000
310
0004FFFFFFFF071767656E657269635F7461675F6174747269625F6465662004010000000400000000070004000000000402000000044101000004420100000400000000110D06636F656467650CFFFFFFFF04FFFFFFFF0CFFFFFFFF0CAC0200000C6B0200000C6A0200000CC70200000B0C5E02000004000000000CFFFFFF
310
FF110D04656467650CFFFFFFFF04FFFFFFFF0CFFFFFFFF0C6D020000061B2D4454FB21F93F0CAE020000061B2D4454FB2109400C6A0200000C0E0300000B0707756E6B6E6F776E110D06636F656467650CFFFFFFFF04FFFFFFFF0CFFFFFFFF0C6B0200000CB20200000C6F0200000CCB0200000B0C5E02000004000000000C
310
FFFFFFFF110E0873747261696768740D0563757276650CFFFFFFFF04FFFFFFFF0CFFFFFFFF137691490C1C872140F3E7AFA32D660FC05860601D57782EC014FFFFFFFFFF7F2FC0D4EAFF7412A077BAFFFFFFFF43E2423A0A0600000000000000000A06000000000000F03F110D05706F696E740CFFFFFFFF04FFFFFFFF0CFF
310
FFFFFF1313DD6CE7C7F11BC0F7E7AFA32D660FC05860601D57782EC0110D04656467650CFFFFFFFF04FFFFFFFF0CFFFFFFFF0CB4020000062A2D4454FB21F93F0C70020000062C2D4454FB2109400C6F0200000C0F0300000B0707756E6B6E6F776E110D05706F696E740CFFFFFFFF04FFFFFFFF0CFFFFFFFF137691490C1C
310
872140F1E7AFA32D660FC05860601D57782EC0110D046C6F6F700CFFFFFFFF04FFFFFFFF0CFFFFFFFF0CFFFFFFFF0CF10200000CCE020000110D04666163650C1003000004FFFFFFFF0CFFFFFFFF0C110300000C740200000C060000000CFFFFFFFF0C120300000A0B110D05706F696E740CFFFFFFFF04FFFFFFFF0CFFFFFF
310
FF13385CEB51D2FA2040686A1715BAA4EA3FBFC6C683BD5E2FC0110D06636F656467650CFFFFFFFF04FFFFFFFF0CFFFFFFFF0CD00200000CD00200000C130300000C140300000B0C7702000004000000000CFFFFFFFF110E0D4154545249425F435553544F4D0D066174747269620C1503000004FFFFFFFF0CFFFFFFFF0CFF
310
FFFFFF0C78020000071667656E657269635F7461675F6174747269625F6465660403000000040300000004FFFFFFFF071767656E657269635F7461675F6174747269625F6465662004020000000402000000070235380400000000040100000004C2FEFFFF0400000000040200000007023537040000000004010000000444
310
0100000400000000110E04636F6E650D07737572666163650CFFFFFFFF04FFFFFFFF0CFFFFFFFF13C9A5E3A5678C1BC0A2AEFBDAB6270CC083585BB32AA940C01400000000002F033A00000000808F0DBA000000000000F03F14676666666666C63FC0BDCCECD9CC103A6766666666DBDAB906000000000000F03F0B0B0600
310
0000000000000006000000000000F03F06676666666666C63F0B0B0B0B0B110D06636F656467650CFFFFFFFF04FFFFFFFF0CFFFFFFFF0CD30200000CD30200000C7A0200000CD40200000A0C9F02000004000000000CFFFFFFFF110D04656467650CFFFFFFFF04FFFFFFFF0CFFFFFFFF0C1603000006182D4454FB2109C00C
310
1603000006182D4454FB2109400CD30200000C170300000B0707756E6B6E6F776E110E0D4154545249425F435553544F4D0D066174747269620CFFFFFFFF04FFFFFFFF0CFFFFFFFF0CFFFFFFFF0C7B020000071667656E657269635F7461675F6174747269625F6465660403000000040300000004FFFFFFFF071767656E65
310
7269635F7461675F6174747269625F6465662004010000000400000000070004000000000402000000044101000004420100000400000000110D046C6F6F700CFFFFFFFF04FFFFFFFF0CFFFFFFFF0CA80200000C7D0200000CEE020000110D067665727465780CFFFFFFFF04FFFFFFFF0CFFFFFFFF0C7E0200000400000000
310
0C18030000110E07656C6C697073650D0563757276650CFFFFFFFF04FFFFFFFF0CFFFFFFFF13D0F584EB6B5421409DAEFBDAB6270CC038A24E9633D42EC01400000000002F033A00000000808F0DBA000000000000F03F14676666666666C63FC0BDCCECD9CC103A6766666666DBDAB906000000000000F03F0B0B110E0D41
310
54545249425F435553544F4D0D066174747269620CFFFFFFFF04FFFFFFFF0CFFFFFFFF0CFFFFFFFF0C84020000071667656E657269635F7461675F6174747269625F6465660403000000040300000004FFFFFFFF071767656E657269635F7461675F6174747269625F64656620040100000004000000000700040000000004
310
02000000044101000004420100000400000000110E0D4154545249425F435553544F4D0D066174747269620C1903000004FFFFFFFF0CFFFFFFFF0CFFFFFFFF0C85020000071667656E657269635F7461675F6174747269625F6465660403000000040300000004FFFFFFFF071767656E657269635F7461675F617474726962
310
5F6465662004010000000402000000070232310400000000040100000004C2FEFFFF0400000000110D04666163650C1A03000004FFFFFFFF0CFFFFFFFF0C1B0300000C1C0300000C060000000CFFFFFFFF0C1D0300000B0B110D046C6F6F700CFFFFFFFF04FFFFFFFF0CFFFFFFFF0CFFFFFFFF0C1E0300000C85020000110E
310
04636F6E650D07737572666163650CFFFFFFFF04FFFFFFFF0CFFFFFFFF1374458CCC31B01DC0C1B47C70FA320CC00EABC43C735D30C0147399AE77D200B6BC000000000000F03F02000000808F0D3A14D0BACF6D759787BF9562ADE5BB3850BC4B38DDFBE8BD90BF06000000000000F03F0B0B060000000000000000060000
310
00000000F03F067C14AE47E17A943F0B0B0B0B0B110D06636F656467650CFFFFFFFF04FFFFFFFF0CFFFFFFFF0C1F0300000C200300000C210300000C220300000B0C8602000004000000000CFFFFFFFF110D06636F656467650CFFFFFFFF04FFFFFFFF0CFFFFFFFF0C8A0200000C920200000C880200000CE00200000A0CB4
310
01000004000000000CFFFFFFFF110D04656467650CFFFFFFFF04FFFFFFFF0CFFFFFFFF0C8C020000062A2D4454FB21F93F0C94020000062C2D4454FB2109400CDF0200000C230300000B0707756E6B6E6F776E110E0D4154545249425F435553544F4D0D066174747269620C2403000004FFFFFFFF0CFFFFFFFF0CFFFFFFFF
310
0C89020000071667656E657269635F7461675F6174747269625F6465660403000000040300000004FFFFFFFF071767656E657269635F7461675F6174747269625F6465662004010000000402000000070236350400000000040100000004C2FEFFFF0400000000110E04636F6E650D07737572666163650CFFFFFFFF04FFFF
310
FFFF0CFFFFFFFF137891490C1C872140BDB47C70FA320CC05860601D57F82FC01400000000002F03BA00000000808F0D3A000000000000F0BF1404223333423323BAA29999999999D93F0800000000A6F73906000000000000F03F0B0B06000000000000000006000000000000F03F06A29999999999D93F0B0B0B0B0B110E
310
0873747261696768740D0563757276650CFFFFFFFF04FFFFFFFF0CFFFFFFFF13445E16D9E8532240F8821B6BC8D1EA3F929616F5916230C01442320CDCA52D5A3ABFCAA145B67311C046E17A14201F30BA0A0600000000000000000A06000000000000F03F110D05706F696E740CFFFFFFFF04FFFFFFFF0CFFFFFFFF13445E
310
16D9E8532240C1B47C70FA320CC0929616F5916230C0110E0D4154545249425F435553544F4D0D066174747269620CFFFFFFFF04FFFFFFFF0CFFFFFFFF0CFFFFFFFF0C8E020000071667656E657269635F7461675F6174747269625F6465660403000000040300000004FFFFFFFF071767656E657269635F7461675F617474
310
7269625F6465662004010000000400000000070004000000000402000000044101000004420100000400000000110E0873747261696768740D0563757276650CFFFFFFFF04FFFFFFFF0CFFFFFFFF137691490C1C872140F3E7AFA32D660FC0929616F5916230C014FFFFFFFFFF7F2FC0D4EAFF7412A077BAFFFFFFFF43E242
310
3A0A0600000000000000000A06000000000000F03F110D05706F696E740CFFFFFFFF04FFFFFFFF0CFFFFFFFF137691490C1C872140F1E7AFA32D660FC0929616F5916230C0110E0D4154545249425F435553544F4D0D066174747269620CFFFFFFFF04FFFFFFFF0CFFFFFFFF0CFFFFFFFF0C96020000071667656E65726963
310
5F7461675F6174747269625F6465660403000000040300000004FFFFFFFF071767656E657269635F7461675F6174747269625F6465662004010000000400000000070004000000000402000000044101000004420100000400000000110E0D4154545249425F435553544F4D0D066174747269620C2503000004FFFFFFFF0C
310
FFFFFFFF0CFFFFFFFF0C97020000071667656E657269635F7461675F6174747269625F6465660403000000040300000004FFFFFFFF071767656E657269635F7461675F6174747269625F6465662004010000000402000000070236340400000000040100000004C2FEFFFF0400000000110D046C6F6F700CFFFFFFFF04FFFF
310
FFFF0CFFFFFFFF0CFFFFFFFF0C260300000C97020000110E05746F7275730D07737572666163650CFFFFFFFF04FFFFFFFF0CFFFFFFFF137891490C1C872140BFB47C70FA320CC048C427907B492FC014E99E8C39A22F30BDACF3B0743B37183D000000000000F03F060D471B4063C2BDBF067943193206FFE63F1400000000
310
0000F03F41EAFFBF1200383AE99E8C39A22F303D0B0B0B0B0B110E0D4154545249425F435553544F4D0D066174747269620CFFFFFFFF04FFFFFFFF0CFFFFFFFF0CFFFFFFFF0C9D020000071667656E657269635F7461675F6174747269625F6465660403000000040300000004FFFFFFFF071767656E657269635F7461675F
310
6174747269625F6465662004010000000400000000070004000000000402000000044101000004420100000400000000110E0D4154545249425F435553544F4D0D066174747269620C2703000004FFFFFFFF0CFFFFFFFF0CFFFFFFFF0C9E020000071667656E657269635F7461675F6174747269625F646566040300000004
310
0300000004FFFFFFFF071767656E657269635F7461675F6174747269625F64656620040100000004010000000701320400000000040100000004C2FEFFFF0400000000110D04666163650C2803000004FFFFFFFF0CFFFFFFFF0C6D0000000CD60200000C060000000CFFFFFFFF0C290300000A0B110D046C6F6F700CFFFFFF
310
FF04FFFFFFFF0CFFFFFFFF0C440200000C130300000C9E020000110E04636F6E650D07737572666163650CFFFFFFFF04FFFFFFFF0CFFFFFFFF13C9A5E3A5678C1BC0A2AEFBDAB6270CC0387D1FEA6EBA2EC014B245C790D22F033A1A4D794F9D8B0DBA000000000000F03F14000000000000CC3F2EEDFF671000153AFC5CAE
310
3ED8C9E0B906000000000000F03F0B0B06D44F38816FFEE43F06371CA1B49426E83F06000000000000CC3F0B0B0B0B0B110D06636F656467650CFFFFFFFF04FFFFFFFF0CFFFFFFFF0CF10200000CF10200000CA10200000CF20200000B0CCD02000004000000000CFFFFFFFF110D04656467650CFFFFFFFF04FFFFFFFF0CFF
310
FFFFFF0C2A03000006182D4454FB2109C00C2A03000006182D4454FB2109400CA10200000C2B0300000B0707756E6B6E6F776E110E0D4154545249425F435553544F4D0D066174747269620CFFFFFFFF04FFFFFFFF0CFFFFFFFF0CFFFFFFFF0CA2020000071667656E657269635F7461675F6174747269625F646566040300
310
0000040300000004FFFFFFFF071767656E657269635F7461675F6174747269625F6465662004010000000400000000070004000000000402000000044101000004420100000400000000110E0D4154545249425F435553544F4D0D066174747269620C2C03000004FFFFFFFF0CFFFFFFFF0CFFFFFFFF0CA302000007166765
310
6E657269635F7461675F6174747269625F6465660403000000040300000004FFFFFFFF071767656E657269635F7461675F6174747269625F6465662004010000000402000000070233330400000000040100000004C2FEFFFF0400000000110D04666163650C2D03000004FFFFFFFF0CFFFFFFFF0C2E0300000C2F0300000C
310
060000000CFFFFFFFF0C300300000B0B110D046C6F6F700CFFFFFFFF04FFFFFFFF0CFFFFFFFF0CFFFFFFFF0C310300000CA3020000110E05746F7275730D07737572666163650CFFFFFFFF04FFFFFFFF0CFFFFFFFF1313DD6CE7C7F11BC000831B6BC8D1EA3F6437048E94822EC01400000000002F03BA00000000808F0D3A
310
000000000000F0BF0695D658EAF4B8DD3F067C14AE47E17A943F14000000000000F0BF7DEAFFBF120038BA00000000002F033A0B0B0B0B0B110D06636F656467650CFFFFFFFF04FFFFFFFF0CFFFFFFFF0C320300000C330300000C200300000C340300000A0CA402000004000000000CFFFFFFFF110D05706F696E740CFFFF
310
FFFF04FFFFFFFF0CFFFFFFFF130429B81E9FE721409DAEFBDAB6270CC0F4F9F9B6F0912EC0110E0873747261696768740D0563757276650CFFFFFFFF04FFFFFFFF0CFFFFFFFF13AB760681618B1DC0C1B47C70FA320CC05860601D57782EC01443320CDCA52D5ABAC0CAA145B673114047E17A14201F303A0A060000000000
310
0000000A06000000000000F03F110D05706F696E740CFFFFFFFF04FFFFFFFF0CFFFFFFFF13AB760681618B1DC0C1B47C70FA320CC05860601D57782EC0110E0873747261696768740D0563757276650CFFFFFFFF04FFFFFFFF0CFFFFFFFF13445E16D9E8532240F8821B6BC8D1EA3F5860601D57782EC01442320CDCA52D5A
310
3ABFCAA145B67311C046E17A14201F30BA0A0600000000000000000A06000000000000F03F110D05706F696E740CFFFFFFFF04FFFFFFFF0CFFFFFFFF13445E16D9E8532240C1B47C70FA320CC05860601D57782EC0110E0D4154545249425F435553544F4D0D066174747269620CFFFFFFFF04FFFFFFFF0CFFFFFFFF0CFFFF
310
FFFF0CB6020000071667656E657269635F7461675F6174747269625F6465660403000000040300000004FFFFFFFF071767656E657269635F7461675F6174747269625F6465662004010000000400000000070004000000000402000000044101000004420100000400000000110E0D4154545249425F435553544F4D0D0661
310
74747269620C3503000004FFFFFFFF0CFFFFFFFF0CFFFFFFFF0CB7020000071667656E657269635F7461675F6174747269625F6465660403000000040300000004FFFFFFFF071767656E657269635F7461675F6174747269625F6465662004010000000402000000070236370400000000040100000004C2FEFFFF04000000
310
00110D046C6F6F700CFFFFFFFF04FFFFFFFF0CFFFFFFFF0CFFFFFFFF0C360300000CB7020000110E04636F6E650D07737572666163650CFFFFFFFF04FFFFFFFF0CFFFFFFFF13F05AC945974B2140F8821B6BC8D1EA3F48C427907B492FC0147DEAFFBF1200383A000000000000F0BF00000000808F0DBA149C9B369B7FEBE6
310
3FD8D876535BF9303A1DBB30943FF1AD3F06000000000000F03F0B0B06000000000000000006000000000000F03F06ED42193206FFE63F0B0B0B0B0B110E0D4154545249425F435553544F4D0D066174747269620CFFFFFFFF04FFFFFFFF0CFFFFFFFF0CFFFFFFFF0CBC020000071667656E657269635F7461675F61747472
310
69625F6465660403000000040300000004FFFFFFFF071767656E657269635F7461675F6174747269625F6465662004010000000400000000070004000000000402000000044101000004420100000400000000110D06636F656467650CFFFFFFFF04FFFFFFFF0CFFFFFFFF0C370300000C380300000C390300000C3A030000
310
0A0CBD02000004000000000CFFFFFFFF110E0D4154545249425F435553544F4D0D066174747269620C3B03000004FFFFFFFF0CFFFFFFFF0CFFFFFFFF0CBF020000071667656E657269635F7461675F6174747269625F6465660403000000040300000004FFFFFFFF071767656E657269635F7461675F6174747269625F6465
310
662004010000000402000000070234350400000000040100000004C2FEFFFF0400000000110D04666163650C3C03000004FFFFFFFF0CFFFFFFFF0C3D0300000C3E0300000C060000000CFFFFFFFF0C3F0300000B0B110D046C6F6F700CFFFFFFFF04FFFFFFFF0CFFFFFFFF0C5E0200000C400300000CBF020000110E05706C
310
616E650D07737572666163650CFFFFFFFF04FFFFFFFF0CFFFFFFFF1313DD6CE7C7B11DC000831B6BC8D1EA3F5860601D57782EC01400000000002F033A00000000808F0DBA000000000000F03F149A9999999999B93FFE2133334233033A9A99999999B1CEB90B0B0B0B0B110E0D4154545249425F435553544F4D0D066174
310
747269620CFFFFFFFF04FFFFFFFF0CFFFFFFFF0CFFFFFFFF0CC1020000071667656E657269635F7461675F6174747269625F6465660403000000040300000004FFFFFFFF071767656E657269635F7461675F6174747269625F6465662004010000000400000000070004000000000402000000044101000004420100000400
310
000000110D06636F656467650CFFFFFFFF04FFFFFFFF0CFFFFFFFF0C410300000C420300000C430300000C440300000A0CC202000004000000000CFFFFFFFF110D06636F656467650CFFFFFFFF04FFFFFFFF0CFFFFFFFF0C450300000CC40200000C380300000C460300000B0C6502000004000000000CFFFFFFFF110D0663
310
6F656467650CFFFFFFFF04FFFFFFFF0CFFFFFFFF0CC40200000C450300000C470300000C480300000A0C6502000004000000000CFFFFFFFF110D06636F656467650CFFFFFFFF04FFFFFFFF0CFFFFFFFF0C490300000C4A0300000CC40200000C0D0300000B0C4B03000004000000000CFFFFFFFF110D04656467650CFFFFFF
310
FF04FFFFFFFF0CFFFFFFFF0C4C0300000600000000000000000C4D03000006010000000000F03F0C0C0300000C4E0300000B070E74616E67656E745F6E6F745F6732110E07656C6C697073650D0563757276650CFFFFFFFF04FFFFFFFF0CFFFFFFFF1312DD6CE7C7F11BC0C2B47C70FA320CC05860601D57782EC014000000
310
00002F03BA00000000808F0D3A000000000000F0BF14A49999999999D93F062233334233233AA699999999B1EEB906000000000000F03F0A061B2D4454FB21F93F0A061B2D4454FB210940110E07656C6C697073650D0563757276650CFFFFFFFF04FFFFFFFF0CFFFFFFFF137891490C1C872140BDB47C70FA320CC0586060
310
1D57782EC01400000000002F03BA00000000808F0D3A000000000000F0BF1404223333423323BAA29999999999D93F0800000000A6F73906000000000000F03F0A062A2D4454FB21F93F0A062C2D4454FB210940110E0D4154545249425F435553544F4D0D066174747269620C4F03000004FFFFFFFF0CFFFFFFFF0CFFFFFF
310
FF0CCE020000071667656E657269635F7461675F6174747269625F6465660403000000040300000004FFFFFFFF071767656E657269635F7461675F6174747269625F6465662004020000000402000000070235390400000000040100000004C2FEFFFF04000000000402000000070235380400000000040100000004440100
310
000400000000110D04666163650C5003000004FFFFFFFF0CFFFFFFFF0CAB0100000C510300000C060000000CFFFFFFFF0C520300000B0B110E04636F6E650D07737572666163650CFFFFFFFF04FFFFFFFF0CFFFFFFFF13D0F584EB6B542140686A1715BAA4EA3F83585BB32AA940C01400000000002F033A00000000808F0D
310
BA000000000000F03F14676666666666C63FC0BDCCECD9CC103A6766666666DBDAB906000000000000F03F0B0B06000000000000000006000000000000F03F06676666666666C63F0B0B0B0B0B110D06636F656467650CFFFFFFFF04FFFFFFFF0CFFFFFFFF0C130300000C130300000CD00200000C140300000A0CEF020000
310
04000000000CFFFFFFFF110D04656467650CFFFFFFFF04FFFFFFFF0CFFFFFFFF0C5303000006182D4454FB2109C00C5303000006182D4454FB2109400C130300000C540300000B0707756E6B6E6F776E110E0D4154545249425F435553544F4D0D066174747269620CFFFFFFFF04FFFFFFFF0CFFFFFFFF0CFFFFFFFF0CD102
310
0000071667656E657269635F7461675F6174747269625F6465660403000000040300000004FFFFFFFF071767656E657269635F7461675F6174747269625F6465662004010000000400000000070004000000000402000000044101000004420100000400000000110D067665727465780CFFFFFFFF04FFFFFFFF0CFFFFFFFF
310
0CD402000004000000000C55030000110E07656C6C697073650D0563757276650CFFFFFFFF04FFFFFFFF0CFFFFFFFF13CAA5E3A5678C1BC0586A1715BAA4EA3F38A24E9633D42EC01400000000002F033A00000000808F0DBA000000000000F03F14676666666666C63FC0BDCCECD9CC103A6766666666DBDAB90600000000
310
0000F03F0B0B110D05706F696E740CFFFFFFFF04FFFFFFFF0CFFFFFFFF13385CEB51D2FA20409DAEFBDAB6270CC038A24E9633D42EC0110E0D4154545249425F435553544F4D0D066174747269620CFFFFFFFF04FFFFFFFF0CFFFFFFFF0CFFFFFFFF0CDA020000071667656E657269635F7461675F6174747269625F646566
310
0403000000040300000004FFFFFFFF071767656E657269635F7461675F6174747269625F6465662004010000000400000000070004000000000402000000044101000004420100000400000000110E0D4154545249425F435553544F4D0D066174747269620C5603000004FFFFFFFF0CFFFFFFFF0CFFFFFFFF0CDB02000007
310
1667656E657269635F7461675F6174747269625F6465660403000000040300000004FFFFFFFF071767656E657269635F7461675F6174747269625F6465662004010000000402000000070232320400000000040100000004C2FEFFFF0400000000110D04666163650C5703000004FFFFFFFF0CFFFFFFFF0C580300000C5903
310
00000C060000000CFFFFFFFF0C5A0300000B0B110D046C6F6F700CFFFFFFFF04FFFFFFFF0CFFFFFFFF0CFFFFFFFF0C5B0300000CDB020000110E04636F6E650D07737572666163650CFFFFFFFF04FFFFFFFF0CFFFFFFFF1312DD6CE7C7F11BC00C630BCA8B62F43F0EABC43C735D30C014000000000000F03F7DEAFFBF1200
310
383A00000000002F03BA142EDC0936FC33D4B9D0BACF6D7597873F4B38DDFBE8BD90BF06000000000000F03F0B0B06000000000000000006000000000000F03F067C14AE47E17A943F0B0B0B0B0B110D06636F656467650CFFFFFFFF04FFFFFFFF0CFFFFFFFF0C430300000C5C0300000C5D0300000C5E0300000B0CDC0200
310
0004000000000CFFFFFFFF110D06636F656467650CFFFFFFFF04FFFFFFFF0CFFFFFFFF0C5F0300000CDE0200000C600300000C610300000B0C8602000004000000000CFFFFFFFF110D06636F656467650CFFFFFFFF04FFFFFFFF0CFFFFFFFF0CDE0200000C5F0300000CF80200000C340300000B0C8602000004000000000C
310
FFFFFFFF110D06636F656467650CFFFFFFFF04FFFFFFFF0CFFFFFFFF0C5C0300000C430300000CDE0200000C220300000A0CDC02000004000000000CFFFFFFFF110D04656467650CFFFFFFFF04FFFFFFFF0CFFFFFFFF0C620300000600000000000000000C63030000066343597025A4F33F0CDE0200000C640300000B070E
310
74616E67656E745F6E6F745F6732110E07656C6C697073650D0563757276650CFFFFFFFF04FFFFFFFF0CFFFFFFFF137891490C1C872140BDB47C70FA320CC0929616F5916230C01400000000002F03BA00000000808F0D3A000000000000F0BF1404223333423323BAA29999999999D93F0800000000A6F739060000000000
310
00F03F0A062A2D4454FB21F93F0A062C2D4454FB210940110E0D4154545249425F435553544F4D0D066174747269620CFFFFFFFF04FFFFFFFF0CFFFFFFFF0CFFFFFFFF0CE1020000071667656E657269635F7461675F6174747269625F6465660403000000040300000004FFFFFFFF071767656E657269635F7461675F6174
310
747269625F6465662004010000000400000000070004000000000402000000044101000004420100000400000000110E0D4154545249425F435553544F4D0D066174747269620CFFFFFFFF04FFFFFFFF0CFFFFFFFF0CFFFFFFFF0CE9020000071667656E657269635F7461675F6174747269625F6465660403000000040300
310
000004FFFFFFFF071767656E657269635F7461675F6174747269625F6465662004010000000400000000070004000000000402000000044101000004420100000400000000110D06636F656467650CFFFFFFFF04FFFFFFFF0CFFFFFFFF0C650300000C660300000C670300000C680300000A0CEA02000004000000000CFFFF
310
FFFF110E0D4154545249425F435553544F4D0D066174747269620CFFFFFFFF04FFFFFFFF0CFFFFFFFF0CFFFFFFFF0CED020000071667656E657269635F7461675F6174747269625F6465660403000000040300000004FFFFFFFF071767656E657269635F7461675F6174747269625F64656620040100000004000000000700
310
04000000000402000000044101000004420100000400000000110E0D4154545249425F435553544F4D0D066174747269620C6903000004FFFFFFFF0CFFFFFFFF0CFFFFFFFF0CEE020000071667656E657269635F7461675F6174747269625F6465660403000000040300000004FFFFFFFF071767656E657269635F7461675F
310
6174747269625F64656620040100000004010000000701330400000000040100000004C2FEFFFF0400000000110E04636F6E650D07737572666163650CFFFFFFFF04FFFFFFFF0CFFFFFFFF13D0F584EB6B5421409DAEFBDAB6270CC0387D1FEA6EBA2EC014B245C790D22F033A1A4D794F9D8B0DBA000000000000F03F1400
310
0000000000CC3F2EEDFF671000153AFC5CAE3ED8C9E0B906000000000000F03F0B0B06D44F38816FFEE43F06371CA1B49426E83F06000000000000CC3F0B0B0B0B0B110D067665727465780CFFFFFFFF04FFFFFFFF0CFFFFFFFF0CF202000004000000000C6A030000110E07656C6C697073650D0563757276650CFFFFFFFF
310
04FFFFFFFF0CFFFFFFFF13D0F584EB6B542140686A1715BAA4EA3F38A24E9633D42EC01400000000002F033A00000000808F0DBA000000000000F03F14676666666666C63FC0BDCCECD9CC103A6766666666DBDAB906000000000000F03F0B0B110E0D4154545249425F435553544F4D0D066174747269620CFFFFFFFF04FF
310
FFFFFF0CFFFFFFFF0CFFFFFFFF0CF4020000071667656E657269635F7461675F6174747269625F6465660403000000040300000004FFFFFFFF071767656E657269635F7461675F6174747269625F6465662004010000000400000000070004000000000402000000044101000004420100000400000000110E0D4154545249
310
425F435553544F4D0D066174747269620C6B03000004FFFFFFFF0CFFFFFFFF0CFFFFFFFF0CF5020000071667656E657269635F7461675F6174747269625F6465660403000000040300000004FFFFFFFF071767656E657269635F7461675F6174747269625F6465662004010000000402000000070233340400000000040100
310
000004C2FEFFFF0400000000110D04666163650C6C03000004FFFFFFFF0CFFFFFFFF0C6D0300000C4B0300000C060000000CFFFFFFFF0C6E0300000B0B110D046C6F6F700CFFFFFFFF04FFFFFFFF0CFFFFFFFF0CFFFFFFFF0C6F0300000CF5020000110E04636F6E650D07737572666163650CFFFFFFFF04FFFFFFFF0CFFFF
310
FFFF137C6A123657CD1DC0C1B47C70FA320CC06437048E94822EC0147399AE77D200B6BC000000000000F03F02000000808F0D3A1455967E7F394C83BF14421AE8CC894ABC1D1B6E4A8910923F06000000000000F03F0B0B06000000000000000006000000000000F03F067B14AE47E17A943F0B0B0B0B0B110D06636F6564
310
67650CFFFFFFFF04FFFFFFFF0CFFFFFFFF0C700300000C710300000C720300000C730300000B0CF602000004000000000CFFFFFFFF110D06636F656467650CFFFFFFFF04FFFFFFFF0CFFFFFFFF0C740300000CF80200000C750300000C760300000A0CA402000004000000000CFFFFFFFF110D06636F656467650CFFFFFFFF
310
04FFFFFFFF0CFFFFFFFF0CF80200000C770300000C5C0300000C780300000A0CA402000004000000000CFFFFFFFF110D04656467650CFFFFFFFF04FFFFFFFF0CFFFFFFFF0C7903000006112D4454FB21E9BF0C6203000006132D4454FB21E93F0C200300000C7A0300000B070E74616E67656E745F6E6F745F6732110E0D41
310
54545249425F435553544F4D0D066174747269620CFFFFFFFF04FFFFFFFF0CFFFFFFFF0CFFFFFFFF0CFF020000071667656E657269635F7461675F6174747269625F6465660403000000040300000004FFFFFFFF071767656E657269635F7461675F6174747269625F64656620040100000004000000000700040000000004
310
02000000044101000004420100000400000000110D06636F656467650CFFFFFFFF04FFFFFFFF0CFFFFFFFF0C7B0300000C7C0300000C7D0300000C7E0300000A0C0003000004000000000CFFFFFFFF110D06636F656467650CFFFFFFFF04FFFFFFFF0CFFFFFFFF0C7F0300000C030300000C7C0300000C800300000B0CBD02
310
000004000000000CFFFFFFFF110D06636F656467650CFFFFFFFF04FFFFFFFF0CFFFFFFFF0C030300000C7F0300000C0A0300000C460300000A0CBD02000004000000000CFFFFFFFF110D06636F656467650CFFFFFFFF04FFFFFFFF0CFFFFFFFF0C810300000C820300000C030300000C3A0300000B0C830300000400000000
310
0CFFFFFFFF110D04656467650CFFFFFFFF04FFFFFFFF0CFFFFFFFF0C8403000006232D4454FB21E9BF0C4C030000061F2D4454FB21E93F0C390300000C850300000B070E74616E67656E745F6E6F745F6732110E0D4154545249425F435553544F4D0D066174747269620CFFFFFFFF04FFFFFFFF0CFFFFFFFF0CFFFFFFFF0C
310
04030000071667656E657269635F7461675F6174747269625F6465660403000000040300000004FFFFFFFF071767656E657269635F7461675F6174747269625F6465662004010000000400000000070004000000000402000000044101000004420100000400000000110E0D4154545249425F435553544F4D0D0661747472
310
69620C8603000004FFFFFFFF0CFFFFFFFF0CFFFFFFFF0C05030000071667656E657269635F7461675F6174747269625F6465660403000000040300000004FFFFFFFF071767656E657269635F7461675F6174747269625F6465662004010000000402000000070234360400000000040100000004C2FEFFFF0400000000110D
310
04666163650C8703000004FFFFFFFF0CFFFFFFFF0C880300000C890300000C060000000CFFFFFFFF0C8A0300000B0B110D046C6F6F700CFFFFFFFF04FFFFFFFF0CFFFFFFFF0CFFFFFFFF0C8B0300000C05030000110E04636F6E650D07737572666163650CFFFFFFFF04FFFFFFFF0CFFFFFFFF137691490C1C872140DCF036
310
FC636B10C0505BDE42D92B2FC014000000000000F0BF4AE93B17C7719CBCFFFFFFFFFF2E033A1400371C353132423CBEAE7F5F777894BF96F2652D47E2433F06000000000000F03F0B0B06000000000000000006000000000000F03F067B14AE47E17A943F0B0B0B0B0B110D06636F656467650CFFFFFFFF04FFFFFFFF0CFF
310
FFFFFF0C8C0300000C8D0300000C700300000C8E0300000A0C0603000004000000000CFFFFFFFF110D06636F656467650CFFFFFFFF04FFFFFFFF0CFFFFFFFF0C8F0300000C090300000C900300000C910300000B0CC202000004000000000CFFFFFFFF110D06636F656467650CFFFFFFFF04FFFFFFFF0CFFFFFFFF0C090300
310
000C8F0300000C920300000C930300000B0CC202000004000000000CFFFFFFFF110D06636F656467650CFFFFFFFF04FFFFFFFF0CFFFFFFFF0C210300000C1E0300000C090300000C440300000B0CDC02000004000000000CFFFFFFFF110D04656467650CFFFFFFFF04FFFFFFFF0CFFFFFFFF0C940300000600000000000000
310
000C6303000006000000000000F03F0C430300000C950300000B070E74616E67656E745F6E6F745F6732110D06636F656467650CFFFFFFFF04FFFFFFFF0CFFFFFFFF0C0B0300000C0A0300000C960300000C970300000A0C6502000004000000000CFFFFFFFF110D04656467650CFFFFFFFF04FFFFFFFF0CFFFFFFFF0C4C03
310
000006D4CE0797ED42E0BF0C98030000061A0C20A61B2058BF0C380300000C990300000B070E74616E67656E745F6E6F745F6732110D06636F656467650CFFFFFFFF04FFFFFFFF0CFFFFFFFF0C9A0300000C9B0300000C0B0300000C480300000B0C9C03000004000000000CFFFFFFFF110D04656467650CFFFFFFFF04FFFF
310
FFFF0CFFFFFFFF0C4D03000006D6CE0797ED42E0BF0C9D03000006DDFD4DA61B2058BF0C470300000C9E0300000B070E74616E67656E745F6E6F745F6732110D06636F656467650CFFFFFFFF04FFFFFFFF0CFFFFFFFF0C9F0300000C0C0300000CA00300000CA10300000A0C4B03000004000000000CFFFFFFFF110D06636F
310
656467650CFFFFFFFF04FFFFFFFF0CFFFFFFFF0C0C0300000C9F0300000C810300000CA20300000B0C4B03000004000000000CFFFFFFFF110D046C6F6F700CFFFFFFFF04FFFFFFFF0CFFFFFFFF0CFFFFFFFF0C4A0300000C2E030000110D067665727465780CFFFFFFFF04FFFFFFFF0CFFFFFFFF0CA203000004010000000C
310
A3030000110D067665727465780CFFFFFFFF04FFFFFFFF0CFFFFFFFF0CA103000004010000000CA4030000110E0873747261696768740D0563757276650CFFFFFFFF04FFFFFFFF0CFFFFFFFF137891490C1C872140D001F2BD371BF53F3C1CF9DFE27C2EC0140000000000802FC0D4EAFF7412A077BA0000000044E2423A0A
310
0600000000000000000A06010000000000F03F110E0D4154545249425F435553544F4D0D066174747269620CFFFFFFFF04FFFFFFFF0CFFFFFFFF0CFFFFFFFF0C10030000071667656E657269635F7461675F6174747269625F6465660403000000040300000004FFFFFFFF071767656E657269635F7461675F617474726962
310
5F6465662004010000000400000000070004000000000402000000044101000004420100000400000000110E0D4154545249425F435553544F4D0D066174747269620CA503000004FFFFFFFF0CFFFFFFFF0CFFFFFFFF0C11030000071667656E657269635F7461675F6174747269625F6465660403000000040300000004FF
310
FFFFFF071767656E657269635F7461675F6174747269625F6465662004010000000402000000070236310400000000040100000004C2FEFFFF0400000000110D046C6F6F700CFFFFFFFF04FFFFFFFF0CFFFFFFFF0CFFFFFFFF0CA60300000C11030000110E05746F7275730D07737572666163650CFFFFFFFF04FFFFFFFF0C
310
FFFFFFFF1312DD6CE7C7F11BC0C1B47C70FA320CC0F86DDDF4980F2FC014D567A0B0DEE9CCBC3BA22F72E073C4BC000000000000F03F06EAA96CAFF563FEBF06150000000000044014000000000000F03F7DEAFFBF1200383AD567A0B0DEE9CC3C0B0B0B0B0B110D067665727465780CFFFFFFFF04FFFFFFFF0CFFFFFFFF0C
310
1403000004000000000CA7030000110E07656C6C697073650D0563757276650CFFFFFFFF04FFFFFFFF0CFFFFFFFF13C9A5E3A5678C1BC0A2AEFBDAB6270CC038A24E9633D42EC01400000000002F033A00000000808F0DBA000000000000F03F14676666666666C63FC0BDCCECD9CC103A6766666666DBDAB9060000000000
310
00F03F0B0B110D05706F696E740CFFFFFFFF04FFFFFFFF0CFFFFFFFF13FDD816D99A3F1CC0586A1715BAA4EA3F38A24E9633D42EC0110E0D4154545249425F435553544F4D0D066174747269620CFFFFFFFF04FFFFFFFF0CFFFFFFFF0CFFFFFFFF0C1A030000071667656E657269635F7461675F6174747269625F64656604
310
03000000040300000004FFFFFFFF071767656E657269635F7461675F6174747269625F6465662004010000000400000000070004000000000402000000044101000004420100000400000000110E0D4154545249425F435553544F4D0D066174747269620CA803000004FFFFFFFF0CFFFFFFFF0CFFFFFFFF0C1B0300000716
310
67656E657269635F7461675F6174747269625F6465660403000000040300000004FFFFFFFF071767656E657269635F7461675F6174747269625F6465662004010000000402000000070232330400000000040100000004C2FEFFFF0400000000110D04666163650CA903000004FFFFFFFF0CFFFFFFFF0CAA0300000CAB0300
310
000C060000000CFFFFFFFF0CAC0300000B0B110D046C6F6F700CFFFFFFFF04FFFFFFFF0CFFFFFFFF0CFFFFFFFF0CAD0300000C1B030000110E05746F7275730D07737572666163650CFFFFFFFF04FFFFFFFF0CFFFFFFFF1312DD6CE7C7F11BC0C2B47C70FA320CC00EABC43C735D30C01400000000002F03BA00000000808F
310
0D3A000000000000F0BF063486F6519EE6DB3F067C14AE47E17A943F14000000000000F0BF7DEAFFBF120038BA00000000002F033A0B0B0B0B0B110D06636F656467650CFFFFFFFF04FFFFFFFF0CFFFFFFFF0C750300000CAE0300000CAF0300000CB00300000B0C1C03000004000000000CFFFFFFFF110D06636F65646765
310
0CFFFFFFFF04FFFFFFFF0CFFFFFFFF0C1E0300000C210300000C330300000C780300000B0CDC02000004000000000CFFFFFFFF110D06636F656467650CFFFFFFFF04FFFFFFFF0CFFFFFFFF0CB10300000CB20300000C1E0300000C5E0300000A0C5903000004000000000CFFFFFFFF110D04656467650CFFFFFFFF04FFFFFF
310
FF0CFFFFFFFF0CB30300000600000000000000000C94030000063443597025A4F33F0C1E0300000CB40300000B070E74616E67656E745F6E6F745F6732110D06636F656467650CFFFFFFFF04FFFFFFFF0CFFFFFFFF0C200300000C1F0300000CB50300000CB60300000B0C8602000004000000000CFFFFFFFF110D06636F65
310
6467650CFFFFFFFF04FFFFFFFF0CFFFFFFFF0C920300000CB70300000C1F0300000C610300000A0CB803000004000000000CFFFFFFFF110D04656467650CFFFFFFFF04FFFFFFFF0CFFFFFFFF0C6303000006112D4454FB21E9BF0CB903000006172D4454FB21E93F0C1F0300000CBA0300000B070E74616E67656E745F6E6F
310
745F6732110D067665727465780CFFFFFFFF04FFFFFFFF0CFFFFFFFF0C2203000004000000000CBB030000110D067665727465780CFFFFFFFF04FFFFFFFF0CFFFFFFFF0C2203000004010000000CBC030000110E07656C6C697073650D0563757276650CFFFFFFFF04FFFFFFFF0CFFFFFFFF1375458CCC31B01DC000831B6B
310
C8D1EA3F0EABC43C735D30C0147DEAFFBF120038BA000000000000F03F00000000808F0D3A14AF47E17A148EA8B93433333333EBB2397C14AE47E17A94BF06000000000000F03F0A0600000000000000000A066343597025A4F33F110D06636F656467650CFFFFFFFF04FFFFFFFF0CFFFFFFFF0CBD0300000C260300000CBE
310
0300000CBF0300000B0CEA02000004000000000CFFFFFFFF110D06636F656467650CFFFFFFFF04FFFFFFFF0CFFFFFFFF0C260300000CBD0300000C7B0300000CC00300000A0CEA02000004000000000CFFFFFFFF110D06636F656467650CFFFFFFFF04FFFFFFFF0CFFFFFFFF0CC10300000CC20300000C260300000C680300
310
000B0CC303000004000000000CFFFFFFFF110D04656467650CFFFFFFFF04FFFFFFFF0CFFFFFFFF0CC4030000063B2D4454FB21E9BF0CC5030000061B2D4454FB21E93F0C670300000CC60300000B070E74616E67656E745F6E6F745F6732110E0D4154545249425F435553544F4D0D066174747269620CFFFFFFFF04FFFFFF
310
FF0CFFFFFFFF0CFFFFFFFF0C28030000071667656E657269635F7461675F6174747269625F6465660403000000040300000004FFFFFFFF071767656E657269635F7461675F6174747269625F6465662004010000000400000000070004000000000402000000044101000004420100000400000000110D05706F696E740CFF
310
FFFFFF04FFFFFFFF0CFFFFFFFF13385CEB51D2FA2040686A1715BAA4EA3F38A24E9633D42EC0110E0D4154545249425F435553544F4D0D066174747269620CFFFFFFFF04FFFFFFFF0CFFFFFFFF0CFFFFFFFF0C2D030000071667656E657269635F7461675F6174747269625F6465660403000000040300000004FFFFFFFF07
310
1767656E657269635F7461675F6174747269625F6465662004010000000400000000070004000000000402000000044101000004420100000400000000110E0D4154545249425F435553544F4D0D066174747269620CC703000004FFFFFFFF0CFFFFFFFF0CFFFFFFFF0C2E030000071667656E657269635F7461675F617474
310
7269625F6465660403000000040300000004FFFFFFFF071767656E657269635F7461675F6174747269625F6465662004010000000402000000070233350400000000040100000004C2FEFFFF0400000000110D04666163650CC803000004FFFFFFFF0CFFFFFFFF0CC90300000CCA0300000C060000000CFFFFFFFF0CCB0300
310
000B0B110E04636F6E650D07737572666163650CFFFFFFFF04FFFFFFFF0CFFFFFFFF1313DD6CE7C7F11BC028F7237021D7F43F6437048E94822EC014000000000000F03F7DEAFFBF1200383A00000000002F03BA140ED0A5F53F88C7B955967E7F394C833F1D1B6E4A8910923F06000000000000F03F0B0B06000000000000
310
000006000000000000F03F067B14AE47E17A943F0B0B0B0B0B110D06636F656467650CFFFFFFFF04FFFFFFFF0CFFFFFFFF0CCC0300000CCD0300000CCE0300000CCF0300000B0C2F03000004000000000CFFFFFFFF110D06636F656467650CFFFFFFFF04FFFFFFFF0CFFFFFFFF0CA00300000C310300000C400300000C8E03
310
00000B0CF602000004000000000CFFFFFFFF110D06636F656467650CFFFFFFFF04FFFFFFFF0CFFFFFFFF0C310300000CA00300000C9B0300000CD00300000B0CF602000004000000000CFFFFFFFF110D06636F656467650CFFFFFFFF04FFFFFFFF0CFFFFFFFF0CCD0300000CCC0300000C310300000C730300000A0C2F0300
310
0004000000000CFFFFFFFF110D04656467650CFFFFFFFF04FFFFFFFF0CFFFFFFFF0CD10300000663FFFFFFFF87C33C0CD2030000065C661FC2A465EF3F0C310300000CD30300000B070E74616E67656E745F6E6F745F6732110D06636F656467650CFFFFFFFF04FFFFFFFF0CFFFFFFFF0CD40300000C320300000CD5030000
310
0CD60300000A0CA402000004000000000CFFFFFFFF110D06636F656467650CFFFFFFFF04FFFFFFFF0CFFFFFFFF0CB50300000C5B0300000C320300000C760300000B0C1C03000004000000000CFFFFFFFF110D04656467650CFFFFFFFF04FFFFFFFF0CFFFFFFFF0CD70300000600000000000000000C790300000601000000
310
0000F03F0C750300000CD80300000B070E74616E67656E745F6E6F745F6732110D06636F656467650CFFFFFFFF04FFFFFFFF0CFFFFFFFF0C330300000CD90300000CB10300000CDA0300000A0CA402000004000000000CFFFFFFFF110D04656467650CFFFFFFFF04FFFFFFFF0CFFFFFFFF0C62030000060000000000000000
310
0CB303000006000000000000F03F0C5C0300000CDB0300000B070E74616E67656E745F6E6F745F6732110D067665727465780CFFFFFFFF04FFFFFFFF0CFFFFFFFF0CB603000004010000000CDC030000110E07656C6C697073650D0563757276650CFFFFFFFF04FFFFFFFF0CFFFFFFFF1313DD6CE7C7F11BC000831B6BC8D1
310
EA3F929616F5916230C01400000000002F033A00000000808F0DBA000000000000F03F149909FF0B98BAD3BF9209FF0B98BAD33FA4F825E3560DFE3906000000000000F03F0A06112D4454FB21E9BF0A06132D4454FB21E93F110D06636F656467650CFFFFFFFF04FFFFFFFF0CFFFFFFFF0CDD0300000C360300000C660300
310
000CC00300000B0C0003000004000000000CFFFFFFFF110D06636F656467650CFFFFFFFF04FFFFFFFF0CFFFFFFFF0C360300000CDD0300000C370300000C800300000A0C0003000004000000000CFFFFFFFF110D06636F656467650CFFFFFFFF04FFFFFFFF0CFFFFFFFF0CDE0300000CDF0300000C360300000C7E0300000B
310
0CE003000004000000000CFFFFFFFF110D04656467650CFFFFFFFF04FFFFFFFF0CFFFFFFFF0CC5030000067592C04AD200A63C0C8403000006000000000000F03F0C7D0300000CE10300000B070E74616E67656E745F6E6F745F6732110D06636F656467650CFFFFFFFF04FFFFFFFF0CFFFFFFFF0C380300000C370300000C
310
E20300000CE30300000A0CBD02000004000000000CFFFFFFFF110D04656467650CFFFFFFFF04FFFFFFFF0CFFFFFFFF0C8403000006DFCE0797ED42E0BF0CE403000006FA4A5EA61B2058BF0C7C0300000CE50300000B070E74616E67656E745F6E6F745F6732110D06636F656467650CFFFFFFFF04FFFFFFFF0CFFFFFFFF0C
310
E60300000C390300000C4A0300000CA20300000A0C8303000004000000000CFFFFFFFF110D06636F656467650CFFFFFFFF04FFFFFFFF0CFFFFFFFF0C390300000CE60300000CDE0300000CE70300000B0C8303000004000000000CFFFFFFFF110D046C6F6F700CFFFFFFFF04FFFFFFFF0CFFFFFFFF0CFFFFFFFF0C82030000
310
0CC9030000110D067665727465780CFFFFFFFF04FFFFFFFF0CFFFFFFFF0CE703000004010000000CE8030000110E07656C6C697073650D0563757276650CFFFFFFFF04FFFFFFFF0CFFFFFFFF137891490C1C87214000831B6BC8D1EA3F3C1CF9DFE27C2EC01400000000002F033A00000000808F0DBA000000000000F03F14
310
1D5D49A2ECC4D53F145D49A2ECC4D53F38494131BF3CDC3906000000000000F03F0A06232D4454FB21E9BF0A061F2D4454FB21E93F110E0D4154545249425F435553544F4D0D066174747269620CFFFFFFFF04FFFFFFFF0CFFFFFFFF0CFFFFFFFF0C3C030000071667656E657269635F7461675F6174747269625F64656604
310
03000000040300000004FFFFFFFF071767656E657269635F7461675F6174747269625F6465662004010000000400000000070004000000000402000000044101000004420100000400000000110E0D4154545249425F435553544F4D0D066174747269620CE903000004FFFFFFFF0CFFFFFFFF0CFFFFFFFF0C3D0300000716
310
67656E657269635F7461675F6174747269625F6465660403000000040300000004FFFFFFFF071767656E657269635F7461675F6174747269625F6465662004010000000402000000070234370400000000040100000004C2FEFFFF0400000000110D04666163650CEA03000004FFFFFFFF0CFFFFFFFF0CEB0300000CEC0300
310
000C060000000CFFFFFFFF0CED0300000B0B110D046C6F6F700CFFFFFFFF04FFFFFFFF0CFFFFFFFF0CFFFFFFFF0CEE0300000C3D030000110E05746F7275730D07737572666163650CFFFFFFFF04FFFFFFFF0CFFFFFFFF137891490C1C872140BDB47C70FA320CC0AC5CDE42D92B2FC01400000000002F03BA00000000808F
310
0D3A000000000000F0BF0680B3C41F368FE23F067C14AE47E17A943F14000000000000F0BF7DEAFFBF120038BA00000000002F033A0B0B0B0B0B110D06636F656467650CFFFFFFFF04FFFFFFFF0CFFFFFFFF0CEF0300000CF00300000CF10300000CF20300000B0C3E03000004000000000CFFFFFFFF110D06636F65646765
310
0CFFFFFFFF04FFFFFFFF0CFFFFFFFF0CF30300000C400300000CCC0300000CF40300000A0C0603000004000000000CFFFFFFFF110D06636F656467650CFFFFFFFF04FFFFFFFF0CFFFFFFFF0C400300000CF50300000C9F0300000CF60300000A0C0603000004000000000CFFFFFFFF110D04656467650CFFFFFFFF04FFFFFF
310
FF0CFFFFFFFF0CD203000006242D4454FB21E9BF0CF703000006122D4454FB21E93F0C700300000CF80300000B070E74616E67656E745F6E6F745F6732110D06636F656467650CFFFFFFFF04FFFFFFFF0CFFFFFFFF0C420300000C410300000CF90300000CFA0300000A0CC202000004000000000CFFFFFFFF110D06636F65
310
6467650CFFFFFFFF04FFFFFFFF0CFFFFFFFF0CA60300000CFB0300000C410300000C910300000A0C5103000004000000000CFFFFFFFF110D04656467650CFFFFFFFF04FFFFFFFF0CFFFFFFFF0C94030000067D8A6B695E1C773F0CFC030000060783504639E7D43F0C900300000CFD0300000B070E74616E67656E745F6E6F
310
745F6732110D06636F656467650CFFFFFFFF04FFFFFFFF0CFFFFFFFF0CFE0300000C600300000C420300000C930300000A0CB803000004000000000CFFFFFFFF110D04656467650CFFFFFFFF04FFFFFFFF0CFFFFFFFF0CFF030000060691504639E7D4BF0C63030000067D8A6B695E1C77BF0C920300000C000400000B070E
310
74616E67656E745F6E6F745F6732110D067665727465780CFFFFFFFF04FFFFFFFF0CFFFFFFFF0C5E03000004010000000C01040000110E0873747261696768740D0563757276650CFFFFFFFF04FFFFFFFF0CFFFFFFFF137A21E9E37AC31DC0C0B47C70FA320CC0EC09FB522C5F30C01443320CDCA52D5ABAC0CAA145B67311
310
4047E17A14201F303A0A0600000000000000000A06000000000000F03F110D06636F656467650CFFFFFFFF04FFFFFFFF0CFFFFFFFF0C020400000C030400000C450300000C970300000B0C0404000004000000000CFFFFFFFF110D04656467650CFFFFFFFF04FFFFFFFF0CFFFFFFFF0C9D0300000600000000000000000C98
310
03000006010000000000F03F0C960300000C050400000B070E74616E67656E745F6E6F745F6732110D067665727465780CFFFFFFFF04FFFFFFFF0CFFFFFFFF0C0604000004010000000C07040000110E07656C6C697073650D0563757276650CFFFFFFFF04FFFFFFFF0CFFFFFFFF137891490C1C872140981A18037C19E73F
310
48C427907B492FC014000000000000F0BFBB1E15E5893DBABCD44B6FD3DD2381BC14A46C13D07EEBB2BC9C9B369B7FEBE63F1DBB30943FF1AD3F06000000000000F03F0A06D4CE0797ED42E0BF0A061A0C20A61B2058BF110D06636F656467650CFFFFFFFF04FFFFFFFF0CFFFFFFFF0C080400000C470300000C090400000C
310
0A0400000A0C9C03000004000000000CFFFFFFFF110D06636F656467650CFFFFFFFF04FFFFFFFF0CFFFFFFFF0C470300000C080400000C710300000CD00300000A0C9C03000004000000000CFFFFFFFF110D046C6F6F700CFFFFFFFF04FFFFFFFF0CFFFFFFFF0CFFFFFFFF0C9B0300000C0B040000110D067665727465780C
310
FFFFFFFF04FFFFFFFF0CFFFFFFFF0C4803000004010000000C0C040000110E07656C6C697073650D0563757276650CFFFFFFFF04FFFFFFFF0CFFFFFFFF1314DD6CE7C7F11BC0981A18037C19E73F48C427907B492FC014000000000000F0BFDA3CFF6C84DBB5BC3294ACE0EF8D7CBC1450DF7F5FFC84AFBC9C9B369B7FEBE6
310
3F1DBB30943FF1AD3F06000000000000F03F0A06D6CE0797ED42E0BF0A06DDFD4DA61B2058BF110D06636F656467650CFFFFFFFF04FFFFFFFF0CFFFFFFFF0C4A0300000C490300000C8D0300000CF60300000B0C4B03000004000000000CFFFFFFFF110D06636F656467650CFFFFFFFF04FFFFFFFF0CFFFFFFFF0C71030000
310
0C700300000C490300000CA10300000B0CF602000004000000000CFFFFFFFF110D04656467650CFFFFFFFF04FFFFFFFF0CFFFFFFFF0CF70300000600000000000000000C4D0300000695661FC2A465EF3F0CA00300000C0D0400000B070E74616E67656E745F6E6F745F6732110D04656467650CFFFFFFFF04FFFFFFFF0CFF
310
FFFFFF0C0E0400000600000000000000000C4C03000006BF661FC2A465EF3F0C4A0300000C0F0400000B070E74616E67656E745F6E6F745F6732110D05706F696E740CFFFFFFFF04FFFFFFFF0CFFFFFFFF137891490C1C872140D001F2BD371BF53F3C1CF9DFE27C2EC0110D05706F696E740CFFFFFFFF04FFFFFFFF0CFFFF
310
FFFF1314DD6CE7C7F11BC0D001F2BD371BF53F3C1CF9DFE27C2EC0110E0D4154545249425F435553544F4D0D066174747269620CFFFFFFFF04FFFFFFFF0CFFFFFFFF0CFFFFFFFF0C50030000071667656E657269635F7461675F6174747269625F6465660403000000040300000004FFFFFFFF071767656E657269635F7461
310
675F6174747269625F6465662004010000000400000000070004000000000402000000044101000004420100000400000000110D06636F656467650CFFFFFFFF04FFFFFFFF0CFFFFFFFF0C100400000C900300000CB20300000C110400000A0C5103000004000000000CFFFFFFFF110D05706F696E740CFFFFFFFF04FFFFFF
310
FF0CFFFFFFFF13FCD816D99A3F1CC0A2AEFBDAB6270CC038A24E9633D42EC0110E0D4154545249425F435553544F4D0D066174747269620CFFFFFFFF04FFFFFFFF0CFFFFFFFF0CFFFFFFFF0C57030000071667656E657269635F7461675F6174747269625F6465660403000000040300000004FFFFFFFF071767656E657269
310
635F7461675F6174747269625F6465662004010000000400000000070004000000000402000000044101000004420100000400000000110E0D4154545249425F435553544F4D0D066174747269620C1204000004FFFFFFFF0CFFFFFFFF0CFFFFFFFF0C58030000071667656E657269635F7461675F6174747269625F646566
310
0403000000040300000004FFFFFFFF071767656E657269635F7461675F6174747269625F6465662004010000000402000000070232340400000000040100000004C2FEFFFF0400000000110D04666163650C1304000004FFFFFFFF0CFFFFFFFF0C140400000C150400000C060000000CFFFFFFFF0C160400000B0B110D046C
310
6F6F700CFFFFFFFF04FFFFFFFF0CFFFFFFFF0CFFFFFFFF0C170400000C58030000110E05746F7275730D07737572666163650CFFFFFFFF04FFFFFFFF0CFFFFFFFF137891490C1C87214000831B6BC8D1EA3F0EABC43C735D30C01400000000002F03BA00000000808F0D3A000000000000F0BF062486F6519EE6DB3F067C14
310
AE47E17A943F14000000000000F0BF7DEAFFBF120038BA00000000002F033A0B0B0B0B0B110D06636F656467650CFFFFFFFF04FFFFFFFF0CFFFFFFFF0CB20300000CB10300000C180400000C190400000B0C5903000004000000000CFFFFFFFF110D06636F656467650CFFFFFFFF04FFFFFFFF0CFFFFFFFF0C5B0300000CB5
310
0300000C1A0400000C1B0400000B0C1C03000004000000000CFFFFFFFF110D06636F656467650CFFFFFFFF04FFFFFFFF0CFFFFFFFF0C1C0400000CD50300000C5B0300000CB00300000A0CAB03000004000000000CFFFFFFFF110D04656467650CFFFFFFFF04FFFFFFFF0CFFFFFFFF0C1D04000006CDFFFFFFFF87B33C0CD7
310
030000063543597025A4F33F0C5B0300000C1E0400000B070E74616E67656E745F6E6F745F6732110D06636F656467650CFFFFFFFF04FFFFFFFF0CFFFFFFFF0CAD0300000C5D0300000C770300000CDA0300000B0C5903000004000000000CFFFFFFFF110D06636F656467650CFFFFFFFF04FFFFFFFF0CFFFFFFFF0C5D0300
310
000CAD0300000CA60300000C110400000B0C5903000004000000000CFFFFFFFF110D067665727465780CFFFFFFFF04FFFFFFFF0CFFFFFFFF0C5E03000004000000000C1F040000110E07656C6C697073650D0563757276650CFFFFFFFF04FFFFFFFF0CFFFFFFFF1374458CCC31B01DC0C0B47C70FA320CC00EABC43C735D30
310
C0147DEAFFBF120038BA000000000000F03F00000000808F0D3A14AF47E17A148EA8B93433333333EBB2397C14AE47E17A94BF06000000000000F03F0A0600000000000000000A063443597025A4F33F110D06636F656467650CFFFFFFFF04FFFFFFFF0CFFFFFFFF0CAE0300000C750300000C5F0300000CB60300000A0C1C
310
03000004000000000CFFFFFFFF110D04656467650CFFFFFFFF04FFFFFFFF0CFFFFFFFF0CB903000006990000000088A33C0C7903000006E342597025A4F33F0C5F0300000C200400000B070E74616E67656E745F6E6F745F6732110D06636F656467650CFFFFFFFF04FFFFFFFF0CFFFFFFFF0C600300000CFE0300000C2104
310
00000C220400000B0CB803000004000000000CFFFFFFFF110D046C6F6F700CFFFFFFFF04FFFFFFFF0CFFFFFFFF0CFFFFFFFF0C600300000C23040000110D067665727465780CFFFFFFFF04FFFFFFFF0CFFFFFFFF0C6103000004010000000C24040000110E07656C6C697073650D0563757276650CFFFFFFFF04FFFFFFFF0C
310
FFFFFFFF1313DD6CE7C7F11BC000831B6BC8D1EA3FEC09FB522C5F30C01400000000002F03BA00000000808F0D3A000000000000F0BF14CE12B4DBC894D4BFC512B4DBC894D43F2D084A05B359FF3906000000000000F03F0A06112D4454FB21E9BF0A06172D4454FB21E93F110D05706F696E740CFFFFFFFF04FFFFFFFF0C
310
FFFFFFFF1375458CCC31B01DC000831B6BC8D1EA3F929616F5916230C0110D05706F696E740CFFFFFFFF04FFFFFFFF0CFFFFFFFF137C21E9E37AC31DC000831B6BC8D1EA3FEC09FB522C5F30C0110D06636F656467650CFFFFFFFF04FFFFFFFF0CFFFFFFFF0C660300000C650300000C250400000C260400000A0CEA020000
310
04000000000CFFFFFFFF110D06636F656467650CFFFFFFFF04FFFFFFFF0CFFFFFFFF0C270400000C280400000C650300000CBF0300000A0C2904000004000000000CFFFFFFFF110D04656467650CFFFFFFFF04FFFFFFFF0CFFFFFFFF0CC403000006D5CE0797ED42E0BF0C2A0400000631895EA61B2058BF0CBE0300000C2B
310
0400000B070E74616E67656E745F6E6F745F6732110D04656467650CFFFFFFFF04FFFFFFFF0CFFFFFFFF0CC503000006E3CE0797ED42E0BF0C2C04000006760F20A61B2058BF0C660300000C2D0400000B070E74616E67656E745F6E6F745F6732110D06636F656467650CFFFFFFFF04FFFFFFFF0CFFFFFFFF0C2E0400000C
310
670300000CDF0300000C2F0400000A0CC303000004000000000CFFFFFFFF110D06636F656467650CFFFFFFFF04FFFFFFFF0CFFFFFFFF0C670300000C2E0400000C300400000C310400000A0CC303000004000000000CFFFFFFFF110D046C6F6F700CFFFFFFFF04FFFFFFFF0CFFFFFFFF0CFFFFFFFF0CC20300000C32040000
310
110D067665727465780CFFFFFFFF04FFFFFFFF0CFFFFFFFF0C3104000004000000000C33040000110D067665727465780CFFFFFFFF04FFFFFFFF0CFFFFFFFF0C2F04000004010000000C34040000110E07656C6C697073650D0563757276650CFFFFFFFF04FFFFFFFF0CFFFFFFFF137891490C1C872140BDB47C70FA320CC0
310
3C1CF9DFE27C2EC01400000000002F033A00000000808F0DBA000000000000F03F14FC5C49A2ECC4D53F285D49A2ECC4D5BF301412A27D9400BA06000000000000F03F0A063B2D4454FB21E9BF0A061B2D4454FB21E93F110E0D4154545249425F435553544F4D0D066174747269620CFFFFFFFF04FFFFFFFF0CFFFFFFFF0C
310
FFFFFFFF0C6C030000071667656E657269635F7461675F6174747269625F6465660403000000040300000004FFFFFFFF071767656E657269635F7461675F6174747269625F6465662004010000000400000000070004000000000402000000044101000004420100000400000000110E0D4154545249425F435553544F4D0D
310
066174747269620C3504000004FFFFFFFF0CFFFFFFFF0CFFFFFFFF0C6D030000071667656E657269635F7461675F6174747269625F6465660403000000040300000004FFFFFFFF071767656E657269635F7461675F6174747269625F6465662004010000000402000000070233360400000000040100000004C2FEFFFF0400
310
000000110D04666163650C3604000004FFFFFFFF0CFFFFFFFF0C370400000C830300000C060000000CFFFFFFFF0C380400000B0B110D046C6F6F700CFFFFFFFF04FFFFFFFF0CFFFFFFFF0CFFFFFFFF0C390400000C6D030000110E05746F7275730D07737572666163650CFFFFFFFF04FFFFFFFF0CFFFFFFFF1312DD6CE7C7
310
F11BC0C2B47C70FA320CC06437048E94822EC01400000000002F03BA00000000808F0D3A000000000000F0BF068FD658EAF4B8DD3F067C14AE47E17A943F14000000000000F0BF7DEAFFBF120038BA00000000002F033A0B0B0B0B0B110D06636F656467650CFFFFFFFF04FFFFFFFF0CFFFFFFFF0C720300000C6F0300000C
310
8C0300000CF40300000B0C2F03000004000000000CFFFFFFFF110D06636F656467650CFFFFFFFF04FFFFFFFF0CFFFFFFFF0C6F0300000C720300000C3A0400000C3B0400000B0C2F03000004000000000CFFFFFFFF110D06636F656467650CFFFFFFFF04FFFFFFFF0CFFFFFFFF0C3C0400000C3D0400000C6F0300000CCF03
310
00000A0CCA03000004000000000CFFFFFFFF110D04656467650CFFFFFFFF04FFFFFFFF0CFFFFFFFF0C3E040000065700000090E7043D0C3F040000063C661FC2A465EF3F0C6F0300000C400400000B070E74616E67656E745F6E6F745F6732110D04656467650CFFFFFFFF04FFFFFFFF0CFFFFFFFF0C4D03000006122D4454
310
FB21E9BF0CD103000006232D4454FB21E93F0C710300000C410400000B070E74616E67656E745F6E6F745F6732110D067665727465780CFFFFFFFF04FFFFFFFF0CFFFFFFFF0C7303000004000000000C42040000110D067665727465780CFFFFFFFF04FFFFFFFF0CFFFFFFFF0C7303000004010000000C43040000110E0765
310
6C6C697073650D0563757276650CFFFFFFFF04FFFFFFFF0CFFFFFFFF137C6A123657CD1DC0F8821B6BC8D1EA3F6437048E94822EC0147DEAFFBF120038BA000000000000F03F00000000808F0D3A148AAA8273930591BFBEE81161B829DCB9269B6C2CB8C6863F06000000000000F03F0A0663FFFFFFFF87C33C0A065C661F
310
C2A465EF3F110D06636F656467650CFFFFFFFF04FFFFFFFF0CFFFFFFFF0C440400000C740300000C450400000C460400000A0CA402000004000000000CFFFFFFFF110D06636F656467650CFFFFFFFF04FFFFFFFF0CFFFFFFFF0CAF0300000C170400000C740300000CD60300000B0CAB03000004000000000CFFFFFFFF110D
310
04656467650CFFFFFFFF04FFFFFFFF0CFFFFFFFF0C4704000006342D4454FB21E9BF0CD703000006182D4454FB21E93F0CD50300000C480400000B070E74616E67656E745F6E6F745F6732110D067665727465780CFFFFFFFF04FFFFFFFF0CFFFFFFFF0CB003000004010000000C49040000110E0873747261696768740D05
310
63757276650CFFFFFFFF04FFFFFFFF0CFFFFFFFF137891490C1C8721400C630BCA8B62F43F929616F5916230C0140000000000802FC0D4EAFF7412A077BA0000000044E2423A0A0600000000000000000A06010000000000F03F110D06636F656467650CFFFFFFFF04FFFFFFFF0CFFFFFFFF0C770300000C440400000C4A04
310
00000C4B0400000A0CA402000004000000000CFFFFFFFF110D04656467650CFFFFFFFF04FFFFFFFF0CFFFFFFFF0CB303000006242D4454FB21E9BF0C4C04000006122D4454FB21E93F0CB10300000C4D0400000B070E74616E67656E745F6E6F745F6732110E0873747261696768740D0563757276650CFFFFFFFF04FFFFFF
310
FF0CFFFFFFFF1376458CCC31B01DC000831B6BC8D1EA3F929616F5916230C01443320CDCA52D5A3AC0CAA145B67311C047E17A14201F30BA0A0600000000000000000A06000000000000F03F110D05706F696E740CFFFFFFFF04FFFFFFFF0CFFFFFFFF1314DD6CE7C7F11BC00C630BCA8B62F43F929616F5916230C0110D06
310
636F656467650CFFFFFFFF04FFFFFFFF0CFFFFFFFF0C7C0300000C7B0300000C4E0400000C4F0400000A0C0003000004000000000CFFFFFFFF110D06636F656467650CFFFFFFFF04FFFFFFFF0CFFFFFFFF0C500400000C7D0300000C820300000CE70300000A0CE003000004000000000CFFFFFFFF110D06636F656467650C
310
FFFFFFFF04FFFFFFFF0CFFFFFFFF0C7D0300000C500400000CC10300000C2F0400000B0CE003000004000000000CFFFFFFFF110D046C6F6F700CFFFFFFFF04FFFFFFFF0CFFFFFFFF0CFFFFFFFF0CDF0300000C51040000110E0873747261696768740D0563757276650CFFFFFFFF04FFFFFFFF0CFFFFFFFF138019567D667D
310
2240C2B47C70FA320CC03C1CF9DFE27C2EC01443320CDCA52D5ABAC0CAA145B673114047E17A14201F303A0A067592C04AD200A63C0A06000000000000F03F110D06636F656467650CFFFFFFFF04FFFFFFFF0CFFFFFFFF0C520400000C530400000C7F0300000CE30300000B0C5404000004000000000CFFFFFFFF110D0465
310
6467650CFFFFFFFF04FFFFFFFF0CFFFFFFFF0C98030000061D2D4454FB21E9BF0CE403000006212D4454FB21E93F0CE20300000C550400000B070E74616E67656E745F6E6F745F6732110D067665727465780CFFFFFFFF04FFFFFFFF0CFFFFFFFF0C5604000004010000000C57040000110E07656C6C697073650D05637572
310
76650CFFFFFFFF04FFFFFFFF0CFFFFFFFF13F05AC945974B2140F8821B6BC8D1EA3F48C427907B492FC014BB1E15E5893DBABC000000000000F03F72416FD3DD2381BC149C9B369B7FEBE63F926C13D07EEBB23C1DBB30943FF1AD3F06000000000000F03F0A06DFCE0797ED42E0BF0A06FA4A5EA61B2058BF110D06636F65
310
6467650CFFFFFFFF04FFFFFFFF0CFFFFFFFF0C820300000C810300000CF50300000C580400000B0C8303000004000000000CFFFFFFFF110D04656467650CFFFFFFFF04FFFFFFFF0CFFFFFFFF0C590400000600000000000000000C84030000061F671FC2A465EF3F0C820300000C5A0400000B070E74616E67656E745F6E6F
310
745F6732110D05706F696E740CFFFFFFFF04FFFFFFFF0CFFFFFFFF138019567D667D2240F8821B6BC8D1EA3F3C1CF9DFE27C2EC0110E0D4154545249425F435553544F4D0D066174747269620CFFFFFFFF04FFFFFFFF0CFFFFFFFF0CFFFFFFFF0C87030000071667656E657269635F7461675F6174747269625F6465660403
310
000000040300000004FFFFFFFF071767656E657269635F7461675F6174747269625F6465662004010000000400000000070004000000000402000000044101000004420100000400000000110E0D4154545249425F435553544F4D0D066174747269620C5B04000004FFFFFFFF0CFFFFFFFF0CFFFFFFFF0C88030000071667
310
656E657269635F7461675F6174747269625F6465660403000000040300000004FFFFFFFF071767656E657269635F7461675F6174747269625F6465662004010000000402000000070234380400000000040100000004C2FEFFFF0400000000110D04666163650C5C04000004FFFFFFFF0CFFFFFFFF0C5D0400000C5E040000
310
0C060000000CFFFFFFFF0C5F0400000B0B110D046C6F6F700CFFFFFFFF04FFFFFFFF0CFFFFFFFF0CFFFFFFFF0C600400000C88030000110E05746F7275730D07737572666163650CFFFFFFFF04FFFFFFFF0CFFFFFFFF1312DD6CE7C7F11BC0C2B47C70FA320CC05C5CDE42D92B2FC01400000000002F03BA00000000808F0D
310
3A000000000000F0BF0690B3C41F368FE23F067C14AE47E17A943F14000000000000F0BF7DEAFFBF120038BA00000000002F033A0B0B0B0B0B110D06636F656467650CFFFFFFFF04FFFFFFFF0CFFFFFFFF0C250400000C610400000C620400000C630400000B0C8903000004000000000CFFFFFFFF110D06636F656467650C
310
FFFFFFFF04FFFFFFFF0CFFFFFFFF0C640400000C8B0300000C280400000C650400000B0C3E03000004000000000CFFFFFFFF110D06636F656467650CFFFFFFFF04FFFFFFFF0CFFFFFFFF0C8B0300000C640400000C660400000C670400000B0C3E03000004000000000CFFFFFFFF110D06636F656467650CFFFFFFFF04FFFF
310
FFFF0CFFFFFFFF0C610400000C250400000C8B0300000CF20300000A0C8903000004000000000CFFFFFFFF110D04656467650CFFFFFFFF04FFFFFFFF0CFFFFFFFF0C6804000006F0FEFFFFEB49F0BC0C2A040000065BBAA5F5E1EDBA3F0C8B0300000C690400000B070E74616E67656E745F6E6F745F6732110D06636F6564
310
67650CFFFFFFFF04FFFFFFFF0CFFFFFFFF0C6A0400000C8C0300000C3D0400000C6B0400000A0C0603000004000000000CFFFFFFFF110D04656467650CFFFFFFFF04FFFFFFFF0CFFFFFFFF0C3F0400000600000000000000000CD203000006000000000000F03F0CCC0300000C6C0400000B070E74616E67656E745F6E6F74
310
5F6732110D06636F656467650CFFFFFFFF04FFFFFFFF0CFFFFFFFF0C8D0300000C6D0400000CE60300000C580400000A0C0603000004000000000CFFFFFFFF110D04656467650CFFFFFFFF04FFFFFFFF0CFFFFFFFF0CF70300000600000000000000000C0E04000006010000000000F03F0C9F0300000C6E0400000B070E74
310
616E67656E745F6E6F745F6732110D067665727465780CFFFFFFFF04FFFFFFFF0CFFFFFFFF0C8E03000004010000000C6F040000110E07656C6C697073650D0563757276650CFFFFFFFF04FFFFFFFF0CFFFFFFFF1313DD6CE7C7F11BC000831B6BC8D1EA3F5860601D57782EC01400000000002F03BA00000000808F0D3A00
310
0000000000F0BF1414CF1D4A5804D5BF0CCF1D4A5804D53F06F86226D101003A06000000000000F03F0A06242D4454FB21E9BF0A06122D4454FB21E93F110D06636F656467650CFFFFFFFF04FFFFFFFF0CFFFFFFFF0C700400000C710400000C8F0300000CFA0300000B0C7204000004000000000CFFFFFFFF110D04656467
310
650CFFFFFFFF04FFFFFFFF0CFFFFFFFF0CFF0300000600000000000000000CFC03000006010000000000F03F0CF90300000C730400000B070E74616E67656E745F6E6F745F6732110D06636F656467650CFFFFFFFF04FFFFFFFF0CFFFFFFFF0C900300000C100400000C740400000C750400000A0C5103000004000000000C
310
FFFFFFFF110D067665727465780CFFFFFFFF04FFFFFFFF0CFFFFFFFF0C7604000004010000000C77040000110E07656C6C697073650D0563757276650CFFFFFFFF04FFFFFFFF0CFFFFFFFF13A1B2917BCA5814C0BFB47C70FA320CC0F86DDDF4980F2FC014FF2BA77CA36EB3BC000000000000F03F1B55D8A5ED459CBC147D
310
EE4F7194CB02C0245FDF66E3D8C9BCD2F2FB54AF58EBBF06000000000000F03F0A067D8A6B695E1C773F0A060783504639E7D43F110D06636F656467650CFFFFFFFF04FFFFFFFF0CFFFFFFFF0CB70300000C920300000C780400000C790400000A0CB803000004000000000CFFFFFFFF110D067665727465780CFFFFFFFF04
310
FFFFFFFF0CFFFFFFFF0C9303000004000000000C7A040000110E07656C6C697073650D0563757276650CFFFFFFFF04FFFFFFFF0CFFFFFFFF13A3B2917BCA5814C008831B6BC8D1EA3FF86DDDF4980F2FC014FF2BA77CA36EB33C000000000000F0BF1B55D8A5ED459C3C147DEE4F7194CB02C0245FDF66E3D8C9BCD2F2FB54
310
AF58EBBF06000000000000F03F0A060691504639E7D4BF0A067D8A6B695E1C77BF110D05706F696E740CFFFFFFFF04FFFFFFFF0CFFFFFFFF137A21E9E37AC31DC0C0B47C70FA320CC0EC09FB522C5F30C0110D06636F656467650CFFFFFFFF04FFFFFFFF0CFFFFFFFF0C7B0400000C960300000C530400000C060400000A0C
310
0404000004000000000CFFFFFFFF110D06636F656467650CFFFFFFFF04FFFFFFFF0CFFFFFFFF0C960300000C7B0400000C7C0400000C7D0400000A0C0404000004000000000CFFFFFFFF110D046C6F6F700CFFFFFFFF04FFFFFFFF0CFFFFFFFF0CFFFFFFFF0C030400000C7E040000110E0873747261696768740D05637572
310
76650CFFFFFFFF04FFFFFFFF0CFFFFFFFF1314DD6CE7C7F11BC04C6CCDB22202F73FE866BF15002B2FC0140000000000802F40D4EAFF7412A0773A0000000044E242BA0A0600000000000000000A06010000000000F03F110D04656467650CFFFFFFFF04FFFFFFFF0CFFFFFFFF0C7F04000006C4040000006A983C0C980300
310
00066F06A5F5E1EDBA3F0C530400000C800400000B070E74616E67656E745F6E6F745F6732110D05706F696E740CFFFFFFFF04FFFFFFFF0CFFFFFFFF137891490C1C872140406DCDB22202F73F5468BF15002B2FC0110D06636F656467650CFFFFFFFF04FFFFFFFF0CFFFFFFFF0C9B0300000C9A0300000C810400000C8204
310
00000A0C9C03000004000000000CFFFFFFFF110D06636F656467650CFFFFFFFF04FFFFFFFF0CFFFFFFFF0C7C0400000C830400000C9A0300000C0A0400000B0C8404000004000000000CFFFFFFFF110D04656467650CFFFFFFFF04FFFFFFFF0CFFFFFFFF0C8504000006122D4454FB21E9BF0C9D03000006142D4454FB21E9
310
3F0C9A0300000C860400000B070E74616E67656E745F6E6F745F6732110D04666163650C8704000004FFFFFFFF0CFFFFFFFF0CBF0200000C9C0300000C060000000CFFFFFFFF0C880400000B0B110D05706F696E740CFFFFFFFF04FFFFFFFF0CFFFFFFFF1314DD6CE7C7F11BC0906CCDB22202F73F4C67BF15002B2FC0110E
310
07656C6C697073650D0563757276650CFFFFFFFF04FFFFFFFF0CFFFFFFFF1314DD6CE7C7F11BC028F7237021D7F43F6437048E94822EC014000000000000F0BF7DEAFFBF120038BA00000000002F033A14AF47E17A148EA8393433333333EBB2B97C14AE47E17A943F06000000000000F03F0A0600000000000000000A0695
310
661FC2A465EF3F110D067665727465780CFFFFFFFF04FFFFFFFF0CFFFFFFFF0CA203000004000000000C89040000110E07656C6C697073650D0563757276650CFFFFFFFF04FFFFFFFF0CFFFFFFFF137891490C1C87214028F7237021D7F43F6437048E94822EC014000000000000F0BF7DEAFFBF120038BA00000000002F03
310
3A14AF47E17A148EA8393433333333EBB2B97C14AE47E17A943F06000000000000F03F0A0600000000000000000A06BF661FC2A465EF3F110D06636F656467650CFFFFFFFF04FFFFFFFF0CFFFFFFFF0CFB0300000CA60300000C8A0400000C8B0400000A0C5103000004000000000CFFFFFFFF110D04656467650CFFFFFFFF
310
04FFFFFFFF0CFFFFFFFF0C8C04000006082D4454FB21E9BF0C9403000006232D4454FB21E93F0CB20300000C8D0400000B070E74616E67656E745F6E6F745F6732110E0D4154545249425F435553544F4D0D066174747269620CFFFFFFFF04FFFFFFFF0CFFFFFFFF0CFFFFFFFF0CA9030000071667656E657269635F746167
310
5F6174747269625F6465660403000000040300000004FFFFFFFF071767656E657269635F7461675F6174747269625F6465662004010000000400000000070004000000000402000000044101000004420100000400000000110E0D4154545249425F435553544F4D0D066174747269620C8E04000004FFFFFFFF0CFFFFFFFF
310
0CFFFFFFFF0CAA030000071667656E657269635F7461675F6174747269625F6465660403000000040300000004FFFFFFFF071767656E657269635F7461675F6174747269625F6465662004010000000402000000070232350400000000040100000004C2FEFFFF0400000000110D04666163650C8F04000004FFFFFFFF0CFF
310
FFFFFF0C900400000C910400000C060000000CFFFFFFFF0C920400000B0B110D046C6F6F700CFFFFFFFF04FFFFFFFF0CFFFFFFFF0CFFFFFFFF0C930400000CAA030000110E04636F6E650D07737572666163650CFFFFFFFF04FFFFFFFF0CFFFFFFFF137691490C1C8721408585BB3ACEAF0FC00EABC43C735D30C014000000
310
000000F0BF4AE93B17C7719CBCFFFFFFFFFF2E033A1484C9C45D68F8343CD0BACF6D759787BF4B38DDFBE8BD90BF06000000000000F03F0B0B06000000000000000006000000000000F03F067C14AE47E17A943F0B0B0B0B0B110D06636F656467650CFFFFFFFF04FFFFFFFF0CFFFFFFFF0CD50300000C1C0400000C940400
310
000C950400000B0CAB03000004000000000CFFFFFFFF110D06636F656467650CFFFFFFFF04FFFFFFFF0CFFFFFFFF0C4A0400000C960400000CAD0300000C190400000A0C1504000004000000000CFFFFFFFF110D04656467650CFFFFFFFF04FFFFFFFF0CFFFFFFFF0C4C0400000600000000000000000C8C040000061C4359
310
7025A4F33F0CAD0300000C970400000B070E74616E67656E745F6E6F745F6732110D06636F656467650CFFFFFFFF04FFFFFFFF0CFFFFFFFF0C210400000C980400000CAE0300000C1B0400000A0C9904000004000000000CFFFFFFFF110D04656467650CFFFFFFFF04FFFFFFFF0CFFFFFFFF0CB90300000610044110044180
310
BC0C1D04000006010000000000F03F0CAE0300000C9A0400000B070E74616E67656E745F6E6F745F6732110D06636F656467650CFFFFFFFF04FFFFFFFF0CFFFFFFFF0C170400000CAF0300000C9B0400000C9C0400000B0CAB03000004000000000CFFFFFFFF110D067665727465780CFFFFFFFF04FFFFFFFF0CFFFFFFFF0C
310
B003000004000000000C9D040000110E07656C6C697073650D0563757276650CFFFFFFFF04FFFFFFFF0CFFFFFFFF137891490C1C8721400C630BCA8B62F43F0EABC43C735D30C014000000000000F0BF7DEAFFBF120038BA00000000002F033A14B77FD9AD26F6DDB90606DC5C1749933F02F1ED6563917BBF060000000000
310
00F03F0A06CDFFFFFFFF87B33C0A063543597025A4F33F110D05706F696E740CFFFFFFFF04FFFFFFFF0CFFFFFFFF1374458CCC31B01DC0C0B47C70FA320CC0929616F5916230C0110E07656C6C697073650D0563757276650CFFFFFFFF04FFFFFFFF0CFFFFFFFF1314DD6CE7C7F11BC00C630BCA8B62F43F0EABC43C735D30
310
C014000000000000F0BFF6900DAAB88A173D39408FD87CD300BD14FA10978EFFFFBF3C7605DC5C1749933FEFF1ED6563917BBF06000000000000F03F0A06990000000088A33C0A06E342597025A4F33F110D06636F656467650CFFFFFFFF04FFFFFFFF0CFFFFFFFF0C9E0400000C1A0400000CB70300000C220400000A0C99
310
04000004000000000CFFFFFFFF110D04656467650CFFFFFFFF04FFFFFFFF0CFFFFFFFF0C9F04000006008C504639E7D4BF0CB903000006548A6B695E1C77BF0C210400000CA00400000B070E74616E67656E745F6E6F745F6732110D04666163650CA104000004FFFFFFFF0CFFFFFFFF0C360200000CB80300000C06000000
310
0CFFFFFFFF0CA20400000B0B110D05706F696E740CFFFFFFFF04FFFFFFFF0CFFFFFFFF1314DD6CE7C7F11BC020D37E27B0AFF43FEC09FB522C5F30C0110D06636F656467650CFFFFFFFF04FFFFFFFF0CFFFFFFFF0CF10300000CEE0300000CBD0300000C260400000B0C8903000004000000000CFFFFFFFF110D0465646765
310
0CFFFFFFFF04FFFFFFFF0CFFFFFFFF0C2C04000006282D4454FB21E9BF0C2A04000006F92C4454FB21E93F0C250400000CA30400000B070E74616E67656E745F6E6F745F6732110D06636F656467650CFFFFFFFF04FFFFFFFF0CFFFFFFFF0CA40400000CBE0300000CA50400000CA60400000A0C2904000004000000000CFF
310
FFFFFF110D06636F656467650CFFFFFFFF04FFFFFFFF0CFFFFFFFF0CBE0300000CA40400000CEF0300000C650400000A0C2904000004000000000CFFFFFFFF110D046C6F6F700CFFFFFFFF04FFFFFFFF0CFFFFFFFF0CFFFFFFFF0C270400000CA7040000110D067665727465780CFFFFFFFF04FFFFFFFF0CFFFFFFFF0C6504
310
000004000000000CA8040000110E07656C6C697073650D0563757276650CFFFFFFFF04FFFFFFFF0CFFFFFFFF137691490C1C872140A3DA7B56E7440BC048C427907B492FC014000000000000F03F5B8046E48E9FBE3CEC7388B6C30084BC149921D0197F14B63C9C9B369B7FEBE6BF1DBB30943FF1AD3F06000000000000F0
310
3F0A06D5CE0797ED42E0BF0A0631895EA61B2058BF110D067665727465780CFFFFFFFF04FFFFFFFF0CFFFFFFFF0C6304000004010000000CA9040000110E07656C6C697073650D0563757276650CFFFFFFFF04FFFFFFFF0CFFFFFFFF13F05AC945974B2140C1B47C70FA320CC048C427907B492FC0145B8046E48E9FBEBC00
310
0000000000F03F2C4388B6C30084BC149C9B369B7FEBE63F3F21D0197F14B63C1DBB30943FF1AD3F06000000000000F03F0A06E3CE0797ED42E0BF0A06760F20A61B2058BF110D06636F656467650CFFFFFFFF04FFFFFFFF0CFFFFFFFF0CC20300000CC10300000CAA0400000CAB0400000B0CC303000004000000000CFFFF
310
FFFF110D04656467650CFFFFFFFF04FFFFFFFF0CFFFFFFFF0CAC0400000600000000000000000CC503000006B8661FC2A465EF3F0CDF0300000CAD0400000B070E74616E67656E745F6E6F745F6732110D06636F656467650CFFFFFFFF04FFFFFFFF0CFFFFFFFF0CAE0400000CA50400000CC20300000C310400000B0CAF04
310
000004000000000CFFFFFFFF110D04656467650CFFFFFFFF04FFFFFFFF0CFFFFFFFF0CC403000006DCFFFFFF3FE8FD3C0CB0040000065B661FC2A465EF3F0C300400000CB10400000B070E74616E67656E745F6E6F745F6732110D04666163650CB204000004FFFFFFFF0CFFFFFFFF0CA70400000CC30300000C060000000C
310
FFFFFFFF0CB30400000B0B110D05706F696E740CFFFFFFFF04FFFFFFFF0CFFFFFFFF137691490C1C872140726A571A120610C03C1CF9DFE27C2EC0110D05706F696E740CFFFFFFFF04FFFFFFFF0CFFFFFFFF138019567D667D2240C1B47C70FA320CC03C1CF9DFE27C2EC0110E0D4154545249425F435553544F4D0D066174
310
747269620CFFFFFFFF04FFFFFFFF0CFFFFFFFF0CFFFFFFFF0CC8030000071667656E657269635F7461675F6174747269625F6465660403000000040300000004FFFFFFFF071767656E657269635F7461675F6174747269625F6465662004010000000400000000070004000000000402000000044101000004420100000400
310
000000110E0D4154545249425F435553544F4D0D066174747269620CB404000004FFFFFFFF0CFFFFFFFF0CFFFFFFFF0CC9030000071667656E657269635F7461675F6174747269625F6465660403000000040300000004FFFFFFFF071767656E657269635F7461675F6174747269625F646566200401000000040200000007
310
0233370400000000040100000004C2FEFFFF0400000000110D04666163650CB504000004FFFFFFFF0CFFFFFFFF0C510400000CAF0400000C060000000CFFFFFFFF0CB60400000B0B110E05746F7275730D07737572666163650CFFFFFFFF04FFFFFFFF0CFFFFFFFF137891490C1C87214000831B6BC8D1EA3F6437048E9482
310
2EC01400000000002F03BA00000000808F0D3A000000000000F0BF0694D658EAF4B8DD3F067C14AE47E17A943F14000000000000F0BF7DEAFFBF120038BA00000000002F033A0B0B0B0B0B110D06636F656467650CFFFFFFFF04FFFFFFFF0CFFFFFFFF0C3D0400000C3C0400000CB70400000CB80400000B0CCA0300000400
310
0000000CFFFFFFFF110D06636F656467650CFFFFFFFF04FFFFFFFF0CFFFFFFFF0C810400000CB90400000CCD0300000C3B0400000A0CBA04000004000000000CFFFFFFFF110D04656467650CFFFFFFFF04FFFFFFFF0CFFFFFFFF0CD10300000646C300B96D56AD3C0C3E04000006010000000000F03F0CCD0300000CBB0400
310
000B070E74616E67656E745F6E6F745F6732110D06636F656467650CFFFFFFFF04FFFFFFFF0CFFFFFFFF0C390400000CCE0300000CBC0400000CBD0400000B0CCA03000004000000000CFFFFFFFF110D06636F656467650CFFFFFFFF04FFFFFFFF0CFFFFFFFF0CCE0300000C390400000CF30300000C6B0400000B0CCA0300
310
0004000000000CFFFFFFFF110D067665727465780CFFFFFFFF04FFFFFFFF0CFFFFFFFF0CCF03000004000000000CBE040000110D067665727465780CFFFFFFFF04FFFFFFFF0CFFFFFFFF0CCF03000004010000000CBF040000110E07656C6C697073650D0563757276650CFFFFFFFF04FFFFFFFF0CFFFFFFFF137C6A123657
310
CD1DC0C1B47C70FA320CC06437048E94822EC0147DEAFFBF120038BA000000000000F03F00000000808F0D3A1407AA8273930591BFECE71161B829DCB9A89A6C2CB8C6863F06000000000000F03F0A065700000090E7043D0A063C661FC2A465EF3F110E07656C6C697073650D0563757276650CFFFFFFFF04FFFFFFFF0CFF
310
FFFFFF1313DD6CE7C7F11BC000831B6BC8D1EA3F3C1CF9DFE27C2EC01400000000002F033A00000000808F0DBA000000000000F03F141E5D49A2ECC4D5BF165D49A2ECC4D53F321412A27D94003A06000000000000F03F0A06122D4454FB21E9BF0A06232D4454FB21E93F110D05706F696E740CFFFFFFFF04FFFFFFFF0CFF
310
FFFFFF1327ED85C95CDE1DC0F8821B6BC8D1EA3F3C1CF9DFE27C2EC0110D05706F696E740CFFFFFFFF04FFFFFFFF0CFFFFFFFF137C6A123657CD1DC0F8821B6BC8D1EA3F5860601D57782EC0110D06636F656467650CFFFFFFFF04FFFFFFFF0CFFFFFFFF0CD90300000CD40300000CC00400000CC10400000A0CA402000004
310
000000000CFFFFFFFF110D06636F656467650CFFFFFFFF04FFFFFFFF0CFFFFFFFF0C940400000CC20400000CD40300000C460400000B0C9104000004000000000CFFFFFFFF110D04656467650CFFFFFFFF04FFFFFFFF0CFFFFFFFF0CC30400000646C300B96D569D3C0C4704000006000000000000F03F0C450400000CC404
310
00000B070E74616E67656E745F6E6F745F6732110D067665727465780CFFFFFFFF04FFFFFFFF0CFFFFFFFF0C9504000004010000000CC5040000110E07656C6C697073650D0563757276650CFFFFFFFF04FFFFFFFF0CFFFFFFFF137891490C1C87214000831B6BC8D1EA3F929616F5916230C01400000000002F033A000000
310
00808F0DBA000000000000F03F149509FF0B98BAD33F9509FF0B98BAD33F5E800FD93897D93906000000000000F03F0A06342D4454FB21E9BF0A06182D4454FB21E93F110D05706F696E740CFFFFFFFF04FFFFFFFF0CFFFFFFFF137891490C1C8721400C630BCA8B62F43F929616F5916230C0110D06636F656467650CFFFF
310
FFFF04FFFFFFFF0CFFFFFFFF0C930400000C180400000CD90300000C4B0400000B0C1504000004000000000CFFFFFFFF110D04656467650CFFFFFFFF04FFFFFFFF0CFFFFFFFF0C4C0400000617866118866188BC0CC604000006FFFFFFFFFFFFEF3F0C4A0400000CC70400000B070E74616E67656E745F6E6F745F6732110D
310
067665727465780CFFFFFFFF04FFFFFFFF0CFFFFFFFF0C1904000004000000000CC8040000110E07656C6C697073650D0563757276650CFFFFFFFF04FFFFFFFF0CFFFFFFFF1312DD6CE7C7F11BC0C2B47C70FA320CC0929616F5916230C01400000000002F033A00000000808F0DBA000000000000F03F14A509FF0B98BAD3
310
BF9D09FF0B98BAD3BF54800FD93897D9B906000000000000F03F0A06242D4454FB21E9BF0A06122D4454FB21E93F110D06636F656467650CFFFFFFFF04FFFFFFFF0CFFFFFFFF0C620400000CC90400000CDD0300000C4F0400000B0C5E04000004000000000CFFFFFFFF110D04656467650CFFFFFFFF04FFFFFFFF0CFFFFFF
310
FF0CE40300000600000000000000000C2C04000006000000000000F03F0C4E0400000CCA0400000B070E74616E67656E745F6E6F745F6732110D06636F656467650CFFFFFFFF04FFFFFFFF0CFFFFFFFF0CDF0300000CDE0300000C6D0400000CCB0400000B0CE003000004000000000CFFFFFFFF110D04666163650CCC0400
310
0004FFFFFFFF0CFFFFFFFF0C320400000CE00300000C060000000CFFFFFFFF0CCD0400000B0B110D06636F656467650CFFFFFFFF04FFFFFFFF0CFFFFFFFF0CCE0400000CE20300000CC90400000C560400000A0C5404000004000000000CFFFFFFFF110D06636F656467650CFFFFFFFF04FFFFFFFF0CFFFFFFFF0CE2030000
310
0CCE0400000C020400000C060400000B0C5404000004000000000CFFFFFFFF110D046C6F6F700CFFFFFFFF04FFFFFFFF0CFFFFFFFF0CFFFFFFFF0C530400000CCF040000110E07656C6C697073650D0563757276650CFFFFFFFF04FFFFFFFF0CFFFFFFFF137891490C1C87214000831B6BC8D1EA3F5468BF15002B2FC01400
310
000000002F03BA00000000808F0D3A000000000000F0BF14A0C0C4C72226DB3F97C0C4C72226DB3FFCD29FBE939BE13906000000000000F03F0A061D2D4454FB21E9BF0A06212D4454FB21E93F110D04656467650CFFFFFFFF04FFFFFFFF0CFFFFFFFF0CD0040000064E030000C05CC5BC0CE403000006BFB9A5F5E1EDBA3F
310
0CC90400000CD10400000B070E74616E67656E745F6E6F745F6732110D05706F696E740CFFFFFFFF04FFFFFFFF0CFFFFFFFF13D086F1DB43BA2240F8821B6BC8D1EA3FF066BF15002B2FC0110D04656467650CFFFFFFFF04FFFFFFFF0CFFFFFFFF0C0E04000006252D4454FB21E9BF0C59040000061D2D4454FB21E93F0CE6
310
0300000CD20400000B070E74616E67656E745F6E6F745F6732110D067665727465780CFFFFFFFF04FFFFFFFF0CFFFFFFFF0CE703000004000000000CD3040000110E07656C6C697073650D0563757276650CFFFFFFFF04FFFFFFFF0CFFFFFFFF132C589CB3E3742240F8821B6BC8D1EA3F6437048E94822EC0147DEAFFBF12
310
0038BA000000000000F03F00000000808F0D3A14AF47E17A148EA8393433333333EBB2B97C14AE47E17A943F06000000000000F03F0A0600000000000000000A061F671FC2A465EF3F110E0D4154545249425F435553544F4D0D066174747269620CFFFFFFFF04FFFFFFFF0CFFFFFFFF0CFFFFFFFF0CEA030000071667656E
310
657269635F7461675F6174747269625F6465660403000000040300000004FFFFFFFF071767656E657269635F7461675F6174747269625F6465662004010000000400000000070004000000000402000000044101000004420100000400000000110E0D4154545249425F435553544F4D0D066174747269620CD404000004FF
310
FFFFFF0CFFFFFFFF0CFFFFFFFF0CEB030000071667656E657269635F7461675F6174747269625F6465660403000000040300000004FFFFFFFF071767656E657269635F7461675F6174747269625F6465662004010000000402000000070234390400000000040100000004C2FEFFFF0400000000110D04666163650CD50400
310
0004FFFFFFFF0CFFFFFFFF0CCF0400000C720400000C060000000CFFFFFFFF0CD60400000B0B110D046C6F6F700CFFFFFFFF04FFFFFFFF0CFFFFFFFF0CFFFFFFFF0CC90400000CEB030000110E04636F6E650D07737572666163650CFFFFFFFF04FFFFFFFF0CFFFFFFFF13B6DC456E0FB02240E8821B6BC8D1EA3F505BDE42
310
D92B2FC0147DEAFFBF1200383A000000000000F0BF00000000808F0DBA14C0AE7F5F7778943F97A6FA950E90DE39B5EF652D47E2433F06000000000000F03F0B0B06000000000000000006000000000000F03F067D14AE47E17A943F0B0B0B0B0B110D06636F656467650CFFFFFFFF04FFFFFFFF0CFFFFFFFF0CD70400000C
310
740400000C640400000CD80400000A0CEC03000004000000000CFFFFFFFF110D06636F656467650CFFFFFFFF04FFFFFFFF0CFFFFFFFF0CEE0300000CF10300000CD90400000CDA0400000B0C8903000004000000000CFFFFFFFF110D06636F656467650CFFFFFFFF04FFFFFFFF0CFFFFFFFF0CDB0400000C4E0400000CEE03
310
00000C630400000A0C5E04000004000000000CFFFFFFFF110D04656467650CFFFFFFFF04FFFFFFFF0CFFFFFFFF0CDC04000006EA0300003050DB3C0C2C040000066B0BA5F5E1EDBA3F0CEE0300000CDD0400000B070E74616E67656E745F6E6F745F6732110D06636F656467650CFFFFFFFF04FFFFFFFF0CFFFFFFFF0CF003
310
00000CEF0300000C600400000CD80400000B0C3E03000004000000000CFFFFFFFF110D04656467650CFFFFFFFF04FFFFFFFF0CFFFFFFFF0C2A0400000600000000000000000CDE04000006010000000000F03F0C280400000CDF0400000B070E74616E67656E745F6E6F745F6732110D06636F656467650CFFFFFFFF04FFFF
310
FFFF0CFFFFFFFF0C8A0400000CE00400000CF00300000C670400000A0CE104000004000000000CFFFFFFFF110D04656467650CFFFFFFFF04FFFFFFFF0CFFFFFFFF0CE20400000617866118866188BC0C6804000006FFFFFFFFFFFFEF3F0CF00300000CE30400000B070E74616E67656E745F6E6F745F6732110D0676657274
310
65780CFFFFFFFF04FFFFFFFF0CFFFFFFFF0CF203000004000000000CE4040000110E07656C6C697073650D0563757276650CFFFFFFFF04FFFFFFFF0CFFFFFFFF137891490C1C872140DCF036FC636B10C0505BDE42D92B2FC014000000000000F0BF7B6CEE36A830153DB8FD26D746C16DBD14162C7DB033074A3B47B8E607
310
957994BFC5ACAAD79A293DBF06000000000000F03F0A06F0FEFFFFEB49F0BC0A065BBAA5F5E1EDBA3F110D06636F656467650CFFFFFFFF04FFFFFFFF0CFFFFFFFF0CAA0400000CF30300000CAE0400000CE50400000A0C0603000004000000000CFFFFFFFF110D04656467650CFFFFFFFF04FFFFFFFF0CFFFFFFFF0CE60400
310
00061E2D4454FB21E9BF0C3F040000061B2D4454FB21E93F0C3D0400000CE70400000B070E74616E67656E745F6E6F745F6732110E0873747261696768740D0563757276650CFFFFFFFF04FFFFFFFF0CFFFFFFFF137C6A123657CD1DC0C1B47C70FA320CC05860601D57782EC01443320CDCA52D5ABAC0CAA145B673114047
310
E17A14201F303A0A0600000000000000000A06000000000000F03F110D06636F656467650CFFFFFFFF04FFFFFFFF0CFFFFFFFF0CF50300000CAA0400000C500400000CCB0400000A0C0603000004000000000CFFFFFFFF110E0873747261696768740D0563757276650CFFFFFFFF04FFFFFFFF0CFFFFFFFF1314DD6CE7C7F1
310
1BC028F7237021D7F43F5860601D57782EC0140000000000802F40D4EAFF7412A0773A0000000044E242BA0A0600000000000000000A06010000000000F03F110D05706F696E740CFFFFFFFF04FFFFFFFF0CFFFFFFFF1314DD6CE7C7F11BC028F7237021D7F43F5860601D57782EC0110D06636F656467650CFFFFFFFF04FF
310
FFFFFF0CFFFFFFFF0CE80400000CF90300000CE90400000C760400000A0C7204000004000000000CFFFFFFFF110D06636F656467650CFFFFFFFF04FFFFFFFF0CFFFFFFFF0CF90300000CE80400000C830400000CEA0400000B0C7204000004000000000CFFFFFFFF110D046C6F6F700CFFFFFFFF04FFFFFFFF0CFFFFFFFF0C
310
FFFFFFFF0C700400000C5D040000110E0873747261696768740D0563757276650CFFFFFFFF04FFFFFFFF0CFFFFFFFF13495A6D4028581EC000831B6BC8D1EA3F9C0A1496132C2FC01443320CDCA52D5A3AC0CAA145B67311C047E17A14201F30BA0A0600000000000000000A06010000000000F03F110D06636F656467650C
310
FFFFFFFF04FFFFFFFF0CFFFFFFFF0C600400000CE90400000CFB0300000C750400000B0CEC03000004000000000CFFFFFFFF110D04656467650CFFFFFFFF04FFFFFFFF0CFFFFFFFF0CFC03000006172D4454FB21E9BF0CE204000006152D4454FB21E93F0C740400000CEB0400000B070E74616E67656E745F6E6F745F6732
310
110D04656467650CFFFFFFFF04FFFFFFFF0CFFFFFFFF0CEC040000062E97FFFFBFEBC2BC0CFC030000062B30A5F5E1EDBA3F0CE90400000CED0400000B070E74616E67656E745F6E6F745F6732110D05706F696E740CFFFFFFFF04FFFFFFFF0CFFFFFFFF133B5A6D4028581EC0C1B47C70FA320CC0B40B1496132C2FC0110D
310
06636F656467650CFFFFFFFF04FFFFFFFF0CFFFFFFFF0C830400000C7C0400000CFE0300000C790400000B0C8404000004000000000CFFFFFFFF110D04656467650CFFFFFFFF04FFFFFFFF0CFFFFFFFF0C9F04000006192D4454FB21E9BF0CFF03000006122D4454FB21E93F0CFE0300000CEE0400000B070E74616E67656E
310
745F6E6F745F6732110D05706F696E740CFFFFFFFF04FFFFFFFF0CFFFFFFFF13495A6D4028581EC000831B6BC8D1EA3F9C0A1496132C2FC0110D06636F656467650CFFFFFFFF04FFFFFFFF0CFFFFFFFF0C030400000C020400000C9E0400000CEF0400000B0C0404000004000000000CFFFFFFFF110D06636F656467650CFF
310
FFFFFF04FFFFFFFF0CFFFFFFFF0C780400000C090400000C030400000C7D0400000B0C8404000004000000000CFFFFFFFF110D04656467650CFFFFFFFF04FFFFFFFF0CFFFFFFFF0C9D03000006C9E0FFFFBF7AC03C0C9F040000069A8AA5F5E1EDBA3F0C7C0400000CF00400000B070E74616E67656E745F6E6F745F673211
310
0D04666163650CF104000004FFFFFFFF0CFFFFFFFF0CF20400000C040400000C060000000CFFFFFFFF0CF30400000B0B110D067665727465780CFFFFFFFF04FFFFFFFF0CFFFFFFFF0CF404000004000000000CF5040000110E07656C6C697073650D0563757276650CFFFFFFFF04FFFFFFFF0CFFFFFFFF137891490C1C8721
310
40401B70457FB0F63FAC5CDE42D92B2FC014000000000000F03F7DEAFFBF1200383A00000000002F03BA14D9146013F3C7DEB973B5E6079579943FA212ACD79A293DBF06000000000000F03F0A06C4040000006A983C0A066F06A5F5E1EDBA3F110D06636F656467650CFFFFFFFF04FFFFFFFF0CFFFFFFFF0CF60400000C3A
310
0400000C080400000C820400000B0CBA04000004000000000CFFFFFFFF110D04656467650CFFFFFFFF04FFFFFFFF0CFFFFFFFF0CD103000006DBCE0797ED42E0BF0C850400000694B55FA61B2058BF0C810400000CF70400000B070E74616E67656E745F6E6F745F6732110D06636F656467650CFFFFFFFF04FFFFFFFF0CFF
310
FFFFFF0C090400000C780400000C710400000CEA0400000A0C8404000004000000000CFFFFFFFF110D046C6F6F700CFFFFFFFF04FFFFFFFF0CFFFFFFFF0CFFFFFFFF0C830400000CF8040000110D067665727465780CFFFFFFFF04FFFFFFFF0CFFFFFFFF0C8204000004010000000CF9040000110E07656C6C697073650D05
310
63757276650CFFFFFFFF04FFFFFFFF0CFFFFFFFF1313DD6CE7C7F11BC000831B6BC8D1EA3F4C67BF15002B2FC01400000000002F03BA00000000808F0D3A000000000000F0BF14B8BEC4C72226DBBFADBEC4C72226DB3FA42E5A9969AD043A06000000000000F03F0A06122D4454FB21E9BF0A06142D4454FB21E93F110E0D
310
4154545249425F435553544F4D0D066174747269620CFA04000004FFFFFFFF0CFFFFFFFF0CFFFFFFFF0C0B040000071667656E657269635F7461675F6174747269625F6465660403000000040300000004FFFFFFFF071767656E657269635F7461675F6174747269625F646566200401000000040200000007023434040000
310
0000040100000004C2FEFFFF0400000000110E05746F7275730D07737572666163650CFFFFFFFF04FFFFFFFF0CFFFFFFFF1315DD6CE7C7F11BC000831B6BC8D1EA3F44C427907B492FC0147328E1EBD17D043D339EA228970CE33C000000000000F03F06F1401B4063C2BDBF06A642193206FFE63F14000000000000F03F87
310
EAFFBF1200383A7328E1EBD17D04BD0B0B0B0B0B110D05706F696E740CFFFFFFFF04FFFFFFFF0CFFFFFFFF137891490C1C87214028F7237021D7F43F5860601D57782EC0110D06636F656467650CFFFFFFFF04FFFFFFFF0CFFFFFFFF0CFB0400000C660400000C100400000C8B0400000B0CE104000004000000000CFFFFFF
310
FF110D04656467650CFFFFFFFF04FFFFFFFF0CFFFFFFFF0CE204000006B090504639E7D4BF0C8C04000006548A6B695E1C77BF0C8A0400000CFC0400000B070E74616E67656E745F6E6F745F6732110D067665727465780CFFFFFFFF04FFFFFFFF0CFFFFFFFF0C1904000004010000000CFD040000110E07656C6C69707365
310
0D0563757276650CFFFFFFFF04FFFFFFFF0CFFFFFFFF1312DD6CE7C7F11BC0C2B47C70FA320CC0EC09FB522C5F30C01400000000002F03BA00000000808F0D3A000000000000F0BF14D712B4DBC894D4BFCF12B4DBC894D4BF92437BC93DB2DAB906000000000000F03F0A06082D4454FB21E9BF0A06232D4454FB21E93F11
310
0E0D4154545249425F435553544F4D0D066174747269620CFFFFFFFF04FFFFFFFF0CFFFFFFFF0CFFFFFFFF0C13040000071667656E657269635F7461675F6174747269625F6465660403000000040300000004FFFFFFFF071767656E657269635F7461675F6174747269625F64656620040100000004000000000700040000
310
00000402000000044101000004420100000400000000110E0D4154545249425F435553544F4D0D066174747269620CFE04000004FFFFFFFF0CFFFFFFFF0CFFFFFFFF0C14040000071667656E657269635F7461675F6174747269625F6465660403000000040300000004FFFFFFFF071767656E657269635F7461675F617474
310
7269625F6465662004010000000402000000070232360400000000040100000004C2FEFFFF0400000000110D04666163650CFF04000004FFFFFFFF0CFFFFFFFF0C000500000C010500000C060000000CFFFFFFFF0C020500000B0B110D046C6F6F700CFFFFFFFF04FFFFFFFF0CFFFFFFFF0CFFFFFFFF0CC20400000C140400
310
00110E04636F6E650D07737572666163650CFFFFFFFF04FFFFFFFF0CFFFFFFFF13A845D9FE50662240E8821B6BC8D1EA3F0EABC43C735D30C0147DEAFFBF1200383A000000000000F0BF00000000808F0DBA1475BCCF6D7597873F75075D96718FD539B737DDFBE8BD90BF06000000000000F03F0B0B060000000000000000
310
06000000000000F03F067C14AE47E17A943F0B0B0B0B0B110D06636F656467650CFFFFFFFF04FFFFFFFF0CFFFFFFFF0C960400000C4A0400000C030500000C040500000B0C1504000004000000000CFFFFFFFF110D06636F656467650CFFFFFFFF04FFFFFFFF0CFFFFFFFF0C050500000C450400000C170400000C95040000
310
0A0C9104000004000000000CFFFFFFFF110D04656467650CFFFFFFFF04FFFFFFFF0CFFFFFFFF0C060500000661030000600122BD0C4704000006AA42597025A4F33F0C170400000C070500000B070E74616E67656E745F6E6F745F6732110D06636F656467650CFFFFFFFF04FFFFFFFF0CFFFFFFFF0C180400000C93040000
310
0CFB0400000C080500000B0C1504000004000000000CFFFFFFFF110E07656C6C697073650D0563757276650CFFFFFFFF04FFFFFFFF0CFFFFFFFF1313DD6CE7C7F11BC08985BB3ACEAF0FC00EABC43C735D30C014000000000000F0BF7DEAFFBF120038BA00000000002F033A14AF47E17A148EA8B93433333333EBB2397C14
310
AE47E17A94BF06000000000000F03F0A0600000000000000000A061C43597025A4F33F110D06636F656467650CFFFFFFFF04FFFFFFFF0CFFFFFFFF0C1A0400000C9E0400000C090500000CF40400000B0C9904000004000000000CFFFFFFFF110D046C6F6F700CFFFFFFFF04FFFFFFFF0CFFFFFFFF0CFFFFFFFF0C1A040000
310
0C0A050000110E0873747261696768740D0563757276650CFFFFFFFF04FFFFFFFF0CFFFFFFFF1313DD6CE7C7F11BC024D37E27B0AFF43FEC09FB522C5F30C0140000000000802F40D4EAFF7412A0773A0000000044E242BA0A0610044110044180BC0A06010000000000F03F110D06636F656467650CFFFFFFFF04FFFFFFFF
310
0CFFFFFFFF0C090500000C0B0500000C1C0400000C9C0400000A0C0C05000004000000000CFFFFFFFF110D04656467650CFFFFFFFF04FFFFFFFF0CFFFFFFFF0C1D040000062B2D4454FB21E9BF0C0605000006322D4454FB21E93F0C1C0400000C0D0500000B070E74616E67656E745F6E6F745F6732110D05706F696E740C
310
FFFFFFFF04FFFFFFFF0CFFFFFFFF137891490C1C87214024D37E27B0AFF43FEC09FB522C5F30C0110D06636F656467650CFFFFFFFF04FFFFFFFF0CFFFFFFFF0C980400000C210400000C7B0400000CEF0400000A0C9904000004000000000CFFFFFFFF110D067665727465780CFFFFFFFF04FFFFFFFF0CFFFFFFFF0C220400
310
0004000000000C0E050000110E07656C6C697073650D0563757276650CFFFFFFFF04FFFFFFFF0CFFFFFFFF1313DD6CE7C7F11BC043E8DE7911FBF0BFF86DDDF4980F2FC014000000000000F0BFFF2BA77CA36EB3BC786DD8A5ED459C3C14BE61DF66E3D8C9BC7DEE4F7194CB0240D2F2FB54AF58EBBF06000000000000F03F
310
0A06008C504639E7D4BF0A06548A6B695E1C77BF110E0D4154545249425F435553544F4D0D066174747269620C0F05000004FFFFFFFF0CFFFFFFFF0CFFFFFFFF0C23040000071667656E657269635F7461675F6174747269625F6465660403000000040300000004FFFFFFFF071767656E657269635F7461675F6174747269
310
625F6465662004010000000402000000070233310400000000040100000004C2FEFFFF0400000000110E05746F7275730D07737572666163650CFFFFFFFF04FFFFFFFF0CFFFFFFFF1313DD6CE7C7F11BC000831B6BC8D1EA3FF86DDDF4980F2FC01488D3CD3DA387C03CCFF33696915EB8BC000000000000F03F06F3A96CAF
310
F563FEBF06170000000000044014000000000000F03F7DEAFFBF1200383A88D3CD3DA387C0BC0B0B0B0B0B110E07656C6C697073650D0563757276650CFFFFFFFF04FFFFFFFF0CFFFFFFFF137891490C1C872140BDB47C70FA320CC05468BF15002B2FC01400000000002F03BA00000000808F0D3A000000000000F0BF147C
310
C0C4C72226DB3FB2C0C4C72226DBBF1A305A9969AD04BA06000000000000F03F0A06282D4454FB21E9BF0A06F92C4454FB21E93F110D06636F656467650CFFFFFFFF04FFFFFFFF0CFFFFFFFF0C280400000C270400000C100500000C110500000B0C2904000004000000000CFFFFFFFF110D06636F656467650CFFFFFFFF04
310
FFFFFFFF0CFFFFFFFF0C300400000CB70400000C270400000CA60400000B0CAF04000004000000000CFFFFFFFF110D04656467650CFFFFFFFF04FFFFFFFF0CFFFFFFFF0C120500000600000000000000000CC403000006000000000000F03F0CA50400000C130500000B070E74616E67656E745F6E6F745F6732110D046661
310
63650C1405000004FFFFFFFF0CFFFFFFFF0C150500000C290400000C060000000CFFFFFFFF0C160500000B0B110D05706F696E740CFFFFFFFF04FFFFFFFF0CFFFFFFFF137891490C1C87214012458ED7CC7F10C0EC66BF15002B2FC0110D05706F696E740CFFFFFFFF04FFFFFFFF0CFFFFFFFF13EE86F1DB43BA2240BFB47C
310
70FA320CC05468BF15002B2FC0110D06636F656467650CFFFFFFFF04FFFFFFFF0CFFFFFFFF0C6D0400000C6A0400000C2E0400000CAB0400000A0C0603000004000000000CFFFFFFFF110D04656467650CFFFFFFFF04FFFFFFFF0CFFFFFFFF0CAC040000061A2D4454FB21E9BF0CB0040000063E2D4454FB21E93F0C2E0400
310
000C170500000B070E74616E67656E745F6E6F745F6732110D067665727465780CFFFFFFFF04FFFFFFFF0CFFFFFFFF0C2F04000004000000000C18050000110E07656C6C697073650D0563757276650CFFFFFFFF04FFFFFFFF0CFFFFFFFF132C589CB3E3742240C1B47C70FA320CC06437048E94822EC0147DEAFFBF120038
310
BA000000000000F03F00000000808F0D3A14AF47E17A148EA8393433333333EBB2B97C14AE47E17A943F06000000000000F03F0A0600000000000000000A06B8661FC2A465EF3F110D06636F656467650CFFFFFFFF04FFFFFFFF0CFFFFFFFF0CB70400000C300400000C6A0400000CE50400000B0CAF04000004000000000C
310
FFFFFFFF110D046C6F6F700CFFFFFFFF04FFFFFFFF0CFFFFFFFF0CFFFFFFFF0C300400000C37040000110D067665727465780CFFFFFFFF04FFFFFFFF0CFFFFFFFF0C3104000004010000000C19050000110E07656C6C697073650D0563757276650CFFFFFFFF04FFFFFFFF0CFFFFFFFF137691490C1C87214091CFC70D19EA
310
0FC06437048E94822EC014000000000000F0BF7DEAFFBF120038BA00000000002F033A144CEBE8465F3DDB3942AA8273930591BFC69A6C2CB8C6863F06000000000000F03F0A06DCFFFFFF3FE8FD3C0A065B661FC2A465EF3F110E0D4154545249425F435553544F4D0D066174747269620C1A05000004FFFFFFFF0CFFFFFF
310
FF0CFFFFFFFF0C32040000071667656E657269635F7461675F6174747269625F6465660403000000040300000004FFFFFFFF071767656E657269635F7461675F6174747269625F6465662004010000000402000000070234300400000000040100000004C2FEFFFF0400000000110E05746F7275730D07737572666163650C
310
FFFFFFFF04FFFFFFFF0CFFFFFFFF137891490C1C872140BDB47C70FA320CC06437048E94822EC01400000000002F03BA00000000808F0D3A000000000000F0BF068AD658EAF4B8DD3F067C14AE47E17A943F14000000000000F0BF7DEAFFBF120038BA00000000002F033A0B0B0B0B0B110E0D4154545249425F435553544F
310
4D0D066174747269620CFFFFFFFF04FFFFFFFF0CFFFFFFFF0CFFFFFFFF0C36040000071667656E657269635F7461675F6174747269625F6465660403000000040300000004FFFFFFFF071767656E657269635F7461675F6174747269625F646566200401000000040000000007000400000000040200000004410100000442
310
0100000400000000110E0D4154545249425F435553544F4D0D066174747269620C1B05000004FFFFFFFF0CFFFFFFFF0CFFFFFFFF0C37040000071667656E657269635F7461675F6174747269625F6465660403000000040300000004FFFFFFFF071767656E657269635F7461675F6174747269625F64656620040100000004
310
02000000070233380400000000040100000004C2FEFFFF0400000000110E04636F6E650D07737572666163650CFFFFFFFF04FFFFFFFF0CFFFFFFFF137691490C1C87214091CFC70D19EA0FC06437048E94822EC014000000000000F0BF4AE93B17C7719CBCFFFFFFFFFF2E033A142F81A18A4F27313CC7967E7F394C83BFFF
310
1A6E4A8910923F06000000000000F03F0B0B06000000000000000006000000000000F03F067C14AE47E17A943F0B0B0B0B0B110D06636F656467650CFFFFFFFF04FFFFFFFF0CFFFFFFFF0CA50400000CAE0400000C390400000CB80400000A0CAF04000004000000000CFFFFFFFF110D04656467650CFFFFFFFF04FFFFFFFF
310
0CFFFFFFFF0C120500000644000000006AB8BC0CE604000006E5651FC2A465EF3F0C390400000C1C0500000B070E74616E67656E745F6E6F745F6732110D06636F656467650CFFFFFFFF04FFFFFFFF0CFFFFFFFF0C3A0400000CF60400000C1D0500000C1E0500000B0CBA04000004000000000CFFFFFFFF110D046C6F6F70
310
0CFFFFFFFF04FFFFFFFF0CFFFFFFFF0CFFFFFFFF0C3A0400000C1F050000110E0873747261696768740D0563757276650CFFFFFFFF04FFFFFFFF0CFFFFFFFF1327ED85C95CDE1DC000831B6BC8D1EA3F3C1CF9DFE27C2EC01443320CDCA52D5A3AC0CAA145B67311C047E17A14201F30BA0A0646C300B96D56AD3C0A060100
310
00000000F03F110D06636F656467650CFFFFFFFF04FFFFFFFF0CFFFFFFFF0C1D0500000C100500000C3C0400000CBD0400000A0C2005000004000000000CFFFFFFFF110D04656467650CFFFFFFFF04FFFFFFFF0CFFFFFFFF0C3E040000061A2D4454FB21E9BF0C12050000061E2D4454FB21E93F0C3C0400000C210500000B
310
070E74616E67656E745F6E6F745F6732110D05706F696E740CFFFFFFFF04FFFFFFFF0CFFFFFFFF1326ED85C95CDE1DC0C1B47C70FA320CC03C1CF9DFE27C2EC0110D05706F696E740CFFFFFFFF04FFFFFFFF0CFFFFFFFF137C6A123657CD1DC0C1B47C70FA320CC05860601D57782EC0110D06636F656467650CFFFFFFFF04
310
FFFFFFFF0CFFFFFFFF0C220500000C030500000C440400000CC10400000B0C0105000004000000000CFFFFFFFF110D04656467650CFFFFFFFF04FFFFFFFF0CFFFFFFFF0CC604000006F92C4454FB21E9BF0CC304000006062D4454FB21E93F0CC00400000C230500000B070E74616E67656E745F6E6F745F6732110D06636F
310
656467650CFFFFFFFF04FFFFFFFF0CFFFFFFFF0C450400000C050500000C220500000C240500000B0C9104000004000000000CFFFFFFFF110D067665727465780CFFFFFFFF04FFFFFFFF0CFFFFFFFF0C2405000004010000000C25050000110E0873747261696768740D0563757276650CFFFFFFFF04FFFFFFFF0CFFFFFFFF
310
13A845D9FE50662240C3B47C70FA320CC0929616F5916230C01443320CDCA52D5ABAC0CAA145B673114047E17A14201F303A0A0646C300B96D569D3C0A06000000000000F03F110D05706F696E740CFFFFFFFF04FFFFFFFF0CFFFFFFFF13A845D9FE50662240F8821B6BC8D1EA3F929616F5916230C0110D06766572746578
310
0CFFFFFFFF04FFFFFFFF0CFFFFFFFF0C0405000004000000000C26050000110E0873747261696768740D0563757276650CFFFFFFFF04FFFFFFFF0CFFFFFFFF1312DD6CE7C7F11BC08985BB3ACEAF0FC0929616F5916230C0140200000000802F40D6EAFF7412A0773A0100000044E242BA0A0617866118866188BC0A06FFFF
310
FFFFFFFFEF3F110D05706F696E740CFFFFFFFF04FFFFFFFF0CFFFFFFFF1313DD6CE7C7F11BC08985BB3ACEAF0FC0929616F5916230C0110D06636F656467650CFFFFFFFF04FFFFFFFF0CFFFFFFFF0C4E0400000CDB0400000C520400000C560400000B0C5E04000004000000000CFFFFFFFF110E0873747261696768740D05
310
63757276650CFFFFFFFF04FFFFFFFF0CFFFFFFFF13D086F1DB43BA2240F8821B6BC8D1EA3FF066BF15002B2FC01442320CDCA52D5A3ABFCAA145B67311C046E17A14201F30BA0A0600000000000000000A06000000000000F03F110D04656467650CFFFFFFFF04FFFFFFFF0CFFFFFFFF0C590400000600000000000000000C
310
AC04000006000000000000F03F0C500400000C270500000B070E74616E67656E745F6E6F745F6732110E0D4154545249425F435553544F4D0D066174747269620C2805000004FFFFFFFF0CFFFFFFFF0CFFFFFFFF0C51040000071667656E657269635F7461675F6174747269625F6465660403000000040300000004FFFFFF
310
FF071767656E657269635F7461675F6174747269625F6465662004010000000402000000070233390400000000040100000004C2FEFFFF0400000000110E04636F6E650D07737572666163650CFFFFFFFF04FFFFFFFF0CFFFFFFFF132C589CB3E3742240F8821B6BC8D1EA3F6437048E94822EC0147DEAFFBF1200383A0000
310
00000000F0BF00000000808F0DBA14F4977E7F394C833F6D6402936D9AC439AF1A6E4A8910923F06000000000000F03F0B0B06000000000000000006000000000000F03F067C14AE47E17A943F0B0B0B0B0B110D06636F656467650CFFFFFFFF04FFFFFFFF0CFFFFFFFF0C530400000C520400000C290500000C2A0500000B
310
0C5404000004000000000CFFFFFFFF110D04666163650C2B05000004FFFFFFFF0CFFFFFFFF0CF80400000C540400000C060000000CFFFFFFFF0C2C0500000B0B110D067665727465780CFFFFFFFF04FFFFFFFF0CFFFFFFFF0C2D05000004000000000C2E050000110E07656C6C697073650D0563757276650CFFFFFFFF04FF
310
FFFFFF0CFFFFFFFF13B6DC456E0FB02240F0821B6BC8D1EA3F505BDE42D92B2FC01409A46552FCC80F3D000000000000F0BF4A3E5D21F550663D1407B6E6079579943F5AA97158668543BB90A9AAD79A293DBF06000000000000F03F0A064E030000C05CC5BC0A06BFB9A5F5E1EDBA3F110E07656C6C697073650D05637572
310
76650CFFFFFFFF04FFFFFFFF0CFFFFFFFF137891490C1C87214000831B6BC8D1EA3F5860601D57782EC01400000000002F03BA00000000808F0D3A000000000000F0BF1418CF1D4A5804D53F07CF1D4A5804D53F324AA3C5F242DB3906000000000000F03F0A06252D4454FB21E9BF0A061D2D4454FB21E93F110D05706F69
310
6E740CFFFFFFFF04FFFFFFFF0CFFFFFFFF132C589CB3E3742240F8821B6BC8D1EA3F5860601D57782EC0110E0D4154545249425F435553544F4D0D066174747269620CFFFFFFFF04FFFFFFFF0CFFFFFFFF0CFFFFFFFF0C5C040000071667656E657269635F7461675F6174747269625F6465660403000000040300000004FF
310
FFFFFF071767656E657269635F7461675F6174747269625F6465662004010000000400000000070004000000000402000000044101000004420100000400000000110E0D4154545249425F435553544F4D0D066174747269620C2F05000004FFFFFFFF0CFFFFFFFF0CFFFFFFFF0C5D040000071667656E657269635F746167
310
5F6174747269625F6465660403000000040300000004FFFFFFFF071767656E657269635F7461675F6174747269625F6465662004010000000402000000070235300400000000040100000004C2FEFFFF0400000000110E04636F6E650D07737572666163650CFFFFFFFF04FFFFFFFF0CFFFFFFFF138F7365ABAE431EC0C1B4
310
7C70FA320CC0485BDE42D92B2FC0147399AE77D200B6BC000000000000F03F02000000808F0D3A14BCAE7F5F777894BF0EB08D69B1265CBC3FFB652D47E2433F06000000000000F03F0B0B06000000000000000006000000000000F03F067B14AE47E17A943F0B0B0B0B0B110D06636F656467650CFFFFFFFF04FFFFFFFF0C
310
FFFFFFFF0CE90400000C600400000C300500000C310500000B0CEC03000004000000000CFFFFFFFF110D04656467650CFFFFFFFF04FFFFFFFF0CFFFFFFFF0CDE040000067800000000F9B53C0CE20400000675BBA5F5E1EDBA3F0C640400000C320500000B070E74616E67656E745F6E6F745F6732110D06636F656467650C
310
FFFFFFFF04FFFFFFFF0CFFFFFFFF0C330500000C340500000C610400000CDA0400000A0C3505000004000000000CFFFFFFFF110D04656467650CFFFFFFFF04FFFFFFFF0CFFFFFFFF0C6804000006052D4454FB21E9BF0CDC040000060A2D4454FB21E93F0C610400000C360500000B070E74616E67656E745F6E6F745F6732
310
110D06636F656467650CFFFFFFFF04FFFFFFFF0CFFFFFFFF0CC90400000C620400000C370500000C380500000B0C5E04000004000000000CFFFFFFFF110D067665727465780CFFFFFFFF04FFFFFFFF0CFFFFFFFF0C3805000004000000000C39050000110E07656C6C697073650D0563757276650CFFFFFFFF04FFFFFFFF0C
310
FFFFFFFF13B0DC456E0FB02240C2B47C70FA320CC0AC5CDE42D92B2FC014D208AA44D27C0A3D000000000000F0BFE327FC63CC98623D1403B6E6079579943FE004018BD0B74DBBDF14ACD79A293DBF06000000000000F03F0A06EA0300003050DB3C0A066B0BA5F5E1EDBA3F110D067665727465780CFFFFFFFF04FFFFFFFF
310
0CFFFFFFFF0C1105000004010000000C3A050000110E0873747261696768740D0563757276650CFFFFFFFF04FFFFFFFF0CFFFFFFFF137891490C1C87214012458ED7CC7F10C0EC66BF15002B2FC0140000000000802FC0D4EAFF7412A077BA0000000044E2423A0A0600000000000000000A06010000000000F03F110D0663
310
6F656467650CFFFFFFFF04FFFFFFFF0CFFFFFFFF0C660400000CFB0400000C330500000C3B0500000A0CE104000004000000000CFFFFFFFF110D046C6F6F700CFFFFFFFF04FFFFFFFF0CFFFFFFFF0CFFFFFFFF0CFB0400000C3C050000110D067665727465780CFFFFFFFF04FFFFFFFF0CFFFFFFFF0CD80400000401000000
310
0C3D050000110E0873747261696768740D0563757276650CFFFFFFFF04FFFFFFFF0CFFFFFFFF1312DD6CE7C7F11BC096D73E91DD7F10C0A40A1496132C2FC0140200000000802F40D6EAFF7412A0773A0100000044E242BA0A0617866118866188BC0A06FFFFFFFFFFFFEF3F110D05706F696E740CFFFFFFFF04FFFFFFFF0C
310
FFFFFFFF137891490C1C87214094D73E91DD7F10C0A40A1496132C2FC0110D04656467650CFFFFFFFF04FFFFFFFF0CFFFFFFFF0CB00400000600000000000000000CE604000006000000000000F03F0CAE0400000C3E0500000B070E74616E67656E745F6E6F745F6732110D067665727465780CFFFFFFFF04FFFFFFFF0CFF
310
FFFFFF0CB804000004010000000C3F050000110E07656C6C697073650D0563757276650CFFFFFFFF04FFFFFFFF0CFFFFFFFF1312DD6CE7C7F11BC0C2B47C70FA320CC05860601D57782EC01400000000002F03BA00000000808F0D3A000000000000F0BF1410CF1D4A5804D5BF08CF1D4A5804D5BF4A4AA3C5F242DBB90600
310
0000000000F03F0A061E2D4454FB21E9BF0A061B2D4454FB21E93F110D06636F656467650CFFFFFFFF04FFFFFFFF0CFFFFFFFF0C710400000C700400000CF60400000C400500000B0C7204000004000000000CFFFFFFFF110D06636F656467650CFFFFFFFF04FFFFFFFF0CFFFFFFFF0C740400000CD70400000C700400000C
310
760400000B0CEC03000004000000000CFFFFFFFF110D04656467650CFFFFFFFF04FFFFFFFF0CFFFFFFFF0C8504000006890000002029DB3C0CFF030000063ABDA5F5E1EDBA3F0C710400000C410500000B070E74616E67656E745F6E6F745F6732110E07656C6C697073650D0563757276650CFFFFFFFF04FFFFFFFF0CFFFF
310
FFFF1312DD6CE7C7F11BC0C2B47C70FA320CC0B40B1496132C2FC01400000000002F033A00000000808F0DBA000000000000F03F147DDD8E01E026DBBF72DD8E01E026DBBF00B002780E9CE1B906000000000000F03F0A06172D4454FB21E9BF0A06152D4454FB21E93F110D067665727465780CFFFFFFFF04FFFFFFFF0CFF
310
FFFFFF0C1E05000004000000000C42050000110E07656C6C697073650D0563757276650CFFFFFFFF04FFFFFFFF0CFFFFFFFF13857365ABAE431EC0C1B47C70FA320CC05C5CDE42D92B2FC0140372B06DBFB9033D000000000000F0BF79BED1D4F7A83D3D140C705457DB6894BFD70C87161E4D56BB956B8BDEA3255B3F0600
310
0000000000F03F0A062E97FFFFBFEBC2BC0A062B30A5F5E1EDBA3F110E07656C6C697073650D0563757276650CFFFFFFFF04FFFFFFFF0CFFFFFFFF1313DD6CE7C7F11BC000831B6BC8D1EA3F000B1496132C2FC01400000000002F033A00000000808F0DBA000000000000F03F14C8DD8E01E026DBBFBDDD8E01E026DB3F91
310
C9EFB7F9AD043A06000000000000F03F0A06192D4454FB21E9BF0A06122D4454FB21E93F110D04656467650CFFFFFFFF04FFFFFFFF0CFFFFFFFF0C7F0400000600000000000000800C9F04000006010000000000F03F0C9E0400000C430500000B070E74616E67656E745F6E6F745F6732110E07656C6C697073650D056375
310
7276650CFFFFFFFF04FFFFFFFF0CFFFFFFFF1314DD6CE7C7F11BC0681B70457FB0F63FAC5BDE42D92B2FC014000000000000F0BF71DA5A742ADBFC3C59830BCC1FB54DBD14CC5273130000B0BCF4495457DB68943F84DC8BDEA3255B3F06000000000000F03F0A06C9E0FFFFBF7AC03C0A069A8AA5F5E1EDBA3F110E0D4154
310
545249425F435553544F4D0D066174747269620C4405000004FFFFFFFF0CFFFFFFFF0CFFFFFFFF0C7E040000071667656E657269635F7461675F6174747269625F6465660403000000040300000004FFFFFFFF071767656E657269635F7461675F6174747269625F6465662004010000000402000000070235330400000000
310
040100000004C2FEFFFF0400000000110D04666163650C4505000004FFFFFFFF0CFFFFFFFF0C3C0500000C350500000C060000000CFFFFFFFF0C460500000B0B110E04636F6E650D07737572666163650CFFFFFFFF04FFFFFFFF0CFFFFFFFF1312DD6CE7C7F11BC0781B70457FB0F63F485BDE42D92B2FC014000000000000
310
F03F7DEAFFBF1200383A00000000002F03BA14095034EFF39CDEB9BCAE7F5F7778943F87FA652D47E2433F06000000000000F03F0B0B06000000000000000006000000000000F03F067B14AE47E17A943F0B0B0B0B0B110D04656467650CFFFFFFFF04FFFFFFFF0CFFFFFFFF0C7F04000006FD7E504639E7D4BF0C1D040000
310
06A68A6B695E1C77BF0C090500000C470500000B070E74616E67656E745F6E6F745F6732110D05706F696E740CFFFFFFFF04FFFFFFFF0CFFFFFFFF137891490C1C87214018B68F996502F73F040C1496132C2FC0110D06636F656467650CFFFFFFFF04FFFFFFFF0CFFFFFFFF0CB90400000C810400000CE80400000C400500
310
000A0CBA04000004000000000CFFFFFFFF110E07656C6C697073650D0563757276650CFFFFFFFF04FFFFFFFF0CFFFFFFFF1306706C5ABE7A1BC000831B6BC8D1EA3F48C427907B492FC014DA3CFF6C84DBB53C000000000000F0BFAFF5ACE0EF8D7CBC149C9B369B7FEBE6BF07E07F5FFC84AFBC1DBB30943FF1AD3F060000
310
00000000F03F0A06DBCE0797ED42E0BF0A0694B55FA61B2058BF110D04666163650C4805000004FFFFFFFF0CFFFFFFFF0C7E0400000C840400000C060000000CFFFFFFFF0C490500000B0B110D05706F696E740CFFFFFFFF04FFFFFFFF0CFFFFFFFF13C7C7BC8617581EC000831B6BC8D1EA3FE866BF15002B2FC0110E0D41
310
54545249425F435553544F4D0D066174747269620CFFFFFFFF04FFFFFFFF0CFFFFFFFF0CFFFFFFFF0C87040000071667656E657269635F7461675F6174747269625F6465660403000000040300000004FFFFFFFF071767656E657269635F7461675F6174747269625F64656620040100000004000000000700040000000004
310
02000000044101000004420100000400000000110D06636F656467650CFFFFFFFF04FFFFFFFF0CFFFFFFFF0CE00400000C8A0400000C960400000C080500000A0CE104000004000000000CFFFFFFFF110E07656C6C697073650D0563757276650CFFFFFFFF04FFFFFFFF0CFFFFFFFF1315DD6CE7C7F11BC0C4BF8C31FF01FA
310
BFF86DDDF4980F2FC014000000000000F03F8E7597D5321FBF3C95DD960C00A4A63C14688D17C4AEB2D43C7DEE4F7194CB02C0D2F2FB54AF58EBBF06000000000000F03F0A06B090504639E7D4BF0A06548A6B695E1C77BF110D05706F696E740CFFFFFFFF04FFFFFFFF0CFFFFFFFF1314DD6CE7C7F11BC0953D756960D60F
310
C0EC09FB522C5F30C0110E0D4154545249425F435553544F4D0D066174747269620CFFFFFFFF04FFFFFFFF0CFFFFFFFF0CFFFFFFFF0C8F040000071667656E657269635F7461675F6174747269625F6465660403000000040300000004FFFFFFFF071767656E657269635F7461675F6174747269625F646566200401000000
310
0400000000070004000000000402000000044101000004420100000400000000110E0D4154545249425F435553544F4D0D066174747269620C4A05000004FFFFFFFF0CFFFFFFFF0CFFFFFFFF0C90040000071667656E657269635F7461675F6174747269625F6465660403000000040300000004FFFFFFFF071767656E6572
310
69635F7461675F6174747269625F6465662004010000000402000000070232370400000000040100000004C2FEFFFF0400000000110D04666163650C4B05000004FFFFFFFF0CFFFFFFFF0C4C0500000C4D0500000C060000000CFFFFFFFF0C4E0500000B0B110D046C6F6F700CFFFFFFFF04FFFFFFFF0CFFFFFFFF0CFFFFFF
310
FF0C030500000C90040000110E05746F7275730D07737572666163650CFFFFFFFF04FFFFFFFF0CFFFFFFFF137891490C1C872140BDB47C70FA320CC00EABC43C735D30C01400000000002F03BA00000000808F0D3A000000000000F0BF063086F6519EE6DB3F067C14AE47E17A943F14000000000000F0BF7DEAFFBF120038
310
BA00000000002F033A0B0B0B0B0B110D06636F656467650CFFFFFFFF04FFFFFFFF0CFFFFFFFF0CC00400000C4F0500000C930400000C040500000A0C0105000004000000000CFFFFFFFF110D04656467650CFFFFFFFF04FFFFFFFF0CFFFFFFFF0CC60400000600000000000000000C50050000063443597025A4F33F0C9304
310
00000C510500000B070E74616E67656E745F6E6F745F6732110D06636F656467650CFFFFFFFF04FFFFFFFF0CFFFFFFFF0CC20400000C940400000C520500000C530500000B0C9104000004000000000CFFFFFFFF110D067665727465780CFFFFFFFF04FFFFFFFF0CFFFFFFFF0C9504000004000000000C54050000110E0765
310
6C6C697073650D0563757276650CFFFFFFFF04FFFFFFFF0CFFFFFFFF13A845D9FE50662240F8821B6BC8D1EA3F0EABC43C735D30C01459158008B98A273D000000000000F03F3C408FD87CD310BD14FC03DC5C1749933F244037000000D0BC0AF1ED6563917BBF06000000000000F03F0A0661030000600122BD0A06AA4259
310
7025A4F33F110D04656467650CFFFFFFFF04FFFFFFFF0CFFFFFFFF0C50050000060F0441100441A03C0C8C04000006000000000000F03F0C960400000C550500000B070E74616E67656E745F6E6F745F6732110D06636F656467650CFFFFFFFF04FFFFFFFF0CFFFFFFFF0C290500000C9B0400000C980400000CF40400000A
310
0C0C05000004000000000CFFFFFFFF110D04666163650C5605000004FFFFFFFF0CFFFFFFFF0C230400000C990400000C060000000CFFFFFFFF0C570500000B0B110D06636F656467650CFFFFFFFF04FFFFFFFF0CFFFFFFFF0C9B0400000C290500000C580500000C2D0500000B0C0C05000004000000000CFFFFFFFF110D04
310
6C6F6F700CFFFFFFFF04FFFFFFFF0CFFFFFFFF0CFFFFFFFF0C9B0400000C4C050000110E07656C6C697073650D0563757276650CFFFFFFFF04FFFFFFFF0CFFFFFFFF137891490C1C87214000831B6BC8D1EA3FEC09FB522C5F30C01400000000002F03BA00000000808F0D3A000000000000F0BF14E012B4DBC894D43FC812
310
B4DBC894D43F62437BC93DB2DA3906000000000000F03F0A062B2D4454FB21E9BF0A06322D4454FB21E93F110D05706F696E740CFFFFFFFF04FFFFFFFF0CFFFFFFFF1314DD6CE7C7F11BC044B68F996502F73F000B1496132C2FC0110E0D4154545249425F435553544F4D0D066174747269620CFFFFFFFF04FFFFFFFF0CFF
310
FFFFFF0CFFFFFFFF0CA1040000071667656E657269635F7461675F6174747269625F6465660403000000040300000004FFFFFFFF071767656E657269635F7461675F6174747269625F6465662004010000000400000000070004000000000402000000044101000004420100000400000000110D06636F656467650CFFFFFF
310
FF04FFFFFFFF0CFFFFFFFF0CBC0400000C300500000CA40400000C110500000A0C2005000004000000000CFFFFFFFF110D04656467650CFFFFFFFF04FFFFFFFF0CFFFFFFFF0C1205000006DACE0797ED42E0BF0CDE04000006AD895EA61B2058BF0CA40400000C590500000B070E74616E67656E745F6E6F745F6732110D06
310
7665727465780CFFFFFFFF04FFFFFFFF0CFFFFFFFF0CB804000004000000000C5A050000110E0873747261696768740D0563757276650CFFFFFFFF04FFFFFFFF0CFFFFFFFF1312DD6CE7C7F11BC0746A571A120610C03C1CF9DFE27C2EC014FFFFFFFFFF7F2F40D4EAFF7412A0773AFFFFFFFF43E242BA0A06000000000000
310
00000A06000000000000F03F110E0D4154545249425F435553544F4D0D066174747269620C5B05000004FFFFFFFF0CFFFFFFFF0CFFFFFFFF0CA7040000071667656E657269635F7461675F6174747269625F6465660403000000040300000004FFFFFFFF071767656E657269635F7461675F6174747269625F646566200401
310
0000000402000000070234310400000000040100000004C2FEFFFF0400000000110D04666163650C5C05000004FFFFFFFF0CFFFFFFFF0C1F0500000C200500000C060000000CFFFFFFFF0C5D0500000B0B110E04636F6E650D07737572666163650CFFFFFFFF04FFFFFFFF0CFFFFFFFF137691490C1C872140A3DA7B56E744
310
0BC048C427907B492FC014000000000000F0BF4AE93B17C7719CBCFFFFFFFFFF2E033A14CE9B91DB8D5F943C9C9B369B7FEBE6BF1DBB30943FF1AD3F06000000000000F03F0B0B06000000000000000006000000000000F03F06ED42193206FFE63F0B0B0B0B0B110E07656C6C697073650D0563757276650CFFFFFFFF04FF
310
FFFFFF0CFFFFFFFF137891490C1C872140BDB47C70FA320CC05860601D57782EC01400000000002F03BA00000000808F0D3A000000000000F0BF14F4CE1D4A5804D53F1DCF1D4A5804D5BF04F86226D10100BA06000000000000F03F0A061A2D4454FB21E9BF0A063E2D4454FB21E93F110D05706F696E740CFFFFFFFF04FF
310
FFFFFF0CFFFFFFFF132C589CB3E3742240C1B47C70FA320CC05860601D57782EC0110D05706F696E740CFFFFFFFF04FFFFFFFF0CFFFFFFFF137691490C1C87214091CFC70D19EA0FC05860601D57782EC0110E0D4154545249425F435553544F4D0D066174747269620CFFFFFFFF04FFFFFFFF0CFFFFFFFF0CFFFFFFFF0CB2
310
040000071667656E657269635F7461675F6174747269625F6465660403000000040300000004FFFFFFFF071767656E657269635F7461675F6174747269625F6465662004010000000400000000070004000000000402000000044101000004420100000400000000110E0D4154545249425F435553544F4D0D066174747269
310
620CFFFFFFFF04FFFFFFFF0CFFFFFFFF0CFFFFFFFF0CB5040000071667656E657269635F7461675F6174747269625F6465660403000000040300000004FFFFFFFF071767656E657269635F7461675F6174747269625F6465662004010000000400000000070004000000000402000000044101000004420100000400000000
310
110E07656C6C697073650D0563757276650CFFFFFFFF04FFFFFFFF0CFFFFFFFF1312DD6CE7C7F11BC093CFC70D19EA0FC06437048E94822EC014000000000000F0BF7DEAFFBF120038BA00000000002F033A14EFEAE8465F3DDB3900AA8273930591BF249B6C2CB8C6863F06000000000000F03F0A0644000000006AB8BC0A
310
06E5651FC2A465EF3F110D06636F656467650CFFFFFFFF04FFFFFFFF0CFFFFFFFF0C300500000CBC0400000CB90400000C1E0500000A0C2005000004000000000CFFFFFFFF110D04656467650CFFFFFFFF04FFFFFFFF0CFFFFFFFF0CEC040000068C512EA61B20583F0C3E04000006D4CE0797ED42E03F0C1D0500000C5E05
310
00000B070E74616E67656E745F6E6F745F6732110D04666163650C5F05000004FFFFFFFF0CFFFFFFFF0C0B0400000CBA0400000C060000000CFFFFFFFF0C600500000B0B110D046C6F6F700CFFFFFFFF04FFFFFFFF0CFFFFFFFF0CFFFFFFFF0CBC0400000C15050000110E07656C6C697073650D0563757276650CFFFFFFFF
310
04FFFFFFFF0CFFFFFFFF1312DD6CE7C7F11BC0C2B47C70FA320CC03C1CF9DFE27C2EC01400000000002F033A00000000808F0DBA000000000000F03F14185D49A2ECC4D5BF105D49A2ECC4D5BF34494131BF3CDCB906000000000000F03F0A061A2D4454FB21E9BF0A061E2D4454FB21E93F110D06636F656467650CFFFFFF
310
FF04FFFFFFFF0CFFFFFFFF0C4F0500000CC00400000CC20400000C240500000A0C0105000004000000000CFFFFFFFF110E07656C6C697073650D0563757276650CFFFFFFFF04FFFFFFFF0CFFFFFFFF137891490C1C872140BDB47C70FA320CC0929616F5916230C01400000000002F033A00000000808F0DBA000000000000
310
F03F148B09FF0B98BAD33FB209FF0B98BAD3BFBAF825E3560DFEB906000000000000F03F0A06F92C4454FB21E9BF0A06062D4454FB21E93F110D04656467650CFFFFFFFF04FFFFFFFF0CFFFFFFFF0C610500000600000000000000000CC3040000064443597025A4F33F0CC20400000C620500000B070E74616E67656E745F
310
6E6F745F6732110D05706F696E740CFFFFFFFF04FFFFFFFF0CFFFFFFFF13A845D9FE50662240C3B47C70FA320CC0929616F5916230C0110D05706F696E740CFFFFFFFF04FFFFFFFF0CFFFFFFFF137891490C1C8721408585BB3ACEAF0FC0929616F5916230C0110E0873747261696768740D0563757276650CFFFFFFFF04FF
310
FFFFFF0CFFFFFFFF132C589CB3E3742240F8821B6BC8D1EA3F5860601D57782EC01443320CDCA52D5A3AC0CAA145B67311C047E17A14201F30BA0A0600000000000000000A06000000000000F03F110E0D4154545249425F435553544F4D0D066174747269620CFFFFFFFF04FFFFFFFF0CFFFFFFFF0CFFFFFFFF0CCC040000
310
071667656E657269635F7461675F6174747269625F6465660403000000040300000004FFFFFFFF071767656E657269635F7461675F6174747269625F6465662004010000000400000000070004000000000402000000044101000004420100000400000000110D06636F656467650CFFFFFFFF04FFFFFFFF0CFFFFFFFF0C0B
310
0500000C090500000CCE0400000C2A0500000A0C0C05000004000000000CFFFFFFFF110D04656467650CFFFFFFFF04FFFFFFFF0CFFFFFFFF0CD004000006342D4454FB21E9BF0C7F040000061E2D4454FB21E93F0C290500000C630500000B070E74616E67656E745F6E6F745F6732110E0D4154545249425F435553544F4D
310
0D066174747269620C6405000004FFFFFFFF0CFFFFFFFF0CFFFFFFFF0CCF040000071667656E657269635F7461675F6174747269625F6465660403000000040300000004FFFFFFFF071767656E657269635F7461675F6174747269625F6465662004010000000402000000070235310400000000040100000004C2FEFFFF04
310
00000000110E05746F7275730D07737572666163650CFFFFFFFF04FFFFFFFF0CFFFFFFFF137891490C1C87214000831B6BC8D1EA3FAC5CDE42D92B2FC01400000000002F03BA00000000808F0D3A000000000000F0BF0680B3C41F368FE23F067C14AE47E17A943F14000000000000F0BF7DEAFFBF120038BA00000000002F
310
033A0B0B0B0B0B110D04656467650CFFFFFFFF04FFFFFFFF0CFFFFFFFF0CD0040000069F90504639E7D4BF0C0605000006498B6B695E1C77BF0C580500000C650500000B070E74616E67656E745F6E6F745F6732110D05706F696E740CFFFFFFFF04FFFFFFFF0CFFFFFFFF1310D0C9384CBA2240F0821B6BC8D1EA3FA40A14
310
96132C2FC0110E0D4154545249425F435553544F4D0D066174747269620CFFFFFFFF04FFFFFFFF0CFFFFFFFF0CFFFFFFFF0CD5040000071667656E657269635F7461675F6174747269625F6465660403000000040300000004FFFFFFFF071767656E657269635F7461675F6174747269625F64656620040100000004000000
310
00070004000000000402000000044101000004420100000400000000110D06636F656467650CFFFFFFFF04FFFFFFFF0CFFFFFFFF0C100500000C1D0500000CD70400000C310500000A0C2005000004000000000CFFFFFFFF110D04656467650CFFFFFFFF04FFFFFFFF0CFFFFFFFF0CDE040000061F2D4454FB21E9BF0CEC04
310
0000061B2D4454FB21E93F0C300500000C660500000B070E74616E67656E745F6E6F745F6732110E07656C6C697073650D0563757276650CFFFFFFFF04FFFFFFFF0CFFFFFFFF1313DD6CE7C7F11BC0DEF036FC636B10C0505BDE42D92B2FC014000000000000F03F71DA5A742ADBFCBC59830BCC1FB54DBD14F89173130000
310
B03CFC355457DB6894BFDD168CDEA3255B3F06000000000000F03F0A067800000000F9B53C0A0675BBA5F5E1EDBA3F110D06636F656467650CFFFFFFFF04FFFFFFFF0CFFFFFFFF0C670500000CD90400000CE00400000C3B0500000B0C3505000004000000000CFFFFFFFF110D06636F656467650CFFFFFFFF04FFFFFFFF0C
310
FFFFFFFF0CD90400000C670500000C680500000C690500000A0C3505000004000000000CFFFFFFFF110D046C6F6F700CFFFFFFFF04FFFFFFFF0CFFFFFFFF0CFFFFFFFF0C670500000CF2040000110E07656C6C697073650D0563757276650CFFFFFFFF04FFFFFFFF0CFFFFFFFF137891490C1C872140BDB47C70FA320CC004
310
0C1496132C2FC01400000000002F033A00000000808F0DBA000000000000F03F143CDD8E01E026DB3F5CDD8E01E026DBBF3AC9EFB7F9AD04BA06000000000000F03F0A06052D4454FB21E9BF0A060A2D4454FB21E93F110D06636F656467650CFFFFFFFF04FFFFFFFF0CFFFFFFFF0C680500000C580500000CDB0400000C38
310
0500000A0C4D05000004000000000CFFFFFFFF110D04656467650CFFFFFFFF04FFFFFFFF0CFFFFFFFF0CDC040000067692C04AD200A63C0CD004000006010000000000F03F0C370500000C6A0500000B070E74616E67656E745F6E6F745F6732110D05706F696E740CFFFFFFFF04FFFFFFFF0CFFFFFFFF130CD0C9384CBA22
310
40C2B47C70FA320CC0040C1496132C2FC0110D05706F696E740CFFFFFFFF04FFFFFFFF0CFFFFFFFF1312DD6CE7C7F11BC014458ED7CC7F10C0EC66BF15002B2FC0110D04656467650CFFFFFFFF04FFFFFFFF0CFFFFFFFF0C6804000006B090504639E7D4BF0C50050000067D8A6B695E1C77BF0C330500000C6B0500000B07
310
0E74616E67656E745F6E6F745F6732110D04666163650C6C05000004FFFFFFFF0CFFFFFFFF0C860100000CE10400000C060000000CFFFFFFFF0C6D0500000B0B110D05706F696E740CFFFFFFFF04FFFFFFFF0CFFFFFFFF1313DD6CE7C7F11BC096D73E91DD7F10C0A40A1496132C2FC0110E0873747261696768740D056375
310
7276650CFFFFFFFF04FFFFFFFF0CFFFFFFFF137691490C1C87214091CFC70D19EA0FC05860601D57782EC014FFFFFFFFFF7F2FC0D4EAFF7412A077BAFFFFFFFF43E2423A0A0600000000000000000A06000000000000F03F110D05706F696E740CFFFFFFFF04FFFFFFFF0CFFFFFFFF1312DD6CE7C7F11BC093CFC70D19EA0F
310
C05860601D57782EC0110D04656467650CFFFFFFFF04FFFFFFFF0CFFFFFFFF0CEC0400000600000000000000000C8504000006000000000000F03F0CF60400000C6E0500000B070E74616E67656E745F6E6F745F6732110E07656C6C697073650D0563757276650CFFFFFFFF04FFFFFFFF0CFFFFFFFF13917365ABAE431EC0
310
00831B6BC8D1EA3F485BDE42D92B2FC0147DEAFFBF1200383A000000000000F0BF00000000808F0DBA14F5355457DB6894BFAE631153B001DFB9A01C8CDEA3255B3F06000000000000F03F0A06890000002029DB3C0A063ABDA5F5E1EDBA3F110D05706F696E740CFFFFFFFF04FFFFFFFF0CFFFFFFFF13F5C7BC8617581EC0
310
C1B47C70FA320CC00068BF15002B2FC0110E0873747261696768740D0563757276650CFFFFFFFF04FFFFFFFF0CFFFFFFFF137891490C1C87214054B68F996502F73F9C0A1496132C2FC0140000000000802FC0D4EAFF7412A077BA0000000044E2423A0A0600000000000000800A06010000000000F03F110E0D4154545249
310
425F435553544F4D0D066174747269620CFFFFFFFF04FFFFFFFF0CFFFFFFFF0CFFFFFFFF0CF1040000071667656E657269635F7461675F6174747269625F6465660403000000040300000004FFFFFFFF071767656E657269635F7461675F6174747269625F6465662004010000000400000000070004000000000402000000
310
044101000004420100000400000000110E0D4154545249425F435553544F4D0D066174747269620C6F05000004FFFFFFFF0CFFFFFFFF0CFFFFFFFF0CF2040000071667656E657269635F7461675F6174747269625F6465660403000000040300000004FFFFFFFF071767656E657269635F7461675F6174747269625F646566
310
2004010000000402000000070235340400000000040100000004C2FEFFFF0400000000110E05746F7275730D07737572666163650CFFFFFFFF04FFFFFFFF0CFFFFFFFF137891490C1C872140BDB47C70FA320CC0F86DDDF4980F2FC014769FE4826918C23C7727976FA4BDBB3C000000000000F03F0603AA6CAFF563FEBF06
310
260000000000044014000000000000F03F7EEAFFBF1200383A769FE4826918C2BC0B0B0B0B0B110E07656C6C697073650D0563757276650CFFFFFFFF04FFFFFFFF0CFFFFFFFF137891490C1C87214041E8DE7911FBF0BFF86DDDF4980F2FC014000000000000F0BF5944B4492854B7BC632D2BC1A4F8A03C14D23AF772B607
310
CFBC7DEE4F7194CB0240D2F2FB54AF58EBBF06000000000000F03F0A06FD7E504639E7D4BF0A06A68A6B695E1C77BF110E0D4154545249425F435553544F4D0D066174747269620C7005000004FFFFFFFF0CFFFFFFFF0CFFFFFFFF0CF8040000071667656E657269635F7461675F6174747269625F64656604030000000403
310
00000004FFFFFFFF071767656E657269635F7461675F6174747269625F6465662004010000000402000000070235320400000000040100000004C2FEFFFF0400000000110E05746F7275730D07737572666163650CFFFFFFFF04FFFFFFFF0CFFFFFFFF1313DD6CE7C7F11BC000831B6BC8D1EA3FAC5BDE42D92B2FC0140000
310
0000002F03BA00000000808F0D3A000000000000F0BF06CFB3C41F368FE23F067C14AE47E17A943F14000000000000F0BF7DEAFFBF120038BA00000000002F033A0B0B0B0B0B110E0D4154545249425F435553544F4D0D066174747269620CFFFFFFFF04FFFFFFFF0CFFFFFFFF0CFFFFFFFF0CFF040000071667656E657269
310
635F7461675F6174747269625F6465660403000000040300000004FFFFFFFF071767656E657269635F7461675F6174747269625F6465662004010000000400000000070004000000000402000000044101000004420100000400000000110E0D4154545249425F435553544F4D0D066174747269620C7105000004FFFFFFFF
310
0CFFFFFFFF0CFFFFFFFF0C00050000071667656E657269635F7461675F6174747269625F6465660403000000040300000004FFFFFFFF071767656E657269635F7461675F6174747269625F6465662004010000000402000000070232380400000000040100000004C2FEFFFF0400000000110D04666163650C7205000004FF
310
FFFFFF0CFFFFFFFF0C0A0500000C0C0500000C060000000CFFFFFFFF0C730500000B0B110D046C6F6F700CFFFFFFFF04FFFFFFFF0CFFFFFFFF0CFFFFFFFF0C520500000C00050000110E04636F6E650D07737572666163650CFFFFFFFF04FFFFFFFF0CFFFFFFFF1380F8B7AC3A751B40E8821B6BC8D1EA3FF86DDDF4980F2F
310
C0147DEAFFBF1200383A000000000000F0BF00000000808F0DBA147BEE4F7194CB02401C18FEB9A4C54D3ACFF2FB54AF58EBBF06000000000000F03F0B0B06000000000000000006000000000000F03F06FEFFFFFFFFFF03400B0B0B0B0B110D06636F656467650CFFFFFFFF04FFFFFFFF0CFFFFFFFF0C030500000C220500
310
000C670500000C740500000B0C0105000004000000000CFFFFFFFF110D067665727465780CFFFFFFFF04FFFFFFFF0CFFFFFFFF0C0405000004010000000C75050000110E07656C6C697073650D0563757276650CFFFFFFFF04FFFFFFFF0CFFFFFFFF137891490C1C8721408585BB3ACEAF0FC00EABC43C735D30C014000000
310
000000F0BF7DEAFFBF120038BA00000000002F033A14AF47E17A148EA8B93433333333EBB2397C14AE47E17A94BF06000000000000F03F0A0600000000000000000A063443597025A4F33F110D06636F656467650CFFFFFFFF04FFFFFFFF0CFFFFFFFF0C580500000C680500000C050500000C530500000A0C4D0500000400
310
0000000CFFFFFFFF110D04656467650CFFFFFFFF04FFFFFFFF0CFFFFFFFF0C060500000600000000000000000C6105000006000000000000F03F0C050500000C760500000B070E74616E67656E745F6E6F745F6732110D05706F696E740CFFFFFFFF04FFFFFFFF0CFFFFFFFF13ACB3878AF56F2240F0821B6BC8D1EA3FEC09
310
FB522C5F30C0110E0873747261696768740D0563757276650CFFFFFFFF04FFFFFFFF0CFFFFFFFF137891490C1C872140913D756960D60FC0EC09FB522C5F30C0140200000000802FC0D6EAFF7412A077BA0100000044E2423A0A060F0441100441A03C0A06000000000000F03F110E0D4154545249425F435553544F4D0D06
310
6174747269620C7705000004FFFFFFFF0CFFFFFFFF0CFFFFFFFF0C0A050000071667656E657269635F7461675F6174747269625F6465660403000000040300000004FFFFFFFF071767656E657269635F7461675F6174747269625F6465662004010000000402000000070233300400000000040100000004C2FEFFFF040000
310
0000110E04636F6E650D07737572666163650CFFFFFFFF04FFFFFFFF0CFFFFFFFF1312DD6CE7C7F11BC041E8DE7911FBF0BFF86DDDF4980F2FC014000000000000F03F7DEAFFBF1200383A00000000002F03BA14E26749D6C1374DBA7BEE4F7194CB0240CFF2FB54AF58EBBF06000000000000F03F0B0B0600000000000000
310
0006000000000000F03F06FEFFFFFFFFFF03400B0B0B0B0B110D06636F656467650CFFFFFFFF04FFFFFFFF0CFFFFFFFF0C370500000C520500000C0B0500000C2D0500000A0C4D05000004000000000CFFFFFFFF110E07656C6C697073650D0563757276650CFFFFFFFF04FFFFFFFF0CFFFFFFFF1313DD6CE7C7F11BC0A6DA
310
7B56E7440BC048C427907B492FC014000000000000F03FFEF0BBF1C980C13CA74258FAA9DD86BC14DAD341647F3DB93C9C9B369B7FEBE6BF1DBB30943FF1AD3F06000000000000F03F0A06DACE0797ED42E0BF0A06AD895EA61B2058BF110D05706F696E740CFFFFFFFF04FFFFFFFF0CFFFFFFFF1312DD6CE7C7F11BC0746A
310
571A120610C03C1CF9DFE27C2EC0110E0D4154545249425F435553544F4D0D066174747269620CFFFFFFFF04FFFFFFFF0CFFFFFFFF0CFFFFFFFF0C14050000071667656E657269635F7461675F6174747269625F6465660403000000040300000004FFFFFFFF071767656E657269635F7461675F6174747269625F64656620
310
04010000000400000000070004000000000402000000044101000004420100000400000000110E0D4154545249425F435553544F4D0D066174747269620C7805000004FFFFFFFF0CFFFFFFFF0CFFFFFFFF0C15050000071667656E657269635F7461675F6174747269625F6465660403000000040300000004FFFFFFFF0717
310
67656E657269635F7461675F6174747269625F6465662004010000000402000000070234320400000000040100000004C2FEFFFF0400000000110E05746F7275730D07737572666163650CFFFFFFFF04FFFFFFFF0CFFFFFFFF1313DD6CE7C7F11BC0C1B47C70FA320CC048C427907B492FC0144A82523A3BDF023DCAF540DA
310
E1C9D9BC000000000000F03F06BA421B4063C2BDBF06D542193206FFE63F14000000000000F03F87EAFFBF1200383A4A82523A3BDF02BD0B0B0B0B0B110E07656C6C697073650D0563757276650CFFFFFFFF04FFFFFFFF0CFFFFFFFF1305706C5ABE7A1BC0C0B47C70FA320CC048C427907B492FC014DA3CFF6C84DBB5BC00
310
0000000000F03FAFF5ACE0EF8D7C3C149C9B369B7FEBE6BF07E07F5FFC84AFBC1DBB30943FF1AD3F06000000000000F03F0A068C512EA61B20583F0A06D4CE0797ED42E03F110E0D4154545249425F435553544F4D0D066174747269620C7905000004FFFFFFFF0CFFFFFFFF0CFFFFFFFF0C1F050000071667656E65726963
310
5F7461675F6174747269625F6465660403000000040300000004FFFFFFFF071767656E657269635F7461675F6174747269625F6465662004010000000402000000070234330400000000040100000004C2FEFFFF0400000000110E04636F6E650D07737572666163650CFFFFFFFF04FFFFFFFF0CFFFFFFFF1305706C5ABE7A
310
1BC0C0B47C70FA320CC048C427907B492FC0147399AE77D200B6BC000000000000F03F02000000808F0D3A149C9B369B7FEBE6BF808DC7F3FC84AFBC1DBB30943FF1AD3F06000000000000F03F0B0B06000000000000000006000000000000F03F06ED42193206FFE63F0B0B0B0B0B110D067665727465780CFFFFFFFF04FF
310
FFFFFF0CFFFFFFFF0C2405000004000000000C7A050000110E07656C6C697073650D0563757276650CFFFFFFFF04FFFFFFFF0CFFFFFFFF13A845D9FE50662240C3B47C70FA320CC00EABC43C735D30C0147B9AF266B98A07BD000000000000F03F87408FD87CD3F03C14F407DC5C1749933F82FC22390000B03C6FF3ED6563
310
917BBF06000000000000F03F0A0600000000000000000A064443597025A4F33F110E07656C6C697073650D0563757276650CFFFFFFFF04FFFFFFFF0CFFFFFFFF137891490C1C87214000831B6BC8D1EA3F040C1496132C2FC01400000000002F033A00000000808F0DBA000000000000F03F1442DD8E01E026DB3F37DD8E01
310
E026DB3FDCAF02780E9CE13906000000000000F03F0A06342D4454FB21E9BF0A061E2D4454FB21E93F110E0D4154545249425F435553544F4D0D066174747269620CFFFFFFFF04FFFFFFFF0CFFFFFFFF0CFFFFFFFF0C2B050000071667656E657269635F7461675F6174747269625F6465660403000000040300000004FFFF
310
FFFF071767656E657269635F7461675F6174747269625F6465662004010000000400000000070004000000000402000000044101000004420100000400000000110E07656C6C697073650D0563757276650CFFFFFFFF04FFFFFFFF0CFFFFFFFF137CF8B7AC3A751B40E8821B6BC8D1EA3FF86DDDF4980F2FC0145944B44928
310
54B7BC000000000000F03FFC2F2BC1A4F8A03C147DEE4F7194CB0240623BF772B607CF3CD2F2FB54AF58EBBF06000000000000F03F0A069F90504639E7D4BF0A06498B6B695E1C77BF110E07656C6C697073650D0563757276650CFFFFFFFF04FFFFFFFF0CFFFFFFFF1312DD6CE7C7F11BC0C2B47C70FA320CC00068BF1500
310
2B2FC01400000000002F03BA00000000808F0D3A000000000000F0BF1407C0C4C72226DBBFFCBFC4C72226DBBF96D29FBE939BE1B906000000000000F03F0A061F2D4454FB21E9BF0A061B2D4454FB21E93F110D06636F656467650CFFFFFFFF04FFFFFFFF0CFFFFFFFF0C340500000C330500000C4F0500000C740500000A
310
0C3505000004000000000CFFFFFFFF110D06636F656467650CFFFFFFFF04FFFFFFFF0CFFFFFFFF0C520500000C370500000C340500000C690500000B0C4D05000004000000000CFFFFFFFF110D04656467650CFFFFFFFF04FFFFFFFF0CFFFFFFFF0CDC04000006FD7E504639E7D4BF0C61050000066A886B695E1C77BF0C68
310
0500000C7B0500000B070E74616E67656E745F6E6F745F6732110E0873747261696768740D0563757276650CFFFFFFFF04FFFFFFFF0CFFFFFFFF1314D0C9384CBA2240C3B47C70FA320CC0A40A1496132C2FC01442320CDCA52D5ABABFCAA145B673114046E17A14201F303A0A067692C04AD200A63C0A06010000000000F0
310
3F110E07656C6C697073650D0563757276650CFFFFFFFF04FFFFFFFF0CFFFFFFFF137691490C1C872140BDBF8C31FF01FABFF86DDDF4980F2FC014000000000000F03FF4DCA58FAD39BB3CF080C5DF52CEA33C14C48FB30B451BD23C7DEE4F7194CB02C0D2F2FB54AF58EBBF06000000000000F03F0A06B090504639E7D4BF
310
0A067D8A6B695E1C77BF110E0D4154545249425F435553544F4D0D066174747269620C7C05000004FFFFFFFF0CFFFFFFFF0CFFFFFFFF0C3C050000071667656E657269635F7461675F6174747269625F6465660403000000040300000004FFFFFFFF071767656E657269635F7461675F6174747269625F6465662004010000
310
000402000000070235350400000000040100000004C2FEFFFF0400000000110E04636F6E650D07737572666163650CFFFFFFFF04FFFFFFFF0CFFFFFFFF137691490C1C872140BDBF8C31FF01FABFF86DDDF4980F2FC014000000000000F0BF4AE93B17C7719CBCFFFFFFFFFF2E033A149DB4FEB6F5B4B03C7BEE4F7194CB02
310
C0CFF2FB54AF58EBBF06000000000000F03F0B0B06000000000000000006000000000000F03F06FEFFFFFFFFFF03400B0B0B0B0B110E0873747261696768740D0563757276650CFFFFFFFF04FFFFFFFF0CFFFFFFFF13C5C7BC8617581EC0C1B47C70FA320CC0E866BF15002B2FC01443320CDCA52D5ABAC0CAA145B6731140
310
47E17A14201F303A0A0600000000000000000A06000000000000F03F110E0D4154545249425F435553544F4D0D066174747269620CFFFFFFFF04FFFFFFFF0CFFFFFFFF0CFFFFFFFF0C45050000071667656E657269635F7461675F6174747269625F6465660403000000040300000004FFFFFFFF071767656E657269635F74
310
61675F6174747269625F6465662004010000000400000000070004000000000402000000044101000004420100000400000000110E0D4154545249425F435553544F4D0D066174747269620CFFFFFFFF04FFFFFFFF0CFFFFFFFF0CFFFFFFFF0C48050000071667656E657269635F7461675F6174747269625F646566040300
310
0000040300000004FFFFFFFF071767656E657269635F7461675F6174747269625F6465662004010000000400000000070004000000000402000000044101000004420100000400000000110E0D4154545249425F435553544F4D0D066174747269620CFFFFFFFF04FFFFFFFF0CFFFFFFFF0CFFFFFFFF0C4B05000007166765
310
6E657269635F7461675F6174747269625F6465660403000000040300000004FFFFFFFF071767656E657269635F7461675F6174747269625F6465662004010000000400000000070004000000000402000000044101000004420100000400000000110E0D4154545249425F435553544F4D0D066174747269620C7D05000004
310
FFFFFFFF0CFFFFFFFF0CFFFFFFFF0C4C050000071667656E657269635F7461675F6174747269625F6465660403000000040300000004FFFFFFFF071767656E657269635F7461675F6174747269625F6465662004010000000402000000070232390400000000040100000004C2FEFFFF0400000000110E05746F7275730D07
310
737572666163650CFFFFFFFF04FFFFFFFF0CFFFFFFFF137691490C1C87214008831B6BC8D1EA3FFC6DDDF4980F2FC014D929AA58A245D03C124E9EF9CA18BDBC000000000000F03F0629A96CAFF563FEBF06B7FFFFFFFFFF034014000000000000F03F7EEAFFBF1200383AD929AA58A245D0BC0B0B0B0B0B110D0465646765
310
0CFFFFFFFF04FFFFFFFF0CFFFFFFFF0C61050000060B2D4454FB21E9BF0C5005000006F82C4454FB21E93F0C4F0500000C7E0500000B070E74616E67656E745F6E6F745F6732110D05706F696E740CFFFFFFFF04FFFFFFFF0CFFFFFFFF137891490C1C872140913D756960D60FC0EC09FB522C5F30C0110E08737472616967
310
68740D0563757276650CFFFFFFFF04FFFFFFFF0CFFFFFFFF13ACB3878AF56F2240F0821B6BC8D1EA3FEC09FB522C5F30C01442320CDCA52D5A3ABFCAA145B67311C046E17A14201F30BA0A0600000000000000000A06000000000000F03F110E0D4154545249425F435553544F4D0D066174747269620CFFFFFFFF04FFFFFF
310
FF0CFFFFFFFF0CFFFFFFFF0C56050000071667656E657269635F7461675F6174747269625F6465660403000000040300000004FFFFFFFF071767656E657269635F7461675F6174747269625F6465662004010000000400000000070004000000000402000000044101000004420100000400000000110E0D4154545249425F
310
435553544F4D0D066174747269620CFFFFFFFF04FFFFFFFF0CFFFFFFFF0CFFFFFFFF0C5C050000071667656E657269635F7461675F6174747269625F6465660403000000040300000004FFFFFFFF071767656E657269635F7461675F6174747269625F64656620040100000004000000000700040000000004020000000441
310
01000004420100000400000000110E0D4154545249425F435553544F4D0D066174747269620CFFFFFFFF04FFFFFFFF0CFFFFFFFF0CFFFFFFFF0C5F050000071667656E657269635F7461675F6174747269625F6465660403000000040300000004FFFFFFFF071767656E657269635F7461675F6174747269625F6465662004
310
010000000400000000070004000000000402000000044101000004420100000400000000110D05706F696E740CFFFFFFFF04FFFFFFFF0CFFFFFFFF13ACB3878AF56F2240C2B47C70FA320CC0EC09FB522C5F30C0110E07656C6C697073650D0563757276650CFFFFFFFF04FFFFFFFF0CFFFFFFFF1380F8B7AC3A751B40C5B4
310
7C70FA320CC0F86DDDF4980F2FC014F4DCA58FAD39BBBC000000000000F03F218DC5DF52CEA33C147DEE4F7194CB02401191B30B451BD23CD2F2FB54AF58EBBF06000000000000F03F0A06FD7E504639E7D4BF0A066A886B695E1C77BF110E0D4154545249425F435553544F4D0D066174747269620CFFFFFFFF04FFFFFFFF
310
0CFFFFFFFF0CFFFFFFFF0C6C050000071667656E657269635F7461675F6174747269625F6465660403000000040300000004FFFFFFFF071767656E657269635F7461675F6174747269625F6465662004010000000400000000070004000000000402000000044101000004420100000400000000110E0D4154545249425F43
310
5553544F4D0D066174747269620CFFFFFFFF04FFFFFFFF0CFFFFFFFF0CFFFFFFFF0C72050000071667656E657269635F7461675F6174747269625F6465660403000000040300000004FFFFFFFF071767656E657269635F7461675F6174747269625F6465662004010000000400000000070004000000000402000000044101
310
000004420100000400000000110E07656C6C697073650D0563757276650CFFFFFFFF04FFFFFFFF0CFFFFFFFF137891490C1C872140BDB47C70FA320CC0EC09FB522C5F30C01400000000002F03BA00000000808F0D3A000000000000F0BF14C212B4DBC894D43FEB12B4DBC894D4BF48084A05B359FFB906000000000000F0
310
3F0A060B2D4454FB21E9BF0A06F82C4454FB21E93F110E03456E640E026F660E0341534D0D0464617461
  0
ENDSEC
  0
EOF
